istat_comune;comune;provincia;numero_comuni;popolazione;crt;cts;crd;ctr;csl;cc;ck;ctot
19084001;Agrigento;Agrigento;1;56.045;17,02;27,24;78,04;27,42;29,66;83,33;13,62;276,33
19084002;Alessandria della Rocca;Agrigento;1;2.628;19,26;18,98;87,76;11,05;1,88;11,58;;150,51
19084007;Caltabellotta;Agrigento;1;3.341;14,03;31,46;46,88;25,49;;23,99;5,02;146,87
19084010;Campobello di Licata;Agrigento;1;9.313;32,71;59,09;58,07;8,48;17,23;94,77;84,63;354,97
19084011;Canicatti;Agrigento;1;34.990;39,06;30,21;;15,28;23,27;4,00;;111,83
19084012;Casteltermini;Agrigento;1;7.528;15,41;21,12;91,16;30,42;11,97;18,38;1,77;191,30
19084015;Cianciana;Agrigento;1;3.253;12,43;21,10;57,25;18,53;11,23;24,21;14,11;158,85
19084017;Favara;Agrigento;1;32.446;37,56;49,04;38,41;4,83;39,30;33,18;3,40;206,11
19084018;Grotte;Agrigento;1;5.352;16,39;11,89;26,35;15,63;48,49;48,38;1,06;170,25
19084019;Joppolo Giancaxio;Agrigento;1;1.120;9,99;19,67;48,72;16,58;5,65;39,30;6,69;146,61
19084023;Menfi;Agrigento;1;12.009;27,48;32,13;67,77;29,53;;34,27;2,17;194,05
19084024;Montallegro;Agrigento;1;2.404;33,97;46,78;94,63;;10,06;17,23;;202,67
19084025;Montevago;Agrigento;1;2.778;69,47;21,60;9,00;3,96;0,72;33,12;;137,87
19084030;Raffadali;Agrigento;1;12.369;21,46;14,61;59,93;17,44;5,66;53,39;8,53;183,41
19084032;Realmonte;Agrigento;1;4.384;14,72;41,59;132,46;8,22;;;;196,99
19084035;San Biagio Platani;Agrigento;1;2.977;23,57;40,17;126,28;16,53;;9,24;;222,51
19084037;Santa Elisabetta;Agrigento;1;2.179;12,81;30,85;64,27;3,39;6,95;43,39;28,78;190,45
19084040;Santo Stefano Quisquina;Agrigento;1;4.237;12,87;19,26;63,56;21,43;9,27;25,61;;183,48
19084041;Sciacca;Agrigento;1;39.078;10,80;40,71;46,46;40,26;18,45;23,00;10,78;200,87
19084042;Siculiana;Agrigento;1;4.210;21,02;59,80;93,26;1,41;8,48;34,69;16,83;239,64
01006001;Acqui Terme;Alessandria;Vedi aggregazione: CONSORZIO SERVIZI RIFIUTI DEL NOVESE, TORTONESE, ACQUESE ED OVADESE;;;;;;;;;
01006002;Albera Ligure;Alessandria;Vedi aggregazione: CONSORZIO SERVIZI RIFIUTI DEL NOVESE, TORTONESE, ACQUESE ED OVADESE;;;;;;;;;
01006003;Alessandria - Dato aggregazione CONSORZIO DI BACINO ALESSANDRINO;Alessandria;30;143.931;25,32;38,20;36,53;10,83;25,89;34,45;15,34;192,12
01006004;Alfiano Natta;Alessandria;1;739;18,05;22,94;43,76;1,11;;22,60;21,32;151,10
01006005;Alice Bel Colle;Alessandria;Vedi aggregazione: CONSORZIO SERVIZI RIFIUTI DEL NOVESE, TORTONESE, ACQUESE ED OVADESE;;;;;;;;;
01006192;Alluvioni Piovera;Alessandria;Vedi aggregazione: CONSORZIO SERVIZI RIFIUTI DEL NOVESE, TORTONESE, ACQUESE ED OVADESE;;;;;;;;;
01006007;Altavilla Monferrato;Alessandria;Vedi aggregazione: CONSORZIO DI BACINO ALESSANDRINO;;;;;;;;;
01006008;Alzano Scrivia;Alessandria;Vedi aggregazione: CONSORZIO SERVIZI RIFIUTI DEL NOVESE, TORTONESE, ACQUESE ED OVADESE;;;;;;;;;
01006009;Arquata Scrivia;Alessandria;Vedi aggregazione: CONSORZIO SERVIZI RIFIUTI DEL NOVESE, TORTONESE, ACQUESE ED OVADESE;;;;;;;;;
01006010;Avolasca;Alessandria;Vedi aggregazione: CONSORZIO SERVIZI RIFIUTI DEL NOVESE, TORTONESE, ACQUESE ED OVADESE;;;;;;;;;
01006011;Balzola;Alessandria;1;1.301;17,89;34,95;43,66;1,73;;22,40;21,13;141,76
01006012;Basaluzzo;Alessandria;Vedi aggregazione: CONSORZIO SERVIZI RIFIUTI DEL NOVESE, TORTONESE, ACQUESE ED OVADESE;;;;;;;;;
01006013;Bassignana;Alessandria;Vedi aggregazione: CONSORZIO DI BACINO ALESSANDRINO;;;;;;;;;
01006014;Belforte Monferrato;Alessandria;Vedi aggregazione: CONSORZIO SERVIZI RIFIUTI DEL NOVESE, TORTONESE, ACQUESE ED OVADESE;;;;;;;;;
01006015;Bergamasco;Alessandria;Vedi aggregazione: CONSORZIO DI BACINO ALESSANDRINO;;;;;;;;;
01006016;Berzano di Tortona;Alessandria;Vedi aggregazione: CONSORZIO SERVIZI RIFIUTI DEL NOVESE, TORTONESE, ACQUESE ED OVADESE;;;;;;;;;
01006017;Bistagno;Alessandria;Vedi aggregazione: CONSORZIO SERVIZI RIFIUTI DEL NOVESE, TORTONESE, ACQUESE ED OVADESE;;;;;;;;;
01006018;Borghetto di Borbera;Alessandria;Vedi aggregazione: CONSORZIO SERVIZI RIFIUTI DEL NOVESE, TORTONESE, ACQUESE ED OVADESE;;;;;;;;;
01006020;Borgo San Martino;Alessandria;1;1.375;9,97;25,44;46,23;1,14;;26,63;20,81;130,22
01006019;Borgoratto Alessandrino;Alessandria;Vedi aggregazione: CONSORZIO DI BACINO ALESSANDRINO;;;;;;;;;
01006021;Bosco Marengo;Alessandria;Vedi aggregazione: CONSORZIO DI BACINO ALESSANDRINO;;;;;;;;;
01006022;Bosio;Alessandria;Vedi aggregazione: CONSORZIO SERVIZI RIFIUTI DEL NOVESE, TORTONESE, ACQUESE ED OVADESE;;;;;;;;;
01006023;Bozzole;Alessandria;1;318;10,18;20,35;45,84;2,11;;27,18;21,25;126,89
01006024;Brignano-Frascata;Alessandria;Vedi aggregazione: CONSORZIO SERVIZI RIFIUTI DEL NOVESE, TORTONESE, ACQUESE ED OVADESE;;;;;;;;;
01006025;Cabella Ligure;Alessandria;Vedi aggregazione: CONSORZIO SERVIZI RIFIUTI DEL NOVESE, TORTONESE, ACQUESE ED OVADESE;;;;;;;;;
01006026;Camagna Monferrato;Alessandria;1;466;10,36;12,07;50,98;1,25;;27,68;21,64;123,99
01006027;Camino;Alessandria;1;727;10,10;25,04;43,18;0,97;;25,66;21,09;126,03
01006028;Cantalupo Ligure;Alessandria;Vedi aggregazione: CONSORZIO SERVIZI RIFIUTI DEL NOVESE, TORTONESE, ACQUESE ED OVADESE;;;;;;;;;
01006029;Capriata d'Orba;Alessandria;Vedi aggregazione: CONSORZIO SERVIZI RIFIUTI DEL NOVESE, TORTONESE, ACQUESE ED OVADESE;;;;;;;;;
01006030;Carbonara Scrivia;Alessandria;Vedi aggregazione: CONSORZIO SERVIZI RIFIUTI DEL NOVESE, TORTONESE, ACQUESE ED OVADESE;;;;;;;;;
01006031;Carentino;Alessandria;Vedi aggregazione: CONSORZIO DI BACINO ALESSANDRINO;;;;;;;;;
01006032;Carezzano;Alessandria;Vedi aggregazione: CONSORZIO SERVIZI RIFIUTI DEL NOVESE, TORTONESE, ACQUESE ED OVADESE;;;;;;;;;
01006033;Carpeneto;Alessandria;Vedi aggregazione: CONSORZIO SERVIZI RIFIUTI DEL NOVESE, TORTONESE, ACQUESE ED OVADESE;;;;;;;;;
01006034;Carrega Ligure;Alessandria;Vedi aggregazione: CONSORZIO SERVIZI RIFIUTI DEL NOVESE, TORTONESE, ACQUESE ED OVADESE;;;;;;;;;
01006035;Carrosio;Alessandria;Vedi aggregazione: CONSORZIO SERVIZI RIFIUTI DEL NOVESE, TORTONESE, ACQUESE ED OVADESE;;;;;;;;;
01006036;Cartosio;Alessandria;Vedi aggregazione: CONSORZIO SERVIZI RIFIUTI DEL NOVESE, TORTONESE, ACQUESE ED OVADESE;;;;;;;;;
01006037;Casal Cermelli;Alessandria;Vedi aggregazione: CONSORZIO DI BACINO ALESSANDRINO;;;;;;;;;
01006039;Casale Monferrato;Alessandria;1;33.213;22,27;35,46;65,30;1,75;21,78;21,97;20,73;196,78
01006038;Casaleggio Boiro;Alessandria;Vedi aggregazione: CONSORZIO SERVIZI RIFIUTI DEL NOVESE, TORTONESE, ACQUESE ED OVADESE;;;;;;;;;
01006040;Casalnoceto;Alessandria;Vedi aggregazione: CONSORZIO SERVIZI RIFIUTI DEL NOVESE, TORTONESE, ACQUESE ED OVADESE;;;;;;;;;
01006041;Casasco;Alessandria;Vedi aggregazione: CONSORZIO SERVIZI RIFIUTI DEL NOVESE, TORTONESE, ACQUESE ED OVADESE;;;;;;;;;
01006191;Cassano Spinola;Alessandria;Vedi aggregazione: CONSORZIO SERVIZI RIFIUTI DEL NOVESE, TORTONESE, ACQUESE ED OVADESE;;;;;;;;;
01006043;Cassine;Alessandria;Vedi aggregazione: CONSORZIO SERVIZI RIFIUTI DEL NOVESE, TORTONESE, ACQUESE ED OVADESE;;;;;;;;;
01006044;Cassinelle;Alessandria;Vedi aggregazione: CONSORZIO SERVIZI RIFIUTI DEL NOVESE, TORTONESE, ACQUESE ED OVADESE;;;;;;;;;
01006045;Castellania;Alessandria;Vedi aggregazione: CONSORZIO SERVIZI RIFIUTI DEL NOVESE, TORTONESE, ACQUESE ED OVADESE;;;;;;;;;
01006046;Castellar Guidobono;Alessandria;Vedi aggregazione: CONSORZIO SERVIZI RIFIUTI DEL NOVESE, TORTONESE, ACQUESE ED OVADESE;;;;;;;;;
01006047;Castellazzo Bormida;Alessandria;Vedi aggregazione: CONSORZIO SERVIZI RIFIUTI DEL NOVESE, TORTONESE, ACQUESE ED OVADESE;;;;;;;;;
01006048;Castelletto d'Erro;Alessandria;Vedi aggregazione: CONSORZIO SERVIZI RIFIUTI DEL NOVESE, TORTONESE, ACQUESE ED OVADESE;;;;;;;;;
01006049;Castelletto d'Orba;Alessandria;Vedi aggregazione: CONSORZIO SERVIZI RIFIUTI DEL NOVESE, TORTONESE, ACQUESE ED OVADESE;;;;;;;;;
01006050;Castelletto Merli;Alessandria;1;453;17,12;27,28;49,40;2,06;;21,45;20,23;137,54
01006051;Castelletto Monferrato;Alessandria;Vedi aggregazione: CONSORZIO DI BACINO ALESSANDRINO;;;;;;;;;
01006052;Castelnuovo Bormida;Alessandria;Vedi aggregazione: CONSORZIO DI BACINO ALESSANDRINO;;;;;;;;;
01006053;Castelnuovo Scrivia;Alessandria;Vedi aggregazione: CONSORZIO SERVIZI RIFIUTI DEL NOVESE, TORTONESE, ACQUESE ED OVADESE;;;;;;;;;
01006054;Castelspina;Alessandria;Vedi aggregazione: CONSORZIO DI BACINO ALESSANDRINO;;;;;;;;;
01006055;Cavatore;Alessandria;Vedi aggregazione: CONSORZIO SERVIZI RIFIUTI DEL NOVESE, TORTONESE, ACQUESE ED OVADESE;;;;;;;;;
01006056;Cella Monte;Alessandria;1;477;10,23;13,90;47,20;1,33;;27,32;21,35;121,33
01006057;Cereseto;Alessandria;1;390;17,85;23,52;42,68;1,44;;22,36;21,09;128,95
01006058;Cerreto Grue;Alessandria;Vedi aggregazione: CONSORZIO SERVIZI RIFIUTI DEL NOVESE, TORTONESE, ACQUESE ED OVADESE;;;;;;;;;
01006059;Cerrina Monferrato;Alessandria;1;1.307;17,94;29,40;43,56;1,42;;22,47;21,19;135,98
01006060;Coniolo;Alessandria;1;449;17,43;30,98;44,61;1,41;;21,83;20,59;136,85
01006061;Conzano;Alessandria;Vedi aggregazione: CONSORZIO DI BACINO ALESSANDRINO;;;;;;;;;
01006062;Costa Vescovato;Alessandria;Vedi aggregazione: CONSORZIO SERVIZI RIFIUTI DEL NOVESE, TORTONESE, ACQUESE ED OVADESE;;;;;;;;;
01006063;Cremolino;Alessandria;Vedi aggregazione: CONSORZIO SERVIZI RIFIUTI DEL NOVESE, TORTONESE, ACQUESE ED OVADESE;;;;;;;;;
01006065;Denice;Alessandria;Vedi aggregazione: CONSORZIO SERVIZI RIFIUTI DEL NOVESE, TORTONESE, ACQUESE ED OVADESE;;;;;;;;;
01006066;Dernice;Alessandria;Vedi aggregazione: CONSORZIO SERVIZI RIFIUTI DEL NOVESE, TORTONESE, ACQUESE ED OVADESE;;;;;;;;;
01006067;Fabbrica Curone;Alessandria;Vedi aggregazione: CONSORZIO SERVIZI RIFIUTI DEL NOVESE, TORTONESE, ACQUESE ED OVADESE;;;;;;;;;
01006068;Felizzano;Alessandria;Vedi aggregazione: CONSORZIO DI BACINO ALESSANDRINO;;;;;;;;;
01006069;Fraconalto;Alessandria;Vedi aggregazione: CONSORZIO SERVIZI RIFIUTI DEL NOVESE, TORTONESE, ACQUESE ED OVADESE;;;;;;;;;
01006070;Francavilla Bisio;Alessandria;Vedi aggregazione: CONSORZIO SERVIZI RIFIUTI DEL NOVESE, TORTONESE, ACQUESE ED OVADESE;;;;;;;;;
01006071;Frascaro;Alessandria;Vedi aggregazione: CONSORZIO DI BACINO ALESSANDRINO;;;;;;;;;
01006072;Frassinello Monferrato;Alessandria;1;471;10,38;13,88;46,67;1,50;;27,72;21,67;121,82
01006073;Frassineto Po;Alessandria;1;1.379;17,30;23,02;41,36;1,32;;21,67;20,44;125,11
01006074;Fresonara;Alessandria;Vedi aggregazione: CONSORZIO SERVIZI RIFIUTI DEL NOVESE, TORTONESE, ACQUESE ED OVADESE;;;;;;;;;
01006075;Frugarolo;Alessandria;Vedi aggregazione: CONSORZIO DI BACINO ALESSANDRINO;;;;;;;;;
01006076;Fubine;Alessandria;Vedi aggregazione: CONSORZIO DI BACINO ALESSANDRINO;;;;;;;;;
01006077;Gabiano;Alessandria;1;1.011;19,24;28,61;49,37;1,18;;24,10;22,74;145,23
01006078;Gamalero;Alessandria;Vedi aggregazione: CONSORZIO DI BACINO ALESSANDRINO;;;;;;;;;
01006079;Garbagna;Alessandria;Vedi aggregazione: CONSORZIO SERVIZI RIFIUTI DEL NOVESE, TORTONESE, ACQUESE ED OVADESE;;;;;;;;;
01006081;Gavi;Alessandria;Vedi aggregazione: CONSORZIO SERVIZI RIFIUTI DEL NOVESE, TORTONESE, ACQUESE ED OVADESE;;;;;;;;;
01006082;Giarole;Alessandria;1;682;10,09;28,74;44,25;1,21;;26,96;21,07;132,33
01006083;Gremiasco;Alessandria;Vedi aggregazione: CONSORZIO SERVIZI RIFIUTI DEL NOVESE, TORTONESE, ACQUESE ED OVADESE;;;;;;;;;
01006084;Grognardo;Alessandria;Vedi aggregazione: CONSORZIO SERVIZI RIFIUTI DEL NOVESE, TORTONESE, ACQUESE ED OVADESE;;;;;;;;;
01006085;Grondona;Alessandria;Vedi aggregazione: CONSORZIO SERVIZI RIFIUTI DEL NOVESE, TORTONESE, ACQUESE ED OVADESE;;;;;;;;;
01006086;Guazzora;Alessandria;Vedi aggregazione: CONSORZIO SERVIZI RIFIUTI DEL NOVESE, TORTONESE, ACQUESE ED OVADESE;;;;;;;;;
01006087;Isola Sant'Antonio;Alessandria;Vedi aggregazione: CONSORZIO SERVIZI RIFIUTI DEL NOVESE, TORTONESE, ACQUESE ED OVADESE;;;;;;;;;
01006088;Lerma;Alessandria;Vedi aggregazione: CONSORZIO SERVIZI RIFIUTI DEL NOVESE, TORTONESE, ACQUESE ED OVADESE;;;;;;;;;
01006193;Lu e Cuccaro Monferrato;Alessandria;Vedi aggregazione: CONSORZIO DI BACINO ALESSANDRINO;;;;;;;;;
01006090;Malvicino;Alessandria;Vedi aggregazione: CONSORZIO SERVIZI RIFIUTI DEL NOVESE, TORTONESE, ACQUESE ED OVADESE;;;;;;;;;
01006091;Masio;Alessandria;Vedi aggregazione: CONSORZIO DI BACINO ALESSANDRINO;;;;;;;;;
01006092;Melazzo;Alessandria;Vedi aggregazione: CONSORZIO SERVIZI RIFIUTI DEL NOVESE, TORTONESE, ACQUESE ED OVADESE;;;;;;;;;
01006093;Merana;Alessandria;Vedi aggregazione: CONSORZIO SERVIZI RIFIUTI DEL NOVESE, TORTONESE, ACQUESE ED OVADESE;;;;;;;;;
01006094;Mirabello Monferrato;Alessandria;1;1.218;10,51;18,98;46,06;1,47;5,69;23,07;21,96;127,72
01006095;Molare;Alessandria;Vedi aggregazione: CONSORZIO SERVIZI RIFIUTI DEL NOVESE, TORTONESE, ACQUESE ED OVADESE;;;;;;;;;
01006096;Molino dei Torti;Alessandria;Vedi aggregazione: CONSORZIO SERVIZI RIFIUTI DEL NOVESE, TORTONESE, ACQUESE ED OVADESE;;;;;;;;;
01006097;Mombello Monferrato;Alessandria;1;934;18,59;24,27;44,73;1,52;;23,28;21,96;134,36
01006098;Momperone;Alessandria;Vedi aggregazione: CONSORZIO SERVIZI RIFIUTI DEL NOVESE, TORTONESE, ACQUESE ED OVADESE;;;;;;;;;
01006099;Moncestino;Alessandria;1;193;17,54;32,31;41,94;0,85;;21,97;20,74;135,35
01006100;Mongiardino Ligure;Alessandria;Vedi aggregazione: CONSORZIO SERVIZI RIFIUTI DEL NOVESE, TORTONESE, ACQUESE ED OVADESE;;;;;;;;;
01006101;Monleale;Alessandria;Vedi aggregazione: CONSORZIO SERVIZI RIFIUTI DEL NOVESE, TORTONESE, ACQUESE ED OVADESE;;;;;;;;;
01006102;Montacuto;Alessandria;Vedi aggregazione: CONSORZIO SERVIZI RIFIUTI DEL NOVESE, TORTONESE, ACQUESE ED OVADESE;;;;;;;;;
01006103;Montaldeo;Alessandria;Vedi aggregazione: CONSORZIO SERVIZI RIFIUTI DEL NOVESE, TORTONESE, ACQUESE ED OVADESE;;;;;;;;;
01006104;Montaldo Bormida;Alessandria;Vedi aggregazione: CONSORZIO SERVIZI RIFIUTI DEL NOVESE, TORTONESE, ACQUESE ED OVADESE;;;;;;;;;
01006105;Montecastello;Alessandria;Vedi aggregazione: CONSORZIO DI BACINO ALESSANDRINO;;;;;;;;;
01006106;Montechiaro d'Acqui;Alessandria;Vedi aggregazione: CONSORZIO SERVIZI RIFIUTI DEL NOVESE, TORTONESE, ACQUESE ED OVADESE;;;;;;;;;
01006107;Montegioco;Alessandria;Vedi aggregazione: CONSORZIO SERVIZI RIFIUTI DEL NOVESE, TORTONESE, ACQUESE ED OVADESE;;;;;;;;;
01006108;Montemarzino;Alessandria;Vedi aggregazione: CONSORZIO SERVIZI RIFIUTI DEL NOVESE, TORTONESE, ACQUESE ED OVADESE;;;;;;;;;
01006109;Morano sul Po;Alessandria;1;1.344;17,87;26,81;50,74;1,64;;22,38;21,11;140,54
01006110;Morbello;Alessandria;Vedi aggregazione: CONSORZIO SERVIZI RIFIUTI DEL NOVESE, TORTONESE, ACQUESE ED OVADESE;;;;;;;;;
01006111;Mornese;Alessandria;Vedi aggregazione: CONSORZIO SERVIZI RIFIUTI DEL NOVESE, TORTONESE, ACQUESE ED OVADESE;;;;;;;;;
01006112;Morsasco;Alessandria;Vedi aggregazione: CONSORZIO SERVIZI RIFIUTI DEL NOVESE, TORTONESE, ACQUESE ED OVADESE;;;;;;;;;
01006113;Murisengo;Alessandria;1;1.319;17,88;23,40;42,84;5,22;;22,39;21,12;132,86
01006114;Novi Ligure - Dato aggregazione CONSORZIO SERVIZI RIFIUTI DEL NOVESE, TORTONESE, ACQUESE ED OVADESE;Alessandria;114;201.629;29,56;31,42;48,18;17,20;16,41;37,88;15,62;196,74
01006115;Occimiano;Alessandria;1;1.254;7,47;32,04;27,50;1,44;;22,22;20,97;111,64
01006116;Odalengo Grande;Alessandria;1;401;10,56;40,26;45,14;0,78;;28,20;22,04;146,99
01006117;Odalengo Piccolo;Alessandria;1;237;18,73;31,35;52,08;1,04;;23,46;22,14;148,81
01006118;Olivola;Alessandria;1;114;9,69;18,04;44,46;2,56;;25,89;20,23;120,87
01006119;Orsara Bormida;Alessandria;Vedi aggregazione: CONSORZIO SERVIZI RIFIUTI DEL NOVESE, TORTONESE, ACQUESE ED OVADESE;;;;;;;;;
01006120;Ottiglio;Alessandria;1;588;10,21;22,52;43,65;1,20;;27,27;21,32;126,16
01006121;Ovada;Alessandria;Vedi aggregazione: CONSORZIO SERVIZI RIFIUTI DEL NOVESE, TORTONESE, ACQUESE ED OVADESE;;;;;;;;;
01006122;Oviglio;Alessandria;Vedi aggregazione: CONSORZIO DI BACINO ALESSANDRINO;;;;;;;;;
01006123;Ozzano Monferrato;Alessandria;1;1.365;10,04;16,88;45,08;1,12;;26,82;20,97;120,92
01006124;Paderna;Alessandria;Vedi aggregazione: CONSORZIO SERVIZI RIFIUTI DEL NOVESE, TORTONESE, ACQUESE ED OVADESE;;;;;;;;;
01006125;Pareto;Alessandria;Vedi aggregazione: CONSORZIO SERVIZI RIFIUTI DEL NOVESE, TORTONESE, ACQUESE ED OVADESE;;;;;;;;;
01006126;Parodi Ligure;Alessandria;Vedi aggregazione: CONSORZIO SERVIZI RIFIUTI DEL NOVESE, TORTONESE, ACQUESE ED OVADESE;;;;;;;;;
01006127;Pasturana;Alessandria;Vedi aggregazione: CONSORZIO SERVIZI RIFIUTI DEL NOVESE, TORTONESE, ACQUESE ED OVADESE;;;;;;;;;
01006128;Pecetto di Valenza;Alessandria;Vedi aggregazione: CONSORZIO DI BACINO ALESSANDRINO;;;;;;;;;
01006129;Pietra Marazzi;Alessandria;Vedi aggregazione: CONSORZIO DI BACINO ALESSANDRINO;;;;;;;;;
01006131;Pomaro Monferrato;Alessandria;1;329;18,64;17,20;46,18;0,88;;23,35;22,02;128,28
01006132;Pontecurone;Alessandria;Vedi aggregazione: CONSORZIO SERVIZI RIFIUTI DEL NOVESE, TORTONESE, ACQUESE ED OVADESE;;;;;;;;;
01006133;Pontestura;Alessandria;1;1.354;17,72;34,92;44,61;1,01;;22,20;20,94;141,41
01006134;Ponti;Alessandria;Vedi aggregazione: CONSORZIO SERVIZI RIFIUTI DEL NOVESE, TORTONESE, ACQUESE ED OVADESE;;;;;;;;;
01006135;Ponzano Monferrato;Alessandria;1;325;10,14;23,44;45,49;1,14;;27,08;21,17;128,46
01006136;Ponzone;Alessandria;Vedi aggregazione: CONSORZIO SERVIZI RIFIUTI DEL NOVESE, TORTONESE, ACQUESE ED OVADESE;;;;;;;;;
01006137;Pozzol Groppo;Alessandria;Vedi aggregazione: CONSORZIO SERVIZI RIFIUTI DEL NOVESE, TORTONESE, ACQUESE ED OVADESE;;;;;;;;;
01006138;Pozzolo Formigaro;Alessandria;Vedi aggregazione: CONSORZIO SERVIZI RIFIUTI DEL NOVESE, TORTONESE, ACQUESE ED OVADESE;;;;;;;;;
01006139;Prasco;Alessandria;Vedi aggregazione: CONSORZIO SERVIZI RIFIUTI DEL NOVESE, TORTONESE, ACQUESE ED OVADESE;;;;;;;;;
01006140;Predosa;Alessandria;Vedi aggregazione: CONSORZIO SERVIZI RIFIUTI DEL NOVESE, TORTONESE, ACQUESE ED OVADESE;;;;;;;;;
01006141;Quargnento;Alessandria;Vedi aggregazione: CONSORZIO DI BACINO ALESSANDRINO;;;;;;;;;
01006142;Quattordio;Alessandria;Vedi aggregazione: CONSORZIO DI BACINO ALESSANDRINO;;;;;;;;;
01006143;Ricaldone;Alessandria;Vedi aggregazione: CONSORZIO SERVIZI RIFIUTI DEL NOVESE, TORTONESE, ACQUESE ED OVADESE;;;;;;;;;
01006144;Rivalta Bormida;Alessandria;Vedi aggregazione: CONSORZIO SERVIZI RIFIUTI DEL NOVESE, TORTONESE, ACQUESE ED OVADESE;;;;;;;;;
01006145;Rivarone;Alessandria;Vedi aggregazione: CONSORZIO DI BACINO ALESSANDRINO;;;;;;;;;
01006147;Rocca Grimalda;Alessandria;Vedi aggregazione: CONSORZIO SERVIZI RIFIUTI DEL NOVESE, TORTONESE, ACQUESE ED OVADESE;;;;;;;;;
01006146;Roccaforte Ligure;Alessandria;Vedi aggregazione: CONSORZIO SERVIZI RIFIUTI DEL NOVESE, TORTONESE, ACQUESE ED OVADESE;;;;;;;;;
01006148;Rocchetta Ligure;Alessandria;Vedi aggregazione: CONSORZIO SERVIZI RIFIUTI DEL NOVESE, TORTONESE, ACQUESE ED OVADESE;;;;;;;;;
01006149;Rosignano Monferrato;Alessandria;1;1.472;10,03;13,66;47,22;1,25;;26,81;20,95;119,92
01006150;Sala Monferrato;Alessandria;1;337;9,69;15,55;46,20;1,17;;25,88;20,23;118,72
01006151;Sale;Alessandria;Vedi aggregazione: CONSORZIO SERVIZI RIFIUTI DEL NOVESE, TORTONESE, ACQUESE ED OVADESE;;;;;;;;;
01006152;San Cristoforo;Alessandria;Vedi aggregazione: CONSORZIO SERVIZI RIFIUTI DEL NOVESE, TORTONESE, ACQUESE ED OVADESE;;;;;;;;;
01006153;San Giorgio Monferrato;Alessandria;1;1.200;17,49;22,05;46,12;1,23;;21,91;20,67;129,47
01006154;San Salvatore Monferrato;Alessandria;Vedi aggregazione: CONSORZIO DI BACINO ALESSANDRINO;;;;;;;;;
01006155;San Sebastiano Curone;Alessandria;Vedi aggregazione: CONSORZIO SERVIZI RIFIUTI DEL NOVESE, TORTONESE, ACQUESE ED OVADESE;;;;;;;;;
01006156;Sant'Agata Fossili;Alessandria;Vedi aggregazione: CONSORZIO SERVIZI RIFIUTI DEL NOVESE, TORTONESE, ACQUESE ED OVADESE;;;;;;;;;
01006157;Sardigliano;Alessandria;Vedi aggregazione: CONSORZIO SERVIZI RIFIUTI DEL NOVESE, TORTONESE, ACQUESE ED OVADESE;;;;;;;;;
01006158;Sarezzano;Alessandria;Vedi aggregazione: CONSORZIO SERVIZI RIFIUTI DEL NOVESE, TORTONESE, ACQUESE ED OVADESE;;;;;;;;;
01006159;Serralunga di Crea;Alessandria;1;513;18,02;28,14;43,08;1,52;;22,57;21,29;134,61
01006160;Serravalle Scrivia;Alessandria;Vedi aggregazione: CONSORZIO SERVIZI RIFIUTI DEL NOVESE, TORTONESE, ACQUESE ED OVADESE;;;;;;;;;
01006161;Sezzadio;Alessandria;Vedi aggregazione: CONSORZIO DI BACINO ALESSANDRINO;;;;;;;;;
01006162;Silvano d'Orba;Alessandria;Vedi aggregazione: CONSORZIO SERVIZI RIFIUTI DEL NOVESE, TORTONESE, ACQUESE ED OVADESE;;;;;;;;;
01006163;Solero;Alessandria;Vedi aggregazione: CONSORZIO DI BACINO ALESSANDRINO;;;;;;;;;
01006164;Solonghello;Alessandria;1;191;19,27;26,71;46,06;1,80;;24,13;22,77;140,73
01006165;Spigno Monferrato;Alessandria;Vedi aggregazione: CONSORZIO SERVIZI RIFIUTI DEL NOVESE, TORTONESE, ACQUESE ED OVADESE;;;;;;;;;
01006166;Spineto Scrivia;Alessandria;Vedi aggregazione: CONSORZIO SERVIZI RIFIUTI DEL NOVESE, TORTONESE, ACQUESE ED OVADESE;;;;;;;;;
01006167;Stazzano;Alessandria;Vedi aggregazione: CONSORZIO SERVIZI RIFIUTI DEL NOVESE, TORTONESE, ACQUESE ED OVADESE;;;;;;;;;
01006168;Strevi;Alessandria;Vedi aggregazione: CONSORZIO SERVIZI RIFIUTI DEL NOVESE, TORTONESE, ACQUESE ED OVADESE;;;;;;;;;
01006169;Tagliolo Monferrato;Alessandria;Vedi aggregazione: CONSORZIO SERVIZI RIFIUTI DEL NOVESE, TORTONESE, ACQUESE ED OVADESE;;;;;;;;;
01006170;Tassarolo;Alessandria;Vedi aggregazione: CONSORZIO SERVIZI RIFIUTI DEL NOVESE, TORTONESE, ACQUESE ED OVADESE;;;;;;;;;
01006171;Terruggia;Alessandria;1;907;0,23;13,80;27,25;1,19;;26,72;20,89;90,08
01006172;Terzo;Alessandria;Vedi aggregazione: CONSORZIO SERVIZI RIFIUTI DEL NOVESE, TORTONESE, ACQUESE ED OVADESE;;;;;;;;;
01006173;Ticineto;Alessandria;1;1.321;17,43;23,93;41,85;1,12;;21,83;20,60;126,76
01006174;Tortona;Alessandria;Vedi aggregazione: CONSORZIO SERVIZI RIFIUTI DEL NOVESE, TORTONESE, ACQUESE ED OVADESE;;;;;;;;;
01006175;Treville;Alessandria;1;265;10,33;15,34;44,17;1,12;;27,59;21,57;120,13
01006176;Trisobbio;Alessandria;Vedi aggregazione: CONSORZIO SERVIZI RIFIUTI DEL NOVESE, TORTONESE, ACQUESE ED OVADESE;;;;;;;;;
01006177;Valenza;Alessandria;Vedi aggregazione: CONSORZIO DI BACINO ALESSANDRINO;;;;;;;;;
01006178;Valmacca;Alessandria;1;956;10,27;21,75;45,74;1,47;;27,43;21,44;128,09
01006179;Vignale Monferrato;Alessandria;1;946;10,14;21,45;52,12;1,49;;27,08;21,17;133,45
01006180;Vignole Borbera;Alessandria;Vedi aggregazione: CONSORZIO SERVIZI RIFIUTI DEL NOVESE, TORTONESE, ACQUESE ED OVADESE;;;;;;;;;
01006181;Viguzzolo;Alessandria;Vedi aggregazione: CONSORZIO SERVIZI RIFIUTI DEL NOVESE, TORTONESE, ACQUESE ED OVADESE;;;;;;;;;
01006182;Villadeati;Alessandria;1;478;17,56;29,53;42,04;0,98;;22,00;20,76;132,87
01006183;Villalvernia;Alessandria;Vedi aggregazione: CONSORZIO SERVIZI RIFIUTI DEL NOVESE, TORTONESE, ACQUESE ED OVADESE;;;;;;;;;
01006184;Villamiroglio;Alessandria;1;294;17,92;24,01;42,89;0,82;;22,45;21,18;129,27
01006185;Villanova Monferrato;Alessandria;1;1.749;18,35;40,83;49,22;1,75;;22,99;21,69;154,82
01006186;Villaromagnano;Alessandria;Vedi aggregazione: CONSORZIO SERVIZI RIFIUTI DEL NOVESE, TORTONESE, ACQUESE ED OVADESE;;;;;;;;;
01006187;Visone;Alessandria;Vedi aggregazione: CONSORZIO SERVIZI RIFIUTI DEL NOVESE, TORTONESE, ACQUESE ED OVADESE;;;;;;;;;
01006188;Volpedo;Alessandria;Vedi aggregazione: CONSORZIO SERVIZI RIFIUTI DEL NOVESE, TORTONESE, ACQUESE ED OVADESE;;;;;;;;;
01006189;Volpeglino;Alessandria;Vedi aggregazione: CONSORZIO SERVIZI RIFIUTI DEL NOVESE, TORTONESE, ACQUESE ED OVADESE;;;;;;;;;
01006190;Voltaggio;Alessandria;Vedi aggregazione: CONSORZIO SERVIZI RIFIUTI DEL NOVESE, TORTONESE, ACQUESE ED OVADESE;;;;;;;;;
11042001;Agugliano;Ancona;1;4.770;6,09;9,97;46,97;13,98;15,92;12,19;7,63;117,93
11042002;Ancona;Ancona;1;99.108;26,71;27,69;42,29;15,94;25,55;44,30;22,30;205,23
11042004;Barbara;Ancona;1;1.295;17,33;15,60;47,65;13,07;7,67;23,10;3,64;130,57
11042005;Belvedere Ostrense;Ancona;1;2.156;10,17;13,28;45,11;17,50;7,14;22,11;6,44;124,46
11042006;Camerano;Ancona;1;7.259;8,98;10,16;53,84;6,42;13,30;16,57;14,77;124,04
11042007;Camerata Picena;Ancona;1;2.517;7,41;13,16;56,50;13,35;13,60;25,70;7,47;137,98
11042010;Castelfidardo;Ancona;1;18.317;9,33;10,36;41,82;5,81;10,83;25,28;20,49;126,42
11042014;Chiaravalle;Ancona;1;14.557;5,86;11,63;45,23;5,65;17,66;28,21;19,56;136,73
11042015;Corinaldo;Ancona;1;4.866;26,29;13,10;77,38;25,79;13,20;;;155,76
11042018;Falconara Marittima;Ancona;1;25.735;25,91;28,52;31,80;17,09;26,75;74,97;16,10;221,15
11042019;Filottrano;Ancona;1;9.097;11,84;11,85;51,97;6,97;13,32;24,63;15,63;140,07
11042022;Loreto;Ancona;Vedi aggregazione: COSMARI SRL;;;;;;;;;
11042030;Monte San Vito;Ancona;1;6.823;9,67;9,39;50,50;6,50;11,56;33,73;23,43;147,89
11042027;Montemarciano;Ancona;1;9.782;10,15;12,71;57,60;7,23;17,02;26,23;15,07;147,80
11042032;Numana;Ancona;1;3.769;7,15;63,76;162,83;62,15;49,50;95,18;48,28;490,43
11042033;Offagna;Ancona;1;2.061;6,68;12,25;50,02;10,68;4,52;31,56;7,77;123,47
11042034;Osimo;Ancona;1;34.721;11,75;0,38;67,26;48,55;20,97;14,00;14,48;177,39
11042035;Ostra;Ancona;1;6.477;9,18;15,59;34,24;22,76;10,46;22,11;15,22;129,57
11042036;Ostra Vetere;Ancona;1;3.158;13,06;16,06;42,85;17,58;13,88;37,14;21,69;172,46
11042038;Polverigi;Ancona;1;4.610;6,61;10,85;48,88;12,75;19,84;12,97;9,40;132,53
11042043;Santa Maria Nuova;Ancona;1;4.102;6,75;11,32;51,15;9,94;12,20;18,27;3,46;113,09
11042044;Sassoferrato;Ancona;1;6.927;19,18;14,56;49,24;14,81;12,00;32,89;25,88;186,61
11042045;Senigallia;Ancona;1;44.183;13,28;19,25;59,07;29,67;57,88;25,09;14,04;222,00
11042048;Sirolo;Ancona;1;4.064;18,32;20,90;91,52;10,85;33,52;36,45;20,73;238,32
11042050;Trecastelli;Ancona;1;7.471;74,82;14,54;13,47;;;4,68;;107,51
02007001;Allein;Aosta;Vedi aggregazione: CM3: Grand Combin;;;;;;;;;
02007002;Antey-Saint-Andre;Aosta;"Vedi aggregazione: SUB-ATO D ""EVANCON-MONT CERVIN""";;;;;;;;;
02007003;Aosta;Aosta;1;33.409;17,12;;44,44;36,09;47,75;29,42;26,10;200,92
02007004;Arnad;Aosta;"Vedi aggregazione: SUB-ATO D ""EVANCON-MONT CERVIN""";;;;;;;;;
02007005;Arvier;Aosta;Vedi aggregazione: CM2: Grand Paradis;;;;;;;;;
02007006;Avise;Aosta;Vedi aggregazione: CM2: Grand Paradis;;;;;;;;;
02007007;Ayas;Aosta;"Vedi aggregazione: SUB-ATO D ""EVANCON-MONT CERVIN""";;;;;;;;;
02007008;Aymavilles;Aosta;Vedi aggregazione: CM2: Grand Paradis;;;;;;;;;
02007009;Bard;Aosta;Vedi aggregazione: CM7: Mont Rose;;;;;;;;;
02007010;Bionaz;Aosta;Vedi aggregazione: CM3: Grand Combin;;;;;;;;;
02007011;Brissogne;Aosta;Vedi aggregazione: CM4: Mont Emilius;;;;;;;;;
02007012;Brusson;Aosta;"Vedi aggregazione: SUB-ATO D ""EVANCON-MONT CERVIN""";;;;;;;;;
02007013;Challand-Saint-Anselme;Aosta;"Vedi aggregazione: SUB-ATO D ""EVANCON-MONT CERVIN""";;;;;;;;;
02007014;Challand-Saint-Victor;Aosta;"Vedi aggregazione: SUB-ATO D ""EVANCON-MONT CERVIN""";;;;;;;;;
02007015;Chambave;Aosta;"Vedi aggregazione: SUB-ATO D ""EVANCON-MONT CERVIN""";;;;;;;;;
02007016;Chamois;Aosta;"Vedi aggregazione: SUB-ATO D ""EVANCON-MONT CERVIN""";;;;;;;;;
02007017;Champdepraz;Aosta;"Vedi aggregazione: SUB-ATO D ""EVANCON-MONT CERVIN""";;;;;;;;;
02007018;Champorcher;Aosta;Vedi aggregazione: CM7: Mont Rose;;;;;;;;;
02007019;Charvensod;Aosta;Vedi aggregazione: CM4: Mont Emilius;;;;;;;;;
02007020;"Chatillon - Dato aggregazione SUB-ATO D ""EVANCON-MONT CERVIN""";Aosta;21;27.355;6,20;7,18;11,92;4,19;1,14;9,70;18,22;58,55
02007021;Cogne;Aosta;Vedi aggregazione: CM2: Grand Paradis;;;;;;;;;
02007022;Courmayeur;Aosta;Vedi aggregazione: CM1: Valdigne - Mont Blanc;;;;;;;;;
02007023;Donnas;Aosta;Vedi aggregazione: CM7: Mont Rose;;;;;;;;;
02007024;Doues;Aosta;Vedi aggregazione: CM3: Grand Combin;;;;;;;;;
02007025;Emarese;Aosta;"Vedi aggregazione: SUB-ATO D ""EVANCON-MONT CERVIN""";;;;;;;;;
02007026;Etroubles;Aosta;Vedi aggregazione: CM3: Grand Combin;;;;;;;;;
02007027;Fenis;Aosta;Vedi aggregazione: CM4: Mont Emilius;;;;;;;;;
02007028;Fontainemore;Aosta;Vedi aggregazione: CM7: Mont Rose;;;;;;;;;
02007029;Gaby;Aosta;Vedi aggregazione: UNITE' DES COMMUNES VALDOTAINES WALSER;;;;;;;;;
02007030;Gignod - Dato aggregazione CM3: Grand Combin;Aosta;11;5.671;4,81;9,61;43,12;12,92;6,32;23,23;43,94;143,96
02007031;Gressan;Aosta;Vedi aggregazione: CM4: Mont Emilius;;;;;;;;;
02007032;Gressoney-La-Trinite;Aosta;Vedi aggregazione: UNITE' DES COMMUNES VALDOTAINES WALSER;;;;;;;;;
02007033;Gressoney-Saint-Jean;Aosta;Vedi aggregazione: UNITE' DES COMMUNES VALDOTAINES WALSER;;;;;;;;;
02007034;Hone;Aosta;Vedi aggregazione: CM7: Mont Rose;;;;;;;;;
02007035;Introd;Aosta;Vedi aggregazione: CM2: Grand Paradis;;;;;;;;;
02007036;Issime - Dato aggregazione UNITE' DES COMMUNES VALDOTAINES WALSER;Aosta;4;1.997;40,65;13,43;77,10;39,88;8,39;30,78;72,64;282,87
02007037;Issogne;Aosta;"Vedi aggregazione: SUB-ATO D ""EVANCON-MONT CERVIN""";;;;;;;;;
02007038;Jovencan;Aosta;Vedi aggregazione: CM4: Mont Emilius;;;;;;;;;
02007039;La Magdeleine;Aosta;"Vedi aggregazione: SUB-ATO D ""EVANCON-MONT CERVIN""";;;;;;;;;
02007040;La Salle - Dato aggregazione CM1: Valdigne - Mont Blanc;Aosta;5;8.637;49,31;58,77;60,70;17,25;30,17;51,26;71,09;338,55
02007041;La Thuile;Aosta;Vedi aggregazione: CM1: Valdigne - Mont Blanc;;;;;;;;;
02007042;Lillianes;Aosta;Vedi aggregazione: CM7: Mont Rose;;;;;;;;;
02007043;Montjovet;Aosta;"Vedi aggregazione: SUB-ATO D ""EVANCON-MONT CERVIN""";;;;;;;;;
02007044;Morgex;Aosta;Vedi aggregazione: CM1: Valdigne - Mont Blanc;;;;;;;;;
02007045;Nus;Aosta;Vedi aggregazione: CM4: Mont Emilius;;;;;;;;;
02007046;Ollomont;Aosta;Vedi aggregazione: CM3: Grand Combin;;;;;;;;;
02007047;Oyace;Aosta;Vedi aggregazione: CM3: Grand Combin;;;;;;;;;
02007048;Perloz;Aosta;Vedi aggregazione: CM7: Mont Rose;;;;;;;;;
02007049;Pollein;Aosta;Vedi aggregazione: CM4: Mont Emilius;;;;;;;;;
02007050;Pontboset;Aosta;Vedi aggregazione: CM7: Mont Rose;;;;;;;;;
02007051;Pontey;Aosta;"Vedi aggregazione: SUB-ATO D ""EVANCON-MONT CERVIN""";;;;;;;;;
02007052;Pont-Saint-Martin - Dato aggregazione CM7: Mont Rose;Aosta;9;9.131;15,33;13,28;61,27;12,89;6,28;13,95;27,54;153,52
02007053;Pre-Saint-Didier;Aosta;Vedi aggregazione: CM1: Valdigne - Mont Blanc;;;;;;;;;
02007054;Quart - Dato aggregazione CM4: Mont Emilius;Aosta;10;22.426;7,29;21,50;29,15;14,49;7,79;19,03;28,66;127,93
02007055;Rhemes-Notre-Dame;Aosta;Vedi aggregazione: CM2: Grand Paradis;;;;;;;;;
02007056;Rhemes-Saint-Georges;Aosta;Vedi aggregazione: CM2: Grand Paradis;;;;;;;;;
02007057;Roisan;Aosta;Vedi aggregazione: CM3: Grand Combin;;;;;;;;;
02007058;Saint-Christophe;Aosta;Vedi aggregazione: CM4: Mont Emilius;;;;;;;;;
02007059;Saint-Denis;Aosta;"Vedi aggregazione: SUB-ATO D ""EVANCON-MONT CERVIN""";;;;;;;;;
02007060;Saint-Marcel;Aosta;Vedi aggregazione: CM4: Mont Emilius;;;;;;;;;
02007061;Saint-Nicolas;Aosta;Vedi aggregazione: CM2: Grand Paradis;;;;;;;;;
02007062;Saint-Oyen;Aosta;Vedi aggregazione: CM3: Grand Combin;;;;;;;;;
02007063;Saint-Pierre;Aosta;Vedi aggregazione: CM2: Grand Paradis;;;;;;;;;
02007064;Saint-Rhemy-en-Bosses;Aosta;Vedi aggregazione: CM3: Grand Combin;;;;;;;;;
02007065;Saint-Vincent;Aosta;"Vedi aggregazione: SUB-ATO D ""EVANCON-MONT CERVIN""";;;;;;;;;
02007066;Sarre;Aosta;Vedi aggregazione: CM2: Grand Paradis;;;;;;;;;
02007067;Torgnon;Aosta;"Vedi aggregazione: SUB-ATO D ""EVANCON-MONT CERVIN""";;;;;;;;;
02007068;Valgrisenche;Aosta;Vedi aggregazione: CM2: Grand Paradis;;;;;;;;;
02007069;Valpelline;Aosta;Vedi aggregazione: CM3: Grand Combin;;;;;;;;;
02007070;Valsavarenche;Aosta;Vedi aggregazione: CM2: Grand Paradis;;;;;;;;;
02007071;Valtournenche;Aosta;"Vedi aggregazione: SUB-ATO D ""EVANCON-MONT CERVIN""";;;;;;;;;
02007072;Verrayes;Aosta;"Vedi aggregazione: SUB-ATO D ""EVANCON-MONT CERVIN""";;;;;;;;;
02007073;Verres;Aosta;"Vedi aggregazione: SUB-ATO D ""EVANCON-MONT CERVIN""";;;;;;;;;
02007074;Villeneuve - Dato aggregazione CM2: Grand Paradis;Aosta;13;15.444;18,45;21,97;31,33;11,65;6,94;20,94;43,15;154,44
09051001;Anghiari;Arezzo;1;5.499;38,19;76,38;3,71;;11,82;13,64;10,84;154,57
09051002;Arezzo;Arezzo;1;97.842;22,98;22,02;30,34;52,77;26,34;17,41;15,81;187,68
09051003;Badia Tedalda;Arezzo;1;1.009;46,44;22,19;23,26;35,25;4,96;24,14;3,67;159,92
09051004;Bibbiena;Arezzo;1;11.761;30,57;28,54;11,07;43,67;27,03;17,73;3,08;161,70
09051005;Bucine;Arezzo;1;9.806;23,80;23,96;24,86;43,85;14,87;16,58;12,81;160,74
09051006;Capolona;Arezzo;1;5.280;18,26;6,98;52,63;44,93;13,59;29,58;19,00;184,97
09051007;Caprese Michelangelo;Arezzo;1;1.375;80,03;61,82;11,65;11,65;;;18,36;183,51
09051008;Castel Focognano;Arezzo;1;2.992;39,74;28,58;11,87;40,52;38,72;22,91;3,85;186,20
09051010;Castel San Niccolo;Arezzo;1;2.577;45,37;32,63;20,16;49,63;26,44;31,65;5,18;211,06
09051040;Castelfranco Piandisco;Arezzo;1;9.847;24,80;9,10;57,53;31,98;9,35;23,44;10,26;172,07
09051011;Castiglion Fibocchi;Arezzo;1;2.080;25,98;12,77;55,19;46,47;22,21;34,12;4,73;201,48
09051012;Castiglion Fiorentino;Arezzo;1;13.051;18,19;11,65;47,80;37,62;14,67;21,02;15,66;166,61
09051014;Chitignano;Arezzo;1;878;9,71;35,05;33,17;50,42;30,91;23,25;13,51;196,03
09051015;Chiusi della Verna;Arezzo;1;1.911;30,86;45,40;43,60;77,32;43,69;49,33;9,11;299,31
09051016;Civitella in Val di Chiana;Arezzo;1;8.810;20,65;9,13;40,97;41,68;26,00;32,33;20,49;191,27
09051017;Cortona;Arezzo;1;21.395;22,01;17,37;46,83;36,55;15,96;28,16;15,82;182,71
09051018;Foiano della Chiana;Arezzo;1;9.256;19,92;30,36;36,72;50,60;34,89;17,15;16,41;206,06
09051042;Laterina Pergine Valdarno;Arezzo;1;6.493;21,63;22,54;36,10;51,43;17,47;18,37;8,14;175,67
09051020;Loro Ciuffenna;Arezzo;1;5.857;25,03;23,50;31,18;54,23;14,55;22,30;15,44;210,94
09051021;Lucignano;Arezzo;1;3.467;18,33;6,68;58,41;38,40;28,42;31,69;10,70;192,64
09051022;Marciano della Chiana;Arezzo;1;3.407;21,95;11,06;54,92;35,38;34,28;26,35;6,93;190,87
09051025;Monte San Savino;Arezzo;1;8.668;20,64;8,00;48,56;34,69;21,70;19,96;3,98;157,52
09051023;Montemignaio;Arezzo;1;522;50,08;35,03;30,44;62,27;32,34;72,34;15,02;297,52
09051024;Monterchi;Arezzo;1;1.701;18,70;29,53;9,25;6,07;;32,67;45,73;141,95
09051026;Montevarchi;Arezzo;1;23.833;20,02;5,84;31,83;48,45;20,02;28,48;12,05;166,69
09051027;Ortignano Raggiolo;Arezzo;1;847;29,92;24,35;20,47;39,41;29,82;38,10;8,00;190,07
09051030;Pieve Santo Stefano;Arezzo;1;3.034;27,31;21,25;27,90;47,21;22,16;31,58;16,44;193,85
09051031;Poppi;Arezzo;1;5.990;26,59;33,60;23,53;51,39;37,74;18,17;8,24;199,26
09051041;Pratovecchio Stia;Arezzo;1;5.509;26,52;26,46;16,59;40,78;32,52;15,75;20,35;178,97
09051033;San Giovanni Valdarno;Arezzo;1;16.733;20,69;17,86;37,77;46,90;26,62;23,70;11,97;185,52
09051035;Sestino;Arezzo;1;1.230;32,48;51,58;11,17;;12,11;34,30;;141,64
09051037;Subbiano;Arezzo;1;6.328;20,65;10,53;50,39;47,15;15,38;21,51;18,73;184,34
09051038;Talla;Arezzo;1;981;34,64;25,65;23,69;41,76;48,27;33,42;7,92;215,35
09051039;Terranuova Bracciolini;Arezzo;1;12.120;28,27;13,90;59,00;36,79;30,12;51,75;10,59;230,42
11044002;Acquaviva Picena;Ascoli Piceno;1;3.695;14,90;16,95;31,61;20,58;26,73;17,68;25,81;161,72
11044007;Ascoli Piceno;Ascoli Piceno;1;46.760;13,83;21,54;48,25;;67,32;33,51;15,84;203,94
11044010;Carassai;Ascoli Piceno;1;985;13,35;22,24;43,41;14,36;15,85;29,87;26,33;174,80
11044011;Castel di Lama;Ascoli Piceno;1;8.463;10,04;20,09;41,36;;2,95;4,02;;78,46
11044013;Castorano;Ascoli Piceno;1;2.262;10,10;15,11;37,36;14,58;1,26;16,65;26,36;152,32
11044015;Comunanza;Ascoli Piceno;1;2.983;11,43;0,16;22,98;37,77;9,49;7,54;0,51;89,87
11044016;Cossignano;Ascoli Piceno;1;878;22,04;11,93;35,07;14,67;1,99;48,04;25,90;165,66
11044017;Cupra Marittima;Ascoli Piceno;1;5.380;14,48;30,40;64,11;28,50;23,95;20,25;26,36;211,77
11044021;Force;Ascoli Piceno;1;1.196;9,91;20,43;16,78;;25,22;41,21;;113,55
11044023;Grottammare;Ascoli Piceno;1;15.984;13,18;32,42;42,08;28,12;39,48;26,61;44,50;226,39
11044027;Maltignano;Ascoli Piceno;1;2.325;13,04;19,01;35,60;18,73;5,30;22,74;24,10;148,51
11044032;Montalto delle Marche;Ascoli Piceno;1;1.961;20,79;21,80;35,83;;24,22;23,73;8,77;146,75
11044036;Montefiore dell'Aso;Ascoli Piceno;1;2.011;21,13;22,27;42,81;2,03;13,29;;2,73;104,25
11044044;Montemonaco;Ascoli Piceno;1;554;85,71;24,94;34,51;13,00;11,82;28,46;39,12;288,20
11044054;Offida;Ascoli Piceno;1;4.789;8,03;24,71;39,99;17,24;21,90;23,32;31,13;175,79
11044065;Rotella;Ascoli Piceno;1;836;62,55;;14,83;15,71;15,00;17,92;5,77;134,51
11044071;Spinetoli;Ascoli Piceno;1;7.276;7,32;16,94;34,50;22,37;11,46;11,68;35,98;143,55
01005001;Agliano Terme;Asti;Vedi aggregazione: CONSORZIO DI BACINO DEI RIFIUTI DELL'ASTIGIANO;;;;;;;;;
01005002;Albugnano;Asti;Vedi aggregazione: CONSORZIO DI BACINO DEI RIFIUTI DELL'ASTIGIANO;;;;;;;;;
01005003;Antignano;Asti;Vedi aggregazione: CONSORZIO DI BACINO DEI RIFIUTI DELL'ASTIGIANO;;;;;;;;;
01005004;Aramengo;Asti;Vedi aggregazione: CONSORZIO DI BACINO DEI RIFIUTI DELL'ASTIGIANO;;;;;;;;;
01005005;Asti - Dato aggregazione CONSORZIO DI BACINO DEI RIFIUTI DELL'ASTIGIANO;Asti;115;205.786;17,81;32,81;46,42;10,97;18,41;32,07;15,51;174,83
01005006;Azzano d'Asti;Asti;Vedi aggregazione: CONSORZIO DI BACINO DEI RIFIUTI DELL'ASTIGIANO;;;;;;;;;
01005007;Baldichieri d'Asti;Asti;Vedi aggregazione: CONSORZIO DI BACINO DEI RIFIUTI DELL'ASTIGIANO;;;;;;;;;
01005008;Belveglio;Asti;Vedi aggregazione: CONSORZIO DI BACINO DEI RIFIUTI DELL'ASTIGIANO;;;;;;;;;
01005009;Berzano di San Pietro;Asti;Vedi aggregazione: CONSORZIO DI BACINO DEI RIFIUTI DELL'ASTIGIANO;;;;;;;;;
01005010;Bruno;Asti;Vedi aggregazione: CONSORZIO DI BACINO DEI RIFIUTI DELL'ASTIGIANO;;;;;;;;;
01005011;Bubbio;Asti;Vedi aggregazione: CONSORZIO DI BACINO DEI RIFIUTI DELL'ASTIGIANO;;;;;;;;;
01005012;Buttigliera d'Asti;Asti;Vedi aggregazione: CONSORZIO DI BACINO DEI RIFIUTI DELL'ASTIGIANO;;;;;;;;;
01005013;Calamandrana;Asti;Vedi aggregazione: CONSORZIO DI BACINO DEI RIFIUTI DELL'ASTIGIANO;;;;;;;;;
01005014;Calliano;Asti;Vedi aggregazione: CONSORZIO DI BACINO DEI RIFIUTI DELL'ASTIGIANO;;;;;;;;;
01005015;Calosso;Asti;Vedi aggregazione: CONSORZIO DI BACINO DEI RIFIUTI DELL'ASTIGIANO;;;;;;;;;
01005016;Camerano Casasco;Asti;Vedi aggregazione: CONSORZIO DI BACINO DEI RIFIUTI DELL'ASTIGIANO;;;;;;;;;
01005017;Canelli;Asti;Vedi aggregazione: CONSORZIO DI BACINO DEI RIFIUTI DELL'ASTIGIANO;;;;;;;;;
01005018;Cantarana;Asti;Vedi aggregazione: CONSORZIO DI BACINO DEI RIFIUTI DELL'ASTIGIANO;;;;;;;;;
01005019;Capriglio;Asti;Vedi aggregazione: CONSORZIO DI BACINO DEI RIFIUTI DELL'ASTIGIANO;;;;;;;;;
01005020;Casorzo;Asti;Vedi aggregazione: CONSORZIO DI BACINO DEI RIFIUTI DELL'ASTIGIANO;;;;;;;;;
01005021;Cassinasco;Asti;Vedi aggregazione: CONSORZIO DI BACINO DEI RIFIUTI DELL'ASTIGIANO;;;;;;;;;
01005022;Castagnole delle Lanze;Asti;Vedi aggregazione: CONSORZIO DI BACINO DEI RIFIUTI DELL'ASTIGIANO;;;;;;;;;
01005023;Castagnole Monferrato;Asti;Vedi aggregazione: CONSORZIO DI BACINO DEI RIFIUTI DELL'ASTIGIANO;;;;;;;;;
01005024;Castel Boglione;Asti;Vedi aggregazione: CONSORZIO DI BACINO DEI RIFIUTI DELL'ASTIGIANO;;;;;;;;;
01005032;Castel Rocchero;Asti;Vedi aggregazione: CONSORZIO DI BACINO DEI RIFIUTI DELL'ASTIGIANO;;;;;;;;;
01005025;Castell'Alfero;Asti;Vedi aggregazione: CONSORZIO DI BACINO DEI RIFIUTI DELL'ASTIGIANO;;;;;;;;;
01005026;Castellero;Asti;Vedi aggregazione: CONSORZIO DI BACINO DEI RIFIUTI DELL'ASTIGIANO;;;;;;;;;
01005027;Castelletto Molina;Asti;Vedi aggregazione: CONSORZIO DI BACINO DEI RIFIUTI DELL'ASTIGIANO;;;;;;;;;
01005028;Castello di Annone;Asti;Vedi aggregazione: CONSORZIO DI BACINO DEI RIFIUTI DELL'ASTIGIANO;;;;;;;;;
01005029;Castelnuovo Belbo;Asti;Vedi aggregazione: CONSORZIO DI BACINO DEI RIFIUTI DELL'ASTIGIANO;;;;;;;;;
01005030;Castelnuovo Calcea;Asti;Vedi aggregazione: CONSORZIO DI BACINO DEI RIFIUTI DELL'ASTIGIANO;;;;;;;;;
01005031;Castelnuovo Don Bosco;Asti;Vedi aggregazione: CONSORZIO DI BACINO DEI RIFIUTI DELL'ASTIGIANO;;;;;;;;;
01005033;Cellarengo;Asti;Vedi aggregazione: CONSORZIO DI BACINO DEI RIFIUTI DELL'ASTIGIANO;;;;;;;;;
01005034;Celle Enomondo;Asti;Vedi aggregazione: CONSORZIO DI BACINO DEI RIFIUTI DELL'ASTIGIANO;;;;;;;;;
01005035;Cerreto d'Asti;Asti;Vedi aggregazione: CONSORZIO DI BACINO DEI RIFIUTI DELL'ASTIGIANO;;;;;;;;;
01005036;Cerro Tanaro;Asti;Vedi aggregazione: CONSORZIO DI BACINO DEI RIFIUTI DELL'ASTIGIANO;;;;;;;;;
01005037;Cessole;Asti;Vedi aggregazione: CONSORZIO DI BACINO DEI RIFIUTI DELL'ASTIGIANO;;;;;;;;;
01005038;Chiusano d'Asti;Asti;Vedi aggregazione: CONSORZIO DI BACINO DEI RIFIUTI DELL'ASTIGIANO;;;;;;;;;
01005039;Cinaglio;Asti;Vedi aggregazione: CONSORZIO DI BACINO DEI RIFIUTI DELL'ASTIGIANO;;;;;;;;;
01005040;Cisterna d'Asti;Asti;Vedi aggregazione: CONSORZIO DI BACINO DEI RIFIUTI DELL'ASTIGIANO;;;;;;;;;
01005041;Coazzolo;Asti;Vedi aggregazione: CONSORZIO DI BACINO DEI RIFIUTI DELL'ASTIGIANO;;;;;;;;;
01005042;Cocconato;Asti;Vedi aggregazione: CONSORZIO DI BACINO DEI RIFIUTI DELL'ASTIGIANO;;;;;;;;;
01005044;Corsione;Asti;Vedi aggregazione: CONSORZIO DI BACINO DEI RIFIUTI DELL'ASTIGIANO;;;;;;;;;
01005045;Cortandone;Asti;Vedi aggregazione: CONSORZIO DI BACINO DEI RIFIUTI DELL'ASTIGIANO;;;;;;;;;
01005046;Cortanze;Asti;Vedi aggregazione: CONSORZIO DI BACINO DEI RIFIUTI DELL'ASTIGIANO;;;;;;;;;
01005047;Cortazzone;Asti;Vedi aggregazione: CONSORZIO DI BACINO DEI RIFIUTI DELL'ASTIGIANO;;;;;;;;;
01005048;Cortiglione;Asti;Vedi aggregazione: CONSORZIO DI BACINO DEI RIFIUTI DELL'ASTIGIANO;;;;;;;;;
01005049;Cossombrato;Asti;Vedi aggregazione: CONSORZIO DI BACINO DEI RIFIUTI DELL'ASTIGIANO;;;;;;;;;
01005050;Costigliole d'Asti;Asti;Vedi aggregazione: CONSORZIO DI BACINO DEI RIFIUTI DELL'ASTIGIANO;;;;;;;;;
01005051;Cunico;Asti;Vedi aggregazione: CONSORZIO DI BACINO DEI RIFIUTI DELL'ASTIGIANO;;;;;;;;;
01005052;Dusino San Michele;Asti;Vedi aggregazione: CONSORZIO DI BACINO DEI RIFIUTI DELL'ASTIGIANO;;;;;;;;;
01005053;Ferrere;Asti;Vedi aggregazione: CONSORZIO DI BACINO DEI RIFIUTI DELL'ASTIGIANO;;;;;;;;;
01005054;Fontanile;Asti;Vedi aggregazione: CONSORZIO DI BACINO DEI RIFIUTI DELL'ASTIGIANO;;;;;;;;;
01005055;Frinco;Asti;Vedi aggregazione: CONSORZIO DI BACINO DEI RIFIUTI DELL'ASTIGIANO;;;;;;;;;
01005056;Grana;Asti;Vedi aggregazione: CONSORZIO DI BACINO DEI RIFIUTI DELL'ASTIGIANO;;;;;;;;;
01005057;Grazzano Badoglio;Asti;Vedi aggregazione: CONSORZIO DI BACINO DEI RIFIUTI DELL'ASTIGIANO;;;;;;;;;
01005058;Incisa Scapaccino;Asti;Vedi aggregazione: CONSORZIO DI BACINO DEI RIFIUTI DELL'ASTIGIANO;;;;;;;;;
01005059;Isola d'Asti;Asti;Vedi aggregazione: CONSORZIO DI BACINO DEI RIFIUTI DELL'ASTIGIANO;;;;;;;;;
01005060;Loazzolo;Asti;Vedi aggregazione: CONSORZIO DI BACINO DEI RIFIUTI DELL'ASTIGIANO;;;;;;;;;
01005061;Maranzana;Asti;Vedi aggregazione: CONSORZIO DI BACINO DEI RIFIUTI DELL'ASTIGIANO;;;;;;;;;
01005062;Maretto;Asti;Vedi aggregazione: CONSORZIO DI BACINO DEI RIFIUTI DELL'ASTIGIANO;;;;;;;;;
01005063;Moasca;Asti;Vedi aggregazione: CONSORZIO DI BACINO DEI RIFIUTI DELL'ASTIGIANO;;;;;;;;;
01005064;Mombaldone;Asti;1;200;37,91;39,27;32,10;5,53;;56,16;28,52;200,54
01005065;Mombaruzzo;Asti;Vedi aggregazione: CONSORZIO DI BACINO DEI RIFIUTI DELL'ASTIGIANO;;;;;;;;;
01005066;Mombercelli;Asti;Vedi aggregazione: CONSORZIO DI BACINO DEI RIFIUTI DELL'ASTIGIANO;;;;;;;;;
01005067;Monale;Asti;Vedi aggregazione: CONSORZIO DI BACINO DEI RIFIUTI DELL'ASTIGIANO;;;;;;;;;
01005068;Monastero Bormida;Asti;Vedi aggregazione: CONSORZIO DI BACINO DEI RIFIUTI DELL'ASTIGIANO;;;;;;;;;
01005069;Moncalvo;Asti;1;2.788;17,73;39,14;42,34;1,58;16,50;22,20;20,95;160,45
01005070;Moncucco Torinese;Asti;Vedi aggregazione: CONSORZIO CHIERESE PER I SERVIZI;;;;;;;;;
01005071;Mongardino;Asti;Vedi aggregazione: CONSORZIO DI BACINO DEI RIFIUTI DELL'ASTIGIANO;;;;;;;;;
01005072;Montabone;Asti;Vedi aggregazione: CONSORZIO DI BACINO DEI RIFIUTI DELL'ASTIGIANO;;;;;;;;;
01005073;Montafia;Asti;Vedi aggregazione: CONSORZIO DI BACINO DEI RIFIUTI DELL'ASTIGIANO;;;;;;;;;
01005074;Montaldo Scarampi;Asti;Vedi aggregazione: CONSORZIO DI BACINO DEI RIFIUTI DELL'ASTIGIANO;;;;;;;;;
01005075;Montechiaro d'Asti;Asti;Vedi aggregazione: CONSORZIO DI BACINO DEI RIFIUTI DELL'ASTIGIANO;;;;;;;;;
01005076;Montegrosso d'Asti;Asti;Vedi aggregazione: CONSORZIO DI BACINO DEI RIFIUTI DELL'ASTIGIANO;;;;;;;;;
01005077;Montemagno;Asti;Vedi aggregazione: CONSORZIO DI BACINO DEI RIFIUTI DELL'ASTIGIANO;;;;;;;;;
01005121;Montiglio Monferrato;Asti;Vedi aggregazione: CONSORZIO DI BACINO DEI RIFIUTI DELL'ASTIGIANO;;;;;;;;;
01005079;Moransengo;Asti;Vedi aggregazione: CONSORZIO DI BACINO DEI RIFIUTI DELL'ASTIGIANO;;;;;;;;;
01005080;Nizza Monferrato;Asti;Vedi aggregazione: CONSORZIO DI BACINO DEI RIFIUTI DELL'ASTIGIANO;;;;;;;;;
01005081;Olmo Gentile;Asti;Vedi aggregazione: CONSORZIO DI BACINO DEI RIFIUTI DELL'ASTIGIANO;;;;;;;;;
01005082;Passerano Marmorito;Asti;Vedi aggregazione: CONSORZIO DI BACINO DEI RIFIUTI DELL'ASTIGIANO;;;;;;;;;
01005083;Penango;Asti;Vedi aggregazione: CONSORZIO DI BACINO DEI RIFIUTI DELL'ASTIGIANO;;;;;;;;;
01005084;Piea;Asti;Vedi aggregazione: CONSORZIO DI BACINO DEI RIFIUTI DELL'ASTIGIANO;;;;;;;;;
01005085;Pino d'Asti;Asti;Vedi aggregazione: CONSORZIO DI BACINO DEI RIFIUTI DELL'ASTIGIANO;;;;;;;;;
01005086;Piova  Massaia;Asti;Vedi aggregazione: CONSORZIO DI BACINO DEI RIFIUTI DELL'ASTIGIANO;;;;;;;;;
01005087;Portacomaro;Asti;Vedi aggregazione: CONSORZIO DI BACINO DEI RIFIUTI DELL'ASTIGIANO;;;;;;;;;
01005088;Quaranti;Asti;Vedi aggregazione: CONSORZIO DI BACINO DEI RIFIUTI DELL'ASTIGIANO;;;;;;;;;
01005089;Refrancore;Asti;Vedi aggregazione: CONSORZIO DI BACINO DEI RIFIUTI DELL'ASTIGIANO;;;;;;;;;
01005090;Revigliasco d'Asti;Asti;Vedi aggregazione: CONSORZIO DI BACINO DEI RIFIUTI DELL'ASTIGIANO;;;;;;;;;
01005091;Roatto;Asti;Vedi aggregazione: CONSORZIO DI BACINO DEI RIFIUTI DELL'ASTIGIANO;;;;;;;;;
01005092;Robella;Asti;Vedi aggregazione: CONSORZIO DI BACINO DEI RIFIUTI DELL'ASTIGIANO;;;;;;;;;
01005093;Rocca d'Arazzo;Asti;Vedi aggregazione: CONSORZIO DI BACINO DEI RIFIUTI DELL'ASTIGIANO;;;;;;;;;
01005094;Roccaverano;Asti;Vedi aggregazione: CONSORZIO DI BACINO DEI RIFIUTI DELL'ASTIGIANO;;;;;;;;;
01005095;Rocchetta Palafea;Asti;Vedi aggregazione: CONSORZIO DI BACINO DEI RIFIUTI DELL'ASTIGIANO;;;;;;;;;
01005096;Rocchetta Tanaro;Asti;Vedi aggregazione: CONSORZIO DI BACINO DEI RIFIUTI DELL'ASTIGIANO;;;;;;;;;
01005097;San Damiano d'Asti;Asti;Vedi aggregazione: CONSORZIO DI BACINO DEI RIFIUTI DELL'ASTIGIANO;;;;;;;;;
01005098;San Giorgio Scarampi;Asti;Vedi aggregazione: CONSORZIO DI BACINO DEI RIFIUTI DELL'ASTIGIANO;;;;;;;;;
01005099;San Martino Alfieri;Asti;Vedi aggregazione: CONSORZIO DI BACINO DEI RIFIUTI DELL'ASTIGIANO;;;;;;;;;
01005100;San Marzano Oliveto;Asti;Vedi aggregazione: CONSORZIO DI BACINO DEI RIFIUTI DELL'ASTIGIANO;;;;;;;;;
01005101;San Paolo Solbrito;Asti;Vedi aggregazione: CONSORZIO DI BACINO DEI RIFIUTI DELL'ASTIGIANO;;;;;;;;;
01005103;Scurzolengo;Asti;Vedi aggregazione: CONSORZIO DI BACINO DEI RIFIUTI DELL'ASTIGIANO;;;;;;;;;
01005104;Serole;Asti;Vedi aggregazione: CONSORZIO DI BACINO DEI RIFIUTI DELL'ASTIGIANO;;;;;;;;;
01005105;Sessame;Asti;Vedi aggregazione: CONSORZIO DI BACINO DEI RIFIUTI DELL'ASTIGIANO;;;;;;;;;
01005106;Settime;Asti;Vedi aggregazione: CONSORZIO DI BACINO DEI RIFIUTI DELL'ASTIGIANO;;;;;;;;;
01005107;Soglio;Asti;Vedi aggregazione: CONSORZIO DI BACINO DEI RIFIUTI DELL'ASTIGIANO;;;;;;;;;
01005108;Tigliole;Asti;Vedi aggregazione: CONSORZIO DI BACINO DEI RIFIUTI DELL'ASTIGIANO;;;;;;;;;
01005109;Tonco;Asti;Vedi aggregazione: CONSORZIO DI BACINO DEI RIFIUTI DELL'ASTIGIANO;;;;;;;;;
01005110;Tonengo;Asti;Vedi aggregazione: CONSORZIO DI BACINO DEI RIFIUTI DELL'ASTIGIANO;;;;;;;;;
01005111;Vaglio Serra;Asti;Vedi aggregazione: CONSORZIO DI BACINO DEI RIFIUTI DELL'ASTIGIANO;;;;;;;;;
01005112;Valfenera;Asti;Vedi aggregazione: CONSORZIO DI BACINO DEI RIFIUTI DELL'ASTIGIANO;;;;;;;;;
01005113;Vesime;Asti;Vedi aggregazione: CONSORZIO DI BACINO DEI RIFIUTI DELL'ASTIGIANO;;;;;;;;;
01005114;Viale;Asti;Vedi aggregazione: CONSORZIO DI BACINO DEI RIFIUTI DELL'ASTIGIANO;;;;;;;;;
01005115;Viarigi;Asti;Vedi aggregazione: CONSORZIO DI BACINO DEI RIFIUTI DELL'ASTIGIANO;;;;;;;;;
01005116;Vigliano d'Asti;Asti;Vedi aggregazione: CONSORZIO DI BACINO DEI RIFIUTI DELL'ASTIGIANO;;;;;;;;;
01005119;Villa San Secondo;Asti;Vedi aggregazione: CONSORZIO DI BACINO DEI RIFIUTI DELL'ASTIGIANO;;;;;;;;;
01005117;Villafranca d'Asti;Asti;Vedi aggregazione: CONSORZIO DI BACINO DEI RIFIUTI DELL'ASTIGIANO;;;;;;;;;
01005118;Villanova d'Asti;Asti;Vedi aggregazione: CONSORZIO DI BACINO DEI RIFIUTI DELL'ASTIGIANO;;;;;;;;;
01005120;Vinchio;Asti;Vedi aggregazione: CONSORZIO DI BACINO DEI RIFIUTI DELL'ASTIGIANO;;;;;;;;;
15064001;Aiello del Sabato;Avellino;1;3.962;27,10;19,62;48,70;19,43;10,99;14,04;0,08;139,96
15064002;Altavilla Irpina;Avellino;1;4.064;22,82;45,91;35,94;;15,06;;;119,74
15064003;Andretta;Avellino;1;1.747;8,96;19,94;43,74;;;92,90;2,10;167,64
15064004;Aquilonia;Avellino;1;1.532;36,44;19,52;20,51;26,09;16,97;15,70;;135,23
15064005;Ariano Irpino;Avellino;1;21.146;43,19;39,44;44,18;17,00;14,94;18,44;4,07;182,68
15064006;Atripalda;Avellino;1;10.563;42,13;33,44;66,28;22,58;40,17;25,39;116,26;346,25
15064008;Avellino;Avellino;1;53.064;31,66;23,53;61,17;31,79;61,59;14,99;2,51;227,24
15064009;Bagnoli Irpino;Avellino;1;3.076;40,36;25,13;71,29;20,45;18,52;11,37;29,24;303,09
15064010;Baiano;Avellino;1;4.523;65,01;14,63;2,64;36,53;13,72;9,05;0,08;141,66
15064011;Bisaccia;Avellino;1;3.619;13,13;13,04;48,40;22,02;9,15;50,52;19,13;175,39
15064012;Bonito;Avellino;1;2.258;22,86;21,36;21,04;12,47;20,11;12,11;0,75;110,70
15064013;Cairano;Avellino;1;277;69,58;20,34;146,50;19,18;6,26;13,60;0,11;275,57
15064015;Calitri;Avellino;1;4.370;9,67;23,64;45,44;18,82;8,75;11,42;15,27;133,02
15064016;Candida;Avellino;1;1.101;36,34;26,49;47,55;16,61;;13,72;9,40;150,11
15064017;Caposele;Avellino;1;3.339;19,88;26,07;66,08;9,13;12,98;0,87;;135,02
15064018;Capriglia Irpina;Avellino;1;2.266;18,25;17,09;41,95;19,32;12,38;5,61;13,38;128,28
15064019;Carife;Avellino;1;1.326;15,89;24,65;49,34;14,58;15,89;29,55;0,08;149,98
15064020;Casalbore;Avellino;1;1.644;67,47;1,33;;10,49;16,98;21,58;;117,85
15064021;Cassano Irpino;Avellino;1;910;17,97;14,67;65,94;27,12;20,64;6,14;;152,47
15064022;Castel Baronia;Avellino;1;1.082;76,70;17,20;11,74;17,46;2,53;21,71;3,48;150,81
15064023;Castelfranci;Avellino;1;1.893;35,26;21,05;54,53;14,52;10,78;24,65;42,70;203,49
15064024;Castelvetere sul Calore;Avellino;1;1.552;37,18;23,20;62,10;18,45;15,79;12,74;97,03;266,80
15064026;Cesinali;Avellino;1;2.627;66,64;4,79;13,01;;;6,57;9,97;100,98
15064028;Chiusano di San Domenico;Avellino;1;2.161;;16,73;15,95;19,31;45,89;1,71;0,04;99,63
15064029;Contrada;Avellino;1;2.991;28,11;22,84;48,44;20,47;9,38;33,16;18,22;180,62
15064030;Conza della Campania;Avellino;1;1.269;11,41;46,85;21,23;;;23,26;;102,75
15064031;Domicella;Avellino;1;1.854;1,51;1,06;40,16;25,61;;3,29;11,78;83,42
15064033;Fontanarosa;Avellino;1;2.921;34,97;19,81;65,11;17,01;13,18;12,92;15,64;178,64
15064034;Forino;Avellino;1;5.213;27,91;33,01;43,71;28,06;;14,64;0,03;180,13
15064039;Grottolella;Avellino;1;1.851;33,62;28,75;36,04;12,38;16,18;5,51;21,04;153,53
15064040;Guardia Lombardi;Avellino;1;1.556;53,67;29,84;35,23;7,91;;19,78;;146,43
15064042;Lapio;Avellino;1;1.469;26,96;32,58;46,22;;;17,43;;123,18
15064043;Lauro;Avellino;1;3.325;33,83;19,69;111,55;32,91;81,61;27,57;36,02;343,17
15064044;Lioni;Avellino;1;6.091;26,71;19,07;51,78;12,20;16,36;9,50;16,39;152,01
15064046;Manocalzati;Avellino;1;3.071;51,17;26,80;8,46;26,02;;8,60;;121,05
15064047;Marzano di Nola;Avellino;1;1.636;96,43;15,59;65,25;2,72;;;;360,00
15064048;Melito Irpino;Avellino;1;1.825;54,06;16,88;13,08;16,81;23,84;10,04;;134,71
15064049;Mercogliano;Avellino;1;11.837;98,45;;18,02;0,34;34,28;5,83;1,90;158,82
15064052;Montecalvo Irpino;Avellino;1;3.446;41,46;21,45;61,83;14,49;21,17;16,10;0,08;176,57
15064054;Monteforte Irpino;Avellino;1;11.404;26,35;24,58;48,77;23,05;8,50;18,72;24,75;175,80
15064057;Montella;Avellino;1;7.455;21,95;19,97;56,04;23,00;16,51;21,96;6,11;165,55
15064058;Montemarano;Avellino;1;2.694;36,25;25,95;93,88;;7,06;1,18;;164,97
15064059;Montemiletto;Avellino;1;5.158;37,81;26,19;48,71;15,10;9,04;12,89;54,12;203,86
15064060;Monteverde;Avellino;1;740;38,02;20,73;81,68;20,92;;9,63;0,08;171,06
15064121;Montoro;Avellino;1;19.131;15,29;19,40;43,28;32,29;16,25;3,90;;130,40
15064064;Moschiano;Avellino;1;1.581;53,00;31,80;59,57;18,40;2,94;12,46;0,07;188,77
15064066;Nusco;Avellino;1;3.875;42,65;25,25;51,73;12,40;22,23;15,91;5,96;176,13
15064067;Ospedaletto d'Alpinolo;Avellino;1;2.105;39,98;25,48;76,89;23,28;;10,73;29,06;205,42
15064068;Pago del Vallo di Lauro;Avellino;1;1.702;26,44;39,95;52,88;;32,90;2,35;;154,52
15064069;Parolise;Avellino;1;631;60,78;27,19;20,68;26,22;26,20;13,45;1,41;175,93
15064070;Paternopoli;Avellino;1;2.218;28,21;16,77;66,14;17,95;23,71;9,55;8,33;170,65
15064071;Petruro Irpino;Avellino;1;282;39,30;30,28;25,41;6,21;2,48;2,70;;106,38
15064073;Pietrastornina;Avellino;1;1.439;34,37;20,25;70,41;19,47;29,75;11,59;6,85;194,21
15064074;Prata di Principato Ultra;Avellino;1;2.842;37,23;35,80;37,03;14,52;28,64;11,35;21,02;185,59
15064077;Quindici;Avellino;1;1.899;34,56;31,26;40,68;21,83;16,12;12,59;25,91;182,94
15064079;Rocca San Felice;Avellino;1;799;36,23;36,85;24,73;10,28;15,01;29,32;;152,43
15064078;Roccabascerana;Avellino;1;2.307;12,54;16,45;49,16;37,55;19,01;18,98;;207,67
15064080;Rotondi;Avellino;1;3.516;16,23;23,60;95,11;;20,85;20,81;;176,60
15064081;Salza Irpina;Avellino;1;715;34,99;21,97;68,81;19,68;29,10;7,57;13,32;195,43
15064082;San Mango sul Calore;Avellino;1;1.130;14,98;16,21;35,79;19,25;7,19;35,13;34,95;163,52
15064084;San Michele di Serino;Avellino;1;2.476;30,42;30,91;38,49;17,39;;15,28;11,38;143,86
15064085;San Nicola Baronia;Avellino;1;762;40,43;23,38;70,57;18,46;19,77;14,17;106,97;293,75
15064086;San Potito Ultra;Avellino;1;1.500;18,93;23,54;35,98;20,66;46,03;20,29;0,10;165,54
15064087;San Sossio Baronia;Avellino;1;1.544;38,23;18,79;63,41;13,76;13,01;19,85;21,48;188,53
15064088;Santa Lucia di Serino;Avellino;1;1.415;38,28;27,17;57,45;20,16;13,42;39,57;0,08;196,14
15064093;Santa Paolina;Avellino;1;1.221;27,03;24,33;34,99;15,22;;4,74;1,35;107,65
15064089;Sant'Andrea di Conza;Avellino;1;1.360;41,74;9,81;36,06;19,55;11,97;3,98;10,44;133,90
15064091;Sant'Angelo a Scala;Avellino;1;711;51,32;25,69;19,46;14,34;22,20;9,01;20,75;162,77
15064090;Sant'Angelo all'Esca;Avellino;1;711;37,64;27,52;75,67;25,16;;9,13;0,10;175,22
15064095;Santo Stefano del Sole;Avellino;1;2.070;33,11;25,86;52,60;18,53;7,39;34,60;7,97;180,06
15064096;Savignano Irpino;Avellino;1;1.035;51,22;22,45;72,08;15,51;;11,80;29,33;202,39
15064097;Scampitella;Avellino;1;1.100;43,03;22,02;57,67;15,32;10,79;18,80;0,09;167,71
15064098;Senerchia;Avellino;1;775;11,09;69,68;20,22;;12,11;5,11;31,82;150,03
15064099;Serino;Avellino;1;6.840;36,65;34,08;42,16;20,23;15,06;35,45;2,09;185,72
15064101;Solofra;Avellino;1;12.217;30,32;24,74;49,60;19,75;18,32;2,89;0,08;145,70
15064102;Sorbo Serpico;Avellino;1;543;78,22;27,27;113,92;21,62;;29,70;8,96;279,69
15064107;Taurasi;Avellino;1;2.193;40,75;20,88;83,26;22,55;15,82;14,43;0,07;197,76
15064108;Teora;Avellino;1;1.467;19,58;15,84;50,64;19,49;43,63;10,36;2,27;161,82
15064110;Torre Le Nocelle;Avellino;1;1.224;5,17;22,84;5,17;11,57;;27,64;;107,78
15064111;Torrioni;Avellino;1;459;24,41;16,51;46,47;7,47;;41,30;;136,15
15064112;Trevico;Avellino;1;879;29,01;23,90;39,94;13,82;5,80;9,93;13,34;135,74
15064113;Tufo;Avellino;1;785;39,08;35,89;43,85;19,03;37,95;40,01;15,45;231,26
15064116;Venticano;Avellino;1;2.358;77,60;36,93;;26,37;;;;155,64
15064118;Villanova del Battista;Avellino;1;1.524;31,90;20,51;63,49;18,45;14,85;9,43;3,10;161,72
15064119;Volturara Irpina;Avellino;1;3.093;;25,63;46,69;17,63;23,09;11,72;33,59;234,67
15064120;Zungoli;Avellino;1;997;25,86;17,29;67,42;14,59;15,48;3,90;0,09;144,64
16072001;Acquaviva delle Fonti;Bari;1;20.093;10,94;15,26;54,89;24,53;30,37;25,97;5,85;167,80
16072002;Adelfia;Bari;1;16.490;24,48;30,54;46,93;6,25;26,52;13,87;4,61;153,20
16072006;Bari;Bari;1;313.003;25,05;38,70;51,13;18,57;42,87;25,17;22,38;227,86
16072008;Binetto;Bari;1;2.150;34,02;;56,71;;22,68;7,74;5,85;127,00
16072010;Bitetto;Bari;1;11.831;9,81;0,04;45,12;28,94;17,38;19,67;8,27;129,24
16072011;Bitonto;Bari;1;52.275;14,29;99,62;28,64;18,19;39,40;25,85;8,87;242,39
16072012;Bitritto;Bari;1;11.277;24,80;6,74;44,82;20,25;25,75;25,21;44,66;192,22
16072014;Capurso;Bari;1;15.226;97,08;12,81;;51,54;;;;161,43
16072015;Casamassima;Bari;1;19.325;5,88;20,50;4,10;31,82;15,81;45,70;;126,94
16072019;Conversano;Bari;1;25.813;12,10;33,03;28,24;26,86;21,52;70,91;10,18;202,85
16072020;Corato;Bari;1;47.360;10,38;13,74;63,52;43,44;24,32;39,89;31,49;226,79
16072023;Gravina in Puglia;Bari;1;42.668;;34,35;;8,05;;8,43;18,87;69,70
16072024;Grumo Appula;Bari;1;12.254;26,57;11,66;57,65;2,58;34,42;0,66;;133,54
16072025;Locorotondo;Bari;1;14.074;19,84;0,05;43,16;34,23;27,32;35,03;12,47;179,20
16072027;Modugno;Bari;1;37.214;14,65;16,55;61,73;22,97;35,06;14,39;16,29;181,64
16072028;Mola di Bari;Bari;1;24.570;9,47;18,34;76,73;25,80;33,81;20,19;8,73;193,08
16072029;Molfetta;Bari;1;57.682;24,77;23,05;44,63;25,79;32,93;36,84;12,90;200,91
16072031;Noci;Bari;1;18.501;9,43;;59,30;26,19;20,74;24,46;4,48;144,60
16072032;Noicattaro;Bari;1;25.980;21,45;30,48;46,53;28,69;27,78;2,92;2,16;160,00
16072033;Palo del Colle;Bari;1;20.673;128,55;13,68;;39,85;0,22;9,29;;196,77
16072034;Poggiorsini;Bari;1;1.328;23,34;24,76;60,49;2,21;25,81;16,65;;153,25
16072035;Polignano a Mare;Bari;1;17.491;29,60;37,95;47,27;;43,60;15,29;2,68;176,40
16072036;Putignano;Bari;1;25.909;7,73;;45,06;33,73;24,40;37,68;9,76;158,35
16072037;Rutigliano;Bari;1;18.421;11,01;32,56;38,39;4,91;16,97;28,07;17,95;149,86
16072038;Ruvo di Puglia;Bari;1;24.777;10,01;14,36;53,84;25,63;24,72;23,38;21,04;172,98
16072041;Santeramo in Colle;Bari;1;25.737;16,94;33,59;36,76;6,72;21,95;8,66;0,93;131,43
16072043;Terlizzi;Bari;1;26.181;7,58;16,64;43,72;21,89;21,12;21,49;5,95;138,38
16072044;Toritto;Bari;1;8.176;17,26;15,33;63,94;26,14;33,55;17,81;10,60;184,63
16072046;Triggiano;Bari;1;26.226;5,24;19,74;70,69;16,85;29,68;19,86;4,11;166,97
16110001;Andria;Barletta-Andria-Trani;1;97.942;13,01;0,91;49,51;4,34;25,74;17,78;3,17;114,45
16110002;Barletta;Barletta-Andria-Trani;1;92.927;14,82;17,70;53,04;24,49;35,06;16,97;2,35;164,42
16110006;Minervino Murge;Barletta-Andria-Trani;1;8.409;16,16;49,66;94,03;0,86;36,73;13,81;22,11;234,80
16110008;Spinazzola;Barletta-Andria-Trani;1;6.146;33,50;19,12;39,92;41,67;31,71;22,71;28,16;220,05
16110009;Trani;Barletta-Andria-Trani;1;55.175;73,25;54,09;3,67;;23,42;18,57;15,69;188,68
16110010;Trinitapoli;Barletta-Andria-Trani;1;14.017;28,65;39,25;60,93;24,08;26,34;11,39;2,06;192,71
05025001;Agordo - Dato aggregazione Unione Montana Agordina;Belluno;16;18.593;22,75;9,84;90,56;12,00;1,60;35,32;27,22;199,28
05025002;Alano di Piave;Belluno;1;2.681;13,94;12,47;45,67;10,29;5,03;22,36;9,55;119,32
05025003;Alleghe;Belluno;Vedi aggregazione: Unione Montana Agordina;;;;;;;;;
05025072;Alpago;Belluno;Vedi aggregazione: Unione Montana Alpago;;;;;;;;;
05025004;Arsie;Belluno;1;2.202;15,30;12,22;52,16;18,54;2,15;11,54;3,80;116,77
05025005;Auronzo di Cadore;Belluno;Vedi aggregazione: UNIONE MONTANA CENTRO CADORE;;;;;;;;;
05025006;Belluno;Belluno;1;35.505;10,72;11,82;32,62;14,43;12,12;31,67;13,36;129,77
05025074;Borgo Valbelluna;Belluno;1;13.407;7,21;7,94;30,79;13,12;4,57;13,57;6,06;84,08
05025008;Calalzo di Cadore - Dato aggregazione UNIONE MONTANA CENTRO CADORE;Belluno;8;14.622;16,81;12,20;50,17;15,55;22,23;36,95;25,97;179,89
05025023;Canale d'Agordo;Belluno;Vedi aggregazione: Unione Montana Agordina;;;;;;;;;
05025010;Cencenighe Agordino;Belluno;Vedi aggregazione: Unione Montana Agordina;;;;;;;;;
05025011;Cesiomaggiore;Belluno;1;3.882;9,85;6,08;42,86;14,49;3,10;17,36;5,08;99,77
05025012;Chies d'Alpago;Belluno;Vedi aggregazione: Unione Montana Alpago;;;;;;;;;
05025014;Colle Santa Lucia;Belluno;Vedi aggregazione: Unione Montana Agordina;;;;;;;;;
05025015;Comelico Superiore;Belluno;Vedi aggregazione: UNIONE MONTANA COMELICO;;;;;;;;;
05025016;Cortina d'Ampezzo;Belluno;1;5.648;52,68;93,84;96,04;59,38;71,01;20,59;38,09;431,63
05025017;Danta di Cadore;Belluno;Vedi aggregazione: UNIONE MONTANA COMELICO;;;;;;;;;
05025018;Domegge di Cadore;Belluno;Vedi aggregazione: UNIONE MONTANA CENTRO CADORE;;;;;;;;;
05025019;Falcade;Belluno;Vedi aggregazione: Unione Montana Agordina;;;;;;;;;
05025021;Feltre;Belluno;1;20.337;12,58;8,06;46,38;8,81;4,91;5,57;15,40;101,72
05025022;Fonzaso;Belluno;1;3.093;8,08;9,74;50,50;14,68;1,88;9,66;4,37;98,94
05025025;Gosaldo;Belluno;Vedi aggregazione: Unione Montana Agordina;;;;;;;;;
05025027;La Valle Agordina;Belluno;Vedi aggregazione: Unione Montana Agordina;;;;;;;;;
05025026;Lamon;Belluno;1;2.715;34,15;;1,81;34,87;1,82;17,16;8,37;98,18
05025029;Limana;Belluno;1;5.331;4,07;10,50;28,21;12,74;3,38;14,63;10,08;83,60
05025030;Livinallongo del Col di Lana;Belluno;Vedi aggregazione: Unione Montana Agordina;;;;;;;;;
05025071;Longarone - Dato aggregazione UNIONE MONTANA CADORE-LONGARONESE-ZOL;Belluno;5;8.842;16,28;14,26;44,49;13,42;15,30;22,95;28,86;155,57
05025032;Lorenzago di Cadore;Belluno;Vedi aggregazione: UNIONE MONTANA CENTRO CADORE;;;;;;;;;
05025033;Lozzo di Cadore;Belluno;Vedi aggregazione: UNIONE MONTANA CENTRO CADORE;;;;;;;;;
05025035;Ospitale di Cadore;Belluno;Vedi aggregazione: UNIONE MONTANA CADORE-LONGARONESE-ZOL;;;;;;;;;
05025036;Pedavena;Belluno;1;4.350;13,51;19,84;43,84;9,86;5,45;12,74;6,24;111,48
05025037;Perarolo di Cadore;Belluno;Vedi aggregazione: UNIONE MONTANA CENTRO CADORE;;;;;;;;;
05025039;Pieve di Cadore;Belluno;Vedi aggregazione: UNIONE MONTANA CENTRO CADORE;;;;;;;;;
05025040;Ponte nelle Alpi;Belluno;1;7.959;9,36;5,91;53,43;10,85;6,76;44,15;21,44;151,89
05025070;Quero Vas;Belluno;1;3.079;12,45;14,05;56,90;11,94;8,99;12,71;19,39;136,43
05025043;Rivamonte Agordino;Belluno;Vedi aggregazione: Unione Montana Agordina;;;;;;;;;
05025044;Rocca Pietore;Belluno;Vedi aggregazione: Unione Montana Agordina;;;;;;;;;
05025045;San Gregorio nelle Alpi;Belluno;1;1.597;18,42;4,39;31,10;14,24;6,93;10,53;16,51;102,12
05025046;San Nicolo di Comelico;Belluno;Vedi aggregazione: UNIONE MONTANA COMELICO;;;;;;;;;
05025047;San Pietro di Cadore;Belluno;Vedi aggregazione: UNIONE MONTANA COMELICO;;;;;;;;;
05025049;San Tomaso Agordino;Belluno;Vedi aggregazione: Unione Montana Agordina;;;;;;;;;
05025048;Santa Giustina;Belluno;1;6.664;13,68;9,75;41,31;16,16;1,93;10,45;9,57;102,85
05025050;Santo Stefano di Cadore - Dato aggregazione UNIONE MONTANA COMELICO;Belluno;5;6.908;53,93;31,78;;21,15;0,66;2,96;7,24;117,73
05025053;Sedico;Belluno;1;10.217;5,90;7,24;51,62;6,64;4,74;14,66;12,28;103,08
05025054;Selva di Cadore;Belluno;Vedi aggregazione: Unione Montana Agordina;;;;;;;;;
05025055;Seren del Grappa;Belluno;1;2.416;11,60;8,23;30,74;15,33;;8,97;5,47;80,33
05025056;Sospirolo;Belluno;1;3.074;8,02;4,94;34,95;14,19;4,12;9,81;9,72;88,98
05025057;Soverzene;Belluno;Vedi aggregazione: UNIONE MONTANA CADORE-LONGARONESE-ZOL;;;;;;;;;
05025058;Sovramonte;Belluno;1;1.326;14,06;10,85;66,00;13,01;3,06;13,52;4,34;125,89
05025059;Taibon Agordino;Belluno;Vedi aggregazione: Unione Montana Agordina;;;;;;;;;
05025060;Tambre - Dato aggregazione Unione Montana Alpago;Belluno;3;9.305;5,64;8,11;25,99;37,38;3,02;22,45;52,64;155,23
05025073;Val Di Zoldo;Belluno;Vedi aggregazione: UNIONE MONTANA CADORE-LONGARONESE-ZOL;;;;;;;;;
05025062;Vallada Agordina;Belluno;Vedi aggregazione: Unione Montana Agordina;;;;;;;;;
05025065;Vigo di Cadore;Belluno;Vedi aggregazione: UNIONE MONTANA CENTRO CADORE;;;;;;;;;
05025067;Voltago Agordino;Belluno;Vedi aggregazione: Unione Montana Agordina;;;;;;;;;
05025069;Zoppe di Cadore;Belluno;Vedi aggregazione: UNIONE MONTANA CADORE-LONGARONESE-ZOL;;;;;;;;;
15062001;Airola;Benevento;1;8.115;5,60;29,57;47,83;13,49;14,68;103,15;;214,33
15062003;Apice;Benevento;1;5.450;5,90;16,86;45,43;16,24;7,08;15,40;2,46;109,37
15062004;Apollosa;Benevento;1;2.476;12,26;13,77;42,31;15,74;10,85;7,89;;103,07
15062006;Arpaise;Benevento;1;731;25,28;11,23;75,84;40,63;6,47;3,32;;162,77
15062007;Baselice;Benevento;1;2.175;8,58;8,32;25,74;27,25;12,01;4,22;0,73;87,77
15062008;Benevento;Benevento;1;57.778;18,66;34,35;81,80;11,29;7,97;101,28;9,15;265,96
15062009;Bonea;Benevento;1;1.387;16,28;26,97;61,87;;27,14;30,25;34,17;209,65
15062010;Bucciano;Benevento;1;2.048;19,13;27,89;28,69;16,94;;9,86;13,39;115,89
15062013;Campolattaro;Benevento;1;977;25,36;20,47;50,64;10,58;16,23;24,21;1,02;148,51
15062014;Campoli del Monte Taburno;Benevento;1;1.612;32,91;46,13;2,53;;;52,90;0,70;135,16
15062015;Casalduni;Benevento;1;1.260;11,54;23,22;35,28;9,97;16,69;35,88;;134,39
15062016;Castelfranco in Miscano;Benevento;1;842;21,97;19,71;53,69;5,90;31,41;1,92;0,08;134,67
15062017;Castelpagano;Benevento;1;1.361;24,26;32,64;32,06;3,19;21,33;27,63;7,35;148,45
15062018;Castelpoto;Benevento;1;1.161;38,76;38,19;23,36;;16,51;13,51;9,51;141,12
15062019;Castelvenere;Benevento;1;2.595;12,99;11,56;34,68;1,09;;66,91;;127,24
15062021;Cautano;Benevento;1;1.974;4,56;18,24;8,81;54,71;11,65;18,32;;116,29
15062022;Ceppaloni;Benevento;1;3.228;62,42;28,79;9,55;21,73;9,72;14,86;;147,07
15062023;Cerreto Sannita;Benevento;1;3.699;12,44;39,20;49,76;2,48;14,04;11,75;0,89;130,56
15062024;Circello;Benevento;1;2.229;13,81;9,82;23,47;14,32;27,07;20,69;6,26;115,44
15062026;Cusano Mutri;Benevento;1;3.907;48,86;5,22;42,51;10,46;5,86;8,50;1,01;122,41
15062027;Dugenta;Benevento;1;2.635;21,46;13,41;28,65;;7,62;50,31;1,66;124,85
15062028;Durazzano;Benevento;1;2.137;20,27;7,45;18,41;28,48;3,13;40,25;;118,93
15062030;Foglianise;Benevento;1;3.227;20,04;8,92;67,53;18,07;9,88;30,39;2,65;157,48
15062032;Forchia;Benevento;1;1.206;10,01;34,48;38,52;;17,32;41,50;9,77;151,60
15062033;Fragneto l'Abate;Benevento;1;1.001;33,97;30,97;;7,99;25,41;56,99;;155,33
15062034;Fragneto Monforte;Benevento;1;1.706;49,44;26,09;22,65;7,61;32,91;20,43;16,51;175,65
15062035;Frasso Telesino;Benevento;1;2.132;84,78;20,00;18,57;;;16,66;;140,01
15062036;Ginestra degli Schiavoni;Benevento;1;423;35,03;6,58;69,33;21,92;29,18;19,05;2,41;183,51
15062037;Guardia Sanframondi;Benevento;1;4.655;19,44;11,31;63,78;;10,53;12,39;3,91;127,81
15062039;Melizzano;Benevento;1;1.753;39,00;7,93;24,36;;;118,65;;189,93
15062040;Moiano;Benevento;1;4.037;6,19;10,76;25,75;47,13;9,91;;;99,74
15062041;Molinara;Benevento;1;1.480;30,41;34,46;26,69;;27,03;12,09;;131,12
15062043;Montesarchio;Benevento;1;13.143;9,89;11,28;51,62;28,08;24,10;29,38;;154,36
15062044;Morcone;Benevento;1;4.682;7,97;17,39;29,60;14,00;22,95;3,21;0,45;95,71
15062045;Paduli;Benevento;1;3.756;37,11;;27,46;1,55;20,61;16,02;12,47;115,22
15062046;Pago Veiano;Benevento;1;2.343;42,01;35,33;3,81;;7,62;5,81;15,76;110,35
15062048;Paolisi;Benevento;1;2.020;81,77;35,05;31,43;15,74;32,66;14,14;0,42;211,22
15062049;Paupisi;Benevento;1;1.611;12,62;2,46;39,26;3,89;17,89;14,14;0,27;90,51
15062050;Pesco Sannita;Benevento;1;1.879;16,49;19,86;34,94;14,83;10,82;33,68;8,21;138,83
15062051;Pietraroja;Benevento;1;503;4,32;105,06;6,95;7,44;2,30;1,39;54,10;181,55
15062052;Pietrelcina;Benevento;1;2.948;;13,84;52,14;12,11;11,34;26,27;2,03;117,73
15062053;Ponte;Benevento;1;2.466;5,68;21,09;12,57;16,63;2,43;91,65;;150,04
15062054;Pontelandolfo;Benevento;1;2.055;15,47;33,75;23,89;6,92;5,81;22,18;;108,03
15062056;Reino;Benevento;1;1.127;34,43;15,37;34,46;15,32;19,77;18,19;;137,55
15062057;San Bartolomeo in Galdo;Benevento;1;4.471;33,08;25,93;40,06;20,74;23,28;17,04;1,99;162,12
15062058;San Giorgio del Sannio;Benevento;1;9.891;24,66;31,31;49,33;14,10;8,22;2,04;30,62;160,28
15062059;San Giorgio La Molara;Benevento;1;2.898;18,27;8,73;53,30;15,54;18,12;18,23;;136,33
15062060;San Leucio del Sannio;Benevento;1;2.962;7,69;10,71;31,77;18,73;10,13;1,59;;80,62
15062062;San Lorenzo Maggiore;Benevento;1;1.962;6,69;15,60;34,53;;;13,73;58,85;129,40
15062063;San Lupo;Benevento;1;725;13,10;4,69;5,52;9,93;;92,73;11,03;137,01
15062064;San Marco dei Cavoti;Benevento;1;3.125;24,75;27,51;49,49;;22,16;5,69;;129,60
15062065;San Martino Sannita;Benevento;1;1.161;14,89;17,38;59,55;22,04;;;1,50;115,35
15062066;San Nazzaro;Benevento;1;865;32,40;30,02;32,34;18,23;5,90;25,16;17,13;179,64
15062067;San Nicola Manfredi;Benevento;1;3.627;11,61;;21,56;26,25;21,01;59,27;4,00;151,61
15062069;Santa Croce del Sannio;Benevento;1;867;21,90;22,77;84,09;;;18,58;;147,34
15062070;Sant'Agata de' Goti;Benevento;1;10.663;8,97;37,34;79,26;2,91;26,80;26,94;2,55;184,77
15062071;Sant'Angelo a Cupolo;Benevento;1;4.198;7,62;12,63;43,71;25,25;16,20;30,15;;135,56
15062073;Solopaca;Benevento;1;3.587;11,49;15,70;42,09;;16,19;46,16;0,68;133,95
15062074;Telese Terme;Benevento;1;7.741;10,02;23,83;70,12;48,14;20,04;10,18;45,91;230,41
15062077;Vitulano;Benevento;1;2.808;33,01;18,53;3,63;1,82;14,53;46,76;0,61;118,89
03016001;Adrara San Martino;Bergamo;1;2.185;10,05;;22,34;18,14;8,52;11,54;9,08;79,67
03016002;Adrara San Rocco;Bergamo;1;782;9,43;;39,36;16,41;8,48;18,90;24,23;116,81
03016003;Albano Sant'Alessandro;Bergamo;1;8.263;5,80;;25,52;28,80;8,35;6,08;11,76;86,32
03016004;Albino;Bergamo;1;17.529;2,92;;22,50;13,91;7,94;6,24;9,52;63,89
03016248;Algua;Bergamo;1;657;24,33;;40,10;31,72;28,45;25,95;12,56;163,11
03016005;Alme;Bergamo;1;5.486;4,59;;13,63;30,17;21,46;21,35;2,24;93,87
03016006;Almenno San Bartolomeo;Bergamo;1;6.452;3,38;5,45;4,64;9,20;7,97;22,65;6,05;59,95
03016007;Almenno San Salvatore;Bergamo;1;5.606;14,94;0,44;14,52;21,60;0,97;25,58;3,80;81,85
03016008;Alzano Lombardo;Bergamo;1;13.370;18,43;2,96;23,19;;6,24;13,99;2,44;67,26
03016009;Ambivere;Bergamo;1;2.366;6,99;1,77;15,39;19,50;5,21;24,09;25,76;98,72
03016010;Antegnate;Bergamo;1;3.144;7,76;13,40;40,12;11,67;12,25;26,69;9,62;121,50
03016011;Arcene;Bergamo;1;4.768;6,17;9,99;25,15;11,07;6,57;15,50;6,71;81,17
03016012;Ardesio;Bergamo;1;3.392;7,94;7,97;29,51;11,86;6,85;17,80;13,35;95,27
03016013;Arzago d'Adda;Bergamo;1;2.711;5,97;10,15;30,57;11,63;12,32;14,53;2,56;87,72
03016014;Averara;Bergamo;1;170;104,66;38,58;;47,99;6,41;7,72;;205,35
03016015;Aviatico;Bergamo;1;553;21,42;27,25;70,50;33,90;77,88;66,62;28,69;326,27
03016016;Azzano San Paolo;Bergamo;1;7.522;6,92;;28,60;21,32;9,47;8,94;6,95;82,20
03016017;Azzone;Bergamo;1;376;6,35;19,35;23,59;7,34;19,49;21,27;5,40;102,80
03016018;Bagnatica;Bergamo;1;4.346;8,58;;33,80;19,04;13,67;12,09;20,96;108,59
03016019;Barbata;Bergamo;1;670;2,09;;129,14;30,20;19,68;43,67;20,55;245,33
03016020;Bariano;Bergamo;1;4.216;8,98;13,13;25,91;13,25;9,26;15,31;7,74;93,59
03016021;Barzana;Bergamo;1;2.005;3,43;5,52;12,75;9,33;11,94;14,12;1,47;58,56
03016022;Bedulita;Bergamo;1;704;15,11;;37,17;17,03;;19,48;3,86;92,65
03016023;Berbenno;Bergamo;1;2.452;6,99;8,46;25,19;9,52;1,07;3,70;;54,92
03016024;Bergamo;Bergamo;1;119.684;20,24;;39,47;28,67;34,63;12,56;17,87;156,94
03016025;Berzo San Fermo;Bergamo;1;1.393;5,96;3,55;53,61;14,09;0,24;16,40;7,14;100,99
03016026;Bianzano;Bergamo;1;589;7,53;3,13;55,10;6,79;;37,14;18,81;128,50
03016027;Blello;Bergamo;1;74;2,59;;69,54;16,76;19,43;50,46;9,28;168,07
03016028;Bolgare;Bergamo;1;6.400;5,19;;27,32;20,31;6,58;6,87;7,27;77,77
03016029;Boltiere;Bergamo;1;6.178;7,16;;31,75;14,14;14,75;6,96;9,63;84,38
03016030;Bonate Sopra;Bergamo;1;10.087;5,25;;29,36;9,45;4,19;16,39;4,43;69,06
03016031;Bonate Sotto;Bergamo;1;6.599;7,87;7,88;30,68;10,72;7,61;14,96;6,06;85,78
03016032;Borgo di Terzo - Dato aggregazione Unione Media Val Cavallina;Bergamo;3;3.330;7,84;9,10;18,05;;3,75;23,72;;62,46
03016033;Bossico;Bergamo;1;989;10,41;7,61;40,64;8,06;17,62;15,74;14,05;114,13
03016034;Bottanuco;Bergamo;1;4.997;5,84;8,78;21,70;11,79;8,50;7,59;2,50;66,70
03016035;Bracca;Bergamo;1;723;22,93;;56,58;29,90;1,94;29,99;24,25;165,60
03016036;Branzi;Bergamo;1;681;203,10;;14,57;44,19;;24,83;24,83;311,52
03016037;Brembate;Bergamo;1;8.418;8,00;11,97;29,75;19,28;10,25;20,03;3,43;102,71
03016038;Brembate di Sopra;Bergamo;1;7.863;8,12;1,12;24,96;20,02;9,01;24,07;5,72;93,02
03016040;Brignano Gera d'Adda;Bergamo;1;6.065;4,50;11,61;27,21;8,03;15,85;14,23;1,25;82,69
03016042;Brusaporto;Bergamo;1;5.574;6,38;;32,02;22,27;7,57;5,71;4,41;79,26
03016043;Calcinate;Bergamo;1;5.931;6,79;;32,12;9,34;5,97;16,04;6,95;77,20
03016044;Calcio;Bergamo;1;5.332;7,29;0,02;24,17;29,79;10,77;11,90;6,55;90,50
03016046;Calusco d'Adda;Bergamo;1;8.162;8,22;6,79;30,55;15,61;24,38;11,08;7,45;104,08
03016047;Calvenzano;Bergamo;1;4.272;17,08;11,98;25,38;7,07;11,47;18,56;20,02;111,56
03016048;Camerata Cornello;Bergamo;1;571;11,44;;27,21;26,65;44,37;14,30;;123,96
03016049;Canonica d'Adda;Bergamo;1;4.188;7,98;11,25;29,66;14,21;7,28;30,21;18,83;119,41
03016050;Capizzone;Bergamo;1;1.191;25,38;16,05;14,33;0,93;;3,30;14,65;74,63
03016051;Capriate San Gervasio;Bergamo;1;8.129;7,37;1,74;23,01;22,47;10,33;16,75;7,42;89,09
03016052;Caprino Bergamasco;Bergamo;1;3.081;6,97;9,45;25,91;15,73;3,14;10,37;2,99;74,56
03016053;Caravaggio;Bergamo;1;16.170;6,33;14,42;22,63;16,42;16,34;35,12;4,66;136,24
03016055;Carobbio degli Angeli;Bergamo;1;4.728;5,61;;33,13;21,15;3,09;15,03;10,09;88,11
03016056;Carona;Bergamo;1;288;50,56;;209,67;70,16;213,45;63,41;37,77;645,03
03016057;Carvico;Bergamo;1;4.639;8,92;6,68;33,15;13,77;8,74;18,66;4,97;94,89
03016058;Casazza;Bergamo;1;3.879;8,91;5,20;54,73;13,66;2,34;13,35;9,10;107,29
03016059;Casirate d'Adda;Bergamo;1;3.987;10,86;11,52;24,48;8,40;8,18;10,63;8,82;82,88
03016060;Casnigo;Bergamo;1;3.133;5,75;23,07;19,05;12,39;5,26;9,84;3,61;78,97
03016061;Cassiglio;Bergamo;1;111;29,68;;52,51;27,68;18,38;10,41;32,21;170,86
03016063;Castel Rozzone;Bergamo;1;2.813;6,69;11,67;24,88;11,21;10,84;20,26;7,14;92,69
03016062;Castelli Calepio;Bergamo;1;10.169;5,66;;32,41;25,76;5,53;9,58;7,08;86,01
03016064;Castione della Presolana;Bergamo;1;3.362;19,08;34,35;70,95;17,16;28,96;40,56;15,28;231,25
03016065;Castro;Bergamo;1;1.256;10,07;4,57;28,17;17,85;14,01;26,37;8,06;109,11
03016066;Cavernago;Bergamo;1;2.603;4,41;;34,25;24,96;4,03;27,90;7,89;103,44
03016067;Cazzano Sant'Andrea;Bergamo;1;1.646;4,67;16,85;30,40;11,11;2,66;8,13;3,55;77,37
03016068;Cenate Sopra;Bergamo;1;2.541;6,20;3,72;54,13;11,28;6,20;13,87;25,88;124,50
03016069;Cenate Sotto;Bergamo;1;3.898;7,54;0,06;35,28;18,17;6,62;8,22;9,34;85,23
03016070;Cene;Bergamo;1;4.155;25,42;11,13;;4,95;9,93;21,10;5,63;78,16
03016071;Cerete;Bergamo;1;1.590;7,34;11,63;27,28;17,82;7,89;45,78;3,15;122,59
03016072;Chignolo d'Isola;Bergamo;1;3.386;8,46;9,54;20,22;6,57;5,84;11,96;3,63;66,22
03016073;Chiuduno;Bergamo;1;6.017;6,50;;39,90;21,56;6,35;11,00;10,34;95,64
03016074;Cisano Bergamasco;Bergamo;1;6.197;9,07;10,70;33,72;15,82;6,80;19,95;3,89;99,95
03016075;Ciserano;Bergamo;1;5.399;11,59;19,12;43,09;16,93;12,59;15,08;4,97;123,37
03016076;Cividate al Piano;Bergamo;1;5.015;6,51;;28,06;17,16;9,61;18,58;6,19;86,10
03016077;Clusone;Bergamo;1;8.519;7,44;13,51;27,65;15,80;21,54;20,45;3,19;111,82
03016078;Colere;Bergamo;1;1.116;6,65;19,07;24,73;8,77;;94,88;41,16;195,41
03016079;Cologno al Serio;Bergamo;1;10.999;10,51;;20,32;20,64;8,72;11,53;10,56;86,83
03016081;Comun Nuovo;Bergamo;1;4.375;8,39;;34,06;18,63;9,77;10,80;5,27;86,92
03016082;Corna Imagna;Bergamo;1;926;13,74;;16,40;16,77;;16,26;4,18;67,35
03016249;Cornalba;Bergamo;1;291;48,84;;16,25;25,40;;106,42;21,54;218,45
03016083;Cortenuova;Bergamo;1;1.927;12,20;15,11;37,38;21,30;9,17;29,12;;124,28
03016084;Costa di Mezzate;Bergamo;1;3.278;6,59;;44,04;19,60;5,81;11,98;10,95;98,97
03016247;Costa Serina;Bergamo;1;880;24,47;;35,79;31,90;28,65;20,30;16,87;157,99
03016085;Costa Valle Imagna;Bergamo;1;547;20,50;;34,13;37,97;;46,24;6,42;145,27
03016086;Costa Volpino;Bergamo;1;9.018;19,05;11,40;48,99;13,42;9,08;16,03;14,55;132,53
03016087;Covo;Bergamo;1;4.099;7,88;0,01;36,69;15,38;10,24;12,06;9,32;91,59
03016088;Credaro;Bergamo;1;3.522;7,25;;31,78;22,52;9,96;9,15;9,83;90,48
03016089;Curno;Bergamo;1;7.376;5,50;;31,50;25,04;5,37;9,73;4,27;81,41
03016090;Cusio;Bergamo;1;215;116,60;38,52;22,51;33,76;26,29;21,45;;259,13
03016091;Dalmine;Bergamo;1;23.346;2,84;2,97;11,90;5,89;25,35;18,63;5,27;72,86
03016092;Dossena;Bergamo;1;887;10,73;19,62;16,54;44,11;4,60;67,71;5,77;169,09
03016093;Endine Gaiano;Bergamo;1;3.350;12,60;7,45;42,48;17,75;0,13;18,03;11,60;110,04
03016094;Entratico;Bergamo;1;1.979;7,46;4,38;39,95;15,56;3,56;15,30;6,22;92,94
03016096;Fara Gera d'Adda;Bergamo;1;7.906;4,73;10,19;24,10;9,19;10,90;10,99;4,06;74,15
03016097;Fara Olivana con Sola;Bergamo;1;1.292;10,47;7,22;38,91;13,42;10,76;19,37;8,69;108,84
03016098;Filago;Bergamo;1;3.120;7,27;0,59;26,12;17,26;6,67;24,99;8,13;91,04
03016099;Fino del Monte;Bergamo;1;1.130;10,09;8,73;37,51;11,81;1,03;35,63;4,33;112,73
03016100;Fiorano al Serio;Bergamo;1;2.960;2,96;15,97;21,55;0,38;6,92;12,82;4,56;68,80
03016101;Fontanella;Bergamo;1;4.786;5,71;;39,20;20,70;10,35;10,07;4,13;112,65
03016102;Fonteno;Bergamo;1;551;9,73;4,72;98,34;6,53;0,92;62,06;;182,29
03016103;Foppolo;Bergamo;1;175;467,53;;38,03;85,55;250,65;501,11;;1.342,87
03016104;Foresto Sparso;Bergamo;1;3.052;7,16;0,06;24,56;18,17;;11,90;8,35;70,19
03016105;Fornovo San Giovanni;Bergamo;1;3.371;8,10;12,37;30,12;10,21;8,25;18,40;10,58;98,02
03016106;Fuipiano Valle Imagna;Bergamo;1;206;34,29;;65,15;45,51;25,37;40,69;24,20;235,21
03016107;Gandellino;Bergamo;1;973;8,99;11,61;33,43;13,11;29,26;23,80;3,86;124,06
03016108;Gandino;Bergamo;1;5.218;12,70;10,28;30,67;14,55;11,18;8,06;1,10;88,54
03016109;Gandosso;Bergamo;1;1.438;10,59;;26,34;19,37;15,24;14,96;5,31;91,81
03016110;Gaverina Terme;Bergamo;1;844;7,92;5,35;50,37;3,87;6,24;19,77;5,25;98,77
03016111;Gazzaniga;Bergamo;1;4.940;6,38;19,64;30,65;5,02;16,67;18,12;9,27;105,80
03016113;Ghisalba;Bergamo;1;6.102;7,99;10,12;29,72;16,07;4,94;22,91;17,76;109,52
03016114;Gorlago;Bergamo;1;5.125;7,34;;30,26;19,07;5,39;7,44;5,26;74,76
03016115;Gorle;Bergamo;1;6.551;6,05;;38,09;12,17;23,49;11,10;2,57;93,47
03016116;Gorno;Bergamo;1;1.492;7,29;16,35;28,58;12,07;20,27;26,62;14,79;125,95
03016117;Grassobbio;Bergamo;1;6.463;5,24;0,01;31,43;29,49;12,68;12,44;5,04;96,68
03016118;Gromo;Bergamo;1;1.165;14,74;21,34;38,07;10,98;7,73;40,92;11,43;145,21
03016119;Grone;Bergamo;1;855;43,85;22,33;53,59;26,24;0,50;44,42;13,58;204,51
03016120;Grumello del Monte;Bergamo;1;7.350;5,38;;40,53;36,92;1,82;10,24;9,67;104,56
03016121;Isola di Fondra;Bergamo;1;166;134,14;;129,52;65,80;28,88;46,01;;404,34
03016122;Isso;Bergamo;1;630;12,62;26,90;46,94;20,44;19,01;35,69;59,33;220,93
03016123;Lallio;Bergamo;1;4.123;17,60;12,08;22,54;17,80;12,34;26,13;;108,50
03016124;Leffe;Bergamo;1;4.311;15,53;27,09;26,46;9,79;14,19;11,17;1,80;106,03
03016125;Lenna;Bergamo;1;561;33,58;;99,24;43,89;21,06;8,47;;206,24
03016126;Levate;Bergamo;1;3.683;6,31;10,94;25,77;13,12;6,01;10,53;13,74;86,43
03016127;Locatello;Bergamo;1;828;12,55;0,04;22,94;21,88;;8,23;7,02;72,66
03016128;Lovere;Bergamo;1;5.066;22,78;11,49;64,88;8,99;16,40;35,41;16,45;176,41
03016129;Lurano;Bergamo;1;2.817;11,29;10,43;41,99;16,40;8,55;20,66;4,84;114,17
03016130;Luzzana;Bergamo;Vedi aggregazione: Unione Media Val Cavallina;;;;;;;;;
03016131;Madone;Bergamo;1;3.978;6,53;0,69;22,43;19,55;5,95;18,27;21,59;95,01
03016132;Mapello;Bergamo;1;6.826;9,94;11,56;36,97;10,86;4,05;15,93;13,18;102,49
03016133;Martinengo;Bergamo;1;10.757;5,37;0,01;22,73;22,13;6,10;9,32;18,98;84,65
03016250;Medolago;Bergamo;1;2.342;6,76;17,09;18,39;0,62;6,97;38,50;0,05;88,37
03016134;Mezzoldo;Bergamo;1;163;133,06;;63,04;42,67;32,94;15,62;1,21;288,55
03016135;Misano di Gera d'Adda;Bergamo;1;2.927;6,79;10,59;25,26;14,81;20,83;17,86;6,79;102,93
03016136;Moio de' Calvi;Bergamo;1;202;107,45;;42,47;42,90;;77,35;;270,16
03016137;Monasterolo del Castello;Bergamo;1;1.132;12,63;7,67;61,65;16,91;0,58;41,65;7,41;148,49
03016139;Montello;Bergamo;1;3.227;6,18;;19,76;28,08;1,33;8,53;4,80;68,68
03016140;Morengo;Bergamo;1;2.461;7,65;11,37;29,06;10,76;17,17;25,24;4,82;106,07
03016141;Mornico al Serio;Bergamo;1;2.882;6,17;;34,89;12,97;2,31;7,07;4,01;67,41
03016142;Mozzanica;Bergamo;1;4.391;6,58;9,18;28,55;15,23;3,96;15,66;6,44;85,59
03016143;Mozzo;Bergamo;1;7.331;4,69;;27,55;21,34;6,44;9,95;6,03;78,73
03016144;Nembro;Bergamo;1;11.243;16,34;3,02;18,63;;10,36;24,14;1,10;73,58
03016145;Olmo al Brembo;Bergamo;1;493;12,95;;17,69;27,25;71,63;1,52;;131,04
03016146;Oltre il Colle;Bergamo;1;978;26,37;;58,70;39,95;38,28;36,42;22,78;222,50
03016147;Oltressenda Alta;Bergamo;1;146;39,88;15,01;54,01;25,42;;41,90;12,40;188,62
03016148;Oneta;Bergamo;1;575;8,76;17,02;32,57;3,42;;30,44;10,60;102,82
03016149;Onore;Bergamo;1;897;9,46;26,29;35,16;33,79;31,75;143,55;4,06;284,05
03016150;Orio al Serio;Bergamo;1;1.676;54,01;25,80;134,39;153,41;12,12;165,56;20,13;565,41
03016151;Ornica;Bergamo;1;143;37,27;;43,93;30,22;32,37;4,73;0,10;148,62
03016152;Osio Sopra;Bergamo;1;5.229;8,62;;37,62;1,25;4,44;19,18;12,42;83,53
03016153;Osio Sotto;Bergamo;1;12.472;5,83;1,06;27,82;26,22;13,08;14,61;15,25;104,37
03016154;Pagazzano;Bergamo;1;2.079;9,57;10,13;33,12;13,70;10,85;13,01;32,53;123,81
03016155;Paladina;Bergamo;1;4.016;7,45;7,57;10,96;4,63;1,60;38,31;;70,50
03016156;Palazzago;Bergamo;1;4.506;3,45;5,56;6,36;9,39;9,27;8,35;1,48;43,88
03016157;Palosco;Bergamo;1;5.666;3,97;4,29;32,62;16,33;5,29;15,68;14,11;92,29
03016158;Parre;Bergamo;1;2.693;6,30;10,26;23,43;13,26;;24,95;3,73;81,93
03016159;Parzanica;Bergamo;1;358;39,92;;35,61;29,29;25,16;32,57;9,08;171,63
03016160;Pedrengo;Bergamo;1;5.877;8,26;0,01;40,38;18,77;7,37;19,67;20,39;114,86
03016161;Peia;Bergamo;1;1.746;12,18;5,61;38,73;5,65;7,25;16,37;6,81;92,60
03016162;Pianico;Bergamo;1;1.445;11,07;4,45;68,00;6,75;1,41;12,96;7,88;112,51
03016163;Piario;Bergamo;1;1.044;7,36;18,28;27,38;14,36;6,20;15,20;3,16;92,20
03016165;Piazzatorre;Bergamo;1;381;92,39;75,76;90,56;;55,10;37,61;17,85;369,27
03016166;Piazzolo;Bergamo;1;87;81,32;7,90;85,79;30,40;29,31;8,06;;242,78
03016167;Pognano;Bergamo;1;1.554;7,77;;71,10;25,71;3,54;12,63;4,66;125,41
03016168;Ponte Nossa;Bergamo;1;1.740;8,84;26,05;34,67;0,73;5,77;32,39;4,20;112,65
03016170;Ponte San Pietro;Bergamo;1;11.511;7,72;12,07;28,69;9,22;15,74;14,54;6,93;94,90
03016169;Ponteranica;Bergamo;1;6.722;5,33;;17,21;23,35;3,46;19,30;4,40;75,12
03016171;Pontida;Bergamo;1;3.320;7,42;6,59;34,62;15,38;6,40;5,04;9,23;84,68
03016173;Pradalunga;Bergamo;1;4.520;19,31;4,56;8,09;;7,38;11,43;5,55;56,33
03016174;Predore;Bergamo;1;1.803;8,78;;39,01;25,92;8,52;20,00;8,29;110,51
03016176;Presezzo;Bergamo;1;4.771;5,17;7,50;19,21;5,70;6,80;29,93;4,00;78,31
03016177;Pumenengo;Bergamo;1;1.671;6,50;12,69;24,18;9,18;9,71;24,88;2,79;89,94
03016178;Ranica;Bergamo;1;5.891;15,97;3,03;23,72;;13,48;12,81;7,24;76,26
03016179;Ranzanico;Bergamo;1;1.237;11,25;6,37;63,78;11,54;8,53;15,23;7,55;125,03
03016182;Rogno;Bergamo;1;3.774;6,76;6,05;60,86;16,20;0,35;15,55;3,34;115,89
03016183;Romano di Lombardia;Bergamo;1;20.317;5,75;13,02;21,40;13,06;17,73;13,00;2,44;86,40
03016184;Roncobello;Bergamo;1;414;23,29;;67,60;43,55;11,16;23,34;50,28;219,22
03016185;Roncola;Bergamo;1;807;13,14;17,74;48,86;6,26;;17,10;5,64;108,73
03016186;Rota d'Imagna;Bergamo;1;901;28,48;18,77;40,04;;23,32;25,23;;135,85
03016187;Rovetta;Bergamo;1;4.116;7,79;10,61;32,73;12,12;17,98;20,55;3,34;108,94
03016188;San Giovanni Bianco;Bergamo;1;4.660;29,90;13,01;36,17;;;12,01;6,64;97,73
03016189;San Paolo d'Argon;Bergamo;1;5.725;5,51;;40,22;24,15;9,74;6,63;12,32;98,57
03016190;San Pellegrino Terme;Bergamo;1;4.757;17,49;15,64;35,97;7,41;20,03;15,13;11,06;147,55
03016191;Santa Brigida;Bergamo;1;521;48,67;35,36;;31,94;33,28;27,25;7,64;184,15
03016252;Sant'Omobono Terme;Bergamo;1;3.863;7,22;24,58;31,02;5,54;5,92;7,32;1,81;83,42
03016193;Sarnico;Bergamo;1;6.697;10,57;;43,46;24,96;21,96;22,98;12,78;136,71
03016194;Scanzorosciate;Bergamo;1;9.784;6,07;7,65;37,29;13,93;7,22;18,94;6,17;97,28
03016195;Schilpario;Bergamo;1;1.150;9,22;27,09;44,63;11,06;34,61;29,44;3,95;160,01
03016196;Sedrina;Bergamo;1;2.462;6,39;;36,31;24,31;3,64;15,90;5,32;91,86
03016197;Selvino;Bergamo;1;1.994;22,34;28,43;73,56;35,37;80,54;52,52;50,03;342,78
03016198;Seriate;Bergamo;1;24.744;6,79;;10,80;27,48;12,40;13,11;5,93;76,51
03016199;Serina;Bergamo;1;2.024;25,83;;72,66;33,41;5,86;45,96;54,46;238,18
03016200;Solto Collina;Bergamo;1;1.777;9,74;4,77;43,29;25,36;1,91;18,60;8,23;111,90
03016251;Solza;Bergamo;1;2.029;7,51;7,45;27,93;10,45;10,47;26,55;3,22;93,60
03016201;Songavazzo;Bergamo;1;694;12,03;14,61;58,74;24,27;61,06;29,92;0,66;201,53
03016202;Sorisole;Bergamo;1;8.998;9,99;9,42;29,96;11,70;6,70;12,13;7,56;87,45
03016203;Sotto il Monte Giovanni XXIII;Bergamo;1;4.436;6,51;0,59;10,57;16,10;2,32;27,52;9,77;73,37
03016204;Sovere;Bergamo;1;5.162;18,20;7,81;50,40;4,04;2,59;15,26;7,47;105,76
03016205;Spinone al Lago;Bergamo;1;974;13,64;5,88;65,36;7,04;12,66;34,81;14,82;154,21
03016206;Spirano;Bergamo;1;5.669;7,47;;32,50;23,65;22,39;10,64;5,27;101,91
03016207;Stezzano;Bergamo;1;13.243;7,92;12,81;22,40;11,62;4,74;3,93;16,73;80,16
03016208;Strozza;Bergamo;1;1.059;17,73;21,34;23,82;;5,78;14,77;8,26;91,70
03016209;Suisio;Bergamo;1;3.720;9,43;6,76;32,06;14,30;9,66;28,85;5,51;107,16
03016210;Taleggio;Bergamo;1;534;37,01;;49,66;41,22;;17,98;10,01;155,88
03016211;Tavernola Bergamasca;Bergamo;1;2.014;8,96;0,11;39,98;25,27;20,02;13,92;7,38;115,64
03016212;Telgate;Bergamo;1;4.911;7,54;;29,04;16,44;9,15;7,94;11,12;81,23
03016214;Torre Boldone;Bergamo;1;8.641;8,88;;6,90;15,87;9,44;6,59;1,95;49,63
03016215;Torre de' Busi;Bergamo;1;2.192;3,10;;27,60;26,45;0,17;15,01;10,13;82,46
03016216;Torre de' Roveri;Bergamo;1;2.463;7,36;0,01;31,49;21,30;8,52;6,98;16,82;92,49
03016217;Torre Pallavicina;Bergamo;1;1.081;3,15;;86,17;25,82;8,16;35,06;;158,36
03016218;Trescore Balneario;Bergamo;1;9.543;3,60;4,03;36,50;14,74;8,63;14,10;7,56;89,16
03016219;Treviglio;Bergamo;1;30.296;10,96;16,85;40,73;14,10;28,96;14,25;4,70;130,56
03016220;Treviolo;Bergamo;1;10.730;9,98;7,00;10,14;10,44;6,73;9,23;6,71;60,22
03016221;Ubiale Clanezzo;Bergamo;1;1.361;11,20;1,28;29,31;22,59;0,87;17,47;6,49;89,19
03016222;Urgnano;Bergamo;1;9.801;4,04;6,45;30,65;14,99;6,69;8,47;3,37;78,25
03016223;Valbondione;Bergamo;1;986;12,64;23,51;46,98;10,92;4,70;33,98;29,66;162,39
03016224;Valbrembo;Bergamo;1;4.358;7,48;12,89;27,82;10,96;10,37;26,08;8,01;103,62
03016225;Valgoglio;Bergamo;1;587;6,32;19,80;28,11;6,56;14,82;13,88;6,12;95,61
03016226;Valleve;Bergamo;1;134;22,76;;152,32;98,94;276,04;373,22;61,27;984,56
03016227;Valnegra;Bergamo;1;207;47,76;;36,45;10,31;6,47;112,06;;213,06
03016229;Valtorta;Bergamo;1;251;66,45;4,06;42,99;33,77;18,35;15,60;0,06;181,27
03016230;Vedeseta;Bergamo;1;188;35,04;;60,13;39,03;3,80;10,87;33,77;182,65
03016233;Verdello;Bergamo;1;8.115;5,23;12,33;19,43;7,64;10,25;3,81;23,23;81,93
03016234;Vertova;Bergamo;1;4.502;3,71;16,36;21,13;0,07;9,59;13,98;1,59;71,00
03016235;Viadanica;Bergamo;1;1.110;11,23;;33,69;19,77;0,32;17,77;17,81;100,58
03016236;Vigano San Martino;Bergamo;Vedi aggregazione: Unione Media Val Cavallina;;;;;;;;;
03016237;Vigolo;Bergamo;1;577;28,98;0,32;14,14;19,88;47,33;13,84;21,98;146,47
03016238;Villa d'Adda;Bergamo;1;4.485;9,75;9,89;36,26;13,84;6,05;14,18;4,18;94,16
03016239;Villa d'Alme;Bergamo;1;6.572;4,14;;12,74;20,61;18,39;29,14;4,05;89,45
03016240;Villa di Serio;Bergamo;1;6.674;3,27;3,78;9,44;10,33;5,62;8,83;6,22;47,50
03016241;Villa d'Ogna;Bergamo;1;1.785;4,75;10,77;17,67;17,55;5,41;22,39;9,82;88,37
03016242;Villongo;Bergamo;1;7.954;7,17;;33,51;20,66;4,53;9,55;10,12;85,55
03016243;Vilminore di Scalve;Bergamo;1;1.436;10,52;12,68;25,74;15,85;28,99;28,25;4,62;126,65
03016244;Zandobbio;Bergamo;1;2.687;16,37;6,75;32,71;16,05;4,75;11,26;9,06;96,95
03016245;Zanica;Bergamo;1;8.595;5,07;0,21;24,95;23,67;7,42;10,85;9,92;82,66
03016246;Zogno;Bergamo;1;8.640;4,83;15,99;36,90;7,32;22,66;13,77;1,11;102,58
01096001;Ailoche;Biella;1;318;36,36;23,93;7,34;1,78;6,29;17,70;3,58;99,13
01096002;Andorno Micca;Biella;1;2.997;23,20;14,48;48,69;1,42;11,34;35,05;4,79;140,27
01096003;Benna;Biella;1;1.133;20,75;21,41;47,55;1,12;9,44;24,77;2,81;129,78
01096004;Biella;Biella;1;43.663;25,91;14,76;34,96;19,46;22,87;84,17;4,92;208,37
01096005;Bioglio;Biella;1;891;43,60;16,59;25,36;25,43;;35,51;16,42;164,40
01096006;Borriana;Biella;1;871;22,12;14,79;40,21;8,13;5,74;16,43;12,11;120,86
01096007;Brusnengo;Biella;1;1.980;23,36;14,99;64,85;5,72;0,76;14,23;2,32;127,58
01096010;Camburzano;Biella;1;1.122;15,80;20,33;26,01;5,68;5,97;29,36;1,99;106,98
01096086;Campiglia Cervo;Biella;1;506;100,54;37,10;46,14;3,36;;40,25;1,92;232,64
01096012;Candelo;Biella;1;7.299;22,45;15,35;43,06;6,79;12,36;27,05;14,84;143,29
01096013;Caprile;Biella;1;186;51,80;40,47;40,80;9,90;16,13;56,34;3,01;222,08
01096015;Castelletto Cervo;Biella;1;789;15,63;16,93;23,67;5,74;;52,40;2,64;117,01
01096016;Cavaglia;Biella;1;3.529;13,87;16,52;39,38;5,10;12,41;31,52;1,55;121,83
01096018;Cerrione;Biella;1;2.811;12,61;18,49;14,53;11,08;;20,54;2,83;81,75
01096019;Coggiola;Biella;1;1.673;43,77;18,87;24,42;10,16;4,50;16,90;2,52;122,83
01096020;Cossato;Biella;1;14.149;15,73;9,68;26,81;15,01;14,62;52,80;3,24;138,77
01096023;Curino;Biella;1;454;63,67;34,67;18,00;6,24;;29,84;1,61;157,15
01096024;Donato;Biella;1;712;24,36;24,62;16,39;14,91;18,26;34,50;8,54;143,81
01096025;Dorzano;Biella;1;539;46,48;55,47;17,33;4,20;;51,47;1,28;181,22
01096026;Gaglianico;Biella;1;3.677;12,58;14,58;26,99;30,81;9,71;31,60;5,66;133,24
01096027;Gifflenga;Biella;1;109;21,21;48,87;32,13;7,80;;48,95;2,37;165,72
01096028;Graglia;Biella;1;1.496;46,06;27,23;28,89;5,49;6,68;38,11;5,42;160,33
01096085;lessona;Biella;1;2.662;16,65;21,68;43,85;8,51;;14,82;1,92;109,38
01096030;Magnano;Biella;1;376;61,50;32,20;12,42;3,77;14,10;28,24;1,49;156,61
01096031;Massazza;Biella;1;524;42,66;28,36;24,51;5,94;1,03;32,23;3,27;140,56
01096032;Masserano;Biella;1;1.939;22,86;24,20;34,62;8,40;5,23;37,51;8,01;142,99
01096033;Mezzana Mortigliengo;Biella;1;494;41,53;34,74;37,58;3,76;0,45;61,94;;183,13
01096034;Miagliano;Biella;1;563;20,54;19,38;57,02;4,53;2,13;21,94;1,68;128,96
01096035;Mongrando;Biella;1;3.680;22,83;11,83;34,58;8,39;7,10;14,31;4,53;104,62
01096037;Mottalciata;Biella;1;1.325;23,56;21,61;46,25;8,55;4,33;31,83;1,95;140,03
01096038;Muzzano;Biella;1;585;46,78;22,18;49,89;9,68;11,19;23,87;6,82;172,40
01096039;Netro;Biella;1;928;28,66;28,68;11,73;4,88;3,81;40,15;3,82;124,30
01096040;Occhieppo Inferiore;Biella;1;3.780;10,30;16,69;30,11;11,24;;15,63;2,74;88,22
01096041;Occhieppo Superiore;Biella;1;2.647;11,07;15,04;56,42;12,63;6,88;19,58;2,42;125,39
01096042;Pettinengo;Biella;1;1.484;33,33;22,04;36,53;5,19;0,45;19,87;;119,40
01096043;Piatto;Biella;1;475;34,89;44,31;12,29;8,35;;54,59;4,36;162,77
01096044;Piedicavallo;Biella;1;178;99,60;71,19;26,23;7,16;;28,77;1,45;240,80
01096047;Ponderano;Biella;1;3.767;16,47;24,48;52,91;15,04;4,79;29,27;10,52;155,67
01096048;Portula;Biella;1;1.136;30,87;13,17;56,52;13,71;4,10;20,97;2,50;143,02
01096049;Pralungo;Biella;1;2.308;21,37;17,77;53,11;12,88;1,73;8,71;4,58;121,77
01096050;Pray;Biella;1;2.017;28,66;17,06;54,98;20,36;3,01;20,78;4,09;150,48
01096087;Quaregna Cerreto;Biella;1;2.019;42,95;31,13;31,80;15,43;8,92;16,85;1,92;151,80
01096053;Ronco Biellese;Biella;1;1.438;26,80;11,38;60,80;11,82;2,15;14,72;1,85;130,54
01096054;Roppolo;Biella;1;853;32,53;22,50;17,11;6,64;1,25;36,94;3,24;122,24
01096055;Rosazza;Biella;1;104;137,12;40,38;33,67;9,53;;110,34;1,24;335,91
01096056;Sagliano Micca;Biella;1;1.549;20,40;12,99;45,22;3,20;4,65;22,42;2,72;112,76
01096057;Sala Biellese;Biella;1;560;21,34;35,59;31,27;6,32;;58,52;1,69;157,93
01096058;Salussola;Biella;1;1.884;23,30;19,56;54,22;9,24;;18,82;1,73;128,64
01096059;Sandigliano;Biella;1;2.603;17,03;20,03;44,85;13,60;1,89;19,75;2,00;120,94
01096063;Sordevolo;Biella;1;1.338;23,55;31,16;24,24;9,01;;34,03;4,84;129,63
01096064;Sostegno;Biella;1;752;48,69;17,72;20,18;15,06;5,31;15,98;2,63;127,17
01096065;Strona;Biella;1;1.017;29,56;12,09;34,43;7,66;2,95;14,65;1,86;104,29
01096066;Tavigliano;Biella;1;937;35,80;27,17;35,80;;6,86;22,37;;128,00
01096067;Ternengo;Biella;1;271;45,51;17,83;33,52;14,50;1,41;34,89;10,14;159,40
01096068;Tollegno;Biella;1;2.423;23,22;15,38;55,40;11,69;3,28;16,10;2,23;128,70
01096069;Torrazzo;Biella;1;208;53,74;36,11;22,44;20,42;14,42;87,65;18,69;256,72
01096071;Valdengo;Biella;1;2.391;18,70;16,16;56,63;14,21;6,65;17,27;19,73;150,80
01096088;Valdilana;Biella;1;10.489;39,15;23,18;41,51;2,16;11,77;25,15;1,08;146,05
01096072;Vallanzengo;Biella;1;206;7,84;8,20;45,44;6,82;11,33;28,34;11,15;119,86
01096074;Valle San Nicolao;Biella;1;905;32,40;10,74;32,70;8,18;2,12;29,05;5,86;122,03
01096075;Veglio;Biella;1;479;24,35;34,50;47,97;7,19;0,44;35,47;27,35;180,39
01096076;Verrone;Biella;1;1.231;19,10;17,84;42,67;24,22;3,82;15,65;8,76;133,67
01096077;Vigliano Biellese;Biella;1;7.685;40,12;13,02;53,16;9,21;19,57;63,47;5,80;205,54
01096078;Villa del Bosco;Biella;1;327;54,22;28,70;35,70;15,16;10,47;77,30;5,43;229,56
01096079;Villanova Biellese;Biella;1;191;20,18;58,45;24,45;7,41;;33,73;0,80;149,60
01096080;Viverone;Biella;1;1.390;36,60;42,09;67,19;10,19;;19,76;4,39;184,00
01096081;Zimone;Biella;1;392;24,58;33,29;4,27;5,42;17,86;43,14;16,95;148,49
01096082;Zubiena;Biella;1;1.133;41,16;31,28;18,59;7,50;0,62;25,05;1,86;128,87
01096083;Zumaglia;Biella;1;987;39,44;15,15;59,43;4,30;3,24;38,52;3,20;164,66
08037062;Alto Reno Terme;Bologna;1;6.933;16,03;51,39;27,78;11,26;23,23;63,31;36,69;231,89
08037001;Anzola dell'Emilia;Bologna;1;12.347;18,41;14,17;59,26;18,13;15,46;24,82;6,94;157,19
08037002;Argelato;Bologna;1;9.724;18,46;13,30;59,62;18,26;14,47;23,74;31,93;179,21
08037003;Baricella;Bologna;1;7.129;13,89;14,25;53,24;19,53;9,64;19,29;57,36;187,48
08037005;Bentivoglio;Bologna;1;5.733;24,16;31,61;122,15;54,62;13,59;24,80;25,91;294,60
08037006;Bologna;Bologna;1;394.463;25,10;33,22;54,86;14,85;43,58;22,19;40,61;237,22
08037007;Borgo Tossignano;Bologna;1;3.236;11,00;28,38;37,01;11,66;9,48;8,27;51,97;158,19
08037008;Budrio;Bologna;1;18.106;10,41;10,39;74,12;25,34;16,89;15,83;18,94;172,89
08037009;Calderara di Reno;Bologna;1;13.404;22,43;15,72;57,33;16,65;11,65;28,87;27,43;180,09
08037010;Camugnano;Bologna;1;1.831;63,93;72,44;49,55;13,65;10,59;40,73;26,81;276,46
08037011;Casalecchio di Reno;Bologna;1;35.956;16,42;14,49;48,89;15,82;14,57;26,26;13,48;149,63
08037012;Casalfiumanese;Bologna;1;3.378;8,73;30,26;31,66;13,13;6,70;15,93;66,91;172,23
08037013;Castel d'Aiano;Bologna;1;1.868;25,88;59,34;32,36;14,35;17,44;28,45;22,12;200,29
08037014;Castel del Rio;Bologna;1;1.185;7,09;32,34;37,14;22,55;3,85;19,26;79,04;200,43
08037015;Castel di Casio;Bologna;1;3.349;3,95;49,01;11,00;11,42;10,22;84,87;13,25;184,97
08037016;Castel Guelfo di Bologna;Bologna;1;4.513;15,90;22,49;73,11;34,52;11,45;23,81;44,67;226,45
08037019;Castel Maggiore;Bologna;1;18.529;17,53;12,79;53,35;14,54;13,00;31,54;11,39;154,14
08037020;Castel San Pietro Terme;Bologna;1;20.768;10,02;23,24;57,41;25,98;15,99;18,97;34,13;183,40
08037017;Castello d'Argile;Bologna;1;6.576;9,49;11,99;46,59;19,64;5,93;23,27;15,49;132,85
08037021;Castenaso;Bologna;1;15.801;15,95;20,54;43,62;27,84;16,58;17,42;15,74;154,80
08037022;Castiglione dei Pepoli;Bologna;1;5.462;31,13;64,51;28,20;14,74;11,11;29,88;37,56;219,52
08037024;Crevalcore;Bologna;1;13.693;16,85;14,94;60,65;17,09;13,03;24,34;7,10;154,00
08037025;Dozza;Bologna;1;6.595;23,32;13,33;82,63;36,82;9,47;12,87;16,22;192,76
08037026;Fontanelice;Bologna;1;1.960;0,97;29,44;12,23;13,90;16,24;13,70;67,32;153,18
08037027;Gaggio Montano;Bologna;1;4.789;7,06;55,22;18,62;22,19;17,98;95,24;17,53;234,23
08037028;Galliera;Bologna;1;5.525;11,42;11,97;67,60;23,08;10,04;14,62;9,69;148,24
08037030;Granarolo dell'Emilia;Bologna;1;12.422;11,45;15,86;51,37;32,65;15,94;12,14;11,51;149,37
08037031;Grizzana Morandi;Bologna;1;3.887;20,36;48,49;25,97;16,58;9,97;30,21;30,39;186,76
08037032;Imola;Bologna;1;70.392;10,29;18,26;42,23;19,57;18,87;16,18;26,41;149,51
08037033;Lizzano in Belvedere;Bologna;1;2.184;26,33;75,34;33,25;25,85;21,27;87,38;59,50;328,94
08037034;Loiano;Bologna;1;4.357;24,56;35,84;28,40;19,16;10,94;33,69;16,47;169,49
08037035;Malalbergo;Bologna;1;9.094;12,65;19,22;28,18;25,62;12,45;18,47;20,40;137,03
08037036;Marzabotto;Bologna;1;6.766;11,00;37,78;19,80;18,39;6,94;57,19;14,19;168,11
08037037;Medicina;Bologna;1;16.504;19,22;25,46;36,26;21,61;9,28;13,31;24,28;146,00
08037038;Minerbio;Bologna;1;9.009;14,63;14,30;39,16;20,61;6,73;5,04;16,17;117,07
08037039;Molinella;Bologna;1;15.710;7,74;11,07;41,70;28,92;4,17;36,19;23,29;152,25
08037040;Monghidoro;Bologna;1;3.722;48,83;53,32;49,22;21,11;12,82;36,82;28,98;253,52
08037042;Monte San Pietro;Bologna;1;10.736;8,34;6,90;63,93;21,10;5,59;11,29;11,33;128,01
08037041;Monterenzio;Bologna;1;6.182;28,43;37,03;36,55;13,19;11,28;21,24;17,43;164,80
08037044;Monzuno;Bologna;1;6.358;26,25;55,18;26,89;10,76;10,16;39,20;23,30;191,74
08037045;Mordano;Bologna;1;4.649;13,63;15,54;61,68;28,24;11,78;15,17;19,93;165,11
08037046;Ozzano dell'Emilia;Bologna;1;14.044;17,05;33,67;27,77;15,75;12,15;21,73;22,25;149,31
08037047;Pianoro;Bologna;1;17.503;23,12;35,40;35,31;11,22;9,63;38,96;11,43;164,44
08037048;Pieve di Cento;Bologna;1;7.082;11,69;15,18;52,11;18,85;12,26;13,73;13,63;137,31
08037050;Sala Bolognese;Bologna;1;8.478;17,34;15,88;59,95;17,52;8,82;20,48;6,21;145,75
08037051;San Benedetto Val di Sambro;Bologna;1;4.256;40,32;48,91;47,74;14,85;15,66;31,94;13,47;216,12
08037052;San Giorgio di Piano;Bologna;1;9.147;12,79;12,85;76,17;26,07;21,72;10,50;12,31;172,28
08037053;San Giovanni in Persiceto;Bologna;1;28.002;16,14;14,53;45,15;18,69;13,35;26,29;13,41;147,01
08037054;San Lazzaro di Savena;Bologna;1;32.616;18,74;30,11;36,98;16,27;11,69;23,60;18,55;160,10
08037055;San Pietro in Casale;Bologna;1;12.708;16,13;15,98;61,42;19,18;12,57;12,21;14,55;151,30
08037056;Sant'Agata Bolognese;Bologna;1;7.416;14,84;17,08;50,52;18,14;11,48;31,98;20,88;164,41
08037057;Sasso Marconi;Bologna;1;14.791;15,58;15,81;68,48;21,97;8,98;17,37;10,82;158,34
08037061;Valsamoggia;Bologna;1;31.834;17,56;22,32;53,88;22,02;12,40;19,90;24,28;172,27
08037059;Vergato;Bologna;1;7.684;5,51;48,56;4,84;13,59;9,60;70,12;19,77;171,85
08037060;Zola Predosa;Bologna;1;19.153;16,89;17,10;65,87;22,49;13,27;19,01;14,06;167,91
04021001;Aldino;Bolzano;1;1.669;10,07;10,06;38,06;15,77;19,33;12,09;;105,38
04021002;Andriano;Bolzano;1;1.037;11,99;13,03;3,90;27,37;10,73;6,38;3,47;76,85
04021003;Anterivo;Bolzano;1;403;14,13;12,15;17,57;18,51;9,84;10,90;;83,10
04021004;Appiano sulla strada del vino;Bolzano;1;14.817;0,44;4,37;49,89;0,68;11,51;19,28;;86,16
04021005;Avelengo;Bolzano;1;801;27,76;26,29;57,58;;;41,92;;153,54
04021006;Badia;Bolzano;1;3.533;13,18;23,12;131,50;;7,92;3,62;0,99;180,33
04021007;Barbiano;Bolzano;1;1.761;22,67;20,41;13,94;8,03;2,90;4,10;0,13;72,17
04021008;Bolzano;Bolzano;1;107.760;33,03;5,95;40,89;19,23;36,35;19,82;12,36;167,64
04021009;Braies;Bolzano;1;674;11,08;6,28;60,27;14,06;20,80;5,57;;118,06
04021010;Brennero;Bolzano;1;2.288;31,73;39,00;44,15;10,23;22,48;14,25;;161,84
04021011;Bressanone;Bolzano;1;22.770;17,18;20,16;38,95;9,65;38,31;56,22;14,23;194,70
04021012;Bronzolo;Bolzano;1;2.774;11,16;14,85;8,34;6,81;0,42;14,27;;55,84
04021013;Brunico;Bolzano;1;17.050;16,08;16,21;31,95;9,57;26,84;24,17;4,82;129,64
04021014;Caines;Bolzano;1;395;12,65;12,57;23,83;17,52;10,86;2,74;;80,16
04021015;Caldaro sulla strada del vino;Bolzano;1;8.039;17,42;18,73;10,62;6,61;22,49;5,90;;81,77
04021016;Campo di Trens;Bolzano;1;2.684;29,94;42,19;12,49;0,03;8,30;9,31;;102,28
04021017;Campo Tures;Bolzano;1;5.581;8,26;20,92;35,47;0,37;2,21;13,85;;81,06
04021018;Castelbello-Ciardes;Bolzano;1;2.321;9,38;32,74;30,63;8,50;12,19;14,77;3,50;111,71
04021019;Castelrotto;Bolzano;1;6.887;44,45;19,96;8,41;0,82;12,22;32,06;;117,91
04021021;Chienes;Bolzano;1;2.939;13,99;20,67;20,39;0,09;8,00;10,01;;73,15
04021022;Chiusa;Bolzano;1;5.197;13,52;13,52;16,31;11,05;8,39;6,16;;68,96
04021023;Cornedo all'Isarco;Bolzano;1;3.486;8,87;16,78;24,21;7,55;15,15;2,00;;74,57
04021024;Cortaccia sulla strada del vino;Bolzano;1;2.198;12,01;15,51;11,07;13,89;1,75;4,25;;58,48
04021025;Cortina sulla strada del vino;Bolzano;1;648;15,34;6,37;10,66;19,93;7,39;20,56;;80,25
04021026;Corvara in Badia;Bolzano;1;1.368;32,82;49,93;300,67;;20,68;15,35;2,02;421,46
04021027;Curon Venosta;Bolzano;1;2.331;16,63;21,95;33,75;31,43;14,03;19,94;;137,73
04021028;Dobbiaco;Bolzano;1;3.338;12,94;34,83;20,70;12,64;17,25;17,87;;116,24
04021029;Egna;Bolzano;1;5.484;13,63;;0,29;6,64;8,73;37,32;12,51;79,13
04021030;Falzes;Bolzano;1;2.940;4,90;12,80;7,63;14,20;9,86;2,57;2,31;54,28
04021031;Fie allo Sciliar;Bolzano;1;3.609;16,19;19,34;22,04;10,50;22,34;;1,27;91,69
04021032;Fortezza;Bolzano;1;1.011;28,73;41,91;10,83;1,10;2,37;0,57;1,76;87,27
04021033;Funes;Bolzano;1;2.578;17,64;20,45;14,05;6,23;8,08;5,02;;71,47
04021034;Gais;Bolzano;1;3.249;12,86;13,78;25,02;0,42;3,88;4,67;;60,62
04021035;Gargazzone;Bolzano;1;1.820;14,60;13,28;17,59;7,62;12,51;6,46;0,91;72,97
04021036;Glorenza;Bolzano;1;898;17,79;24,00;3,54;1,32;10,52;0,49;;57,67
04021117;La Valle;Bolzano;1;1.392;14,46;29,93;19,42;;6,30;3,71;;73,82
04021037;Laces;Bolzano;1;5.255;9,30;15,41;43,03;23,86;9,75;10,21;;111,55
04021038;Lagundo;Bolzano;1;5.026;58,15;11,50;6,80;1,77;12,14;8,75;;99,10
04021039;Laion;Bolzano;1;2.756;20,09;14,47;14,01;9,94;10,36;6,32;;75,19
04021040;Laives;Bolzano;1;18.204;32,97;6,16;26,96;16,10;16,42;21,37;9,73;129,70
04021041;Lana;Bolzano;1;12.438;48,19;17,67;10,14;10,87;1,60;;0,78;89,26
04021042;Lasa;Bolzano;1;4.066;9,73;13,60;2,88;29,22;10,42;11,58;3,80;81,23
04021043;Lauregno;Bolzano;1;342;7,16;5,12;3,31;2,30;7,54;16,80;;42,23
04021044;Luson;Bolzano;1;1.549;19,90;15,14;28,06;14,86;6,92;6,69;;91,55
04021045;Magre sulla strada del vino;Bolzano;1;1.275;12,06;;29,98;;14,99;1,25;0,93;59,22
04021046;Malles Venosta;Bolzano;1;5.207;11,73;33,94;11,36;7,91;16,21;16,71;;97,86
04021047;Marebbe;Bolzano;1;3.123;17,03;30,46;26,55;16,67;4,71;4,23;;99,65
04021048;Marlengo;Bolzano;1;2.796;14,53;19,15;18,32;11,19;7,26;32,75;;103,20
04021049;Martello;Bolzano;1;835;9,80;16,68;5,10;0,72;8,12;11,48;;51,89
04021050;Meltina;Bolzano;1;1.703;12,22;9,41;8,79;8,79;2,37;5,31;;46,89
04021051;Merano;Bolzano;1;40.985;50,44;35,05;;30,75;31,45;28,58;21,69;197,96
04021052;Monguelfo-Tesido;Bolzano;1;2.922;23,04;37,70;8,06;2,61;12,97;2,69;;87,07
04021053;Montagna;Bolzano;1;1.707;14,43;9,34;9,45;27,70;2,64;5,77;;69,33
04021054;Moso in Passiria;Bolzano;1;2.053;5,55;27,19;8,04;;;14,52;;55,30
04021055;Nalles;Bolzano;1;2.015;13,79;14,59;11,56;16,64;14,01;21,44;;92,02
04021056;Naturno;Bolzano;1;5.959;13,04;18,99;34,40;16,42;4,40;1,19;;88,43
04021057;Naz-Sciaves;Bolzano;1;3.301;13,43;16,54;18,12;6,15;1,36;15,47;2,31;73,37
04021058;Nova Levante;Bolzano;1;2.017;18,11;22,76;27,01;20,63;3,27;2,63;;94,41
04021059;Nova Ponente;Bolzano;1;3.981;17,73;25,34;29,66;11,10;42,02;3,71;;129,56
04021060;Ora;Bolzano;1;3.888;20,64;29,60;7,27;12,36;5,14;1,24;;76,26
04021061;Ortisei;Bolzano;1;4.849;32,93;25,16;3,11;13,96;22,78;8,57;;106,52
04021062;Parcines;Bolzano;1;3.846;;9,46;32,81;9,52;15,07;0,65;3,46;70,98
04021063;Perca;Bolzano;1;1.669;11,05;10,02;41,81;0,19;18,46;4,80;;86,34
04021064;Plaus;Bolzano;1;746;24,22;21,94;6,34;5,62;2,30;3,27;5,04;68,73
04021065;Ponte Gardena;Bolzano;1;196;10,86;15,86;19,68;7,62;;0,06;;54,09
04021066;Postal;Bolzano;1;1.935;13,96;17,95;14,93;6,67;13,09;5,98;;72,57
04021067;Prato allo Stelvio;Bolzano;1;3.689;22,12;19,33;2,62;2,24;4,57;0,12;;51,00
04021068;Predoi;Bolzano;1;547;5,84;81,97;3,63;;10,57;0,98;;102,99
04021070;Racines;Bolzano;1;4.540;16,02;34,57;27,26;0,09;3,28;9,92;0,71;91,86
04021071;Rasun-Anterselva;Bolzano;1;2.941;12,04;9,11;20,47;18,42;4,46;18,85;;83,35
04021072;Renon;Bolzano;1;8.016;11,09;10,40;15,72;6,29;4,20;10,52;4,84;63,07
04021073;Rifiano;Bolzano;1;1.411;10,52;11,15;18,22;14,26;3,30;2,61;;60,06
04021074;Rio di Pusteria;Bolzano;1;3.150;22,27;30,45;18,15;1,96;25,82;6,24;;104,88
04021075;Rodengo;Bolzano;1;1.276;31,77;23,02;5,93;4,81;22,17;3,73;;91,43
04021076;Salorno;Bolzano;1;3.798;25,02;13,29;19,33;;9,64;11,31;;78,58
04021077;San Candido;Bolzano;1;3.410;30,17;42,28;34,43;13,39;27,68;23,67;;171,63
04021079;San Genesio Atesino;Bolzano;1;3.140;12,57;7,86;15,76;5,96;7,09;1,22;8,03;58,49
04021080;San Leonardo in Passiria;Bolzano;1;3.556;13,01;12,93;21,37;15,60;5,05;11,70;;79,65
04021081;San Lorenzo di Sebato;Bolzano;1;3.859;11,50;17,92;34,12;6,63;5,52;4,22;;79,91
04021082;San Martino in Badia;Bolzano;1;1.791;8,38;23,17;27,64;17,87;;9,27;3,35;89,67
04021083;San Martino in Passiria;Bolzano;1;3.218;15,08;20,13;16,13;10,07;1,49;10,06;;72,95
04021084;San Pancrazio;Bolzano;1;1.537;13,69;10,23;10,19;7,47;2,27;4,16;;48,01
04021086;Sarentino;Bolzano;1;7.170;21,28;28,10;;10,38;6,01;2,57;3,82;72,16
04021087;Scena;Bolzano;1;2.952;23,09;19,48;35,91;;;35,64;;114,12
04021088;Selva dei Molini;Bolzano;1;1.428;9,02;12,92;10,57;2,58;1,40;14,83;;51,31
04021089;Selva di Val Gardena;Bolzano;1;2.558;19,94;29,41;39,00;;8,01;21,35;1,50;119,21
04021091;Senales;Bolzano;1;1.241;17,59;28,59;46,70;0,79;3,39;15,23;5,70;117,98
04021118;Senale-San Felice;Bolzano;1;786;13,31;17,74;1,68;4,88;6,24;2,07;;45,92
04021092;Sesto;Bolzano;1;1.849;20,28;48,92;90,61;10,80;12,70;21,88;;205,19
04021093;Silandro;Bolzano;1;6.205;8,83;4,58;20,82;8,04;20,65;;;62,92
04021094;Sluderno;Bolzano;1;1.812;10,35;15,74;2,64;29,51;8,39;11,92;;78,56
04021095;Stelvio;Bolzano;1;1.153;31,85;;18,31;40,98;;51,30;14,19;156,63
04021096;Terento;Bolzano;1;1.801;14,79;10,29;8,10;0,75;8,35;23,12;;65,39
04021097;Terlano;Bolzano;1;4.590;10,78;17,68;44,69;;30,46;1,70;;105,31
04021098;Termeno sulla strada del vino;Bolzano;1;3.454;13,19;20,96;18,61;0,10;3,89;13,73;;70,48
04021099;Tesimo;Bolzano;1;2.001;16,17;14,90;8,60;9,92;21,55;10,78;;81,92
04021100;Tires;Bolzano;1;1.016;10,83;11,94;21,59;20,72;4,60;4,38;;74,07
04021101;Tirolo;Bolzano;1;2.414;20,82;19,00;18,41;12,34;;68,37;1,47;140,40
04021102;Trodena nel parco naturale;Bolzano;1;1.060;18,65;2,85;24,27;32,84;1,59;38,41;;118,62
04021103;Tubre;Bolzano;1;949;14,67;17,80;11,86;12,75;9,91;2,53;;69,53
04021104;Ultimo;Bolzano;1;2.904;11,86;14,42;13,74;18,05;2,78;11,34;;72,19
04021105;Vadena;Bolzano;1;1.083;34,21;25,10;42,23;20,67;1,73;3,55;3,89;131,38
04021107;Val di Vizze;Bolzano;1;3.089;18,55;11,63;10,83;6,95;3,83;5,65;;57,44
04021106;Valdaora;Bolzano;1;3.143;15,64;18,43;43,03;8,47;3,23;11,39;11,62;111,80
04021108;Valle Aurina;Bolzano;1;5.973;33,68;8,51;30,80;;8,80;5,84;;87,63
04021109;Valle di Casies;Bolzano;1;2.325;4,86;10,53;21,08;9,69;0,86;14,09;;61,10
04021110;Vandoies;Bolzano;1;3.315;14,44;14,17;26,85;0,30;9,74;5,71;;71,21
04021111;Varna;Bolzano;1;4.810;30,83;34,34;28,26;8,79;9,55;0,47;0,95;113,20
04021116;Velturno;Bolzano;1;2.995;10,24;10,35;17,69;9,91;3,22;4,93;;56,34
04021112;Verano;Bolzano;1;995;12,71;8,88;10,05;6,44;3,00;10,84;2,47;54,40
04021113;Villabassa;Bolzano;1;1.587;6,96;18,89;41,42;4,32;;27,95;;99,55
04021114;Villandro;Bolzano;1;1.883;16,01;16,99;16,65;4,90;10,76;4,08;;69,38
04021115;Vipiteno;Bolzano;1;7.084;28,58;17,76;32,59;9,12;21,34;7,86;;117,26
03017001;Acquafredda;Brescia;1;1.510;6,04;3,94;33,06;25,00;4,68;33,12;3,41;109,24
03017002;Adro;Brescia;1;7.103;12,07;10,25;30,36;5,69;2,73;14,95;1,36;77,40
03017003;Agnosine;Brescia;1;1.644;11,50;9,05;35,26;15,55;;29,77;24,67;125,81
03017004;Alfianello;Brescia;1;2.388;9,31;13,47;54,37;9,85;5,49;11,77;13,98;135,62
03017005;Anfo;Brescia;1;446;22,15;12,27;64,17;16,89;;49,75;47,76;213,00
03017006;Angolo Terme;Brescia;1;2.345;11,49;0,01;61,95;10,56;20,73;21,72;20,96;147,41
03017007;Artogne;Brescia;1;3.545;20,52;0,44;62,76;25,68;9,46;30,30;19,35;168,52
03017008;Azzano Mella;Brescia;1;3.315;21,51;;77,36;11,10;;;4,70;148,80
03017009;Bagnolo Mella;Brescia;1;12.406;8,61;;21,18;12,96;11,38;18,61;14,63;87,38
03017010;Bagolino;Brescia;1;3.772;10,71;10,43;66,42;13,17;;16,08;12,68;129,49
03017011;Barbariga;Brescia;1;2.282;8,32;6,17;41,32;12,95;8,33;20,58;5,11;102,78
03017012;Barghe;Brescia;1;1.147;11,39;9,02;33,36;12,41;8,27;14,07;15,91;104,42
03017013;Bassano Bresciano;Brescia;1;2.311;21,49;12,84;56,38;9,39;16,09;12,05;10,59;143,35
03017014;Bedizzole;Brescia;1;12.187;9,54;;43,62;18,99;5,09;12,53;7,53;130,13
03017015;Berlingo;Brescia;1;2.731;5,39;7,36;37,69;12,94;1,59;21,89;6,15;93,56
03017016;Berzo Demo;Brescia;1;1.562;18,07;0,54;67,24;12,65;5,55;21,96;11,26;137,28
03017017;Berzo Inferiore;Brescia;1;2.436;15,11;0,43;45,47;25,61;10,79;16,86;12,19;126,46
03017018;Bienno;Brescia;1;3.777;11,47;0,01;56,27;12,53;16,48;11,51;21,46;129,73
03017019;Bione;Brescia;1;1.319;13,16;9,51;41,64;13,09;0,50;14,19;19,31;111,40
03017020;Borgo San Giacomo;Brescia;1;5.377;5,82;5,78;33,22;14,46;6,81;7,46;8,34;81,89
03017021;Borgosatollo;Brescia;1;9.021;3,03;;37,66;22,40;5,24;3,48;11,48;83,28
03017022;Borno;Brescia;1;2.519;27,47;0,06;87,79;21,97;25,86;18,42;11,91;193,48
03017023;Botticino;Brescia;1;10.568;8,73;0,66;35,58;18,60;7,36;15,84;2,91;89,68
03017024;Bovegno;Brescia;1;2.053;12,22;;49,53;20,37;;24,22;22,20;128,53
03017025;Bovezzo;Brescia;1;7.393;9,28;;40,06;21,56;20,86;18,07;11,27;121,63
03017026;Brandico;Brescia;1;1.678;20,63;4,99;26,60;22,67;0,98;5,36;5,46;86,70
03017027;Braone;Brescia;1;683;10,09;0,30;49,92;9,33;11,37;23,54;10,94;115,48
03017028;Breno;Brescia;1;4.694;19,71;0,01;55,09;10,40;7,19;14,60;21,94;128,95
03017029;Brescia;Brescia;1;195.102;22,46;;64,93;32,78;43,19;15,81;25,75;250,96
03017030;Brione;Brescia;1;736;18,53;;31,54;27,43;;18,23;6,74;102,48
03017031;Caino;Brescia;1;2.097;7,99;;68,38;7,44;13,66;26,47;21,37;155,43
03017032;Calcinato;Brescia;1;12.810;6,01;9,83;22,09;15,38;3,77;52,15;16,01;122,05
03017033;Calvagese della Riviera;Brescia;1;3.552;6,13;6,74;19,25;12,99;1,80;45,36;42,27;131,73
03017034;Calvisano;Brescia;1;8.402;10,15;6,28;59,34;14,75;5,02;35,95;9,35;145,48
03017035;Capo di Ponte;Brescia;1;2.406;18,40;0,01;61,25;8,87;13,89;14,48;11,90;128,79
03017036;Capovalle;Brescia;1;346;10,20;9,45;51,38;13,01;17,09;10,99;22,42;134,53
03017037;Capriano del Colle;Brescia;1;4.622;20,59;;40,32;25,37;4,28;8,52;10,54;109,64
03017038;Capriolo;Brescia;1;9.298;8,11;;40,74;30,83;9,41;10,98;15,17;115,23
03017039;Carpenedolo;Brescia;1;12.877;5,79;7,34;35,30;15,45;7,79;34,02;8,10;113,79
03017040;Castegnato;Brescia;1;8.328;6,29;9,88;38,36;18,91;8,05;8,23;6,38;96,71
03017042;Castel Mella;Brescia;1;10.848;9,49;12,24;25,31;11,44;7,85;13,79;2,40;82,52
03017041;Castelcovati;Brescia;1;6.633;4,48;4,51;20,41;13,65;8,70;30,36;15,05;97,15
03017043;Castenedolo;Brescia;1;11.386;8,92;6,99;43,21;15,27;9,40;29,22;17,64;130,65
03017044;Casto;Brescia;1;1.643;10,84;7,72;34,38;10,62;1,24;6,41;17,25;88,46
03017045;Castrezzato;Brescia;1;7.443;7,31;;44,81;20,14;5,85;13,34;13,59;153,78
03017046;Cazzago San Martino;Brescia;1;10.928;5,45;7,22;41,57;23,18;3,04;29,59;11,50;121,54
03017047;Cedegolo;Brescia;1;1.105;16,20;0,01;62,38;11,56;3,87;20,21;9,40;123,64
03017048;Cellatica;Brescia;1;4.904;11,13;;69,87;28,67;11,67;20,45;38,72;180,51
03017049;Cerveno;Brescia;1;655;10,85;0,01;53,27;16,34;0,70;21,53;9,64;112,33
03017050;Ceto;Brescia;1;1.796;8,95;10,04;11,77;12,78;6,06;39,17;;88,76
03017051;Cevo;Brescia;1;829;17,03;0,01;46,77;18,27;5,95;25,55;10,58;124,15
03017052;Chiari;Brescia;1;19.087;12,57;7,48;50,27;10,15;12,53;20,44;21,16;134,58
03017054;Cimbergo;Brescia;1;532;15,68;1,26;27,58;24,98;10,05;29,34;11,11;120,00
03017055;Cividate Camuno;Brescia;1;2.721;15,05;0,02;62,84;15,91;9,65;15,08;15,10;133,66
03017056;Coccaglio;Brescia;1;8.723;8,80;6,98;53,35;11,21;0,71;6,54;1,57;89,15
03017057;Collebeato;Brescia;1;4.542;8,86;6,51;48,16;19,59;10,75;23,94;14,17;131,99
03017058;Collio;Brescia;1;2.067;0,46;;31,94;21,42;33,87;9,84;9,19;106,72
03017059;Cologne;Brescia;1;7.495;9,53;6,34;46,78;10,02;8,57;16,00;1,54;106,31
03017060;Comezzano-Cizzago;Brescia;1;3.990;3,92;;40,63;21,03;2,34;13,39;9,84;91,14
03017061;Concesio;Brescia;1;15.537;6,17;;28,33;24,55;14,04;8,26;11,38;92,73
03017062;Corte Franca;Brescia;1;7.135;6,25;;35,83;28,48;13,06;21,51;13,17;118,29
03017063;Corteno Golgi;Brescia;1;1.913;146,36;60,98;6,99;5,63;34,59;25,51;12,89;292,95
03017064;Corzano;Brescia;1;1.402;11,34;5,12;24,60;18,98;0,76;8,32;6,54;75,67
03017065;Darfo Boario Terme;Brescia;1;15.598;27,14;0,02;68,25;27,21;0,53;1,62;8,83;133,60
03017066;Dello;Brescia;1;5.528;13,54;17,55;24,61;14,41;2,89;25,00;0,33;98,33
03017067;Desenzano del Garda;Brescia;1;29.314;8,62;17,14;27,12;18,59;7,54;75,67;17,12;166,86
03017068;Edolo;Brescia;1;4.466;13,23;0,01;56,74;13,17;11,80;7,75;29,11;131,83
03017069;Erbusco;Brescia;1;8.531;5,56;9,13;47,72;21,37;7,93;29,28;7,83;129,24
03017071;Fiesse;Brescia;1;2.000;8,04;8,93;40,64;9,13;2,37;7,07;0,89;77,06
03017072;Flero;Brescia;1;8.774;7,84;;33,43;16,62;9,57;13,41;15,14;96,40
03017073;Gambara;Brescia;1;4.578;7,02;9,62;27,17;15,77;1,58;12,55;4,15;77,86
03017074;Gardone Riviera;Brescia;1;2.627;13,74;15,01;51,76;35,73;28,40;172,10;31,41;337,87
03017075;Gardone Val Trompia;Brescia;1;11.390;11,44;;57,23;22,02;15,59;30,99;19,80;204,74
03017076;Gargnano;Brescia;1;2.766;26,88;55,94;26,13;14,09;10,99;130,32;48,21;304,23
03017077;Gavardo;Brescia;1;12.249;12,06;10,42;38,43;14,35;14,81;28,70;14,50;133,27
03017078;Ghedi;Brescia;1;18.396;5,78;10,30;31,48;13,42;10,01;36,02;5,42;112,44
03017079;Gianico;Brescia;1;2.152;13,46;0,01;59,12;10,37;2,64;13,28;9,12;108,00
03017080;Gottolengo;Brescia;1;4.933;14,35;7,55;54,86;8,25;13,34;15,26;4,63;118,24
03017081;Gussago;Brescia;1;16.359;4,44;;41,66;29,80;5,71;14,51;13,18;109,30
03017082;Idro;Brescia;1;1.893;21,67;14,70;65,04;20,56;5,52;14,08;44,77;186,87
03017083;Incudine;Brescia;1;346;12,24;0,01;28,55;18,33;45,51;43,35;5,72;153,71
03017084;Irma;Brescia;1;132;14,44;;84,26;20,10;;66,97;33,86;219,62
03017085;Iseo;Brescia;1;9.019;33,24;20,95;87,07;16,98;38,53;19,30;21,66;237,74
03017086;Isorella;Brescia;1;4.059;9,38;9,13;46,82;19,90;3,72;25,34;19,68;133,96
03017087;Lavenone;Brescia;1;481;20,40;8,46;57,66;11,65;;31,42;43,45;173,04
03017088;Leno;Brescia;1;13.956;16,92;;20,89;20,68;11,69;21,00;9,34;100,51
03017089;Limone sul Garda;Brescia;1;1.136;43,05;39,98;114,76;139,24;62,71;383,93;60,31;818,45
03017090;Lodrino;Brescia;1;1.633;9,75;;52,74;19,84;0,71;28,77;10,31;122,43
03017091;Lograto;Brescia;1;3.718;5,89;4,93;44,07;15,08;4,79;13,01;18,19;105,96
03017092;Lonato del Garda;Brescia;1;16.617;25,48;11,41;20,51;13,54;5,17;62,29;22,93;157,91
03017093;Longhena;Brescia;1;561;9,55;5,43;55,57;5,71;4,04;21,08;2,14;103,52
03017094;Losine;Brescia;1;610;7,00;0,01;39,49;14,96;14,16;19,07;9,56;104,24
03017095;Lozio;Brescia;1;375;25,50;0,01;55,30;43,42;;35,31;8,76;168,30
03017096;Lumezzane;Brescia;1;21.648;6,16;;34,02;24,77;14,60;35,41;11,44;126,42
03017097;Maclodio;Brescia;1;1.462;23,47;14,76;27,23;18,13;11,28;20,36;;115,23
03017098;Magasa;Brescia;1;105;44,11;21,18;17,93;31,04;;150,90;16,59;272,23
03017099;Mairano;Brescia;1;3.442;6,89;;26,06;18,42;6,30;16,42;13,16;87,24
03017100;Malegno;Brescia;1;1.982;9,59;0,01;46,28;8,17;7,75;15,36;17,85;105,02
03017101;Malonno;Brescia;1;3.092;15,18;0,01;47,88;17,07;13,29;11,60;9,72;114,75
03017102;Manerba del Garda;Brescia;1;5.321;13,64;18,07;48,94;39,63;19,61;132,53;31,82;304,23
03017103;Manerbio;Brescia;1;13.128;4,06;10,24;26,29;12,86;3,47;48,32;22,84;124,87
03017104;Marcheno;Brescia;1;4.174;7,77;;24,12;18,49;4,99;28,40;19,95;103,73
03017105;Marmentino;Brescia;1;659;0,42;;44,61;21,80;20,49;11,09;12,16;110,56
03017106;Marone;Brescia;1;3.116;14,09;;56,15;30,68;10,30;13,19;15,55;139,96
03017108;Milzano;Brescia;1;1.736;13,20;6,97;25,44;9,31;5,54;22,09;18,03;100,58
03017109;Moniga del Garda;Brescia;1;2.541;14,57;26,00;57,15;30,31;26,18;127,84;23,38;297,55
03017111;Monte Isola;Brescia;1;1.646;16,34;12,93;69,11;36,26;21,40;11,84;50,47;218,34
03017112;Monticelli Brusati;Brescia;1;4.542;9,94;7,98;52,74;16,12;0,01;43,71;21,28;179,41
03017113;Montichiari;Brescia;1;25.739;7,57;7,38;33,76;17,95;10,07;33,13;4,63;114,49
03017114;Montirone;Brescia;1;5.023;7,63;6,13;47,65;17,49;4,29;42,65;7,26;133,10
03017115;Mura;Brescia;1;773;10,02;6,99;30,65;9,62;34,31;14,09;15,80;121,50
03017116;Muscoline;Brescia;1;2.634;10,41;9,73;31,55;14,98;1,90;18,23;15,55;102,35
03017117;Nave;Brescia;1;10.443;9,30;;41,99;23,90;16,17;19,59;12,69;127,42
03017118;Niardo;Brescia;1;1.983;9,54;0,01;34,86;7,42;5,93;17,19;27,11;102,06
03017119;Nuvolento;Brescia;1;3.867;13,01;;24,35;12,89;;22,71;26,22;99,17
03017120;Nuvolera;Brescia;1;4.643;7,84;;12,44;16,51;4,35;19,67;29,75;93,28
03017121;Odolo;Brescia;1;1.911;12,09;10,11;37,23;11,82;13,61;15,96;27,73;128,56
03017122;Offlaga;Brescia;1;4.054;21,90;11,92;37,45;8,72;;7,76;9,83;97,58
03017123;Ome;Brescia;1;3.195;;7,32;25,54;35,80;;18,36;13,18;100,21
03017124;Ono San Pietro;Brescia;1;968;12,26;0,01;51,69;8,64;9,73;21,07;8,90;112,31
03017125;Orzinuovi;Brescia;1;12.315;6,92;9,53;41,98;13,94;15,22;6,80;9,93;104,32
03017126;Orzivecchi;Brescia;1;2.426;9,81;6,96;48,39;11,04;3,23;11,73;6,55;97,72
03017127;Ospitaletto;Brescia;1;14.107;3,53;;24,53;15,09;8,46;27,94;14,50;94,33
03017128;Ossimo;Brescia;1;1.502;12,88;0,01;44,60;5,75;5,99;13,84;26,08;109,14
03017129;Padenghe sul Garda;Brescia;1;4.696;10,51;15,28;34,85;20,53;29,08;84,66;74,50;268,81
03017130;Paderno Franciacorta;Brescia;1;3.602;4,77;7,77;39,37;15,61;3,20;10,16;15,35;96,23
03017131;Paisco Loveno;Brescia;1;173;15,74;0,01;40,92;12,19;;66,61;6,83;142,29
03017132;Paitone;Brescia;1;2.139;11,41;13,29;33,56;18,29;;27,52;39,17;143,24
03017133;Palazzolo sull'Oglio;Brescia;1;19.975;11,31;9,63;37,17;15,08;13,21;;10,07;96,47
03017134;Paratico;Brescia;1;4.815;13,41;;72,60;26,24;2,79;20,94;18,31;163,53
03017135;Paspardo;Brescia;1;592;15,11;0,01;24,85;20,41;7,10;22,10;7,64;97,20
03017136;Passirano;Brescia;1;6.892;7,19;5,91;22,60;17,11;5,40;29,17;9,26;96,65
03017139;Pertica Alta;Brescia;1;558;7,62;7,06;27,01;9,71;18,70;24,64;13,49;108,23
03017140;Pertica Bassa;Brescia;1;582;7,67;8,37;28,54;11,52;;18,91;24,95;100,64
03017141;Pezzaze;Brescia;1;1.455;9,22;2,49;38,78;20,94;;17,26;13,53;102,21
03017142;Pian Camuno;Brescia;1;4.684;17,32;0,02;65,23;17,09;5,68;13,91;14,37;142,82
03017206;Piancogno;Brescia;1;4.694;14,06;0,01;58,88;14,39;;7,51;5,36;100,21
03017143;Pisogne;Brescia;1;7.872;20,13;13,61;64,50;9,05;11,59;13,21;2,42;134,52
03017144;Polaveno;Brescia;1;2.434;11,54;;46,23;19,34;3,50;23,04;1,57;105,23
03017145;Polpenazze del Garda;Brescia;1;2.660;5,54;8,71;32,48;15,16;2,30;65,24;19,23;144,15
03017146;Pompiano;Brescia;1;3.744;5,49;5,24;30,65;16,73;1,47;24,03;6,68;90,29
03017147;Poncarale;Brescia;1;5.142;9,16;5,70;40,85;16,42;6,09;27,46;11,74;117,41
03017149;Pontevico;Brescia;1;6.910;5,81;12,72;14,22;13,50;2,08;50,49;6,01;101,93
03017150;Pontoglio;Brescia;1;6.855;8,52;;48,67;19,62;14,32;20,28;13,85;125,26
03017151;Pozzolengo;Brescia;1;3.533;4,38;9,38;22,94;13,81;7,14;59,05;12,30;125,59
03017153;Preseglie;Brescia;1;1.493;12,51;9,34;36,89;12,86;0,22;11,60;16,23;99,65
03017155;Prevalle;Brescia;1;6.723;11,78;;47,35;18,53;2,77;33,48;12,43;164,69
03017156;Provaglio d'Iseo;Brescia;1;7.219;8,86;7,63;31,28;12,48;;27,39;3,42;97,99
03017157;Provaglio Val Sabbia;Brescia;1;890;7,74;7,20;23,45;9,91;15,10;16,19;17,63;97,21
03017158;Puegnago sul Garda;Brescia;1;3.469;5,05;11,49;20,53;19,65;2,61;55,55;59,86;171,00
03017159;Quinzano d'Oglio;Brescia;1;6.123;7,69;7,35;30,76;24,89;4,06;8,84;7,27;90,86
03017160;Remedello;Brescia;1;3.333;15,35;7,37;45,91;17,42;11,08;55,02;7,47;159,63
03017161;Rezzato;Brescia;1;13.146;5,72;12,13;39,06;10,79;13,35;18,83;10,46;118,23
03017162;Roccafranca;Brescia;1;4.780;6,67;6,03;74,95;16,07;9,04;11,90;8,33;132,99
03017163;Rodengo Saiano;Brescia;1;9.708;5,92;;40,13;30,05;10,88;24,92;8,76;121,09
03017164;Roe Volciano;Brescia;1;4.337;15,12;9,35;42,73;12,88;1,30;16,81;23,46;121,66
03017165;Roncadelle;Brescia;1;9.283;15,78;23,99;52,55;17,71;9,46;26,78;7,86;179,16
03017166;Rovato;Brescia;1;18.841;4,42;9,38;35,65;16,29;14,46;11,14;11,76;103,10
03017168;Sabbio Chiese;Brescia;1;3.959;10,02;10,33;38,90;14,22;7,12;15,15;14,34;110,10
03017169;Sale Marasino;Brescia;1;3.310;20,36;;44,91;21,54;24,22;19,80;19,38;150,21
03017170;Salo;Brescia;1;10.463;11,37;12,77;31,97;23,10;12,63;93,92;13,71;193,17
03017171;San Felice del Benaco;Brescia;1;3.451;9,93;18,12;48,86;30,57;8,26;126,58;35,68;270,76
03017172;San Gervasio Bresciano;Brescia;1;2.620;9,51;12,64;43,56;9,25;3,67;13,92;10,43;103,55
03017173;San Zeno Naviglio;Brescia;1;4.662;6,25;11,16;42,83;14,91;11,77;18,64;11,90;117,46
03017174;Sarezzo;Brescia;1;13.166;8,00;;32,52;22,33;11,02;20,45;11,93;106,25
03017175;Saviore dell'Adamello;Brescia;1;847;23,67;0,01;60,01;23,84;10,06;35,75;15,25;168,59
03017176;Sellero;Brescia;1;1.419;15,00;0,27;50,69;12,49;4,21;18,13;8,89;109,67
03017177;Seniga;Brescia;1;1.434;19,49;16,65;24,94;12,18;21,08;2,04;14,84;111,22
03017178;Serle;Brescia;1;3.058;12,70;7,68;40,45;10,57;;7,64;13,87;92,92
03017179;Sirmione;Brescia;1;8.126;22,36;;54,25;62,67;50,22;45,20;38,56;273,27
03017180;Soiano del Lago;Brescia;1;1.940;5,38;10,89;34,75;20,60;1,61;82,05;10,02;160,65
03017181;Sonico;Brescia;1;1.222;17,54;0,02;67,29;18,59;18,60;19,89;8,26;150,19
03017182;Sulzano;Brescia;1;1.923;14,65;;81,06;24,58;21,09;43,64;7,93;283,53
03017183;Tavernole sul Mella;Brescia;1;1.206;0,05;;61,19;20,33;17,03;12,23;14,48;125,30
03017184;Temu;Brescia;1;1.110;116,59;59,19;14,45;24,65;23,42;25,82;12,56;276,68
03017185;Tignale;Brescia;1;1.192;37,31;58,26;30,49;19,21;55,97;156,36;22,11;370,48
03017186;Torbole Casaglia;Brescia;1;6.311;3,64;0,27;44,41;24,52;0,97;20,81;3,06;97,68
03017187;Toscolano-Maderno;Brescia;1;7.634;12,67;17,01;36,47;25,21;10,80;114,41;24,32;233,83
03017188;Travagliato;Brescia;1;13.606;4,67;;31,37;17,11;11,09;25,68;2,26;92,18
03017189;Tremosine sul Garda;Brescia;1;2.061;31,83;60,42;32,19;22,88;21,55;140,33;17,88;318,36
03017190;Trenzano;Brescia;1;5.375;9,38;7,19;37,30;7,61;5,07;18,41;3,13;88,09
03017191;Treviso Bresciano;Brescia;1;518;8,67;8,24;31,62;11,35;;25,95;15,78;101,62
03017192;Urago d'Oglio;Brescia;1;3.687;11,42;;56,67;19,63;6,33;18,42;10,83;157,58
03017193;Vallio Terme;Brescia;1;1.416;29,05;9,42;37,61;12,97;0,43;18,05;23,10;130,64
03017194;Valvestino;Brescia;1;169;36,89;20,06;14,79;15,28;39,24;134,07;12,87;267,28
03017195;Verolanuova;Brescia;1;8.012;3,16;6,75;16,47;18,11;7,09;43,47;4,97;98,52
03017196;Verolavecchia;Brescia;1;3.746;14,25;10,00;51,75;7,32;8,22;5,20;10,36;126,82
03017197;Vestone;Brescia;1;4.200;13,60;10,33;39,87;14,22;0,23;13,14;24,28;115,66
03017198;Vezza d'Oglio;Brescia;1;1.466;20,42;0,02;82,48;24,22;22,35;17,82;25,95;193,27
03017199;Villa Carcina;Brescia;1;10.430;9,15;;49,03;21,39;6,89;22,27;16,87;172,07
03017200;Villachiara;Brescia;1;1.367;5,46;4,27;42,24;12,84;8,48;16,99;18,17;108,44
03017201;Villanuova sul Clisi;Brescia;1;5.774;14,71;11,94;41,91;15,27;9,10;15,28;14,72;122,94
03017202;Vione;Brescia;1;636;50,26;0,01;49,77;46,56;48,98;44,62;14,57;254,76
03017203;Visano;Brescia;1;1.998;16,73;6,78;37,40;27,70;10,11;24,99;28,80;152,51
03017204;Vobarno;Brescia;1;8.173;11,29;10,43;33,79;13,04;2,52;10,12;18,48;99,79
03017205;Zone;Brescia;1;1.032;24,95;17,47;83,49;28,14;;36,78;11,56;202,38
16074002;Carovigno;Brindisi;1;16.903;19,53;33,84;81,12;41,81;36,26;5,36;;228,87
16074005;Cisternino;Brindisi;1;11.244;27,98;52,90;65,28;8,21;28,30;27,42;23,19;229,73
16074007;Fasano;Brindisi;1;39.026;27,66;39,80;121,06;24,92;14,04;32,04;9,17;269,03
16074008;Francavilla Fontana;Brindisi;1;35.290;16,12;21,85;43,08;26,15;18,22;41,43;32,98;199,83
16074010;Mesagne;Brindisi;1;25.714;14,07;18,09;74,85;37,59;15,95;24,85;4,42;189,81
16074011;Oria;Brindisi;1;14.711;6,60;0,84;40,50;3,56;20,00;18,37;0,70;90,57
16074012;Ostuni;Brindisi;1;30.371;14,38;22,29;109,11;21,18;35,86;11,00;12,97;226,79
16074013;San Donaci;Brindisi;1;6.249;;25,79;;37,02;;35,11;1,13;99,05
16074020;Villa Castelli;Brindisi;1;9.006;16,10;11,65;40,05;;24,03;53,29;12,52;157,64
20092003;Assemini;Cagliari [fino 2024];1;26.121;9,96;15,79;20,56;14,12;18,58;52,42;15,99;151,38
20092009;Cagliari;Cagliari [fino 2024];1;149.474;35,62;1,22;77,23;41,45;71,20;46,48;26,58;299,78
20092015;Decimomannu;Cagliari [fino 2024];1;8.263;;14,36;69,76;18,48;;21,96;0,29;133,32
20092108;Elmas;Cagliari [fino 2024];1;9.249;8,24;9,93;48,22;22,68;23,94;14,24;17,64;144,90
20092037;Maracalagonis;Cagliari [fino 2024];1;7.909;22,78;37,78;63,64;;14,92;10,17;10,90;160,19
20092109;Monserrato;Cagliari [fino 2024];1;19.289;15,49;16,05;56,09;19,57;25,51;17,76;12,60;163,07
20092051;Quartu Sant'Elena;Cagliari [fino 2024];1;67.823;12,93;27,69;32,57;6,27;35,83;56,27;26,77;198,35
20092105;Quartucciu;Cagliari [fino 2024];1;13.084;7,82;15,34;49,27;15,41;25,96;;;113,80
20092066;Sarroch;Cagliari [fino 2024];1;5.170;33,40;41,28;44,54;14,35;55,67;8,60;50,00;247,83
20092068;Selargius;Cagliari [fino 2024];1;28.631;14,48;17,29;55,15;15,23;24,56;29,43;49,15;205,29
20092074;Sestu;Cagliari [fino 2024];1;20.837;14,74;17,43;40,24;15,38;17,02;24,23;8,64;152,05
20092080;Sinnai;Cagliari [fino 2024];1;17.000;14,33;23,40;59,11;19,09;25,55;12,85;7,46;161,78
20092090;Uta;Cagliari [fino 2024];1;8.716;15,68;10,57;49,73;5,93;6,93;7,55;17,14;113,53
19085001;Acquaviva Platani;Caltanissetta;Vedi aggregazione: SOCIETA' REGOLAMENTAZIONE RIFIUTI CALTANISSETTA PROVINCIA NORD;;;;;;;;;
19085002;Bompensiere;Caltanissetta;Vedi aggregazione: SOCIETA' REGOLAMENTAZIONE RIFIUTI CALTANISSETTA PROVINCIA NORD;;;;;;;;;
19085003;Butera;Caltanissetta;1;4.284;31,04;3,49;58,03;42,24;26,62;40,36;1,13;202,90
19085004;Caltanissetta - Dato aggregazione SOCIETA' REGOLAMENTAZIONE RIFIUTI CALTANISSETTA PROVINCIA NORD;Caltanissetta;15;118.829;28,96;35,28;61,13;17,89;13,13;31,54;1,49;197,81
19085005;Campofranco;Caltanissetta;Vedi aggregazione: SOCIETA' REGOLAMENTAZIONE RIFIUTI CALTANISSETTA PROVINCIA NORD;;;;;;;;;
19085007;Gela;Caltanissetta;1;71.535;44,38;;26,63;;17,72;12,79;7,72;109,25
19085008;Marianopoli;Caltanissetta;Vedi aggregazione: SOCIETA' REGOLAMENTAZIONE RIFIUTI CALTANISSETTA PROVINCIA NORD;;;;;;;;;
19085010;Milena;Caltanissetta;Vedi aggregazione: SOCIETA' REGOLAMENTAZIONE RIFIUTI CALTANISSETTA PROVINCIA NORD;;;;;;;;;
19085011;Montedoro;Caltanissetta;Vedi aggregazione: SOCIETA' REGOLAMENTAZIONE RIFIUTI CALTANISSETTA PROVINCIA NORD;;;;;;;;;
19085012;Mussomeli;Caltanissetta;Vedi aggregazione: SOCIETA' REGOLAMENTAZIONE RIFIUTI CALTANISSETTA PROVINCIA NORD;;;;;;;;;
19085013;Niscemi;Caltanissetta;1;25.603;16,87;22,74;34,41;8,87;20,58;10,59;1,65;117,55
19085014;Resuttano;Caltanissetta;Vedi aggregazione: SOCIETA' REGOLAMENTAZIONE RIFIUTI CALTANISSETTA PROVINCIA NORD;;;;;;;;;
19085015;Riesi;Caltanissetta;1;10.854;19,39;16,49;28,12;13,48;36,32;9,17;4,52;127,48
19085016;San Cataldo;Caltanissetta;Vedi aggregazione: SOCIETA' REGOLAMENTAZIONE RIFIUTI CALTANISSETTA PROVINCIA NORD;;;;;;;;;
19085017;Santa Caterina Villarmosa;Caltanissetta;Vedi aggregazione: SOCIETA' REGOLAMENTAZIONE RIFIUTI CALTANISSETTA PROVINCIA NORD;;;;;;;;;
19085018;Serradifalco;Caltanissetta;Vedi aggregazione: SOCIETA' REGOLAMENTAZIONE RIFIUTI CALTANISSETTA PROVINCIA NORD;;;;;;;;;
19085020;Sutera;Caltanissetta;Vedi aggregazione: SOCIETA' REGOLAMENTAZIONE RIFIUTI CALTANISSETTA PROVINCIA NORD;;;;;;;;;
19085021;Vallelunga Pratameno;Caltanissetta;Vedi aggregazione: SOCIETA' REGOLAMENTAZIONE RIFIUTI CALTANISSETTA PROVINCIA NORD;;;;;;;;;
19085022;Villalba;Caltanissetta;Vedi aggregazione: SOCIETA' REGOLAMENTAZIONE RIFIUTI CALTANISSETTA PROVINCIA NORD;;;;;;;;;
14070001;Acquaviva Collecroce;Campobasso;1;591;16,92;8,46;54,15;8,46;3,38;11,84;5,08;108,29
14070003;Bojano;Campobasso;1;7.500;12,41;19,97;22,02;;11,54;12,18;4,05;82,16
14070004;Bonefro;Campobasso;1;1.259;25,16;9,61;42,82;3,91;1,76;30,27;11,01;120,98
14070005;Busso;Campobasso;1;1.184;24,89;8,30;30,42;31,95;1,10;4,81;2,75;104,23
14070006;Campobasso;Campobasso;1;47.849;23,48;30,68;49,69;1,81;12,21;22,10;13,17;160,45
14070007;Campochiaro;Campobasso;1;596;23,73;37,66;42,11;0,52;45,56;58,40;4,18;212,16
14070008;Campodipietra;Campobasso;1;2.447;22,35;6,79;52,14;6,24;;6,56;;94,09
14070009;Campolieto;Campobasso;1;819;20,74;32,54;18,71;12,82;17,76;10,20;;112,76
14070010;Campomarino;Campobasso;Vedi aggregazione: UNIONE DEI COMUNI DEL BASSO BIFERNO;;;;;;;;;
14070011;Casacalenda;Campobasso;1;1.981;49,12;8,18;12,48;;19,49;8,08;;97,34
14070012;Casalciprano;Campobasso;1;493;38,52;8,17;32,81;15,88;3,04;11,42;;109,84
14070013;Castelbottaccio;Campobasso;1;264;16,67;11,36;73,30;;27,95;45,58;54,58;229,45
14070015;Castelmauro;Campobasso;1;1.320;12,12;21,21;18,94;4,55;1,52;31,06;2,27;95,45
14070016;Castropignano;Campobasso;1;887;7,53;11,28;30,11;13,43;5,64;21,85;;89,82
14070017;Cercemaggiore;Campobasso;1;3.617;15,08;8,92;32,54;5,04;8,92;4,71;;75,21
14070018;Cercepiccola;Campobasso;1;623;17,91;12,84;54,91;;17,91;30,33;;133,90
14070019;Civitacampomarano;Campobasso;1;323;9,29;18,58;61,92;9,29;9,29;68,67;99,17;276,20
14070020;Colle d'Anchise;Campobasso;1;746;14,44;23,09;25,63;0,15;13,43;9,85;;86,60
14070021;Colletorto;Campobasso;1;1.721;7,82;6,16;15,64;10,18;24,90;16,40;11,02;92,13
14070022;Duronia;Campobasso;1;398;86,94;34,95;;1,37;;21,27;;144,54
14070023;Ferrazzano;Campobasso;1;3.168;11,41;11,48;50,89;;13,32;5,60;;93,82
14070024;Fossalto;Campobasso;1;1.208;;11,18;24,06;21,62;18,18;2,73;;77,76
14070026;Gildone;Campobasso;1;759;21,66;18,89;50,55;7,12;;;;98,22
14070027;Guardialfiera;Campobasso;1;957;9,17;18,47;28,18;;15,38;30,66;11,81;113,66
14070028;Guardiaregia;Campobasso;1;731;21,70;43,78;14,78;3,67;;;;83,93
14070029;Guglionesi;Campobasso;Vedi aggregazione: UNIONE DEI COMUNI DEL BASSO BIFERNO;;;;;;;;;
14070030;Jelsi;Campobasso;1;1.681;24,95;10,95;58,21;6,98;;3,42;;104,51
14070031;Larino - Dato aggregazione UNIONE DEI COMUNI DEL BASSO BIFERNO;Campobasso;9;36.578;11,35;1,11;57,04;20,51;;6,70;11,53;108,24
14070032;Limosano;Campobasso;1;717;14,87;25,00;0,16;;10,51;20,65;3,31;74,50
14070033;Lucito;Campobasso;1;640;9,28;36,46;30,81;;42,29;7,37;;126,21
14070034;Lupara;Campobasso;1;439;22,78;52,39;22,78;;15,95;11,39;29,61;154,90
14070035;Macchia Valfortore;Campobasso;1;503;;11,50;;30,29;;;14,91;59,62
14070036;Mafalda;Campobasso;1;1.116;6,23;24,79;49,81;;7,17;7,78;1,53;97,31
14070037;Matrice;Campobasso;1;1.068;26,05;3,24;33,85;3,67;5,15;17,92;;89,89
14070040;Monacilioni;Campobasso;1;474;36,07;9,40;41,10;23,64;10,05;27,03;;147,29
14070042;Montecilfone;Campobasso;Vedi aggregazione: UNIONE DEI COMUNI DEL BASSO BIFERNO;;;;;;;;;
14070043;Montefalcone nel Sannio;Campobasso;1;1.443;15,25;4,16;55,44;11,09;6,93;1,39;3,47;97,71
14070044;Montelongo;Campobasso;1;328;;3,96;108,97;13,06;;10,67;1,83;138,49
14070046;Montenero di Bisaccia;Campobasso;Vedi aggregazione: UNIONE DEI COMUNI DEL BASSO BIFERNO;;;;;;;;;
14070049;Oratino;Campobasso;1;1.685;14,91;4,84;28,94;32,00;7,72;7,48;;95,88
14070050;Palata;Campobasso;1;1.618;9,73;15,66;26,33;19,85;7,29;8,37;1,01;88,25
14070051;Petacciato;Campobasso;Vedi aggregazione: UNIONE DEI COMUNI DEL BASSO BIFERNO;;;;;;;;;
14070052;Petrella Tifernina;Campobasso;1;1.074;10,95;20,02;29,39;;7,84;11,87;;80,07
14070055;Portocannone;Campobasso;Vedi aggregazione: UNIONE DEI COMUNI DEL BASSO BIFERNO;;;;;;;;;
14070057;Riccia;Campobasso;1;4.970;12,43;8,22;45,17;12,05;10,62;25,80;;114,29
14070060;Roccavivara;Campobasso;1;654;31,35;;;26,30;6,12;50,62;;114,39
14070061;Rotello;Campobasso;1;1.156;;6,99;81,85;;14,67;4,24;;107,74
14070065;San Giacomo degli Schiavoni;Campobasso;Vedi aggregazione: UNIONE DEI COMUNI DEL BASSO BIFERNO;;;;;;;;;
14070066;San Giovanni in Galdo;Campobasso;1;526;25,24;14,63;58,89;9,49;37,49;4,45;;150,20
14070067;San Giuliano del Sannio;Campobasso;1;943;14,99;8,59;46,64;8,91;14,99;10,77;;104,88
14070068;San Giuliano di Puglia;Campobasso;1;1.003;;11,69;48,56;;2,96;4,29;0,12;68,27
14070071;San Polo Matese;Campobasso;1;471;17,71;28,51;31,43;;16,48;8,31;4,01;106,45
14070073;Sant'Angelo Limosano;Campobasso;1;323;30,69;19,20;71,52;;18,58;56,22;10,28;206,48
14070074;Sant'Elia a Pianisi;Campobasso;1;1.615;14,79;16,27;31,88;;15,31;16,60;9,47;104,31
14070077;Tavenna;Campobasso;1;630;54,60;11,87;12,15;7,00;0,81;25,84;;118,57
14070078;Termoli;Campobasso;1;32.949;21,84;44,68;52,95;4,43;13,84;33,29;31,01;202,03
14070079;Torella del Sannio;Campobasso;1;719;7,18;9,26;28,70;14,12;8,51;20,00;;87,77
14070080;Toro;Campobasso;1;1.279;32,46;26,79;13,91;2,87;;2,61;;78,64
14070081;Trivento;Campobasso;1;4.520;15,23;11,31;27,03;20,06;14,17;3,66;3,15;95,17
14070083;Ururi;Campobasso;Vedi aggregazione: UNIONE DEI COMUNI DEL BASSO BIFERNO;;;;;;;;;
15061001;Ailano;Caserta;1;1.283;26,99;19,57;75,49;14,09;;9,35;12,50;157,99
15061003;Alvignano;Caserta;1;4.660;10,40;31,46;62,39;15,00;5,48;8,38;;133,11
15061004;Arienzo;Caserta;1;5.331;32,87;26,14;1,16;22,96;0,95;103,82;0,97;188,88
15061005;Aversa;Caserta;1;51.228;57,12;51,63;36,66;27,01;32,75;19,77;;224,95
15061006;Baia e Latina;Caserta;1;2.058;0,50;26,77;98,14;10,66;;18,52;6,50;161,09
15061007;Bellona;Caserta;1;6.067;32,87;42,74;66,74;37,11;3,46;18,30;1,27;202,49
15061009;Caiazzo;Caserta;1;5.277;20,51;34,50;48,98;;12,32;4,55;;120,87
15061011;Camigliano;Caserta;1;1.989;22,78;47,09;1,55;;5,46;7,61;20,70;105,20
15061013;Capodrise;Caserta;1;10.104;24,14;19,94;59,95;31,08;9,44;5,74;7,17;159,29
15061016;Carinaro;Caserta;1;7.126;27,79;45,61;;36,87;7,82;50,14;;168,23
15061017;Carinola;Caserta;1;7.241;51,96;42,86;43,57;18,66;10,86;41,59;45,34;254,84
15061018;Casagiove;Caserta;1;13.285;124,69;29,16;1,12;32,91;0,25;1,38;14,72;204,24
15061019;Casal di Principe;Caserta;1;21.471;17,10;33,69;66,73;22,03;1,67;6,69;;147,91
15061020;Casaluce;Caserta;1;9.568;92,60;56,27;;36,33;;;;185,20
15061103;Casapesenna;Caserta;1;6.873;40,94;48,39;24,56;12,33;16,33;10,28;9,34;162,17
15061021;Casapulla;Caserta;1;8.389;15,28;23,91;47,60;32,97;43,66;8,72;;172,15
15061022;Caserta;Caserta;1;73.398;28,87;49,32;80,40;38,79;38,81;57,28;;298,84
15061023;Castel Campagnano;Caserta;1;1.491;19,06;27,96;100,55;23,49;9,82;16,98;47,63;245,48
15061024;Castel di Sasso;Caserta;1;1.095;10,90;18,96;45,94;3,67;0,45;11,65;;91,56
15061026;Castel Morrone;Caserta;1;3.678;16,39;27,19;81,94;29,81;;23,90;;179,23
15061027;Castel Volturno;Caserta;1;26.972;107,17;107,17;24,94;;18,71;62,53;;320,51
15061025;Castello del Matese;Caserta;1;1.433;19,97;13,43;54,19;19,80;7,33;;4,99;119,70
15061030;Ciorlano;Caserta;1;376;72,91;64,09;20,15;2,33;5,32;8,64;6,65;180,09
15061031;Conca della Campania;Caserta;1;1.182;15,15;16,08;64,70;20,40;;9,34;29,73;155,40
15061033;Dragoni;Caserta;1;2.027;85,11;8,23;22,54;;5,83;14,26;56,24;192,21
15061101;Falciano del Massico;Caserta;1;3.425;115,86;30,38;;33,74;35,68;3,01;0,64;219,30
15061034;Fontegreca;Caserta;1;765;29,32;19,33;26,14;12,88;0,92;45,90;;134,49
15061035;Formicola;Caserta;1;1.383;26,03;27,94;59,29;16,70;4,70;5,75;;140,41
15061039;Galluccio;Caserta;1;2.028;19,81;12,01;99,07;31,66;22,64;18,12;;203,32
15061041;Gioia Sannitica;Caserta;1;3.409;11,38;22,67;1,32;8,00;;5,08;;48,45
15061043;Gricignano di Aversa;Caserta;1;12.682;30,12;62,93;30,12;20,76;30,12;21,33;;195,39
15061044;Letino;Caserta;1;639;28,66;36,28;13,79;11,25;;29,42;72,93;192,33
15061045;Liberi;Caserta;1;1.079;11,40;22,66;45,59;11,23;;2,15;32,73;125,76
15061046;Lusciano;Caserta;1;15.907;36,17;36,47;56,58;33,93;;12,93;;178,43
15061047;Macerata Campania;Caserta;1;10.119;41,86;39,19;41,86;18,74;6,05;15,66;14,28;178,29
15061048;Maddaloni;Caserta;1;37.728;24,18;54,99;49,45;12,15;36,04;10,39;16,75;203,94
15061049;Marcianise;Caserta;1;38.778;8,89;50,79;56,19;;31,79;45,08;;192,74
15061050;Marzano Appio;Caserta;1;2.083;32,21;40,12;64,42;22,69;8,48;11,71;42,10;221,72
15061052;Mondragone;Caserta;1;29.444;30,97;44,37;61,94;20,33;;2,64;;160,28
15061053;Orta di Atella;Caserta;1;27.548;29,09;46,67;40,47;12,15;11,17;;;139,55
15061054;Parete;Caserta;1;12.087;43,33;;43,33;36,81;5,54;3,43;;136,91
15061055;Pastorano;Caserta;1;2.987;72,93;52,02;72,93;49,04;11,86;36,47;21,66;316,92
15061058;Pietramelara;Caserta;1;4.541;;36,89;0,20;15,82;;12,16;;67,27
15061059;Pietravairano;Caserta;1;2.824;61,21;13,82;14,57;29,81;6,09;6,36;;131,86
15061061;Pontelatone;Caserta;1;1.597;42,76;48,66;44,70;12,74;11,91;5,79;15,49;182,06
15061062;Portico di Caserta;Caserta;1;7.827;65,93;42,07;16,61;;;6,49;11,61;142,71
15061063;Prata Sannita;Caserta;1;1.403;13,22;15,24;90,16;11,02;3,97;44,56;;178,16
15061064;Pratella;Caserta;1;1.470;28,57;47,62;25,85;;0,68;9,52;;112,24
15061065;Presenzano;Caserta;1;1.731;37,72;53,15;70,05;0,52;;;;161,44
15061066;Raviscanina;Caserta;1;1.245;10,53;23,49;8,19;12,32;;61,91;;116,44
15061068;Riardo;Caserta;1;2.257;26,05;47,10;46,70;14,44;5,62;1,61;17,40;158,92
15061069;Rocca d'Evandro;Caserta;1;3.054;49,26;14,51;34,25;9,58;3,79;23,41;33,50;169,93
15061070;Roccamonfina;Caserta;1;3.292;27,23;22,49;54,45;31,36;3,89;83,44;8,97;231,83
15061071;Roccaromana;Caserta;1;828;26,74;31,57;64,17;2,29;18,96;6,22;18,50;168,45
15061073;Ruviano;Caserta;1;1.725;30,72;38,01;32,41;35,76;;;;136,90
15061074;San Cipriano d'Aversa;Caserta;1;13.530;10,76;19,01;55,72;32,51;7,32;7,09;0,66;133,07
15061075;San Felice a Cancello;Caserta;1;17.021;0,12;22,33;0,26;2,97;;13,78;59,06;98,52
15061076;San Gregorio Matese;Caserta;1;891;48,31;32,40;55,81;26,65;;;13,84;177,01
15061077;San Marcellino;Caserta;1;14.547;4,36;38,16;;37,62;5,56;25,12;;110,82
15061104;San Marco Evangelista;Caserta;1;6.577;18,81;31,73;89,86;41,12;21,24;17,14;1,90;221,81
15061078;San Nicola la Strada;Caserta;1;22.265;21,69;43,13;70,51;12,64;16,27;5,17;4,89;174,30
15061085;San Tammaro;Caserta;1;5.635;19,54;30,82;46,89;34,11;11,14;3,70;10,41;156,62
15061082;Santa Maria a Vico;Caserta;1;14.190;49,53;34,22;22,07;14,82;17,83;13,21;7,50;159,17
15061083;Santa Maria Capua Vetere;Caserta;1;32.183;27,30;40,24;86,03;19,11;24,11;14,10;11,35;222,23
15061084;Santa Maria la Fossa;Caserta;1;2.597;22,95;22,27;56,33;29,97;13,83;36,44;0,52;182,30
15061086;Sant'Angelo d'Alife;Caserta;1;2.129;8,46;21,56;42,26;10,93;4,59;37,36;;125,16
15061088;Sessa Aurunca;Caserta;1;20.688;99,03;41,77;95,93;30,51;10,23;4,21;4,58;287,76
15061093;Tora e Piccilli;Caserta;1;813;44,28;26,11;25,12;;11,05;81,84;;188,41
15061094;Trentola-Ducenta;Caserta;1;19.790;6,66;22,44;6,12;41,18;4,82;51,69;;132,91
15061097;Valle di Maddaloni;Caserta;1;2.665;15,63;27,45;78,15;27,63;;;;148,86
15061098;Villa di Briano;Caserta;1;7.215;45,11;41,58;6,00;20,45;11,16;16,53;7,94;155,39
15061100;Vitulazio;Caserta;1;7.618;20,24;31,55;65,15;21,09;;71,37;1,53;210,93
19087001;Aci Bonaccorsi;Catania;1;3.560;19,71;35,07;48,37;10,72;11,88;11,31;;145,35
19087002;Aci Castello;Catania;1;17.618;8,12;10,86;64,21;16,63;39,08;54,08;13,43;206,40
19087003;Aci Catena;Catania;1;27.620;19,25;17,74;6,49;13,93;6,12;41,61;7,52;112,24
19087005;Aci Sant'Antonio;Catania;1;17.882;10,12;25,01;50,60;17,52;11,83;144,45;;259,53
19087006;Adrano;Catania;1;33.788;30,77;22,10;70,61;16,10;20,14;5,64;;165,37
19087007;Belpasso;Catania;1;27.498;14,96;17,54;42,38;12,96;11,87;24,36;2,23;126,29
19087008;Biancavilla;Catania;1;22.938;27,75;17,96;22,24;26,83;26,86;16,60;1,49;139,73
19087009;Bronte;Catania;1;18.429;17,18;17,48;68,67;9,99;36,21;28,54;1,29;179,36
19087011;Caltagirone;Catania;1;35.758;10,14;16,25;60,87;14,43;23,05;19,01;15,26;168,60
19087012;Camporotondo Etneo;Catania;1;5.105;6,19;9,08;32,50;14,35;50,99;15,25;;128,36
19087013;Castel di Iudica;Catania;1;4.373;24,42;21,10;24,76;9,21;9,84;9,78;7,79;120,97
19087014;Castiglione di Sicilia;Catania;1;3.007;;30,83;;8,48;;222,80;;262,11
19087015;Catania;Catania;1;294.298;102,25;59,51;10,01;1,92;22,44;43,39;27,63;267,16
19087016;Fiumefreddo di Sicilia;Catania;1;9.119;100,59;30,32;;5,26;;11,29;;147,47
19087018;Grammichele;Catania;1;12.773;14,17;11,12;45,50;17,69;14,92;27,95;22,84;162,31
19087019;Gravina di Catania;Catania;1;25.116;30,35;105,04;9,77;;8,65;3,67;;191,70
19087020;Licodia Eubea;Catania;1;2.962;11,59;6,07;51,42;16,23;9,41;18,75;10,16;129,07
19087021;Linguaglossa;Catania;1;5.094;13,24;;66,30;20,90;29,25;19,05;;153,85
19087022;Maletto;Catania;1;3.660;9,94;16,22;55,48;19,38;17,39;26,11;7,66;152,17
19087057;Maniace;Catania;1;3.655;48,65;15,48;2,28;48,65;;1,31;0,82;117,19
19087023;Mascali;Catania;1;13.895;32,75;134,88;;24,54;11,59;18,24;;222,00
19087056;Mazzarrone;Catania;1;3.912;10,89;11,78;44,84;18,46;8,33;32,61;27,33;159,90
19087025;Militello in Val di Catania;Catania;1;6.914;10,12;13,99;53,13;14,78;21,08;18,50;12,37;151,80
19087026;Milo;Catania;1;1.036;9,24;26,60;107,94;19,72;4,04;59,44;;226,97
19087027;Mineo;Catania;1;4.623;12,62;10,73;61,14;13,98;23,29;19,30;13,83;157,68
19087028;Mirabella Imbaccari;Catania;1;4.286;14,16;14,54;51,63;20,08;17,49;23,12;11,44;158,69
19087029;Misterbianco;Catania;1;49.290;18,52;14,20;43,20;11,58;21,13;25,91;3,90;138,46
19087030;Motta Sant'Anastasia;Catania;1;12.187;28,12;92,89;4,14;11,24;25,08;3,04;;182,25
19087031;Nicolosi;Catania;1;7.423;15,24;42,64;100,68;15,67;5,19;9,89;;189,30
19087032;Palagonia;Catania;1;16.081;9,81;13,07;49,80;13,01;15,84;20,15;15,62;143,21
19087033;Paterno;Catania;1;45.756;38,01;26,67;23,17;9,78;11,62;37,74;4,07;151,05
19087035;Piedimonte Etneo;Catania;1;4.015;17,97;34,63;41,93;0,09;3,19;73,45;;171,26
19087036;Raddusa;Catania;1;2.911;26,33;10,40;26,71;14,57;14,77;25,79;9,66;130,45
19087037;Ramacca;Catania;1;10.398;6,53;9,74;33,56;16,29;7,44;9,61;6,40;95,03
19087038;Randazzo;Catania;1;10.452;17,44;28,54;86,03;7,22;16,04;11,42;11,56;178,25
19087039;Riposto;Catania;1;14.001;34,46;14,29;63,30;3,33;64,14;;;179,80
19087040;San Cono;Catania;1;2.526;10,71;8,49;57,14;16,04;21,43;14,03;12,27;147,67
19087041;San Giovanni la Punta;Catania;1;22.846;36,44;;18,70;15,67;18,12;22,99;5,22;117,15
19087043;San Michele di Ganzaria;Catania;1;3.062;11,94;8,21;65,21;20,53;15,61;22,39;12,62;163,46
19087044;San Pietro Clarenza;Catania;1;8.031;12,53;18,46;62,64;11,26;16,90;17,15;;150,16
19087048;Santa Venerina;Catania;1;8.361;18,54;19,14;68,77;21,53;25,12;25,36;;178,45
19087045;Sant'Agata li Battiati;Catania;1;9.283;31,65;29,38;31,89;29,61;42,36;83,09;0,54;335,14
19087049;Scordia;Catania;1;16.234;9,20;13,36;49,04;16,64;18,39;14,81;33,52;162,41
19087050;Trecastagni;Catania;1;11.130;12,19;19,06;56,57;13,01;9,88;56,25;0,45;177,12
19087051;Tremestieri Etneo;Catania;1;19.762;41,69;35,81;9,27;;;71,00;;157,78
19087054;Vizzini;Catania;1;5.804;10,82;13,90;54,12;14,92;18,32;19,01;11,86;145,31
19087055;Zafferana Etnea;Catania;1;9.449;15,76;21,95;67,06;18,26;15,60;35,67;9,98;377,11
18079003;Amaroni;Catanzaro;1;1.708;28,95;32,08;73,40;;12,88;15,36;28,61;191,28
18079004;Amato;Catanzaro;1;769;34,33;14,95;;11,70;3,25;51,12;10,29;125,65
18079007;Argusto;Catanzaro;1;470;34,67;29,81;32,25;;14,86;1,06;;112,66
18079012;Botricello;Catanzaro;1;5.067;29,42;89,43;37,25;;11,44;2,28;;169,82
18079018;Cardinale;Catanzaro;1;1.910;28,66;22,79;7,33;2,77;6,39;8,48;;76,41
18079020;Carlopoli;Catanzaro;1;1.429;46,57;51,61;12,65;;7,00;24,90;;142,73
18079029;Chiaravalle Centrale;Catanzaro;1;5.195;30,57;17,52;1,92;;43,65;1,54;;95,21
18079030;Cicala;Catanzaro;1;899;68,49;39,20;4,64;0,46;;12,28;;138,99
18079034;Cortale;Catanzaro;1;1.949;32,91;23,50;;25,44;23,95;12,43;1,56;122,14
18079043;Decollatura;Catanzaro;1;2.993;14,61;28,40;14,18;;;52,35;;109,54
18079047;Falerna;Catanzaro;1;3.781;30,90;33,99;90,49;14,84;17,62;12,10;1,56;201,51
18079048;Feroleto Antico;Catanzaro;1;2.020;10,59;26,78;56,77;;2,30;2,78;;99,21
18079052;Fossato Serralta;Catanzaro;Vedi aggregazione: UNIONE DEI COMUNI DELLA PRESILA CATANZARESE;;;;;;;;;
18079058;Gimigliano;Catanzaro;1;3.078;20,56;;41,12;36,69;27,76;8,51;4,66;139,30
18079060;Gizzeria;Catanzaro;1;5.089;;20,26;69,07;;41,50;33,65;5,01;169,48
18079065;Jacurso;Catanzaro;1;565;60,18;;41,51;;;;;101,69
18079160;Lamezia Terme;Catanzaro;1;67.713;30,45;38,66;63,49;12,58;20,53;8,43;;174,14
18079068;Magisano;Catanzaro;1;1.144;24,15;26,74;22,98;;17,83;19,17;;240,53
18079072;Marcellinara;Catanzaro;1;2.187;21,88;;65,64;38,22;;;;125,73
18079077;Miglierina;Catanzaro;1;721;52,01;20,80;46,97;;2,77;2,22;;124,78
18079080;Montauro;Catanzaro;1;1.712;33,06;19,49;114,98;48,58;23,61;40,58;;280,30
18079081;Montepaone;Catanzaro;1;5.377;14,64;23,25;72,29;31,15;31,53;18,36;;191,22
18079092;Pentone - Dato aggregazione UNIONE DEI COMUNI DELLA PRESILA CATANZARESE;Catanzaro;2;2.507;50,40;14,57;2,58;7,02;;1,18;0,47;76,79
18079094;Petrizzi;Catanzaro;1;1.029;11,21;;56,04;;22,42;;;89,66
18079096;Pianopoli;Catanzaro;1;2.583;19,69;12,57;19,75;4,21;7,36;7,46;2,15;73,19
18079115;San Pietro Apostolo;Catanzaro;1;1.569;17,93;31,27;8,83;15,40;;21,24;;94,66
18079122;San Vito sullo Ionio;Catanzaro;1;1.662;40,14;57,76;22,38;57,38;8,42;22,26;;208,35
18079123;Satriano;Catanzaro;1;3.358;24,30;30,38;30,38;;15,19;33,42;0,98;134,64
18079129;Serrastretta;Catanzaro;1;2.959;23,24;17,08;33,35;;8,04;8,18;;99,42
18079131;Settingiano;Catanzaro;1;3.168;78,36;19,54;19,61;;14,83;21,77;;154,11
18079138;Soveria Mannelli;Catanzaro;1;2.931;4,52;32,48;19,49;;;25,96;0,26;82,71
18079146;Taverna;Catanzaro;1;2.555;22,16;49,16;70,44;;9,29;26,72;;177,77
18079147;Tiriolo;Catanzaro;1;3.682;11,28;26,15;39,21;;24,99;32,84;;134,46
18079151;Vallefiorita;Catanzaro;1;1.559;116,06;35,63;;32,41;;;;184,09
13069001;Altino;Chieti;1;3.089;4,31;21,32;32,16;4,50;6,65;17,81;8,40;95,15
13069002;Archi;Chieti;1;2.066;5,75;19,27;51,73;3,99;;13,66;7,43;101,83
13069003;Ari;Chieti;1;1.077;9,93;11,39;51,31;6,53;3,29;73,64;3,15;159,25
13069005;Atessa;Chieti;1;10.495;9,45;4,37;90,96;43,44;3,35;35,56;16,56;220,05
13069006;Bomba;Chieti;1;751;3,84;18,82;36,56;3,84;7,56;104,44;14,86;189,92
13069007;Borrello;Chieti;1;314;12,76;3,27;96,14;14,33;17,65;35,18;15,27;213,47
13069008;Bucchianico;Chieti;1;5.032;9,29;9,83;48,04;12,10;2,20;47,66;9,66;138,78
13069010;Canosa Sannita;Chieti;1;1.293;8,45;8,63;43,80;17,61;11,62;33,14;9,06;152,30
13069011;Carpineto Sinello;Chieti;Vedi aggregazione: UNIONE DI COMUNI DEL SINELLO;;;;;;;;;
13069012;Carunchio;Chieti;Vedi aggregazione: UNIONE DI COMUNI DEL SINELLO;;;;;;;;;
13069013;Casacanditella;Chieti;1;1.186;9,51;9,19;49,21;14,74;;18,02;6,11;106,79
13069015;Casalbordino;Chieti;1;5.844;9,70;4,71;42,21;;8,73;68,31;8,22;141,87
13069016;Casalincontrada;Chieti;1;3.039;9,20;8,41;47,57;13,45;1,17;26,23;13,97;119,99
13069017;Casoli;Chieti;1;5.350;8,38;2,76;63,17;32,46;3,01;22,78;5,59;138,15
13069018;Castel Frentano;Chieti;1;4.231;5,03;11,82;42,03;11,07;9,43;13,50;12,16;105,04
13069020;Castiglione Messer Marino;Chieti;1;1.602;20,86;10,55;41,72;14,41;19,98;10,77;12,85;131,14
13069021;Celenza sul Trigno;Chieti;1;819;34,06;25,21;60,45;26,27;;5,28;2,86;154,14
13069023;Civitaluparella;Chieti;1;299;5,37;16,02;40,06;3,54;8,28;55,70;14,73;143,71
13069025;Colledimacine;Chieti;1;166;20,48;8,97;40,96;13,32;;63,61;24,70;189,87
13069026;Colledimezzo;Chieti;1;424;11,14;1,92;83,96;9,04;3,14;8,47;10,65;128,33
13069028;Cupello;Chieti;1;4.856;7,29;25,70;39,53;1,99;7,91;57,46;12,27;164,81
13069029;Dogliola;Chieti;Vedi aggregazione: UNIONE DI COMUNI DEL SINELLO;;;;;;;;;
13069104;Fallo;Chieti;1;120;15,38;4,88;120,11;34,31;;12,71;22,11;235,25
13069030;Fara Filiorum Petri;Chieti;1;1.950;12,01;15,31;60,06;18,84;;0,42;3,96;110,59
13069032;Filetto;Chieti;1;880;5,03;2,98;64,18;26,73;;27,82;9,96;136,70
13069035;Francavilla al Mare;Chieti;1;25.199;22,54;17,68;33,82;29,84;19,03;68,13;7,31;198,35
13069036;Fresagrandinaria;Chieti;1;906;6,09;17,99;45,42;7,77;13,80;19,26;24,82;135,16
13069037;Frisa;Chieti;1;1.674;6,78;1,45;61,03;24,43;18,23;19,05;15,39;174,47
13069038;Furci;Chieti;1;858;10,32;11,46;33,45;11,14;;19,29;2,50;93,99
13069039;Gamberale;Chieti;1;292;10,52;1,69;79,30;15,56;2,62;7,20;51,12;186,82
13069040;Gessopalena;Chieti;1;1.275;5,82;20,50;43,40;4,84;8,97;29,44;18,33;131,28
13069041;Gissi;Chieti;1;2.580;17,02;34,81;54,70;2,50;21,81;11,32;2,08;148,72
13069042;Giuliano Teatino;Chieti;1;1.153;10,07;10,04;51,85;5,00;18,68;18,86;24,13;138,64
13069044;Guilmi - Dato aggregazione UNIONE DI COMUNI DEL SINELLO;Chieti;9;4.817;8,04;4,43;72,33;8,48;0,15;28,04;19,74;143,05
13069045;Lama dei Peligni;Chieti;1;1.131;7,71;20,75;57,28;4,57;11,84;35,15;6,89;144,18
13069046;Lanciano;Chieti;1;34.360;13,42;1,75;55,55;33,40;14,19;11,12;17,55;146,98
13069047;Lentella;Chieti;1;646;17,66;29,24;19,92;15,32;2,63;60,16;4,24;149,16
13069048;Lettopalena;Chieti;1;326;9,34;1,24;70,37;11,76;4,21;33,48;21,60;152,01
13069050;Miglianico;Chieti;1;4.700;8,27;10,37;43,07;20,13;4,87;39,23;15,08;141,02
13069051;Montazzoli;Chieti;Vedi aggregazione: UNIONE DI COMUNI DEL SINELLO;;;;;;;;;
13069052;Monteferrante;Chieti;1;119;2,78;18,57;20,77;4,14;12,70;25,46;11,77;96,20
13069053;Montelapiano;Chieti;1;80;10,49;8,29;78,99;27,61;65,01;74,25;;264,64
13069054;Montenerodomo;Chieti;1;613;5,38;22,06;40,09;3,61;15,55;16,50;12,76;115,94
13069055;Monteodorisio;Chieti;1;2.344;4,58;18,96;41,24;12,95;17,40;10,07;15,13;120,33
13069056;Mozzagrogna;Chieti;1;2.427;4,65;1,34;35,05;23,77;6,60;22,94;4,03;98,39
13069058;Ortona;Chieti;1;22.136;8,00;1,81;77,06;44,70;14,77;16,26;14,00;176,61
13069061;Palmoli;Chieti;Vedi aggregazione: UNIONE DI COMUNI DEL SINELLO;;;;;;;;;
13069062;Palombaro;Chieti;1;957;5,23;22,75;47,08;5,89;15,08;55,31;9,56;160,89
13069063;Pennadomo;Chieti;1;224;18,05;2,82;136,04;16,02;6,58;62,19;9,25;270,15
13069065;Perano;Chieti;1;1.533;4,42;16,03;27,04;20,87;42,68;28,16;7,20;146,41
13069103;Pietraferrazzana;Chieti;1;130;3,65;23,01;27,25;4,80;21,02;22,04;29,52;131,28
13069066;Pizzoferrato;Chieti;1;991;7,41;23,52;55,29;3,95;11,43;8,79;18,03;128,43
13069067;Poggiofiorito;Chieti;1;825;6,29;24,52;46,91;5,61;9,70;10,20;9,29;112,51
13069068;Pollutri;Chieti;1;2.090;5,46;27,99;40,72;0,55;8,42;22,42;33,15;138,70
13069069;Pretoro;Chieti;1;864;16,17;32,46;83,02;12,82;5,09;81,30;4,55;235,42
13069070;Quadri;Chieti;1;736;5,92;24,02;53,25;4,46;;7,23;11,78;106,66
13069071;Rapino;Chieti;1;1.238;8,83;8,59;45,74;12,66;2,86;44,63;5,23;128,55
13069072;Ripa Teatina;Chieti;1;3.980;5,81;7,31;29,04;19,10;12,78;26,50;8,82;111,61
13069074;Rocca San Giovanni;Chieti;1;2.301;14,18;17,78;55,01;18,64;15,09;33,22;35,46;191,58
13069075;Roccascalegna;Chieti;1;1.103;6,01;20,65;54,10;4,79;7,38;26,60;22,89;142,42
13069076;Roccaspinalveti;Chieti;1;1.219;31,99;32,45;22,47;7,49;9,95;3,77;0,20;108,33
13069077;Roio del Sangro;Chieti;1;95;3,95;23,33;35,56;6,02;26,32;137,52;27,02;259,71
13069078;Rosello;Chieti;1;203;9,26;33,55;69,03;7,40;36,44;74,07;26,43;256,19
13069079;San Buono;Chieti;1;892;35,98;13,43;;8,50;15,75;22,74;;96,40
13069080;San Giovanni Lipioni;Chieti;Vedi aggregazione: UNIONE DI COMUNI DEL SINELLO;;;;;;;;;
13069081;San Giovanni Teatino;Chieti;1;13.884;74,01;33,85;60,55;36,40;31,88;14,77;;251,45
13069082;San Martino sulla Marrucina;Chieti;1;851;9,19;11,47;47,61;12,84;6,66;52,27;8,07;148,10
13069083;San Salvo;Chieti;1;19.809;9,62;32,96;62,96;14,90;14,43;;;134,88
13069086;San Vito Chietino;Chieti;1;5.218;12,17;0,19;53,49;28,64;33,00;16,67;12,91;168,33
13069084;Santa Maria Imbaro;Chieti;1;2.064;5,61;1,66;42,26;22,76;9,45;19,19;3,89;104,82
13069085;Sant'Eusanio del Sangro;Chieti;1;2.312;5,22;18,87;38,94;2,29;8,05;7,43;15,55;96,34
13069087;Scerni;Chieti;1;3.036;110,22;25,06;;1,18;;2,69;;139,14
13069088;Schiavi di Abruzzo;Chieti;1;703;75,34;41,27;;1,23;17,08;8,42;35,35;178,69
13069089;Taranta Peligna;Chieti;1;343;5,30;20,75;38,92;5,34;8,05;17,85;32,62;128,83
13069091;Torino di Sangro;Chieti;1;2.978;8,89;1,48;66,99;37,89;7,52;15,72;8,09;160,53
13069092;Tornareccio;Chieti;1;1.642;6,83;1,18;65,81;18,78;11,19;25,40;8,96;138,15
13069093;Torrebruna;Chieti;Vedi aggregazione: UNIONE DI COMUNI DEL SINELLO;;;;;;;;;
13069094;Torrevecchia Teatina;Chieti;1;4.158;8,49;26,57;44,03;1,51;2,42;19,75;6,05;108,83
13069095;Torricella Peligna;Chieti;1;1.205;9,88;15,60;65,19;13,70;10,68;15,39;6,32;136,77
13069096;Treglio;Chieti;1;1.700;6,52;2,43;49,12;32,58;1,64;36,80;6,11;135,20
13069097;Tufillo;Chieti;Vedi aggregazione: UNIONE DI COMUNI DEL SINELLO;;;;;;;;;
13069098;Vacri;Chieti;1;1.566;10,51;7,99;54,28;10,49;6,95;38,97;26,80;155,98
13069099;Vasto;Chieti;1;40.534;15,78;16,79;48,64;20,37;25,09;27,09;11,06;180,50
13069102;Villa Santa Maria;Chieti;1;1.193;10,94;2,17;82,40;10,88;12,69;12,56;17,21;151,42
13069101;Villamagna;Chieti;1;2.208;10,12;11,20;52,52;15,15;10,40;44,18;9,27;153,38
03013003;Albavilla;Como;Vedi aggregazione: Service 24 Ambiente;;;;;;;;;
03013004;Albese con Cassano;Como;Vedi aggregazione: Service 24 Ambiente;;;;;;;;;
03013005;Albiolo;Como;1;2.683;7,35;6,28;34,60;13,44;4,31;26,51;15,01;107,49
03013006;Alserio;Como;Vedi aggregazione: Il Cilindro;;;;;;;;;
03013253;Alta Valle Intelvi;Como;1;2.978;53,70;48,51;27,01;8,59;11,02;20,14;4,06;173,03
03013007;Alzate Brianza - Dato aggregazione Il Cilindro;Como;7;21.728;20,64;18,69;37,98;6,16;2,71;25,34;8,39;120,15
03013009;Anzano del Parco;Como;Vedi aggregazione: Il Cilindro;;;;;;;;;
03013010;Appiano Gentile;Como;1;7.607;7,14;19,37;31,57;14,93;16,96;26,38;6,87;120,62
03013011;Argegno;Como;1;681;13,50;12,47;70,06;10,86;29,45;81,50;8,34;226,17
03013012;Arosio;Como;Vedi aggregazione: Service 24 Ambiente;;;;;;;;;
03013013;Asso;Como;1;3.567;11,97;19,66;35,78;10,07;10,59;14,90;;105,59
03013015;Barni;Como;1;564;14,43;24,37;29,00;0,73;14,70;32,97;;116,19
03013250;Bellagio;Como;1;3.616;54,80;66,71;34,44;6,55;38,86;24,38;13,05;238,79
03013021;Bene Lario;Como;1;315;16,60;27,14;14,62;2,43;29,29;28,23;;118,30
03013022;Beregazzo con Figliaro;Como;1;2.769;6,56;15,98;33,30;13,12;2,27;12,27;2,66;86,16
03013023;Binago;Como;1;4.757;6,58;;24,20;31,21;8,25;32,04;8,06;110,33
03013024;Bizzarone;Como;Vedi aggregazione: Unione dei Comuni Lombarda Terre di Frontiera;;;;;;;;;
03013025;Blessagno;Como;1;287;46,18;55,49;;3,83;;62,78;2,44;170,73
03013026;Blevio;Como;Vedi aggregazione: Unione dei Comuni Lombarda Lario e Monti;;;;;;;;;
03013028;Bregnano;Como;1;6.446;7,00;6,76;29,23;15,50;6,43;10,88;9,30;85,12
03013029;Brenna;Como;Vedi aggregazione: Il Cilindro;;;;;;;;;
03013032;Brunate;Como;Vedi aggregazione: Service 24 Ambiente;;;;;;;;;
03013034;Bulgarograsso;Como;1;3.983;7,70;29,10;25,89;3,13;7,17;7,38;2,90;83,26
03013035;Cabiate;Como;1;7.404;6,61;1,07;43,30;22,77;16,60;26,00;12,15;128,50
03013036;Cadorago;Como;1;7.961;5,64;4,94;30,03;14,44;5,59;17,34;4,88;83,29
03013041;Cantu;Como;1;39.513;6,89;;28,34;31,43;18,01;14,34;4,80;116,18
03013042;Canzo;Como;1;5.161;6,33;16,78;25,78;28,25;11,67;29,55;;118,37
03013043;Capiago Intimiano;Como;Vedi aggregazione: Service 24 Ambiente;;;;;;;;;
03013044;Carate Urio;Como;1;1.122;25,58;9,84;62,40;5,70;26,73;53,54;13,45;197,24
03013045;Carbonate;Como;1;2.907;10,32;15,14;28,04;7,13;11,55;34,40;8,48;115,24
03013046;Carimate;Como;1;4.405;13,32;14,97;32,37;23,30;14,35;36,93;2,55;137,80
03013048;Carugo;Como;Vedi aggregazione: Service 24 Ambiente;;;;;;;;;
03013052;Caslino d'Erba;Como;1;1.649;15,35;27,53;52,33;11,71;3,07;5,94;;119,12
03013055;Cassina Rizzardi;Como;1;3.338;9,14;10,72;26,15;18,67;10,90;37,13;4,75;117,46
03013058;Castelmarte;Como;1;1.250;21,83;43,01;25,53;7,63;11,36;11,53;;120,90
03013059;Castelnuovo Bozzente;Como;1;905;7,91;9,88;43,83;5,29;12,91;9,08;8,63;97,54
03013062;Cavargna;Como;1;181;42,50;33,76;10,85;8,23;30,61;16,83;;142,79
03013063;Cerano d'Intelvi;Como;1;540;44,02;39,98;20,71;5,56;30,66;52,39;6,48;199,81
03013064;Cermenate;Como;1;9.173;4,32;0,53;61,21;36,27;10,27;12,95;9,20;134,76
03013065;Cernobbio;Como;1;6.485;8,38;;51,89;35,18;46,80;18,80;8,34;174,82
03013068;Cirimido;Como;Vedi aggregazione: Fenegro-Cirimido;;;;;;;;;
03013071;Claino con Osteno;Como;1;554;28,17;29,63;37,05;;9,66;44,38;3,16;152,04
03013074;Colonno;Como;1;462;26,10;23,81;81,81;25,50;10,82;29,45;4,18;201,67
03013251;Colverde;Como;1;5.381;12,51;9,68;38,55;22,43;;30,42;1,73;115,33
03013075;Como;Como;1;84.808;13,33;;50,64;28,31;32,38;22,07;14,56;169,22
03013083;Cremia;Como;1;676;29,29;44,38;18,64;;16,27;95,56;;204,14
03013084;Cucciago;Como;1;3.467;10,03;13,61;40,83;4,99;5,01;55,45;;129,93
03013085;Cusino;Como;1;204;25,80;34,93;;7,96;;23,02;;91,72
03013087;Dizzasco;Como;1;594;41,64;48,49;40,12;1,65;29,21;95,99;3,48;260,59
03013089;Domaso;Como;1;1.461;81,12;53,19;2,51;4,72;12,47;20,75;12,78;187,53
03013090;Dongo;Como;1;3.244;15,07;32,53;13,19;8,79;4,95;20,67;6,95;102,14
03013092;Dosso del Liro;Como;1;223;16,13;4,40;13,26;;;;;33,79
03013095;Erba;Como;Vedi aggregazione: Service 24 Ambiente;;;;;;;;;
03013097;Eupilio;Como;1;2.600;14,14;30,38;46,00;13,11;;2,87;;106,49
03013099;Faloppio;Como;Vedi aggregazione: Unione dei Comuni Lombarda Terre di Frontiera;;;;;;;;;
03013100;Fenegro - Dato aggregazione Fenegro-Cirimido;Como;2;5.236;32,86;7,48;12,42;3,40;9,01;15,47;1,51;82,71
03013101;Figino Serenza;Como;1;5.027;15,48;5,62;35,22;24,26;7,98;20,56;7,51;117,07
03013102;Fino Mornasco;Como;1;9.797;6,30;7,84;29,79;16,10;12,03;15,66;4,69;92,41
03013106;Garzeno;Como;1;689;61,91;38,66;2,67;;;;;103,24
03013107;Gera Lario;Como;1;1.050;25,14;36,06;24,66;15,57;3,79;10,38;;115,59
03013111;Grandola ed Uniti;Como;1;1.297;18,62;29,16;10,05;;27,51;56,93;5,10;147,37
03013249;Gravedona ed Uniti;Como;1;4.095;48,35;41,51;12,21;;19,78;9,98;0,24;132,08
03013113;Griante;Como;1;591;111,05;53,23;14,54;8,58;59,22;14,99;;261,60
03013114;Guanzate;Como;1;5.710;8,55;8,75;38,87;18,00;12,30;20,23;4,43;111,13
03013118;Inverigo;Como;1;9.106;18,07;9,71;27,62;2,50;17,39;12,76;6,67;94,70
03013119;Laglio;Como;1;880;18,18;22,73;77,27;5,68;19,03;21,64;;172,48
03013120;Laino;Como;1;528;41,85;30,53;27,48;9,03;39,83;85,37;6,03;240,13
03013121;Lambrugo;Como;1;2.506;16,71;5,15;35,15;20,06;;12,30;8,23;97,59
03013126;Lezzeno;Como;1;2.003;30,27;38,42;18,86;5,36;;13,24;;106,15
03013128;Limido Comasco;Como;1;3.843;8,42;10,29;28,40;13,49;7,10;30,48;16,12;114,30
03013129;Lipomo;Como;Vedi aggregazione: Service 24 Ambiente;;;;;;;;;
03013133;Lomazzo;Como;1;9.901;16,98;5,68;21,43;14,08;9,46;20,76;9,15;97,54
03013134;Longone al Segrino;Como;1;1.919;10,23;16,23;42,94;9,35;8,13;17,37;;104,26
03013135;Luisago;Como;1;2.721;9,11;16,09;40,53;16,79;11,26;16,01;0,91;112,18
03013136;Lurago d'Erba;Como;Vedi aggregazione: Il Cilindro;;;;;;;;;
03013137;Lurago Marinone;Como;1;2.551;10,56;3,81;37,02;25,80;5,03;24,06;;106,28
03013138;Lurate Caccivio;Como;1;9.679;6,73;9,73;34,80;15,42;9,29;8,18;5,91;90,05
03013139;Magreglio;Como;1;650;16,01;42,47;68,48;3,51;29,77;48,46;;208,69
03013143;Mariano Comense;Como;Vedi aggregazione: Service 24 Ambiente;;;;;;;;;
03013144;Maslianico;Como;1;3.170;6,24;;51,17;19,44;17,09;22,44;5,34;121,72
03013145;Menaggio;Como;1;3.085;25,83;41,64;69,37;;27,15;25,43;;189,43
03013147;Merone;Como;Vedi aggregazione: Il Cilindro;;;;;;;;;
03013152;Moltrasio;Como;1;1.568;9,33;12,35;58,48;7,39;19,70;20,79;12,42;140,46
03013153;Monguzzo;Como;Vedi aggregazione: Il Cilindro;;;;;;;;;
03013154;Montano Lucino;Como;1;5.295;13,83;;42,95;24,20;15,79;19,34;19,26;159,50
03013155;Montemezzo;Como;1;224;74,63;33,52;2,14;0,14;24,42;24,77;;159,63
03013157;Montorfano;Como;Vedi aggregazione: Service 24 Ambiente;;;;;;;;;
03013160;Musso;Como;1;946;42,22;29,90;18,75;;;;;90,87
03013163;Novedrate;Como;1;2.863;16,21;26,72;52,73;16,47;12,91;21,40;7,12;155,58
03013165;Olgiate Comasco;Como;1;11.663;6,83;14,53;26,15;14,95;8,30;19,22;6,30;96,28
03013169;Oltrona di San Mamette;Como;1;2.369;5,89;8,34;47,14;12,36;2,02;24,35;6,23;106,34
03013170;Orsenigo;Como;Vedi aggregazione: Service 24 Ambiente;;;;;;;;;
03013178;Peglio;Como;1;182;87,23;6,45;2,10;0,14;;90,33;;186,75
03013183;Pianello del Lario;Como;1;1.034;52,82;34,35;3,82;10,95;7,08;32,48;;141,51
03013184;Pigra;Como;1;244;12,45;72,20;24,01;;;151,61;6,42;266,69
03013185;Plesio;Como;1;831;18,75;35,76;16,73;2,16;21,66;46,47;;141,53
03013187;Ponna;Como;1;231;47,80;39,00;48,77;7,24;16,07;48,89;4,51;233,30
03013188;Ponte Lambro;Como;1;4.293;9,90;16,74;35,29;8,08;1,17;20,17;;91,35
03013189;Porlezza;Como;1;4.762;28,24;49,30;22,18;;18,88;25,53;1,54;145,68
03013192;Proserpio;Como;1;908;21,77;29,26;40,89;5,48;6,69;22,58;;126,68
03013193;Pusiano;Como;1;1.365;6,21;;30,69;42,24;1,00;16,28;13,47;151,61
03013195;Rezzago;Como;1;303;21,58;29,54;28,56;5,53;28,28;21,79;;138,28
03013197;Rodero;Como;1;1.270;7,51;6,24;39,99;14,84;7,09;43,80;17,36;136,83
03013199;Ronago;Como;Vedi aggregazione: Unione dei Comuni Lombarda Terre di Frontiera;;;;;;;;;
03013201;Rovellasca;Como;1;7.932;4,91;8,66;26,22;23,62;13,75;14,56;3,40;95,12
03013202;Rovello Porro;Como;1;6.196;7,12;0,52;29,59;21,21;6,78;18,23;4,32;87,77
03013203;Sala Comacina;Como;1;485;50,94;41,05;62,69;9,30;;37,33;23,67;224,98
03013204;San Bartolomeo Val Cavargna;Como;1;954;17,30;31,25;;15,29;;6,73;;70,56
03013206;San Fermo della Battaglia;Como;1;7.814;49,57;25,45;;8,71;6,98;8,02;;99,16
03013207;San Nazzaro Val Cavargna;Como;1;275;31,20;34,75;15,92;5,94;;31,25;;119,07
03013248;San Siro;Como;1;1.716;45,23;35,48;12,94;2,92;10,59;4,47;2,02;113,65
03013211;Schignano;Como;1;876;39,49;32,49;18,95;3,55;4,29;29,80;6,88;135,44
03013255;Solbiate con Cagno;Como;1;4.674;7,15;;21,25;23,84;6,74;24,26;6,24;89,48
03013216;Sorico;Como;1;1.189;26,37;30,53;37,83;0,14;7,10;16,93;;118,90
03013217;Sormano;Como;1;634;16,83;36,78;42,65;6,11;;71,81;4,91;179,10
03013222;Tavernerio - Dato aggregazione Service 24 Ambiente;Como;12;86.834;12,28;17,22;31,17;9,38;11,82;18,38;6,02;110,43
03013223;Torno - Dato aggregazione Unione dei Comuni Lombarda Lario e Monti;Como;2;2.284;25,10;28,22;14,46;3,36;7,05;20,59;;98,79
03013252;Tremezzina;Como;1;5.018;14,40;10,00;67,61;8,71;18,66;73,22;8,80;201,40
03013226;Trezzone;Como;1;235;20,85;35,74;2,06;0,13;17,56;10,88;;87,23
03013227;Turate;Como;1;9.379;7,94;13,48;26,20;16,62;22,44;13,88;6,13;107,12
03013228;Uggiate-Trevano - Dato aggregazione Unione dei Comuni Lombarda Terre di Frontiera;Como;4;12.971;8,38;20,14;32,43;14,69;2,44;17,65;11,84;107,57
03013233;Val Rezzo;Como;1;158;112,02;28,90;;18,71;;6,83;;166,46
03013229;Valbrona;Como;1;2.603;10,24;25,09;35,52;8,55;0,66;7,74;;87,80
03013232;Valmorea;Como;1;2.611;14,23;6,90;32,16;13,38;0,39;21,82;14,14;103,03
03013234;Valsolda;Como;1;1.460;33,46;33,59;19,45;13,13;13,81;43,17;24,82;181,42
03013238;Veniano;Como;1;3.060;10,50;29,34;38,73;11,76;1,94;9,96;1,71;103,94
03013239;Vercana;Como;1;746;28,25;40,97;7,24;0,13;4,67;31,49;38,26;151,01
03013242;Vertemate con Minoprio;Como;1;4.129;10,37;8,10;29,05;23,11;9,99;12,04;5,23;97,90
03013245;Villa Guardia;Como;1;7.878;11,41;;45,51;21,57;7,97;15,38;5,23;107,06
18078003;Acri;Cosenza;1;19.733;14,69;;24,37;32,94;;22,00;1,27;95,27
18078004;Aiello Calabro;Cosenza;1;1.549;55,99;41,56;56,02;;;13,06;;166,63
18078013;Belmonte Calabro;Cosenza;1;1.827;49,81;43,79;10,95;;14,23;15,87;;134,65
18078015;Belvedere Marittimo;Cosenza;1;9.136;23,91;34,68;59,77;4,55;25,32;71,94;;220,17
18078016;Bianchi;Cosenza;Vedi aggregazione: CONSORZIO INTERCOMUNALE VALLE BISIRICO;;;;;;;;;
18078017;Bisignano;Cosenza;1;9.857;20,23;19,76;69,28;8,09;1,56;8,18;1,62;128,71
18078019;Bonifati;Cosenza;1;2.671;46,00;42,92;64,17;;26,10;84,93;1,81;270,04
18078020;Buonvicino;Cosenza;1;2.124;27,54;13,77;42,60;6,77;5,28;6,36;0,58;102,90
18078021;Calopezzati;Cosenza;1;1.316;31,71;38,76;50,81;7,75;13,54;61,48;31,01;235,05
18078022;Caloveto;Cosenza;1;1.167;13,52;47,73;34,36;;1,71;14,01;;111,34
18078026;Carolei;Cosenza;1;3.178;25,22;6,59;100,89;13,94;15,10;14,05;;175,81
18078027;Carpanzano;Cosenza;Vedi aggregazione: CONSORZIO INTERCOMUNALE VALLE BISIRICO;;;;;;;;;
18078156;Casali del Manco;Cosenza;1;9.725;28,28;12,34;64,78;28,79;10,08;0,93;;145,19
18078029;Cassano all'Ionio;Cosenza;1;16.670;17,89;58,29;57,89;28,85;34,03;;5,72;202,67
18078030;Castiglione Cosentino;Cosenza;1;2.792;14,33;38,95;29,11;4,88;5,77;16,40;;109,45
18078031;Castrolibero;Cosenza;1;9.424;12,88;61,44;67,94;;18,68;11,45;;172,40
18078033;Castrovillari;Cosenza;1;21.507;9,07;16,99;54,43;17,28;9,07;49,77;0,59;158,83
18078034;Celico;Cosenza;1;2.694;11,06;45,93;25,81;;3,94;61,38;0,37;148,50
18078037;Cerisano;Cosenza;1;2.961;68,04;22,85;24,32;5,07;11,70;36,79;4,05;172,81
18078038;Cervicati;Cosenza;1;790;35,71;15,30;35,71;11,02;;11,33;;109,06
18078042;Cleto;Cosenza;1;1.222;;23,38;86,25;19,31;32,17;;;161,11
18078043;Colosimi;Cosenza;Vedi aggregazione: CONSORZIO INTERCOMUNALE VALLE BISIRICO;;;;;;;;;
18078045;Cosenza;Cosenza;1;65.197;22,37;46,64;80,16;10,81;61,22;27,34;;248,53
18078046;Cropalati;Cosenza;1;1.007;20,99;15,89;20,97;13,71;24,52;36,57;;132,66
18078047;Crosia;Cosenza;1;9.774;44,82;64,65;18,04;1,20;10,26;35,45;32,75;207,15
18078051;Fagnano Castello;Cosenza;1;3.574;23,03;16,36;34,54;15,66;5,18;31,14;1,43;139,40
18078055;Fiumefreddo Bruzio;Cosenza;1;2.842;92,87;56,00;8,35;2,07;28,53;23,89;;211,70
18078056;Francavilla Marittima;Cosenza;1;2.821;;26,61;69,52;4,98;;31,48;;132,59
18078057;Frascineto;Cosenza;1;1.934;0,96;7,43;21,94;19,83;;23,60;;73,76
18078058;Fuscaldo;Cosenza;1;8.050;30,06;23,51;33,22;7,25;2,91;8,96;;105,90
18078059;Grimaldi;Cosenza;1;1.591;40,25;;67,38;;;;;107,63
18078062;Lago;Cosenza;1;2.352;1,56;28,39;2,87;;13,69;8,72;;55,22
18078065;Lappano;Cosenza;1;891;35,23;;25,94;;;;;61,17
18078067;Longobardi;Cosenza;1;2.330;;97,00;6,01;;20,17;32,39;;155,56
18078068;Longobucco;Cosenza;1;2.800;4,66;21,86;23,32;10,96;21,31;146,66;2,66;233,21
18078069;Lungro;Cosenza;1;2.294;13,11;63,48;32,69;;30,51;35,97;4,37;182,32
18078070;Luzzi;Cosenza;1;8.928;8,30;;41,49;13,28;;15,33;3,07;81,48
18078072;Malito;Cosenza;1;741;37,28;59,20;33,42;3,59;;8,78;;142,27
18078073;Malvito;Cosenza;1;1.701;17,64;30,25;17,64;3,64;12,70;39,04;;120,91
18078076;Marano Marchesato;Cosenza;1;3.345;35,89;;26,16;;;48,12;;110,17
18078077;Marano Principato;Cosenza;1;3.078;70,10;20,72;4,87;13,81;;17,37;;126,87
18078081;Montalto Uffugo;Cosenza;1;20.274;10,23;17,33;54,34;18,97;19,79;23,35;;144,01
18078084;Mormanno;Cosenza;1;2.736;10,96;32,53;53,73;;;58,68;;155,90
18078085;Mottafollone;Cosenza;1;1.124;31,51;95,81;;21,99;;;;149,30
18078089;Paludi;Cosenza;1;1.007;38,08;22,44;16,70;;16,32;33,78;;127,32
18078090;Panettieri;Cosenza;1;313;;22,08;38,02;4,12;;40,28;0,64;105,14
18078091;Paola;Cosenza;1;15.245;;31,13;31,13;;;55,40;20,32;358,36
18078093;Parenti;Cosenza;1;2.090;7,75;9,57;5,55;25,59;6,96;13,41;;68,84
18078094;Paterno Calabro;Cosenza;1;1.323;74,96;52,57;;3,77;;39,45;3,51;174,26
18078096;Pedivigliano;Cosenza;1;759;11,86;48,24;2,64;;2,64;40,46;6,59;112,41
18078101;Praia a Mare;Cosenza;1;6.495;53,95;33,54;81,90;28,52;18,38;70,03;;286,33
18078102;Rende;Cosenza;1;35.692;15,75;52,18;79,68;32,73;43,41;10,81;;234,57
18078103;Rocca Imperiale;Cosenza;1;3.236;6,21;28,97;63,56;;51,88;1,58;0,58;152,77
18078105;Rogliano;Cosenza;1;5.534;11,92;20,24;57,60;26,14;16,61;14,95;;147,46
18078106;Rose;Cosenza;1;4.249;25,15;35,25;33,45;1,64;2,78;10,06;0,57;108,90
18078107;Roseto Capo Spulico;Cosenza;1;1.870;11,28;58,82;44,04;33,42;34,03;67,57;;249,17
18078109;Rota Greca;Cosenza;1;1.015;5,45;9,26;68,28;3,08;1,97;3,84;;91,88
18078110;Rovito;Cosenza;1;3.080;14,30;19,49;11,18;30,66;17,49;24,15;4,11;121,37
18078112;San Benedetto Ullano;Cosenza;1;1.418;8,28;17,07;17,33;14,60;8,31;31,75;;97,90
18078113;San Cosmo Albanese;Cosenza;1;571;30,76;29,01;37,29;;4,51;29,63;;131,20
18078114;San Demetrio Corone;Cosenza;1;3.240;11,53;30,45;21,04;;11,37;30,31;2,19;106,90
18078116;San Fili;Cosenza;1;2.528;11,58;203,66;52,76;216,36;;15,50;;499,86
18078118;San Giorgio Albanese;Cosenza;1;1.342;9,79;15,57;48,96;11,59;;21,23;;107,13
18078119;San Giovanni in Fiore;Cosenza;1;16.428;20,87;55,86;32,77;;;;;109,50
18078120;San Lorenzo Bellizzi;Cosenza;1;556;9,89;7,19;11,69;;;26,98;;55,76
18078123;San Marco Argentano;Cosenza;1;7.131;26,38;7,89;37,91;4,50;19,87;22,90;10,12;129,57
18078126;San Pietro in Amantea;Cosenza;1;484;55,08;23,20;6,44;;6,20;23,76;;114,68
18078127;San Pietro in Guarano;Cosenza;1;3.484;34,42;10,19;;32,60;50,95;5,99;;134,15
18078128;San Sosti;Cosenza;1;2.026;39,65;327,99;38,09;;;16,04;1,72;423,49
18078135;San Vincenzo La Costa;Cosenza;1;2.059;12,84;31,86;38,85;;12,84;21,69;0,47;118,55
18078132;Santa Maria del Cedro;Cosenza;1;4.925;95,39;75,82;16,18;;47,75;29,65;;264,80
18078133;Santa Sofia d'Epiro;Cosenza;1;2.328;22,03;;56,81;;;;;78,84
18078136;Saracena;Cosenza;1;3.522;23,70;18,43;46,08;21,06;8,03;14,11;3,62;140,71
18078139;Scigliano - Dato aggregazione CONSORZIO INTERCOMUNALE VALLE BISIRICO;Cosenza;4;3.733;3,61;;23,57;;;44,37;;71,55
18078140;Serra d'Aiello;Cosenza;1;496;14,20;;38,57;13,57;32,73;109,96;;209,03
18078142;Spezzano Albanese;Cosenza;1;6.758;10,22;55,61;16,60;4,25;14,67;10,21;;111,57
18078143;Spezzano della Sila;Cosenza;1;4.335;4,82;47,72;43,13;15,14;25,84;37,95;10,08;184,69
18078146;Terranova da Sibari;Cosenza;1;4.694;21,63;11,93;18,64;8,55;;4,43;;79,90
18078148;Torano Castello;Cosenza;1;4.436;5,64;22,12;28,16;15,54;6,69;44,81;4,36;127,32
18078149;Tortora;Cosenza;1;5.944;34,12;;63,90;37,79;41,62;24,99;23,08;225,49
18078150;Trebisacce;Cosenza;1;8.723;14,30;;22,25;;15,66;16,88;;69,08
18078152;Vaccarizzo Albanese;Cosenza;1;1.064;115,45;;31,52;;2,42;7,44;1,52;158,36
18078155;Zumpano;Cosenza;1;2.632;45,10;27,23;;45,10;3,80;33,87;;155,08
03019001;Acquanegra Cremonese;Cremona;1;1.126;30,86;;34,18;27,76;9,72;16,97;5,81;125,30
03019002;Agnadello;Cremona;1;3.854;9,79;5,62;23,37;14,26;7,46;33,22;14,98;108,72
03019003;Annicco;Cremona;1;1.953;4,22;6,33;19,98;16,64;4,96;10,66;12,11;74,91
03019004;Azzanello;Cremona;1;590;12,21;0,62;56,02;21,71;15,12;42,24;4,86;152,77
03019005;Bagnolo Cremasco;Cremona;1;4.862;4,37;8,42;13,45;13,43;8,24;42,42;8,68;99,02
03019006;Bonemerse;Cremona;1;1.452;10,74;9,96;31,64;9,62;6,76;28,72;19,02;116,46
03019007;Bordolano;Cremona;1;568;11,24;0,93;49,58;21,57;34,17;34,33;4,67;156,48
03019009;Calvatone;Cremona;1;1.159;24,87;1,45;33,69;31,10;7,86;14,82;7,78;121,56
03019010;Camisano;Cremona;1;1.214;6,61;5,59;20,78;11,53;6,56;42,65;8,33;102,65
03019011;Campagnola Cremasca;Cremona;1;674;7,54;8,64;26,27;11,77;13,37;64,85;8,81;141,24
03019012;Capergnanica;Cremona;1;2.166;4,21;5,49;18,30;15,32;1,01;42,72;10,27;97,31
03019013;Cappella Cantone;Cremona;1;541;14,22;;35,52;32,88;10,71;79,42;6,05;178,79
03019014;Cappella de' Picenardi;Cremona;1;411;9,44;8,75;27,80;8,45;0,32;36,11;4,11;94,99
03019015;Capralba;Cremona;1;2.276;5,40;7,73;18,84;14,97;12,88;45,43;10,61;115,86
03019016;Casalbuttano ed Uniti;Cremona;1;3.666;11,55;1,19;52,11;24,44;17,27;23,54;25,09;155,20
03019017;Casale Cremasco-Vidolasco;Cremona;1;1.817;2,87;5,44;17,00;2,87;1,32;41,46;11,60;82,55
03019018;Casaletto Ceredano;Cremona;1;1.136;5,30;7,23;23,60;15,11;2,59;63,33;9,06;126,23
03019019;Casaletto di Sopra;Cremona;1;523;7,16;6,94;26,17;14,51;5,60;26,89;6,19;93,46
03019020;Casaletto Vaprio;Cremona;1;1.773;3,76;6,44;17,30;18,01;1,73;41,17;5,28;94,24
03019021;Casalmaggiore;Cremona;1;15.127;11,48;1,08;72,73;26,22;15,03;45,55;17,31;189,40
03019022;Casalmorano;Cremona;1;1.575;6,26;9,51;18,17;14,54;11,37;38,26;19,79;117,91
03019023;Casteldidone;Cremona;1;571;17,30;0,74;47,22;18,30;5,94;25,91;59,63;175,05
03019025;Castelleone;Cremona;1;9.278;5,28;9,88;16,01;10,05;8,39;41,30;12,38;103,29
03019026;Castelverde;Cremona;1;5.509;10,96;1,24;54,14;27,07;10,52;24,99;35,57;164,50
03019027;Castelvisconti;Cremona;1;282;12,51;;34,84;53,43;3,24;6,26;1,77;112,05
03019028;Cella Dati;Cremona;1;481;11,01;10,21;32,43;9,86;;62,06;5,17;130,75
03019029;Chieve;Cremona;1;2.253;4,95;7,27;23,77;15,78;1,94;46,13;14,17;114,43
03019030;Cicognolo;Cremona;1;889;14,46;0,83;47,73;24,62;2,34;22,41;21,75;134,14
03019031;Cingia de' Botti;Cremona;1;1.145;13,18;1,92;60,39;31,62;3,96;25,76;18,48;155,31
03019032;Corte de' Cortesi con Cignone;Cremona;1;1.028;8,36;0,72;30,94;39,36;2,33;16,77;6,04;104,51
03019033;Corte de' Frati;Cremona;1;1.314;16,76;0,92;52,50;20,46;3,07;29,41;4,77;127,88
03019034;Credera Rubbiano;Cremona;1;1.562;10,16;4,33;23,10;21,36;2,77;42,31;10,04;114,07
03019035;Crema;Cremona;1;34.242;5,28;10,16;19,22;13,13;10,46;57,51;17,05;132,81
03019036;Cremona;Cremona;1;71.523;11,47;11,98;41,61;13,62;22,10;31,99;16,40;149,18
03019037;Cremosano;Cremona;1;1.728;4,35;5,91;17,89;14,06;15,76;57,51;10,51;125,99
03019038;Crotta d'Adda;Cremona;1;625;4,63;;33,90;26,89;8,47;16,63;2,06;92,57
03019039;Cumignano sul Naviglio;Cremona;1;411;6,68;5,55;32,82;19,81;12,48;40,34;2,82;120,50
03019040;Derovere;Cremona;1;301;12,60;0,89;49,15;14,70;6,27;29,59;23,07;136,27
03019041;Dovera;Cremona;1;3.726;2,96;5,39;14,46;12,65;1,21;33,30;12,09;82,49
03019043;Fiesco;Cremona;1;1.193;7,53;7,97;33,00;13,11;3,21;50,58;14,55;129,95
03019044;Formigara;Cremona;1;999;3,75;5,01;27,44;19,61;1,28;50,13;4,97;112,19
03019045;Gabbioneta-Binanuova;Cremona;1;857;10,29;9,54;33,84;9,86;12,69;53,72;24,73;154,67
03019046;Gadesco-Pieve Delmona;Cremona;1;1.900;12,59;1,22;56,45;23,80;;19,70;16,60;130,35
03019047;Genivolta;Cremona;1;1.140;5,00;6,57;24,36;17,58;10,30;51,44;6,73;121,98
03019048;Gerre de' Caprioli;Cremona;1;1.325;10,72;0,92;61,78;18,47;5,76;25,44;37,68;160,77
03019049;Gombito;Cremona;1;628;5,23;4,62;30,12;18,25;2,88;26,95;5,23;93,27
03019050;Grontardo;Cremona;1;1.505;14,02;0,87;44,80;20,86;2,37;26,60;4,82;114,33
03019051;Grumello Cremonese ed Uniti;Cremona;1;1.686;8,56;1,16;33,41;27,32;6,10;28,18;6,36;111,09
03019052;Gussola;Cremona;1;2.626;18,14;0,69;50,13;22,84;4,20;28,55;10,12;138,48
03019053;Isola Dovarese;Cremona;1;1.099;13,88;0,93;54,91;22,13;25,90;28,92;7,89;154,56
03019054;Izano;Cremona;1;1.945;3,28;5,47;18,37;18,56;10,30;45,05;9,77;111,19
03019055;Madignano;Cremona;1;2.776;7,03;5,38;20,84;18,04;7,33;56,99;14,43;130,04
03019056;Malagnino;Cremona;1;1.710;12,08;1,08;53,78;19,44;3,84;22,56;22,06;134,85
03019057;Martignana di Po;Cremona;1;2.066;10,01;0,35;53,94;17,75;;22,61;6,25;110,90
03019058;Monte Cremasco;Cremona;1;2.263;3,43;5,53;16,36;16,85;16,10;49,72;23,02;131,02
03019059;Montodine;Cremona;1;2.453;2,91;5,46;15,82;10,32;1,95;61,32;11,01;108,79
03019061;Motta Baluffi;Cremona;1;821;14,28;0,79;64,83;22,42;5,41;27,10;21,94;156,76
03019062;Offanengo;Cremona;1;5.874;4,05;7,36;12,40;11,47;4,89;58,10;7,01;106,53
03019063;Olmeneta;Cremona;1;912;18,35;0,71;53,83;22,39;2,55;27,73;4,96;130,54
03019064;Ostiano;Cremona;1;2.766;11,63;1,10;47,37;26,43;13,31;35,10;19,44;154,37
03019065;Paderno Ponchielli;Cremona;1;1.324;10,47;0,95;45,49;21,49;5,46;17,21;7,40;108,47
03019066;Palazzo Pignano;Cremona;1;3.768;7,41;6,38;18,90;16,44;1,61;27,77;13,08;91,88
03019067;Pandino;Cremona;1;8.852;5,33;9,03;14,02;11,24;8,97;57,60;28,74;134,93
03019068;Persico Dosimo;Cremona;1;3.311;11,84;0,91;53,33;20,32;2,24;18,49;12,21;119,34
03019069;Pescarolo ed Uniti;Cremona;1;1.511;11,21;10,40;33,03;10,04;0,38;46,01;12,06;123,14
03019070;Pessina Cremonese;Cremona;1;586;12,98;1,18;53,45;26,00;21,84;25,41;5,37;146,24
03019116;Piadena Drizzona;Cremona;1;3.925;12,07;0,99;76,03;23,92;25,49;40,21;15,01;193,73
03019072;Pianengo;Cremona;1;2.491;3,75;5,63;17,69;11,76;6,61;47,81;23,44;116,68
03019073;Pieranica;Cremona;1;1.115;3,51;5,62;22,97;12,22;4,21;34,53;17,89;100,95
03019074;Pieve d'Olmi;Cremona;1;1.258;12,75;0,84;43,54;13,12;16,83;18,12;3,43;108,61
03019075;Pieve San Giacomo;Cremona;1;1.578;19,90;0,76;42,37;18,66;12,79;19,01;15,74;129,22
03019076;Pizzighettone;Cremona;1;6.302;6,01;7,95;21,98;15,32;11,52;33,49;14,92;113,76
03019077;Pozzaglio ed Uniti;Cremona;1;1.411;10,46;1,15;44,32;20,42;52,57;26,58;18,31;173,83
03019078;Quintano;Cremona;1;881;4,39;5,74;23,53;15,73;19,24;41,80;14,24;124,67
03019079;Ricengo;Cremona;1;1.736;3,95;6,37;16,21;11,06;1,71;35,66;10,80;85,74
03019080;Ripalta Arpina;Cremona;1;992;3,13;3,89;26,62;16,96;1,36;35,93;6,52;94,40
03019081;Ripalta Cremasca;Cremona;1;3.355;5,68;13,17;19,44;12,65;4,38;35,82;6,38;97,52
03019082;Ripalta Guerina;Cremona;1;529;5,55;4,83;30,80;20,23;0,05;33,54;2,99;97,97
03019083;Rivarolo del Re ed Uniti;Cremona;1;1.831;16,23;0,57;47,84;22,90;5,59;21,46;5,36;119,95
03019084;Rivolta d'Adda;Cremona;1;7.919;7,03;;27,36;19,53;22,02;7,46;9,38;95,61
03019085;Robecco d'Oglio;Cremona;1;2.258;16,36;1,21;30,47;30,76;9,05;21,10;21,15;130,11
03019086;Romanengo;Cremona;1;3.072;4,55;6,10;21,26;14,15;5,32;35,60;9,15;96,14
03019087;Salvirola;Cremona;1;1.122;4,06;5,60;29,18;18,10;8,09;50,78;7,92;123,73
03019088;San Bassano;Cremona;1;2.109;11,30;0,78;29,42;36,18;1,65;40,41;3,73;123,47
03019089;San Daniele Po;Cremona;1;1.276;11,70;10,85;34,47;10,48;0,40;38,42;5,10;111,42
03019090;San Giovanni in Croce;Cremona;1;1.904;11,16;2,15;65,23;39,86;10,72;30,64;18,00;177,75
03019091;San Martino del Lago;Cremona;1;393;12,75;0,56;61,60;16,02;5,19;39,28;19,35;154,75
03019092;Scandolara Ravara;Cremona;1;1.310;12,46;0,73;53,47;20,51;3,97;21,21;29,44;141,79
03019093;Scandolara Ripa d'Oglio;Cremona;1;520;13,67;0,72;55,65;18,28;3,51;40,69;4,57;144,49
03019094;Sergnano;Cremona;1;3.494;3,10;5,10;16,01;13,20;6,96;46,25;12,47;103,08
03019095;Sesto ed Uniti;Cremona;1;3.183;7,34;1,15;26,38;33,20;10,97;27,68;12,08;118,81
03019096;Solarolo Rainerio;Cremona;1;900;12,36;1,44;64,00;27,56;7,82;24,11;17,32;154,62
03019097;Soncino;Cremona;1;7.511;5,73;9,17;27,01;11,98;7,12;39,56;16,77;117,34
03019098;Soresina;Cremona;1;8.559;10,43;0,86;38,04;39,13;8,10;14,76;6,60;117,91
03019099;Sospiro;Cremona;1;3.031;10,90;1,93;48,39;22,41;4,04;16,81;45,94;150,42
03019100;Spinadesco;Cremona;1;1.488;8,63;0,89;40,57;30,37;4,05;19,37;7,85;111,73
03019101;Spineda;Cremona;1;598;15,91;0,66;26,16;21,05;4,70;26,58;15,84;110,90
03019102;Spino d'Adda;Cremona;1;6.832;3,87;5,40;19,42;17,30;6,63;47,40;4,86;104,88
03019103;Stagno Lombardo;Cremona;1;1.433;11,71;1,07;56,61;23,77;6,70;23,05;11,24;134,15
03019104;Ticengo;Cremona;1;410;6,10;7,22;27,28;22,16;3,10;17,51;2,56;85,94
03019106;Tornata;Cremona;1;435;29,44;1,65;22,04;22,89;19,93;13,99;7,22;117,17
03019107;Torre de' Picenardi;Cremona;1;2.059;12,33;0,76;49,47;19,33;24,82;24,50;6,60;137,81
03019108;Torricella del Pizzo;Cremona;1;567;35,71;0,56;52,60;24,53;0,56;17,98;22,68;154,63
03019109;Trescore Cremasco;Cremona;1;2.773;7,81;;38,43;23,21;2,19;15,47;4,10;91,21
03019110;Trigolo;Cremona;1;1.633;5,39;9,03;18,83;13,97;;37,77;10,38;95,37
03019111;Vaiano Cremasco;Cremona;1;3.605;3,93;6,62;21,14;12,90;7,65;42,59;13,61;108,44
03019112;Vailate;Cremona;1;4.489;4,36;7,59;16,61;11,88;9,21;46,47;14,25;110,37
03019113;Vescovato;Cremona;1;3.731;20,38;8,74;42,00;10,80;4,44;5,56;2,98;94,90
03019114;Volongo;Cremona;1;461;10,95;0,54;48,45;12,55;;57,39;16,86;146,75
03019115;Voltido;Cremona;1;337;11,52;1,00;60,86;23,89;5,57;27,77;19,49;150,09
18101003;Carfizzi;Crotone;1;522;49,01;42,39;23,98;;4,52;6,10;;143,82
18101009;Cotronei;Crotone;1;5.391;53,76;55,38;4,73;5,08;7,49;14,63;3,10;144,14
18101010;Crotone;Crotone;1;60.112;19,98;48,85;26,33;21,37;19,09;25,94;4,40;165,96
18101014;Melissa;Crotone;1;3.311;66,79;;16,47;11,62;5,81;5,44;;106,13
18101015;Mesoraca;Crotone;1;6.063;9,52;23,82;5,17;0,72;7,61;31,78;;78,61
18101017;Petilia Policastro;Crotone;1;8.815;27,90;20,12;9,67;7,02;10,42;10,59;;85,71
18101025;Strongoli;Crotone;1;6.331;46,73;105,13;;9,67;0,81;10,55;;172,88
01004001;Acceglio;Cuneo;Vedi aggregazione: CONSORZIO ECOLOGICO CUNEESE;;;;;;;;;
01004002;Aisone;Cuneo;Vedi aggregazione: CONSORZIO ECOLOGICO CUNEESE;;;;;;;;;
01004003;Alba - Dato aggregazione CO.A.B.SE.R.;Cuneo;54;170.401;19,13;23,66;36,13;7,52;12,79;32,98;17,61;157,96
01004006;Argentera;Cuneo;Vedi aggregazione: CONSORZIO ECOLOGICO CUNEESE;;;;;;;;;
01004009;Bagnolo Piemonte;Cuneo;Vedi aggregazione: C.S.E.A. CONSORZIO SERVIZI ECOLOGIA ED AMBIENTE;;;;;;;;;
01004010;Baldissero d'Alba;Cuneo;Vedi aggregazione: CO.A.B.SE.R.;;;;;;;;;
01004011;Barbaresco;Cuneo;Vedi aggregazione: CO.A.B.SE.R.;;;;;;;;;
01004012;Barge;Cuneo;Vedi aggregazione: C.S.E.A. CONSORZIO SERVIZI ECOLOGIA ED AMBIENTE;;;;;;;;;
01004013;Barolo;Cuneo;Vedi aggregazione: CO.A.B.SE.R.;;;;;;;;;
01004016;Beinette;Cuneo;Vedi aggregazione: CONSORZIO ECOLOGICO CUNEESE;;;;;;;;;
01004017;Bellino;Cuneo;Vedi aggregazione: C.S.E.A. CONSORZIO SERVIZI ECOLOGIA ED AMBIENTE;;;;;;;;;
01004019;Bene Vagienna;Cuneo;Vedi aggregazione: CO.A.B.SE.R.;;;;;;;;;
01004022;Bernezzo;Cuneo;Vedi aggregazione: CONSORZIO ECOLOGICO CUNEESE;;;;;;;;;
01004025;Borgo San Dalmazzo;Cuneo;Vedi aggregazione: CONSORZIO ECOLOGICO CUNEESE;;;;;;;;;
01004028;Boves;Cuneo;Vedi aggregazione: CONSORZIO ECOLOGICO CUNEESE;;;;;;;;;
01004029;Bra;Cuneo;Vedi aggregazione: CO.A.B.SE.R.;;;;;;;;;
01004032;Brondello;Cuneo;Vedi aggregazione: C.S.E.A. CONSORZIO SERVIZI ECOLOGIA ED AMBIENTE;;;;;;;;;
01004033;Brossasco;Cuneo;Vedi aggregazione: C.S.E.A. CONSORZIO SERVIZI ECOLOGIA ED AMBIENTE;;;;;;;;;
01004034;Busca;Cuneo;Vedi aggregazione: C.S.E.A. CONSORZIO SERVIZI ECOLOGIA ED AMBIENTE;;;;;;;;;
01004034;Busca;Cuneo;Vedi aggregazione: CONSORZIO ECOLOGICO CUNEESE;;;;;;;;;
01004037;Canale;Cuneo;Vedi aggregazione: CO.A.B.SE.R.;;;;;;;;;
01004038;Canosio;Cuneo;Vedi aggregazione: CONSORZIO ECOLOGICO CUNEESE;;;;;;;;;
01004040;Caraglio;Cuneo;Vedi aggregazione: CONSORZIO ECOLOGICO CUNEESE;;;;;;;;;
01004041;Caramagna Piemonte;Cuneo;Vedi aggregazione: C.S.E.A. CONSORZIO SERVIZI ECOLOGIA ED AMBIENTE;;;;;;;;;
01004042;Carde;Cuneo;Vedi aggregazione: C.S.E.A. CONSORZIO SERVIZI ECOLOGIA ED AMBIENTE;;;;;;;;;
01004044;Cartignano;Cuneo;Vedi aggregazione: CONSORZIO ECOLOGICO CUNEESE;;;;;;;;;
01004045;Casalgrasso;Cuneo;Vedi aggregazione: C.S.E.A. CONSORZIO SERVIZI ECOLOGIA ED AMBIENTE;;;;;;;;;
01004046;Castagnito;Cuneo;Vedi aggregazione: CO.A.B.SE.R.;;;;;;;;;
01004047;Casteldelfino;Cuneo;Vedi aggregazione: C.S.E.A. CONSORZIO SERVIZI ECOLOGIA ED AMBIENTE;;;;;;;;;
01004049;Castelletto Stura;Cuneo;Vedi aggregazione: CONSORZIO ECOLOGICO CUNEESE;;;;;;;;;
01004051;Castellinaldo;Cuneo;Vedi aggregazione: CO.A.B.SE.R.;;;;;;;;;
01004053;Castelmagno;Cuneo;Vedi aggregazione: CONSORZIO ECOLOGICO CUNEESE;;;;;;;;;
01004055;Castiglione Falletto;Cuneo;Vedi aggregazione: CO.A.B.SE.R.;;;;;;;;;
01004056;Castiglione Tinella;Cuneo;Vedi aggregazione: CO.A.B.SE.R.;;;;;;;;;
01004058;Cavallerleone;Cuneo;Vedi aggregazione: C.S.E.A. CONSORZIO SERVIZI ECOLOGIA ED AMBIENTE;;;;;;;;;
01004059;Cavallermaggiore;Cuneo;Vedi aggregazione: C.S.E.A. CONSORZIO SERVIZI ECOLOGIA ED AMBIENTE;;;;;;;;;
01004060;Celle di Macra;Cuneo;Vedi aggregazione: CONSORZIO ECOLOGICO CUNEESE;;;;;;;;;
01004061;Centallo;Cuneo;Vedi aggregazione: CONSORZIO ECOLOGICO CUNEESE;;;;;;;;;
01004062;Ceresole Alba;Cuneo;Vedi aggregazione: CO.A.B.SE.R.;;;;;;;;;
01004064;Cervasca;Cuneo;Vedi aggregazione: CONSORZIO ECOLOGICO CUNEESE;;;;;;;;;
01004065;Cervere;Cuneo;Vedi aggregazione: CO.A.B.SE.R.;;;;;;;;;
01004067;Cherasco;Cuneo;Vedi aggregazione: CO.A.B.SE.R.;;;;;;;;;
01004068;Chiusa di Pesio;Cuneo;Vedi aggregazione: CONSORZIO ECOLOGICO CUNEESE;;;;;;;;;
01004072;Corneliano d'Alba;Cuneo;Vedi aggregazione: CO.A.B.SE.R.;;;;;;;;;
01004074;Cossano Belbo;Cuneo;Vedi aggregazione: CO.A.B.SE.R.;;;;;;;;;
01004075;Costigliole Saluzzo;Cuneo;Vedi aggregazione: C.S.E.A. CONSORZIO SERVIZI ECOLOGIA ED AMBIENTE;;;;;;;;;
01004077;Crissolo;Cuneo;Vedi aggregazione: C.S.E.A. CONSORZIO SERVIZI ECOLOGIA ED AMBIENTE;;;;;;;;;
01004078;Cuneo - Dato aggregazione CONSORZIO ECOLOGICO CUNEESE;Cuneo;54;163.302;12,30;18,50;44,09;19,02;14,60;22,98;8,99;141,02
01004079;Demonte;Cuneo;Vedi aggregazione: CONSORZIO ECOLOGICO CUNEESE;;;;;;;;;
01004080;Diano d'Alba;Cuneo;Vedi aggregazione: CO.A.B.SE.R.;;;;;;;;;
01004082;Dronero;Cuneo;Vedi aggregazione: CONSORZIO ECOLOGICO CUNEESE;;;;;;;;;
01004083;Elva;Cuneo;Vedi aggregazione: CONSORZIO ECOLOGICO CUNEESE;;;;;;;;;
01004084;Entracque;Cuneo;Vedi aggregazione: CONSORZIO ECOLOGICO CUNEESE;;;;;;;;;
01004085;Envie;Cuneo;Vedi aggregazione: C.S.E.A. CONSORZIO SERVIZI ECOLOGIA ED AMBIENTE;;;;;;;;;
01004087;Faule;Cuneo;Vedi aggregazione: C.S.E.A. CONSORZIO SERVIZI ECOLOGIA ED AMBIENTE;;;;;;;;;
01004089;Fossano;Cuneo;Vedi aggregazione: C.S.E.A. CONSORZIO SERVIZI ECOLOGIA ED AMBIENTE;;;;;;;;;
01004092;Frassino;Cuneo;Vedi aggregazione: C.S.E.A. CONSORZIO SERVIZI ECOLOGIA ED AMBIENTE;;;;;;;;;
01004093;Gaiola;Cuneo;Vedi aggregazione: CONSORZIO ECOLOGICO CUNEESE;;;;;;;;;
01004094;Gambasca;Cuneo;Vedi aggregazione: C.S.E.A. CONSORZIO SERVIZI ECOLOGIA ED AMBIENTE;;;;;;;;;
01004096;Genola;Cuneo;Vedi aggregazione: C.S.E.A. CONSORZIO SERVIZI ECOLOGIA ED AMBIENTE;;;;;;;;;
01004099;Govone;Cuneo;Vedi aggregazione: CO.A.B.SE.R.;;;;;;;;;
01004100;Grinzane Cavour;Cuneo;Vedi aggregazione: CO.A.B.SE.R.;;;;;;;;;
01004101;Guarene;Cuneo;Vedi aggregazione: CO.A.B.SE.R.;;;;;;;;;
01004103;Isasca;Cuneo;Vedi aggregazione: C.S.E.A. CONSORZIO SERVIZI ECOLOGIA ED AMBIENTE;;;;;;;;;
01004105;La Morra;Cuneo;Vedi aggregazione: CO.A.B.SE.R.;;;;;;;;;
01004104;Lagnasco;Cuneo;Vedi aggregazione: C.S.E.A. CONSORZIO SERVIZI ECOLOGIA ED AMBIENTE;;;;;;;;;
01004110;Limone Piemonte;Cuneo;Vedi aggregazione: CONSORZIO ECOLOGICO CUNEESE;;;;;;;;;
01004112;Macra;Cuneo;Vedi aggregazione: CONSORZIO ECOLOGICO CUNEESE;;;;;;;;;
01004113;Magliano Alfieri;Cuneo;Vedi aggregazione: CO.A.B.SE.R.;;;;;;;;;
01004115;Mango;Cuneo;Vedi aggregazione: CO.A.B.SE.R.;;;;;;;;;
01004116;Manta;Cuneo;Vedi aggregazione: C.S.E.A. CONSORZIO SERVIZI ECOLOGIA ED AMBIENTE;;;;;;;;;
01004117;Marene;Cuneo;Vedi aggregazione: CO.A.B.SE.R.;;;;;;;;;
01004118;Margarita;Cuneo;Vedi aggregazione: CONSORZIO ECOLOGICO CUNEESE;;;;;;;;;
01004119;Marmora;Cuneo;Vedi aggregazione: CONSORZIO ECOLOGICO CUNEESE;;;;;;;;;
01004121;Martiniana Po;Cuneo;Vedi aggregazione: C.S.E.A. CONSORZIO SERVIZI ECOLOGIA ED AMBIENTE;;;;;;;;;
01004122;Melle;Cuneo;Vedi aggregazione: C.S.E.A. CONSORZIO SERVIZI ECOLOGIA ED AMBIENTE;;;;;;;;;
01004123;Moiola;Cuneo;Vedi aggregazione: CONSORZIO ECOLOGICO CUNEESE;;;;;;;;;
01004128;Monasterolo di Savigliano;Cuneo;Vedi aggregazione: C.S.E.A. CONSORZIO SERVIZI ECOLOGIA ED AMBIENTE;;;;;;;;;
01004129;Monchiero;Cuneo;Vedi aggregazione: CO.A.B.SE.R.;;;;;;;;;
01004132;Monforte d'Alba;Cuneo;Vedi aggregazione: CO.A.B.SE.R.;;;;;;;;;
01004133;Monta;Cuneo;Vedi aggregazione: CO.A.B.SE.R.;;;;;;;;;
01004135;Montaldo Roero;Cuneo;Vedi aggregazione: CO.A.B.SE.R.;;;;;;;;;
01004136;Montanera;Cuneo;Vedi aggregazione: CONSORZIO ECOLOGICO CUNEESE;;;;;;;;;
01004137;Montelupo Albese;Cuneo;Vedi aggregazione: CO.A.B.SE.R.;;;;;;;;;
01004138;Montemale di Cuneo;Cuneo;Vedi aggregazione: CONSORZIO ECOLOGICO CUNEESE;;;;;;;;;
01004139;Monterosso Grana;Cuneo;Vedi aggregazione: CONSORZIO ECOLOGICO CUNEESE;;;;;;;;;
01004140;Monteu Roero;Cuneo;Vedi aggregazione: CO.A.B.SE.R.;;;;;;;;;
01004142;Monticello d'Alba;Cuneo;Vedi aggregazione: CO.A.B.SE.R.;;;;;;;;;
01004143;Moretta;Cuneo;Vedi aggregazione: C.S.E.A. CONSORZIO SERVIZI ECOLOGIA ED AMBIENTE;;;;;;;;;
01004144;Morozzo;Cuneo;Vedi aggregazione: CONSORZIO ECOLOGICO CUNEESE;;;;;;;;;
01004146;Murello;Cuneo;Vedi aggregazione: C.S.E.A. CONSORZIO SERVIZI ECOLOGIA ED AMBIENTE;;;;;;;;;
01004147;Narzole;Cuneo;Vedi aggregazione: CO.A.B.SE.R.;;;;;;;;;
01004148;Neive;Cuneo;Vedi aggregazione: CO.A.B.SE.R.;;;;;;;;;
01004149;Neviglie;Cuneo;Vedi aggregazione: CO.A.B.SE.R.;;;;;;;;;
01004152;Novello;Cuneo;Vedi aggregazione: CO.A.B.SE.R.;;;;;;;;;
01004154;Oncino;Cuneo;Vedi aggregazione: C.S.E.A. CONSORZIO SERVIZI ECOLOGIA ED AMBIENTE;;;;;;;;;
01004156;Ostana;Cuneo;Vedi aggregazione: C.S.E.A. CONSORZIO SERVIZI ECOLOGIA ED AMBIENTE;;;;;;;;;
01004157;Paesana;Cuneo;Vedi aggregazione: C.S.E.A. CONSORZIO SERVIZI ECOLOGIA ED AMBIENTE;;;;;;;;;
01004158;Pagno;Cuneo;Vedi aggregazione: C.S.E.A. CONSORZIO SERVIZI ECOLOGIA ED AMBIENTE;;;;;;;;;
01004163;Peveragno;Cuneo;Vedi aggregazione: CONSORZIO ECOLOGICO CUNEESE;;;;;;;;;
01004165;Pianfei;Cuneo;Vedi aggregazione: CONSORZIO ECOLOGICO CUNEESE;;;;;;;;;
01004166;Piasco;Cuneo;Vedi aggregazione: C.S.E.A. CONSORZIO SERVIZI ECOLOGIA ED AMBIENTE;;;;;;;;;
01004167;Pietraporzio;Cuneo;Vedi aggregazione: CONSORZIO ECOLOGICO CUNEESE;;;;;;;;;
01004168;Piobesi d'Alba;Cuneo;Vedi aggregazione: CO.A.B.SE.R.;;;;;;;;;
01004170;Pocapaglia;Cuneo;Vedi aggregazione: CO.A.B.SE.R.;;;;;;;;;
01004171;Polonghera;Cuneo;Vedi aggregazione: C.S.E.A. CONSORZIO SERVIZI ECOLOGIA ED AMBIENTE;;;;;;;;;
01004172;Pontechianale;Cuneo;Vedi aggregazione: C.S.E.A. CONSORZIO SERVIZI ECOLOGIA ED AMBIENTE;;;;;;;;;
01004173;Pradleves;Cuneo;Vedi aggregazione: CONSORZIO ECOLOGICO CUNEESE;;;;;;;;;
01004174;Prazzo;Cuneo;Vedi aggregazione: CONSORZIO ECOLOGICO CUNEESE;;;;;;;;;
01004176;Priocca;Cuneo;Vedi aggregazione: CO.A.B.SE.R.;;;;;;;;;
01004179;Racconigi;Cuneo;Vedi aggregazione: C.S.E.A. CONSORZIO SERVIZI ECOLOGIA ED AMBIENTE;;;;;;;;;
01004180;Revello;Cuneo;Vedi aggregazione: C.S.E.A. CONSORZIO SERVIZI ECOLOGIA ED AMBIENTE;;;;;;;;;
01004181;Rifreddo;Cuneo;Vedi aggregazione: C.S.E.A. CONSORZIO SERVIZI ECOLOGIA ED AMBIENTE;;;;;;;;;
01004182;Rittana;Cuneo;Vedi aggregazione: CONSORZIO ECOLOGICO CUNEESE;;;;;;;;;
01004183;Roaschia;Cuneo;Vedi aggregazione: CONSORZIO ECOLOGICO CUNEESE;;;;;;;;;
01004185;Robilante;Cuneo;Vedi aggregazione: CONSORZIO ECOLOGICO CUNEESE;;;;;;;;;
01004187;Roccabruna;Cuneo;Vedi aggregazione: CONSORZIO ECOLOGICO CUNEESE;;;;;;;;;
01004191;Roccasparvera;Cuneo;Vedi aggregazione: CONSORZIO ECOLOGICO CUNEESE;;;;;;;;;
01004192;Roccavione;Cuneo;Vedi aggregazione: CONSORZIO ECOLOGICO CUNEESE;;;;;;;;;
01004194;Roddi;Cuneo;Vedi aggregazione: CO.A.B.SE.R.;;;;;;;;;
01004195;Roddino;Cuneo;Vedi aggregazione: CO.A.B.SE.R.;;;;;;;;;
01004196;Rodello;Cuneo;Vedi aggregazione: CO.A.B.SE.R.;;;;;;;;;
01004197;Rossana;Cuneo;Vedi aggregazione: C.S.E.A. CONSORZIO SERVIZI ECOLOGIA ED AMBIENTE;;;;;;;;;
01004198;Ruffia;Cuneo;Vedi aggregazione: C.S.E.A. CONSORZIO SERVIZI ECOLOGIA ED AMBIENTE;;;;;;;;;
01004202;Salmour;Cuneo;Vedi aggregazione: CO.A.B.SE.R.;;;;;;;;;
01004203;Saluzzo - Dato aggregazione C.S.E.A. CONSORZIO SERVIZI ECOLOGIA ED AMBIENTE;Cuneo;53;167.863;15,66;17,03;44,25;8,71;12,91;16,40;7,02;133,20
01004204;Sambuco;Cuneo;Vedi aggregazione: CONSORZIO ECOLOGICO CUNEESE;;;;;;;;;
01004205;Sampeyre;Cuneo;Vedi aggregazione: C.S.E.A. CONSORZIO SERVIZI ECOLOGIA ED AMBIENTE;;;;;;;;;
01004207;San Damiano Macra;Cuneo;Vedi aggregazione: CONSORZIO ECOLOGICO CUNEESE;;;;;;;;;
01004208;Sanfre;Cuneo;Vedi aggregazione: CO.A.B.SE.R.;;;;;;;;;
01004209;Sanfront;Cuneo;Vedi aggregazione: C.S.E.A. CONSORZIO SERVIZI ECOLOGIA ED AMBIENTE;;;;;;;;;
01004212;Santa Vittoria d'Alba;Cuneo;Vedi aggregazione: CO.A.B.SE.R.;;;;;;;;;
01004211;Sant'Albano Stura;Cuneo;Vedi aggregazione: C.S.E.A. CONSORZIO SERVIZI ECOLOGIA ED AMBIENTE;;;;;;;;;
01004213;Santo Stefano Belbo;Cuneo;Vedi aggregazione: CO.A.B.SE.R.;;;;;;;;;
01004214;Santo Stefano Roero;Cuneo;Vedi aggregazione: CO.A.B.SE.R.;;;;;;;;;
01004215;Savigliano;Cuneo;Vedi aggregazione: C.S.E.A. CONSORZIO SERVIZI ECOLOGIA ED AMBIENTE;;;;;;;;;
01004217;Scarnafigi;Cuneo;Vedi aggregazione: C.S.E.A. CONSORZIO SERVIZI ECOLOGIA ED AMBIENTE;;;;;;;;;
01004218;Serralunga d'Alba;Cuneo;Vedi aggregazione: CO.A.B.SE.R.;;;;;;;;;
01004220;Sinio;Cuneo;Vedi aggregazione: CO.A.B.SE.R.;;;;;;;;;
01004222;Sommariva del Bosco;Cuneo;Vedi aggregazione: CO.A.B.SE.R.;;;;;;;;;
01004223;Sommariva Perno;Cuneo;Vedi aggregazione: CO.A.B.SE.R.;;;;;;;;;
01004224;Stroppo;Cuneo;Vedi aggregazione: CONSORZIO ECOLOGICO CUNEESE;;;;;;;;;
01004225;Tarantasca;Cuneo;Vedi aggregazione: CONSORZIO ECOLOGICO CUNEESE;;;;;;;;;
01004228;Torre San Giorgio;Cuneo;Vedi aggregazione: C.S.E.A. CONSORZIO SERVIZI ECOLOGIA ED AMBIENTE;;;;;;;;;
01004230;Treiso;Cuneo;Vedi aggregazione: CO.A.B.SE.R.;;;;;;;;;
01004231;Trezzo Tinella;Cuneo;Vedi aggregazione: CO.A.B.SE.R.;;;;;;;;;
01004232;Trinita;Cuneo;Vedi aggregazione: C.S.E.A. CONSORZIO SERVIZI ECOLOGIA ED AMBIENTE;;;;;;;;;
01004233;Valdieri;Cuneo;Vedi aggregazione: CONSORZIO ECOLOGICO CUNEESE;;;;;;;;;
01004234;Valgrana;Cuneo;Vedi aggregazione: CONSORZIO ECOLOGICO CUNEESE;;;;;;;;;
01004235;Valloriate;Cuneo;Vedi aggregazione: CONSORZIO ECOLOGICO CUNEESE;;;;;;;;;
01004237;Venasca;Cuneo;Vedi aggregazione: C.S.E.A. CONSORZIO SERVIZI ECOLOGIA ED AMBIENTE;;;;;;;;;
01004238;Verduno;Cuneo;Vedi aggregazione: CO.A.B.SE.R.;;;;;;;;;
01004239;Vernante;Cuneo;Vedi aggregazione: CONSORZIO ECOLOGICO CUNEESE;;;;;;;;;
01004240;Verzuolo;Cuneo;Vedi aggregazione: C.S.E.A. CONSORZIO SERVIZI ECOLOGIA ED AMBIENTE;;;;;;;;;
01004241;Vezza d'Alba;Cuneo;Vedi aggregazione: CO.A.B.SE.R.;;;;;;;;;
01004243;Vignolo;Cuneo;Vedi aggregazione: CONSORZIO ECOLOGICO CUNEESE;;;;;;;;;
01004244;Villafalletto;Cuneo;Vedi aggregazione: C.S.E.A. CONSORZIO SERVIZI ECOLOGIA ED AMBIENTE;;;;;;;;;
01004246;Villanova Solaro;Cuneo;Vedi aggregazione: C.S.E.A. CONSORZIO SERVIZI ECOLOGIA ED AMBIENTE;;;;;;;;;
01004247;Villar San Costanzo;Cuneo;Vedi aggregazione: CONSORZIO ECOLOGICO CUNEESE;;;;;;;;;
01004248;Vinadio;Cuneo;Vedi aggregazione: CONSORZIO ECOLOGICO CUNEESE;;;;;;;;;
01004250;Vottignasco;Cuneo;Vedi aggregazione: C.S.E.A. CONSORZIO SERVIZI ECOLOGIA ED AMBIENTE;;;;;;;;;
19086001;Agira;Enna;1;7.799;19,38;27,89;54,29;3,43;17,50;11,65;11,26;145,40
19086005;Calascibetta;Enna;1;4.158;46,18;3,50;63,35;1,48;15,31;13,53;;143,34
19086006;Catenanuova;Enna;1;4.578;40,06;15,15;39,48;;4,03;4,00;;102,71
19086009;Enna;Enna;1;26.030;14,62;20,86;88,80;27,18;18,15;29,80;3,99;203,39
19086011;Leonforte;Enna;1;12.679;7,60;24,35;37,99;2,83;21,41;12,62;;106,79
19086013;Nissoria;Enna;1;2.884;48,50;19,37;60,56;9,61;17,67;22,39;6,24;184,33
19086014;Piazza Armerina;Enna;1;20.842;39,66;20,80;40,86;13,62;39,80;6,57;6,26;167,58
19086015;Pietraperzia;Enna;1;6.472;16,60;8,20;22,17;28,66;;78,44;13,07;167,14
11109001;Altidona;Fermo;1;3.509;55,66;35,41;;4,76;17,87;2,36;2,69;122,67
11109003;Belmonte Piceno;Fermo;1;600;15,15;12,51;28,77;;10,94;21,19;9,56;118,20
11109004;Campofilone;Fermo;1;1.898;11,29;12,40;49,55;9,48;11,89;15,23;6,19;126,69
11109005;Falerone;Fermo;1;3.188;73,80;;27,23;18,30;10,26;10,98;8,03;192,52
11109006;Fermo;Fermo;1;36.386;15,32;17,55;41,24;8,67;35,87;31,74;15,93;166,31
11109007;Francavilla d'Ete;Fermo;1;960;5,51;;45,85;17,44;52,55;22,90;2,45;146,70
11109008;Grottazzolina;Fermo;1;3.226;11,11;22,71;44,99;0,60;3,74;41,33;12,14;171,92
11109009;Lapedona;Fermo;1;1.166;29,15;29,15;8,29;7,84;4,98;1,14;11,45;92,70
11109011;Massa Fermana;Fermo;1;893;56,99;16,75;;11,99;19,32;18,05;3,27;126,38
11109012;Monsampietro Morico;Fermo;1;628;19,60;17,35;45,20;;4,20;12,38;4,34;103,06
11109016;Monte Giberto;Fermo;1;757;8,39;13,82;48,29;4,95;8,91;46,54;14,66;182,44
11109021;Monte Rinaldo;Fermo;1;328;10,58;11,41;42,33;4,94;13,27;26,20;10,67;119,41
11109023;Monte San Pietrangeli;Fermo;1;2.328;10,25;0,29;34,00;;0,54;19,24;4,73;69,06
11109024;Monte Urano;Fermo;1;8.011;9,43;17,41;26,42;;3,06;15,32;16,90;88,54
11109025;Monte Vidon Combatte;Fermo;1;397;;19,18;53,03;;;37,36;;109,57
11109026;Monte Vidon Corrado;Fermo;1;678;47,87;20,44;32,86;;32,60;21,66;2,61;182,93
11109014;Montefalcone Appennino;Fermo;1;380;6,52;35,20;29,20;;13,42;21,99;3,27;109,60
11109017;Montegiorgio;Fermo;1;6.535;33,46;23,07;28,81;2,10;8,10;21,65;7,64;124,83
11109019;Monteleone di Fermo;Fermo;1;365;7,84;21,66;11,18;;4,32;58,08;;116,62
11109020;Montelparo;Fermo;1;716;16,17;;16,83;29,26;12,95;20,45;3,19;117,80
11109027;Montottone;Fermo;1;892;19,34;16,99;40,40;;3,29;25,83;9,72;128,04
11109030;Pedaso;Fermo;1;2.812;21,50;7,40;74,50;;20,43;7,25;;131,08
11109032;Ponzano di Fermo;Fermo;1;1.652;8,79;6,76;42,96;5,87;19,94;12,08;11,11;147,83
11109033;Porto San Giorgio;Fermo;1;15.938;26,91;52,94;22,06;;21,94;93,16;7,70;226,61
11109034;Porto Sant'Elpidio;Fermo;1;25.650;17,31;35,77;36,22;0,16;17,28;23,86;15,57;146,16
11109035;Rapagnano;Fermo;1;1.937;5,69;13,40;50,05;;6,66;12,11;2,79;90,70
11109037;Sant'Elpidio a Mare;Fermo;1;16.897;13,26;15,32;38,48;;10,98;19,15;5,74;102,93
11109038;Servigliano;Fermo;1;2.241;24,08;13,08;43,66;8,19;3,87;2,46;0,85;97,74
11109039;Smerillo;Fermo;1;331;6,62;16,04;32,37;2,91;15,41;29,01;3,76;106,10
11109040;Torre San Patrizio;Fermo;1;1.938;7,16;13,54;27,17;;6,02;28,34;4,00;86,24
08038008;Ferrara;Ferrara;1;132.288;18,51;11,88;99,21;31,07;26,13;19,09;16,05;220,52
09048001;Bagno a Ripoli;Firenze;1;25.462;19,05;35,52;59,85;23,71;18,35;28,29;21,62;210,76
09048002;Barberino di Mugello;Firenze;1;10.779;13,58;68,47;50,41;20,15;19,07;47,82;27,73;251,41
09048054;Barberino Tavarnelle;Firenze;1;12.021;19,00;38,90;63,37;31,28;29,38;32,30;34,97;253,02
09048004;Borgo San Lorenzo;Firenze;1;17.979;15,20;49,21;47,84;20,72;18,31;43,21;40,86;239,05
09048005;Calenzano;Firenze;1;18.094;16,17;63,41;50,40;37,95;40,14;38,67;49,84;303,02
09048006;Campi Bisenzio;Firenze;1;46.270;13,05;59,52;36,60;18,15;32,11;26,92;19,83;209,84
09048008;Capraia e Limite;Firenze;1;7.854;15,12;10,46;57,29;15,92;12,90;19,27;9,96;143,49
09048010;Castelfiorentino;Firenze;1;17.279;12,63;15,29;48,39;18,84;22,39;20,65;42,19;183,40
09048011;Cerreto Guidi;Firenze;1;10.744;16,25;13,88;61,73;17,60;11,56;20,80;24,14;169,01
09048012;Certaldo;Firenze;1;15.690;12,49;12,45;48,50;17,37;28,31;18,60;27,58;168,22
09048013;Dicomano;Firenze;1;5.460;14,18;8,14;66,09;21,81;23,77;40,69;17,09;191,76
09048014;Empoli;Firenze;1;48.368;16,15;15,43;61,51;19,69;33,17;23,08;37,58;210,05
09048015;Fiesole;Firenze;1;13.918;19,69;21,01;65,67;22,37;34,44;28,37;37,03;231,78
09048052;Figline e Incisa Valdarno;Firenze;1;23.497;24,92;41,08;55,40;22,31;26,81;31,01;19,73;224,14
09048017;Firenze;Firenze;1;359.755;21,92;50,19;52,37;28,44;51,32;33,84;31,22;273,13
09048018;Firenzuola;Firenze;1;4.506;36,40;61,76;7,98;10,14;16,46;36,15;84,67;253,65
09048019;Fucecchio;Firenze;1;22.842;16,13;12,04;61,47;19,27;24,84;22,54;23,28;183,03
09048020;Gambassi Terme;Firenze;1;4.828;18,59;14,53;70,70;18,00;15,51;23,51;45,91;209,13
09048021;Greve in Chianti;Firenze;1;13.470;27,55;29,40;82,25;22,11;37,20;30,88;30,86;263,44
09048022;Impruneta;Firenze;1;14.536;22,16;18,96;77,00;18,39;14,74;24,66;20,45;198,62
09048024;Lastra a Signa;Firenze;1;19.441;26,69;15,44;58,78;18,88;21,14;22,79;13,73;180,64
09048025;Londa;Firenze;1;1.841;14,10;6,32;73,12;25,88;21,07;39,16;15,98;195,63
09048026;Marradi;Firenze;1;2.984;16,47;43,51;4,44;12,20;20,39;19,96;102,52;216,62
09048027;Montaione;Firenze;1;3.529;24,18;21,62;90,97;26,46;29,62;31,64;74,95;303,70
09048028;Montelupo Fiorentino;Firenze;1;14.363;17,42;12,65;65,85;18,94;19,98;22,36;28,69;189,22
09048030;Montespertoli;Firenze;1;13.200;14,89;13,76;56,58;22,12;34,43;22,18;13,74;180,53
09048031;Palazzuolo sul Senio;Firenze;1;1.121;16,62;46,48;28,99;16,41;14,77;35,73;84,23;241,63
09048033;Pontassieve;Firenze;1;20.436;9,45;20,13;48,57;25,66;25,14;33,10;12,74;174,79
09048035;Reggello;Firenze;1;16.593;13,28;25,84;74,90;22,66;26,66;43,01;21,38;228,04
09048036;Rignano sull'Arno;Firenze;1;8.683;15,69;30,11;51,34;20,36;22,32;36,08;12,17;190,66
09048038;San Casciano in Val di Pesa;Firenze;1;16.749;22,43;20,10;71,67;25,32;34,99;27,15;21,43;226,61
09048039;San Godenzo;Firenze;1;1.083;13,21;12,86;83,71;37,98;18,33;53,91;17,06;237,06
09048041;Scandicci;Firenze;1;50.592;13,04;33,66;42,75;21,22;26,61;26,97;39,54;206,54
09048053;Scarperia e San Piero;Firenze;1;12.103;13,15;62,16;50,37;18,89;15,25;43,84;51,01;257,63
09048043;Sesto Fiorentino;Firenze;1;48.788;14,44;40,99;48,63;26,31;31,29;30,84;26,56;223,63
09048044;Signa;Firenze;1;18.526;15,93;48,19;48,83;17,03;30,71;29,88;28,10;221,45
09048046;Vaglia;Firenze;1;5.218;10,15;45,13;42,53;15,87;6,07;27,07;31,17;179,92
09048049;Vicchio;Firenze;1;7.994;8,66;48,45;38,12;17,87;8,76;38,62;32,15;195,18
09048050;Vinci;Firenze;1;14.525;17,45;14,83;67,04;21,32;18,36;23,37;34,09;200,05
16071005;Ascoli Satriano;Foggia;1;5.999;11,20;15,51;44,81;17,32;25,36;2,50;;116,69
16071006;Biccari;Foggia;1;2.645;34,66;15,52;31,17;11,15;17,58;10,03;20,56;236,32
16071012;Carpino;Foggia;1;3.898;36,64;48,59;24,19;2,12;16,84;40,30;;168,69
16071017;Castelnuovo della Daunia;Foggia;1;1.320;43,23;28,45;32,72;25,39;7,23;19,78;;156,80
16071024;Foggia;Foggia;1;148.301;14,91;61,62;27,18;6,08;32,37;46,28;8,62;197,07
16071027;Lesina;Foggia;1;6.239;31,98;;90,15;;37,89;8,64;11,10;179,75
16071028;Lucera;Foggia;1;31.858;12,51;35,16;2,95;43,36;22,04;59,67;;175,68
16071031;Mattinata;Foggia;1;6.072;36,41;;69,03;;36,41;9,86;7,63;159,35
16071033;Monte Sant'Angelo;Foggia;1;11.657;33,67;;91,38;;35,04;6,13;11,07;177,28
16071035;Orsara di Puglia;Foggia;1;2.544;26,23;;53,66;;33,39;5,96;1,74;120,99
16071036;Orta Nova;Foggia;1;16.933;13,92;89,02;28,49;6,09;16,35;61,44;8,88;224,18
16071037;Panni;Foggia;1;695;41,73;38,27;41,73;43,17;14,39;8,88;;188,16
16071040;Poggio Imperiale;Foggia;1;2.584;27,48;21,63;41,51;16,66;15,27;56,78;;179,34
16071043;Rodi Garganico;Foggia;1;3.466;91,93;;174,28;;91,93;24,90;30,84;413,87
16071046;San Giovanni Rotondo;Foggia;1;26.641;60,06;;36,04;;24,03;0,04;14,37;134,54
16071047;San Marco in Lamis;Foggia;1;12.845;7,59;40,64;5,74;;12,06;81,19;;147,23
16071051;San Severo;Foggia;1;48.856;36,40;;52,27;;9,59;12,36;1,29;111,91
16071052;Sant'Agata di Puglia;Foggia;1;1.849;25,40;24,34;43,45;;33,37;23,26;;149,81
16071053;Serracapriola;Foggia;1;3.794;30,85;;63,09;;39,26;7,01;11,13;151,34
16071056;Torremaggiore;Foggia;1;16.643;16,22;;64,91;;27,63;13,15;98,64;223,86
16071058;Troia;Foggia;1;6.817;27,18;;55,60;;34,60;6,18;0,33;123,89
16071060;Vieste;Foggia;1;13.634;63,89;96,99;88,02;;79,50;15,38;18,09;383,24
08040001;Bagno di Romagna;Forli'-Cesena;1;5.670;36,78;25,24;33,23;18,82;17,88;14,39;17,98;164,32
08040003;Bertinoro;Forli'-Cesena;1;10.991;4,54;15,41;47,44;11,59;30,83;37,85;18,83;166,48
08040004;Borghi;Forli'-Cesena;1;2.886;17,42;17,32;25,50;16,82;6,27;-0,41;9,16;92,09
08040005;Castrocaro Terme e Terra del Sole;Forli'-Cesena;1;6.259;4,88;16,57;51,00;12,46;33,15;40,69;20,24;178,99
08040007;Cesena;Forli'-Cesena;1;97.254;18,71;25,90;61,64;16,93;8,79;10,01;10,04;152,01
08040008;Cesenatico;Forli'-Cesena;1;26.084;48,51;36,96;70,02;33,32;44,83;17,16;21,41;272,20
08040009;Civitella di Romagna;Forli'-Cesena;1;3.667;4,93;16,71;51,45;12,58;33,44;41,05;20,42;180,59
08040011;Dovadola;Forli'-Cesena;1;1.579;5,15;17,49;53,84;13,16;34,99;42,96;21,37;188,96
08040012;Forli;Forli'-Cesena;1;117.479;4,67;15,83;48,74;11,91;31,68;38,88;19,34;171,05
08040013;Forlimpopoli;Forli'-Cesena;1;13.156;4,40;14,93;45,97;11,24;29,88;36,68;18,25;161,35
08040014;Galeata;Forli'-Cesena;1;2.378;4,81;16,32;50,26;12,28;32,66;40,10;19,95;176,38
08040015;Gambettola;Forli'-Cesena;1;10.674;23,28;18,49;37,79;20,94;13,39;13,27;10,70;137,86
08040016;Gatteo;Forli'-Cesena;1;9.370;23,89;27,42;61,90;24,07;15,40;7,66;15,43;175,78
08040018;Longiano;Forli'-Cesena;1;7.205;13,97;24,82;32,45;28,47;9,04;8,68;11,73;129,15
08040019;Meldola;Forli'-Cesena;1;9.903;4,58;15,55;47,89;11,70;31,12;38,21;19,00;168,06
08040020;Mercato Saraceno;Forli'-Cesena;1;6.860;33,49;24,73;13,45;16,49;10,04;14,66;12,22;125,07
08040022;Modigliana;Forli'-Cesena;1;4.360;5,35;18,17;55,93;13,67;36,35;44,61;22,20;196,28
08040028;Montiano;Forli'-Cesena;1;1.721;17,01;14,70;21,05;14,79;0,97;23,00;11,36;102,88
08040031;Portico e San Benedetto;Forli'-Cesena;1;745;8,34;28,29;87,11;21,29;56,62;69,50;34,57;305,72
08040032;Predappio;Forli'-Cesena;1;6.135;4,76;16,16;49,76;12,16;32,34;39,70;19,75;174,64
08040033;Premilcuore;Forli'-Cesena;1;717;41,97;30,69;32,52;22,02;38,45;23,65;33,54;222,84
08040036;Rocca San Casciano;Forli'-Cesena;1;1.763;5,85;19,84;61,08;14,93;39,70;48,73;24,24;214,35
08040037;Roncofreddo;Forli'-Cesena;1;3.390;18,00;16,96;11,61;17,44;7,45;11,52;9,63;92,61
08040041;San Mauro Pascoli;Forli'-Cesena;1;12.078;22,16;21,76;48,89;18,44;17,07;12,09;14,21;154,62
08040043;Santa Sofia;Forli'-Cesena;1;4.065;35,96;24,05;39,21;17,80;25,31;16,35;20,21;178,88
08040044;Sarsina;Forli'-Cesena;1;3.329;37,20;23,74;14,91;15,39;17,72;16,29;16,69;141,95
08040045;Savignano sul Rubicone;Forli'-Cesena;1;17.803;23,99;22,51;45,02;18,89;12,50;14,62;12,82;150,35
08040046;Sogliano al Rubicone;Forli'-Cesena;1;3.125;18,12;24,30;17,47;15,20;7,26;5,25;19,40;107,02
08040049;Tredozio;Forli'-Cesena;1;1.145;7,29;24,74;76,15;18,61;49,50;60,76;30,22;267,27
08040050;Verghereto;Forli'-Cesena;1;1.765;45,43;30,06;19,74;19,18;11,40;15,24;27,74;168,79
12060003;Alatri;Frosinone;1;27.495;7,65;17,79;68,79;20,76;11,95;7,39;6,77;141,10
12060004;Alvito - Dato aggregazione Unione Valle Del Comino;Frosinone;5;7.081;48,27;36,13;37,04;;;12,49;;133,93
12060005;Amaseno;Frosinone;1;4.215;25,88;37,19;2,42;2,42;1,44;63,71;4,00;137,06
12060006;Anagni;Frosinone;1;20.988;7,05;17,95;83,63;11,67;10,08;3,65;;134,03
12060007;Aquino;Frosinone;1;4.958;22,63;30,86;30,99;4,11;2,06;41,56;9,46;141,68
12060008;Arce;Frosinone;1;5.458;21,35;38,23;45,08;1,74;11,32;34,02;12,83;164,57
12060009;Arnara;Frosinone;1;2.252;9,06;22,20;24,91;18,12;0,54;21,06;9,51;105,41
12060010;Arpino;Frosinone;1;6.880;18,05;26,99;43,44;4,74;17,70;30,16;;142,76
12060012;Ausonia;Frosinone;1;2.429;13,13;20,52;62,91;15,93;;48,59;6,86;167,94
12060014;Boville Ernica;Frosinone;1;8.415;15,13;;44,44;26,16;10,35;18,39;3,46;117,93
12060015;Broccostella;Frosinone;1;2.702;13,42;36,07;34,21;8,26;;1,11;;93,07
12060016;Campoli Appennino;Frosinone;1;1.623;;31,96;69,70;9,55;;;;111,21
12060017;Casalattico;Frosinone;1;510;111,51;18,51;0,12;;45,90;27,97;3,60;207,61
12060018;Casalvieri;Frosinone;1;2.473;13,77;24,88;44,30;;18,16;40,01;;141,11
12060020;Castelliri;Frosinone;1;3.259;10,08;5,33;48,33;21,46;7,10;22,19;1,52;117,23
12060021;Castelnuovo Parano;Frosinone;1;869;49,14;76,85;2,42;;0,81;;;129,21
12060022;Castrocielo;Frosinone;1;3.862;23,72;38,63;24,11;2,79;30,00;15,67;3,17;138,08
12060024;Ceccano;Frosinone;1;22.310;12,57;27,16;50,27;3,66;1,43;6,73;6,32;225,77
12060025;Ceprano;Frosinone;1;8.354;7,09;24,89;43,31;;14,85;5,59;8,18;112,90
12060026;Cervaro;Frosinone;1;7.834;;33,44;18,20;9,43;34,11;41,10;14,62;150,90
12060027;Colfelice;Frosinone;1;1.826;9,49;1,24;47,45;;;34,53;0,83;93,54
12060029;Colle San Magno;Frosinone;1;642;13,09;28,91;63,33;5,80;6,38;27,95;2,34;147,79
12060028;Collepardo;Frosinone;1;893;15,96;;61,06;;;7,80;2,96;87,79
12060031;Esperia;Frosinone;1;3.789;7,38;28,07;5,38;2,24;1,70;59,36;4,31;110,29
12060032;Falvaterra;Frosinone;1;541;;109,60;115,89;;;;;225,49
12060033;Ferentino;Frosinone;1;19.853;26,77;47,90;32,35;6,17;10,43;40,31;12,16;176,10
12060035;Fiuggi;Frosinone;1;10.173;10,91;60,17;;74,64;32,29;6,41;11,52;195,94
12060036;Fontana Liri;Frosinone;1;2.783;12,61;39,48;57,61;2,07;7,19;32,46;4,31;155,73
12060038;Frosinone;Frosinone;1;44.485;60,69;78,14;;44,64;;5,31;17,98;206,76
12060039;Fumone;Frosinone;1;2.021;37,89;22,21;43,86;3,23;16,19;9,01;0,76;133,15
12060040;Gallinaro;Frosinone;Vedi aggregazione: Unione Valle Del Comino;;;;;;;;;
12060041;Giuliano di Roma;Frosinone;1;2.383;;16,39;58,15;0,82;;3,57;;82,21
12060043;Isola del Liri;Frosinone;1;11.012;15,33;44,26;35,15;7,24;15,69;29,59;3,12;150,38
12060044;Monte San Giovanni Campano;Frosinone;1;12.307;26,99;23,80;40,55;6,18;3,92;16,61;4,00;122,06
12060045;Morolo;Frosinone;1;3.181;12,02;24,74;70,99;11,03;22,11;16,13;1,88;158,91
12060048;Patrica;Frosinone;1;3.095;52,00;29,14;8,08;8,48;9,55;16,77;1,32;125,34
12060049;Pescosolido;Frosinone;1;1.457;11,05;;43,95;19,50;3,47;6,31;1,79;86,07
12060051;Pico;Frosinone;1;2.716;4,56;;22,26;;;8,42;1,89;37,13
12060052;Piedimonte San Germano;Frosinone;1;6.260;23,57;37,60;42,68;8,92;17,76;16,13;;146,65
12060053;Piglio;Frosinone;1;4.393;3,52;19,12;109,24;;20,45;15,85;2,94;171,13
12060055;Pofi;Frosinone;1;3.966;20,70;32,15;25,72;1,29;7,15;16,65;;103,65
12060056;Pontecorvo;Frosinone;1;12.496;12,81;74,21;3,86;;19,54;15,10;;128,91
12060058;Ripi;Frosinone;1;5.023;17,51;30,37;51,78;;11,34;28,03;2,34;141,36
12060059;Rocca d'Arce;Frosinone;1;920;104,25;26,94;54,35;;;;;185,54
12060060;Roccasecca;Frosinone;1;7.084;9,36;23,86;48,70;11,75;8,30;2,43;;105,98
12060061;San Biagio Saracinisco;Frosinone;1;299;57,47;43,21;16,05;;;15,16;;131,90
12060062;San Donato Val di Comino;Frosinone;Vedi aggregazione: Unione Valle Del Comino;;;;;;;;;
12060063;San Giorgio a Liri;Frosinone;1;3.016;;33,53;120,95;5,96;;4,10;2,91;167,45
12060064;San Giovanni Incarico;Frosinone;1;3.177;42,28;32,84;15,77;3,07;9,39;23,92;;127,94
12060070;San Vittore del Lazio;Frosinone;1;2.456;15,93;22,24;79,64;13,88;2,93;8,14;;142,77
12060065;Sant'Ambrogio sul Garigliano;Frosinone;1;893;11,00;19,42;35,61;;22,52;21,25;;109,80
12060067;Sant'Apollinare;Frosinone;1;1.841;13,74;30,42;18,18;;;55,08;0,54;117,96
12060068;Sant'Elia Fiumerapido;Frosinone;1;5.738;10,86;25,19;54,28;11,86;12,65;12,12;;126,96
12060071;Serrone;Frosinone;1;3.000;39,12;28,69;65,96;5,13;6,97;16,77;10,25;172,89
12060072;Settefrati;Frosinone;Vedi aggregazione: Unione Valle Del Comino;;;;;;;;;
12060075;Strangolagalli;Frosinone;1;2.328;28,20;;48,72;28,67;;4,30;;109,89
12060076;Supino;Frosinone;1;4.768;9,73;34,13;48,63;;4,31;9,26;;106,05
12060078;Torre Cajetani;Frosinone;1;1.314;11,84;3,98;59,18;;;7,79;5,20;87,98
12060079;Torrice;Frosinone;1;4.740;7,49;38,48;37,43;;7,08;23,82;16,73;138,42
12060080;Trevi nel Lazio;Frosinone;1;1.782;132,49;81,97;9,29;4,36;20,99;28,50;;277,60
12060081;Trivigliano;Frosinone;1;1.619;12,20;24,12;65,13;;10,02;5,68;12,70;129,85
12060082;Vallecorsa;Frosinone;1;2.495;21,54;44,37;41,94;1,80;2,92;17,51;;130,09
12060083;Vallemaio;Frosinone;1;904;29,42;27,08;23,78;5,64;1,69;7,33;5,40;100,35
12060085;Veroli;Frosinone;1;19.626;19,02;34,91;64,75;0,04;12,82;19,81;2,73;154,08
12060086;Vicalvi;Frosinone;Vedi aggregazione: Unione Valle Del Comino;;;;;;;;;
12060087;Vico nel Lazio;Frosinone;1;2.110;27,33;33,42;51,34;0,98;;2,74;;116,17
12060090;Villa Santo Stefano;Frosinone;1;1.669;10,77;7,82;11,66;5,40;;41,51;;77,16
07010002;Avegno;Genova;1;2.549;72,19;13,73;18,06;13,20;;0,78;;87,84
07010003;Bargagli;Genova;1;2.559;16,14;32,21;19,50;7,73;;19,08;1,40;96,06
07010004;Bogliasco;Genova;1;4.382;23,69;6,98;79,43;1,77;29,82;32,53;1,87;176,10
07010006;Busalla;Genova;1;5.257;2,70;45,46;48,46;23,47;13,81;28,49;20,79;183,18
07010008;Campo Ligure;Genova;Vedi aggregazione: Unione dei Comuni delle Valli Stura Orba e Leira;;;;;;;;;
07010010;Carasco;Genova;1;3.706;35,43;20,76;26,54;11,49;3,61;20,72;10,90;129,44
07010011;Casarza Ligure;Genova;1;6.714;13,13;24,59;40,22;10,12;3,03;21,73;3,74;116,91
07010012;Casella;Genova;1;3.109;44,74;62,50;23,53;6,58;3,28;16,11;25,87;182,62
07010013;Castiglione Chiavarese;Genova;1;1.585;29,83;59,65;41,25;8,94;;24,68;2,68;167,03
07010014;Ceranesi;Genova;1;3.699;1,51;52,96;18,02;30,41;;48,13;6,80;157,83
07010016;Cicagna;Genova;1;2.242;10,53;11,06;48,96;12,04;10,14;9,64;14,67;117,04
07010017;Cogoleto;Genova;1;8.825;38,14;19,64;86,39;25,15;43,57;37,04;18,55;277,24
07010018;Cogorno;Genova;1;5.694;15,68;18,60;58,25;29,49;11,29;10,31;7,49;151,12
07010019;Coreglia Ligure;Genova;1;267;31,70;24,00;56,82;;;12,85;6,03;131,40
07010020;Crocefieschi;Genova;1;521;75,55;94,17;36,92;5,68;;103,91;4,70;320,92
07010021;Davagna;Genova;1;1.809;29,88;45,96;38,09;;;38,00;1,93;159,18
07010022;Fascia;Genova;1;70;100,00;78,57;85,71;35,71;;261,43;;561,43
07010023;Favale di Malvaro;Genova;1;434;18,09;7,58;77,53;16,68;;28,69;4,04;152,62
07010024;Fontanigorda;Genova;1;258;131,25;88,65;80,62;17,75;16,84;32,95;;368,05
07010025;Genova;Genova;1;558.930;63,55;57,56;33,49;10,79;26,27;64,11;16,95;275,06
07010026;Gorreto;Genova;1;90;79,34;84,33;157,61;19,82;;137,57;12,04;490,72
07010027;Isola del Cantone;Genova;1;1.410;49,99;53,30;24,53;3,81;16,44;76,11;34,25;258,44
07010028;Lavagna;Genova;1;12.337;12,64;24,57;69,10;16,49;35,09;33,88;32,41;333,08
07010029;Leivi;Genova;1;2.414;8,51;11,11;55,24;6,35;1,24;34,95;;117,40
07010031;Lumarzo;Genova;1;1.468;13,59;32,70;63,02;;12,81;34,10;2,57;158,79
07010032;Masone;Genova;Vedi aggregazione: Unione dei Comuni delle Valli Stura Orba e Leira;;;;;;;;;
07010033;Mele;Genova;Vedi aggregazione: Unione dei Comuni delle Valli Stura Orba e Leira;;;;;;;;;
07010034;Mezzanego;Genova;1;1.475;15,23;40,34;58,22;4,83;6,10;4,43;1,14;130,29
07010035;Mignanego;Genova;1;3.537;1,33;54,56;18,78;23,71;10,60;25,20;43,13;177,30
07010036;Moconesi;Genova;1;2.478;13,77;6,86;59,91;19,02;6,17;14,34;1,60;121,67
07010037;Moneglia;Genova;1;2.609;40,73;68,01;120,92;36,26;47,31;67,23;13,77;395,77
07010038;Montebruno;Genova;1;210;58,49;100,74;99,01;13,17;4,86;101,16;2,33;379,76
07010039;Montoggio;Genova;1;2.017;44,69;59,75;28,00;3,12;;34,24;30,81;200,61
07010040;Ne;Genova;1;2.168;17,88;62,48;73,23;0,11;0,76;38,74;12,33;205,52
07010041;Neirone;Genova;1;814;18,43;31,62;79,85;;;12,03;12,53;154,46
07010042;Orero;Genova;1;510;14,38;8,35;73,53;11,11;14,15;13,80;9,77;145,24
07010043;Pieve Ligure;Genova;1;2.472;32,08;20,75;83,74;7,46;7,13;24,08;2,24;177,47
07010044;Portofino;Genova;1;366;234,37;105,15;359,70;82,83;273,09;51,02;;1.106,16
07010045;Propata;Genova;1;129;15,50;131,78;27,13;23,26;;372,87;;570,54
07010046;Rapallo;Genova;1;28.913;16,02;36,72;68,13;15,01;31,27;21,48;17,93;206,55
07010047;Recco;Genova;1;9.543;30,60;26,96;77,80;19,69;43,05;33,83;7,44;239,37
07010048;Rezzoaglio;Genova;1;913;52,65;90,86;85,77;;;18,23;;289,85
07010049;Ronco Scrivia;Genova;1;4.202;37,17;55,27;34,32;10,64;13,10;30,14;3,53;184,16
07010050;Rondanina;Genova;1;55;64,91;117,16;109,64;;;12,95;2,73;307,38
07010051;Rossiglione - Dato aggregazione Unione dei Comuni delle Valli Stura Orba e Leira;Genova;5;12.057;4,74;23,55;41,28;4,07;;16,69;2,26;92,60
07010052;Rovegno;Genova;1;497;55,81;88,73;98,57;37,68;30,71;95,32;39,02;448,62
07010053;San Colombano Certenoli;Genova;1;2.605;14,66;13,33;47,95;8,14;2,04;15,81;1,41;103,34
07010054;Santa Margherita Ligure;Genova;1;8.763;80,49;77,78;136,11;61,85;46,03;65,01;20,67;572,34
07010056;Santo Stefano d'Aveto;Genova;1;1.023;71,74;69,83;124,30;;6,14;57,68;13,85;343,53
07010057;Savignone;Genova;1;3.064;45,78;73,38;28,73;9,50;17,60;34,54;48,65;258,18
07010058;Serra Ricco;Genova;1;7.685;1,45;42,56;17,38;27,02;6,67;36,27;5,35;137,39
07010059;Sestri Levante;Genova;1;17.970;17,26;21,49;77,50;14,40;19,91;57,68;5,79;214,04
07010060;Sori;Genova;1;4.017;25,97;24,24;71,65;1,86;13,61;63,30;5,40;220,12
07010061;Tiglieto;Genova;Vedi aggregazione: Unione dei Comuni delle Valli Stura Orba e Leira;;;;;;;;;
07010062;Torriglia;Genova;1;2.225;67,70;68,44;22,03;9,04;3,85;32,60;4,05;207,71
07010063;Tribogna;Genova;1;576;17,43;1,39;83,31;17,12;;14,22;11,07;144,54
07010064;Uscio;Genova;1;2.147;47,67;7,33;25,95;6,03;18,15;11,76;13,08;132,81
07010065;Valbrevenna;Genova;1;757;67,35;61,87;21,29;6,16;;46,13;35,53;238,33
07010066;Vobbia;Genova;1;375;94,61;73,92;35,52;7,77;;30,86;51,63;294,29
06031001;Capriva del Friuli;Gorizia;1;1.627;25,25;18,42;25,48;22,44;10,86;20,34;8,87;146,20
06031002;Cormons;Gorizia;1;7.100;29,18;19,93;28,35;23,92;4,35;32,69;13,97;190,77
06031003;Doberdo del Lago;Gorizia;1;1.352;26,87;12,81;29,95;24,09;3,57;31,00;8,89;143,08
06031004;Dolegna del Collio;Gorizia;1;323;41,66;26,01;48,81;29,66;7,62;35,70;16,13;230,46
06031005;Farra d'Isonzo;Gorizia;1;1.655;25,49;13,95;25,85;20,70;8,71;30,71;8,59;148,86
06031006;Fogliano Redipuglia;Gorizia;1;2.946;22,45;18,60;28,26;25,39;2,65;35,67;10,86;152,17
06031007;Gorizia;Gorizia;1;33.479;36,99;25,96;30,32;17,33;26,12;23,65;11,63;176,31
06031008;Gradisca d'Isonzo;Gorizia;1;6.346;31,17;22,41;27,95;21,91;7,02;27,67;9,77;175,86
06031009;Grado;Gorizia;1;7.971;53,82;57,94;70,15;52,86;19,36;67,15;32,53;436,01
06031010;Mariano del Friuli;Gorizia;1;1.473;27,19;17,96;27,51;26,56;4,63;21,07;10,38;146,84
06031011;Medea;Gorizia;1;964;24,93;16,99;24,34;25,53;14,00;26,59;9,30;162,78
06031012;Monfalcone;Gorizia;1;28.093;30,03;27,47;33,31;19,78;22,44;19,73;10,04;177,75
06031013;Moraro;Gorizia;1;695;27,63;15,54;26,80;23,74;9,42;26,51;9,76;159,05
06031014;Mossa;Gorizia;1;1.529;25,63;14,12;24,07;20,95;0,73;25,24;8,44;131,07
06031015;Romans d'Isonzo;Gorizia;1;3.663;26,48;13,57;25,68;20,82;3,90;23,21;9,15;130,89
06031016;Ronchi dei Legionari;Gorizia;1;11.755;30,09;19,33;28,76;24,84;13,55;23,96;9,86;154,72
06031017;Sagrado;Gorizia;1;2.140;25,44;14,75;24,31;19,34;1,57;22,86;7,86;133,09
06031018;San Canzian d'Isonzo;Gorizia;1;6.080;25,38;13,96;24,89;17,84;5,32;45,47;11,73;161,21
06031019;San Floriano del Collio;Gorizia;1;746;25,25;14,82;27,01;17,78;11,20;35,65;8,25;156,37
06031020;San Lorenzo Isontino;Gorizia;1;1.512;25,24;14,11;24,29;22,58;6,89;22,23;8,49;137,01
06031021;San Pier d'Isonzo;Gorizia;1;1.994;19,20;14,12;23,08;17,08;3,57;20,56;7,57;108,92
06031022;Savogna d'Isonzo;Gorizia;1;1.655;22,27;14,08;23,00;13,99;0,26;14,17;7,17;104,81
06031023;Staranzano;Gorizia;1;7.278;28,75;17,32;29,03;22,53;12,37;21,87;12,57;153,91
06031024;Turriaco;Gorizia;1;2.805;28,67;13,84;26,97;20,46;2,75;52,40;8,67;203,49
06031025;Villesse;Gorizia;1;1.628;40,13;48,69;55,30;39,40;15,55;24,10;13,11;258,28
09053001;Arcidosso;Grosseto;1;4.295;42,33;45,66;52,26;30,86;35,09;26,49;5,80;238,50
09053004;Castel del Piano;Grosseto;1;4.808;43,84;49,60;47,86;27,09;23,59;31,09;17,11;240,18
09053006;Castiglione della Pescaia;Grosseto;1;7.111;75,15;95,24;92,72;86,22;90,51;34,28;23,35;497,47
09053007;Cinigiano;Grosseto;1;2.420;24,84;23,55;44,63;23,79;40,85;40,70;35,50;233,87
09053008;Civitella Paganico;Grosseto;1;3.030;36,68;29,11;56,04;35,37;27,66;33,30;26,45;244,62
09053009;Follonica;Grosseto;1;21.123;44,36;35,74;96,70;44,43;40,78;41,00;27,75;330,75
09053010;Gavorrano;Grosseto;1;8.291;30,76;27,69;63,50;31,51;24,63;27,93;33,23;239,25
09053011;Grosseto;Grosseto;1;81.621;29,62;41,78;35,44;29,94;28,56;40,96;4,08;210,38
09053012;Isola del Giglio;Grosseto;1;1.351;107,24;71,65;86,48;51,22;107,85;91,06;14,39;529,87
09053013;Magliano in Toscana;Grosseto;1;3.393;41,91;15,25;89,50;27,47;31,37;57,42;9,67;272,59
09053014;Manciano;Grosseto;1;7.226;44,04;46,99;34,39;29,18;15,51;57,05;16,64;252,20
09053015;Massa Marittima;Grosseto;1;8.219;32,61;26,68;56,99;33,33;37,00;37,03;25,42;300,10
09053016;Monte Argentario;Grosseto;1;11.849;65,88;50,61;73,88;33,02;45,50;;5,87;274,75
09053017;Montieri;Grosseto;1;1.155;33,97;16,59;115,12;41,68;17,81;34,52;14,01;273,70
09053018;Orbetello;Grosseto;1;14.531;59,94;67,17;50,53;36,33;44,58;36,82;14,45;309,82
09053019;Pitigliano;Grosseto;1;3.698;25,28;22,08;67,38;29,89;40,32;22,01;7,95;214,91
09053020;Roccalbegna;Grosseto;1;945;38,36;30,55;71,60;28,50;47,86;45,62;21,63;284,12
09053021;Roccastrada;Grosseto;1;8.834;27,36;25,37;59,73;30,47;21,70;40,31;25,92;230,84
09053022;Santa Fiora;Grosseto;1;2.484;55,04;50,96;28,41;25,74;38,60;26,33;9,37;234,43
09053023;Scansano;Grosseto;1;4.315;42,43;27,94;63,71;30,13;14,01;43,85;6,40;228,46
09053024;Scarlino;Grosseto;1;3.827;48,81;41,15;114,02;53,21;42,94;69,23;67,74;437,09
09053025;Seggiano;Grosseto;1;995;53,46;45,03;24,54;25,16;19,37;36,18;18,64;222,39
09053028;Semproniano;Grosseto;1;990;43,61;44,31;70,40;40,24;51,80;64,07;19,50;333,91
09053026;Sorano;Grosseto;1;3.165;25,13;16,10;74,16;31,91;15,72;38,35;9,60;210,96
07008001;Airole;Imperia;1;355;47,34;78,81;14,64;14,99;93,55;70,31;;319,63
07008003;Aquila d'Arroscia;Imperia;1;151;95,08;;75,77;;;38,23;18,35;227,43
07008004;Armo;Imperia;1;116;14,18;35,91;85,07;;24,59;33,04;;192,78
07008006;Badalucco;Imperia;1;1.068;32,56;68,20;7,74;;24,80;29,36;1,56;164,22
07008007;Bajardo;Imperia;1;348;58,71;32,56;72,82;;4,56;137,00;2,99;308,65
07008008;Bordighera;Imperia;1;10.075;14,30;25,78;79,89;52,56;128,10;67,08;29,30;397,01
07008009;Borghetto d'Arroscia;Imperia;1;402;24,86;60,59;99,44;;;46,53;28,77;260,19
07008010;Borgomaro;Imperia;1;808;19,80;38,11;85,26;;19,75;76,42;19,19;258,52
07008011;Camporosso;Imperia;1;5.491;57,02;46,28;49,61;;26,34;14,00;24,47;217,74
07008015;Castel Vittorio;Imperia;1;259;51,15;91,96;15,08;;45,62;71,02;2,98;277,81
07008014;Castellaro;Imperia;1;1.243;17,38;22,92;43,51;;18,63;18,02;0,82;121,29
07008016;Ceriana;Imperia;1;1.118;22,66;51,16;26,44;;22,66;43,18;2,79;168,89
07008020;Chiusavecchia;Imperia;1;511;20,92;38,73;90,22;;7,37;76,43;7,86;241,54
07008021;Cipressa;Imperia;1;1.181;15,11;33,65;40,26;6,50;23,64;39,04;10,86;276,03
07008022;Civezza;Imperia;1;615;16,95;41,68;52,93;5,49;60,62;50,68;8,38;236,73
07008023;Cosio d'Arroscia;Imperia;1;181;71,26;22,14;19,96;7,75;37,96;92,70;5,93;257,70
07008024;Costarainera;Imperia;1;760;40,31;30,71;82,79;15,75;22,38;52,12;21,70;277,26
07008025;Diano Arentino;Imperia;1;674;16,43;31,26;33,33;3,02;29,25;68,09;;181,39
07008026;Diano Castello;Imperia;1;2.264;14,44;48,33;29,28;2,65;25,70;55,73;;176,14
07008028;Diano San Pietro;Imperia;1;1.086;18,57;52,34;37,67;3,41;33,06;41,34;18,43;204,82
07008029;Dolceacqua;Imperia;1;2.067;37,41;67,87;20,08;11,69;40,79;23,65;1,46;202,96
07008030;Dolcedo;Imperia;1;1.293;13,95;54,33;50,67;6,05;60,36;11,91;26,71;223,97
07008031;Imperia;Imperia;1;41.976;42,06;16,00;76,55;3,54;43,21;14,16;100,00;295,52
07008032;Isolabona;Imperia;1;667;50,02;66,61;8,59;;39,07;5,69;3,48;173,46
07008035;Molini di Triora;Imperia;1;584;118,31;20,84;23,05;2,65;45,86;9,93;6,29;226,93
07008068;Montalto Carpasio;Imperia;1;493;66,13;19,89;50,52;11,36;41,42;55,27;10,87;255,45
07008037;Montegrosso Pian Latte;Imperia;1;123;;32,52;82,80;82,80;;86,41;;293,48
07008038;Olivetta San Michele;Imperia;1;196;45,38;100,65;14,63;14,04;126,05;76,34;1,87;378,95
07008039;Ospedaletti;Imperia;1;3.180;29,71;66,49;125,73;26,10;86,84;8,07;11,60;354,53
07008040;Perinaldo;Imperia;1;812;17,64;54,91;26,45;12,38;33,99;28,24;15,02;188,73
07008041;Pietrabruna;Imperia;1;437;24,02;77,95;70,57;6,03;45,29;30,57;12,05;266,46
07008042;Pieve di Teco;Imperia;1;1.317;69,80;37,08;27,26;12,23;25,24;66,10;18,03;255,75
07008043;Pigna;Imperia;1;760;41,67;56,81;12,10;9,71;43,76;39,82;1,69;205,56
07008044;Pompeiana;Imperia;1;837;23,89;39,43;68,74;;29,31;73,62;;234,99
07008045;Pontedassio;Imperia;1;2.326;71,10;49,00;30,47;8,04;7,97;6,64;;330,87
07008046;Pornassio;Imperia;1;653;42,21;39,29;89,71;;42,33;36,75;1,06;251,35
07008047;Prela;Imperia;1;472;56,61;31,78;94,36;18,87;;79,65;;281,27
07008048;Ranzo;Imperia;1;540;15,27;49,34;90,68;;4,05;18,68;11,22;189,26
07008050;Riva Ligure;Imperia;1;2.796;21,08;25,70;80,02;21,11;45,59;49,37;27,08;269,94
07008052;San Bartolomeo al Mare;Imperia;1;3.041;96,50;105,08;84,00;36,00;86,93;67,06;21,74;503,89
07008053;San Biagio della Cima;Imperia;1;1.258;21,23;35,55;14,91;7,60;23,57;21,56;8,35;133,15
07008054;San Lorenzo al Mare;Imperia;1;1.254;40,65;87,05;77,31;13,00;75,71;57,94;25,91;477,11
07008055;Sanremo;Imperia;1;52.327;2,53;57,67;150,59;3,03;19,75;36,20;53,30;323,06
07008056;Santo Stefano al Mare;Imperia;1;2.038;26,42;66,76;149,77;3,86;28,44;53,38;25,99;354,63
07008057;Seborga;Imperia;1;279;88,54;22,90;51,85;23,67;47,53;49,84;;284,32
07008058;Soldano;Imperia;1;986;34,28;38,99;11,57;8,76;32,55;24,80;1,86;152,81
07008059;Taggia;Imperia;1;13.908;10,91;28,39;78,13;21,20;46,11;33,20;14,54;232,46
07008060;Terzorio;Imperia;1;238;28,92;36,48;21,23;;35,95;107,45;2,03;232,06
07008061;Triora;Imperia;1;353;67,00;36,10;92,01;6,33;132,89;79,67;13,12;427,13
07008062;Vallebona;Imperia;1;1.284;22,48;51,04;16,07;12,56;24,30;34,52;1,21;162,17
07008063;Vallecrosia;Imperia;1;6.791;53,85;77,44;23,29;6,95;34,65;56,46;15,16;267,81
07008064;Vasia;Imperia;1;380;28,40;45,47;80,92;5,97;43,25;18,51;12,83;235,34
07008066;Vessalico;Imperia;1;248;21,67;65,60;108,33;;;48,30;26,33;270,22
07008067;Villa Faraldi;Imperia;1;436;36,09;20,79;126,33;;18,05;61,21;4,69;267,15
14094001;Acquaviva d'Isernia;Isernia;1;395;14,95;24,07;26,54;;56,99;24,27;1,55;148,38
14094004;Belmonte del Sannio;Isernia;1;680;12,77;15,39;22,67;;8,24;2,21;0,99;62,31
14094006;Capracotta;Isernia;1;827;25,88;14,76;81,22;16,43;15,74;29,99;3,18;187,19
14094007;Carovilli;Isernia;1;1.278;16,62;21,91;31,38;;7,59;24,15;;101,64
14094008;Carpinone;Isernia;1;1.064;15,76;15,60;27,97;9,76;26,44;25,82;1,64;123,00
14094009;Castel del Giudice;Isernia;1;312;86,54;6,41;92,95;;12,82;42,31;;241,03
14094010;Castelpetroso;Isernia;1;1.598;1,73;14,52;1,38;;;12,37;0,60;30,60
14094015;Chiauci;Isernia;1;199;80,40;20,10;60,30;;35,18;21,61;;217,59
14094016;Civitanova del Sannio;Isernia;1;925;23,75;21,20;42,14;7,42;;6,02;1,86;102,40
14094019;Filignano;Isernia;1;568;14,52;23,37;25,77;;13,51;46,64;10,31;134,12
14094020;Forli del Sannio;Isernia;1;642;11,76;18,93;20,87;;10,94;29,11;1,22;92,83
14094021;Fornelli;Isernia;1;1.829;12,59;20,72;33,63;;33,57;15,30;;115,81
14094023;Isernia;Isernia;1;20.972;18,68;23,52;33,16;6,54;17,38;8,93;4,81;113,02
14094026;Macchiagodena;Isernia;1;1.678;11,44;18,42;20,31;;21,77;9,73;1,52;83,18
14094029;Montenero Val Cocchiara;Isernia;1;502;16,59;26,69;29,44;;18,58;27,81;25,09;144,20
14094030;Monteroduni;Isernia;1;2.067;19,87;19,09;35,27;4,86;0,48;28,31;4,85;112,73
14094033;Pescopennataro;Isernia;1;243;28,39;34,65;50,39;11,04;26,41;14,09;3,68;168,65
14094035;Pietrabbondante;Isernia;1;648;37,20;11,51;23,57;4,50;59,41;4,88;1,05;142,13
14094043;San Pietro Avellana;Isernia;1;439;42,58;14,79;33,66;8,07;28,61;40,78;1,50;169,99
14094045;Santa Maria del Molise;Isernia;1;680;29,35;22,06;37,50;2,94;5,88;5,88;;103,62
14094046;Sant'Angelo del Pesco;Isernia;1;352;79,55;;107,95;;;25,57;;213,07
14094048;Scapoli;Isernia;1;601;18,08;21,79;32,08;;18,47;12,43;1,41;104,25
14094049;Sessano del Molise;Isernia;1;686;26,29;26,24;17,53;5,71;17,49;;;93,26
14094051;Vastogirardi;Isernia;1;643;24,14;33,26;56,34;;;9,91;2,80;126,45
14094052;Venafro;Isernia;1;11.137;19,48;30,48;34,56;0,86;18,12;21,66;6,30;131,46
07011001;Ameglia;La Spezia;1;4.291;39,49;22,03;187,90;28,13;43,25;44,46;41,86;448,52
07011002;Arcola;La Spezia;1;10.172;22,64;20,66;76,39;14,74;7,43;23,24;27,76;194,00
07011003;Beverino;La Spezia;1;2.274;23,07;16,43;96,23;14,87;;36,77;9,18;196,55
07011004;Bolano;La Spezia;1;7.337;19,38;18,36;84,44;14,97;;26,67;4,39;172,70
07011005;Bonassola;La Spezia;1;817;79,47;56,97;268,32;25,28;99,04;56,55;18,06;614,80
07011007;Brugnato;La Spezia;1;1.290;38,37;44,17;175,08;22,11;9,24;46,79;15,43;351,20
07011008;Calice al Cornoviglio;La Spezia;1;1.063;30,14;14,82;135,87;11,34;;68,46;9,79;270,43
07011009;Carro;La Spezia;1;519;90,56;38,54;45,28;5,93;;29,40;3,21;212,91
07011011;Castelnuovo Magra;La Spezia;1;8.329;15,11;13,92;65,80;15,67;1,44;21,37;21,87;155,68
07011012;Deiva Marina;La Spezia;1;1.344;76,46;69,14;173,25;32,45;44,26;11,10;9,46;416,11
07011013;Follo;La Spezia;1;6.262;19,51;9,87;82,13;12,56;;19,94;13,97;160,24
07011014;Framura;La Spezia;1;632;104,38;58,85;215,40;13,00;62,41;137,45;19,15;616,64
07011015;La Spezia;La Spezia;1;91.877;32,54;29,87;71,95;19,32;37,75;33,31;24,71;250,04
07011016;Lerici;La Spezia;1;9.686;29,63;27,22;113,85;21,67;53,36;38,24;14,27;300,60
07011017;Levanto;La Spezia;1;5.282;28,00;45,31;73,10;24,05;76,67;27,12;16,60;290,84
07011020;Luni;La Spezia;1;8.295;22,24;13,73;80,24;14,94;1,22;20,16;6,78;160,39
07011019;Monterosso al Mare;La Spezia;1;1.381;112,58;61,56;413,50;57,47;18,89;200,42;52,46;916,88
07011022;Portovenere;La Spezia;1;3.352;46,83;52,90;161,93;24,52;98,91;65,72;19,55;470,94
07011023;Ricco del Golfo di Spezia;La Spezia;1;3.592;16,31;10,20;94,25;12,65;;26,62;16,18;176,34
07011024;Riomaggiore;La Spezia;1;1.403;120,27;72,46;298,15;28,57;137,42;99,30;25,86;782,04
07011026;Santo Stefano di Magra;La Spezia;1;9.857;14,17;26,69;71,07;14,62;0,48;44,97;29,11;201,11
07011027;Sarzana;La Spezia;1;21.739;29,79;37,71;115,82;21,70;23,59;32,67;28,01;297,98
07011028;Sesta Godano;La Spezia;1;1.300;23,65;17,67;103,08;7,88;15,35;25,37;8,94;201,95
07011030;Vernazza;La Spezia;1;764;73,41;61,98;330,07;47,24;114,59;160,15;21,41;808,84
07011031;Vezzano Ligure;La Spezia;1;7.170;19,17;24,70;84,96;16,52;20,00;25,84;32,78;223,97
13066001;Acciano;L'Aquila;Vedi aggregazione: COGESA S.P.A.;;;;;;;;;
13066002;Aielli;L'Aquila;1;1.453;27,10;5,84;10,60;0,90;41,29;47,25;9,22;142,21
13066003;Alfedena;L'Aquila;1;935;29,15;21,66;44,24;18,36;21,40;29,53;16,79;181,12
13066005;Ateleta;L'Aquila;1;1.104;15,70;9,77;84,33;14,37;10,28;22,79;17,01;174,25
13066006;Avezzano;L'Aquila;1;41.048;7,18;20,94;49,96;13,42;13,55;39,21;5,28;149,54
13066009;Barisciano;L'Aquila;1;1.689;15,28;5,34;52,30;18,03;19,96;16,17;34,76;161,82
13066010;Barrea;L'Aquila;1;722;23,46;19,01;26,44;11,20;5,57;43,46;4,83;198,54
13066012;Bugnara;L'Aquila;Vedi aggregazione: COGESA S.P.A.;;;;;;;;;
13066013;Cagnano Amiterno;L'Aquila;1;1.192;30,85;25,60;46,48;14,21;;33,28;6,03;156,45
13066014;Calascio;L'Aquila;Vedi aggregazione: COGESA S.P.A.;;;;;;;;;
13066016;Campotosto;L'Aquila;1;461;43,30;69,74;54,30;;23,27;72,35;3,48;266,45
13066018;Cansano;L'Aquila;Vedi aggregazione: COGESA S.P.A.;;;;;;;;;
13066019;Capestrano;L'Aquila;Vedi aggregazione: COGESA S.P.A.;;;;;;;;;
13066021;Capitignano;L'Aquila;1;628;47,68;;14,10;30,12;34,36;70,04;;196,30
13066022;Caporciano;L'Aquila;Vedi aggregazione: COGESA S.P.A.;;;;;;;;;
13066025;Carsoli;L'Aquila;1;5.231;17,22;27,03;89,50;11,71;20,57;44,24;11,05;304,92
13066026;Castel del Monte;L'Aquila;Vedi aggregazione: COGESA S.P.A.;;;;;;;;;
13066028;Castel di Sangro - Dato aggregazione COGESA S.P.A.;L'Aquila;26;22.729;19,76;9,79;63,84;21,03;6,26;16,44;15,74;153,37
13066030;Castelvecchio Calvisio;L'Aquila;1;120;18,89;13,18;68,66;16,80;30,00;64,72;28,08;240,33
13066031;Castelvecchio Subequo;L'Aquila;Vedi aggregazione: COGESA S.P.A.;;;;;;;;;
13066032;Celano;L'Aquila;1;10.474;24,07;19,79;38,77;16,59;;7,67;8,31;115,20
13066036;Civitella Roveto;L'Aquila;1;3.096;11,38;17,08;59,29;18,14;;16,11;12,63;134,63
13066037;Cocullo;L'Aquila;Vedi aggregazione: COGESA S.P.A.;;;;;;;;;
13066042;Fagnano Alto;L'Aquila;Vedi aggregazione: COGESA S.P.A.;;;;;;;;;
13066043;Fontecchio;L'Aquila;Vedi aggregazione: COGESA S.P.A.;;;;;;;;;
13066044;Fossa;L'Aquila;Vedi aggregazione: COGESA S.P.A.;;;;;;;;;
13066045;Gagliano Aterno;L'Aquila;Vedi aggregazione: COGESA S.P.A.;;;;;;;;;
13066046;Gioia dei Marsi;L'Aquila;1;1.739;18,38;17,68;45,01;16,24;;22,99;78,43;198,74
13066047;Goriano Sicoli;L'Aquila;Vedi aggregazione: COGESA S.P.A.;;;;;;;;;
13066049;L'Aquila;L'Aquila;1;69.941;46,87;35,19;43,18;11,55;8,21;43,02;8,32;196,34
13066050;Lecce nei Marsi;L'Aquila;1;1.553;14,35;19,18;71,77;19,28;;24,69;2,15;151,42
13066051;Luco dei Marsi;L'Aquila;1;6.047;7,04;15,38;36,66;19,72;18,19;48,32;6,14;151,46
13066053;Magliano de' Marsi;L'Aquila;1;3.570;6,19;17,42;21,49;17,14;0,72;62,81;22,92;148,69
13066054;Massa d'Albe;L'Aquila;1;1.391;19,22;22,54;96,08;9,55;;51,51;12,58;211,47
13066055;Molina Aterno;L'Aquila;Vedi aggregazione: COGESA S.P.A.;;;;;;;;;
13066056;Montereale;L'Aquila;1;2.285;60,86;86,49;8,12;2,94;;26,08;4,12;188,61
13066057;Morino;L'Aquila;1;1.351;12,71;18,43;66,21;18,81;0,53;17,60;21,49;155,78
13066059;Ocre;L'Aquila;Vedi aggregazione: COGESA S.P.A.;;;;;;;;;
13066062;Oricola;L'Aquila;1;1.289;35,15;34,80;102,08;13,62;;43,90;48,32;277,86
13066064;Ortucchio;L'Aquila;1;1.763;14,01;20,53;70,03;10,87;;54,09;1,87;174,66
13066067;Pereto;L'Aquila;1;642;22,92;14,32;121,05;11,38;;57,49;32,22;259,39
13066068;Pescasseroli;L'Aquila;1;2.105;145,38;88,11;;20,80;;60,99;3,37;346,66
13066070;Pescocostanzo;L'Aquila;1;1.110;65,07;25,76;77,16;52,49;33,64;69,09;0,93;324,14
13066072;Pizzoli;L'Aquila;1;4.331;15,92;23,61;22,26;33,27;;21,13;8,98;125,17
13066073;Poggio Picenze;L'Aquila;Vedi aggregazione: COGESA S.P.A.;;;;;;;;;
13066075;Pratola Peligna;L'Aquila;1;7.200;10,27;29,49;34,68;;30,70;9,28;10,80;126,07
13066078;Rivisondoli;L'Aquila;1;681;22,99;102,80;205,97;51,13;262,80;273,60;93,40;1.669,87
13066084;Roccaraso;L'Aquila;1;1.563;206,50;68,47;;52,17;101,56;41,48;19,19;489,37
13066085;San Benedetto dei Marsi;L'Aquila;1;3.753;10,52;22,68;19,01;6,99;20,56;37,54;7,69;125,00
13066087;San Demetrio ne' Vestini;L'Aquila;Vedi aggregazione: COGESA S.P.A.;;;;;;;;;
13066088;San Pio delle Camere;L'Aquila;1;669;38,89;35,28;32,39;;4,16;30,45;8,07;149,24
13066092;San Vincenzo Valle Roveto;L'Aquila;1;2.168;12,34;17,13;64,28;18,49;4,61;21,83;13,42;152,11
13066090;Sant'Eusanio Forconese;L'Aquila;Vedi aggregazione: COGESA S.P.A.;;;;;;;;;
13066094;Scontrone;L'Aquila;Vedi aggregazione: COGESA S.P.A.;;;;;;;;;
13066097;Secinaro;L'Aquila;Vedi aggregazione: COGESA S.P.A.;;;;;;;;;
13066100;Tione degli Abruzzi;L'Aquila;Vedi aggregazione: COGESA S.P.A.;;;;;;;;;
13066101;Tornimparte;L'Aquila;Vedi aggregazione: COGESA S.P.A.;;;;;;;;;
13066102;Trasacco;L'Aquila;1;5.938;3,76;21,16;36,78;11,82;6,11;34,70;2,96;117,31
13066104;Villa Santa Lucia degli Abruzzi;L'Aquila;Vedi aggregazione: COGESA S.P.A.;;;;;;;;;
13066105;Villa Sant'Angelo;L'Aquila;1;473;10,67;6,10;35,62;18,29;;9,83;14,88;95,38
13066106;Villavallelonga;L'Aquila;1;857;5,45;3,58;50,34;27,28;9,07;51,79;5,00;152,51
13066107;Villetta Barrea;L'Aquila;1;597;45,31;88,57;41,56;7,10;53,03;3,62;11,94;251,13
12059001;Aprilia;Latina;1;73.296;31,75;19,05;54,37;27,14;14,66;30,38;3,29;180,63
12059002;Bassiano;Latina;1;1.456;17,00;4,10;85,00;3,73;38,23;4,17;18,54;170,78
12059003;Campodimele;Latina;1;565;;72,47;66,80;;;17,15;50,61;207,04
12059005;Cisterna di Latina;Latina;1;35.506;25,92;74,16;31,90;1,68;16,45;30,21;12,28;196,55
12059006;Cori;Latina;1;10.518;105,95;13,31;16,93;13,52;;3,33;;153,04
12059007;Fondi;Latina;1;39.114;8,69;46,75;66,59;24,22;12,31;11,48;4,57;174,63
12059008;Formia;Latina;1;37.219;9,54;23,21;52,15;26,80;34,24;60,99;15,73;231,72
12059009;Gaeta;Latina;1;19.851;25,51;39,77;88,61;33,69;69,02;47,62;12,92;317,12
12059010;Itri;Latina;1;10.327;11,27;17,48;65,80;19,82;30,75;15,00;33,90;194,02
12059011;Latina;Latina;1;126.612;26,13;59,39;26,67;5,95;24,46;26,00;12,64;188,95
12059012;Lenola;Latina;1;4.094;13,74;20,93;27,48;11,05;0,25;33,87;;116,19
12059015;Monte San Biagio;Latina;1;6.150;28,42;;61,80;57,74;3,10;4,68;8,93;164,67
12059016;Norma;Latina;1;3.722;12,35;9,56;55,69;16,75;20,23;10,80;;125,37
12059020;Prossedi;Latina;1;1.170;;20,48;98,12;;;53,70;;178,04
12059022;Rocca Massima;Latina;1;1.087;33,46;33,31;5,85;;48,00;111,40;;232,01
12059023;Roccasecca dei Volsci;Latina;1;1.082;37,26;32,48;18,48;;19,37;9,08;9,24;127,51
12059024;Sabaudia;Latina;1;19.245;22,78;31,38;56,97;29,40;18,17;30,43;2,92;192,06
12059025;San Felice Circeo;Latina;1;9.725;18,53;32,59;106,34;45,33;28,45;23,03;25,09;279,36
12059027;Sermoneta;Latina;1;10.005;12,74;18,31;55,16;16,94;14,34;9,99;2,61;130,09
12059028;Sezze;Latina;1;23.337;39,12;;46,33;;;4,07;1,37;90,89
12059029;Sonnino;Latina;1;7.500;11,05;18,25;18,61;7,79;3,86;63,70;0,90;124,16
12059030;Sperlonga;Latina;1;3.117;2,73;36,00;152,45;36,70;64,93;22,15;6,85;321,81
12059031;Spigno Saturnia;Latina;1;2.897;92,39;13,11;;12,39;;30,44;4,90;153,23
12059033;Ventotene;Latina;1;716;68,85;31,97;135,71;19,01;19,25;103,10;;377,89
16075002;Alessano;Lecce;1;6.170;6,52;32,13;17,15;19,28;13,71;73,44;;162,21
16075003;Alezio;Lecce;1;5.651;62,09;50,43;4,60;;25,66;39,67;;182,45
16075004;Alliste;Lecce;1;6.513;12,81;40,17;25,41;28,87;10,75;86,47;;204,49
16075006;Aradeo;Lecce;1;9.026;1,62;17,35;7,07;26,77;3,22;10,37;;66,40
16075007;Arnesano;Lecce;1;4.003;;20,77;36,54;26,98;;59,72;;144,01
16075009;Botrugno;Lecce;1;2.661;12,36;19,55;49,44;31,08;38,37;42,99;11,95;206,62
16075010;Calimera;Lecce;1;6.810;17,15;;60,72;;8,57;11,70;5,61;103,76
16075014;Carmiano;Lecce;1;11.641;3,28;17,07;47,46;21,52;6,76;52,37;12,43;160,89
16075015;Carpignano Salentino;Lecce;1;3.677;90,63;51,84;5,29;1,39;;14,60;8,99;172,73
16075096;Castro;Lecce;1;2.340;39,85;76,53;35,56;31,32;22,32;123,92;;329,49
16075021;Collepasso;Lecce;1;5.732;6,44;80,41;49,16;28,51;15,24;23,70;8,72;216,02
16075022;Copertino;Lecce;1;23.278;14,06;6,81;64,93;38,77;45,54;15,46;31,03;216,61
16075023;Corigliano d'Otranto;Lecce;1;5.700;5,73;26,45;26,91;11,94;10,94;61,89;;143,85
16075024;Corsano;Lecce;1;5.232;10,67;27,38;39,94;6,37;12,17;19,56;24,48;140,57
16075027;Diso;Lecce;1;2.913;11,29;46,33;45,16;8,38;32,58;29,65;12,18;185,58
16075030;Galatone;Lecce;1;15.062;5,30;37,61;22,72;2,27;12,32;105,76;13,24;199,22
16075031;Gallipoli;Lecce;1;20.092;10,07;124,43;43,05;;22,02;146,06;;345,63
16075032;Giuggianello;Lecce;1;1.150;9,53;20,45;38,94;19,84;23,83;47,35;16,84;176,78
16075035;Lecce;Lecce;1;93.673;11,59;30,72;43,16;40,92;29,47;137,17;10,82;303,84
16075037;Leverano;Lecce;1;13.794;15,89;15,37;54,73;39,70;43,45;6,76;3,92;183,29
16075038;Lizzanello;Lecce;1;11.692;26,73;35,76;17,18;;15,54;102,65;;197,87
16075042;Matino;Lecce;1;11.167;14,03;20,41;84,48;29,29;;9,61;;157,82
16075043;Melendugno;Lecce;1;9.927;26,43;93,84;104,98;4,34;33,03;66,97;18,07;347,66
16075048;Monteroni di Lecce;Lecce;1;13.612;2,61;25,31;24,16;15,83;14,69;53,67;10,79;147,07
16075049;Montesano Salentino;Lecce;1;2.609;;16,87;;12,93;;18,18;23,87;71,85
16075050;Morciano di Leuca;Lecce;1;3.105;9,91;40,77;29,69;28,08;13,52;65,37;;187,33
16075052;Nardo;Lecce;1;30.732;14,07;36,42;95,62;37,37;32,92;37,55;47,70;307,30
16075053;Neviano;Lecce;1;5.033;5,19;49,24;29,41;2,22;12,06;92,22;13,21;203,55
16075059;Parabita;Lecce;1;8.761;3,52;49,44;54,07;;27,86;30,10;40,38;213,37
16075060;Patu;Lecce;1;1.633;11,74;48,67;33,06;29,70;26,90;80,94;;231,00
16075098;Presicce-Acquarica;Lecce;1;9.503;2,31;49,35;48,57;5,76;17,53;10,07;23,50;157,09
16075063;Racale;Lecce;1;10.739;6,74;31,84;26,98;41,17;9,69;73,47;11,35;201,25
16075066;Salve;Lecce;1;4.559;11,86;70,03;31,71;36,57;38,56;175,31;;364,03
16075095;San Cassiano;Lecce;1;1.968;11,14;50,05;44,56;6,17;27,85;17,87;8,63;166,27
16075068;San Cesario di Lecce;Lecce;1;7.889;14,48;20,24;75,07;24,29;20,13;26,99;7,98;196,81
16075071;San Pietro in Lama;Lecce;1;3.432;8,87;34,31;57,10;6,34;26,62;24,27;3,94;161,43
16075070;Sannicola;Lecce;1;5.703;13,06;49,55;88,62;4,87;30,57;37,85;25,10;254,72
16075073;Scorrano;Lecce;1;6.757;21,69;34,50;31,58;15,11;20,39;48,09;;171,36
16075074;Secli;Lecce;1;1.828;9,16;21,59;62,11;37,94;21,42;43,91;21,88;221,84
16075077;Specchia;Lecce;1;4.580;8,83;24,29;46,31;;14,60;17,37;29,00;140,40
16075079;Squinzano;Lecce;1;13.541;2,05;14,75;50,74;38,12;15,07;62,88;22,58;206,19
16075084;Taurisano;Lecce;1;11.449;10,13;42,65;2,55;1,05;13,87;29,22;;99,48
16075086;Tiggiano;Lecce;1;2.786;7,94;19,83;35,80;7,43;16,00;73,79;11,36;172,15
16075088;Tricase;Lecce;1;17.152;15,81;33,35;58,44;9,83;17,74;26,26;21,36;182,79
16075090;Ugento;Lecce;1;12.175;26,93;64,49;133,07;37,35;56,44;41,37;20,26;387,76
03097001;Abbadia Lariana;Lecco;1;3.190;11,34;;32,84;35,69;10,54;15,24;12,80;118,46
03097002;Airuno;Lecco;1;2.782;10,30;;40,91;33,79;8,98;24,57;14,42;132,98
03097003;Annone di Brianza;Lecco;1;2.283;15,40;;27,50;35,73;5,95;18,86;14,62;118,06
03097004;Ballabio;Lecco;1;4.137;7,89;;26,95;38,15;17,16;17,43;22,84;130,42
03097005;Barzago;Lecco;1;2.364;8,78;;30,80;35,32;6,82;32,67;14,04;128,42
03097006;Barzano;Lecco;1;4.991;8,70;;38,01;33,05;9,33;22,33;14,92;126,34
03097007;Barzio;Lecco;1;1.272;26,13;;55,28;79,63;40,22;33,12;25,53;259,91
03097008;Bellano;Lecco;1;3.456;35,74;24,63;48,88;14,15;1,28;22,92;;147,60
03097009;Bosisio Parini;Lecco;1;3.311;5,98;;22,94;41,06;4,70;26,24;17,20;118,12
03097010;Brivio;Lecco;1;4.462;9,34;;38,75;32,37;12,70;31,69;19,10;143,95
03097011;Bulciago;Lecco;1;2.873;6,45;;23,75;28,76;13,82;39,10;11,41;123,28
03097012;Calco;Lecco;1;5.413;7,43;;25,53;37,19;2,70;26,15;14,30;113,31
03097013;Calolziocorte;Lecco;1;13.580;7,78;;38,24;33,33;24,66;12,77;23,31;154,35
03097014;Carenno;Lecco;1;1.384;15,60;;40,92;28,45;1,62;31,65;15,35;133,60
03097015;Casargo;Lecco;1;841;21,27;;39,73;85,63;13,91;10,44;26,80;198,53
03097016;Casatenovo;Lecco;1;12.954;8,35;;29,42;29,39;8,18;18,76;11,24;105,34
03097017;Cassago Brianza;Lecco;1;4.373;89,63;;53,78;;35,85;0,01;45,79;225,04
03097018;Cassina Valsassina;Lecco;1;522;14,60;;36,84;39,70;64,73;17,56;11,77;185,21
03097020;Cernusco Lombardone;Lecco;1;3.761;8,91;;29,07;33,67;9,29;18,29;20,16;119,38
03097021;Cesana Brianza;Lecco;1;2.364;7,34;;32,65;37,92;11,88;12,36;12,85;114,99
03097022;Civate;Lecco;1;3.765;7,24;;31,48;33,87;10,00;14,59;13,65;110,83
03097023;Colico;Lecco;1;7.951;15,25;;42,54;48,74;9,14;21,68;15,91;154,91
03097024;Colle Brianza;Lecco;1;1.731;5,76;;27,12;27,39;10,92;27,85;8,63;107,67
03097025;Cortenova;Lecco;1;1.160;19,14;0,58;36,56;38,43;5,14;19,10;11,57;131,16
03097026;Costa Masnaga;Lecco;1;4.764;7,25;;28,19;35,52;2,13;30,46;11,76;115,31
03097027;Crandola Valsassina;Lecco;1;275;15,49;;23,55;37,30;6,16;57,84;13,22;155,17
03097028;Cremella;Lecco;1;1.691;7,61;;35,54;27,23;13,00;14,24;9,05;106,66
03097029;Cremeno;Lecco;1;1.649;25,00;;45,55;40,97;49,86;16,24;13,48;193,87
03097031;Dolzago;Lecco;1;2.531;6,87;;30,97;31,70;5,31;37,52;10,82;123,47
03097032;Dorio;Lecco;1;321;82,51;21,73;;5,06;19,72;21,84;;150,86
03097033;Ello;Lecco;1;1.220;7,61;;39,96;31,15;23,40;31,02;11,23;144,99
03097034;Erve;Lecco;1;694;16,52;;45,75;25,03;1,85;28,28;16,20;133,62
03097036;Galbiate;Lecco;1;8.454;8,13;0,11;33,81;34,42;12,27;14,65;15,47;118,87
03097037;Garbagnate Monastero;Lecco;1;2.509;7,01;;25,87;33,09;6,29;31,42;22,04;125,73
03097038;Garlate;Lecco;1;2.675;7,81;;35,79;53,06;5,72;12,51;15,20;145,12
03097039;Imbersago;Lecco;1;2.482;6,83;;21,06;30,69;0,99;35,03;11,23;105,84
03097040;Introbio;Lecco;1;1.944;14,60;;29,83;44,66;9,08;40,44;13,45;152,06
03097092;La Valletta Brianza - Dato aggregazione UNIONE DEI COMUNI LOMBARDA DELLA VALLETTA;Lecco;2;6.769;6,24;;29,53;29,23;10,32;20,15;19,22;114,69
03097042;Lecco;Lecco;1;47.415;9,33;;44,28;38,62;43,58;15,18;24,66;175,65
03097043;Lierna;Lecco;1;2.123;11,81;;43,39;38,74;5,42;13,10;12,77;157,58
03097044;Lomagna;Lecco;1;5.050;7,18;;29,41;29,01;9,28;35,18;14,86;125,17
03097045;Malgrate;Lecco;1;4.259;4,63;;21,14;31,56;13,47;16,25;12,72;99,77
03097046;Mandello del Lario;Lecco;1;10.074;8,84;;30,20;36,95;18,99;26,67;11,10;132,74
03097047;Margno;Lecco;1;380;30,66;;62,83;57,29;49,20;67,54;18,06;310,92
03097048;Merate;Lecco;1;14.380;7,46;;33,06;40,71;13,15;13,09;14,01;121,49
03097049;Missaglia;Lecco;1;8.688;6,88;;25,08;29,94;4,29;13,46;10,78;90,79
03097050;Moggio;Lecco;1;464;35,12;;66,27;90,27;123,51;35,91;26,27;377,35
03097051;Molteno;Lecco;1;3.542;6,62;;29,70;34,98;3,98;21,43;13,92;110,64
03097052;Monte Marenzo;Lecco;1;1.875;14,90;;42,39;31,68;4,72;20,24;13,58;147,99
03097053;Montevecchia;Lecco;1;2.694;7,91;;29,29;26,71;3,06;34,92;10,06;111,95
03097054;Monticello Brianza;Lecco;1;4.083;8,63;;37,87;32,46;15,26;14,92;18,66;131,17
03097055;Morterone;Lecco;1;29;118,21;;115,07;120,72;0,21;107,10;91,48;552,79
03097056;Nibionno;Lecco;1;3.618;12,44;;32,35;38,05;12,62;31,18;12,42;139,07
03097057;Oggiono;Lecco;1;8.970;7,18;;27,92;37,89;10,99;21,04;12,78;123,15
03097058;Olgiate Molgora;Lecco;1;6.348;7,25;;27,36;31,25;4,96;14,71;13,25;99,22
03097059;Olginate;Lecco;1;6.953;7,63;0,04;34,64;32,82;14,17;22,07;13,93;125,93
03097061;Osnago;Lecco;1;4.744;3,66;;26,26;30,37;8,57;35,87;20,75;126,55
03097062;Paderno d'Adda;Lecco;1;3.845;10,20;;31,32;29,66;7,53;15,96;12,46;107,12
03097063;Pagnona;Lecco;1;324;11,77;;28,33;40,97;2,90;19,87;13,58;117,43
03097064;Parlasco;Lecco;1;131;14,12;;56,55;68,99;15,99;35,08;23,01;213,74
03097065;Pasturo;Lecco;1;1.912;15,17;;30,52;40,24;14,80;29,12;12,05;141,89
03097067;Perledo;Lecco;1;876;23,33;;93,54;70,78;45,93;21,31;18,72;273,62
03097068;Pescate;Lecco;1;2.194;8,05;;38,90;33,81;12,60;12,56;18,58;124,51
03097069;Premana;Lecco;1;2.182;14,39;2,36;38,38;35,21;3,10;20,30;10,70;124,43
03097070;Primaluna;Lecco;1;2.257;8,87;;22,12;35,25;10,90;22,47;11,47;111,09
03097071;Robbiate;Lecco;1;6.204;6,97;;29,55;27,12;4,51;76,02;9,75;153,92
03097074;Santa Maria Hoe;Lecco;Vedi aggregazione: UNIONE DEI COMUNI LOMBARDA DELLA VALLETTA;;;;;;;;;
03097075;Sirone;Lecco;1;2.328;6,64;;29,15;28,78;6,20;12,61;12,43;95,80
03097076;Sirtori;Lecco;1;2.811;7,39;;27,61;30,35;2,78;13,12;24,67;110,91
03097078;Suello;Lecco;1;1.769;5,49;20,35;17,45;16,90;1,59;26,50;0,99;89,26
03097079;Taceno;Lecco;1;538;13,26;;21,64;47,13;24,99;51,97;16,01;175,00
03097082;Valgreghentino;Lecco;1;3.402;6,12;;28,88;28,29;6,46;16,99;9,90;96,64
03097083;Valmadrera;Lecco;1;11.238;4,85;14,85;19,93;10,95;12,86;23,32;5,04;91,79
03097093;Valvarrone;Lecco;1;502;46,26;;38,20;52,06;4,19;32,73;17,73;191,54
03097084;Varenna;Lecco;1;737;65,68;;35,07;112,11;19,04;50,94;53,70;336,53
03097086;Vercurago;Lecco;1;2.755;11,35;;41,52;32,03;15,59;12,12;14,11;155,86
03097091;Verderio;Lecco;1;5.489;9,62;;33,28;24,84;10,60;17,60;11,14;107,07
03097090;Vigano;Lecco;1;2.099;15,86;;24,46;30,94;14,40;21,98;11,46;119,30
09049001;Bibbona;Livorno;1;3.188;48,07;88,32;154,52;82,76;94,35;73,06;113,82;663,65
09049002;Campiglia Marittima;Livorno;1;12.693;32,36;39,00;35,14;25,19;18,94;17,82;4,98;173,41
09049004;Capoliveri;Livorno;1;4.024;72,20;76,68;220,68;82,18;91,29;101,86;105,39;852,28
09049005;Capraia Isola;Livorno;1;388;178,18;79,02;50,59;163,97;24,57;73,90;5,85;502,77
09049006;Castagneto Carducci;Livorno;1;8.729;48,97;69,73;67,62;44,53;57,11;30,70;7,58;326,25
09049007;Cecina;Livorno;1;27.850;25,46;63,98;54,95;25,29;30,16;24,98;3,79;297,58
09049008;Collesalvetti;Livorno;1;16.385;26,27;73,78;35,85;24,70;18,70;25,25;33,57;238,13
09049009;Livorno;Livorno;1;156.031;22,19;33,69;64,46;15,30;35,87;23,89;21,31;227,62
09049010;Marciana;Livorno;1;2.085;22,02;61,37;286,66;117,86;124,79;140,92;18,17;799,48
09049012;Piombino;Livorno;1;32.638;29,41;45,56;30,67;30,03;36,14;17,61;4,38;193,81
09049013;Porto Azzurro;Livorno;1;3.614;62,20;249,03;22,14;;16,83;78,76;;428,97
09049014;Portoferraio;Livorno;1;11.915;36,35;50,07;126,55;63,94;46,29;61,82;27,11;407,05
09049017;Rosignano Marittimo;Livorno;1;30.084;33,51;57,42;53,28;37,00;29,70;31,40;13,28;343,54
09049018;San Vincenzo;Livorno;1;6.553;55,76;79,73;78,76;74,52;95,25;68,95;9,12;462,09
09049019;Sassetta;Livorno;1;477;54,32;45,35;25,41;25,04;74,00;53,41;6,82;284,34
09049020;Suvereto;Livorno;1;3.034;42,85;26,84;75,08;27,30;19,15;38,13;7,48;236,83
03098001;Abbadia Cerreto - Dato aggregazione OltreAdda Lodigiano;Lodi;4;5.740;8,32;8,99;49,01;10,75;6,39;22,67;11,10;117,23
03098002;Bertonico;Lodi;1;1.050;12,70;16,26;29,25;14,25;6,40;31,05;2,83;112,75
03098003;Boffalora d'Adda;Lodi;Vedi aggregazione: OltreAdda Lodigiano;;;;;;;;;
03098004;Borghetto Lodigiano;Lodi;1;4.305;5,46;19,64;21,83;14,31;14,26;13,59;2,67;91,75
03098005;Borgo San Giovanni;Lodi;1;2.419;12,22;9,74;24,91;5,31;3,59;16,91;7,03;79,70
03098006;Brembio;Lodi;1;2.651;7,39;17,49;29,58;6,06;5,55;25,17;2,24;93,47
03098008;Casaletto Lodigiano;Lodi;1;2.940;23,37;6,36;58,55;20,84;17,29;15,09;9,16;150,66
03098009;Casalmaiocco;Lodi;1;3.172;9,09;4,30;41,30;15,67;16,97;14,11;17,62;119,05
03098010;Casalpusterlengo;Lodi;1;15.058;6,55;15,27;35,71;18,54;16,25;21,52;9,47;125,53
03098011;Caselle Landi;Lodi;1;1.515;21,80;;46,18;13,32;19,00;21,89;15,52;157,58
03098012;Caselle Lurani;Lodi;1;2.984;32,96;6,93;40,03;13,82;4,12;11,44;8,11;117,41
03098062;Castelgerundo;Lodi;1;1.485;7,32;12,34;51,94;22,21;4,84;26,95;6,94;132,53
03098013;Castelnuovo Bocca d'Adda;Lodi;1;1.533;6,18;16,66;43,05;14,50;1,79;24,74;6,55;113,47
03098014;Castiglione d'Adda;Lodi;1;4.481;8,74;;19,03;10,08;6,69;54,63;;99,18
03098015;Castiraga Vidardo;Lodi;1;2.862;4,07;14,98;22,12;2,65;11,79;24,56;0,47;80,64
03098017;Cavenago d'Adda;Lodi;1;2.108;9,69;11,71;28,13;21,21;5,34;26,68;;102,77
03098018;Cervignano d'Adda;Lodi;1;2.173;7,18;10,41;46,26;16,18;10,82;17,43;16,31;124,59
03098019;Codogno;Lodi;1;15.240;12,38;17,94;33,36;5,41;23,53;31,85;19,30;144,07
03098020;Comazzo;Lodi;1;2.237;7,17;9,50;37,58;14,60;12,24;30,09;14,13;125,33
03098022;Corno Giovine;Lodi;1;1.113;6,95;11,30;42,25;21,59;6,33;54,68;9,46;152,56
03098023;Cornovecchio;Lodi;1;201;3,13;21,00;36,74;11,52;;80,82;15,93;169,13
03098024;Corte Palasio;Lodi;Vedi aggregazione: OltreAdda Lodigiano;;;;;;;;;
03098025;Crespiatica;Lodi;Vedi aggregazione: OltreAdda Lodigiano;;;;;;;;;
03098027;Galgagnano;Lodi;1;1.289;13,20;11,44;57,68;6,84;3,39;12,41;;104,96
03098028;Graffignana;Lodi;1;2.578;3,61;8,28;29,34;25,46;10,74;45,34;11,10;133,88
03098030;Livraga;Lodi;1;2.408;11,03;17,95;39,57;7,54;6,26;13,24;5,73;101,32
03098031;Lodi;Lodi;1;44.574;9,07;14,59;39,60;12,54;22,47;40,65;17,49;156,40
03098032;Lodi Vecchio;Lodi;1;7.417;15,73;8,96;21,71;14,41;4,21;33,72;11,05;109,79
03098033;Maccastorna;Lodi;1;65;6,48;20,06;39,12;17,29;;22,97;4,23;110,15
03098035;Maleo;Lodi;1;3.005;10,98;9,34;43,57;16,36;10,93;32,97;20,52;167,44
03098037;Massalengo;Lodi;1;4.348;8,89;7,96;23,69;19,86;12,62;24,69;11,50;123,78
03098038;Meleti;Lodi;1;443;21,15;;50,06;9,11;3,26;17,05;19,48;142,98
03098039;Merlino;Lodi;1;1.698;7,36;12,75;63,29;16,65;16,07;15,97;20,27;152,35
03098040;Montanaso Lombardo;Lodi;1;2.244;21,57;6,28;26,08;6,47;7,91;4,96;0,62;74,25
03098041;Mulazzano;Lodi;1;5.822;7,41;8,36;40,46;16,76;5,84;10,29;15,07;104,19
03098042;Orio Litta;Lodi;1;2.018;5,57;18,26;23,34;4,94;2,20;27,34;22,44;105,87
03098043;Ospedaletto Lodigiano;Lodi;1;1.959;8,25;14,19;26,00;23,84;6,01;19,82;1,11;99,21
03098044;Ossago Lodigiano;Lodi;1;1.399;8,32;10,92;33,12;17,59;8,02;8,83;5,36;92,16
03098046;Salerano sul Lambro;Lodi;1;2.596;7,01;5,70;28,89;2,55;14,97;9,33;3,17;71,86
03098047;San Fiorano;Lodi;1;1.826;8,82;;39,16;14,04;2,66;15,34;4,76;84,79
03098049;San Rocco al Porto;Lodi;1;3.332;7,99;18,06;54,87;17,49;5,03;35,05;26,63;165,13
03098050;Sant'Angelo Lodigiano;Lodi;1;13.343;6,99;15,09;36,19;14,28;4,56;14,23;22,58;113,92
03098051;Santo Stefano Lodigiano;Lodi;1;1.854;8,90;16,26;40,23;13,26;3,85;18,19;11,07;111,76
03098052;Secugnago;Lodi;1;1.917;5,22;5,14;26,98;10,57;5,74;40,97;14,46;109,08
03098053;Senna Lodigiana;Lodi;1;1.776;6,81;;26,24;38,28;5,07;20,44;3,71;100,55
03098054;Somaglia;Lodi;1;3.845;6,76;;37,32;41,07;3,76;26,69;;115,59
03098056;Tavazzano con Villavesco;Lodi;1;5.777;5,33;18,35;35,64;10,60;16,01;24,91;8,04;119,48
03098057;Terranova dei Passerini;Lodi;1;911;15,10;;31,46;11,50;7,20;87,30;2,11;154,67
03098059;Valera Fratta;Lodi;1;1.724;5,57;16,71;35,13;5,80;11,10;25,07;0,70;100,56
03098060;Villanova del Sillaro;Lodi;1;1.841;8,88;8,87;21,95;14,72;;;;54,43
03098061;Zelo Buon Persico;Lodi;1;7.425;6,40;15,08;27,42;10,21;23,56;31,67;2,56;116,90
09046003;Barga;Lucca;1;9.569;18,86;11,39;97,37;15,84;22,31;26,62;23,38;216,45
09046004;Borgo a Mozzano;Lucca;1;6.877;21,81;20,02;80,51;34,87;27,32;36,40;32,80;254,40
09046005;Camaiore;Lucca;1;31.521;;6,67;176,43;39,83;39,56;21,19;12,99;299,13
09046006;Camporgiano;Lucca;Vedi aggregazione: GARFAGNANA ECOLOGIA AMBIENTE SRL;;;;;;;;;
09046007;Capannori;Lucca;1;45.196;13,46;0,48;99,17;33,07;4,86;43,61;22,88;217,52
09046008;Careggine;Lucca;Vedi aggregazione: GARFAGNANA ECOLOGIA AMBIENTE SRL;;;;;;;;;
09046009;Castelnuovo di Garfagnana - Dato aggregazione GARFAGNANA ECOLOGIA AMBIENTE SRL;Lucca;13;25.266;61,02;27,60;62,31;11,56;;19,64;27,57;209,70
09046010;Castiglione di Garfagnana;Lucca;Vedi aggregazione: GARFAGNANA ECOLOGIA AMBIENTE SRL;;;;;;;;;
09046036;Fabbriche di Vergemoli;Lucca;1;723;67,08;43,63;63,68;16,52;;29,19;6,42;264,54
09046013;Forte dei Marmi;Lucca;1;7.044;48,13;24,80;295,50;93,23;153,54;159,55;41,01;830,73
09046014;Fosciandora;Lucca;Vedi aggregazione: GARFAGNANA ECOLOGIA AMBIENTE SRL;;;;;;;;;
09046015;Gallicano;Lucca;Vedi aggregazione: GARFAGNANA ECOLOGIA AMBIENTE SRL;;;;;;;;;
09046017;Lucca;Lucca;1;88.822;17,69;16,63;89,13;32,15;22,15;43,02;28,14;253,72
09046018;Massarosa;Lucca;1;21.511;13,15;17,31;72,92;36,87;7,82;45,29;34,41;255,69
09046019;Minucciano;Lucca;Vedi aggregazione: GARFAGNANA ECOLOGIA AMBIENTE SRL;;;;;;;;;
09046020;Molazzana;Lucca;Vedi aggregazione: GARFAGNANA ECOLOGIA AMBIENTE SRL;;;;;;;;;
09046021;Montecarlo;Lucca;1;4.393;12,65;0,19;96,18;28,72;15,13;37,86;18,36;210,94
09046022;Pescaglia;Lucca;1;3.405;21,60;0,18;82,66;32,57;;34,15;15,32;186,48
09046023;Piazza al Serchio;Lucca;Vedi aggregazione: GARFAGNANA ECOLOGIA AMBIENTE SRL;;;;;;;;;
09046024;Pietrasanta;Lucca;1;22.892;24,64;13,18;149,21;52,08;22,65;59,45;18,62;339,83
09046025;Pieve Fosciana;Lucca;Vedi aggregazione: GARFAGNANA ECOLOGIA AMBIENTE SRL;;;;;;;;;
09046027;San Romano in Garfagnana;Lucca;1;1.374;44,63;26,98;48,39;11,30;26,99;32,80;38,59;229,68
09046028;Seravezza;Lucca;1;12.658;21,71;10,92;123,36;39,53;15,44;43,01;5,73;265,38
09046037;Sillano Giuncugnano;Lucca;1;1.011;69,42;59,89;16,53;12,80;;67,80;4,50;230,94
09046030;Stazzema;Lucca;1;2.867;17,44;27,26;66,31;30,63;;74,24;25,63;241,52
09046031;Vagli Sotto;Lucca;Vedi aggregazione: GARFAGNANA ECOLOGIA AMBIENTE SRL;;;;;;;;;
09046033;Viareggio;Lucca;1;60.144;36,42;36,60;132,54;29,05;36,37;30,31;17,16;321,15
09046034;Villa Basilica;Lucca;1;1.515;8,51;0,24;132,54;41,03;7,62;23,59;19,24;241,31
09046035;Villa Collemandina;Lucca;Vedi aggregazione: GARFAGNANA ECOLOGIA AMBIENTE SRL;;;;;;;;;
11043002;Apiro;Macerata;Vedi aggregazione: COSMARI SRL;;;;;;;;;
11043003;Appignano;Macerata;Vedi aggregazione: COSMARI SRL;;;;;;;;;
11043004;Belforte del Chienti;Macerata;Vedi aggregazione: COSMARI SRL;;;;;;;;;
11043005;Bolognola;Macerata;Vedi aggregazione: COSMARI SRL;;;;;;;;;
11043006;Caldarola;Macerata;Vedi aggregazione: COSMARI SRL;;;;;;;;;
11043007;Camerino;Macerata;Vedi aggregazione: COSMARI SRL;;;;;;;;;
11043008;Camporotondo di Fiastrone;Macerata;Vedi aggregazione: COSMARI SRL;;;;;;;;;
11043009;Castelraimondo;Macerata;Vedi aggregazione: COSMARI SRL;;;;;;;;;
11043010;Castelsantangelo sul Nera;Macerata;Vedi aggregazione: COSMARI SRL;;;;;;;;;
11043011;Cessapalombo;Macerata;Vedi aggregazione: COSMARI SRL;;;;;;;;;
11043012;Cingoli;Macerata;Vedi aggregazione: COSMARI SRL;;;;;;;;;
11043013;Civitanova Marche;Macerata;Vedi aggregazione: COSMARI SRL;;;;;;;;;
11043014;Colmurano;Macerata;Vedi aggregazione: COSMARI SRL;;;;;;;;;
11043015;Corridonia;Macerata;Vedi aggregazione: COSMARI SRL;;;;;;;;;
11043016;Esanatoglia;Macerata;Vedi aggregazione: COSMARI SRL;;;;;;;;;
11043017;Fiastra;Macerata;Vedi aggregazione: COSMARI SRL;;;;;;;;;
11043019;Fiuminata;Macerata;Vedi aggregazione: COSMARI SRL;;;;;;;;;
11043020;Gagliole;Macerata;Vedi aggregazione: COSMARI SRL;;;;;;;;;
11043021;Gualdo;Macerata;Vedi aggregazione: COSMARI SRL;;;;;;;;;
11043022;Loro Piceno;Macerata;Vedi aggregazione: COSMARI SRL;;;;;;;;;
11043023;Macerata;Macerata;Vedi aggregazione: COSMARI SRL;;;;;;;;;
11043024;Matelica;Macerata;Vedi aggregazione: COSMARI SRL;;;;;;;;;
11043025;Mogliano;Macerata;Vedi aggregazione: COSMARI SRL;;;;;;;;;
11043027;Monte Cavallo;Macerata;Vedi aggregazione: COSMARI SRL;;;;;;;;;
11043031;Monte San Giusto;Macerata;Vedi aggregazione: COSMARI SRL;;;;;;;;;
11043032;Monte San Martino;Macerata;Vedi aggregazione: COSMARI SRL;;;;;;;;;
11043026;Montecassiano;Macerata;Vedi aggregazione: COSMARI SRL;;;;;;;;;
11043028;Montecosaro;Macerata;Vedi aggregazione: COSMARI SRL;;;;;;;;;
11043029;Montefano;Macerata;Vedi aggregazione: COSMARI SRL;;;;;;;;;
11043030;Montelupone;Macerata;Vedi aggregazione: COSMARI SRL;;;;;;;;;
11043033;Morrovalle;Macerata;Vedi aggregazione: COSMARI SRL;;;;;;;;;
11043034;Muccia;Macerata;Vedi aggregazione: COSMARI SRL;;;;;;;;;
11043035;Penna San Giovanni;Macerata;Vedi aggregazione: COSMARI SRL;;;;;;;;;
11043036;Petriolo;Macerata;Vedi aggregazione: COSMARI SRL;;;;;;;;;
11043038;Pieve Torina;Macerata;Vedi aggregazione: COSMARI SRL;;;;;;;;;
11043039;Pioraco;Macerata;Vedi aggregazione: COSMARI SRL;;;;;;;;;
11043040;Poggio San Vicino;Macerata;Vedi aggregazione: COSMARI SRL;;;;;;;;;
11043041;Pollenza;Macerata;Vedi aggregazione: COSMARI SRL;;;;;;;;;
11043042;Porto Recanati;Macerata;Vedi aggregazione: COSMARI SRL;;;;;;;;;
11043043;Potenza Picena;Macerata;Vedi aggregazione: COSMARI SRL;;;;;;;;;
11043044;Recanati;Macerata;Vedi aggregazione: COSMARI SRL;;;;;;;;;
11043045;Ripe San Ginesio;Macerata;Vedi aggregazione: COSMARI SRL;;;;;;;;;
11043046;San Ginesio;Macerata;Vedi aggregazione: COSMARI SRL;;;;;;;;;
11043047;San Severino Marche;Macerata;Vedi aggregazione: COSMARI SRL;;;;;;;;;
11043048;Sant'Angelo in Pontano;Macerata;Vedi aggregazione: COSMARI SRL;;;;;;;;;
11043049;Sarnano;Macerata;Vedi aggregazione: COSMARI SRL;;;;;;;;;
11043050;Sefro;Macerata;Vedi aggregazione: COSMARI SRL;;;;;;;;;
11043051;Serrapetrona;Macerata;Vedi aggregazione: COSMARI SRL;;;;;;;;;
11043052;Serravalle di Chienti;Macerata;Vedi aggregazione: COSMARI SRL;;;;;;;;;
11043053;Tolentino - Dato aggregazione COSMARI SRL;Macerata;56;320.330;16,28;13,53;55,11;12,84;13,11;;;110,87
11043054;Treia;Macerata;Vedi aggregazione: COSMARI SRL;;;;;;;;;
11043055;Urbisaglia;Macerata;Vedi aggregazione: COSMARI SRL;;;;;;;;;
11043056;Ussita;Macerata;Vedi aggregazione: COSMARI SRL;;;;;;;;;
11043058;Valfornace;Macerata;Vedi aggregazione: COSMARI SRL;;;;;;;;;
11043057;Visso;Macerata;Vedi aggregazione: COSMARI SRL;;;;;;;;;
03020001;Acquanegra sul Chiese;Mantova;1;2.789;8,85;3,25;44,18;23,93;6,42;23,89;14,39;124,92
03020002;Asola;Mantova;1;10.010;6,53;3,83;36,79;23,46;7,01;24,22;12,07;113,91
03020003;Bagnolo San Vito;Mantova;1;5.712;11,95;4,58;51,80;33,12;2,18;38,68;21,83;164,14
03020072;Borgo Mantovano;Mantova;1;5.340;10,21;3,14;41,83;25,66;10,38;22,83;25,08;139,13
03020071;Borgo Virgilio;Mantova;1;14.415;10,96;;80,64;11,69;12,20;19,98;30,22;209,94
03020073;Borgocarbonara;Mantova;1;1.915;12,39;2,25;38,05;24,53;0,28;30,06;8,58;116,14
03020007;Bozzolo;Mantova;1;3.982;7,86;3,33;46,37;27,31;5,96;26,82;15,85;133,50
03020008;Canneto sull'Oglio;Mantova;1;4.217;8,84;;54,94;8,78;6,16;12,23;17,39;122,45
03020010;Casalmoro;Mantova;1;2.164;5,66;2,13;29,89;20,12;0,53;22,54;9,47;90,35
03020011;Casaloldo;Mantova;1;2.641;7,48;3,01;32,57;19,04;10,71;35,67;8,27;116,74
03020012;Casalromano;Mantova;1;1.478;9,21;2,32;34,46;19,27;1,08;29,69;7,99;104,02
03020014;Castel d'Ario;Mantova;1;4.489;8,40;3,79;46,25;29,59;8,44;22,76;15,99;135,21
03020015;Castel Goffredo;Mantova;1;12.540;6,83;2,86;33,81;25,20;3,56;32,67;10,90;115,83
03020013;Castelbelforte;Mantova;1;3.193;15,14;6,01;32,68;25,88;10,85;33,94;8,91;133,42
03020016;Castellucchio;Mantova;1;5.179;5,65;2,07;31,67;22,49;0,26;12,50;6,57;81,21
03020017;Castiglione delle Stiviere;Mantova;1;23.313;5,49;13,81;55,00;14,43;10,64;31,56;2,80;133,73
03020018;Cavriana;Mantova;1;3.710;7,15;;39,82;14,48;6,34;13,55;18,45;100,59
03020019;Ceresara;Mantova;1;2.525;7,69;2,39;37,92;21,50;15,90;24,05;10,41;119,86
03020020;Commessaggio;Mantova;1;1.091;11,77;;69,99;18,57;24,75;14,23;13,17;178,38
03020021;Curtatone;Mantova;1;14.715;8,97;;80,38;25,52;8,97;17,25;25,33;230,95
03020022;Dosolo;Mantova;1;3.310;12,33;;45,07;21,87;21,44;12,28;11,94;160,19
03020024;Gazoldo degli Ippoliti;Mantova;1;2.948;11,74;;63,84;22,70;2,31;12,10;13,11;161,09
03020025;Gazzuolo;Mantova;1;2.128;7,32;3,60;38,36;26,70;5,05;29,48;5,94;116,45
03020026;Goito;Mantova;1;10.020;10,45;2,75;39,27;25,73;7,25;23,09;10,87;119,41
03020027;Gonzaga;Mantova;1;8.734;7,79;2,65;39,20;25,10;7,42;22,94;18,59;123,70
03020028;Guidizzolo;Mantova;1;5.881;3,60;2,40;36,44;42,25;11,43;12,76;5,55;114,43
03020029;Magnacavallo;Mantova;1;1.439;7,59;1,67;48,72;21,87;;24,89;8,35;113,09
03020030;Mantova;Mantova;1;48.523;17,66;4,48;71,90;25,53;38,25;45,37;29,03;232,23
03020031;Marcaria;Mantova;1;6.343;10,00;3,18;47,80;24,56;15,83;28,05;15,36;144,78
03020032;Mariana Mantovana;Mantova;1;785;12,08;3,04;51,05;27,09;6,72;25,05;9,92;134,95
03020033;Marmirolo;Mantova;1;7.661;8,45;3,58;39,58;24,58;3,24;24,85;17,82;122,09
03020034;Medole;Mantova;1;4.124;8,03;3,03;34,18;20,34;0,77;18,14;15,23;99,72
03020035;Moglia;Mantova;1;5.311;7,98;2,52;40,44;22,49;8,08;17,87;9,05;108,43
03020036;Monzambano;Mantova;1;4.928;7,70;2,88;43,87;22,29;5,13;18,91;4,65;105,44
03020037;Motteggiana;Mantova;1;2.451;9,50;2,43;50,26;24,51;5,73;46,77;11,21;150,41
03020038;Ostiglia;Mantova;1;6.580;12,49;;59,39;28,71;41,35;17,47;24,32;212,21
03020039;Pegognaga;Mantova;1;6.898;8,97;2,60;37,54;23,04;12,27;25,21;18,24;127,86
03020041;Piubega;Mantova;1;1.687;8,33;;89,30;11,29;5,78;12,18;10,47;193,00
03020042;Poggio Rusco;Mantova;1;6.431;7,26;2,91;52,32;22,32;5,74;36,19;12,62;139,37
03020043;Pomponesco;Mantova;1;1.644;16,34;3,35;55,29;25,03;;13,70;12,31;126,02
03020044;Ponti sul Mincio;Mantova;1;2.326;9,14;4,39;46,77;26,11;5,18;25,08;11,49;128,16
03020045;Porto Mantovano;Mantova;1;16.352;8,69;3,86;45,37;24,66;10,81;32,74;12,32;138,43
03020046;Quingentole;Mantova;1;1.057;9,07;2,26;52,54;25,13;16,10;27,19;10,88;143,16
03020047;Quistello;Mantova;1;5.288;8,45;3,29;50,26;26,09;7,79;32,84;11,95;140,67
03020048;Redondesco;Mantova;1;1.202;8,56;2,73;36,93;22,59;0,61;26,05;6,24;103,72
03020050;Rivarolo Mantovano;Mantova;1;2.445;8,51;3,30;42,08;24,43;6,10;25,96;13,48;123,86
03020051;Rodigo;Mantova;1;5.193;;25,00;24,36;16,27;3,07;4,66;6,32;79,67
03020052;Roncoferraro;Mantova;1;6.828;7,74;2,72;42,26;25,59;7,99;23,21;9,35;118,86
03020053;Roverbella;Mantova;1;8.512;7,45;3,67;35,51;23,87;8,32;25,49;10,09;114,39
03020054;Sabbioneta;Mantova;1;4.133;10,74;3,48;46,15;28,84;8,47;21,15;6,36;125,19
03020055;San Benedetto Po;Mantova;1;6.753;13,14;15,08;74,79;12,59;;;4,04;119,64
03020056;San Giacomo delle Segnate;Mantova;1;1.495;9,20;2,38;44,10;28,67;12,40;26,84;9,55;133,14
03020057;San Giorgio Bigarello (gia' di Mantova);Mantova;1;11.714;8,42;3,12;41,95;24,84;4,81;27,92;13,33;124,39
03020058;San Giovanni del Dosso;Mantova;1;1.236;7,25;1,57;33,04;23,63;0,22;36,44;11,61;113,74
03020059;San Martino dall'Argine;Mantova;1;1.643;12,25;3,11;43,36;24,06;17,42;24,33;8,69;135,75
03020060;Schivenoglia;Mantova;1;1.096;9,37;4,23;50,81;30,67;11,27;31,80;7,71;145,86
03020061;Sermide;Mantova;1;7.105;11,43;2,51;45,23;25,23;12,83;30,60;11,28;139,11
03020062;Serravalle a Po;Mantova;1;1.466;24,45;;77,70;14,23;;14,35;19,22;198,21
03020063;Solferino;Mantova;1;2.655;6,71;2,25;28,26;16,17;3,39;23,36;8,14;88,27
03020064;Sustinente;Mantova;1;1.972;10,83;;80,75;27,11;4,53;15,61;13,01;200,75
03020065;Suzzara;Mantova;1;21.032;11,01;2,60;39,37;24,24;11,03;24,69;13,61;126,54
03020066;Viadana;Mantova;1;19.547;9,54;12,86;56,37;6,96;7,19;14,20;6,50;113,63
03020068;Villimpenta;Mantova;1;2.104;15,30;;67,84;22,55;42,14;16,20;20,32;220,86
03020070;Volta Mantovana;Mantova;1;7.187;7,88;3,46;31,81;22,09;4,27;25,94;10,92;106,37
09045001;Aulla;Massa-Carrara;1;10.621;18,39;13,08;69,93;20,30;18,41;22,58;10,24;172,94
09045002;Bagnone;Massa-Carrara;1;1.779;16,87;12,00;64,15;18,63;30,42;27,83;12,80;182,70
09045003;Carrara;Massa-Carrara;1;60.685;20,91;57,04;33,46;16,31;29,95;44,90;24,42;240,67
09045004;Casola in Lunigiana;Massa-Carrara;1;979;17,74;12,62;67,45;19,58;17,53;49,58;45,73;244,00
09045005;Comano;Massa-Carrara;1;669;21,65;15,40;82,31;23,90;78,54;79,18;78,21;443,34
09045006;Filattiera;Massa-Carrara;1;2.231;18,91;13,45;71,89;20,87;2,27;37,96;11,90;177,25
09045007;Fivizzano;Massa-Carrara;1;7.410;22,23;15,81;84,51;24,54;29,46;33,20;29,47;239,23
09045008;Fosdinovo;Massa-Carrara;1;4.657;18,31;12,60;68,03;19,55;15,54;26,87;25,19;186,09
09045009;Licciana Nardi;Massa-Carrara;1;4.819;17,28;12,29;65,70;19,08;23,12;29,56;38,73;205,76
09045010;Massa;Massa-Carrara;1;66.886;35,73;84,65;31,56;13,10;26,04;30,53;40,02;288,57
09045011;Montignoso;Massa-Carrara;1;10.136;16,55;5,41;121,16;30,78;7,12;47,86;21,09;249,96
09045012;Mulazzo;Massa-Carrara;1;2.282;20,46;14,56;77,81;22,59;11,35;43,55;17,72;208,05
09045013;Podenzana;Massa-Carrara;1;2.098;15,19;10,81;57,76;16,77;25,31;16,36;9,60;151,79
09045014;Pontremoli;Massa-Carrara;1;7.028;13,79;9,81;52,44;15,23;19,75;42,69;7,12;160,83
09045015;Tresana;Massa-Carrara;1;1.938;17,89;12,73;68,02;19,75;1,19;23,41;19,13;162,10
09045016;Villafranca in Lunigiana;Massa-Carrara;1;4.628;18,18;12,94;69,14;20,07;33,48;24,92;10,71;189,43
09045017;Zeri;Massa-Carrara;1;995;17,94;12,76;68,20;19,80;15,38;21,56;12,71;168,35
17077007;Craco;Matera;1;650;50,77;8,46;14,62;;20,15;13,85;;107,85
17077008;Ferrandina;Matera;1;8.154;17,72;;32,92;63,77;18,99;12,65;31,40;178,08
17077013;Irsina;Matera;1;4.547;28,15;;52,29;39,59;25,59;12,52;14,81;172,94
17077014;Matera;Matera;1;60.295;8,87;6,03;69,85;76,25;20,40;52,08;8,87;242,36
17077016;Montalbano Jonico;Matera;1;6.857;7,22;20,47;39,84;;22,99;11,92;6,18;108,61
17077018;Nova Siri;Matera;1;6.735;5,79;50,14;33,24;19,30;11,45;16,31;34,81;171,05
17077020;Pisticci;Matera;1;16.835;24,14;10,31;48,46;2,28;26,68;0,58;;112,45
17077021;Policoro;Matera;1;17.868;17,45;56,81;57,34;1,65;23,25;12,61;4,60;174,55
17077023;Rotondella;Matera;1;2.501;53,31;;43,25;;26,43;13,87;1,30;138,16
17077031;Scanzano Jonico;Matera;1;7.514;25,73;20,35;68,08;16,83;27,20;2,86;3,86;164,91
17077027;Stigliano;Matera;1;3.763;80,16;;75,58;;26,53;;;182,26
17077028;Tricarico;Matera;1;4.900;15,61;;28,99;75,51;21,27;16,54;14,25;172,18
17077030;Valsinni;Matera;1;1.394;40,36;40,98;19,96;;1,89;27,72;;130,92
19083002;Ali;Messina;1;694;38,89;38,90;14,70;3,60;14,75;83,26;0,46;194,57
19083003;Ali Terme;Messina;1;2.386;46,68;21,47;17,65;24,84;17,71;56,64;29,67;214,67
19083005;Barcellona Pozzo di Gotto;Messina;1;40.263;50,14;38,07;21,37;8,45;25,57;55,55;13,23;212,39
19083009;Capo d'Orlando;Messina;1;13.157;74,10;27,12;75,30;38,60;49,92;14,63;17,18;297,83
19083012;Casalvecchio Siculo;Messina;1;747;12,42;18,44;;8,21;5,07;;;44,13
19083016;Castroreale;Messina;1;2.240;94,93;14,50;;12,05;7,59;;;129,07
19083017;Cesaro;Messina;1;2.167;16,75;22,39;83,77;4,67;4,24;14,27;;146,10
19083020;Ficarra;Messina;1;1.338;54,20;10,56;68,40;26,90;;6,88;;176,94
19083021;Fiumedinisi;Messina;1;1.316;35,31;31,91;13,35;3,80;13,39;51,94;;149,70
19083027;Furci Siculo;Messina;1;3.185;37,18;43,89;18,19;5,90;21,69;49,94;45,89;222,69
19083030;Galati Mamertino;Messina;1;2.373;34,03;21,17;52,15;8,64;5,86;11,16;;133,02
19083039;Librizzi;Messina;1;1.609;31,57;15,06;31,27;8,10;4,97;11,07;3,92;105,96
19083041;Lipari;Messina;1;12.334;247,50;60,47;67,83;15,83;48,98;29,03;;476,80
19083042;Longi;Messina;1;1.359;17,71;2,28;47,24;38,50;;;;105,74
19083043;Malfa;Messina;1;976;65,06;38,37;112,14;0,89;38,73;120,16;21,39;396,73
19083046;Mazzarra  Sant'Andrea;Messina;1;1.411;25,81;10,22;50,50;12,27;2,13;7,73;;108,66
19083050;Militello Rosmarino;Messina;1;1.221;20,31;;50,19;;;;;70,51
19083051;Mirto;Messina;1;911;89,81;17,90;8,55;;5,41;5,65;40,46;167,78
19083052;Mistretta;Messina;1;4.509;33,78;24,10;67,10;19,46;17,34;32,68;;194,46
19083056;Montagnareale;Messina;1;1.450;69,68;30,59;15,74;;7,87;40,22;;164,10
19083057;Montalbano Elicona;Messina;1;2.054;17,75;14,84;48,31;10,09;18,17;40,80;2,13;159,45
19083059;Motta d'Affermo;Messina;1;664;16,11;13,23;80,57;11,19;43,78;50,42;;215,31
19083060;Naso;Messina;1;3.556;30,13;20,97;44,10;11,06;9,47;22,66;11,54;149,93
19083061;Nizza di Sicilia;Messina;1;3.539;106,06;39,28;7,41;0,44;;12,70;1,10;166,98
19083067;Pettineo;Messina;1;1.260;11,60;8,84;57,99;13,49;30,19;13,11;;135,22
19083068;Piraino;Messina;1;3.832;14,56;36,64;71,64;5,26;7,72;25,77;1,03;162,63
19083072;Roccalumera;Messina;1;3.932;60,86;17,80;40,39;33,95;38,26;42,37;23,58;257,21
19083075;Rodi Milici;Messina;1;1.968;13,06;13,82;57,86;7,66;11,08;18,50;;121,98
19083077;San Filippo del Mela;Messina;1;6.770;9,33;35,60;48,21;5,37;11,62;5,73;;117,32
19083079;San Marco d'Alunzio;Messina;1;1.818;76,63;25,36;9,35;7,16;;22,49;;140,99
19083080;San Pier Niceto;Messina;1;2.638;25,43;21,89;62,70;2,41;4,00;12,47;;132,37
19083081;San Piero Patti;Messina;1;2.657;27,23;28,31;77,89;;8,25;23,79;;165,48
19083086;Santa Lucia del Mela;Messina;1;4.505;11,70;19,82;54,18;22,46;5,61;11,49;;125,27
19083087;Santa Marina Salina;Messina;1;843;355,85;51,49;;4,38;;;;411,73
19083089;Santa Teresa di Riva;Messina;1;9.414;25,37;13,17;19,83;18,83;18,70;78,03;;179,15
19083084;Sant'Agata di Militello;Messina;1;12.190;85,58;63,59;68,61;5,11;12,48;10,77;10,89;257,03
19083091;Santo Stefano di Camastra;Messina;1;4.489;35,17;23,33;67,30;10,23;12,68;29,30;;201,72
19083092;Saponara;Messina;1;3.726;10,10;12,83;37,60;13,57;15,08;27,06;38,84;155,08
19083095;Sinagra;Messina;1;2.552;60,15;25,78;;13,02;;39,17;;138,12
19083106;Terme Vigliatore;Messina;1;7.223;11,99;4,50;56,91;2,27;14,67;42,63;;132,97
19083098;Torregrotta;Messina;1;7.215;15,00;14,08;57,04;18,55;5,87;6,52;;117,07
19083099;Tortorici;Messina;1;5.952;26,40;15,12;24,86;7,20;7,41;22,80;;103,80
19083102;Ucria;Messina;1;937;65,13;18,24;38,12;31,00;;30,91;;335,89
19083104;Venetico;Messina;1;3.940;73,72;31,38;13,37;;7,61;4,57;;130,66
19083105;Villafranca Tirrena;Messina;1;8.236;9,33;12,38;46,66;18,17;22,89;12,23;2,64;124,32
03015007;Arconate;Milano;1;6.658;11,16;9,95;37,04;15,72;19,14;49,90;9,56;156,84
03015009;Arese;Milano;1;19.201;4,03;10,22;33,60;13,95;17,80;21,21;15,36;117,17
03015011;Assago;Milano;1;8.932;24,57;18,43;47,00;56,67;27,24;43,52;29,01;246,44
03015250;Baranzate;Milano;1;11.717;12,28;;36,44;43,26;18,01;17,11;11,31;138,41
03015012;Bareggio;Milano;1;17.142;4,63;15,36;34,71;9,09;17,40;17,85;12,38;128,88
03015014;Basiano;Milano;1;3.663;6,99;11,57;34,38;22,10;22,25;37,88;6,75;141,91
03015015;Basiglio;Milano;1;7.904;14,49;7,96;22,59;21,38;16,60;26,02;18,81;130,89
03015016;Bellinzago Lombardo;Milano;1;3.763;8,33;8,22;32,88;19,58;6,72;20,87;17,62;114,21
03015024;Binasco;Milano;1;7.151;11,50;9,30;23,06;27,62;17,25;14,61;10,28;118,86
03015026;Boffalora sopra Ticino;Milano;1;4.099;11,27;7,68;45,96;16,17;28,10;25,45;44,95;181,06
03015027;Bollate;Milano;1;35.955;14,07;10,85;28,52;23,14;21,10;17,95;1,97;117,60
03015032;Bresso;Milano;1;26.358;12,28;13,12;19,12;16,13;24,43;33,46;10,15;149,97
03015036;Buccinasco;Milano;1;26.711;23,66;21,37;22,84;7,65;18,27;9,16;23,14;126,09
03015038;Buscate;Milano;1;4.540;10,03;15,72;48,65;17,52;22,51;40,01;7,11;161,55
03015040;Bussero;Milano;1;8.389;9,62;7,63;38,89;18,54;15,61;26,13;6,26;122,68
03015044;Cambiago;Milano;1;7.019;7,02;7,59;37,77;17,06;14,55;10,91;25,22;120,13
03015046;Canegrate;Milano;1;12.471;7,50;5,23;38,38;6,70;13,84;25,32;14,29;131,26
03015050;Carpiano;Milano;1;4.110;11,66;6,10;40,43;19,54;33,46;39,46;11,24;161,89
03015051;Carugate;Milano;1;15.539;7,15;3,78;35,46;19,12;15,84;18,67;5,58;105,60
03015055;Casarile;Milano;1;4.012;12,20;10,57;23,42;24,97;17,20;49,45;9,18;146,99
03015058;Casorezzo;Milano;1;5.491;16,67;3,88;42,83;;13,07;16,50;4,06;101,26
03015059;Cassano d'Adda;Milano;1;18.834;8,95;5,92;42,99;17,97;27,65;8,83;6,50;118,82
03015060;Cassina de' Pecchi;Milano;1;13.901;8,49;6,79;39,70;17,53;16,43;12,73;5,94;107,61
03015070;Cernusco sul Naviglio;Milano;1;34.800;8,68;6,01;41,19;17,96;24,97;17,63;10,08;126,52
03015071;Cerro al Lambro;Milano;1;5.092;7,20;5,41;47,85;17,32;20,60;15,38;6,35;120,10
03015072;Cerro Maggiore;Milano;1;15.065;8,93;;44,69;26,30;16,71;18,90;6,85;130,06
03015074;Cesano Boscone;Milano;1;23.168;17,17;14,80;19,04;12,01;21,17;15,96;9,63;110,10
03015076;Cesate;Milano;1;14.291;8,84;10,26;24,56;14,15;14,04;8,56;0,78;81,19
03015081;Cologno Monzese;Milano;1;46.687;20,70;18,92;39,83;11,77;31,72;32,75;8,86;164,55
03015082;Colturano;Milano;1;1.986;9,10;8,27;51,16;20,70;9,98;15,86;10,66;125,74
03015086;Cormano;Milano;1;20.205;16,17;9,96;20,06;22,00;26,10;35,86;;130,14
03015087;Cornaredo;Milano;1;20.100;10,22;14,88;36,27;14,86;22,75;21,65;23,05;143,69
03015096;Cuggiono;Milano;1;8.163;9,54;11,12;49,55;19,50;7,77;43,68;7,87;149,04
03015098;Cusano Milanino;Milano;1;18.311;7,07;10,45;33,15;13,16;25,55;40,52;7,27;137,16
03015099;Dairago;Milano;1;6.335;11,49;5,62;35,38;17,52;12,62;29,80;4,45;116,88
03015101;Dresano;Milano;1;2.989;11,06;8,21;47,41;18,53;9,12;17,69;7,43;119,46
03015103;Gaggiano;Milano;1;9.129;9,97;9,89;21,49;24,92;26,25;35,88;8,77;142,11
03015105;Garbagnate Milanese;Milano;1;26.888;9,17;13,35;22,26;12,40;17,00;15,85;10,24;100,28
03015106;Gessate;Milano;1;8.697;11,27;11,02;38,52;17,38;12,56;15,66;10,88;117,29
03015108;Gorgonzola;Milano;1;20.635;14,02;5,34;40,88;18,90;16,35;18,56;6,02;120,07
03015110;Grezzago;Milano;1;3.045;12,81;4,43;37,23;17,79;9,23;8,74;6,72;96,95
03015112;Gudo Visconti;Milano;1;1.596;12,86;11,90;24,79;25,10;25,71;13,37;12,07;131,55
03015114;Inzago;Milano;1;11.232;11,69;5,61;41,83;16,93;14,60;8,99;9,48;109,12
03015115;Lacchiarella;Milano;1;8.965;11,44;13,86;16,14;17,66;17,73;28,40;12,54;120,59
03015116;Lainate;Milano;1;25.676;3,48;12,19;27,99;14,92;15,31;20,94;12,26;108,09
03015118;Legnano;Milano;1;58.938;13,90;10,89;43,61;5,67;27,21;21,58;22,51;157,54
03015122;Liscate;Milano;1;4.035;7,94;10,68;42,06;19,46;37,09;13,41;12,29;142,94
03015130;Magenta;Milano;1;23.918;9,66;10,51;45,34;15,50;22,53;21,31;8,22;133,07
03015131;Magnago;Milano;1;9.246;8,91;5,00;46,08;7,00;5,95;24,05;11,74;118,30
03015134;Marcallo con Casone;Milano;1;6.133;8,84;7,88;42,20;15,72;11,25;36,47;5,13;127,49
03015136;Masate;Milano;1;3.582;6,82;7,33;31,60;21,29;19,40;19,63;5,85;111,92
03015139;Mediglia;Milano;1;11.955;14,14;16,39;43,91;13,89;22,78;20,78;2,09;143,02
03015140;Melegnano;Milano;1;18.086;12,68;17,57;30,88;9,60;46,18;33,21;9,67;177,09
03015142;Melzo;Milano;1;18.276;8,58;6,17;39,66;21,49;22,92;22,69;24,57;146,08
03015146;Milano;Milano;1;1.397.715;22,04;20,72;31,20;15,63;76,21;24,13;13,21;200,95
03015154;Nerviano;Milano;1;16.886;3,00;8,35;31,33;10,12;19,09;21,96;9,18;103,90
03015157;Novate Milanese;Milano;1;20.089;11,83;14,24;14,91;14,10;20,45;15,40;7,72;98,65
03015158;Noviglio;Milano;1;4.471;12,00;5,67;20,32;17,09;11,28;28,45;7,29;104,95
03015159;Opera;Milano;1;14.002;6,28;17,70;31,11;13,32;27,23;19,89;2,72;118,94
03015164;Ossona;Milano;1;4.254;9,65;9,54;45,95;16,17;7,80;22,56;14,86;126,52
03015166;Paderno Dugnano;Milano;1;47.980;9,59;13,13;25,79;14,42;20,70;18,58;12,68;114,89
03015167;Pantigliate;Milano;1;5.796;18,04;10,96;43,43;19,66;13,95;41,39;29,24;176,69
03015168;Parabiago;Milano;1;28.077;13,41;15,20;39,58;10,78;20,84;25,32;18,29;141,49
03015169;Paullo;Milano;1;11.089;12,24;8,56;35,22;14,37;19,82;27,34;15,80;133,34
03015170;Pero;Milano;1;11.292;15,98;28,11;31,89;14,81;29,24;25,64;8,89;154,56
03015171;Peschiera Borromeo;Milano;1;23.760;8,31;;31,94;31,75;30,20;25,20;15,17;142,57
03015172;Pessano con Bornago;Milano;1;9.007;13,93;5,50;40,13;20,24;22,99;32,41;7,16;142,36
03015175;Pioltello;Milano;1;35.821;8,24;22,63;11,83;7,49;19,74;13,86;19,23;103,03
03015176;Pogliano Milanese;Milano;1;8.326;3,89;9,61;35,66;17,04;18,53;25,98;15,83;127,37
03015177;Pozzo d'Adda;Milano;1;6.410;16,51;3,55;33,74;17,40;4,57;19,82;74,00;169,60
03015178;Pozzuolo Martesana;Milano;1;8.529;11,22;8,53;34,72;15,21;10,32;11,32;7,27;98,57
03015179;Pregnana Milanese;Milano;1;7.315;2,60;11,44;26,92;14,14;13,72;29,09;15,27;113,93
03015181;Rescaldina;Milano;1;14.067;7,57;8,66;13,32;24,29;19,91;30,67;2,69;109,79
03015182;Rho;Milano;1;49.609;15,51;19,90;49,17;32,06;39,97;29,56;11,24;197,40
03015183;Robecchetto con Induno;Milano;1;4.738;20,80;9,05;53,42;21,04;1,94;32,89;4,93;144,07
03015184;Robecco sul Naviglio;Milano;1;6.757;16,90;;38,61;28,80;19,22;16,86;8,35;128,75
03015185;Rodano;Milano;1;4.599;7,91;5,04;44,18;24,20;27,86;16,62;7,63;133,45
03015188;Rosate;Milano;1;5.779;10,66;9,57;22,71;25,78;23,47;21,64;8,59;124,77
03015191;San Colombano al Lambro;Milano;1;7.323;7,60;28,81;39,53;8,97;10,02;15,76;21,55;132,23
03015192;San Donato Milanese;Milano;1;32.070;13,90;12,64;15,48;11,21;28,10;21,43;13,95;116,71
03015194;San Giorgio su Legnano;Milano;1;6.703;6,94;3,45;40,73;9,74;19,77;28,84;18,38;136,48
03015195;San Giuliano Milanese;Milano;1;38.274;8,55;;37,37;34,37;19,14;9,07;15,66;133,12
03015201;San Vittore Olona;Milano;1;8.258;8,47;;28,74;15,68;18,33;16,03;30,20;117,45
03015202;San Zenone al Lambro;Milano;1;4.365;7,39;10,25;33,34;14,12;23,80;11,11;5,78;105,79
03015200;Santo Stefano Ticino;Milano;1;4.935;11,48;;46,25;31,52;9,35;24,72;7,73;131,05
03015205;Segrate;Milano;1;35.771;17,75;19,63;23,92;12,91;24,82;22,63;20,55;220,35
03015206;Senago;Milano;1;21.483;10,04;;29,81;35,39;14,73;7,29;6,64;103,91
03015209;Sesto San Giovanni;Milano;1;80.589;12,25;20,27;36,40;15,02;54,11;36,27;6,10;180,93
03015210;Settala;Milano;1;7.316;8,93;14,29;41,57;26,20;13,69;12,53;14,31;131,52
03015211;Settimo Milanese;Milano;1;19.738;22,87;0,67;38,51;27,25;25,44;22,86;15,51;153,11
03015213;Solaro;Milano;1;13.903;5,85;26,46;28,26;5,78;9,92;7,04;3,16;86,47
03015219;Trezzano Rosa;Milano;1;5.240;18,75;4,59;37,95;17,54;6,54;8,31;5,15;98,83
03015220;Trezzano sul Naviglio;Milano;1;21.229;14,97;0,62;25,58;17,40;38,88;13,56;16,52;127,52
03015221;Trezzo sull'Adda;Milano;1;11.858;9,17;11,12;47,51;21,56;30,70;18,51;20,57;159,14
03015222;Tribiano;Milano;1;3.623;13,79;31,68;31,96;20,28;11,41;21,07;;130,19
03015224;Truccazzano;Milano;1;5.789;10,86;9,29;45,37;16,24;23,47;13,03;15,13;133,39
03015226;Turbigo;Milano;1;7.043;16,63;11,60;40,27;15,08;16,38;22,24;5,23;124,46
03015229;Vanzago;Milano;1;9.311;2,35;10,26;16,50;12,77;11,76;16,43;18,21;89,28
03015230;Vaprio d'Adda;Milano;1;9.186;8,07;4,72;34,26;15,95;15,48;17,84;9,67;105,99
03015251;Vermezzo con Zelo;Milano;1;5.794;12,08;7,82;22,95;17,30;18,04;18,21;11,34;110,89
03015236;Vernate;Milano;1;3.290;12,82;11,24;29,96;21,97;18,73;20,68;19,74;135,15
03015237;Vignate;Milano;1;9.310;7,14;9,84;40,70;17,76;14,58;18,53;60,90;169,43
03015248;Villa Cortese;Milano;1;6.142;12,95;6,75;42,69;18,08;13,17;25,39;6,12;125,52
03015242;Vimodrone;Milano;1;16.653;9,59;5,78;39,31;18,86;28,21;9,15;7,57;118,46
03015244;Vizzolo Predabissi;Milano;1;3.938;8,60;12,27;50,61;17,92;6,78;17,50;6,28;119,96
03015247;Zibido San Giacomo;Milano;1;6.788;16,22;8,77;31,86;20,92;16,74;20,63;8,32;136,83
08036001;Bastiglia;Modena;1;4.156;17,54;5,13;59,07;26,52;2,16;10,88;17,40;138,17
08036002;Bomporto;Modena;1;10.027;18,98;7,72;80,31;25,28;7,37;8,97;18,56;166,45
08036003;Campogalliano;Modena;1;8.575;17,86;33,87;56,73;24,05;15,81;14,02;32,29;192,16
08036004;Camposanto;Modena;Vedi aggregazione: AIMAG SPA;;;;;;;;;
08036005;Carpi;Modena;Vedi aggregazione: AIMAG SPA;;;;;;;;;
08036006;Castelfranco Emilia;Modena;1;32.763;13,36;8,69;71,23;23,36;16,92;11,92;12,79;158,49
08036007;Castelnuovo Rangone;Modena;1;15.046;13,89;22,61;68,27;25,68;10,39;15,74;27,25;182,80
08036008;Castelvetro di Modena;Modena;1;11.209;15,87;25,53;37,52;14,81;6,76;14,19;23,09;138,73
08036009;Cavezzo;Modena;Vedi aggregazione: AIMAG SPA;;;;;;;;;
08036010;Concordia sulla Secchia;Modena;Vedi aggregazione: AIMAG SPA;;;;;;;;;
08036011;Fanano;Modena;1;2.970;53,16;55,76;71,14;14,12;21,10;21,97;45,56;287,83
08036012;Finale Emilia;Modena;1;15.062;17,41;29,84;54,54;14,20;15,37;32,59;6,82;170,14
08036013;Fiorano Modenese;Modena;1;16.981;15,27;29,42;70,46;22,11;14,75;18,17;28,49;195,90
08036014;Fiumalbo;Modena;1;1.193;41,84;50,04;39,00;10,40;12,88;30,85;47,76;231,60
08036015;Formigine;Modena;1;34.347;17,91;24,84;66,08;20,94;13,16;13,96;18,42;174,80
08036016;Frassinoro;Modena;1;1.821;53,48;43,42;68,64;9,94;;29,47;83,49;291,55
08036017;Guiglia;Modena;1;4.013;12,15;19,95;55,08;22,10;7,24;10,01;24,74;151,93
08036018;Lama Mocogno;Modena;1;2.661;60,49;57,76;40,43;10,40;4,74;20,63;49,90;248,55
08036019;Maranello;Modena;1;17.359;20,71;29,69;66,70;22,66;14,57;27,28;27,79;208,51
08036020;Marano sul Panaro;Modena;1;5.298;7,12;16,24;61,31;19,03;12,76;12,73;19,89;147,32
08036021;Medolla;Modena;Vedi aggregazione: AIMAG SPA;;;;;;;;;
08036022;Mirandola - Dato aggregazione AIMAG SPA;Modena;11;166.690;7,46;9,32;49,94;25,18;12,96;23,32;24,82;154,80
08036023;Modena;Modena;1;187.977;21,60;30,28;60,55;21,52;24,41;28,21;29,09;215,12
08036024;Montecreto;Modena;1;911;53,78;64,29;60,55;13,12;8,24;71,18;59,71;330,13
08036025;Montefiorino;Modena;1;2.112;52,39;40,58;53,81;10,01;1,30;18,03;51,24;222,70
08036026;Montese;Modena;1;3.236;28,56;57,35;43,70;18,09;21,50;35,36;4,25;208,80
08036027;Nonantola;Modena;1;15.977;14,14;11,61;46,66;15,67;8,96;26,57;5,77;128,87
08036028;Novi di Modena;Modena;Vedi aggregazione: AIMAG SPA;;;;;;;;;
08036029;Palagano;Modena;1;2.081;41,95;39,10;61,44;11,17;4,87;25,85;51,11;240,47
08036030;Pavullo nel Frignano;Modena;1;18.024;30,63;38,49;34,86;12,53;11,54;16,26;36,12;180,00
08036031;Pievepelago;Modena;1;2.272;41,30;43,31;42,47;12,23;17,30;25,46;61,93;245,29
08036032;Polinago;Modena;1;1.589;43,37;42,46;46,26;10,43;7,62;23,53;74,32;252,97
08036033;Prignano sulla Secchia;Modena;1;3.736;13,85;22,28;46,51;15,47;;18,94;34,89;155,62
08036034;Ravarino;Modena;1;6.194;12,45;14,70;59,56;20,78;6,33;28,05;8,24;149,55
08036035;Riolunato;Modena;1;675;35,96;46,10;41,84;13,03;15,30;36,66;58,86;261,02
08036036;San Cesario sul Panaro;Modena;1;6.517;15,08;13,18;67,63;27,59;6,67;12,09;18,51;161,09
08036037;San Felice sul Panaro;Modena;Vedi aggregazione: AIMAG SPA;;;;;;;;;
08036038;San Possidonio;Modena;Vedi aggregazione: AIMAG SPA;;;;;;;;;
08036039;San Prospero;Modena;Vedi aggregazione: AIMAG SPA;;;;;;;;;
08036040;Sassuolo;Modena;1;40.219;25,57;33,01;74,96;19,80;25,65;20,84;24,23;222,27
08036041;Savignano sul Panaro;Modena;1;9.266;16,30;25,53;47,26;15,75;2,42;22,42;24,52;154,89
08036042;Serramazzoni;Modena;1;8.436;43,34;36,10;66,55;13,76;16,32;23,53;26,01;226,28
08036043;Sestola;Modena;1;2.441;63,30;72,53;50,10;12,90;35,17;63,19;68,86;370,22
08036044;Soliera;Modena;Vedi aggregazione: AIMAG SPA;;;;;;;;;
08036045;Spilamberto;Modena;1;12.737;18,76;7,37;68,48;19,19;10,22;11,10;22,87;159,40
08036046;Vignola;Modena;1;25.519;18,45;11,84;82,08;18,84;12,21;18,21;12,95;174,08
08036047;Zocca;Modena;1;4.582;15,05;32,91;48,47;21,41;13,92;13,20;30,28;173,43
03108001;Agrate Brianza;Monza e della Brianza;1;15.189;9,50;6,19;42,96;23,11;26,21;20,28;28,03;156,28
03108002;Aicurzio;Monza e della Brianza;1;2.080;10,27;8,36;33,49;16,44;33,25;21,34;6,55;129,69
03108003;Albiate;Monza e della Brianza;1;6.428;7,49;0,52;43,29;24,40;17,42;20,64;9,18;122,95
03108004;Arcore;Monza e della Brianza;1;17.833;8,29;8,82;42,03;17,74;24,04;16,20;6,61;123,73
03108005;Barlassina;Monza e della Brianza;1;6.886;5,10;13,59;25,17;16,94;14,79;10,35;5,59;91,54
03108006;Bellusco;Monza e della Brianza;1;7.284;9,80;5,06;31,76;22,06;12,48;16,44;9,66;107,27
03108007;Bernareggio;Monza e della Brianza;1;11.258;8,64;4,51;36,51;17,44;8,39;19,10;10,90;105,49
03108008;Besana in Brianza;Monza e della Brianza;1;15.469;12,94;0,69;30,43;28,16;12,82;19,30;6,00;110,34
03108009;Biassono;Monza e della Brianza;1;12.101;9,30;20,31;32,81;9,09;16,90;40,68;;129,09
03108010;Bovisio-Masciago;Monza e della Brianza;1;16.892;10,31;0,68;35,13;22,93;24,97;22,71;18,65;135,39
03108011;Briosco;Monza e della Brianza;1;6.064;10,96;0,44;26,23;20,92;12,56;23,18;7,29;101,58
03108012;Brugherio;Monza e della Brianza;1;34.788;7,08;10,40;38,63;14,78;19,34;10,27;12,55;113,04
03108013;Burago di Molgora;Monza e della Brianza;1;4.262;7,17;8,32;31,92;22,51;29,11;29,63;19,25;147,91
03108051;Busnago;Monza e della Brianza;1;6.709;8,34;8,16;35,70;18,04;7,62;45,96;9,18;132,99
03108014;Camparada;Monza e della Brianza;1;2.150;14,19;4,37;36,22;24,29;13,60;13,10;11,13;116,91
03108052;Caponago;Monza e della Brianza;1;5.086;14,86;4,12;36,80;20,03;18,89;20,82;5,99;121,50
03108015;Carate Brianza;Monza e della Brianza;1;17.562;11,71;;28,64;31,26;27,70;17,71;6,96;124,84
03108016;Carnate;Monza e della Brianza;1;7.505;7,09;7,96;30,90;17,30;11,14;33,91;4,95;113,24
03108017;Cavenago di Brianza;Monza e della Brianza;1;7.369;9,48;3,93;33,37;18,17;18,77;21,18;11,07;115,97
03108018;Ceriano Laghetto;Monza e della Brianza;1;6.605;8,99;0,28;38,90;22,87;13,88;18,72;6,12;109,76
03108019;Cesano Maderno;Monza e della Brianza;1;38.011;7,84;23,74;30,97;4,25;17,76;14,93;14,60;114,50
03108020;Cogliate;Monza e della Brianza;1;8.446;4,93;0,49;25,54;26,20;9,19;20,66;2,15;89,17
03108021;Concorezzo;Monza e della Brianza;1;15.643;7,24;12,61;32,35;18,82;15,16;11,28;8,49;107,97
03108053;Cornate d'Adda;Monza e della Brianza;1;10.610;7,33;7,34;35,52;17,46;12,86;14,47;9,46;104,44
03108022;Correzzana;Monza e della Brianza;1;3.033;7,22;6,97;36,18;15,96;13,05;22,05;4,31;105,74
03108023;Desio;Monza e della Brianza;1;41.654;10,32;1,72;27,00;23,28;17,25;14,87;16,75;111,20
03108024;Giussano;Monza e della Brianza;1;25.930;11,47;0,70;29,69;23,26;24,13;10,45;16,05;122,22
03108025;Lazzate;Monza e della Brianza;1;7.752;8,69;;35,30;30,35;6,29;25,98;6,90;113,49
03108054;Lentate sul Seveso;Monza e della Brianza;1;15.872;9,27;0,10;25,95;26,70;26,14;0,82;7,32;107,57
03108026;Lesmo;Monza e della Brianza;1;8.503;10,38;3,49;40,50;24,33;10,92;14,32;20,03;123,98
03108027;Limbiate;Monza e della Brianza;1;34.067;10,37;0,99;32,22;22,89;17,00;18,18;18,62;123,29
03108028;Lissone;Monza e della Brianza;1;45.998;9,53;0,80;35,88;24,59;18,47;21,75;12,15;123,17
03108029;Macherio;Monza e della Brianza;1;7.399;7,45;10,53;36,52;17,98;6,61;18,78;7,48;105,37
03108030;Meda;Monza e della Brianza;1;22.869;8,89;10,46;29,10;14,58;23,35;13,46;7,07;106,91
03108031;Mezzago;Monza e della Brianza;1;4.411;10,84;4,71;34,00;18,18;13,36;26,07;5,66;112,82
03108032;Misinto;Monza e della Brianza;1;5.544;13,45;0,43;39,87;25,20;;24,98;5,12;122,64
03108033;Monza;Monza e della Brianza;1;123.983;11,76;15,36;29,51;12,01;31,18;39,48;21,47;160,78
03108034;Muggio;Monza e della Brianza;1;23.611;10,90;16,19;24,27;11,96;11,65;10,30;15,25;100,53
03108035;Nova Milanese;Monza e della Brianza;1;23.292;14,68;12,62;30,91;16,04;16,66;6,71;7,18;104,81
03108036;Ornago;Monza e della Brianza;1;5.182;8,05;5,63;33,46;18,67;10,28;22,37;5,29;103,76
03108037;Renate;Monza e della Brianza;1;4.059;10,69;0,70;21,55;20,70;11,10;24,13;2,63;91,52
03108055;Roncello;Monza e della Brianza;1;4.752;6,86;7,67;29,44;11,38;6,27;4,72;4,25;70,58
03108038;Ronco Briantino;Monza e della Brianza;1;3.518;8,17;4,67;33,87;15,27;7,10;30,20;10,13;109,42
03108039;Seregno;Monza e della Brianza;1;44.742;7,93;1,05;30,06;20,70;21,76;15,59;13,11;110,19
03108040;Seveso;Monza e della Brianza;1;23.235;6,37;2,07;29,24;22,60;18,11;24,76;6,90;110,06
03108041;Sovico;Monza e della Brianza;1;8.273;10,08;0,81;28,01;22,92;22,53;17,17;16,50;118,01
03108042;Sulbiate;Monza e della Brianza;1;4.390;8,60;4,42;28,59;18,65;14,65;21,31;13,14;109,36
03108043;Triuggio;Monza e della Brianza;1;8.640;11,46;0,84;36,03;21,10;13,05;13,22;15,69;111,39
03108044;Usmate Velate;Monza e della Brianza;1;10.407;12,99;3,66;34,22;20,73;10,35;9,45;15,40;106,79
03108045;Varedo;Monza e della Brianza;1;13.502;11,28;29,44;35,46;3,84;23,22;22,91;7,41;133,55
03108046;Vedano al Lambro;Monza e della Brianza;1;7.447;7,68;8,53;39,26;20,04;19,88;14,73;30,81;140,92
03108047;Veduggio con Colzano;Monza e della Brianza;1;4.264;6,49;0,50;20,06;19,52;4,89;41,27;4,81;97,54
03108048;Verano Brianza;Monza e della Brianza;1;9.066;13,78;0,59;35,24;25,31;15,79;19,66;9,23;119,59
03108049;Villasanta;Monza e della Brianza;1;13.963;9,08;5,64;39,48;20,59;20,48;14,99;14,47;124,72
03108050;Vimercate;Monza e della Brianza;1;25.833;7,87;10,17;37,53;20,15;22,55;12,42;10,73;121,42
15063001;Acerra;Napoli;1;58.961;38,80;21,57;35,82;45,28;41,72;1,36;19,34;203,90
15063002;Afragola;Napoli;1;62.271;9,97;47,03;53,75;30,86;27,02;30,09;47,63;246,35
15063003;Agerola;Napoli;1;7.710;25,60;;47,78;40,37;9,21;17,33;2,59;142,88
15063004;Anacapri;Napoli;1;6.944;95,26;;107,24;56,40;76,07;64,09;6,72;405,79
15063005;Arzano;Napoli;1;33.527;16,23;32,06;58,46;7,83;16,18;62,05;;192,81
15063006;Bacoli;Napoli;1;25.694;39,98;19,28;;86,68;19,88;89,77;6,74;262,91
15063007;Barano d'Ischia;Napoli;1;9.981;52,51;28,73;64,41;28,17;4,09;55,14;19,04;262,77
15063009;Boscotrecase;Napoli;1;9.995;49,12;;29,47;61,39;19,61;7,00;6,76;173,36
15063010;Brusciano;Napoli;1;16.108;44,14;12,35;24,77;;19,37;;24,70;125,33
15063011;Caivano;Napoli;1;36.781;31,83;;63,66;56,85;37,14;8,50;;197,99
15063012;Calvizzano;Napoli;1;12.255;54,55;27,24;1,07;22,43;18,61;3,61;27,99;155,51
15063015;Carbonara di Nola;Napoli;1;2.487;24,52;28,07;42,47;35,04;7,08;20,82;;157,98
15063016;Cardito;Napoli;1;21.800;38,59;34,88;11,70;25,84;6,43;7,26;5,94;130,64
15063017;Casalnuovo di Napoli;Napoli;1;47.261;28,93;19,43;41,43;34,38;21,45;17,20;12,91;175,72
15063022;Casola di Napoli;Napoli;1;3.767;11,74;8,40;43,02;22,64;29,43;14,44;28,18;157,86
15063023;Casoria;Napoli;1;74.416;31,15;;87,69;49,40;17,74;25,38;18,66;230,02
15063024;Castellammare di Stabia;Napoli;1;63.824;42,53;36,57;47,63;28,01;44,95;;;199,70
15063026;Cercola;Napoli;1;16.921;9,16;0,01;65,06;;36,32;12,19;1,24;123,99
15063028;Cimitile;Napoli;1;7.046;16,51;22,37;61,00;;2,90;39,97;;154,10
15063064;Ercolano;Napoli;1;51.600;12,17;;87,38;6,86;36,51;15,78;70,31;229,03
15063033;Frattaminore;Napoli;1;15.787;26,81;;54,03;43,78;9,90;0,56;0,98;138,54
15063035;Gragnano;Napoli;1;28.454;14,38;33,27;53,70;28,82;29,95;16,87;19,84;200,53
15063036;Grumo Nevano;Napoli;1;17.522;81,11;;54,93;;36,45;9,86;;182,35
15063037;Ischia;Napoli;1;19.382;117,91;46,51;36,66;;35,66;57,05;12,10;305,90
15063040;Liveri;Napoli;1;1.554;28,68;48,15;38,90;22,04;16,01;18,98;;172,76
15063041;Marano di Napoli;Napoli;1;57.750;30,39;38,65;27,63;20,46;34,08;34,70;6,12;196,15
15063042;Mariglianella;Napoli;1;7.791;116,27;22,93;;59,89;;;;199,10
15063092;Massa di Somma;Napoli;1;5.094;31,56;17,02;74,49;18,64;28,55;34,59;20,10;224,95
15063044;Massa Lubrense;Napoli;1;13.983;10,93;21,32;50,78;38,71;42,74;30,09;;194,57
15063045;Melito di Napoli;Napoli;1;35.535;29,18;48,09;29,18;3,24;29,18;5,29;;144,90
15063046;Meta;Napoli;1;7.928;10,37;;77,01;47,81;60,72;;;195,92
15063047;Monte di Procida;Napoli;1;12.349;43,94;;45,42;29,54;42,03;1,26;7,38;169,57
15063048;Mugnano di Napoli;Napoli;1;34.843;13,59;;70,07;;16,69;10,78;0,63;111,76
15063049;Napoli;Napoli;1;940.940;34,51;45,05;60,50;14,74;41,36;17,10;16,34;231,18
15063052;Palma Campania;Napoli;1;16.167;18,06;25,63;57,80;49,27;15,62;3,87;;170,26
15063053;Piano di Sorrento;Napoli;1;12.667;13,46;21,53;52,27;0,91;13,26;105,41;;206,84
15063054;Pimonte;Napoli;1;5.919;9,12;11,61;47,66;37,34;8,53;15,04;;129,31
15063055;Poggiomarino;Napoli;1;21.948;16,70;77,85;43,86;;7,94;12,88;;160,15
15063057;Pomigliano d'Arco;Napoli;1;40.065;32,97;21,89;85,11;26,10;30,84;19,49;41,45;257,85
15063060;Pozzuoli;Napoli;1;78.870;18,12;11,38;54,10;28,62;30,67;63,23;32,66;238,79
15063063;Quarto;Napoli;1;39.685;46,33;34,01;33,47;;26,00;0,19;4,02;144,02
15063066;San Gennaro Vesuviano;Napoli;1;11.928;21,46;25,66;20,66;29,04;24,23;12,79;18,44;152,28
15063067;San Giorgio a Cremano;Napoli;1;43.304;61,69;19,92;6,42;19,27;16,74;60,78;;184,83
15063069;San Paolo Bel Sito;Napoli;1;3.385;11,05;94,53;20,93;;9,76;57,49;;193,77
15063075;San Vitaliano;Napoli;1;6.436;15,37;32,75;32,49;30,59;50,27;10,93;1,90;174,31
15063071;Sant'Agnello;Napoli;1;8.833;34,86;31,25;70,46;30,73;26,33;4,24;22,36;227,02
15063074;Sant'Antonio Abate;Napoli;1;19.376;30,72;60,94;29,37;;14,69;29,52;8,72;173,96
15063078;Serrara Fontana;Napoli;1;3.093;82,11;63,56;110,26;;2,57;183,72;;442,22
15063079;Somma Vesuviana;Napoli;1;34.220;21,56;22,08;66,04;;23,13;25,80;32,44;191,04
15063080;Sorrento;Napoli;1;15.956;20,68;37,08;93,48;71,77;80,89;56,82;;360,71
15063081;Striano;Napoli;1;8.735;16,07;15,77;44,02;32,08;12,15;6,99;7,66;134,73
15063084;Torre del Greco;Napoli;1;82.329;31,55;51,72;52,58;27,71;17,21;5,61;0,81;192,27
15063091;Trecase;Napoli;1;8.738;79,59;;27,41;;24,67;43,19;1,38;176,23
15063086;Vico Equense;Napoli;1;20.416;17,13;11,44;85,03;33,90;43,01;11,50;2,02;227,32
15063087;Villaricca;Napoli;1;30.997;13,44;48,28;40,42;29,68;6,99;27,03;1,98;167,82
15063088;Visciano;Napoli;1;4.295;3,76;6,44;58,59;25,91;24,32;3,31;26,77;149,08
15063089;Volla;Napoli;1;25.269;30,79;51,63;48,94;6,06;25,73;9,49;25,26;197,88
01003002;Ameno;Novara;1;885;4,77;22,05;54,17;11,03;34,49;52,73;4,50;183,74
01003006;Armeno;Novara;1;2.134;4,88;11,54;44,06;12,09;7,46;52,70;4,31;137,04
01003008;Arona;Novara;1;13.750;17,33;13,37;72,04;17,46;10,84;36,97;15,36;183,36
01003012;Barengo;Novara;Vedi aggregazione: CONSORZIO DI BACINO BASSO NOVARESE;;;;;;;;;
01003016;Bellinzago Novarese;Novara;Vedi aggregazione: CONSORZIO DI BACINO BASSO NOVARESE;;;;;;;;;
01003018;Biandrate;Novara;Vedi aggregazione: CONSORZIO DI BACINO BASSO NOVARESE;;;;;;;;;
01003019;Boca;Novara;1;1.115;8,60;9,78;70,24;14,18;8,97;8,52;;120,29
01003021;Bogogno;Novara;1;1.286;9,17;11,88;28,14;11,50;6,27;70,17;3,31;175,78
01003022;Bolzano Novarese;Novara;1;1.159;5,00;23,20;19,39;11,99;2,16;42,61;11,16;115,50
01003025;Borgo Ticino;Novara;1;5.199;12,34;8,14;35,60;9,79;7,39;15,27;11,04;99,57
01003023;Borgolavezzaro;Novara;Vedi aggregazione: CONSORZIO DI BACINO BASSO NOVARESE;;;;;;;;;
01003024;Borgomanero;Novara;1;21.229;16,50;28,63;50,91;13,78;9,03;21,13;7,24;159,89
01003026;Briga Novarese;Novara;1;2.798;2,77;11,59;33,49;8,55;0,33;32,15;11,79;100,67
01003027;Briona;Novara;Vedi aggregazione: CONSORZIO DI BACINO BASSO NOVARESE;;;;;;;;;
01003030;Caltignaga;Novara;Vedi aggregazione: CONSORZIO DI BACINO BASSO NOVARESE;;;;;;;;;
01003032;Cameri;Novara;Vedi aggregazione: CONSORZIO DI BACINO BASSO NOVARESE;;;;;;;;;
01003036;Carpignano Sesia;Novara;1;2.479;13,34;22,42;41,98;13,72;11,06;21,64;6,07;141,43
01003037;Casalbeltrame;Novara;Vedi aggregazione: CONSORZIO DI BACINO BASSO NOVARESE;;;;;;;;;
01003039;Casaleggio Novara;Novara;Vedi aggregazione: CONSORZIO DI BACINO BASSO NOVARESE;;;;;;;;;
01003040;Casalino;Novara;Vedi aggregazione: CONSORZIO DI BACINO BASSO NOVARESE;;;;;;;;;
01003041;Casalvolone;Novara;Vedi aggregazione: CONSORZIO DI BACINO BASSO NOVARESE;;;;;;;;;
01003042;Castellazzo Novarese;Novara;Vedi aggregazione: CONSORZIO DI BACINO BASSO NOVARESE;;;;;;;;;
01003043;Castelletto sopra Ticino;Novara;1;9.702;15,31;14,80;44,60;16,29;7,28;37,15;18,42;153,84
01003045;Cavaglio d'Agogna;Novara;1;1.166;11,95;11,24;43,99;14,49;5,55;56,52;5,02;148,76
01003047;Cavallirio;Novara;1;1.305;10,01;25,59;31,36;12,08;4,89;26,25;4,07;115,79
01003049;Cerano;Novara;Vedi aggregazione: CONSORZIO DI BACINO BASSO NOVARESE;;;;;;;;;
01003052;Comignago;Novara;1;1.231;13,97;9,83;49,09;10,75;6,74;27,95;12,14;130,47
01003055;Cressa;Novara;1;1.612;9,27;21,45;35,71;9,41;4,15;28,63;8,84;121,85
01003058;Cureggio;Novara;1;2.596;11,71;13,67;31,89;11,53;10,48;23,79;4,40;107,47
01003060;Divignano;Novara;1;1.397;13,49;10,37;58,14;15,99;6,33;27,19;12,74;144,24
01003062;Dormelletto;Novara;1;2.522;16,48;30,67;52,11;18,13;7,64;23,27;10,55;167,99
01003065;Fara Novarese;Novara;1;1.998;12,16;23,81;38,24;12,62;5,32;24,36;5,97;131,86
01003066;Fontaneto d'Agogna;Novara;1;2.600;12,64;15,93;39,25;11,55;5,85;31,57;5,16;121,95
01003068;Galliate;Novara;Vedi aggregazione: CONSORZIO DI BACINO BASSO NOVARESE;;;;;;;;;
01003069;Garbagna Novarese;Novara;Vedi aggregazione: CONSORZIO DI BACINO BASSO NOVARESE;;;;;;;;;
01003070;Gargallo;Novara;1;1.745;5,93;18,02;32,22;8,15;1,87;41,27;7,56;115,02
01003166;Gattico-Veruno;Novara;1;5.159;11,15;17,94;35,13;10,19;5,12;28,42;8,69;116,64
01003073;Ghemme;Novara;1;3.399;12,13;14,99;49,18;11,49;7,26;27,02;7,23;129,28
01003076;Gozzano;Novara;1;5.408;5,42;15,46;28,23;14,70;17,39;40,29;4,79;126,28
01003077;Granozzo con Monticello;Novara;Vedi aggregazione: CONSORZIO DI BACINO BASSO NOVARESE;;;;;;;;;
01003079;Grignasco;Novara;1;4.340;12,91;22,11;39,76;11,82;6,12;21,59;5,04;119,36
01003082;Invorio;Novara;1;4.300;2,87;10,87;30,23;11,86;;37,89;13,59;107,32
01003083;Landiona;Novara;Vedi aggregazione: CONSORZIO DI BACINO BASSO NOVARESE;;;;;;;;;
01003084;Lesa;Novara;1;2.168;8,16;22,20;59,20;14,52;29,51;112,47;3,97;250,04
01003088;Maggiora;Novara;1;1.604;11,71;25,19;36,41;11,78;5,60;19,30;5,16;116,76
01003090;Mandello Vitta;Novara;Vedi aggregazione: CONSORZIO DI BACINO BASSO NOVARESE;;;;;;;;;
01003091;Marano Ticino;Novara;Vedi aggregazione: CONSORZIO DI BACINO BASSO NOVARESE;;;;;;;;;
01003095;Meina;Novara;1;2.400;7,53;16,91;41,19;12,09;9,37;45,97;4,12;137,18
01003097;Mezzomerico;Novara;Vedi aggregazione: CONSORZIO DI BACINO BASSO NOVARESE;;;;;;;;;
01003098;Miasino;Novara;1;797;13,51;18,40;57,42;10,16;16,64;78,09;4,13;198,35
01003100;Momo;Novara;Vedi aggregazione: CONSORZIO DI BACINO BASSO NOVARESE;;;;;;;;;
01003103;Nebbiuno;Novara;1;1.802;11,00;12,59;43,95;11,81;3,96;45,38;4,37;133,06
01003104;Nibbiola;Novara;Vedi aggregazione: CONSORZIO DI BACINO BASSO NOVARESE;;;;;;;;;
01003106;Novara - Dato aggregazione CONSORZIO DI BACINO BASSO NOVARESE;Novara;38;218.536;11,62;15,80;51,62;13,76;15,05;39,69;15,07;166,65
01003108;Oleggio;Novara;Vedi aggregazione: CONSORZIO DI BACINO BASSO NOVARESE;;;;;;;;;
01003109;Oleggio Castello;Novara;1;2.154;12,71;9,85;43,76;10,97;6,08;16,36;23,99;123,72
01003112;Orta San Giulio;Novara;1;1.273;11,07;36,53;127,95;19,87;40,91;116,80;4,24;357,37
01003114;Paruzzaro;Novara;1;2.132;16,60;17,26;65,67;12,31;8,08;29,21;19,07;168,20
01003116;Pettenasco;Novara;1;1.320;5,91;19,54;46,81;12,05;0,74;71,04;4,32;160,42
01003120;Pogno;Novara;1;1.383;2,66;26,90;42,47;7,70;1,41;67,48;6,51;155,12
01003121;Pombia;Novara;1;2.124;15,58;7,85;46,26;18,36;7,53;32,87;17,87;146,33
01003122;Prato Sesia;Novara;1;1.854;13,02;24,63;37,63;13,16;5,12;29,15;7,86;137,30
01003129;Recetto;Novara;Vedi aggregazione: CONSORZIO DI BACINO BASSO NOVARESE;;;;;;;;;
01003130;Romagnano Sesia;Novara;1;3.758;13,32;29,85;38,96;12,75;5,53;33,85;4,69;152,68
01003131;Romentino;Novara;Vedi aggregazione: CONSORZIO DI BACINO BASSO NOVARESE;;;;;;;;;
01003133;San Maurizio d'Opaglio;Novara;1;3.000;4,74;18,51;54,03;13,89;;39,98;4,34;135,50
01003134;San Nazzaro Sesia;Novara;Vedi aggregazione: CONSORZIO DI BACINO BASSO NOVARESE;;;;;;;;;
01003135;San Pietro Mosezzo;Novara;Vedi aggregazione: CONSORZIO DI BACINO BASSO NOVARESE;;;;;;;;;
01003138;Sillavengo;Novara;Vedi aggregazione: CONSORZIO DI BACINO BASSO NOVARESE;;;;;;;;;
01003139;Sizzano;Novara;1;1.383;11,17;13,37;37,73;16,86;8,77;39,49;4,55;145,39
01003140;Soriso;Novara;1;719;3,52;27,03;13,46;8,58;1,22;27,95;14,38;96,14
01003141;Sozzago;Novara;Vedi aggregazione: CONSORZIO DI BACINO BASSO NOVARESE;;;;;;;;;
01003143;Suno;Novara;1;2.709;3,95;11,50;22,40;23,11;0,18;48,00;2,60;111,74
01003144;Terdobbiate;Novara;Vedi aggregazione: CONSORZIO DI BACINO BASSO NOVARESE;;;;;;;;;
01003146;Tornaco;Novara;Vedi aggregazione: CONSORZIO DI BACINO BASSO NOVARESE;;;;;;;;;
01003149;Trecate;Novara;Vedi aggregazione: CONSORZIO DI BACINO BASSO NOVARESE;;;;;;;;;
01003153;Vaprio d'Agogna;Novara;Vedi aggregazione: CONSORZIO DI BACINO BASSO NOVARESE;;;;;;;;;
01003154;Varallo Pombia;Novara;1;4.841;11,36;6,39;32,66;17,75;8,72;30,87;16,01;123,76
01003158;Vespolate;Novara;Vedi aggregazione: CONSORZIO DI BACINO BASSO NOVARESE;;;;;;;;;
01003159;Vicolungo;Novara;Vedi aggregazione: CONSORZIO DI BACINO BASSO NOVARESE;;;;;;;;;
01003164;Vinzaglio;Novara;Vedi aggregazione: CONSORZIO DI BACINO BASSO NOVARESE;;;;;;;;;
20091001;Aritzo;Nuoro [fino 2024];Vedi aggregazione: COMUNITA' MONTANA GENNARGENTU MANDROLISAI;;;;;;;;;
20091003;Atzara;Nuoro [fino 2024];Vedi aggregazione: COMUNITA' MONTANA GENNARGENTU MANDROLISAI;;;;;;;;;
20091004;Austis;Nuoro [fino 2024];Vedi aggregazione: COMUNITA' MONTANA GENNARGENTU MANDROLISAI;;;;;;;;;
20091005;Bari Sardo;Nuoro [fino 2024];1;3.873;32,90;17,15;89,37;16,70;19,10;23,07;;198,29
20091006;Baunei;Nuoro [fino 2024];1;3.522;12,53;10,12;36,99;14,77;;47,27;8,12;129,79
20091007;Belvi;Nuoro [fino 2024];Vedi aggregazione: COMUNITA' MONTANA GENNARGENTU MANDROLISAI;;;;;;;;;
20091008;Birori;Nuoro [fino 2024];1;508;30,09;15,90;77,74;9,97;;8,59;;142,29
20091010;Bolotana;Nuoro [fino 2024];1;2.504;32,68;;65,36;23,02;10,89;7,41;17,88;157,24
20091011;Borore;Nuoro [fino 2024];1;2.026;36,90;15,00;110,51;16,41;;3,52;;182,35
20091016;Desulo;Nuoro [fino 2024];Vedi aggregazione: COMUNITA' MONTANA GENNARGENTU MANDROLISAI;;;;;;;;;
20091017;Dorgali;Nuoro [fino 2024];1;8.402;35,31;15,08;70,89;3,33;39,03;18,21;36,74;218,59
20091024;Fonni;Nuoro [fino 2024];1;3.746;6,64;9,11;39,82;20,15;8,77;29,14;24,26;157,03
20091025;Gadoni;Nuoro [fino 2024];Vedi aggregazione: COMUNITA' MONTANA GENNARGENTU MANDROLISAI;;;;;;;;;
20091026;Gairo;Nuoro [fino 2024];1;1.334;48,21;11,98;35,44;4,45;;22,62;10,52;133,22
20091027;Galtelli;Nuoro [fino 2024];Vedi aggregazione: ASSOCIAZIONE DEI COMUNI DI IRGOLI, ONIFAI, LOCULI, GALTELLI' - ENTE CAPOFILA COMUNE DI IRGOLI;;;;;;;;;
20091033;Irgoli - Dato aggregazione ASSOCIAZIONE DEI COMUNI DI IRGOLI, ONIFAI, LOCULI, GALTELLI' - ENTE CAPOFILA COMUNE DI IRGOLI;Nuoro [fino 2024];4;5.888;19,11;16,98;37,70;18,76;;46,74;0,74;140,02
20091039;Loceri;Nuoro [fino 2024];1;1.284;23,50;12,82;59,88;;18,47;11,84;;126,51
20091040;Loculi;Nuoro [fino 2024];Vedi aggregazione: ASSOCIAZIONE DEI COMUNI DI IRGOLI, ONIFAI, LOCULI, GALTELLI' - ENTE CAPOFILA COMUNE DI IRGOLI;;;;;;;;;
20091047;Meana Sardo;Nuoro [fino 2024];Vedi aggregazione: COMUNITA' MONTANA GENNARGENTU MANDROLISAI;;;;;;;;;
20091050;Noragugume;Nuoro [fino 2024];1;297;27,06;24,28;54,13;;9,02;7,65;7,73;129,87
20091051;Nuoro;Nuoro [fino 2024];1;34.536;25,16;;76,22;35,07;28,31;5,76;12,60;183,12
20091055;Oliena;Nuoro [fino 2024];1;6.736;6,57;9,57;55,29;10,27;8,96;18,68;25,08;134,41
20091059;Onifai;Nuoro [fino 2024];Vedi aggregazione: ASSOCIAZIONE DEI COMUNI DI IRGOLI, ONIFAI, LOCULI, GALTELLI' - ENTE CAPOFILA COMUNE DI IRGOLI;;;;;;;;;
20091061;Orani;Nuoro [fino 2024];1;2.759;28,86;27,30;48,92;12,80;;1,76;;119,65
20091062;Orgosolo;Nuoro [fino 2024];1;4.058;5,90;10,86;49,25;14,53;9,47;24,41;12,76;127,20
20091063;Orosei;Nuoro [fino 2024];1;6.927;25,76;;94,17;44,04;40,43;15,25;27,40;247,73
20091066;Ortueri;Nuoro [fino 2024];Vedi aggregazione: COMUNITA' MONTANA GENNARGENTU MANDROLISAI;;;;;;;;;
20091068;Osidda;Nuoro [fino 2024];Vedi aggregazione: COMUNITA' MONTANA DEL GOCEANO;;;;;;;;;
20091069;Osini;Nuoro [fino 2024];1;733;20,53;21,30;24,33;8,52;;57,78;28,21;160,66
20091070;Ottana;Nuoro [fino 2024];1;2.246;39,10;20,69;78,20;;13,03;4,00;20,30;175,32
20091071;Ovodda;Nuoro [fino 2024];1;1.543;18,50;26,10;37,15;1,75;20,45;;;103,95
20091073;Posada;Nuoro [fino 2024];1;3.057;25,30;14,38;88,26;15,05;57,05;52,75;32,69;285,48
20091084;Sindia;Nuoro [fino 2024];1;1.641;6,79;46,74;48,65;;4,72;18,80;;125,69
20091085;Siniscola;Nuoro [fino 2024];1;11.425;16,82;38,21;117,94;;;48,30;13,29;234,56
20091086;Sorgono - Dato aggregazione COMUNITA' MONTANA GENNARGENTU MANDROLISAI;Nuoro [fino 2024];11;13.341;7,08;6,75;76,23;11,56;;9,92;6,31;117,85
20091089;Tertenia;Nuoro [fino 2024];1;3.884;33,68;23,35;29,39;7,60;4,12;3,65;11,82;113,60
20091090;Teti;Nuoro [fino 2024];Vedi aggregazione: COMUNITA' MONTANA GENNARGENTU MANDROLISAI;;;;;;;;;
20091093;Tonara;Nuoro [fino 2024];Vedi aggregazione: COMUNITA' MONTANA GENNARGENTU MANDROLISAI;;;;;;;;;
20091095;Tortoli;Nuoro [fino 2024];1;10.787;25,32;10,56;94,96;18,85;37,98;29,71;18,74;236,13
20091097;Triei;Nuoro [fino 2024];1;1.084;8,00;15,93;42,15;10,05;3,34;25,82;19,72;125,01
20091098;Ulassai;Nuoro [fino 2024];1;1.399;13,02;9,25;38,66;4,55;;;;65,48
20091100;Ussassai;Nuoro [fino 2024];1;492;42,96;9,02;53,98;;6,10;25,36;;137,41
20095001;Abbasanta;Oristano [fino 2024];Vedi aggregazione: UNIONE DEI COMUNI DEL GUILCIER;;;;;;;;;
20095002;Aidomaggiore;Oristano [fino 2024];Vedi aggregazione: UNIONE DEI COMUNI DEL GUILCIER;;;;;;;;;
20095005;Allai;Oristano [fino 2024];Vedi aggregazione: UNIONE DEI COMUNI DELLA BASSA VALLE DEL TIRSO E DEL GRIGHINE;;;;;;;;;
20095006;Arborea;Oristano [fino 2024];Vedi aggregazione: UNIONE DEI COMUNI TERRALBESE;;;;;;;;;
20095007;Ardauli;Oristano [fino 2024];Vedi aggregazione: UNIONE DEI COMUNI DEL BARIGADU;;;;;;;;;
20095014;Bidoni;Oristano [fino 2024];Vedi aggregazione: UNIONE DEI COMUNI DEL BARIGADU;;;;;;;;;
20095016;Boroneddu;Oristano [fino 2024];Vedi aggregazione: UNIONE DEI COMUNI DEL GUILCIER;;;;;;;;;
20095079;Bosa;Oristano [fino 2024];1;7.669;7,01;23,39;62,24;23,63;95,62;39,08;29,46;280,43
20095017;Busachi - Dato aggregazione UNIONE DEI COMUNI DEL BARIGADU;Oristano [fino 2024];9;7.836;14,35;10,24;62,00;9,86;1,63;2,70;;100,79
20095020;Fordongianus;Oristano [fino 2024];Vedi aggregazione: UNIONE DEI COMUNI DEL BARIGADU;;;;;;;;;
20095021;Ghilarza - Dato aggregazione UNIONE DEI COMUNI DEL GUILCIER;Oristano [fino 2024];9;13.107;4,44;17,69;29,17;12,10;;27,43;24,57;115,39
20095024;Gonnostramatza;Oristano [fino 2024];Vedi aggregazione: UNIONE DEI COMUNI PARTE MONTIS;;;;;;;;;
20095082;Laconi;Oristano [fino 2024];Vedi aggregazione: COMUNITA' MONTANA DEL SARCIDANO BARBAGIA DI SEULO;;;;;;;;;
20095025;Marrubiu;Oristano [fino 2024];Vedi aggregazione: UNIONE DEI COMUNI TERRALBESE;;;;;;;;;
20095026;Masullas;Oristano [fino 2024];Vedi aggregazione: UNIONE DEI COMUNI PARTE MONTIS;;;;;;;;;
20095029;Mogoro - Dato aggregazione UNIONE DEI COMUNI PARTE MONTIS;Oristano [fino 2024];6;6.610;20,21;;38,07;13,32;9,24;;;80,84
20095031;Narbolia;Oristano [fino 2024];1;1.690;37,25;57,99;73,96;;4,43;17,53;20,04;211,20
20095032;Neoneli;Oristano [fino 2024];Vedi aggregazione: UNIONE DEI COMUNI DEL BARIGADU;;;;;;;;;
20095033;Norbello;Oristano [fino 2024];Vedi aggregazione: UNIONE DEI COMUNI DEL GUILCIER;;;;;;;;;
20095034;Nughedu Santa Vittoria;Oristano [fino 2024];Vedi aggregazione: UNIONE DEI COMUNI DEL BARIGADU;;;;;;;;;
20095037;Ollastra;Oristano [fino 2024];Vedi aggregazione: UNIONE DEI COMUNI DELLA BASSA VALLE DEL TIRSO E DEL GRIGHINE;;;;;;;;;
20095038;Oristano;Oristano [fino 2024];1;30.383;6,79;5,50;60,31;37,27;30,80;29,69;24,50;204,28
20095039;Palmas Arborea - Dato aggregazione UNIONE DI COMUNI DEI FENICI;Oristano [fino 2024];6;12.987;14,67;21,73;52,78;11,60;1,06;3,48;7,31;112,63
20095041;Paulilatino;Oristano [fino 2024];Vedi aggregazione: UNIONE DEI COMUNI DEL GUILCIER;;;;;;;;;
20095042;Pompu;Oristano [fino 2024];Vedi aggregazione: UNIONE DEI COMUNI PARTE MONTIS;;;;;;;;;
20095043;Riola Sardo;Oristano [fino 2024];Vedi aggregazione: UNIONE DI COMUNI DEI FENICI;;;;;;;;;
20095045;Samugheo;Oristano [fino 2024];Vedi aggregazione: UNIONE DEI COMUNI DEL BARIGADU;;;;;;;;;
20095046;San Nicolo d'Arcidano - Dato aggregazione UNIONE DEI COMUNI TERRALBESE;Oristano [fino 2024];5;23.702;46,39;22,92;17,71;0,61;;36,96;;125,11
20095050;San Vero Milis;Oristano [fino 2024];1;2.422;17,47;66,23;71,31;;;24,19;12,35;211,13
20095047;Santa Giusta;Oristano [fino 2024];Vedi aggregazione: UNIONE DI COMUNI DEI FENICI;;;;;;;;;
20095052;Sedilo;Oristano [fino 2024];Vedi aggregazione: UNIONE DEI COMUNI DEL GUILCIER;;;;;;;;;
20095056;Siamaggiore;Oristano [fino 2024];Vedi aggregazione: UNIONE DI COMUNI DEI FENICI;;;;;;;;;
20095057;Siamanna;Oristano [fino 2024];Vedi aggregazione: UNIONE DEI COMUNI DELLA BASSA VALLE DEL TIRSO E DEL GRIGHINE;;;;;;;;;
20095076;Siapiccia;Oristano [fino 2024];Vedi aggregazione: UNIONE DEI COMUNI DELLA BASSA VALLE DEL TIRSO E DEL GRIGHINE;;;;;;;;;
20095058;Simala;Oristano [fino 2024];Vedi aggregazione: UNIONE DEI COMUNI PARTE MONTIS;;;;;;;;;
20095059;Simaxis - Dato aggregazione UNIONE DEI COMUNI DELLA BASSA VALLE DEL TIRSO E DEL GRIGHINE;Oristano [fino 2024];7;6.099;6,42;12,93;44,64;10,89;;17,05;10,65;103,26
20095061;Siris;Oristano [fino 2024];Vedi aggregazione: UNIONE DEI COMUNI PARTE MONTIS;;;;;;;;;
20095078;Soddi;Oristano [fino 2024];Vedi aggregazione: UNIONE DEI COMUNI DEL GUILCIER;;;;;;;;;
20095062;Solarussa;Oristano [fino 2024];Vedi aggregazione: UNIONE DI COMUNI DEI FENICI;;;;;;;;;
20095063;Sorradile;Oristano [fino 2024];Vedi aggregazione: UNIONE DEI COMUNI DEL BARIGADU;;;;;;;;;
20095064;Tadasuni;Oristano [fino 2024];Vedi aggregazione: UNIONE DEI COMUNI DEL GUILCIER;;;;;;;;;
20095065;Terralba;Oristano [fino 2024];Vedi aggregazione: UNIONE DEI COMUNI TERRALBESE;;;;;;;;;
20095068;Ula  Tirso;Oristano [fino 2024];Vedi aggregazione: UNIONE DEI COMUNI DEL BARIGADU;;;;;;;;;
20095069;Uras;Oristano [fino 2024];Vedi aggregazione: UNIONE DEI COMUNI TERRALBESE;;;;;;;;;
20095071;Villanova Truschedu;Oristano [fino 2024];Vedi aggregazione: UNIONE DEI COMUNI DELLA BASSA VALLE DEL TIRSO E DEL GRIGHINE;;;;;;;;;
20095072;Villaurbana;Oristano [fino 2024];Vedi aggregazione: UNIONE DI COMUNI DEI FENICI;;;;;;;;;
20095075;Zerfaliu;Oristano [fino 2024];Vedi aggregazione: UNIONE DEI COMUNI DELLA BASSA VALLE DEL TIRSO E DEL GRIGHINE;;;;;;;;;
05028001;Abano Terme;Padova;1;19.868;8,40;;44,59;55,00;20,76;32,30;29,84;196,14
05028002;Agna;Padova;1;3.210;12,06;2,05;48,31;31,75;4,89;11,77;15,60;126,42
05028003;Albignasego;Padova;1;25.931;12,42;;47,84;26,01;6,06;6,37;6,92;105,63
05028004;Anguillara Veneta;Padova;1;4.212;10,29;2,25;41,20;29,32;4,17;10,04;13,94;111,21
05028005;Arqua  Petrarca;Padova;1;1.823;10,35;2,26;41,43;29,02;4,19;10,09;13,48;120,93
05028006;Arre;Padova;1;2.123;11,40;0,88;45,66;36,31;4,62;11,12;13,73;123,72
05028007;Arzergrande;Padova;1;4.824;9,87;;39,55;28,48;4,00;9,63;13,37;104,92
05028008;Bagnoli di Sopra;Padova;1;3.361;11,21;0,94;44,91;32,77;4,55;10,94;13,71;119,02
05028009;Baone;Padova;1;3.103;9,51;2,60;38,08;25,22;3,86;9,28;9,00;97,55
05028010;Barbona;Padova;1;618;12,32;10,37;35,04;9,20;2,04;16,20;;85,17
05028011;Battaglia Terme;Padova;1;3.830;11,54;3,68;46,20;27,26;4,68;11,25;14,77;119,38
05028012;Boara Pisani;Padova;1;2.409;10,19;1,67;40,79;27,19;4,13;9,94;16,06;109,97
05028107;Borgo Veneto;Padova;1;7.001;10,52;2,28;42,13;30,95;4,26;10,26;14,60;115,00
05028013;Borgoricco;Padova;Vedi aggregazione: ETRA Spa;;;;;;;;;
05028014;Bovolenta;Padova;1;3.476;10,53;1,22;42,15;32,42;4,27;10,27;12,28;113,13
05028015;Brugine;Padova;1;7.115;9,95;;39,86;28,22;4,04;9,71;12,79;104,57
05028016;Cadoneghe;Padova;Vedi aggregazione: ETRA Spa;;;;;;;;;
05028020;Campo San Martino;Padova;Vedi aggregazione: ETRA Spa;;;;;;;;;
05028017;Campodarsego;Padova;Vedi aggregazione: ETRA Spa;;;;;;;;;
05028018;Campodoro;Padova;Vedi aggregazione: ETRA Spa;;;;;;;;;
05028019;Camposampiero;Padova;Vedi aggregazione: ETRA Spa;;;;;;;;;
05028021;Candiana;Padova;1;2.257;10,33;;41,36;29,33;4,19;10,08;12,21;107,50
05028022;Carceri;Padova;1;1.509;11,26;3,29;45,10;25,99;4,57;10,99;14,93;116,12
05028023;Carmignano di Brenta;Padova;Vedi aggregazione: ETRA Spa;;;;;;;;;
05028026;Cartura;Padova;1;4.570;11,71;;46,90;35,39;4,75;11,42;14,49;124,66
05028027;Casale di Scodosia;Padova;1;4.704;11,74;3,05;47,03;31,35;4,76;11,46;16,70;126,10
05028029;Castelbaldo;Padova;1;1.444;12,02;3,00;48,13;29,91;4,87;11,72;16,03;125,69
05028030;Cervarese Santa Croce;Padova;Vedi aggregazione: ETRA Spa;;;;;;;;;
05028031;Cinto Euganeo;Padova;1;1.961;9,61;1,55;38,47;25,47;3,89;9,37;11,84;100,19
05028032;Cittadella;Padova;Vedi aggregazione: ETRA Spa;;;;;;;;;
05028033;Codevigo;Padova;1;6.400;10,91;0,79;43,71;31,53;4,42;10,65;17,50;119,51
05028034;Conselve;Padova;1;9.958;13,18;0,98;52,80;40,93;5,35;12,86;10,54;136,63
05028035;Correzzola;Padova;1;5.088;8,32;;33,31;23,39;3,37;8,11;11,15;87,66
05028036;Curtarolo;Padova;Vedi aggregazione: ETRA Spa;;;;;;;;;
05028106;Due Carrare;Padova;1;8.943;12,33;1,38;49,39;40,46;5,00;12,03;14,58;135,17
05028037;Este;Padova;1;16.007;10,78;5,82;43,19;33,25;4,37;10,52;14,87;122,81
05028038;Fontaniva;Padova;Vedi aggregazione: ETRA Spa;;;;;;;;;
05028039;Galliera Veneta;Padova;Vedi aggregazione: ETRA Spa;;;;;;;;;
05028040;Galzignano Terme;Padova;Vedi aggregazione: ETRA Spa;;;;;;;;;
05028041;Gazzo;Padova;Vedi aggregazione: ETRA Spa;;;;;;;;;
05028042;Grantorto;Padova;Vedi aggregazione: ETRA Spa;;;;;;;;;
05028043;Granze;Padova;1;1.976;8,24;1,53;32,99;22,19;3,34;8,04;13,38;89,70
05028044;Legnaro;Padova;1;9.229;11,39;;45,62;33,00;4,62;11,11;14,94;120,69
05028045;Limena;Padova;Vedi aggregazione: ETRA Spa;;;;;;;;;
05028046;Loreggia;Padova;Vedi aggregazione: ETRA Spa;;;;;;;;;
05028047;Lozzo Atestino;Padova;1;3.000;10,34;4,11;41,40;29,54;4,19;10,09;13,42;113,09
05028048;Masera  di Padova;Padova;1;9.201;9,54;1,35;38,22;33,35;3,87;9,31;8,75;104,39
05028049;Masi;Padova;1;1.737;11,91;2,11;47,68;29,58;4,83;11,61;15,37;123,09
05028050;Massanzago;Padova;Vedi aggregazione: ETRA Spa;;;;;;;;;
05028052;Megliadino San Vitale;Padova;1;1.817;9,32;1,75;37,34;27,74;3,78;9,10;13,81;102,85
05028053;Merlara;Padova;1;2.531;11,81;2,72;47,28;31,14;4,79;11,52;16,70;125,95
05028054;Mestrino;Padova;Vedi aggregazione: ETRA Spa;;;;;;;;;
05028055;Monselice;Padova;1;17.363;12,66;5,44;50,72;38,79;5,13;12,35;14,21;139,31
05028056;Montagnana;Padova;1;8.879;15,70;5,07;62,86;37,89;6,36;15,31;19,07;162,27
05028057;Montegrotto Terme;Padova;Vedi aggregazione: ETRA Spa;;;;;;;;;
05028058;Noventa Padovana;Padova;1;11.502;11,30;;40,36;37,57;8,89;20,25;10,27;127,38
05028059;Ospedaletto Euganeo;Padova;1;5.590;9,77;3,11;39,14;26,25;3,96;9,53;10,82;102,59
05028060;Padova;Padova;1;208.306;21,85;;47,20;54,62;22,90;27,51;33,66;209,55
05028061;Pernumia;Padova;1;3.775;11,81;3,16;47,30;31,40;4,79;11,52;15,49;125,46
05028062;Piacenza d'Adige;Padova;1;1.241;11,37;1,40;45,55;28,88;4,61;11,10;20,20;123,11
05028063;Piazzola sul Brenta;Padova;Vedi aggregazione: ETRA Spa;;;;;;;;;
05028064;Piombino Dese;Padova;Vedi aggregazione: ETRA Spa;;;;;;;;;
05028065;Piove di Sacco;Padova;1;19.885;19,87;15,73;46,90;5,77;11,01;4,82;12,71;114,51
05028066;Polverara;Padova;1;3.386;8,11;1,18;32,49;25,55;3,29;7,91;10,48;89,02
05028067;Ponso;Padova;1;2.380;10,68;2,89;42,79;26,98;4,33;10,42;14,54;112,64
05028069;Ponte San Nicolo;Padova;1;13.463;10,16;;38,59;35,52;7,52;15,58;14,33;121,70
05028068;Pontelongo;Padova;1;3.686;11,01;1,41;44,11;31,54;4,47;10,74;12,96;116,24
05028070;Pozzonovo;Padova;1;3.512;10,46;1,96;41,89;28,93;4,24;10,20;14,91;112,60
05028071;Rovolon;Padova;Vedi aggregazione: ETRA Spa;;;;;;;;;
05028072;Rubano;Padova;Vedi aggregazione: ETRA Spa;;;;;;;;;
05028073;Saccolongo;Padova;1;4.914;15,84;23,75;19,94;16,67;;3,26;;79,45
05028075;San Giorgio delle Pertiche;Padova;Vedi aggregazione: ETRA Spa;;;;;;;;;
05028076;San Giorgio in Bosco;Padova;Vedi aggregazione: ETRA Spa;;;;;;;;;
05028077;San Martino di Lupari;Padova;Vedi aggregazione: ETRA Spa;;;;;;;;;
05028078;San Pietro in Gu;Padova;Vedi aggregazione: ETRA Spa;;;;;;;;;
05028079;San Pietro Viminario;Padova;1;3.048;10,53;;42,18;30,78;4,27;10,28;13,09;111,12
05028080;Santa Giustina in Colle;Padova;Vedi aggregazione: ETRA Spa;;;;;;;;;
05028082;Sant'Angelo di Piove di Sacco;Padova;1;7.257;9,89;0,34;39,62;31,81;4,01;9,65;13,11;108,44
05028083;Sant'Elena;Padova;1;2.550;10,02;3,16;40,13;30,79;4,06;9,78;15,30;113,25
05028085;Saonara;Padova;1;10.447;10,06;;35,11;35,88;10,44;13,21;10,86;115,56
05028086;Selvazzano Dentro;Padova;Vedi aggregazione: ETRA Spa;;;;;;;;;
05028087;Solesino;Padova;1;6.825;12,76;1,85;51,12;40,89;5,18;12,45;18,92;143,18
05028088;Stanghella;Padova;1;4.093;10,76;2,98;43,11;26,42;4,36;10,50;14,15;112,29
05028089;Teolo;Padova;Vedi aggregazione: ETRA Spa;;;;;;;;;
05028090;Terrassa Padovana;Padova;1;2.700;11,70;1,19;46,84;32,41;4,74;11,41;15,42;123,71
05028091;Tombolo;Padova;Vedi aggregazione: ETRA Spa;;;;;;;;;
05028092;Torreglia;Padova;Vedi aggregazione: ETRA Spa;;;;;;;;;
05028093;Trebaseleghe;Padova;Vedi aggregazione: ETRA Spa;;;;;;;;;
05028094;Tribano;Padova;1;4.276;12,07;2,52;48,33;30,13;4,89;11,77;17,94;127,65
05028095;Urbana;Padova;1;2.070;11,02;1,01;44,14;23,82;4,47;10,75;19,38;114,60
05028096;Veggiano;Padova;Vedi aggregazione: ETRA Spa;;;;;;;;;
05028097;Vescovana;Padova;1;1.755;14,59;13,77;33,76;11,72;3,14;8,96;5,96;91,90
05028098;Vighizzolo d'Este;Padova;1;908;11,09;1,81;44,43;30,73;4,50;10,82;16,98;120,37
05028099;Vigodarzere;Padova;Vedi aggregazione: ETRA Spa;;;;;;;;;
05028100;Vigonza;Padova;Vedi aggregazione: ETRA Spa;;;;;;;;;
05028101;Villa del Conte;Padova;Vedi aggregazione: ETRA Spa;;;;;;;;;
05028102;Villa Estense;Padova;1;2.125;9,83;0,38;39,39;26,46;3,99;9,59;10,59;100,24
05028103;Villafranca Padovana;Padova;Vedi aggregazione: ETRA Spa;;;;;;;;;
05028104;Villanova di Camposampiero;Padova;Vedi aggregazione: ETRA Spa;;;;;;;;;
19082001;Alia;Palermo;Vedi aggregazione: AMA - RIFIUTO E' RISORSA S.C.A R.L.;;;;;;;;;
19082002;Alimena;Palermo;Vedi aggregazione: AMA - RIFIUTO E' RISORSA S.C.A R.L.;;;;;;;;;
19082003;Aliminusa;Palermo;Vedi aggregazione: EMA RIFIUTO E RISORSA S.C.R.L.;;;;;;;;;
19082004;Altavilla Milicia;Palermo;1;8.452;18,74;85,19;58,46;4,47;29,23;10,13;;206,21
19082005;Altofonte;Palermo;1;9.835;16,66;11,85;88,93;9,46;10,88;7,75;13,07;158,61
19082006;Bagheria;Palermo;1;53.149;20,47;43,53;45,58;12,45;6,00;9,64;4,14;141,82
19082007;Balestrate;Palermo;1;6.316;5,86;27,16;55,29;20,92;7,93;16,47;30,66;164,29
19082008;Baucina;Palermo;1;1.875;10,68;10,93;59,81;27,91;39,74;12,57;5,25;166,88
19082009;Belmonte Mezzagno;Palermo;1;11.053;16,69;44,39;57,93;4,37;7,81;8,46;;139,64
19082010;Bisacquino;Palermo;1;4.227;14,12;30,81;65,26;;9,85;7,78;;127,83
19082082;Blufi;Palermo;Vedi aggregazione: AMA - RIFIUTO E' RISORSA S.C.A R.L.;;;;;;;;;
19082012;Bompietro;Palermo;Vedi aggregazione: AMA - RIFIUTO E' RISORSA S.C.A R.L.;;;;;;;;;
19082013;Borgetto;Palermo;1;7.098;40,95;28,74;53,01;14,01;8,02;20,48;;165,21
19082014;Caccamo;Palermo;1;7.936;11,50;17,84;50,02;27,74;27,70;14,18;14,52;163,50
19082015;Caltavuturo;Palermo;Vedi aggregazione: AMA - RIFIUTO E' RISORSA S.C.A R.L.;;;;;;;;;
19082016;Campofelice di Fitalia;Palermo;1;466;14,55;33,65;79,69;21,90;21,30;12,27;2,20;185,55
19082017;Campofelice di Roccella;Palermo;1;7.551;21,97;43,36;15,99;18,64;31,26;183,55;;314,77
19082019;Camporeale;Palermo;1;3.040;3,46;17,10;100,36;14,98;11,53;9,15;12,75;169,32
19082020;Capaci;Palermo;1;11.571;23,33;50,03;84,66;10,11;7,94;8,50;38,50;223,07
19082021;Carini;Palermo;1;38.797;20,02;47,33;40,03;30,02;19,07;20,63;;177,10
19082022;Castelbuono;Palermo;1;8.359;42,86;;70,97;18,71;13,60;2,29;3,58;152,01
19082023;Casteldaccia;Palermo;1;11.543;75,21;89,68;19,21;4,25;7,05;14,54;43,58;253,54
19082024;Castellana Sicula - Dato aggregazione AMA - RIFIUTO E' RISORSA S.C.A R.L.;Palermo;15;36.832;48,61;15,49;51,84;4,85;8,28;5,48;6,01;143,23
19082025;Castronovo di Sicilia;Palermo;1;2.913;54,32;23,60;51,08;37,53;14,07;16,48;;197,08
19082026;Cefala  Diana;Palermo;1;979;14,39;49,38;67,58;27,32;27,79;127,28;73,59;387,33
19082030;Ciminna;Palermo;1;3.524;14,83;10,53;74,71;27,01;22,10;14,88;4,53;168,60
19082031;Cinisi;Palermo;1;11.894;20,80;30,76;107,59;25,28;11,17;9,16;54,03;258,79
19082032;Collesano;Palermo;1;3.821;12,68;15,66;63,42;1,53;12,01;33,53;;138,85
19082034;Corleone;Palermo;1;10.694;36,60;51,88;22,93;5,28;10,10;6,20;19,96;152,94
19082035;Ficarazzi;Palermo;1;12.763;39,50;65,50;29,70;1,69;9,90;25,84;19,90;192,03
19082036;Gangi;Palermo;Vedi aggregazione: AMA - RIFIUTO E' RISORSA S.C.A R.L.;;;;;;;;;
19082037;Geraci Siculo;Palermo;Vedi aggregazione: AMA - RIFIUTO E' RISORSA S.C.A R.L.;;;;;;;;;
19082038;Giardinello;Palermo;1;2.271;7,91;11,03;78,61;14,07;6,51;47,25;47,16;212,53
19082041;Gratteri;Palermo;1;887;23,74;14,07;118,68;;52,23;42,68;;251,39
19082042;Isnello;Palermo;1;1.368;22,66;13,78;113,32;1,00;33,86;23,18;;207,80
19082044;Lascari;Palermo;1;3.671;10,68;16,91;7,77;22,89;16,72;74,74;10,79;160,51
19082045;Lercara Friddi;Palermo;1;6.407;64,00;32,82;74,41;17,75;17,91;0,56;;207,46
19082046;Marineo;Palermo;1;6.283;13,88;22,28;71,71;23,39;17,42;17,00;4,23;169,91
19082047;Mezzojuso;Palermo;1;2.754;12,77;22,77;65,54;29,67;26,94;;;157,68
19082048;Misilmeri;Palermo;1;28.587;27,28;35,06;44,48;10,32;4,75;39,28;2,83;164,47
19082049;Monreale;Palermo;1;37.375;39,14;33,81;8,12;4,87;8,35;69,26;;163,54
19082051;Montemaggiore Belsito - Dato aggregazione EMA RIFIUTO E RISORSA S.C.R.L.;Palermo;2;4.155;17,27;11,07;86,36;24,60;22,24;15,32;;176,86
19082052;Palazzo Adriano;Palermo;1;1.881;32,96;11,49;69,11;4,71;;30,21;2,42;150,90
19082053;Palermo;Palermo;1;640.720;29,45;61,84;34,86;0,95;24,67;31,12;14,70;197,60
19082054;Partinico;Palermo;1;30.729;58,69;51,22;36,59;6,44;7,96;16,50;;177,41
19082055;Petralia Soprana;Palermo;Vedi aggregazione: AMA - RIFIUTO E' RISORSA S.C.A R.L.;;;;;;;;;
19082056;Petralia Sottana;Palermo;Vedi aggregazione: AMA - RIFIUTO E' RISORSA S.C.A R.L.;;;;;;;;;
19082057;Piana degli Albanesi;Palermo;1;5.758;36,83;22,28;13,23;72,64;;5,53;;150,95
19082058;Polizzi Generosa;Palermo;Vedi aggregazione: AMA - RIFIUTO E' RISORSA S.C.A R.L.;;;;;;;;;
19082059;Pollina;Palermo;1;2.857;18,38;14,22;104,85;30,84;31,19;14,25;17,50;240,83
19082060;Prizzi;Palermo;1;4.392;6,10;13,20;43,33;17,26;4,60;5,70;11,77;104,84
19082064;San Giuseppe Jato;Palermo;1;8.247;85,79;14,79;12,86;;3,94;7,36;;124,75
19082065;San Mauro Castelverde;Palermo;Vedi aggregazione: AMA - RIFIUTO E' RISORSA S.C.A R.L.;;;;;;;;;
19082068;Sciara;Palermo;1;2.590;13,27;10,82;66,94;25,68;27,91;23,20;;167,82
19082081;Scillato;Palermo;Vedi aggregazione: AMA - RIFIUTO E' RISORSA S.C.A R.L.;;;;;;;;;
19082069;Sclafani Bagni;Palermo;Vedi aggregazione: AMA - RIFIUTO E' RISORSA S.C.A R.L.;;;;;;;;;
19082071;Terrasini;Palermo;1;12.528;37,66;26,00;84,43;25,28;5,47;11,07;28,08;217,98
19082072;Torretta;Palermo;1;4.157;61,47;54,32;47,91;5,96;22,52;26,00;0,93;219,11
19082073;Trabia;Palermo;1;10.248;11,00;67,33;70,99;14,15;33,05;6,69;;226,21
19082074;Trappeto;Palermo;1;3.015;7,64;46,47;85,45;17,96;12,81;57,74;2,63;230,70
19082076;Valledolmo;Palermo;Vedi aggregazione: AMA - RIFIUTO E' RISORSA S.C.A R.L.;;;;;;;;;
19082077;Ventimiglia di Sicilia;Palermo;1;1.851;10,96;23,25;56,99;23,34;49,53;25,76;;189,83
19082078;Vicari;Palermo;1;2.525;62,79;66,35;2,47;;11,74;6,53;;149,88
08034001;Albareto;Parma;1;2.107;21,80;70,84;18,21;;0,86;17,56;11,37;140,63
08034003;Bedonia;Parma;1;3.214;25,61;28,04;32,67;;9,40;35,32;17,51;148,55
08034004;Berceto;Parma;1;2.015;38,94;18,43;91,27;0,79;10,71;24,00;8,28;211,07
08034006;Borgo Val di Taro;Parma;1;6.783;30,85;31,50;105,94;3,81;2,07;29,96;8,89;213,01
08034007;Busseto;Parma;1;6.852;14,22;;55,70;39,53;19,75;27,04;;156,18
08034008;Calestano;Parma;1;2.060;16,23;;53,85;43,44;2,05;31,96;;147,48
08034009;Collecchio;Parma;1;14.591;13,27;;57,98;43,70;17,12;26,81;;158,81
08034010;Colorno;Parma;1;9.037;15,18;0,07;53,56;36,44;6,23;23,69;;136,30
08034011;Compiano;Parma;1;1.079;54,08;49,63;66,37;0,29;;51,74;26,96;277,90
08034012;Corniglio;Parma;1;1.776;24,96;;59,19;43,63;8,62;62,19;;198,51
08034013;Felino;Parma;1;9.171;11,13;;55,90;34,65;8,85;18,04;;131,96
08034014;Fidenza;Parma;1;26.893;10,67;9,66;58,32;4,78;21,12;48,29;10,45;168,12
08034015;Fontanellato;Parma;1;7.009;14,68;;57,09;36,90;13,40;23,14;;145,15
08034016;Fontevivo;Parma;1;5.543;17,72;;59,34;42,23;1,50;16,29;;137,03
08034017;Fornovo di Taro;Parma;1;5.899;44,65;14,70;90,73;3,59;1,55;32,04;15,20;230,95
08034018;Langhirano;Parma;1;10.597;14,93;;56,72;49,12;13,96;25,44;;160,11
08034019;Lesignano de' Bagni;Parma;1;5.048;20,78;;53,50;45,45;0,66;6,87;;127,20
08034020;Medesano;Parma;1;10.829;14,12;;54,34;32,17;6,09;15,09;;121,74
08034022;Monchio delle Corti;Parma;1;841;29,12;;90,73;46,10;6,06;80,80;;252,72
08034023;Montechiarugolo;Parma;1;11.098;13,94;;56,41;37,03;9,12;16,27;;132,69
08034024;Neviano degli Arduini;Parma;1;3.492;18,13;;28,06;47,48;;27,88;;121,50
08034025;Noceto;Parma;1;13.076;15,23;1,95;51,98;43,05;3,92;21,38;;138,58
08034026;Palanzano;Parma;1;1.070;29,04;1,43;98,31;45,76;8,19;48,53;;231,17
08034027;Parma;Parma;1;200.218;21,46;;52,20;35,13;28,72;23,58;;161,10
08034028;Pellegrino Parmense;Parma;1;966;69,83;;86,15;1,73;;45,41;27,71;238,92
08034050;Polesione Zibello;Parma;1;3.130;14,34;;73,40;42,59;;19,50;;149,76
08034030;Roccabianca;Parma;1;2.867;14,49;;59,92;37,62;;30,45;;142,42
08034031;Sala Baganza;Parma;1;5.731;13,84;;60,80;48,61;23,10;18,49;;175,25
08034032;Salsomaggiore Terme;Parma;1;19.517;16,64;;51,44;38,44;9,97;23,86;;145,52
08034033;San Secondo Parmense;Parma;1;5.766;15,37;;56,66;47,35;12,18;27,33;;160,39
08034049;Sissa Trecasali;Parma;1;7.723;14,25;;60,70;41,69;0,24;10,02;;126,83
08034035;Solignano;Parma;1;1.724;32,59;57,02;4,49;0,81;23,07;61,98;29,42;242,28
08034036;Soragna;Parma;1;4.791;12,98;;56,31;38,85;4,13;18,77;;130,98
08034051;Sorbolo Mezzani;Parma;1;12.560;14,32;;55,77;34,45;8,92;21,86;;135,25
08034038;Terenzo;Parma;1;1.174;42,36;65,08;10,25;0,09;;31,77;11,93;185,90
08034039;Tizzano Val Parma;Parma;1;2.129;25,27;;85,52;55,29;6,57;39,18;;211,74
08034040;Tornolo;Parma;1;895;67,39;56,37;82,87;0,13;21,92;58,32;13,40;336,68
08034041;Torrile;Parma;1;7.670;15,14;;55,76;33,70;9,82;35,57;;151,11
08034042;Traversetolo;Parma;1;9.601;14,19;;57,58;41,27;4,63;25,93;;143,54
08034044;Valmozzola;Parma;1;511;86,12;68,19;22,67;;;55,94;38,42;273,25
08034045;Varano de' Melegari;Parma;1;2.627;45,98;36,97;62,05;3,19;;33,16;0,18;198,02
08034046;Varsi;Parma;1;1.164;54,74;51,23;67,43;0,07;;37,84;0,22;230,01
03018002;Albaredo Arnaboldi;Pavia;1;234;12,59;64,84;42,01;2,11;8,03;22,43;11,93;163,93
03018004;Albuzzano;Pavia;1;3.555;11,08;0,09;33,18;23,95;4,60;16,62;5,99;96,91
03018005;Arena Po;Pavia;1;1.540;23,46;52,66;35,41;;6,91;10,20;14,67;143,31
03018006;Badia Pavese;Pavia;1;384;54,64;;49,03;8,40;29,22;32,79;7,80;181,88
03018007;Bagnaria;Pavia;1;627;60,04;42,14;6,49;0,50;1,46;14,63;5,93;131,18
03018008;Barbianello;Pavia;1;865;11,37;54,96;42,97;1,99;;20,19;25,53;157,00
03018009;Bascape;Pavia;1;1.755;12,01;17,23;39,69;;4,87;20,78;16,90;111,48
03018011;Bastida Pancarana;Pavia;1;958;18,03;34,52;16,70;0,61;1,42;25,76;14,98;112,02
03018012;Battuda;Pavia;1;665;4,85;6,35;24,81;;;;;36,02
03018013;Belgioioso;Pavia;1;6.161;12,83;27,13;37,71;3,63;9,06;15,70;4,47;111,81
03018014;Bereguardo;Pavia;1;3.093;5,70;0,33;39,70;33,58;1,08;21,92;;102,30
03018015;Borgarello;Pavia;1;2.598;10,60;0,35;39,42;17,91;13,60;14,28;9,82;105,98
03018016;Borgo Priolo;Pavia;1;1.296;58,76;43,70;8,55;0,31;0,42;16,28;6,91;134,92
03018018;Borgo San Siro;Pavia;1;914;12,89;42,50;14,15;14,65;17,70;48,07;8,49;158,44
03018017;Borgoratto Mormorolo;Pavia;1;402;46,33;39,77;5,50;0,63;0,08;14,80;4,91;112,01
03018020;Bosnasco;Pavia;1;609;12,95;56,86;53,93;2,05;11,56;8,45;7,02;152,83
03018023;Bressana Bottarone;Pavia;1;3.437;14,68;26,72;63,90;4,74;1,04;8,46;7,42;126,95
03018024;Broni;Pavia;1;9.353;13,80;56,90;45,74;4,20;14,43;4,50;17,47;157,04
03018025;Calvignano;Pavia;1;108;21,60;63,07;86,61;2,23;;0,35;6,01;179,88
03018026;Campospinoso Albaredo;Pavia;1;1.067;9,03;59,05;30,44;1,91;6,46;13,90;10,54;131,33
03018030;Carbonara al Ticino;Pavia;1;1.416;30,68;34,80;12,42;0,58;6,84;8,32;;93,65
03018031;Casanova Lonati;Pavia;1;457;13,04;56,83;43,97;2,17;17,92;11,59;5,77;151,28
03018035;Cassolnovo;Pavia;1;6.790;15,59;44,02;15,76;11,78;;11,11;6,31;113,70
03018041;Cava Manara;Pavia;1;6.619;7,72;;43,79;25,99;8,57;19,03;3,93;109,03
03018042;Cecima;Pavia;1;229;74,34;51,36;9,75;0,53;0,15;77,05;9,45;222,63
03018043;Ceranova;Pavia;1;2.234;5,01;0,27;15,17;24,09;3,28;12,60;;60,42
03018046;Certosa di Pavia;Pavia;1;5.418;10,17;0,18;32,44;25,19;0,22;17,04;6,34;91,57
03018047;Cervesina;Pavia;1;1.136;23,30;47,00;12,17;0,64;;;;83,11
03018048;Chignolo Po;Pavia;1;3.906;24,70;29,90;13,43;16,26;2,08;3,84;;90,21
03018049;Cigognola;Pavia;1;1.297;16,81;57,23;57,17;2,05;14,94;9,50;23,74;181,44
03018193;Colli Verdi;Pavia;1;1.043;9,58;44,22;36,39;1,57;13,27;23,02;6,61;159,76
03018053;Copiano;Pavia;1;1.693;8,04;22,38;48,01;4,42;4,42;6,18;8,10;101,54
03018191;Cornale e Bastida;Pavia;1;826;35,96;45,01;19,81;0,50;1,23;23,87;7,73;134,24
03018192;Corteolona e Genzone;Pavia;1;2.472;6,16;;28,39;;4,00;1,89;12,12;52,56
03018057;Corvino San Quirico;Pavia;1;982;10,77;36,85;60,85;2,09;;37,24;6,01;153,80
03018058;Costa de' Nobili;Pavia;1;376;23,23;7,78;35,57;11,91;1,36;15,70;12,47;134,62
03018060;Cura Carpignano;Pavia;1;4.917;9,06;0,13;42,25;22,69;1,12;24,60;11,92;111,79
03018064;Fortunago;Pavia;1;353;71,91;48,08;7,76;0,69;;49,51;5,13;183,08
03018071;Gerenzago;Pavia;1;1.384;7,75;30,32;23,95;4,38;24,38;26,48;6,58;123,84
03018072;Giussago;Pavia;1;5.235;29,99;28,65;27,06;;0,38;17,32;;126,25
03018074;Golferenzo;Pavia;1;179;42,76;57,74;44,62;;;4,45;;149,56
03018075;Gravellona Lomellina;Pavia;1;2.715;8,62;41,97;16,57;10,08;;34,33;1,09;118,21
03018077;Inverno e Monteleone;Pavia;1;1.460;6,05;34,62;26,08;0,27;10,76;15,94;5,90;99,62
03018078;Landriano;Pavia;1;6.361;44,11;16,92;3,80;5,02;16,97;;1,64;88,47
03018080;Lardirago;Pavia;1;1.131;23,32;0,12;17,92;29,72;19,25;44,88;6,02;141,23
03018081;Linarolo;Pavia;1;2.804;17,04;32,22;10,59;16,10;4,44;10,96;;91,35
03018084;Lungavilla;Pavia;1;2.448;20,13;37,87;15,36;0,29;1,10;34,32;5,92;115,00
03018085;Magherno;Pavia;1;1.752;5,78;;26,81;24,94;18,30;3,72;13,54;95,68
03018089;Menconico;Pavia;1;345;87,83;49,68;8,08;0,46;;75,77;8,54;230,35
03018091;Mezzana Rabattone;Pavia;1;461;27,90;0,15;25,56;27,05;;32,27;7,48;120,42
03018092;Mezzanino;Pavia;1;1.341;15,60;57,68;55,80;2,11;2,71;9,76;9,10;152,77
03018093;Miradolo Terme;Pavia;1;3.580;12,52;10,18;30,09;;2,90;33,14;0,89;89,72
03018094;Montalto Pavese;Pavia;1;863;17,44;58,21;72,05;2,03;0,40;3,11;6,42;173,21
03018095;Montebello della Battaglia;Pavia;1;1.511;68,14;90,13;24,63;1,15;0,67;46,92;16,23;285,44
03018096;Montecalvo Versiggia;Pavia;1;519;8,61;38,28;30,49;1,98;;19,95;5,92;105,23
03018098;Montesegale;Pavia;1;253;35,05;48,24;12,48;0,70;0,13;17,85;6,03;120,49
03018099;Monticelli Pavese;Pavia;1;644;39,95;40,11;39,98;8,32;13,34;44,52;7,26;193,47
03018101;Mornico Losana;Pavia;1;602;16,19;58,23;68,75;2,10;;24,29;5,87;175,43
03018105;Oliva Gessi;Pavia;1;164;10,99;86,53;47,60;2,12;;16,66;5,70;176,88
03018108;Pancarana;Pavia;1;303;26,65;63,22;16,26;0,43;1,36;;;107,91
03018110;Pavia;Pavia;1;70.971;20,11;2,53;47,74;36,02;32,27;30,06;31,02;199,75
03018114;Pieve Porto Morone;Pavia;1;2.576;22,23;27,58;30,14;8,57;2,63;19,97;8,86;119,99
03018115;Pinarolo Po;Pavia;1;1.668;14,63;57,26;54,67;2,01;3,06;12,98;5,84;150,44
03018117;Ponte Nizza;Pavia;1;761;59,80;47,31;12,47;0,68;0,76;45,12;13,92;180,05
03018119;Rea;Pavia;1;399;14,80;59,75;56,63;2,09;;48,93;6,69;188,89
03018120;Redavalle;Pavia;1;1.027;14,90;58,45;54,28;2,05;0,55;15,28;6,61;152,13
03018121;Retorbido;Pavia;1;1.548;34,75;47,45;15,72;0,44;8,64;23,89;10,02;140,91
03018122;Rivanazzano Terme;Pavia;1;5.191;25,76;45,90;11,17;0,32;9,52;26,55;8,70;131,06
03018124;Robecco Pavese;Pavia;1;529;13,74;57,68;58,28;2,11;;37,43;28,29;197,52
03018126;Rocca Susella;Pavia;1;208;79,37;51,94;22,28;0,68;0,16;19,79;10,38;184,61
03018127;Rognano;Pavia;1;629;12,94;13,32;21,37;8,89;0,03;12,28;7,48;79,03
03018128;Romagnese;Pavia;1;621;64,14;60,58;10,62;0,86;;91,01;15,61;242,81
03018131;Rovescala;Pavia;1;858;16,76;59,05;62,33;2,07;10,96;7,25;12,32;170,74
03018133;San Cipriano Po;Pavia;1;472;10,67;58,93;40,04;2,03;59,78;15,01;5,85;192,33
03018135;San Genesio ed Uniti;Pavia;1;4.006;28,82;1,40;25,86;4,75;9,78;5,84;4,70;81,16
03018137;San Martino Siccomario;Pavia;1;6.411;6,19;0,23;24,17;48,72;1,09;35,55;16,37;132,78
03018145;San Zenone al Po;Pavia;1;540;38,02;26,76;48,69;10,82;4,72;22,11;14,66;208,26
03018139;Santa Cristina e Bissone;Pavia;1;1.871;6,36;33,73;32,89;;12,73;5,90;6,02;101,26
03018140;Santa Giuletta;Pavia;1;1.541;13,97;59,12;56,39;2,10;3,90;4,10;9,79;149,38
03018142;Santa Margherita di Staffora;Pavia;1;466;108,03;46,00;10,18;0,55;;118,81;10,84;294,41
03018143;Santa Maria della Versa;Pavia;1;2.286;17,27;57,86;63,70;2,10;;25,93;7,68;174,53
03018150;Siziano;Pavia;1;6.313;11,09;20,74;30,24;9,65;14,10;22,36;8,50;116,67
03018151;Sommo;Pavia;1;1.152;10,83;0,10;40,93;20,48;14,20;14,86;9,45;110,86
03018152;Spessa;Pavia;1;530;12,08;61,32;45,35;2,27;;0,68;6,21;127,91
03018153;Stradella;Pavia;1;11.539;20,26;16,44;68,46;4,40;35,45;13,01;6,56;164,59
03018155;Torrazza Coste;Pavia;1;1.569;38,20;43,54;25,43;0,43;2,71;36,21;8,13;176,96
03018157;Torre d'Arese;Pavia;1;921;6,28;21,34;28,76;;4,09;9,98;8,59;82,99
03018158;Torre de' Negri;Pavia;1;315;50,34;;28,87;;9,55;17,73;5,78;117,74
03018161;Torricella Verzate;Pavia;1;824;11,84;56,49;49,53;2,02;;26,83;5,84;152,55
03018163;Trivolzio;Pavia;1;2.318;14,96;0,34;40,26;27,30;9,70;14,47;7,76;114,79
03018164;Tromello;Pavia;1;3.647;9,49;38,28;18,09;13,64;26,31;18,13;24,06;147,98
03018166;Val di Nizza;Pavia;1;585;47,34;55,62;9,16;0,47;0,70;97,12;11,10;221,52
03018171;Varzi;Pavia;1;3.059;53,55;57,37;16,28;0,39;10,53;46,52;11,87;196,50
03018173;Vellezzo Bellini;Pavia;1;3.339;11,22;0,38;41,25;24,57;1,67;18,17;6,78;104,05
03018175;Verrua Po;Pavia;1;1.225;8,85;34,18;37,65;2,04;;7,99;6,11;96,81
03018177;Vigevano;Pavia;1;62.108;23,14;27,73;45,59;13,85;12,84;8,85;15,47;147,46
03018179;Villanova d'Ardenghi;Pavia;1;767;5,99;28,07;12,03;15,36;14,45;23,63;2,31;101,83
03018180;Villanterio;Pavia;1;3.291;5,89;36,32;26,50;9,05;3,77;8,11;5,30;187,27
03018181;Vistarino;Pavia;1;1.526;6,19;34,27;28,05;;7,48;4,81;5,85;91,60
03018182;Voghera;Pavia;1;38.592;31,58;42,00;33,32;7,77;17,39;20,38;25,31;178,60
03018184;Zavattarello;Pavia;1;958;20,35;79,85;15,34;7,83;24,70;27,11;;175,19
03018185;Zeccone;Pavia;1;1.676;16,14;18,53;10,98;11,26;4,02;20,65;15,31;96,89
03018188;Zerbo;Pavia;1;393;22,14;25,68;50,74;7,53;;21,93;10,99;139,01
03018189;Zerbolo;Pavia;1;1.681;8,98;;45,54;26,96;4,14;20,49;10,55;116,65
03018190;Zinasco;Pavia;1;3.120;9,65;11,52;34,45;1,82;5,45;8,66;;71,55
10054001;Assisi;Perugia;1;28.059;8,47;30,78;96,59;19,56;28,66;73,42;14,42;260,79
10054002;Bastia Umbra;Perugia;1;21.278;0,13;28,46;6,97;17,73;16,32;111,15;28,64;212,50
10054003;Bettona;Perugia;1;4.251;;19,65;21,94;21,23;13,25;138,92;12,11;227,09
10054004;Bevagna;Perugia;Vedi aggregazione: VALLE UMBRA SERVIZI S.P.A.;;;;;;;;;
10054005;Campello sul Clitunno;Perugia;Vedi aggregazione: VALLE UMBRA SERVIZI S.P.A.;;;;;;;;;
10054006;Cannara;Perugia;1;4.217;17,52;34,42;61,19;20,05;14,04;52,97;44,28;244,47
10054007;Cascia;Perugia;Vedi aggregazione: VALLE UMBRA SERVIZI S.P.A.;;;;;;;;;
10054008;Castel Ritaldi;Perugia;Vedi aggregazione: VALLE UMBRA SERVIZI S.P.A.;;;;;;;;;
10054009;Castiglione del Lago;Perugia;1;14.712;8,85;46,52;82,40;18,52;15,38;34,47;18,17;233,99
10054010;Cerreto di Spoleto;Perugia;Vedi aggregazione: VALLE UMBRA SERVIZI S.P.A.;;;;;;;;;
10054011;Citerna;Perugia;1;3.377;22,42;20,75;51,84;18,05;5,47;25,87;5,44;149,84
10054012;Citta  della Pieve;Perugia;1;7.621;8,49;40,47;79,00;17,12;26,10;41,94;32,09;253,04
10054013;Citta  di Castello;Perugia;1;38.409;24,48;24,43;57,28;18,05;25,71;33,18;16,99;205,76
10054014;Collazzone;Perugia;1;3.397;14,12;25,80;62,26;14,07;15,70;44,67;17,49;194,10
10054015;Corciano;Perugia;1;21.210;9,01;40,29;66,26;18,33;14,96;35,70;39,57;228,69
10054016;Costacciaro;Perugia;1;1.134;47,95;38,95;58,36;8,39;6,41;73,44;1,17;234,67
10054017;Deruta;Perugia;1;9.330;15,78;31,20;44,28;17,34;25,01;60,18;30,42;224,21
10054018;Foligno;Perugia;Vedi aggregazione: VALLE UMBRA SERVIZI S.P.A.;;;;;;;;;
10054019;Fossato di Vico;Perugia;1;2.630;23,06;27,89;61,26;42,63;12,20;5,30;;172,33
10054020;Fratta Todina;Perugia;1;1.789;17,03;21,57;70,88;11,04;6,11;44,81;13,39;184,84
10054021;Giano dell'Umbria;Perugia;Vedi aggregazione: VALLE UMBRA SERVIZI S.P.A.;;;;;;;;;
10054022;Gualdo Cattaneo;Perugia;Vedi aggregazione: VALLE UMBRA SERVIZI S.P.A.;;;;;;;;;
10054023;Gualdo Tadino;Perugia;1;14.424;23,20;24,79;62,38;19,56;6,10;26,65;12,13;174,81
10054024;Gubbio;Perugia;1;31.338;26,50;27,24;22,77;15,34;4,77;13,16;18,49;128,27
10054025;Lisciano Niccone;Perugia;1;586;0,01;11,29;13,37;6,03;40,70;169,51;19,31;260,23
10054026;Magione;Perugia;1;14.679;8,49;41,09;79,06;17,30;16,48;36,04;29,08;227,55
10054027;Marsciano;Perugia;1;18.031;12,64;28,74;54,90;14,77;16,04;62,42;33,03;227,81
10054028;Massa Martana;Perugia;1;3.645;16,76;21,37;60,67;11,38;17,85;44,57;16,13;188,73
10054029;Monte Castello di Vibio;Perugia;1;1.491;13,83;20,87;64,30;10,15;28,07;66,56;14,68;218,48
10054032;Monte Santa Maria Tiberina;Perugia;1;1.115;23,29;30,86;47,58;13,27;2,65;44,68;9,82;172,15
10054030;Montefalco;Perugia;Vedi aggregazione: VALLE UMBRA SERVIZI S.P.A.;;;;;;;;;
10054031;Monteleone di Spoleto;Perugia;Vedi aggregazione: VALLE UMBRA SERVIZI S.P.A.;;;;;;;;;
10054033;Montone;Perugia;1;1.617;35,38;23,39;59,76;13,53;30,52;66,36;19,13;248,09
10054034;Nocera Umbra;Perugia;Vedi aggregazione: VALLE UMBRA SERVIZI S.P.A.;;;;;;;;;
10054035;Norcia;Perugia;Vedi aggregazione: VALLE UMBRA SERVIZI S.P.A.;;;;;;;;;
10054036;Paciano;Perugia;1;950;8,61;27,33;94,59;11,43;27,43;39,38;29,71;238,48
10054037;Panicale;Perugia;1;5.460;8,74;34,89;81,39;15,40;13,22;56,92;41,06;251,62
10054038;Passignano sul Trasimeno;Perugia;1;5.523;8,72;47,80;81,22;21,99;20,68;33,31;29,21;247,00
10054039;Perugia;Perugia;1;164.057;1,66;33,64;14,72;20,82;23,25;133,09;64,58;288,16
10054040;Piegaro;Perugia;1;3.439;8,95;38,81;83,29;16,24;23,71;45,13;45,31;261,44
10054041;Pietralunga;Perugia;1;1.982;34,88;25,63;50,08;13,26;30,69;54,61;7,89;217,06
10054042;Poggiodomo;Perugia;Vedi aggregazione: VALLE UMBRA SERVIZI S.P.A.;;;;;;;;;
10054043;Preci;Perugia;Vedi aggregazione: VALLE UMBRA SERVIZI S.P.A.;;;;;;;;;
10054044;San Giustino;Perugia;1;10.868;20,81;32,95;24,50;20,97;12,60;24,91;5,78;142,52
10054045;Sant'Anatolia di Narco;Perugia;Vedi aggregazione: VALLE UMBRA SERVIZI S.P.A.;;;;;;;;;
10054046;Scheggia e Pascelupo;Perugia;1;1.340;48,76;73,60;16,43;9,14;7,54;67,63;14,60;240,39
10054047;Scheggino;Perugia;Vedi aggregazione: VALLE UMBRA SERVIZI S.P.A.;;;;;;;;;
10054048;Sellano;Perugia;Vedi aggregazione: VALLE UMBRA SERVIZI S.P.A.;;;;;;;;;
10054049;Sigillo;Perugia;1;2.328;42,99;25,57;40,62;17,19;8,90;15,23;4,28;154,78
10054050;Spello;Perugia;Vedi aggregazione: VALLE UMBRA SERVIZI S.P.A.;;;;;;;;;
10054051;Spoleto - Dato aggregazione VALLE UMBRA SERVIZI S.P.A.;Perugia;22;153.707;16,06;25,81;48,60;13,12;18,95;26,28;27,80;179,32
10054052;Todi;Perugia;1;15.429;3,29;32,94;34,14;22,97;18,27;120,15;15,51;254,30
10054053;Torgiano;Perugia;1;6.510;0,09;26,89;18,35;20,28;10,62;91,30;13,22;187,25
10054054;Trevi;Perugia;Vedi aggregazione: VALLE UMBRA SERVIZI S.P.A.;;;;;;;;;
10054055;Tuoro sul Trasimeno;Perugia;1;3.762;9,40;43,74;79,35;16,96;10,72;49,02;15,74;224,93
10054056;Umbertide;Perugia;1;16.355;10,77;11,82;51,36;22,08;21,79;20,00;26,22;165,46
10054057;Valfabbrica;Perugia;1;3.261;7,41;26,72;67,52;10,68;16,60;51,62;10,59;191,14
10054058;Vallo di Nera;Perugia;Vedi aggregazione: VALLE UMBRA SERVIZI S.P.A.;;;;;;;;;
10054059;Valtopina;Perugia;Vedi aggregazione: VALLE UMBRA SERVIZI S.P.A.;;;;;;;;;
11041001;Acqualagna;Pesaro e Urbino;1;4.294;31,44;26,81;43,26;16,11;7,69;25,69;23,37;174,37
11041002;Apecchio;Pesaro e Urbino;1;1.756;30,21;12,96;83,63;27,77;9,88;30,23;21,66;216,33
11041005;Belforte all'Isauro;Pesaro e Urbino;1;739;32,80;5,34;61,10;23,33;;73,43;14,45;210,44
11041006;Borgo Pace;Pesaro e Urbino;1;538;42,91;8,78;63,02;27,99;23,30;43,55;35,88;245,43
11041007;Cagli;Pesaro e Urbino;1;8.192;29,31;10,33;75,36;23,77;13,41;40,46;20,04;212,69
11041008;Cantiano;Pesaro e Urbino;1;2.046;32,17;10,61;79,90;25,88;14,96;26,56;20,31;210,38
11041009;Carpegna;Pesaro e Urbino;1;1.612;56,38;30,80;69,94;9,36;11,88;44,13;20,97;243,46
11041013;Fano;Pesaro e Urbino;1;60.105;24,02;11,08;52,34;21,90;17,10;51,88;34,22;212,54
11041014;Fermignano;Pesaro e Urbino;1;8.332;14,63;8,23;51,00;30,37;22,04;25,30;23,06;174,64
11041017;Frontino;Pesaro e Urbino;1;288;34,86;7,78;61,21;32,09;30,73;53,90;27,02;247,60
11041018;Frontone;Pesaro e Urbino;1;1.235;36,86;12,43;81,46;30,85;14,00;24,47;23,40;223,46
11041019;Gabicce Mare;Pesaro e Urbino;1;5.651;28,03;66,91;92,71;34,76;42,44;35,93;85,80;386,57
11041020;Gradara;Pesaro e Urbino;1;4.922;21,47;24,96;40,15;14,79;18,87;23,51;20,14;163,89
11041022;Lunano;Pesaro e Urbino;1;1.447;25,85;10,40;52,61;28,18;5,75;41,46;17,72;181,97
11041023;Macerata Feltria;Pesaro e Urbino;1;1.946;27,35;24,86;50,43;16,32;7,12;39,21;29,91;195,20
11041025;Mercatello sul Metauro;Pesaro e Urbino;1;1.314;31,00;7,25;58,32;28,50;7,96;36,55;26,83;196,40
11041026;Mercatino Conca;Pesaro e Urbino;1;996;24,72;12,67;73,51;25,28;14,83;64,96;21,16;237,14
11041027;Mombaroccio;Pesaro e Urbino;1;2.056;39,37;26,13;50,77;18,40;6,08;34,07;27,38;202,20
11041028;Mondavio;Pesaro e Urbino;1;3.709;21,26;5,70;60,82;14,72;13,98;31,83;;148,32
11041031;Monte Cerignone;Pesaro e Urbino;1;638;28,43;8,43;68,26;23,97;10,39;50,75;19,73;209,97
11041035;Monte Grimano Terme;Pesaro e Urbino;1;1.073;26,14;9,66;77,02;22,68;16,31;57,57;18,70;228,07
11041030;Montecalvo in Foglia;Pesaro e Urbino;1;2.738;21,72;7,20;62,09;23,50;4,29;38,62;34,99;192,40
11041033;Montecopiolo;Pesaro e Urbino;1;1.066;37,34;31,07;56,43;19,19;6,18;41,05;36,95;228,21
11041036;Montelabbate;Pesaro e Urbino;1;6.987;19,78;13,25;42,10;30,08;2,55;26,08;22,86;156,69
11041041;Peglio;Pesaro e Urbino;1;659;22,10;5,44;62,56;23,03;21,08;59,77;15,59;209,57
11041044;Pesaro;Pesaro e Urbino;1;96.238;22,24;23,45;54,33;25,00;23,39;23,80;23,67;195,89
11041045;Petriano;Pesaro e Urbino;1;2.766;23,99;16,73;41,83;17,95;6,21;30,97;32,56;170,24
11041047;Piandimeleto;Pesaro e Urbino;1;2.081;38,25;7,93;64,45;23,52;4,26;57,61;15,56;211,57
11041048;Pietrarubbia;Pesaro e Urbino;1;602;32,28;26,43;65,84;19,79;21,74;69,63;33,67;269,38
11041049;Piobbico;Pesaro e Urbino;1;1.833;28,83;6,59;79,49;25,59;13,27;28,01;15,78;197,56
11041054;San Lorenzo in Campo;Pesaro e Urbino;1;3.211;13,43;18,01;70,53;13,95;12,07;20,77;17,60;166,36
11041057;Sant'Angelo in Vado;Pesaro e Urbino;1;3.949;22,19;10,26;60,80;24,90;7,01;35,90;26,47;187,52
11041071;Sassocorvaro Auditore;Pesaro e Urbino;1;4.888;17,62;16,35;43,81;15,14;18,19;18,51;16,73;146,34
11041060;Sassofeltrio;Pesaro e Urbino;1;1.349;51,36;26,19;41,03;11,79;11,42;30,65;25,13;197,56
11041061;Serra Sant'Abbondio;Pesaro e Urbino;1;944;50,10;10,61;83,04;26,66;14,27;39,03;20,41;244,13
11041064;Tavoleto;Pesaro e Urbino;1;851;35,94;20,22;47,96;25,22;;59,47;21,71;210,52
11041065;Tavullia;Pesaro e Urbino;1;7.953;21,71;7,61;40,63;29,12;6,04;24,88;15,09;145,08
11041066;Urbania;Pesaro e Urbino;1;6.935;17,41;9,71;55,12;25,12;14,69;26,10;30,51;178,64
11041067;Urbino;Pesaro e Urbino;1;13.803;32,30;23,00;73,45;21,08;38,87;27,99;36,93;253,64
11041068;Vallefoglia;Pesaro e Urbino;1;14.876;16,23;8,64;43,83;25,08;9,83;24,72;16,29;144,62
13068001;Abbateggio;Pescara;1;363;39,17;;91,23;;;;;130,40
13068002;Alanno;Pescara;1;3.447;79,50;;17,55;16,97;1,06;13,82;;128,90
13068004;Brittoli;Pescara;1;263;24,33;10,66;77,73;14,23;8,62;33,71;61,29;230,57
13068007;Caramanico Terme;Pescara;1;1.901;47,69;;115,09;;;;;162,78
13068008;Carpineto della Nora;Pescara;1;573;34,64;15,55;35,02;1,50;8,73;13,51;;108,96
13068009;Castiglione a Casauria;Pescara;Vedi aggregazione: COGESA S.P.A.;;;;;;;;;
13068010;Catignano;Pescara;1;1.250;7,12;10,56;21,33;15,68;2,04;;;56,73
13068011;Cepagatti;Pescara;1;10.777;5,78;12,37;33,62;21,62;14,66;27,15;29,15;146,04
13068013;Civitaquana;Pescara;1;1.195;11,25;7,09;40,09;7,06;3,52;53,02;6,33;128,34
13068017;Cugnoli;Pescara;1;1.359;5,95;4,12;15,43;10,57;23,95;44,86;10,11;114,99
13068019;Farindola;Pescara;1;1.383;16,07;22,33;64,20;14,95;5,71;17,14;0,69;141,09
13068021;Loreto Aprutino;Pescara;1;7.223;10,34;6,46;62,16;20,80;10,62;23,22;18,91;156,60
13068023;Montebello di Bertona;Pescara;1;907;13,36;18,40;54,79;12,96;11,03;34,08;7,29;151,90
13068024;Montesilvano;Pescara;1;53.113;7,91;45,76;24,71;12,77;8,99;47,43;34,85;191,17
13068025;Moscufo;Pescara;1;3.103;11,44;12,66;47,39;12,93;3,38;8,13;13,31;113,42
13068026;Nocciano;Pescara;1;1.775;7,97;;39,85;0,08;13,08;42,25;5,82;109,06
13068027;Penne;Pescara;1;11.716;11,73;13,89;53,88;4,62;8,17;23,11;3,02;118,41
13068028;Pescara;Pescara;1;119.455;34,83;38,93;41,49;21,33;27,82;19,98;7,31;191,68
13068030;Pianella;Pescara;1;8.564;4,89;8,69;26,14;16,46;12,37;25,80;12,11;106,45
13068032;Pietranico;Pescara;1;441;65,50;;15,86;;27,19;8,80;;117,36
13068033;Popoli;Pescara;1;4.805;1,57;24,49;35,83;16,79;1,57;217,69;;297,95
13068034;Roccamorice;Pescara;1;900;13,32;9,03;39,96;15,38;;31,16;;108,85
13068038;San Valentino in Abruzzo Citeriore;Pescara;1;1.879;3,53;8,40;17,65;19,15;10,57;41,41;6,15;108,03
13068039;Scafa;Pescara;1;3.559;22,56;14,29;54,01;21,72;23,25;0,70;;136,54
13068041;Spoltore;Pescara;1;18.689;11,76;16,72;43,18;13,83;13,35;9,31;14,91;123,05
13068042;Tocco da Casauria;Pescara;1;2.463;7,99;23,55;49,92;7,05;20,27;39,36;10,06;158,21
13068044;Turrivalignani;Pescara;1;791;21,58;15,51;64,87;36,93;1,78;28,11;55,01;223,79
13068046;Villa Celiera;Pescara;1;571;25,63;25,33;96,28;18,23;;18,33;11,69;195,49
08033001;Agazzano;Piacenza;1;1.978;18,41;;62,13;51,61;1,76;5,52;;139,39
08033002;Alseno;Piacenza;1;4.640;19,14;;47,96;47,69;4,74;18,88;;146,26
08033049;Alta Val Tidone;Piacenza;1;2.952;27,14;;54,19;53,40;12,31;33,84;;180,83
08033003;Besenzone;Piacenza;1;943;17,68;;39,17;35,34;0,94;19,17;;112,28
08033004;Bettola;Piacenza;1;2.630;28,36;1,16;38,99;44,26;3,91;25,34;;142,00
08033005;Bobbio;Piacenza;1;3.538;24,27;;60,85;49,33;14,98;24,77;;174,17
08033006;Borgonovo Val Tidone;Piacenza;1;8.003;18,09;;41,42;37,71;12,77;9,80;;119,75
08033007;Cadeo;Piacenza;1;5.892;21,06;;55,19;50,37;2,03;21,14;;149,76
08033008;Calendasco;Piacenza;1;2.412;18,04;;45,77;42,01;;17,35;;124,66
08033010;Caorso;Piacenza;1;4.733;18,08;;51,71;44,20;0,89;16,17;;131,02
08033011;Carpaneto Piacentino;Piacenza;1;7.545;17,90;;49,42;42,68;9,04;15,93;;134,92
08033013;Castel San Giovanni;Piacenza;1;13.709;19,77;;53,00;60,97;19,39;12,50;;165,59
08033012;Castell'Arquato;Piacenza;1;4.583;21,31;;54,96;48,87;2,42;16,06;;143,58
08033014;Castelvetro Piacentino;Piacenza;1;5.251;25,82;;53,92;49,31;1,18;3,44;;133,64
08033015;Cerignale;Piacenza;1;119;111,20;;58,33;86,60;;205,79;;461,88
08033016;Coli;Piacenza;1;857;103,80;;11,26;86,29;;15,92;;220,66
08033017;Corte Brugnatella;Piacenza;1;554;137,64;;20,79;53,28;5,52;32,84;;250,05
08033018;Cortemaggiore;Piacenza;1;4.599;21,34;;48,97;38,64;3,31;15,26;;127,50
08033019;Farini;Piacenza;1;1.089;58,25;;18,86;59,55;;97,75;;234,35
08033020;Ferriere;Piacenza;1;1.150;49,67;;29,13;67,81;6,21;206,80;;359,59
08033021;Fiorenzuola d'Arda;Piacenza;1;14.779;19,21;;50,70;49,72;22,32;18,30;;162,40
08033022;Gazzola;Piacenza;1;2.127;17,77;;66,20;64,34;1,15;29,02;;178,44
08033023;Gossolengo;Piacenza;1;5.685;19,01;;44,71;38,43;2,81;16,84;;121,77
08033024;Gragnano Trebbiense;Piacenza;1;4.501;18,80;;45,04;43,19;1,64;24,90;;133,54
08033025;Gropparello;Piacenza;1;2.170;22,42;;34,90;36,54;5,05;26,98;;125,87
08033026;Lugagnano Val d'Arda;Piacenza;1;3.871;20,13;;41,05;42,66;10,25;25,76;;139,83
08033027;Monticelli d'Ongina;Piacenza;1;5.118;18,54;;41,16;43,33;3,59;19,43;;127,18
08033028;Morfasso;Piacenza;1;927;44,18;;28,53;52,53;;72,42;;197,61
08033030;Ottone;Piacenza;1;472;52,97;;53,93;66,71;34,96;42,53;;251,07
08033032;Piacenza;Piacenza;1;103.294;22,13;;50,31;56,87;33,22;12,49;;174,98
08033033;Pianello Val Tidone;Piacenza;1;2.169;21,30;;55,63;56,42;3,83;33,02;;170,15
08033034;Piozzano;Piacenza;1;592;27,44;;21,77;49,05;23,26;15,78;;137,26
08033035;Podenzano;Piacenza;1;9.041;19,38;;51,28;45,67;3,16;4,77;;124,22
08033036;Ponte dell'Olio;Piacenza;1;4.617;20,97;;49,86;49,01;3,58;15,49;;138,87
08033037;Pontenure;Piacenza;1;6.505;18,35;;60,80;43,54;2,51;16,00;;141,16
08033038;Rivergaro;Piacenza;1;6.991;22,40;;56,72;66,03;11,07;11,60;;168,22
08033039;Rottofreno;Piacenza;1;12.172;18,69;;45,79;39,38;2,04;12,79;;118,67
08033040;San Giorgio Piacentino;Piacenza;1;5.612;19,48;;51,80;46,43;0,62;9,28;;127,59
08033041;San Pietro in Cerro;Piacenza;1;807;19,65;;36,98;23,36;;24,65;;104,63
08033042;Sarmato;Piacenza;1;2.906;17,71;;49,29;39,38;3,03;4,21;;113,58
08033043;Travo;Piacenza;1;2.128;23,09;;49,05;57,70;;15,48;;145,29
08033044;Vernasca;Piacenza;1;2.015;32,09;;15,08;40,09;;45,62;;132,84
08033045;Vigolzone;Piacenza;1;4.209;20,99;;56,40;51,49;3,12;15,49;;148,05
08033046;Villanova sull'Arda;Piacenza;1;1.675;16,68;;41,52;38,54;7,27;16,03;;120,01
08033047;Zerba;Piacenza;1;69;159,42;96,71;261,41;70,83;;191,68;;780,03
08033048;Ziano Piacentino;Piacenza;1;2.446;18,97;;47,56;42,88;0,75;23,48;;133,61
09050001;Bientina;Pisa;1;8.511;10,79;37,46;69,18;32,51;14,67;16,60;4,46;185,68
09050003;Calci;Pisa;1;6.359;9,13;31,55;66,12;34,21;;22,26;14,45;177,73
09050004;Calcinaia;Pisa;1;12.623;10,94;16,50;59,90;32,10;8,91;13,76;13,45;161,47
09050005;Capannoli;Pisa;1;6.378;8,06;8,48;41,55;21,38;17,08;10,59;6,61;113,75
09050006;Casale Marittimo;Pisa;1;1.068;65,48;56,85;14,20;24,49;15,19;52,41;11,24;285,54
09050040;Casciana Terme Lari;Pisa;1;12.330;15,36;31,09;89,18;36,44;20,30;14,81;20,33;233,32
09050008;Cascina;Pisa;1;44.565;9,13;25,77;57,58;27,08;4,11;18,10;12,26;155,78
09050009;Castelfranco di Sotto;Pisa;1;13.213;12,59;29,45;69,23;27,03;15,07;17,59;7,57;180,25
09050010;Castellina Marittima;Pisa;1;1.870;59,57;74,49;17,53;30,76;0,92;27,56;2,55;213,38
09050011;Castelnuovo di Val di Cecina;Pisa;1;2.125;23,39;45,17;41,48;;30,68;14,17;9,02;163,90
09050012;Chianni;Pisa;1;1.337;29,19;72,27;13,38;10,44;23,14;8,32;19,37;208,96
09050041;Crespina Lorenzana;Pisa;1;5.395;43,46;72,41;36,55;26,45;18,18;13,08;30,57;251,06
09050014;Fauglia;Pisa;1;3.655;11,81;32,01;88,82;25,35;14,52;26,02;9,36;217,42
09050015;Guardistallo;Pisa;1;1.175;63,82;58,80;16,95;20,52;19,25;61,74;42,61;283,68
09050016;Lajatico;Pisa;1;1.274;41,73;69,10;21,62;9,29;24,39;8,09;0,12;190,40
09050019;Montecatini Val di Cecina;Pisa;1;1.696;80,80;70,27;37,54;;31,90;36,71;30,04;287,27
09050020;Montescudaio;Pisa;1;2.108;22,30;71,66;47,99;26,92;26,54;30,00;9,92;235,33
09050022;Montopoli in Val d'Arno;Pisa;1;11.022;13,33;27,99;54,76;24,64;5,38;7,60;4,20;140,24
09050023;Orciano Pisano;Pisa;1;629;23,98;13,96;22,15;25,48;;23,45;1,87;198,44
09050024;Palaia;Pisa;1;4.549;9,12;19,87;63,60;30,30;19,51;11,96;15,03;172,58
09050026;Pisa;Pisa;1;89.155;21,83;65,17;107,93;41,55;46,14;35,30;23,98;354,76
09050027;Pomarance;Pisa;1;5.513;45,04;47,34;56,42;4,72;23,07;28,00;6,76;219,16
09050028;Ponsacco;Pisa;1;15.517;8,37;29,12;53,07;28,14;10,59;16,12;15,00;166,73
09050029;Pontedera;Pisa;1;29.243;13,31;44,42;73,66;32,88;21,73;16,53;35,89;248,18
09050030;Riparbella;Pisa;1;1.585;46,86;66,27;20,46;19,27;11,52;25,94;2,89;194,43
09050031;San Giuliano Terme;Pisa;1;30.771;8,25;30,18;66,84;37,72;11,36;20,54;10,96;196,89
09050032;San Miniato;Pisa;1;27.681;12,01;27,39;76,53;34,28;8,49;15,72;44,38;234,38
09050033;Santa Croce sull'Arno;Pisa;1;14.465;14,95;29,48;64,54;33,19;14,20;17,31;16,17;203,80
09050034;Santa Luce;Pisa;1;1.627;15,57;68,40;53,46;22,84;2,90;16,47;1,67;181,31
09050035;Santa Maria a Monte;Pisa;1;13.243;13,26;12,00;48,51;26,64;3,48;23,36;;131,12
09050036;Terricciola;Pisa;1;4.461;18,37;61,46;16,05;9,68;18,29;4,88;66,66;293,20
09050037;Vecchiano;Pisa;1;11.916;10,46;36,78;85,75;34,38;10,43;22,14;6,31;218,25
09050038;Vicopisano;Pisa;1;8.580;14,46;41,78;71,29;31,86;14,01;24,90;30,49;228,80
09050039;Volterra;Pisa;1;9.824;15,85;28,15;34,96;34,76;36,33;60,23;40,13;250,40
09047023;Abetone Cutigliano;Pistoia;1;1.997;27,42;104,95;47,14;12,22;71,87;72,23;65,39;401,23
09047002;Agliana;Pistoia;1;18.057;23,49;27,55;70,99;14,20;12,11;24,55;23,10;198,09
09047003;Buggiano;Pistoia;1;8.809;14,13;43,70;54,25;20,14;8,94;27,21;17,84;188,96
09047022;Chiesina Uzzanese;Pistoia;1;4.501;3,82;84,68;6,73;20,12;17,64;24,07;23,95;184,91
09047005;Lamporecchio;Pistoia;1;7.364;20,81;9,00;77,44;17,50;12,04;23,33;11,33;174,69
09047006;Larciano;Pistoia;1;6.322;17,25;12,36;63,32;17,26;13,87;21,31;41,51;190,42
09047007;Marliana;Pistoia;1;3.116;13,48;53,08;44,39;8,49;15,83;53,12;20,80;209,45
09047008;Massa e Cozzile;Pistoia;1;7.758;10,00;68,46;33,93;15,89;12,39;33,86;19,10;198,13
09047009;Monsummano Terme;Pistoia;1;21.158;15,19;8,01;55,84;15,56;9,90;20,28;19,88;148,09
09047010;Montale;Pistoia;1;10.848;24,47;32,38;73,37;14,69;12,88;26,17;9,52;196,10
09047011;Montecatini-Terme;Pistoia;1;19.920;32,51;70,42;83,57;11,69;37,01;42,40;34,88;315,57
09047012;Pescia;Pistoia;1;19.308;15,91;38,45;49,68;25,65;17,66;36,79;33,79;220,76
09047013;Pieve a Nievole;Pistoia;1;9.147;8,27;51,82;29,40;19,88;5,81;28,33;10,41;157,00
09047014;Pistoia;Pistoia;1;90.479;12,81;59,59;34,43;16,24;19,53;28,70;25,93;200,79
09047016;Ponte Buggianese;Pistoia;1;8.832;11,51;60,90;40,42;13,45;14,47;25,05;11,29;180,45
09047017;Quarrata;Pistoia;1;26.648;25,50;27,64;79,12;15,41;11,90;29,27;19,83;211,23
09047018;Sambuca Pistoiese;Pistoia;1;1.486;1,74;61,79;2,68;16,54;12,34;70,31;39,12;204,52
09047024;San Marcello Piteglio;Pistoia;1;7.788;9,41;48,23;32,80;16,80;28,58;30,70;35,69;202,96
09047020;Serravalle Pistoiese;Pistoia;1;11.663;14,36;9,15;53,26;14,45;9,88;18,76;29,70;152,22
09047021;Uzzano;Pistoia;1;5.618;11,92;41,66;47,37;14,89;6,47;29,15;23,09;177,38
06093001;Andreis;Pordenone;1;268;12,63;7,75;42,26;10,27;;23,40;21,95;123,99
06093002;Arba;Pordenone;1;1.302;6,63;15,81;27,47;14,14;4,83;54,23;15,65;138,76
06093004;Aviano;Pordenone;1;8.681;16,38;9,66;59,78;22,07;6,65;17,75;8,80;144,43
06093005;Azzano Decimo;Pordenone;1;15.557;4,61;13,42;19,09;15,35;3,13;37,16;13,87;107,19
06093006;Barcis;Pordenone;1;237;33,68;39,53;76,70;12,15;;;;162,06
06093007;Brugnera;Pordenone;1;9.228;5,63;14,92;23,32;16,58;3,13;46,38;13,28;123,91
06093008;Budoia;Pordenone;1;2.519;19,76;7,64;50,96;22,51;3,27;12,49;5,35;123,80
06093009;Caneva;Pordenone;1;6.330;4,57;3,72;21,90;13,48;12,83;10,32;3,36;75,03
06093010;Casarsa della Delizia;Pordenone;1;8.221;4,94;11,95;20,63;15,86;4,47;40,38;18,02;116,65
06093011;Castelnovo del Friuli;Pordenone;1;822;4,94;13,87;20,48;9,71;;38,85;22,32;110,17
06093012;Cavasso Nuovo;Pordenone;1;1.484;6,93;7,69;29,91;15,75;0,24;12,33;20,73;100,57
06093013;Chions;Pordenone;1;5.133;5,02;9,02;20,79;14,07;3,81;43,97;11,84;109,03
06093014;Cimolais;Pordenone;1;350;13,81;11,20;49,60;17,37;0,95;14,26;35,39;166,67
06093015;Claut;Pordenone;1;883;12,04;7,61;46,64;21,21;0,26;40,52;20,46;158,29
06093016;Clauzetto;Pordenone;1;389;19,04;12,88;58,73;17,47;;39,48;35,10;208,71
06093017;Cordenons;Pordenone;1;17.726;7,57;10,90;35,82;14,68;5,41;15,91;5,79;96,70
06093018;Cordovado;Pordenone;1;2.701;6,14;10,99;25,42;16,17;7,41;50,71;14,48;131,92
06093019;Erto e Casso;Pordenone;1;370;12,25;9,84;53,39;25,93;1,82;18,57;14,95;140,48
06093020;Fanna;Pordenone;1;1.495;6,76;4,80;31,72;14,58;0,08;19,15;15,86;104,85
06093021;Fiume Veneto;Pordenone;1;11.679;4,85;14,05;20,10;15,86;4,02;43,21;15,82;118,37
06093022;Fontanafredda;Pordenone;1;12.620;5,56;12,33;23,04;13,65;0,70;41,32;13,13;110,33
06093024;Frisanco;Pordenone;1;568;11,95;6,65;45,10;7,43;;12,45;22,00;118,68
06093025;Maniago;Pordenone;1;11.586;8,07;8,18;44,14;20,21;5,53;7,49;25,75;135,75
06093026;Meduno;Pordenone;1;1.534;4,93;7,26;17,47;4,27;;14,32;;54,88
06093027;Montereale Valcellina;Pordenone;1;4.268;6,15;9,38;30,07;8,86;6,21;24,74;9,01;102,88
06093028;Morsano al Tagliamento;Pordenone;1;2.705;5,87;18,90;24,32;15,18;5,19;51,40;13,85;135,23
06093029;Pasiano di Pordenone;Pordenone;1;7.650;5,43;11,36;22,49;13,22;1,56;42,88;12,81;110,22
06093030;Pinzano al Tagliamento;Pordenone;1;1.497;5,08;12,36;21,02;12,94;;41,80;11,98;105,55
06093031;Polcenigo;Pordenone;1;3.099;6,58;21,73;27,24;19,38;3,28;64,49;15,52;158,21
06093032;Porcia;Pordenone;1;14.999;5,27;11,24;21,84;17,91;0,66;38,66;12,92;109,49
06093033;Pordenone;Pordenone;1;51.568;14,89;11,05;38,55;15,47;14,67;19,82;27,21;141,82
06093034;Prata di Pordenone;Pordenone;1;8.396;6,97;8,44;30,00;24,13;1,42;13,70;5,22;90,16
06093035;Pravisdomini;Pordenone;1;3.402;4,82;10,95;19,98;14,13;3,05;47,29;11,38;112,10
06093036;Roveredo in Piano;Pordenone;1;5.925;5,11;9,76;38,41;18,97;4,45;22,83;6,77;115,99
06093037;Sacile;Pordenone;1;19.842;6,34;15,38;26,26;15,91;6,25;46,86;20,73;138,70
06093038;San Giorgio della Richinvelda;Pordenone;1;4.472;4,41;15,20;18,25;13,63;2,48;37,70;10,40;102,52
06093039;San Martino al Tagliamento;Pordenone;1;1.404;6,17;11,46;25,55;16,79;1,48;51,97;14,55;127,98
06093041;San Vito al Tagliamento;Pordenone;1;15.157;5,22;16,37;21,64;17,35;8,72;41,74;12,33;124,54
06093042;Sequals;Pordenone;1;2.187;5,23;9,66;34,33;21,38;0,39;16,43;4,73;92,38
06093043;Sesto al Reghena;Pordenone;1;6.348;4,37;8,55;18,11;13,99;2,87;45,09;10,32;103,78
06093044;Spilimbergo;Pordenone;1;11.961;5,54;16,81;22,94;17,78;8,70;46,56;13,11;132,21
06093045;Tramonti di Sopra;Pordenone;1;284;11,74;11,16;40,86;9,92;;14,94;38,52;139,43
06093046;Tramonti di Sotto;Pordenone;1;343;12,29;10,21;72,43;16,28;;13,89;43,29;194,80
06093047;Travesio;Pordenone;1;1.789;5,94;6,03;20,28;6,02;;11,00;;55,42
06093052;Vajont;Pordenone;1;1.669;6,82;5,04;32,73;13,72;;5,43;12,14;80,45
06093053;Valvasone Arzene;Pordenone;1;3.904;5,68;13,89;23,53;16,07;4,09;46,25;18,48;128,56
06093049;Vito d'Asio;Pordenone;1;703;14,70;9,67;55,01;16,44;;17,95;23,80;147,48
06093050;Vivaro;Pordenone;1;1.287;7,12;7,46;41,52;16,63;0,18;11,77;19,69;107,51
06093051;Zoppola;Pordenone;1;8.352;5,86;15,04;24,28;16,26;2,38;47,96;15,61;127,85
17076002;Acerenza - Dato aggregazione Unione comuni Alto Bradano;Potenza;12;38.685;56,36;11,32;59,80;6,18;4,24;;;137,90
17076006;Atella;Potenza;1;3.747;36,74;69,18;20,35;;21,69;10,35;2,72;161,04
17076007;Avigliano;Potenza;1;10.739;21,16;1,77;26,61;2,24;;3,13;2,71;57,62
17076008;Balvano;Potenza;1;1.767;10,04;20,74;34,92;10,67;11,33;20,96;9,56;118,21
17076009;Banzi;Potenza;Vedi aggregazione: Unione comuni Alto Bradano;;;;;;;;;
17076010;Baragiano;Potenza;1;2.559;5,59;22,00;23,31;13,21;10,40;44,32;28,88;147,70
17076011;Barile;Potenza;1;2.671;23,04;8,06;17,29;32,23;18,76;61,10;17,54;178,02
17076012;Bella;Potenza;1;4.795;11,98;17,66;39,03;13,45;0,75;28,81;8,13;119,83
17076013;Brienza;Potenza;1;3.890;68,89;14,65;;19,28;9,38;8,17;1,59;123,25
17076014;Brindisi Montagna;Potenza;1;830;17,43;95,05;12,08;3,43;19,45;32,45;;179,89
17076015;Calvello;Potenza;1;1.789;14,19;23,93;70,28;12,84;23,72;35,57;12,89;193,42
17076018;Cancellara;Potenza;Vedi aggregazione: Unione comuni Alto Bradano;;;;;;;;;
17076021;Castelgrande;Potenza;1;839;37,07;42,56;40,08;;4,38;63,96;3,01;191,07
17076022;Castelluccio Inferiore;Potenza;1;1.969;40,22;32,52;28,73;;28,74;115,81;;246,02
17076023;Castelluccio Superiore;Potenza;1;734;71,38;52,48;7,91;;19,07;6,64;;157,49
17076024;Castelmezzano;Potenza;1;745;51,01;91,28;20,13;;;0,67;;163,09
17076025;Castelsaraceno;Potenza;1;1.260;15,82;15,32;91,66;22,21;7,65;24,56;5,27;182,49
17076026;Castronuovo di Sant'Andrea;Potenza;1;944;56,33;60,51;1,40;;;4,79;;123,04
17076027;Cersosimo;Potenza;1;573;12,19;16,58;64,57;11,87;6,63;4,54;;116,38
17076028;Chiaromonte;Potenza;1;1.798;11,20;33,22;11,21;23,36;13,20;24,40;;116,58
17076030;Episcopia;Potenza;1;1.309;21,70;22,05;11,02;13,39;6,41;38,52;;113,10
17076032;Filiano;Potenza;1;2.819;7,96;14,32;64,77;3,04;4,52;8,50;20,70;123,82
17076033;Forenza;Potenza;Vedi aggregazione: Unione comuni Alto Bradano;;;;;;;;;
17076034;Francavilla in Sinni;Potenza;1;4.067;15,87;23,46;27,99;9,28;5,36;33,45;14,17;129,59
17076035;Gallicchio;Potenza;1;823;12,45;;89,15;;;;;101,59
17076036;Genzano di Lucania;Potenza;Vedi aggregazione: Unione comuni Alto Bradano;;;;;;;;;
17076099;Ginestra;Potenza;1;714;12,18;30,81;14,99;10,43;3,53;61,39;;133,33
17076039;Lagonegro;Potenza;1;5.057;;32,10;120,60;;;6,33;;159,03
17076040;Latronico;Potenza;1;4.226;8,11;23,26;34,30;9,78;9,40;42,43;;127,29
17076041;Laurenzana;Potenza;1;1.666;12,84;;38,53;42,02;4,12;4,73;2,79;105,03
17076042;Lauria;Potenza;1;12.126;65,72;;52,48;16,71;15,22;18,40;11,98;180,51
17076043;Lavello;Potenza;1;13.032;17,84;26,40;43,31;13,42;10,19;11,66;20,37;143,20
17076045;Marsico Nuovo;Potenza;1;3.994;19,63;23,79;27,74;;6,18;31,11;;108,44
17076047;Maschito;Potenza;Vedi aggregazione: Unione comuni Alto Bradano;;;;;;;;;
17076048;Melfi;Potenza;1;17.047;14,25;21,49;39,03;32,24;30,61;28,93;6,18;172,73
17076049;Missanello;Potenza;1;534;19,90;49,63;10,90;;0,38;57,10;;188,10
17076051;Montemilone;Potenza;Vedi aggregazione: Unione comuni Alto Bradano;;;;;;;;;
17076053;Muro Lucano;Potenza;1;5.037;18,92;9,99;36,47;17,99;18,91;11,37;1,26;114,91
17076056;Oppido Lucano;Potenza;Vedi aggregazione: Unione comuni Alto Bradano;;;;;;;;;
17076057;Palazzo San Gervasio;Potenza;Vedi aggregazione: Unione comuni Alto Bradano;;;;;;;;;
17076100;Paterno;Potenza;1;3.143;11,48;28,52;14,98;3,21;;4,10;;62,65
17076058;Pescopagano;Potenza;1;1.734;48,12;64,18;8,14;;6,82;9,03;;136,30
17076060;Pietragalla;Potenza;1;3.891;24,27;27,05;38,14;15,99;6,93;35,56;;155,85
17076063;Potenza;Potenza;1;65.988;45,13;38,05;55,09;6,13;18,90;34,38;14,09;213,10
17076064;Rapolla;Potenza;1;4.181;9,42;4,43;21,82;0,97;37,66;48,74;3,17;126,22
17076066;Rionero in Vulture;Potenza;1;12.646;11,07;20,24;47,05;24,99;;24,12;;127,47
17076067;Ripacandida;Potenza;1;1.613;58,47;52,70;9,15;;24,68;68,77;24,48;238,24
17076069;Roccanova;Potenza;1;1.375;8,48;54,84;1,45;0,97;7,12;65,25;;138,11
17076071;Ruoti;Potenza;1;3.416;34,93;53,32;;5,60;;;;93,85
17076072;Ruvo del Monte;Potenza;1;1.009;33,63;32,36;49,12;;;;;115,10
17076073;San Chirico Nuovo;Potenza;Vedi aggregazione: Unione comuni Alto Bradano;;;;;;;;;
17076074;San Chirico Raparo;Potenza;1;950;11,59;37,57;11,33;2,68;0,15;67,24;1,55;132,10
17076076;San Fele;Potenza;1;2.680;19,50;57,35;75,44;;;2,07;;154,37
17076077;San Martino d'Agri;Potenza;1;685;108,03;3,47;4,38;;5,84;3,80;;125,52
17076020;San Paolo Albanese;Potenza;1;224;37,28;39,29;31,38;;8,93;33,27;;150,15
17076078;San Severino Lucano;Potenza;1;1.444;107,98;;39,81;;;43,64;;191,44
17076080;Sant'Arcangelo;Potenza;1;6.267;18,07;27,00;18,07;;31,89;2,17;;97,20
17076083;Satriano di Lucania;Potenza;1;2.254;16,83;20,02;24,31;47,50;31,64;14,66;;154,95
17076084;Savoia di Lucania;Potenza;1;1.027;13,85;53,55;6,82;;19,67;26,15;;120,04
17076085;Senise;Potenza;1;6.753;15,15;23,19;30,30;15,37;15,15;15,40;;114,56
17076087;Teana;Potenza;1;535;47,57;35,26;;11,83;;57,18;;151,83
17076090;Tolve;Potenza;Vedi aggregazione: Unione comuni Alto Bradano;;;;;;;;;
17076091;Tramutola;Potenza;1;2.965;6,83;5,46;29,69;18,77;18,77;7,51;22,28;124,49
17076092;Trecchina;Potenza;1;2.001;14,21;41,78;69,38;14,78;11,04;;17,89;170,38
17076093;Trivigno;Potenza;1;602;58,94;66,79;7,86;;0,19;63,86;;197,63
17076094;Vaglio Basilicata;Potenza;1;1.930;26,84;74,24;30,16;8,24;2,59;6,59;;148,66
17076095;Venosa;Potenza;Vedi aggregazione: Unione comuni Alto Bradano;;;;;;;;;
09100001;Cantagallo;Prato;1;3.080;19,35;24,77;58,20;14,38;5,28;24,82;28,71;177,90
09100002;Carmignano;Prato;1;14.714;17,54;18,89;55,04;15,58;10,52;20,00;30,21;170,76
09100003;Montemurlo;Prato;1;18.801;27,50;27,77;89,03;19,24;23,25;35,69;44,98;271,70
09100004;Poggio a Caiano;Prato;1;9.851;20,14;16,65;64,34;15,48;20,00;23,62;10,59;173,40
09100006;Vaiano;Prato;1;9.966;15,45;24,64;47,91;17,85;15,98;21,46;27,69;173,81
09100007;Vernio;Prato;1;6.067;18,71;19,53;57,13;12,31;11,88;21,94;22,43;165,38
19088001;Acate;Ragusa;1;10.945;19,99;11,29;26,57;12,05;9,26;45,60;35,74;160,51
19088003;Comiso;Ragusa;1;30.202;34,50;15,05;45,97;24,54;29,49;12,69;2,43;164,68
19088004;Giarratana;Ragusa;1;2.827;24,05;14,75;101,59;18,89;44,49;36,81;;240,57
19088005;Ispica;Ragusa;1;16.190;143,06;35,27;;12,05;;;;190,38
19088006;Modica;Ragusa;1;53.638;16,44;37,77;65,77;7,72;14,47;45,26;6,49;220,45
19088007;Monterosso Almo;Ragusa;1;2.815;12,61;9,09;129,40;25,95;31,96;7,43;;216,44
19088008;Pozzallo;Ragusa;1;19.057;20,15;17,10;42,53;24,30;38,22;28,59;15,85;188,33
19088009;Ragusa;Ragusa;1;71.281;18,22;44,97;59,30;;24,78;46,69;44,14;240,32
19088010;Santa Croce Camerina;Ragusa;1;10.789;25,69;35,75;64,22;9,23;38,53;49,89;5,22;228,54
08039001;Alfonsine;Ravenna;1;11.567;26,53;17,88;70,12;19,87;12,40;5,68;11,05;163,53
08039002;Bagnacavallo;Ravenna;1;16.502;21,29;16,52;61,06;19,57;10,75;5,77;9,57;144,54
08039003;Bagnara di Romagna;Ravenna;1;2.418;26,82;17,11;51,84;20,74;14,99;12,46;10,36;154,32
08039004;Brisighella;Ravenna;1;7.237;24,50;21,98;26,66;17,09;17,46;15,32;15,76;138,76
08039005;Casola Valsenio;Ravenna;1;2.504;24,20;25,51;40,05;19,25;24,34;15,41;14,49;163,25
08039006;Castel Bolognese;Ravenna;1;9.519;24,02;19,28;36,44;18,47;14,03;6,35;11,08;129,68
08039007;Cervia;Ravenna;1;28.521;57,59;41,40;75,33;33,06;61,34;25,95;29,02;323,70
08039008;Conselice;Ravenna;1;9.643;24,89;18,87;61,91;21,24;12,89;9,07;9,42;158,28
08039009;Cotignola;Ravenna;1;7.323;31,50;19,67;65,59;23,15;18,06;9,32;10,43;177,72
08039010;Faenza;Ravenna;1;58.335;20,88;18,46;55,98;21,98;20,96;6,27;10,86;155,39
08039011;Fusignano;Ravenna;1;8.117;17,89;16,67;49,26;20,80;12,89;12,00;9,95;139,45
08039012;Lugo;Ravenna;1;31.728;24,30;18,21;62,14;21,23;19,28;14,43;10,90;170,49
08039013;Massa Lombarda;Ravenna;1;10.378;19,09;16,59;58,24;20,76;13,97;10,07;10,38;149,09
08039014;Ravenna;Ravenna;1;157.422;19,32;34,73;52,26;18,96;25,56;8,80;17,05;176,68
08039015;Riolo Terme;Ravenna;1;5.634;17,56;23,26;41,15;16,60;20,77;6,82;14,40;140,55
08039016;Russi;Ravenna;1;12.076;22,75;19,26;45,81;21,93;11,17;14,97;11,65;147,53
08039017;Sant'Agata sul Santerno;Ravenna;1;2.905;29,81;19,36;62,65;21,79;17,20;11,68;13,65;176,14
08039018;Solarolo;Ravenna;1;4.480;19,35;19,28;30,40;21,09;12,56;12,95;10,85;126,48
18080001;Africo;Reggio di Calabria;1;2.821;;43,60;79,99;;2,81;;;126,40
18080003;Anoia;Reggio di Calabria;1;2.078;9,07;30,88;11,16;;;7,47;;58,58
18080008;Benestare;Reggio di Calabria;1;2.503;23,97;39,95;73,59;;16,78;5,99;;160,29
18080010;Bivongi;Reggio di Calabria;1;1.228;31,26;68,09;7,76;5,74;;35,30;;148,16
18080011;Bova;Reggio di Calabria;1;397;20,30;27,32;5,99;;;3,78;;57,39
18080012;Bovalino;Reggio di Calabria;1;8.781;8,64;66,64;42,37;14,28;2,33;15,40;5,81;155,47
18080016;Calanna;Reggio di Calabria;1;794;63,81;41,56;42,54;;;129,98;;277,88
18080018;Campo Calabro;Reggio di Calabria;1;4.392;20,03;21,86;36,77;5,69;5,58;15,64;10,16;115,74
18080019;Candidoni;Reggio di Calabria;1;415;1,20;40,96;1,20;1,20;;18,22;;62,80
18080028;Cittanova;Reggio di Calabria;1;9.970;26,96;28,03;0,27;;;47,24;2,01;104,52
18080030;Cosoleto;Reggio di Calabria;1;814;34,94;43,00;121,05;;;;;198,99
18080031;Delianuova;Reggio di Calabria;1;3.197;8,41;49,46;33,65;;21,51;13,75;0,27;127,05
18080033;Ferruzzano;Reggio di Calabria;1;762;7,87;;83,20;52,49;8,66;;;152,23
18080035;Galatro;Reggio di Calabria;1;1.545;7,37;35,16;58,16;;10,72;5,67;;117,08
18080038;Gioia Tauro;Reggio di Calabria;1;19.443;18,39;83,95;3,67;1,99;;;;107,99
18080039;Gioiosa Ionica;Reggio di Calabria;1;6.851;22,62;24,00;11,65;8,73;15,60;17,30;11,57;111,46
18080040;Grotteria;Reggio di Calabria;1;2.958;80,25;46,13;20,07;;;;;146,44
18080046;Maropati;Reggio di Calabria;1;1.412;31,41;;31,41;;;;;62,83
18080048;Melicucca;Reggio di Calabria;1;836;48,81;28,06;38,56;;2,44;16,35;0,78;154,57
18080049;Melicucco;Reggio di Calabria;1;4.737;27,61;34,50;37,67;;;;;99,79
18080054;Motta San Giovanni;Reggio di Calabria;1;5.758;11,18;48,84;54,90;;;24,44;;139,36
18080055;Oppido Mamertina;Reggio di Calabria;1;5.017;7,63;34,22;25,40;2,88;4,93;43,45;24,21;142,72
18080061;Polistena;Reggio di Calabria;1;9.791;36,53;62,81;28,56;5,21;5,88;6,53;1,01;146,54
18080063;Reggio di Calabria;Reggio di Calabria;1;173.456;16,34;47,49;54,84;17,54;35,77;34,44;95,53;301,96
18080067;Roccella Ionica;Reggio di Calabria;1;6.255;17,19;20,46;29,58;35,49;3,68;;;106,39
18080068;Roghudi;Reggio di Calabria;1;966;11,86;26,59;35,28;9,81;;32,57;3,38;119,51
18080097;San Ferdinando;Reggio di Calabria;1;4.662;81,51;67,14;12,87;2,15;21,45;8,79;;193,91
18080071;San Giorgio Morgeto;Reggio di Calabria;1;3.006;71,52;;1,38;;;3,37;;76,27
18080073;San Lorenzo;Reggio di Calabria;1;2.365;90,49;118,72;2,14;;;;;211,34
18080077;San Roberto;Reggio di Calabria;1;1.598;73,67;30,51;34,66;;;36,92;;175,77
18080078;Santa Cristina d'Aspromonte;Reggio di Calabria;1;799;44,37;30,75;29,87;;;27,91;0,66;133,55
18080081;Sant'Eufemia d'Aspromonte;Reggio di Calabria;1;3.846;12,43;;54,35;;5,71;;;72,49
18080082;Sant'Ilario dello Ionio;Reggio di Calabria;1;1.368;37,74;51,21;48,24;;;17,70;;150,88
18080084;Scido;Reggio di Calabria;1;860;24,82;9,14;45,18;;;10,71;;89,85
18080086;Seminara;Reggio di Calabria;1;2.506;21,55;23,94;5,54;19,95;11,17;46,49;;128,65
18080093;Taurianova;Reggio di Calabria;1;14.993;5,65;9,92;35,95;12,70;11,19;48,45;4,99;151,46
08035001;Albinea;Reggio nell'Emilia;1;8.773;16,98;3,72;53,63;60,07;5,69;1,06;42,45;183,56
08035002;Bagnolo in Piano;Reggio nell'Emilia;1;9.637;19,02;2,26;53,30;36,41;6,24;-2,33;39,46;154,32
08035003;Baiso;Reggio nell'Emilia;1;3.212;15,04;2,53;37,76;40,87;7,53;39,28;39,07;182,04
08035004;Bibbiano;Reggio nell'Emilia;1;10.104;19,24;2,75;53,94;44,37;6,17;9,36;43,63;179,42
08035005;Boretto;Reggio nell'Emilia;1;5.216;3,86;12,19;53,03;38,58;10,91;12,35;6,86;138,25
08035006;Brescello;Reggio nell'Emilia;1;5.682;4,85;15,34;66,74;48,55;13,74;15,54;8,63;174,00
08035008;Cadelbosco di Sopra;Reggio nell'Emilia;1;10.698;19,01;2,32;52,00;37,45;1,97;-6,47;34,38;140,62
08035009;Campagnola Emilia;Reggio nell'Emilia;1;5.571;18,82;2,48;54,32;40,59;2,16;0,59;43,29;162,36
08035010;Campegine;Reggio nell'Emilia;1;5.310;20,28;2,76;49,90;49,89;2,49;9,27;43,07;177,62
08035018;Canossa;Reggio nell'Emilia;1;3.690;15,62;2,84;46,42;45,85;7,03;37,60;34,28;189,58
08035011;Carpineti;Reggio nell'Emilia;1;3.908;16,47;2,54;46,30;40,93;4,08;52,33;35,33;197,92
08035012;Casalgrande;Reggio nell'Emilia;1;18.924;17,84;2,58;44,96;41,62;5,43;22,34;30,21;164,94
08035013;Casina;Reggio nell'Emilia;1;4.492;16,60;2,18;45,03;35,18;9,47;14,74;33,48;156,63
08035014;Castellarano;Reggio nell'Emilia;1;15.316;16,39;2,18;42,45;35,13;6,75;2,37;36,56;141,78
08035015;Castelnovo di Sotto;Reggio nell'Emilia;1;8.406;19,28;2,72;55,72;43,84;6,32;-2,65;37,54;162,72
08035016;Castelnovo ne' Monti;Reggio nell'Emilia;1;10.384;17,36;2,63;50,90;42,37;19,27;47,57;41,47;221,49
08035017;Cavriago;Reggio nell'Emilia;1;9.806;20,52;4,61;60,91;74,41;7,10;-20,41;45,06;192,15
08035020;Correggio;Reggio nell'Emilia;1;25.033;21,22;3,25;53,48;52,42;7,49;-6,55;44,67;175,92
08035021;Fabbrico;Reggio nell'Emilia;1;6.641;20,13;2,31;54,42;37,24;4,53;-12,64;46,04;151,99
08035022;Gattatico;Reggio nell'Emilia;1;5.706;20,89;2,89;52,28;46,69;14,23;19,20;49,70;205,84
08035023;Gualtieri;Reggio nell'Emilia;1;6.286;4,41;13,95;60,69;44,15;12,49;14,13;7,84;158,21
08035024;Guastalla;Reggio nell'Emilia;1;14.782;4,26;13,47;58,63;42,65;12,07;13,65;7,58;152,84
08035026;Luzzara;Reggio nell'Emilia;1;8.577;4,67;14,76;64,23;46,72;13,22;14,96;8,30;167,45
08035027;Montecchio Emilia;Reggio nell'Emilia;1;10.452;19,82;2,93;57,73;47,36;10,44;5,93;46,70;190,86
08035028;Novellara;Reggio nell'Emilia;1;13.333;4,05;12,81;55,75;40,56;11,47;12,98;7,21;145,34
08035029;Poviglio;Reggio nell'Emilia;1;7.028;3,79;11,96;52,05;37,87;10,71;12,12;6,73;135,71
08035030;Quattro Castella;Reggio nell'Emilia;1;13.159;18,61;2,84;55,14;45,85;3,53;-19,63;42,56;148,85
08035033;Reggio nell'Emilia;Reggio nell'Emilia;1;169.803;25,29;2,47;62,89;39,80;30,28;8,17;55,43;224,25
08035032;Reggiolo;Reggio nell'Emilia;1;9.051;4,50;14,23;61,93;45,05;12,75;14,42;8,01;161,46
08035034;Rio Saliceto;Reggio nell'Emilia;1;5.980;19,03;2,67;53,05;43,01;3,12;-0,05;43,12;163,90
08035035;Rolo;Reggio nell'Emilia;1;4.017;19,29;3,49;55,74;56,25;3,16;-9,03;51,98;180,84
08035036;Rubiera;Reggio nell'Emilia;1;14.844;14,42;2,48;55,64;40,03;6,68;0,88;37,80;161,43
08035037;San Martino in Rio;Reggio nell'Emilia;1;8.163;23,28;2,82;55,42;45,43;3,95;10,40;49,10;190,34
08035038;San Polo d'Enza;Reggio nell'Emilia;1;6.211;14,56;3,84;47,76;61,94;2,71;-8,05;34,72;157,43
08035039;Sant'Ilario d'Enza;Reggio nell'Emilia;1;11.100;19,67;3,22;56,39;52,03;8,02;11,64;42,58;193,50
08035040;Scandiano;Reggio nell'Emilia;1;25.765;15,16;2,70;45,24;43,59;7,51;19,57;35,51;169,25
08035041;Toano;Reggio nell'Emilia;1;4.183;15,40;2,87;41,12;46,34;8,18;41,73;27,15;182,73
08035046;Ventasso;Reggio nell'Emilia;1;4.037;18,91;3,33;35,96;53,68;19,86;98,99;27,92;258,59
08035042;Vetto;Reggio nell'Emilia;1;1.808;14,93;3,00;39,27;48,42;2,48;66,16;34,07;210,37
08035043;Vezzano sul Crostolo;Reggio nell'Emilia;1;4.345;14,32;2,50;45,85;40,37;5,43;7,92;39,41;155,76
08035044;Viano;Reggio nell'Emilia;1;3.321;14,60;2,30;45,45;37,12;0,42;13,02;40,91;153,77
08035045;Villa Minozzo;Reggio nell'Emilia;1;3.595;14,81;2,47;27,85;39,84;5,08;71,77;25,07;186,83
12057005;Belmonte in Sabina;Rieti;1;638;;22,80;83,61;5,59;49,22;11,80;;173,02
12057008;Borgo Velino;Rieti;1;928;7,94;15,29;46,08;17,68;20,22;22,38;15,84;145,43
12057007;Borgorose;Rieti;1;4.292;19,38;26,01;42,93;16,49;21,50;30,07;9,72;166,56
12057009;Cantalice;Rieti;1;2.491;11,61;;45,80;20,58;14,22;51,52;14,78;158,51
12057012;Casperia;Rieti;1;1.194;13,52;11,72;66,83;9,49;18,58;34,43;25,08;179,65
12057015;Castel Sant'Angelo;Rieti;1;1.220;10,11;10,93;58,97;11,65;20,63;23,24;35,58;171,10
12057016;Cittaducale;Rieti;1;6.529;16,08;26,47;56,22;26,96;3,77;35,67;35,61;200,78
12057017;Cittareale;Rieti;1;412;77,77;56,19;3,96;1,31;;40,56;19,05;198,83
12057019;Colle di Tora;Rieti;1;354;20,08;;117,50;10,43;42,37;57,76;;248,14
12057021;Collevecchio;Rieti;1;1.528;36,34;;72,65;29,65;5,94;23,88;14,87;183,33
12057022;Colli sul Velino;Rieti;1;464;21,13;10,49;75,30;13,62;1,08;64,57;18,68;204,86
12057023;Concerviano;Rieti;1;279;98,31;112,67;19,62;;16,86;50,03;8,20;305,69
12057024;Configni;Rieti;1;575;13,70;9,62;74,19;8,22;4,80;50,18;8,06;168,79
12057025;Contigliano;Rieti;1;3.830;13,22;20,80;61,47;9,36;1,98;38,73;12,70;272,56
12057026;Cottanello;Rieti;1;530;12,85;10,90;69,59;9,41;17,06;40,77;26,56;187,13
12057032;Labro;Rieti;1;377;;22,02;57,24;;10,61;79,38;39,24;208,49
12057035;Magliano Sabina;Rieti;1;3.527;10,18;16,53;79,86;;3,29;43,92;6,98;160,75
12057040;Montebuono;Rieti;1;862;13,12;15,13;64,50;10,16;1,20;70,72;10,95;199,70
12057051;Poggio Bustone;Rieti;1;1.899;43,32;54,11;1,66;0,55;;13,99;11,13;124,76
12057056;Poggio San Lorenzo;Rieti;1;510;29,35;10,12;98,40;15,67;;50,16;21,65;225,35
12057057;Posta;Rieti;1;584;18,77;;121,35;42,62;78,11;12,67;;273,52
12057062;Rocca Sinibalda;Rieti;1;778;127,86;36,78;;11,84;60,03;24,77;;261,27
12057065;Selci;Rieti;1;1.076;13,16;10,73;64,72;9,24;16,49;25,94;10,42;152,08
12057071;Turania;Rieti;1;214;26,32;;;19,93;7,12;221,44;;274,81
12057072;Vacone;Rieti;1;223;16,61;13,48;68,17;10,77;31,77;37,43;73,30;321,16
08099001;Bellaria-Igea Marina;Rimini;1;19.302;32,00;49,01;84,06;37,90;52,94;34,61;42,94;328,85
08099002;Cattolica;Rimini;1;16.802;38,14;37,69;120,34;42,00;58,51;31,29;12,77;331,87
08099003;Coriano;Rimini;1;10.474;27,26;20,31;97,71;40,70;8,06;22,07;14,00;229,74
08099004;Gemmano;Rimini;1;1.113;28,59;25,21;25,07;12,39;15,08;29,93;45,47;182,35
08099022;Maiolo;Rimini;1;784;27,34;19,15;10,52;;24,55;5,35;6,11;93,03
08099005;Misano Adriatico;Rimini;1;13.629;27,61;41,52;102,49;42,33;47,85;28,24;16,38;304,91
08099006;Mondaino;Rimini;1;1.340;25,20;33,67;18,23;9,60;10,69;15,98;51,18;162,37
08099008;Montefiore Conca;Rimini;1;2.222;19,56;19,33;25,10;14,82;4,85;14,70;15,86;118,01
08099009;Montegridolfo;Rimini;1;988;18,86;26,92;21,92;14,78;8,75;37,98;22,85;156,74
08099029;Montescudo-Monte Colombo;Rimini;1;6.869;14,73;21,07;20,52;18,15;1,10;12,97;9,20;99,20
08099011;Morciano di Romagna;Rimini;1;7.123;22,45;15,82;52,97;24,87;21,16;18,76;6,22;180,81
08099028;Poggio Torriana;Rimini;1;5.181;7,40;23,11;27,26;30,91;2,52;19,54;23,08;132,17
08099013;Riccione;Rimini;1;34.659;37,02;47,20;109,86;43,07;66,29;97,87;38,16;440,48
08099014;Rimini;Rimini;1;148.688;24,89;35,90;74,27;32,20;45,90;28,58;37,07;271,71
08099015;Saludecio;Rimini;1;3.018;7,22;29,53;5,07;19,24;4,38;19,28;38,94;124,36
08099016;San Clemente;Rimini;1;5.624;16,87;24,45;32,34;23,90;2,39;28,68;25,66;150,51
08099017;San Giovanni in Marignano;Rimini;1;9.463;17,23;17,20;63,03;37,10;26,26;19,09;12,83;190,26
08099026;Sant'Agata Feltria;Rimini;1;2.056;75,08;32,46;28,56;4,30;8,39;14,40;2,37;165,56
08099018;Santarcangelo di Romagna;Rimini;1;22.162;20,72;23,94;44,19;27,25;13,36;28,29;11,89;168,49
08099020;Verucchio;Rimini;1;10.005;16,51;22,30;37,01;22,76;21,50;19,50;18,74;154,83
12058001;Affile;Roma;1;1.458;54,45;56,12;13,99;;19,62;40,59;;184,78
12058002;Agosta;Roma;1;1.697;77,78;18,34;;11,79;29,46;1,87;0,59;139,84
12058003;Albano Laziale;Roma;1;39.349;33,47;2,73;58,69;44,08;9,82;38,45;12,01;199,24
12058004;Allumiere;Roma;1;3.823;12,65;11,64;57,16;;44,15;2,67;1,69;129,96
12058005;Anguillara Sabazia;Roma;1;19.101;15,46;19,91;57,37;6,93;3,29;74,39;5,79;183,14
12058006;Anticoli Corrado;Roma;Vedi aggregazione: Unione dei Comuni del Medaniene;;;;;;;;;
12058008;Arcinazzo Romano;Roma;1;1.274;78,49;74,73;9,79;16,09;63,38;38,60;;284,23
12058117;Ardea;Roma;1;48.365;20,36;51,32;41,43;61,08;7,32;6,83;7,01;195,35
12058009;Ariccia;Roma;1;18.182;10,92;13,95;39,00;6,42;7,49;130,10;15,61;223,49
12058010;Arsoli;Roma;Vedi aggregazione: Unione dei Comuni del Medaniene;;;;;;;;;
12058011;Artena;Roma;1;13.670;15,03;8,44;53,28;22,44;17,77;31,40;;148,36
12058012;Bellegra;Roma;1;2.744;53,77;60,33;4,36;0,11;28,77;54,91;;202,26
12058013;Bracciano;Roma;1;18.787;4,26;36,77;61,28;;18,73;23,72;60,80;206,43
12058014;Camerata Nuova;Roma;1;403;11,94;20,33;88,89;29,82;24,99;145,98;;321,95
12058015;Campagnano di Roma;Roma;1;11.186;20,01;11,53;55,46;9,96;22,20;23,64;9,87;152,67
12058016;Canale Monterano;Roma;1;4.268;14,18;9,93;;17,38;11,04;64,66;11,65;151,64
12058017;Canterano;Roma;1;355;2,82;26,76;100,28;;42,25;42,25;;214,37
12058018;Capena;Roma;1;10.692;15,39;30,02;53,52;;26,17;18,56;17,69;161,36
12058019;Capranica Prenestina;Roma;1;310;97,35;80,21;16,13;;69,35;93,06;;356,09
12058025;Castel San Pietro Romano;Roma;1;827;39,91;22,43;82,10;29,47;8,09;47,57;12,22;241,78
12058026;Cave;Roma;1;10.673;29,65;37,61;72,94;3,66;6,81;20,74;14,04;185,44
12058027;Cerreto Laziale;Roma;1;1.074;4,30;18,62;57,15;24,21;;31,82;;137,23
12058028;Cervara di Roma;Roma;1;432;;34,57;102,06;16,94;69,21;78,52;;301,30
12058029;Cerveteri;Roma;1;37.482;23,04;22,20;46,87;15,70;36,51;12,54;16,80;173,67
12058118;Ciampino;Roma;1;38.307;48,06;;61,61;12,55;7,28;20,71;47,42;198,44
12058030;Ciciliano;Roma;1;1.258;5,05;15,01;112,30;11,06;16,22;53,99;4,05;217,67
12058031;Cineto Romano;Roma;Vedi aggregazione: Unione dei Comuni del Medaniene;;;;;;;;;
12058034;Colleferro;Roma;1;20.728;23,60;26,71;48,55;11,33;56,04;29,71;9,55;205,48
12058035;Colonna;Roma;1;4.203;48,50;35,86;68,56;4,18;7,77;22,80;11,42;199,08
12058036;Fiano Romano;Roma;1;15.556;15,75;44,34;47,41;;19,12;28,56;6,76;161,94
12058120;Fiumicino;Roma;1;76.246;28,95;14,43;68,75;32,79;22,98;17,89;43,94;317,81
12058038;Formello;Roma;1;13.103;14,54;37,82;91,57;;19,55;18,46;0,58;182,51
12058039;Frascati;Roma;1;22.286;25,32;;83,56;;18,99;86,52;;214,39
12058040;Gallicano nel Lazio;Roma;1;6.271;39,32;19,14;58,90;22,68;7,00;37,57;10,29;194,89
12058042;Genazzano;Roma;1;5.688;19,91;19,35;79,36;20,27;18,08;25,46;4,75;187,18
12058043;Genzano di Roma;Roma;1;22.915;19,42;23,96;72,29;35,89;29,28;27,00;10,45;218,29
12058044;Gerano - Dato aggregazione Unione dei Comuni Valle del Giovenzano;Roma;5;3.091;14,34;;145,02;28,96;;;;188,32
12058045;Gorga;Roma;1;686;22,96;35,15;92,12;4,24;30,45;3,97;0,21;195,92
12058046;Grottaferrata;Roma;1;20.117;8,44;30,06;80,21;10,27;29,95;55,27;7,57;221,77
12058047;Guidonia Montecelio;Roma;1;86.732;22,76;18,82;47,00;15,91;11,23;37,14;7,13;159,99
12058048;Jenne;Roma;1;350;80,69;82,48;5,25;1,57;73,02;39,53;;282,55
12058049;Labico;Roma;1;6.401;23,41;51,33;57,22;2,49;5,26;45,95;29,12;214,78
12058050;Lanuvio;Roma;1;13.152;28,01;14,90;38,08;20,64;25,36;49,52;16,19;194,39
12058051;Licenza;Roma;Vedi aggregazione: UNIONE DEI COMUNI DELLA VALLE USTICA;;;;;;;;;
12058052;Magliano Romano;Roma;1;1.431;10,52;15,38;53,94;11,31;24,76;8,66;10,98;135,54
12058053;Mandela;Roma;Vedi aggregazione: UNIONE DEI COMUNI DELLA VALLE USTICA;;;;;;;;;
12058054;Manziana;Roma;1;7.684;17,42;16,17;25,93;82,28;3,09;59,37;0,48;204,75
12058056;Marcellina;Roma;1;6.972;7,42;16,83;52,31;33,57;17,34;8,22;7,67;143,37
12058057;Marino;Roma;1;44.905;18,70;54,84;59,99;11,09;22,85;20,00;4,60;206,39
12058058;Mazzano Romano;Roma;1;2.964;11,19;30,99;57,39;9,48;7,38;63,87;7,98;188,29
12058059;Mentana;Roma;1;23.241;27,94;;62,73;21,56;5,83;11,58;40,73;170,37
12058060;Monte Compatri;Roma;1;11.746;8,42;;55,58;;19,37;26,44;2,23;112,04
12058061;Monteflavio;Roma;1;1.215;19,48;14,69;60,57;24,39;27,67;23,15;13,49;183,45
12058062;Montelanico;Roma;1;2.051;6,22;26,01;30,98;6,00;38,79;7,35;14,63;129,97
12058063;Montelibretti;Roma;1;5.188;22,35;;35,99;35,51;20,94;37,01;12,08;163,88
12058066;Montorio Romano;Roma;1;1.980;11,89;22,50;63,89;15,84;40,15;39,78;1,98;196,03
12058067;Moricone;Roma;1;2.448;13,37;15,15;63,04;17,69;13,37;16,23;3,55;146,81
12058068;Morlupo;Roma;1;8.280;10,63;23,18;72,69;0,19;27,39;12,83;13,40;160,31
12058070;Nemi;Roma;1;1.854;42,88;129,45;28,32;0,32;49,89;34,25;;285,11
12058071;Nerola;Roma;1;1.911;11,83;17,95;63,59;14,25;14,47;40,25;2,06;164,40
12058072;Nettuno;Roma;1;47.576;41,30;39,72;75,71;13,83;20,65;30,47;;221,66
12058073;Olevano Romano;Roma;1;6.495;19,94;;92,56;;17,17;6,13;25,17;160,97
12058074;Palestrina;Roma;1;22.038;31,16;43,97;62,80;13,29;7,50;25,90;9,14;193,77
12058075;Palombara Sabina;Roma;1;12.678;4,58;23,63;56,15;13,66;15,55;58,28;7,08;178,93
12058076;Percile;Roma;Vedi aggregazione: UNIONE DEI COMUNI DELLA VALLE USTICA;;;;;;;;;
12058077;Pisoniano;Roma;Vedi aggregazione: Unione dei Comuni Valle del Giovenzano;;;;;;;;;
12058079;Pomezia;Roma;1;61.298;18,63;25,30;57,82;24,09;43,76;11,83;8,60;190,02
12058083;Riofreddo;Roma;Vedi aggregazione: Unione dei Comuni del Medaniene;;;;;;;;;
12058084;Rocca Canterano;Roma;Vedi aggregazione: Unione dei Comuni Valle del Giovenzano;;;;;;;;;
12058086;Rocca di Papa;Roma;1;17.138;18,34;21,70;77,24;18,74;15,61;24,40;9,64;185,68
12058088;Rocca Priora;Roma;1;11.858;31,60;22,24;89,95;13,21;22,24;10,04;1,75;191,04
12058089;Rocca Santo Stefano;Roma;1;942;28,51;10,87;20,66;14,32;21,70;16,39;;112,45
12058087;Roccagiovine;Roma;Vedi aggregazione: UNIONE DEI COMUNI DELLA VALLE USTICA;;;;;;;;;
12058091;Roma;Roma;1;2.783.809;38,04;54,00;59,56;11,05;43,78;32,82;17,89;257,13
12058092;Roviano - Dato aggregazione Unione dei Comuni del Medaniene;Roma;6;4.957;11,53;29,63;79,72;20,36;0,89;9,16;1,72;154,67
12058093;Sacrofano;Roma;1;7.422;13,57;12,97;67,80;16,54;31,85;36,76;1,93;184,41
12058094;Sambuci;Roma;Vedi aggregazione: Unione dei Comuni Valle del Giovenzano;;;;;;;;;
12058119;San Cesareo;Roma;1;16.033;39,42;26,27;68,12;18,62;7,13;24,38;10,49;194,43
12058095;San Gregorio da Sassola;Roma;1;1.454;97,31;32,78;1,79;2,20;2,75;19,19;;156,00
12058096;San Polo dei Cavalieri;Roma;1;2.791;10,59;19,26;76,67;20,33;;72,98;;199,83
12058097;Santa Marinella;Roma;1;18.130;11,06;71,22;46,67;10,40;27,70;113,97;21,41;302,41
12058099;Sant'Oreste;Roma;1;3.563;10,06;;38,43;26,65;15,26;21,45;9,62;121,47
12058101;Saracinesco;Roma;Vedi aggregazione: Unione dei Comuni Valle del Giovenzano;;;;;;;;;
12058102;Segni;Roma;1;9.158;59,13;64,88;36,22;0,07;25,63;28,00;1,08;214,99
12058104;Tivoli;Roma;1;54.046;18,93;15,79;75,14;20,53;24,87;28,94;11,26;195,46
12058105;Tolfa;Roma;1;4.944;46,50;22,22;41,71;13,42;20,58;7,41;0,02;151,86
12058107;Trevignano Romano;Roma;1;5.656;18,71;25,50;87,44;26,43;3,07;22,64;45,58;229,37
12058110;Valmontone;Roma;1;15.218;43,46;28,32;77,23;11,73;8,01;53,09;11,78;233,60
12058111;Velletri;Roma;1;52.943;22,29;19,45;52,05;15,56;6,63;20,96;23,63;160,57
12058112;Vicovaro - Dato aggregazione UNIONE DEI COMUNI DELLA VALLE USTICA;Roma;5;5.940;16,16;14,07;68,24;20,05;0,46;19,12;1,89;139,99
12058113;Vivaro Romano;Roma;Vedi aggregazione: Unione dei Comuni del Medaniene;;;;;;;;;
12058114;Zagarolo;Roma;1;18.060;36,69;24,19;59,94;12,97;6,41;75,37;9,43;229,38
05029001;Adria;Rovigo;Vedi aggregazione: Consiglio di Bacino Rovigo;;;;;;;;;
05029002;Ariano nel Polesine;Rovigo;Vedi aggregazione: Consiglio di Bacino Rovigo;;;;;;;;;
05029003;Arqua  Polesine;Rovigo;Vedi aggregazione: Consiglio di Bacino Rovigo;;;;;;;;;
05029004;Badia Polesine;Rovigo;Vedi aggregazione: Consiglio di Bacino Rovigo;;;;;;;;;
05029005;Bagnolo di Po;Rovigo;Vedi aggregazione: Consiglio di Bacino Rovigo;;;;;;;;;
05029006;Bergantino;Rovigo;Vedi aggregazione: Consiglio di Bacino Rovigo;;;;;;;;;
05029007;Bosaro;Rovigo;Vedi aggregazione: Consiglio di Bacino Rovigo;;;;;;;;;
05029008;Calto;Rovigo;Vedi aggregazione: Consiglio di Bacino Rovigo;;;;;;;;;
05029009;Canaro;Rovigo;Vedi aggregazione: Consiglio di Bacino Rovigo;;;;;;;;;
05029010;Canda;Rovigo;Vedi aggregazione: Consiglio di Bacino Rovigo;;;;;;;;;
05029011;Castelguglielmo;Rovigo;Vedi aggregazione: Consiglio di Bacino Rovigo;;;;;;;;;
05029012;Castelmassa;Rovigo;Vedi aggregazione: Consiglio di Bacino Rovigo;;;;;;;;;
05029013;Castelnovo Bariano;Rovigo;Vedi aggregazione: Consiglio di Bacino Rovigo;;;;;;;;;
05029014;Ceneselli;Rovigo;Vedi aggregazione: Consiglio di Bacino Rovigo;;;;;;;;;
05029015;Ceregnano;Rovigo;Vedi aggregazione: Consiglio di Bacino Rovigo;;;;;;;;;
05029017;Corbola;Rovigo;Vedi aggregazione: Consiglio di Bacino Rovigo;;;;;;;;;
05029018;Costa di Rovigo;Rovigo;Vedi aggregazione: Consiglio di Bacino Rovigo;;;;;;;;;
05029019;Crespino;Rovigo;Vedi aggregazione: Consiglio di Bacino Rovigo;;;;;;;;;
05029021;Ficarolo;Rovigo;Vedi aggregazione: Consiglio di Bacino Rovigo;;;;;;;;;
05029022;Fiesso Umbertiano;Rovigo;Vedi aggregazione: Consiglio di Bacino Rovigo;;;;;;;;;
05029023;Frassinelle Polesine;Rovigo;Vedi aggregazione: Consiglio di Bacino Rovigo;;;;;;;;;
05029024;Fratta Polesine;Rovigo;Vedi aggregazione: Consiglio di Bacino Rovigo;;;;;;;;;
05029025;Gaiba;Rovigo;Vedi aggregazione: Consiglio di Bacino Rovigo;;;;;;;;;
05029026;Gavello;Rovigo;Vedi aggregazione: Consiglio di Bacino Rovigo;;;;;;;;;
05029027;Giacciano con Baruchella;Rovigo;Vedi aggregazione: Consiglio di Bacino Rovigo;;;;;;;;;
05029028;Guarda Veneta;Rovigo;Vedi aggregazione: Consiglio di Bacino Rovigo;;;;;;;;;
05029029;Lendinara;Rovigo;Vedi aggregazione: Consiglio di Bacino Rovigo;;;;;;;;;
05029030;Loreo;Rovigo;Vedi aggregazione: Consiglio di Bacino Rovigo;;;;;;;;;
05029031;Lusia;Rovigo;Vedi aggregazione: Consiglio di Bacino Rovigo;;;;;;;;;
05029032;Melara;Rovigo;Vedi aggregazione: Consiglio di Bacino Rovigo;;;;;;;;;
05029033;Occhiobello;Rovigo;Vedi aggregazione: Consiglio di Bacino Rovigo;;;;;;;;;
05029034;Papozze;Rovigo;Vedi aggregazione: Consiglio di Bacino Rovigo;;;;;;;;;
05029035;Pettorazza Grimani;Rovigo;Vedi aggregazione: Consiglio di Bacino Rovigo;;;;;;;;;
05029036;Pincara;Rovigo;Vedi aggregazione: Consiglio di Bacino Rovigo;;;;;;;;;
05029037;Polesella;Rovigo;Vedi aggregazione: Consiglio di Bacino Rovigo;;;;;;;;;
05029038;Pontecchio Polesine;Rovigo;Vedi aggregazione: Consiglio di Bacino Rovigo;;;;;;;;;
05029039;Porto Tolle;Rovigo;Vedi aggregazione: Consiglio di Bacino Rovigo;;;;;;;;;
05029052;Porto Viro;Rovigo;Vedi aggregazione: Consiglio di Bacino Rovigo;;;;;;;;;
05029040;Rosolina;Rovigo;Vedi aggregazione: Consiglio di Bacino Rovigo;;;;;;;;;
05029041;Rovigo - Dato aggregazione Consiglio di Bacino Rovigo;Rovigo;50;229.652;14,50;23,30;43,91;13,04;8,24;39,49;31,33;175,13
05029042;Salara;Rovigo;Vedi aggregazione: Consiglio di Bacino Rovigo;;;;;;;;;
05029043;San Bellino;Rovigo;Vedi aggregazione: Consiglio di Bacino Rovigo;;;;;;;;;
05029044;San Martino di Venezze;Rovigo;Vedi aggregazione: Consiglio di Bacino Rovigo;;;;;;;;;
05029045;Stienta;Rovigo;Vedi aggregazione: Consiglio di Bacino Rovigo;;;;;;;;;
05029046;Taglio di Po;Rovigo;Vedi aggregazione: Consiglio di Bacino Rovigo;;;;;;;;;
05029047;Trecenta;Rovigo;Vedi aggregazione: Consiglio di Bacino Rovigo;;;;;;;;;
05029048;Villadose;Rovigo;Vedi aggregazione: Consiglio di Bacino Rovigo;;;;;;;;;
05029049;Villamarzana;Rovigo;Vedi aggregazione: Consiglio di Bacino Rovigo;;;;;;;;;
05029050;Villanova del Ghebbo;Rovigo;Vedi aggregazione: Consiglio di Bacino Rovigo;;;;;;;;;
05029051;Villanova Marchesana;Rovigo;Vedi aggregazione: Consiglio di Bacino Rovigo;;;;;;;;;
15065002;Agropoli;Salerno;1;21.590;13,06;53,21;65,88;22,32;37,54;38,65;;230,66
15065003;Albanella;Salerno;1;6.310;23,43;8,82;3,14;14,99;2,65;58,83;1,81;113,66
15065004;Alfano;Salerno;1;939;17,88;18,55;4,51;;49,43;2,72;;93,08
15065006;Amalfi;Salerno;1;4.876;50,30;27,71;103,48;42,64;280,88;8,33;6,17;519,51
15065007;Angri;Salerno;1;33.885;35,31;36,46;35,31;23,11;13,62;14,38;3,51;161,70
15065008;Aquara;Salerno;1;1.389;14,68;4,24;44,81;19,56;2,49;10,19;;95,97
15065011;Atrani;Salerno;1;801;64,46;37,43;70,77;42,96;49,35;16,37;;281,33
15065012;Auletta;Salerno;1;2.206;11,21;14,96;18,05;13,62;;36,85;;94,69
15065013;Baronissi;Salerno;1;16.953;12,87;39,11;58,25;12,98;;23,21;27,45;173,85
15065158;Bellizzi;Salerno;1;13.418;12,22;16,68;59,40;35,42;36,83;3,69;0,87;169,59
15065016;Bracigliano;Salerno;1;5.386;21,31;15,50;55,74;;19,92;13,15;16,76;142,38
15065017;Buccino;Salerno;1;4.725;22,47;;95,81;;;17,42;;135,70
15065018;Buonabitacolo;Salerno;1;2.449;4,24;20,01;14,51;16,33;23,26;38,98;1,06;118,40
15065019;Caggiano;Salerno;1;2.608;10,52;23,46;9,68;;13,10;49,12;;105,88
15065021;Camerota;Salerno;1;7.077;37,29;48,95;59,51;24,86;41,01;23,33;;234,94
15065022;Campagna;Salerno;1;16.837;81,47;26,08;46,54;15,99;21,11;12,32;6,06;209,58
15065025;Capaccio;Salerno;1;23.142;18,78;33,19;78,99;35,12;23,07;4,99;;209,92
15065028;Casal Velino;Salerno;1;5.425;19,69;19,74;107,41;20,36;11,15;80,72;;259,09
15065029;Caselle in Pittari;Salerno;1;1.891;11,33;34,12;43,58;;10,58;10,05;5,08;114,73
15065034;Castel San Giorgio;Salerno;1;13.456;25,16;23,17;73,45;30,04;8,62;16,45;51,27;228,16
15065035;Castel San Lorenzo;Salerno;1;2.295;94,30;;11,90;;11,11;1,17;10,44;128,93
15065030;Castelcivita;Salerno;1;1.517;28,01;22,44;28,01;20,59;35,17;4,77;1,42;140,41
15065031;Castellabate;Salerno;1;8.878;29,19;47,68;111,68;37,34;83,99;159,92;;469,81
15065033;Castelnuovo di Conza;Salerno;1;494;68,79;31,97;55,29;12,50;;35,03;;207,03
15065036;Castiglione del Genovesi;Salerno;1;1.306;12,86;55,42;64,32;;26,78;24,56;27,14;211,08
15065037;Cava de' Tirreni;Salerno;1;50.774;24,15;22,91;60,95;32,83;44,47;12,04;16,54;286,18
15065038;Celle di Bulgheria;Salerno;1;1.806;7,70;31,91;26,10;;19,75;40,99;9,19;135,64
15065039;Centola;Salerno;1;5.063;37,27;82,39;81,86;;45,49;60,88;16,98;324,87
15065040;Ceraso;Salerno;1;2.260;29,16;12,19;45,74;44,12;2,26;37,20;15,71;186,38
15065041;Cetara;Salerno;1;2.033;70,23;47,67;23,76;29,43;92,00;16,81;;279,91
15065042;Cicerale;Salerno;1;1.183;19,21;22,11;108,89;31,64;23,90;18,34;18,37;269,19
15065043;Colliano;Salerno;1;3.471;23,24;26,74;7,21;18,70;14,24;19,72;50,33;160,19
15065045;Controne;Salerno;1;795;37,85;18,66;50,04;14,11;24,38;37,21;7,30;189,56
15065046;Contursi Terme;Salerno;1;3.243;29,45;24,88;11,23;11,44;52,84;;14,70;144,53
15065047;Corbara;Salerno;1;2.519;21,00;11,66;68,24;7,21;14,76;12,67;10,50;146,04
15065048;Corleto Monforte;Salerno;1;524;18,51;36,47;68,01;;15,57;14,48;3,19;156,23
15065049;Cuccaro Vetere;Salerno;1;557;9,16;;44,22;;9,43;91,51;;154,31
15065050;Eboli;Salerno;1;38.492;28,28;0,10;53,06;43,80;29,86;8,33;2,24;165,67
15065052;Fisciano;Salerno;1;13.788;31,45;16,95;150,04;36,76;33,31;35,12;131,29;434,92
15065054;Futani;Salerno;1;1.108;29,26;16,41;2,51;6,70;6,69;34,12;;95,69
15065055;Giffoni Sei Casali;Salerno;1;4.966;7,39;6,07;66,65;21,44;22,62;12,66;7,63;144,45
15065057;Gioi;Salerno;1;1.170;13,03;15,40;16,10;18,21;14,16;58,63;;135,52
15065059;Ispani;Salerno;1;1.014;138,33;60,85;18,21;84,00;9,76;29,73;2,07;342,94
15065060;Laureana Cilento;Salerno;1;1.201;35,08;32,84;54,53;;17,07;27,11;27,79;212,74
15065061;Laurino;Salerno;1;1.366;26,44;29,82;57,37;27,61;;;;141,25
15065062;Laurito;Salerno;1;729;41,36;10,91;29,36;21,21;15,34;16,10;;134,28
15065063;Laviano;Salerno;1;1.381;16,19;74,34;12,38;;42,57;4,38;;149,86
15065064;Lustra;Salerno;1;1.012;;24,03;71,87;;;45,86;;141,76
15065067;Mercato San Severino;Salerno;1;21.930;25,93;;;99,71;28,01;21,16;56,07;230,88
15065068;Minori;Salerno;1;2.649;66,52;26,85;89,02;24,86;66,91;38,42;;376,12
15065069;Moio della Civitella;Salerno;1;1.856;;53,19;13,30;;;51,81;;118,30
15065070;Montano Antilia;Salerno;1;1.856;44,35;10,50;48,05;11,06;18,56;16,52;;149,04
15065075;Monte San Giacomo;Salerno;1;1.486;23,23;16,61;66,28;1,51;13,91;10,67;53,32;185,53
15065072;Montecorvino Pugliano;Salerno;1;11.138;61,41;28,15;3,59;22,99;10,86;65,58;;192,59
15065074;Monteforte Cilento;Salerno;1;525;29,02;;47,77;18,70;7,62;16,95;;120,07
15065078;Nocera Inferiore;Salerno;1;44.667;56,34;33,16;65,24;24,30;29,74;9,58;8,43;228,25
15065079;Nocera Superiore;Salerno;1;23.983;0,20;18,92;7,84;15,52;15,40;8,40;45,30;116,47
15065082;Olevano sul Tusciano;Salerno;1;6.574;18,33;16,27;64,15;7,82;9,14;3,10;;121,48
15065084;Omignano;Salerno;1;1.667;4,67;23,33;11,66;31,08;8,68;56,85;0,68;136,95
15065085;Orria;Salerno;1;987;12,75;17,53;63,77;9,19;15,05;28,56;;146,86
15065086;Ottati;Salerno;1;634;10,96;21,06;20,82;10,73;18,93;82,49;;164,98
15065087;Padula;Salerno;1;5.014;17,24;10,88;54,38;27,32;;28,88;;138,71
15065088;Pagani;Salerno;1;34.777;45,73;68,44;46,04;10,32;7,74;23,77;2,47;204,50
15065089;Palomonte;Salerno;1;3.835;40,37;25,44;6,23;3,29;;;;75,33
15065090;Pellezzano;Salerno;1;10.863;12,56;52,60;64,97;;32,13;8,73;0,71;171,70
15065091;Perdifumo;Salerno;1;1.765;70,34;30,46;26,24;17,97;16,40;7,64;14,93;183,97
15065097;Polla;Salerno;1;5.217;;1,34;;102,33;11,73;78,31;;193,72
15065099;Pontecagnano Faiano;Salerno;1;25.939;7,92;79,33;67,09;;55,52;8,03;43,36;261,23
15065100;Positano;Salerno;1;3.809;91,90;95,64;175,40;59,57;92,73;80,90;;596,14
15065102;Praiano;Salerno;1;2.008;46,95;29,54;233,02;43,95;80,71;43,75;1,93;479,84
15065103;Prignano Cilento;Salerno;1;1.065;;20,88;43,43;12,31;;72,52;;149,14
15065105;Ricigliano;Salerno;1;1.092;27,34;19,99;38,92;2,78;16,73;18,93;15,61;145,80
15065106;Roccadaspide;Salerno;1;7.012;3,94;43,64;4,54;;71,19;9,86;6,81;139,99
15065107;Roccagloriosa;Salerno;1;1.585;29,32;35,06;10,93;;72,55;16,56;0,99;165,40
15065109;Rofrano;Salerno;1;1.415;40,27;16,25;80,54;24,82;29,40;;;191,28
15065110;Romagnano al Monte;Salerno;1;378;26,20;;42,17;;13,09;15,87;;97,34
15065111;Roscigno;Salerno;1;652;;14,17;92,24;16,20;;48,24;;170,84
15065112;Rutino;Salerno;1;771;22,06;11,25;95,93;22,68;22,26;74,94;7,16;256,27
15065114;Sala Consilina;Salerno;1;11.869;11,62;0,21;45,08;73,61;36,22;8,47;0,85;176,07
15065116;Salerno;Salerno;1;130.240;56,54;42,65;87,61;21,79;53,06;15,41;66,40;344,94
15065117;Salvitelle;Salerno;1;499;46,16;103,11;46,16;;;9,08;55,91;272,11
15065118;San Cipriano Picentino;Salerno;1;6.562;12,39;53,89;61,94;;13,85;16,35;7,45;184,52
15065119;San Giovanni a Piro;Salerno;1;3.709;23,90;36,65;41,44;28,90;51,74;12,29;;194,93
15065121;San Mango Piemonte;Salerno;1;2.689;6,69;56,53;33,47;2,23;28,43;10,04;;137,39
15065122;San Marzano sul Sarno;Salerno;1;10.467;54,96;64,07;33,15;;16,53;5,87;;174,58
15065123;San Mauro Cilento;Salerno;1;868;64,10;96,60;96,70;32,05;16,27;;1,02;306,75
15065124;San Mauro la Bruca;Salerno;1;545;76,00;21,23;;6,20;11,63;47,74;1,34;164,14
15065125;San Pietro al Tanagro;Salerno;1;1.672;31,74;;48,62;;11,64;35,55;;127,55
15065126;San Rufo;Salerno;1;1.655;10,66;14,29;37,33;17,29;6,41;28,32;;114,31
15065132;San Valentino Torio;Salerno;1;11.014;26,82;31,65;37,88;34,15;10,70;26,55;3,61;171,36
15065127;Santa Marina;Salerno;1;3.193;24,92;20,48;8,40;8,71;36,30;49,87;;148,69
15065128;Sant'Angelo a Fasanella;Salerno;1;539;15,91;19,23;63,01;36,58;;5,19;27,83;167,74
15065129;Sant'Arsenio;Salerno;1;2.716;6,71;13,82;30,57;20,09;6,01;34,45;4,93;116,57
15065130;Sant'Egidio del Monte Albino;Salerno;1;8.867;48,01;49,20;55,93;31,97;9,34;18,27;31,89;246,86
15065133;Sanza;Salerno;1;2.414;5,12;11,41;33,06;9,31;3,30;16,70;0,60;79,50
15065135;Sarno;Salerno;1;30.748;19,78;16,06;58,20;29,91;42,92;;;166,87
15065136;Sassano;Salerno;1;4.745;17,59;14,66;35,18;;17,59;50,50;0,93;136,45
15065137;Scafati;Salerno;1;48.762;38,99;42,48;29,74;30,24;12,90;57,16;0,89;212,41
15065138;Scala;Salerno;1;1.524;37,70;19,55;12,63;12,17;48,79;44,43;65,55;249,33
15065139;Serramezzana;Salerno;1;286;33,10;34,29;14,27;;114,13;;23,66;219,45
15065141;Sessa Cilento;Salerno;1;1.227;14,23;81,59;2,71;;;10,04;3,67;113,59
15065142;Siano;Salerno;1;9.554;16,99;29,93;36,12;26,06;17,80;9,68;52,94;190,09
15065143;Sicignano degli Alburni;Salerno;1;3.229;12,23;;49,73;47,90;34,20;3,23;1,32;148,60
15065144;Stella Cilento;Salerno;1;685;36,93;19,11;36,72;14,47;10,22;51,25;;168,70
15065146;Teggiano;Salerno;1;7.432;40,91;35,17;;0,22;12,48;22,78;21,52;133,59
15065148;Torraca;Salerno;1;1.211;90,83;16,52;;49,55;24,77;3,30;;184,97
15065149;Torre Orsaia;Salerno;1;2.044;9,84;10,36;16,62;23,63;32,22;1,07;;93,75
15065150;Tortorella;Salerno;1;482;28,18;2,33;28,86;;16,92;4,26;0,54;97,28
15065151;Tramonti;Salerno;1;4.107;16,98;16,96;69,10;20,39;9,14;14,99;;147,55
15065152;Trentinara;Salerno;1;1.570;;12,74;25,48;89,17;130,57;;;257,96
15065154;Vallo della Lucania;Salerno;1;8.172;20,93;;99,09;;35,40;;;155,42
15065155;Valva;Salerno;1;1.592;19,82;34,70;30,23;;4,28;0,96;;90,00
15065156;Vibonati;Salerno;1;3.260;91,70;39,46;38,75;39,46;19,53;41,88;;270,78
15065157;Vietri sul Mare;Salerno;1;7.408;32,79;;77,31;67,42;47,13;15,16;71,46;311,26
20090001;Aggius;Sassari [fino 2024];Vedi aggregazione: UNIONE DEI COMUNI ALTA GALLURA;;;;;;;;;
20090062;Aglientu;Sassari [fino 2024];1;1.195;80,70;83,88;300,02;69,08;59,43;61,77;11,50;666,38
20090003;Alghero;Sassari [fino 2024];1;42.295;18,19;21,16;95,49;11,94;39,57;26,31;7,59;225,41
20090004;Anela;Sassari [fino 2024];Vedi aggregazione: COMUNITA' MONTANA DEL GOCEANO;;;;;;;;;
20090005;Ardara;Sassari [fino 2024];Vedi aggregazione: UNIONE DEI COMUNI DEL LOGUDORO;;;;;;;;;
20090006;Arzachena;Sassari [fino 2024];1;13.452;27,96;30,95;162,96;60,23;53,42;21,16;115,65;472,33
20090081;Badesi;Sassari [fino 2024];Vedi aggregazione: UNIONE DEI COMUNI ALTA GALLURA;;;;;;;;;
20090008;Benetutti;Sassari [fino 2024];Vedi aggregazione: COMUNITA' MONTANA DEL GOCEANO;;;;;;;;;
20090009;Berchidda;Sassari [fino 2024];1;2.648;8,71;30,73;61,43;2,85;10,29;16,82;1,14;131,97
20090012;Bono - Dato aggregazione COMUNITA' MONTANA DEL GOCEANO;Sassari [fino 2024];10;10.825;19,18;3,38;79,18;11,28;2,27;12,01;6,60;133,91
20090014;Bortigiadas;Sassari [fino 2024];Vedi aggregazione: UNIONE DEI COMUNI ALTA GALLURA;;;;;;;;;
20090016;Bottidda;Sassari [fino 2024];Vedi aggregazione: COMUNITA' MONTANA DEL GOCEANO;;;;;;;;;
20090018;Bultei;Sassari [fino 2024];Vedi aggregazione: COMUNITA' MONTANA DEL GOCEANO;;;;;;;;;
20090019;Bulzi;Sassari [fino 2024];1;467;15,45;12,20;77,90;13,19;;18,59;7,10;144,43
20090020;Burgos;Sassari [fino 2024];Vedi aggregazione: COMUNITA' MONTANA DEL GOCEANO;;;;;;;;;
20090021;Calangianus;Sassari [fino 2024];Vedi aggregazione: UNIONE DEI COMUNI ALTA GALLURA;;;;;;;;;
20090022;Cargeghe;Sassari [fino 2024];Vedi aggregazione: UNIONE DEI COMUNI DEL COROS;;;;;;;;;
20090023;Castelsardo;Sassari [fino 2024];1;5.796;49,79;16,16;76,67;12,17;30,67;14,03;31,37;230,85
20090025;Chiaramonti;Sassari [fino 2024];1;1.553;52,58;;52,58;;;;;105,16
20090026;Codrongianos;Sassari [fino 2024];1;1.298;46,69;18,12;44,14;12,93;;22,53;1,34;145,74
20090088;Erula;Sassari [fino 2024];1;705;10,78;9,42;56,90;10,37;;15,95;6,09;109,51
20090028;Esporlatu;Sassari [fino 2024];Vedi aggregazione: COMUNITA' MONTANA DEL GOCEANO;;;;;;;;;
20090029;Florinas;Sassari [fino 2024];1;1.493;40,75;;38,22;;;2,33;1,17;82,47
20090031;Illorai;Sassari [fino 2024];Vedi aggregazione: COMUNITA' MONTANA DEL GOCEANO;;;;;;;;;
20090032;Ittireddu;Sassari [fino 2024];Vedi aggregazione: UNIONE DEI COMUNI DEL LOGUDORO;;;;;;;;;
20090033;Ittiri;Sassari [fino 2024];Vedi aggregazione: UNIONE DEI COMUNI DEL COROS;;;;;;;;;
20090035;La Maddalena;Sassari [fino 2024];1;10.825;36,36;0,63;123,04;1,19;39,96;21,14;42,62;264,93
20090034;Laerru;Sassari [fino 2024];1;872;75,99;;;71,89;;6,30;;154,18
20090084;Loiri Porto San Paolo;Sassari [fino 2024];1;3.616;69,99;69,95;153,19;;22,37;23,71;6,00;348,53
20090036;Luogosanto;Sassari [fino 2024];Vedi aggregazione: UNIONE DEI COMUNI ALTA GALLURA;;;;;;;;;
20090037;Luras;Sassari [fino 2024];Vedi aggregazione: UNIONE DEI COMUNI ALTA GALLURA;;;;;;;;;
20090038;Mara;Sassari [fino 2024];1;532;6,40;11,25;80,80;6,95;;26,18;24,55;168,25
20090039;Martis;Sassari [fino 2024];1;477;10,86;9,49;57,37;10,45;8,77;16,08;6,14;119,16
20090041;Monti;Sassari [fino 2024];1;2.373;5,85;9,96;65,72;;6,02;4,42;20,93;112,42
20090042;Mores;Sassari [fino 2024];Vedi aggregazione: UNIONE DEI COMUNI DEL LOGUDORO;;;;;;;;;
20090043;Muros;Sassari [fino 2024];Vedi aggregazione: UNIONE DEI COMUNI DEL COROS;;;;;;;;;
20090044;Nughedu San Nicolo;Sassari [fino 2024];Vedi aggregazione: UNIONE DEI COMUNI DEL LOGUDORO;;;;;;;;;
20090045;Nule;Sassari [fino 2024];Vedi aggregazione: COMUNITA' MONTANA DEL GOCEANO;;;;;;;;;
20090047;Olbia;Sassari [fino 2024];1;60.491;17,05;50,58;100,31;5,06;50,09;36,05;29,50;288,64
20090048;Olmedo;Sassari [fino 2024];Vedi aggregazione: UNIONE DEI COMUNI DEL COROS;;;;;;;;;
20090049;Oschiri;Sassari [fino 2024];1;3.119;12,88;16,13;76,62;8,78;16,84;9,21;5,71;146,17
20090051;Ossi - Dato aggregazione UNIONE DEI COMUNI DEL COROS;Sassari [fino 2024];9;29.761;12,14;4,19;81,16;13,72;2,99;17,42;7,48;146,23
20090052;Ozieri - Dato aggregazione UNIONE DEI COMUNI DEL LOGUDORO;Sassari [fino 2024];7;18.534;8,83;9,62;46,51;11,31;14,63;16,42;2,35;109,67
20090090;Padru;Sassari [fino 2024];1;2.068;44,07;;69,25;;12,59;11,14;4,15;141,20
20090054;Palau;Sassari [fino 2024];1;4.103;38,31;71,51;207,36;40,97;70,46;61,37;28,62;518,60
20090055;Pattada;Sassari [fino 2024];Vedi aggregazione: UNIONE DEI COMUNI DEL LOGUDORO;;;;;;;;;
20090058;Porto Torres;Sassari [fino 2024];1;21.443;13,56;;69,73;;42,18;25,84;22,69;175,33
20090060;Putifigari;Sassari [fino 2024];Vedi aggregazione: UNIONE DEI COMUNI DEL COROS;;;;;;;;;
20090061;Romana;Sassari [fino 2024];1;505;31,15;18,30;13,68;6,30;;52,75;8,77;137,67
20090092;San Teodoro;Sassari [fino 2024];1;5.034;24,05;60,26;107,51;48,24;38,03;166,74;31,69;476,52
20090063;Santa Teresa Gallura;Sassari [fino 2024];Vedi aggregazione: UNIONE DEI COMUNI ALTA GALLURA;;;;;;;;;
20090085;Sant'Antonio di Gallura;Sassari [fino 2024];1;1.454;29,68;29,01;71,73;;19,06;7,84;20,39;177,71
20090064;Sassari;Sassari [fino 2024];1;124.111;19,93;25,28;51,82;10,04;49,62;29,91;;186,60
20090065;Sedini;Sassari [fino 2024];Vedi aggregazione: ASSOCIAZIONE DEI COMUNI VALLEDORIA VIDDALBA SEDINI;;;;;;;;;
20090067;Sennori;Sassari [fino 2024];1;7.043;7,84;6,03;74,26;17,76;22,49;15,45;24,78;168,60
20090069;Sorso;Sassari [fino 2024];1;14.421;15,03;32,57;77,81;13,18;15,02;21,36;12,52;189,21
20090089;Stintino;Sassari [fino 2024];1;1.565;67,19;47,53;262,34;42,53;252,13;112,63;132,52;1.103,11
20090080;Telti;Sassari [fino 2024];1;2.249;18,58;5,90;42,42;;6,06;42,26;14,85;130,07
20090070;Tempio Pausania - Dato aggregazione UNIONE DEI COMUNI ALTA GALLURA;Sassari [fino 2024];8;30.836;16,98;22,16;84,15;17,66;38,20;19,52;20,16;218,82
20090072;Tissi;Sassari [fino 2024];Vedi aggregazione: UNIONE DEI COMUNI DEL COROS;;;;;;;;;
20090075;Tula;Sassari [fino 2024];Vedi aggregazione: UNIONE DEI COMUNI DEL LOGUDORO;;;;;;;;;
20090076;Uri;Sassari [fino 2024];Vedi aggregazione: UNIONE DEI COMUNI DEL COROS;;;;;;;;;
20090077;Usini;Sassari [fino 2024];Vedi aggregazione: UNIONE DEI COMUNI DEL COROS;;;;;;;;;
20090079;Valledoria - Dato aggregazione ASSOCIAZIONE DEI COMUNI VALLEDORIA VIDDALBA SEDINI;Sassari [fino 2024];3;7.251;34,00;23,76;86,88;8,73;12,16;8,99;8,34;182,87
20090082;Viddalba;Sassari [fino 2024];Vedi aggregazione: ASSOCIAZIONE DEI COMUNI VALLEDORIA VIDDALBA SEDINI;;;;;;;;;
07009001;Alassio;Savona;1;10.322;77,68;49,41;148,26;35,45;68,28;26,76;27,29;433,13
07009002;Albenga;Savona;1;23.304;44,18;41,67;66,36;3,90;31,00;29,61;8,65;225,38
07009004;Albisola Superiore;Savona;1;9.622;10,54;10,24;63,74;28,21;43,41;40,17;8,74;205,05
07009003;Albissola Marina;Savona;1;5.251;26,34;16,29;80,68;12,46;62,07;44,45;32,84;275,14
07009005;Altare;Savona;1;1.968;12,10;5,13;58,11;10,39;;47,89;9,03;142,64
07009006;Andora;Savona;1;7.289;72,72;105,17;55,59;3,82;23,29;21,66;21,31;303,57
07009007;Arnasco;Savona;1;582;14,51;9,42;39,84;;17,26;53,04;8,13;142,20
07009008;Balestrino;Savona;1;534;18,51;3,65;88,51;11,31;3,16;14,87;6,45;146,46
07009009;Bardineto;Savona;1;748;11,56;36,51;90,92;;24,34;14,40;8,65;192,98
07009010;Bergeggi;Savona;1;1.077;46,06;18,75;163,30;;61,82;85,63;41,53;441,83
07009011;Boissano;Savona;1;2.500;11,54;7,13;43,26;9,85;20,62;23,69;5,08;121,15
07009012;Borghetto Santo Spirito;Savona;1;4.536;47,80;51,16;116,88;17,44;41,51;111,26;66,63;452,67
07009013;Borgio Verezzi;Savona;1;2.066;42,67;32,01;117,14;;41,60;130,85;22,67;400,33
07009014;Bormida;Savona;1;355;11,39;6,17;51,36;13,22;;17,16;17,32;118,09
07009015;Cairo Montenotte;Savona;1;12.664;16,28;7,45;82,38;14,76;;39,22;18,95;179,04
07009016;Calice Ligure;Savona;1;1.705;14,36;6,55;57,08;6,61;8,20;32,01;7,06;147,85
07009017;Calizzano;Savona;1;1.430;15,21;10,18;41,80;21,62;14,84;34,61;;138,27
07009018;Carcare;Savona;1;5.367;11,36;11,28;51,61;25,31;26,34;13,68;2,15;141,74
07009019;Casanova Lerrone;Savona;1;705;34,47;30,83;46,92;16,09;6,17;24,89;16,10;195,68
07009021;Castelvecchio di Rocca Barbena;Savona;1;132;31,08;10,38;85,33;;30,30;96,78;17,02;270,89
07009022;Celle Ligure;Savona;1;5.025;35,27;22,53;92,24;22,43;78,43;74,42;54,83;380,16
07009023;Cengio;Savona;1;3.290;11,31;19,87;37,88;8,30;6,51;27,39;9,74;121,01
07009024;Ceriale;Savona;1;5.392;28,37;22,60;124,91;31,20;57,20;43,59;76,67;390,11
07009025;Cisano sul Neva;Savona;1;2.084;16,49;10,53;45,25;8,10;18,83;28,93;9,05;137,18
07009026;Cosseria;Savona;1;1.048;11,83;5,41;38,10;14,53;;63,90;9,67;143,45
07009027;Dego;Savona;1;1.906;13,96;5,74;52,33;14,13;;18,74;13,70;118,59
07009028;Erli;Savona;1;217;12,62;6,35;29,00;;10,30;49,64;6,02;113,92
07009029;Finale Ligure;Savona;1;11.252;30,19;34,10;101,51;35,25;79,64;48,11;34,82;363,63
07009030;Garlenda;Savona;1;1.288;21,42;8,49;111,78;9,73;12,90;16,79;16,35;197,46
07009032;Giusvalla;Savona;1;408;8,64;;36,38;14,98;;6,82;4,79;71,62
07009033;Laigueglia;Savona;1;1.716;61,35;24,38;141,80;35,88;174,83;171,39;32,14;641,76
07009034;Loano;Savona;1;10.717;24,96;54,14;101,98;13,94;59,04;45,72;18,02;317,80
07009035;Magliolo;Savona;1;937;24,07;5,93;79,44;15,59;;41,83;9,26;213,87
07009037;Massimino;Savona;1;104;44,94;5,97;73,13;;;62,47;;186,52
07009038;Millesimo;Savona;1;3.224;10,94;65,46;39,76;21,82;34,66;35,62;4,03;212,29
07009039;Mioglia;Savona;1;498;27,74;25,24;29,34;9,04;;23,36;15,46;130,18
07009040;Murialdo;Savona;1;767;6,53;8,63;96,31;3,60;;;;115,07
07009041;Nasino;Savona;1;170;14,67;12,78;40,28;2,59;23,14;45,53;8,08;147,06
07009042;Noli;Savona;1;2.459;53,16;27,67;151,31;18,68;56,04;70,36;49,88;427,11
07009043;Onzo;Savona;1;215;88,00;3,52;11,69;12,46;18,98;33,54;10,46;178,65
07009044;Orco Feglino;Savona;1;919;18,92;7,09;66,60;13,38;;26,50;6,63;139,11
07009045;Ortovero;Savona;1;1.586;7,88;15,07;46,34;9,84;6,37;29,95;;115,45
07009046;Osiglia;Savona;1;435;68,89;38,27;23,51;6,28;;43,49;7,67;188,10
07009047;Pallare;Savona;1;923;15,45;6,27;45,35;11,65;;15,60;10,26;104,58
07009048;Piana Crixia;Savona;1;782;12,40;5,41;43,45;12,68;;28,00;6,92;108,85
07009049;Pietra Ligure;Savona;1;8.332;32,75;58,82;95,97;2,60;51,33;39,58;33,67;314,71
07009050;Plodio;Savona;1;626;34,48;15,37;64,04;1,97;;35,44;2,05;153,35
07009051;Pontinvrea;Savona;1;833;54,06;18,87;0,30;17,29;39,49;38,40;;168,40
07009053;Rialto;Savona;1;556;85,61;3,88;5,67;23,67;;9,32;6,52;254,64
07009054;Roccavignale;Savona;1;765;13,38;16,38;57,23;19,24;27,17;26,84;8,37;168,61
07009055;Sassello;Savona;1;1.771;21,82;18,43;59,90;;21,27;73,94;11,03;206,69
07009056;Savona;Savona;1;58.566;21,50;42,84;55,00;;19,53;71,42;13,51;223,81
07009057;Spotorno;Savona;1;3.551;36,48;15,57;97,35;61,95;92,70;75,74;90,68;470,48
07009058;Stella;Savona;1;2.957;13,17;8,38;39,84;7,99;12,84;35,46;7,31;132,07
07009059;Stellanello;Savona;1;820;33,18;25,09;11,66;8,43;4,77;9,29;20,86;114,69
07009060;Testico;Savona;1;173;42,51;62,12;28,34;13,69;29,66;37,90;;214,23
07009061;Toirano;Savona;1;2.660;93,49;11,94;10,33;15,17;3,18;19,22;6,71;176,30
07009062;Tovo San Giacomo;Savona;1;2.542;16,18;4,44;55,41;9,97;;24,68;7,53;132,49
07009063;Urbe;Savona;1;671;35,51;16,89;97,48;;34,62;71,24;17,49;273,46
07009064;Vado Ligure;Savona;1;8.104;29,68;2,16;99,35;8,11;36,85;33,32;30,21;257,30
07009065;Varazze;Savona;1;12.738;36,46;31,51;69,39;34,26;57,66;49,90;51,86;331,04
07009066;Vendone;Savona;1;365;64,93;3,84;8,52;20,61;5,78;55,82;7,59;167,10
07009067;Vezzi Portio;Savona;1;795;13,79;36,23;28,83;8,52;;25,48;;112,85
07009068;Villanova d'Albenga;Savona;1;2.773;37,73;;56,42;;26,95;25,94;24,20;177,94
09052001;Abbadia San Salvatore;Siena;1;6.157;21,37;16,12;46,85;68,08;29,75;33,54;15,00;230,71
09052002;Asciano;Siena;1;6.837;17,24;5,03;43,83;57,76;;;;123,86
09052003;Buonconvento;Siena;1;3.093;26,57;16,34;38,24;71,69;30,61;39,51;21,34;244,30
09052006;Castelnuovo Berardenga;Siena;1;8.791;18,64;9,82;39,74;53,87;15,18;35,82;15,34;188,43
09052007;Castiglione d'Orcia;Siena;1;2.158;47,58;25,12;19,41;81,75;53,63;51,42;17,14;296,05
09052008;Cetona;Siena;1;2.533;33,84;17,99;30,52;67,59;14,24;49,17;8,57;221,91
09052009;Chianciano Terme;Siena;1;6.843;25,53;9,78;72,97;75,41;27,22;41,64;26,20;278,75
09052010;Chiusdino;Siena;1;1.802;32,53;14,34;61,41;63,16;31,02;29,75;7,89;240,50
09052011;Chiusi;Siena;1;8.148;15,14;3,55;68,81;63,35;27,49;35,74;20,05;234,14
09052013;Gaiole in Chianti;Siena;1;2.615;28,84;11,01;31,16;49,66;24,71;24,90;16,77;187,05
09052037;Montalcino;Siena;1;5.704;38,76;17,94;38,40;77,99;50,32;35,36;23,92;282,71
09052015;Montepulciano;Siena;1;13.565;25,24;13,60;56,77;73,51;49,67;33,09;24,61;276,49
09052016;Monteriggioni;Siena;1;9.978;13,65;12,43;40,80;70,42;12,51;28,53;15,73;194,07
09052017;Monteroni d'Arbia;Siena;1;8.988;18,03;4,57;37,17;53,47;16,85;35,86;19,39;185,34
09052018;Monticiano;Siena;1;1.516;25,10;10,25;62,67;53,86;1,48;31,55;28,16;213,07
09052019;Murlo;Siena;1;2.422;24,86;10,83;47,19;70,30;17,80;25,97;12,55;209,49
09052020;Piancastagnaio;Siena;1;4.037;43,73;26,70;30,31;83,21;31,08;35,73;4,27;255,02
09052021;Pienza;Siena;1;2.029;28,00;9,22;96,40;74,40;46,97;55,07;12,27;327,15
09052022;Poggibonsi;Siena;1;28.681;20,47;15,03;37,95;65,16;26,87;18,66;3,61;187,75
09052023;Radda in Chianti;Siena;1;1.489;43,24;33,87;38,54;116,72;4,43;79,08;18,55;334,43
09052025;Radicondoli;Siena;1;916;31,42;14,66;66,04;65,15;37,88;90,32;19,73;325,21
09052026;Rapolano Terme;Siena;1;5.180;17,76;6,84;45,42;57,66;16,87;37,56;13,22;195,33
09052027;San Casciano dei Bagni;Siena;1;1.571;43,06;22,57;48,81;83,95;42,26;80,32;16,59;337,56
09052028;San Gimignano;Siena;1;7.494;32,66;18,73;60,18;74,36;27,46;27,53;25,09;266,01
09052030;San Quirico d'Orcia;Siena;1;2.644;22,27;16,67;35,60;68,33;33,50;35,35;22,51;234,23
09052031;Sarteano;Siena;1;4.533;18,83;10,28;49,14;66,26;27,07;42,27;24,10;237,96
09052032;Siena;Siena;1;54.195;33,80;15,50;47,83;71,47;52,84;30,02;19,49;270,93
09052034;Sovicille;Siena;1;9.811;22,94;4,94;50,08;51,97;9,00;27,08;5,09;171,10
09052035;Torrita di Siena;Siena;1;7.062;24,25;3,18;45,91;55,01;25,46;26,81;24,53;205,16
09052036;Trequanda;Siena;1;1.201;21,08;9,61;61,27;62,26;53,12;46,56;4,81;258,71
19089001;Augusta;Siracusa;1;34.490;26,91;50,01;58,70;10,76;33,45;59,29;13,32;253,88
19089003;Buccheri;Siracusa;1;1.831;13,24;0,69;13,00;17,44;;81,22;5,25;130,84
19089004;Buscemi;Siracusa;1;975;51,54;21,71;20,75;3,55;8,67;4,93;11,87;123,02
19089005;Canicattini Bagni;Siracusa;1;6.643;15,42;22,11;;55,64;25,38;10,12;;128,67
19089009;Floridia;Siracusa;1;21.138;7,56;76,90;35,66;;;;;120,76
19089011;Lentini;Siracusa;1;21.919;77,19;29,65;1,37;9,35;51,46;7,11;;176,14
19089012;Melilli;Siracusa;1;13.345;79,69;75,75;15,53;11,47;26,73;53,01;3,46;302,69
19089013;Noto;Siracusa;1;23.742;20,93;41,04;62,11;14,17;58,50;69,87;4,69;271,31
19089015;Palazzolo Acreide;Siracusa;1;8.323;9,47;19,39;33,95;22,53;12,01;56,15;6,75;160,25
19089021;Priolo Gargallo;Siracusa;1;11.508;103,55;42,76;20,12;8,69;69,03;85,46;;329,62
19089018;Solarino;Siracusa;1;7.617;9,86;10,64;75,02;18,85;32,52;30,46;7,40;184,75
19089019;Sortino;Siracusa;1;8.324;11,07;20,77;57,77;9,94;19,21;9,43;;128,19
03014001;Albaredo per San Marco;Sondrio;1;286;22,73;16,49;49,15;22,81;15,73;25,06;;151,97
03014002;Albosaggia;Sondrio;1;3.037;16,97;25,77;21,07;20,35;0,03;12,41;9,37;105,97
03014003;Andalo Valtellino;Sondrio;1;583;23,88;41,76;26,27;22,62;0,17;3,81;9,52;128,03
03014004;Aprica;Sondrio;1;1.482;65,49;67,78;111,49;57,41;5,23;24,36;18,70;350,46
03014005;Ardenno;Sondrio;1;3.224;14,06;20,63;28,33;33,32;0,05;9,30;8,65;114,35
03014006;Bema;Sondrio;1;117;81,52;34,02;22,09;28,09;39,59;55,88;10,28;271,48
03014007;Berbenno di Valtellina;Sondrio;1;4.047;16,85;38,52;24,27;19,34;0,36;10,96;8,67;135,32
03014008;Bianzone;Sondrio;1;1.278;18,00;22,45;29,31;22,02;;11,25;6,88;109,90
03014009;Bormio;Sondrio;1;4.091;62,82;79,74;126,61;72,73;50,43;24,33;;552,26
03014010;Buglio in Monte;Sondrio;1;1.977;16,69;38,69;16,69;13,66;;16,69;1,52;103,95
03014012;Campodolcino;Sondrio;1;917;89,96;62,50;43,10;36,62;10,84;68,33;39,47;362,13
03014013;Caspoggio;Sondrio;Vedi aggregazione: Unione dei Comuni Lombarda della Valmalenco;;;;;;;;;
03014014;Castello dell'Acqua;Sondrio;1;599;15,48;23,24;36,99;19,23;4,75;30,43;;130,12
03014015;Castione Andevenno;Sondrio;1;1.555;24,56;39,20;34,14;24,38;5,56;23,75;16,19;167,79
03014016;Cedrasco;Sondrio;1;432;23,15;25,18;8,82;33,05;4,63;20,83;;124,29
03014018;Chiavenna;Sondrio;1;7.207;25,42;38,62;20,80;30,36;18,53;9,73;11,42;154,87
03014019;Chiesa in Valmalenco - Dato aggregazione Unione dei Comuni Lombarda della Valmalenco;Sondrio;3;5.024;58,97;28,47;38,44;15,44;14,03;16,80;9,90;182,06
03014020;Chiuro;Sondrio;1;2.450;21,75;29,81;41,72;36,41;6,28;12,04;21,24;169,25
03014021;Cino;Sondrio;1;336;30,32;21,21;16,44;15,32;;11,09;1,49;95,86
03014022;Civo;Sondrio;1;1.127;52,05;34,89;81,15;17,10;3,94;54,67;7,64;251,43
03014023;Colorina;Sondrio;1;1.353;21,09;27,34;27,96;11,15;0,71;5,20;5,58;99,02
03014024;Cosio Valtellino;Sondrio;1;5.420;13,26;31,55;12,35;15,60;3,34;15,58;17,01;108,70
03014025;Dazio;Sondrio;1;471;40,48;30,96;70,53;22,93;9,76;10,12;;184,79
03014026;Delebio;Sondrio;1;3.296;20,89;34,17;31,93;24,09;0,07;14,78;8,79;134,71
03014027;Dubino;Sondrio;1;3.685;23,06;31,09;4,36;20,50;0,50;1,62;;81,13
03014028;Faedo Valtellino;Sondrio;1;532;22,83;16,38;35,58;17,51;;13,73;;106,03
03014029;Forcola;Sondrio;1;768;23,20;18,35;38,58;19,57;0,77;10,53;5,90;116,91
03014030;Fusine;Sondrio;1;549;11,83;38,66;44,82;8,94;;5,97;;110,22
03014031;Gerola Alta;Sondrio;1;158;153,85;87,80;106,92;72,51;10,13;59,67;;490,87
03014032;Gordona;Sondrio;1;1.945;3,44;70,66;24,82;16,47;13,05;15,55;12,22;199,57
03014033;Grosio;Sondrio;1;4.427;15,12;27,29;15,89;8,10;2,14;2,99;6,34;77,86
03014034;Grosotto;Sondrio;1;1.644;16,46;43,55;26,87;16,44;0,12;8,49;13,30;125,22
03014036;Lanzada;Sondrio;Vedi aggregazione: Unione dei Comuni Lombarda della Valmalenco;;;;;;;;;
03014037;Livigno;Sondrio;1;6.791;117,57;93,51;69,65;46,81;1,63;11,82;64,89;473,85
03014038;Lovero;Sondrio;1;630;26,62;27,20;6,68;20,28;11,31;4,26;19,13;115,48
03014035;Madesimo;Sondrio;1;536;202,54;123,52;166,41;62,51;54,86;83,00;62,73;755,56
03014039;Mantello;Sondrio;1;743;26,33;29,19;16,13;20,49;1,36;2,39;7,49;103,38
03014040;Mazzo di Valtellina;Sondrio;1;1.022;22,73;26,72;19,71;14,86;7,95;12,76;;104,73
03014041;Mello;Sondrio;1;939;9,62;20,01;24,29;14,86;5,32;7,56;7,08;88,76
03014043;Mese;Sondrio;1;1.838;16,12;24,05;9,08;17,87;0,67;11,55;14,88;94,21
03014044;Montagna in Valtellina;Sondrio;1;2.967;14,93;26,30;34,17;22,92;1,95;17,96;;118,24
03014045;Morbegno;Sondrio;1;12.342;15,33;30,96;25,51;21,88;1,97;4,47;11,30;111,42
03014046;Novate Mezzola;Sondrio;1;1.879;20,93;31,20;32,14;26,26;7,67;8,76;11,40;138,37
03014047;Pedesina;Sondrio;1;35;197,54;67,91;163,11;45,14;20,00;63,51;;557,23
03014048;Piantedo;Sondrio;1;1.428;21,91;38,07;22,09;24,98;2,17;13,76;9,46;132,43
03014049;Piateda;Sondrio;1;2.090;27,58;33,59;16,38;24,43;0,28;7,57;12,09;121,93
03014050;Piuro;Sondrio;1;1.914;19,49;7,59;52,32;42,49;2,19;5,45;11,03;144,05
03014051;Poggiridenti;Sondrio;1;1.847;22,07;35,74;34,78;27,60;3,26;9,67;15,58;148,68
03014052;Ponte in Valtellina;Sondrio;1;2.243;14,91;25,85;36,48;26,44;0,42;7,50;8,11;119,72
03014054;Prata Camportaccio;Sondrio;1;2.945;13,69;22,07;18,21;22,37;1,23;11,97;7,44;97,30
03014055;Rasura;Sondrio;1;290;57,87;39,43;24,70;15,76;11,03;37,28;;186,07
03014056;Rogolo;Sondrio;1;540;29,84;39,14;35,31;25,23;6,39;31,75;9,64;177,30
03014057;Samolaco;Sondrio;1;2.855;14,23;21,70;15,48;13,96;6,72;25,12;5,22;102,42
03014058;San Giacomo Filippo;Sondrio;1;361;72,56;48,76;69,23;31,32;8,74;35,81;11,99;278,40
03014059;Sernio;Sondrio;1;491;23,42;23,45;12,67;12,55;10,21;5,72;5,32;93,33
03014060;Sondalo;Sondrio;1;3.996;26,04;34,44;23,64;17,41;9,40;15,14;7,63;133,70
03014061;Sondrio;Sondrio;1;21.283;49,26;35,02;47,47;26,22;3,18;13,24;10,21;184,59
03014062;Spriana;Sondrio;Vedi aggregazione: Unione comuni Spriana-Torre di Santa Maria;;;;;;;;;
03014063;Talamona;Sondrio;1;4.610;12,28;35,36;15,41;21,22;8,35;4,55;2,99;103,90
03014064;Tartano;Sondrio;1;197;70,02;;97,16;;22,84;29,85;;219,87
03014065;Teglio;Sondrio;1;4.430;26,34;30,71;35,47;23,49;9,39;10,14;0,69;136,22
03014066;Tirano;Sondrio;1;8.838;18,94;39,88;25,37;11,62;15,21;4,66;10,71;130,19
03014067;Torre di Santa Maria - Dato aggregazione Unione comuni Spriana-Torre di Santa Maria;Sondrio;2;834;36,20;25,49;36,55;11,08;3,03;31,62;;143,96
03014068;Tovo di Sant'Agata;Sondrio;1;643;22,28;23,28;12,68;14,58;11,11;3,83;5,53;93,29
03014069;Traona;Sondrio;1;2.835;20,53;21,39;21,31;16,91;0,06;20,57;5,83;106,60
03014070;Tresivio;Sondrio;1;2.013;21,15;27,38;33,76;17,16;0,24;12,29;;111,98
03014074;Val Masino;Sondrio;1;873;49,62;48,81;44,38;17,42;2,52;2,49;12,01;177,27
03014071;Valdidentro;Sondrio;1;4.160;42,74;40,74;45,58;24,07;9,51;2,46;13,40;178,51
03014072;Valdisotto;Sondrio;1;3.627;43,44;29,22;31,04;13,94;4,23;5,64;;127,51
03014073;Valfurva;Sondrio;1;2.513;63,66;27,84;44,08;13,79;12,51;7,23;4,32;207,55
03014075;Verceia;Sondrio;1;1.062;20,74;25,63;28,10;21,07;7,66;18,90;7,13;129,21
03014076;Vervio;Sondrio;1;210;53,79;35,50;25,67;15,05;0,13;10,50;;140,64
03014077;Villa di Chiavenna;Sondrio;1;955;33,65;44,02;30,66;23,87;1,73;6,33;16,37;169,24
03014078;Villa di Tirano;Sondrio;1;2.931;27,37;34,80;25,24;22,02;0,27;2,19;8,50;120,67
20111002;Armungia;Sud Sardegna [fino 2024];Vedi aggregazione: UNIONE DEI COMUNI DEL GERREI;;;;;;;;;
20111003;Ballao;Sud Sardegna [fino 2024];Vedi aggregazione: UNIONE DEI COMUNI DEL GERREI;;;;;;;;;
20111005;Barumini;Sud Sardegna [fino 2024];Vedi aggregazione: UNIONE COMUNI MARMILLA;;;;;;;;;
20111007;Burcei;Sud Sardegna [fino 2024];1;2.712;37,49;28,57;42,74;18,21;23,53;11,49;;162,02
20111008;Calasetta;Sud Sardegna [fino 2024];1;2.822;230,10;41,84;;19,41;27,52;24,81;8,05;366,66
20111009;Carbonia;Sud Sardegna [fino 2024];1;26.472;11,66;15,67;64,87;21,77;31,46;17,02;3,21;166,34
20111012;Collinas;Sud Sardegna [fino 2024];Vedi aggregazione: UNIONE COMUNI MARMILLA;;;;;;;;;
20111013;Decimoputzu;Sud Sardegna [fino 2024];1;4.269;9,99;14,32;36,83;10,21;4,16;7,59;5,81;88,91
20111016;Domusnovas;Sud Sardegna [fino 2024];1;5.993;28,61;24,09;50,90;14,36;;19,84;;137,81
20111018;Escalaplano;Sud Sardegna [fino 2024];Vedi aggregazione: COMUNITA' MONTANA DEL SARCIDANO BARBAGIA DI SEULO;;;;;;;;;
20111019;Escolca;Sud Sardegna [fino 2024];Vedi aggregazione: COMUNITA' MONTANA DEL SARCIDANO BARBAGIA DI SEULO;;;;;;;;;
20111020;Esterzili;Sud Sardegna [fino 2024];Vedi aggregazione: COMUNITA' MONTANA DEL SARCIDANO BARBAGIA DI SEULO;;;;;;;;;
20111022;Furtei;Sud Sardegna [fino 2024];Vedi aggregazione: UNIONE COMUNI MARMILLA;;;;;;;;;
20111023;Genoni;Sud Sardegna [fino 2024];Vedi aggregazione: COMUNITA' MONTANA DEL SARCIDANO BARBAGIA DI SEULO;;;;;;;;;
20111024;Genuri;Sud Sardegna [fino 2024];Vedi aggregazione: UNIONE COMUNI MARMILLA;;;;;;;;;
20111025;Gergei;Sud Sardegna [fino 2024];1;1.163;;14,02;59,32;13,06;;3,44;;89,83
20111026;Gesico;Sud Sardegna [fino 2024];Vedi aggregazione: UNIONE DEI COMUNI DELLA TREXENTA;;;;;;;;;
20111027;Gesturi;Sud Sardegna [fino 2024];Vedi aggregazione: UNIONE COMUNI MARMILLA;;;;;;;;;
20111028;Giba;Sud Sardegna [fino 2024];1;1.931;2,48;23,86;17,09;17,15;4,66;50,85;;116,09
20111029;Goni;Sud Sardegna [fino 2024];Vedi aggregazione: UNIONE DEI COMUNI DEL GERREI;;;;;;;;;
20111031;Gonnosfanadiga;Sud Sardegna [fino 2024];1;6.330;13,66;15,69;36,32;11,19;6,71;17,40;24,02;125,37
20111033;Guasila;Sud Sardegna [fino 2024];Vedi aggregazione: UNIONE DEI COMUNI DELLA TREXENTA;;;;;;;;;
20111034;Guspini;Sud Sardegna [fino 2024];1;11.385;10,80;24,33;65,91;;29,37;7,08;2,56;140,04
20111035;Iglesias;Sud Sardegna [fino 2024];1;25.602;8,80;40,17;54,68;;31,01;15,48;24,61;174,86
20111036;Isili - Dato aggregazione COMUNITA' MONTANA DEL SARCIDANO BARBAGIA DI SEULO;Sud Sardegna [fino 2024];15;19.061;16,26;6,49;79,38;12,26;;11,14;6,42;131,95
20111037;Las Plassas;Sud Sardegna [fino 2024];Vedi aggregazione: UNIONE COMUNI MARMILLA;;;;;;;;;
20111038;Lunamatrona;Sud Sardegna [fino 2024];Vedi aggregazione: UNIONE COMUNI MARMILLA;;;;;;;;;
20111040;Masainas;Sud Sardegna [fino 2024];1;1.253;29,62;18,52;61,21;10,38;;13,67;;133,40
20111045;Nuragus;Sud Sardegna [fino 2024];Vedi aggregazione: COMUNITA' MONTANA DEL SARCIDANO BARBAGIA DI SEULO;;;;;;;;;
20111046;Nurallao;Sud Sardegna [fino 2024];Vedi aggregazione: COMUNITA' MONTANA DEL SARCIDANO BARBAGIA DI SEULO;;;;;;;;;
20111048;Nurri;Sud Sardegna [fino 2024];Vedi aggregazione: COMUNITA' MONTANA DEL SARCIDANO BARBAGIA DI SEULO;;;;;;;;;
20111049;Nuxis;Sud Sardegna [fino 2024];1;1.473;18,39;29,05;67,85;13,38;7,56;29,86;;167,44
20111050;Orroli;Sud Sardegna [fino 2024];Vedi aggregazione: COMUNITA' MONTANA DEL SARCIDANO BARBAGIA DI SEULO;;;;;;;;;
20111051;Ortacesus;Sud Sardegna [fino 2024];Vedi aggregazione: UNIONE DEI COMUNI DELLA TREXENTA;;;;;;;;;
20111052;Pabillonis;Sud Sardegna [fino 2024];1;2.600;10,25;17,33;43,71;22,86;8,14;41,98;9,21;153,48
20111053;Pauli Arbarei;Sud Sardegna [fino 2024];Vedi aggregazione: UNIONE COMUNI MARMILLA;;;;;;;;;
20111054;Perdaxius;Sud Sardegna [fino 2024];1;1.352;18,75;15,43;33,65;5,07;2,22;19,67;;94,78
20111055;Pimentel;Sud Sardegna [fino 2024];Vedi aggregazione: UNIONE DEI COMUNI DELLA TREXENTA;;;;;;;;;
20111056;Piscinas;Sud Sardegna [fino 2024];1;822;24,45;16,01;57,18;15,12;10,79;6,76;;130,31
20111058;Sadali;Sud Sardegna [fino 2024];Vedi aggregazione: COMUNITA' MONTANA DEL SARCIDANO BARBAGIA DI SEULO;;;;;;;;;
20111059;Samassi;Sud Sardegna [fino 2024];1;4.930;12,40;20,35;45,78;18,30;4,88;11,36;41,18;154,65
20111061;San Basilio;Sud Sardegna [fino 2024];Vedi aggregazione: UNIONE DEI COMUNI DEL GERREI;;;;;;;;;
20111062;San Gavino Monreale;Sud Sardegna [fino 2024];1;8.224;6,06;42,63;25,97;27,62;6,42;19,24;1,89;129,82
20111063;San Giovanni Suergiu;Sud Sardegna [fino 2024];1;5.705;13,78;9,69;82,85;15,42;15,12;5,01;;141,88
20111064;San Nicolo Gerrei - Dato aggregazione UNIONE DEI COMUNI DEL GERREI;Sud Sardegna [fino 2024];8;7.347;4,97;8,48;25,24;7,50;;49,77;5,10;101,06
20111065;San Sperate;Sud Sardegna [fino 2024];1;8.384;15,04;9,31;54,61;15,59;9,50;9,39;;113,44
20111066;San Vito;Sud Sardegna [fino 2024];1;3.504;39,05;;90,09;13,09;;0,56;;142,80
20111067;Sanluri;Sud Sardegna [fino 2024];Vedi aggregazione: UNIONE COMUNI MARMILLA;;;;;;;;;
20111068;Santadi;Sud Sardegna [fino 2024];1;3.264;52,87;16,68;52,87;15,28;;5,51;;143,22
20111069;Sant'Andrea Frius;Sud Sardegna [fino 2024];Vedi aggregazione: UNIONE DEI COMUNI DEL GERREI;;;;;;;;;
20111071;Sant'Antioco;Sud Sardegna [fino 2024];1;10.814;11,36;11,01;51,01;20,45;32,44;17,34;7,77;151,39
20111072;Sardara;Sud Sardegna [fino 2024];1;3.926;10,73;8,93;26,15;57,27;7,74;7,64;6,06;126,77
20111073;Segariu;Sud Sardegna [fino 2024];Vedi aggregazione: UNIONE COMUNI MARMILLA;;;;;;;;;
20111074;Selegas;Sud Sardegna [fino 2024];Vedi aggregazione: UNIONE DEI COMUNI DELLA TREXENTA;;;;;;;;;
20111075;Senorbi - Dato aggregazione;Sud Sardegna [fino 2024];7;9.716;14,41;;65,63;13,29;;9,64;7,10;110,06
20111077;Serramanna;Sud Sardegna [fino 2024];1;8.715;8,89;15,03;33,53;19,82;15,15;11,68;18,29;122,40
20111078;Serrenti;Sud Sardegna [fino 2024];1;4.672;12,29;25,14;52,29;9,00;5,35;20,50;;124,58
20111079;Serri;Sud Sardegna [fino 2024];Vedi aggregazione: COMUNITA' MONTANA DEL SARCIDANO BARBAGIA DI SEULO;;;;;;;;;
20111080;Setzu;Sud Sardegna [fino 2024];Vedi aggregazione: UNIONE COMUNI MARMILLA;;;;;;;;;
20111081;Seui;Sud Sardegna [fino 2024];Vedi aggregazione: COMUNITA' MONTANA DEL SARCIDANO BARBAGIA DI SEULO;;;;;;;;;
20111082;Seulo;Sud Sardegna [fino 2024];Vedi aggregazione: COMUNITA' MONTANA DEL SARCIDANO BARBAGIA DI SEULO;;;;;;;;;
20111083;Siddi;Sud Sardegna [fino 2024];Vedi aggregazione: UNIONE COMUNI MARMILLA;;;;;;;;;
20111085;Silius;Sud Sardegna [fino 2024];Vedi aggregazione: UNIONE DEI COMUNI DEL GERREI;;;;;;;;;
20111086;Siurgus Donigala;Sud Sardegna [fino 2024];Vedi aggregazione: UNIONE DEI COMUNI DELLA TREXENTA;;;;;;;;;
20111088;Suelli;Sud Sardegna [fino 2024];Vedi aggregazione: UNIONE DEI COMUNI DELLA TREXENTA;;;;;;;;;
20111089;Teulada;Sud Sardegna [fino 2024];1;3.384;27,44;27,02;91,95;19,18;26,90;20,84;12,65;226,41
20111091;Tuili;Sud Sardegna [fino 2024];Vedi aggregazione: UNIONE COMUNI MARMILLA;;;;;;;;;
20111092;Turri;Sud Sardegna [fino 2024];Vedi aggregazione: UNIONE COMUNI MARMILLA;;;;;;;;;
20111094;Ussaramanna;Sud Sardegna [fino 2024];Vedi aggregazione: UNIONE COMUNI MARMILLA;;;;;;;;;
20111096;Villacidro;Sud Sardegna [fino 2024];1;13.306;13,70;26,28;56,51;3,04;17,83;18,22;5,47;141,06
20111097;Villamar - Dato aggregazione UNIONE COMUNI MARMILLA;Sud Sardegna [fino 2024];18;23.956;18,89;;76,65;;0,82;;;96,36
20111098;Villamassargia;Sud Sardegna [fino 2024];1;3.480;13,82;16,69;69,10;15,89;14,48;;;129,97
20111099;Villanova Tulo;Sud Sardegna [fino 2024];Vedi aggregazione: COMUNITA' MONTANA DEL SARCIDANO BARBAGIA DI SEULO;;;;;;;;;
20111100;Villanovaforru;Sud Sardegna [fino 2024];Vedi aggregazione: UNIONE COMUNI MARMILLA;;;;;;;;;
20111101;Villanovafranca;Sud Sardegna [fino 2024];Vedi aggregazione: UNIONE COMUNI MARMILLA;;;;;;;;;
20111103;Villaputzu;Sud Sardegna [fino 2024];1;4.570;37,86;15,03;74,90;5,27;60,99;5,39;;199,44
20111104;Villasalto;Sud Sardegna [fino 2024];Vedi aggregazione: UNIONE DEI COMUNI DEL GERREI;;;;;;;;;
20111105;Villasimius;Sud Sardegna [fino 2024];1;3.690;32,72;62,66;272,36;30,97;75,73;41,27;27,15;542,86
20111107;Villaspeciosa;Sud Sardegna [fino 2024];1;2.577;5,15;15,83;48,95;12,27;17,02;12,41;11,99;123,62
16073002;Carosino;Taranto;1;6.719;11,70;12,28;43,52;25,57;6,82;25,97;21,29;147,16
16073004;Crispiano;Taranto;1;13.193;14,61;31,31;60,35;8,08;19,41;17,40;0,24;151,39
16073005;Faggiano;Taranto;1;3.440;5,86;11,57;47,21;25,70;7,05;44,79;3,28;145,46
16073007;Ginosa;Taranto;1;21.682;19,68;30,02;36,49;21,35;21,76;17,64;8,21;155,14
16073008;Grottaglie;Taranto;1;30.956;6,38;33,82;47,00;3,98;19,28;12,21;17,24;139,91
16073009;Laterza;Taranto;1;14.921;4,36;14,35;29,96;11,20;11,03;50,86;23,30;148,27
16073011;Lizzano;Taranto;1;9.698;22,53;30,66;45,24;28,11;24,91;30,68;17,93;223,01
16073013;Martina Franca;Taranto;1;47.413;26,74;0,28;57,38;38,70;22,60;15,84;14,49;176,12
16073015;Massafra;Taranto;1;31.932;1,67;23,50;65,95;26,30;0,92;15,01;9,35;142,95
16073016;Monteiasi;Taranto;1;5.429;12,54;21,97;35,17;17,94;13,61;20,88;7,90;130,63
16073017;Montemesola;Taranto;1;3.639;;10,89;;25,88;;12,47;5,72;54,96
16073021;Palagiano;Taranto;1;15.861;18,63;38,75;40,43;27,44;24,14;7,76;2,33;169,07
16073025;San Marzano di San Giuseppe;Taranto;1;8.949;16,35;31,20;17,21;;8,80;8,93;14,19;96,69
16073026;Sava;Taranto;1;15.357;6,82;15,53;45,27;35,92;16,34;19,42;34,77;174,07
16073029;Statte;Taranto;1;13.279;23,79;34,93;39,43;6,67;38,82;19,17;14,94;177,75
13067001;Alba Adriatica;Teramo;Vedi aggregazione: UNIONE DI COMUNI CITTA TERRITORIO VAL VIBRATA;;;;;;;;;
13067002;Ancarano;Teramo;Vedi aggregazione: UNIONE DI COMUNI CITTA TERRITORIO VAL VIBRATA;;;;;;;;;
13067004;Atri;Teramo;1;10.135;19,55;35,49;34,82;;20,00;84,51;1,52;217,55
13067005;Basciano;Teramo;1;2.380;4,10;37,74;30,00;;;46,60;;118,45
13067006;Bellante;Teramo;1;6.758;13,45;12,01;42,43;25,06;9,28;12,61;12,67;127,51
13067008;Campli;Teramo;1;6.731;13,44;16,20;66,79;19,04;13,97;9,51;4,41;143,36
13067011;Castellalto;Teramo;1;7.473;14,03;22,34;54,12;20,04;6,97;29,39;7,75;154,64
13067012;Castelli;Teramo;1;1.005;19,46;29,20;79,64;;;4,26;;132,56
13067017;Civitella del Tronto;Teramo;Vedi aggregazione: UNIONE DI COMUNI CITTA TERRITORIO VAL VIBRATA;;;;;;;;;
13067018;Colledara;Teramo;1;2.137;9,59;20,63;57,53;11,91;;30,02;;129,67
13067019;Colonnella;Teramo;Vedi aggregazione: UNIONE DI COMUNI CITTA TERRITORIO VAL VIBRATA;;;;;;;;;
13067020;Controguerra;Teramo;Vedi aggregazione: UNIONE DI COMUNI CITTA TERRITORIO VAL VIBRATA;;;;;;;;;
13067021;Corropoli;Teramo;Vedi aggregazione: UNIONE DI COMUNI CITTA TERRITORIO VAL VIBRATA;;;;;;;;;
13067023;Crognaleto;Teramo;1;1.152;25,12;13,27;150,74;15,13;;;10,47;214,73
13067024;Fano Adriano;Teramo;1;265;34,92;30,52;146,31;11,77;;89,62;;313,14
13067025;Giulianova;Teramo;1;23.278;23,39;22,50;78,19;35,45;35,00;24,66;22,02;241,22
13067047;Martinsicuro;Teramo;Vedi aggregazione: UNIONE DI COMUNI CITTA TERRITORIO VAL VIBRATA;;;;;;;;;
13067029;Morro d'Oro;Teramo;1;3.589;8,43;19,30;36,53;18,86;10,93;17,05;;111,10
13067030;Mosciano Sant'Angelo;Teramo;1;9.122;17,88;;67,02;;19,97;29,19;33,25;183,53
13067031;Nereto;Teramo;Vedi aggregazione: UNIONE DI COMUNI CITTA TERRITORIO VAL VIBRATA;;;;;;;;;
13067032;Notaresco;Teramo;1;6.371;12,87;15,10;68,71;7,07;11,93;40,43;12,34;168,45
13067034;Pietracamela;Teramo;1;225;484,61;28,94;;22,59;101,03;4,57;;641,74
13067035;Pineto;Teramo;1;14.798;49,29;17,33;;33,42;104,91;29,03;27,07;261,06
13067037;Roseto degli Abruzzi;Teramo;1;25.669;15,36;21,76;62,59;27,70;12,93;36,32;28,01;204,67
13067038;Sant'Egidio alla Vibrata;Teramo;Vedi aggregazione: UNIONE DI COMUNI CITTA TERRITORIO VAL VIBRATA;;;;;;;;;
13067039;Sant'Omero - Dato aggregazione UNIONE DI COMUNI CITTA TERRITORIO VAL VIBRATA;Teramo;12;79.182;18,85;33,49;38,09;36,41;17,06;29,96;35,88;210,56
13067040;Silvi;Teramo;1;15.393;21,87;58,61;34,04;37,44;31,65;23,75;47,85;258,71
13067041;Teramo;Teramo;1;53.481;16,44;19,93;82,95;17,86;14,63;31,25;21,55;204,61
13067042;Torano Nuovo;Teramo;Vedi aggregazione: UNIONE DI COMUNI CITTA TERRITORIO VAL VIBRATA;;;;;;;;;
13067043;Torricella Sicura;Teramo;1;2.518;15,73;13,91;56,69;15,85;;4,61;3,86;110,65
13067044;Tortoreto;Teramo;Vedi aggregazione: UNIONE DI COMUNI CITTA TERRITORIO VAL VIBRATA;;;;;;;;;
10055001;Acquasparta;Terni;1;4.497;14,61;32,33;62,57;16,86;27,03;28,01;11,83;193,22
10055002;Allerona;Terni;1;1.701;42,83;15,30;80,68;3,37;47,51;27,16;14,95;231,80
10055003;Alviano;Terni;1;1.414;2,34;19,21;179,94;;;;;201,49
10055005;Arrone;Terni;1;2.613;10,90;6,13;82,15;9,30;18,31;29,58;23,51;179,88
10055006;Attigliano;Terni;1;1.984;86,60;18,90;;13,37;36,79;;;155,66
10055033;Avigliano Umbro;Terni;1;2.413;16,75;20,27;61,22;7,87;;42,99;7,99;159,07
10055007;Baschi;Terni;1;2.662;25,79;22,76;88,23;14,23;24,88;27,64;16,08;219,61
10055008;Calvi dell'Umbria;Terni;1;1.707;13,95;22,40;73,52;11,49;26,09;30,42;19,16;197,04
10055009;Castel Giorgio;Terni;1;2.076;18,68;28,15;103,88;21,68;20,63;50,25;20,14;263,41
10055010;Castel Viscardo;Terni;1;2.757;39,22;13,55;98,12;2,78;19,30;35,96;14,27;223,20
10055011;Fabro;Terni;1;2.652;26,87;26,50;85,20;10,74;17,31;4,19;6,65;177,46
10055013;Ficulle;Terni;1;1.587;45,51;0,06;77,77;36,74;45,25;9,19;6,56;221,08
10055014;Giove;Terni;1;1.877;35,32;27,41;89,96;4,70;42,07;21,31;13,66;240,82
10055016;Lugnano in Teverina;Terni;1;1.432;24,32;26,11;114,99;16,47;21,57;27,51;46,71;277,68
10055018;Montecchio;Terni;1;1.597;22,23;23,28;102,99;16,47;29,06;36,87;28,19;259,11
10055019;Montefranco;Terni;1;1.275;12,06;22,62;65,65;14,90;34,77;68,70;22,82;241,52
10055020;Montegabbione;Terni;1;1.140;20,88;27,04;89,45;18,94;16,69;32,12;21,17;226,29
10055021;Monteleone d'Orvieto;Terni;1;1.386;166,70;30,49;;15,82;;0,55;;213,56
10055022;Narni;Terni;1;18.523;12,25;29,44;69,35;10,29;16,54;36,98;19,04;193,88
10055023;Orvieto;Terni;1;20.121;18,84;23,80;69,90;4,49;30,14;37,72;7,31;192,20
10055024;Otricoli;Terni;1;1.746;15,32;27,04;83,65;9,45;26,52;33,84;19,98;215,80
10055025;Parrano;Terni;1;494;30,94;30,40;136,95;17,79;17,74;84,45;17,05;335,31
10055026;Penna in Teverina;Terni;1;1.049;19,07;23,42;89,70;19,46;14,59;22,39;10,45;205,75
10055028;Porano;Terni;1;1.917;14,72;17,29;100,08;21,16;17,48;30,04;17,02;217,80
10055030;San Venanzo;Terni;1;2.192;14,04;22,90;63,98;13,83;20,78;38,36;24,25;198,14
10055032;Terni;Terni;1;109.255;12,15;30,83;70,20;11,72;19,72;38,47;25,01;210,11
01001001;Aglie';Torino;Vedi aggregazione: SOCIETA' CANAVESANA SERVIZI SPA;;;;;;;;;
01001004;Albiano d'Ivrea;Torino;Vedi aggregazione: SOCIETA' CANAVESANA SERVIZI SPA;;;;;;;;;
01001006;Almese;Torino;Vedi aggregazione: CONSORZIO AMBIENTE DORA SANGONE;;;;;;;;;
01001007;Alpette - Dato aggregazione CONSORZIO CANAVESANO AMBIENTE CCA;Torino;47;76.478;26,23;28,97;64,63;6,41;7,18;12,23;4,70;150,35
01001008;Alpignano;Torino;Vedi aggregazione: CONSORZIO AMBIENTE DORA SANGONE;;;;;;;;;
01001009;Andezeno;Torino;Vedi aggregazione: CONSORZIO CHIERESE PER I SERVIZI;;;;;;;;;
01001010;Andrate;Torino;Vedi aggregazione: SOCIETA' CANAVESANA SERVIZI SPA;;;;;;;;;
01001012;Arignano;Torino;Vedi aggregazione: CONSORZIO CHIERESE PER I SERVIZI;;;;;;;;;
01001013;Avigliana;Torino;Vedi aggregazione: CONSORZIO AMBIENTE DORA SANGONE;;;;;;;;;
01001014;Azeglio;Torino;Vedi aggregazione: SOCIETA' CANAVESANA SERVIZI SPA;;;;;;;;;
01001015;Bairo;Torino;Vedi aggregazione: SOCIETA' CANAVESANA SERVIZI SPA;;;;;;;;;
01001017;Baldissero Canavese;Torino;Vedi aggregazione: SOCIETA' CANAVESANA SERVIZI SPA;;;;;;;;;
01001018;Baldissero Torinese;Torino;Vedi aggregazione: CONSORZIO CHIERESE PER I SERVIZI;;;;;;;;;
01001020;Banchette;Torino;Vedi aggregazione: SOCIETA' CANAVESANA SERVIZI SPA;;;;;;;;;
01001022;Bardonecchia;Torino;Vedi aggregazione: CONSORZIO AMBIENTE DORA SANGONE;;;;;;;;;
01001023;Barone Canavese;Torino;Vedi aggregazione: SOCIETA' CANAVESANA SERVIZI SPA;;;;;;;;;
01001024;Beinasco;Torino;Vedi aggregazione: CONSORZIO VALORIZZAZIONE RIFIUTI 14;;;;;;;;;
01001027;Bollengo;Torino;Vedi aggregazione: SOCIETA' CANAVESANA SERVIZI SPA;;;;;;;;;
01001028;Borgaro Torinese;Torino;Vedi aggregazione: CONSORZIO DI BACINO 16;;;;;;;;;
01001029;Borgiallo;Torino;Vedi aggregazione: CONSORZIO CANAVESANO AMBIENTE CCA;;;;;;;;;
01001030;Borgofranco d'Ivrea;Torino;Vedi aggregazione: SOCIETA' CANAVESANA SERVIZI SPA;;;;;;;;;
01001031;Borgomasino;Torino;Vedi aggregazione: SOCIETA' CANAVESANA SERVIZI SPA;;;;;;;;;
01001032;Borgone Susa;Torino;Vedi aggregazione: CONSORZIO AMBIENTE DORA SANGONE;;;;;;;;;
01001033;Bosconero;Torino;Vedi aggregazione: CONSORZIO CANAVESANO AMBIENTE CCA;;;;;;;;;
01001034;Brandizzo;Torino;Vedi aggregazione: CONSORZIO DI BACINO 16;;;;;;;;;
01001036;Brosso;Torino;Vedi aggregazione: CONSORZIO CANAVESANO AMBIENTE CCA;;;;;;;;;
01001037;Brozolo;Torino;Vedi aggregazione: CONSORZIO DI BACINO 16;;;;;;;;;
01001038;Bruino;Torino;Vedi aggregazione: CONSORZIO VALORIZZAZIONE RIFIUTI 14;;;;;;;;;
01001039;Brusasco;Torino;Vedi aggregazione: CONSORZIO DI BACINO 16;;;;;;;;;
01001040;Bruzolo;Torino;Vedi aggregazione: CONSORZIO AMBIENTE DORA SANGONE;;;;;;;;;
01001042;Burolo;Torino;Vedi aggregazione: SOCIETA' CANAVESANA SERVIZI SPA;;;;;;;;;
01001043;Busano;Torino;Vedi aggregazione: CONSORZIO CANAVESANO AMBIENTE CCA;;;;;;;;;
01001044;Bussoleno;Torino;Vedi aggregazione: CONSORZIO AMBIENTE DORA SANGONE;;;;;;;;;
01001045;Buttigliera Alta;Torino;Vedi aggregazione: CONSORZIO AMBIENTE DORA SANGONE;;;;;;;;;
01001047;Caluso;Torino;Vedi aggregazione: SOCIETA' CANAVESANA SERVIZI SPA;;;;;;;;;
01001048;Cambiano;Torino;Vedi aggregazione: CONSORZIO CHIERESE PER I SERVIZI;;;;;;;;;
01001050;Candia Canavese;Torino;Vedi aggregazione: SOCIETA' CANAVESANA SERVIZI SPA;;;;;;;;;
01001051;Candiolo;Torino;Vedi aggregazione: CONSORZIO VALORIZZAZIONE RIFIUTI 14;;;;;;;;;
01001052;Canischio;Torino;Vedi aggregazione: CONSORZIO CANAVESANO AMBIENTE CCA;;;;;;;;;
01001055;Caprie;Torino;Vedi aggregazione: CONSORZIO AMBIENTE DORA SANGONE;;;;;;;;;
01001056;Caravino;Torino;Vedi aggregazione: SOCIETA' CANAVESANA SERVIZI SPA;;;;;;;;;
01001057;Carema;Torino;Vedi aggregazione: SOCIETA' CANAVESANA SERVIZI SPA;;;;;;;;;
01001058;Carignano - Dato aggregazione CONSORZIO VALORIZZAZIONE RIFIUTI 14;Torino;19;255.418;11,29;19,50;51,76;12,66;14,41;28,90;42,10;181,58
01001059;Carmagnola;Torino;Vedi aggregazione: CONSORZIO CHIERESE PER I SERVIZI;;;;;;;;;
01001060;Casalborgone;Torino;Vedi aggregazione: CONSORZIO DI BACINO 16;;;;;;;;;
01001061;Cascinette d'Ivrea;Torino;Vedi aggregazione: SOCIETA' CANAVESANA SERVIZI SPA;;;;;;;;;
01001062;Caselette;Torino;Vedi aggregazione: CONSORZIO AMBIENTE DORA SANGONE;;;;;;;;;
01001063;Caselle Torinese;Torino;Vedi aggregazione: CONSORZIO DI BACINO 16;;;;;;;;;
01001064;Castagneto Po;Torino;Vedi aggregazione: CONSORZIO DI BACINO 16;;;;;;;;;
01001065;Castagnole Piemonte;Torino;Vedi aggregazione: CONSORZIO VALORIZZAZIONE RIFIUTI 14;;;;;;;;;
01001066;Castellamonte;Torino;Vedi aggregazione: CONSORZIO CANAVESANO AMBIENTE CCA;;;;;;;;;
01001067;Castelnuovo Nigra;Torino;Vedi aggregazione: CONSORZIO CANAVESANO AMBIENTE CCA;;;;;;;;;
01001068;Castiglione Torinese;Torino;Vedi aggregazione: CONSORZIO DI BACINO 16;;;;;;;;;
01001069;Cavagnolo;Torino;Vedi aggregazione: CONSORZIO DI BACINO 16;;;;;;;;;
01001073;Ceresole Reale;Torino;Vedi aggregazione: CONSORZIO CANAVESANO AMBIENTE CCA;;;;;;;;;
01001074;Cesana Torinese;Torino;Vedi aggregazione: CONSORZIO AMBIENTE DORA SANGONE;;;;;;;;;
01001076;Chianocco;Torino;Vedi aggregazione: CONSORZIO AMBIENTE DORA SANGONE;;;;;;;;;
01001077;Chiaverano;Torino;Vedi aggregazione: SOCIETA' CANAVESANA SERVIZI SPA;;;;;;;;;
01001078;Chieri - Dato aggregazione CONSORZIO CHIERESE PER I SERVIZI;Torino;19;122.311;6,36;;41,27;22,46;13,76;36,21;20,07;140,14
01001079;Chiesanuova;Torino;Vedi aggregazione: CONSORZIO CANAVESANO AMBIENTE CCA;;;;;;;;;
01001080;Chiomonte;Torino;Vedi aggregazione: CONSORZIO AMBIENTE DORA SANGONE;;;;;;;;;
01001081;Chiusa di San Michele;Torino;Vedi aggregazione: CONSORZIO AMBIENTE DORA SANGONE;;;;;;;;;
01001082;Chivasso;Torino;Vedi aggregazione: CONSORZIO DI BACINO 16;;;;;;;;;
01001083;Ciconio;Torino;Vedi aggregazione: CONSORZIO CANAVESANO AMBIENTE CCA;;;;;;;;;
01001084;Cintano;Torino;Vedi aggregazione: CONSORZIO CANAVESANO AMBIENTE CCA;;;;;;;;;
01001085;Cinzano;Torino;Vedi aggregazione: CONSORZIO DI BACINO 16;;;;;;;;;
01001087;Claviere;Torino;Vedi aggregazione: CONSORZIO AMBIENTE DORA SANGONE;;;;;;;;;
01001089;Coazze;Torino;Vedi aggregazione: CONSORZIO AMBIENTE DORA SANGONE;;;;;;;;;
01001090;Collegno;Torino;Vedi aggregazione: CONSORZIO AMBIENTE DORA SANGONE;;;;;;;;;
01001091;Colleretto Castelnuovo;Torino;Vedi aggregazione: CONSORZIO CANAVESANO AMBIENTE CCA;;;;;;;;;
01001092;Colleretto Giacosa;Torino;Vedi aggregazione: SOCIETA' CANAVESANA SERVIZI SPA;;;;;;;;;
01001093;Condove;Torino;Vedi aggregazione: CONSORZIO AMBIENTE DORA SANGONE;;;;;;;;;
01001095;Cossano Canavese;Torino;Vedi aggregazione: SOCIETA' CANAVESANA SERVIZI SPA;;;;;;;;;
01001096;Cuceglio;Torino;Vedi aggregazione: SOCIETA' CANAVESANA SERVIZI SPA;;;;;;;;;
01001098;Cuorgne;Torino;Vedi aggregazione: CONSORZIO CANAVESANO AMBIENTE CCA;;;;;;;;;
01001099;Druento;Torino;Vedi aggregazione: CONSORZIO AMBIENTE DORA SANGONE;;;;;;;;;
01001100;Exilles;Torino;Vedi aggregazione: CONSORZIO AMBIENTE DORA SANGONE;;;;;;;;;
01001101;Favria;Torino;Vedi aggregazione: CONSORZIO CANAVESANO AMBIENTE CCA;;;;;;;;;
01001102;Feletto;Torino;Vedi aggregazione: CONSORZIO CANAVESANO AMBIENTE CCA;;;;;;;;;
01001105;Fiorano Canavese;Torino;Vedi aggregazione: SOCIETA' CANAVESANA SERVIZI SPA;;;;;;;;;
01001106;Foglizzo;Torino;Vedi aggregazione: CONSORZIO DI BACINO 16;;;;;;;;;
01001107;Forno Canavese;Torino;Vedi aggregazione: CONSORZIO CANAVESANO AMBIENTE CCA;;;;;;;;;
01001108;Frassinetto;Torino;Vedi aggregazione: CONSORZIO CANAVESANO AMBIENTE CCA;;;;;;;;;
01001112;Gassino Torinese;Torino;Vedi aggregazione: CONSORZIO DI BACINO 16;;;;;;;;;
01001114;Giaglione;Torino;Vedi aggregazione: CONSORZIO AMBIENTE DORA SANGONE;;;;;;;;;
01001115;Giaveno;Torino;Vedi aggregazione: CONSORZIO AMBIENTE DORA SANGONE;;;;;;;;;
01001117;Gravere;Torino;Vedi aggregazione: CONSORZIO AMBIENTE DORA SANGONE;;;;;;;;;
01001120;Grugliasco;Torino;Vedi aggregazione: CONSORZIO AMBIENTE DORA SANGONE;;;;;;;;;
01001121;Ingria;Torino;Vedi aggregazione: CONSORZIO CANAVESANO AMBIENTE CCA;;;;;;;;;
01001123;Isolabella;Torino;Vedi aggregazione: CONSORZIO CHIERESE PER I SERVIZI;;;;;;;;;
01001124;Issiglio;Torino;Vedi aggregazione: CONSORZIO CANAVESANO AMBIENTE CCA;;;;;;;;;
01001125;Ivrea - Dato aggregazione SOCIETA' CANAVESANA SERVIZI SPA;Torino;57;105.696;22,03;20,77;46,08;9,02;9,66;37,02;19,92;164,49
01001127;La Loggia;Torino;Vedi aggregazione: CONSORZIO VALORIZZAZIONE RIFIUTI 14;;;;;;;;;
01001129;Lauriano;Torino;Vedi aggregazione: CONSORZIO DI BACINO 16;;;;;;;;;
01001130;Leini;Torino;Vedi aggregazione: CONSORZIO DI BACINO 16;;;;;;;;;
01001132;Lessolo;Torino;Vedi aggregazione: SOCIETA' CANAVESANA SERVIZI SPA;;;;;;;;;
01001133;Levone;Torino;Vedi aggregazione: CONSORZIO CANAVESANO AMBIENTE CCA;;;;;;;;;
01001134;Locana;Torino;Vedi aggregazione: CONSORZIO CANAVESANO AMBIENTE CCA;;;;;;;;;
01001135;Lombardore;Torino;Vedi aggregazione: CONSORZIO DI BACINO 16;;;;;;;;;
01001136;Lombriasco;Torino;Vedi aggregazione: CONSORZIO VALORIZZAZIONE RIFIUTI 14;;;;;;;;;
01001137;Loranze;Torino;Vedi aggregazione: SOCIETA' CANAVESANA SERVIZI SPA;;;;;;;;;
01001141;Lusiglie;Torino;Vedi aggregazione: CONSORZIO CANAVESANO AMBIENTE CCA;;;;;;;;;
01001143;Maglione;Torino;Vedi aggregazione: SOCIETA' CANAVESANA SERVIZI SPA;;;;;;;;;
01001316;Mappano;Torino;Vedi aggregazione: CONSORZIO DI BACINO 16;;;;;;;;;
01001144;Marentino;Torino;Vedi aggregazione: CONSORZIO CHIERESE PER I SERVIZI;;;;;;;;;
01001147;Mattie;Torino;Vedi aggregazione: CONSORZIO AMBIENTE DORA SANGONE;;;;;;;;;
01001148;Mazze;Torino;Vedi aggregazione: SOCIETA' CANAVESANA SERVIZI SPA;;;;;;;;;
01001149;Meana di Susa;Torino;Vedi aggregazione: CONSORZIO AMBIENTE DORA SANGONE;;;;;;;;;
01001150;Mercenasco;Torino;Vedi aggregazione: SOCIETA' CANAVESANA SERVIZI SPA;;;;;;;;;
01001153;Mombello di Torino;Torino;Vedi aggregazione: CONSORZIO CHIERESE PER I SERVIZI;;;;;;;;;
01001154;Mompantero;Torino;Vedi aggregazione: CONSORZIO AMBIENTE DORA SANGONE;;;;;;;;;
01001156;Moncalieri;Torino;Vedi aggregazione: CONSORZIO VALORIZZAZIONE RIFIUTI 14;;;;;;;;;
01001157;Moncenisio;Torino;Vedi aggregazione: CONSORZIO AMBIENTE DORA SANGONE;;;;;;;;;
01001158;Montaldo Torinese;Torino;Vedi aggregazione: CONSORZIO CHIERESE PER I SERVIZI;;;;;;;;;
01001159;Montalenghe;Torino;Vedi aggregazione: SOCIETA' CANAVESANA SERVIZI SPA;;;;;;;;;
01001160;Montalto Dora;Torino;Vedi aggregazione: SOCIETA' CANAVESANA SERVIZI SPA;;;;;;;;;
01001161;Montanaro;Torino;Vedi aggregazione: CONSORZIO DI BACINO 16;;;;;;;;;
01001162;Monteu da Po;Torino;Vedi aggregazione: CONSORZIO DI BACINO 16;;;;;;;;;
01001163;Moriondo Torinese;Torino;Vedi aggregazione: CONSORZIO CHIERESE PER I SERVIZI;;;;;;;;;
01001164;Nichelino;Torino;Vedi aggregazione: CONSORZIO VALORIZZAZIONE RIFIUTI 14;;;;;;;;;
01001165;Noasca;Torino;Vedi aggregazione: CONSORZIO CANAVESANO AMBIENTE CCA;;;;;;;;;
01001167;Nomaglio;Torino;Vedi aggregazione: SOCIETA' CANAVESANA SERVIZI SPA;;;;;;;;;
01001169;Novalesa;Torino;Vedi aggregazione: CONSORZIO AMBIENTE DORA SANGONE;;;;;;;;;
01001170;Oglianico;Torino;Vedi aggregazione: CONSORZIO CANAVESANO AMBIENTE CCA;;;;;;;;;
01001171;Orbassano;Torino;Vedi aggregazione: CONSORZIO VALORIZZAZIONE RIFIUTI 14;;;;;;;;;
01001172;Orio Canavese;Torino;Vedi aggregazione: SOCIETA' CANAVESANA SERVIZI SPA;;;;;;;;;
01001174;Osasio;Torino;Vedi aggregazione: CONSORZIO VALORIZZAZIONE RIFIUTI 14;;;;;;;;;
01001175;Oulx;Torino;Vedi aggregazione: CONSORZIO AMBIENTE DORA SANGONE;;;;;;;;;
01001176;Ozegna;Torino;Vedi aggregazione: CONSORZIO CANAVESANO AMBIENTE CCA;;;;;;;;;
01001177;Palazzo Canavese;Torino;Vedi aggregazione: SOCIETA' CANAVESANA SERVIZI SPA;;;;;;;;;
01001178;Pancalieri;Torino;Vedi aggregazione: CONSORZIO VALORIZZAZIONE RIFIUTI 14;;;;;;;;;
01001179;Parella;Torino;Vedi aggregazione: SOCIETA' CANAVESANA SERVIZI SPA;;;;;;;;;
01001180;Pavarolo;Torino;Vedi aggregazione: CONSORZIO CHIERESE PER I SERVIZI;;;;;;;;;
01001181;Pavone Canavese;Torino;Vedi aggregazione: SOCIETA' CANAVESANA SERVIZI SPA;;;;;;;;;
01001183;Pecetto Torinese;Torino;Vedi aggregazione: CONSORZIO CHIERESE PER I SERVIZI;;;;;;;;;
01001185;Perosa Canavese;Torino;Vedi aggregazione: SOCIETA' CANAVESANA SERVIZI SPA;;;;;;;;;
01001187;Pertusio;Torino;Vedi aggregazione: CONSORZIO CANAVESANO AMBIENTE CCA;;;;;;;;;
01001189;Pianezza;Torino;Vedi aggregazione: CONSORZIO AMBIENTE DORA SANGONE;;;;;;;;;
01001192;Pino Torinese;Torino;Vedi aggregazione: CONSORZIO CHIERESE PER I SERVIZI;;;;;;;;;
01001193;Piobesi Torinese;Torino;Vedi aggregazione: CONSORZIO VALORIZZAZIONE RIFIUTI 14;;;;;;;;;
01001194;Piossasco;Torino;Vedi aggregazione: CONSORZIO VALORIZZAZIONE RIFIUTI 14;;;;;;;;;
01001196;Piverone;Torino;Vedi aggregazione: SOCIETA' CANAVESANA SERVIZI SPA;;;;;;;;;
01001197;Poirino;Torino;Vedi aggregazione: CONSORZIO CHIERESE PER I SERVIZI;;;;;;;;;
01001199;Pont-Canavese;Torino;Vedi aggregazione: CONSORZIO CANAVESANO AMBIENTE CCA;;;;;;;;;
01001203;Pralormo;Torino;Vedi aggregazione: CONSORZIO CHIERESE PER I SERVIZI;;;;;;;;;
01001206;Prascorsano;Torino;Vedi aggregazione: CONSORZIO CANAVESANO AMBIENTE CCA;;;;;;;;;
01001207;Pratiglione;Torino;Vedi aggregazione: CONSORZIO CANAVESANO AMBIENTE CCA;;;;;;;;;
01001208;Quagliuzzo;Torino;Vedi aggregazione: SOCIETA' CANAVESANA SERVIZI SPA;;;;;;;;;
01001209;Quassolo;Torino;Vedi aggregazione: SOCIETA' CANAVESANA SERVIZI SPA;;;;;;;;;
01001210;Quincinetto;Torino;Vedi aggregazione: SOCIETA' CANAVESANA SERVIZI SPA;;;;;;;;;
01001211;Reano;Torino;Vedi aggregazione: CONSORZIO AMBIENTE DORA SANGONE;;;;;;;;;
01001212;Ribordone;Torino;Vedi aggregazione: CONSORZIO CANAVESANO AMBIENTE CCA;;;;;;;;;
01001215;Riva presso Chieri;Torino;Vedi aggregazione: CONSORZIO CHIERESE PER I SERVIZI;;;;;;;;;
01001213;Rivalba;Torino;Vedi aggregazione: CONSORZIO DI BACINO 16;;;;;;;;;
01001214;Rivalta di Torino;Torino;Vedi aggregazione: CONSORZIO VALORIZZAZIONE RIFIUTI 14;;;;;;;;;
01001216;Rivara;Torino;Vedi aggregazione: CONSORZIO CANAVESANO AMBIENTE CCA;;;;;;;;;
01001217;Rivarolo Canavese;Torino;Vedi aggregazione: CONSORZIO CANAVESANO AMBIENTE CCA;;;;;;;;;
01001218;Rivarossa;Torino;Vedi aggregazione: CONSORZIO CANAVESANO AMBIENTE CCA;;;;;;;;;
01001219;Rivoli - Dato aggregazione CONSORZIO AMBIENTE DORA SANGONE;Torino;54;336.949;21,56;6,69;49,85;28,64;18,74;24,88;20,08;172,22
01001223;Romano Canavese;Torino;Vedi aggregazione: SOCIETA' CANAVESANA SERVIZI SPA;;;;;;;;;
01001224;Ronco Canavese;Torino;Vedi aggregazione: CONSORZIO CANAVESANO AMBIENTE CCA;;;;;;;;;
01001225;Rondissone;Torino;Vedi aggregazione: CONSORZIO DI BACINO 16;;;;;;;;;
01001228;Rosta;Torino;Vedi aggregazione: CONSORZIO AMBIENTE DORA SANGONE;;;;;;;;;
01001229;Rubiana;Torino;Vedi aggregazione: CONSORZIO AMBIENTE DORA SANGONE;;;;;;;;;
01001230;Rueglio;Torino;Vedi aggregazione: CONSORZIO CANAVESANO AMBIENTE CCA;;;;;;;;;
01001231;Salassa;Torino;Vedi aggregazione: CONSORZIO CANAVESANO AMBIENTE CCA;;;;;;;;;
01001232;Salbertrand;Torino;Vedi aggregazione: CONSORZIO AMBIENTE DORA SANGONE;;;;;;;;;
01001233;Salerano Canavese;Torino;Vedi aggregazione: SOCIETA' CANAVESANA SERVIZI SPA;;;;;;;;;
01001235;Samone;Torino;Vedi aggregazione: SOCIETA' CANAVESANA SERVIZI SPA;;;;;;;;;
01001236;San Benigno Canavese;Torino;Vedi aggregazione: CONSORZIO DI BACINO 16;;;;;;;;;
01001238;San Colombano Belmonte;Torino;Vedi aggregazione: CONSORZIO CANAVESANO AMBIENTE CCA;;;;;;;;;
01001239;San Didero;Torino;Vedi aggregazione: CONSORZIO AMBIENTE DORA SANGONE;;;;;;;;;
01001243;San Gillio;Torino;Vedi aggregazione: CONSORZIO AMBIENTE DORA SANGONE;;;;;;;;;
01001244;San Giorgio Canavese;Torino;Vedi aggregazione: SOCIETA' CANAVESANA SERVIZI SPA;;;;;;;;;
01001245;San Giorio di Susa;Torino;Vedi aggregazione: CONSORZIO AMBIENTE DORA SANGONE;;;;;;;;;
01001246;San Giusto Canavese;Torino;Vedi aggregazione: SOCIETA' CANAVESANA SERVIZI SPA;;;;;;;;;
01001247;San Martino Canavese;Torino;Vedi aggregazione: SOCIETA' CANAVESANA SERVIZI SPA;;;;;;;;;
01001249;San Mauro Torinese;Torino;Vedi aggregazione: CONSORZIO DI BACINO 16;;;;;;;;;
01001251;San Ponso;Torino;Vedi aggregazione: CONSORZIO CANAVESANO AMBIENTE CCA;;;;;;;;;
01001252;San Raffaele Cimena;Torino;Vedi aggregazione: CONSORZIO DI BACINO 16;;;;;;;;;
01001253;San Sebastiano da Po;Torino;Vedi aggregazione: CONSORZIO DI BACINO 16;;;;;;;;;
01001241;Sangano;Torino;Vedi aggregazione: CONSORZIO AMBIENTE DORA SANGONE;;;;;;;;;
01001255;Sant'Ambrogio di Torino;Torino;Vedi aggregazione: CONSORZIO AMBIENTE DORA SANGONE;;;;;;;;;
01001256;Sant'Antonino di Susa;Torino;Vedi aggregazione: CONSORZIO AMBIENTE DORA SANGONE;;;;;;;;;
01001257;Santena;Torino;Vedi aggregazione: CONSORZIO CHIERESE PER I SERVIZI;;;;;;;;;
01001258;Sauze di Cesana;Torino;Vedi aggregazione: CONSORZIO AMBIENTE DORA SANGONE;;;;;;;;;
01001259;Sauze d'Oulx;Torino;Vedi aggregazione: CONSORZIO AMBIENTE DORA SANGONE;;;;;;;;;
01001261;Scarmagno;Torino;Vedi aggregazione: SOCIETA' CANAVESANA SERVIZI SPA;;;;;;;;;
01001262;Sciolze;Torino;Vedi aggregazione: CONSORZIO DI BACINO 16;;;;;;;;;
01001263;Sestriere;Torino;Vedi aggregazione: CONSORZIO AMBIENTE DORA SANGONE;;;;;;;;;
01001264;Settimo Rottaro;Torino;Vedi aggregazione: SOCIETA' CANAVESANA SERVIZI SPA;;;;;;;;;
01001265;Settimo Torinese - Dato aggregazione CONSORZIO DI BACINO 16;Torino;31;224.991;26,10;24,68;53,00;11,82;23,39;15,55;35,13;193,86
01001266;Settimo Vittone;Torino;Vedi aggregazione: SOCIETA' CANAVESANA SERVIZI SPA;;;;;;;;;
01001267;Sparone;Torino;Vedi aggregazione: CONSORZIO CANAVESANO AMBIENTE CCA;;;;;;;;;
01001268;Strambinello;Torino;Vedi aggregazione: SOCIETA' CANAVESANA SERVIZI SPA;;;;;;;;;
01001269;Strambino;Torino;Vedi aggregazione: SOCIETA' CANAVESANA SERVIZI SPA;;;;;;;;;
01001270;Susa;Torino;Vedi aggregazione: CONSORZIO AMBIENTE DORA SANGONE;;;;;;;;;
01001271;Tavagnasco;Torino;Vedi aggregazione: SOCIETA' CANAVESANA SERVIZI SPA;;;;;;;;;
01001272;Torino;Torino;1;848.196;27,12;;47,06;58,41;29,34;43,19;39,76;261,67
01001273;Torrazza Piemonte;Torino;Vedi aggregazione: CONSORZIO DI BACINO 16;;;;;;;;;
01001274;Torre Canavese;Torino;Vedi aggregazione: SOCIETA' CANAVESANA SERVIZI SPA;;;;;;;;;
01001276;Trana;Torino;Vedi aggregazione: CONSORZIO AMBIENTE DORA SANGONE;;;;;;;;;
01001278;Traversella;Torino;Vedi aggregazione: CONSORZIO CANAVESANO AMBIENTE CCA;;;;;;;;;
01001280;Trofarello;Torino;Vedi aggregazione: CONSORZIO VALORIZZAZIONE RIFIUTI 14;;;;;;;;;
01001283;Vaie;Torino;Vedi aggregazione: CONSORZIO AMBIENTE DORA SANGONE;;;;;;;;;
01001317;Val di Chy;Torino;Vedi aggregazione: CONSORZIO CANAVESANO AMBIENTE CCA;;;;;;;;;
01001318;Valchiusa;Torino;Vedi aggregazione: CONSORZIO CANAVESANO AMBIENTE CCA;;;;;;;;;
01001285;Valgioie;Torino;Vedi aggregazione: CONSORZIO AMBIENTE DORA SANGONE;;;;;;;;;
01001287;Valperga;Torino;Vedi aggregazione: CONSORZIO CANAVESANO AMBIENTE CCA;;;;;;;;;
01001288;Valprato Soana;Torino;Vedi aggregazione: CONSORZIO CANAVESANO AMBIENTE CCA;;;;;;;;;
01001292;Venaria Reale;Torino;Vedi aggregazione: CONSORZIO AMBIENTE DORA SANGONE;;;;;;;;;
01001291;Venaus;Torino;Vedi aggregazione: CONSORZIO AMBIENTE DORA SANGONE;;;;;;;;;
01001293;Verolengo;Torino;Vedi aggregazione: CONSORZIO DI BACINO 16;;;;;;;;;
01001294;Verrua Savoia;Torino;Vedi aggregazione: CONSORZIO DI BACINO 16;;;;;;;;;
01001295;Vestigne;Torino;Vedi aggregazione: SOCIETA' CANAVESANA SERVIZI SPA;;;;;;;;;
01001296;Vialfre;Torino;Vedi aggregazione: SOCIETA' CANAVESANA SERVIZI SPA;;;;;;;;;
01001298;Vidracco;Torino;Vedi aggregazione: CONSORZIO CANAVESANO AMBIENTE CCA;;;;;;;;;
01001303;Villar Dora;Torino;Vedi aggregazione: CONSORZIO AMBIENTE DORA SANGONE;;;;;;;;;
01001305;Villar Focchiardo;Torino;Vedi aggregazione: CONSORZIO AMBIENTE DORA SANGONE;;;;;;;;;
01001302;Villarbasse;Torino;Vedi aggregazione: CONSORZIO AMBIENTE DORA SANGONE;;;;;;;;;
01001304;Villareggia;Torino;Vedi aggregazione: SOCIETA' CANAVESANA SERVIZI SPA;;;;;;;;;
01001308;Villastellone;Torino;Vedi aggregazione: CONSORZIO VALORIZZAZIONE RIFIUTI 14;;;;;;;;;
01001309;Vinovo;Torino;Vedi aggregazione: CONSORZIO VALORIZZAZIONE RIFIUTI 14;;;;;;;;;
01001310;Virle Piemonte;Torino;Vedi aggregazione: CONSORZIO VALORIZZAZIONE RIFIUTI 14;;;;;;;;;
01001311;Vische;Torino;Vedi aggregazione: SOCIETA' CANAVESANA SERVIZI SPA;;;;;;;;;
01001312;Vistrorio;Torino;Vedi aggregazione: CONSORZIO CANAVESANO AMBIENTE CCA;;;;;;;;;
01001314;Volpiano;Torino;Vedi aggregazione: CONSORZIO DI BACINO 16;;;;;;;;;
19081001;Alcamo;Trapani;1;44.857;28,96;46,33;58,32;20,33;20,29;19,80;24,18;218,21
19081002;Buseto Palizzolo;Trapani;1;2.763;27,58;15,74;103,58;20,51;6,29;33,33;21,52;228,55
19081003;Calatafimi-Segesta;Trapani;1;6.288;24,61;15,56;77,44;15,99;8,99;35,79;2,36;180,74
19081004;Campobello di Mazara;Trapani;1;11.470;21,46;39,72;78,16;17,06;21,83;34,72;4,02;216,96
19081005;Castellammare del Golfo;Trapani;1;14.644;157,02;111,39;;3,30;;9,21;19,60;300,52
19081006;Castelvetrano;Trapani;1;30.280;68,92;53,50;70,98;4,15;9,57;20,12;6,29;233,53
19081007;Custonaci;Trapani;1;5.357;71,40;0,38;16,66;22,99;;97,64;1,00;210,07
19081009;Favignana;Trapani;1;4.303;25,04;108,13;180,03;5,05;63,26;56,82;50,25;488,57
19081011;Marsala;Trapani;1;80.369;17,40;29,89;61,36;13,98;17,74;26,91;6,94;174,22
19081012;Mazara del Vallo;Trapani;1;50.046;8,94;21,88;101,29;27,44;5,70;32,62;0,98;198,85
19081013;Paceco;Trapani;1;10.928;7,01;40,46;60,88;12,57;16,55;31,99;;169,46
19081014;Pantelleria;Trapani;1;7.391;11,83;29,93;79,37;40,74;17,74;126,73;11,75;451,08
19081015;Partanna;Trapani;1;10.001;13,44;14,02;69,23;34,27;;25,78;;158,28
19081024;Petrosino;Trapani;1;8.037;37,66;23,63;74,51;21,61;13,84;23,93;11,77;226,61
19081016;Poggioreale;Trapani;1;1.397;12,24;15,66;61,19;13,70;12,88;19,96;3,31;138,95
19081017;Salaparuta;Trapani;1;1.601;25,13;20,41;89,07;22,65;12,57;8,16;4,73;182,73
19081018;Salemi;Trapani;1;10.060;10,74;13,78;51,26;27,88;9,40;26,94;5,30;145,29
19081020;San Vito Lo Capo;Trapani;1;4.807;28,55;62,58;264,50;54,58;59,09;71,13;18,23;586,21
19081019;Santa Ninfa;Trapani;1;4.875;13,48;13,29;67,66;24,41;3,96;27,00;;149,80
19081021;Trapani;Trapani;1;65.249;17,26;74,33;61,93;;17,48;34,93;10,53;216,45
19081022;Valderice;Trapani;1;11.553;10,22;18,42;84,32;43,24;17,61;28,59;24,13;226,52
19081023;Vita;Trapani;1;1.838;12,88;14,06;71,76;27,85;3,53;27,39;;157,47
04022001;Ala;Trento;1;8.737;13,23;21,30;44,01;15,75;;11,56;0,71;106,57
04022002;Albiano;Trento;Vedi aggregazione: ASIA - AZIENDA SPECIALE PER L'IGIENE AMBIENTALE;;;;;;;;;
04022003;Aldeno;Trento;Vedi aggregazione: ASIA - AZIENDA SPECIALE PER L'IGIENE AMBIENTALE;;;;;;;;;
04022235;Altavalle;Trento;Vedi aggregazione: ASIA - AZIENDA SPECIALE PER L'IGIENE AMBIENTALE;;;;;;;;;
04022236;Altopiano Della Vigolana;Trento;Vedi aggregazione: AMNU S.P.A.;;;;;;;;;
04022237;Amblar-Don;Trento;Vedi aggregazione: COMUNITA' DELLA VAL DI NON;;;;;;;;;
04022005;Andalo;Trento;Vedi aggregazione: ASIA - AZIENDA SPECIALE PER L'IGIENE AMBIENTALE;;;;;;;;;
04022006;Arco;Trento;Vedi aggregazione: COMUNITA' ALTO GARDA E LEDRO;;;;;;;;;
04022007;Avio;Trento;1;4.070;14,12;21,44;36,39;13,88;;11,08;0,65;97,57
04022009;Baselga di Pine;Trento;Vedi aggregazione: AMNU S.P.A.;;;;;;;;;
04022011;Bedollo;Trento;Vedi aggregazione: AMNU S.P.A.;;;;;;;;;
04022013;Besenello;Trento;1;2.764;8,18;22,75;41,04;12,63;;10,75;0,67;96,01
04022015;Bieno;Trento;Vedi aggregazione: COMUNITA' VALSUGANA E TESINO;;;;;;;;;
04022017;Bleggio Superiore;Trento;Vedi aggregazione: COMUNITA DELLE GIUDICARIE;;;;;;;;;
04022018;Bocenago;Trento;Vedi aggregazione: COMUNITA DELLE GIUDICARIE;;;;;;;;;
04022021;Bondone;Trento;Vedi aggregazione: COMUNITA DELLE GIUDICARIE;;;;;;;;;
04022238;Borgo Chiese;Trento;Vedi aggregazione: COMUNITA DELLE GIUDICARIE;;;;;;;;;
04022252;Borgo d'Anaunia;Trento;Vedi aggregazione: COMUNITA' DELLA VAL DI NON;;;;;;;;;
04022239;Borgo Lares;Trento;Vedi aggregazione: COMUNITA DELLE GIUDICARIE;;;;;;;;;
04022022;Borgo Valsugana - Dato aggregazione COMUNITA' VALSUGANA E TESINO;Trento;18;26.972;11,33;16,71;58,76;11,49;11,85;15,51;;125,65
04022025;Brentonico;Trento;1;4.031;27,18;30,86;48,42;16,61;;9,87;0,92;133,87
04022026;Bresimo;Trento;Vedi aggregazione: COMUNITA' DELLA VAL DI NON;;;;;;;;;
04022029;Caderzone Terme;Trento;Vedi aggregazione: COMUNITA DELLE GIUDICARIE;;;;;;;;;
04022032;Calceranica al Lago;Trento;Vedi aggregazione: AMNU S.P.A.;;;;;;;;;
04022033;Caldes;Trento;Vedi aggregazione: COMUNITA' MONTANA DELLA VALLE DI SOLE;;;;;;;;;
04022034;Caldonazzo;Trento;Vedi aggregazione: AMNU S.P.A.;;;;;;;;;
04022035;Calliano;Trento;1;2.018;12,82;20,56;37,27;13,81;;10,68;0,66;95,81
04022036;Campitello di Fassa;Trento;1;720;42,12;83,00;61,35;32,48;70,68;44,23;45,13;378,99
04022037;Campodenno;Trento;Vedi aggregazione: COMUNITA' DELLA VAL DI NON;;;;;;;;;
04022038;Canal San Bovo;Trento;Vedi aggregazione: COMUNITA' DI PRIMIERO;;;;;;;;;
04022039;Canazei;Trento;1;1.884;50,46;84,06;73,63;55,77;46,64;18,93;22,49;351,97
04022040;Capriana;Trento;Vedi aggregazione: FIEMME SERVIZI SPA;;;;;;;;;
04022042;Carisolo;Trento;Vedi aggregazione: COMUNITA DELLE GIUDICARIE;;;;;;;;;
04022043;Carzano;Trento;Vedi aggregazione: COMUNITA' VALSUGANA E TESINO;;;;;;;;;
04022045;Castel Condino;Trento;Vedi aggregazione: COMUNITA DELLE GIUDICARIE;;;;;;;;;
04022240;Castel Ivano;Trento;Vedi aggregazione: COMUNITA' VALSUGANA E TESINO;;;;;;;;;
04022048;Castello Tesino;Trento;Vedi aggregazione: COMUNITA' VALSUGANA E TESINO;;;;;;;;;
04022047;Castello-Molina di Fiemme;Trento;Vedi aggregazione: FIEMME SERVIZI SPA;;;;;;;;;
04022049;Castelnuovo;Trento;Vedi aggregazione: COMUNITA' VALSUGANA E TESINO;;;;;;;;;
04022050;Cavalese - Dato aggregazione FIEMME SERVIZI SPA;Trento;9;20.132;15,17;14,48;39,22;25,69;16,13;79,72;19,10;209,52
04022051;Cavareno;Trento;Vedi aggregazione: COMUNITA' DELLA VAL DI NON;;;;;;;;;
04022052;Cavedago;Trento;Vedi aggregazione: ASIA - AZIENDA SPECIALE PER L'IGIENE AMBIENTALE;;;;;;;;;
04022053;Cavedine;Trento;Vedi aggregazione: ASIA - AZIENDA SPECIALE PER L'IGIENE AMBIENTALE;;;;;;;;;
04022054;Cavizzana;Trento;Vedi aggregazione: COMUNITA' MONTANA DELLA VALLE DI SOLE;;;;;;;;;
04022241;Cembra Lisignago;Trento;Vedi aggregazione: ASIA - AZIENDA SPECIALE PER L'IGIENE AMBIENTALE;;;;;;;;;
04022058;Cimone;Trento;Vedi aggregazione: ASIA - AZIENDA SPECIALE PER L'IGIENE AMBIENTALE;;;;;;;;;
04022059;Cinte Tesino;Trento;Vedi aggregazione: COMUNITA' VALSUGANA E TESINO;;;;;;;;;
04022060;Cis;Trento;Vedi aggregazione: COMUNITA' DELLA VAL DI NON;;;;;;;;;
04022061;Civezzano;Trento;Vedi aggregazione: AMNU S.P.A.;;;;;;;;;
04022062;Cles - Dato aggregazione COMUNITA' DELLA VAL DI NON;Trento;23;37.039;15,36;;34,33;28,72;17,17;34,54;3,84;133,96
04022228;Comano Terme;Trento;Vedi aggregazione: COMUNITA DELLE GIUDICARIE;;;;;;;;;
04022064;Commezzadura;Trento;Vedi aggregazione: COMUNITA' MONTANA DELLA VALLE DI SOLE;;;;;;;;;
04022242;Conta';Trento;Vedi aggregazione: COMUNITA' DELLA VAL DI NON;;;;;;;;;
04022068;Croviana;Trento;Vedi aggregazione: COMUNITA' MONTANA DELLA VALLE DI SOLE;;;;;;;;;
04022071;Dambel;Trento;Vedi aggregazione: COMUNITA' DELLA VAL DI NON;;;;;;;;;
04022074;Denno;Trento;Vedi aggregazione: COMUNITA' DELLA VAL DI NON;;;;;;;;;
04022233;Dimaro Folgarida;Trento;Vedi aggregazione: COMUNITA' MONTANA DELLA VALLE DI SOLE;;;;;;;;;
04022078;Drena;Trento;Vedi aggregazione: COMUNITA' ALTO GARDA E LEDRO;;;;;;;;;
04022079;Dro;Trento;Vedi aggregazione: COMUNITA' ALTO GARDA E LEDRO;;;;;;;;;
04022081;Fai della Paganella;Trento;Vedi aggregazione: ASIA - AZIENDA SPECIALE PER L'IGIENE AMBIENTALE;;;;;;;;;
04022083;Fiave;Trento;Vedi aggregazione: COMUNITA DELLE GIUDICARIE;;;;;;;;;
04022085;Fierozzo;Trento;Vedi aggregazione: AMNU S.P.A.;;;;;;;;;
04022087;Folgaria;Trento;1;3.161;36,04;62,87;93,48;22,81;;25,97;1,62;242,80
04022089;Fornace;Trento;Vedi aggregazione: AMNU S.P.A.;;;;;;;;;
04022090;Frassilongo;Trento;Vedi aggregazione: AMNU S.P.A.;;;;;;;;;
04022091;Garniga Terme;Trento;Vedi aggregazione: ASIA - AZIENDA SPECIALE PER L'IGIENE AMBIENTALE;;;;;;;;;
04022092;Giovo;Trento;Vedi aggregazione: ASIA - AZIENDA SPECIALE PER L'IGIENE AMBIENTALE;;;;;;;;;
04022093;Giustino;Trento;Vedi aggregazione: COMUNITA DELLE GIUDICARIE;;;;;;;;;
04022095;Grigno;Trento;Vedi aggregazione: COMUNITA' VALSUGANA E TESINO;;;;;;;;;
04022097;Imer;Trento;Vedi aggregazione: COMUNITA' DI PRIMIERO;;;;;;;;;
04022098;Isera;Trento;1;2.757;12,27;26,05;45,16;64,48;8,48;14,10;7,59;178,13
04022102;Lavarone;Trento;1;1.191;;36,62;28,26;82,15;;27,27;1,86;267,27
04022103;Lavis - Dato aggregazione ASIA - AZIENDA SPECIALE PER L'IGIENE AMBIENTALE;Trento;24;62.067;7,37;9,26;31,26;20,71;11,48;41,14;9,26;130,47
04022229;Ledro;Trento;Vedi aggregazione: COMUNITA' ALTO GARDA E LEDRO;;;;;;;;;
04022104;Levico Terme;Trento;Vedi aggregazione: AMNU S.P.A.;;;;;;;;;
04022106;Livo;Trento;Vedi aggregazione: COMUNITA' DELLA VAL DI NON;;;;;;;;;
04022108;Lona-Lases;Trento;Vedi aggregazione: ASIA - AZIENDA SPECIALE PER L'IGIENE AMBIENTALE;;;;;;;;;
04022109;Luserna;Trento;1;265;;17,85;24,38;44,75;;21,86;1,35;196,26
04022243;Madruzzo;Trento;Vedi aggregazione: ASIA - AZIENDA SPECIALE PER L'IGIENE AMBIENTALE;;;;;;;;;
04022110;Male - Dato aggregazione COMUNITA' MONTANA DELLA VALLE DI SOLE;Trento;13;15.497;28,45;38,70;43,75;12,12;13,66;36,38;14,65;187,71
04022112;Massimeno;Trento;Vedi aggregazione: COMUNITA DELLE GIUDICARIE;;;;;;;;;
04022113;Mazzin;Trento;1;596;35,88;113,08;43,91;15,39;;109,30;69,77;387,85
04022114;Mezzana;Trento;Vedi aggregazione: COMUNITA' MONTANA DELLA VALLE DI SOLE;;;;;;;;;
04022115;Mezzano;Trento;Vedi aggregazione: COMUNITA' DI PRIMIERO;;;;;;;;;
04022116;Mezzocorona;Trento;Vedi aggregazione: ASIA - AZIENDA SPECIALE PER L'IGIENE AMBIENTALE;;;;;;;;;
04022117;Mezzolombardo;Trento;Vedi aggregazione: ASIA - AZIENDA SPECIALE PER L'IGIENE AMBIENTALE;;;;;;;;;
04022118;Moena;Trento;1;2.606;11,23;19,41;40,92;;21,77;53,73;;147,07
04022120;Molveno;Trento;Vedi aggregazione: ASIA - AZIENDA SPECIALE PER L'IGIENE AMBIENTALE;;;;;;;;;
04022123;Mori;Trento;1;10.030;12,82;22,38;41,72;14,01;;10,11;0,74;101,78
04022124;Nago-Torbole;Trento;Vedi aggregazione: COMUNITA' ALTO GARDA E LEDRO;;;;;;;;;
04022127;Nogaredo;Trento;1;2.093;;11,80;12,72;18,91;;9,76;0,61;90,58
04022128;Nomi;Trento;1;1.337;;13,67;15,36;27,46;;13,81;0,81;115,95
04022129;Novaledo;Trento;Vedi aggregazione: COMUNITA' VALSUGANA E TESINO;;;;;;;;;
04022253;Novella;Trento;Vedi aggregazione: COMUNITA' DELLA VAL DI NON;;;;;;;;;
04022130;Ospedaletto;Trento;Vedi aggregazione: COMUNITA' VALSUGANA E TESINO;;;;;;;;;
04022131;Ossana;Trento;Vedi aggregazione: COMUNITA' MONTANA DELLA VALLE DI SOLE;;;;;;;;;
04022133;Palu del Fersina;Trento;Vedi aggregazione: AMNU S.P.A.;;;;;;;;;
04022134;Panchia;Trento;Vedi aggregazione: FIEMME SERVIZI SPA;;;;;;;;;
04022136;Peio;Trento;Vedi aggregazione: COMUNITA' MONTANA DELLA VALLE DI SOLE;;;;;;;;;
04022137;Pellizzano;Trento;Vedi aggregazione: COMUNITA' MONTANA DELLA VALLE DI SOLE;;;;;;;;;
04022138;Pelugo;Trento;Vedi aggregazione: COMUNITA DELLE GIUDICARIE;;;;;;;;;
04022139;Pergine Valsugana - Dato aggregazione AMNU S.P.A.;Trento;15;55.437;7,75;12,94;18,36;18,78;15,80;35,87;14,08;124,97
04022234;Pieve Di Bono-Prezzo;Trento;Vedi aggregazione: COMUNITA DELLE GIUDICARIE;;;;;;;;;
04022142;Pieve Tesino;Trento;Vedi aggregazione: COMUNITA' VALSUGANA E TESINO;;;;;;;;;
04022143;Pinzolo;Trento;Vedi aggregazione: COMUNITA DELLE GIUDICARIE;;;;;;;;;
04022144;Pomarolo;Trento;1;2.432;;9,51;11,80;17,42;;9,42;0,58;84,57
04022244;Porte Di Rendena;Trento;Vedi aggregazione: COMUNITA DELLE GIUDICARIE;;;;;;;;;
04022230;Predaia;Trento;Vedi aggregazione: COMUNITA' DELLA VAL DI NON;;;;;;;;;
04022147;Predazzo;Trento;Vedi aggregazione: FIEMME SERVIZI SPA;;;;;;;;;
04022245;Primiero San Martino Di Castrozza - Dato aggregazione COMUNITA' DI PRIMIERO;Trento;5;9.683;9,24;16,04;55,56;24,91;46,08;36,20;15,59;203,62
04022150;Rabbi;Trento;Vedi aggregazione: COMUNITA' MONTANA DELLA VALLE DI SOLE;;;;;;;;;
04022153;Riva del Garda - Dato aggregazione COMUNITA' ALTO GARDA E LEDRO;Trento;7;51.544;20,59;37,19;57,42;1,38;17,26;13,48;3,87;151,19
04022155;Romeno;Trento;Vedi aggregazione: COMUNITA' DELLA VAL DI NON;;;;;;;;;
04022156;Roncegno Terme;Trento;Vedi aggregazione: COMUNITA' VALSUGANA E TESINO;;;;;;;;;
04022157;Ronchi Valsugana;Trento;Vedi aggregazione: COMUNITA' VALSUGANA E TESINO;;;;;;;;;
04022135;Ronzo-Chienis;Trento;1;994;15,36;30,05;51,59;19,89;;13,97;0,92;131,78
04022159;Ronzone;Trento;Vedi aggregazione: COMUNITA' DELLA VAL DI NON;;;;;;;;;
04022160;Rovere della Luna;Trento;Vedi aggregazione: ASIA - AZIENDA SPECIALE PER L'IGIENE AMBIENTALE;;;;;;;;;
04022161;Rovereto;Trento;1;40.105;15,14;4,84;50,01;28,59;12,94;28,20;19,32;159,05
04022162;Ruffre-Mendola;Trento;Vedi aggregazione: COMUNITA' DELLA VAL DI NON;;;;;;;;;
04022163;Rumo;Trento;Vedi aggregazione: COMUNITA' DELLA VAL DI NON;;;;;;;;;
04022164;Sagron Mis;Trento;Vedi aggregazione: COMUNITA' DI PRIMIERO;;;;;;;;;
04022165;Samone;Trento;Vedi aggregazione: COMUNITA' VALSUGANA E TESINO;;;;;;;;;
04022231;San Lorenzo Dorsino;Trento;Vedi aggregazione: COMUNITA DELLE GIUDICARIE;;;;;;;;;
04022167;San Michele all'Adige;Trento;Vedi aggregazione: ASIA - AZIENDA SPECIALE PER L'IGIENE AMBIENTALE;;;;;;;;;
04022168;Sant'Orsola Terme;Trento;Vedi aggregazione: AMNU S.P.A.;;;;;;;;;
04022169;Sanzeno;Trento;Vedi aggregazione: COMUNITA' DELLA VAL DI NON;;;;;;;;;
04022170;Sarnonico;Trento;Vedi aggregazione: COMUNITA' DELLA VAL DI NON;;;;;;;;;
04022171;Scurelle;Trento;Vedi aggregazione: COMUNITA' VALSUGANA E TESINO;;;;;;;;;
04022172;Segonzano;Trento;Vedi aggregazione: ASIA - AZIENDA SPECIALE PER L'IGIENE AMBIENTALE;;;;;;;;;
04022246;Sella Giudicarie;Trento;Vedi aggregazione: COMUNITA DELLE GIUDICARIE;;;;;;;;;
04022250;Sen Jan di Fassa-San Giovanni di Fassa;Trento;1;3.590;29,54;43,22;62,14;30,33;24,19;17,38;17,95;224,75
04022173;Sfruz;Trento;Vedi aggregazione: COMUNITA' DELLA VAL DI NON;;;;;;;;;
04022176;Soraga;Trento;1;695;26,05;45,93;50,07;26,98;23,26;33,29;4,76;210,35
04022177;Sover;Trento;Vedi aggregazione: ASIA - AZIENDA SPECIALE PER L'IGIENE AMBIENTALE;;;;;;;;;
04022179;Spiazzo;Trento;Vedi aggregazione: COMUNITA DELLE GIUDICARIE;;;;;;;;;
04022180;Spormaggiore;Trento;Vedi aggregazione: ASIA - AZIENDA SPECIALE PER L'IGIENE AMBIENTALE;;;;;;;;;
04022181;Sporminore;Trento;Vedi aggregazione: COMUNITA' DELLA VAL DI NON;;;;;;;;;
04022182;Stenico;Trento;Vedi aggregazione: COMUNITA DELLE GIUDICARIE;;;;;;;;;
04022183;Storo;Trento;Vedi aggregazione: COMUNITA DELLE GIUDICARIE;;;;;;;;;
04022184;Strembo;Trento;Vedi aggregazione: COMUNITA DELLE GIUDICARIE;;;;;;;;;
04022188;Telve;Trento;Vedi aggregazione: COMUNITA' VALSUGANA E TESINO;;;;;;;;;
04022189;Telve di Sopra;Trento;Vedi aggregazione: COMUNITA' VALSUGANA E TESINO;;;;;;;;;
04022190;Tenna;Trento;Vedi aggregazione: AMNU S.P.A.;;;;;;;;;
04022191;Tenno;Trento;Vedi aggregazione: COMUNITA' ALTO GARDA E LEDRO;;;;;;;;;
04022193;Terragnolo;Trento;1;704;14,52;32,36;31,84;9,95;;11,07;0,71;100,45
04022251;Terre d'Adige;Trento;Vedi aggregazione: ASIA - AZIENDA SPECIALE PER L'IGIENE AMBIENTALE;;;;;;;;;
04022195;Terzolas;Trento;Vedi aggregazione: COMUNITA' MONTANA DELLA VALLE DI SOLE;;;;;;;;;
04022196;Tesero;Trento;Vedi aggregazione: FIEMME SERVIZI SPA;;;;;;;;;
04022199;Tione di Trento - Dato aggregazione COMUNITA DELLE GIUDICARIE;Trento;25;36.910;8,74;25,97;70,25;15,10;18,62;19,31;11,08;169,09
04022200;Ton;Trento;Vedi aggregazione: COMUNITA' DELLA VAL DI NON;;;;;;;;;
04022202;Torcegno;Trento;Vedi aggregazione: COMUNITA' VALSUGANA E TESINO;;;;;;;;;
04022203;Trambileno;Trento;1;1.479;18,58;30,79;33,70;11,09;;8,75;0,72;103,64
04022247;Tre Ville;Trento;Vedi aggregazione: COMUNITA DELLE GIUDICARIE;;;;;;;;;
04022205;Trento;Trento;1;120.491;14,42;13,45;59,90;19,07;14,10;32,24;24,71;177,89
04022232;Valdaone;Trento;Vedi aggregazione: COMUNITA DELLE GIUDICARIE;;;;;;;;;
04022209;Valfloriana;Trento;Vedi aggregazione: FIEMME SERVIZI SPA;;;;;;;;;
04022210;Vallarsa;Trento;1;1.377;21,69;39,08;32,47;9,58;;11,59;0,83;115,24
04022248;Vallelaghi;Trento;Vedi aggregazione: ASIA - AZIENDA SPECIALE PER L'IGIENE AMBIENTALE;;;;;;;;;
04022213;Vermiglio;Trento;Vedi aggregazione: COMUNITA' MONTANA DELLA VALLE DI SOLE;;;;;;;;;
04022216;Vignola-Falesina;Trento;Vedi aggregazione: AMNU S.P.A.;;;;;;;;;
04022249;Villa d'Anaunia;Trento;Vedi aggregazione: COMUNITA' DELLA VAL DI NON;;;;;;;;;
04022222;Villa Lagarina;Trento;1;3.808;;14,11;15,62;19,79;;9,79;0,67;97,45
04022254;Ville di Fiemme;Trento;Vedi aggregazione: FIEMME SERVIZI SPA;;;;;;;;;
04022224;Volano;Trento;1;3.031;7,01;21,77;52,55;16,67;;12,30;0,76;111,06
04022226;Ziano di Fiemme;Trento;Vedi aggregazione: FIEMME SERVIZI SPA;;;;;;;;;
05026001;Altivole;Treviso;Vedi aggregazione: Consiglio di Bacino Priula;;;;;;;;;
05026002;Arcade;Treviso;Vedi aggregazione: Consiglio di Bacino Priula;;;;;;;;;
05026003;Asolo;Treviso;Vedi aggregazione: Consiglio di Bacino Priula;;;;;;;;;
05026004;Borso del Grappa;Treviso;Vedi aggregazione: Consiglio di Bacino Priula;;;;;;;;;
05026005;Breda di Piave;Treviso;Vedi aggregazione: Consiglio di Bacino Priula;;;;;;;;;
05026006;Caerano di San Marco;Treviso;Vedi aggregazione: Consiglio di Bacino Priula;;;;;;;;;
05026007;Cappella Maggiore;Treviso;Vedi aggregazione: Consiglio di Bacino Sinistra Piave;;;;;;;;;
05026008;Carbonera;Treviso;Vedi aggregazione: Consiglio di Bacino Priula;;;;;;;;;
05026009;Casale sul Sile;Treviso;Vedi aggregazione: Consiglio di Bacino Priula;;;;;;;;;
05026010;Casier;Treviso;Vedi aggregazione: Consiglio di Bacino Priula;;;;;;;;;
05026011;Castelcucco;Treviso;Vedi aggregazione: Consiglio di Bacino Priula;;;;;;;;;
05026012;Castelfranco Veneto;Treviso;Vedi aggregazione: Consiglio di Bacino Priula;;;;;;;;;
05026013;Castello di Godego;Treviso;Vedi aggregazione: Consiglio di Bacino Priula;;;;;;;;;
05026014;Cavaso del Tomba;Treviso;Vedi aggregazione: Consiglio di Bacino Priula;;;;;;;;;
05026015;Cessalto;Treviso;Vedi aggregazione: Consiglio di Bacino Sinistra Piave;;;;;;;;;
05026016;Chiarano;Treviso;Vedi aggregazione: Consiglio di Bacino Sinistra Piave;;;;;;;;;
05026017;Cimadolmo;Treviso;Vedi aggregazione: Consiglio di Bacino Sinistra Piave;;;;;;;;;
05026018;Cison di Valmarino;Treviso;Vedi aggregazione: Consiglio di Bacino Sinistra Piave;;;;;;;;;
05026019;Codogne;Treviso;Vedi aggregazione: Consiglio di Bacino Sinistra Piave;;;;;;;;;
05026020;Colle Umberto;Treviso;Vedi aggregazione: Consiglio di Bacino Sinistra Piave;;;;;;;;;
05026021;Conegliano;Treviso;Vedi aggregazione: Consiglio di Bacino Sinistra Piave;;;;;;;;;
05026022;Cordignano;Treviso;Vedi aggregazione: Consiglio di Bacino Sinistra Piave;;;;;;;;;
05026023;Cornuda;Treviso;Vedi aggregazione: Consiglio di Bacino Priula;;;;;;;;;
05026025;Crocetta del Montello;Treviso;Vedi aggregazione: Consiglio di Bacino Priula;;;;;;;;;
05026026;Farra di Soligo;Treviso;Vedi aggregazione: Consiglio di Bacino Sinistra Piave;;;;;;;;;
05026027;Follina;Treviso;Vedi aggregazione: Consiglio di Bacino Sinistra Piave;;;;;;;;;
05026028;Fontanelle;Treviso;Vedi aggregazione: Consiglio di Bacino Sinistra Piave;;;;;;;;;
05026029;Fonte;Treviso;Vedi aggregazione: Consiglio di Bacino Priula;;;;;;;;;
05026030;Fregona;Treviso;Vedi aggregazione: Consiglio di Bacino Sinistra Piave;;;;;;;;;
05026031;Gaiarine;Treviso;Vedi aggregazione: Consiglio di Bacino Sinistra Piave;;;;;;;;;
05026032;Giavera del Montello;Treviso;Vedi aggregazione: Consiglio di Bacino Priula;;;;;;;;;
05026033;Godega di Sant'Urbano;Treviso;Vedi aggregazione: Consiglio di Bacino Sinistra Piave;;;;;;;;;
05026034;Gorgo al Monticano;Treviso;Vedi aggregazione: Consiglio di Bacino Sinistra Piave;;;;;;;;;
05026035;Istrana;Treviso;Vedi aggregazione: Consiglio di Bacino Priula;;;;;;;;;
05026036;Loria;Treviso;Vedi aggregazione: Consiglio di Bacino Priula;;;;;;;;;
05026037;Mansue;Treviso;Vedi aggregazione: Consiglio di Bacino Sinistra Piave;;;;;;;;;
05026038;Mareno di Piave;Treviso;Vedi aggregazione: Consiglio di Bacino Sinistra Piave;;;;;;;;;
05026039;Maser;Treviso;Vedi aggregazione: Consiglio di Bacino Priula;;;;;;;;;
05026040;Maserada sul Piave;Treviso;Vedi aggregazione: Consiglio di Bacino Priula;;;;;;;;;
05026041;Meduna di Livenza;Treviso;Vedi aggregazione: Consiglio di Bacino Sinistra Piave;;;;;;;;;
05026042;Miane;Treviso;Vedi aggregazione: Consiglio di Bacino Sinistra Piave;;;;;;;;;
05026043;Mogliano Veneto;Treviso;1;27.575;20,87;20,66;52,15;12,42;7,04;21,48;30,37;165,25
05026044;Monastier di Treviso;Treviso;Vedi aggregazione: Consiglio di Bacino Priula;;;;;;;;;
05026045;Monfumo;Treviso;Vedi aggregazione: Consiglio di Bacino Priula;;;;;;;;;
05026046;Montebelluna;Treviso;Vedi aggregazione: Consiglio di Bacino Priula;;;;;;;;;
05026047;Morgano;Treviso;Vedi aggregazione: Consiglio di Bacino Priula;;;;;;;;;
05026048;Moriago della Battaglia;Treviso;Vedi aggregazione: Consiglio di Bacino Sinistra Piave;;;;;;;;;
05026049;Motta di Livenza;Treviso;Vedi aggregazione: Consiglio di Bacino Sinistra Piave;;;;;;;;;
05026050;Nervesa della Battaglia;Treviso;Vedi aggregazione: Consiglio di Bacino Priula;;;;;;;;;
05026051;Oderzo;Treviso;Vedi aggregazione: Consiglio di Bacino Sinistra Piave;;;;;;;;;
05026052;Ormelle;Treviso;Vedi aggregazione: Consiglio di Bacino Sinistra Piave;;;;;;;;;
05026053;Orsago;Treviso;Vedi aggregazione: Consiglio di Bacino Sinistra Piave;;;;;;;;;
05026055;Paese;Treviso;Vedi aggregazione: Consiglio di Bacino Priula;;;;;;;;;
05026056;Pederobba;Treviso;Vedi aggregazione: Consiglio di Bacino Priula;;;;;;;;;
05026096;Pieve del Grappa;Treviso;Vedi aggregazione: Consiglio di Bacino Priula;;;;;;;;;
05026057;Pieve di Soligo;Treviso;Vedi aggregazione: Consiglio di Bacino Sinistra Piave;;;;;;;;;
05026058;Ponte di Piave;Treviso;Vedi aggregazione: Consiglio di Bacino Sinistra Piave;;;;;;;;;
05026059;Ponzano Veneto;Treviso;Vedi aggregazione: Consiglio di Bacino Priula;;;;;;;;;
05026060;Portobuffole;Treviso;Vedi aggregazione: Consiglio di Bacino Sinistra Piave;;;;;;;;;
05026061;Possagno;Treviso;Vedi aggregazione: Consiglio di Bacino Priula;;;;;;;;;
05026062;Povegliano;Treviso;Vedi aggregazione: Consiglio di Bacino Priula;;;;;;;;;
05026063;Preganziol;Treviso;Vedi aggregazione: Consiglio di Bacino Priula;;;;;;;;;
05026064;Quinto di Treviso;Treviso;Vedi aggregazione: Consiglio di Bacino Priula;;;;;;;;;
05026065;Refrontolo;Treviso;Vedi aggregazione: Consiglio di Bacino Sinistra Piave;;;;;;;;;
05026066;Resana;Treviso;Vedi aggregazione: Consiglio di Bacino Priula;;;;;;;;;
05026067;Revine Lago;Treviso;Vedi aggregazione: Consiglio di Bacino Sinistra Piave;;;;;;;;;
05026068;Riese Pio X;Treviso;Vedi aggregazione: Consiglio di Bacino Priula;;;;;;;;;
05026069;Roncade;Treviso;Vedi aggregazione: Consiglio di Bacino Priula;;;;;;;;;
05026070;Salgareda;Treviso;Vedi aggregazione: Consiglio di Bacino Sinistra Piave;;;;;;;;;
05026071;San Biagio di Callalta;Treviso;Vedi aggregazione: Consiglio di Bacino Priula;;;;;;;;;
05026072;San Fior;Treviso;Vedi aggregazione: Consiglio di Bacino Sinistra Piave;;;;;;;;;
05026073;San Pietro di Feletto;Treviso;Vedi aggregazione: Consiglio di Bacino Sinistra Piave;;;;;;;;;
05026074;San Polo di Piave;Treviso;Vedi aggregazione: Consiglio di Bacino Sinistra Piave;;;;;;;;;
05026076;San Vendemiano - Dato aggregazione Consiglio di Bacino Sinistra Piave;Treviso;44;299.017;8,54;7,24;10,06;17,39;5,10;50,45;11,23;110,02
05026077;San Zenone degli Ezzelini;Treviso;Vedi aggregazione: Consiglio di Bacino Priula;;;;;;;;;
05026075;Santa Lucia di Piave;Treviso;Vedi aggregazione: Consiglio di Bacino Sinistra Piave;;;;;;;;;
05026078;Sarmede;Treviso;Vedi aggregazione: Consiglio di Bacino Sinistra Piave;;;;;;;;;
05026079;Segusino;Treviso;Vedi aggregazione: Consiglio di Bacino Sinistra Piave;;;;;;;;;
05026080;Sernaglia della Battaglia;Treviso;Vedi aggregazione: Consiglio di Bacino Sinistra Piave;;;;;;;;;
05026081;Silea;Treviso;Vedi aggregazione: Consiglio di Bacino Priula;;;;;;;;;
05026082;Spresiano;Treviso;Vedi aggregazione: Consiglio di Bacino Priula;;;;;;;;;
05026083;Susegana;Treviso;Vedi aggregazione: Consiglio di Bacino Priula;;;;;;;;;
05026084;Tarzo;Treviso;Vedi aggregazione: Consiglio di Bacino Sinistra Piave;;;;;;;;;
05026085;Trevignano;Treviso;Vedi aggregazione: Consiglio di Bacino Priula;;;;;;;;;
05026086;Treviso;Treviso;Vedi aggregazione: Consiglio di Bacino Priula;;;;;;;;;
05026087;Valdobbiadene;Treviso;Vedi aggregazione: Consiglio di Bacino Sinistra Piave;;;;;;;;;
05026088;Vazzola;Treviso;Vedi aggregazione: Consiglio di Bacino Sinistra Piave;;;;;;;;;
05026089;Vedelago;Treviso;Vedi aggregazione: Consiglio di Bacino Priula;;;;;;;;;
05026090;Vidor;Treviso;Vedi aggregazione: Consiglio di Bacino Sinistra Piave;;;;;;;;;
05026091;Villorba - Dato aggregazione Consiglio di Bacino Priula;Treviso;49;551.478;6,05;8,13;48,74;16,28;11,40;27,34;17,45;135,40
05026092;Vittorio Veneto;Treviso;Vedi aggregazione: Consiglio di Bacino Sinistra Piave;;;;;;;;;
05026093;Volpago del Montello;Treviso;Vedi aggregazione: Consiglio di Bacino Priula;;;;;;;;;
05026094;Zenson di Piave;Treviso;Vedi aggregazione: Consiglio di Bacino Priula;;;;;;;;;
05026095;Zero Branco;Treviso;Vedi aggregazione: Consiglio di Bacino Priula;;;;;;;;;
06032001;Duino-Aurisina;Trieste;1;8.238;37,54;42,46;44,13;22,25;5,67;24,71;9,09;185,91
06032002;Monrupino;Trieste;1;858;62,97;44,67;56,02;31,40;1,50;26,88;11,36;234,85
06032003;Muggia;Trieste;1;12.899;12,41;40,20;31,49;16,66;6,54;32,34;74,89;214,52
06032004;San Dorligo della Valle-Dolina;Trieste;1;5.711;10,78;15,50;68,70;0,19;0,41;66,65;1,13;163,38
06032005;Sgonico;Trieste;1;1.991;21,19;20,31;58,03;33,50;8,11;28,41;10,43;181,22
06032006;Trieste;Trieste;1;199.773;27,19;;30,39;46,52;32,41;39,00;17,80;194,90
06030001;Aiello del Friuli;Udine;1;2.181;8,92;28,90;22,64;11,97;5,47;29,16;10,87;128,16
06030002;Amaro;Udine;Vedi aggregazione: UNIONE TERRITORIALE INTERCOMUNALE DELLA CARNIA (DAL 01.01.2021 COMUNITA' DI MONTAGNA DELLA CARNIA);;;;;;;;;
06030003;Ampezzo;Udine;Vedi aggregazione: UNIONE TERRITORIALE INTERCOMUNALE DELLA CARNIA (DAL 01.01.2021 COMUNITA' DI MONTAGNA DELLA CARNIA);;;;;;;;;
06030004;Aquileia;Udine;1;3.199;9,23;29,90;23,42;12,39;8,43;28,97;11,24;123,58
06030005;Arta Terme;Udine;Vedi aggregazione: UNIONE TERRITORIALE INTERCOMUNALE DELLA CARNIA (DAL 01.01.2021 COMUNITA' DI MONTAGNA DELLA CARNIA);;;;;;;;;
06030006;Artegna;Udine;1;2.805;8,75;15,48;57,08;4,09;2,95;35,20;;123,54
06030007;Attimis;Udine;1;1.704;9,26;29,99;23,49;12,43;4,88;21,33;11,28;115,65
06030008;Bagnaria Arsa;Udine;1;3.480;8,42;27,29;26,79;11,30;5,75;18,83;10,26;108,64
06030009;Basiliano;Udine;1;5.250;7,81;12,66;63,62;2,71;5,63;29,64;;122,07
06030010;Bertiolo;Udine;1;2.370;9,32;17,59;57,79;3,26;3,34;33,39;;124,68
06030011;Bicinicco;Udine;1;1.804;7,99;25,89;22,70;10,73;9,28;20,65;22,20;119,43
06030012;Bordano;Udine;1;711;8,62;15,17;54,31;3,01;;31,02;;112,13
06030013;Buja;Udine;1;6.404;7,48;24,25;18,99;10,04;5,36;24,08;19,27;109,93
06030014;Buttrio;Udine;1;3.890;8,87;9,62;58,30;4,27;2,79;27,41;;111,26
06030015;Camino al Tagliamento;Udine;1;1.583;9,13;16,43;62,29;2,72;1,83;17,92;;110,32
06030016;Campoformido;Udine;1;7.761;7,36;8,79;56,70;3,15;1,53;31,07;;108,61
06030138;Campolongo Tapogliano;Udine;1;1.145;8,65;28,04;21,96;11,62;4,56;36,29;10,54;121,67
06030018;Carlino;Udine;1;2.758;6,99;22,65;22,52;9,38;5,06;25,08;12,49;106,80
06030019;Cassacco;Udine;1;2.874;8,73;28,29;22,16;11,72;4,60;33,46;10,64;120,02
06030020;Castions di Strada;Udine;1;3.708;8,12;26,32;20,62;10,91;4,28;30,29;10,25;104,31
06030021;Cavazzo Carnico;Udine;Vedi aggregazione: UNIONE TERRITORIALE INTERCOMUNALE DELLA CARNIA (DAL 01.01.2021 COMUNITA' DI MONTAGNA DELLA CARNIA);;;;;;;;;
06030022;Cercivento;Udine;Vedi aggregazione: UNIONE TERRITORIALE INTERCOMUNALE DELLA CARNIA (DAL 01.01.2021 COMUNITA' DI MONTAGNA DELLA CARNIA);;;;;;;;;
06030023;Cervignano del Friuli;Udine;1;13.523;9,16;29,68;23,25;12,30;13,91;29,21;11,16;123,55
06030024;Chiopris-Viscone;Udine;1;667;9,52;30,87;25,03;12,79;13,23;35,75;11,60;138,79
06030025;Chiusaforte;Udine;1;614;14,13;45,78;40,52;18,97;7,44;73,96;17,21;218,22
06030026;Cividale del Friuli;Udine;1;10.991;12,55;40,68;31,86;16,85;6,61;33,71;24,76;167,03
06030027;Codroipo;Udine;1;16.069;9,27;15,03;64,53;3,82;5,75;24,45;;122,86
06030028;Colloredo di Monte Albano;Udine;1;2.210;7,96;11,89;49,78;7,67;1,84;19,51;;98,65
06030029;Comeglians;Udine;Vedi aggregazione: UNIONE TERRITORIALE INTERCOMUNALE DELLA CARNIA (DAL 01.01.2021 COMUNITA' DI MONTAGNA DELLA CARNIA);;;;;;;;;
06030030;Corno di Rosazzo;Udine;1;3.140;7,33;9,11;55,74;3,44;5,06;25,52;;106,19
06030031;Coseano;Udine;1;2.091;9,52;16,89;60,53;3,33;1,40;12,99;;104,65
06030032;Dignano;Udine;1;2.299;8,65;14,57;58,79;3,35;3,03;19,59;;107,97
06030033;Dogna;Udine;1;156;12,84;34,94;56,53;13,10;;13,34;;130,75
06030034;Drenchia;Udine;1;100;15,62;50,62;39,65;20,97;8,23;44,53;19,02;263,76
06030035;Enemonzo;Udine;Vedi aggregazione: UNIONE TERRITORIALE INTERCOMUNALE DELLA CARNIA (DAL 01.01.2021 COMUNITA' DI MONTAGNA DELLA CARNIA);;;;;;;;;
06030036;Faedis;Udine;1;2.823;7,46;24,16;18,92;10,01;3,93;16,61;9,08;91,59
06030037;Fagagna;Udine;1;6.068;9,71;19,13;60,90;3,86;5,65;15,07;;114,33
06030190;Fiumicello Villa Vicentina;Udine;1;6.366;8,50;27,55;21,58;11,41;10,92;28,53;10,36;119,41
06030039;Flaibano;Udine;1;1.092;8,58;12,60;56,41;2,75;0,63;27,38;;108,35
06030137;Forgaria nel Friuli;Udine;1;1.722;8,25;12,69;63,84;8,92;7,84;40,50;;142,03
06030040;Forni Avoltri;Udine;Vedi aggregazione: UNIONE TERRITORIALE INTERCOMUNALE DELLA CARNIA (DAL 01.01.2021 COMUNITA' DI MONTAGNA DELLA CARNIA);;;;;;;;;
06030041;Forni di Sopra;Udine;Vedi aggregazione: UNIONE TERRITORIALE INTERCOMUNALE DELLA CARNIA (DAL 01.01.2021 COMUNITA' DI MONTAGNA DELLA CARNIA);;;;;;;;;
06030042;Forni di Sotto;Udine;Vedi aggregazione: UNIONE TERRITORIALE INTERCOMUNALE DELLA CARNIA (DAL 01.01.2021 COMUNITA' DI MONTAGNA DELLA CARNIA);;;;;;;;;
06030043;Gemona del Friuli;Udine;1;10.734;8,06;12,52;65,60;3,96;1,49;47,94;;139,57
06030044;Gonars;Udine;1;4.622;7,75;25,13;21,45;10,41;6,47;22,18;9,03;107,78
06030045;Grimacco;Udine;1;307;8,25;26,75;20,95;11,08;4,35;44,67;10,06;127,06
06030046;Latisana;Udine;1;13.279;8,46;27,42;21,48;11,36;14,74;26,88;11,15;123,87
06030047;Lauco;Udine;Vedi aggregazione: UNIONE TERRITORIALE INTERCOMUNALE DELLA CARNIA (DAL 01.01.2021 COMUNITA' DI MONTAGNA DELLA CARNIA);;;;;;;;;
06030048;Lestizza;Udine;1;3.682;7,42;9,56;59,58;3,23;2,33;29,13;;111,25
06030051;Lusevera;Udine;1;601;9,07;16,08;57,33;2,69;;12,98;;98,15
06030052;Magnano in Riviera;Udine;1;2.307;14,41;37,47;82,97;3,91;2,45;18,32;;159,52
06030053;Majano;Udine;1;5.846;8,94;15,81;52,35;3,34;5,81;16,61;;102,87
06030054;Malborghetto Valbruna;Udine;1;912;11,84;38,37;30,06;15,90;6,24;45,33;14,43;162,17
06030055;Manzano;Udine;1;6.199;8,94;28,97;22,69;12,00;8,28;25,92;26,00;132,79
06030056;Marano Lagunare;Udine;1;1.737;9,23;29,91;27,40;12,43;11,54;30,69;18,97;140,19
06030057;Martignacco;Udine;1;6.896;7,80;11,51;56,86;3,47;2,36;25,77;;107,78
06030058;Mereto di Tomba;Udine;1;2.546;8,75;28,37;22,22;11,75;7,85;22,79;10,67;113,64
06030059;Moggio Udinese;Udine;1;1.648;12,51;32,20;50,32;9,35;9,36;29,36;;143,11
06030060;Moimacco;Udine;1;1.634;9,66;5,37;64,33;2,81;2,33;18,03;;102,54
06030061;Montenars;Udine;1;496;9,83;19,98;44,93;2,89;0,49;32,22;;110,34
06030062;Mortegliano;Udine;1;4.802;10,31;16,07;65,49;3,91;9,62;26,22;;131,62
06030063;Moruzzo;Udine;1;2.459;7,82;10,75;56,03;2,63;2,47;15,97;;95,67
06030064;Muzzana del Turgnano;Udine;1;2.397;8,43;27,33;21,41;13,50;8,40;22,27;15,48;119,18
06030065;Nimis;Udine;1;2.596;10,23;20,66;63,73;3,23;2,01;12,99;;112,84
06030066;Osoppo;Udine;1;2.829;9,31;16,30;59,00;3,23;;17,64;;105,48
06030067;Ovaro;Udine;Vedi aggregazione: UNIONE TERRITORIALE INTERCOMUNALE DELLA CARNIA (DAL 01.01.2021 COMUNITA' DI MONTAGNA DELLA CARNIA);;;;;;;;;
06030068;Pagnacco;Udine;1;5.136;8,40;10,18;60,99;7,42;2,65;15,36;;105,00
06030069;Palazzolo dello Stella;Udine;1;2.869;8,43;27,30;21,39;11,31;7,99;22,33;18,44;117,18
06030070;Palmanova;Udine;1;5.312;9,61;31,14;24,39;12,90;27,52;32,53;11,71;149,79
06030071;Paluzza;Udine;Vedi aggregazione: UNIONE TERRITORIALE INTERCOMUNALE DELLA CARNIA (DAL 01.01.2021 COMUNITA' DI MONTAGNA DELLA CARNIA);;;;;;;;;
06030072;Pasian di Prato;Udine;1;9.302;7,74;10,78;60,85;3,54;4,36;22,76;;110,03
06030073;Paularo;Udine;Vedi aggregazione: UNIONE TERRITORIALE INTERCOMUNALE DELLA CARNIA (DAL 01.01.2021 COMUNITA' DI MONTAGNA DELLA CARNIA);;;;;;;;;
06030074;Pavia di Udine;Udine;1;5.531;9,23;17,68;60,24;6,69;2,26;29,36;;125,46
06030075;Pocenia;Udine;1;2.411;7,52;24,38;19,09;10,10;5,81;21,22;9,49;98,83
06030076;Pontebba;Udine;1;1.347;10,90;35,31;27,66;14,63;11,39;37,42;13,28;150,58
06030077;Porpetto;Udine;1;2.499;7,78;25,21;23,21;10,45;7,46;29,41;14,76;120,44
06030078;Povoletto;Udine;1;5.413;7,79;25,25;19,78;10,46;4,11;24,42;15,78;107,58
06030079;Pozzuolo del Friuli;Udine;1;6.912;7,46;9,82;56,28;3,08;0,58;28,66;;105,87
06030080;Pradamano;Udine;1;3.565;8,48;14,84;69,04;4,70;2,43;23,62;;123,11
06030081;Prato Carnico;Udine;Vedi aggregazione: UNIONE TERRITORIALE INTERCOMUNALE DELLA CARNIA (DAL 01.01.2021 COMUNITA' DI MONTAGNA DELLA CARNIA);;;;;;;;;
06030082;Precenicco;Udine;1;1.437;9,38;30,38;23,99;12,59;9,87;27,30;13,45;127,17
06030083;Premariacco;Udine;1;4.029;8,33;9,77;49,01;2,78;1,11;26,10;;97,10
06030084;Preone;Udine;Vedi aggregazione: UNIONE TERRITORIALE INTERCOMUNALE DELLA CARNIA (DAL 01.01.2021 COMUNITA' DI MONTAGNA DELLA CARNIA);;;;;;;;;
06030085;Prepotto;Udine;1;733;11,67;37,81;29,62;15,66;6,15;47,99;26,93;175,82
06030086;Pulfero;Udine;1;849;10,03;32,49;25,45;13,46;5,28;21,00;12,22;120,03
06030087;Ragogna;Udine;1;2.819;9,05;15,64;53,41;2,61;3,67;17,50;;101,88
06030088;Ravascletto;Udine;Vedi aggregazione: UNIONE TERRITORIALE INTERCOMUNALE DELLA CARNIA (DAL 01.01.2021 COMUNITA' DI MONTAGNA DELLA CARNIA);;;;;;;;;
06030089;Raveo;Udine;Vedi aggregazione: UNIONE TERRITORIALE INTERCOMUNALE DELLA CARNIA (DAL 01.01.2021 COMUNITA' DI MONTAGNA DELLA CARNIA);;;;;;;;;
06030090;Reana del Rojale;Udine;1;4.819;8,86;15,16;58,03;3,32;3,52;20,57;;109,46
06030091;Remanzacco;Udine;1;6.147;8,78;15,60;60,56;3,92;1,20;17,46;;107,52
06030092;Resia;Udine;1;936;11,61;37,63;29,48;15,59;13,59;32,26;14,15;154,32
06030093;Resiutta;Udine;1;275;11,97;36,44;70,22;6,25;1,36;15,69;;141,93
06030094;Rigolato;Udine;Vedi aggregazione: UNIONE TERRITORIALE INTERCOMUNALE DELLA CARNIA (DAL 01.01.2021 COMUNITA' DI MONTAGNA DELLA CARNIA);;;;;;;;;
06030095;Rive d'Arcano;Udine;1;2.372;8,81;11,89;48,67;3,08;0,71;16,44;;89,60
06030188;Rivignano Teor;Udine;1;6.193;6,39;12,87;46,55;2,35;1,80;8,80;;78,76
06030097;Ronchis;Udine;1;1.981;9,14;29,61;23,19;12,27;7,64;28,09;12,08;123,93
06030098;Ruda;Udine;1;2.836;7,88;25,51;19,99;10,57;6,15;31,92;9,60;112,17
06030099;San Daniele del Friuli;Udine;1;7.989;10,36;18,51;61,74;3,91;6,30;23,94;;124,77
06030100;San Giorgio di Nogaro;Udine;1;7.375;9,14;29,63;25,95;12,27;7,25;25,01;20,10;129,36
06030101;San Giovanni al Natisone;Udine;1;6.030;10,16;17,18;69,78;4,38;7,61;22,67;;131,79
06030102;San Leonardo;Udine;1;1.050;10,14;32,88;25,75;13,62;5,35;25,31;12,36;125,40
06030103;San Pietro al Natisone;Udine;1;2.106;9,71;31,48;24,65;13,04;5,12;31,39;12,07;139,72
06030105;San Vito al Torre;Udine;1;1.220;9,87;31,97;25,04;13,25;7,70;28,07;24,87;141,21
06030106;San Vito di Fagagna;Udine;1;1.703;7,22;8,93;58,58;2,78;;25,64;;103,15
06030104;Santa Maria la Longa;Udine;1;2.312;8,46;27,40;21,46;11,35;5,18;21,59;11,40;107,20
06030189;Sappada;Udine;Vedi aggregazione: UNIONE TERRITORIALE INTERCOMUNALE DELLA CARNIA (DAL 01.01.2021 COMUNITA' DI MONTAGNA DELLA CARNIA);;;;;;;;;
06030107;Sauris;Udine;Vedi aggregazione: UNIONE TERRITORIALE INTERCOMUNALE DELLA CARNIA (DAL 01.01.2021 COMUNITA' DI MONTAGNA DELLA CARNIA);;;;;;;;;
06030108;Savogna;Udine;1;351;11,93;38,68;30,29;16,02;6,29;38,02;14,54;155,78
06030109;Sedegliano;Udine;1;3.713;8,95;15,73;51,43;3,12;4,67;27,68;;111,58
06030110;Socchieve;Udine;Vedi aggregazione: UNIONE TERRITORIALE INTERCOMUNALE DELLA CARNIA (DAL 01.01.2021 COMUNITA' DI MONTAGNA DELLA CARNIA);;;;;;;;;
06030111;Stregna;Udine;1;316;8,97;29,07;22,77;12,04;4,73;21,00;10,93;109,50
06030112;Sutrio;Udine;Vedi aggregazione: UNIONE TERRITORIALE INTERCOMUNALE DELLA CARNIA (DAL 01.01.2021 COMUNITA' DI MONTAGNA DELLA CARNIA);;;;;;;;;
06030113;Taipana;Udine;1;551;10,67;20,15;67,15;2,58;1,18;36,26;;137,99
06030114;Talmassons;Udine;1;3.895;7,91;25,64;20,09;10,62;4,17;26,93;9,98;111,64
06030116;Tarcento;Udine;1;8.877;7,99;25,88;31,15;10,72;10,07;27,70;10,36;125,86
06030117;Tarvisio;Udine;1;4.113;14,47;46,88;36,72;19,42;30,72;40,43;21,88;210,53
06030118;Tavagnacco;Udine;1;14.818;8,97;29,08;22,77;12,05;4,73;33,55;10,93;122,08
06030120;Terzo d'Aquileia;Udine;1;2.777;8,24;26,71;20,92;11,07;7,49;29,79;10,04;114,85
06030121;Tolmezzo - Dato aggregazione UNIONE TERRITORIALE INTERCOMUNALE DELLA CARNIA (DAL 01.01.2021 COMUNITA' DI MONTAGNA DELLA CARNIA);Udine;28;36.743;14,27;19,43;59,39;15,71;7,12;15,36;2,47;140,72
06030122;Torreano;Udine;1;2.064;49,10;58,58;7,70;;;;;115,39
06030123;Torviscosa;Udine;1;2.686;8,51;27,57;21,60;11,42;15,16;31,53;12,74;128,53
06030124;Trasaghis;Udine;1;2.135;11,16;17,47;55,81;2,86;;15,07;;102,38
06030126;Treppo Grande;Udine;1;1.690;8,18;10,20;47,84;2,31;1,85;13,22;;83,60
06030191;Treppo Ligosullo;Udine;Vedi aggregazione: UNIONE TERRITORIALE INTERCOMUNALE DELLA CARNIA (DAL 01.01.2021 COMUNITA' DI MONTAGNA DELLA CARNIA);;;;;;;;;
06030127;Tricesimo;Udine;1;7.561;7,44;24,11;18,89;9,99;6,40;21,83;11,58;100,24
06030128;Trivignano Udinese;Udine;1;1.600;8,30;26,88;21,06;11,14;4,37;32,46;12,56;120,47
06030129;Udine;Udine;1;99.736;9,95;32,23;25,24;13,35;5,44;22,19;28,97;153,56
06030130;Varmo;Udine;1;2.675;8,04;11,99;59,14;3,37;1,30;31,87;;115,72
06030131;Venzone;Udine;1;1.941;10,93;19,81;58,73;4,08;;32,41;;125,96
06030132;Verzegnis;Udine;Vedi aggregazione: UNIONE TERRITORIALE INTERCOMUNALE DELLA CARNIA (DAL 01.01.2021 COMUNITA' DI MONTAGNA DELLA CARNIA);;;;;;;;;
06030133;Villa Santina;Udine;Vedi aggregazione: UNIONE TERRITORIALE INTERCOMUNALE DELLA CARNIA (DAL 01.01.2021 COMUNITA' DI MONTAGNA DELLA CARNIA);;;;;;;;;
06030135;Visco;Udine;1;814;9,43;30,55;23,93;12,66;5,47;21,12;11,49;114,63
06030136;Zuglio;Udine;Vedi aggregazione: UNIONE TERRITORIALE INTERCOMUNALE DELLA CARNIA (DAL 01.01.2021 COMUNITA' DI MONTAGNA DELLA CARNIA);;;;;;;;;
03012001;Agra;Varese;Vedi aggregazione: Ambito Valli del Verbano;;;;;;;;;
03012002;Albizzate;Varese;1;5.217;7,17;10,19;29,46;9,67;5,83;19,65;5,91;87,89
03012003;Angera;Varese;1;5.407;5,53;7,73;44,47;16,52;8,93;40,15;17,11;140,45
03012004;Arcisate;Varese;1;9.900;5,36;;22,70;15,85;6,50;32,94;23,17;107,02
03012005;Arsago Seprio;Varese;1;4.765;7,44;13,02;45,84;10,12;7,36;28,24;7,17;119,19
03012006;Azzate;Varese;1;4.604;7,96;11,30;32,70;10,74;5,18;20,76;6,81;102,92
03012007;Azzio;Varese;Vedi aggregazione: Ambito Valli del Verbano;;;;;;;;;
03012008;Barasso;Varese;1;1.649;4,57;6,64;36,26;9,96;6,58;27,39;5,03;96,42
03012009;Bardello;Varese;Vedi aggregazione: Unione Ovest Lago Varese;;;;;;;;;
03012010;Bedero Valcuvia;Varese;1;660;9,12;20,19;68,80;6,13;;50,87;;155,10
03012011;Besano;Varese;1;2.519;13,83;18,42;51,48;12,14;2,66;22,88;5,12;126,52
03012012;Besnate;Varese;1;5.420;9,22;16,63;20,50;14,86;4,16;20,10;;90,33
03012013;Besozzo;Varese;1;8.800;6,15;5,46;36,51;15,14;12,36;16,90;6,20;98,72
03012014;Biandronno;Varese;1;3.206;7,29;13,52;37,68;15,89;3,20;16,49;5,92;99,99
03012015;Bisuschio;Varese;1;4.301;32,12;10,43;15,08;14,59;1,09;45,35;3,33;165,13
03012016;Bodio Lomnago;Varese;1;2.192;7,86;11,16;32,29;10,60;18,80;20,65;10,76;112,12
03012017;Brebbia;Varese;1;3.192;8,57;5,46;40,38;12,17;2,62;46,67;6,25;122,13
03012018;Bregano - Dato aggregazione Unione Ovest Lago Varese;Varese;3;3.640;10,65;3,84;56,83;12,93;6,25;22,18;7,76;120,44
03012019;Brenta;Varese;Vedi aggregazione: Ambito Valli del Verbano;;;;;;;;;
03012020;Brezzo di Bedero;Varese;Vedi aggregazione: Ambito Valli del Verbano;;;;;;;;;
03012021;Brinzio;Varese;Vedi aggregazione: Ambito Valli del Verbano;;;;;;;;;
03012022;Brissago-Valtravaglia;Varese;Vedi aggregazione: Ambito Valli del Verbano;;;;;;;;;
03012023;Brunello;Varese;1;944;11,16;15,86;45,88;15,07;21,71;45,64;15,32;170,64
03012024;Brusimpiano;Varese;1;1.163;12,22;15,74;59,71;11,76;31,54;21,20;11,84;164,02
03012025;Buguggiate;Varese;1;3.086;7,70;9,41;27,21;8,94;6,52;26,34;5,54;91,66
03012026;Busto Arsizio;Varese;1;83.121;31,17;31,32;35,81;;22,09;34,47;34,31;189,17
03012027;Cadegliano-Viconago;Varese;1;2.153;9,79;19,12;48,42;5,82;32,27;;;115,43
03012143;Cadrezzate con Osmate;Varese;1;2.629;14,57;15,22;25,50;15,35;13,10;21,77;0,03;105,52
03012029;Cairate;Varese;1;7.666;11,13;9,48;41,23;14,56;4,18;27,62;9,43;117,63
03012030;Cantello;Varese;1;4.709;10,60;;27,46;36,88;7,73;31,35;10,59;124,61
03012031;Caravate;Varese;Vedi aggregazione: Ambito Valli del Verbano;;;;;;;;;
03012032;Cardano al Campo;Varese;1;14.443;10,60;;41,15;21,54;8,95;31,12;13,10;151,76
03012033;Carnago;Varese;1;6.617;6,53;9,27;26,82;8,81;1,54;9,49;3,21;65,67
03012034;Caronno Pertusella;Varese;1;17.940;6,08;8,53;28,26;10,71;31,63;20,19;25,80;131,21
03012035;Caronno Varesino;Varese;1;4.772;6,88;9,98;37,33;18,00;0,07;28,10;9,49;110,67
03012036;Casale Litta;Varese;1;2.708;7,69;10,92;31,60;10,38;16,63;15,73;10,01;102,96
03012037;Casalzuigno;Varese;Vedi aggregazione: Ambito Valli del Verbano;;;;;;;;;
03012038;Casciago;Varese;1;3.619;9,68;;35,48;;12,89;63,07;18,23;139,36
03012039;Casorate Sempione;Varese;1;5.632;23,26;18,52;16,73;;0,67;35,69;;94,87
03012040;Cassano Magnago;Varese;1;21.130;4,40;;37,50;23,33;12,61;20,03;3,71;113,07
03012041;Cassano Valcuvia;Varese;Vedi aggregazione: Ambito Valli del Verbano;;;;;;;;;
03012042;Castellanza;Varese;1;14.317;12,21;17,10;55,44;20,76;19,32;41,00;5,81;172,45
03012043;Castello Cabiaglio;Varese;Vedi aggregazione: Ambito Valli del Verbano;;;;;;;;;
03012044;Castelseprio;Varese;1;1.299;7,54;6,82;32,19;18,25;4,15;19,60;9,58;98,95
03012045;Castelveccana;Varese;Vedi aggregazione: Ambito Valli del Verbano;;;;;;;;;
03012046;Castiglione Olona;Varese;1;7.628;7,54;8,83;26,67;8,39;12,86;23,11;5,12;92,52
03012047;Castronno;Varese;1;5.031;8,68;10,13;29,29;11,62;9,75;24,58;5,96;100,01
03012048;Cavaria con Premezzo;Varese;1;5.705;6,76;9,60;27,78;9,12;5,78;15,24;7,84;82,12
03012049;Cazzago Brabbia;Varese;1;794;10,68;15,18;43,91;14,42;25,11;29,52;5,58;144,41
03012050;Cislago;Varese;1;10.193;5,38;6,18;26,51;15,48;17,59;29,22;11,35;111,72
03012051;Cittiglio;Varese;Vedi aggregazione: Ambito Valli del Verbano;;;;;;;;;
03012052;Clivio;Varese;1;1.899;11,80;7,33;46,03;19,08;4,96;51,07;23,55;163,83
03012053;Cocquio-Trevisago;Varese;1;4.643;6,07;5,62;46,41;7,62;5,37;17,21;13,43;101,73
03012054;Comabbio;Varese;1;1.215;5,67;8,69;28,37;5,71;11,39;23,30;8,54;91,69
03012055;Comerio;Varese;1;2.894;2,27;5,83;29,80;;2,36;37,64;11,77;93,02
03012056;Cremenaga;Varese;1;784;14,95;18,90;37,81;17,53;;42,64;3,74;135,58
03012057;Crosio della Valle;Varese;1;596;8,84;12,56;36,34;11,93;23,93;31,63;7,29;132,53
03012058;Cuasso al Monte;Varese;1;3.560;5,23;10,99;42,65;13,72;4,81;21,48;8,30;107,19
03012059;Cugliate-Fabiasco;Varese;1;3.020;10,60;9,22;61,07;17,36;0,95;15,92;6,34;121,74
03012060;Cunardo;Varese;1;2.943;10,21;8,88;60,54;16,52;0,92;30,42;7,32;134,80
03012061;Curiglia con Monteviasco;Varese;Vedi aggregazione: Ambito Valli del Verbano;;;;;;;;;
03012062;Cuveglio;Varese;Vedi aggregazione: Ambito Valli del Verbano;;;;;;;;;
03012063;Cuvio;Varese;Vedi aggregazione: Ambito Valli del Verbano;;;;;;;;;
03012064;Daverio;Varese;1;3.058;10,07;11,23;32,47;10,66;4,43;20,01;7,30;96,18
03012065;Dumenza;Varese;Vedi aggregazione: Ambito Valli del Verbano;;;;;;;;;
03012066;Duno;Varese;Vedi aggregazione: Ambito Valli del Verbano;;;;;;;;;
03012067;Fagnano Olona;Varese;1;12.301;20,08;11,04;18,59;25,14;3,40;44,71;6,34;129,30
03012069;Ferrera di Varese;Varese;Vedi aggregazione: Ambito Valli del Verbano;;;;;;;;;
03012070;Gallarate;Varese;1;53.960;14,90;12,92;39,07;12,34;20,67;31,81;14,81;155,46
03012071;Galliate Lombardo;Varese;1;982;8,51;12,09;34,96;11,48;14,18;35,56;15,45;132,24
03012072;Gavirate;Varese;1;9.079;5,52;6,19;30,24;20,59;20,09;27,67;22,39;132,69
03012073;Gazzada Schianno;Varese;1;4.526;8,52;12,10;35,01;11,50;19,33;25,24;11,38;123,09
03012074;Gemonio;Varese;1;2.901;8,53;5,13;39,00;10,20;14,45;29,10;6,44;112,85
03012075;Gerenzano;Varese;1;10.795;5,78;16,77;28,20;13,73;3,09;15,04;15,32;102,56
03012076;Germignaga;Varese;Vedi aggregazione: Ambito Valli del Verbano;;;;;;;;;
03012077;Golasecca;Varese;1;2.626;8,12;17,03;41,76;10,72;1,73;46,89;1,26;127,50
03012078;Gorla Maggiore;Varese;1;4.947;9,25;;21,39;9,69;10,74;38,35;4,16;93,59
03012079;Gorla Minore;Varese;1;8.117;7,87;17,90;28,57;10,70;16,15;12,56;16,60;110,77
03012080;Gornate Olona;Varese;1;2.167;9,03;;37,56;31,14;12,20;9,07;5,54;104,53
03012081;Grantola;Varese;Vedi aggregazione: Ambito Valli del Verbano;;;;;;;;;
03012082;Inarzo;Varese;1;1.062;6,90;9,80;28,34;9,31;11,58;13,87;3,61;83,41
03012083;Induno Olona;Varese;1;10.254;6,00;;34,50;14,09;11,72;32,74;14,06;113,12
03012084;Ispra;Varese;1;5.301;5,99;5,20;47,74;7,16;4,47;15,62;17,00;103,37
03012085;Jerago con Orago;Varese;1;5.185;6,67;9,47;27,40;9,00;11,84;11,50;8,01;83,89
03012086;Lavena Ponte Tresa;Varese;1;5.831;8,06;22,38;46,68;20,04;31,11;17,49;;145,75
03012087;Laveno-Mombello;Varese;Vedi aggregazione: Ambito Valli del Verbano;;;;;;;;;
03012088;Leggiuno;Varese;1;3.680;4,33;4,49;27,06;14,26;9,67;41,92;3,71;105,43
03012089;Lonate Ceppino;Varese;1;5.029;7,40;6,94;31,51;19,09;;22,02;4,61;93,52
03012090;Lonate Pozzolo;Varese;1;11.376;22,01;17,58;48,16;17,71;15,09;6,86;5,50;132,90
03012091;Lozza;Varese;1;1.232;8,66;12,30;35,59;11,69;36,46;40,70;7,24;152,97
03012092;Luino - Dato aggregazione Ambito Valli del Verbano;Varese;30;62.034;8,15;11,40;46,99;15,67;11,33;;;93,53
03012093;Luvinate;Varese;1;1.300;6,05;4,32;37,61;10,03;7,73;33,34;25,08;124,15
03012142;Maccagno con Pino e Veddasca;Varese;Vedi aggregazione: Ambito Valli del Verbano;;;;;;;;;
03012095;Malgesso;Varese;Vedi aggregazione: Unione Ovest Lago Varese;;;;;;;;;
03012096;Malnate;Varese;1;16.375;6,13;8,10;46,18;19,00;12,69;21,28;6,30;119,68
03012097;Marchirolo;Varese;1;3.445;57,96;37,60;9,58;;15,81;10,09;1,50;132,54
03012098;Marnate;Varese;1;8.007;8,27;20,07;32,90;3,08;11,89;23,00;17,09;117,84
03012099;Marzio;Varese;1;307;9,77;19,12;47,54;13,06;40,51;73,97;5,16;209,13
03012100;Masciago Primo;Varese;Vedi aggregazione: Ambito Valli del Verbano;;;;;;;;;
03012101;Mercallo;Varese;1;1.786;5,57;7,22;31,33;18,93;6,71;10,64;7,22;87,61
03012102;Mesenzana;Varese;Vedi aggregazione: Ambito Valli del Verbano;;;;;;;;;
03012103;Montegrino Valtravaglia;Varese;Vedi aggregazione: Ambito Valli del Verbano;;;;;;;;;
03012104;Monvalle;Varese;1;1.938;5,67;3,66;35,18;11,75;8,09;31,88;3,99;100,22
03012105;Morazzone;Varese;1;4.246;7,89;8,82;24,76;8,13;8,75;15,97;19,25;93,57
03012106;Mornago;Varese;1;4.941;6,32;8,83;25,55;8,39;16,16;8,92;5,76;79,92
03012107;Oggiona con Santo Stefano;Varese;1;4.277;6,19;8,80;25,44;8,35;6,59;22,85;5,10;83,33
03012108;Olgiate Olona;Varese;1;12.548;6,38;29,97;41,97;8,01;4,88;17,52;2,31;111,44
03012109;Origgio;Varese;1;7.856;16,03;13,73;31,43;15,04;17,88;37,57;19,14;150,82
03012110;Orino;Varese;Vedi aggregazione: Ambito Valli del Verbano;;;;;;;;;
03012113;Porto Ceresio;Varese;1;2.826;59,26;4,69;18,27;11,35;1,58;27,92;3,00;126,07
03012114;Porto Valtravaglia;Varese;Vedi aggregazione: Ambito Valli del Verbano;;;;;;;;;
03012115;Rancio Valcuvia;Varese;Vedi aggregazione: Ambito Valli del Verbano;;;;;;;;;
03012116;Ranco;Varese;1;1.282;6,15;3,20;37,61;25,92;4,73;24,31;8,59;110,55
03012117;Saltrio;Varese;1;3.021;11,69;5,91;38,27;22,03;1,79;34,79;7,35;121,85
03012118;Samarate;Varese;1;16.035;6,34;;25,78;22,48;11,91;18,06;8,53;95,29
03012141;Sangiano;Varese;1;1.478;7,81;10,08;38,96;10,06;7,03;21,41;3,28;108,22
03012119;Saronno;Varese;1;38.476;7,48;14,04;25,83;9,69;23,07;18,96;19,65;118,72
03012120;Sesto Calende;Varese;1;11.160;5,49;7,96;45,74;18,88;18,96;16,86;10,11;124,46
03012121;Solbiate Arno;Varese;1;4.004;9,34;14,37;38,39;12,61;11,68;16,36;3,32;106,07
03012122;Solbiate Olona;Varese;1;5.350;11,65;15,63;38,33;10,46;26,65;14,22;12,80;129,73
03012123;Somma Lombardo;Varese;1;17.467;6,91;12,17;41,57;7,18;14,19;18,69;11,45;112,15
03012124;Sumirago;Varese;1;6.056;7,45;10,58;30,95;10,05;1,75;24,38;6,00;91,18
03012125;Taino;Varese;1;3.597;6,21;3,95;41,63;4,63;7,33;16,90;17,80;98,46
03012126;Ternate;Varese;1;2.526;5,90;17,83;37,31;13,44;5,22;8,61;15,04;103,36
03012128;Travedona-Monate;Varese;1;3.999;8,83;6,23;44,04;17,49;2,23;31,33;8,67;119,53
03012129;Tronzano Lago Maggiore;Varese;Vedi aggregazione: Ambito Valli del Verbano;;;;;;;;;
03012130;Uboldo;Varese;1;10.642;8,95;9,81;43,50;11,10;7,00;28,17;6,05;114,57
03012131;Valganna;Varese;1;1.583;9,39;18,28;49,75;10,52;18,86;18,97;;125,76
03012132;Varano Borghi;Varese;1;2.450;13,06;14,94;27,42;19,05;4,14;12,56;8,54;99,70
03012133;Varese;Varese;1;80.039;10,93;;33,72;31,59;11,36;66,32;27,40;184,99
03012134;Vedano Olona;Varese;1;7.292;9,20;9,99;30,30;9,49;18,08;15,12;11,67;103,85
03012136;Venegono Inferiore;Varese;1;5.973;8,68;11,87;34,86;11,12;17,47;19,14;4,31;107,44
03012137;Venegono Superiore;Varese;1;7.282;9,55;10,59;31,28;18,18;8,11;19,61;5,27;102,58
03012138;Vergiate;Varese;1;8.649;8,44;4,66;46,49;17,68;2,18;57,97;1,36;138,78
03012139;Viggiu;Varese;1;5.066;11,55;8,35;37,82;17,43;5,82;26,72;11,82;131,01
03012140;Vizzola Ticino;Varese;1;566;7,87;19,20;34,51;4,15;;55,37;1,86;122,96
05027002;Campagna Lupia;Venezia;1;7.171;12,50;13,05;57,32;11,94;4,78;19,53;8,24;127,35
05027003;Campolongo Maggiore;Venezia;1;10.717;11,95;12,35;50,47;9,77;3,24;16,59;9,94;114,32
05027004;Camponogara;Venezia;1;13.158;12,00;13,04;51,48;10,06;4,80;17,79;13,82;123,00
05027005;Caorle;Venezia;1;11.383;69,53;157,37;116,92;44,82;69,03;108,50;72,56;621,51
05027044;Cavallino-Treporti;Venezia;1;13.445;42,09;73,43;104,55;39,40;42,59;55,55;31,71;407,01
05027006;Cavarzere;Venezia;1;13.139;21,36;23,96;32,47;12,08;17,44;17,88;20,52;145,70
05027007;Ceggia;Venezia;1;6.103;7,81;8,09;46,98;11,73;6,45;18,68;11,17;111,42
05027008;Chioggia;Venezia;1;48.130;23,22;40,76;54,36;16,64;32,44;31,83;61,93;261,19
05027009;Cinto Caomaggiore;Venezia;1;3.161;8,52;9,95;34,68;17,51;2,14;17,45;11,53;101,98
05027010;Cona;Venezia;1;2.884;22,92;15,83;53,53;11,49;4,68;20,35;30,31;161,66
05027011;Concordia Sagittaria;Venezia;1;10.252;12,91;20,14;44,36;6,00;10,78;16,41;6,05;116,65
05027012;Dolo;Venezia;1;15.046;23,40;32,68;64,74;13,40;14,44;21,28;23,11;197,30
05027013;Eraclea;Venezia;1;12.144;27,22;31,26;53,39;15,99;22,43;28,92;28,98;208,19
05027014;Fiesso d'Artico;Venezia;1;8.406;11,71;17,66;57,60;10,45;7,27;20,13;17,73;142,55
05027015;Fossalta di Piave;Venezia;1;4.166;10,99;9,63;53,39;13,18;5,04;17,16;32,54;141,93
05027016;Fossalta di Portogruaro;Venezia;1;5.833;10,18;17,84;46,89;23,76;;20,21;13,59;136,57
05027017;Fosso;Venezia;1;7.023;12,70;16,83;58,14;12,14;5,22;20,23;9,28;134,53
05027018;Gruaro;Venezia;1;2.776;11,52;19,97;32,27;19,63;6,16;20,94;13,66;124,16
05027019;Jesolo;Venezia;1;26.145;59,32;98,47;82,53;25,80;59,27;70,71;64,31;462,63
05027020;Marcon;Venezia;1;17.433;12,46;20,67;59,25;14,60;5,04;20,80;11,78;144,61
05027021;Martellago;Venezia;1;21.401;10,66;17,75;42,65;15,52;9,96;19,94;16,22;134,13
05027022;Meolo;Venezia;1;6.257;12,32;12,85;56,88;13,80;3,84;18,99;13,01;131,68
05027023;Mira;Venezia;1;37.974;14,40;12,12;67,35;10,61;7,15;21,68;33,62;166,91
05027024;Mirano;Venezia;1;27.285;15,20;24,45;43,58;16,21;12,74;21,05;17,38;157,90
05027025;Musile di Piave;Venezia;1;11.296;16,75;17,84;41,44;11,37;6,52;17,69;9,92;121,53
05027026;Noale;Venezia;1;16.153;11,93;19,51;42,24;15,38;18,37;21,39;11,38;140,20
05027027;Noventa di Piave;Venezia;1;6.990;16,64;24,54;43,07;14,93;5,43;22,86;17,45;145,36
05027028;Pianiga;Venezia;1;12.285;13,95;20,81;60,44;14,07;4,72;22,48;8,87;145,34
05027029;Portogruaro;Venezia;1;24.465;9,70;19,81;45,17;21,15;12,16;23,72;8,78;142,72
05027031;Quarto d'Altino;Venezia;1;8.003;22,01;23,28;61,90;13,60;4,68;23,57;13,31;162,35
05027032;Salzano;Venezia;1;12.892;12,27;14,25;51,13;10,16;5,78;23,14;9,64;126,38
05027033;San Dona  di Piave;Venezia;1;42.131;14,23;13,77;58,96;13,31;10,73;20,71;29,06;160,78
05027034;San Michele al Tagliamento;Venezia;1;11.750;69,04;115,33;121,53;52,52;67,13;82,16;57,57;529,04
05027036;San Stino di Livenza;Venezia;1;12.805;10,31;16,55;36,08;21,53;9,33;19,70;9,96;124,63
05027035;Santa Maria di Sala;Venezia;1;17.604;16,52;15,69;44,00;15,39;5,56;28,15;11,70;137,01
05027037;Scorze;Venezia;1;19.002;11,82;20,09;37,50;14,47;11,17;18,52;12,78;126,35
05027038;Spinea;Venezia;1;27.446;11,13;16,47;41,70;14,24;11,64;19,81;13,60;129,48
05027039;Stra;Venezia;1;7.589;11,45;14,69;57,30;9,81;10,86;24,85;11,87;140,84
05027040;Teglio Veneto;Venezia;1;2.250;11,52;11,68;29,70;15,19;6,89;17,94;12,86;105,77
05027041;Torre di Mosto;Venezia;1;4.804;10,39;14,77;46,35;11,94;6,32;19,33;2,33;111,44
05027042;Venezia;Venezia;1;255.609;78,71;50,63;65,29;8,72;67,96;54,25;55,75;375,98
05027043;Vigonovo;Venezia;1;9.973;14,27;17,21;56,52;11,74;7,63;21,71;15,48;144,56
01103001;Antrona Schieranco;Verbano-Cusio-Ossola;Vedi aggregazione: CONSORZIO RIFIUTI DEL VERBANO CUSIO OSSOLA;;;;;;;;;
01103002;Anzola d'Ossola;Verbano-Cusio-Ossola;Vedi aggregazione: CONSORZIO RIFIUTI DEL VERBANO CUSIO OSSOLA;;;;;;;;;
01103003;Arizzano;Verbano-Cusio-Ossola;Vedi aggregazione: CONSORZIO RIFIUTI DEL VERBANO CUSIO OSSOLA;;;;;;;;;
01103004;Arola;Verbano-Cusio-Ossola;Vedi aggregazione: CONSORZIO RIFIUTI DEL VERBANO CUSIO OSSOLA;;;;;;;;;
01103005;Aurano;Verbano-Cusio-Ossola;Vedi aggregazione: CONSORZIO RIFIUTI DEL VERBANO CUSIO OSSOLA;;;;;;;;;
01103006;Baceno;Verbano-Cusio-Ossola;Vedi aggregazione: CONSORZIO RIFIUTI DEL VERBANO CUSIO OSSOLA;;;;;;;;;
01103007;Bannio Anzino;Verbano-Cusio-Ossola;Vedi aggregazione: CONSORZIO RIFIUTI DEL VERBANO CUSIO OSSOLA;;;;;;;;;
01103008;Baveno;Verbano-Cusio-Ossola;Vedi aggregazione: CONSORZIO RIFIUTI DEL VERBANO CUSIO OSSOLA;;;;;;;;;
01103009;Bee;Verbano-Cusio-Ossola;Vedi aggregazione: CONSORZIO RIFIUTI DEL VERBANO CUSIO OSSOLA;;;;;;;;;
01103010;Belgirate;Verbano-Cusio-Ossola;Vedi aggregazione: CONSORZIO RIFIUTI DEL VERBANO CUSIO OSSOLA;;;;;;;;;
01103011;Beura-Cardezza;Verbano-Cusio-Ossola;Vedi aggregazione: CONSORZIO RIFIUTI DEL VERBANO CUSIO OSSOLA;;;;;;;;;
01103012;Bognanco;Verbano-Cusio-Ossola;Vedi aggregazione: CONSORZIO RIFIUTI DEL VERBANO CUSIO OSSOLA;;;;;;;;;
01103078;Borgomezzavalle;Verbano-Cusio-Ossola;Vedi aggregazione: CONSORZIO RIFIUTI DEL VERBANO CUSIO OSSOLA;;;;;;;;;
01103013;Brovello-Carpugnino;Verbano-Cusio-Ossola;Vedi aggregazione: CONSORZIO RIFIUTI DEL VERBANO CUSIO OSSOLA;;;;;;;;;
01103014;Calasca-Castiglione;Verbano-Cusio-Ossola;Vedi aggregazione: CONSORZIO RIFIUTI DEL VERBANO CUSIO OSSOLA;;;;;;;;;
01103015;Cambiasca;Verbano-Cusio-Ossola;Vedi aggregazione: CONSORZIO RIFIUTI DEL VERBANO CUSIO OSSOLA;;;;;;;;;
01103016;Cannero Riviera;Verbano-Cusio-Ossola;Vedi aggregazione: CONSORZIO RIFIUTI DEL VERBANO CUSIO OSSOLA;;;;;;;;;
01103017;Cannobio;Verbano-Cusio-Ossola;Vedi aggregazione: CONSORZIO RIFIUTI DEL VERBANO CUSIO OSSOLA;;;;;;;;;
01103018;Caprezzo;Verbano-Cusio-Ossola;Vedi aggregazione: CONSORZIO RIFIUTI DEL VERBANO CUSIO OSSOLA;;;;;;;;;
01103019;Casale Corte Cerro;Verbano-Cusio-Ossola;Vedi aggregazione: CONSORZIO RIFIUTI DEL VERBANO CUSIO OSSOLA;;;;;;;;;
01103021;Ceppo Morelli;Verbano-Cusio-Ossola;Vedi aggregazione: CONSORZIO RIFIUTI DEL VERBANO CUSIO OSSOLA;;;;;;;;;
01103022;Cesara;Verbano-Cusio-Ossola;Vedi aggregazione: CONSORZIO RIFIUTI DEL VERBANO CUSIO OSSOLA;;;;;;;;;
01103023;Cossogno;Verbano-Cusio-Ossola;Vedi aggregazione: CONSORZIO RIFIUTI DEL VERBANO CUSIO OSSOLA;;;;;;;;;
01103024;Craveggia;Verbano-Cusio-Ossola;Vedi aggregazione: CONSORZIO RIFIUTI DEL VERBANO CUSIO OSSOLA;;;;;;;;;
01103025;Crevoladossola;Verbano-Cusio-Ossola;Vedi aggregazione: CONSORZIO RIFIUTI DEL VERBANO CUSIO OSSOLA;;;;;;;;;
01103026;Crodo;Verbano-Cusio-Ossola;Vedi aggregazione: CONSORZIO RIFIUTI DEL VERBANO CUSIO OSSOLA;;;;;;;;;
01103028;Domodossola;Verbano-Cusio-Ossola;Vedi aggregazione: CONSORZIO RIFIUTI DEL VERBANO CUSIO OSSOLA;;;;;;;;;
01103029;Druogno;Verbano-Cusio-Ossola;Vedi aggregazione: CONSORZIO RIFIUTI DEL VERBANO CUSIO OSSOLA;;;;;;;;;
01103031;Formazza;Verbano-Cusio-Ossola;Vedi aggregazione: CONSORZIO RIFIUTI DEL VERBANO CUSIO OSSOLA;;;;;;;;;
01103032;Germagno;Verbano-Cusio-Ossola;Vedi aggregazione: CONSORZIO RIFIUTI DEL VERBANO CUSIO OSSOLA;;;;;;;;;
01103033;Ghiffa;Verbano-Cusio-Ossola;Vedi aggregazione: CONSORZIO RIFIUTI DEL VERBANO CUSIO OSSOLA;;;;;;;;;
01103034;Gignese;Verbano-Cusio-Ossola;Vedi aggregazione: CONSORZIO RIFIUTI DEL VERBANO CUSIO OSSOLA;;;;;;;;;
01103035;Gravellona Toce;Verbano-Cusio-Ossola;Vedi aggregazione: CONSORZIO RIFIUTI DEL VERBANO CUSIO OSSOLA;;;;;;;;;
01103036;Gurro;Verbano-Cusio-Ossola;Vedi aggregazione: CONSORZIO RIFIUTI DEL VERBANO CUSIO OSSOLA;;;;;;;;;
01103037;Intragna;Verbano-Cusio-Ossola;Vedi aggregazione: CONSORZIO RIFIUTI DEL VERBANO CUSIO OSSOLA;;;;;;;;;
01103038;Loreglia;Verbano-Cusio-Ossola;Vedi aggregazione: CONSORZIO RIFIUTI DEL VERBANO CUSIO OSSOLA;;;;;;;;;
01103039;Macugnaga;Verbano-Cusio-Ossola;Vedi aggregazione: CONSORZIO RIFIUTI DEL VERBANO CUSIO OSSOLA;;;;;;;;;
01103040;Madonna del Sasso;Verbano-Cusio-Ossola;Vedi aggregazione: CONSORZIO RIFIUTI DEL VERBANO CUSIO OSSOLA;;;;;;;;;
01103041;Malesco;Verbano-Cusio-Ossola;Vedi aggregazione: CONSORZIO RIFIUTI DEL VERBANO CUSIO OSSOLA;;;;;;;;;
01103042;Masera;Verbano-Cusio-Ossola;Vedi aggregazione: CONSORZIO RIFIUTI DEL VERBANO CUSIO OSSOLA;;;;;;;;;
01103043;Massiola;Verbano-Cusio-Ossola;Vedi aggregazione: CONSORZIO RIFIUTI DEL VERBANO CUSIO OSSOLA;;;;;;;;;
01103044;Mergozzo;Verbano-Cusio-Ossola;Vedi aggregazione: CONSORZIO RIFIUTI DEL VERBANO CUSIO OSSOLA;;;;;;;;;
01103045;Miazzina;Verbano-Cusio-Ossola;Vedi aggregazione: CONSORZIO RIFIUTI DEL VERBANO CUSIO OSSOLA;;;;;;;;;
01103046;Montecrestese;Verbano-Cusio-Ossola;Vedi aggregazione: CONSORZIO RIFIUTI DEL VERBANO CUSIO OSSOLA;;;;;;;;;
01103047;Montescheno;Verbano-Cusio-Ossola;Vedi aggregazione: CONSORZIO RIFIUTI DEL VERBANO CUSIO OSSOLA;;;;;;;;;
01103048;Nonio;Verbano-Cusio-Ossola;Vedi aggregazione: CONSORZIO RIFIUTI DEL VERBANO CUSIO OSSOLA;;;;;;;;;
01103049;Oggebbio;Verbano-Cusio-Ossola;Vedi aggregazione: CONSORZIO RIFIUTI DEL VERBANO CUSIO OSSOLA;;;;;;;;;
01103050;Omegna;Verbano-Cusio-Ossola;Vedi aggregazione: CONSORZIO RIFIUTI DEL VERBANO CUSIO OSSOLA;;;;;;;;;
01103051;Ornavasso;Verbano-Cusio-Ossola;Vedi aggregazione: CONSORZIO RIFIUTI DEL VERBANO CUSIO OSSOLA;;;;;;;;;
01103052;Pallanzeno;Verbano-Cusio-Ossola;Vedi aggregazione: CONSORZIO RIFIUTI DEL VERBANO CUSIO OSSOLA;;;;;;;;;
01103053;Piedimulera;Verbano-Cusio-Ossola;Vedi aggregazione: CONSORZIO RIFIUTI DEL VERBANO CUSIO OSSOLA;;;;;;;;;
01103054;Pieve Vergonte;Verbano-Cusio-Ossola;Vedi aggregazione: CONSORZIO RIFIUTI DEL VERBANO CUSIO OSSOLA;;;;;;;;;
01103055;Premeno;Verbano-Cusio-Ossola;Vedi aggregazione: CONSORZIO RIFIUTI DEL VERBANO CUSIO OSSOLA;;;;;;;;;
01103056;Premia;Verbano-Cusio-Ossola;Vedi aggregazione: CONSORZIO RIFIUTI DEL VERBANO CUSIO OSSOLA;;;;;;;;;
01103057;Premosello-Chiovenda;Verbano-Cusio-Ossola;Vedi aggregazione: CONSORZIO RIFIUTI DEL VERBANO CUSIO OSSOLA;;;;;;;;;
01103058;Quarna Sopra;Verbano-Cusio-Ossola;Vedi aggregazione: CONSORZIO RIFIUTI DEL VERBANO CUSIO OSSOLA;;;;;;;;;
01103059;Quarna Sotto;Verbano-Cusio-Ossola;Vedi aggregazione: CONSORZIO RIFIUTI DEL VERBANO CUSIO OSSOLA;;;;;;;;;
01103060;Re;Verbano-Cusio-Ossola;Vedi aggregazione: CONSORZIO RIFIUTI DEL VERBANO CUSIO OSSOLA;;;;;;;;;
01103061;San Bernardino Verbano;Verbano-Cusio-Ossola;Vedi aggregazione: CONSORZIO RIFIUTI DEL VERBANO CUSIO OSSOLA;;;;;;;;;
01103062;Santa Maria Maggiore;Verbano-Cusio-Ossola;Vedi aggregazione: CONSORZIO RIFIUTI DEL VERBANO CUSIO OSSOLA;;;;;;;;;
01103064;Stresa;Verbano-Cusio-Ossola;Vedi aggregazione: CONSORZIO RIFIUTI DEL VERBANO CUSIO OSSOLA;;;;;;;;;
01103065;Toceno;Verbano-Cusio-Ossola;Vedi aggregazione: CONSORZIO RIFIUTI DEL VERBANO CUSIO OSSOLA;;;;;;;;;
01103066;Trarego Viggiona;Verbano-Cusio-Ossola;Vedi aggregazione: CONSORZIO RIFIUTI DEL VERBANO CUSIO OSSOLA;;;;;;;;;
01103067;Trasquera;Verbano-Cusio-Ossola;Vedi aggregazione: CONSORZIO RIFIUTI DEL VERBANO CUSIO OSSOLA;;;;;;;;;
01103068;Trontano;Verbano-Cusio-Ossola;Vedi aggregazione: CONSORZIO RIFIUTI DEL VERBANO CUSIO OSSOLA;;;;;;;;;
01103079;Valle Cannobina;Verbano-Cusio-Ossola;Vedi aggregazione: CONSORZIO RIFIUTI DEL VERBANO CUSIO OSSOLA;;;;;;;;;
01103069;Valstrona;Verbano-Cusio-Ossola;Vedi aggregazione: CONSORZIO RIFIUTI DEL VERBANO CUSIO OSSOLA;;;;;;;;;
01103070;Vanzone con San Carlo;Verbano-Cusio-Ossola;Vedi aggregazione: CONSORZIO RIFIUTI DEL VERBANO CUSIO OSSOLA;;;;;;;;;
01103071;Varzo;Verbano-Cusio-Ossola;Vedi aggregazione: CONSORZIO RIFIUTI DEL VERBANO CUSIO OSSOLA;;;;;;;;;
01103072;Verbania - Dato aggregazione CONSORZIO RIFIUTI DEL VERBANO CUSIO OSSOLA;Verbano-Cusio-Ossola;74;155.065;43,94;0,05;77,93;13,05;21,60;25,41;17,48;197,51
01103074;Vignone;Verbano-Cusio-Ossola;Vedi aggregazione: CONSORZIO RIFIUTI DEL VERBANO CUSIO OSSOLA;;;;;;;;;
01103075;Villadossola;Verbano-Cusio-Ossola;Vedi aggregazione: CONSORZIO RIFIUTI DEL VERBANO CUSIO OSSOLA;;;;;;;;;
01103076;Villette;Verbano-Cusio-Ossola;Vedi aggregazione: CONSORZIO RIFIUTI DEL VERBANO CUSIO OSSOLA;;;;;;;;;
01103077;Vogogna;Verbano-Cusio-Ossola;Vedi aggregazione: CONSORZIO RIFIUTI DEL VERBANO CUSIO OSSOLA;;;;;;;;;
01002002;Alagna Valsesia;Vercelli;Vedi aggregazione: CONSORZIO OBBLIGATORIO COMUNI DEL VERCELLESE E DELLA VALSESIA PER LA GESTIONE DEI RIFIUTI URBANI;;;;;;;;;
01002003;Albano Vercellese;Vercelli;Vedi aggregazione: CONSORZIO OBBLIGATORIO COMUNI DEL VERCELLESE E DELLA VALSESIA PER LA GESTIONE DEI RIFIUTI URBANI;;;;;;;;;
01002004;Alice Castello;Vercelli;Vedi aggregazione: CONSORZIO OBBLIGATORIO COMUNI DEL VERCELLESE E DELLA VALSESIA PER LA GESTIONE DEI RIFIUTI URBANI;;;;;;;;;
01002170;Alto Sermenza;Vercelli;Vedi aggregazione: CONSORZIO OBBLIGATORIO COMUNI DEL VERCELLESE E DELLA VALSESIA PER LA GESTIONE DEI RIFIUTI URBANI;;;;;;;;;
01002006;Arborio;Vercelli;Vedi aggregazione: CONSORZIO OBBLIGATORIO COMUNI DEL VERCELLESE E DELLA VALSESIA PER LA GESTIONE DEI RIFIUTI URBANI;;;;;;;;;
01002007;Asigliano Vercellese;Vercelli;Vedi aggregazione: CONSORZIO OBBLIGATORIO COMUNI DEL VERCELLESE E DELLA VALSESIA PER LA GESTIONE DEI RIFIUTI URBANI;;;;;;;;;
01002008;Balmuccia;Vercelli;Vedi aggregazione: CONSORZIO OBBLIGATORIO COMUNI DEL VERCELLESE E DELLA VALSESIA PER LA GESTIONE DEI RIFIUTI URBANI;;;;;;;;;
01002009;Balocco;Vercelli;Vedi aggregazione: CONSORZIO OBBLIGATORIO COMUNI DEL VERCELLESE E DELLA VALSESIA PER LA GESTIONE DEI RIFIUTI URBANI;;;;;;;;;
01002011;Bianze;Vercelli;Vedi aggregazione: CONSORZIO OBBLIGATORIO COMUNI DEL VERCELLESE E DELLA VALSESIA PER LA GESTIONE DEI RIFIUTI URBANI;;;;;;;;;
01002014;Boccioleto;Vercelli;Vedi aggregazione: CONSORZIO OBBLIGATORIO COMUNI DEL VERCELLESE E DELLA VALSESIA PER LA GESTIONE DEI RIFIUTI URBANI;;;;;;;;;
01002015;Borgo d'Ale;Vercelli;Vedi aggregazione: CONSORZIO OBBLIGATORIO COMUNI DEL VERCELLESE E DELLA VALSESIA PER LA GESTIONE DEI RIFIUTI URBANI;;;;;;;;;
01002017;Borgo Vercelli;Vercelli;Vedi aggregazione: CONSORZIO OBBLIGATORIO COMUNI DEL VERCELLESE E DELLA VALSESIA PER LA GESTIONE DEI RIFIUTI URBANI;;;;;;;;;
01002021;Buronzo - Dato aggregazione CONSORZIO OBBLIGATORIO COMUNI DEL VERCELLESE E DELLA VALSESIA PER LA GESTIONE DEI RIFIUTI URBANI;Vercelli;79;107.417;21,86;12,59;72,66;17,60;12,37;11,49;7,54;156,10
01002025;Campertogno;Vercelli;Vedi aggregazione: CONSORZIO OBBLIGATORIO COMUNI DEL VERCELLESE E DELLA VALSESIA PER LA GESTIONE DEI RIFIUTI URBANI;;;;;;;;;
01002029;Carcoforo;Vercelli;Vedi aggregazione: CONSORZIO OBBLIGATORIO COMUNI DEL VERCELLESE E DELLA VALSESIA PER LA GESTIONE DEI RIFIUTI URBANI;;;;;;;;;
01002030;Caresana;Vercelli;Vedi aggregazione: CONSORZIO OBBLIGATORIO COMUNI DEL VERCELLESE E DELLA VALSESIA PER LA GESTIONE DEI RIFIUTI URBANI;;;;;;;;;
01002031;Caresanablot;Vercelli;Vedi aggregazione: CONSORZIO OBBLIGATORIO COMUNI DEL VERCELLESE E DELLA VALSESIA PER LA GESTIONE DEI RIFIUTI URBANI;;;;;;;;;
01002032;Carisio;Vercelli;Vedi aggregazione: CONSORZIO OBBLIGATORIO COMUNI DEL VERCELLESE E DELLA VALSESIA PER LA GESTIONE DEI RIFIUTI URBANI;;;;;;;;;
01002033;Casanova Elvo;Vercelli;Vedi aggregazione: CONSORZIO OBBLIGATORIO COMUNI DEL VERCELLESE E DELLA VALSESIA PER LA GESTIONE DEI RIFIUTI URBANI;;;;;;;;;
01002171;Cellio con Breia;Vercelli;Vedi aggregazione: CONSORZIO OBBLIGATORIO COMUNI DEL VERCELLESE E DELLA VALSESIA PER LA GESTIONE DEI RIFIUTI URBANI;;;;;;;;;
01002041;Cervatto;Vercelli;Vedi aggregazione: CONSORZIO OBBLIGATORIO COMUNI DEL VERCELLESE E DELLA VALSESIA PER LA GESTIONE DEI RIFIUTI URBANI;;;;;;;;;
01002042;Cigliano;Vercelli;Vedi aggregazione: CONSORZIO OBBLIGATORIO COMUNI DEL VERCELLESE E DELLA VALSESIA PER LA GESTIONE DEI RIFIUTI URBANI;;;;;;;;;
01002043;Civiasco;Vercelli;Vedi aggregazione: CONSORZIO OBBLIGATORIO COMUNI DEL VERCELLESE E DELLA VALSESIA PER LA GESTIONE DEI RIFIUTI URBANI;;;;;;;;;
01002045;Collobiano;Vercelli;Vedi aggregazione: CONSORZIO OBBLIGATORIO COMUNI DEL VERCELLESE E DELLA VALSESIA PER LA GESTIONE DEI RIFIUTI URBANI;;;;;;;;;
01002047;Costanzana;Vercelli;Vedi aggregazione: CONSORZIO OBBLIGATORIO COMUNI DEL VERCELLESE E DELLA VALSESIA PER LA GESTIONE DEI RIFIUTI URBANI;;;;;;;;;
01002048;Cravagliana;Vercelli;Vedi aggregazione: CONSORZIO OBBLIGATORIO COMUNI DEL VERCELLESE E DELLA VALSESIA PER LA GESTIONE DEI RIFIUTI URBANI;;;;;;;;;
01002049;Crescentino;Vercelli;Vedi aggregazione: CONSORZIO OBBLIGATORIO COMUNI DEL VERCELLESE E DELLA VALSESIA PER LA GESTIONE DEI RIFIUTI URBANI;;;;;;;;;
01002052;Crova;Vercelli;Vedi aggregazione: CONSORZIO OBBLIGATORIO COMUNI DEL VERCELLESE E DELLA VALSESIA PER LA GESTIONE DEI RIFIUTI URBANI;;;;;;;;;
01002054;Desana;Vercelli;Vedi aggregazione: CONSORZIO OBBLIGATORIO COMUNI DEL VERCELLESE E DELLA VALSESIA PER LA GESTIONE DEI RIFIUTI URBANI;;;;;;;;;
01002057;Fobello;Vercelli;Vedi aggregazione: CONSORZIO OBBLIGATORIO COMUNI DEL VERCELLESE E DELLA VALSESIA PER LA GESTIONE DEI RIFIUTI URBANI;;;;;;;;;
01002058;Fontanetto Po;Vercelli;Vedi aggregazione: CONSORZIO OBBLIGATORIO COMUNI DEL VERCELLESE E DELLA VALSESIA PER LA GESTIONE DEI RIFIUTI URBANI;;;;;;;;;
01002059;Formigliana;Vercelli;Vedi aggregazione: CONSORZIO OBBLIGATORIO COMUNI DEL VERCELLESE E DELLA VALSESIA PER LA GESTIONE DEI RIFIUTI URBANI;;;;;;;;;
01002061;Gattinara;Vercelli;Vedi aggregazione: CONSORZIO OBBLIGATORIO COMUNI DEL VERCELLESE E DELLA VALSESIA PER LA GESTIONE DEI RIFIUTI URBANI;;;;;;;;;
01002062;Ghislarengo;Vercelli;Vedi aggregazione: CONSORZIO OBBLIGATORIO COMUNI DEL VERCELLESE E DELLA VALSESIA PER LA GESTIONE DEI RIFIUTI URBANI;;;;;;;;;
01002065;Greggio;Vercelli;Vedi aggregazione: CONSORZIO OBBLIGATORIO COMUNI DEL VERCELLESE E DELLA VALSESIA PER LA GESTIONE DEI RIFIUTI URBANI;;;;;;;;;
01002066;Guardabosone;Vercelli;Vedi aggregazione: CONSORZIO OBBLIGATORIO COMUNI DEL VERCELLESE E DELLA VALSESIA PER LA GESTIONE DEI RIFIUTI URBANI;;;;;;;;;
01002067;Lamporo;Vercelli;Vedi aggregazione: CONSORZIO OBBLIGATORIO COMUNI DEL VERCELLESE E DELLA VALSESIA PER LA GESTIONE DEI RIFIUTI URBANI;;;;;;;;;
01002068;Lenta;Vercelli;Vedi aggregazione: CONSORZIO OBBLIGATORIO COMUNI DEL VERCELLESE E DELLA VALSESIA PER LA GESTIONE DEI RIFIUTI URBANI;;;;;;;;;
01002070;Lignana;Vercelli;Vedi aggregazione: CONSORZIO OBBLIGATORIO COMUNI DEL VERCELLESE E DELLA VALSESIA PER LA GESTIONE DEI RIFIUTI URBANI;;;;;;;;;
01002071;Livorno Ferraris;Vercelli;Vedi aggregazione: CONSORZIO OBBLIGATORIO COMUNI DEL VERCELLESE E DELLA VALSESIA PER LA GESTIONE DEI RIFIUTI URBANI;;;;;;;;;
01002072;Lozzolo;Vercelli;Vedi aggregazione: CONSORZIO OBBLIGATORIO COMUNI DEL VERCELLESE E DELLA VALSESIA PER LA GESTIONE DEI RIFIUTI URBANI;;;;;;;;;
01002078;Mollia;Vercelli;Vedi aggregazione: CONSORZIO OBBLIGATORIO COMUNI DEL VERCELLESE E DELLA VALSESIA PER LA GESTIONE DEI RIFIUTI URBANI;;;;;;;;;
01002079;Moncrivello;Vercelli;Vedi aggregazione: CONSORZIO OBBLIGATORIO COMUNI DEL VERCELLESE E DELLA VALSESIA PER LA GESTIONE DEI RIFIUTI URBANI;;;;;;;;;
01002082;Motta de' Conti;Vercelli;Vedi aggregazione: CONSORZIO OBBLIGATORIO COMUNI DEL VERCELLESE E DELLA VALSESIA PER LA GESTIONE DEI RIFIUTI URBANI;;;;;;;;;
01002088;Olcenengo;Vercelli;Vedi aggregazione: CONSORZIO OBBLIGATORIO COMUNI DEL VERCELLESE E DELLA VALSESIA PER LA GESTIONE DEI RIFIUTI URBANI;;;;;;;;;
01002089;Oldenico;Vercelli;Vedi aggregazione: CONSORZIO OBBLIGATORIO COMUNI DEL VERCELLESE E DELLA VALSESIA PER LA GESTIONE DEI RIFIUTI URBANI;;;;;;;;;
01002090;Palazzolo Vercellese;Vercelli;Vedi aggregazione: CONSORZIO OBBLIGATORIO COMUNI DEL VERCELLESE E DELLA VALSESIA PER LA GESTIONE DEI RIFIUTI URBANI;;;;;;;;;
01002091;Pertengo;Vercelli;Vedi aggregazione: CONSORZIO OBBLIGATORIO COMUNI DEL VERCELLESE E DELLA VALSESIA PER LA GESTIONE DEI RIFIUTI URBANI;;;;;;;;;
01002093;Pezzana;Vercelli;Vedi aggregazione: CONSORZIO OBBLIGATORIO COMUNI DEL VERCELLESE E DELLA VALSESIA PER LA GESTIONE DEI RIFIUTI URBANI;;;;;;;;;
01002096;Pila;Vercelli;Vedi aggregazione: CONSORZIO OBBLIGATORIO COMUNI DEL VERCELLESE E DELLA VALSESIA PER LA GESTIONE DEI RIFIUTI URBANI;;;;;;;;;
01002097;Piode;Vercelli;Vedi aggregazione: CONSORZIO OBBLIGATORIO COMUNI DEL VERCELLESE E DELLA VALSESIA PER LA GESTIONE DEI RIFIUTI URBANI;;;;;;;;;
01002102;Postua;Vercelli;Vedi aggregazione: CONSORZIO OBBLIGATORIO COMUNI DEL VERCELLESE E DELLA VALSESIA PER LA GESTIONE DEI RIFIUTI URBANI;;;;;;;;;
01002104;Prarolo;Vercelli;Vedi aggregazione: CONSORZIO OBBLIGATORIO COMUNI DEL VERCELLESE E DELLA VALSESIA PER LA GESTIONE DEI RIFIUTI URBANI;;;;;;;;;
01002107;Quarona;Vercelli;Vedi aggregazione: CONSORZIO OBBLIGATORIO COMUNI DEL VERCELLESE E DELLA VALSESIA PER LA GESTIONE DEI RIFIUTI URBANI;;;;;;;;;
01002108;Quinto Vercellese;Vercelli;Vedi aggregazione: CONSORZIO OBBLIGATORIO COMUNI DEL VERCELLESE E DELLA VALSESIA PER LA GESTIONE DEI RIFIUTI URBANI;;;;;;;;;
01002110;Rassa;Vercelli;Vedi aggregazione: CONSORZIO OBBLIGATORIO COMUNI DEL VERCELLESE E DELLA VALSESIA PER LA GESTIONE DEI RIFIUTI URBANI;;;;;;;;;
01002113;Rimella;Vercelli;Vedi aggregazione: CONSORZIO OBBLIGATORIO COMUNI DEL VERCELLESE E DELLA VALSESIA PER LA GESTIONE DEI RIFIUTI URBANI;;;;;;;;;
01002115;Rive;Vercelli;Vedi aggregazione: CONSORZIO OBBLIGATORIO COMUNI DEL VERCELLESE E DELLA VALSESIA PER LA GESTIONE DEI RIFIUTI URBANI;;;;;;;;;
01002116;Roasio;Vercelli;Vedi aggregazione: CONSORZIO OBBLIGATORIO COMUNI DEL VERCELLESE E DELLA VALSESIA PER LA GESTIONE DEI RIFIUTI URBANI;;;;;;;;;
01002118;Ronsecco;Vercelli;Vedi aggregazione: CONSORZIO OBBLIGATORIO COMUNI DEL VERCELLESE E DELLA VALSESIA PER LA GESTIONE DEI RIFIUTI URBANI;;;;;;;;;
01002121;Rossa;Vercelli;Vedi aggregazione: CONSORZIO OBBLIGATORIO COMUNI DEL VERCELLESE E DELLA VALSESIA PER LA GESTIONE DEI RIFIUTI URBANI;;;;;;;;;
01002122;Rovasenda;Vercelli;Vedi aggregazione: CONSORZIO OBBLIGATORIO COMUNI DEL VERCELLESE E DELLA VALSESIA PER LA GESTIONE DEI RIFIUTI URBANI;;;;;;;;;
01002126;Salasco;Vercelli;Vedi aggregazione: CONSORZIO OBBLIGATORIO COMUNI DEL VERCELLESE E DELLA VALSESIA PER LA GESTIONE DEI RIFIUTI URBANI;;;;;;;;;
01002127;Sali Vercellese;Vercelli;Vedi aggregazione: CONSORZIO OBBLIGATORIO COMUNI DEL VERCELLESE E DELLA VALSESIA PER LA GESTIONE DEI RIFIUTI URBANI;;;;;;;;;
01002128;Saluggia;Vercelli;Vedi aggregazione: CONSORZIO OBBLIGATORIO COMUNI DEL VERCELLESE E DELLA VALSESIA PER LA GESTIONE DEI RIFIUTI URBANI;;;;;;;;;
01002131;San Germano Vercellese;Vercelli;Vedi aggregazione: CONSORZIO OBBLIGATORIO COMUNI DEL VERCELLESE E DELLA VALSESIA PER LA GESTIONE DEI RIFIUTI URBANI;;;;;;;;;
01002035;San Giacomo Vercellese;Vercelli;Vedi aggregazione: CONSORZIO OBBLIGATORIO COMUNI DEL VERCELLESE E DELLA VALSESIA PER LA GESTIONE DEI RIFIUTI URBANI;;;;;;;;;
01002133;Santhia;Vercelli;Vedi aggregazione: CONSORZIO OBBLIGATORIO COMUNI DEL VERCELLESE E DELLA VALSESIA PER LA GESTIONE DEI RIFIUTI URBANI;;;;;;;;;
01002134;Scopa;Vercelli;Vedi aggregazione: CONSORZIO OBBLIGATORIO COMUNI DEL VERCELLESE E DELLA VALSESIA PER LA GESTIONE DEI RIFIUTI URBANI;;;;;;;;;
01002135;Scopello;Vercelli;Vedi aggregazione: CONSORZIO OBBLIGATORIO COMUNI DEL VERCELLESE E DELLA VALSESIA PER LA GESTIONE DEI RIFIUTI URBANI;;;;;;;;;
01002137;Serravalle Sesia;Vercelli;Vedi aggregazione: CONSORZIO OBBLIGATORIO COMUNI DEL VERCELLESE E DELLA VALSESIA PER LA GESTIONE DEI RIFIUTI URBANI;;;;;;;;;
01002142;Stroppiana;Vercelli;Vedi aggregazione: CONSORZIO OBBLIGATORIO COMUNI DEL VERCELLESE E DELLA VALSESIA PER LA GESTIONE DEI RIFIUTI URBANI;;;;;;;;;
01002147;Tricerro;Vercelli;Vedi aggregazione: CONSORZIO OBBLIGATORIO COMUNI DEL VERCELLESE E DELLA VALSESIA PER LA GESTIONE DEI RIFIUTI URBANI;;;;;;;;;
01002148;Trino;Vercelli;Vedi aggregazione: CONSORZIO OBBLIGATORIO COMUNI DEL VERCELLESE E DELLA VALSESIA PER LA GESTIONE DEI RIFIUTI URBANI;;;;;;;;;
01002150;Tronzano Vercellese;Vercelli;Vedi aggregazione: CONSORZIO OBBLIGATORIO COMUNI DEL VERCELLESE E DELLA VALSESIA PER LA GESTIONE DEI RIFIUTI URBANI;;;;;;;;;
01002152;Valduggia;Vercelli;Vedi aggregazione: CONSORZIO OBBLIGATORIO COMUNI DEL VERCELLESE E DELLA VALSESIA PER LA GESTIONE DEI RIFIUTI URBANI;;;;;;;;;
01002156;Varallo;Vercelli;Vedi aggregazione: CONSORZIO OBBLIGATORIO COMUNI DEL VERCELLESE E DELLA VALSESIA PER LA GESTIONE DEI RIFIUTI URBANI;;;;;;;;;
01002158;Vercelli;Vercelli;1;45.875;22,53;21,31;33,56;13,26;16,84;48,44;29,21;187,08
01002163;Villarboit;Vercelli;Vedi aggregazione: CONSORZIO OBBLIGATORIO COMUNI DEL VERCELLESE E DELLA VALSESIA PER LA GESTIONE DEI RIFIUTI URBANI;;;;;;;;;
01002164;Villata;Vercelli;Vedi aggregazione: CONSORZIO DI BACINO BASSO NOVARESE;;;;;;;;;
01002166;Vocca;Vercelli;Vedi aggregazione: CONSORZIO OBBLIGATORIO COMUNI DEL VERCELLESE E DELLA VALSESIA PER LA GESTIONE DEI RIFIUTI URBANI;;;;;;;;;
05023001;Affi;Verona;Vedi aggregazione: Consorzio Verona Due del Quadrilatero;;;;;;;;;
05023002;Albaredo d'Adige;Verona;1;5.209;9,49;13,37;34,77;17,01;5,25;19,08;8,25;107,22
05023003;Angiari;Verona;1;2.382;11,69;22,27;67,98;;1,88;17,40;12,40;134,49
05023004;Arcole;Verona;1;6.286;8,53;27,45;43,05;4,14;7,30;12,94;3,14;110,39
05023005;Badia Calavena;Verona;Vedi aggregazione: Consorzio Verona Due del Quadrilatero;;;;;;;;;
05023006;Bardolino;Verona;Vedi aggregazione: Consorzio Verona Due del Quadrilatero;;;;;;;;;
05023007;Belfiore;Verona;1;3.219;9,82;20,06;48,00;;3,02;17,62;14,11;113,53
05023008;Bevilacqua;Verona;1;1.752;10,91;15,05;30,12;14,01;6,46;19,82;;96,37
05023009;Bonavigo;Verona;1;1.961;6,68;11,43;36,73;17,68;2,74;17,64;3,05;95,95
05023010;Boschi Sant'Anna;Verona;1;1.362;8,98;11,09;40,42;16,98;1,81;26,02;2,56;108,39
05023011;Bosco Chiesanuova;Verona;Vedi aggregazione: Consorzio Verona Due del Quadrilatero;;;;;;;;;
05023012;Bovolone;Verona;1;16.007;11,95;10,22;51,13;9,26;4,62;29,24;9,84;128,59
05023013;Brentino Belluno;Verona;Vedi aggregazione: Consorzio Verona Due del Quadrilatero;;;;;;;;;
05023014;Brenzone sul Garda;Verona;Vedi aggregazione: Consorzio Verona Due del Quadrilatero;;;;;;;;;
05023015;Bussolengo - Dato aggregazione Consorzio Verona Due del Quadrilatero;Verona;57;404.182;16,04;19,05;44,39;19,19;11,31;20,77;8,84;139,76
05023016;Buttapietra;Verona;Vedi aggregazione: Consorzio Verona Due del Quadrilatero;;;;;;;;;
05023017;Caldiero;Verona;Vedi aggregazione: Consorzio Verona Due del Quadrilatero;;;;;;;;;
05023018;Caprino Veronese;Verona;Vedi aggregazione: Consorzio Verona Due del Quadrilatero;;;;;;;;;
05023019;Casaleone;Verona;1;5.513;8,57;20,29;54,40;;1,59;19,88;15,24;121,11
05023020;Castagnaro;Verona;1;3.630;20,08;24,19;50,20;6,48;9,03;3,47;11,13;126,56
05023021;Castel d'Azzano;Verona;Vedi aggregazione: Consorzio Verona Due del Quadrilatero;;;;;;;;;
05023022;Castelnuovo del Garda;Verona;Vedi aggregazione: Consorzio Verona Due del Quadrilatero;;;;;;;;;
05023023;Cavaion Veronese;Verona;Vedi aggregazione: Consorzio Verona Due del Quadrilatero;;;;;;;;;
05023024;Cazzano di Tramigna;Verona;Vedi aggregazione: Consorzio Verona Due del Quadrilatero;;;;;;;;;
05023025;Cerea;Verona;1;16.640;9,68;14,54;36,10;7,89;10,67;18,27;8,85;105,98
05023026;Cerro Veronese;Verona;Vedi aggregazione: Consorzio Verona Due del Quadrilatero;;;;;;;;;
05023027;Cologna Veneta;Verona;1;8.423;8,88;14,67;24,19;15,88;9,76;16,44;8,65;98,48
05023028;Colognola ai Colli;Verona;Vedi aggregazione: Consorzio Verona Due del Quadrilatero;;;;;;;;;
05023029;Concamarise;Verona;1;1.082;5,50;17,61;63,84;;3,38;19,04;15,28;125,80
05023030;Costermano;Verona;Vedi aggregazione: Consorzio Verona Due del Quadrilatero;;;;;;;;;
05023031;Dolce;Verona;Vedi aggregazione: Consorzio Verona Due del Quadrilatero;;;;;;;;;
05023032;Erbe;Verona;1;1.900;16,18;17,10;76,73;;0,70;17,31;10,50;139,28
05023033;Erbezzo;Verona;Vedi aggregazione: Consorzio Verona Due del Quadrilatero;;;;;;;;;
05023034;Ferrara di Monte Baldo;Verona;Vedi aggregazione: Consorzio Verona Due del Quadrilatero;;;;;;;;;
05023035;Fumane;Verona;Vedi aggregazione: Consorzio Verona Due del Quadrilatero;;;;;;;;;
05023036;Garda;Verona;Vedi aggregazione: Consorzio Verona Due del Quadrilatero;;;;;;;;;
05023037;Gazzo Veronese;Verona;1;5.237;8,51;22,48;59,93;;5,21;20,43;12,10;129,56
05023038;Grezzana;Verona;Vedi aggregazione: Consorzio Verona Due del Quadrilatero;;;;;;;;;
05023039;Illasi;Verona;Vedi aggregazione: Consorzio Verona Due del Quadrilatero;;;;;;;;;
05023040;Isola della Scala;Verona;1;11.463;7,95;12,42;52,49;;7,11;19,90;13,36;114,02
05023041;Isola Rizza;Verona;1;3.205;8,82;20,13;63,27;;0,66;26,16;17,30;137,80
05023042;Lavagno;Verona;Vedi aggregazione: Consorzio Verona Due del Quadrilatero;;;;;;;;;
05023043;Lazise;Verona;Vedi aggregazione: Consorzio Verona Due del Quadrilatero;;;;;;;;;
05023044;Legnago;Verona;1;25.206;9,88;17,49;40,82;18,48;20,44;22,03;5,38;134,52
05023045;Malcesine;Verona;Vedi aggregazione: Consorzio Verona Due del Quadrilatero;;;;;;;;;
05023046;Marano di Valpolicella;Verona;Vedi aggregazione: Consorzio Verona Due del Quadrilatero;;;;;;;;;
05023047;Mezzane di Sotto;Verona;Vedi aggregazione: Consorzio Verona Due del Quadrilatero;;;;;;;;;
05023048;Minerbe;Verona;1;4.519;5,90;13,44;36,22;18,96;7,24;21,67;4,30;108,21
05023049;Montecchia di Crosara;Verona;Vedi aggregazione: Consorzio Verona Due del Quadrilatero;;;;;;;;;
05023050;Monteforte d'Alpone;Verona;Vedi aggregazione: Consorzio Verona Due del Quadrilatero;;;;;;;;;
05023051;Mozzecane;Verona;Vedi aggregazione: Consorzio Verona Due del Quadrilatero;;;;;;;;;
05023052;Negrar;Verona;Vedi aggregazione: Consorzio Verona Due del Quadrilatero;;;;;;;;;
05023053;Nogara;Verona;1;8.331;11,82;23,99;56,78;;6,25;22,61;18,33;140,82
05023054;Nogarole Rocca;Verona;1;3.793;4,18;23,08;52,40;;6,49;16,81;16,54;120,43
05023055;Oppeano;Verona;1;10.170;9,58;23,15;55,49;;0,60;17,49;13,20;120,42
05023056;Palu;Verona;1;1.215;5,75;18,93;69,51;;;21,40;9,55;126,18
05023057;Pastrengo;Verona;Vedi aggregazione: Consorzio Verona Due del Quadrilatero;;;;;;;;;
05023058;Pescantina;Verona;Vedi aggregazione: Consorzio Verona Due del Quadrilatero;;;;;;;;;
05023059;Peschiera del Garda;Verona;Vedi aggregazione: Consorzio Verona Due del Quadrilatero;;;;;;;;;
05023060;Povegliano Veronese;Verona;Vedi aggregazione: Consorzio Verona Due del Quadrilatero;;;;;;;;;
05023061;Pressana - Dato aggregazione UNIONE COMUNI ADIGE GUA';Verona;4;13.976;5,93;10,74;27,72;14,00;1,64;14,75;2,14;76,92
05023062;Rivoli Veronese;Verona;Vedi aggregazione: Consorzio Verona Due del Quadrilatero;;;;;;;;;
05023063;Ronca;Verona;Vedi aggregazione: Consorzio Verona Due del Quadrilatero;;;;;;;;;
05023064;Ronco all'Adige;Verona;1;5.898;6,18;10,98;44,88;13,71;3,30;17,38;6,63;104,11
05023065;Roverchiara;Verona;1;2.564;5,26;22,49;58,15;;1,90;26,47;15,62;130,97
05023067;Rovere Veronese;Verona;Vedi aggregazione: Consorzio Verona Due del Quadrilatero;;;;;;;;;
05023066;Roveredo di Gua;Verona;Vedi aggregazione: UNIONE COMUNI ADIGE GUA';;;;;;;;;
05023068;Salizzole;Verona;1;3.749;4,13;18,30;49,95;;0,50;27,84;12,87;114,57
05023069;San Bonifacio;Verona;Vedi aggregazione: Consorzio Verona Due del Quadrilatero;;;;;;;;;
05023070;San Giovanni Ilarione;Verona;Vedi aggregazione: Consorzio Verona Due del Quadrilatero;;;;;;;;;
05023071;San Giovanni Lupatoto;Verona;1;25.044;12,96;16,65;41,67;12,91;16,64;22,69;8,25;132,42
05023073;San Martino Buon Albergo;Verona;Vedi aggregazione: Consorzio Verona Due del Quadrilatero;;;;;;;;;
05023074;San Mauro di Saline;Verona;Vedi aggregazione: Consorzio Verona Due del Quadrilatero;;;;;;;;;
05023075;San Pietro di Morubio;Verona;1;3.013;5,77;19,04;56,83;;4,93;26,22;12,36;125,98
05023076;San Pietro in Cariano;Verona;Vedi aggregazione: Consorzio Verona Due del Quadrilatero;;;;;;;;;
05023079;San Zeno di Montagna;Verona;Vedi aggregazione: Consorzio Verona Due del Quadrilatero;;;;;;;;;
05023072;Sanguinetto;Verona;1;4.069;7,91;14,09;35,64;17,69;13,31;19,80;7,55;116,67
05023077;Sant'Ambrogio di Valpolicella;Verona;Vedi aggregazione: Consorzio Verona Due del Quadrilatero;;;;;;;;;
05023078;Sant'Anna d'Alfaedo;Verona;Vedi aggregazione: Consorzio Verona Due del Quadrilatero;;;;;;;;;
05023080;Selva di Progno;Verona;Vedi aggregazione: Consorzio Verona Due del Quadrilatero;;;;;;;;;
05023081;Soave;Verona;Vedi aggregazione: Consorzio Verona Due del Quadrilatero;;;;;;;;;
05023082;Sommacampagna;Verona;1;14.636;3,01;10,53;27,23;17,20;12,63;26,46;16,74;118,12
05023083;Sona;Verona;Vedi aggregazione: Consorzio Verona Due del Quadrilatero;;;;;;;;;
05023084;Sorga;Verona;1;2.938;4,80;18,88;46,86;;3,01;19,85;12,57;106,96
05023085;Terrazzo;Verona;1;2.127;6,07;22,34;67,75;;0,95;28,54;11,30;138,35
05023086;Torri del Benaco;Verona;Vedi aggregazione: Consorzio Verona Due del Quadrilatero;;;;;;;;;
05023087;Tregnago;Verona;Vedi aggregazione: Consorzio Verona Due del Quadrilatero;;;;;;;;;
05023088;Trevenzuolo;Verona;1;2.721;4,70;26,15;63,64;;2,07;19,46;12,87;129,96
05023089;Valeggio sul Mincio;Verona;Vedi aggregazione: Consorzio Verona Due del Quadrilatero;;;;;;;;;
05023090;Velo Veronese;Verona;Vedi aggregazione: Consorzio Verona Due del Quadrilatero;;;;;;;;;
05023091;Verona;Verona;1;257.838;15,51;33,89;28,66;15,25;29,41;36,39;18,52;177,63
05023092;Veronella;Verona;Vedi aggregazione: UNIONE COMUNI ADIGE GUA';;;;;;;;;
05023093;Vestenanova;Verona;Vedi aggregazione: Consorzio Verona Due del Quadrilatero;;;;;;;;;
05023094;Vigasio;Verona;1;10.197;6,03;18,87;42,73;;5,01;17,70;10,08;101,16
05023095;Villa Bartolomea;Verona;1;5.759;5,76;13,51;39,70;12,51;4,35;38,78;7,96;122,58
05023096;Villafranca di Verona;Verona;Vedi aggregazione: Consorzio Verona Due del Quadrilatero;;;;;;;;;
05023097;Zevio;Verona;1;15.075;49,24;23,94;0,19;14,25;2,73;26,28;0,49;117,12
05023098;Zimella;Verona;Vedi aggregazione: UNIONE COMUNI ADIGE GUA';;;;;;;;;
18102001;Acquaro;Vibo Valentia;1;1.945;47,58;29,05;18,42;3,08;9,36;2,62;0,24;112,59
18102005;Capistrano;Vibo Valentia;1;965;;26,40;;1,85;;29,79;5,10;63,13
18102007;Dasa;Vibo Valentia;1;1.108;19,18;16,46;44,94;;0,68;19,79;7,07;112,22
18102009;Drapia;Vibo Valentia;1;2.042;39,11;32,97;42,21;13,21;;10,49;;137,99
18102013;Filogaso;Vibo Valentia;1;1.348;;55,64;;28,20;3,71;;;87,54
18102016;Gerocarne;Vibo Valentia;1;1.962;58,94;19,25;5,56;;;;;83,75
18102019;Limbadi;Vibo Valentia;1;3.331;5,22;25,39;31,32;4,37;12,75;38,97;;118,01
18102020;Maierato;Vibo Valentia;1;2.043;135,10;50,91;20,56;;;;;206,56
18102031;Rombiolo;Vibo Valentia;1;4.442;8,80;13,71;24,24;8,22;3,79;19,05;;77,81
18102037;Serra San Bruno;Vibo Valentia;1;6.456;20,42;61,96;100,99;1,55;;8,98;;193,91
18102040;Soriano Calabro;Vibo Valentia;1;2.290;10,13;41,70;42,51;;18,89;12,82;2,14;128,19
18102042;Spilinga;Vibo Valentia;1;1.426;33,75;34,73;21,94;;9,89;2,45;;103,40
18102044;Tropea;Vibo Valentia;1;6.051;31,13;84,72;20,46;22,86;35,38;5,56;;200,11
18102045;Vallelonga;Vibo Valentia;1;734;33,27;17,71;7,49;2,72;2,72;8,17;;72,10
18102047;Vibo Valentia;Vibo Valentia;1;31.097;25,26;38,63;27,32;21,36;20,77;38,73;60,86;350,62
18102049;Zambrone;Vibo Valentia;1;1.762;16,07;30,10;34,88;18,55;52,51;5,73;;158,46
18102050;Zungri;Vibo Valentia;1;1.902;42,59;25,01;3,42;;13,77;12,23;;97,01
05024002;Albettone;Vicenza;1;1.975;18,82;14,64;32,42;10,93;1,89;9,10;9,82;98,13
05024003;Alonte;Vicenza;1;1.580;8,79;19,22;13,38;9,80;3,91;26,79;;81,89
05024004;Altavilla Vicentina;Vicenza;1;11.810;6,27;7,08;38,84;24,94;10,70;12,74;5,09;106,13
05024005;Altissimo;Vicenza;1;2.144;15,76;10,64;28,57;4,58;0,19;13,24;1,38;76,88
05024006;Arcugnano;Vicenza;1;7.708;10,90;20,31;9,38;11,73;0,61;34,22;9,84;96,99
05024007;Arsiero;Vicenza;1;3.050;9,77;1,20;32,86;14,93;15,25;18,70;19,27;111,98
05024008;Arzignano;Vicenza;1;25.066;18,91;16,95;33,63;9,94;8,88;11,37;3,56;112,81
05024009;Asiago;Vicenza;Vedi aggregazione: ETRA Spa;;;;;;;;;
05024010;Asigliano Veneto;Vicenza;1;865;1,77;53,89;1,75;7,27;1,18;2,03;4,29;72,17
05024124;Barbarano Mossano;Vicenza;1;6.283;46,29;19,46;0,73;9,07;1,52;21,56;3,18;101,82
05024012;Bassano del Grappa - Dato aggregazione ETRA Spa;Vicenza;54;494.028;9,08;7,39;39,12;24,33;5,33;30,70;12,79;128,89
05024013;Bolzano Vicentino;Vicenza;1;6.384;9,60;10,83;30,96;12,75;1,84;35,57;;106,19
05024014;Breganze;Vicenza;1;8.459;9,66;0,66;29,91;11,19;4,42;13,38;10,29;80,45
05024015;Brendola;Vicenza;1;6.542;18,10;16,86;35,45;8,11;7,87;16,21;10,90;113,50
05024016;Bressanvido;Vicenza;1;3.201;7,02;6,10;31,93;16,00;2,92;13,96;4,34;82,95
05024017;Brogliano;Vicenza;1;3.998;9,72;11,86;35,99;9,08;3,32;12,47;10,65;95,38
05024018;Caldogno;Vicenza;1;11.280;5,60;6,45;17,21;16,86;11,56;12,26;6,99;77,66
05024019;Caltrano;Vicenza;1;2.529;7,46;1,28;24,73;11,55;4,19;9,53;16,35;75,09
05024020;Calvene;Vicenza;1;1.302;8,54;0,66;28,62;12,25;4,86;16,76;17,41;89,11
05024021;Camisano Vicentino;Vicenza;1;11.165;9,73;8,00;31,39;18,61;3,94;16,69;5,72;94,82
05024022;Campiglia dei Berici;Vicenza;1;1.669;11,92;13,83;35,23;8,35;7,64;13,93;11,40;103,28
05024024;Carre;Vicenza;1;3.535;7,12;0,94;26,97;16,03;4,13;;;55,75
05024025;Cartigliano;Vicenza;Vedi aggregazione: ETRA Spa;;;;;;;;;
05024026;Cassola;Vicenza;1;14.932;6,99;;32,08;27,63;3,88;28,37;13,45;127,31
05024027;Castegnero;Vicenza;1;2.853;9,21;5,64;27,66;15,17;1,01;15,86;3,99;79,47
05024028;Castelgomberto;Vicenza;1;6.093;13,90;15,58;34,42;7,72;4,75;11,01;1,41;94,09
05024029;Chiampo;Vicenza;1;12.502;16,12;13,78;33,20;7,77;3,79;12,10;10,80;104,77
05024030;Chiuppano;Vicenza;1;2.506;6,90;0,88;23,68;13,50;3,79;;;48,74
05024032;Cogollo del Cengio;Vicenza;1;3.141;8,49;1,39;29,15;12,75;6,17;22,24;9,68;89,86
05024126;Colceresa;Vicenza;1;5.986;13,93;8,75;28,32;11,51;;7,81;8,60;78,92
05024034;Cornedo Vicentino;Vicenza;1;11.766;15,07;13,32;36,17;6,94;3,20;11,65;4,01;101,48
05024035;Costabissara;Vicenza;1;7.659;16,58;;38,44;2,15;12,01;8,72;0,97;79,40
05024036;Creazzo;Vicenza;1;11.260;14,25;12,59;32,81;9,88;5,63;18,39;4,97;101,40
05024037;Crespadoro;Vicenza;1;1.277;30,62;15,43;40,43;4,22;;39,79;1,85;132,33
05024038;Dueville;Vicenza;1;13.849;6,87;10,43;36,64;17,05;8,41;12,35;4,85;96,60
05024039;Enego;Vicenza;Vedi aggregazione: ETRA Spa;;;;;;;;;
05024040;Fara Vicentino;Vicenza;1;3.624;7,73;0,55;25,75;12,38;4,30;18,03;8,81;78,11
05024041;Foza;Vicenza;Vedi aggregazione: ETRA Spa;;;;;;;;;
05024042;Gallio;Vicenza;Vedi aggregazione: ETRA Spa;;;;;;;;;
05024043;Gambellara;Vicenza;1;3.363;13,01;14,74;34,70;8,24;1,54;11,43;2,01;92,17
05024044;Gambugliano;Vicenza;1;838;19,62;10,68;30,84;6,48;6,58;29,90;1,43;118,54
05024046;Grisignano di Zocco;Vicenza;1;4.249;7,94;8,72;35,18;22,16;1,34;18,27;4,23;98,85
05024047;Grumolo delle Abbadesse;Vicenza;1;3.745;11,10;8,45;33,17;19,38;1,19;15,96;4,37;94,30
05024048;Isola Vicentina;Vicenza;1;10.197;4,74;5,01;24,67;15,34;2,81;12,00;13,15;81,51
05024049;Laghi;Vicenza;1;127;37,46;0,83;20,38;17,05;111,71;63,94;21,12;272,48
05024050;Lastebasse;Vicenza;1;184;45,02;21,22;66,29;26,52;13,96;32,36;31,48;236,85
05024051;Longare;Vicenza;1;5.548;5,90;5,62;24,22;15,04;1,87;20,42;3,04;76,77
05024052;Lonigo;Vicenza;1;15.625;9,34;22,59;25,60;9,46;15,12;7,72;5,02;94,85
05024053;Lugo di Vicenza;Vicenza;1;3.610;7,57;0,72;26,25;12,71;9,27;19,05;8,99;84,56
05024127;Lusiana Conco;Vicenza;1;4.671;14,89;;56,09;32,94;4,30;41,92;16,01;166,14
05024055;Malo;Vicenza;1;14.649;7,82;0,90;27,52;14,33;4,38;14,62;11,09;80,67
05024056;Marano Vicentino;Vicenza;1;9.421;9,77;0,93;32,97;12,77;5,15;21,04;9,00;92,25
05024057;Marostica;Vicenza;1;14.128;10,46;;27,59;22,47;5,44;4,55;5,68;76,19
05024063;Monte di Malo;Vicenza;1;2.784;9,82;0,44;30,31;11,68;5,55;14,35;9,52;81,66
05024060;Montebello Vicentino;Vicenza;1;6.372;17,66;16,86;42,91;9,51;7,19;12,26;3,27;112,60
05024061;Montecchio Maggiore;Vicenza;1;22.802;17,52;18,43;36,64;9,67;14,52;12,44;7,69;116,92
05024062;Montecchio Precalcino;Vicenza;1;4.933;5,99;8,50;25,33;13,15;0,98;13,49;4,02;72,05
05024064;Montegalda;Vicenza;1;3.379;6,35;7,86;33,90;16,92;2,50;17,42;3,77;89,55
05024065;Montegaldella;Vicenza;1;1.808;10,45;7,06;32,52;16,71;0,62;13,91;3,87;86,00
05024066;Monteviale;Vicenza;1;2.873;11,70;12,43;30,95;7,92;2,30;16,05;2,20;86,96
05024067;Monticello Conte Otto;Vicenza;1;8.806;5,53;6,54;31,09;17,08;4,37;13,06;4,37;82,79
05024068;Montorso Vicentino;Vicenza;1;3.042;12,83;15,88;40,33;8,41;1,63;9,90;4,79;103,77
05024070;Mussolente;Vicenza;Vedi aggregazione: ETRA Spa;;;;;;;;;
05024071;Nanto;Vicenza;1;3.076;21,70;11,36;22,07;9,09;3,30;13,72;1,19;82,84
05024072;Nogarole Vicentino;Vicenza;1;1.234;16,11;11,76;31,13;4,75;2,32;32,24;1,35;107,43
05024074;Noventa Vicentina;Vicenza;1;8.939;23,42;11,06;16,74;13,42;1,36;13,86;3,73;87,44
05024075;Orgiano;Vicenza;1;3.027;23,22;3,90;28,41;8,65;1,83;14,96;8,20;89,18
05024076;Pedemonte;Vicenza;1;705;8,99;0,79;31,06;18,09;5,08;21,33;20,36;105,70
05024077;Pianezze;Vicenza;1;2.169;11,73;13,15;27,52;14,97;;7,78;2,33;80,66
05024078;Piovene Rocchette;Vicenza;1;8.176;8,87;0,75;30,54;13,32;5,00;18,72;18,21;95,41
05024079;Pojana Maggiore;Vicenza;1;4.277;;52,72;1,72;11,74;0,81;1,94;7,19;76,12
05024080;Posina;Vicenza;1;560;14,77;0,80;41,14;20,93;8,43;60,27;24,38;170,73
05024082;Pozzoleone;Vicenza;Vedi aggregazione: ETRA Spa;;;;;;;;;
05024083;Quinto Vicentino;Vicenza;1;5.808;8,10;7,57;23,81;15,48;2,23;13,43;3,78;75,05
05024084;Recoaro Terme;Vicenza;1;6.174;18,73;14,42;36,45;5,11;3,50;10,94;3,83;97,14
05024085;Roana;Vicenza;Vedi aggregazione: ETRA Spa;;;;;;;;;
05024086;Romano d'Ezzelino;Vicenza;Vedi aggregazione: ETRA Spa;;;;;;;;;
05024087;Rosa;Vicenza;Vedi aggregazione: ETRA Spa;;;;;;;;;
05024088;Rossano Veneto;Vicenza;1;8.158;7,05;;31,61;26,98;2,14;23,06;9,37;100,33
05024089;Rotzo;Vicenza;Vedi aggregazione: ETRA Spa;;;;;;;;;
05024090;Salcedo;Vicenza;1;1.025;14,08;10,43;39,10;10,03;;19,66;3,71;97,01
05024094;San Pietro Mussolino;Vicenza;1;1.565;19,99;10,59;33,91;4,68;0,26;18,32;3,42;95,16
05024096;San Vito di Leguzzano;Vicenza;1;3.618;8,00;1,06;30,35;13,78;7,30;18,16;8,91;87,56
05024091;Sandrigo;Vicenza;1;8.195;7,68;8,85;33,49;14,18;5,03;17,63;15,99;102,85
05024095;Santorso;Vicenza;1;5.575;7,15;0,06;22,65;14,20;4,02;21,96;20,42;90,44
05024097;Sarcedo;Vicenza;1;5.323;10,43;0,76;31,54;10,71;7,02;18,14;9,44;88,02
05024098;Sarego;Vicenza;1;6.652;48,31;20,32;1,58;8,17;0,93;6,10;3,82;89,23
05024099;Schiavon;Vicenza;Vedi aggregazione: ETRA Spa;;;;;;;;;
05024100;Schio;Vicenza;1;38.775;15,70;0,94;45,28;15,39;8,45;20,48;18,38;125,74
05024102;Sossano;Vicenza;1;4.182;10,95;10,17;40,19;2,05;;14,60;2,79;80,75
05024103;Sovizzo;Vicenza;1;7.471;11,05;14,20;32,72;9,90;4,91;8,97;2,73;96,41
05024104;Tezze sul Brenta;Vicenza;Vedi aggregazione: ETRA Spa;;;;;;;;;
05024105;Thiene;Vicenza;1;23.702;12,89;0,89;39,84;17,97;7,33;12,59;15,52;107,04
05024106;Tonezza del Cimone;Vicenza;1;512;26,73;3,00;78,78;38,97;35,07;52,16;35,42;270,13
05024108;Torri di Quartesolo;Vicenza;1;11.678;11,78;11,62;42,09;20,84;6,65;13,23;4,64;111,93
05024110;Trissino;Vicenza;1;8.650;13,28;16,05;32,47;8,57;5,20;13,82;5,74;95,62
05024123;Val Liona;Vicenza;1;3.032;24,71;14,86;18,96;6,59;1,08;14,95;1,90;83,05
05024111;Valdagno;Vicenza;1;25.319;19,22;14,76;35,14;7,42;10,22;26,12;6,57;119,46
05024113;Valli del Pasubio;Vicenza;1;3.030;9,71;0,02;28,22;13,69;5,62;36,27;18,33;111,87
05024115;Velo d'Astico;Vicenza;1;2.238;8,89;1,08;27,46;11,57;21,97;14,01;18,21;103,20
05024116;Vicenza;Vicenza;1;109.290;15,09;26,14;27,07;28,34;34,45;27,68;29,20;187,98
05024117;Villaga;Vicenza;1;1.923;10,44;14,15;22,37;4,69;2,43;17,81;4,16;76,06
05024118;Villaverla;Vicenza;1;6.101;7,54;0,85;28,40;12,72;4,23;15,84;7,94;78,05
05024119;Zane;Vicenza;1;6.623;10,30;0,84;34,91;16,42;5,89;14,86;17,12;98,71
05024120;Zermeghedo;Vicenza;1;1.340;16,72;15,99;47,64;9,46;6,99;24,32;1,59;133,14
05024121;Zovencedo;Vicenza;1;794;8,91;12,72;8,50;6,27;1,99;24,36;;62,75
05024122;Zugliano;Vicenza;1;6.833;7,01;0,71;24,07;12,03;8,13;15,58;10,47;78,00
12056003;Bagnoregio;Viterbo;1;3.479;7,41;4,40;37,97;12,06;15,00;25,04;58,90;160,78
12056004;Barbarano Romano;Viterbo;1;977;65,73;45,07;6,08;;33,33;17,67;;167,89
12056005;Bassano Romano;Viterbo;1;4.509;;30,20;66,53;11,65;16,07;26,62;3,18;160,15
12056007;Blera;Viterbo;1;3.034;26,59;21,91;33,86;19,36;;20,96;18,55;141,23
12056008;Bolsena;Viterbo;1;3.792;32,51;43,44;20,86;12,63;57,01;22,09;4,42;192,96
12056009;Bomarzo;Viterbo;1;1.689;20,32;14,43;50,97;12,41;16,63;11,30;7,25;133,31
12056010;Calcata;Viterbo;1;880;42,61;17,95;15,00;;;63,09;;138,66
12056011;Canepina;Viterbo;1;2.962;27,70;4,86;71,60;;51,41;13,49;2,69;171,75
12056012;Canino;Viterbo;1;5.145;19,06;23,84;22,16;13,48;42,49;34,60;1,46;157,09
12056013;Capodimonte;Viterbo;1;1.644;;85,63;54,86;;6,96;68,90;;216,36
12056014;Capranica;Viterbo;1;6.405;7,47;10,30;46,49;12,18;16,72;40,05;35,22;172,13
12056015;Caprarola;Viterbo;1;5.236;53,32;;44,11;23,11;16,50;;;137,04
12056017;Castel Sant'Elia;Viterbo;1;2.457;68,69;16,42;13,40;13,20;;15,53;8,74;135,98
12056018;Castiglione in Teverina;Viterbo;1;2.278;22,20;30,53;51,79;;;;;104,52
12056019;Celleno;Viterbo;1;1.304;40,56;13,18;22,15;11,76;27,41;23,15;0,67;138,87
12056020;Cellere;Viterbo;1;1.075;13,33;24,29;66,67;;21,48;28,54;;154,31
12056022;Civitella d'Agliano;Viterbo;1;1.509;25,80;20,91;25,06;9,28;;6,27;;87,31
12056023;Corchiano;Viterbo;1;3.559;8,67;8,37;49,11;24,33;28,06;12,43;;221,02
12056024;Fabrica di Roma;Viterbo;1;8.044;11,35;5,81;36,21;27,89;4,59;28,13;1,98;115,97
12056025;Faleria;Viterbo;1;1.986;77,32;13,99;11,13;;;29,96;3,31;135,72
12056026;Farnese;Viterbo;1;1.392;32,32;34,68;129,28;;;29,56;;258,45
12056027;Gallese;Viterbo;1;2.665;32,73;5,58;65,42;13,37;13,96;8,13;5,65;144,85
12056028;Gradoli;Viterbo;1;1.281;31,63;4,43;80,42;0,29;31,85;27,60;34,73;210,95
12056029;Graffignano;Viterbo;1;2.161;31,81;10,29;16,27;9,38;25,60;49,03;6,13;148,51
12056031;Ischia di Castro;Viterbo;1;2.183;17,46;33,20;18,86;;12,27;27,09;;108,88
12056033;Lubriano;Viterbo;1;882;44,07;33,53;22,69;3,67;35,49;26,82;0,83;167,33
12056034;Marta;Viterbo;1;3.299;50,95;20,61;50,41;;32,21;3,35;3,66;161,19
12056035;Montalto di Castro;Viterbo;1;8.788;35,95;59,20;70,33;27,81;31,70;61,77;39,96;369,37
12056037;Monte Romano;Viterbo;1;1.920;23,61;28,88;48,60;19,31;16,14;18,49;7,29;162,32
12056038;Monterosi;Viterbo;1;4.653;5,75;15,23;57,60;15,64;22,36;5,90;;122,49
12056039;Nepi;Viterbo;1;8.890;39,96;;161,43;;26,18;36,41;142,88;406,86
12056045;Ronciglione;Viterbo;1;8.313;10,37;18,20;51,85;20,81;22,40;15,16;12,96;151,74
12056047;San Lorenzo Nuovo;Viterbo;1;1.985;30,02;18,65;39,08;12,36;35,34;38,99;3,48;177,92
12056048;Soriano nel Cimino;Viterbo;1;7.969;22,20;3,65;25,45;14,95;18,95;23,18;119,92;228,30
12056049;Sutri;Viterbo;1;6.501;19,45;72,72;6,65;4,20;12,73;51,21;;166,95
12056050;Tarquinia;Viterbo;1;16.051;18,37;55,24;40,46;11,53;23,91;46,35;26,38;222,25
12056053;Valentano;Viterbo;1;2.702;20,66;21,89;48,92;8,47;27,19;28,33;2,47;157,93
12056054;Vallerano;Viterbo;1;2.450;10,26;29,23;51,30;;32,65;9,08;9,23;141,75
12056056;Vejano;Viterbo;1;2.155;10,74;18,38;56,88;13,34;13,82;33,52;0,88;147,56
12056058;Vignanello;Viterbo;1;4.350;5,93;23,27;38,91;14,95;37,17;8,36;32,02;160,62
12056046;Villa San Giovanni in Tuscia;Viterbo;1;1.207;43,10;19,18;5,63;;44,14;14,63;;126,67
12056059;Viterbo;Viterbo;1;65.050;18,36;10,36;67,03;4,46;18,78;17,54;23,20;173,57
12056060;Vitorchiano;Viterbo;1;5.221;8,52;19,77;51,43;15,74;21,98;20,18;7,35;148,88
NB: i dati riportati in tabella si riferiscono esclusivamente ai costi sostenuti dagli enti locali per il servizio di gestione dei rifiuti urbani e assimilati e non tengono, pertanto, conto dei proventi ottenuti dalla vendita di materiali e di energia derivanti dai rifiuti.;;;;;;;;;;;;
Legenda: codifiche delle voci di costo riportate nelle tabelle dal 2020;;;;;;;;;;;;
CRT ab: Costi di raccolta e trasporto dei rifiuti urbani indifferenziati (euro/abitante x anno);;;;;;;;;;;;
CTS ab: Costi di trattamento e smaltimento dei rifiuti urbani indifferenziati (euro/abitante x anno);;;;;;;;;;;;
CRD ab:	Costi di raccolta e trasporto dei rifiuti urbani differenziati (euro/abitante x anno);;;;;;;;;;;;
CTR ab: Costi di trattamento e riciclo dei rifiuti urbani differenziati (euro/abitante x anno);;;;;;;;;;;;
CSL ab: Costi di spazzamento e lavaggio delle strade (euro/abitante x anno);;;;;;;;;;;;
CC ab: Costi comuni (euro/abitante x anno);;;;;;;;;;;;
CK ab: Costi di remunerazione del capitale (euro/abitante x anno);;;;;;;;;;;;
Altri costi: Altri costi (euro/abitante x anno);;;;;;;;;;;;
CTOT ab: Costi totali di gestione del servizio di igiene urbana (euro/abitante x anno);;;;;;;;;;;;
CRT kg: Costi di raccolta e trasporto dei rifiuti urbani indifferenziati (eurocentesimi/kg);;;;;;;;;;;;
CRD kg: Costi di raccolta e trasporto dei rifiuti urbani differenziati (eurocentesimi/kg);;;;;;;;;;;;
CSL kg:	Costi di spazzamento e lavaggio delle strade (eurocentesimi/kg);;;;;;;;;;;;
CC kg: Costi comuni (eurocentesimi/kg);;;;;;;;;;;;
CK kg:Costi di remunerazione del capitale (eurocentesimi/kg);;;;;;;;;;;;
CTOT kg:Costi totali di gestione del servizio di igiene urbana (eurocentesimi/kg);;;;;;;;;;;;
Legenda: codifiche delle voci di costo riportate nelle tabelle fino al 2019;;;;;;;;;;;;
CRT ab: Costi di raccolta e trasporto dei rifiuti urbani indifferenziati (euro/abitante x anno);;;;;;;;;;;;
CTS ab: Costi di trattamento e smaltimento dei rifiuti urbani indifferenziati (euro/abitante x anno);;;;;;;;;;;;
CAC ab:	Altri costi di gestione dei rifiuti urbani indifferenziati (euro/abitante x anno);;;;;;;;;;;;
CGIND ab: Costi totale di gestione dei rifiuti urbani indifferenziati (euro/abitante x anno);;;;;;;;;;;;
CRD ab:	Costi di raccolta e trasporto dei rifiuti urbani differenziati (euro/abitante x anno);;;;;;;;;;;;
CTR ab: Costi di trattamento e riciclo dei rifiuti urbani differenziati (euro/abitante x anno);;;;;;;;;;;;
CGD ab:	Costi totali di gestione  dei rifiuti urbani differenziati (euro/abitante x anno);;;;;;;;;;;;
CSL ab: Costi di spazzamento e lavaggio delle strade (euro/abitante x anno);;;;;;;;;;;;
CC ab: Costi comuni (euro/abitante x anno);;;;;;;;;;;;
CK ab: Costi di remunerazione del capitale (euro/abitante x anno);;;;;;;;;;;;
CTOT ab: Costi totali di gestione del servizio di igiene urbana (euro/abitante x anno);;;;;;;;;;;;
CRT kg: Costi di raccolta e trasporto dei rifiuti urbani indifferenziati (eurocentesimi/kg);;;;;;;;;;;;
CTS kg:	Costi di trattamento e smaltimento dei rifiuti urbani indifferenziati (eurocentesimi/kg);;;;;;;;;;;;
CAC kg:	Altri costi di gestione dei rifiuti urbani indifferenziati (eurocentesimi/kg);;;;;;;;;;;;
CGIND kg: Costi totale di gestione dei rifiuti urbani indifferenziati (eurocentesimi/kg);;;;;;;;;;;;
CRD kg: Costi di raccolta e trasporto dei rifiuti urbani differenziati (eurocentesimi/kg);;;;;;;;;;;;
CTR kg:	Costi di trattamento e riciclo dei rifiuti urbani differenziati (eurocentesimi/kg);;;;;;;;;;;;
CGD kg:	Costi totali di gestione  dei rifiuti urbani differenziati (eurocentesimi/kg);;;;;;;;;;;;
CSL kg:	Costi di spazzamento e lavaggio delle strade (eurocentesimi/kg);;;;;;;;;;;;
CC kg: Costi comuni (eurocentesimi/kg);;;;;;;;;;;;
CK kg:Costi di remunerazione del capitale (eurocentesimi/kg);;;;;;;;;;;;
CTOT kg:Costi totali di gestione del servizio di igiene urbana (eurocentesimi/kg);;;;;;;;;;;;
