istat_comune;comune;provincia;numero_comuni;popolazione;crt;cts;crd;ctr;csl;cc;ck;ctot
19084001;Agrigento;Agrigento;1;55.636;14,90;26,27;79,60;41,83;20,10;55,85;49,25;287,80
19084004;Bivona;Agrigento;1;3.226;5,39;20,66;26,96;39,52;;25,35;;120,98
19084007;Caltabellotta;Agrigento;1;3.221;14,55;32,63;48,62;26,44;;24,88;15,00;162,13
19084010;Campobello di Licata;Agrigento;1;9.093;27,16;21,89;54,49;25,04;23,83;59,54;118,69;330,64
19084015;Cianciana;Agrigento;1;3.099;10,60;25,45;66,09;21,41;9,68;15,57;34,87;183,68
19084017;Favara;Agrigento;1;31.601;39,76;42,97;39,59;7,42;48,44;23,30;9,85;230,38
19084018;Grotte;Agrigento;1;5.223;24,79;8,73;51,45;26,70;15,25;57,58;44,02;280,45
19084021;Licata;Agrigento;1;34.341;43,13;67,37;14,65;17,13;12,15;46,17;17,65;218,25
19084024;Montallegro;Agrigento;1;2.369;16,99;54,33;84,70;53,37;28,48;12,13;12,13;262,14
19084025;Montevago;Agrigento;1;2.713;17,83;39,83;37,13;18,86;2,57;10,69;;126,92
19084029;Racalmuto;Agrigento;1;7.512;11,74;;58,70;;26,16;21,88;1,50;119,97
19084030;Raffadali;Agrigento;1;12.140;9,60;20,05;51,45;14,91;13,76;21,88;18,07;149,71
19084035;San Biagio Platani;Agrigento;1;2.878;24,38;48,99;113,57;11,46;;18,49;;216,89
19084036;San Giovanni Gemini;Agrigento;1;7.532;15,83;12,13;47,50;22,48;10,09;13,69;;121,72
19084037;Santa Elisabetta;Agrigento;1;2.137;12,92;27,36;74,33;16,58;5,06;14,29;6,17;156,71
19084038;Santa Margherita di Belice;Agrigento;1;6.004;18,42;10,22;61,84;25,98;1,60;8,33;;126,39
19084041;Sciacca;Agrigento;1;39.115;12,81;34,27;51,05;61,40;14,09;15,15;4,24;224,79
01006001;Acqui Terme;Alessandria;Vedi aggregazione: CONSORZIO SERVIZI RIFIUTI DEL NOVESE, TORTONESE, ACQUESE ED OVADESE;;;;;;;;;
01006002;Albera Ligure;Alessandria;Vedi aggregazione: CONSORZIO SERVIZI RIFIUTI DEL NOVESE, TORTONESE, ACQUESE ED OVADESE;;;;;;;;;
01006003;Alessandria - Dato aggregazione CONSORZIO DI BACINO ALESSANDRINO;Alessandria;30;142.265;28,62;46,35;41,20;11,62;29,35;29,32;15,51;203,41
01006005;Alice Bel Colle;Alessandria;Vedi aggregazione: CONSORZIO SERVIZI RIFIUTI DEL NOVESE, TORTONESE, ACQUESE ED OVADESE;;;;;;;;;
01006192;Alluvioni Piovera;Alessandria;Vedi aggregazione: CONSORZIO SERVIZI RIFIUTI DEL NOVESE, TORTONESE, ACQUESE ED OVADESE;;;;;;;;;
01006007;Altavilla Monferrato;Alessandria;Vedi aggregazione: CONSORZIO DI BACINO ALESSANDRINO;;;;;;;;;
01006008;Alzano Scrivia;Alessandria;Vedi aggregazione: CONSORZIO SERVIZI RIFIUTI DEL NOVESE, TORTONESE, ACQUESE ED OVADESE;;;;;;;;;
01006009;Arquata Scrivia;Alessandria;Vedi aggregazione: CONSORZIO SERVIZI RIFIUTI DEL NOVESE, TORTONESE, ACQUESE ED OVADESE;;;;;;;;;
01006010;Avolasca;Alessandria;Vedi aggregazione: CONSORZIO SERVIZI RIFIUTI DEL NOVESE, TORTONESE, ACQUESE ED OVADESE;;;;;;;;;
01006012;Basaluzzo;Alessandria;Vedi aggregazione: CONSORZIO SERVIZI RIFIUTI DEL NOVESE, TORTONESE, ACQUESE ED OVADESE;;;;;;;;;
01006013;Bassignana;Alessandria;Vedi aggregazione: CONSORZIO DI BACINO ALESSANDRINO;;;;;;;;;
01006014;Belforte Monferrato;Alessandria;Vedi aggregazione: CONSORZIO SERVIZI RIFIUTI DEL NOVESE, TORTONESE, ACQUESE ED OVADESE;;;;;;;;;
01006015;Bergamasco;Alessandria;Vedi aggregazione: CONSORZIO DI BACINO ALESSANDRINO;;;;;;;;;
01006016;Berzano di Tortona;Alessandria;Vedi aggregazione: CONSORZIO SERVIZI RIFIUTI DEL NOVESE, TORTONESE, ACQUESE ED OVADESE;;;;;;;;;
01006017;Bistagno;Alessandria;Vedi aggregazione: CONSORZIO SERVIZI RIFIUTI DEL NOVESE, TORTONESE, ACQUESE ED OVADESE;;;;;;;;;
01006018;Borghetto di Borbera;Alessandria;Vedi aggregazione: CONSORZIO SERVIZI RIFIUTI DEL NOVESE, TORTONESE, ACQUESE ED OVADESE;;;;;;;;;
01006019;Borgoratto Alessandrino;Alessandria;Vedi aggregazione: CONSORZIO DI BACINO ALESSANDRINO;;;;;;;;;
01006021;Bosco Marengo;Alessandria;Vedi aggregazione: CONSORZIO DI BACINO ALESSANDRINO;;;;;;;;;
01006022;Bosio;Alessandria;Vedi aggregazione: CONSORZIO SERVIZI RIFIUTI DEL NOVESE, TORTONESE, ACQUESE ED OVADESE;;;;;;;;;
01006024;Brignano-Frascata;Alessandria;Vedi aggregazione: CONSORZIO SERVIZI RIFIUTI DEL NOVESE, TORTONESE, ACQUESE ED OVADESE;;;;;;;;;
01006025;Cabella Ligure;Alessandria;Vedi aggregazione: CONSORZIO SERVIZI RIFIUTI DEL NOVESE, TORTONESE, ACQUESE ED OVADESE;;;;;;;;;
01006028;Cantalupo Ligure;Alessandria;Vedi aggregazione: CONSORZIO SERVIZI RIFIUTI DEL NOVESE, TORTONESE, ACQUESE ED OVADESE;;;;;;;;;
01006029;Capriata d'Orba;Alessandria;Vedi aggregazione: CONSORZIO SERVIZI RIFIUTI DEL NOVESE, TORTONESE, ACQUESE ED OVADESE;;;;;;;;;
01006030;Carbonara Scrivia;Alessandria;Vedi aggregazione: CONSORZIO SERVIZI RIFIUTI DEL NOVESE, TORTONESE, ACQUESE ED OVADESE;;;;;;;;;
01006031;Carentino;Alessandria;Vedi aggregazione: CONSORZIO DI BACINO ALESSANDRINO;;;;;;;;;
01006032;Carezzano;Alessandria;Vedi aggregazione: CONSORZIO SERVIZI RIFIUTI DEL NOVESE, TORTONESE, ACQUESE ED OVADESE;;;;;;;;;
01006033;Carpeneto;Alessandria;Vedi aggregazione: CONSORZIO SERVIZI RIFIUTI DEL NOVESE, TORTONESE, ACQUESE ED OVADESE;;;;;;;;;
01006034;Carrega Ligure;Alessandria;Vedi aggregazione: CONSORZIO SERVIZI RIFIUTI DEL NOVESE, TORTONESE, ACQUESE ED OVADESE;;;;;;;;;
01006035;Carrosio;Alessandria;Vedi aggregazione: CONSORZIO SERVIZI RIFIUTI DEL NOVESE, TORTONESE, ACQUESE ED OVADESE;;;;;;;;;
01006036;Cartosio;Alessandria;Vedi aggregazione: CONSORZIO SERVIZI RIFIUTI DEL NOVESE, TORTONESE, ACQUESE ED OVADESE;;;;;;;;;
01006037;Casal Cermelli;Alessandria;Vedi aggregazione: CONSORZIO DI BACINO ALESSANDRINO;;;;;;;;;
01006039;Casale Monferrato;Alessandria;1;32.520;26,39;21,45;73,50;17,07;23,06;32,00;18,26;218,36
01006038;Casaleggio Boiro;Alessandria;Vedi aggregazione: CONSORZIO SERVIZI RIFIUTI DEL NOVESE, TORTONESE, ACQUESE ED OVADESE;;;;;;;;;
01006040;Casalnoceto;Alessandria;Vedi aggregazione: CONSORZIO SERVIZI RIFIUTI DEL NOVESE, TORTONESE, ACQUESE ED OVADESE;;;;;;;;;
01006041;Casasco;Alessandria;Vedi aggregazione: CONSORZIO SERVIZI RIFIUTI DEL NOVESE, TORTONESE, ACQUESE ED OVADESE;;;;;;;;;
01006191;Cassano Spinola;Alessandria;Vedi aggregazione: CONSORZIO SERVIZI RIFIUTI DEL NOVESE, TORTONESE, ACQUESE ED OVADESE;;;;;;;;;
01006043;Cassine;Alessandria;Vedi aggregazione: CONSORZIO SERVIZI RIFIUTI DEL NOVESE, TORTONESE, ACQUESE ED OVADESE;;;;;;;;;
01006044;Cassinelle;Alessandria;Vedi aggregazione: CONSORZIO SERVIZI RIFIUTI DEL NOVESE, TORTONESE, ACQUESE ED OVADESE;;;;;;;;;
01006045;Castellania;Alessandria;Vedi aggregazione: CONSORZIO SERVIZI RIFIUTI DEL NOVESE, TORTONESE, ACQUESE ED OVADESE;;;;;;;;;
01006046;Castellar Guidobono;Alessandria;Vedi aggregazione: CONSORZIO SERVIZI RIFIUTI DEL NOVESE, TORTONESE, ACQUESE ED OVADESE;;;;;;;;;
01006047;Castellazzo Bormida;Alessandria;Vedi aggregazione: CONSORZIO SERVIZI RIFIUTI DEL NOVESE, TORTONESE, ACQUESE ED OVADESE;;;;;;;;;
01006048;Castelletto d'Erro;Alessandria;Vedi aggregazione: CONSORZIO SERVIZI RIFIUTI DEL NOVESE, TORTONESE, ACQUESE ED OVADESE;;;;;;;;;
01006049;Castelletto d'Orba;Alessandria;Vedi aggregazione: CONSORZIO SERVIZI RIFIUTI DEL NOVESE, TORTONESE, ACQUESE ED OVADESE;;;;;;;;;
01006051;Castelletto Monferrato;Alessandria;Vedi aggregazione: CONSORZIO DI BACINO ALESSANDRINO;;;;;;;;;
01006052;Castelnuovo Bormida;Alessandria;Vedi aggregazione: CONSORZIO DI BACINO ALESSANDRINO;;;;;;;;;
01006053;Castelnuovo Scrivia;Alessandria;Vedi aggregazione: CONSORZIO SERVIZI RIFIUTI DEL NOVESE, TORTONESE, ACQUESE ED OVADESE;;;;;;;;;
01006054;Castelspina;Alessandria;Vedi aggregazione: CONSORZIO DI BACINO ALESSANDRINO;;;;;;;;;
01006055;Cavatore;Alessandria;Vedi aggregazione: CONSORZIO SERVIZI RIFIUTI DEL NOVESE, TORTONESE, ACQUESE ED OVADESE;;;;;;;;;
01006058;Cerreto Grue;Alessandria;Vedi aggregazione: CONSORZIO SERVIZI RIFIUTI DEL NOVESE, TORTONESE, ACQUESE ED OVADESE;;;;;;;;;
01006061;Conzano;Alessandria;Vedi aggregazione: CONSORZIO DI BACINO ALESSANDRINO;;;;;;;;;
01006062;Costa Vescovato;Alessandria;Vedi aggregazione: CONSORZIO SERVIZI RIFIUTI DEL NOVESE, TORTONESE, ACQUESE ED OVADESE;;;;;;;;;
01006063;Cremolino;Alessandria;Vedi aggregazione: CONSORZIO SERVIZI RIFIUTI DEL NOVESE, TORTONESE, ACQUESE ED OVADESE;;;;;;;;;
01006065;Denice;Alessandria;Vedi aggregazione: CONSORZIO SERVIZI RIFIUTI DEL NOVESE, TORTONESE, ACQUESE ED OVADESE;;;;;;;;;
01006066;Dernice;Alessandria;Vedi aggregazione: CONSORZIO SERVIZI RIFIUTI DEL NOVESE, TORTONESE, ACQUESE ED OVADESE;;;;;;;;;
01006067;Fabbrica Curone;Alessandria;Vedi aggregazione: CONSORZIO SERVIZI RIFIUTI DEL NOVESE, TORTONESE, ACQUESE ED OVADESE;;;;;;;;;
01006068;Felizzano;Alessandria;Vedi aggregazione: CONSORZIO DI BACINO ALESSANDRINO;;;;;;;;;
01006069;Fraconalto;Alessandria;Vedi aggregazione: CONSORZIO SERVIZI RIFIUTI DEL NOVESE, TORTONESE, ACQUESE ED OVADESE;;;;;;;;;
01006070;Francavilla Bisio;Alessandria;Vedi aggregazione: CONSORZIO SERVIZI RIFIUTI DEL NOVESE, TORTONESE, ACQUESE ED OVADESE;;;;;;;;;
01006071;Frascaro;Alessandria;Vedi aggregazione: CONSORZIO DI BACINO ALESSANDRINO;;;;;;;;;
01006074;Fresonara;Alessandria;Vedi aggregazione: CONSORZIO SERVIZI RIFIUTI DEL NOVESE, TORTONESE, ACQUESE ED OVADESE;;;;;;;;;
01006075;Frugarolo;Alessandria;Vedi aggregazione: CONSORZIO DI BACINO ALESSANDRINO;;;;;;;;;
01006076;Fubine;Alessandria;Vedi aggregazione: CONSORZIO DI BACINO ALESSANDRINO;;;;;;;;;
01006078;Gamalero;Alessandria;Vedi aggregazione: CONSORZIO DI BACINO ALESSANDRINO;;;;;;;;;
01006079;Garbagna;Alessandria;Vedi aggregazione: CONSORZIO SERVIZI RIFIUTI DEL NOVESE, TORTONESE, ACQUESE ED OVADESE;;;;;;;;;
01006081;Gavi;Alessandria;Vedi aggregazione: CONSORZIO SERVIZI RIFIUTI DEL NOVESE, TORTONESE, ACQUESE ED OVADESE;;;;;;;;;
01006083;Gremiasco;Alessandria;Vedi aggregazione: CONSORZIO SERVIZI RIFIUTI DEL NOVESE, TORTONESE, ACQUESE ED OVADESE;;;;;;;;;
01006084;Grognardo;Alessandria;Vedi aggregazione: CONSORZIO SERVIZI RIFIUTI DEL NOVESE, TORTONESE, ACQUESE ED OVADESE;;;;;;;;;
01006085;Grondona;Alessandria;Vedi aggregazione: CONSORZIO SERVIZI RIFIUTI DEL NOVESE, TORTONESE, ACQUESE ED OVADESE;;;;;;;;;
01006086;Guazzora;Alessandria;Vedi aggregazione: CONSORZIO SERVIZI RIFIUTI DEL NOVESE, TORTONESE, ACQUESE ED OVADESE;;;;;;;;;
01006087;Isola Sant'Antonio;Alessandria;Vedi aggregazione: CONSORZIO SERVIZI RIFIUTI DEL NOVESE, TORTONESE, ACQUESE ED OVADESE;;;;;;;;;
01006088;Lerma;Alessandria;Vedi aggregazione: CONSORZIO SERVIZI RIFIUTI DEL NOVESE, TORTONESE, ACQUESE ED OVADESE;;;;;;;;;
01006193;Lu e Cuccaro Monferrato;Alessandria;Vedi aggregazione: CONSORZIO DI BACINO ALESSANDRINO;;;;;;;;;
01006090;Malvicino;Alessandria;Vedi aggregazione: CONSORZIO SERVIZI RIFIUTI DEL NOVESE, TORTONESE, ACQUESE ED OVADESE;;;;;;;;;
01006091;Masio;Alessandria;Vedi aggregazione: CONSORZIO DI BACINO ALESSANDRINO;;;;;;;;;
01006092;Melazzo;Alessandria;Vedi aggregazione: CONSORZIO SERVIZI RIFIUTI DEL NOVESE, TORTONESE, ACQUESE ED OVADESE;;;;;;;;;
01006093;Merana;Alessandria;Vedi aggregazione: CONSORZIO SERVIZI RIFIUTI DEL NOVESE, TORTONESE, ACQUESE ED OVADESE;;;;;;;;;
01006095;Molare;Alessandria;Vedi aggregazione: CONSORZIO SERVIZI RIFIUTI DEL NOVESE, TORTONESE, ACQUESE ED OVADESE;;;;;;;;;
01006096;Molino dei Torti;Alessandria;Vedi aggregazione: CONSORZIO SERVIZI RIFIUTI DEL NOVESE, TORTONESE, ACQUESE ED OVADESE;;;;;;;;;
01006098;Momperone;Alessandria;Vedi aggregazione: CONSORZIO SERVIZI RIFIUTI DEL NOVESE, TORTONESE, ACQUESE ED OVADESE;;;;;;;;;
01006100;Mongiardino Ligure;Alessandria;Vedi aggregazione: CONSORZIO SERVIZI RIFIUTI DEL NOVESE, TORTONESE, ACQUESE ED OVADESE;;;;;;;;;
01006101;Monleale;Alessandria;Vedi aggregazione: CONSORZIO SERVIZI RIFIUTI DEL NOVESE, TORTONESE, ACQUESE ED OVADESE;;;;;;;;;
01006102;Montacuto;Alessandria;Vedi aggregazione: CONSORZIO SERVIZI RIFIUTI DEL NOVESE, TORTONESE, ACQUESE ED OVADESE;;;;;;;;;
01006103;Montaldeo;Alessandria;Vedi aggregazione: CONSORZIO SERVIZI RIFIUTI DEL NOVESE, TORTONESE, ACQUESE ED OVADESE;;;;;;;;;
01006104;Montaldo Bormida;Alessandria;Vedi aggregazione: CONSORZIO SERVIZI RIFIUTI DEL NOVESE, TORTONESE, ACQUESE ED OVADESE;;;;;;;;;
01006105;Montecastello;Alessandria;Vedi aggregazione: CONSORZIO DI BACINO ALESSANDRINO;;;;;;;;;
01006106;Montechiaro d'Acqui;Alessandria;Vedi aggregazione: CONSORZIO SERVIZI RIFIUTI DEL NOVESE, TORTONESE, ACQUESE ED OVADESE;;;;;;;;;
01006107;Montegioco;Alessandria;Vedi aggregazione: CONSORZIO SERVIZI RIFIUTI DEL NOVESE, TORTONESE, ACQUESE ED OVADESE;;;;;;;;;
01006108;Montemarzino;Alessandria;Vedi aggregazione: CONSORZIO SERVIZI RIFIUTI DEL NOVESE, TORTONESE, ACQUESE ED OVADESE;;;;;;;;;
01006110;Morbello;Alessandria;Vedi aggregazione: CONSORZIO SERVIZI RIFIUTI DEL NOVESE, TORTONESE, ACQUESE ED OVADESE;;;;;;;;;
01006111;Mornese;Alessandria;Vedi aggregazione: CONSORZIO SERVIZI RIFIUTI DEL NOVESE, TORTONESE, ACQUESE ED OVADESE;;;;;;;;;
01006112;Morsasco;Alessandria;Vedi aggregazione: CONSORZIO SERVIZI RIFIUTI DEL NOVESE, TORTONESE, ACQUESE ED OVADESE;;;;;;;;;
01006114;Novi Ligure - Dato aggregazione CONSORZIO SERVIZI RIFIUTI DEL NOVESE, TORTONESE, ACQUESE ED OVADESE;Alessandria;115;199.636;27,90;25,54;51,68;18,05;18,20;37,31;25,96;205,25
01006119;Orsara Bormida;Alessandria;Vedi aggregazione: CONSORZIO SERVIZI RIFIUTI DEL NOVESE, TORTONESE, ACQUESE ED OVADESE;;;;;;;;;
01006121;Ovada;Alessandria;Vedi aggregazione: CONSORZIO SERVIZI RIFIUTI DEL NOVESE, TORTONESE, ACQUESE ED OVADESE;;;;;;;;;
01006122;Oviglio;Alessandria;Vedi aggregazione: CONSORZIO DI BACINO ALESSANDRINO;;;;;;;;;
01006124;Paderna;Alessandria;Vedi aggregazione: CONSORZIO SERVIZI RIFIUTI DEL NOVESE, TORTONESE, ACQUESE ED OVADESE;;;;;;;;;
01006125;Pareto;Alessandria;Vedi aggregazione: CONSORZIO SERVIZI RIFIUTI DEL NOVESE, TORTONESE, ACQUESE ED OVADESE;;;;;;;;;
01006126;Parodi Ligure;Alessandria;Vedi aggregazione: CONSORZIO SERVIZI RIFIUTI DEL NOVESE, TORTONESE, ACQUESE ED OVADESE;;;;;;;;;
01006127;Pasturana;Alessandria;Vedi aggregazione: CONSORZIO SERVIZI RIFIUTI DEL NOVESE, TORTONESE, ACQUESE ED OVADESE;;;;;;;;;
01006128;Pecetto di Valenza;Alessandria;Vedi aggregazione: CONSORZIO DI BACINO ALESSANDRINO;;;;;;;;;
01006129;Pietra Marazzi;Alessandria;Vedi aggregazione: CONSORZIO DI BACINO ALESSANDRINO;;;;;;;;;
01006132;Pontecurone;Alessandria;Vedi aggregazione: CONSORZIO SERVIZI RIFIUTI DEL NOVESE, TORTONESE, ACQUESE ED OVADESE;;;;;;;;;
01006134;Ponti;Alessandria;Vedi aggregazione: CONSORZIO SERVIZI RIFIUTI DEL NOVESE, TORTONESE, ACQUESE ED OVADESE;;;;;;;;;
01006136;Ponzone;Alessandria;Vedi aggregazione: CONSORZIO SERVIZI RIFIUTI DEL NOVESE, TORTONESE, ACQUESE ED OVADESE;;;;;;;;;
01006137;Pozzol Groppo;Alessandria;Vedi aggregazione: CONSORZIO SERVIZI RIFIUTI DEL NOVESE, TORTONESE, ACQUESE ED OVADESE;;;;;;;;;
01006138;Pozzolo Formigaro;Alessandria;Vedi aggregazione: CONSORZIO SERVIZI RIFIUTI DEL NOVESE, TORTONESE, ACQUESE ED OVADESE;;;;;;;;;
01006139;Prasco;Alessandria;Vedi aggregazione: CONSORZIO SERVIZI RIFIUTI DEL NOVESE, TORTONESE, ACQUESE ED OVADESE;;;;;;;;;
01006140;Predosa;Alessandria;Vedi aggregazione: CONSORZIO SERVIZI RIFIUTI DEL NOVESE, TORTONESE, ACQUESE ED OVADESE;;;;;;;;;
01006141;Quargnento;Alessandria;Vedi aggregazione: CONSORZIO DI BACINO ALESSANDRINO;;;;;;;;;
01006142;Quattordio;Alessandria;Vedi aggregazione: CONSORZIO DI BACINO ALESSANDRINO;;;;;;;;;
01006143;Ricaldone;Alessandria;Vedi aggregazione: CONSORZIO SERVIZI RIFIUTI DEL NOVESE, TORTONESE, ACQUESE ED OVADESE;;;;;;;;;
01006144;Rivalta Bormida;Alessandria;Vedi aggregazione: CONSORZIO SERVIZI RIFIUTI DEL NOVESE, TORTONESE, ACQUESE ED OVADESE;;;;;;;;;
01006145;Rivarone;Alessandria;Vedi aggregazione: CONSORZIO DI BACINO ALESSANDRINO;;;;;;;;;
01006147;Rocca Grimalda;Alessandria;Vedi aggregazione: CONSORZIO SERVIZI RIFIUTI DEL NOVESE, TORTONESE, ACQUESE ED OVADESE;;;;;;;;;
01006146;Roccaforte Ligure;Alessandria;Vedi aggregazione: CONSORZIO SERVIZI RIFIUTI DEL NOVESE, TORTONESE, ACQUESE ED OVADESE;;;;;;;;;
01006148;Rocchetta Ligure;Alessandria;Vedi aggregazione: CONSORZIO SERVIZI RIFIUTI DEL NOVESE, TORTONESE, ACQUESE ED OVADESE;;;;;;;;;
01006151;Sale;Alessandria;Vedi aggregazione: CONSORZIO SERVIZI RIFIUTI DEL NOVESE, TORTONESE, ACQUESE ED OVADESE;;;;;;;;;
01006152;San Cristoforo;Alessandria;Vedi aggregazione: CONSORZIO SERVIZI RIFIUTI DEL NOVESE, TORTONESE, ACQUESE ED OVADESE;;;;;;;;;
01006154;San Salvatore Monferrato;Alessandria;Vedi aggregazione: CONSORZIO DI BACINO ALESSANDRINO;;;;;;;;;
01006155;San Sebastiano Curone;Alessandria;Vedi aggregazione: CONSORZIO SERVIZI RIFIUTI DEL NOVESE, TORTONESE, ACQUESE ED OVADESE;;;;;;;;;
01006156;Sant'Agata Fossili;Alessandria;Vedi aggregazione: CONSORZIO SERVIZI RIFIUTI DEL NOVESE, TORTONESE, ACQUESE ED OVADESE;;;;;;;;;
01006157;Sardigliano;Alessandria;Vedi aggregazione: CONSORZIO SERVIZI RIFIUTI DEL NOVESE, TORTONESE, ACQUESE ED OVADESE;;;;;;;;;
01006158;Sarezzano;Alessandria;Vedi aggregazione: CONSORZIO SERVIZI RIFIUTI DEL NOVESE, TORTONESE, ACQUESE ED OVADESE;;;;;;;;;
01006160;Serravalle Scrivia;Alessandria;Vedi aggregazione: CONSORZIO SERVIZI RIFIUTI DEL NOVESE, TORTONESE, ACQUESE ED OVADESE;;;;;;;;;
01006161;Sezzadio;Alessandria;Vedi aggregazione: CONSORZIO DI BACINO ALESSANDRINO;;;;;;;;;
01006162;Silvano d'Orba;Alessandria;Vedi aggregazione: CONSORZIO SERVIZI RIFIUTI DEL NOVESE, TORTONESE, ACQUESE ED OVADESE;;;;;;;;;
01006163;Solero;Alessandria;Vedi aggregazione: CONSORZIO DI BACINO ALESSANDRINO;;;;;;;;;
01006165;Spigno Monferrato;Alessandria;Vedi aggregazione: CONSORZIO SERVIZI RIFIUTI DEL NOVESE, TORTONESE, ACQUESE ED OVADESE;;;;;;;;;
01006166;Spineto Scrivia;Alessandria;Vedi aggregazione: CONSORZIO SERVIZI RIFIUTI DEL NOVESE, TORTONESE, ACQUESE ED OVADESE;;;;;;;;;
01006167;Stazzano;Alessandria;Vedi aggregazione: CONSORZIO SERVIZI RIFIUTI DEL NOVESE, TORTONESE, ACQUESE ED OVADESE;;;;;;;;;
01006168;Strevi;Alessandria;Vedi aggregazione: CONSORZIO SERVIZI RIFIUTI DEL NOVESE, TORTONESE, ACQUESE ED OVADESE;;;;;;;;;
01006169;Tagliolo Monferrato;Alessandria;Vedi aggregazione: CONSORZIO SERVIZI RIFIUTI DEL NOVESE, TORTONESE, ACQUESE ED OVADESE;;;;;;;;;
01006170;Tassarolo;Alessandria;Vedi aggregazione: CONSORZIO SERVIZI RIFIUTI DEL NOVESE, TORTONESE, ACQUESE ED OVADESE;;;;;;;;;
01006172;Terzo;Alessandria;Vedi aggregazione: CONSORZIO SERVIZI RIFIUTI DEL NOVESE, TORTONESE, ACQUESE ED OVADESE;;;;;;;;;
01006174;Tortona;Alessandria;Vedi aggregazione: CONSORZIO SERVIZI RIFIUTI DEL NOVESE, TORTONESE, ACQUESE ED OVADESE;;;;;;;;;
01006176;Trisobbio;Alessandria;Vedi aggregazione: CONSORZIO SERVIZI RIFIUTI DEL NOVESE, TORTONESE, ACQUESE ED OVADESE;;;;;;;;;
01006177;Valenza;Alessandria;Vedi aggregazione: CONSORZIO DI BACINO ALESSANDRINO;;;;;;;;;
01006180;Vignole Borbera;Alessandria;Vedi aggregazione: CONSORZIO SERVIZI RIFIUTI DEL NOVESE, TORTONESE, ACQUESE ED OVADESE;;;;;;;;;
01006181;Viguzzolo;Alessandria;Vedi aggregazione: CONSORZIO SERVIZI RIFIUTI DEL NOVESE, TORTONESE, ACQUESE ED OVADESE;;;;;;;;;
01006183;Villalvernia;Alessandria;Vedi aggregazione: CONSORZIO SERVIZI RIFIUTI DEL NOVESE, TORTONESE, ACQUESE ED OVADESE;;;;;;;;;
01006186;Villaromagnano;Alessandria;Vedi aggregazione: CONSORZIO SERVIZI RIFIUTI DEL NOVESE, TORTONESE, ACQUESE ED OVADESE;;;;;;;;;
01006187;Visone;Alessandria;Vedi aggregazione: CONSORZIO SERVIZI RIFIUTI DEL NOVESE, TORTONESE, ACQUESE ED OVADESE;;;;;;;;;
01006188;Volpedo;Alessandria;Vedi aggregazione: CONSORZIO SERVIZI RIFIUTI DEL NOVESE, TORTONESE, ACQUESE ED OVADESE;;;;;;;;;
01006189;Volpeglino;Alessandria;Vedi aggregazione: CONSORZIO SERVIZI RIFIUTI DEL NOVESE, TORTONESE, ACQUESE ED OVADESE;;;;;;;;;
01006190;Voltaggio;Alessandria;Vedi aggregazione: CONSORZIO SERVIZI RIFIUTI DEL NOVESE, TORTONESE, ACQUESE ED OVADESE;;;;;;;;;
11042001;Agugliano;Ancona;1;4.696;6,19;10,13;47,71;14,20;16,17;12,38;7,75;118,99
11042002;Ancona;Ancona;1;98.664;25,37;27,00;39,21;14,82;25,68;45,81;23,53;201,42
11042004;Barbara;Ancona;1;1.267;17,71;15,95;48,70;13,36;7,84;23,61;3,72;133,45
11042005;Belvedere Ostrense;Ancona;1;2.101;13,80;13,97;46,69;13,38;7,37;20,28;6,47;124,85
11042006;Camerano;Ancona;1;7.108;9,29;8,55;43,33;16,98;15,31;20,78;7,93;126,39
11042007;Camerata Picena;Ancona;1;2.501;7,38;13,08;53,75;15,59;16,62;21,76;6,62;135,38
11042010;Castelfidardo;Ancona;1;18.458;9,98;8,87;45,30;18,43;9,14;22,18;12,84;131,11
11042011;Castelleone di Suasa;Ancona;1;1.587;75,22;2,94;4,08;12,93;18,52;4,18;;117,87
11042014;Chiaravalle;Ancona;1;14.266;8,25;10,21;44,21;17,83;18,63;26,07;13,19;145,18
11042016;Cupramontana;Ancona;1;4.397;25,47;17,08;38,73;24,48;22,50;24,17;8,92;166,56
11042018;Falconara Marittima;Ancona;1;25.637;30,50;23,78;43,67;15,20;40,87;56,71;15,65;229,82
11042019;Filottrano;Ancona;1;8.980;15,05;10,65;54,62;16,61;13,04;21,33;7,65;141,30
11042020;Genga;Ancona;1;1.662;21,31;27,52;64,53;9,96;33,35;22,36;13,34;197,76
11042021;Jesi;Ancona;1;39.183;13,10;28,93;41,15;21,58;33,76;5,63;5,68;149,83
11042022;Loreto;Ancona;Vedi aggregazione: COSMARI;;;;;;;;;
11042030;Monte San Vito;Ancona;1;6.710;10,22;9,11;52,87;16,82;10,25;29,22;16,41;149,53
11042026;Montecarotto;Ancona;1;1.850;21,95;18,87;35,06;26,70;19,07;28,58;12,05;167,54
11042027;Montemarciano;Ancona;1;9.844;11,78;11,83;56,27;19,76;15,21;21,78;6,80;146,50
11042032;Numana;Ancona;1;3.749;10,98;57,20;219,14;61,38;58,01;83,18;32,68;532,22
11042033;Offagna;Ancona;1;2.039;8,62;11,74;59,49;16,23;4,92;21,20;5,79;129,08
11042034;Osimo;Ancona;1;34.741;14,25;15,26;64,38;20,66;24,44;31,87;16,89;195,96
11042035;Ostra;Ancona;1;6.387;10,89;16,01;35,42;19,36;10,27;20,59;13,32;128,79
11042036;Ostra Vetere;Ancona;1;3.127;17,53;17,02;45,28;15,38;10,14;39,43;18,81;163,60
11042038;Polverigi;Ancona;1;4.584;6,65;10,91;49,15;12,82;19,95;13,04;9,46;132,10
11042043;Santa Maria Nuova;Ancona;1;3.976;6,87;10,94;50,43;13,89;14,92;16,57;3,86;118,37
11042044;Sassoferrato;Ancona;1;6.858;13,40;13,72;49,53;17,56;11,81;35,59;29,02;170,63
11042045;Senigallia;Ancona;1;44.088;14,21;19,61;69,13;20,43;41,00;22,49;10,95;197,83
11042046;Serra de' Conti;Ancona;1;3.593;5,40;11,08;40,83;10,33;9,29;21,44;13,77;121,84
11042047;Serra San Quirico;Ancona;1;2.559;26,77;26,10;42,63;22,59;28,54;23,81;8,03;192,96
11042048;Sirolo;Ancona;1;4.095;19,36;18,82;88,24;29,25;38,54;30,34;10,75;235,30
11042050;Trecastelli;Ancona;1;7.444;69,55;16,81;;14,23;1,28;4,70;;106,57
02007001;Allein;Aosta;Vedi aggregazione: CM3: Grand Combin;;;;;;;;;
02007002;Antey-Saint-Andre;Aosta;"Vedi aggregazione: SUB-ATO D ""EVANCON-MONT CERVIN""";;;;;;;;;
02007004;Arnad;Aosta;"Vedi aggregazione: SUB-ATO D ""EVANCON-MONT CERVIN""";;;;;;;;;
02007005;Arvier;Aosta;Vedi aggregazione: CM2: Grand Paradis;;;;;;;;;
02007006;Avise;Aosta;Vedi aggregazione: CM2: Grand Paradis;;;;;;;;;
02007007;Ayas;Aosta;"Vedi aggregazione: SUB-ATO D ""EVANCON-MONT CERVIN""";;;;;;;;;
02007008;Aymavilles;Aosta;Vedi aggregazione: CM2: Grand Paradis;;;;;;;;;
02007009;Bard;Aosta;Vedi aggregazione: CM7: Mont Rose;;;;;;;;;
02007010;Bionaz;Aosta;Vedi aggregazione: CM3: Grand Combin;;;;;;;;;
02007011;Brissogne;Aosta;Vedi aggregazione: CM4: Mont Emilius;;;;;;;;;
02007012;Brusson;Aosta;"Vedi aggregazione: SUB-ATO D ""EVANCON-MONT CERVIN""";;;;;;;;;
02007013;Challand-Saint-Anselme;Aosta;"Vedi aggregazione: SUB-ATO D ""EVANCON-MONT CERVIN""";;;;;;;;;
02007014;Challand-Saint-Victor;Aosta;"Vedi aggregazione: SUB-ATO D ""EVANCON-MONT CERVIN""";;;;;;;;;
02007015;Chambave;Aosta;"Vedi aggregazione: SUB-ATO D ""EVANCON-MONT CERVIN""";;;;;;;;;
02007016;Chamois;Aosta;"Vedi aggregazione: SUB-ATO D ""EVANCON-MONT CERVIN""";;;;;;;;;
02007017;Champdepraz;Aosta;"Vedi aggregazione: SUB-ATO D ""EVANCON-MONT CERVIN""";;;;;;;;;
02007018;Champorcher;Aosta;Vedi aggregazione: CM7: Mont Rose;;;;;;;;;
02007019;Charvensod;Aosta;Vedi aggregazione: CM4: Mont Emilius;;;;;;;;;
02007020;"Chatillon - Dato aggregazione SUB-ATO D ""EVANCON-MONT CERVIN""";Aosta;21;27.243;21,88;24,36;44,96;20,83;7,65;32,00;58,16;209,83
02007021;Cogne;Aosta;Vedi aggregazione: CM2: Grand Paradis;;;;;;;;;
02007022;Courmayeur;Aosta;Vedi aggregazione: CM1: Valdigne - Mont Blanc;;;;;;;;;
02007023;Donnas;Aosta;Vedi aggregazione: CM7: Mont Rose;;;;;;;;;
02007024;Doues;Aosta;Vedi aggregazione: CM3: Grand Combin;;;;;;;;;
02007025;Emarese;Aosta;"Vedi aggregazione: SUB-ATO D ""EVANCON-MONT CERVIN""";;;;;;;;;
02007026;Etroubles;Aosta;Vedi aggregazione: CM3: Grand Combin;;;;;;;;;
02007027;Fenis;Aosta;Vedi aggregazione: CM4: Mont Emilius;;;;;;;;;
02007028;Fontainemore;Aosta;Vedi aggregazione: CM7: Mont Rose;;;;;;;;;
02007029;Gaby;Aosta;Vedi aggregazione: UNITE' DES COMMUNES VALDOTAINES WALSER;;;;;;;;;
02007030;Gignod - Dato aggregazione CM3: Grand Combin;Aosta;11;5.586;5,79;7,91;52,23;18,16;8,03;24,05;74,29;193,11
02007031;Gressan;Aosta;Vedi aggregazione: CM4: Mont Emilius;;;;;;;;;
02007032;Gressoney-La-Trinite;Aosta;Vedi aggregazione: UNITE' DES COMMUNES VALDOTAINES WALSER;;;;;;;;;
02007033;Gressoney-Saint-Jean;Aosta;Vedi aggregazione: UNITE' DES COMMUNES VALDOTAINES WALSER;;;;;;;;;
02007034;Hone;Aosta;Vedi aggregazione: CM7: Mont Rose;;;;;;;;;
02007035;Introd;Aosta;Vedi aggregazione: CM2: Grand Paradis;;;;;;;;;
02007036;Issime - Dato aggregazione UNITE' DES COMMUNES VALDOTAINES WALSER;Aosta;4;1.926;38,04;20,73;88,58;42,37;8,90;34,83;34,53;277,20
02007037;Issogne;Aosta;"Vedi aggregazione: SUB-ATO D ""EVANCON-MONT CERVIN""";;;;;;;;;
02007038;Jovencan;Aosta;Vedi aggregazione: CM4: Mont Emilius;;;;;;;;;
02007039;La Magdeleine;Aosta;"Vedi aggregazione: SUB-ATO D ""EVANCON-MONT CERVIN""";;;;;;;;;
02007040;La Salle - Dato aggregazione CM1: Valdigne - Mont Blanc;Aosta;5;8.522;60,72;103,97;74,82;33,25;37,75;57,10;45,96;412,84
02007041;La Thuile;Aosta;Vedi aggregazione: CM1: Valdigne - Mont Blanc;;;;;;;;;
02007042;Lillianes;Aosta;Vedi aggregazione: CM7: Mont Rose;;;;;;;;;
02007043;Montjovet;Aosta;"Vedi aggregazione: SUB-ATO D ""EVANCON-MONT CERVIN""";;;;;;;;;
02007044;Morgex;Aosta;Vedi aggregazione: CM1: Valdigne - Mont Blanc;;;;;;;;;
02007045;Nus;Aosta;Vedi aggregazione: CM4: Mont Emilius;;;;;;;;;
02007046;Ollomont;Aosta;Vedi aggregazione: CM3: Grand Combin;;;;;;;;;
02007047;Oyace;Aosta;Vedi aggregazione: CM3: Grand Combin;;;;;;;;;
02007048;Perloz;Aosta;Vedi aggregazione: CM7: Mont Rose;;;;;;;;;
02007049;Pollein;Aosta;Vedi aggregazione: CM4: Mont Emilius;;;;;;;;;
02007050;Pontboset;Aosta;Vedi aggregazione: CM7: Mont Rose;;;;;;;;;
02007051;Pontey;Aosta;"Vedi aggregazione: SUB-ATO D ""EVANCON-MONT CERVIN""";;;;;;;;;
02007052;Pont-Saint-Martin - Dato aggregazione CM7: Mont Rose;Aosta;9;9.033;18,78;18,44;75,24;20,38;9,18;17,03;6,26;175,67
02007053;Pre-Saint-Didier;Aosta;Vedi aggregazione: CM1: Valdigne - Mont Blanc;;;;;;;;;
02007054;Quart - Dato aggregazione CM4: Mont Emilius;Aosta;10;22.588;10,46;34,14;41,96;22,96;9,42;25,19;51,30;200,12
02007055;Rhemes-Notre-Dame;Aosta;Vedi aggregazione: CM2: Grand Paradis;;;;;;;;;
02007056;Rhemes-Saint-Georges;Aosta;Vedi aggregazione: CM2: Grand Paradis;;;;;;;;;
02007057;Roisan;Aosta;Vedi aggregazione: CM3: Grand Combin;;;;;;;;;
02007058;Saint-Christophe;Aosta;Vedi aggregazione: CM4: Mont Emilius;;;;;;;;;
02007059;Saint-Denis;Aosta;"Vedi aggregazione: SUB-ATO D ""EVANCON-MONT CERVIN""";;;;;;;;;
02007060;Saint-Marcel;Aosta;Vedi aggregazione: CM4: Mont Emilius;;;;;;;;;
02007061;Saint-Nicolas;Aosta;Vedi aggregazione: CM2: Grand Paradis;;;;;;;;;
02007062;Saint-Oyen;Aosta;Vedi aggregazione: CM3: Grand Combin;;;;;;;;;
02007063;Saint-Pierre;Aosta;Vedi aggregazione: CM2: Grand Paradis;;;;;;;;;
02007064;Saint-Rhemy-en-Bosses;Aosta;Vedi aggregazione: CM3: Grand Combin;;;;;;;;;
02007065;Saint-Vincent;Aosta;"Vedi aggregazione: SUB-ATO D ""EVANCON-MONT CERVIN""";;;;;;;;;
02007066;Sarre;Aosta;Vedi aggregazione: CM2: Grand Paradis;;;;;;;;;
02007067;Torgnon;Aosta;"Vedi aggregazione: SUB-ATO D ""EVANCON-MONT CERVIN""";;;;;;;;;
02007068;Valgrisenche;Aosta;Vedi aggregazione: CM2: Grand Paradis;;;;;;;;;
02007069;Valpelline;Aosta;Vedi aggregazione: CM3: Grand Combin;;;;;;;;;
02007070;Valsavarenche;Aosta;Vedi aggregazione: CM2: Grand Paradis;;;;;;;;;
02007071;Valtournenche;Aosta;"Vedi aggregazione: SUB-ATO D ""EVANCON-MONT CERVIN""";;;;;;;;;
02007072;Verrayes;Aosta;"Vedi aggregazione: SUB-ATO D ""EVANCON-MONT CERVIN""";;;;;;;;;
02007073;Verres;Aosta;"Vedi aggregazione: SUB-ATO D ""EVANCON-MONT CERVIN""";;;;;;;;;
02007074;Villeneuve - Dato aggregazione CM2: Grand Paradis;Aosta;13;15.384;20,64;31,19;35,02;16,64;9,47;21,13;20,19;154,28
09051001;Anghiari;Arezzo;1;5.396;19,66;28,59;20,20;35,94;30,29;23,83;5,73;166,01
09051002;Arezzo;Arezzo;1;96.672;21,67;26,06;30,96;52,27;28,83;15,40;30,05;205,24
09051003;Badia Tedalda;Arezzo;1;973;48,54;34,13;22,35;43,19;5,14;24,29;5,70;183,34
09051004;Bibbiena;Arezzo;1;11.811;25,29;32,68;16,31;40,40;30,08;12,93;9,34;167,04
09051007;Caprese Michelangelo;Arezzo;1;1.350;89,22;62,96;9,49;;;16,56;19,95;198,17
09051008;Castel Focognano;Arezzo;1;2.954;31,61;33,40;16,77;38,53;44,06;17,30;6,37;188,03
09051010;Castel San Niccolo;Arezzo;1;2.505;37,91;39,11;28,76;46,36;31,08;25,82;10,65;219,70
09051040;Castelfranco Piandisco;Arezzo;1;9.839;23,03;12,61;57,29;33,46;10,06;24,02;13,66;174,13
09051013;Cavriglia;Arezzo;1;9.446;16,59;24,35;19,45;45,69;17,64;12,90;4,50;141,13
09051014;Chitignano;Arezzo;1;866;28,67;39,77;11,81;49,00;36,50;19,38;16,21;201,33
09051015;Chiusi della Verna;Arezzo;1;1.892;45,73;52,38;31,72;74,11;53,82;30,42;13,37;302,92
09051016;Civitella in Val di Chiana;Arezzo;1;8.824;20,03;13,31;49,85;47,48;23,17;22,69;18,82;195,37
09051017;Cortona;Arezzo;1;21.299;23,02;22,34;52,97;42,71;16,37;28,75;18,24;204,40
09051018;Foiano della Chiana;Arezzo;1;9.105;17,23;39,29;40,41;54,57;33,61;22,56;24,42;232,09
09051042;Laterina Pergine Valdarno;Arezzo;1;6.442;21,13;28,80;38,29;53,45;14,21;20,01;15,24;191,14
09051020;Loro Ciuffenna;Arezzo;1;5.839;27,75;27,72;36,74;59,14;14,92;21,90;33,10;221,28
09051021;Lucignano;Arezzo;1;3.383;18,19;13,20;63,55;33,23;33,31;29,14;13,32;203,93
09051022;Marciano della Chiana;Arezzo;1;3.452;18,21;15,48;57,00;40,86;35,72;18,75;13,31;199,32
09051023;Montemignaio;Arezzo;1;522;43,31;39,89;41,93;57,72;32,90;65,74;18,70;300,18
09051026;Montevarchi;Arezzo;1;24.058;20,61;22,38;35,77;52,52;22,46;20,06;19,98;193,79
09051027;Ortignano Raggiolo;Arezzo;1;848;27,19;28,38;27,61;35,07;30,31;34,12;10,07;192,75
09051030;Pieve Santo Stefano;Arezzo;1;2.985;25,13;28,57;28,76;49,59;24,11;31,78;19,19;207,13
09051041;Pratovecchio Stia;Arezzo;1;5.421;23,60;33,97;17,47;42,57;36,78;29,23;5,93;189,55
09051035;Sestino;Arezzo;1;1.216;30,83;49,05;11,38;;15,46;33,90;4,16;144,79
09051037;Subbiano;Arezzo;1;6.252;20,90;10,65;51,00;47,73;15,57;21,77;18,96;186,58
09051038;Talla;Arezzo;1;969;28,65;30,17;30,73;38,09;51,96;28,88;10,27;218,75
09051039;Terranuova Bracciolini;Arezzo;1;12.010;25,79;20,97;59,34;43,74;30,99;45,00;17,69;243,52
11044001;Acquasanta Terme - Dato aggregazione UNIONE MONTANA DEL TRONTO E VALFLUVIONE;Ascoli Piceno;8;12.210;13,24;17,36;41,16;15,87;5,96;19,51;28,73;153,61
11044002;Acquaviva Picena;Ascoli Piceno;1;3.668;14,78;15,00;30,53;21,07;28,21;17,43;30,76;159,84
11044005;Appignano del Tronto;Ascoli Piceno;Vedi aggregazione: UNIONE MONTANA DEL TRONTO E VALFLUVIONE;;;;;;;;;
11044006;Arquata del Tronto;Ascoli Piceno;Vedi aggregazione: UNIONE MONTANA DEL TRONTO E VALFLUVIONE;;;;;;;;;
11044007;Ascoli Piceno;Ascoli Piceno;1;46.079;15,74;16,08;54,89;;67,94;34,56;15,53;217,80
11044010;Carassai;Ascoli Piceno;1;977;13,45;21,81;43,09;16,62;15,85;22,07;31,07;190,40
11044011;Castel di Lama;Ascoli Piceno;1;8.397;10,72;21,44;42,87;;3,57;5,24;;83,84
11044012;Castignano;Ascoli Piceno;Vedi aggregazione: UNIONE MONTANA DEL TRONTO E VALFLUVIONE;;;;;;;;;
11044013;Castorano;Ascoli Piceno;1;2.266;10,06;9,08;35,62;16,46;1,25;16,33;29,28;137,42
11044014;Colli del Tronto;Ascoli Piceno;1;3.618;9,62;9,11;28,00;30,74;3,11;13,49;31,64;138,72
11044015;Comunanza;Ascoli Piceno;1;2.941;;18,66;0,38;5,34;10,26;7,65;35,09;97,14
11044016;Cossignano;Ascoli Piceno;1;860;20,86;9,03;32,83;19,62;2,83;45,74;30,20;162,59
11044017;Cupra Marittima;Ascoli Piceno;1;5.405;15,77;19,31;60,86;32,99;27,00;23,04;46,60;236,82
11044020;Folignano;Ascoli Piceno;1;8.857;9,08;5,20;29,39;14,09;1,62;17,78;14,22;96,21
11044021;Force;Ascoli Piceno;1;1.154;10,27;21,18;17,39;;26,14;42,71;;117,68
11044023;Grottammare;Ascoli Piceno;1;15.901;13,25;32,59;42,30;28,27;39,68;26,75;44,73;227,30
11044027;Maltignano;Ascoli Piceno;1;2.267;13,40;12,69;33,25;20,70;4,18;20,80;33,23;140,83
11044029;Massignano;Ascoli Piceno;1;1.640;16,87;20,52;39,60;18,21;2,62;12,39;33,24;174,34
11044031;Monsampolo del Tronto;Ascoli Piceno;1;4.425;11,91;15,25;36,71;21,03;15,79;16,54;34,72;153,35
11044032;Montalto delle Marche;Ascoli Piceno;1;1.938;23,47;14,72;35,81;;22,01;29,36;7,32;146,05
11044034;Montedinove;Ascoli Piceno;1;477;15,62;11,10;35,24;16,23;17,84;23,51;41,75;193,75
11044036;Montefiore dell'Aso;Ascoli Piceno;1;1.979;;13,39;;5,15;11,06;3,12;4,44;42,83
11044038;Montegallo;Ascoli Piceno;Vedi aggregazione: UNIONE MONTANA DEL TRONTO E VALFLUVIONE;;;;;;;;;
11044044;Montemonaco;Ascoli Piceno;1;528;47,13;37,70;50,02;16,91;11,52;29,73;46,84;293,70
11044054;Offida;Ascoli Piceno;1;4.713;9,38;21,02;38,64;28,25;25,61;29,53;31,44;208,45
11044056;Palmiano;Ascoli Piceno;Vedi aggregazione: UNIONE MONTANA DEL TRONTO E VALFLUVIONE;;;;;;;;;
11044063;Ripatransone;Ascoli Piceno;1;4.047;17,70;12,91;59,09;24,32;12,49;29,35;46,34;214,60
11044064;Roccafluvione;Ascoli Piceno;Vedi aggregazione: UNIONE MONTANA DEL TRONTO E VALFLUVIONE;;;;;;;;;
11044065;Rotella;Ascoli Piceno;1;815;7,95;10,67;37,61;15,43;15,95;39,78;32,04;159,96
11044066;San Benedetto del Tronto;Ascoli Piceno;1;47.040;22,63;26,98;53,94;26,68;38,17;31,36;48,43;247,73
11044071;Spinetoli;Ascoli Piceno;1;7.234;7,16;11,61;39,72;22,15;12,65;12,85;37,82;145,06
11044073;Venarotta;Ascoli Piceno;Vedi aggregazione: UNIONE MONTANA DEL TRONTO E VALFLUVIONE;;;;;;;;;
01005001;Agliano Terme;Asti;Vedi aggregazione: CONSORZIO DI BACINO DEI RIFIUTI DELL'ASTIGIANO;;;;;;;;;
01005002;Albugnano;Asti;Vedi aggregazione: CONSORZIO DI BACINO DEI RIFIUTI DELL'ASTIGIANO;;;;;;;;;
01005003;Antignano;Asti;Vedi aggregazione: CONSORZIO DI BACINO DEI RIFIUTI DELL'ASTIGIANO;;;;;;;;;
01005004;Aramengo;Asti;Vedi aggregazione: CONSORZIO DI BACINO DEI RIFIUTI DELL'ASTIGIANO;;;;;;;;;
01005005;Asti - Dato aggregazione CONSORZIO DI BACINO DEI RIFIUTI DELL'ASTIGIANO;Asti;115;204.120;18,83;34,35;44,53;11,96;18,45;31,82;15,90;175,83
01005006;Azzano d'Asti;Asti;Vedi aggregazione: CONSORZIO DI BACINO DEI RIFIUTI DELL'ASTIGIANO;;;;;;;;;
01005007;Baldichieri d'Asti;Asti;Vedi aggregazione: CONSORZIO DI BACINO DEI RIFIUTI DELL'ASTIGIANO;;;;;;;;;
01005008;Belveglio;Asti;Vedi aggregazione: CONSORZIO DI BACINO DEI RIFIUTI DELL'ASTIGIANO;;;;;;;;;
01005009;Berzano di San Pietro;Asti;Vedi aggregazione: CONSORZIO DI BACINO DEI RIFIUTI DELL'ASTIGIANO;;;;;;;;;
01005010;Bruno;Asti;Vedi aggregazione: CONSORZIO DI BACINO DEI RIFIUTI DELL'ASTIGIANO;;;;;;;;;
01005011;Bubbio;Asti;Vedi aggregazione: CONSORZIO DI BACINO DEI RIFIUTI DELL'ASTIGIANO;;;;;;;;;
01005012;Buttigliera d'Asti;Asti;Vedi aggregazione: CONSORZIO DI BACINO DEI RIFIUTI DELL'ASTIGIANO;;;;;;;;;
01005013;Calamandrana;Asti;Vedi aggregazione: CONSORZIO DI BACINO DEI RIFIUTI DELL'ASTIGIANO;;;;;;;;;
01005014;Calliano;Asti;Vedi aggregazione: CONSORZIO DI BACINO DEI RIFIUTI DELL'ASTIGIANO;;;;;;;;;
01005015;Calosso;Asti;Vedi aggregazione: CONSORZIO DI BACINO DEI RIFIUTI DELL'ASTIGIANO;;;;;;;;;
01005016;Camerano Casasco;Asti;Vedi aggregazione: CONSORZIO DI BACINO DEI RIFIUTI DELL'ASTIGIANO;;;;;;;;;
01005017;Canelli;Asti;Vedi aggregazione: CONSORZIO DI BACINO DEI RIFIUTI DELL'ASTIGIANO;;;;;;;;;
01005018;Cantarana;Asti;Vedi aggregazione: CONSORZIO DI BACINO DEI RIFIUTI DELL'ASTIGIANO;;;;;;;;;
01005019;Capriglio;Asti;Vedi aggregazione: CONSORZIO DI BACINO DEI RIFIUTI DELL'ASTIGIANO;;;;;;;;;
01005020;Casorzo;Asti;Vedi aggregazione: CONSORZIO DI BACINO DEI RIFIUTI DELL'ASTIGIANO;;;;;;;;;
01005021;Cassinasco;Asti;Vedi aggregazione: CONSORZIO DI BACINO DEI RIFIUTI DELL'ASTIGIANO;;;;;;;;;
01005022;Castagnole delle Lanze;Asti;Vedi aggregazione: CONSORZIO DI BACINO DEI RIFIUTI DELL'ASTIGIANO;;;;;;;;;
01005023;Castagnole Monferrato;Asti;Vedi aggregazione: CONSORZIO DI BACINO DEI RIFIUTI DELL'ASTIGIANO;;;;;;;;;
01005024;Castel Boglione;Asti;Vedi aggregazione: CONSORZIO DI BACINO DEI RIFIUTI DELL'ASTIGIANO;;;;;;;;;
01005032;Castel Rocchero;Asti;Vedi aggregazione: CONSORZIO DI BACINO DEI RIFIUTI DELL'ASTIGIANO;;;;;;;;;
01005025;Castell'Alfero;Asti;Vedi aggregazione: CONSORZIO DI BACINO DEI RIFIUTI DELL'ASTIGIANO;;;;;;;;;
01005026;Castellero;Asti;Vedi aggregazione: CONSORZIO DI BACINO DEI RIFIUTI DELL'ASTIGIANO;;;;;;;;;
01005027;Castelletto Molina;Asti;Vedi aggregazione: CONSORZIO DI BACINO DEI RIFIUTI DELL'ASTIGIANO;;;;;;;;;
01005028;Castello di Annone;Asti;Vedi aggregazione: CONSORZIO DI BACINO DEI RIFIUTI DELL'ASTIGIANO;;;;;;;;;
01005029;Castelnuovo Belbo;Asti;Vedi aggregazione: CONSORZIO DI BACINO DEI RIFIUTI DELL'ASTIGIANO;;;;;;;;;
01005030;Castelnuovo Calcea;Asti;Vedi aggregazione: CONSORZIO DI BACINO DEI RIFIUTI DELL'ASTIGIANO;;;;;;;;;
01005031;Castelnuovo Don Bosco;Asti;Vedi aggregazione: CONSORZIO DI BACINO DEI RIFIUTI DELL'ASTIGIANO;;;;;;;;;
01005033;Cellarengo;Asti;Vedi aggregazione: CONSORZIO DI BACINO DEI RIFIUTI DELL'ASTIGIANO;;;;;;;;;
01005034;Celle Enomondo;Asti;Vedi aggregazione: CONSORZIO DI BACINO DEI RIFIUTI DELL'ASTIGIANO;;;;;;;;;
01005035;Cerreto d'Asti;Asti;Vedi aggregazione: CONSORZIO DI BACINO DEI RIFIUTI DELL'ASTIGIANO;;;;;;;;;
01005036;Cerro Tanaro;Asti;Vedi aggregazione: CONSORZIO DI BACINO DEI RIFIUTI DELL'ASTIGIANO;;;;;;;;;
01005037;Cessole;Asti;Vedi aggregazione: CONSORZIO DI BACINO DEI RIFIUTI DELL'ASTIGIANO;;;;;;;;;
01005038;Chiusano d'Asti;Asti;Vedi aggregazione: CONSORZIO DI BACINO DEI RIFIUTI DELL'ASTIGIANO;;;;;;;;;
01005039;Cinaglio;Asti;Vedi aggregazione: CONSORZIO DI BACINO DEI RIFIUTI DELL'ASTIGIANO;;;;;;;;;
01005040;Cisterna d'Asti;Asti;Vedi aggregazione: CONSORZIO DI BACINO DEI RIFIUTI DELL'ASTIGIANO;;;;;;;;;
01005041;Coazzolo;Asti;Vedi aggregazione: CONSORZIO DI BACINO DEI RIFIUTI DELL'ASTIGIANO;;;;;;;;;
01005042;Cocconato;Asti;Vedi aggregazione: CONSORZIO DI BACINO DEI RIFIUTI DELL'ASTIGIANO;;;;;;;;;
01005044;Corsione;Asti;Vedi aggregazione: CONSORZIO DI BACINO DEI RIFIUTI DELL'ASTIGIANO;;;;;;;;;
01005045;Cortandone;Asti;Vedi aggregazione: CONSORZIO DI BACINO DEI RIFIUTI DELL'ASTIGIANO;;;;;;;;;
01005046;Cortanze;Asti;Vedi aggregazione: CONSORZIO DI BACINO DEI RIFIUTI DELL'ASTIGIANO;;;;;;;;;
01005047;Cortazzone;Asti;Vedi aggregazione: CONSORZIO DI BACINO DEI RIFIUTI DELL'ASTIGIANO;;;;;;;;;
01005048;Cortiglione;Asti;Vedi aggregazione: CONSORZIO DI BACINO DEI RIFIUTI DELL'ASTIGIANO;;;;;;;;;
01005049;Cossombrato;Asti;Vedi aggregazione: CONSORZIO DI BACINO DEI RIFIUTI DELL'ASTIGIANO;;;;;;;;;
01005050;Costigliole d'Asti;Asti;Vedi aggregazione: CONSORZIO DI BACINO DEI RIFIUTI DELL'ASTIGIANO;;;;;;;;;
01005051;Cunico;Asti;Vedi aggregazione: CONSORZIO DI BACINO DEI RIFIUTI DELL'ASTIGIANO;;;;;;;;;
01005052;Dusino San Michele;Asti;Vedi aggregazione: CONSORZIO DI BACINO DEI RIFIUTI DELL'ASTIGIANO;;;;;;;;;
01005053;Ferrere;Asti;Vedi aggregazione: CONSORZIO DI BACINO DEI RIFIUTI DELL'ASTIGIANO;;;;;;;;;
01005054;Fontanile;Asti;Vedi aggregazione: CONSORZIO DI BACINO DEI RIFIUTI DELL'ASTIGIANO;;;;;;;;;
01005055;Frinco;Asti;Vedi aggregazione: CONSORZIO DI BACINO DEI RIFIUTI DELL'ASTIGIANO;;;;;;;;;
01005056;Grana;Asti;Vedi aggregazione: CONSORZIO DI BACINO DEI RIFIUTI DELL'ASTIGIANO;;;;;;;;;
01005057;Grazzano Badoglio;Asti;Vedi aggregazione: CONSORZIO DI BACINO DEI RIFIUTI DELL'ASTIGIANO;;;;;;;;;
01005058;Incisa Scapaccino;Asti;Vedi aggregazione: CONSORZIO DI BACINO DEI RIFIUTI DELL'ASTIGIANO;;;;;;;;;
01005059;Isola d'Asti;Asti;Vedi aggregazione: CONSORZIO DI BACINO DEI RIFIUTI DELL'ASTIGIANO;;;;;;;;;
01005060;Loazzolo;Asti;Vedi aggregazione: CONSORZIO DI BACINO DEI RIFIUTI DELL'ASTIGIANO;;;;;;;;;
01005061;Maranzana;Asti;Vedi aggregazione: CONSORZIO DI BACINO DEI RIFIUTI DELL'ASTIGIANO;;;;;;;;;
01005062;Maretto;Asti;Vedi aggregazione: CONSORZIO DI BACINO DEI RIFIUTI DELL'ASTIGIANO;;;;;;;;;
01005063;Moasca;Asti;Vedi aggregazione: CONSORZIO DI BACINO DEI RIFIUTI DELL'ASTIGIANO;;;;;;;;;
01005064;Mombaldone;Asti;Vedi aggregazione: CONSORZIO SERVIZI RIFIUTI DEL NOVESE, TORTONESE, ACQUESE ED OVADESE;;;;;;;;;
01005065;Mombaruzzo;Asti;Vedi aggregazione: CONSORZIO DI BACINO DEI RIFIUTI DELL'ASTIGIANO;;;;;;;;;
01005066;Mombercelli;Asti;Vedi aggregazione: CONSORZIO DI BACINO DEI RIFIUTI DELL'ASTIGIANO;;;;;;;;;
01005067;Monale;Asti;Vedi aggregazione: CONSORZIO DI BACINO DEI RIFIUTI DELL'ASTIGIANO;;;;;;;;;
01005068;Monastero Bormida;Asti;Vedi aggregazione: CONSORZIO DI BACINO DEI RIFIUTI DELL'ASTIGIANO;;;;;;;;;
01005069;Moncalvo;Asti;1;2.745;19,39;23,36;48,66;15,15;17,51;32,51;20,82;181,08
01005070;Moncucco Torinese;Asti;Vedi aggregazione: CONSORZIO CHIERESE PER I SERVIZI;;;;;;;;;
01005071;Mongardino;Asti;Vedi aggregazione: CONSORZIO DI BACINO DEI RIFIUTI DELL'ASTIGIANO;;;;;;;;;
01005072;Montabone;Asti;Vedi aggregazione: CONSORZIO DI BACINO DEI RIFIUTI DELL'ASTIGIANO;;;;;;;;;
01005073;Montafia;Asti;Vedi aggregazione: CONSORZIO DI BACINO DEI RIFIUTI DELL'ASTIGIANO;;;;;;;;;
01005074;Montaldo Scarampi;Asti;Vedi aggregazione: CONSORZIO DI BACINO DEI RIFIUTI DELL'ASTIGIANO;;;;;;;;;
01005075;Montechiaro d'Asti;Asti;Vedi aggregazione: CONSORZIO DI BACINO DEI RIFIUTI DELL'ASTIGIANO;;;;;;;;;
01005076;Montegrosso d'Asti;Asti;Vedi aggregazione: CONSORZIO DI BACINO DEI RIFIUTI DELL'ASTIGIANO;;;;;;;;;
01005077;Montemagno;Asti;Vedi aggregazione: CONSORZIO DI BACINO DEI RIFIUTI DELL'ASTIGIANO;;;;;;;;;
01005121;Montiglio Monferrato;Asti;Vedi aggregazione: CONSORZIO DI BACINO DEI RIFIUTI DELL'ASTIGIANO;;;;;;;;;
01005079;Moransengo;Asti;Vedi aggregazione: CONSORZIO DI BACINO DEI RIFIUTI DELL'ASTIGIANO;;;;;;;;;
01005080;Nizza Monferrato;Asti;Vedi aggregazione: CONSORZIO DI BACINO DEI RIFIUTI DELL'ASTIGIANO;;;;;;;;;
01005081;Olmo Gentile;Asti;Vedi aggregazione: CONSORZIO DI BACINO DEI RIFIUTI DELL'ASTIGIANO;;;;;;;;;
01005082;Passerano Marmorito;Asti;Vedi aggregazione: CONSORZIO DI BACINO DEI RIFIUTI DELL'ASTIGIANO;;;;;;;;;
01005083;Penango;Asti;Vedi aggregazione: CONSORZIO DI BACINO DEI RIFIUTI DELL'ASTIGIANO;;;;;;;;;
01005084;Piea;Asti;Vedi aggregazione: CONSORZIO DI BACINO DEI RIFIUTI DELL'ASTIGIANO;;;;;;;;;
01005085;Pino d'Asti;Asti;Vedi aggregazione: CONSORZIO DI BACINO DEI RIFIUTI DELL'ASTIGIANO;;;;;;;;;
01005086;Piova  Massaia;Asti;Vedi aggregazione: CONSORZIO DI BACINO DEI RIFIUTI DELL'ASTIGIANO;;;;;;;;;
01005087;Portacomaro;Asti;Vedi aggregazione: CONSORZIO DI BACINO DEI RIFIUTI DELL'ASTIGIANO;;;;;;;;;
01005088;Quaranti;Asti;Vedi aggregazione: CONSORZIO DI BACINO DEI RIFIUTI DELL'ASTIGIANO;;;;;;;;;
01005089;Refrancore;Asti;Vedi aggregazione: CONSORZIO DI BACINO DEI RIFIUTI DELL'ASTIGIANO;;;;;;;;;
01005090;Revigliasco d'Asti;Asti;Vedi aggregazione: CONSORZIO DI BACINO DEI RIFIUTI DELL'ASTIGIANO;;;;;;;;;
01005091;Roatto;Asti;Vedi aggregazione: CONSORZIO DI BACINO DEI RIFIUTI DELL'ASTIGIANO;;;;;;;;;
01005092;Robella;Asti;Vedi aggregazione: CONSORZIO DI BACINO DEI RIFIUTI DELL'ASTIGIANO;;;;;;;;;
01005093;Rocca d'Arazzo;Asti;Vedi aggregazione: CONSORZIO DI BACINO DEI RIFIUTI DELL'ASTIGIANO;;;;;;;;;
01005094;Roccaverano;Asti;Vedi aggregazione: CONSORZIO DI BACINO DEI RIFIUTI DELL'ASTIGIANO;;;;;;;;;
01005095;Rocchetta Palafea;Asti;Vedi aggregazione: CONSORZIO DI BACINO DEI RIFIUTI DELL'ASTIGIANO;;;;;;;;;
01005096;Rocchetta Tanaro;Asti;Vedi aggregazione: CONSORZIO DI BACINO DEI RIFIUTI DELL'ASTIGIANO;;;;;;;;;
01005097;San Damiano d'Asti;Asti;Vedi aggregazione: CONSORZIO DI BACINO DEI RIFIUTI DELL'ASTIGIANO;;;;;;;;;
01005098;San Giorgio Scarampi;Asti;Vedi aggregazione: CONSORZIO DI BACINO DEI RIFIUTI DELL'ASTIGIANO;;;;;;;;;
01005099;San Martino Alfieri;Asti;Vedi aggregazione: CONSORZIO DI BACINO DEI RIFIUTI DELL'ASTIGIANO;;;;;;;;;
01005100;San Marzano Oliveto;Asti;Vedi aggregazione: CONSORZIO DI BACINO DEI RIFIUTI DELL'ASTIGIANO;;;;;;;;;
01005101;San Paolo Solbrito;Asti;Vedi aggregazione: CONSORZIO DI BACINO DEI RIFIUTI DELL'ASTIGIANO;;;;;;;;;
01005103;Scurzolengo;Asti;Vedi aggregazione: CONSORZIO DI BACINO DEI RIFIUTI DELL'ASTIGIANO;;;;;;;;;
01005104;Serole;Asti;Vedi aggregazione: CONSORZIO DI BACINO DEI RIFIUTI DELL'ASTIGIANO;;;;;;;;;
01005105;Sessame;Asti;Vedi aggregazione: CONSORZIO DI BACINO DEI RIFIUTI DELL'ASTIGIANO;;;;;;;;;
01005106;Settime;Asti;Vedi aggregazione: CONSORZIO DI BACINO DEI RIFIUTI DELL'ASTIGIANO;;;;;;;;;
01005107;Soglio;Asti;Vedi aggregazione: CONSORZIO DI BACINO DEI RIFIUTI DELL'ASTIGIANO;;;;;;;;;
01005108;Tigliole;Asti;Vedi aggregazione: CONSORZIO DI BACINO DEI RIFIUTI DELL'ASTIGIANO;;;;;;;;;
01005109;Tonco;Asti;Vedi aggregazione: CONSORZIO DI BACINO DEI RIFIUTI DELL'ASTIGIANO;;;;;;;;;
01005110;Tonengo;Asti;Vedi aggregazione: CONSORZIO DI BACINO DEI RIFIUTI DELL'ASTIGIANO;;;;;;;;;
01005111;Vaglio Serra;Asti;Vedi aggregazione: CONSORZIO DI BACINO DEI RIFIUTI DELL'ASTIGIANO;;;;;;;;;
01005112;Valfenera;Asti;Vedi aggregazione: CONSORZIO DI BACINO DEI RIFIUTI DELL'ASTIGIANO;;;;;;;;;
01005113;Vesime;Asti;Vedi aggregazione: CONSORZIO DI BACINO DEI RIFIUTI DELL'ASTIGIANO;;;;;;;;;
01005114;Viale;Asti;Vedi aggregazione: CONSORZIO DI BACINO DEI RIFIUTI DELL'ASTIGIANO;;;;;;;;;
01005115;Viarigi;Asti;Vedi aggregazione: CONSORZIO DI BACINO DEI RIFIUTI DELL'ASTIGIANO;;;;;;;;;
01005116;Vigliano d'Asti;Asti;Vedi aggregazione: CONSORZIO DI BACINO DEI RIFIUTI DELL'ASTIGIANO;;;;;;;;;
01005119;Villa San Secondo;Asti;Vedi aggregazione: CONSORZIO DI BACINO DEI RIFIUTI DELL'ASTIGIANO;;;;;;;;;
01005117;Villafranca d'Asti;Asti;Vedi aggregazione: CONSORZIO DI BACINO DEI RIFIUTI DELL'ASTIGIANO;;;;;;;;;
01005118;Villanova d'Asti;Asti;Vedi aggregazione: CONSORZIO DI BACINO DEI RIFIUTI DELL'ASTIGIANO;;;;;;;;;
01005120;Vinchio;Asti;Vedi aggregazione: CONSORZIO DI BACINO DEI RIFIUTI DELL'ASTIGIANO;;;;;;;;;
15064001;Aiello del Sabato;Avellino;1;3.988;22,82;19,94;48,34;27,02;14,21;12,09;4,94;149,36
15064002;Altavilla Irpina;Avellino;1;3.960;18,66;27,41;40,31;10,91;25,07;11,29;26,99;160,64
15064003;Andretta;Avellino;1;1.658;23,68;26,75;46,70;;;78,83;2,08;178,05
15064004;Aquilonia;Avellino;1;1.493;46,67;20,66;16,07;12,03;17,78;18,94;97,06;229,20
15064006;Atripalda;Avellino;1;10.440;38,95;33,38;62,16;26,99;41,68;20,74;5,97;229,88
15064007;Avella;Avellino;1;7.561;55,11;27,38;5,12;18,25;25,31;11,43;;142,60
15064008;Avellino;Avellino;1;52.568;32,35;24,04;60,22;32,48;62,92;18,32;62,85;293,17
15064011;Bisaccia;Avellino;1;3.561;13,34;13,25;49,19;22,38;9,30;51,35;19,44;178,25
15064012;Bonito;Avellino;1;2.212;13,93;21,80;21,48;12,73;;2,60;0,76;73,31
15064015;Calitri;Avellino;1;4.274;9,37;20,69;16,43;24,53;10,93;37,59;18,07;137,61
15064016;Candida;Avellino;1;1.085;36,88;26,88;48,25;16,85;;13,92;9,54;152,32
15064017;Caposele;Avellino;1;3.263;22,53;27,12;69,14;10,11;16,09;5,21;;151,73
15064018;Capriglia Irpina;Avellino;1;2.241;14,71;13,94;43,42;21,87;9,03;5,29;;108,25
15064019;Carife;Avellino;1;1.291;18,84;25,40;25,32;16,15;22,37;42,67;89,79;240,55
15064020;Casalbore;Avellino;1;1.595;42,56;26,56;21,17;10,79;20,36;3,08;29,87;154,39
15064021;Cassano Irpino;Avellino;1;932;25,88;14,66;57,48;16,24;21,80;24,58;;160,64
15064022;Castel Baronia;Avellino;1;1.063;30,98;18,08;64,96;19,71;6,70;29,91;3,52;173,86
15064023;Castelfranci;Avellino;1;1.802;34,14;19,56;58,19;15,91;11,23;12,52;50,07;201,62
15064024;Castelvetere sul Calore;Avellino;1;1.503;37,49;23,40;63,13;20,32;19,35;17,38;28,22;209,29
15064025;Cervinara;Avellino;1;8.776;30,17;32,94;48,11;28,12;18,18;16,93;31,37;205,81
15064026;Cesinali;Avellino;1;2.558;61,13;;17,39;;6,16;3,74;37,12;125,54
15064027;Chianche;Avellino;1;460;;52,52;10,72;21,49;26,00;70,94;;181,67
15064028;Chiusano di San Domenico;Avellino;1;2.093;6,72;12,35;36,27;31,69;3,14;10,98;15,45;116,60
15064029;Contrada;Avellino;1;2.941;29,98;24,68;47,44;20,96;5,09;30,29;30,45;188,88
15064031;Domicella;Avellino;1;1.838;0,81;3,18;35,76;23,52;;3,30;17,05;85,18
15064033;Fontanarosa;Avellino;1;2.863;34,83;20,48;65,41;19,02;12,26;17,67;23,84;193,51
15064034;Forino;Avellino;1;5.174;27,67;31,86;46,02;30,76;12,91;12,54;22,89;184,65
15064035;Frigento;Avellino;1;3.433;27,95;23,25;81,98;;26,57;0,47;;160,21
15064036;Gesualdo;Avellino;1;3.256;38,79;20,20;57,55;18,96;16,97;8,73;22,83;184,02
15064038;Grottaminarda;Avellino;1;7.665;37,42;34,21;54,77;26,21;5,74;4,62;25,85;188,83
15064039;Grottolella;Avellino;1;1.800;28,48;27,01;35,00;13,19;;24,50;16,87;145,05
15064041;Lacedonia;Avellino;1;2.071;15,28;57,55;;17,40;14,89;2,52;19,55;127,19
15064042;Lapio;Avellino;1;1.432;24,28;;29,65;;2,65;0,86;34,08;99,62
15064043;Lauro;Avellino;1;3.282;40,67;22,30;110,97;33,13;82,26;58,73;;348,05
15064044;Lioni;Avellino;1;5.976;26,67;20,71;41,61;13,85;16,33;8,59;5,09;132,86
15064045;Luogosano;Avellino;1;1.095;33,11;16,29;98,28;31,21;25,56;10,78;46,95;262,20
15064046;Manocalzati;Avellino;1;3.024;25,77;25,89;51,56;27,16;1,98;38,33;29,85;200,54
15064048;Melito Irpino;Avellino;1;1.780;24,49;18,44;54,17;19,01;24,25;5,84;50,12;284,46
15064049;Mercogliano;Avellino;1;11.590;39,80;34,01;;20,12;31,43;19,37;;210,02
15064052;Montecalvo Irpino;Avellino;1;3.355;43,36;23,09;61,97;15,54;19,61;17,40;;180,96
15064054;Monteforte Irpino;Avellino;1;11.377;28,61;26,56;47,61;33,84;11,34;10,01;;163,39
15064056;Montefusco;Avellino;1;1.213;87,77;36,51;;;;16,29;;148,36
15064057;Montella;Avellino;1;7.311;22,64;20,35;56,42;25,38;18,87;15,83;6,64;166,13
15064058;Montemarano;Avellino;1;2.622;37,57;27,97;96,74;;7,26;1,04;;170,58
15064060;Monteverde;Avellino;1;714;35,86;18,68;81,72;23,81;;9,19;1,88;171,15
15064121;Montoro;Avellino;1;19.248;20,70;24,54;36,92;29,27;25,12;1,14;;146,24
15064066;Nusco;Avellino;1;3.907;42,28;25,04;50,12;13,02;11,20;15,33;13,98;181,54
15064067;Ospedaletto d'Alpinolo;Avellino;1;2.080;32,42;20,82;80,78;26,86;35,73;24,07;52,95;273,64
15064068;Pago del Vallo di Lauro;Avellino;1;1.769;25,44;44,09;50,88;;31,66;6,22;;158,28
15064069;Parolise;Avellino;1;639;35,26;28,74;57,98;25,51;26,44;11,31;4,18;189,42
15064070;Paternopoli;Avellino;1;2.142;28,92;18,36;65,62;21,33;27,18;9,36;25,33;196,09
15064071;Petruro Irpino;Avellino;1;293;37,41;21,16;39,09;;1,71;3,02;;102,39
15064073;Pietrastornina;Avellino;1;1.447;34,18;20,14;70,02;19,36;29,58;11,53;6,81;193,14
15064074;Prata di Principato Ultra;Avellino;1;2.727;37,52;33,90;41,28;16,71;29,60;11,12;24,50;194,63
15064075;Pratola Serra;Avellino;1;3.625;33,54;38,47;33,28;17,90;;58,99;0,03;182,21
15064077;Quindici;Avellino;1;1.844;34,87;35,61;36,43;24,07;16,27;7,22;2,06;156,53
15064079;Rocca San Felice;Avellino;1;796;31,56;38,22;23,04;12,35;21,13;27,96;;154,27
15064078;Roccabascerana;Avellino;1;2.327;14,28;17,54;50,78;18,71;2,84;1,89;;106,04
15064080;Rotondi;Avellino;1;3.424;38,85;84,15;;;21,66;36,30;66,17;247,15
15064081;Salza Irpina;Avellino;1;721;31,09;20,48;61,57;20,02;24,84;26,93;11,65;209,44
15064082;San Mango sul Calore;Avellino;1;1.076;9,92;15,08;63,20;23,59;16,41;40,82;;169,02
15064084;San Michele di Serino;Avellino;1;2.426;30,34;30,36;38,87;;0,62;10,09;;110,27
15064085;San Nicola Baronia;Avellino;1;757;37,01;22,22;68,29;20,35;17,01;12,85;44,93;222,67
15064086;San Potito Ultra;Avellino;1;1.457;17,19;22,31;35,40;22,94;35,81;26,67;47,49;213,28
15064087;San Sossio Baronia;Avellino;1;1.517;38,20;20,55;61,41;16,31;11,39;11,17;62,31;221,34
15064088;Santa Lucia di Serino;Avellino;1;1.396;36,02;28,13;52,28;22,53;9,03;41,37;;189,37
15064093;Santa Paolina;Avellino;1;1.166;28,64;25,78;37,08;16,13;;5,02;;112,64
15064089;Sant'Andrea di Conza;Avellino;1;1.353;46,76;9,73;20,28;34,56;15,02;3,97;7,23;137,55
15064091;Sant'Angelo a Scala;Avellino;1;693;36,11;27,97;43,88;15,64;20,27;4,77;;148,64
15064090;Sant'Angelo all'Esca;Avellino;1;741;33,65;22,69;74,21;26,89;10,43;12,25;;180,12
15064092;Sant'Angelo dei Lombardi;Avellino;1;3.876;99,67;47,58;;;7,47;;;154,71
15064095;Santo Stefano del Sole;Avellino;1;2.060;30,00;25,69;51,31;25,01;3,07;33,12;15,33;183,53
15064096;Savignano Irpino;Avellino;1;1.008;51,81;23,84;70,38;17,23;;12,30;;175,55
15064097;Scampitella;Avellino;1;1.042;54,98;22,55;30,12;18,33;11,30;29,51;;176,79
15064098;Senerchia;Avellino;1;750;15,78;66,02;24,94;;17,29;3,37;33,86;165,65
15064101;Solofra;Avellino;1;12.051;31,53;27,12;51,04;22,88;19,91;19,84;29,90;202,21
15064102;Sorbo Serpico;Avellino;1;532;60,84;23,16;95,33;20,58;28,53;27,03;35,04;290,51
15064105;Summonte;Avellino;1;1.488;30,05;21,70;57,70;26,60;35,15;17,94;15,37;204,50
15064106;Taurano;Avellino;1;1.477;50,98;34,33;;;20,31;20,48;;126,10
15064107;Taurasi;Avellino;1;2.174;40,64;20,96;81,11;23,48;17,69;29,03;18,11;231,01
15064108;Teora;Avellino;1;1.455;19,98;16,17;51,67;19,88;44,51;11,77;52,88;216,87
15064109;Torella dei Lombardi;Avellino;1;1.959;121,15;19,79;;;1,17;0,56;6,90;149,56
15064112;Trevico;Avellino;1;865;37,72;23,86;15,92;14,36;2,34;8,46;12,57;115,23
15064113;Tufo;Avellino;1;793;34,28;34,70;38,00;19,04;37,26;40,41;16,43;220,13
15064116;Venticano;Avellino;1;2.275;80,46;32,71;;27,83;;7,23;;148,23
15064119;Volturara Irpina;Avellino;1;3.003;35,35;26,56;26,37;18,05;6,74;11,67;19,72;195,45
15064120;Zungoli;Avellino;1;972;26,52;17,74;69,16;14,97;15,88;8,01;0,10;152,37
16072001;Acquaviva delle Fonti;Bari;1;20.047;10,24;16,33;51,39;32,60;28,44;8,68;9,76;157,45
16072003;Alberobello;Bari;1;10.280;15,35;21,71;69,18;29,29;28,34;34,16;41,53;245,80
16072006;Bari;Bari;1;316.140;20,00;40,21;38,83;15,31;30,53;64,77;20,51;230,17
16072008;Binetto;Bari;1;2.139;34,20;;57,00;34,13;22,80;38,11;9,11;226,93
16072010;Bitetto;Bari;1;11.765;8,99;6,44;41,65;20,01;17,82;20,17;5,73;123,92
16072011;Bitonto;Bari;1;53.226;7,76;48,80;51,35;15,74;33,52;37,91;1,80;208,55
16072015;Casamassima;Bari;1;19.401;6,33;16,40;4,40;38,17;25,93;51,78;;146,12
16072019;Conversano;Bari;1;25.733;10,64;34,76;52,18;24,62;35,65;25,26;18,80;216,93
16072020;Corato;Bari;1;47.024;10,22;14,36;64,89;33,26;18,61;24,42;32,66;199,86
16072021;Gioia del Colle;Bari;1;26.690;11,28;12,35;59,70;22,68;23,95;30,70;8,06;171,60
16072023;Gravina in Puglia;Bari;1;42.821;26,24;16,67;44,32;15,80;19,66;10,43;25,39;158,51
16072024;Grumo Appula;Bari;1;12.214;26,66;11,70;57,84;2,58;34,53;0,66;;133,97
16072025;Locorotondo;Bari;1;13.944;21,57;14,06;46,89;25,73;29,70;32,05;7,53;177,54
16072027;Modugno;Bari;1;36.471;14,95;16,88;62,99;23,44;35,77;14,68;16,62;185,34
16072028;Mola di Bari;Bari;1;24.567;9,59;26,30;77,01;22,07;32,02;18,33;7,60;192,92
16072029;Molfetta;Bari;1;57.510;18,74;18,45;46,78;36,10;30,44;23,76;7,49;181,75
16072032;Noicattaro;Bari;1;25.977;21,45;30,48;46,54;28,69;27,78;2,92;1,01;158,87
16072033;Palo del Colle;Bari;1;20.691;8,93;15,70;40,59;32,85;21,79;45,77;2,32;167,94
16072034;Poggiorsini;Bari;1;1.298;23,88;25,33;61,88;2,26;26,41;17,04;;156,80
16072035;Polignano a Mare;Bari;1;17.680;22,64;18,06;59,95;;27,98;28,80;19,67;177,11
16072036;Putignano;Bari;1;25.924;7,93;18,17;45,50;18,48;21,22;35,51;17,80;166,55
16072037;Rutigliano;Bari;1;18.255;14,10;12,44;43,08;22,66;19,72;24,05;13,89;149,95
16072038;Ruvo di Puglia;Bari;1;24.465;9,72;15,42;57,48;22,29;20,49;22,12;12,45;159,97
16072039;Sammichele di Bari;Bari;1;6.058;19,84;13,51;52,35;21,78;30,29;27,20;3,81;168,77
16072041;Santeramo in Colle;Bari;1;25.772;8,54;10,52;53,40;22,22;24,56;17,06;4,78;141,06
16072043;Terlizzi;Bari;1;26.159;13,12;12,11;64,00;18,19;21,31;29,51;;158,23
16072046;Triggiano;Bari;1;26.065;5,77;13,58;77,87;21,68;32,51;15,59;3,02;178,91
16110001;Andria;Barletta-Andria-Trani;1;97.173;13,11;0,91;49,90;4,38;25,94;17,93;3,19;115,36
16110002;Barletta;Barletta-Andria-Trani;1;92.466;15,01;18,56;54,01;29,35;33,70;16,64;22,45;191,37
16110003;Bisceglie;Barletta-Andria-Trani;1;53.581;18,38;25,24;70,22;39,41;40,49;8,40;15,81;247,91
16110004;Canosa di Puglia;Barletta-Andria-Trani;1;28.061;13,55;25,86;44,06;32,28;15,28;16,47;7,67;155,42
16110005;Margherita di Savoia;Barletta-Andria-Trani;1;11.263;32,79;92,36;78,49;;40,64;42,16;7,48;293,92
16110007;San Ferdinando di Puglia;Barletta-Andria-Trani;1;13.643;15,60;;45,18;;34,50;9,93;0,22;105,43
16110008;Spinazzola;Barletta-Andria-Trani;1;6.003;27,62;23,98;56,40;36,79;31,08;20,49;26,36;222,72
16110009;Trani;Barletta-Andria-Trani;1;54.838;51,91;43,13;23,58;11,82;21,69;18,86;4,45;175,46
16110010;Trinitapoli;Barletta-Andria-Trani;1;13.915;12,14;37,21;47,36;19,60;26,54;8,93;21,82;173,60
05025001;Agordo - Dato aggregazione Unione Montana Agordina;Belluno;16;18.479;21,52;9,14;86,16;26,31;0,34;33,03;24,79;201,30
05025002;Alano di Piave;Belluno;1;2.641;14,17;11,10;51,19;19,73;2,31;14,96;8,49;121,94
05025003;Alleghe;Belluno;Vedi aggregazione: Unione Montana Agordina;;;;;;;;;
05025072;Alpago;Belluno;Vedi aggregazione: Unione Montana Alpago;;;;;;;;;
05025004;Arsie;Belluno;1;2.180;15,12;13,84;53,63;22,01;0,68;11,82;3,04;122,56
05025005;Auronzo di Cadore;Belluno;Vedi aggregazione: UNIONE MONTANA CENTRO CADORE;;;;;;;;;
05025006;Belluno;Belluno;1;35.436;10,73;11,20;34,67;16,92;14,65;33,20;13,90;136,55
05025007;Borca di Cadore - Dato aggregazione UNIONE MONTANA DELLA VALLE DEL BOITE;Belluno;5;5.792;22,98;30,77;67,06;18,04;14,01;32,68;12,00;197,54
05025074;Borgo Valbelluna;Belluno;1;13.441;9,38;7,27;30,77;18,02;7,58;21,38;13,60;108,00
05025008;Calalzo di Cadore - Dato aggregazione UNIONE MONTANA CENTRO CADORE;Belluno;8;14.493;16,38;10,22;54,40;17,80;19,17;39,00;23,35;180,53
05025023;Canale d'Agordo;Belluno;Vedi aggregazione: Unione Montana Agordina;;;;;;;;;
05025010;Cencenighe Agordino;Belluno;Vedi aggregazione: Unione Montana Agordina;;;;;;;;;
05025011;Cesiomaggiore;Belluno;1;3.910;9,73;6,76;44,16;16,91;1,73;16,84;6,46;102,58
05025012;Chies d'Alpago - Dato aggregazione Unione Montana Alpago;Belluno;3;9.135;5,51;10,17;22,26;41,09;5,31;13,91;18,48;120,07
05025013;Cibiana di Cadore;Belluno;Vedi aggregazione: UNIONE MONTANA DELLA VALLE DEL BOITE;;;;;;;;;
05025014;Colle Santa Lucia;Belluno;Vedi aggregazione: Unione Montana Agordina;;;;;;;;;
05025015;Comelico Superiore;Belluno;Vedi aggregazione: UNIONE MONTANA COMELICO;;;;;;;;;
05025016;Cortina d'Ampezzo;Belluno;1;5.682;55,00;93,28;102,41;74,24;80,30;10,01;;415,24
05025017;Danta di Cadore;Belluno;Vedi aggregazione: UNIONE MONTANA COMELICO;;;;;;;;;
05025018;Domegge di Cadore;Belluno;Vedi aggregazione: UNIONE MONTANA CENTRO CADORE;;;;;;;;;
05025019;Falcade;Belluno;Vedi aggregazione: Unione Montana Agordina;;;;;;;;;
05025021;Feltre;Belluno;1;20.321;6,81;7,80;19,25;17,96;7,94;19,31;13,67;92,74
05025022;Fonzaso;Belluno;1;3.044;8,21;9,90;51,31;22,03;2,30;7,05;0,76;101,58
05025025;Gosaldo;Belluno;Vedi aggregazione: Unione Montana Agordina;;;;;;;;;
05025027;La Valle Agordina;Belluno;Vedi aggregazione: Unione Montana Agordina;;;;;;;;;
05025026;Lamon;Belluno;1;2.651;;;64,73;22,80;2,40;8,51;8,81;107,25
05025029;Limana;Belluno;1;5.340;4,90;7,34;28,47;16,70;6,39;18,97;15,13;98,68
05025030;Livinallongo del Col di Lana;Belluno;Vedi aggregazione: Unione Montana Agordina;;;;;;;;;
05025071;Longarone - Dato aggregazione UNIONE MONTANA CADORE-LONGARONESE-ZOL;Belluno;5;8.732;15,70;12,75;44,74;15,22;16,77;33,65;25,53;164,72
05025032;Lorenzago di Cadore;Belluno;Vedi aggregazione: UNIONE MONTANA CENTRO CADORE;;;;;;;;;
05025033;Lozzo di Cadore;Belluno;Vedi aggregazione: UNIONE MONTANA CENTRO CADORE;;;;;;;;;
05025035;Ospitale di Cadore;Belluno;Vedi aggregazione: UNIONE MONTANA CADORE-LONGARONESE-ZOL;;;;;;;;;
05025036;Pedavena;Belluno;1;4.332;13,58;19,35;41,97;14,28;3,94;10,55;6,74;110,41
05025037;Perarolo di Cadore;Belluno;Vedi aggregazione: UNIONE MONTANA CENTRO CADORE;;;;;;;;;
05025039;Pieve di Cadore;Belluno;Vedi aggregazione: UNIONE MONTANA CENTRO CADORE;;;;;;;;;
05025040;Ponte nelle Alpi;Belluno;1;7.903;5,99;5,15;56,67;12,70;8,30;48,23;13,92;150,96
05025070;Quero Vas;Belluno;1;3.120;19,40;15,08;47,12;16,26;4,30;11,87;19,19;133,22
05025043;Rivamonte Agordino;Belluno;Vedi aggregazione: Unione Montana Agordina;;;;;;;;;
05025044;Rocca Pietore;Belluno;Vedi aggregazione: Unione Montana Agordina;;;;;;;;;
05025045;San Gregorio nelle Alpi;Belluno;1;1.546;12,12;5,06;39,85;19,34;8,00;10,88;16,83;112,07
05025046;San Nicolo di Comelico;Belluno;Vedi aggregazione: UNIONE MONTANA COMELICO;;;;;;;;;
05025047;San Pietro di Cadore;Belluno;Vedi aggregazione: UNIONE MONTANA COMELICO;;;;;;;;;
05025049;San Tomaso Agordino;Belluno;Vedi aggregazione: Unione Montana Agordina;;;;;;;;;
05025051;San Vito di Cadore;Belluno;Vedi aggregazione: UNIONE MONTANA DELLA VALLE DEL BOITE;;;;;;;;;
05025048;Santa Giustina;Belluno;1;6.632;12,50;7,46;40,50;18,09;3,32;9,96;6,17;101,87
05025050;Santo Stefano di Cadore - Dato aggregazione UNIONE MONTANA COMELICO;Belluno;5;6.818;22,74;28,70;47,11;16,87;17,47;14,01;13,85;169,38
05025053;Sedico;Belluno;1;10.155;6,03;6,15;43,69;8,27;3,46;15,79;10,85;94,33
05025054;Selva di Cadore;Belluno;Vedi aggregazione: Unione Montana Agordina;;;;;;;;;
05025055;Seren del Grappa;Belluno;1;2.376;11,81;9,05;34,94;18,97;;10,66;4,51;89,95
05025056;Sospirolo;Belluno;1;3.047;8,48;4,76;31,06;20,81;4,65;17,36;15,34;102,46
05025057;Soverzene;Belluno;Vedi aggregazione: UNIONE MONTANA CADORE-LONGARONESE-ZOL;;;;;;;;;
05025058;Sovramonte;Belluno;1;1.312;14,23;9,67;70,24;17,77;4,12;12,03;4,55;132,62
05025059;Taibon Agordino;Belluno;Vedi aggregazione: Unione Montana Agordina;;;;;;;;;
05025060;Tambre;Belluno;Vedi aggregazione: Unione Montana Alpago;;;;;;;;;
05025073;Val Di Zoldo;Belluno;Vedi aggregazione: UNIONE MONTANA CADORE-LONGARONESE-ZOL;;;;;;;;;
05025062;Vallada Agordina;Belluno;Vedi aggregazione: Unione Montana Agordina;;;;;;;;;
05025063;Valle di Cadore;Belluno;Vedi aggregazione: UNIONE MONTANA DELLA VALLE DEL BOITE;;;;;;;;;
05025065;Vigo di Cadore;Belluno;Vedi aggregazione: UNIONE MONTANA CENTRO CADORE;;;;;;;;;
05025066;Vodo Cadore;Belluno;Vedi aggregazione: UNIONE MONTANA DELLA VALLE DEL BOITE;;;;;;;;;
05025067;Voltago Agordino;Belluno;Vedi aggregazione: Unione Montana Agordina;;;;;;;;;
05025069;Zoppe di Cadore;Belluno;Vedi aggregazione: UNIONE MONTANA CADORE-LONGARONESE-ZOL;;;;;;;;;
15062001;Airola;Benevento;1;8.098;17,86;25,97;76,55;27,32;33,17;45,40;;231,01
15062003;Apice;Benevento;1;5.330;6,04;17,24;46,46;16,60;7,24;23,58;2,51;119,67
15062004;Apollosa;Benevento;1;2.492;15,32;13,50;53,34;9,23;7,96;4,02;1,51;104,89
15062005;Arpaia;Benevento;1;1.987;67,69;64,68;;;;1,25;30,73;116,00
15062007;Baselice;Benevento;1;2.095;9,99;9,51;25,35;22,15;12,37;14,33;;99,78
15062008;Benevento;Benevento;1;56.939;37,20;34,58;98,11;49,05;20,90;19,42;17,59;264,57
15062009;Bonea;Benevento;1;1.361;18,80;10,14;65,52;27,31;18,83;;34,77;179,51
15062010;Bucciano;Benevento;1;1.985;39,73;12,43;4,81;41,82;;;1,07;109,48
15062013;Campolattaro;Benevento;1;968;100,25;;;;55,41;13,01;;168,67
15062014;Campoli del Monte Taburno;Benevento;1;1.581;31,59;27,52;4,36;;1,75;61,60;;126,82
15062015;Casalduni;Benevento;1;1.227;11,17;23,66;49,80;10,16;;32,47;5,67;132,93
15062016;Castelfranco in Miscano;Benevento;1;820;22,53;33,03;61,57;11,00;32,21;21,84;27,62;209,80
15062017;Castelpagano;Benevento;1;1.358;27,76;28,78;34,55;11,72;22,60;15,47;10,92;159,89
15062018;Castelpoto;Benevento;1;1.122;19,98;43,08;41,39;;17,28;31,38;9,84;162,97
15062020;Castelvetere in Val Fortore;Benevento;1;1.009;23,13;16,98;49,15;11,39;14,34;25,72;;140,71
15062021;Cautano;Benevento;1;1.899;4,80;17,44;8,78;57,56;11,14;17,51;;117,22
15062022;Ceppaloni;Benevento;1;3.179;67,77;19,29;5,83;22,18;8,70;13,24;;137,02
15062023;Cerreto Sannita;Benevento;1;3.599;12,78;41,68;51,40;2,56;14,43;12,07;0,92;135,83
15062024;Circello;Benevento;1;2.160;12,14;10,58;40,38;23,56;9,71;5,65;10,50;112,52
15062026;Cusano Mutri;Benevento;1;3.766;38,32;5,87;40,31;10,23;10,11;2,13;41,11;148,08
15062028;Durazzano;Benevento;1;2.108;9,61;12,02;48,04;32,32;10,50;34,29;;146,78
15062030;Foglianise;Benevento;1;3.199;16,48;18,14;65,92;18,73;8,99;27,87;;158,23
15062031;Foiano di Val Fortore;Benevento;1;1.334;5,37;36,21;;;32,93;44,13;;118,64
15062032;Forchia;Benevento;1;1.184;35,05;12,67;64,79;51,71;6,03;14,75;;184,99
15062033;Fragneto l'Abate;Benevento;1;963;35,31;32,19;;16,25;26,42;59,24;;169,41
15062034;Fragneto Monforte;Benevento;1;1.678;45,43;35,22;42,66;9,18;31,97;6,33;;184,51
15062035;Frasso Telesino;Benevento;1;2.053;21,43;26,71;45,65;23,54;11,69;3,31;;132,32
15062036;Ginestra degli Schiavoni;Benevento;1;415;33,41;24,39;63,38;15,60;30,24;16,58;;192,03
15062037;Guardia Sanframondi;Benevento;1;4.631;19,54;11,37;64,11;;10,59;0,44;3,93;116,46
15062038;Limatola;Benevento;1;4.041;75,13;14,20;;4,76;7,39;50,96;;152,44
15062039;Melizzano;Benevento;1;1.693;37,91;8,38;18,45;;17,72;125,93;;208,39
15062040;Moiano;Benevento;1;4.037;9,31;14,27;33,69;42,62;16,81;7,01;16,24;139,96
15062042;Montefalcone di Val Fortore;Benevento;1;1.325;5,95;15,97;32,56;46,40;11,99;15,19;;129,57
15062043;Montesarchio;Benevento;1;12.959;8,49;27,78;50,05;37,14;36,96;36,87;9,18;206,48
15062044;Morcone;Benevento;1;4.497;12,35;19,55;30,95;15,12;21,55;;1,27;100,80
15062045;Paduli;Benevento;1;3.625;27,20;;64,24;6,66;9,63;4,94;2,79;119,81
15062046;Pago Veiano;Benevento;1;2.275;8,05;57,38;21,35;5,34;;4,45;21,07;117,64
15062048;Paolisi;Benevento;1;2.000;15,07;60,76;31,02;31,16;32,73;11,12;;191,85
15062050;Pesco Sannita;Benevento;1;1.851;18,65;20,42;37,52;12,68;9,73;13,22;;112,22
15062051;Pietraroja;Benevento;1;509;5,07;32,88;11,68;16,36;3,90;67,88;6,73;144,50
15062052;Pietrelcina;Benevento;1;2.885;61,71;12,63;5,89;;11,61;30,36;1,77;140,51
15062053;Ponte;Benevento;1;2.428;9,28;;24,48;;9,50;;;43,26
15062054;Pontelandolfo;Benevento;1;1.989;3,77;24,43;26,16;16,68;;25,00;0,57;96,60
15062055;Puglianello;Benevento;1;1.286;41,90;39,51;82,72;;;2,37;4,67;171,18
15062056;Reino;Benevento;1;1.106;34,43;15,66;41,14;15,61;20,15;18,53;;145,52
15062057;San Bartolomeo in Galdo;Benevento;1;4.403;35,18;27,91;35,87;23,65;13,42;26,43;;174,78
15062058;San Giorgio del Sannio;Benevento;1;9.730;25,10;10,67;58,58;15,56;13,81;16,42;8,87;156,37
15062059;San Giorgio La Molara;Benevento;1;2.789;18,99;9,07;55,38;16,15;18,83;18,94;;140,94
15062060;San Leucio del Sannio;Benevento;1;2.920;9,77;15,42;35,45;21,63;;4,03;6,85;93,15
15062062;San Lorenzo Maggiore;Benevento;1;1.914;11,03;;54,97;;11,63;;;77,64
15062063;San Lupo;Benevento;1;722;22,89;42,61;5,90;;;10,51;48,81;130,72
15062064;San Marco dei Cavoti;Benevento;1;3.012;8,40;28,52;37,97;5,88;23,25;10,92;;118,26
15062065;San Martino Sannita;Benevento;1;1.161;14,77;15,85;59,07;23,91;;;1,49;115,09
15062066;San Nazzaro;Benevento;1;855;66,35;23,12;;15,98;3,55;52,20;;161,21
15062067;San Nicola Manfredi;Benevento;1;3.502;12,02;25,72;22,33;27,19;21,76;61,38;4,43;183,03
15062069;Santa Croce del Sannio;Benevento;1;857;;35,34;127,10;;;12,42;;174,86
15062070;Sant'Agata de' Goti;Benevento;1;10.280;8,71;28,07;75,12;30,58;25,04;20,84;4,31;194,01
15062071;Sant'Angelo a Cupolo;Benevento;1;4.082;9,20;9,63;35,28;20,26;20,53;20,15;;134,55
15062078;Sant'Arcangelo Trimonte;Benevento;1;480;21,06;21,25;116,61;;15,14;;9,14;183,20
15062072;Sassinoro;Benevento;1;628;65,56;28,19;15,10;;19,43;18,14;4,44;150,86
15062073;Solopaca;Benevento;1;3.498;9,97;16,72;40,13;1,43;10,65;47,03;;125,91
15062074;Telese Terme;Benevento;1;7.638;17,76;24,44;71,03;34,86;29,60;25,69;246,03;454,24
15062075;Tocco Caudio;Benevento;1;1.414;29,93;43,27;;;;48,75;;124,43
15062076;Torrecuso;Benevento;1;3.236;19,25;41,74;24,36;;10,75;8,41;;104,51
15062077;Vitulano;Benevento;1;2.722;45,73;20,28;3,38;1,69;13,52;38,03;;122,62
03016001;Adrara San Martino;Bergamo;1;2.162;10,69;4,32;24,15;17,20;6,81;8,98;6,91;79,06
03016002;Adrara San Rocco;Bergamo;1;805;9,53;1,75;46,77;16,54;0,25;18,69;19,80;113,33
03016003;Albano Sant'Alessandro;Bergamo;1;8.257;9,18;8,02;25,51;17,14;10,51;23,74;3,96;98,04
03016004;Albino;Bergamo;1;17.492;3,04;2,44;27,69;18,15;8,54;7,51;4,63;72,85
03016248;Algua;Bergamo;1;656;25,44;13,13;39,11;19,85;29,56;31,11;8,43;166,64
03016005;Alme;Bergamo;1;5.495;9,56;;30,64;38,00;16,52;15,35;21,01;152,74
03016006;Almenno San Bartolomeo;Bergamo;1;6.491;3,92;;15,95;12,37;9,65;12,13;5,60;59,63
03016007;Almenno San Salvatore;Bergamo;1;5.527;14,46;;22,16;20,38;3,06;18,94;4,23;83,53
03016008;Alzano Lombardo;Bergamo;1;13.393;6,22;5,37;32,85;;11,31;14,18;3,21;73,14
03016009;Ambivere;Bergamo;1;2.360;5,06;;20,81;19,52;6,91;23,03;23,07;96,91
03016010;Antegnate;Bergamo;1;3.215;7,73;;41,51;27,29;27,70;19,91;11,68;152,93
03016011;Arcene;Bergamo;1;4.807;7,04;;30,10;20,96;4,96;9,83;9,83;89,20
03016012;Ardesio;Bergamo;1;3.337;8,04;;31,55;19,01;7,77;12,28;16,22;94,86
03016013;Arzago d'Adda;Bergamo;1;2.744;7,13;;35,76;20,96;13,47;13,94;6,27;104,88
03016014;Averara;Bergamo;1;173;24,39;17,87;47,37;13,17;34,57;26,65;4,21;168,24
03016015;Aviatico;Bergamo;1;575;25,36;6,03;58,44;52,46;64,94;42,72;27,06;277,00
03016016;Azzano San Paolo;Bergamo;1;7.591;7,12;2,50;28,13;19,67;10,40;6,75;8,40;82,97
03016017;Azzone;Bergamo;1;374;7,51;7,05;29,23;25,90;19,60;16,37;4,92;110,58
03016018;Bagnatica;Bergamo;1;4.420;9,00;2,26;28,83;18,09;14,63;12,62;20,17;105,59
03016019;Barbata;Bergamo;1;698;2,18;0,49;87,16;29,18;18,53;27,86;34,98;250,40
03016020;Bariano;Bergamo;1;4.243;6,07;;24,61;22,76;17,71;11,13;9,71;92,00
03016021;Barzana;Bergamo;1;2.000;4,77;;18,55;15,50;15,88;12,21;4,20;82,61
03016022;Bedulita;Bergamo;1;705;14,06;6,97;31,73;9,29;;42,49;5,10;109,64
03016023;Berbenno;Bergamo;1;2.430;10,48;3,52;23,69;15,55;1,01;4,88;3,12;62,24
03016024;Bergamo;Bergamo;1;120.207;18,83;;38,67;29,80;36,47;13,78;16,90;156,55
03016025;Berzo San Fermo;Bergamo;1;1.425;10,18;3,77;40,73;15,51;0,55;17,66;10,31;107,07
03016026;Bianzano;Bergamo;1;597;11,46;;69,09;11,78;2,26;19,60;15,67;130,63
03016027;Blello;Bergamo;1;72;32,46;4,40;139,76;7,08;2,81;14,90;8,97;210,39
03016028;Bolgare;Bergamo;1;6.524;6,89;5,70;21,67;15,87;6,70;9,25;7,41;73,48
03016029;Boltiere;Bergamo;1;6.187;7,55;1,67;31,44;12,97;13,11;9,10;8,76;84,60
03016030;Bonate Sopra;Bergamo;1;10.229;5,10;6,13;28,58;10,37;3,96;14,90;0,88;69,91
03016031;Bonate Sotto;Bergamo;1;6.615;7,69;;32,42;18,42;10,83;10,56;8,63;88,54
03016032;Borgo di Terzo - Dato aggregazione Unione Media Val Cavallina;Bergamo;3;3.353;7,10;3,91;28,39;13,22;3,37;7,75;6,69;70,43
03016033;Bossico;Bergamo;1;974;9,30;7,46;42,93;20,74;10,11;15,34;16,13;130,43
03016034;Bottanuco;Bergamo;1;5.059;7,96;;30,97;20,71;6,14;5,83;6,52;78,14
03016035;Bracca;Bergamo;1;723;23,95;12,04;41,46;19,01;24,78;32,15;13,31;166,70
03016036;Branzi;Bergamo;1;666;10,95;18,13;214,94;24,10;;25,05;4,46;297,63
03016037;Brembate;Bergamo;1;8.488;7,62;;29,64;28,05;10,69;17,19;6,53;100,63
03016038;Brembate di Sopra;Bergamo;1;7.904;7,35;;33,61;21,12;8,03;19,44;5,97;96,05
03016040;Brignano Gera d'Adda;Bergamo;1;6.069;1,90;0,02;29,25;21,45;12,47;10,45;13,68;89,23
03016041;Brumano;Bergamo;1;122;67,21;;;;64,73;49,86;;181,80
03016042;Brusaporto;Bergamo;1;5.609;6,71;5,18;32,18;18,62;8,15;4,79;4,84;80,48
03016043;Calcinate;Bergamo;1;6.098;6,84;0,97;32,51;8,56;6,68;14,04;5,62;75,21
03016044;Calcio;Bergamo;1;5.410;7,41;2,19;32,75;21,20;11,97;5,75;7,04;88,31
03016046;Calusco d'Adda;Bergamo;1;8.240;7,90;;30,75;24,54;22,87;9,01;9,18;104,26
03016047;Calvenzano;Bergamo;1;4.271;6,84;;31,81;19,67;17,31;14,78;6,02;100,83
03016048;Camerata Cornello;Bergamo;1;558;19,60;12,26;44,57;14,97;38,25;13,94;11,82;155,42
03016049;Canonica d'Adda;Bergamo;1;4.214;8,74;;34,00;26,88;14,40;22,74;13,09;122,71
03016050;Capizzone;Bergamo;1;1.209;8,28;8,85;23,21;11,57;0,86;10,84;14,43;78,04
03016051;Capriate San Gervasio;Bergamo;1;8.170;7,20;;31,78;23,93;9,78;22,74;17,51;134,46
03016052;Caprino Bergamasco;Bergamo;1;3.021;6,55;;25,49;27,65;6,14;6,40;5,88;78,10
03016053;Caravaggio;Bergamo;1;16.085;21,12;1,05;23,42;18,17;14,88;45,56;10,47;134,65
03016055;Carobbio degli Angeli;Bergamo;1;4.772;5,85;5,97;33,90;15,54;3,30;11,35;12,43;88,34
03016056;Carona;Bergamo;1;286;28,08;34,60;55,52;35,10;169,86;272,34;6,63;602,13
03016057;Carvico;Bergamo;1;4.632;8,00;;31,12;15,05;19,15;-9,71;21,95;85,56
03016058;Casazza;Bergamo;1;3.823;10,37;5,05;40,65;14,73;2,90;14,36;12,24;100,29
03016059;Casirate d'Adda;Bergamo;1;4.090;6,91;0,39;26,09;20,40;13,90;8,72;4,78;82,47
03016060;Casnigo;Bergamo;1;3.071;4,42;;17,20;37,75;11,71;10,07;5,93;88,54
03016061;Cassiglio;Bergamo;1;110;31,84;13,36;41,87;14,54;12,55;12,55;34,10;160,80
03016063;Castel Rozzone;Bergamo;1;2.771;7,89;;30,70;23,03;12,37;11,87;9,50;97,50
03016062;Castelli Calepio;Bergamo;1;10.400;5,76;4,73;32,57;19,32;1,81;16,32;4,63;85,14
03016064;Castione della Presolana;Bergamo;1;3.348;15,71;;60,17;49,40;49,24;24,08;20,85;222,73
03016065;Castro;Bergamo;1;1.238;4,34;4,55;4,29;55,02;14,57;20,34;5,76;109,07
03016066;Cavernago;Bergamo;1;2.731;4,44;4,26;31,84;21,31;9,62;12,53;12,70;96,70
03016067;Cazzano Sant'Andrea;Bergamo;1;1.634;3,66;;31,93;23,77;2,86;5,86;5,36;77,72
03016068;Cenate Sopra;Bergamo;1;2.502;10,10;3,72;41,17;13,53;7,01;15,76;20,87;112,76
03016069;Cenate Sotto;Bergamo;1;3.946;7,34;1,47;30,54;18,02;7,36;13,23;5,81;83,77
03016070;Cene;Bergamo;1;4.086;25,85;11,32;;5,03;10,10;21,45;5,70;79,45
03016071;Cerete;Bergamo;1;1.586;6,53;;25,40;27,64;21,68;29,54;13,22;127,49
03016072;Chignolo d'Isola;Bergamo;1;3.352;6,80;;27,42;24,67;5,10;10,14;4,65;88,47
03016073;Chiuduno;Bergamo;1;6.047;7,81;1,92;38,53;17,30;6,06;11,88;10,40;93,90
03016074;Cisano Bergamasco;Bergamo;1;6.151;9,73;;37,85;26,95;9,69;11,46;8,22;103,90
03016075;Ciserano;Bergamo;1;5.477;7,81;;30,41;37,87;47,22;12,20;22,94;158,83
03016076;Cividate al Piano;Bergamo;1;5.012;7,66;1,88;27,73;15,67;9,73;10,96;7,39;81,03
03016077;Clusone;Bergamo;1;8.498;6,77;;26,34;33,24;29,50;13,03;9,17;118,05
03016078;Colere;Bergamo;1;1.110;9,68;;37,67;33,38;;92,38;29,63;202,73
03016079;Cologno al Serio;Bergamo;1;11.026;7,90;2,22;30,36;14,30;9,55;9,30;13,51;87,14
03016080;Colzate;Bergamo;1;1.612;7,85;18,80;44,23;49,44;11,19;13,14;6,90;151,94
03016081;Comun Nuovo;Bergamo;1;4.375;3,83;6,50;26,36;20,48;15,62;9,08;4,88;87,99
03016082;Corna Imagna;Bergamo;1;933;23,20;1,25;25,44;0,84;;8,74;4,81;64,29
03016249;Cornalba;Bergamo;1;296;49,41;10,35;18,71;13,36;;108,30;6,40;206,53
03016083;Cortenuova;Bergamo;1;1.948;12,07;16,04;35,94;19,40;24,07;20,97;;128,49
03016084;Costa di Mezzate;Bergamo;1;3.313;6,59;6,57;48,37;12,96;6,59;11,25;4,88;97,21
03016247;Costa Serina;Bergamo;1;869;25,88;12,11;38,62;21,44;15,93;19,35;27,22;160,56
03016085;Costa Valle Imagna;Bergamo;1;546;19,95;15,81;36,71;22,28;;45,46;6,61;146,82
03016086;Costa Volpino;Bergamo;1;8.926;9,55;11,75;40,15;15,40;6,99;28,25;24,33;136,41
03016087;Covo;Bergamo;1;4.192;7,76;1,45;30,53;16,17;9,45;10,68;11,47;87,52
03016088;Credaro;Bergamo;1;3.539;6,37;4,88;29,86;17,48;6,92;8,17;16,35;90,04
03016089;Curno;Bergamo;1;7.473;6,61;2,59;31,00;21,38;8,78;6,06;4,86;81,82
03016090;Cusio;Bergamo;1;210;;16,78;130,26;27,20;;58,98;4,17;237,38
03016091;Dalmine;Bergamo;1;23.221;3,27;4,18;17,46;9,59;16,79;13,54;1,17;66,00
03016092;Dossena;Bergamo;1;882;20,67;14,17;50,04;12,30;6,98;59,20;12,48;175,84
03016093;Endine Gaiano;Bergamo;1;3.363;7,53;5,79;38,71;31,52;5,73;14,72;9,51;113,52
03016094;Entratico;Bergamo;1;1.980;11,36;4,22;47,50;19,09;3,96;20,44;10,71;141,53
03016096;Fara Gera d'Adda;Bergamo;1;7.954;4,60;;26,47;19,62;11,78;10,21;6,18;81,85
03016097;Fara Olivana con Sola;Bergamo;1;1.314;8,06;;31,34;25,15;30,13;11,81;7,08;124,62
03016098;Filago;Bergamo;1;3.108;7,04;;34,48;20,84;6,58;16,60;7,59;94,04
03016099;Fino del Monte;Bergamo;1;1.141;5,85;;22,76;20,96;26,79;25,10;5,14;106,59
03016100;Fiorano al Serio;Bergamo;1;2.952;2,18;;23,52;15,85;14,53;7,39;1,92;74,24
03016101;Fontanella;Bergamo;1;4.760;6,47;0,01;41,21;21,66;9,70;10,52;8,62;129,93
03016102;Fonteno;Bergamo;1;566;12,75;5,25;51,00;7,72;26,82;46,85;12,02;162,41
03016103;Foppolo;Bergamo;1;167;191,92;51,03;126,93;32,30;173,08;536,69;276,68;1.388,63
03016104;Foresto Sparso;Bergamo;1;3.046;7,02;4,62;25,24;14,83;;12,39;3,63;67,73
03016105;Fornovo San Giovanni;Bergamo;1;3.392;8,82;;34,32;24,61;18,02;13,76;8,53;108,05
03016106;Fuipiano Valle Imagna;Bergamo;1;207;35,06;12,27;68,03;29,14;25,06;40,42;24,54;234,51
03016107;Gandellino;Bergamo;1;961;12,09;;34,07;25,01;22,47;34,51;16,92;145,06
03016108;Gandino;Bergamo;1;5.157;11,94;9,85;31,91;13,52;11,63;9,59;1,06;89,50
03016109;Gandosso;Bergamo;1;1.444;8,45;4,33;37,55;12,97;7,64;14,87;3,64;89,44
03016110;Gaverina Terme;Bergamo;1;867;7,88;5,38;51,37;3,63;13,37;10,55;11,34;104,57
03016111;Gazzaniga;Bergamo;1;4.907;6,43;19,78;30,85;5,05;16,78;18,24;9,34;106,51
03016113;Ghisalba;Bergamo;1;6.134;8,14;;34,77;26,92;13,56;20,37;10,39;114,15
03016114;Gorlago;Bergamo;1;5.111;8,12;2,27;30,83;16,64;6,44;7,47;5,44;81,12
03016115;Gorle;Bergamo;1;6.575;5,06;;39,91;11,78;20,48;6,23;6,14;89,60
03016116;Gorno;Bergamo;1;1.484;7,91;;31,61;33,77;32,75;24,80;13,80;172,55
03016117;Grassobbio;Bergamo;1;6.430;5,43;7,19;29,09;22,76;14,28;7,80;8,15;94,70
03016118;Gromo;Bergamo;1;1.133;14,43;;37,93;30,27;8,04;54,45;8,57;154,68
03016119;Grone;Bergamo;1;863;11,21;21,67;44,84;13,95;26,10;43,17;21,59;182,53
03016120;Grumello del Monte;Bergamo;1;7.423;5,55;10,16;33,05;27,27;4,49;12,58;12,03;105,13
03016121;Isola di Fondra;Bergamo;1;171;48,44;35,35;95,26;25,18;20,71;39,51;115,84;380,29
03016122;Isso;Bergamo;1;619;11,53;;44,84;39,49;45,33;26,02;10,13;187,16
03016123;Lallio;Bergamo;1;4.131;8,75;;24,72;35,02;20,19;15,63;7,76;116,84
03016124;Leffe;Bergamo;1;4.301;15,83;26,94;27,88;8,11;24,16;12,39;0,37;115,67
03016125;Lenna;Bergamo;1;553;22,12;18,10;86,14;25,19;3,39;44,25;9,76;208,96
03016126;Levate;Bergamo;1;3.737;3,88;19,58;14,30;21,38;6,93;10,14;11,04;87,26
03016127;Locatello;Bergamo;1;816;12,63;8,98;29,88;12,84;;7,14;5,96;77,44
03016128;Lovere;Bergamo;1;4.999;13,98;12,24;64,58;9,05;19,71;33,14;23,51;176,22
03016129;Lurano;Bergamo;1;2.811;10,15;;39,50;29,06;7,49;25,92;8,92;137,77
03016130;Luzzana;Bergamo;Vedi aggregazione: Unione Media Val Cavallina;;;;;;;;;
03016131;Madone;Bergamo;1;4.040;6,14;;36,25;17,89;5,83;15,90;14,10;96,10
03016132;Mapello;Bergamo;1;6.869;8,68;;33,76;23,43;14,14;11,35;10,51;101,87
03016133;Martinengo;Bergamo;1;10.744;5,65;5,19;23,54;18,81;6,47;9,50;15,89;85,06
03016250;Medolago;Bergamo;1;2.348;11,45;0,86;18,55;10,90;4,74;25,30;6,26;78,06
03016134;Mezzoldo;Bergamo;1;164;111,41;20,62;70,04;22,93;10,10;19,85;45,24;300,19
03016135;Misano di Gera d'Adda;Bergamo;1;2.944;7,89;;30,72;26,49;20,17;13,99;8,61;107,88
03016136;Moio de' Calvi;Bergamo;1;195;94,47;66,58;50,57;11,08;;84,38;2,63;309,71
03016137;Monasterolo del Castello;Bergamo;1;1.144;11,96;;47,83;27,01;22,18;23,65;13,49;147,71
03016139;Montello;Bergamo;1;3.186;7,48;10,86;17,65;23,28;1,52;8,42;4,99;74,20
03016140;Morengo;Bergamo;1;2.477;10,78;2,05;31,81;20,22;11,59;26,74;12,03;115,22
03016141;Mornico al Serio;Bergamo;1;2.909;5,77;1,87;32,31;10,92;3,10;8,88;6,73;69,59
03016142;Mozzanica;Bergamo;1;4.347;7,57;;33,54;23,27;6,80;12,55;10,17;99,94
03016143;Mozzo;Bergamo;1;7.293;6,61;4,92;28,67;16,50;11,14;8,36;4,44;82,00
03016144;Nembro;Bergamo;1;11.194;5,58;5,15;29,47;;17,65;23,14;2,94;83,92
03016145;Olmo al Brembo;Bergamo;1;486;;13,10;62,42;13,85;18,77;11,29;22,50;141,92
03016146;Oltre il Colle;Bergamo;1;976;15,68;17,12;72,88;23,65;50,20;34,51;12,38;226,43
03016147;Oltressenda Alta;Bergamo;1;144;45,79;;93,26;32,03;;28,02;16,08;215,19
03016148;Oneta;Bergamo;1;570;8,07;;31,42;22,56;0,03;34,21;7,10;103,39
03016149;Onore;Bergamo;1;919;7,76;;30,20;58,58;37,30;143,88;6,82;284,55
03016150;Orio al Serio;Bergamo;1;1.742;51,96;24,82;129,30;147,60;11,66;159,28;19,37;543,99
03016151;Ornica;Bergamo;1;145;31,08;13,01;47,48;13,89;29,08;7,70;3,02;145,26
03016152;Osio Sopra;Bergamo;1;5.199;4,74;7,30;17,09;13,56;4,52;20,82;14,68;82,70
03016153;Osio Sotto;Bergamo;1;12.460;6,03;9,22;29,55;19,13;14,19;13,12;15,41;106,63
03016154;Pagazzano;Bergamo;1;2.099;9,43;;37,69;25,32;11,21;13,05;34,12;130,81
03016156;Palazzago;Bergamo;1;4.465;4,01;;15,13;12,63;11,02;7,42;4,22;59,13
03016157;Palosco;Bergamo;1;5.738;5,30;4,31;19,13;17,64;8,30;20,90;12,85;88,45
03016158;Parre;Bergamo;1;2.687;6,59;;25,66;25,96;4,18;14,85;8,28;95,21
03016159;Parzanica;Bergamo;1;345;43,26;17,56;39,61;12,83;24,93;27,10;9,08;183,08
03016160;Pedrengo;Bergamo;1;5.896;9,07;1,73;40,70;18,80;8,31;16,26;24,18;119,05
03016161;Peia;Bergamo;1;1.710;10,19;5,93;40,77;4,54;6,59;15,36;12,09;97,07
03016162;Pianico;Bergamo;1;1.446;9,82;4,25;43,05;7,64;4,10;20,53;10,86;100,26
03016163;Piario;Bergamo;1;1.007;6,86;;26,67;32,04;10,60;12,45;6,03;101,74
03016164;Piazza Brembana;Bergamo;1;1.193;25,57;6,29;45,62;18,94;30,20;8,38;;135,00
03016165;Piazzatorre;Bergamo;1;389;123,77;36,36;39,28;49,13;44,84;55,26;7,79;356,42
03016166;Piazzolo;Bergamo;1;87;80,26;24,32;67,87;15,21;32,57;10,69;3,18;234,11
03016167;Pognano;Bergamo;1;1.584;6,53;9,20;40,10;20,15;36,36;13,15;5,16;130,65
03016168;Ponte Nossa;Bergamo;1;1.716;9,66;;37,57;26,17;15,61;15,46;8,47;123,36
03016170;Ponte San Pietro;Bergamo;1;11.456;8,54;;33,22;22,10;21,70;14,50;8,59;116,93
03016169;Ponteranica;Bergamo;1;6.673;6,76;;21,82;16,24;4,39;24,46;1,91;77,82
03016172;Pontirolo Nuovo;Bergamo;1;4.937;7,78;;38,14;25,52;9,95;13,91;8,87;104,18
03016173;Pradalunga;Bergamo;1;4.510;7,52;10,62;18,09;;11,19;4,61;2,21;54,65
03016174;Predore;Bergamo;1;1.853;12,95;8,61;33,58;18,70;8,08;21,28;10,30;113,51
03016175;Premolo;Bergamo;1;1.058;9,79;;38,08;16,04;;16,29;7,91;88,11
03016176;Presezzo;Bergamo;1;4.797;4,94;;19,49;12,42;10,25;27,21;6,12;80,42
03016177;Pumenengo;Bergamo;1;1.686;6,82;;27,43;23,69;9,51;7,13;12,35;86,93
03016178;Ranica;Bergamo;1;5.861;6,46;4,89;33,41;;21,06;7,89;3,53;77,24
03016179;Ranzanico;Bergamo;1;1.226;11,40;7,08;48,85;12,72;14,31;16,46;17,42;134,56
03016180;Riva di Solto;Bergamo;1;881;13,51;8,11;54,03;7,11;2,80;14,74;12,73;113,03
03016182;Rogno;Bergamo;1;3.878;7,92;4,54;36,15;20,38;5,24;11,65;11,95;97,81
03016183;Romano di Lombardia;Bergamo;1;20.548;6,13;;23,84;27,52;18,94;9,94;5,39;92,96
03016184;Roncobello;Bergamo;1;420;39,93;18,74;54,70;18,16;9,67;13,49;55,38;210,07
03016185;Roncola;Bergamo;1;876;9,98;;38,84;22,71;53,14;24,17;24,00;172,84
03016186;Rota d'Imagna;Bergamo;1;892;30,85;21,33;32,54;12,60;21,74;18,53;7,76;166,89
03016187;Rovetta;Bergamo;1;4.091;7,42;;31,27;20,90;25,32;15,16;7,25;109,35
03016188;San Giovanni Bianco;Bergamo;1;4.611;30,79;12,42;31,08;12,75;;11,80;9,60;111,07
03016189;San Paolo d'Argon;Bergamo;1;5.914;5,65;3,63;37,50;20,72;10,17;11,08;7,93;96,68
03016190;San Pellegrino Terme;Bergamo;1;4.697;6,05;13,92;34,05;7,44;20,41;15,71;9,96;118,95
03016191;Santa Brigida;Bergamo;1;522;84,86;15,60;27,57;18,83;10,92;30,61;2,51;190,90
03016252;Sant'Omobono Terme;Bergamo;1;3.839;9,12;8,17;31,26;21,20;4,86;7,60;6,28;88,49
03016193;Sarnico;Bergamo;1;6.750;11,56;5,47;43,46;21,42;23,36;18,65;12,20;136,13
03016194;Scanzorosciate;Bergamo;1;9.851;6,55;5,91;26,19;15,78;7,56;18,24;6,17;90,72
03016195;Schilpario;Bergamo;1;1.137;9,95;;49,56;34,31;35,97;18,84;9,01;157,64
03016196;Sedrina;Bergamo;1;2.422;6,84;5,92;36,89;19,91;3,84;10,77;5,24;89,41
03016197;Selvino;Bergamo;1;1.990;21,55;0,09;61,91;57,98;77,19;57,24;33,05;309,59
03016198;Seriate;Bergamo;1;25.109;4,18;;13,54;29,14;13,70;13,42;8,99;84,93
03016199;Serina;Bergamo;1;2.035;26,88;9,33;79,49;24,66;4,81;44,86;56,28;246,30
03016251;Solza;Bergamo;1;1.984;8,00;;31,14;19,95;11,37;14,71;9,05;94,22
03016201;Songavazzo;Bergamo;1;696;6,94;55,51;45,31;81,80;18,73;45,00;6,10;266,07
03016202;Sorisole;Bergamo;1;8.869;6,91;9,71;27,63;11,85;7,07;11,14;9,22;89,44
03016203;Sotto il Monte Giovanni XXIII;Bergamo;1;4.390;6,59;;20,49;15,19;3,20;21,59;7,90;74,85
03016204;Sovere;Bergamo;1;5.227;10,13;6,44;45,36;4,01;3,60;12,84;13,11;95,49
03016205;Spinone al Lago;Bergamo;1;960;8,80;7,31;64,69;7,20;17,17;42,45;10,01;157,63
03016206;Spirano;Bergamo;1;5.594;5,73;2,02;38,87;15,96;19,27;7,70;5,47;95,02
03016207;Stezzano;Bergamo;1;13.331;7,42;12,51;26,78;13,50;4,67;4,56;9,91;79,36
03016208;Strozza;Bergamo;1;1.073;17,41;19,22;22,49;;5,77;17,00;9,66;91,54
03016209;Suisio;Bergamo;1;3.767;9,10;;35,42;21,13;10,64;9,36;22,47;108,12
03016210;Taleggio;Bergamo;1;540;36,52;19,44;47,65;19,83;;23,80;8,10;155,33
03016211;Tavernola Bergamasca;Bergamo;1;1.959;9,27;7,62;32,32;16,91;14,61;21,03;6,73;116,14
03016212;Telgate;Bergamo;1;4.997;5,74;1,84;32,40;14,75;9,87;6,69;8,27;79,56
03016213;Terno d'Isola;Bergamo;1;8.003;10,55;8,32;29,35;13,08;9,59;9,00;1,92;92,12
03016214;Torre Boldone;Bergamo;1;8.586;3,22;;31,88;18,45;7,41;8,20;0,98;70,45
03016215;Torre de' Busi;Bergamo;1;2.174;3,27;;30,72;35,13;0,28;10,83;17,92;98,14
03016216;Torre de' Roveri;Bergamo;1;2.528;8,31;5,90;32,19;18,53;4,82;10,51;18,63;98,89
03016217;Torre Pallavicina;Bergamo;1;1.116;3,59;;94,22;18,99;7,33;33,05;24,48;181,65
03016218;Trescore Balneario;Bergamo;1;9.660;7,38;3,98;29,65;15,47;8,66;15,78;12,63;99,58
03016219;Treviglio;Bergamo;1;30.669;8,85;;34,45;32,73;44,69;16,24;8,83;145,79
03016220;Treviolo;Bergamo;1;10.855;9,79;8,82;21,28;11,81;11,12;19,22;12,07;94,10
03016221;Ubiale Clanezzo;Bergamo;1;1.346;10,64;8,40;29,11;15,19;2,58;12,64;7,92;86,49
03016222;Urgnano;Bergamo;1;9.821;4,87;5,53;25,25;17,09;7,10;9,06;3,51;74,44
03016253;Val Brembilla;Bergamo;1;4.141;9,60;8,74;31,03;15,02;9,26;7,98;12,68;94,31
03016223;Valbondione;Bergamo;1;972;14,68;;57,11;35,36;;45,84;34,73;194,27
03016224;Valbrembo;Bergamo;1;4.344;7,31;;28,44;23,44;16,03;21,43;9,64;106,29
03016225;Valgoglio;Bergamo;1;586;6,28;;28,60;23,94;16,45;11,06;5,97;92,30
03016226;Valleve;Bergamo;1;127;150,04;25,27;47,20;20,09;60,46;646,98;77,87;1.027,91
03016227;Valnegra;Bergamo;1;215;27,54;2,50;43,14;8,43;6,18;115,24;4,60;207,64
03016229;Valtorta;Bergamo;1;249;13,08;17,27;120,44;;14,76;18,59;3,51;187,64
03016230;Vedeseta;Bergamo;1;185;41,01;19,76;57,54;23,02;3,25;17,32;38,74;200,62
03016232;Verdellino;Bergamo;1;7.495;1,24;;28,68;12,91;30,88;6,99;7,97;89,92
03016233;Verdello;Bergamo;1;8.137;4,64;;18,05;20,15;15,21;8,56;20,12;86,72
03016234;Vertova;Bergamo;1;4.437;4,51;;30,92;17,36;12,25;10,00;3,01;84,95
03016235;Viadanica;Bergamo;1;1.127;10,49;3,42;34,75;14,89;;17,84;14,92;101,18
03016236;Vigano San Martino;Bergamo;Vedi aggregazione: Unione Media Val Cavallina;;;;;;;;;
03016237;Vigolo;Bergamo;1;574;28,42;9,31;33,51;9,98;55,70;23,01;18,51;195,86
03016238;Villa d'Adda;Bergamo;1;4.570;9,26;;36,05;22,85;5,06;12,92;8,32;94,47
03016239;Villa d'Alme;Bergamo;1;6.564;8,69;;21,93;21,01;16,23;11,72;15,93;95,51
03016240;Villa di Serio;Bergamo;1;6.612;4,61;4,25;16,29;13,96;5,82;11,46;5,37;61,75
03016241;Villa d'Ogna;Bergamo;1;1.766;5,08;;19,77;29,83;1,70;25,63;5,90;93,83
03016242;Villongo;Bergamo;1;8.060;7,06;3,09;35,26;17,75;5,10;5,06;7,61;80,93
03016243;Vilminore di Scalve;Bergamo;1;1.439;16,35;;36,25;31,39;26,82;25,22;6,93;142,96
03016244;Zandobbio;Bergamo;1;2.656;6,37;4,12;28,38;18,95;6,98;12,27;7,92;85,00
03016245;Zanica;Bergamo;1;8.633;5,15;6,02;26,06;17,58;7,06;9,14;14,26;85,26
03016246;Zogno;Bergamo;1;8.580;0,42;23,00;27,75;6,87;21,94;8,61;;88,59
01096002;Andorno Micca;Biella;1;3.027;26,06;;47,29;0,68;;5,10;2,76;81,89
01096003;Benna;Biella;1;1.141;28,05;11,11;56,11;5,77;5,77;5,19;3,24;115,24
01096004;Biella;Biella;1;42.761;26,62;12,51;36,65;8,07;23,63;60,90;24,53;192,91
01096005;Bioglio;Biella;1;903;54,13;;30,49;24,11;;10,76;7,50;127,00
01096008;Callabiana;Biella;1;147;59,65;;4,85;46,61;0,65;3,35;11,80;126,90
01096010;Camburzano;Biella;1;1.115;18,04;;37,89;3,95;;7,18;2,79;69,84
01096086;Campiglia Cervo;Biella;1;522;97,64;;54,51;1,67;;2,96;2,23;159,00
01096012;Candelo;Biella;1;7.248;22,57;;44,04;4,11;19,77;16,42;1,88;108,79
01096013;Caprile;Biella;1;196;66,92;;37,74;11,28;;9,37;2,11;127,42
01096014;Casapinta;Biella;1;396;40,40;;26,29;7,03;0,42;8,95;2,17;85,26
01096015;Castelletto Cervo;Biella;1;790;34,25;;39,60;14,30;;27,30;2,04;117,49
01096016;Cavaglia;Biella;1;3.535;20,52;;43,06;2,63;7,85;19,00;2,38;95,44
01096018;Cerrione;Biella;1;2.806;14,33;;14,20;12,14;;8,74;2,36;51,77
01096019;Coggiola;Biella;1;1.644;43,84;;24,23;7,43;;5,07;2,88;83,44
01096020;Cossato;Biella;1;13.996;15,85;9,81;27,01;14,71;19,44;33,97;18,57;139,36
01096023;Curino;Biella;1;458;64,08;;18,12;5,90;;5,02;2,15;95,26
01096024;Donato;Biella;1;709;26,25;;20,07;6,42;;10,80;2,17;65,70
01096025;Dorzano;Biella;1;528;55,12;;17,96;5,16;;10,37;1,81;90,41
01096026;Gaglianico;Biella;1;3.729;18,00;14,42;30,58;6,55;10,16;31,14;28,87;139,72
01096027;Gifflenga;Biella;1;104;20,65;;32,83;7,79;;27,35;2,62;91,23
01096028;Graglia;Biella;1;1.456;47,94;;29,44;6,78;;19,43;2,71;106,30
01096085;lessona;Biella;1;2.624;18,04;;44,90;7,85;;4,58;2,11;77,47
01096030;Magnano;Biella;1;366;68,25;;12,96;3,49;;2,63;2,12;89,44
01096031;Massazza;Biella;1;565;41,47;;21,46;4,64;;19,23;2,20;88,99
01096032;Masserano;Biella;1;1.892;36,29;;45,70;5,17;;23,79;2,62;113,57
01096033;Mezzana Mortigliengo;Biella;1;493;47,53;;36,71;3,88;0,56;10,80;2,48;101,96
01096034;Miagliano;Biella;1;546;24,02;;57,32;3,92;;7,00;2,31;94,58
01096035;Mongrando;Biella;1;3.656;24,34;;34,75;8,63;10,17;4,17;2,70;84,75
01096037;Mottalciata;Biella;1;1.321;25,46;;46,61;8,94;;3,81;2,38;87,19
01096038;Muzzano;Biella;1;577;49,66;;51,05;9,36;;8,02;2,40;120,49
01096039;Netro;Biella;1;939;31,10;;10,94;5,03;;4,25;2,25;53,56
01096041;Occhieppo Superiore;Biella;1;2.635;14,76;;50,57;11,01;1,58;3,64;3,12;84,67
01096042;Pettinengo;Biella;1;1.458;35,89;;36,87;5,23;0,58;8,69;6,14;93,40
01096043;Piatto;Biella;1;477;38,91;;11,26;8,35;;8,69;2,44;69,65
01096044;Piedicavallo;Biella;1;174;98,47;;27,25;7,04;;4,06;2,17;138,99
01096046;Pollone;Biella;1;2.036;23,02;;30,74;9,78;;4,62;4,73;72,87
01096047;Ponderano;Biella;1;3.731;18,62;;54,02;13,14;4,31;3,16;2,37;95,62
01096048;Portula;Biella;1;1.117;32,00;;58,38;16,43;;5,44;4,57;116,82
01096049;Pralungo;Biella;1;2.277;19,27;;58,80;9,82;;2,20;3,57;93,66
01096050;Pray;Biella;1;1.997;29,19;;55,15;20,62;;4,83;3,55;113,34
01096087;Quaregna Cerreto;Biella;1;2.031;43,35;;31,81;16,60;;4,63;2,21;98,59
01096053;Ronco Biellese;Biella;1;1.431;28,28;;60,89;12,02;;5,10;2,34;108,64
01096055;Rosazza;Biella;1;104;157,81;;32,83;15,34;;33,77;1,78;241,52
01096056;Sagliano Micca;Biella;1;1.537;21,48;;46,28;3,24;;5,53;2,43;78,97
01096057;Sala Biellese;Biella;1;570;23,27;;29,95;6,36;;3,98;1,76;65,32
01096058;Salussola;Biella;1;1.862;23,74;;55,01;9,92;;3,04;3,25;94,97
01096059;Sandigliano;Biella;1;2.556;18,13;;45,70;13,01;;4,85;2,41;84,10
01096063;Sordevolo;Biella;1;1.293;26,62;;24,98;6,27;;3,19;2,44;63,49
01096064;Sostegno;Biella;1;738;51,95;;20,88;18,71;;4,90;1,64;98,08
01096065;Strona;Biella;1;962;34,22;;36,53;10,06;;5,60;2,60;89,02
01096066;Tavigliano;Biella;1;937;33,46;27,17;28,40;2,88;;3,23;1,98;97,10
01096067;Ternengo;Biella;1;259;49,38;;32,96;12,89;;9,39;2,81;107,42
01096068;Tollegno;Biella;1;2.369;24,74;;56,94;12,67;;3,72;4,93;102,99
01096069;Torrazzo;Biella;1;204;57,43;;17,46;24,76;;4,00;2,13;105,78
01096071;Valdengo;Biella;1;2.388;19,62;;56,54;13,99;;5,34;5,60;101,10
01096088;Valdilana;Biella;1;10.181;45,02;0,54;33,13;1,34;18,72;6,25;3,40;108,40
01096072;Vallanzengo;Biella;1;206;8,25;;44,31;6,52;0,75;12,30;1,96;74,09
01096074;Valle San Nicolao;Biella;1;881;33,96;;34,11;8,45;0,77;11,92;9,79;98,99
01096076;Verrone;Biella;1;1.177;21,24;;44,29;20,40;4,32;4,47;1,25;95,97
01096077;Vigliano Biellese;Biella;1;7.559;42,93;21,98;40,57;9,98;20,83;54,35;28,16;218,79
01096078;Villa del Bosco;Biella;1;315;57,57;;36,13;18,90;;4,88;3,00;120,48
01096079;Villanova Biellese;Biella;1;182;20,58;;25,01;9,07;;10,09;1,58;66,34
01096080;Viverone;Biella;1;1.347;41,02;;69,08;10,77;;4,60;2,61;128,07
01096081;Zimone;Biella;1;391;33,54;;30,12;4,10;;13,27;1,54;82,58
01096082;Zubiena;Biella;1;1.110;43,68;;18,84;7,30;;4,65;2,45;76,92
08037062;Alto Reno Terme;Bologna;1;6.905;20,47;65,60;34,92;14,37;25,64;73,38;27,17;266,80
08037001;Anzola dell'Emilia;Bologna;1;12.288;18,56;8,70;70,48;21,33;16,97;29,87;6,64;180,40
08037002;Argelato;Bologna;1;9.714;20,00;11,45;59,58;27,57;16,89;29,18;15,25;184,25
08037003;Baricella;Bologna;1;6.981;13,08;12,97;56,58;21,97;10,42;15,42;23,83;156,20
08037005;Bentivoglio;Bologna;1;5.804;21,46;27,81;124,29;59,43;13,63;22,33;26,81;293,44
08037006;Bologna;Bologna;1;392.203;23,02;29,76;57,21;16,46;44,51;25,73;41,24;243,61
08037007;Borgo Tossignano;Bologna;1;3.241;10,29;25,24;39,12;12,82;3,22;15,98;49,35;158,57
08037008;Budrio;Bologna;1;18.309;8,69;9,15;74,00;27,61;16,96;18,10;19,62;179,30
08037009;Calderara di Reno;Bologna;1;13.452;23,02;14,04;50,79;19,98;11,73;32,88;5,44;166,67
08037010;Camugnano;Bologna;1;1.809;82,27;93,22;62,78;17,56;13,62;51,26;28,22;348,33
08037011;Casalecchio di Reno;Bologna;1;35.877;14,34;12,94;48,83;17,47;14,82;27,02;11,58;146,48
08037012;Casalfiumanese;Bologna;1;3.361;8,53;27,10;34,54;14,54;3,83;21,55;55,72;162,46
08037013;Castel d'Aiano;Bologna;1;1.883;32,65;74,84;40,18;18,09;12,11;45,13;19,54;249,13
08037014;Castel del Rio;Bologna;1;1.203;6,61;28,38;38,66;24,48;3,85;19,99;66,00;190,61
08037015;Castel di Casio;Bologna;1;3.307;5,08;63,11;13,95;14,70;19,90;100,11;13,17;235,06
08037016;Castel Guelfo di Bologna;Bologna;1;4.543;14,14;19,90;74,55;37,78;11,55;35,49;19,10;220,42
08037019;Castel Maggiore;Bologna;1;18.544;17,97;12,42;60,63;18,38;13,47;30,82;35,99;217,91
08037020;Castel San Pietro Terme;Bologna;1;20.674;8,73;20,80;58,51;28,75;15,90;20,08;21,96;173,79
08037017;Castello d'Argile;Bologna;1;6.557;7,90;10,71;46,17;21,70;1,17;26,42;24,01;143,72
08037021;Castenaso;Bologna;1;15.991;14,67;18,08;45,59;30,30;16,67;20,22;14,90;160,03
08037022;Castiglione dei Pepoli;Bologna;1;5.363;40,31;83,54;35,95;19,09;11,62;36,35;41,81;231,61
08037024;Crevalcore;Bologna;1;13.566;17,31;13,79;60,66;21,42;14,96;29,35;66,49;292,77
08037025;Dozza;Bologna;1;6.563;21,37;11,93;86,12;40,76;9,66;14,87;16,53;202,65
08037026;Fontanelice;Bologna;1;1.929;1,09;26,65;13,46;15,56;16,76;15,65;81,14;172,59
08037027;Gaggio Montano;Bologna;1;4.805;8,94;69,97;23,23;28,11;16,03;115,04;26,87;287,65
08037028;Galliera;Bologna;1;5.539;10,12;10,64;69,14;25,36;10,17;16,59;9,79;154,43
08037030;Granarolo dell'Emilia;Bologna;1;12.661;14,29;13,86;53,06;35,29;11,16;10,65;28,35;167,43
08037031;Grizzana Morandi;Bologna;1;3.882;25,92;61,73;32,54;21,10;12,70;38,84;22,55;223,51
08037032;Imola;Bologna;1;69.592;9,27;16,45;43,66;21,81;19,38;15,89;19,39;144,90
08037033;Lizzano in Belvedere;Bologna;1;2.174;33,63;96,23;41,81;33,02;22,78;112,01;60,83;402,46
08037034;Loiano;Bologna;1;4.365;31,17;45,48;35,48;24,32;13,72;39,70;18,18;212,38
08037035;Malalbergo;Bologna;1;9.055;11,77;17,19;29,86;28,34;12,06;19,78;15,42;137,02
08037036;Marzabotto;Bologna;1;6.788;14,05;46,97;24,71;23,30;9,41;63,47;11,66;197,33
08037037;Medicina;Bologna;1;16.676;17,98;22,45;39,05;23,56;9,32;14,26;22,23;146,30
08037038;Minerbio;Bologna;1;8.858;13,23;12,96;40,30;23,09;7,30;12,26;21,15;131,76
08037039;Molinella;Bologna;1;15.660;6,77;9,89;52,83;31,96;8,42;14,44;22,25;153,45
08037040;Monghidoro;Bologna;1;3.731;61,93;67,62;61,46;26,78;16,26;49,45;26,51;320,42
08037042;Monte San Pietro;Bologna;1;10.751;7,28;6,14;65,30;23,21;5,67;13,49;11,52;133,05
08037041;Monterenzio;Bologna;1;6.118;27,45;33,33;41,94;14,69;11,58;22,78;24,41;177,59
08037044;Monzuno;Bologna;1;6.337;33,48;70,39;33,77;13,72;12,96;52,06;27,71;244,44
08037045;Mordano;Bologna;1;4.598;12,33;14,00;64,00;31,46;12,10;16,58;21,04;174,71
08037046;Ozzano dell'Emilia;Bologna;1;13.947;16,31;30,20;29,84;17,47;12,42;23,67;27,35;168,95
08037047;Pianoro;Bologna;1;17.541;21,86;31,47;36,32;12,34;9,75;18,30;22,35;153,32
08037048;Pieve di Cento;Bologna;1;7.153;10,59;13,39;52,88;20,56;9,96;13,97;18,94;147,03
08037050;Sala Bolognese;Bologna;1;8.481;17,79;15,79;59,95;20,15;10,52;24,07;14,63;187,23
08037051;San Benedetto Val di Sambro;Bologna;1;4.205;51,88;62,94;60,48;19,11;19,31;27,04;18,29;266,75
08037052;San Giorgio di Piano;Bologna;1;9.183;11,25;11,40;77,64;28,61;21,97;14,86;26,65;193,93
08037053;San Giovanni in Persiceto;Bologna;1;27.842;17,10;12,45;48,96;22,54;14,84;29,84;12,69;160,31
08037054;San Lazzaro di Savena;Bologna;1;32.638;18,00;26,80;35,52;17,91;11,86;28,90;20,00;165,82
08037055;San Pietro in Casale;Bologna;1;12.701;14,83;14,24;64,06;21,14;12,77;12,82;16,81;159,13
08037056;Sant'Agata Bolognese;Bologna;1;7.350;14,07;15,26;51,44;21,41;12,96;27,19;18,06;161,93
08037057;Sasso Marconi;Bologna;1;14.746;14,17;14,13;71,00;24,28;9,14;18,95;11,05;162,80
08037061;Valsamoggia;Bologna;1;31.620;16,71;22,16;57,06;24,72;12,15;23,15;27,15;182,94
08037059;Vergato;Bologna;1;7.503;7,00;61,79;6,20;17,69;11,35;90,20;15,14;208,67
08037060;Zola Predosa;Bologna;1;19.134;15,55;15,25;68,79;24,80;13,48;20,91;14,29;171,81
04021001;Aldino;Bolzano;1;1.640;10,97;9,23;34,79;15,73;19,66;11,21;;101,60
04021002;Andriano;Bolzano;1;1.014;12,17;13,66;3,87;25,05;9,79;6,60;3,26;74,38
04021003;Anterivo;Bolzano;1;400;11,27;11,76;18,21;26,38;16,12;16,15;;99,89
04021004;Appiano sulla strada del vino;Bolzano;1;14.805;0,42;5,29;48,91;1,26;12,50;22,43;;90,79
04021005;Avelengo;Bolzano;1;804;24,81;25,75;53,63;;;45,81;;150,01
04021006;Badia;Bolzano;1;3.680;11,12;21,85;113,10;;11,68;3,87;0,95;162,58
04021007;Barbiano;Bolzano;1;1.738;24,99;21,01;16,17;6,63;4,27;;0,15;73,23
04021008;Bolzano;Bolzano;1;107.025;45,39;5,54;35,25;10,16;43,42;21,80;12,24;173,80
04021009;Braies;Bolzano;1;692;10,89;8,09;70,27;29,07;11,43;0,78;3,43;133,97
04021010;Brennero;Bolzano;1;2.322;30,08;38,70;40,28;8,80;19,95;13,90;;151,72
04021011;Bressanone;Bolzano;1;22.817;16,58;20,60;43,15;3,66;40,25;57,75;11,98;193,98
04021012;Bronzolo;Bolzano;1;2.752;11,45;15,52;25,03;;0,08;14,83;;66,91
04021013;Brunico;Bolzano;1;17.079;19,67;20,86;29,83;12,83;13,59;47,24;4,72;148,74
04021014;Caines;Bolzano;1;387;10,50;13,12;26,17;19,19;3,03;2,84;;74,86
04021015;Caldaro sulla strada del vino;Bolzano;1;8.185;15,53;18,67;9,41;5,88;22,06;5,63;;77,19
04021016;Campo di Trens;Bolzano;1;2.719;33,38;43,44;14,35;0,37;11,18;10,10;;112,81
04021017;Campo Tures;Bolzano;1;5.684;9,54;21,27;53,16;3,48;2,29;8,05;;97,78
04021018;Castelbello-Ciardes;Bolzano;1;2.362;8,84;34,67;26,96;12,59;12,70;14,85;3,71;114,32
04021019;Castelrotto;Bolzano;1;7.026;35,15;31,18;11,95;8,33;22,72;7,65;3,23;120,21
04021020;Cermes;Bolzano;1;1.595;9,88;10,25;31,53;1,88;7,48;15,31;;76,33
04021021;Chienes;Bolzano;1;2.990;12,16;22,16;27,69;1,03;5,69;11,88;3,34;83,94
04021022;Chiusa;Bolzano;1;5.215;14,55;14,55;17,63;9,89;10,17;6,33;;73,12
04021023;Cornedo all'Isarco;Bolzano;1;3.426;10,14;22,68;;28,46;11,96;0,48;;73,73
04021024;Cortaccia sulla strada del vino;Bolzano;1;2.203;14,46;18,47;9,02;8,81;1,96;11,16;0,92;64,80
04021025;Cortina sulla strada del vino;Bolzano;1;663;7,80;13,53;;29,10;4,16;30,21;;84,79
04021027;Curon Venosta;Bolzano;1;2.335;21,92;19,40;39,75;28,73;14,27;18,02;;142,09
04021028;Dobbiaco;Bolzano;1;3.388;14,56;53,10;21,92;13,89;22,56;7,81;;133,84
04021029;Egna;Bolzano;1;5.473;15,53;;0,58;8,05;8,78;41,65;10,23;84,83
04021030;Falzes;Bolzano;1;2.986;9,18;16,83;7,65;15,61;13,17;3,87;;66,30
04021031;Fie allo Sciliar;Bolzano;1;3.646;12,84;11,87;;22,49;24,64;5,57;1,56;78,96
04021032;Fortezza;Bolzano;1;1.078;40,08;37,30;11,57;1,41;2,21;10,17;27,09;129,84
04021033;Funes;Bolzano;1;2.550;16,83;18,25;16,46;6,60;9,26;5,08;;72,48
04021034;Gais;Bolzano;1;3.225;12,45;15,52;28,75;3,30;2,34;5,67;2,17;70,19
04021035;Gargazzone;Bolzano;1;1.827;12,79;13,74;16,37;6,97;8,73;6,28;0,90;65,78
04021036;Glorenza;Bolzano;1;923;15,69;25,38;4,59;2,66;23,60;0,48;5,01;77,40
04021117;La Valle;Bolzano;1;1.402;28,59;19,08;25,61;7,15;10,18;4,00;;94,61
04021037;Laces;Bolzano;1;5.249;9,21;30,03;36,07;11,89;11,36;10,18;;108,73
04021038;Lagundo;Bolzano;1;5.096;68,79;14,00;8,81;2,74;12,44;7,65;;114,44
04021039;Laion;Bolzano;1;2.730;18,17;17,62;14,38;9,61;11,52;5,58;;76,89
04021040;Laives;Bolzano;1;18.311;34,25;5,45;18,41;35,97;12,79;19,44;10,23;136,55
04021041;Lana;Bolzano;1;12.485;53,37;18,46;3,76;5,22;3,83;;0,78;85,42
04021042;Lasa;Bolzano;1;4.087;8,80;13,75;3,54;29,63;12,20;11,36;3,07;82,35
04021043;Lauregno;Bolzano;1;325;7,66;6,40;1,64;3,31;7,89;22,35;;49,26
04021044;Luson;Bolzano;1;1.550;19,69;17,47;20,48;16,16;7,22;8,56;;89,58
04021045;Magre sulla strada del vino;Bolzano;1;1.319;11,86;;27,43;;13,58;1,23;0,90;55,00
04021046;Malles Venosta;Bolzano;1;5.153;11,07;37,25;11,89;10,20;15,89;27,01;;113,31
04021047;Marebbe;Bolzano;1;3.203;18,70;40,47;32,64;19,33;1,81;3,58;;116,53
04021048;Marlengo;Bolzano;1;2.870;13,59;19,07;13,78;11,84;5,46;32,48;;96,24
04021049;Martello;Bolzano;1;827;9,36;15,88;18,07;2,39;5,09;11,93;3,49;66,22
04021050;Meltina;Bolzano;1;1.703;13,16;7,62;11,74;11,74;2,99;4,79;;52,04
04021051;Merano;Bolzano;1;40.994;55,46;38,27;;35,02;34,35;31,94;21,78;216,82
04021052;Monguelfo-Tesido;Bolzano;1;2.887;12,38;40,97;29,39;;14,35;2,52;;99,62
04021053;Montagna;Bolzano;1;1.702;13,18;8,04;10,61;27,70;2,35;8,22;;70,10
04021054;Moso in Passiria;Bolzano;1;2.040;4,72;21,53;6,23;;5,22;14,01;;51,72
04021055;Nalles;Bolzano;1;2.134;11,86;13,82;10,42;16,90;14,14;21,66;;88,80
04021056;Naturno;Bolzano;1;6.080;14,00;21,40;32,93;15,42;6,18;1,10;;91,02
04021057;Naz-Sciaves;Bolzano;1;3.320;13,18;16,44;18,36;6,49;2,27;16,93;4,93;78,61
04021058;Nova Levante;Bolzano;1;2.033;16,31;24,26;26,75;19,77;3,78;2,45;;93,32
04021059;Nova Ponente;Bolzano;1;4.068;16,93;10,65;24,68;29,37;41,30;3,35;;126,29
04021060;Ora;Bolzano;1;3.912;22,82;30,46;6,99;15,06;6,90;1,49;2,81;86,54
04021061;Ortisei;Bolzano;1;4.875;30,75;26,46;4,08;7,83;19,71;10,90;;99,73
04021062;Parcines;Bolzano;1;3.903;;9,73;36,93;9,76;15,94;0,76;3,45;76,58
04021063;Perca;Bolzano;1;1.659;14,03;11,95;44,00;;20,88;6,36;;97,22
04021064;Plaus;Bolzano;1;739;23,39;14,34;10,44;17,29;1,35;2,71;5,26;74,78
04021065;Ponte Gardena;Bolzano;1;204;8,81;20,77;16,22;3,45;;0,06;;49,31
04021066;Postal;Bolzano;1;1.996;13,93;18,11;14,56;7,76;11,95;6,34;;72,65
04021067;Prato allo Stelvio;Bolzano;1;3.703;18,59;16,36;3,21;1,91;4,19;0,12;;44,38
04021068;Predoi;Bolzano;1;528;5,93;75,50;5,16;;10,98;1,03;;98,61
04021069;Proves;Bolzano;1;258;11,11;8,81;;;7,12;32,24;;59,28
04021070;Racines;Bolzano;1;4.625;14,42;32,32;29,93;1,38;3,22;1,08;3,74;86,10
04021071;Rasun-Anterselva;Bolzano;1;2.924;10,34;13,23;20,11;21,25;1,72;22,34;;89,01
04021072;Renon;Bolzano;1;8.067;9,97;10,16;16,38;5,65;5,02;12,39;5,10;64,66
04021073;Rifiano;Bolzano;1;1.358;9,45;11,83;25,22;17,27;2,59;3,14;;69,50
04021074;Rio di Pusteria;Bolzano;1;3.206;21,21;28,54;18,87;0,34;30,88;7,10;0,19;107,13
04021075;Rodengo;Bolzano;1;1.256;30,81;24,17;7,68;4,24;26,57;3,85;;97,32
04021076;Salorno;Bolzano;1;3.778;19,20;13,59;21,39;;7,84;11,33;;73,35
04021077;San Candido;Bolzano;1;3.451;31,97;64,21;35,38;21,48;27,58;31,00;;211,63
04021079;San Genesio Atesino;Bolzano;1;3.057;17,04;11,94;12,79;2,39;8,63;2,86;0,04;55,68
04021080;San Leonardo in Passiria;Bolzano;1;3.604;12,79;14,53;22,23;17,75;4,82;10,18;;82,30
04021081;San Lorenzo di Sebato;Bolzano;1;3.868;9,77;18,69;38,66;10,60;7,51;8,36;;93,58
04021082;San Martino in Badia;Bolzano;1;1.747;8,59;23,76;28,33;18,32;;9,50;3,43;91,93
04021083;San Martino in Passiria;Bolzano;1;3.222;16,83;23,34;13,91;11,85;1,37;9,34;;76,63
04021084;San Pancrazio;Bolzano;1;1.516;11,18;11,11;9,91;7,16;1,71;4,08;;45,15
04021086;Sarentino;Bolzano;1;7.168;22,78;30,08;;11,11;6,43;2,76;4,09;77,24
04021087;Scena;Bolzano;1;3.076;22,83;22,35;28,63;;;31,11;;104,92
04021088;Selva dei Molini;Bolzano;1;1.395;8,82;19,82;9,00;2,86;1,15;11,60;;53,25
04021089;Selva di Val Gardena;Bolzano;1;2.738;14,98;24,29;29,60;;2,99;24,51;0,04;96,41
04021091;Senales;Bolzano;1;1.287;14,19;23,89;40,58;2,18;3,76;35,27;4,78;124,65
04021118;Senale-San Felice;Bolzano;1;779;13,37;13,74;0,40;5,83;8,32;16,32;;57,99
04021092;Sesto;Bolzano;1;1.878;21,70;77,60;86,75;12,67;11,74;5,23;;215,69
04021093;Silandro;Bolzano;1;6.324;8,53;3,77;47,08;13,68;22,97;;;96,03
04021094;Sluderno;Bolzano;1;1.822;9,75;15,46;3,30;36,40;7,61;6,58;;79,10
04021095;Stelvio;Bolzano;1;1.181;41,04;36,93;20,09;31,21;;46,20;12,44;187,90
04021096;Terento;Bolzano;1;1.772;16,02;9,28;17,75;0,30;5,78;30,90;;80,03
04021097;Terlano;Bolzano;1;4.864;14,46;24,30;30,50;16,33;34,00;1,25;1,62;122,47
04021098;Termeno sulla strada del vino;Bolzano;1;3.439;14,07;21,43;16,90;3,72;3,79;14,54;;74,46
04021099;Tesimo;Bolzano;1;1.977;16,23;16,38;4,27;8,58;28,27;4,49;;78,21
04021100;Tires;Bolzano;1;1.002;10,14;11,18;41,11;20,25;3,94;4,26;;90,88
04021101;Tirolo;Bolzano;1;2.562;20,15;20,81;14,89;16,38;;67,59;1,39;140,49
04021102;Trodena nel parco naturale;Bolzano;1;1.042;6,78;7,64;27,51;35,89;1,44;37,12;;116,38
04021103;Tubre;Bolzano;1;961;12,43;17,05;14,95;13,76;10,10;1,49;;69,77
04021104;Ultimo;Bolzano;1;2.883;13,66;13,95;14,82;17,10;3,14;11,58;;74,26
04021105;Vadena;Bolzano;1;1.127;32,46;26,96;48,85;24,15;1,66;2,64;3,74;140,46
04021107;Val di Vizze;Bolzano;1;3.063;22,76;14,42;17,15;8,17;1,97;5,85;;70,31
04021106;Valdaora;Bolzano;1;3.191;14,20;19,30;34,64;10,68;3,92;6,01;13,60;102,34
04021108;Valle Aurina;Bolzano;1;5.997;34,09;7,48;35,94;;11,76;4,05;;93,32
04021109;Valle di Casies;Bolzano;1;2.340;4,40;10,52;21,30;8,33;0,85;14,02;;59,42
04021110;Vandoies;Bolzano;1;3.296;14,05;16,34;34,56;;10,41;4,00;;79,36
04021111;Varna;Bolzano;1;4.943;34,94;41,22;27,41;15,27;;0,46;0,87;120,17
04021116;Velturno;Bolzano;1;3.059;9,42;19,72;11,67;4,73;2,79;6,20;;54,54
04021112;Verano;Bolzano;1;980;11,46;9,37;10,14;6,93;2,57;8,69;3,50;52,67
04021113;Villabassa;Bolzano;1;1.574;7,91;34,21;37,45;5,76;;35,85;;121,18
04021114;Villandro;Bolzano;1;1.877;16,13;18,52;18,38;3,26;10,52;2,37;;69,17
04021115;Vipiteno;Bolzano;1;6.976;32,55;21,64;33,55;7,16;27,06;6,71;;128,67
03017001;Acquafredda;Brescia;1;1.522;6,55;3,52;33,04;23,07;6,49;28,55;6,48;108,63
03017002;Adro;Brescia;1;7.150;8,39;9,71;32,44;7,83;2,90;17,92;3,73;85,98
03017003;Agnosine;Brescia;1;1.618;16,65;6,75;43,98;13,75;10,08;22,64;24,99;163,93
03017004;Alfianello;Brescia;1;2.364;17,98;20,74;63,45;15,43;1,50;7,19;12,44;138,72
03017005;Anfo;Brescia;1;448;30,18;8,80;75,32;17,92;;70,41;47,42;297,36
03017006;Angolo Terme;Brescia;1;2.298;12,98;;56,57;21,68;19,26;21,11;19,31;151,34
03017007;Artogne;Brescia;1;3.577;19,26;;58,15;36,76;11,91;39,80;16,14;182,03
03017008;Azzano Mella;Brescia;1;3.397;19,91;;39,11;19,76;1,33;30,89;10,29;121,29
03017009;Bagnolo Mella;Brescia;1;12.499;17,88;;36,48;18,98;11,13;19,45;24,30;174,62
03017010;Bagolino;Brescia;1;3.747;12,42;7,66;69,98;15,61;;20,36;15,82;163,10
03017011;Barbariga;Brescia;1;2.328;8,57;6,43;40,25;14,63;12,37;23,36;4,57;110,18
03017012;Barghe;Brescia;1;1.133;16,08;6,29;38,89;12,82;8,30;17,83;17,23;128,27
03017014;Bedizzole;Brescia;1;12.277;9,98;;40,96;20,03;5,83;10,92;8,00;113,48
03017015;Berlingo;Brescia;1;2.731;5,49;6,43;38,75;13,29;1,86;28,75;7,44;107,13
03017016;Berzo Demo;Brescia;1;1.527;18,89;0,41;7,16;23,94;11,77;26,59;9,14;97,92
03017017;Berzo Inferiore;Brescia;1;2.447;11,39;0,09;58,53;26,98;11,08;18,86;10,29;137,24
03017018;Bienno;Brescia;1;3.750;11,30;;49,28;21,74;17,43;21,31;33,03;154,10
03017019;Bione;Brescia;1;1.312;18,23;7,06;47,62;14,39;4,78;18,57;22,85;178,44
03017020;Borgo San Giacomo;Brescia;1;5.334;6,73;5,98;33,92;17,23;6,69;11,98;5,96;97,86
03017021;Borgosatollo;Brescia;1;9.079;3,01;;37,42;22,26;5,20;3,46;11,40;82,75
03017022;Borno;Brescia;1;2.480;25,25;0,09;88,93;39,71;29,38;21,78;13,39;218,53
03017023;Botticino;Brescia;1;10.678;8,70;2,17;36,73;18,51;5,69;19,65;7,56;100,57
03017024;Bovegno;Brescia;1;2.019;8,95;;43,59;17,56;;8,99;11,36;90,45
03017025;Bovezzo;Brescia;1;7.337;8,31;;37,85;20,82;20,31;12,18;15,78;115,24
03017026;Brandico;Brescia;1;1.754;14,04;4,64;18,60;14,85;0,94;30,20;5,23;88,49
03017027;Braone;Brescia;1;683;17,37;0,34;56,22;27,10;10,08;28,27;7,82;147,20
03017028;Breno;Brescia;1;4.635;23,90;;55,26;26,11;5,01;13,90;23,46;149,96
03017029;Brescia;Brescia;1;196.850;19,83;;62,35;22,96;42,33;15,34;25,15;210,13
03017030;Brione;Brescia;1;735;21,29;;36,58;31,55;;18,26;7,67;115,35
03017031;Caino;Brescia;1;2.141;10,74;;65,48;7,28;13,66;21,17;16,60;138,43
03017032;Calcinato;Brescia;1;12.936;6,44;9,65;24,11;15,88;3,85;49,61;14,37;124,11
03017033;Calvagese della Riviera;Brescia;1;3.645;7,17;8,07;19,98;12,03;1,64;44,42;15,07;110,00
03017034;Calvisano;Brescia;1;8.352;10,35;6,61;56,95;13,12;8,15;35,05;11,14;149,76
03017035;Capo di Ponte;Brescia;1;2.321;19,61;0,27;65,21;22,75;14,52;20,32;8,89;151,57
03017036;Capovalle;Brescia;1;344;10,93;7,23;51,98;14,73;17,06;15,40;24,28;146,70
03017037;Capriano del Colle;Brescia;1;4.623;20,58;;40,64;25,37;7,40;10,94;21,42;142,57
03017038;Capriolo;Brescia;1;9.421;6,51;5,92;41,02;25,13;6,15;15,62;13,52;113,86
03017039;Carpenedolo;Brescia;1;13.000;5,76;6,83;34,91;15,22;6,73;29,45;28,31;124,66
03017040;Castegnato;Brescia;1;8.309;7,01;10,16;37,72;18,25;6,87;20,41;9,05;118,48
03017042;Castel Mella;Brescia;1;11.006;8,55;8,93;33,06;13,10;5,14;15,23;5,50;89,50
03017041;Castelcovati;Brescia;1;6.751;10,64;7,17;17,55;23,15;7,18;24,40;18,05;141,61
03017043;Castenedolo;Brescia;1;11.585;7,93;7,79;41,53;16,89;13,98;32,16;16,90;137,12
03017044;Casto;Brescia;1;1.623;15,95;5,89;40,81;12,00;2,13;8,71;16,72;110,55
03017045;Castrezzato;Brescia;1;7.467;5,72;;41,52;20,64;2,48;6,89;15,64;92,89
03017046;Cazzago San Martino;Brescia;1;10.780;5,81;8,32;39,74;23,48;3,32;23,50;11,44;115,59
03017047;Cedegolo;Brescia;1;1.090;20,50;;74,21;19,11;10,74;29,53;9,74;163,82
03017048;Cellatica;Brescia;1;4.869;10,36;;71,74;29,96;8,74;19,15;47,30;196,60
03017049;Cerveno;Brescia;1;656;13,77;0,66;49,50;19,74;9,27;27,58;16,04;136,57
03017050;Ceto;Brescia;1;1.784;11,03;;59,04;13,05;5,04;21,43;17,27;126,87
03017051;Cevo;Brescia;1;819;20,30;;54,92;29,05;11,50;33,34;8,78;157,89
03017052;Chiari;Brescia;1;19.127;8,52;11,67;49,44;15,59;15,56;22,88;14,38;138,04
03017054;Cimbergo;Brescia;1;542;16,33;;27,49;34,04;11,39;44,59;7,55;141,38
03017055;Cividate Camuno;Brescia;1;2.652;21,56;2,78;60,45;28,62;2,85;17,57;9,63;143,46
03017056;Coccaglio;Brescia;1;8.734;7,01;3,95;35,57;19,92;10,51;16,00;15,11;108,07
03017057;Collebeato;Brescia;1;4.475;9,00;6,62;47,82;19,90;10,92;35,90;14,33;152,62
03017058;Collio;Brescia;1;2.027;0,60;;41,67;27,94;21,94;10,94;5,67;108,75
03017059;Cologne;Brescia;1;7.552;7,92;3,50;37,58;15,77;10,46;7,41;11,73;94,37
03017060;Comezzano-Cizzago;Brescia;1;4.011;4,73;;47,25;21,70;4,21;12,52;15,69;126,77
03017061;Concesio;Brescia;1;15.585;6,74;;29,08;24,25;15,78;15,55;20,86;133,21
03017062;Corte Franca;Brescia;1;7.139;6,76;9,69;43,55;24,33;7,98;12,13;13,96;118,40
03017063;Corteno Golgi;Brescia;1;1.913;56,14;;69,59;68,67;19,39;37,34;18,10;269,24
03017064;Corzano;Brescia;1;1.430;8,23;6,88;42,51;19,33;1,54;7,47;28,72;161,90
03017065;Darfo Boario Terme;Brescia;1;15.557;25,17;0,02;64,44;39,69;7,74;12,85;18,91;203,21
03017067;Desenzano del Garda;Brescia;1;29.226;9,52;17,02;28,50;18,25;6,04;70,68;16,28;167,84
03017068;Edolo;Brescia;1;4.408;15,12;4,41;62,26;28,58;14,67;10,49;17,53;153,06
03017070;Esine;Brescia;1;5.119;16,16;0,05;51,14;33,86;13,05;22,03;24,12;164,31
03017071;Fiesse;Brescia;1;2.010;8,35;5,44;32,31;14,91;11,52;17,81;6,24;96,59
03017072;Flero;Brescia;1;8.866;9,60;;52,02;17,67;8,58;19,88;15,51;126,83
03017073;Gambara;Brescia;1;4.506;7,14;9,77;27,61;16,03;1,61;12,75;4,21;79,11
03017074;Gardone Riviera;Brescia;1;2.626;16,70;20,15;57,08;29,68;25,94;165,84;30,12;343,77
03017075;Gardone Val Trompia;Brescia;1;11.355;16,50;;53,16;22,11;17,10;28,65;19,45;209,17
03017076;Gargnano;Brescia;1;2.744;32,17;50,36;30,94;12,57;10,13;126,35;47,92;309,01
03017077;Gavardo;Brescia;1;12.202;17,21;7,74;46,44;15,76;13,79;24,46;16,55;165,00
03017078;Ghedi;Brescia;1;18.496;6,80;10,73;32,93;14,80;11,26;31,76;8,19;120,05
03017079;Gianico;Brescia;1;2.115;15,27;;63,43;24,95;2,64;18,15;10,41;134,85
03017080;Gottolengo;Brescia;1;4.935;8,70;11,65;44,11;15,91;8,18;3,92;8,68;101,15
03017081;Gussago;Brescia;1;16.452;6,31;;34,08;26,89;7,20;16,12;13,39;121,61
03017082;Idro;Brescia;1;1.865;31,69;11,38;94,72;23,19;12,35;19,47;40,90;262,03
03017083;Incudine;Brescia;1;344;11,47;;40,76;22,76;60,18;56,91;9,34;201,41
03017084;Irma;Brescia;1;136;14,01;;81,79;19,51;;65,00;32,88;213,19
03017085;Iseo;Brescia;1;8.938;20,96;19,80;63,03;23,92;39,60;10,47;24,57;202,35
03017086;Isorella;Brescia;1;4.038;9,76;9,99;49,62;21,33;3,52;28,62;13,67;138,53
03017087;Lavenone;Brescia;1;487;27,34;6,25;65,92;12,72;;32,00;49,15;223,29
03017088;Leno;Brescia;1;14.231;19,49;;17,08;13,25;13,64;17,05;28,37;108,88
03017089;Limone sul Garda;Brescia;1;1.168;50,39;108,11;123,90;69,90;52,35;351,58;52,60;769,38
03017090;Lodrino;Brescia;1;1.624;9,81;;53,03;19,95;0,71;28,93;10,37;123,11
03017091;Lograto;Brescia;1;3.821;4,05;5,60;32,05;20,99;4,76;9,16;16,25;92,87
03017092;Lonato del Garda;Brescia;1;16.886;20,97;11,97;22,24;13,13;4,50;59,91;22,19;155,74
03017094;Losine;Brescia;1;626;26,05;;40,35;16,18;2,26;30,89;6,36;122,10
03017095;Lozio;Brescia;1;354;19,35;;75,31;41,13;4,06;47,67;12,83;200,35
03017096;Lumezzane;Brescia;1;21.424;6,22;;40,02;25,55;13,78;27,63;24,24;150,27
03017097;Maclodio;Brescia;1;1.477;12,83;14,93;33,95;14,81;15,28;10,16;13,06;136,68
03017098;Magasa;Brescia;1;107;50,93;9,07;18,08;12,84;;126,91;13,03;229,70
03017099;Mairano;Brescia;1;3.489;8,41;;45,84;19,02;6,38;15,08;22,00;155,43
03017100;Malegno;Brescia;1;1.960;8,71;;46,99;21,39;6,06;19,93;13,76;116,84
03017101;Malonno;Brescia;1;3.023;15,74;0,21;54,09;26,24;20,68;15,45;10,71;143,11
03017102;Manerba del Garda;Brescia;1;5.447;16,26;22,33;52,34;33,94;18,53;123,18;32,95;300,41
03017103;Manerbio;Brescia;1;13.382;4,73;10,05;25,65;18,96;2,30;46,75;13,60;121,47
03017104;Marcheno;Brescia;1;4.187;7,41;;33,00;21,80;5,17;24,82;18,51;110,71
03017106;Marone;Brescia;1;3.108;13,96;;60,99;30,87;10,37;15,66;14,73;180,19
03017107;Mazzano;Brescia;1;12.516;0,50;8,63;43,11;10,34;10,71;18,42;17,45;109,58
03017108;Milzano;Brescia;1;1.739;15,76;15,72;52,46;13,49;4,36;3,13;11,27;116,19
03017109;Moniga del Garda;Brescia;1;2.608;17,01;27,26;63,80;28,26;29,19;121,53;21,67;309,12
03017110;Monno;Brescia;1;515;22,01;;73,04;28,17;16,46;36,26;9,06;184,99
03017111;Monte Isola;Brescia;1;1.628;14,46;12,64;58,81;35,45;20,93;3,42;18,34;164,05
03017112;Monticelli Brusati;Brescia;1;4.570;6,27;7,87;55,17;19,22;;33,87;19,17;178,26
03017113;Montichiari;Brescia;1;26.150;7,48;7,47;33,05;14,48;10,80;29,19;7,17;113,49
03017114;Montirone;Brescia;1;5.067;7,99;5,88;43,50;17,88;7,15;33,69;10,57;126,10
03017115;Mura;Brescia;1;773;14,19;4,84;36,23;9,86;34,04;16,53;33,79;177,28
03017116;Muscoline;Brescia;1;2.676;14,20;6,91;35,07;14,08;3,18;19,82;26,07;138,63
03017117;Nave;Brescia;1;10.630;5,63;;41,55;25,31;18,75;16,44;19,75;143,88
03017118;Niardo;Brescia;1;1.967;16,93;;43,08;18,96;1,90;22,57;8,05;111,48
03017119;Nuvolento;Brescia;1;3.864;7,15;5,97;50,49;14,39;18,26;24,60;29,25;150,54
03017120;Nuvolera;Brescia;1;4.693;6,24;6,10;43,11;14,74;13,96;24,08;33,85;141,93
03017121;Odolo;Brescia;1;1.917;16,15;6,07;39,55;12,36;1,98;27,82;29,03;146,71
03017122;Offlaga;Brescia;1;4.098;12,08;26,85;36,66;14,34;1,14;6,16;17,15;125,56
03017123;Ome;Brescia;1;3.146;7,20;18,16;50,15;1,89;4,08;9,21;11,56;102,26
03017124;Ono San Pietro;Brescia;1;966;17,15;0,64;43,55;18,91;9,32;24,84;7,58;122,00
03017125;Orzinuovi;Brescia;1;12.373;7,26;9,89;45,00;15,79;16,64;7,04;7,62;116,52
03017126;Orzivecchi;Brescia;1;2.416;5,57;6,44;47,51;16,41;8,95;6,46;8,15;109,84
03017127;Ospitaletto;Brescia;1;14.637;3,40;;23,65;14,54;8,16;28,61;13,43;91,78
03017128;Ossimo;Brescia;1;1.450;15,60;;51,02;20,73;8,38;21,51;16,19;133,42
03017129;Padenghe sul Garda;Brescia;1;4.761;12,96;16,42;38,03;19,19;32,05;82,55;92,20;300,31
03017130;Paderno Franciacorta;Brescia;1;3.612;5,83;8,39;40,40;14,27;4,17;24,72;12,35;125,92
03017131;Paisco Loveno;Brescia;1;176;10,94;;47,39;27,97;;100,16;11,78;198,24
03017132;Paitone;Brescia;1;2.169;15,99;9,63;40,51;19,62;;38,39;27,52;176,51
03017133;Palazzolo sull'Oglio;Brescia;1;19.895;11,92;10,76;36,43;15,42;13,95;;10,09;98,56
03017134;Paratico;Brescia;1;4.880;11,32;;60,16;22,10;13,44;15,16;25,39;163,46
03017135;Paspardo;Brescia;1;578;17,14;;32,35;32,80;5,33;33,29;8,44;129,36
03017136;Passirano;Brescia;1;6.894;6,14;6,16;43,90;18,80;5,57;22,68;9,01;115,17
03017137;Pavone del Mella;Brescia;1;2.726;11,75;40,77;37,84;2,66;3,88;11,14;10,29;118,32
03017139;Pertica Alta;Brescia;1;559;10,95;5,02;31,86;10,23;18,52;30,04;25,24;165,72
03017140;Pertica Bassa;Brescia;1;575;10,99;6,20;31,76;12,63;;26,71;25,74;134,16
03017141;Pezzaze;Brescia;1;1.442;6,83;;51,41;21,13;;17,41;13,65;110,43
03017142;Pian Camuno;Brescia;1;4.707;15,01;;53,18;26,92;6,52;11,57;12,48;133,34
03017206;Piancogno;Brescia;1;4.708;12,04;;54,22;21,96;3,75;15,46;8,51;115,94
03017143;Pisogne;Brescia;1;7.821;10,12;15,37;35,28;13,46;14,56;4,98;29,05;122,83
03017144;Polaveno;Brescia;1;2.469;11,38;;45,58;19,07;3,45;22,71;5,60;107,80
03017145;Polpenazze del Garda;Brescia;1;2.700;7,11;9,50;35,47;13,76;1,07;63,36;18,54;150,90
03017146;Pompiano;Brescia;1;3.740;6,71;6,03;31,06;16,24;1,56;23,76;19,34;104,69
03017147;Poncarale;Brescia;1;5.165;7,62;5,75;39,55;15,98;7,96;13,78;17,78;110,11
03017148;Ponte di Legno;Brescia;1;1.761;72,21;;146,96;114,33;158,23;84,34;109,18;685,24
03017149;Pontevico;Brescia;1;7.027;5,92;12,36;15,00;13,11;2,71;45,63;5,52;99,76
03017150;Pontoglio;Brescia;1;6.874;11,73;;48,51;20,60;11,66;17,38;20,97;167,83
03017151;Pozzolengo;Brescia;1;3.554;5,38;9,92;24,43;14,61;8,25;57,41;13,38;132,81
03017152;Pralboino;Brescia;1;2.834;8,97;7,78;34,69;17,59;2,36;15,52;3,66;90,55
03017153;Preseglie;Brescia;1;1.469;18,00;7,17;43,31;14,60;0,38;15,08;17,55;151,30
03017155;Prevalle;Brescia;1;6.818;7,70;7,50;41,64;14,01;2,42;22,24;5,84;101,69
03017156;Provaglio d'Iseo;Brescia;1;7.159;7,68;7,76;35,47;12,72;1,08;26,30;4,39;95,40
03017157;Provaglio Val Sabbia;Brescia;1;884;10,66;5,61;26,05;11,43;20,69;17,98;21,22;132,08
03017158;Puegnago sul Garda;Brescia;1;3.462;5,59;12,46;22,52;17,46;2,40;51,46;41,60;155,50
03017159;Quinzano d'Oglio;Brescia;1;6.175;17,02;13,52;31,34;12,38;7,77;7,51;8,81;98,33
03017160;Remedello;Brescia;1;3.353;19,34;8,23;49,63;18,19;12,09;41,37;15,70;166,76
03017161;Rezzato;Brescia;1;13.339;7,69;4,85;54,24;17,72;11,60;14,40;6,31;121,70
03017162;Roccafranca;Brescia;1;4.824;5,20;6,30;43,51;25,06;9,50;16,70;12,31;119,23
03017163;Rodengo Saiano;Brescia;1;9.799;8,77;;47,51;31,05;9,74;12,74;12,15;151,25
03017164;Roe Volciano;Brescia;1;4.354;22,37;8,00;52,14;16,30;1,93;21,73;28,86;182,07
03017165;Roncadelle;Brescia;1;9.279;8,61;15,40;49,65;19,72;11,43;22,35;13,81;140,95
03017166;Rovato;Brescia;1;19.267;5,63;9,99;37,39;16,90;14,42;14,75;9,16;113,77
03017167;Rudiano;Brescia;1;5.859;11,37;;21,09;25,37;4,55;39,42;13,79;115,60
03017168;Sabbio Chiese;Brescia;1;3.915;13,51;7,29;44,57;14,85;7,44;17,63;12,92;128,90
03017169;Sale Marasino;Brescia;1;3.281;19,96;;52,47;26,73;16,43;18,18;15,21;159,17
03017170;Salo;Brescia;1;10.445;13,36;14,44;34,68;19,35;12,06;87,25;12,93;194,44
03017171;San Felice del Benaco;Brescia;1;3.478;14,25;20,46;47,47;28,98;6,97;120,07;37,51;279,61
03017172;San Gervasio Bresciano;Brescia;1;2.667;15,22;16,32;44,93;11,87;0,14;9,38;13,97;124,20
03017138;San Paolo;Brescia;1;4.436;5,73;7,46;28,10;13,78;9,96;11,30;8,37;84,68
03017173;San Zeno Naviglio;Brescia;1;4.733;5,40;11,91;36,20;20,84;13,74;24,08;14,25;136,24
03017174;Sarezzo;Brescia;1;13.153;8,12;;34,50;23,41;12,22;17,27;14,24;109,76
03017175;Saviore dell'Adamello;Brescia;1;802;21,45;;54,09;28,58;15,38;37,83;9,52;166,85
03017176;Sellero;Brescia;1;1.397;19,54;0,39;63,53;23,89;10,92;26,21;8,39;152,87
03017178;Serle;Brescia;1;3.038;16,29;5,64;48,22;11,48;;16,62;2,99;106,37
03017179;Sirmione;Brescia;1;8.351;22,00;;49,92;63,58;46,43;43,85;32,12;257,90
03017180;Soiano del Lago;Brescia;1;1.930;7,87;11,98;37,19;16,26;1,87;78,84;9,29;166,46
03017181;Sonico;Brescia;1;1.207;19,53;;67,15;28,29;20,09;26,46;11,94;173,46
03017182;Sulzano;Brescia;1;1.933;13,71;;81,87;26,05;12,49;16,67;16,76;208,97
03017184;Temu;Brescia;1;1.105;38,99;;89,44;66,36;31,27;31,84;21,59;279,48
03017185;Tignale;Brescia;1;1.163;29,58;41,60;66,66;27,32;59,71;174,34;20,25;427,58
03017186;Torbole Casaglia;Brescia;1;6.432;5,33;8,33;38,39;16,84;1,09;22,97;7,03;99,98
03017187;Toscolano-Maderno;Brescia;1;7.473;15,98;18,19;41,09;23,31;10,58;118,43;23,84;251,63
03017188;Travagliato;Brescia;1;13.723;3,76;;32,55;20,01;8,94;28,33;1,57;95,15
03017189;Tremosine sul Garda;Brescia;1;2.044;36,89;58,00;34,73;14,20;18,62;131,27;22,07;325,72
03017190;Trenzano;Brescia;1;5.465;6,35;2,59;23,61;6,80;8,20;20,10;19,20;86,85
03017191;Treviso Bresciano;Brescia;1;511;11,22;6,40;34,12;13,03;;50,95;41,92;196,19
03017192;Urago d'Oglio;Brescia;1;3.713;15,15;;71,61;18,11;5,14;16,75;16,92;195,52
03017193;Vallio Terme;Brescia;1;1.408;32,36;7,33;48,32;14,93;0,73;21,41;43,68;210,96
03017194;Valvestino;Brescia;1;173;42,40;24,69;17,35;14,56;23,97;105,68;12,35;239,90
03017195;Verolanuova;Brescia;1;8.050;1,67;9,54;29,29;13,21;3,81;44,02;4,98;106,08
03017197;Vestone;Brescia;1;4.174;18,42;7,25;45,89;14,76;0,18;17,16;24,18;151,62
03017198;Vezza d'Oglio;Brescia;1;1.474;25,04;;74,89;42,80;23,02;34,77;12,61;213,11
03017199;Villa Carcina;Brescia;1;10.690;10,27;;56,28;20,49;5,75;20,81;11,97;157,81
03017200;Villachiara;Brescia;1;1.356;6,38;4,65;45,44;13,13;8,87;21,82;17,18;117,48
03017201;Villanuova sul Clisi;Brescia;1;5.822;19,08;8,03;46,88;15,98;8,41;20,12;19,27;157,60
03017202;Vione;Brescia;1;622;60,31;;59,00;56,15;56,58;57,08;18,63;307,74
03017203;Visano;Brescia;1;1.987;10,90;7,80;42,25;25,49;10,01;31,51;23,49;152,07
03017204;Vobarno;Brescia;1;8.259;16,47;7,17;39,68;14,60;2,51;12,73;24,15;139,44
03017205;Zone;Brescia;1;1.031;20,87;17,41;87,36;29,45;;33,13;18,29;224,76
16074001;Brindisi;Brindisi;1;83.169;27,97;30,18;67,38;18,32;45,40;63,88;;253,14
16074002;Carovigno;Brindisi;1;16.784;19,67;34,08;81,69;42,11;36,52;6,07;;231,17
16074004;Cellino San Marco;Brindisi;1;6.134;36,14;74,99;26,48;;19,73;22,65;27,22;219,19
16074005;Cisternino;Brindisi;1;11.216;29,45;18,00;68,71;20,91;27,77;18,48;11,74;195,98
16074007;Fasano;Brindisi;1;38.800;18,68;36,75;72,39;41,69;11,55;70,36;24,05;275,49
16074008;Francavilla Fontana;Brindisi;1;35.135;16,19;21,95;43,27;26,26;18,30;104,21;35,07;268,14
16074010;Mesagne;Brindisi;1;25.986;60,48;17,89;36,29;38,76;24,16;6,77;2,78;187,14
16074013;San Donaci;Brindisi;1;6.214;20,76;20,74;89,94;42,44;41,51;20,88;22,15;291,14
16074016;San Pietro Vernotico;Brindisi;1;13.110;11,89;11,68;73,87;43,98;15,86;23,76;2,31;189,23
16074018;Torchiarolo;Brindisi;1;5.211;14,46;43,15;97,08;17,71;45,01;34,93;8,89;289,58
16074019;Torre Santa Susanna;Brindisi;1;10.115;13,84;19,53;40,67;31,71;23,64;47,54;4,87;181,79
20092003;Assemini;Cagliari [fino 2024];1;25.944;26,42;18,63;63,33;14,82;19,02;19,06;17,15;212,00
20092009;Cagliari;Cagliari [fino 2024];1;148.881;25,57;2,95;83,15;43,72;58,03;28,30;57,19;306,97
20092015;Decimomannu;Cagliari [fino 2024];1;8.293;8,64;16,53;20,71;19,60;7,67;59,71;;141,31
20092108;Elmas;Cagliari [fino 2024];1;9.358;11,57;0,72;59,35;9,28;18,94;24,18;10,65;134,67
20092037;Maracalagonis;Cagliari [fino 2024];1;7.873;30,16;31,51;86,43;4,01;20,27;17,51;27,04;216,94
20092109;Monserrato;Cagliari [fino 2024];1;19.037;17,55;16,31;53,74;18,60;34,50;18,08;18,00;176,78
20092050;Pula;Cagliari [fino 2024];1;7.054;32,47;;112,70;;31,87;88,34;16,82;282,19
20092105;Quartucciu;Cagliari [fino 2024];1;12.756;8,02;15,74;50,53;15,81;26,63;25,11;10,76;152,59
20092066;Sarroch;Cagliari [fino 2024];1;5.033;13,80;41,62;91,43;18,50;33,03;49,59;39,34;287,31
20092074;Sestu;Cagliari [fino 2024];1;20.676;14,86;17,57;40,55;15,50;17,17;24,42;8,70;153,26
20092075;Settimo San Pietro;Cagliari [fino 2024];Vedi aggregazione: UNIONE DEI COMUNI DEL PARTEOLLA E BASSO CAMPIDANO;;;;;;;;;
20092080;Sinnai;Cagliari [fino 2024];1;17.172;14,18;23,16;58,52;18,90;25,29;12,72;7,39;160,16
20092090;Uta;Cagliari [fino 2024];1;8.596;16,35;15,57;51,85;15,84;7,23;8,99;15,40;151,28
20092099;Villa San Pietro;Cagliari [fino 2024];1;2.155;7,38;15,23;25,63;16,63;7,25;43,47;10,00;126,04
19085001;Acquaviva Platani;Caltanissetta;Vedi aggregazione: SOCIETA' REGOLAMENTAZIONE RIFIUTI CALTANISSETTA PROVINCIA NORD;;;;;;;;;
19085002;Bompensiere;Caltanissetta;Vedi aggregazione: SOCIETA' REGOLAMENTAZIONE RIFIUTI CALTANISSETTA PROVINCIA NORD;;;;;;;;;
19085003;Butera;Caltanissetta;1;4.163;58,64;14,53;33,25;25,41;31,25;56,07;;228,16
19085004;Caltanissetta - Dato aggregazione SOCIETA' REGOLAMENTAZIONE RIFIUTI CALTANISSETTA PROVINCIA NORD;Caltanissetta;15;117.693;28,09;22,25;51,42;33,49;17,66;31,35;8,28;192,54
19085005;Campofranco;Caltanissetta;Vedi aggregazione: SOCIETA' REGOLAMENTAZIONE RIFIUTI CALTANISSETTA PROVINCIA NORD;;;;;;;;;
19085007;Gela;Caltanissetta;1;71.708;42,56;;22,92;;15,26;0,02;4,89;85,64
19085008;Marianopoli;Caltanissetta;Vedi aggregazione: SOCIETA' REGOLAMENTAZIONE RIFIUTI CALTANISSETTA PROVINCIA NORD;;;;;;;;;
19085010;Milena;Caltanissetta;Vedi aggregazione: SOCIETA' REGOLAMENTAZIONE RIFIUTI CALTANISSETTA PROVINCIA NORD;;;;;;;;;
19085011;Montedoro;Caltanissetta;Vedi aggregazione: SOCIETA' REGOLAMENTAZIONE RIFIUTI CALTANISSETTA PROVINCIA NORD;;;;;;;;;
19085012;Mussomeli;Caltanissetta;Vedi aggregazione: SOCIETA' REGOLAMENTAZIONE RIFIUTI CALTANISSETTA PROVINCIA NORD;;;;;;;;;
19085014;Resuttano;Caltanissetta;Vedi aggregazione: SOCIETA' REGOLAMENTAZIONE RIFIUTI CALTANISSETTA PROVINCIA NORD;;;;;;;;;
19085015;Riesi;Caltanissetta;1;10.532;19,46;8,48;27,64;16,47;36,61;10,23;3,80;122,70
19085016;San Cataldo;Caltanissetta;Vedi aggregazione: SOCIETA' REGOLAMENTAZIONE RIFIUTI CALTANISSETTA PROVINCIA NORD;;;;;;;;;
19085017;Santa Caterina Villarmosa;Caltanissetta;Vedi aggregazione: SOCIETA' REGOLAMENTAZIONE RIFIUTI CALTANISSETTA PROVINCIA NORD;;;;;;;;;
19085018;Serradifalco;Caltanissetta;Vedi aggregazione: SOCIETA' REGOLAMENTAZIONE RIFIUTI CALTANISSETTA PROVINCIA NORD;;;;;;;;;
19085020;Sutera;Caltanissetta;Vedi aggregazione: SOCIETA' REGOLAMENTAZIONE RIFIUTI CALTANISSETTA PROVINCIA NORD;;;;;;;;;
19085021;Vallelunga Pratameno;Caltanissetta;Vedi aggregazione: SOCIETA' REGOLAMENTAZIONE RIFIUTI CALTANISSETTA PROVINCIA NORD;;;;;;;;;
19085022;Villalba;Caltanissetta;Vedi aggregazione: SOCIETA' REGOLAMENTAZIONE RIFIUTI CALTANISSETTA PROVINCIA NORD;;;;;;;;;
14070001;Acquaviva Collecroce;Campobasso;1;583;18,95;4,84;75,80;8,56;17,67;5,51;7,17;138,49
14070002;Baranello;Campobasso;1;2.484;10,87;93,94;;;0,40;1,21;;106,42
14070004;Bonefro;Campobasso;1;1.197;15,03;18,06;;17,16;22,09;8,35;;80,68
14070005;Busso;Campobasso;1;1.163;37,67;11,73;28,64;19,94;2,67;6,58;;107,23
14070006;Campobasso;Campobasso;1;47.334;15,93;28,53;53,61;6,68;14,80;24,65;13,58;165,24
14070007;Campochiaro;Campobasso;1;594;26,14;35,37;52,27;;;61,53;3,22;178,53
14070008;Campodipietra;Campobasso;1;2.431;13,23;3,09;12,38;52,93;0,83;0,84;0,61;83,90
14070009;Campolieto;Campobasso;1;796;28,73;4,59;20,41;34,15;27,46;17,82;;133,17
14070010;Campomarino;Campobasso;Vedi aggregazione: UNIONE DEI COMUNI DEL BASSO BIFERNO;;;;;;;;;
14070012;Casalciprano;Campobasso;1;471;48,15;10,92;35,54;7,36;6,37;10,98;;119,32
14070013;Castelbottaccio;Campobasso;1;250;48,70;14,04;64,59;;60,58;32,34;17,16;237,41
14070015;Castelmauro;Campobasso;1;1.217;62,61;;5,51;;48,40;6,16;;122,68
14070016;Castropignano;Campobasso;1;873;7,32;2,80;31,34;11,77;5,73;19,97;20,62;99,55
14070017;Cercemaggiore;Campobasso;1;3.589;13,90;9,16;29,69;8,68;10,52;10,20;1,22;83,38
14070018;Cercepiccola;Campobasso;1;610;18,29;13,11;52,70;0,84;18,29;32,74;;135,98
14070019;Civitacampomarano;Campobasso;1;305;9,84;19,67;65,57;9,84;9,84;68,85;18,37;201,97
14070020;Colle d'Anchise;Campobasso;1;731;14,16;;35,40;21,90;21,69;35,37;;128,52
14070021;Colletorto;Campobasso;1;1.682;10,32;6,46;27,75;10,03;25,84;15,59;12,40;108,38
14070022;Duronia;Campobasso;1;393;97,86;32,00;;;;17,73;46,20;193,80
14070023;Ferrazzano;Campobasso;1;3.189;11,23;3,14;59,33;10,98;7,25;5,64;14,11;111,67
14070024;Fossalto;Campobasso;1;1.171;7,18;11,24;26,05;4,04;26,05;7,21;17,98;111,27
14070026;Gildone;Campobasso;1;750;14,51;3,15;12,61;58,03;13,56;22,10;6,46;130,42
14070027;Guardialfiera;Campobasso;1;957;30,98;21,00;7,12;11,19;22,51;16,58;15,00;124,37
14070028;Guardiaregia;Campobasso;1;712;2,31;38,49;12,62;;9,33;38,45;17,60;169,25
14070029;Guglionesi;Campobasso;Vedi aggregazione: UNIONE DEI COMUNI DEL BASSO BIFERNO;;;;;;;;;
14070030;Jelsi;Campobasso;1;1.628;13,95;3,21;12,85;55,78;12,00;26,04;0,32;124,15
14070031;Larino - Dato aggregazione UNIONE DEI COMUNI DEL BASSO BIFERNO;Campobasso;9;35.855;11,58;1,13;58,19;20,92;;6,83;11,76;110,42
14070032;Limosano;Campobasso;1;698;22,61;10,60;;32,49;1,77;30,28;23,77;251,36
14070033;Lucito;Campobasso;1;628;9,46;37,16;31,40;;43,10;14,11;;135,23
14070034;Lupara;Campobasso;1;414;24,15;55,56;24,15;;16,91;12,08;31,40;164,25
14070035;Macchia Valfortore;Campobasso;1;490;112,45;28,39;;;;34,69;2,74;178,27
14070036;Mafalda;Campobasso;1;1.090;14,78;7,89;69,42;;3,68;14,83;;110,60
14070037;Matrice;Campobasso;1;1.048;8,39;;35,74;;12,40;;;56,54
14070038;Mirabello Sannitico;Campobasso;1;2.029;;10,60;50,18;;3,94;16,97;12,92;100,69
14070039;Molise;Campobasso;1;157;13,75;12,97;;13,03;;34,56;31,02;105,33
14070040;Monacilioni;Campobasso;1;476;12,62;18,78;11,41;;15,44;51,03;;109,27
14070042;Montecilfone;Campobasso;Vedi aggregazione: UNIONE DEI COMUNI DEL BASSO BIFERNO;;;;;;;;;
14070043;Montefalcone nel Sannio;Campobasso;1;1.386;15,26;5,06;61,04;9,69;7,30;16,33;2,16;116,84
14070044;Montelongo;Campobasso;1;316;;4,11;113,15;18,35;;11,08;1,90;148,59
14070045;Montemitro;Campobasso;1;299;32,17;8,79;32,17;5,81;30,46;62,64;7,81;179,84
14070046;Montenero di Bisaccia;Campobasso;Vedi aggregazione: UNIONE DEI COMUNI DEL BASSO BIFERNO;;;;;;;;;
14070047;Montorio nei Frentani;Campobasso;1;362;47,04;;66,02;14,04;;23,71;9,94;160,75
14070048;Morrone del Sannio;Campobasso;1;531;;;93,05;24,09;;3,01;1,13;121,29
14070049;Oratino;Campobasso;1;1.610;35,07;9,03;25,49;14,70;7,23;7,73;;99,25
14070050;Palata;Campobasso;1;1.563;7,83;21,18;33,77;;7,13;9,55;0,74;81,36
14070051;Petacciato;Campobasso;Vedi aggregazione: UNIONE DEI COMUNI DEL BASSO BIFERNO;;;;;;;;;
14070052;Petrella Tifernina;Campobasso;1;1.040;2,84;20,19;34,83;;8,10;16,73;;82,69
14070053;Pietracatella;Campobasso;1;1.243;16,63;27,04;28,04;;3,82;19,87;;95,41
14070055;Portocannone;Campobasso;Vedi aggregazione: UNIONE DEI COMUNI DEL BASSO BIFERNO;;;;;;;;;
14070056;Provvidenti;Campobasso;1;105;;;160,15;21,10;;16,11;1,90;199,27
14070057;Riccia;Campobasso;1;4.897;9,67;18,06;53,33;5,16;8,20;15,55;9,80;121,77
14070058;Ripabottoni;Campobasso;1;450;69,96;43,94;;;13,36;23,99;;151,24
14070060;Roccavivara;Campobasso;1;636;32,23;;;27,04;6,29;52,06;;117,62
14070061;Rotello;Campobasso;1;1.109;17,28;7,67;37,55;5,31;2,25;29,86;4,45;104,38
14070063;San Biase;Campobasso;1;133;164,20;18,46;;6,02;112,96;71,69;;373,33
14070065;San Giacomo degli Schiavoni;Campobasso;Vedi aggregazione: UNIONE DEI COMUNI DEL BASSO BIFERNO;;;;;;;;;
14070066;San Giovanni in Galdo;Campobasso;1;537;22,06;4,84;19,37;88,26;;9,33;1,46;145,31
14070067;San Giuliano del Sannio;Campobasso;1;952;14,84;8,19;42,31;7,56;14,33;11,40;;98,63
14070068;San Giuliano di Puglia;Campobasso;1;965;;6,76;58,24;;2,45;3,84;;71,70
14070069;San Martino in Pensilis;Campobasso;1;4.530;9,85;9,75;44,87;11,58;11,87;12,09;1,83;101,83
14070071;San Polo Matese;Campobasso;1;474;12,25;20,46;44,49;4,81;;15,33;5,55;102,89
14070072;Santa Croce di Magliano;Campobasso;1;3.967;10,44;22,61;39,66;3,71;15,52;14,29;2,26;116,68
14070073;Sant'Angelo Limosano;Campobasso;1;317;29,06;17,87;31,61;;18,93;94,86;9,54;201,86
14070074;Sant'Elia a Pianisi;Campobasso;1;1.569;16,01;19,28;39,28;;12,37;21,42;;108,36
14070076;Spinete;Campobasso;1;1.183;7,95;14,37;39,73;6,76;4,23;4,23;;77,26
14070077;Tavenna;Campobasso;1;599;56,97;12,98;12,68;6,67;0,84;26,96;;119,28
14070078;Termoli;Campobasso;1;32.351;12,06;21,89;67,26;17,51;25,77;22,21;25,84;192,53
14070080;Toro;Campobasso;1;1.238;6,84;1,44;5,75;27,36;22,03;28,05;4,44;95,92
14070081;Trivento;Campobasso;1;4.428;8,18;31,96;37,40;;12,18;11,61;3,17;105,76
14070082;Tufara;Campobasso;1;795;23,82;18,87;21,18;;7,09;46,09;;117,05
14070083;Ururi;Campobasso;Vedi aggregazione: UNIONE DEI COMUNI DEL BASSO BIFERNO;;;;;;;;;
14070084;Vinchiaturo;Campobasso;1;3.282;4,28;13,85;56,37;;7,97;0,75;;83,22
15061001;Ailano;Caserta;1;1.207;17,29;17,83;72,06;14,31;6,72;10,64;26,30;165,16
15061003;Alvignano;Caserta;1;4.512;13,61;19,58;68,90;18,04;2,91;2,64;18,70;157,67
15061005;Aversa;Caserta;1;50.221;64,90;66,06;38,94;24,74;25,93;11,35;34,36;266,28
15061006;Baia e Latina;Caserta;1;2.026;32,09;31,00;48,13;14,51;17,41;9,65;;152,78
15061007;Bellona;Caserta;1;5.939;55,45;52,26;36,94;35,71;3,54;18,70;2,64;205,23
15061009;Caiazzo;Caserta;1;5.166;18,89;21,66;52,89;15,29;;3,10;;111,83
15061011;Camigliano;Caserta;1;1.980;22,89;47,31;;1,56;5,49;7,64;20,80;105,68
15061012;Cancello ed Arnone;Caserta;1;5.467;13,43;22,79;64,37;44,11;45,23;12,08;;202,00
15061013;Capodrise;Caserta;1;10.059;43,00;22,17;25,80;33,35;17,16;12,02;3,82;157,33
15061014;Capriati a Volturno;Caserta;1;1.468;10,89;34,92;9,46;;42,44;16,55;40,84;155,10
15061015;Capua;Caserta;1;17.573;55,59;40,93;52,65;28,96;26,57;27,27;17,37;249,32
15061016;Carinaro;Caserta;1;7.130;21,91;36,17;47,18;23,94;10,09;6,10;19,53;164,92
15061018;Casagiove;Caserta;1;12.993;127,49;29,82;1,15;33,65;0,26;1,41;15,05;208,83
15061019;Casal di Principe;Caserta;1;21.115;40,76;54,55;24,46;18,61;16,29;6,11;4,13;164,92
15061103;Casapesenna;Caserta;1;6.772;25,48;60,78;37,50;20,08;20,06;15,36;1,68;182,56
15061021;Casapulla;Caserta;1;8.301;86,14;32,06;;33,55;31,80;7,09;11,29;202,18
15061022;Caserta;Caserta;1;73.068;26,41;51,19;;34,08;35,51;29,92;81,91;259,02
15061023;Castel Campagnano;Caserta;1;1.473;20,50;32,85;86,34;37,13;11,39;25,82;48,69;262,71
15061024;Castel di Sasso;Caserta;1;1.046;17,12;24,27;47,95;5,69;;12,67;;107,70
15061026;Castel Morrone;Caserta;1;3.620;80,91;27,18;;16,47;2,57;26,41;3,61;157,15
15061027;Castel Volturno;Caserta;1;27.695;125,76;125,76;25,71;;18,22;27,80;;323,26
15061025;Castello del Matese;Caserta;1;1.400;;45,90;41,68;11,80;7,65;14,90;;121,94
15061028;Cervino;Caserta;1;4.776;56,83;18,49;34,10;37,23;22,70;1,28;13,13;186,13
15061029;Cesa;Caserta;1;9.369;40,64;27,92;;20,17;11,48;16,01;13,12;129,35
15061030;Ciorlano;Caserta;1;371;73,89;64,95;20,42;2,36;5,39;8,76;6,74;182,51
15061031;Conca della Campania;Caserta;1;1.166;27,09;12,12;63,22;23,85;;8,53;43,43;178,24
15061032;Curti;Caserta;1;6.684;31,86;47,73;31,86;28,78;9,90;34,12;11,53;198,17
15061033;Dragoni;Caserta;1;1.957;88,10;26,50;19,29;20,19;4,99;15,33;15,25;189,65
15061101;Falciano del Massico;Caserta;1;3.344;118,67;31,11;;34,55;36,54;3,08;0,65;224,61
15061035;Formicola;Caserta;1;1.371;66,77;28,15;26,69;19,78;;10,77;;152,16
15061036;Francolise;Caserta;1;4.613;21,90;34,09;28,38;24,75;26,48;8,11;4,57;148,27
15061037;Frignano;Caserta;1;8.878;17,05;40,93;26,10;47,31;10,22;12,98;63,99;218,58
15061039;Galluccio;Caserta;1;2.011;15,52;11,64;79,65;32,42;10,50;23,94;16,51;190,18
15061041;Gioia Sannitica;Caserta;1;3.284;11,96;22,59;1,39;6,25;;4,14;23,35;69,67
15061044;Letino;Caserta;1;640;11,59;42,43;11,59;0,75;;37,57;8,07;111,99
15061046;Lusciano;Caserta;1;15.687;32,92;35,07;51,73;32,04;9,41;8,20;;172,10
15061047;Macerata Campania;Caserta;1;9.961;15,65;41,19;29,06;27,47;21,68;10,36;9,57;156,75
15061048;Maddaloni;Caserta;1;36.942;42,53;62,75;42,53;15,52;42,53;2,17;1,09;209,12
15061049;Marcianise;Caserta;1;38.476;8,28;48,33;52,06;39,95;13,78;39,31;6,48;208,18
15061050;Marzano Appio;Caserta;1;1.983;39,31;35,95;79,82;15,72;8,47;4,19;51,26;234,71
15061052;Mondragone;Caserta;1;28.373;26,84;62,72;54,49;22,56;20,33;4,80;;191,75
15061053;Orta di Atella;Caserta;1;27.113;14,75;46,28;50,76;8,79;23,31;16,65;16,28;176,81
15061054;Parete;Caserta;1;12.099;47,91;19,88;27,02;51,18;3,62;8,57;;158,17
15061055;Pastorano;Caserta;1;2.915;46,66;7,69;88,37;1,29;5,91;2,86;;152,78
15061057;Piedimonte Matese;Caserta;1;10.282;78,39;25,27;47,04;21,49;31,33;4,56;32,20;240,28
15061058;Pietramelara;Caserta;1;4.475;;38,97;;14,51;;12,88;11,31;79,91
15061059;Pietravairano;Caserta;1;2.856;8,49;26,40;11,01;17,82;0,55;6,12;;70,39
15061060;Pignataro Maggiore;Caserta;1;5.735;;31,79;;35,17;;8,03;;74,99
15061061;Pontelatone;Caserta;1;1.523;44,84;51,02;46,87;13,36;12,49;6,08;26,21;200,87
15061062;Portico di Caserta;Caserta;1;7.733;63,25;45,10;16,31;;;10,97;;135,62
15061063;Prata Sannita;Caserta;1;1.371;23,56;18,77;85,81;23,82;2,50;14,77;0,56;169,79
15061064;Pratella;Caserta;1;1.430;17,95;25,84;35,38;6,04;2,83;9,56;25,86;123,47
15061066;Raviscanina;Caserta;1;1.180;9,99;22,31;7,78;11,70;;65,32;;117,11
15061067;Recale;Caserta;1;7.583;11,31;24,04;57,76;33,99;7,70;6,33;10,68;151,82
15061068;Riardo;Caserta;1;2.228;;73,54;;;;100,81;;174,35
15061070;Roccamonfina;Caserta;1;3.182;46,82;21,58;56,78;30,09;15,17;54,09;9,47;234,00
15061071;Roccaromana;Caserta;1;839;29,96;38,07;69,01;6,51;18,60;14,47;5,02;185,23
15061072;Rocchetta e Croce;Caserta;1;451;96,25;13,13;19,02;21,14;;22,05;38,15;209,73
15061074;San Cipriano d'Aversa;Caserta;1;13.049;11,16;23,27;58,96;31,18;7,59;6,75;0,79;139,70
15061075;San Felice a Cancello;Caserta;1;16.824;34,65;28,40;50,01;41,54;8,96;24,69;6,81;195,87
15061076;San Gregorio Matese;Caserta;1;887;48,53;14,11;56,06;29,59;;;13,90;162,19
15061077;San Marcellino;Caserta;1;14.399;10,98;36,34;54,89;16,43;11,62;18,59;11,67;160,51
15061104;San Marco Evangelista;Caserta;1;6.421;21,23;32,57;88,86;42,24;13,92;21,45;24,72;245,00
15061078;San Nicola la Strada;Caserta;1;22.073;15,24;49,98;76,20;11,64;16,14;4,88;13,33;187,40
15061081;San Prisco;Caserta;1;11.946;19,86;39,04;44,51;43,18;16,82;6,58;5,34;175,32
15061085;San Tammaro;Caserta;1;5.668;17,97;36,71;43,12;28,87;10,78;3,99;16,03;157,47
15061082;Santa Maria a Vico;Caserta;1;14.106;30,42;13,07;21,35;39,74;21,99;7,93;1,19;139,94
15061083;Santa Maria Capua Vetere;Caserta;1;31.930;27,52;40,55;86,71;19,26;24,30;14,21;11,44;223,99
15061084;Santa Maria la Fossa;Caserta;1;2.525;23,67;;58,11;32,11;14,26;26,61;29,40;186,15
15061086;Sant'Angelo d'Alife;Caserta;1;2.077;8,68;22,10;43,32;11,20;4,71;38,29;;128,30
15061087;Sant'Arpino;Caserta;1;14.922;28,19;33,23;;19,52;12,80;36,39;;130,12
15061088;Sessa Aurunca;Caserta;1;20.279;54,15;32,31;61,32;27,36;23,89;101,23;;300,26
15061092;Teverola;Caserta;1;14.523;11,83;34,13;35,49;28,02;11,83;3,09;;124,39
15061093;Tora e Piccilli;Caserta;1;786;27,34;47,35;54,68;20,56;9,11;52,30;6,46;217,80
15061094;Trentola-Ducenta;Caserta;1;20.087;;65,47;61,50;;1,99;8,46;;137,42
15061098;Villa di Briano;Caserta;1;7.267;44,79;41,28;5,96;20,31;11,08;16,41;7,88;154,28
15061099;Villa Literno;Caserta;1;12.078;75,73;107,42;;;14,24;0,87;;198,26
15061100;Vitulazio;Caserta;1;7.581;18,72;;62,83;;21,67;2,79;;106,01
19087001;Aci Bonaccorsi;Catania;1;3.490;22,09;26,36;57,75;15,63;15,21;11,47;;156,96
19087002;Aci Castello;Catania;1;17.890;9,33;10,62;73,84;13,48;44,94;36,87;42,83;231,92
19087005;Aci Sant'Antonio;Catania;1;17.864;10,13;25,03;50,65;17,54;11,84;15,84;;131,04
19087004;Acireale;Catania;1;50.417;66,02;19,34;39,61;22,88;26,37;10,35;31,48;216,05
19087006;Adrano;Catania;1;33.745;20,80;20,15;79,15;32,12;20,03;5,65;;177,90
19087007;Belpasso;Catania;1;27.605;16,41;16,51;48,88;28,55;15,45;11,77;6,56;144,12
19087008;Biancavilla;Catania;1;22.855;7,21;16,91;58,72;22,09;30,45;19,79;0,35;158,93
19087009;Bronte;Catania;1;18.230;17,88;17,98;70,09;14,32;36,96;21,36;;178,60
19087011;Caltagirone;Catania;1;35.890;10,24;20,96;59,57;14,04;23,27;18,07;12,35;166,51
19087012;Camporotondo Etneo;Catania;1;5.172;6,08;11,26;31,93;20,26;41,53;18,05;;128,87
19087013;Castel di Iudica;Catania;1;4.312;8,61;14,49;42,06;13,92;11,12;10,68;6,05;108,59
19087014;Castiglione di Sicilia;Catania;1;2.911;;14,13;;30,27;;212,58;;256,99
19087015;Catania;Catania;1;298.324;51,10;73,27;47,53;4,95;24,03;50,40;8,04;259,32
19087016;Fiumefreddo di Sicilia;Catania;1;9.013;24,05;28,10;47,63;8,15;40,64;16,13;0,56;165,26
19087018;Grammichele;Catania;1;12.422;14,45;12,96;46,39;18,42;15,21;26,92;10,12;149,62
19087019;Gravina di Catania;Catania;1;24.963;36,39;32,04;20,07;13,08;15,98;24,36;3,72;180,51
19087020;Licodia Eubea;Catania;1;2.753;12,39;9,80;54,99;17,51;10,07;17,35;10,30;139,96
19087021;Linguaglossa;Catania;1;5.068;14,43;;66,64;25,47;29,40;19,03;;159,12
19087022;Maletto;Catania;1;3.563;19,53;16,41;48,06;25,83;10,77;6,85;1,45;136,95
19087057;Maniace;Catania;1;3.753;100,38;25,94;2,66;0,53;;1,27;0,80;131,60
19087023;Mascali;Catania;1;14.147;93,25;41,99;47,59;18,82;;66,97;;268,63
19087024;Mascalucia;Catania;1;31.756;6,94;42,11;34,05;11,86;9,84;41,74;2,39;153,98
19087056;Mazzarrone;Catania;1;3.937;10,76;11,18;44,30;19,90;8,23;37,23;8,41;145,92
19087025;Militello in Val di Catania;Catania;1;6.728;10,26;17,75;53,89;15,07;21,38;19,21;12,86;155,55
19087026;Milo;Catania;1;1.036;19,31;29,84;96,56;20,44;43,66;57,63;;267,44
19087027;Mineo;Catania;1;4.847;12,55;13,06;60,83;12,21;23,17;20,40;9,44;152,90
19087028;Mirabella Imbaccari;Catania;1;4.196;14,28;20,00;52,07;19,94;17,64;22,31;11,20;164,22
19087029;Misterbianco;Catania;1;48.784;14,38;16,37;47,62;10,64;24,12;27,40;4,11;153,02
19087030;Motta Sant'Anastasia;Catania;1;12.008;13,85;31,99;60,77;9,70;14,77;23,62;;155,49
19087031;Nicolosi;Catania;1;7.612;21,60;40,12;79,21;18,60;9,83;11,97;;184,04
19087032;Palagonia;Catania;1;15.649;9,97;16,21;50,62;14,97;16,11;21,45;10,22;145,03
19087033;Paterno;Catania;1;45.070;31,51;24,45;44,13;13,94;12,94;34,97;3,49;165,44
19087034;Pedara;Catania;1;14.807;9,75;46,62;69,81;4,88;9,77;11,34;;151,77
19087035;Piedimonte Etneo;Catania;1;3.880;39,29;5,60;55,17;27,47;45,36;17,12;5,86;195,86
19087036;Raddusa;Catania;1;2.806;10,44;13,59;47,54;14,76;11,52;16,58;7,15;123,20
19087037;Ramacca;Catania;1;10.270;6,78;14,75;34,86;15,74;6,78;10,83;6,33;103,02
19087038;Randazzo;Catania;1;10.291;23,59;19,54;47,18;14,79;11,79;43,16;14,19;174,25
19087039;Riposto;Catania;1;13.902;8,93;44,91;44,63;23,26;53,57;;;175,59
19087040;San Cono;Catania;1;2.397;11,16;8,84;59,54;15,20;22,33;18,05;12,99;158,31
19087041;San Giovanni la Punta;Catania;1;23.458;8,35;33,88;60,63;24,11;19,36;45,40;4,36;219,96
19087042;San Gregorio di Catania;Catania;1;11.450;11,89;22,42;59,46;11,17;26,89;23,34;5,33;160,49
19087043;San Michele di Ganzaria;Catania;1;2.875;12,59;8,29;68,75;21,51;16,46;26,20;12,90;177,07
19087044;San Pietro Clarenza;Catania;1;8.227;6,41;20,94;40,66;17,71;39,87;13,25;;138,84
19087048;Santa Venerina;Catania;1;8.321;102,28;16,35;5,26;10,73;;23,94;9,01;115,68
19087045;Sant'Agata li Battiati;Catania;1;9.330;23,41;33,39;53,19;45,37;50,86;16,82;;223,05
19087049;Scordia;Catania;1;16.138;9,18;17,38;48,95;16,40;18,36;16,21;10,31;146,37
19087050;Trecastagni;Catania;1;11.135;30,09;32,33;35,79;;13,47;69,73;0,45;207,00
19087051;Tremestieri Etneo;Catania;1;19.668;14,32;23,90;72,60;25,32;8,55;6,10;;145,44
19087053;Viagrande;Catania;1;8.670;11,93;31,62;59,63;16,85;26,96;23,35;;174,07
18079004;Amato;Catanzaro;1;789;33,46;14,58;;11,41;3,17;49,82;10,03;122,46
18079005;Andali;Catanzaro;Vedi aggregazione: COMUNE DI CERVA;;;;;;;;;
18079007;Argusto;Catanzaro;1;459;41,33;;40,77;33,26;12,40;1,09;;128,85
18079008;Badolato;Catanzaro;1;2.812;13,46;50,77;67,32;11,71;37,46;12,49;;193,22
18079011;Borgia;Catanzaro;1;7.202;27,32;29,92;32,86;7,22;8,77;12,82;;118,90
18079018;Cardinale;Catanzaro;1;1.785;7,86;48,15;9,35;;;1,06;;66,41
18079020;Carlopoli;Catanzaro;1;1.388;47,95;53,13;13,03;;7,20;25,63;;147,02
18079023;Catanzaro;Catanzaro;1;85.544;10,88;26,36;43,53;8,45;15,19;55,84;;160,25
18079025;Centrache;Catanzaro;1;343;39,27;48,08;39,27;;40,55;;;167,17
18079027;Cerva - Dato aggregazione COMUNE DI CERVA;Catanzaro;3;4.154;2,10;7,82;4,38;;0,18;1,16;;15,65
18079029;Chiaravalle Centrale;Catanzaro;1;5.115;10,64;24,70;49,65;;;7,53;;92,52
18079030;Cicala;Catanzaro;1;893;26,18;43,50;48,62;8,24;;15,89;4,37;146,80
18079034;Cortale;Catanzaro;1;1.891;;37,78;25,63;26,16;23,45;13,95;1,60;128,56
18079036;Cropani;Catanzaro;1;4.611;54,35;59,63;26,25;;5,42;2,60;;148,25
18079043;Decollatura;Catanzaro;1;2.873;15,22;29,59;14,78;;;54,54;;114,12
18079047;Falerna;Catanzaro;1;3.774;57,90;48,27;55,10;;13,67;17,84;25,81;218,59
18079048;Feroleto Antico;Catanzaro;1;1.954;12,99;29,22;59,21;;2,41;2,96;;106,79
18079052;Fossato Serralta;Catanzaro;Vedi aggregazione: UNIONE DEI COMUNI DELLA PRESILA CATANZARESE;;;;;;;;;
18079056;Gasperina;Catanzaro;1;1.876;57,36;29,24;;4,53;5,07;39,74;;135,94
18079058;Gimigliano;Catanzaro;1;3.011;24,11;17,66;45,32;13,48;27,00;15,08;3,52;146,17
18079060;Gizzeria;Catanzaro;1;5.019;9,71;68,49;;8,02;27,28;57,91;1,50;172,91
18079061;Guardavalle;Catanzaro;1;4.169;;;63,45;58,27;16,79;;;138,51
18079063;Isca sullo Ionio;Catanzaro;1;1.476;13,53;58,53;67,65;12,27;37,52;8,56;;198,05
18079160;Lamezia Terme;Catanzaro;1;67.110;29,31;24,62;71,72;13,72;19,79;8,15;;167,30
18079069;Maida;Catanzaro;1;4.417;28,20;34,85;3,43;6,43;3,43;67,67;;144,03
18079074;Martirano Lombardo;Catanzaro;1;984;58,23;11,69;;;21,45;30,54;;121,91
18079077;Miglierina;Catanzaro;1;729;30,86;19,07;31,30;10,55;10,29;38,15;;140,22
18079080;Montauro;Catanzaro;1;1.747;32,39;68,69;24,54;47,60;23,14;50,07;;246,44
18079081;Montepaone;Catanzaro;1;5.551;14,18;22,52;70,03;55,65;;14,18;;176,56
18079083;Motta Santa Lucia;Catanzaro;1;788;35,32;19,78;35,32;;10,91;7,32;;108,64
18079088;Olivadi;Catanzaro;1;482;10,37;61,32;20,75;;;7,26;;99,70
18079092;Pentone - Dato aggregazione UNIONE DEI COMUNI DELLA PRESILA CATANZARESE;Catanzaro;2;2.508;28,21;10,87;;46,12;5,29;4,74;6,23;101,62
18079095;Petrona;Catanzaro;Vedi aggregazione: COMUNE DI CERVA;;;;;;;;;
18079096;Pianopoli;Catanzaro;1;2.527;20,15;12,74;22,94;3,59;6,92;6,38;1,47;74,69
18079108;San Floro;Catanzaro;1;692;25,44;21,03;38,32;;;11,74;;96,52
18079114;San Pietro a Maida;Catanzaro;1;3.748;42,16;22,68;30,95;9,34;5,90;13,07;1,60;125,69
18079115;San Pietro Apostolo;Catanzaro;1;1.553;4,56;43,52;3,12;20,23;3,42;21,47;5,25;101,57
18079116;San Sostene;Catanzaro;1;1.408;15,48;43,95;77,40;14,15;42,90;13,02;;206,91
18079122;San Vito sullo Ionio;Catanzaro;1;1.608;26,74;59,70;;;;35,14;;121,58
18079118;Sant'Andrea Apostolo dello Ionio;Catanzaro;1;1.739;18,42;65,01;92,11;14,17;6,97;59,20;;255,88
18079123;Satriano;Catanzaro;1;3.331;24,50;30,62;30,62;;15,31;33,69;0,98;135,73
18079129;Serrastretta;Catanzaro;1;2.927;26,03;17,29;35,37;;9,13;8,30;;100,18
18079131;Settingiano;Catanzaro;1;3.187;77,89;19,43;19,49;;14,74;21,64;;153,19
18079133;Simeri Crichi;Catanzaro;1;4.562;8,70;40,55;33,74;27,32;6,52;5,34;;141,26
18079138;Soveria Mannelli;Catanzaro;1;2.884;18,67;55,98;;4,86;;20,07;;99,58
18079139;Soveria Simeri;Catanzaro;1;1.454;17,00;17,59;58,05;;9,45;34,75;;136,83
18079146;Taverna;Catanzaro;1;2.514;20,93;41,00;67,87;;17,67;33,05;;180,52
18079147;Tiriolo;Catanzaro;1;3.581;11,64;;40,44;;25,77;35,47;;113,31
18079148;Torre di Ruggiero;Catanzaro;1;960;76,01;35,09;;;62,15;2,08;;175,35
18079151;Vallefiorita;Catanzaro;1;1.519;120,87;36,68;;20,01;1,42;28,70;15,09;222,77
18079157;Zagarise;Catanzaro;1;1.473;38,98;17,86;76,08;;9,62;12,08;;154,62
13069002;Archi;Chieti;1;2.023;10,81;11,37;97,26;25,42;0,42;7,65;1,77;154,71
13069003;Ari;Chieti;1;1.059;94,20;12,15;47,82;8,07;3,47;67,53;16,08;249,32
13069004;Arielli;Chieti;1;1.063;5,48;10,81;49,27;19,64;8,56;6,77;26,29;126,83
13069005;Atessa;Chieti;1;10.432;7,26;17,10;83,45;42,41;16,34;24,22;45,52;381,50
13069006;Bomba;Chieti;1;721;7,43;12,93;85,46;21,45;11,39;65,94;30,92;235,52
13069007;Borrello;Chieti;1;305;10,38;7,92;93,39;25,40;0,58;55,40;11,61;251,40
13069008;Bucchianico;Chieti;1;4.954;9,63;10,82;50,01;12,53;5,36;38,45;20,21;150,05
13069010;Canosa Sannita;Chieti;1;1.268;9,21;8,37;47,79;18,11;11,95;41,01;10,20;146,64
13069011;Carpineto Sinello;Chieti;Vedi aggregazione: UNIONE DI COMUNI DEL SINELLO;;;;;;;;;
13069012;Carunchio;Chieti;Vedi aggregazione: UNIONE DI COMUNI DEL SINELLO;;;;;;;;;
13069014;Casalanguida;Chieti;1;833;53,25;15,18;;7,20;26,68;17,76;;120,06
13069015;Casalbordino;Chieti;1;5.812;10,71;57,59;56,21;30,80;13,02;29,37;36,73;289,16
13069016;Casalincontrada;Chieti;1;2.995;8,82;8,92;45,77;14,71;1,12;32,16;6,56;118,08
13069017;Casoli;Chieti;1;5.209;7,18;14,91;64,65;24,38;7,55;26,29;11,26;156,23
13069018;Castel Frentano;Chieti;1;4.236;12,65;12,20;39,64;8,47;4,94;15,15;7,64;104,97
13069021;Celenza sul Trigno;Chieti;1;796;13,00;37,97;52,01;;19,50;24,04;18,70;187,13
13069024;Civitella Messer Raimondo;Chieti;1;790;9,01;9,44;52,91;23,37;0,16;42,54;4,35;141,79
13069026;Colledimezzo;Chieti;1;431;9,14;9,17;82,24;21,53;0,52;13,02;46,50;241,32
13069028;Cupello;Chieti;1;4.721;9,32;31,97;55,93;;9,32;34,86;0,53;151,15
13069029;Dogliola;Chieti;Vedi aggregazione: UNIONE DI COMUNI DEL SINELLO;;;;;;;;;
13069030;Fara Filiorum Petri;Chieti;1;1.964;8,73;13,25;45,33;15,64;1,72;33,43;8,10;126,86
13069031;Fara San Martino;Chieti;1;1.289;8,82;47,85;101,38;141,55;12,35;21,06;14,68;466,32
13069032;Filetto;Chieti;1;872;6,55;6,19;58,94;19,35;0,21;16,82;17,54;125,61
13069034;Fraine;Chieti;1;274;3,27;8,52;91,05;29,32;16,38;14,91;;163,45
13069035;Francavilla al Mare;Chieti;1;25.635;11,36;19,16;47,57;32,59;21,06;63,86;7,64;203,24
13069036;Fresagrandinaria;Chieti;1;901;6,20;11,25;46,22;8,81;17,32;16,89;31,66;138,34
13069037;Frisa;Chieti;1;1.613;23,66;7,92;71,31;25,34;23,66;19,65;11,37;196,49
13069038;Furci;Chieti;1;819;12,94;12,06;41,80;12,38;2,48;11,62;6,21;120,22
13069039;Gamberale;Chieti;1;278;11,22;5,77;100,97;18,27;0,58;10,79;34,54;211,04
13069040;Gessopalena;Chieti;1;1.233;8,85;13,57;79,68;40,03;12,38;20,60;37,83;252,63
13069041;Gissi;Chieti;1;2.486;11,46;38,49;67,27;;24,83;14,04;11,05;167,15
13069042;Giuliano Teatino;Chieti;1;1.132;8,61;10,02;60,58;6,62;5,05;30,65;13,63;135,15
13069043;Guardiagrele;Chieti;1;8.566;11,43;11,43;59,99;26,83;13,99;13,64;11,08;170,24
13069044;Guilmi - Dato aggregazione UNIONE DI COMUNI DEL SINELLO;Chieti;9;4.675;8,28;4,57;74,53;8,74;0,16;28,89;20,34;145,51
13069045;Lama dei Peligni;Chieti;1;1.079;11,34;14,54;102,04;35,98;16,09;16,49;2,83;200,63
13069046;Lanciano;Chieti;1;34.153;10,36;15,79;54,37;31,31;14,89;11,91;16,30;178,16
13069047;Lentella;Chieti;1;639;5,73;12,67;51,55;15,83;14,19;46,50;32,26;203,09
13069049;Liscia;Chieti;1;647;11,48;;49,64;24,17;1,53;6,01;1,25;94,09
13069050;Miglianico;Chieti;1;4.625;9,80;11,40;18,23;24,31;29,89;41,31;16,45;151,38
13069051;Montazzoli;Chieti;Vedi aggregazione: UNIONE DI COMUNI DEL SINELLO;;;;;;;;;
13069009;Montebello sul Sangro;Chieti;1;74;10,08;18,30;90,69;50,47;29,14;72,19;86,80;357,66
13069052;Monteferrante;Chieti;1;111;11,76;15,31;105,83;40,03;4,50;18,16;1,96;197,55
13069053;Montelapiano;Chieti;1;77;7,45;20,05;67,13;28,38;74,38;22,91;4,16;224,45
13069054;Montenerodomo;Chieti;1;603;10,85;11,17;97,68;23,31;7,94;66,90;2,36;319,32
13069056;Mozzagrogna;Chieti;1;2.426;4,16;9,69;37,46;27,15;1,85;45,85;5,03;152,11
13069057;Orsogna;Chieti;1;3.656;5,01;7,85;45,08;23,20;6,28;23,11;11,34;121,87
13069058;Ortona;Chieti;1;22.242;5,17;14,50;59,48;38,16;15,78;11,14;13,34;157,56
13069059;Paglieta;Chieti;1;4.148;5,27;7,49;47,44;17,87;9,66;19,98;29,01;147,89
13069060;Palena;Chieti;1;1.242;7,17;5,11;35,83;23,27;17,71;75,81;0,41;165,31
13069061;Palmoli;Chieti;Vedi aggregazione: UNIONE DI COMUNI DEL SINELLO;;;;;;;;;
13069062;Palombaro;Chieti;1;960;9,74;15,69;87,61;25,05;15,46;22,32;2,24;178,09
13069063;Pennadomo;Chieti;1;216;13,51;14,09;121,62;29,13;22,66;57,70;10,62;302,46
13069064;Pennapiedimonte;Chieti;1;423;7,44;12,68;66,94;8,85;7,56;61,50;29,93;194,89
13069065;Perano;Chieti;1;1.509;6,53;15,27;27,48;22,67;37,32;41,36;42,32;192,95
13069103;Pietraferrazzana;Chieti;1;130;21,07;11,51;189,59;32,32;18,36;40,84;2,08;476,88
13069066;Pizzoferrato;Chieti;1;976;7,62;24,16;56,82;4,06;11,75;28,88;18,53;151,80
13069067;Poggiofiorito;Chieti;1;824;10,75;15,82;96,75;33,61;9,14;12,79;1,74;237,43
13069068;Pollutri;Chieti;1;2.040;8,05;31,78;64,45;15,32;9,89;23,04;22,72;196,92
13069069;Pretoro;Chieti;1;859;16,27;32,65;83,50;12,90;5,12;81,77;4,58;236,79
13069071;Rapino;Chieti;1;1.197;9,39;9,97;48,73;12,96;2,82;45,73;10,94;140,54
13069072;Ripa Teatina;Chieti;1;3.982;8,38;10,39;31,63;10,81;8,08;27,37;17,76;81,66
13069074;Rocca San Giovanni;Chieti;1;2.282;15,18;16,03;58,68;14,98;12,85;46,08;32,45;196,25
13069075;Roccascalegna;Chieti;1;1.049;10,01;12,75;90,04;31,79;7,42;30,81;16,09;235,15
13069076;Roccaspinalveti;Chieti;1;1.186;4,62;8,53;41,53;10,23;10,29;26,88;20,12;129,03
13069077;Roio del Sangro;Chieti;1;97;9,15;27,31;82,39;71,98;20,99;109,15;3,39;324,37
13069078;Rosello;Chieti;1;182;13,11;23,07;118,01;55,68;25,36;85,25;4,74;334,34
13069079;San Buono;Chieti;1;866;18,36;15,20;55,98;9,33;3,83;12,91;5,83;144,76
13069080;San Giovanni Lipioni;Chieti;Vedi aggregazione: UNIONE DI COMUNI DEL SINELLO;;;;;;;;;
13069082;San Martino sulla Marrucina;Chieti;1;831;9,87;12,43;51,25;14,33;4,05;53,01;14,15;159,11
13069083;San Salvo;Chieti;1;19.444;9,08;34,32;59,47;16,33;13,63;15,57;23,31;173,48
13069086;San Vito Chietino;Chieti;1;5.149;11,17;10,82;58,61;30,96;13,25;23,35;10,05;170,45
13069084;Santa Maria Imbaro;Chieti;1;2.022;3,99;6,39;35,86;25,53;4,11;23,04;3,47;102,38
13069085;Sant'Eusanio del Sangro;Chieti;1;2.279;6,81;10,99;61,25;23,16;14,15;8,15;1,11;125,61
13069087;Scerni;Chieti;1;3.005;30,13;10,12;61,16;12,57;8,61;10,03;7,72;140,34
13069088;Schiavi di Abruzzo;Chieti;1;676;51,75;51,29;;1,62;19,94;8,20;57,27;190,07
13069089;Taranta Peligna;Chieti;1;326;9,56;14,49;86,07;33,82;0,47;13,52;2,21;160,14
13069090;Tollo;Chieti;1;3.910;11,02;0,60;48,44;29,55;3,25;23,81;16,81;133,48
13069091;Torino di Sangro;Chieti;1;2.924;7,67;17,08;69,06;35,55;7,84;15,44;6,66;185,02
13069092;Tornareccio;Chieti;1;1.665;4,67;7,57;53,73;16,50;2,32;27,49;44,74;201,36
13069093;Torrebruna;Chieti;Vedi aggregazione: UNIONE DI COMUNI DEL SINELLO;;;;;;;;;
13069094;Torrevecchia Teatina;Chieti;1;4.176;8,83;11,31;43,08;17,70;2,52;26,26;14,37;131,93
13069095;Torricella Peligna;Chieti;1;1.152;6,12;7,44;55,11;14,52;10,77;28,84;16,70;139,49
13069096;Treglio;Chieti;1;1.716;4,69;12,93;42,22;30,23;2,92;22,28;18,13;133,39
13069097;Tufillo;Chieti;Vedi aggregazione: UNIONE DI COMUNI DEL SINELLO;;;;;;;;;
13069098;Vacri;Chieti;1;1.506;9,88;9,82;51,29;11,66;11,32;54,62;16,05;164,63
13069099;Vasto;Chieti;1;40.436;15,82;16,83;48,76;20,42;25,15;27,15;11,09;149,54
13069102;Villa Santa Maria;Chieti;1;1.111;13,64;7,60;122,71;33,33;8,32;20,88;15,04;221,51
13069101;Villamagna;Chieti;1;2.154;10,87;11,63;56,46;16,95;10,54;45,03;21,21;183,36
03013003;Albavilla;Como;Vedi aggregazione: Service 24 Ambiente;;;;;;;;;
03013004;Albese con Cassano;Como;Vedi aggregazione: Service 24 Ambiente;;;;;;;;;
03013005;Albiolo;Como;1;2.704;7,38;;28,88;23,07;7,62;29,71;16,58;113,24
03013006;Alserio;Como;Vedi aggregazione: Il Cilindro;;;;;;;;;
03013007;Alzate Brianza - Dato aggregazione Il Cilindro;Como;7;21.877;24,31;16,30;40,74;6,30;3,89;25,55;9,56;129,51
03013009;Anzano del Parco;Como;Vedi aggregazione: Il Cilindro;;;;;;;;;
03013010;Appiano Gentile;Como;1;7.675;7,08;19,20;31,29;14,80;16,81;26,15;6,81;119,56
03013011;Argegno;Como;1;684;23,95;17,60;73,00;21,84;16,03;70,64;6,69;229,76
03013012;Arosio;Como;Vedi aggregazione: Service 24 Ambiente;;;;;;;;;
03013013;Asso;Como;1;3.515;12,09;27,98;38,44;10,71;13,11;7,23;;109,56
03013015;Barni;Como;1;558;13,59;26,10;30,24;1,16;16,84;26,90;;115,10
03013250;Bellagio;Como;1;3.589;55,19;83,71;38,20;9,51;40,29;15,28;;242,17
03013021;Bene Lario;Como;1;330;15,84;25,91;13,95;2,32;27,95;26,94;;112,92
03013022;Beregazzo con Figliaro;Como;1;2.778;10,52;9,57;33,62;19,67;2,29;11,35;6,83;97,63
03013023;Binago;Como;1;4.798;5,11;;27,61;31,99;3,17;24,11;11,45;103,44
03013024;Bizzarone;Como;Vedi aggregazione: Unione dei Comuni Lombarda Terre di Frontiera;;;;;;;;;
03013025;Blessagno;Como;1;290;46,26;55,58;3,83;5,54;;16,28;31,18;158,68
03013026;Blevio - Dato aggregazione Unione dei Comuni Lombarda Lario e Monti;Como;2;2.175;21,50;27,58;25,75;4,98;;;;79,81
03013028;Bregnano;Como;1;6.378;7,34;8,66;30,98;18,00;6,91;10,91;11,22;94,02
03013029;Brenna;Como;Vedi aggregazione: Il Cilindro;;;;;;;;;
03013032;Brunate;Como;Vedi aggregazione: Service 24 Ambiente;;;;;;;;;
03013034;Bulgarograsso;Como;1;4.002;8,31;16,99;27,72;18,02;2,62;13,36;3,50;90,80
03013035;Cabiate;Como;1;7.408;6,70;1,96;26,92;26,60;18,40;31,48;15,03;127,10
03013036;Cadorago;Como;1;7.917;6,74;6,60;33,08;17,19;6,64;13,93;4,62;88,80
03013037;Caglio;Como;1;475;22,33;50,21;35,43;7,05;54,07;19,00;;188,09
03013041;Cantu;Como;1;39.340;6,65;0,39;27,61;31,46;17,12;14,44;3,72;101,40
03013042;Canzo;Como;1;5.107;11,28;29,98;36,93;12,94;7,51;11,48;;111,41
03013043;Capiago Intimiano;Como;Vedi aggregazione: Service 24 Ambiente;;;;;;;;;
03013044;Carate Urio;Como;1;1.102;20,59;14,03;63,52;5,22;39,80;46,01;13,51;202,68
03013045;Carbonate;Como;1;2.872;12,85;14,60;42,71;18,03;13,74;14,77;5,48;122,19
03013046;Carimate;Como;1;4.414;13,37;15,16;35,35;30,65;11,72;19,54;3,14;128,93
03013048;Carugo;Como;Vedi aggregazione: Service 24 Ambiente;;;;;;;;;
03013052;Caslino d'Erba;Como;1;1.654;15,30;27,45;52,18;11,67;3,06;5,92;;115,58
03013053;Casnate con Bernate;Como;1;5.012;12,48;24,87;32,99;8,70;7,29;23,69;7,81;117,82
03013055;Cassina Rizzardi;Como;1;3.305;8,52;11,80;24,37;17,06;10,16;36,13;38,14;146,18
03013058;Castelmarte;Como;1;1.259;21,08;42,65;23,59;10,02;;24,11;;121,45
03013059;Castelnuovo Bozzente;Como;1;905;7,83;8,04;46,34;6,84;9,20;8,14;7,67;94,05
03013062;Cavargna;Como;1;189;12,17;32,06;21,12;17,97;44,83;33,26;0,31;161,72
03013254;Centro Valle Intelvi;Como;1;3.589;21,78;;80,17;;8,50;13,31;34,19;157,95
03013063;Cerano d'Intelvi;Como;1;570;39,60;;18,67;38,47;;5,12;3,16;105,02
03013064;Cermenate;Como;1;9.249;6,19;9,47;63,48;40,84;9,74;14,68;14,66;159,06
03013065;Cernobbio;Como;1;6.396;7,60;;53,77;36,53;44,63;19,81;9,65;171,99
03013068;Cirimido;Como;Vedi aggregazione: Fenegro-Cirimido;;;;;;;;;
03013074;Colonno;Como;1;447;43,72;20,70;58,54;13,37;11,14;47,52;6,81;201,81
03013251;Colverde;Como;1;5.437;12,82;9,67;37,98;25,87;;30,27;1,71;118,32
03013075;Como;Como;1;83.626;12,44;;50,59;29,14;34,91;14,69;21,04;167,39
03013077;Corrido;Como;1;845;23,35;27,62;11,51;7,38;9,18;10,58;4,36;93,99
03013083;Cremia;Como;1;692;29,26;44,84;33,51;;42,24;53,66;;203,51
03013084;Cucciago;Como;1;3.460;9,51;33,78;31,11;14,54;7,35;29,01;15,90;141,77
03013085;Cusino;Como;1;218;26,36;30,03;0,73;;70,45;74,62;;202,19
03013089;Domaso;Como;1;1.441;55,95;59,49;2,28;16,09;11,86;12,30;19,85;177,82
03013090;Dongo;Como;1;3.243;26,65;33,01;8,89;0,92;5,34;19,02;8,92;102,75
03013092;Dosso del Liro;Como;1;236;15,16;14,77;12,47;6,57;34,54;42,21;;125,72
03013095;Erba;Como;Vedi aggregazione: Service 24 Ambiente;;;;;;;;;
03013097;Eupilio;Como;1;2.577;14,27;33,66;46,97;12,43;;2,77;;110,10
03013098;Faggeto Lario;Como;1;1.147;27,12;30,27;23,40;3,31;3,71;17,35;;105,15
03013099;Faloppio;Como;Vedi aggregazione: Unione dei Comuni Lombarda Terre di Frontiera;;;;;;;;;
03013100;Fenegro - Dato aggregazione Fenegro-Cirimido;Como;2;5.313;8,53;10,76;37,19;1,93;9,97;18,02;1,65;88,45
03013101;Figino Serenza;Como;1;4.965;15,67;5,69;35,66;24,57;8,08;20,81;7,60;118,08
03013102;Fino Mornasco;Como;1;9.827;6,18;8,75;29,23;19,19;11,80;12,73;5,30;93,18
03013106;Garzeno;Como;1;676;35,69;;28,55;9,62;3,57;8,98;;86,41
03013107;Gera Lario;Como;1;1.058;25,99;46,28;28,30;9,98;;6,81;;117,37
03013110;Grandate;Como;1;2.812;30,22;;33,04;;5,68;28,65;6,85;105,07
03013111;Grandola ed Uniti;Como;1;1.294;19,96;31,79;8,88;8,64;21,13;33,26;19,82;143,49
03013249;Gravedona ed Uniti;Como;1;4.079;1,06;50,69;1,84;49,00;10,92;23,54;;137,46
03013113;Griante;Como;1;594;123,30;61,76;13,29;;60,14;11,07;0,86;270,42
03013114;Guanzate;Como;1;5.788;6,78;10,55;34,24;17,92;14,85;19,97;6,80;111,11
03013118;Inverigo;Como;1;9.112;6,36;11,44;28,62;13,54;7,73;21,77;8,73;98,18
03013119;Laglio;Como;1;894;22,71;15,28;83,89;6,08;21,56;19,72;;183,23
03013120;Laino;Como;1;546;38,63;24,88;32,55;12,71;41,16;78,16;6,83;234,92
03013121;Lambrugo;Como;1;2.529;11,92;0,10;40,63;22,04;4,80;12,09;7,28;98,86
03013123;Lasnigo;Como;1;454;7,64;2,25;15,10;27,65;9,94;21,72;18,69;102,98
03013126;Lezzeno;Como;1;1.969;36,40;50,25;28,58;8,02;;7,63;4,37;135,26
03013128;Limido Comasco;Como;1;3.862;10,95;8,66;36,91;13,68;9,22;16,54;22,15;118,10
03013129;Lipomo;Como;Vedi aggregazione: Service 24 Ambiente;;;;;;;;;
03013133;Lomazzo;Como;1;9.942;5,87;7,58;22,96;17,11;18,98;16,41;7,91;105,53
03013135;Luisago;Como;1;2.728;12,06;12,52;36,52;20,52;9,83;14,17;5,57;111,18
03013136;Lurago d'Erba;Como;Vedi aggregazione: Il Cilindro;;;;;;;;;
03013137;Lurago Marinone;Como;1;2.543;10,52;13,24;39,06;30,61;6,27;18,40;;118,10
03013138;Lurate Caccivio;Como;1;9.696;7,25;9,46;37,52;17,43;10,02;9,46;8,42;107,39
03013139;Magreglio;Como;1;686;19,63;45,14;69,02;5,17;11,89;25,08;;175,93
03013143;Mariano Comense;Como;Vedi aggregazione: Service 24 Ambiente;;;;;;;;;
03013144;Maslianico;Como;1;3.115;5,45;8,56;52,81;12,18;17,43;20,14;7,23;123,80
03013145;Menaggio;Como;1;3.035;31,98;49,87;13,93;68,30;29,21;28,35;;221,65
03013147;Merone;Como;Vedi aggregazione: Il Cilindro;;;;;;;;;
03013152;Moltrasio;Como;1;1.553;10,29;11,85;60,85;7,83;18,63;29,19;4,02;141,75
03013153;Monguzzo;Como;Vedi aggregazione: Il Cilindro;;;;;;;;;
03013154;Montano Lucino;Como;1;5.349;13,76;;40,95;24,20;15,45;22,19;14,64;151,75
03013155;Montemezzo;Como;1;220;58,65;50,05;1,05;0,13;20,96;22,88;10,82;164,53
03013157;Montorfano;Como;Vedi aggregazione: Service 24 Ambiente;;;;;;;;;
03013160;Musso;Como;1;931;30,35;32,90;48,00;0,40;4,31;15,13;0,85;131,95
03013163;Novedrate;Como;1;2.885;17,19;17,78;57,80;17,38;13,13;23,63;27,87;193,82
03013165;Olgiate Comasco;Como;1;11.779;7,35;12,96;26,53;21,39;8,40;16,81;6,37;84,04
03013169;Oltrona di San Mamette;Como;1;2.367;6,41;9,20;52,34;13,02;2,12;20,97;6,61;110,67
03013170;Orsenigo;Como;Vedi aggregazione: Service 24 Ambiente;;;;;;;;;
03013178;Peglio;Como;1;189;73,46;6,91;1,03;0,10;;79,79;5,92;167,74
03013183;Pianello del Lario;Como;1;1.036;27,16;41,35;25,73;4,55;4,94;22,63;;135,94
03013184;Pigra;Como;1;248;17,38;47,29;81,52;8,81;;65,22;5,06;225,28
03013185;Plesio;Como;1;818;19,05;36,33;16,99;2,19;22,00;47,21;;143,78
03013186;Pognana Lario;Como;1;666;8,31;53,06;41,98;7,62;6,87;6,54;;124,38
03013187;Ponna;Como;1;229;25,38;;88,84;;12,03;28,00;38,71;192,97
03013188;Ponte Lambro;Como;1;4.233;10,39;23,01;37,62;8,96;2,11;17,47;1,65;101,21
03013189;Porlezza;Como;1;4.861;25,04;52,42;21,66;6,87;10,01;24,27;4,76;145,03
03013192;Proserpio;Como;1;941;20,76;32,10;41,83;6,53;6,45;14,38;;121,97
03013193;Pusiano;Como;1;1.331;7,41;;35,60;49,75;23,85;16,41;16,67;164,54
03013195;Rezzago;Como;1;303;22,41;45,91;32,65;9,87;14,03;12,98;;137,84
03013197;Rodero;Como;1;1.242;7,69;7,62;36,83;15,72;10,07;46,50;16,52;140,95
03013199;Ronago;Como;Vedi aggregazione: Unione dei Comuni Lombarda Terre di Frontiera;;;;;;;;;
03013201;Rovellasca;Como;1;7.914;4,46;3,74;26,76;23,80;10,53;24,55;4,69;100,60
03013202;Rovello Porro;Como;1;6.199;6,80;0,77;30,01;29,77;6,82;18,55;5,09;97,80
03013203;Sala Comacina;Como;1;478;62,10;30,27;59,05;19,82;31,67;31,55;2,49;236,95
03013206;San Fermo della Battaglia;Como;1;7.789;16,60;18,17;39,79;12,58;4,47;7,39;5,67;104,68
03013207;San Nazzaro Val Cavargna;Como;1;278;43,81;31,35;16,21;11,72;8,47;47,33;0,22;159,11
03013248;San Siro;Como;1;1.705;47,14;48,24;1,07;0,28;12,46;9,77;;118,97
03013211;Schignano;Como;1;879;46,53;25,42;15,95;15,26;15,03;14,06;;132,24
03013212;Senna Comasco;Como;1;3.163;6,36;;32,68;15,32;7,98;22,96;10,83;128,11
03013255;Solbiate con Cagno;Como;1;4.626;6,50;;17,10;29,49;7,71;28,99;5,78;95,58
03013216;Sorico;Como;1;1.240;26,36;38,60;34,15;0,14;11,32;14,99;;125,57
03013217;Sormano;Como;1;642;28,27;37,74;38,07;6,73;21,35;24,75;4,86;165,15
03013218;Stazzona;Como;1;613;34,48;3,98;27,79;23,45;19,66;8,24;;117,61
03013222;Tavernerio - Dato aggregazione Service 24 Ambiente;Como;12;87.451;10,64;21,31;38,92;9,13;5,39;13,69;6,22;112,44
03013223;Torno;Como;Vedi aggregazione: Unione dei Comuni Lombarda Lario e Monti;;;;;;;;;
03013252;Tremezzina;Como;1;4.982;23,62;11,67;69,86;19,54;21,57;33,28;4,53;184,07
03013226;Trezzone;Como;1;237;52,08;;1,02;0,08;14,04;4,27;5,17;76,67
03013227;Turate;Como;1;9.549;6,23;;24,00;20,97;21,12;15,89;10,49;101,82
03013228;Uggiate-Trevano - Dato aggregazione Unione dei Comuni Lombarda Terre di Frontiera;Como;4;13.185;10,17;15,82;36,42;8,34;1,55;8,91;18,93;101,12
03013233;Val Rezzo;Como;1;162;48,17;25,70;5,01;6,81;19,80;43,67;;149,17
03013229;Valbrona;Como;1;2.623;10,18;24,92;;8,50;0,66;7,68;;87,22
03013232;Valmorea;Como;1;2.589;25,89;7,23;36,94;15,90;0,40;17,69;10,99;115,04
03013234;Valsolda;Como;1;1.449;52,45;;13,55;6,92;72,00;23,42;10,02;178,37
03013238;Veniano;Como;1;3.078;10,49;16,53;39,26;27,31;4,30;0,87;1,70;100,46
03013239;Vercana;Como;1;742;35,90;46,84;6,04;6,06;6,95;20,71;15,94;138,44
03013242;Vertemate con Minoprio;Como;1;4.120;10,25;9,79;31,77;23,33;11,37;16,22;8,43;111,17
03013245;Villa Guardia;Como;1;7.868;13,19;;31,55;26,21;9,69;37,76;6,12;128,32
18078003;Acri;Cosenza;1;19.125;15,16;;25,15;33,99;;23,62;1,31;99,22
18078004;Aiello Calabro;Cosenza;1;1.398;34,71;25,25;63,95;;;9,52;;133,44
18078013;Belmonte Calabro;Cosenza;1;1.753;51,91;45,64;11,41;;14,83;16,54;7,42;147,75
18078016;Bianchi;Cosenza;Vedi aggregazione: CONSORZIO INTERCOMUNALE VALLE BISIRICO;;;;;;;;;
18078017;Bisignano;Cosenza;1;9.494;13,29;32,69;53,36;20,40;2,90;15,60;3,69;141,93
18078018;Bocchigliero;Cosenza;1;1.096;22,35;25,27;73,49;17,56;;23,18;7,42;169,29
18078020;Buonvicino;Cosenza;1;2.011;33,97;18,89;22,54;13,62;12,71;4,40;3,24;109,37
18078021;Calopezzati;Cosenza;1;1.326;109,92;69,75;2,29;3,69;;51,92;;237,57
18078022;Caloveto;Cosenza;1;1.122;14,06;49,65;35,74;;1,78;14,57;;115,80
18078023;Campana;Cosenza;1;1.503;15,47;39,99;14,53;2,94;42,44;40,50;5,39;161,26
18078025;Cariati;Cosenza;1;7.387;200,83;;99,53;;0,14;;;300,52
18078027;Carpanzano;Cosenza;Vedi aggregazione: CONSORZIO INTERCOMUNALE VALLE BISIRICO;;;;;;;;;
18078156;Casali del Manco;Cosenza;1;9.555;5,42;3,40;28,56;8,28;9,58;1,68;;56,92
18078029;Cassano all'Ionio;Cosenza;1;16.540;15,99;58,27;57,89;28,85;34,03;;19,05;214,07
18078030;Castiglione Cosentino;Cosenza;1;2.616;14,95;36,49;35,03;5,21;8,38;26,48;;126,53
18078031;Castrolibero;Cosenza;1;9.277;18,01;56,73;24,99;16,23;11,05;11,13;47,04;193,72
18078032;Castroregio;Cosenza;1;239;9,64;79,64;;;12,63;26,63;;128,54
18078033;Castrovillari;Cosenza;1;20.814;13,13;15,99;78,81;16,27;13,13;10,06;;147,39
18078034;Celico;Cosenza;1;2.521;11,03;49,08;27,58;;4,21;65,60;0,40;157,90
18078037;Cerisano;Cosenza;1;2.916;48,45;24,46;12,49;24,99;8,33;41,59;;160,30
18078038;Cervicati;Cosenza;1;779;36,21;15,73;36,21;10,35;;19,62;;118,12
18078039;Cerzeto;Cosenza;1;1.209;15,40;18,11;3,80;16,74;1,52;36,86;;92,44
18078040;Cetraro;Cosenza;1;9.398;16,59;33,05;79,98;18,02;9,57;17,34;38,48;213,04
18078041;Civita;Cosenza;1;813;43,05;15,99;4,92;;45,51;18,45;6,15;146,37
18078043;Colosimi;Cosenza;Vedi aggregazione: CONSORZIO INTERCOMUNALE VALLE BISIRICO;;;;;;;;;
18078157;Corigliano-Rossano;Cosenza;1;73.920;53,16;77,86;42,12;10,98;29,70;2,15;2,93;218,90
18078045;Cosenza;Cosenza;1;63.713;14,44;47,72;89,44;9,65;53,59;27,64;;249,48
18078046;Cropalati;Cosenza;1;997;15,88;13,04;12,95;4,01;4,75;89,99;;140,62
18078047;Crosia;Cosenza;1;9.643;117,63;41,17;3,97;;8,92;5,77;18,15;195,61
18078050;Domanico;Cosenza;1;902;40,18;26,00;22,72;6,94;;42,30;;138,13
18078051;Fagnano Castello;Cosenza;1;3.425;7,62;28,14;34,42;13,21;6,90;48,00;3,50;141,79
18078055;Fiumefreddo Bruzio;Cosenza;1;2.761;103,22;58,31;8,52;2,11;29,14;24,39;;225,70
18078056;Francavilla Marittima;Cosenza;1;2.781;;26,99;70,52;5,05;;31,94;;134,50
18078057;Frascineto;Cosenza;1;1.919;0,96;7,49;22,12;19,98;;23,79;2,34;76,68
18078058;Fuscaldo;Cosenza;1;7.844;18,43;26,66;27,52;8,14;12,07;16,85;5,74;115,41
18078062;Lago;Cosenza;1;2.280;5,51;29,28;23,93;;14,12;33,87;24,53;131,24
18078065;Lappano;Cosenza;1;886;28,20;46,35;15,40;;17,01;31,80;1,77;152,33
18078066;Lattarico;Cosenza;1;3.741;9,77;13,74;48,87;12,17;;20,66;2,62;115,86
18078067;Longobardi;Cosenza;1;2.301;15,26;80,08;7,12;4,80;13,02;31,03;;199,35
18078068;Longobucco;Cosenza;1;2.696;4,84;22,33;24,22;11,38;22,13;81,14;2,76;168,80
18078070;Luzzi;Cosenza;1;8.707;7,25;;36,23;12,42;;21,92;;77,82
18078072;Malito;Cosenza;1;744;36,84;58,49;33,02;3,55;;7,23;;139,12
18078073;Malvito;Cosenza;1;1.658;18,10;16,19;18,10;15,91;;52,11;;120,41
18078075;Mangone;Cosenza;1;1.878;11,28;37,35;27,61;;3,77;8,08;;92,75
18078076;Marano Marchesato;Cosenza;1;3.314;7,09;13,25;54,82;;;23,09;;98,24
18078077;Marano Principato;Cosenza;1;3.032;81,17;23,97;2,18;15,98;;18,46;1,41;151,51
18078080;Mongrassano;Cosenza;1;1.466;35,48;31,10;69,90;8,18;0,93;13,92;21,88;181,38
18078081;Montalto Uffugo;Cosenza;1;20.045;5,93;42,41;19,93;14,24;9,99;35,28;10,47;138,25
18078082;Montegiordano;Cosenza;1;1.591;23,70;49,23;22,09;18,94;;33,91;;147,88
18078083;Morano Calabro;Cosenza;1;3.941;24,15;18,92;;;6,92;49,49;5,14;104,61
18078084;Mormanno;Cosenza;1;2.640;21,97;21,59;45,08;12,12;;60,81;;161,57
18078087;Oriolo;Cosenza;1;1.883;33,64;;23,62;;;9,26;;75,78
18078089;Paludi;Cosenza;1;944;40,62;23,94;17,81;;17,41;36,04;;135,82
18078090;Panettieri;Cosenza;1;316;6,41;21,39;38,53;;9,61;35,09;35,09;146,09
18078091;Paola;Cosenza;1;14.751;33,21;34,81;45,11;29,55;53,56;7,50;1,50;205,23
18078092;Papasidero;Cosenza;1;633;16,47;15,99;;;0,32;66,35;;99,12
18078093;Parenti;Cosenza;1;2.019;7,15;24,01;28,23;;10,05;17,82;;87,25
18078094;Paterno Calabro;Cosenza;1;1.338;74,12;51,98;3,73;3,73;1,53;;3,47;138,55
18078096;Pedivigliano;Cosenza;1;743;11,84;67,29;4,04;;2,69;49,41;6,06;141,33
18078097;Piane Crati;Cosenza;1;1.369;29,59;;65,96;;22,08;6,70;;124,87
18078101;Praia a Mare;Cosenza;1;6.353;54,16;34,29;63,72;29,16;39,82;88,43;73,62;472,36
18078102;Rende;Cosenza;1;36.051;5,60;29,94;20,17;44,91;42,63;23,40;48,86;217,20
18078103;Rocca Imperiale;Cosenza;1;3.224;9,84;36,74;35,67;5,82;41,48;1,58;0,58;131,71
18078105;Rogliano;Cosenza;1;5.347;16,85;42,07;60,24;3,25;14,21;9,07;0,12;145,81
18078106;Rose;Cosenza;1;4.165;25,45;47,83;33,63;2,82;2,82;8,69;0,57;121,82
18078107;Roseto Capo Spulico;Cosenza;1;1.859;9,80;31,99;44,37;17,04;34,30;81,00;;218,49
18078109;Rota Greca;Cosenza;1;942;5,88;9,98;73,57;3,32;2,12;4,14;;99,01
18078111;San Basile;Cosenza;1;955;12,63;41,57;14,72;;37,22;17,97;;124,11
18078112;San Benedetto Ullano;Cosenza;1;1.376;8,04;10,73;17,32;17,63;7,00;35,52;;96,83
18078113;San Cosmo Albanese;Cosenza;1;577;15,06;35,68;56,86;;;31,05;;138,65
18078114;San Demetrio Corone;Cosenza;1;3.111;18,52;22,69;36,77;9,12;13,84;3,05;8,48;112,47
18078115;San Donato di Ninea;Cosenza;1;1.106;13,66;35,37;69,18;;28,93;18,54;17,18;182,86
18078116;San Fili;Cosenza;1;2.506;11,83;16,55;53,86;19,34;;28,23;;129,81
18078118;San Giorgio Albanese;Cosenza;1;1.331;;34,53;43,51;1,44;;28,23;;107,71
18078119;San Giovanni in Fiore;Cosenza;1;16.060;60,19;26,32;13,28;;;7,69;;108,24
18078120;San Lorenzo Bellizzi;Cosenza;1;552;9,96;7,25;11,78;;;27,17;;56,16
18078121;San Lorenzo del Vallo;Cosenza;1;3.070;8,14;;57,73;32,57;8,14;13,03;;119,62
18078123;San Marco Argentano;Cosenza;1;7.004;26,85;8,04;38,60;4,58;20,23;23,74;10,30;132,35
18078126;San Pietro in Amantea;Cosenza;1;476;56,17;23,66;6,57;;6,32;24,23;;184,80
18078127;San Pietro in Guarano;Cosenza;1;3.386;10,32;8,60;;43,02;34,85;5,72;;102,52
18078128;San Sosti;Cosenza;1;1.911;42,39;51,17;39,86;;;10,74;;144,16
18078135;San Vincenzo La Costa;Cosenza;1;2.006;12,05;31,37;;;21,77;23,43;;88,62
18078117;Sangineto;Cosenza;1;1.218;25,26;81,60;126,29;23,26;18,03;99,00;33,72;407,17
18078132;Santa Maria del Cedro;Cosenza;1;4.901;114,21;110,65;22,56;;44,73;21,63;;313,78
18078136;Saracena;Cosenza;1;3.418;24,22;22,88;39,03;20,86;9,26;5,92;10,24;132,42
18078137;Scala Coeli;Cosenza;1;822;;;25,55;;;102,47;;128,02
18078138;Scalea;Cosenza;1;11.069;102,83;135,51;68,59;;36,78;79,83;78,48;502,02
18078139;Scigliano - Dato aggregazione CONSORZIO INTERCOMUNALE VALLE BISIRICO;Cosenza;4;3.653;2,94;;22,89;;;49,49;;75,32
18078140;Serra d'Aiello;Cosenza;1;510;13,69;;37,63;13,34;31,57;107,45;;203,69
18078142;Spezzano Albanese;Cosenza;1;6.622;10,35;46,81;21,16;5,70;14,75;7,06;;106,58
18078143;Spezzano della Sila;Cosenza;1;4.273;4,89;48,42;43,76;15,36;26,21;38,50;10,23;187,37
18078146;Terranova da Sibari;Cosenza;1;4.607;22,04;12,16;19,00;;8,71;19,51;;81,41
18078147;Terravecchia;Cosenza;1;593;6,75;;;;;128,63;;135,37
18078148;Torano Castello;Cosenza;1;4.291;8,32;9,65;41,59;11,14;6,86;43,74;4,30;125,59
18078149;Tortora;Cosenza;1;5.893;28,74;2,73;70,84;41,22;42,68;21,62;3,15;210,97
18078150;Trebisacce;Cosenza;1;8.616;14,47;29,02;43,48;;18,22;24,70;;129,88
18078152;Vaccarizzo Albanese;Cosenza;1;1.025;10,73;35,12;18,85;;2,52;67,48;8,29;143,00
18078154;Villapiana;Cosenza;1;5.418;231,09;73,13;192,58;93,06;2,77;;;592,63
03019001;Acquanegra Cremonese;Cremona;1;1.125;31,48;5,66;30,83;24,28;10,85;32,20;4,41;139,71
03019002;Agnadello;Cremona;1;3.807;8,08;6,29;28,45;17,64;12,20;22,87;19,02;114,56
03019003;Annicco;Cremona;1;1.968;4,43;6,39;32,03;22,44;5,03;23,94;13,02;107,28
03019004;Azzanello;Cremona;1;608;11,75;0,33;51,28;23,49;16,97;43,00;3,80;150,63
03019005;Bagnolo Cremasco;Cremona;1;4.921;3,65;8,10;19,34;15,34;3,22;32,40;12,11;94,15
03019006;Bonemerse;Cremona;1;1.463;12,28;9,56;35,67;13,44;6,17;20,24;16,82;114,17
03019007;Bordolano;Cremona;1;560;42,84;0,41;48,34;25,62;;21,07;3,96;142,25
03019009;Calvatone;Cremona;1;1.171;20,78;0,39;47,59;22,63;7,04;17,79;11,26;127,48
03019010;Camisano;Cremona;1;1.229;6,56;6,40;27,53;15,81;7,52;28,46;15,38;107,65
03019012;Capergnanica;Cremona;1;2.155;3,82;5,62;25,27;20,14;2,09;25,80;15,29;98,03
03019013;Cappella Cantone;Cremona;1;543;11,25;15,31;34,91;23,00;12,90;78,25;4,98;180,59
03019014;Cappella de' Picenardi;Cremona;1;419;32,84;8,58;27,27;8,29;0,32;35,42;4,08;116,80
03019015;Capralba;Cremona;1;2.262;5,26;8,65;24,08;18,68;13,49;36,06;21,94;128,18
03019016;Casalbuttano ed Uniti;Cremona;1;3.644;13,14;0,67;50,00;28,33;19,30;22,42;3,68;137,54
03019017;Casale Cremasco-Vidolasco;Cremona;1;1.810;3,29;7,04;25,73;18,62;15,15;28,71;19,26;117,80
03019018;Casaletto Ceredano;Cremona;1;1.152;5,30;7,82;29,13;18,89;2,90;55,42;10,63;130,09
03019019;Casaletto di Sopra;Cremona;1;514;7,06;7,75;30,54;20,05;7,19;8,62;7,12;88,33
03019020;Casaletto Vaprio;Cremona;1;1.747;3,13;6,18;24,29;24,29;1,62;28,97;14,08;102,56
03019021;Casalmaggiore;Cremona;1;14.982;11,91;0,58;66,98;29,27;16,63;39,46;13,91;178,74
03019022;Casalmorano;Cremona;1;1.615;5,63;8,98;23,90;16,04;15,80;25,62;20,44;116,41
03019024;Castel Gabbiano;Cremona;1;456;4,30;6,57;32,73;15,93;5,91;53,46;19,08;137,98
03019023;Casteldidone;Cremona;1;567;17,56;0,29;43,89;19,27;7,25;25,67;17,37;131,30
03019025;Castelleone;Cremona;1;9.248;6,17;12,03;23,98;16,50;7,73;30,93;14,27;114,86
03019026;Castelverde;Cremona;1;5.561;20,13;0,64;53,37;27,85;2,69;26,68;22,12;153,47
03019027;Castelvisconti;Cremona;1;318;8,92;6,77;27,69;41,71;3,00;25,76;1,32;115,17
03019028;Cella Dati;Cremona;1;486;12,55;9,77;36,46;13,74;27,57;26,50;3,74;130,33
03019029;Chieve;Cremona;1;2.241;5,05;7,86;30,71;21,10;10,67;38,88;16,26;130,65
03019030;Cicognolo;Cremona;1;917;16,39;0,45;48,01;27,17;1,40;19,31;21,40;134,12
03019031;Cingia de' Botti;Cremona;1;1.146;20,11;0,98;53,43;33,85;;26,31;8,08;142,76
03019032;Corte de' Cortesi con Cignone;Cremona;1;1.051;8,61;10,26;26,71;33,94;2,89;14,83;17,03;114,27
03019033;Corte de' Frati;Cremona;1;1.303;16,60;0,45;49,58;23,68;2,98;32,98;4,00;130,27
03019034;Credera Rubbiano;Cremona;1;1.542;2,15;4,96;28,99;23,94;10,84;30,61;16,79;118,29
03019035;Crema;Cremona;1;34.020;5,46;11,47;28,25;15,50;10,52;44,63;26,61;142,44
03019036;Cremona;Cremona;1;70.943;11,47;12,58;41,41;15,67;20,79;33,24;15,18;151,33
03019037;Cremosano;Cremona;1;1.725;3,41;5,54;24,87;16,40;15,70;45,22;18,26;129,40
03019038;Crotta d'Adda;Cremona;1;617;6,92;9,35;21,48;23,34;7,21;33,61;6,73;108,64
03019039;Cumignano sul Naviglio;Cremona;1;407;6,24;6,06;34,90;22,03;24,06;38,53;4,85;136,68
03019040;Derovere;Cremona;1;286;12,26;0,53;48,19;18,31;16,05;32,58;39,30;167,22
03019043;Fiesco;Cremona;1;1.184;9,33;9,53;40,53;17,54;3,49;55,40;22,29;158,11
03019044;Formigara;Cremona;1;1.003;3,42;5,36;29,47;24,10;8,85;25,76;7,72;104,69
03019045;Gabbioneta-Binanuova;Cremona;1;861;11,79;9,18;34,28;13,61;7,80;89,44;19,48;199,33
03019046;Gadesco-Pieve Delmona;Cremona;1;1.873;15,39;0,71;59,50;27,84;;25,56;4,41;141,78
03019047;Genivolta;Cremona;1;1.116;5,70;6,35;31,34;22,57;11,55;40,31;10,49;131,05
03019048;Gerre de' Caprioli;Cremona;1;1.305;11,66;0,53;60,66;24,02;4,09;25,43;18,92;145,32
03019049;Gombito;Cremona;1;611;5,04;6,34;31,66;17,60;9,22;38,89;18,65;127,40
03019050;Grontardo;Cremona;1;1.484;15,45;0,43;43,48;20,78;2,22;31,82;3,49;117,68
03019051;Grumello Cremonese ed Uniti;Cremona;1;1.679;9,59;11,04;28,64;22,46;8,69;62,60;4,67;147,69
03019053;Isola Dovarese;Cremona;1;1.097;38,81;0,49;50,09;24,95;;25,13;6,95;146,42
03019054;Izano;Cremona;1;1.940;3,50;6,02;23,35;18,63;1,19;51,44;27,09;131,56
03019055;Madignano;Cremona;1;2.749;3,26;5,81;33,22;24,34;15,95;44,80;17,60;146,71
03019056;Malagnino;Cremona;1;1.723;12,53;0,47;56,15;21,35;4,54;22,17;6,21;123,43
03019057;Martignana di Po;Cremona;1;2.028;12,63;0,21;58,82;18,76;;23,49;4,88;118,79
03019058;Monte Cremasco;Cremona;1;2.241;3,70;6,04;22,27;22,24;16,64;41,38;11,14;123,93
03019059;Montodine;Cremona;1;2.436;2,84;6,30;21,73;10,33;5,47;38,54;30,19;115,41
03019061;Motta Baluffi;Cremona;1;794;21,77;0,42;63,04;24,12;;29,68;22,91;161,94
03019062;Offanengo;Cremona;1;5.930;3,38;5,11;18,05;14,61;5,35;53,69;14,14;114,33
03019063;Olmeneta;Cremona;1;908;18,01;0,36;51,64;23,29;2,36;36,06;3,81;135,55
03019064;Ostiano;Cremona;1;2.681;12,30;0,55;48,44;30,24;11,48;34,68;12,49;150,19
03019065;Paderno Ponchielli;Cremona;1;1.339;12,04;0,44;44,06;24,26;5,86;17,77;13,15;117,57
03019067;Pandino;Cremona;1;8.888;5,27;10,07;22,94;14,46;8,97;40,36;21,01;123,09
03019068;Persico Dosimo;Cremona;1;3.280;12,88;0,46;52,28;23,16;4,14;22,10;7,01;122,03
03019069;Pescarolo ed Uniti;Cremona;1;1.517;12,86;10,01;37,37;14,08;0,58;48,22;8,44;143,86
03019070;Pessina Cremonese;Cremona;1;563;29,39;0,65;53,30;31,45;5,40;25,13;4,65;149,97
03019116;Piadena Drizzona;Cremona;1;3.955;11,76;0,56;70,86;26,11;24,05;40,66;18,14;193,47
03019072;Pianengo;Cremona;1;2.522;3,65;5,46;23,46;14,05;8,28;37,73;33,58;126,21
03019073;Pieranica;Cremona;1;1.115;3,08;5,01;29,28;16,23;8,56;21,44;12,10;95,70
03019074;Pieve d'Olmi;Cremona;1;1.227;33,99;0,50;47,83;18,85;;22,39;15,43;138,98
03019075;Pieve San Giacomo;Cremona;1;1.585;17,17;0,37;38,09;20,33;12,97;18,72;6,04;113,70
03019076;Pizzighettone;Cremona;1;6.259;6,27;8,97;30,61;17,95;11,39;27,06;17,58;131,28
03019077;Pozzaglio ed Uniti;Cremona;1;1.437;39,52;0,51;40,16;20,81;16,30;33,33;3,08;153,71
03019078;Quintano;Cremona;1;893;3,50;5,70;27,29;17,07;24,04;31,39;17,16;126,15
03019079;Ricengo;Cremona;1;1.740;3,47;7,44;21,74;13,61;1,77;27,87;37,11;137,15
03019080;Ripalta Arpina;Cremona;1;1.001;2,95;4,61;28,66;20,05;3,34;35,82;14,52;109,94
03019081;Ripalta Cremasca;Cremona;1;3.413;33,84;23,13;0,31;;3,38;53,45;;114,12
03019082;Ripalta Guerina;Cremona;1;529;5,16;9,03;18,16;3,56;18,14;23,34;24,85;102,25
03019083;Rivarolo del Re ed Uniti;Cremona;1;1.832;18,06;0,29;44,59;26,83;6,50;24,14;15,83;136,25
03019084;Rivolta d'Adda;Cremona;1;8.108;6,87;;;19,08;21,51;7,28;9,16;66,66
03019085;Robecco d'Oglio;Cremona;1;2.252;29,92;9,90;11,51;23,06;18,77;27,63;5,42;126,22
03019086;Romanengo;Cremona;1;3.179;3,89;6,04;24,64;16,40;2,78;26,35;13,80;93,90
03019087;Salvirola;Cremona;1;1.161;4,02;5,59;25,53;22,97;0,32;39,29;9,42;107,16
03019088;San Bassano;Cremona;1;2.092;7,56;16,43;22,00;23,85;2,38;36,39;17,41;126,03
03019089;San Daniele Po;Cremona;1;1.286;13,37;10,41;38,85;14,64;2,91;45,53;6,51;132,22
03019090;San Giovanni in Croce;Cremona;1;1.899;11,62;1,14;67,05;41,05;;27,18;11,30;159,32
03019091;San Martino del Lago;Cremona;1;394;11,86;0,32;65,33;25,97;;24,33;3,98;131,79
03019092;Scandolara Ravara;Cremona;1;1.286;13,85;0,41;56,24;21,38;6,54;22,97;16,55;137,93
03019093;Scandolara Ripa d'Oglio;Cremona;1;531;12,55;0,37;49,70;19,71;3,10;36,00;3,42;124,85
03019094;Sergnano;Cremona;1;3.463;2,87;5,92;22,58;18,12;9,00;38,14;13,40;110,04
03019095;Sesto ed Uniti;Cremona;1;3.188;8,35;9,49;25,89;27,74;10,27;36,29;5,85;123,89
03019096;Solarolo Rainerio;Cremona;1;903;11,91;0,75;68,17;34,54;0,78;24,50;31,54;172,21
03019097;Soncino;Cremona;1;7.505;5,29;9,85;25,88;15,34;7,25;39,65;18,47;121,75
03019098;Soresina;Cremona;1;8.758;20,39;13,38;32,43;28,05;3,51;33,16;7,01;137,92
03019099;Sospiro;Cremona;1;3.046;13,98;1,02;48,76;23,73;4,64;20,85;8,55;121,53
03019100;Spinadesco;Cremona;1;1.471;9,57;10,29;29,67;27,39;5,12;29,42;3,64;115,11
03019101;Spineda;Cremona;1;599;17,41;0,35;25,19;26,18;6,15;23,17;16,68;115,13
03019103;Stagno Lombardo;Cremona;1;1.421;19,83;0,60;55,77;25,88;2,73;25,36;3,81;133,98
03019104;Ticengo;Cremona;1;417;5,17;8,30;27,50;28,09;22,01;23,29;4,99;119,35
03019106;Tornata;Cremona;1;426;20,39;0,43;47,18;20,06;9,89;18,27;10,33;126,54
03019107;Torre de' Picenardi;Cremona;1;2.105;35,60;0,41;47,15;20,85;;20,80;5,65;130,45
03019108;Torricella del Pizzo;Cremona;1;561;36,03;0,30;49,93;28,19;0,73;17,73;39,97;185,96
03019109;Trescore Cremasco;Cremona;1;2.792;7,76;;38,17;23,05;2,17;15,37;4,07;90,59
03019110;Trigolo;Cremona;1;1.630;5,78;9,57;30,29;13,46;15,86;25,63;26,88;127,47
03019111;Vaiano Cremasco;Cremona;1;3.546;4,24;7,05;31,40;15,36;13,34;31,38;15,93;118,70
03019112;Vailate;Cremona;1;4.605;4,16;8,13;26,36;14,52;9,83;34,06;16,13;113,19
03019113;Vescovato;Cremona;1;3.781;12,02;3,85;40,03;23,17;4,20;3,66;3,44;89,23
03019114;Volongo;Cremona;1;463;8,52;0,33;41,65;14,36;2,19;58,98;4,38;130,41
03019115;Voltido;Cremona;1;328;11,91;0,46;69,35;29,38;;26,18;4,38;141,66
18101001;Belvedere di Spinello;Crotone;1;1.899;21,06;18,43;13,16;18,43;5,27;52,66;;129,02
18101003;Carfizzi;Crotone;1;512;62,26;63,45;13,41;9,19;4,06;7,95;;160,32
18101005;Castelsilano;Crotone;1;897;59,81;;;54,40;;12,26;;126,47
18101006;Cerenzia;Crotone;1;1.040;41,68;41,55;5,78;1,53;11,54;;;102,08
18101008;Ciro Marina;Crotone;1;13.840;16,48;67,64;16,48;8,87;28,89;40,31;;166,75
18101009;Cotronei;Crotone;1;5.221;16,75;41,76;22,10;19,39;8,45;18,09;15,64;142,18
18101010;Crotone;Crotone;1;58.478;19,20;80,89;28,17;9,86;18,41;32,80;2,15;191,49
18101011;Crucoli;Crotone;1;2.747;54,75;61,99;37,34;;12,44;31,77;;198,29
18101014;Melissa;Crotone;1;3.213;68,82;;12,23;11,45;5,99;5,60;;104,09
18101015;Mesoraca;Crotone;1;5.919;7,76;28,11;38,80;0,21;11,07;6,41;5,58;97,93
18101016;Pallagorio;Crotone;1;999;18,78;22,80;19,56;;;10,43;3,50;88,03
18101017;Petilia Policastro;Crotone;1;8.678;18,83;18,16;31,81;9,14;;7,04;0,93;85,91
18101022;Santa Severina;Crotone;1;1.917;17,52;21,71;16,67;5,81;;17,01;6,90;85,62
18101023;Savelli;Crotone;1;1.034;9,59;14,77;102,55;18,47;2,91;;;148,29
18101024;Scandale;Crotone;1;2.811;24,85;26,30;12,86;;11,29;9,34;;84,64
18101025;Strongoli;Crotone;1;6.136;54,68;61,04;34,22;;0,81;26,33;;177,09
18101027;Verzino;Crotone;1;1.585;38,70;11,53;52,78;8,05;12,94;3,01;17,91;151,23
01004001;Acceglio;Cuneo;Vedi aggregazione: CONSORZIO ECOLOGICO CUNEESE;;;;;;;;;
01004002;Aisone;Cuneo;Vedi aggregazione: CONSORZIO ECOLOGICO CUNEESE;;;;;;;;;
01004003;Alba - Dato aggregazione CO.A.B.SE.R.;Cuneo;54;170.553;15,58;19,17;34,73;14,25;15,04;29,91;15,21;149,62
01004004;Albaretto della Torre;Cuneo;Vedi aggregazione: AZIENDA CONSORTILE ECOLOGICA MONREGALESE (A.C.E.M.);;;;;;;;;
01004005;Alto;Cuneo;Vedi aggregazione: AZIENDA CONSORTILE ECOLOGICA MONREGALESE (A.C.E.M.);;;;;;;;;
01004006;Argentera;Cuneo;Vedi aggregazione: CONSORZIO ECOLOGICO CUNEESE;;;;;;;;;
01004007;Arguello;Cuneo;Vedi aggregazione: AZIENDA CONSORTILE ECOLOGICA MONREGALESE (A.C.E.M.);;;;;;;;;
01004008;Bagnasco;Cuneo;Vedi aggregazione: AZIENDA CONSORTILE ECOLOGICA MONREGALESE (A.C.E.M.);;;;;;;;;
01004009;Bagnolo Piemonte;Cuneo;Vedi aggregazione: C.S.E.A. CONSORZIO SERVIZI ECOLOGIA ED AMBIENTE;;;;;;;;;
01004010;Baldissero d'Alba;Cuneo;Vedi aggregazione: CO.A.B.SE.R.;;;;;;;;;
01004011;Barbaresco;Cuneo;Vedi aggregazione: CO.A.B.SE.R.;;;;;;;;;
01004012;Barge;Cuneo;Vedi aggregazione: C.S.E.A. CONSORZIO SERVIZI ECOLOGIA ED AMBIENTE;;;;;;;;;
01004013;Barolo;Cuneo;Vedi aggregazione: CO.A.B.SE.R.;;;;;;;;;
01004014;Bastia Mondovi;Cuneo;Vedi aggregazione: AZIENDA CONSORTILE ECOLOGICA MONREGALESE (A.C.E.M.);;;;;;;;;
01004015;Battifollo;Cuneo;Vedi aggregazione: AZIENDA CONSORTILE ECOLOGICA MONREGALESE (A.C.E.M.);;;;;;;;;
01004016;Beinette;Cuneo;Vedi aggregazione: CONSORZIO ECOLOGICO CUNEESE;;;;;;;;;
01004017;Bellino;Cuneo;Vedi aggregazione: C.S.E.A. CONSORZIO SERVIZI ECOLOGIA ED AMBIENTE;;;;;;;;;
01004018;Belvedere Langhe;Cuneo;Vedi aggregazione: AZIENDA CONSORTILE ECOLOGICA MONREGALESE (A.C.E.M.);;;;;;;;;
01004019;Bene Vagienna;Cuneo;Vedi aggregazione: CO.A.B.SE.R.;;;;;;;;;
01004020;Benevello;Cuneo;Vedi aggregazione: AZIENDA CONSORTILE ECOLOGICA MONREGALESE (A.C.E.M.);;;;;;;;;
01004021;Bergolo;Cuneo;Vedi aggregazione: AZIENDA CONSORTILE ECOLOGICA MONREGALESE (A.C.E.M.);;;;;;;;;
01004022;Bernezzo;Cuneo;Vedi aggregazione: CONSORZIO ECOLOGICO CUNEESE;;;;;;;;;
01004023;Bonvicino;Cuneo;Vedi aggregazione: AZIENDA CONSORTILE ECOLOGICA MONREGALESE (A.C.E.M.);;;;;;;;;
01004025;Borgo San Dalmazzo;Cuneo;Vedi aggregazione: CONSORZIO ECOLOGICO CUNEESE;;;;;;;;;
01004024;Borgomale;Cuneo;Vedi aggregazione: AZIENDA CONSORTILE ECOLOGICA MONREGALESE (A.C.E.M.);;;;;;;;;
01004026;Bosia;Cuneo;Vedi aggregazione: AZIENDA CONSORTILE ECOLOGICA MONREGALESE (A.C.E.M.);;;;;;;;;
01004027;Bossolasco;Cuneo;Vedi aggregazione: AZIENDA CONSORTILE ECOLOGICA MONREGALESE (A.C.E.M.);;;;;;;;;
01004028;Boves;Cuneo;Vedi aggregazione: CONSORZIO ECOLOGICO CUNEESE;;;;;;;;;
01004029;Bra;Cuneo;Vedi aggregazione: CO.A.B.SE.R.;;;;;;;;;
01004030;Briaglia;Cuneo;Vedi aggregazione: AZIENDA CONSORTILE ECOLOGICA MONREGALESE (A.C.E.M.);;;;;;;;;
01004031;Briga Alta;Cuneo;Vedi aggregazione: AZIENDA CONSORTILE ECOLOGICA MONREGALESE (A.C.E.M.);;;;;;;;;
01004032;Brondello;Cuneo;Vedi aggregazione: C.S.E.A. CONSORZIO SERVIZI ECOLOGIA ED AMBIENTE;;;;;;;;;
01004033;Brossasco;Cuneo;Vedi aggregazione: C.S.E.A. CONSORZIO SERVIZI ECOLOGIA ED AMBIENTE;;;;;;;;;
01004034;Busca;Cuneo;Vedi aggregazione: C.S.E.A. CONSORZIO SERVIZI ECOLOGIA ED AMBIENTE;;;;;;;;;
01004035;Camerana;Cuneo;Vedi aggregazione: AZIENDA CONSORTILE ECOLOGICA MONREGALESE (A.C.E.M.);;;;;;;;;
01004037;Canale;Cuneo;Vedi aggregazione: CO.A.B.SE.R.;;;;;;;;;
01004038;Canosio;Cuneo;Vedi aggregazione: CONSORZIO ECOLOGICO CUNEESE;;;;;;;;;
01004039;Caprauna;Cuneo;Vedi aggregazione: AZIENDA CONSORTILE ECOLOGICA MONREGALESE (A.C.E.M.);;;;;;;;;
01004040;Caraglio;Cuneo;Vedi aggregazione: CONSORZIO ECOLOGICO CUNEESE;;;;;;;;;
01004041;Caramagna Piemonte;Cuneo;Vedi aggregazione: C.S.E.A. CONSORZIO SERVIZI ECOLOGIA ED AMBIENTE;;;;;;;;;
01004042;Carde;Cuneo;Vedi aggregazione: C.S.E.A. CONSORZIO SERVIZI ECOLOGIA ED AMBIENTE;;;;;;;;;
01004043;Carru;Cuneo;Vedi aggregazione: AZIENDA CONSORTILE ECOLOGICA MONREGALESE (A.C.E.M.);;;;;;;;;
01004044;Cartignano;Cuneo;Vedi aggregazione: CONSORZIO ECOLOGICO CUNEESE;;;;;;;;;
01004045;Casalgrasso;Cuneo;Vedi aggregazione: C.S.E.A. CONSORZIO SERVIZI ECOLOGIA ED AMBIENTE;;;;;;;;;
01004046;Castagnito;Cuneo;Vedi aggregazione: CO.A.B.SE.R.;;;;;;;;;
01004047;Casteldelfino;Cuneo;Vedi aggregazione: C.S.E.A. CONSORZIO SERVIZI ECOLOGIA ED AMBIENTE;;;;;;;;;
01004049;Castelletto Stura;Cuneo;Vedi aggregazione: CONSORZIO ECOLOGICO CUNEESE;;;;;;;;;
01004050;Castelletto Uzzone;Cuneo;Vedi aggregazione: AZIENDA CONSORTILE ECOLOGICA MONREGALESE (A.C.E.M.);;;;;;;;;
01004051;Castellinaldo;Cuneo;Vedi aggregazione: CO.A.B.SE.R.;;;;;;;;;
01004052;Castellino Tanaro;Cuneo;Vedi aggregazione: AZIENDA CONSORTILE ECOLOGICA MONREGALESE (A.C.E.M.);;;;;;;;;
01004053;Castelmagno;Cuneo;Vedi aggregazione: CONSORZIO ECOLOGICO CUNEESE;;;;;;;;;
01004054;Castelnuovo di Ceva;Cuneo;Vedi aggregazione: AZIENDA CONSORTILE ECOLOGICA MONREGALESE (A.C.E.M.);;;;;;;;;
01004055;Castiglione Falletto;Cuneo;Vedi aggregazione: CO.A.B.SE.R.;;;;;;;;;
01004056;Castiglione Tinella;Cuneo;Vedi aggregazione: CO.A.B.SE.R.;;;;;;;;;
01004057;Castino;Cuneo;Vedi aggregazione: AZIENDA CONSORTILE ECOLOGICA MONREGALESE (A.C.E.M.);;;;;;;;;
01004058;Cavallerleone;Cuneo;Vedi aggregazione: C.S.E.A. CONSORZIO SERVIZI ECOLOGIA ED AMBIENTE;;;;;;;;;
01004059;Cavallermaggiore;Cuneo;Vedi aggregazione: C.S.E.A. CONSORZIO SERVIZI ECOLOGIA ED AMBIENTE;;;;;;;;;
01004060;Celle di Macra;Cuneo;Vedi aggregazione: CONSORZIO ECOLOGICO CUNEESE;;;;;;;;;
01004061;Centallo;Cuneo;Vedi aggregazione: CONSORZIO ECOLOGICO CUNEESE;;;;;;;;;
01004062;Ceresole Alba;Cuneo;Vedi aggregazione: CO.A.B.SE.R.;;;;;;;;;
01004063;Cerretto Langhe;Cuneo;Vedi aggregazione: AZIENDA CONSORTILE ECOLOGICA MONREGALESE (A.C.E.M.);;;;;;;;;
01004064;Cervasca;Cuneo;Vedi aggregazione: CONSORZIO ECOLOGICO CUNEESE;;;;;;;;;
01004065;Cervere;Cuneo;Vedi aggregazione: CO.A.B.SE.R.;;;;;;;;;
01004066;Ceva;Cuneo;Vedi aggregazione: AZIENDA CONSORTILE ECOLOGICA MONREGALESE (A.C.E.M.);;;;;;;;;
01004067;Cherasco;Cuneo;Vedi aggregazione: CO.A.B.SE.R.;;;;;;;;;
01004068;Chiusa di Pesio;Cuneo;Vedi aggregazione: CONSORZIO ECOLOGICO CUNEESE;;;;;;;;;
01004069;Ciglie;Cuneo;Vedi aggregazione: AZIENDA CONSORTILE ECOLOGICA MONREGALESE (A.C.E.M.);;;;;;;;;
01004070;Cissone;Cuneo;Vedi aggregazione: AZIENDA CONSORTILE ECOLOGICA MONREGALESE (A.C.E.M.);;;;;;;;;
01004071;Clavesana;Cuneo;Vedi aggregazione: AZIENDA CONSORTILE ECOLOGICA MONREGALESE (A.C.E.M.);;;;;;;;;
01004072;Corneliano d'Alba;Cuneo;Vedi aggregazione: CO.A.B.SE.R.;;;;;;;;;
01004073;Cortemilia;Cuneo;Vedi aggregazione: AZIENDA CONSORTILE ECOLOGICA MONREGALESE (A.C.E.M.);;;;;;;;;
01004074;Cossano Belbo;Cuneo;Vedi aggregazione: CO.A.B.SE.R.;;;;;;;;;
01004075;Costigliole Saluzzo;Cuneo;Vedi aggregazione: C.S.E.A. CONSORZIO SERVIZI ECOLOGIA ED AMBIENTE;;;;;;;;;
01004076;Cravanzana;Cuneo;Vedi aggregazione: AZIENDA CONSORTILE ECOLOGICA MONREGALESE (A.C.E.M.);;;;;;;;;
01004077;Crissolo;Cuneo;Vedi aggregazione: C.S.E.A. CONSORZIO SERVIZI ECOLOGIA ED AMBIENTE;;;;;;;;;
01004078;Cuneo - Dato aggregazione CONSORZIO ECOLOGICO CUNEESE;Cuneo;54;162.794;15,07;6,84;42,91;32,00;13,66;22,15;8,62;141,25
01004079;Demonte;Cuneo;Vedi aggregazione: CONSORZIO ECOLOGICO CUNEESE;;;;;;;;;
01004080;Diano d'Alba;Cuneo;Vedi aggregazione: CO.A.B.SE.R.;;;;;;;;;
01004081;Dogliani;Cuneo;Vedi aggregazione: AZIENDA CONSORTILE ECOLOGICA MONREGALESE (A.C.E.M.);;;;;;;;;
01004082;Dronero;Cuneo;Vedi aggregazione: CONSORZIO ECOLOGICO CUNEESE;;;;;;;;;
01004083;Elva;Cuneo;Vedi aggregazione: CONSORZIO ECOLOGICO CUNEESE;;;;;;;;;
01004084;Entracque;Cuneo;Vedi aggregazione: CONSORZIO ECOLOGICO CUNEESE;;;;;;;;;
01004085;Envie;Cuneo;Vedi aggregazione: C.S.E.A. CONSORZIO SERVIZI ECOLOGIA ED AMBIENTE;;;;;;;;;
01004086;Farigliano;Cuneo;Vedi aggregazione: AZIENDA CONSORTILE ECOLOGICA MONREGALESE (A.C.E.M.);;;;;;;;;
01004087;Faule;Cuneo;Vedi aggregazione: C.S.E.A. CONSORZIO SERVIZI ECOLOGIA ED AMBIENTE;;;;;;;;;
01004088;Feisoglio;Cuneo;Vedi aggregazione: AZIENDA CONSORTILE ECOLOGICA MONREGALESE (A.C.E.M.);;;;;;;;;
01004089;Fossano;Cuneo;Vedi aggregazione: C.S.E.A. CONSORZIO SERVIZI ECOLOGIA ED AMBIENTE;;;;;;;;;
01004090;Frabosa Soprana;Cuneo;Vedi aggregazione: AZIENDA CONSORTILE ECOLOGICA MONREGALESE (A.C.E.M.);;;;;;;;;
01004091;Frabosa Sottana;Cuneo;Vedi aggregazione: AZIENDA CONSORTILE ECOLOGICA MONREGALESE (A.C.E.M.);;;;;;;;;
01004092;Frassino;Cuneo;Vedi aggregazione: C.S.E.A. CONSORZIO SERVIZI ECOLOGIA ED AMBIENTE;;;;;;;;;
01004093;Gaiola;Cuneo;Vedi aggregazione: CONSORZIO ECOLOGICO CUNEESE;;;;;;;;;
01004094;Gambasca;Cuneo;Vedi aggregazione: C.S.E.A. CONSORZIO SERVIZI ECOLOGIA ED AMBIENTE;;;;;;;;;
01004095;Garessio;Cuneo;Vedi aggregazione: AZIENDA CONSORTILE ECOLOGICA MONREGALESE (A.C.E.M.);;;;;;;;;
01004096;Genola;Cuneo;Vedi aggregazione: C.S.E.A. CONSORZIO SERVIZI ECOLOGIA ED AMBIENTE;;;;;;;;;
01004097;Gorzegno;Cuneo;Vedi aggregazione: AZIENDA CONSORTILE ECOLOGICA MONREGALESE (A.C.E.M.);;;;;;;;;
01004098;Gottasecca;Cuneo;Vedi aggregazione: AZIENDA CONSORTILE ECOLOGICA MONREGALESE (A.C.E.M.);;;;;;;;;
01004099;Govone;Cuneo;Vedi aggregazione: CO.A.B.SE.R.;;;;;;;;;
01004100;Grinzane Cavour;Cuneo;Vedi aggregazione: CO.A.B.SE.R.;;;;;;;;;
01004101;Guarene;Cuneo;Vedi aggregazione: CO.A.B.SE.R.;;;;;;;;;
01004102;Igliano;Cuneo;Vedi aggregazione: AZIENDA CONSORTILE ECOLOGICA MONREGALESE (A.C.E.M.);;;;;;;;;
01004103;Isasca;Cuneo;Vedi aggregazione: C.S.E.A. CONSORZIO SERVIZI ECOLOGIA ED AMBIENTE;;;;;;;;;
01004105;La Morra;Cuneo;Vedi aggregazione: CO.A.B.SE.R.;;;;;;;;;
01004104;Lagnasco;Cuneo;Vedi aggregazione: C.S.E.A. CONSORZIO SERVIZI ECOLOGIA ED AMBIENTE;;;;;;;;;
01004106;Lequio Berria;Cuneo;Vedi aggregazione: AZIENDA CONSORTILE ECOLOGICA MONREGALESE (A.C.E.M.);;;;;;;;;
01004107;Lequio Tanaro;Cuneo;Vedi aggregazione: AZIENDA CONSORTILE ECOLOGICA MONREGALESE (A.C.E.M.);;;;;;;;;
01004108;Lesegno;Cuneo;Vedi aggregazione: AZIENDA CONSORTILE ECOLOGICA MONREGALESE (A.C.E.M.);;;;;;;;;
01004109;Levice;Cuneo;Vedi aggregazione: AZIENDA CONSORTILE ECOLOGICA MONREGALESE (A.C.E.M.);;;;;;;;;
01004110;Limone Piemonte;Cuneo;Vedi aggregazione: CONSORZIO ECOLOGICO CUNEESE;;;;;;;;;
01004111;Lisio;Cuneo;Vedi aggregazione: AZIENDA CONSORTILE ECOLOGICA MONREGALESE (A.C.E.M.);;;;;;;;;
01004112;Macra;Cuneo;Vedi aggregazione: CONSORZIO ECOLOGICO CUNEESE;;;;;;;;;
01004113;Magliano Alfieri;Cuneo;Vedi aggregazione: CO.A.B.SE.R.;;;;;;;;;
01004114;Magliano Alpi;Cuneo;Vedi aggregazione: AZIENDA CONSORTILE ECOLOGICA MONREGALESE (A.C.E.M.);;;;;;;;;
01004115;Mango;Cuneo;Vedi aggregazione: CO.A.B.SE.R.;;;;;;;;;
01004116;Manta;Cuneo;Vedi aggregazione: C.S.E.A. CONSORZIO SERVIZI ECOLOGIA ED AMBIENTE;;;;;;;;;
01004117;Marene;Cuneo;Vedi aggregazione: CO.A.B.SE.R.;;;;;;;;;
01004118;Margarita;Cuneo;Vedi aggregazione: CONSORZIO ECOLOGICO CUNEESE;;;;;;;;;
01004119;Marmora;Cuneo;Vedi aggregazione: CONSORZIO ECOLOGICO CUNEESE;;;;;;;;;
01004120;Marsaglia;Cuneo;Vedi aggregazione: AZIENDA CONSORTILE ECOLOGICA MONREGALESE (A.C.E.M.);;;;;;;;;
01004121;Martiniana Po;Cuneo;Vedi aggregazione: C.S.E.A. CONSORZIO SERVIZI ECOLOGIA ED AMBIENTE;;;;;;;;;
01004122;Melle;Cuneo;Vedi aggregazione: C.S.E.A. CONSORZIO SERVIZI ECOLOGIA ED AMBIENTE;;;;;;;;;
01004123;Moiola;Cuneo;Vedi aggregazione: CONSORZIO ECOLOGICO CUNEESE;;;;;;;;;
01004124;Mombarcaro;Cuneo;Vedi aggregazione: AZIENDA CONSORTILE ECOLOGICA MONREGALESE (A.C.E.M.);;;;;;;;;
01004125;Mombasiglio;Cuneo;Vedi aggregazione: AZIENDA CONSORTILE ECOLOGICA MONREGALESE (A.C.E.M.);;;;;;;;;
01004126;Monastero di Vasco;Cuneo;Vedi aggregazione: AZIENDA CONSORTILE ECOLOGICA MONREGALESE (A.C.E.M.);;;;;;;;;
01004127;Monasterolo Casotto;Cuneo;Vedi aggregazione: AZIENDA CONSORTILE ECOLOGICA MONREGALESE (A.C.E.M.);;;;;;;;;
01004128;Monasterolo di Savigliano;Cuneo;Vedi aggregazione: C.S.E.A. CONSORZIO SERVIZI ECOLOGIA ED AMBIENTE;;;;;;;;;
01004129;Monchiero;Cuneo;Vedi aggregazione: CO.A.B.SE.R.;;;;;;;;;
01004130;Mondovi - Dato aggregazione AZIENDA CONSORTILE ECOLOGICA MONREGALESE (A.C.E.M.);Cuneo;87;89.900;65,05;;46,98;;;6,18;0,09;118,30
01004131;Monesiglio;Cuneo;Vedi aggregazione: AZIENDA CONSORTILE ECOLOGICA MONREGALESE (A.C.E.M.);;;;;;;;;
01004132;Monforte d'Alba;Cuneo;Vedi aggregazione: CO.A.B.SE.R.;;;;;;;;;
01004133;Monta;Cuneo;Vedi aggregazione: CO.A.B.SE.R.;;;;;;;;;
01004134;Montaldo di Mondovi;Cuneo;Vedi aggregazione: AZIENDA CONSORTILE ECOLOGICA MONREGALESE (A.C.E.M.);;;;;;;;;
01004135;Montaldo Roero;Cuneo;Vedi aggregazione: CO.A.B.SE.R.;;;;;;;;;
01004136;Montanera;Cuneo;Vedi aggregazione: CONSORZIO ECOLOGICO CUNEESE;;;;;;;;;
01004137;Montelupo Albese;Cuneo;Vedi aggregazione: CO.A.B.SE.R.;;;;;;;;;
01004138;Montemale di Cuneo;Cuneo;Vedi aggregazione: CONSORZIO ECOLOGICO CUNEESE;;;;;;;;;
01004139;Monterosso Grana;Cuneo;Vedi aggregazione: CONSORZIO ECOLOGICO CUNEESE;;;;;;;;;
01004140;Monteu Roero;Cuneo;Vedi aggregazione: CO.A.B.SE.R.;;;;;;;;;
01004141;Montezemolo;Cuneo;Vedi aggregazione: AZIENDA CONSORTILE ECOLOGICA MONREGALESE (A.C.E.M.);;;;;;;;;
01004142;Monticello d'Alba;Cuneo;Vedi aggregazione: CO.A.B.SE.R.;;;;;;;;;
01004143;Moretta;Cuneo;Vedi aggregazione: C.S.E.A. CONSORZIO SERVIZI ECOLOGIA ED AMBIENTE;;;;;;;;;
01004144;Morozzo;Cuneo;Vedi aggregazione: CONSORZIO ECOLOGICO CUNEESE;;;;;;;;;
01004145;Murazzano;Cuneo;Vedi aggregazione: AZIENDA CONSORTILE ECOLOGICA MONREGALESE (A.C.E.M.);;;;;;;;;
01004146;Murello;Cuneo;Vedi aggregazione: C.S.E.A. CONSORZIO SERVIZI ECOLOGIA ED AMBIENTE;;;;;;;;;
01004147;Narzole;Cuneo;Vedi aggregazione: CO.A.B.SE.R.;;;;;;;;;
01004148;Neive;Cuneo;Vedi aggregazione: CO.A.B.SE.R.;;;;;;;;;
01004149;Neviglie;Cuneo;Vedi aggregazione: CO.A.B.SE.R.;;;;;;;;;
01004150;Niella Belbo;Cuneo;Vedi aggregazione: AZIENDA CONSORTILE ECOLOGICA MONREGALESE (A.C.E.M.);;;;;;;;;
01004151;Niella Tanaro;Cuneo;Vedi aggregazione: AZIENDA CONSORTILE ECOLOGICA MONREGALESE (A.C.E.M.);;;;;;;;;
01004152;Novello;Cuneo;Vedi aggregazione: CO.A.B.SE.R.;;;;;;;;;
01004153;Nucetto;Cuneo;Vedi aggregazione: AZIENDA CONSORTILE ECOLOGICA MONREGALESE (A.C.E.M.);;;;;;;;;
01004154;Oncino;Cuneo;Vedi aggregazione: C.S.E.A. CONSORZIO SERVIZI ECOLOGIA ED AMBIENTE;;;;;;;;;
01004155;Ormea;Cuneo;Vedi aggregazione: AZIENDA CONSORTILE ECOLOGICA MONREGALESE (A.C.E.M.);;;;;;;;;
01004156;Ostana;Cuneo;Vedi aggregazione: C.S.E.A. CONSORZIO SERVIZI ECOLOGIA ED AMBIENTE;;;;;;;;;
01004157;Paesana;Cuneo;Vedi aggregazione: C.S.E.A. CONSORZIO SERVIZI ECOLOGIA ED AMBIENTE;;;;;;;;;
01004158;Pagno;Cuneo;Vedi aggregazione: C.S.E.A. CONSORZIO SERVIZI ECOLOGIA ED AMBIENTE;;;;;;;;;
01004159;Pamparato;Cuneo;Vedi aggregazione: AZIENDA CONSORTILE ECOLOGICA MONREGALESE (A.C.E.M.);;;;;;;;;
01004160;Paroldo;Cuneo;Vedi aggregazione: AZIENDA CONSORTILE ECOLOGICA MONREGALESE (A.C.E.M.);;;;;;;;;
01004161;Perletto;Cuneo;Vedi aggregazione: AZIENDA CONSORTILE ECOLOGICA MONREGALESE (A.C.E.M.);;;;;;;;;
01004162;Perlo;Cuneo;Vedi aggregazione: AZIENDA CONSORTILE ECOLOGICA MONREGALESE (A.C.E.M.);;;;;;;;;
01004163;Peveragno;Cuneo;Vedi aggregazione: CONSORZIO ECOLOGICO CUNEESE;;;;;;;;;
01004164;Pezzolo Valle Uzzone;Cuneo;Vedi aggregazione: AZIENDA CONSORTILE ECOLOGICA MONREGALESE (A.C.E.M.);;;;;;;;;
01004165;Pianfei;Cuneo;Vedi aggregazione: CONSORZIO ECOLOGICO CUNEESE;;;;;;;;;
01004166;Piasco;Cuneo;Vedi aggregazione: C.S.E.A. CONSORZIO SERVIZI ECOLOGIA ED AMBIENTE;;;;;;;;;
01004167;Pietraporzio;Cuneo;Vedi aggregazione: CONSORZIO ECOLOGICO CUNEESE;;;;;;;;;
01004168;Piobesi d'Alba;Cuneo;Vedi aggregazione: CO.A.B.SE.R.;;;;;;;;;
01004169;Piozzo;Cuneo;Vedi aggregazione: AZIENDA CONSORTILE ECOLOGICA MONREGALESE (A.C.E.M.);;;;;;;;;
01004170;Pocapaglia;Cuneo;Vedi aggregazione: CO.A.B.SE.R.;;;;;;;;;
01004171;Polonghera;Cuneo;Vedi aggregazione: C.S.E.A. CONSORZIO SERVIZI ECOLOGIA ED AMBIENTE;;;;;;;;;
01004172;Pontechianale;Cuneo;Vedi aggregazione: C.S.E.A. CONSORZIO SERVIZI ECOLOGIA ED AMBIENTE;;;;;;;;;
01004173;Pradleves;Cuneo;Vedi aggregazione: CONSORZIO ECOLOGICO CUNEESE;;;;;;;;;
01004174;Prazzo;Cuneo;Vedi aggregazione: CONSORZIO ECOLOGICO CUNEESE;;;;;;;;;
01004175;Priero;Cuneo;Vedi aggregazione: AZIENDA CONSORTILE ECOLOGICA MONREGALESE (A.C.E.M.);;;;;;;;;
01004176;Priocca;Cuneo;Vedi aggregazione: CO.A.B.SE.R.;;;;;;;;;
01004177;Priola;Cuneo;Vedi aggregazione: AZIENDA CONSORTILE ECOLOGICA MONREGALESE (A.C.E.M.);;;;;;;;;
01004178;Prunetto;Cuneo;Vedi aggregazione: AZIENDA CONSORTILE ECOLOGICA MONREGALESE (A.C.E.M.);;;;;;;;;
01004179;Racconigi;Cuneo;Vedi aggregazione: C.S.E.A. CONSORZIO SERVIZI ECOLOGIA ED AMBIENTE;;;;;;;;;
01004180;Revello;Cuneo;Vedi aggregazione: C.S.E.A. CONSORZIO SERVIZI ECOLOGIA ED AMBIENTE;;;;;;;;;
01004181;Rifreddo;Cuneo;Vedi aggregazione: C.S.E.A. CONSORZIO SERVIZI ECOLOGIA ED AMBIENTE;;;;;;;;;
01004182;Rittana;Cuneo;Vedi aggregazione: CONSORZIO ECOLOGICO CUNEESE;;;;;;;;;
01004183;Roaschia;Cuneo;Vedi aggregazione: CONSORZIO ECOLOGICO CUNEESE;;;;;;;;;
01004184;Roascio;Cuneo;Vedi aggregazione: AZIENDA CONSORTILE ECOLOGICA MONREGALESE (A.C.E.M.);;;;;;;;;
01004185;Robilante;Cuneo;Vedi aggregazione: CONSORZIO ECOLOGICO CUNEESE;;;;;;;;;
01004186;Roburent;Cuneo;Vedi aggregazione: AZIENDA CONSORTILE ECOLOGICA MONREGALESE (A.C.E.M.);;;;;;;;;
01004188;Rocca Ciglie;Cuneo;Vedi aggregazione: AZIENDA CONSORTILE ECOLOGICA MONREGALESE (A.C.E.M.);;;;;;;;;
01004189;Rocca de' Baldi;Cuneo;Vedi aggregazione: AZIENDA CONSORTILE ECOLOGICA MONREGALESE (A.C.E.M.);;;;;;;;;
01004187;Roccabruna;Cuneo;Vedi aggregazione: CONSORZIO ECOLOGICO CUNEESE;;;;;;;;;
01004190;Roccaforte Mondovi;Cuneo;Vedi aggregazione: AZIENDA CONSORTILE ECOLOGICA MONREGALESE (A.C.E.M.);;;;;;;;;
01004191;Roccasparvera;Cuneo;Vedi aggregazione: CONSORZIO ECOLOGICO CUNEESE;;;;;;;;;
01004192;Roccavione;Cuneo;Vedi aggregazione: CONSORZIO ECOLOGICO CUNEESE;;;;;;;;;
01004193;Rocchetta Belbo;Cuneo;Vedi aggregazione: AZIENDA CONSORTILE ECOLOGICA MONREGALESE (A.C.E.M.);;;;;;;;;
01004194;Roddi;Cuneo;Vedi aggregazione: CO.A.B.SE.R.;;;;;;;;;
01004195;Roddino;Cuneo;Vedi aggregazione: CO.A.B.SE.R.;;;;;;;;;
01004196;Rodello;Cuneo;Vedi aggregazione: CO.A.B.SE.R.;;;;;;;;;
01004197;Rossana;Cuneo;Vedi aggregazione: C.S.E.A. CONSORZIO SERVIZI ECOLOGIA ED AMBIENTE;;;;;;;;;
01004198;Ruffia;Cuneo;Vedi aggregazione: C.S.E.A. CONSORZIO SERVIZI ECOLOGIA ED AMBIENTE;;;;;;;;;
01004199;Sale delle Langhe;Cuneo;Vedi aggregazione: AZIENDA CONSORTILE ECOLOGICA MONREGALESE (A.C.E.M.);;;;;;;;;
01004200;Sale San Giovanni;Cuneo;Vedi aggregazione: AZIENDA CONSORTILE ECOLOGICA MONREGALESE (A.C.E.M.);;;;;;;;;
01004201;Saliceto;Cuneo;Vedi aggregazione: AZIENDA CONSORTILE ECOLOGICA MONREGALESE (A.C.E.M.);;;;;;;;;
01004202;Salmour;Cuneo;Vedi aggregazione: CO.A.B.SE.R.;;;;;;;;;
01004203;Saluzzo - Dato aggregazione C.S.E.A. CONSORZIO SERVIZI ECOLOGIA ED AMBIENTE;Cuneo;53;167.688;14,64;16,04;41,16;11,37;11,89;19,54;14,29;148,27
01004204;Sambuco;Cuneo;Vedi aggregazione: CONSORZIO ECOLOGICO CUNEESE;;;;;;;;;
01004205;Sampeyre;Cuneo;Vedi aggregazione: C.S.E.A. CONSORZIO SERVIZI ECOLOGIA ED AMBIENTE;;;;;;;;;
01004206;San Benedetto Belbo;Cuneo;Vedi aggregazione: AZIENDA CONSORTILE ECOLOGICA MONREGALESE (A.C.E.M.);;;;;;;;;
01004207;San Damiano Macra;Cuneo;Vedi aggregazione: CONSORZIO ECOLOGICO CUNEESE;;;;;;;;;
01004210;San Michele Mondovi;Cuneo;Vedi aggregazione: AZIENDA CONSORTILE ECOLOGICA MONREGALESE (A.C.E.M.);;;;;;;;;
01004208;Sanfre;Cuneo;Vedi aggregazione: CO.A.B.SE.R.;;;;;;;;;
01004209;Sanfront;Cuneo;Vedi aggregazione: C.S.E.A. CONSORZIO SERVIZI ECOLOGIA ED AMBIENTE;;;;;;;;;
01004212;Santa Vittoria d'Alba;Cuneo;Vedi aggregazione: CO.A.B.SE.R.;;;;;;;;;
01004211;Sant'Albano Stura;Cuneo;Vedi aggregazione: C.S.E.A. CONSORZIO SERVIZI ECOLOGIA ED AMBIENTE;;;;;;;;;
01004213;Santo Stefano Belbo;Cuneo;Vedi aggregazione: CO.A.B.SE.R.;;;;;;;;;
01004214;Santo Stefano Roero;Cuneo;Vedi aggregazione: CO.A.B.SE.R.;;;;;;;;;
01004215;Savigliano;Cuneo;Vedi aggregazione: C.S.E.A. CONSORZIO SERVIZI ECOLOGIA ED AMBIENTE;;;;;;;;;
01004216;Scagnello;Cuneo;Vedi aggregazione: AZIENDA CONSORTILE ECOLOGICA MONREGALESE (A.C.E.M.);;;;;;;;;
01004217;Scarnafigi;Cuneo;Vedi aggregazione: C.S.E.A. CONSORZIO SERVIZI ECOLOGIA ED AMBIENTE;;;;;;;;;
01004218;Serralunga d'Alba;Cuneo;Vedi aggregazione: CO.A.B.SE.R.;;;;;;;;;
01004219;Serravalle Langhe;Cuneo;Vedi aggregazione: AZIENDA CONSORTILE ECOLOGICA MONREGALESE (A.C.E.M.);;;;;;;;;
01004220;Sinio;Cuneo;Vedi aggregazione: CO.A.B.SE.R.;;;;;;;;;
01004221;Somano;Cuneo;Vedi aggregazione: AZIENDA CONSORTILE ECOLOGICA MONREGALESE (A.C.E.M.);;;;;;;;;
01004222;Sommariva del Bosco;Cuneo;Vedi aggregazione: CO.A.B.SE.R.;;;;;;;;;
01004223;Sommariva Perno;Cuneo;Vedi aggregazione: CO.A.B.SE.R.;;;;;;;;;
01004224;Stroppo;Cuneo;Vedi aggregazione: CONSORZIO ECOLOGICO CUNEESE;;;;;;;;;
01004225;Tarantasca;Cuneo;Vedi aggregazione: CONSORZIO ECOLOGICO CUNEESE;;;;;;;;;
01004226;Torre Bormida;Cuneo;Vedi aggregazione: AZIENDA CONSORTILE ECOLOGICA MONREGALESE (A.C.E.M.);;;;;;;;;
01004227;Torre Mondovi;Cuneo;Vedi aggregazione: AZIENDA CONSORTILE ECOLOGICA MONREGALESE (A.C.E.M.);;;;;;;;;
01004228;Torre San Giorgio;Cuneo;Vedi aggregazione: C.S.E.A. CONSORZIO SERVIZI ECOLOGIA ED AMBIENTE;;;;;;;;;
01004229;Torresina;Cuneo;Vedi aggregazione: AZIENDA CONSORTILE ECOLOGICA MONREGALESE (A.C.E.M.);;;;;;;;;
01004230;Treiso;Cuneo;Vedi aggregazione: CO.A.B.SE.R.;;;;;;;;;
01004231;Trezzo Tinella;Cuneo;Vedi aggregazione: CO.A.B.SE.R.;;;;;;;;;
01004232;Trinita;Cuneo;Vedi aggregazione: C.S.E.A. CONSORZIO SERVIZI ECOLOGIA ED AMBIENTE;;;;;;;;;
01004233;Valdieri;Cuneo;Vedi aggregazione: CONSORZIO ECOLOGICO CUNEESE;;;;;;;;;
01004234;Valgrana;Cuneo;Vedi aggregazione: CONSORZIO ECOLOGICO CUNEESE;;;;;;;;;
01004235;Valloriate;Cuneo;Vedi aggregazione: CONSORZIO ECOLOGICO CUNEESE;;;;;;;;;
01004237;Venasca;Cuneo;Vedi aggregazione: C.S.E.A. CONSORZIO SERVIZI ECOLOGIA ED AMBIENTE;;;;;;;;;
01004238;Verduno;Cuneo;Vedi aggregazione: CO.A.B.SE.R.;;;;;;;;;
01004239;Vernante;Cuneo;Vedi aggregazione: CONSORZIO ECOLOGICO CUNEESE;;;;;;;;;
01004240;Verzuolo;Cuneo;Vedi aggregazione: C.S.E.A. CONSORZIO SERVIZI ECOLOGIA ED AMBIENTE;;;;;;;;;
01004241;Vezza d'Alba;Cuneo;Vedi aggregazione: CO.A.B.SE.R.;;;;;;;;;
01004242;Vicoforte;Cuneo;Vedi aggregazione: AZIENDA CONSORTILE ECOLOGICA MONREGALESE (A.C.E.M.);;;;;;;;;
01004243;Vignolo;Cuneo;Vedi aggregazione: CONSORZIO ECOLOGICO CUNEESE;;;;;;;;;
01004244;Villafalletto;Cuneo;Vedi aggregazione: C.S.E.A. CONSORZIO SERVIZI ECOLOGIA ED AMBIENTE;;;;;;;;;
01004245;Villanova Mondovi;Cuneo;Vedi aggregazione: AZIENDA CONSORTILE ECOLOGICA MONREGALESE (A.C.E.M.);;;;;;;;;
01004246;Villanova Solaro;Cuneo;Vedi aggregazione: C.S.E.A. CONSORZIO SERVIZI ECOLOGIA ED AMBIENTE;;;;;;;;;
01004247;Villar San Costanzo;Cuneo;Vedi aggregazione: CONSORZIO ECOLOGICO CUNEESE;;;;;;;;;
01004248;Vinadio;Cuneo;Vedi aggregazione: CONSORZIO ECOLOGICO CUNEESE;;;;;;;;;
01004249;Viola;Cuneo;Vedi aggregazione: AZIENDA CONSORTILE ECOLOGICA MONREGALESE (A.C.E.M.);;;;;;;;;
01004250;Vottignasco;Cuneo;Vedi aggregazione: C.S.E.A. CONSORZIO SERVIZI ECOLOGIA ED AMBIENTE;;;;;;;;;
19086001;Agira;Enna;1;7.680;23,19;17,80;68,23;23,54;20,02;12,03;1,01;165,82
19086004;Barrafranca;Enna;1;11.887;20,43;29,12;53,05;7,54;39,09;33,03;4,66;188,61
19086005;Calascibetta;Enna;1;4.500;38,91;22,25;53,37;1,24;12,90;12,59;1,12;142,38
19086009;Enna;Enna;1;25.775;14,36;18,18;87,90;37,96;18,88;26,99;9,82;222,64
19086011;Leonforte;Enna;1;12.476;7,73;22,26;36,09;2,88;21,78;13,01;;104,57
19086012;Nicosia;Enna;1;12.819;18,61;23,33;50,56;5,31;31,13;9,77;;150,45
19086013;Nissoria;Enna;1;2.821;40,40;13,29;98,91;19,69;14,06;22,76;;199,83
19086014;Piazza Armerina;Enna;1;20.749;39,77;30,94;43,06;5,82;39,77;11,31;4,16;174,83
19086015;Pietraperzia;Enna;1;6.369;15,35;7,58;20,50;26,50;;76,17;17,42;163,53
11109001;Altidona;Fermo;1;3.516;8,91;14,67;37,50;15,10;18,33;12,21;15,99;122,72
11109002;Amandola;Fermo;1;3.311;35,27;17,80;7,67;;1,66;;;64,76
11109003;Belmonte Piceno;Fermo;1;585;15,92;13,78;24,08;;11,29;27,79;14,58;135,90
11109004;Campofilone;Fermo;1;1.909;9,82;9,34;40,77;9,25;11,84;10,48;11,06;102,56
11109005;Falerone;Fermo;1;3.130;15,10;19,55;27,71;;14,26;22,78;3,35;102,74
11109006;Fermo;Fermo;1;35.932;21,50;16,95;50,16;9,32;15,09;32,25;21,31;166,58
11109007;Francavilla d'Ete;Fermo;1;935;6,64;;45,26;17,71;51,12;54,27;3,33;184,67
11109008;Grottazzolina;Fermo;1;3.218;11,47;21,45;35,34;;4,09;24,73;9,44;106,97
11109009;Lapedona;Fermo;1;1.162;9,02;15,01;35,78;3,22;2,61;9,72;14,29;89,66
11109010;Magliano di Tenna;Fermo;1;1.434;5,39;21,32;24,93;14,58;10,50;10,92;24,74;119,42
11109011;Massa Fermana;Fermo;1;877;64,24;;46,99;26,75;18,41;22,22;5,78;184,40
11109012;Monsampietro Morico;Fermo;1;621;22,50;15,89;38,36;;7,30;17,81;31,83;163,71
11109013;Montappone;Fermo;1;1.581;87,29;24,04;;;17,46;2,85;2,85;134,47
11109016;Monte Giberto;Fermo;1;739;8,40;11,01;47,77;5,55;9,06;30,67;18,49;145,44
11109021;Monte Rinaldo;Fermo;1;323;22,72;11,73;24,22;5,08;18,07;53,70;13,27;148,79
11109023;Monte San Pietrangeli;Fermo;1;2.292;13,25;9,83;36,52;8,27;10,40;22,36;9,16;109,80
11109024;Monte Urano;Fermo;1;7.890;10,18;6,53;30,28;13,30;4,57;16,92;9,44;91,23
11109025;Monte Vidon Combatte;Fermo;1;400;;18,08;35,60;;29,38;18,44;9,64;111,13
11109026;Monte Vidon Corrado;Fermo;1;683;6,77;20,13;35,31;;32,34;24,10;4,55;123,20
11109014;Montefalcone Appennino;Fermo;1;374;7,91;28,93;32,74;;13,80;27,37;1,95;112,69
11109015;Montefortino;Fermo;1;1.089;9,42;;46,01;22,78;5,48;15,32;14,45;113,46
11109017;Montegiorgio;Fermo;1;6.393;12,26;21,69;54,19;1,98;21,22;32,65;10,40;181,17
11109018;Montegranaro;Fermo;1;12.517;17,39;;26,09;34,79;8,70;5,39;8,39;101,31
11109019;Monteleone di Fermo;Fermo;1;357;15,34;21,13;33,24;;4,38;29,01;;103,09
11109020;Montelparo;Fermo;1;713;99,50;4,21;15,85;;;15,27;2,58;137,41
11109022;Monterubbiano;Fermo;1;2.054;1,24;7,25;55,64;5,86;10,80;19,36;47,65;147,80
11109027;Montottone;Fermo;1;881;22,65;16,96;39,36;;6,82;18,01;7,90;120,70
11109028;Moresco;Fermo;1;528;8,17;13,60;53,04;2,95;6,71;7,88;3,03;95,39
11109029;Ortezzano;Fermo;1;746;10,27;8,28;24,85;8,96;3,84;20,98;10,59;87,77
11109030;Pedaso;Fermo;1;2.800;23,76;8,18;82,31;;22,57;8,01;;144,81
11109032;Ponzano di Fermo;Fermo;1;1.640;2,71;;46,28;;9,96;17,55;;76,50
11109033;Porto San Giorgio;Fermo;1;15.670;24,05;18,91;73,74;22,03;31,41;16,96;29,45;216,55
11109034;Porto Sant'Elpidio;Fermo;1;25.918;13,66;24,76;29,07;11,73;15,10;33,83;21,17;149,33
11109035;Rapagnano;Fermo;1;1.924;5,67;1,73;49,99;12,87;7,59;14,44;3,42;98,86
11109037;Sant'Elpidio a Mare;Fermo;1;16.574;11,92;17,19;35,27;;10,21;26,58;5,00;106,99
11109038;Servigliano;Fermo;1;2.181;11,28;12,07;55,37;7,80;4,29;1,69;7,40;107,58
11109039;Smerillo;Fermo;1;335;6,18;13,42;33,73;6,81;20,48;32,32;1,84;114,77
11109040;Torre San Patrizio;Fermo;1;1.884;8,68;13,18;33,30;;3,64;26,10;3,80;88,72
08038001;Argenta;Ferrara;1;21.029;21,91;22,76;48,63;16,73;13,57;34,09;33,20;210,85
08038003;Bondeno;Ferrara;1;13.872;27,28;15,36;92,12;25,53;24,26;78,33;24,06;336,58
08038004;Cento;Ferrara;1;35.176;23,63;13,31;79,80;22,12;25,24;58,67;20,84;267,62
08038005;Codigoro;Ferrara;1;11.175;22,69;15,87;96,44;31,03;17,16;79,02;16,58;291,66
08038006;Comacchio;Ferrara;1;22.162;55,66;66,18;151,05;74,09;56,26;134,06;8,95;581,75
08038007;Copparo;Ferrara;1;15.742;21,83;15,27;92,80;29,86;14,84;75,92;16,26;279,01
08038008;Ferrara;Ferrara;1;131.091;14,83;10,60;91,46;38,42;25,08;23,43;15,50;223,07
08038027;Fiscaglia;Ferrara;1;8.349;19,57;13,68;83,17;26,76;16,61;68,22;14,28;251,76
08038025;Goro;Ferrara;1;3.523;23,37;16,34;99,32;31,96;40,75;81,14;16,87;321,83
08038010;Jolanda di Savoia;Ferrara;1;2.623;21,22;14,84;90,20;29,02;46,81;73,86;15,24;324,98
08038011;Lagosanto;Ferrara;1;4.729;20,46;14,30;86,95;27,97;18,59;71,11;14,92;260,43
08038012;Masi Torello;Ferrara;1;2.319;22,87;15,99;97,22;31,28;11,42;79,49;16,76;292,89
08038014;Mesola;Ferrara;1;6.475;18,96;13,26;80,57;25,92;14,09;65,98;13,85;243,38
08038017;Ostellato;Ferrara;1;5.723;19,74;13,80;83,91;27,00;15,92;68,86;14,41;253,03
08038018;Poggio Renatico;Ferrara;1;9.714;19,66;11,07;66,37;18,40;11,42;48,52;17,41;212,30
08038019;Portomaggiore;Ferrara;1;11.553;19,50;13,63;82,86;26,66;22,36;67,76;14,18;248,83
08038029;Riva del Po;Ferrara;1;7.503;21,04;14,72;89,44;28,78;13,71;73,17;15,39;270,16
08038028;Terre del Reno;Ferrara;1;9.879;22,28;12,55;75,24;20,85;13,04;55,55;13,15;229,78
08038030;Tresignana;Ferrara;1;6.905;20,49;14,33;87,08;28,02;12,64;70,84;14,99;258,90
08038022;Vigarano Mainarda;Ferrara;1;7.559;17,95;10,11;60,62;16,80;15,59;41,82;15,86;195,41
08038023;Voghiera;Ferrara;1;3.654;18,92;13,23;80,43;25,88;10,25;65,87;13,86;242,97
09048001;Bagno a Ripoli;Firenze;1;25.313;19,61;36,16;94,87;31,70;16,38;31,65;15,57;302,46
09048002;Barberino di Mugello;Firenze;1;10.884;22,03;31,14;94,13;31,73;18,06;34,65;27,33;266,67
09048054;Barberino Tavarnelle;Firenze;1;11.912;17,87;38,84;52,95;34,85;25,44;30,85;41,88;275,79
09048004;Borgo San Lorenzo;Firenze;1;18.203;19,96;30,32;88,57;27,88;19,61;34,54;41,16;296,61
09048005;Calenzano;Firenze;1;18.319;20,81;45,84;72,54;41,16;38,69;41,42;59,92;367,53
09048006;Campi Bisenzio;Firenze;1;48.068;15,23;44,44;52,28;24,40;28,74;28,55;24,79;254,30
09048008;Capraia e Limite;Firenze;1;7.851;14,91;17,28;66,48;24,72;16,37;23,12;12,27;217,54
09048010;Castelfiorentino;Firenze;1;17.372;17,33;20,00;77,54;26,66;13,31;23,23;43,21;272,13
09048011;Cerreto Guidi;Firenze;1;10.803;15,46;20,48;69,36;26,95;14,03;24,16;36,05;206,50
09048012;Certaldo;Firenze;1;15.474;17,46;17,52;78,71;26,02;17,27;25,04;31,30;259,09
09048013;Dicomano;Firenze;1;5.429;14,62;7,53;69,22;28,21;23,27;37,44;15,31;195,59
09048014;Empoli;Firenze;1;48.600;16,63;21,87;79,44;29,15;30,88;25,73;45,25;290,40
09048015;Fiesole;Firenze;1;13.763;16,39;20,88;78,80;52,43;36,63;36,23;32,70;318,94
09048052;Figline e Incisa Valdarno;Firenze;1;23.240;23,78;38,65;57,28;25,90;29,12;38,49;22,43;235,65
09048017;Firenze;Firenze;1;367.150;20,14;52,07;50,48;34,55;51,08;35,19;30,08;299,44
09048018;Firenzuola;Firenze;1;4.436;35,77;55,89;14,34;11,35;16,98;22,32;89,75;253,57
09048019;Fucecchio;Firenze;1;22.836;15,55;19,23;71,30;28,28;16,16;24,25;40,78;251,16
09048020;Gambassi Terme;Firenze;1;4.784;18,52;26,83;85,40;25,85;15,34;25,76;60,23;296,09
09048021;Greve in Chianti;Firenze;1;13.336;21,69;23,75;96,19;30,02;32,29;25,50;25,44;254,89
09048022;Impruneta;Firenze;1;14.424;20,92;20,17;96,76;30,51;11,03;27,25;22,70;272,73
09048024;Lastra a Signa;Firenze;1;19.656;5,26;16,34;93,78;23,70;18,30;23,60;18,52;226,85
09048025;Londa;Firenze;1;1.815;15,41;6,92;79,35;32,37;22,61;36,28;19,39;243,89
09048026;Marradi;Firenze;1;2.883;16,72;40,12;8,16;13,91;21,42;28,24;108,81;231,41
09048027;Montaione;Firenze;1;3.493;20,20;25,06;90,52;41,87;24,35;26,72;89,52;318,24
09048028;Montelupo Fiorentino;Firenze;1;14.240;15,95;18,68;71,39;27,16;21,05;23,85;26,82;205,49
09048030;Montespertoli;Firenze;1;13.205;18,45;20,32;78,99;33,13;28,54;22,51;22,42;282,81
09048031;Palazzuolo sul Senio;Firenze;1;1.108;16,61;41,89;33,75;18,29;15,89;34,29;98,35;255,52
09048032;Pelago;Firenze;1;7.764;13,93;19,95;42,80;32,05;18,82;24,76;15,12;167,43
09048033;Pontassieve;Firenze;1;20.387;9,39;15,89;47,92;31,08;25,75;28,44;23,76;182,23
09048035;Reggello;Firenze;1;16.512;15,79;20,01;77,60;29,60;30,66;35,88;32,24;242,08
09048036;Rignano sull'Arno;Firenze;1;8.560;12,85;31,91;37,82;22,93;24,28;28,81;30,22;191,45
09048038;San Casciano in Val di Pesa;Firenze;1;16.620;18,79;22,48;78,14;35,05;32,87;25,53;26,13;265,91
09048039;San Godenzo;Firenze;1;1.047;16,03;10,34;90,33;50,61;20,56;61,36;28,25;277,96
09048041;Scandicci;Firenze;1;49.996;13,30;19,43;44,62;35,64;29,65;27,01;47,08;216,73
09048053;Scarperia e San Piero;Firenze;1;12.003;19,19;33,26;80,58;28,47;19,22;35,01;54,28;270,00
09048043;Sesto Fiorentino;Firenze;1;49.157;13,41;39,25;54,26;28,62;28,94;30,58;19,57;214,63
09048044;Signa;Firenze;1;19.099;15,07;24,84;63,05;26,58;28,09;30,91;39,66;258,12
09048046;Vaglia;Firenze;1;5.197;17,95;22,17;80,56;20,00;14,27;28,08;18,75;231,47
09048049;Vicchio;Firenze;1;8.015;24,71;24,47;106,98;24,54;17,78;30,00;32,25;336,94
09048050;Vinci;Firenze;1;14.654;16,49;20,47;75,57;30,90;17,48;24,44;21,50;215,46
16071009;Candela;Foggia;1;2.528;9,64;25,36;48,21;;28,92;19,44;4,16;135,73
16071012;Carpino;Foggia;1;3.847;15,23;9,16;;88,32;29,98;10,53;4,81;158,04
16071016;Castelluccio Valmaggiore;Foggia;1;1.209;11,44;;65,23;;31,37;11,32;26,39;145,75
16071017;Castelnuovo della Daunia;Foggia;1;1.270;13,01;37,16;89,23;6,88;16,80;11,50;;187,98
16071024;Foggia;Foggia;1;146.379;14,96;75,53;18,12;8,47;41,71;21,09;16,16;196,03
16071027;Lesina;Foggia;1;6.234;31,66;;102,90;;23,75;14,38;;172,69
16071028;Lucera;Foggia;1;31.403;26,39;;55,24;;33,14;12,51;34,00;174,54
16071031;Mattinata;Foggia;1;5.985;36,94;51,14;69,87;4,97;36,94;19,59;341,64;561,09
16071033;Monte Sant'Angelo;Foggia;1;11.477;42,93;40,49;76,38;8,39;46,87;26,85;12,93;258,17
16071035;Orsara di Puglia;Foggia;1;2.506;26,63;43,78;54,48;4,81;33,90;14,87;40,74;219,20
16071037;Panni;Foggia;1;710;49,66;47,43;38,44;20,88;13,39;23,78;33,73;227,31
16071040;Poggio Imperiale;Foggia;1;2.524;21,36;41,69;46,88;30,50;33,06;15,02;;188,51
16071043;Rodi Garganico;Foggia;1;3.361;67,08;128,32;148,14;8,72;104,46;145,61;97,29;699,62
16071046;San Giovanni Rotondo;Foggia;1;26.349;61,92;;37,15;;24,77;;;123,85
16071047;San Marco in Lamis;Foggia;1;12.789;15,53;17,54;63,56;19,94;15,87;16,28;0,70;149,44
16071052;Sant'Agata di Puglia;Foggia;1;1.818;15,14;;51,61;;42,05;;;108,80
16071053;Serracapriola;Foggia;1;3.693;31,69;25,43;64,82;12,37;40,33;15,58;187,11;377,33
16071058;Troia;Foggia;1;6.729;26,15;;60,34;21,32;21,58;3,72;62,31;195,43
08040001;Bagno di Romagna;Forli'-Cesena;1;5.609;40,33;34,34;38,49;40,35;19,50;25,16;35,86;234,01
08040003;Bertinoro;Forli'-Cesena;1;10.968;7,62;;58,20;30,11;18,20;39,07;31,76;200,28
08040004;Borghi;Forli'-Cesena;1;2.862;19,07;30,63;29,45;19,07;6,82;13,25;19,74;138,03
08040005;Castrocaro Terme e Terra del Sole;Forli'-Cesena;1;6.277;8,15;;62,26;32,21;19,48;41,80;33,97;214,26
08040007;Cesena;Forli'-Cesena;1;96.307;20,49;30,85;71,31;20,50;9,57;13,36;20,79;178,69
08040008;Cesenatico;Forli'-Cesena;1;25.921;52,95;60,52;80,72;52,97;48,64;36,78;70,23;402,80
08040009;Civitella di Romagna;Forli'-Cesena;1;3.644;8,30;;63,40;32,79;19,83;42,56;34,59;218,16
08040011;Dovadola;Forli'-Cesena;1;1.552;8,78;;67,07;34,69;20,98;45,02;36,59;230,79
08040012;Forli;Forli'-Cesena;1;116.861;7,85;;59,99;31,03;18,76;40,27;32,73;206,43
08040013;Forlimpopoli;Forli'-Cesena;1;13.077;7,41;;56,63;29,29;17,71;38,02;30,90;194,87
08040014;Galeata;Forli'-Cesena;1;2.432;7,88;;60,17;31,12;18,82;40,39;32,83;207,04
08040015;Gambettola;Forli'-Cesena;1;10.619;25,38;38,00;43,52;25,39;14,51;14,20;21,64;182,84
08040016;Gatteo;Forli'-Cesena;1;9.315;26,21;43,83;71,42;26,22;16,73;28,76;25,40;238,58
08040018;Longiano;Forli'-Cesena;1;7.220;17,98;51,44;37,13;15,21;9,74;27,15;16,07;179,68
08040019;Meldola;Forli'-Cesena;1;9.852;7,71;;58,93;30,48;18,43;39,56;32,16;202,80
08040020;Mercato Saraceno;Forli'-Cesena;1;6.785;36,95;30,18;15,60;36,96;10,96;17,00;25,31;172,96
08040022;Modigliana;Forli'-Cesena;1;4.336;9,01;;68,86;35,62;21,54;46,22;37,57;236,94
08040028;Montiano;Forli'-Cesena;1;1.677;19,04;27,48;24,78;19,05;1,07;25,92;18,58;135,92
08040031;Portico e San Benedetto;Forli'-Cesena;1;734;14,17;;108,26;56,00;33,86;72,67;59,07;372,52
08040032;Predappio;Forli'-Cesena;1;6.234;7,85;;59,96;31,01;18,75;26,32;32,71;192,39
08040033;Premilcuore;Forli'-Cesena;1;707;46,43;40,42;37,83;46,45;77,40;24,40;48,40;321,33
08040036;Rocca San Casciano;Forli'-Cesena;1;1.793;9,62;;73,53;38,03;23,00;49,36;40,12;253,02
08040037;Roncofreddo;Forli'-Cesena;1;3.384;19,67;31,64;13,34;19,68;8,06;14,68;15,57;121,96
08040041;San Mauro Pascoli;Forli'-Cesena;1;12.228;23,88;32,96;55,39;23,89;18,21;15,04;33,51;202,88
08040043;Santa Sofia;Forli'-Cesena;1;4.029;39,57;32,49;45,38;39,59;27,58;17,66;35,58;237,84
08040044;Sarsina;Forli'-Cesena;1;3.289;41,07;28,20;17,32;41,09;19,38;17,46;24,53;189,04
08040045;Savignano sul Rubicone;Forli'-Cesena;1;17.803;26,17;34,19;51,63;26,18;13,50;14,67;21,90;188,24
08040046;Sogliano al Rubicone;Forli'-Cesena;1;3.129;19,76;27,50;20,00;19,76;7,84;17,09;26,81;141,35
08040049;Tredozio;Forli'-Cesena;1;1.125;12,42;;94,90;49,09;29,68;63,71;51,78;326,56
08040050;Verghereto;Forli'-Cesena;1;1.755;49,57;34,82;22,76;49,59;12,37;21,63;62,85;253,58
12060002;Acuto;Frosinone;1;1.873;17,60;8,74;70,39;1,74;15,53;20,26;26,01;160,27
12060004;Alvito - Dato aggregazione Unione Valle Del Comino;Frosinone;5;7.014;49,00;32,18;23,76;;;14,62;;119,55
12060005;Amaseno;Frosinone;1;4.041;31,56;25,93;19,86;;4,74;62,31;4,32;148,72
12060006;Anagni;Frosinone;1;20.735;7,14;;84,65;5,71;10,20;3,69;;111,39
12060007;Aquino;Frosinone;1;4.944;25,22;3,35;46,64;32,59;29,30;5,98;1,84;144,98
12060008;Arce;Frosinone;1;5.383;22,13;;92,57;42,95;;13,74;27,95;199,34
12060009;Arnara;Frosinone;1;2.177;10,69;31,52;32,25;;1,88;27,38;4,62;108,03
12060010;Arpino;Frosinone;1;6.777;18,17;20,23;43,75;10,48;17,75;30,76;;142,15
12060012;Ausonia;Frosinone;1;2.423;8,80;;49,91;33,52;;12,44;;104,68
12060013;Belmonte Castello;Frosinone;1;692;22,87;55,21;17,61;;2,48;0,09;6,72;104,98
12060014;Boville Ernica;Frosinone;1;8.278;15,39;;45,17;26,59;;18,70;3,52;109,37
12060017;Casalattico;Frosinone;1;539;36,08;14,42;;;37,03;63,03;;150,56
12060018;Casalvieri;Frosinone;1;2.355;16,39;29,32;46,46;;16,26;41,17;;149,59
12060019;Cassino;Frosinone;1;35.300;;16,54;;24,80;;3,26;26,79;71,39
12060020;Castelliri;Frosinone;1;3.202;13,48;24,09;64,59;;3,56;18,33;7,38;131,44
12060021;Castelnuovo Parano;Frosinone;1;853;50,06;78,29;2,46;;0,82;79,93;10,18;221,74
12060022;Castrocielo;Frosinone;1;3.825;25,86;45,65;34,17;3,12;28,85;15,01;3,20;155,85
12060024;Ceccano;Frosinone;1;22.423;12,37;26,27;49,49;3,61;8,83;4,40;10,74;116,56
12060025;Ceprano;Frosinone;1;8.282;7,15;25,11;43,69;;14,98;5,64;8,25;113,27
12060026;Cervaro;Frosinone;1;7.759;;33,77;18,37;9,52;34,44;41,50;14,76;152,35
12060027;Colfelice;Frosinone;1;1.799;9,46;35,81;47,30;;;7,70;3,08;103,35
12060029;Colle San Magno;Frosinone;1;634;15,48;;57,32;25,89;6,38;29,56;2,59;154,03
12060028;Collepardo;Frosinone;1;890;24,19;26,81;24,19;30,45;6,51;27,77;13,46;155,03
12060030;Coreno Ausonio;Frosinone;1;1.524;38,90;56,44;;;;22,20;1,69;130,39
12060031;Esperia;Frosinone;1;3.607;3,93;;49,43;18,46;8,12;25,34;10,68;115,98
12060032;Falvaterra;Frosinone;1;508;107,00;;146,77;;;2,49;;256,26
12060033;Ferentino;Frosinone;1;20.100;21,21;48,93;34,29;;11,06;44,86;19,95;180,30
12060034;Filettino;Frosinone;1;518;46,55;184,53;115,36;49,78;19,57;88,99;112,26;617,04
12060035;Fiuggi;Frosinone;1;10.055;16,20;47,83;75,39;20,35;26,62;14,07;14,01;214,47
12060036;Fontana Liri;Frosinone;1;2.752;27,60;37,79;;;;;24,90;90,28
12060039;Fumone;Frosinone;1;1.995;34,59;18,84;39,20;;11,53;9,19;2,17;115,52
12060040;Gallinaro;Frosinone;Vedi aggregazione: Unione Valle Del Comino;;;;;;;;;
12060041;Giuliano di Roma;Frosinone;1;2.332;;17,64;88,14;;;6,17;;111,95
12060042;Guarcino;Frosinone;1;1.506;96,06;;7,89;;23,90;4,28;33,66;165,79
12060044;Monte San Giovanni Campano;Frosinone;1;12.086;27,98;21,11;41,20;7,59;4,07;16,17;4,38;122,50
12060045;Morolo;Frosinone;1;3.147;14,41;;84,31;22,41;26,51;27,22;3,27;220,76
12060046;Paliano;Frosinone;1;7.937;10,26;21,38;51,32;6,71;29,30;9,63;28,96;179,18
12060047;Pastena;Frosinone;1;1.260;;48,08;;3,26;;40,09;0,86;91,07
12060048;Patrica;Frosinone;1;3.067;48,32;26,04;14,59;7,58;8,53;16,65;21,37;143,08
12060049;Pescosolido;Frosinone;1;1.448;11,12;;44,22;19,62;3,49;6,34;11,01;95,80
12060051;Pico;Frosinone;1;2.636;4,70;;22,94;;;8,67;0,56;36,87
12060052;Piedimonte San Germano;Frosinone;1;6.299;23,92;42,19;42,38;9,18;23,29;14,06;4,05;159,07
12060053;Piglio;Frosinone;1;4.365;17,87;25,41;76,25;0,71;25,02;10,43;20,87;176,57
12060054;Pignataro Interamna;Frosinone;1;2.400;88,89;33,53;;;;19,29;0,33;142,05
12060055;Pofi;Frosinone;1;3.928;38,19;31,31;3,05;25,97;2,04;11,07;;111,63
12060056;Pontecorvo;Frosinone;1;12.361;10,36;73,70;18,57;;19,99;11,40;;134,01
12060057;Posta Fibreno;Frosinone;1;1.060;9,28;33,32;38,06;;;11,49;21,81;113,96
12060058;Ripi;Frosinone;1;5.054;16,22;33,03;47,27;;10,50;17,58;1,83;126,43
12060060;Roccasecca;Frosinone;1;6.910;7,65;32,55;37,25;;6,35;6,71;15,34;105,85
12060061;San Biagio Saracinisco;Frosinone;1;302;14,56;60,35;26,73;;;25,18;;126,82
12060062;San Donato Val di Comino;Frosinone;Vedi aggregazione: Unione Valle Del Comino;;;;;;;;;
12060063;San Giorgio a Liri;Frosinone;1;3.016;11,66;;72,30;48,75;32,65;3,74;2,06;171,16
12060064;San Giovanni Incarico;Frosinone;1;3.080;43,27;39,95;16,13;3,14;10,58;19,51;;132,58
12060070;San Vittore del Lazio;Frosinone;1;2.469;14,55;24,94;81,97;15,56;2,92;14,07;;154,01
12060065;Sant'Ambrogio sul Garigliano;Frosinone;1;876;18,25;9,40;35,35;;2,77;44,62;9,79;120,18
12060067;Sant'Apollinare;Frosinone;1;1.831;57,82;29,18;11,01;;8,50;5,88;1,06;113,45
12060068;Sant'Elia Fiumerapido;Frosinone;1;5.639;10,57;29,05;52,88;12,90;12,97;12,92;;132,45
12060069;Santopadre;Frosinone;1;1.203;53,23;45,89;2,19;;;48,70;;150,00
12060071;Serrone;Frosinone;1;2.983;30,84;30,84;67,89;7,42;5,56;21,24;10,52;174,32
12060072;Settefrati;Frosinone;Vedi aggregazione: Unione Valle Del Comino;;;;;;;;;
12060073;Sgurgola;Frosinone;1;2.369;14,12;35,30;62,75;;9,80;19,17;19,22;173,49
12060075;Strangolagalli;Frosinone;1;2.251;11,28;;62,52;17,15;14,97;11,85;2,66;120,45
12060076;Supino;Frosinone;1;4.621;8,27;8,39;41,37;20,42;4,68;13,32;15,26;112,05
12060077;Terelle;Frosinone;1;305;23,72;62,32;24,89;;6,64;24,39;;141,95
12060078;Torre Cajetani;Frosinone;1;1.290;12,07;32,51;48,71;4,05;11,76;20,79;2,97;132,86
12060079;Torrice;Frosinone;1;4.724;7,51;38,61;37,56;;7,10;23,90;16,79;138,88
12060080;Trevi nel Lazio;Frosinone;1;1.721;67,93;16,82;22,12;119,26;18,43;20,85;21,17;286,58
12060081;Trivigliano;Frosinone;1;1.616;15,84;34,47;57,33;;4,32;19,18;;131,14
12060083;Vallemaio;Frosinone;1;887;20,48;27,06;40,97;2,71;2,25;18,04;2,03;119,05
12060084;Vallerotonda;Frosinone;1;1.400;24,46;80,02;;;6,51;22,17;0,95;134,10
12060085;Veroli;Frosinone;1;19.720;18,18;34,83;61,11;;12,26;16,77;3,20;146,35
12060086;Vicalvi;Frosinone;Vedi aggregazione: Unione Valle Del Comino;;;;;;;;;
12060087;Vico nel Lazio;Frosinone;1;2.056;20,59;;40,09;28,44;7,38;18,79;3,19;136,49
12060089;Villa Santa Lucia;Frosinone;1;2.507;15,67;15,37;46,08;9,69;8,07;70,64;0,16;165,68
12060090;Villa Santo Stefano;Frosinone;1;1.632;7,77;10,07;14,77;;34,31;27,72;0,20;94,84
07010001;Arenzano;Genova;1;11.176;8,31;34,88;107,95;17,77;48,95;61,54;8,20;287,60
07010002;Avegno;Genova;1;2.516;61,28;15,91;44,28;16,21;;1,59;;139,27
07010003;Bargagli;Genova;1;2.541;9,37;38,27;34,36;8,22;4,20;11,11;11,50;117,04
07010004;Bogliasco;Genova;1;4.369;11,68;;61,31;2,06;74,57;26,92;4,96;185,03
07010005;Borzonasca;Genova;1;1.800;19,29;27,68;43,56;43,89;;18,77;9,76;162,95
07010006;Busalla;Genova;1;5.146;24,24;18,90;43,54;17,02;;40,96;17,57;176,80
07010007;Camogli;Genova;1;5.050;56,10;56,48;135,00;8,63;9,47;42,40;13,95;322,02
07010008;Campo Ligure;Genova;1;2.793;30,84;20,96;19,39;10,50;;23,59;6,99;119,79
07010009;Campomorone;Genova;1;6.476;7,52;9,78;72,68;6,53;;26,83;15,17;160,09
07010010;Carasco;Genova;1;3.744;13,82;13,26;50,67;18,53;6,20;21,43;10,50;134,42
07010011;Casarza Ligure;Genova;1;6.712;10,70;17,58;44,62;12,18;5,19;22,23;3,46;115,96
07010012;Casella;Genova;1;3.119;16,82;40,98;70,98;9,00;;15,58;21,35;184,99
07010013;Castiglione Chiavarese;Genova;1;1.571;32,97;57,91;46,51;7,43;;28,11;4,59;177,52
07010014;Ceranesi;Genova;1;3.628;19,74;25,67;53,02;22,73;;34,68;15,23;194,29
07010016;Cicagna;Genova;1;2.238;11,07;10,12;47,40;11,46;11,81;20,54;10,49;122,88
07010017;Cogoleto;Genova;1;8.589;35,57;17,27;96,00;18,40;50,64;42,38;4,91;265,17
07010018;Cogorno;Genova;1;5.699;15,57;13,23;63,59;12,59;8,05;24,47;18,03;159,03
07010019;Coreglia Ligure;Genova;1;267;16,70;19,55;61,21;0,54;7,49;12,44;12,67;130,60
07010020;Crocefieschi;Genova;1;520;17,75;37,55;128,39;20,39;21,44;41,58;;267,10
07010021;Davagna;Genova;1;1.831;9,45;49,42;19,68;15,20;;40,30;10,21;149,00
07010022;Fascia;Genova;1;73;59,42;29,05;115,59;26,03;13,70;247,84;12,25;550,66
07010023;Favale di Malvaro;Genova;1;431;15,28;6,90;56,01;15,35;6,85;40,90;11,59;152,90
07010024;Fontanigorda;Genova;1;244;31,91;38,02;139,27;15,70;4,10;85,21;20,74;334,95
07010025;Genova;Genova;1;560.688;62,90;60,51;40,92;8,50;27,60;68,67;22,91;292,02
07010026;Gorreto;Genova;1;94;39,70;33,94;164,18;50,47;10,64;86,91;5,41;391,26
07010027;Isola del Cantone;Genova;1;1.389;14,50;34,61;73,85;7,57;;56,74;2,19;203,85
07010028;Lavagna;Genova;1;12.233;13,65;25,39;62,87;20,73;36,57;54,68;27,07;240,96
07010029;Leivi;Genova;1;2.395;14,18;16,91;67,58;0,46;6,36;27,25;13,38;146,11
07010032;Masone;Genova;1;3.439;31,98;21,74;20,11;10,89;;20,96;12,31;125,26
07010033;Mele;Genova;1;2.583;30,58;20,79;19,23;10,41;;25,45;12,33;130,40
07010034;Mezzanego;Genova;1;1.468;11,95;16,92;47,16;17,45;3,45;6,85;32,46;136,24
07010035;Mignanego;Genova;1;3.475;21,84;28,41;46,82;24,10;;40,25;35,00;213,27
07010037;Moneglia;Genova;1;2.584;47,57;66,70;117,10;33,63;57,73;38,83;14,10;402,02
07010038;Montebruno;Genova;1;208;34,87;39,12;175,81;31,87;4,81;93,78;14,60;394,84
07010039;Montoggio;Genova;1;1.985;14,04;47,16;91,53;10,53;;32,16;22,62;218,04
07010040;Ne;Genova;1;2.116;12,92;73,73;58,04;14,88;0,73;47,62;17,14;225,07
07010041;Neirone;Genova;1;831;19,87;20,49;73,86;27,28;8,24;13,44;3,82;167,00
07010042;Orero;Genova;1;502;14,21;8,67;61,17;11,11;20,99;19,35;12,57;148,06
07010043;Pieve Ligure;Genova;1;2.429;24,98;23,58;75,99;2,07;15,32;27,62;4,86;174,83
07010044;Portofino;Genova;1;376;201,03;86,09;453,55;31,84;273,75;93,32;;1.139,57
07010045;Propata;Genova;1;114;38,55;62,43;79,75;12,03;8,77;199,30;;400,83
07010046;Rapallo;Genova;1;28.999;15,70;;52,91;47,03;75,41;28,60;24,33;281,76
07010047;Recco;Genova;1;9.448;30,91;27,23;78,58;19,88;43,48;34,17;7,52;241,78
07010048;Rezzoaglio;Genova;1;874;26,11;65,55;72,85;9,23;;15,97;61,19;250,91
07010049;Ronco Scrivia;Genova;1;4.161;8,93;37,47;85,12;15,58;;25,46;6,34;188,90
07010051;Rossiglione;Genova;1;2.573;36,43;24,76;22,90;12,40;;25,65;5,75;135,31
07010052;Rovegno;Genova;1;493;48,40;41,82;235,19;27,19;4,06;49,26;4,67;440,63
07010053;San Colombano Certenoli;Genova;1;2.546;12,20;13,88;44,73;8,74;5,50;10,55;9,15;104,74
07010054;Santa Margherita Ligure;Genova;1;8.566;10,75;69,17;129,88;71,71;45,81;71,19;32,21;431,83
07010056;Santo Stefano d'Aveto;Genova;1;981;39,75;180,92;93,53;;6,35;42,90;20,85;384,41
07010055;Sant'Olcese;Genova;1;5.569;7,98;10,37;78,21;8,25;;29,92;15,32;162,43
07010057;Savignone;Genova;1;3.036;8,60;54,05;61,78;8,89;;68,66;4,66;256,82
07010058;Serra Ricco;Genova;1;7.591;11,43;14,87;59,50;8,94;6,51;30,79;24,24;177,11
07010059;Sestri Levante;Genova;1;17.619;18,58;24,84;84,34;33,07;38,78;15,86;9,75;225,21
07010060;Sori;Genova;1;4.012;22,80;27,19;66,04;1,60;31,76;24,96;32,74;207,09
07010061;Tiglieto;Genova;1;475;56,47;38,39;35,50;19,23;;36,13;11,16;210,56
07010062;Torriglia;Genova;1;2.186;24,13;18,20;115,04;10,53;0,91;33,14;1,80;219,13
07010063;Tribogna;Genova;1;564;17,13;1,84;62,96;10,74;7,68;25,53;23,01;161,24
07010064;Uscio;Genova;1;2.127;8,73;7,94;54,44;14,39;15,56;13,45;2,52;117,03
07010065;Valbrevenna;Genova;1;758;10,87;43,81;53,07;21,62;;43,31;28,80;239,59
07010066;Vobbia;Genova;1;365;10,53;43,07;59,52;20,20;;80,36;10,47;287,77
07010067;Zoagli;Genova;1;2.308;19,82;20,23;48,52;49,52;67,39;43,20;43,93;292,60
06031001;Capriva del Friuli;Gorizia;1;1.605;32,98;16,12;26,23;26,32;11,54;14,95;10,48;148,24
06031002;Cormons;Gorizia;1;7.229;36,63;17,93;28,04;25,38;17,52;15,05;15,00;175,90
06031003;Doberdo del Lago;Gorizia;1;1.311;35,84;11,93;31,73;28,00;3,77;24,96;10,98;149,69
06031004;Dolegna del Collio;Gorizia;1;316;54,77;24,90;49,52;51,80;3,30;24,55;17,78;240,79
06031005;Farra d'Isonzo;Gorizia;1;1.695;31,67;13,26;25,12;21,90;8,14;16,21;9,72;130,83
06031006;Fogliano Redipuglia;Gorizia;1;2.981;27,13;16,25;28,57;26,82;2,84;24,38;13,80;143,98
06031007;Gorizia;Gorizia;1;33.837;46,76;24,20;30,10;18,23;29,90;15,38;17,12;190,46
06031008;Gradisca d'Isonzo;Gorizia;1;6.346;40,36;19,08;27,09;24,96;12,63;17,81;11,78;168,04
06031009;Grado;Gorizia;1;7.776;53,04;59,20;77,81;31,72;73,94;53,80;36,17;467,21
06031010;Mariano del Friuli;Gorizia;1;1.464;34,67;18,49;27,49;28,40;5,15;16,08;11,90;145,18
06031011;Medea;Gorizia;1;949;31,72;18,54;27,66;27,19;6,52;17,05;11,58;159,65
06031012;Monfalcone;Gorizia;1;29.637;36,38;25,31;37,01;21,04;23,39;12,37;11,28;171,60
06031013;Moraro;Gorizia;1;696;35,44;13,54;26,60;25,83;9,44;15,70;10,99;147,81
06031014;Mossa;Gorizia;1;1.515;33,69;15,14;24,43;23,55;8,87;17,45;9,89;152,18
06031015;Romans d'Isonzo;Gorizia;1;3.667;30,99;12,27;25,83;20,85;14,58;14,68;10,93;138,09
06031016;Ronchi dei Legionari;Gorizia;1;11.807;37,04;17,39;29,11;26,83;19,43;16,65;11,38;176,43
06031017;Sagrado;Gorizia;1;2.167;29,53;13,66;27,83;23,77;1,93;20,70;9,69;132,91
06031018;San Canzian d'Isonzo;Gorizia;1;6.027;30,44;13,16;25,38;21,89;10,93;37,73;13,38;163,28
06031019;San Floriano del Collio;Gorizia;1;744;32,68;14,42;26,44;19,79;11,38;14,17;9,51;135,11
06031020;San Lorenzo Isontino;Gorizia;1;1.521;32,20;14,15;24,31;24,51;7,23;15,38;9,99;137,20
06031021;San Pier d'Isonzo;Gorizia;1;1.985;22,55;11,97;26,53;21,84;3,97;13,80;9,82;127,26
06031022;Savogna d'Isonzo;Gorizia;1;1.723;26,48;13,55;22,46;14,23;0,42;18,72;8,05;111,01
06031023;Staranzano;Gorizia;1;7.184;32,44;15,94;32,56;25,36;10,16;25,89;15,25;170,74
06031024;Turriaco;Gorizia;1;2.814;29,35;12,27;24,92;27,07;2,42;15,81;9,69;130,46
06031025;Villesse;Gorizia;1;1.670;45,85;47,79;56,16;38,61;15,48;15,98;15,14;239,53
09053001;Arcidosso;Grosseto;1;4.261;32,02;42,91;62,74;44,49;35,95;24,38;30,29;286,05
09053003;Capalbio;Grosseto;1;3.887;49,86;75,22;44,75;54,09;28,79;67,47;16,11;336,28
09053004;Castel del Piano;Grosseto;1;4.816;30,78;47,07;48,38;49,22;22,14;22,89;20,82;241,31
09053005;Castell'Azzara;Grosseto;1;1.309;23,39;15,22;83,23;27,87;34,39;51,23;20,03;255,36
09053007;Cinigiano;Grosseto;1;2.391;24,45;26,13;46,61;22,79;42,36;32,70;34,72;229,76
09053008;Civitella Paganico;Grosseto;1;3.011;33,47;28,12;54,00;38,57;28,77;40,46;24,53;247,94
09053009;Follonica;Grosseto;1;20.542;40,09;32,74;91,34;53,67;51,36;39,98;37,49;346,66
09053011;Grosseto;Grosseto;1;81.440;29,07;36,75;38,84;46,62;30,09;38,52;7,53;227,42
09053012;Isola del Giglio;Grosseto;1;1.338;103,11;73,63;91,66;76,61;120,82;105,29;26,63;597,75
09053013;Magliano in Toscana;Grosseto;1;3.324;40,72;13,55;91,68;32,17;30,52;57,22;19,41;285,26
09053014;Manciano;Grosseto;1;7.109;41,37;42,77;35,80;42,69;15,33;53,43;23,06;254,46
09053016;Monte Argentario;Grosseto;1;11.994;72,27;58,01;87,28;51,61;47,17;34,60;34,16;385,09
09053017;Montieri;Grosseto;1;1.177;32,83;18,53;102,40;42,15;28,79;23,02;17,18;264,91
09053018;Orbetello;Grosseto;1;14.360;43,85;58,02;52,83;52,49;60,01;34,34;18,58;320,10
09053019;Pitigliano;Grosseto;1;3.592;28,56;21,22;64,72;34,03;40,47;24,67;10,58;224,25
09053021;Roccastrada;Grosseto;1;8.749;25,22;24,00;58,54;31,77;22,69;56,30;28,36;246,88
09053022;Santa Fiora;Grosseto;1;2.485;41,62;45,94;49,42;44,97;30,45;28,58;12,43;253,41
09053023;Scansano;Grosseto;1;4.241;42,87;25,83;69,55;37,33;21,64;38,15;13,27;248,63
09053024;Scarlino;Grosseto;1;3.812;47,20;41,95;110,98;69,40;45,82;76,86;83,66;475,86
09053025;Seggiano;Grosseto;1;1.016;53,66;48,15;26,86;47,98;17,54;36,51;21,87;252,57
09053028;Semproniano;Grosseto;1;982;43,65;35,85;69,17;50,61;53,12;66,60;24,95;343,96
09053026;Sorano;Grosseto;1;3.091;25,42;24,20;66,92;28,54;19,56;37,97;16,65;219,26
07008001;Airole;Imperia;1;368;52,04;47,06;16,10;;90,24;58,12;19,98;283,54
07008002;Apricale;Imperia;1;611;16,65;60,08;11,70;;58,72;27,27;2,47;176,89
07008003;Aquila d'Arroscia;Imperia;1;145;19,74;32,98;78,99;15,70;10,47;58,83;9,00;225,71
07008004;Armo;Imperia;1;119;11,09;28,04;66,55;27,79;18,85;29,45;7,08;188,86
07008006;Badalucco;Imperia;1;1.057;29,79;59,39;7,08;;35,09;34,08;3,26;168,70
07008007;Bajardo;Imperia;1;337;46,96;46,60;61,18;5,35;4,71;123,19;270,50;558,36
07008008;Bordighera;Imperia;1;10.171;18,27;21,78;114,78;38,57;108,08;49,93;8,14;359,56
07008009;Borghetto d'Arroscia;Imperia;1;408;24,52;38,16;98,07;10,96;;43,88;38,73;254,32
07008010;Borgomaro;Imperia;1;823;13,03;32,61;64,42;43,33;27,81;59,36;7,23;247,78
07008011;Camporosso;Imperia;1;5.516;23,34;42,49;36,39;16,10;43,45;28,18;7,52;203,82
07008012;Caravonica;Imperia;1;265;52,49;;63,93;26,42;18,87;67,55;;229,25
07008015;Castel Vittorio;Imperia;1;258;54,24;71,11;35,41;;48,78;89,63;76,19;375,36
07008014;Castellaro;Imperia;1;1.247;19,82;18,62;45,48;;18,57;17,22;2,66;122,36
07008016;Ceriana;Imperia;1;1.070;21,65;51,40;25,25;;21,65;43,35;6,06;169,36
07008017;Cervo;Imperia;1;1.113;32,61;101,76;190,37;;69,48;37,31;43,09;474,64
07008019;Chiusanico;Imperia;1;593;8,55;2,22;71,94;30,35;26,26;25,44;7,57;182,68
07008020;Chiusavecchia;Imperia;1;514;14,21;55,18;68,69;9,54;12,73;60,00;8,53;246,67
07008021;Cipressa;Imperia;1;1.177;15,64;25,48;70,89;12,62;33,53;81,00;18,09;306,79
07008022;Civezza;Imperia;1;626;27,00;58,15;43,29;4,17;60,02;42,46;8,80;243,90
07008023;Cosio d'Arroscia;Imperia;1;175;10,10;;60,57;63,94;44,61;77,94;6,44;263,59
07008024;Costarainera;Imperia;1;773;39,63;39,45;81,40;15,48;25,01;75,52;67,22;325,89
07008025;Diano Arentino;Imperia;1;680;8,52;20,96;71,70;;30,07;56,54;7,54;195,33
07008026;Diano Castello;Imperia;1;2.252;9,99;47,20;84,08;;35,26;37,71;42,35;233,55
07008027;Diano Marina;Imperia;1;5.595;24,67;111,71;207,63;11,65;89,58;43,59;58,88;547,71
07008028;Diano San Pietro;Imperia;1;1.086;11,22;53,51;94,40;;39,58;31,23;;229,94
07008029;Dolceacqua;Imperia;1;2.137;37,36;62,96;20,78;10,79;48,40;30,73;53,08;319,44
07008030;Dolcedo;Imperia;1;1.258;23,19;68,94;62,93;;49,31;19,21;30,86;408,95
07008031;Imperia;Imperia;1;42.060;16,96;23,67;117,18;15,24;38,08;27,95;81,01;320,07
07008032;Isolabona;Imperia;1;683;49,25;62,97;8,39;9,61;38,77;40,30;147,16;360,94
07008033;Lucinasco;Imperia;1;291;13,45;35,30;52,82;16,72;;43,99;7,61;169,90
07008034;Mendatica;Imperia;1;161;25,35;;152,04;77,29;51,48;106,65;16,16;436,42
07008035;Molini di Triora;Imperia;1;624;50,57;18,71;93,85;;38,32;17,51;39,42;262,44
07008068;Montalto Carpasio;Imperia;1;501;72,40;17,61;51,91;;;81,58;206,61;430,11
07008037;Montegrosso Pian Latte;Imperia;1;120;;33,33;84,88;84,88;;88,57;;300,82
07008038;Olivetta San Michele;Imperia;1;203;46,71;90,73;14,45;11,09;70,70;59,57;57,18;350,42
07008040;Perinaldo;Imperia;1;841;25,35;48,29;38,03;10,93;32,81;32,77;15,99;204,16
07008041;Pietrabruna;Imperia;1;451;35,39;52,64;56,81;0,32;28,44;33,06;11,02;217,69
07008042;Pieve di Teco;Imperia;1;1.311;15,91;49,91;65,38;15,48;26,92;76,43;7,41;257,43
07008043;Pigna;Imperia;1;761;52,49;69,88;24,69;;48,30;35,31;76,13;246,36
07008044;Pompeiana;Imperia;1;850;32,15;27,10;53,05;10,59;43,58;48,48;22,04;236,98
07008045;Pontedassio;Imperia;1;2.329;17,30;26,26;72,81;8,46;8,69;18,79;30,55;182,86
07008046;Pornassio;Imperia;1;652;18,79;38,59;97,06;9,65;32,20;40,48;17,29;254,07
07008047;Prela;Imperia;1;480;54,38;32,75;103,32;6,53;23,27;45,81;118,43;384,50
07008048;Ranzo;Imperia;1;558;14,80;26,84;74,19;10,20;3,91;16,65;11,73;159,74
07008049;Rezzo;Imperia;1;308;47,60;27,71;81,58;12,70;47,07;78,57;8,67;303,91
07008050;Riva Ligure;Imperia;1;2.812;19,44;33,34;75,69;21,31;49,87;58,76;31,37;289,77
07008052;San Bartolomeo al Mare;Imperia;1;2.929;24,38;129,31;192,45;9,53;79,19;42,10;45,29;530,78
07008053;San Biagio della Cima;Imperia;1;1.222;95,39;;;;;;55,47;150,87
07008054;San Lorenzo al Mare;Imperia;1;1.214;42,54;54,88;167,03;33,84;93,51;62,75;74,62;529,16
07008055;Sanremo;Imperia;1;53.154;8,48;46,39;66,95;16,83;84,14;43,77;59,14;325,69
07008056;Santo Stefano al Mare;Imperia;1;2.032;28,57;42,16;123,44;23,11;50,68;40,22;33,08;345,80
07008057;Seborga;Imperia;1;279;19,96;34,36;80,50;26,53;46,52;17,04;;224,92
07008058;Soldano;Imperia;1;991;46,71;36,22;15,77;9,10;24,47;26,12;18,81;177,18
07008059;Taggia;Imperia;1;13.767;11,53;28,77;84,99;19,41;45,36;38,49;24,14;252,69
07008060;Terzorio;Imperia;1;235;29,04;37,88;21,31;;36,41;102,43;4,45;231,52
07008061;Triora;Imperia;1;360;63,81;50,92;89,80;1,07;94,52;93,39;10,43;403,94
07008062;Vallebona;Imperia;1;1.235;24,98;52,33;20,09;12,39;25,77;33,31;49,75;218,61
07008063;Vallecrosia;Imperia;1;6.660;35,31;90,27;50,87;5,13;32,30;18,65;10,88;243,40
07008064;Vasia;Imperia;1;366;20,96;59,33;60,97;5,74;50,55;18,72;12,98;229,25
07008066;Vessalico;Imperia;1;239;22,51;42,72;112,52;17,18;20,65;41,40;18,84;279,52
07008067;Villa Faraldi;Imperia;1;449;12,38;23,98;104,20;;43,69;48,23;33,23;265,71
14094001;Acquaviva d'Isernia;Isernia;1;378;13,69;20,88;27,38;;32,40;43,28;1,84;139,47
14094003;Bagnoli del Trigno;Isernia;1;647;34,67;45,46;5,64;;23,18;38,11;14,28;161,34
14094006;Capracotta;Isernia;1;811;24,94;21,76;96,57;;16,65;37,11;7,21;206,77
14094007;Carovilli;Isernia;1;1.278;16,20;12,09;25,79;17,24;7,59;21,79;;100,70
14094008;Carpinone;Isernia;1;1.027;16,33;16,17;28,98;10,11;27,39;26,75;1,70;127,43
14094009;Castel del Giudice;Isernia;1;320;84,38;6,25;90,63;;12,50;41,25;;235,00
14094010;Castelpetroso;Isernia;1;1.539;32,67;17,47;21,19;;9,70;20,63;0,79;102,44
14094014;Cerro al Volturno;Isernia;1;1.155;16,37;26,34;34,07;;15,23;34,86;;126,87
14094015;Chiauci;Isernia;1;205;104,68;29,97;25,24;;;16,08;2,52;178,50
14094016;Civitanova del Sannio;Isernia;1;889;17,46;27,50;46,57;;;11,56;2,31;105,40
14094019;Filignano;Isernia;1;581;10,66;18,52;45,87;;;19,24;14,73;110,50
14094020;Forli del Sannio;Isernia;1;632;9,20;17,75;32,75;;17,41;17,95;1,49;96,56
14094023;Isernia;Isernia;1;20.771;18,85;26,00;27,28;;17,89;16,80;4,07;110,88
14094026;Macchiagodena;Isernia;1;1.636;11,74;18,89;20,83;;22,33;9,98;1,56;85,58
14094028;Montaquila;Isernia;1;2.282;6,38;20,19;35,48;;1,79;18,16;14,69;96,70
14094029;Montenero Val Cocchiara;Isernia;1;502;10,31;24,65;41,24;;2,82;35,35;2,07;116,43
14094033;Pescopennataro;Isernia;1;233;22,21;44,00;88,84;;;15,91;8,27;179,23
14094035;Pietrabbondante;Isernia;1;633;27,02;15,13;16,35;;45,59;24,97;2,28;131,33
14094041;Roccasicura;Isernia;1;492;51,16;8,92;10,52;;26,68;32,60;0,75;130,62
14094045;Santa Maria del Molise;Isernia;1;655;30,49;22,90;38,93;3,05;6,11;6,11;;107,59
14094046;Sant'Angelo del Pesco;Isernia;1;322;86,96;;118,01;;;27,95;;232,92
14094047;Sant'Elena Sannita;Isernia;1;269;50,40;61,64;;;97,26;0,06;;209,36
14094048;Scapoli;Isernia;1;579;35,75;20,88;17,88;;13,27;14,34;1,76;103,88
14094049;Sessano del Molise;Isernia;1;658;26,89;25,35;16,65;;8,72;2,69;63,22;162,19
14094051;Vastogirardi;Isernia;1;632;24,56;33,83;57,32;;;10,09;2,85;128,65
14094052;Venafro;Isernia;1;10.944;31,68;34,32;28,84;;18,44;27,73;4,85;145,87
07011001;Ameglia;La Spezia;1;4.292;35,04;20,23;184,42;32,89;30,19;39,34;16,60;381,46
07011003;Beverino;La Spezia;1;2.251;23,66;9,57;95,05;14,10;;18,86;15,67;178,25
07011004;Bolano;La Spezia;1;7.437;16,09;20,40;68,00;16,96;0,97;18,78;8,87;169,89
07011005;Bonassola;La Spezia;1;817;67,78;50,51;288,43;28,41;93,56;64,33;23,74;628,20
07011007;Brugnato;La Spezia;1;1.280;34,58;40,90;192,98;28,63;10,27;46,85;34,27;399,07
07011008;Calice al Cornoviglio;La Spezia;1;1.039;28,18;11,13;129,37;11,66;;72,29;16,13;269,86
07011011;Castelnuovo Magra;La Spezia;1;8.331;14,20;14,42;65,85;17,26;1,32;24,22;21,43;159,30
07011012;Deiva Marina;La Spezia;1;1.304;54,05;63,15;221,63;24,92;67,18;32,38;50,10;520,90
07011014;Framura;La Spezia;1;598;152,63;43,13;270,87;20,41;18,86;127,02;18,10;657,04
07011015;La Spezia;La Spezia;1;92.216;30,78;22,68;73,20;23,37;35,67;37,86;14,06;244,51
07011017;Levanto;La Spezia;1;5.188;29,84;46,42;94,27;27,74;86,73;29,38;14,66;329,03
07011020;Luni;La Spezia;1;8.211;15,89;14,30;79,24;17,50;2,05;20,88;13,34;163,62
07011018;Maissana;La Spezia;1;584;14,71;49,12;81,83;19,15;;20,20;10,27;205,55
07011019;Monterosso al Mare;La Spezia;1;1.365;104,10;63,98;357,34;62,35;63,79;38,62;61,15;791,62
07011021;Pignone;La Spezia;1;521;19,77;14,09;97,16;10,53;48,90;63,58;28,68;282,71
07011022;Portovenere;La Spezia;1;3.294;28,28;50,82;156,54;28,40;125,98;103,13;83,52;579,01
07011023;Ricco del Golfo di Spezia;La Spezia;1;3.595;15,75;10,28;94,17;17,07;;23,45;19,44;190,63
07011024;Riomaggiore;La Spezia;1;1.349;69,13;60,82;381,21;37,00;189,14;108,02;33,87;817,46
07011025;Rocchetta di Vara;La Spezia;1;674;31,49;17,80;125,88;14,13;1,30;32,06;29,80;259,58
07011026;Santo Stefano di Magra;La Spezia;1;9.813;12,20;22,49;60,84;19,70;2,96;46,56;35,79;202,96
07011027;Sarzana;La Spezia;1;21.611;28,22;36,15;107,10;24,36;22,15;33,74;17,83;280,66
07011028;Sesta Godano;La Spezia;1;1.270;28,77;21,75;125,25;13,55;26,79;48,50;15,95;280,72
07011031;Vezzano Ligure;La Spezia;1;7.193;20,10;22,41;80,64;19,53;20,68;25,87;32,67;225,68
07011032;Zignago;La Spezia;1;472;28,03;15,36;89,51;5,47;13,96;29,39;3,17;184,89
13066001;Acciano;L'Aquila;Vedi aggregazione: COGESA S.P.A.;;;;;;;;;
13066002;Aielli;L'Aquila;1;1.422;31,82;28,49;43,23;12,07;;34,35;6,12;156,08
13066003;Alfedena;L'Aquila;1;925;29,46;21,89;44,72;18,56;21,63;29,84;16,97;188,15
13066004;Anversa degli Abruzzi;L'Aquila;Vedi aggregazione: COGESA S.P.A.;;;;;;;;;
13066005;Ateleta;L'Aquila;1;1.078;19,88;5,05;86,70;22,35;16,49;20,33;21,62;192,43
13066006;Avezzano;L'Aquila;1;40.872;7,87;35,41;55,11;;14,96;26,82;13,03;153,20
13066009;Barisciano;L'Aquila;Vedi aggregazione: COGESA S.P.A.;;;;;;;;;
13066010;Barrea;L'Aquila;1;718;42,21;13,17;41,44;33,12;;12,01;16,62;158,56
13066012;Bugnara;L'Aquila;Vedi aggregazione: COGESA S.P.A.;;;;;;;;;
13066013;Cagnano Amiterno;L'Aquila;1;1.146;2,42;18,71;50,36;5,00;;19,85;13,31;109,64
13066015;Campo di Giove;L'Aquila;Vedi aggregazione: COGESA S.P.A.;;;;;;;;;
13066016;Campotosto;L'Aquila;1;470;42,47;68,41;53,26;6,25;22,83;70,97;3,42;267,60
13066019;Capestrano;L'Aquila;Vedi aggregazione: COGESA S.P.A.;;;;;;;;;
13066021;Capitignano;L'Aquila;1;618;60,61;31,98;19,88;1,76;14,36;55,55;18,24;202,37
13066022;Caporciano;L'Aquila;Vedi aggregazione: COGESA S.P.A.;;;;;;;;;
13066023;Cappadocia;L'Aquila;1;552;301,55;92,16;105,77;10,24;;133,19;16,59;659,50
13066024;Carapelle Calvisio;L'Aquila;Vedi aggregazione: COGESA S.P.A.;;;;;;;;;
13066025;Carsoli;L'Aquila;1;5.052;35,30;27,84;59,29;11,69;;51,07;4,50;189,70
13066026;Castel del Monte;L'Aquila;Vedi aggregazione: COGESA S.P.A.;;;;;;;;;
13066030;Castelvecchio Calvisio;L'Aquila;Vedi aggregazione: COGESA S.P.A.;;;;;;;;;
13066031;Castelvecchio Subequo;L'Aquila;Vedi aggregazione: COGESA S.P.A.;;;;;;;;;
13066032;Celano;L'Aquila;1;10.276;13,04;15,96;63,50;8,60;25,77;13,58;5,67;146,12
13066035;Civitella Alfedena;L'Aquila;Vedi aggregazione: COGESA S.P.A.;;;;;;;;;
13066036;Civitella Roveto;L'Aquila;1;3.054;11,14;17,93;58,06;19,45;;19,18;14,43;140,20
13066039;Collelongo;L'Aquila;1;1.113;3,17;27,71;30,92;5,42;5,15;22,46;5,07;99,91
13066041;Corfinio;L'Aquila;Vedi aggregazione: COGESA S.P.A.;;;;;;;;;
13066042;Fagnano Alto;L'Aquila;Vedi aggregazione: COGESA S.P.A.;;;;;;;;;
13066043;Fontecchio;L'Aquila;Vedi aggregazione: COGESA S.P.A.;;;;;;;;;
13066044;Fossa;L'Aquila;Vedi aggregazione: COGESA S.P.A.;;;;;;;;;
13066045;Gagliano Aterno;L'Aquila;Vedi aggregazione: COGESA S.P.A.;;;;;;;;;
13066046;Gioia dei Marsi;L'Aquila;1;1.710;47,20;20,34;76,29;10,63;2,82;43,66;6,57;207,52
13066047;Goriano Sicoli;L'Aquila;Vedi aggregazione: COGESA S.P.A.;;;;;;;;;
13066049;L'Aquila;L'Aquila;1;69.508;47,16;35,41;43,44;11,62;8,26;43,28;8,37;197,56
13066051;Luco dei Marsi;L'Aquila;1;5.982;7,12;15,55;37,05;19,94;18,39;48,85;6,21;153,10
13066052;Lucoli;L'Aquila;1;871;52,71;22,55;184,62;21,65;10,75;19,52;;311,80
13066053;Magliano de' Marsi;L'Aquila;1;3.499;5,75;18,47;20,08;19,98;0,40;68,00;22,99;155,67
13066054;Massa d'Albe;L'Aquila;1;1.337;32,46;23,38;54,04;5,90;;43,46;6,39;165,63
13066055;Molina Aterno;L'Aquila;Vedi aggregazione: COGESA S.P.A.;;;;;;;;;
13066056;Montereale;L'Aquila;1;2.189;31,95;60,65;22,50;3,83;;15,62;23,86;147,00
13066057;Morino;L'Aquila;1;1.303;11,94;16,15;62,23;19,89;;27,91;23,35;161,48
13066059;Ocre;L'Aquila;Vedi aggregazione: COGESA S.P.A.;;;;;;;;;
13066062;Oricola;L'Aquila;1;1.250;28,81;32,36;83,81;15,42;10,28;65,50;9,04;245,22
13066063;Ortona dei Marsi;L'Aquila;1;436;31,67;15,26;81,47;11,66;;63,58;17,94;221,58
13066067;Pereto;L'Aquila;1;635;24,59;23,76;84,39;11,67;20,12;65,49;13,65;243,66
13066068;Pescasseroli;L'Aquila;1;2.078;59,64;84,12;89,45;16,87;37,36;18,37;2,95;308,76
13066069;Pescina;L'Aquila;1;3.759;10,40;29,58;52,01;7,47;20,02;17,70;24,10;161,29
13066070;Pescocostanzo;L'Aquila;1;1.087;56,44;102,72;25,31;53,12;31,75;51,03;;320,38
13066072;Pizzoli;L'Aquila;1;4.323;10,44;13,25;41,18;15,59;3,62;19,73;20,67;120,56
13066073;Poggio Picenze;L'Aquila;Vedi aggregazione: COGESA S.P.A.;;;;;;;;;
13066075;Pratola Peligna;L'Aquila;1;7.125;6,83;;24,30;22,11;30,09;16,49;;99,82
13066077;Raiano;L'Aquila;Vedi aggregazione: COGESA S.P.A.;;;;;;;;;
13066078;Rivisondoli;L'Aquila;1;672;29,24;165,77;257,97;4,29;323,94;200,98;73,61;1.055,80
13066080;Rocca di Botte;L'Aquila;1;861;33,71;21,20;73,77;13,00;;56,34;10,96;208,96
13066084;Roccaraso;L'Aquila;1;1.524;15,92;32,42;249,19;62,10;78,29;162,61;68,23;668,76
13066085;San Benedetto dei Marsi;L'Aquila;1;3.758;5,35;17,19;18,69;18,61;0,37;63,31;10,70;134,23
13066086;San Benedetto in Perillis;L'Aquila;Vedi aggregazione: COGESA S.P.A.;;;;;;;;;
13066088;San Pio delle Camere;L'Aquila;1;653;38,42;36,35;34,89;3,68;4,21;41,57;7,92;167,04
13066092;San Vincenzo Valle Roveto;L'Aquila;1;2.084;12,83;17,83;66,87;19,24;4,80;22,71;13,97;158,24
13066090;Sant'Eusanio Forconese;L'Aquila;Vedi aggregazione: COGESA S.P.A.;;;;;;;;;
13066091;Santo Stefano di Sessanio;L'Aquila;Vedi aggregazione: COGESA S.P.A.;;;;;;;;;
13066093;Scanno;L'Aquila;Vedi aggregazione: COGESA S.P.A.;;;;;;;;;
13066094;Scontrone;L'Aquila;Vedi aggregazione: COGESA S.P.A.;;;;;;;;;
13066095;Scoppito;L'Aquila;Vedi aggregazione: COGESA S.P.A.;;;;;;;;;
13066098;Sulmona - Dato aggregazione COGESA S.P.A.;L'Aquila;35;48.908;19,54;8,93;59,08;39,49;10,50;;;137,54
13066099;Tagliacozzo;L'Aquila;1;6.397;13,91;30,57;72,51;25,21;26,76;60,66;12,11;241,73
13066100;Tione degli Abruzzi;L'Aquila;Vedi aggregazione: COGESA S.P.A.;;;;;;;;;
13066101;Tornimparte;L'Aquila;Vedi aggregazione: COGESA S.P.A.;;;;;;;;;
13066102;Trasacco;L'Aquila;1;5.902;3,68;17,82;35,98;13,57;5,98;36,05;2,08;115,16
13066104;Villa Santa Lucia degli Abruzzi;L'Aquila;Vedi aggregazione: COGESA S.P.A.;;;;;;;;;
13066105;Villa Sant'Angelo;L'Aquila;Vedi aggregazione: COGESA S.P.A.;;;;;;;;;
13066103;Villalago;L'Aquila;Vedi aggregazione: COGESA S.P.A.;;;;;;;;;
13066106;Villavallelonga;L'Aquila;1;836;3,40;13,72;39,30;16,67;5,34;37,57;29,46;145,45
13066107;Villetta Barrea;L'Aquila;1;589;36,72;15,74;65,72;38,59;51,82;26,28;37,01;337,83
12059001;Aprilia;Latina;1;73.887;15,10;16,12;60,48;27,69;16,88;20,88;18,96;176,12
12059002;Bassiano;Latina;1;1.447;17,11;4,13;85,53;3,75;38,47;4,20;18,66;171,83
12059003;Campodimele;Latina;1;560;;74,09;64,15;;;23,85;;162,10
12059004;Castelforte;Latina;1;4.139;122,78;73,18;;;;31,14;3,59;230,68
12059005;Cisterna di Latina;Latina;1;36.502;28,90;71,56;30,33;11,76;15,88;32,44;9,02;213,25
12059006;Cori;Latina;1;10.396;26,86;12,63;49,68;24,05;23,84;14,22;6,71;157,99
12059007;Fondi;Latina;1;39.377;8,29;55,01;54,28;37,11;11,92;13,94;5,93;186,47
12059009;Gaeta;Latina;1;19.630;24,34;40,13;84,55;23,46;65,86;38,83;12,28;290,13
12059010;Itri;Latina;1;10.276;11,33;17,57;66,12;19,92;30,90;15,08;34,07;194,98
12059011;Latina;Latina;1;127.221;27,18;59,03;27,74;11,21;25,44;25,10;13,47;192,69
12059012;Lenola;Latina;1;4.053;14,30;26,27;28,53;13,34;0,75;35,72;8,64;127,55
12059013;Maenza;Latina;1;2.958;35,86;11,74;;11,99;5,23;22,56;;87,38
12059014;Minturno;Latina;1;19.954;28,24;95,04;40,37;13,86;18,28;10,45;27,69;233,93
12059015;Monte San Biagio;Latina;1;6.052;26,15;32,93;63,65;21,66;3,12;5,77;5,25;158,55
12059017;Pontinia;Latina;1;14.934;34,99;31,91;42,09;7,83;11,15;5,36;;139,03
12059018;Ponza;Latina;1;3.320;111,20;119,03;56,95;8,51;55,59;50,81;14,49;439,94
12059019;Priverno;Latina;1;13.683;14,18;14,26;50,22;24,15;10,54;3,69;33,07;150,10
12059020;Prossedi;Latina;1;1.166;;13,72;119,21;;;27,12;;160,05
12059022;Rocca Massima;Latina;1;1.076;33,80;33,65;5,91;;48,49;112,75;13,80;251,19
12059021;Roccagorga;Latina;1;4.159;12,66;31,05;63,38;;11,85;13,57;;132,51
12059023;Roccasecca dei Volsci;Latina;1;1.028;39,22;34,19;19,46;;20,39;9,55;9,73;134,21
12059024;Sabaudia;Latina;1;19.880;13,37;40,84;70,83;;26,39;22,12;;174,82
12059025;San Felice Circeo;Latina;1;10.078;17,88;31,45;102,62;43,74;27,45;22,22;24,21;269,57
12059027;Sermoneta;Latina;1;10.023;12,36;20,01;56,07;13,31;14,21;9,06;10,91;135,93
12059028;Sezze;Latina;1;23.629;46,21;;48,43;52,62;;4,77;4,40;156,43
12059029;Sonnino;Latina;1;7.413;5,25;11,33;85,67;2,31;;25,11;;129,68
12059031;Spigno Saturnia;Latina;1;2.832;12,21;26,56;59,23;;19,39;9,08;6,83;133,30
12059032;Terracina;Latina;1;44.623;15,73;28,94;76,42;38,90;20,23;18,49;7,39;208,27
12059033;Ventotene;Latina;1;699;20,18;169,64;43,66;11,26;80,71;88,08;;413,53
16075002;Alessano;Lecce;1;6.039;5,41;45,47;4,99;;;16,81;7,18;79,86
16075003;Alezio;Lecce;1;5.597;25,82;13,67;69,62;26,35;24,12;10,89;10,44;182,67
16075004;Alliste;Lecce;1;6.423;16,74;32,50;76,74;29,23;25,68;17,36;13,51;227,02
16075006;Aradeo;Lecce;1;8.851;10,69;15,90;65,56;23,56;24,30;;;140,00
16075007;Arnesano;Lecce;1;3.911;23,14;9,21;67,37;35,30;39,61;22,99;7,73;232,69
16075009;Botrugno;Lecce;1;2.617;19,58;18,55;78,45;33,82;15,84;53,67;10,80;244,14
16075010;Calimera;Lecce;1;6.753;9,69;16,90;47,82;30,45;8,02;30,05;16,71;159,64
16075014;Carmiano;Lecce;1;11.655;16,54;14,04;88,56;36,93;23,44;16,17;24,26;253,26
16075015;Carpignano Salentino;Lecce;1;3.654;14,78;11,94;57,45;30,04;14,98;20,99;36,18;186,35
16075019;Castrignano del Capo;Lecce;1;5.113;22,73;72,89;97,10;;40,81;22,84;31,49;301,50
16075096;Castro;Lecce;1;2.350;39,30;76,20;35,44;31,18;22,22;123,39;;327,73
16075021;Collepasso;Lecce;1;5.653;11,24;58,37;71,23;12,83;25,91;17,09;17,78;239,91
16075022;Copertino;Lecce;1;23.077;14,19;6,87;65,50;39,11;45,93;15,60;31,30;218,50
16075024;Corsano;Lecce;1;5.191;12,58;38,95;54,64;;23,49;15,87;14,21;170,38
16075025;Cursi;Lecce;1;3.855;13,04;33,53;58,25;3,45;10,32;28,40;12,02;159,01
16075027;Diso;Lecce;1;2.833;20,11;11,56;80,55;50,66;18,58;36,74;8,94;227,14
16075029;Galatina;Lecce;1;25.806;20,05;12,76;60,00;28,52;16,48;55,06;31,08;230,54
16075030;Galatone;Lecce;1;15.021;10,28;24,15;56,49;26,71;19,38;36,94;27,22;201,17
16075031;Gallipoli;Lecce;1;19.445;30,07;56,79;125,59;23,22;63,97;35,01;54,65;389,30
16075032;Giuggianello;Lecce;1;1.141;26,55;44,40;42,86;14,77;6,21;54,28;;189,06
16075035;Lecce;Lecce;1;95.253;19,56;7,82;49,25;52,79;38,95;54,22;54,06;296,03
16075037;Leverano;Lecce;1;13.695;16,01;7,91;55,13;38,55;44,43;12,19;4,50;178,72
16075038;Lizzanello;Lecce;1;11.821;3,92;34,14;67,14;;9,05;33,04;38,37;185,67
16075043;Melendugno;Lecce;1;9.969;14,87;93,68;88,14;2,03;29,26;69,18;47,96;346,23
16075044;Melissano;Lecce;1;6.720;21,23;11,36;77,62;37,66;15,06;14,15;5,62;191,41
16075045;Melpignano;Lecce;1;2.099;29,22;32,49;69,52;25,63;37,32;35,48;36,42;266,07
16075046;Miggiano;Lecce;1;3.273;5,41;38,90;42,79;;29,05;15,57;31,76;163,47
16075050;Morciano di Leuca;Lecce;1;3.018;21,22;27,22;81,79;34,80;25,75;24,13;30,31;276,18
16075052;Nardo;Lecce;1;30.700;15,82;34,92;101,55;31,39;37,01;18,32;56,08;317,00
16075059;Parabita;Lecce;1;8.674;3,55;49,99;62,69;;46,98;13,10;34,90;219,28
16075060;Patu;Lecce;1;1.687;25,50;29,63;;118,50;39,93;21,15;67,10;303,33
16075061;Poggiardo;Lecce;1;5.821;19,00;30,30;76,13;34,33;14,26;35,22;30,63;239,86
16075098;Presicce-Acquarica;Lecce;1;9.335;21,64;19,47;53,65;32,14;20,12;21,15;9,50;177,68
16075063;Racale;Lecce;1;10.630;23,83;41,83;84,09;19,74;26,95;20,95;5,23;246,54
16075066;Salve;Lecce;1;4.476;27,54;45,59;120,50;31,06;60,09;13,42;23,74;349,48
16075068;San Cesario di Lecce;Lecce;1;7.874;5,72;13,11;34,46;33,67;18,32;46,25;29,45;189,83
16075069;San Donato di Lecce;Lecce;1;5.463;11,93;42,49;60,63;4,11;26,74;14,24;8,77;168,90
16075071;San Pietro in Lama;Lecce;1;3.379;3,37;48,43;30,61;;24,97;32,60;1,19;141,17
16075070;Sannicola;Lecce;1;5.680;17,73;23,29;93,56;26,56;33,00;22,55;37,45;254,14
16075074;Secli;Lecce;1;1.821;10,55;42,31;67,72;;24,68;37,17;46,80;244,47
16075076;Soleto;Lecce;1;5.207;42,70;47,12;36,62;2,20;21,18;15,33;24,34;202,44
16075077;Specchia;Lecce;1;4.563;8,73;29,17;46,48;;14,65;17,22;25,76;142,00
16075079;Squinzano;Lecce;1;13.394;5,30;9,43;42,11;54,86;13,62;42,46;32,88;201,59
16075080;Sternatia;Lecce;1;2.173;39,84;40,56;38,35;19,37;20,00;27,75;17,71;216,49
16075083;Surbo;Lecce;1;14.600;5,17;25,42;54,94;22,82;9,88;49,78;1,13;169,15
16075084;Taurisano;Lecce;1;11.232;41,41;38,69;25,84;0,96;18,64;22,08;19,46;201,86
16075085;Taviano;Lecce;1;11.487;18,38;27,78;97,66;0,64;27,98;18,96;12,91;217,57
16075086;Tiggiano;Lecce;1;2.720;13,38;28,72;57,65;;28,45;17,64;22,16;167,99
16075088;Tricase;Lecce;1;17.079;17,95;40,68;69,08;0,96;22,35;14,47;17,12;196,03
16075090;Ugento;Lecce;1;11.970;27,39;78,68;135,35;7,09;57,41;48,80;34,13;464,89
03097001;Abbadia Lariana;Lecco;1;3.198;11,44;;35,48;43,93;10,77;12,02;16,93;145,23
03097002;Airuno;Lecco;1;2.835;13,62;;32,60;42,32;8,68;21,34;15,34;157,74
03097003;Annone di Brianza;Lecco;1;2.279;6,18;;28,00;39,68;9,37;23,97;3,02;120,21
03097004;Ballabio;Lecco;1;4.139;8,55;;35,26;37,92;16,78;18,65;15,76;140,37
03097005;Barzago;Lecco;1;2.413;8,67;;30,74;41,22;6,79;17,23;15,01;119,65
03097006;Barzano;Lecco;1;4.990;13,80;;31,27;39,26;5,68;19,18;16,65;132,53
03097007;Barzio;Lecco;1;1.260;29,39;;57,26;94,11;9,31;7,71;31,23;265,44
03097008;Bellano;Lecco;1;3.418;19,26;;47,96;47,34;18,68;24,55;17,04;174,83
03097009;Bosisio Parini;Lecco;1;3.295;6,09;;23,82;47,02;4,57;23,81;;105,33
03097010;Brivio;Lecco;1;4.448;11,64;;37,10;37,80;22,42;25,31;18,99;153,27
03097011;Bulciago;Lecco;1;2.866;6,66;0,15;24,54;35,26;12,63;26,68;21,63;127,55
03097012;Calco;Lecco;1;5.351;7,59;;26,02;44,05;2,84;27,45;17,80;136,40
03097013;Calolziocorte;Lecco;1;13.481;12,62;;30,61;39,02;16,95;11,91;23,75;152,35
03097014;Carenno;Lecco;1;1.375;18,66;;32,43;33,02;2,16;31,81;19,32;153,14
03097015;Casargo;Lecco;1;837;21,44;;30,79;98,77;30,84;37,87;37,00;257,05
03097016;Casatenovo;Lecco;1;13.152;7,94;;31,19;34,45;8,20;18,26;10,88;117,60
03097018;Cassina Valsassina;Lecco;1;528;14,61;;36,81;35,39;64,12;33,84;8,51;193,27
03097019;Castello di Brianza;Lecco;1;2.604;8,59;;32,17;28,25;6,84;18,53;11,74;106,13
03097020;Cernusco Lombardone;Lecco;1;3.808;9,05;;30,11;37,93;7,85;23,40;13,32;128,15
03097021;Cesana Brianza;Lecco;1;2.382;7,83;;33,17;42,03;8,92;12,34;;104,28
03097022;Civate;Lecco;1;3.708;7,40;;37,19;21,08;9,75;14,38;13,85;123,35
03097023;Colico;Lecco;1;8.020;15,46;;42,80;34,46;8,00;18,36;15,11;148,78
03097024;Colle Brianza;Lecco;1;1.763;5,80;;29,11;27,43;11,57;21,94;;101,13
03097025;Cortenova;Lecco;1;1.142;19,51;;37,46;43,24;5,33;22,86;11,21;139,61
03097026;Costa Masnaga;Lecco;1;4.753;7,33;;28,55;36,79;2,24;33,15;17,15;132,75
03097027;Crandola Valsassina;Lecco;1;269;15,91;;24,25;34,98;0,27;63,48;15,36;165,69
03097028;Cremella;Lecco;1;1.674;7,75;;33,81;30,76;13,32;17,93;8,47;106,25
03097029;Cremeno;Lecco;1;1.653;18,36;;44,94;43,86;51,06;16,55;13,62;188,39
03097030;Dervio;Lecco;1;2.582;16,44;;50,74;48,01;5,10;24,33;17,50;180,82
03097031;Dolzago;Lecco;1;2.512;7,04;;31,78;38,22;4,97;36,86;;118,87
03097033;Ello;Lecco;1;1.209;7,83;;42,20;39,93;25,47;27,25;10,77;153,45
03097034;Erve;Lecco;1;686;23,71;;60,97;30,04;1,04;24,04;20,23;187,06
03097036;Galbiate;Lecco;1;8.451;4,57;;10,94;14,20;2,91;7,16;5,14;53,60
03097037;Garbagnate Monastero;Lecco;1;2.526;7,04;;26,09;38,59;6,08;24,57;20,05;122,42
03097038;Garlate;Lecco;1;2.664;8,31;;37,21;52,68;5,79;14,13;22,31;134,78
03097039;Imbersago;Lecco;1;2.478;9,68;;21,67;38,92;1,51;13,17;18,64;113,66
03097040;Introbio;Lecco;1;1.909;14,94;;33,53;46,08;14,77;14,55;33,75;166,75
03097092;La Valletta Brianza;Lecco;1;4.674;5,97;;28,12;30,87;9,58;21,66;18,05;121,45
03097042;Lecco;Lecco;1;47.060;9,47;;45,30;34,14;43,91;15,87;27,01;184,39
03097043;Lierna;Lecco;1;2.161;11,58;;45,33;43,75;5,11;12,59;11,29;153,33
03097044;Lomagna;Lecco;1;5.021;7,30;;30,57;33,72;10,49;32,55;14,41;140,10
03097045;Malgrate;Lecco;1;4.295;6,04;;26,45;37,09;13,74;15,69;24,45;123,45
03097047;Margno;Lecco;1;376;70,51;;48,66;37,15;53,34;46,47;24,98;321,42
03097048;Merate;Lecco;1;14.665;7,33;;33,72;43,34;12,85;13,46;16,22;135,81
03097049;Missaglia;Lecco;1;8.750;6,90;;24,88;34,94;2,72;11,73;6,53;98,18
03097050;Moggio;Lecco;1;467;34,97;;67,78;93,24;122,54;37,75;27,09;361,62
03097051;Molteno;Lecco;1;3.524;6,89;;26,84;40,44;4,97;20,70;17,54;118,76
03097052;Monte Marenzo;Lecco;1;1.860;19,16;;40,81;36,77;5,21;21,61;19,57;143,12
03097053;Montevecchia;Lecco;1;2.674;8,19;;30,49;30,26;3,20;37,64;8,66;114,44
03097054;Monticello Brianza;Lecco;1;4.160;8,22;;37,10;35,50;12,72;13,72;16,56;136,52
03097056;Nibionno;Lecco;1;3.603;8,04;;32,55;41,41;9,64;39,99;12,59;144,23
03097057;Oggiono;Lecco;1;9.059;7,49;;31,77;42,44;10,76;14,72;12,44;129,95
03097058;Olgiate Molgora;Lecco;1;6.361;7,31;;27,85;36,81;5,90;10,53;15,68;112,69
03097059;Olginate;Lecco;1;6.935;7,85;0,02;34,76;37,54;14,29;26,42;14,14;144,43
03097060;Oliveto Lario;Lecco;1;1.193;16,96;;60,00;46,89;16,92;16,46;18,53;187,40
03097061;Osnago;Lecco;1;4.734;3,17;;26,78;35,59;12,35;35,67;14,40;135,41
03097062;Paderno d'Adda;Lecco;1;3.854;10,87;;33,28;33,44;6,37;13,94;7,25;112,44
03097063;Pagnona;Lecco;1;326;11,76;;27,89;43,34;4,77;16,43;19,06;123,25
03097064;Parlasco;Lecco;1;136;12,49;;51,09;52,04;14,20;56,83;20,29;223,10
03097065;Pasturo;Lecco;1;1.939;15,02;;32,58;48,33;8,97;21,44;13,97;149,79
03097067;Perledo;Lecco;1;861;24,18;;94,65;74,15;23,56;36,21;21,81;274,56
03097068;Pescate;Lecco;1;2.142;8,57;;38,67;39,44;12,57;13,12;18,31;140,47
03097069;Premana;Lecco;1;2.174;14,63;;40,73;34,16;3,25;22,01;15,31;139,19
03097070;Primaluna;Lecco;1;2.240;9,00;;27,08;42,19;10,58;20,61;14,40;136,72
03097071;Robbiate;Lecco;1;6.245;11,30;;29,84;30,13;4,59;22,09;52,81;157,73
03097072;Rogeno;Lecco;1;3.059;5,78;;24,06;29,81;4,56;27,91;25,67;125,49
03097074;Santa Maria Hoe;Lecco;1;2.127;7,01;;32,98;36,20;11,24;25,40;21,17;142,44
03097075;Sirone;Lecco;1;2.306;6,84;;29,82;35,10;8,37;8,47;11,55;107,34
03097076;Sirtori;Lecco;1;2.772;8,06;;29,38;34,97;2,91;11,27;23,06;126,01
03097077;Sueglio;Lecco;1;138;69,94;;47,11;128,43;0,34;30,57;46,24;366,61
03097078;Suello;Lecco;1;1.763;6,76;;31,45;44,98;5,21;11,72;14,02;119,88
03097079;Taceno;Lecco;1;539;13,30;;20,54;59,72;19,93;50,35;22,63;195,42
03097082;Valgreghentino;Lecco;1;3.396;6,08;;29,08;32,29;7,20;17,08;9,49;109,09
03097083;Valmadrera;Lecco;1;11.146;7,49;;32,49;23,64;18,34;8,95;10,77;123,34
03097093;Valvarrone;Lecco;1;507;45,88;;39,24;61,64;5,81;29,45;20,54;228,50
03097084;Varenna;Lecco;1;723;62,80;;35,53;132,86;41,90;96,31;74,51;458,87
03097086;Vercurago;Lecco;1;2.726;12,58;;41,46;36,35;22,25;12,33;13,61;187,70
03097091;Verderio;Lecco;1;5.502;8,80;;28,02;33,57;10,65;17,32;12,88;117,32
03097090;Vigano;Lecco;1;2.091;9,96;;24,53;29,54;11,15;29,73;10,50;122,32
09049001;Bibbona;Livorno;1;3.166;48,89;90,59;158,72;94,43;98,28;69,89;70,91;631,71
09049004;Capoliveri;Livorno;1;3.901;48,25;82,12;282,94;123,77;82,51;107,43;38,21;829,42
09049005;Capraia Isola;Livorno;1;377;193,69;84,53;77,47;73,81;20,65;80,86;7,94;582,87
09049006;Castagneto Carducci;Livorno;1;8.811;49,90;61,62;68,87;63,57;57,00;33,90;13,81;348,66
09049007;Cecina;Livorno;1;27.890;26,00;49,39;66,57;26,12;32,76;29,34;6,36;256,18
09049008;Collesalvetti;Livorno;1;16.330;29,24;71,05;32,95;24,39;18,37;27,62;47,12;275,46
09049009;Livorno;Livorno;1;154.177;18,72;21,89;76,66;21,27;36,02;24,09;43,32;251,06
09049012;Piombino;Livorno;1;32.144;25,30;40,95;31,26;42,71;38,17;17,87;8,73;205,00
09049013;Porto Azzurro;Livorno;1;3.662;37,17;290,45;17,24;;9,15;73,00;10,73;437,75
09049014;Portoferraio;Livorno;1;11.843;22,54;48,48;150,54;81,78;43,41;58,77;27,89;470,26
09049021;Rio;Livorno;1;3.325;38,49;63,42;139,45;82,06;67,42;90,61;14,83;610,23
09049017;Rosignano Marittimo;Livorno;1;30.053;33,55;57,48;53,33;37,04;29,73;31,43;13,30;339,53
09049018;San Vincenzo;Livorno;1;6.488;58,76;82,19;88,21;93,00;109,06;67,38;18,33;516,93
09049020;Suvereto;Livorno;1;2.971;38,59;26,06;73,62;32,75;20,73;42,26;13,23;248,46
03098001;Abbadia Cerreto - Dato aggregazione OltreAdda Lodigiano;Lodi;4;5.705;8,01;10,69;40,18;13,53;5,71;22,22;11,97;112,30
03098002;Bertonico;Lodi;1;1.059;18,24;;13,38;18,36;16,65;22,78;0,97;90,39
03098003;Boffalora d'Adda;Lodi;Vedi aggregazione: OltreAdda Lodigiano;;;;;;;;;
03098004;Borghetto Lodigiano;Lodi;1;4.259;7,52;23,88;23,87;15,88;14,63;12,35;7,26;106,46
03098005;Borgo San Giovanni;Lodi;1;2.447;7,44;13,56;29,95;7,20;3,52;9,38;5,18;75,78
03098006;Brembio;Lodi;1;2.686;6,17;8,54;20,04;22,27;4,98;26,49;10,96;100,48
03098008;Casaletto Lodigiano;Lodi;1;2.948;7,77;6,69;34,37;20,15;6,69;13,93;10,13;99,74
03098009;Casalmaiocco;Lodi;1;3.203;7,15;4,39;34,66;16,94;10,39;17,85;21,13;112,51
03098010;Casalpusterlengo;Lodi;1;15.329;6,45;15,02;34,46;18,23;15,98;21,17;9,31;123,86
03098011;Caselle Landi;Lodi;1;1.490;8,98;;44,44;37,61;17,52;22,51;14,42;180,08
03098012;Caselle Lurani;Lodi;1;3.023;5,87;7,69;27,51;17,95;6,79;16,17;10,89;92,87
03098062;Castelgerundo;Lodi;1;1.473;6,67;12,19;33,60;18,58;6,80;18,60;4,97;101,40
03098013;Castelnuovo Bocca d'Adda;Lodi;1;1.538;19,57;;48,19;29,10;4,96;23,16;13,30;190,67
03098014;Castiglione d'Adda;Lodi;1;4.471;11,16;;35,51;13,45;12,69;28,19;0,70;101,69
03098017;Cavenago d'Adda;Lodi;1;2.097;13,93;13,29;9,32;24,55;9,00;34,82;0,84;105,73
03098018;Cervignano d'Adda;Lodi;1;2.163;6,14;9,78;34,08;21,58;8,21;29,19;25,78;134,77
03098019;Codogno;Lodi;1;15.486;14,72;20,97;42,66;7,85;24,46;11,17;10,35;132,17
03098020;Comazzo;Lodi;1;2.251;5,90;7,40;39,34;18,35;9,12;32,98;10,14;123,22
03098021;Cornegliano Laudense;Lodi;1;2.826;8,98;12,16;39,38;18,85;13,12;33,95;9,77;136,20
03098023;Cornovecchio;Lodi;1;207;3,04;20,39;35,67;11,18;;78,47;14,30;163,06
03098024;Corte Palasio;Lodi;Vedi aggregazione: OltreAdda Lodigiano;;;;;;;;;
03098025;Crespiatica;Lodi;Vedi aggregazione: OltreAdda Lodigiano;;;;;;;;;
03098026;Fombio;Lodi;1;2.236;8,61;2,95;41,14;23,99;10,84;29,80;14,19;131,52
03098027;Galgagnano;Lodi;1;1.315;11,96;;45,51;17,90;6,06;0,50;1,11;83,04
03098028;Graffignana;Lodi;1;2.568;3,79;11,65;29,28;14,98;11,22;39,84;12,44;123,56
03098030;Livraga;Lodi;1;2.427;8,44;17,12;25,20;19,30;6,79;17,41;8,40;106,70
03098031;Lodi;Lodi;1;44.793;11,16;12,40;35,07;14,75;23,33;41,84;32,37;170,91
03098032;Lodi Vecchio;Lodi;1;7.524;16,70;8,48;21,21;16,80;4,35;28,62;18,12;114,28
03098033;Maccastorna;Lodi;1;61;7,39;22,49;44,67;17,21;;22,66;4,85;119,28
03098035;Maleo;Lodi;1;2.995;19,43;;44,97;26,56;11,28;29,64;15,74;176,62
03098036;Marudo;Lodi;1;1.765;5,64;27,93;19,47;4,05;11,58;21,08;6,03;95,78
03098037;Massalengo;Lodi;1;4.398;17,14;2,51;10,29;20,60;13,24;39,97;11,02;128,32
03098038;Meleti;Lodi;1;441;8,16;;48,94;28,30;7,05;16,43;18,04;150,61
03098039;Merlino;Lodi;1;1.723;5,94;12,54;37,00;17,95;12,02;41,10;24,06;150,60
03098040;Montanaso Lombardo;Lodi;1;2.250;36,24;4,48;45,11;12,96;12,63;11,52;6,60;186,89
03098041;Mulazzano;Lodi;1;5.852;7,15;7,78;33,38;16,80;4,52;16,11;12,77;98,50
03098042;Orio Litta;Lodi;1;2.002;11,15;13,22;31,30;17,63;3,04;42,58;9,51;183,83
03098043;Ospedaletto Lodigiano;Lodi;1;1.966;8,18;12,74;26,49;23,80;11,20;13,15;5,97;102,70
03098044;Ossago Lodigiano;Lodi;1;1.415;5,99;18,23;27,47;17,56;5,84;7,18;8,47;90,75
03098046;Salerano sul Lambro;Lodi;1;2.586;7,04;5,72;21,73;2,56;10,51;21,85;10,95;80,36
03098047;San Fiorano;Lodi;1;1.849;9,17;;42,47;19,25;20,19;12,07;4,88;108,03
03098049;San Rocco al Porto;Lodi;1;3.340;8,05;17,71;55,23;22,35;5,06;30,15;19,67;158,22
03098050;Sant'Angelo Lodigiano;Lodi;1;13.294;5,75;15,68;27,46;16,61;10,58;13,35;29,17;118,59
03098051;Santo Stefano Lodigiano;Lodi;1;1.843;9,24;18,52;41,74;18,84;;11,12;4,74;104,21
03098052;Secugnago;Lodi;1;1.934;8,34;10,53;22,62;17,95;0,65;43,05;7,49;110,63
03098053;Senna Lodigiana;Lodi;1;1.747;7,36;;24,62;55,54;8,08;17,39;7,96;121,82
03098054;Somaglia;Lodi;1;3.825;4,19;;29,22;26,91;26,26;31,92;1,72;120,22
03098056;Tavazzano con Villavesco;Lodi;1;5.893;6,33;16,41;30,44;20,62;14,86;19,71;12,63;120,99
03098057;Terranova dei Passerini;Lodi;1;931;10,27;;38,23;4,90;9,40;14,19;5,31;82,58
03098058;Turano Lodigiano;Lodi;1;1.497;5,34;;19,16;;5,70;93,13;6,15;129,48
03098059;Valera Fratta;Lodi;1;1.734;5,54;18,80;27,53;9,63;11,68;33,65;4,56;111,90
03098060;Villanova del Sillaro;Lodi;1;1.841;10,64;11,19;20,99;17,99;1,53;27,39;11,96;130,70
03098061;Zelo Buon Persico;Lodi;1;7.378;4,58;19,81;29,89;10,91;18,94;30,84;2,26;117,29
09046001;Altopascio;Lucca;1;15.623;23,49;0,06;75,04;44,35;9,78;22,82;26,51;225,07
09046002;Bagni di Lucca;Lucca;1;5.573;15,38;20,71;66,45;24,03;16,79;85,32;50,59;279,28
09046003;Barga;Lucca;1;9.488;19,98;;99,03;40,79;25,84;20,27;26,08;232,80
09046004;Borgo a Mozzano;Lucca;1;6.655;20,55;;101,49;61,95;24,39;25,69;19,19;257,78
09046005;Camaiore;Lucca;1;31.615;22,11;7,32;146,07;37,00;21,30;54,87;15,65;311,70
09046006;Camporgiano;Lucca;1;2.042;47,02;28,90;52,82;14,01;6,56;25,03;51,89;226,23
09046007;Capannori;Lucca;1;46.296;12,84;0,23;95,81;35,85;5,80;32,44;9,60;199,36
09046008;Careggine;Lucca;1;508;54,18;33,29;60,86;16,14;6,97;51,95;28,20;251,60
09046009;Castelnuovo di Garfagnana;Lucca;1;5.635;65,74;40,40;73,84;19,58;23,04;30,66;52,17;305,43
09046010;Castiglione di Garfagnana;Lucca;1;1.687;41,22;25,33;46,30;12,28;5,40;34,94;23,84;192,07
09046011;Coreglia Antelminelli;Lucca;1;5.065;26,58;;122,53;35,63;22,14;41,94;19,36;306,33
09046036;Fabbriche di Vergemoli;Lucca;1;708;39,39;;141,47;50,88;0,76;18,86;0,26;315,43
09046013;Forte dei Marmi;Lucca;1;7.162;44,24;28,77;280,94;86,61;149,58;160,30;46,94;857,21
09046014;Fosciandora;Lucca;1;558;38,20;23,47;42,91;11,38;;31,51;64,14;211,61
09046015;Gallicano;Lucca;1;3.574;64,85;39,85;72,85;19,32;17,00;44,55;59,24;317,66
09046017;Lucca;Lucca;1;89.219;17,19;16,16;89,49;29,78;19,94;41,21;27,30;243,27
09046018;Massarosa;Lucca;1;21.807;16,10;10,36;88,50;32,87;7,01;57,30;24,87;250,84
09046019;Minucciano;Lucca;1;1.816;54,70;33,61;61,44;16,29;;31,50;33,60;231,14
09046020;Molazzana;Lucca;1;1.002;48,38;25,89;47,33;12,55;6,26;23,10;46,47;209,98
09046021;Montecarlo;Lucca;1;4.326;12,71;0,08;95,13;30,92;19,77;33,62;4,42;196,66
09046022;Pescaglia;Lucca;1;3.286;33,68;0,20;82,05;35,81;;32,35;21,29;205,39
09046023;Piazza al Serchio;Lucca;1;2.142;48,89;30,04;54,91;14,56;;34,21;34,18;218,54
09046024;Pietrasanta;Lucca;1;23.013;22,99;15,96;150,01;48,21;25,17;55,46;19,94;346,10
09046025;Pieve Fosciana;Lucca;1;2.280;52,64;32,35;59,13;15,68;4,81;23,94;40,97;229,52
09046026;Porcari;Lucca;1;8.768;25,64;0,10;94,72;56,41;12,33;28,83;24,01;245,82
09046027;San Romano in Garfagnana;Lucca;1;1.347;43,63;26,81;49,01;13,00;27,22;28,15;50,01;237,83
09046028;Seravezza;Lucca;1;12.367;18,45;10,82;122,76;34,44;12,19;48,91;23,23;290,21
09046037;Sillano Giuncugnano;Lucca;1;987;27,42;;131,53;45,49;0,65;18,46;4,89;238,45
09046030;Stazzema;Lucca;1;2.876;26,54;26,97;71,96;26,47;;55,83;25,08;276,39
09046031;Vagli Sotto;Lucca;1;839;46,35;28,48;52,07;13,81;;18,08;24,13;182,91
09046033;Viareggio;Lucca;1;60.936;37,49;33,07;130,15;29,85;37,02;34,43;10,48;318,74
09046034;Villa Basilica;Lucca;1;1.482;28,35;0,04;130,20;39,31;2,00;20,78;21,20;241,89
09046035;Villa Collemandina;Lucca;1;1.208;47,11;28,95;52,92;14,03;3,94;27,35;24,52;198,83
11043002;Apiro - Dato aggregazione COSMARI;Macerata;56;318.125;16,73;11,64;56,40;13,41;14,00;;;115,83
11043003;Appignano;Macerata;Vedi aggregazione: COSMARI;;;;;;;;;
11043004;Belforte del Chienti;Macerata;Vedi aggregazione: COSMARI;;;;;;;;;
11043005;Bolognola;Macerata;Vedi aggregazione: COSMARI;;;;;;;;;
11043006;Caldarola;Macerata;Vedi aggregazione: COSMARI;;;;;;;;;
11043007;Camerino;Macerata;Vedi aggregazione: COSMARI;;;;;;;;;
11043008;Camporotondo di Fiastrone;Macerata;Vedi aggregazione: COSMARI;;;;;;;;;
11043009;Castelraimondo;Macerata;Vedi aggregazione: COSMARI;;;;;;;;;
11043010;Castelsantangelo sul Nera;Macerata;Vedi aggregazione: COSMARI;;;;;;;;;
11043011;Cessapalombo;Macerata;Vedi aggregazione: COSMARI;;;;;;;;;
11043012;Cingoli;Macerata;Vedi aggregazione: COSMARI;;;;;;;;;
11043013;Civitanova Marche;Macerata;Vedi aggregazione: COSMARI;;;;;;;;;
11043014;Colmurano;Macerata;Vedi aggregazione: COSMARI;;;;;;;;;
11043015;Corridonia;Macerata;Vedi aggregazione: COSMARI;;;;;;;;;
11043016;Esanatoglia;Macerata;Vedi aggregazione: COSMARI;;;;;;;;;
11043017;Fiastra;Macerata;Vedi aggregazione: COSMARI;;;;;;;;;
11043019;Fiuminata;Macerata;Vedi aggregazione: COSMARI;;;;;;;;;
11043020;Gagliole;Macerata;Vedi aggregazione: COSMARI;;;;;;;;;
11043021;Gualdo;Macerata;Vedi aggregazione: COSMARI;;;;;;;;;
11043022;Loro Piceno;Macerata;Vedi aggregazione: COSMARI;;;;;;;;;
11043023;Macerata;Macerata;Vedi aggregazione: COSMARI;;;;;;;;;
11043024;Matelica;Macerata;Vedi aggregazione: COSMARI;;;;;;;;;
11043025;Mogliano;Macerata;Vedi aggregazione: COSMARI;;;;;;;;;
11043027;Monte Cavallo;Macerata;Vedi aggregazione: COSMARI;;;;;;;;;
11043031;Monte San Giusto;Macerata;Vedi aggregazione: COSMARI;;;;;;;;;
11043032;Monte San Martino;Macerata;Vedi aggregazione: COSMARI;;;;;;;;;
11043026;Montecassiano;Macerata;Vedi aggregazione: COSMARI;;;;;;;;;
11043028;Montecosaro;Macerata;Vedi aggregazione: COSMARI;;;;;;;;;
11043029;Montefano;Macerata;Vedi aggregazione: COSMARI;;;;;;;;;
11043030;Montelupone;Macerata;Vedi aggregazione: COSMARI;;;;;;;;;
11043033;Morrovalle;Macerata;Vedi aggregazione: COSMARI;;;;;;;;;
11043034;Muccia;Macerata;Vedi aggregazione: COSMARI;;;;;;;;;
11043035;Penna San Giovanni;Macerata;Vedi aggregazione: COSMARI;;;;;;;;;
11043036;Petriolo;Macerata;Vedi aggregazione: COSMARI;;;;;;;;;
11043038;Pieve Torina;Macerata;Vedi aggregazione: COSMARI;;;;;;;;;
11043039;Pioraco;Macerata;Vedi aggregazione: COSMARI;;;;;;;;;
11043040;Poggio San Vicino;Macerata;Vedi aggregazione: COSMARI;;;;;;;;;
11043041;Pollenza;Macerata;Vedi aggregazione: COSMARI;;;;;;;;;
11043042;Porto Recanati;Macerata;Vedi aggregazione: COSMARI;;;;;;;;;
11043043;Potenza Picena;Macerata;Vedi aggregazione: COSMARI;;;;;;;;;
11043044;Recanati;Macerata;Vedi aggregazione: COSMARI;;;;;;;;;
11043045;Ripe San Ginesio;Macerata;Vedi aggregazione: COSMARI;;;;;;;;;
11043046;San Ginesio;Macerata;Vedi aggregazione: COSMARI;;;;;;;;;
11043047;San Severino Marche;Macerata;Vedi aggregazione: COSMARI;;;;;;;;;
11043048;Sant'Angelo in Pontano;Macerata;Vedi aggregazione: COSMARI;;;;;;;;;
11043049;Sarnano;Macerata;Vedi aggregazione: COSMARI;;;;;;;;;
11043050;Sefro;Macerata;Vedi aggregazione: COSMARI;;;;;;;;;
11043051;Serrapetrona;Macerata;Vedi aggregazione: COSMARI;;;;;;;;;
11043052;Serravalle di Chienti;Macerata;Vedi aggregazione: COSMARI;;;;;;;;;
11043053;Tolentino;Macerata;Vedi aggregazione: COSMARI;;;;;;;;;
11043054;Treia;Macerata;Vedi aggregazione: COSMARI;;;;;;;;;
11043055;Urbisaglia;Macerata;Vedi aggregazione: COSMARI;;;;;;;;;
11043056;Ussita;Macerata;Vedi aggregazione: COSMARI;;;;;;;;;
11043058;Valfornace;Macerata;Vedi aggregazione: COSMARI;;;;;;;;;
11043057;Visso;Macerata;Vedi aggregazione: COSMARI;;;;;;;;;
03020001;Acquanegra sul Chiese;Mantova;1;2.739;4,37;7,31;39,88;26,85;6,29;20,67;13,13;124,58
03020002;Asola;Mantova;1;9.983;3,62;6,49;35,80;22,74;5,54;25,21;11,04;118,31
03020003;Bagnolo San Vito;Mantova;1;5.818;8,72;6,23;53,20;32,81;6,26;19,44;20,76;196,85
03020072;Borgo Mantovano;Mantova;1;5.298;7,25;6,72;47,85;31,72;11,45;25,52;15,65;149,83
03020071;Borgo Virgilio;Mantova;1;14.766;10,68;;60,41;19,97;13,70;21,86;24,85;198,07
03020073;Borgocarbonara;Mantova;1;1.901;7,09;4,63;36,35;26,83;2,79;27,30;8,69;126,10
03020007;Bozzolo;Mantova;1;4.043;5,35;5,94;41,48;28,42;7,00;11,18;15,20;156,01
03020008;Canneto sull'Oglio;Mantova;1;4.242;21,22;;38,92;14,78;9,95;12,29;8,21;116,23
03020010;Casalmoro;Mantova;1;2.213;4,36;3,62;28,30;18,66;;22,63;7,49;87,57
03020011;Casaloldo;Mantova;1;2.654;4,87;4,49;30,02;18,88;1,17;41,04;8,23;123,79
03020012;Casalromano;Mantova;1;1.470;5,20;2,84;28,76;17,47;3,56;24,16;7,14;116,32
03020014;Castel d'Ario;Mantova;1;4.566;6,69;6,28;43,69;29,95;8,81;21,94;14,56;135,00
03020015;Castel Goffredo;Mantova;1;12.554;7,20;6,91;35,93;25,00;7,66;23,63;11,66;118,00
03020013;Castelbelforte;Mantova;1;3.230;6,33;5,41;35,39;28,26;8,89;33,33;5,82;126,95
03020016;Castellucchio;Mantova;1;5.172;6,48;4,53;30,39;22,98;3,07;18,82;6,59;92,85
03020017;Castiglione delle Stiviere;Mantova;1;23.400;7,02;14,08;59,38;14,83;11,34;22,10;11,40;146,86
03020018;Cavriana;Mantova;1;3.762;5,97;;55,72;17,48;0,30;8,56;16,22;122,45
03020019;Ceresara;Mantova;1;2.554;6,65;4,82;37,10;21,99;0,06;38,45;10,23;121,93
03020020;Commessaggio;Mantova;1;1.093;14,92;;70,77;15,03;10,86;15,13;17,00;162,40
03020021;Curtatone;Mantova;1;14.674;8,65;;83,30;22,24;9,28;19,48;30,07;243,33
03020022;Dosolo;Mantova;1;3.255;10,53;;54,90;20,53;3,26;14,09;8,96;126,85
03020024;Gazoldo degli Ippoliti;Mantova;1;3.029;9,52;;49,34;20,12;2,00;13,03;10,93;116,16
03020025;Gazzuolo;Mantova;1;2.064;6,26;7,07;38,03;27,45;8,59;23,46;9,39;122,84
03020026;Goito;Mantova;1;10.050;8,61;5,14;38,56;26,10;7,27;24,75;11,59;129,68
03020027;Gonzaga;Mantova;1;8.646;6,66;5,24;35,37;27,11;7,30;14,94;20,65;144,14
03020028;Guidizzolo;Mantova;1;5.957;;3,54;33,37;37,20;15,62;18,01;9,55;117,30
03020029;Magnacavallo;Mantova;1;1.422;8,05;5,57;49,68;25,95;0,42;22,83;8,79;125,90
03020030;Mantova;Mantova;1;48.648;18,15;10,32;74,70;30,58;41,27;29,60;29,71;254,35
03020031;Marcaria;Mantova;1;6.356;4,21;5,45;43,19;26,74;14,28;30,67;14,78;149,81
03020032;Mariana Mantovana;Mantova;1;803;12,88;5,63;48,91;25,89;6,34;23,91;9,11;132,66
03020033;Marmirolo;Mantova;1;7.586;6,04;5,64;38,92;26,48;3,44;21,72;17,23;137,67
03020034;Medole;Mantova;1;4.088;6,82;5,89;30,58;21,16;0,75;15,93;17,47;101,13
03020035;Moglia;Mantova;1;5.347;7,85;5,81;37,88;26,90;8,21;23,56;9,68;119,89
03020036;Monzambano;Mantova;1;4.872;5,37;4,68;39,73;27,35;4,56;17,34;4,08;105,43
03020037;Motteggiana;Mantova;1;2.423;8,12;5,86;43,20;31,83;5,27;36,19;11,97;177,95
03020038;Ostiglia;Mantova;1;6.585;13,71;;62,97;26,49;26,39;18,18;24,55;185,71
03020039;Pegognaga;Mantova;1;6.875;6,49;4,88;35,58;27,72;11,16;25,35;16,60;135,94
03020041;Piubega;Mantova;1;1.708;7,30;;62,03;11,82;4,15;11,04;10,21;130,47
03020042;Poggio Rusco;Mantova;1;6.382;6,48;6,42;48,34;26,50;5,84;32,62;14,07;146,40
03020043;Pomponesco;Mantova;1;1.669;16,17;7,96;64,26;28,24;2,69;39,28;14,66;173,26
03020044;Ponti sul Mincio;Mantova;1;2.280;10,25;7,51;46,50;22,99;6,52;19,28;22,55;135,62
03020045;Porto Mantovano;Mantova;1;16.478;4,66;6,30;42,65;26,53;9,59;28,86;12,32;150,29
03020046;Quingentole;Mantova;1;1.061;9,18;6,54;46,04;30,13;10,01;28,03;11,92;145,22
03020047;Quistello;Mantova;1;5.272;6,71;5,87;47,94;29,00;7,06;32,52;12,00;148,88
03020048;Redondesco;Mantova;1;1.219;8,98;5,98;32,23;22,65;0,95;24,11;6,35;103,58
03020050;Rivarolo Mantovano;Mantova;1;2.408;5,90;6,41;40,75;31,63;4,38;24,03;12,81;132,15
03020051;Rodigo;Mantova;1;5.160;;24,60;26,91;15,78;3,01;8,03;2,67;81,00
03020052;Roncoferraro;Mantova;1;6.802;6,89;5,45;41,89;30,17;4,80;28,47;9,69;129,77
03020053;Roverbella;Mantova;1;8.723;5,03;5,99;34,27;24,42;9,57;25,56;10,36;125,43
03020054;Sabbioneta;Mantova;1;4.089;10,25;7,31;44,46;33,89;7,05;21,17;6,79;130,91
03020055;San Benedetto Po;Mantova;1;6.680;15,68;15,24;36,99;36,02;;;;103,93
03020056;San Giacomo delle Segnate;Mantova;1;1.463;9,55;6,44;43,62;32,19;15,88;25,17;12,31;147,37
03020057;San Giorgio Bigarello (gia' di Mantova);Mantova;1;11.807;4,53;5,51;40,51;25,33;6,38;17,70;12,22;143,88
03020058;San Giovanni del Dosso;Mantova;1;1.239;6,59;4,03;30,27;25,56;3,01;39,06;13,04;127,05
03020059;San Martino dall'Argine;Mantova;1;1.602;9,80;5,91;38,34;25,03;16,34;34,80;10,34;153,32
03020060;Schivenoglia;Mantova;1;1.091;9,65;9,36;46,77;37,32;9,47;28,86;8,01;149,44
03020061;Sermide;Mantova;1;7.184;7,15;5,58;45,93;30,90;12,04;29,31;13,47;150,94
03020062;Serravalle a Po;Mantova;1;1.444;11,76;;58,38;15,53;0,05;11,93;10,61;109,42
03020063;Solferino;Mantova;1;2.607;4,10;4,52;25,30;18,42;3,41;23,05;7,98;101,78
03020064;Sustinente;Mantova;1;1.994;8,08;;46,81;25,24;;13,89;14,10;112,09
03020065;Suzzara;Mantova;1;20.897;9,72;5,45;36,86;27,37;10,18;24,32;13,57;130,01
03020066;Viadana;Mantova;1;19.782;8,44;14,01;58,26;7,09;9,24;15,99;6,30;117,46
03020068;Villimpenta;Mantova;1;2.085;16,90;;60,28;25,25;49,86;17,82;14,23;222,75
03020070;Volta Mantovana;Mantova;1;7.176;5,34;5,09;33,03;22,68;3,70;20,81;11,61;130,00
09045001;Aulla;Massa-Carrara;1;10.720;25,86;11,63;76,12;16,79;18,24;24,18;15,60;190,76
09045002;Bagnone;Massa-Carrara;1;1.692;22,34;12,68;101,79;18,45;15,24;14,98;;198,20
09045003;Carrara;Massa-Carrara;1;60.434;18,34;54,05;35,66;18,09;26,33;45,49;25,80;244,73
09045004;Casola in Lunigiana;Massa-Carrara;1;968;19,60;10,75;89,28;15,55;17,36;43,62;23,98;226,55
09045005;Comano;Massa-Carrara;1;657;18,05;21,61;90,54;27,37;40,91;37,57;31,31;283,19
09045006;Filattiera;Massa-Carrara;1;2.201;28,17;9,36;85,36;14,40;3,55;27,29;2,18;172,77
09045007;Fivizzano;Massa-Carrara;1;7.169;28,65;13,25;84,19;17,27;26,63;35,11;1,51;216,71
09045008;Fosdinovo;Massa-Carrara;1;4.597;25,03;9,63;79,48;14,82;24,27;24,75;1,89;189,74
09045009;Licciana Nardi;Massa-Carrara;1;4.737;25,74;11,64;86,45;16,20;21,11;17,36;22,43;203,18
09045010;Massa;Massa-Carrara;1;66.423;32,45;84,19;34,38;12,52;25,81;31,44;40,86;317,93
09045011;Montignoso;Massa-Carrara;1;10.031;15,22;7,58;104,41;29,35;12,36;69,74;19,18;274,11
09045012;Mulazzo;Massa-Carrara;1;2.254;23,44;12,37;84,21;16,95;11,49;27,69;11,45;192,87
09045013;Podenzana;Massa-Carrara;1;2.119;22,75;8,06;72,25;14,02;23,03;16,79;1,94;167,67
09045014;Pontremoli;Massa-Carrara;1;6.877;15,70;16,39;78,24;21,65;19,99;41,97;;220,18
09045015;Tresana;Massa-Carrara;1;1.949;25,62;8,92;73,81;16,15;26,13;18,01;0,73;173,41
09045016;Villafranca in Lunigiana;Massa-Carrara;1;4.598;25,22;10,26;95,93;15,87;18,07;18,36;3,51;187,70
09045017;Zeri;Massa-Carrara;1;969;24,48;14,28;92,76;18,03;9,46;9,16;2,87;173,57
17077007;Craco;Matera;1;639;31,58;31,86;17,17;3,91;3,91;14,08;;102,52
17077008;Ferrandina;Matera;1;8.061;21,88;;40,64;60,26;17,13;9,34;17,98;167,23
17077010;Gorgoglione;Matera;1;866;32,81;71,66;;;;55,42;;159,89
17077013;Irsina;Matera;1;4.427;25,09;;53,00;46,86;20,99;12,71;12,99;171,65
17077014;Matera;Matera;1;59.869;17,24;;68,01;48,90;22,14;32,09;8,84;203,41
17077015;Miglionico;Matera;1;2.356;;63,91;;;;9,61;;73,53
17077016;Montalbano Jonico;Matera;1;6.781;6,63;6,78;46,60;38,39;19,37;13,05;4,14;134,97
17077018;Nova Siri;Matera;1;6.691;5,83;46,79;33,46;19,43;11,52;16,22;31,27;164,54
17077020;Pisticci;Matera;1;16.832;16,69;32,55;30,17;21,70;15,16;14,87;5,06;136,20
17077023;Rotondella;Matera;1;2.441;37,53;;46,66;;16,83;18,12;24,84;143,97
17077025;San Giorgio Lucano;Matera;1;1.070;44,42;84,63;;;;5,44;0,73;135,22
17077031;Scanzano Jonico;Matera;1;7.556;25,76;20,81;63,65;17,21;25,34;11,80;1,68;166,25
17077027;Stigliano;Matera;1;3.680;105,61;46,39;18,40;7,36;15,94;20,78;4,39;218,86
17077028;Tricarico;Matera;1;4.835;45,26;;22,33;60,74;13,54;13,41;20,74;176,02
17077030;Valsinni;Matera;1;1.365;8,24;60,45;13,12;;1,77;41,96;6,47;132,01
19083107;Acquedolci;Messina;1;5.467;5,67;10,21;44,62;27,60;;50,10;;138,20
19083002;Ali;Messina;1;685;24,66;7,34;38,20;53,28;17,30;21,94;;162,72
19083003;Ali Terme;Messina;1;2.368;41,36;23,00;15,64;19,54;25,82;51,90;5,91;183,18
19083004;Antillo;Messina;1;840;13,43;12,86;56,70;6,00;1,49;14,51;5,86;110,85
19083005;Barcellona Pozzo di Gotto;Messina;1;39.839;42,26;35,76;33,67;7,48;19,34;32,51;33,09;204,12
19083007;Brolo;Messina;1;5.725;10,60;27,73;65,02;14,52;22,31;6,08;;146,26
19083009;Capo d'Orlando;Messina;1;13.043;17,99;27,23;80,98;10,76;33,94;29,72;;200,63
19083012;Casalvecchio Siculo;Messina;1;733;44,35;12,93;;18,78;37,91;;;113,97
19083013;Castel di Lucio;Messina;1;1.177;22,39;7,00;60,36;13,75;1,40;19,37;1,72;125,99
19083017;Cesaro;Messina;1;2.179;16,66;19,65;83,31;9,28;4,26;14,48;2,11;150,19
19083020;Ficarra;Messina;1;1.317;58,19;16,78;68,93;9,99;;9,51;;174,58
19083021;Fiumedinisi;Messina;1;1.264;37,99;7,12;14,36;37,18;14,41;32,41;2,39;145,87
19083024;Forza d'Agro;Messina;1;844;87,79;71,31;7,65;9,96;98,34;32,58;;307,63
19083027;Furci Siculo;Messina;1;3.199;38,84;12,00;10,95;25,34;20,31;42,06;49,37;198,88
19083030;Galati Mamertino;Messina;1;2.313;31,89;19,87;53,13;14,06;2,63;12,46;;134,02
19083031;Gallodoro;Messina;1;334;18,68;25,66;78,88;4,15;2,07;5,99;;157,31
19083032;Giardini-Naxos;Messina;1;9.063;102,20;40,12;128,31;30,09;10,22;22,97;41,91;375,83
19083037;Leni;Messina;1;681;148,45;23,29;;;;74,70;;246,43
19083039;Librizzi;Messina;1;1.570;34,79;15,62;31,90;4,45;6,45;27,25;;120,44
19083041;Lipari;Messina;1;12.434;144,22;81,39;131,14;51,32;30,55;28,07;3,41;479,25
19083042;Longi;Messina;1;1.345;17,07;9,31;45,00;27,17;;8,62;3,72;114,24
19083043;Malfa;Messina;1;974;65,78;38,77;113,38;5,38;39,16;121,29;21,63;405,38
19083045;Mandanici;Messina;1;531;50,50;25,79;25,25;;30,89;27,79;;160,23
19083046;Mazzarra  Sant'Andrea;Messina;1;1.390;55,70;15,15;13,92;8,32;;20,42;;113,52
19083049;Milazzo;Messina;1;30.314;47,34;51,71;76,08;6,38;45,65;5,62;;232,78
19083051;Mirto;Messina;1;909;89,30;17,79;8,50;;5,38;5,61;34,67;161,26
19083052;Mistretta;Messina;1;4.374;34,08;29,42;56,94;15,38;11,89;30,63;19,69;198,03
19083056;Montagnareale;Messina;1;1.404;66,86;29,42;21,57;;39,78;6,92;;164,55
19083059;Motta d'Affermo;Messina;1;671;17,99;14,51;87,18;15,69;43,29;62,13;;240,78
19083060;Naso;Messina;1;3.472;30,62;21,30;44,80;11,24;9,62;22,90;8,53;166,97
19083061;Nizza di Sicilia;Messina;1;3.521;101,13;18,65;8,68;3,32;;27,77;14,37;173,92
19083065;Pagliara;Messina;1;1.118;34,35;35,59;4,51;3,65;41,99;60,63;;180,71
19083067;Pettineo;Messina;1;1.228;9,73;5,70;58,38;14,78;31,41;14,41;2,77;137,17
19083068;Piraino;Messina;1;3.788;19,59;19,28;64,47;14,26;14,79;26,36;;158,75
19083071;Roccafiorita;Messina;1;182;25,03;13,21;6,15;6,70;16,48;20,33;;87,91
19083072;Roccalumera;Messina;1;3.899;61,38;20,52;40,73;42,70;38,64;43,60;28,91;276,48
19083073;Roccavaldina;Messina;1;987;9,30;25,11;60,66;14,56;7,15;2,53;;119,32
19083075;Rodi Milici;Messina;1;1.931;14,64;13,47;65,39;6,00;11,43;5,61;;116,54
19083079;San Marco d'Alunzio;Messina;1;1.821;58,71;10,25;20,93;9,08;;21,15;23,76;143,89
19083080;San Pier Niceto;Messina;1;2.596;21,67;24,08;62,56;5,21;5,18;12,60;20,34;176,90
19083081;San Piero Patti;Messina;1;2.604;26,27;34,38;80,31;;11,09;16,68;2,62;336,24
19083082;San Salvatore di Fitalia;Messina;1;1.146;33,74;18,15;84,42;;13,15;5,31;11,10;165,86
19083090;San Teodoro;Messina;1;1.226;19,15;22,38;95,75;;;18,71;;156,00
19083086;Santa Lucia del Mela;Messina;1;4.403;18,55;21,08;10,35;;8,35;52,16;5,37;128,40
19083087;Santa Marina Salina;Messina;1;848;146,07;49,46;96,23;6,15;;57,66;;355,58
19083089;Santa Teresa di Riva;Messina;1;9.313;26,96;16,63;17,13;25,89;18,90;72,47;2,69;185,60
19083091;Santo Stefano di Camastra;Messina;1;4.370;36,13;23,96;69,13;10,50;13,02;30,09;;207,22
19083092;Saponara;Messina;1;3.685;11,31;22,20;25,18;19,20;16,97;29,79;32,61;164,38
19083094;Scaletta Zanclea;Messina;1;1.863;36,61;44,52;5,15;3,89;51,91;26,88;4,40;173,36
19083095;Sinagra;Messina;1;2.489;61,67;26,43;;12,14;;36,79;;137,03
19083096;Spadafora;Messina;1;4.642;24,80;24,76;42,92;9,50;24,02;6,29;;132,29
19083106;Terme Vigliatore;Messina;1;7.169;12,08;4,54;57,34;2,28;14,78;42,95;;133,97
19083098;Torregrotta;Messina;1;7.229;15,03;20,49;57,14;13,92;5,88;6,62;;119,08
19083099;Tortorici;Messina;1;5.788;10,31;17,29;53,96;7,41;7,71;17,99;;114,66
19083102;Ucria;Messina;1;923;46,01;15,48;87,95;26,48;;31,37;;207,30
19083103;Valdina;Messina;1;1.266;8,36;21,02;50,43;13,94;7,21;12,31;;113,26
19083104;Venetico;Messina;1;3.875;7,86;42,70;48,09;15,48;12,20;9,55;0,77;136,66
19083105;Villafranca Tirrena;Messina;1;8.123;9,11;12,56;45,55;20,15;24,24;12,86;2,68;127,14
03015002;Abbiategrasso;Milano;1;32.681;17,87;14,31;36,54;9,62;27,53;36,67;14,32;166,96
03015007;Arconate;Milano;1;6.751;11,09;9,82;38,53;15,62;22,03;44,25;9,11;160,15
03015009;Arese;Milano;1;19.552;3,39;9,61;33,83;14,06;13,51;19,65;22,08;116,12
03015011;Assago;Milano;1;9.251;23,72;17,79;45,38;54,72;26,30;42,02;28,01;251,22
03015250;Baranzate;Milano;1;11.861;15,88;15,55;23,86;26,78;15,07;17,34;17,31;137,69
03015012;Bareggio;Milano;1;17.137;9,11;7,56;39,21;19,01;16,66;17,67;13,22;151,82
03015014;Basiano;Milano;1;3.641;7,43;11,87;37,52;22,89;18,05;16,33;8,90;122,98
03015015;Basiglio;Milano;1;7.970;19,65;23,02;37,88;8,14;13,82;5,67;;108,18
03015016;Bellinzago Lombardo;Milano;1;3.812;7,09;8,42;40,81;25,69;5,19;12,87;12,61;112,68
03015024;Binasco;Milano;1;7.101;14,35;31,75;34,70;12,46;22,16;20,52;;135,94
03015026;Boffalora sopra Ticino;Milano;1;4.099;13,02;8,16;52,89;18,09;26,15;25,86;65,77;209,94
03015027;Bollate;Milano;1;36.232;7,08;8,39;40,81;18,60;15,59;0,06;4,91;95,45
03015032;Bresso;Milano;1;26.118;12,39;13,24;19,29;16,28;24,65;33,77;10,25;129,88
03015036;Buccinasco;Milano;1;26.960;15,41;24,42;29,53;8,63;24,98;3,56;18,22;146,76
03015038;Buscate;Milano;1;4.606;8,80;12,65;45,12;16,19;21,20;44,87;7,43;156,25
03015040;Bussero;Milano;1;8.332;11,11;4,69;38,47;24,42;12,48;20,53;12,83;124,53
03015044;Cambiago;Milano;1;7.126;6,87;7,80;39,41;17,54;11,24;14,42;9,35;106,63
03015046;Canegrate;Milano;1;12.488;6,79;7,23;34,74;19,06;12,85;25,55;14,59;120,80
03015050;Carpiano;Milano;1;4.168;7,80;4,79;36,76;24,01;26,13;24,60;26,68;150,78
03015051;Carugate;Milano;1;15.635;7,88;4,17;34,21;20,41;16,69;16,29;6,42;106,07
03015055;Casarile;Milano;1;3.996;12,19;20,80;25,92;11,30;14,87;34,63;19,08;138,79
03015058;Casorezzo;Milano;1;5.523;10,51;8,29;40,64;16,49;20,09;14,95;4,97;115,93
03015059;Cassano d'Adda;Milano;1;19.181;8,17;5,89;39,13;18,63;21,42;11,53;7,69;112,44
03015060;Cassina de' Pecchi;Milano;1;13.960;9,25;6,36;37,69;22,04;12,84;23,30;7,31;118,79
03015070;Cernusco sul Naviglio;Milano;1;35.053;8,20;6,21;39,73;19,65;19,33;16,22;10,31;119,65
03015071;Cerro al Lambro;Milano;1;5.082;8,83;4,90;43,67;18,93;15,04;12,69;8,19;112,25
03015072;Cerro Maggiore;Milano;1;14.938;9,68;;48,41;29,79;8,83;15,47;10,27;122,45
03015074;Cesano Boscone;Milano;1;23.479;12,96;13,89;21,52;11,27;21,09;13,44;14,79;118,24
03015076;Cesate;Milano;1;14.188;7,21;10,26;31,74;11,75;8,66;9,32;1,92;80,85
03015077;Cinisello Balsamo;Milano;1;74.534;19,24;19,81;23,86;12,51;22,58;32,95;5,62;136,58
03015081;Cologno Monzese;Milano;1;46.790;19,47;18,30;47,16;16,82;32,79;34,62;7,84;200,94
03015082;Colturano;Milano;1;2.033;9,79;5,02;43,72;23,84;14,24;19,40;8,38;124,39
03015086;Cormano;Milano;1;20.284;16,82;9,69;22,00;22,38;28,22;34,19;6,40;149,94
03015087;Cornaredo;Milano;1;20.554;9,08;16,94;37,47;15,72;22,82;20,94;24,14;147,10
03015096;Cuggiono;Milano;1;8.110;10,51;10,78;48,55;22,34;8,01;29,68;26,13;155,99
03015098;Cusano Milanino;Milano;1;18.860;6,90;13,43;28,89;11,79;21,56;35,95;8,63;127,15
03015099;Dairago;Milano;1;6.354;8,70;4,63;35,11;16,77;10,49;23,36;6,73;105,79
03015101;Dresano;Milano;1;3.032;13,35;6,12;46,38;24,61;7,71;15,89;10,93;125,00
03015103;Gaggiano;Milano;1;9.233;9,67;9,58;20,83;24,16;25,44;35,23;8,66;138,45
03015105;Garbagnate Milanese;Milano;1;26.777;7,69;13,71;22,80;18,97;17,04;12,91;8,17;101,29
03015106;Gessate;Milano;1;8.774;7,21;11,14;36,83;22,19;13,38;17,10;18,84;126,70
03015108;Gorgonzola;Milano;1;20.976;13,08;5,82;42,37;21,11;12,63;17,37;13,27;125,66
03015110;Grezzago;Milano;1;3.063;12,21;3,94;36,10;24,63;8,85;12,09;10,19;108,00
03015112;Gudo Visconti;Milano;1;1.628;17,34;25,62;41,44;12,36;27,72;24,55;8,58;157,61
03015114;Inzago;Milano;1;11.255;8,09;5,89;43,89;20,22;10,91;11,60;6,87;107,46
03015115;Lacchiarella;Milano;1;9.080;10,34;28,72;19,03;7,44;19,78;27,76;8,48;122,00
03015116;Lainate;Milano;1;26.189;3,47;9,97;31,04;12,60;15,37;19,87;16,26;108,58
03015118;Legnano;Milano;1;59.816;12,95;14,45;42,00;14,65;26,33;26,26;25,38;162,19
03015122;Liscate;Milano;1;4.017;7,17;11,89;40,71;24,15;29,34;15,72;12,33;141,31
03015130;Magenta;Milano;1;24.210;10,43;10,36;44,89;16,56;20,18;19,94;9,02;131,39
03015131;Magnago;Milano;1;9.331;9,43;7,49;36,11;17,40;9,04;24,07;13,24;122,35
03015134;Marcallo con Casone;Milano;1;6.170;9,41;8,04;41,64;17,41;13,57;40,17;5,71;135,96
03015136;Masate;Milano;1;3.671;7,16;7,85;36,49;24,43;15,33;14,41;8,41;114,09
03015139;Mediglia;Milano;1;12.257;11,16;22,23;34,67;12,29;18,31;39,94;8,21;155,96
03015140;Melegnano;Milano;1;17.938;9,94;17,87;32,41;12,05;41,94;36,86;11,39;166,34
03015142;Melzo;Milano;1;18.531;9,20;6,89;36,84;24,64;18,11;23,45;13,27;132,41
03015146;Milano;Milano;1;1.371.498;23,91;20,43;34,97;17,19;71,45;28,11;12,68;210,53
03015151;Motta Visconti;Milano;1;8.089;8,58;14,65;31,17;9,52;19,07;11,58;4,98;107,27
03015154;Nerviano;Milano;1;16.901;2,88;5,72;32,84;10,87;18,24;22,77;11,35;104,66
03015157;Novate Milanese;Milano;1;19.959;18,00;17,35;17,68;17,60;23,08;17,80;8,08;120,78
03015158;Noviglio;Milano;1;4.496;9,35;19,11;19,09;7,40;10,62;31,83;11,90;110,07
03015159;Opera;Milano;1;14.225;6,83;;35,07;39,27;29,56;21,45;5,10;137,28
03015164;Ossona;Milano;1;4.343;10,02;8,75;51,09;17,95;6,09;23,82;21,06;138,79
03015166;Paderno Dugnano;Milano;1;47.084;10,04;15,52;30,04;22,70;20,00;20,47;14,25;151,54
03015167;Pantigliate;Milano;1;5.687;13,76;7,60;45,25;24,64;11,47;49,40;37,55;189,68
03015168;Parabiago;Milano;1;27.786;13,22;15,70;39,64;11,80;17,79;27,85;17,84;144,74
03015169;Paullo;Milano;1;11.085;13,33;10,62;36,26;14,18;24,28;29,18;10,24;138,10
03015170;Pero;Milano;1;11.545;17,44;28,45;31,67;24,16;27,16;22,54;7,06;158,48
03015171;Peschiera Borromeo;Milano;1;24.165;9,74;;36,98;34,39;35,41;26,07;5,54;155,23
03015172;Pessano con Bornago;Milano;1;9.001;14,07;5,88;39,61;21,98;18,30;30,45;13,98;144,27
03015175;Pioltello;Milano;1;36.051;10,59;23,06;13,49;11,54;22,04;14,52;21,24;119,17
03015176;Pogliano Milanese;Milano;1;8.380;3,73;6,94;37,33;13,36;17,85;25,11;18,24;122,56
03015177;Pozzo d'Adda;Milano;1;6.464;20,09;4,11;32,83;20,32;3,44;19,98;53,24;154,01
03015178;Pozzuolo Martesana;Milano;1;8.558;6,95;8,40;32,01;18,29;8,40;16,57;6,63;97,26
03015179;Pregnana Milanese;Milano;1;7.311;2,24;8,50;26,12;13,39;11,82;44,07;10,77;116,91
03015181;Rescaldina;Milano;1;14.149;8,46;8,94;14,96;26,67;20,68;32,07;2,43;116,71
03015182;Rho;Milano;1;50.604;10,03;15,59;54,12;34,95;41,13;34,75;13,65;204,22
03015183;Robecchetto con Induno;Milano;1;4.765;22,90;8,72;52,41;23,09;2,26;31,94;5,05;146,37
03015184;Robecco sul Naviglio;Milano;1;6.716;18,99;;38,79;26,87;22,25;16,80;9,76;133,45
03015185;Rodano;Milano;1;4.644;9,54;5,72;43,95;30,04;21,51;22,60;12,74;146,10
03015188;Rosate;Milano;1;5.762;9,77;20,26;24,33;10,71;27,81;21,92;8,74;123,54
03015191;San Colombano al Lambro;Milano;1;7.218;7,72;29,26;40,15;9,11;10,18;20,50;18,06;136,77
03015192;San Donato Milanese;Milano;1;32.249;13,00;15,30;14,00;21,43;24,41;19,55;10,48;118,47
03015194;San Giorgio su Legnano;Milano;1;6.683;7,29;5,59;37,49;17,29;16,11;25,86;18,55;131,05
03015195;San Giuliano Milanese;Milano;1;39.320;9,72;13,90;35,23;18,23;16,76;10,52;17,55;122,70
03015201;San Vittore Olona;Milano;1;8.283;8,28;5,78;29,02;23,99;17,90;15,54;26,91;127,41
03015202;San Zenone al Lambro;Milano;1;4.465;6,07;9,81;31,96;13,42;6,41;10,25;9,86;87,77
03015200;Santo Stefano Ticino;Milano;1;4.924;12,32;;46,94;28,91;9,80;22,93;14,27;135,18
03015204;Sedriano;Milano;1;12.512;6,96;0,43;35,07;24,87;16,93;24,59;15,73;124,58
03015205;Segrate;Milano;1;36.655;17,32;19,16;23,34;12,60;24,22;22,08;20,06;289,90
03015206;Senago;Milano;1;21.304;7,07;9,85;25,00;21,73;20,22;10,18;12,65;106,71
03015209;Sesto San Giovanni;Milano;1;79.732;10,69;16,35;30,73;21,05;53,07;40,52;9,28;181,69
03015210;Settala;Milano;1;7.295;8,42;11,55;40,93;21,79;17,05;10,22;5,76;117,76
03015211;Settimo Milanese;Milano;1;20.137;21,51;1,86;36,26;25,14;24,07;23,17;15,53;152,50
03015213;Solaro;Milano;1;13.884;7,00;24,43;25,07;5,37;10,91;11,52;3,33;87,62
03015219;Trezzano Rosa;Milano;1;5.396;19,49;4,13;35,75;20,53;4,73;9,12;20,99;114,73
03015220;Trezzano sul Naviglio;Milano;1;21.528;15,85;22,16;28,77;20,15;40,46;22,50;30,07;189,57
03015221;Trezzo sull'Adda;Milano;1;11.939;8,88;11,50;47,77;25,34;26,11;23,52;29,55;172,66
03015222;Tribiano;Milano;1;3.667;8,48;35,54;30,24;10,80;17,95;35,74;19,30;158,06
03015224;Truccazzano;Milano;1;5.855;8,60;6,12;47,47;20,09;17,94;16,03;13,19;129,43
03015226;Turbigo;Milano;1;7.079;14,45;11,22;36,71;15,16;15,98;20,50;6,42;123,32
03015229;Vanzago;Milano;1;9.284;2,26;6,51;18,89;11,30;11,59;19,28;22,63;92,46
03015230;Vaprio d'Adda;Milano;1;9.419;9,40;5,15;32,58;19,25;12,83;15,14;10,72;105,07
03015251;Vermezzo con Zelo;Milano;1;5.824;10,44;18,86;23,52;9,94;20,44;17,33;10,64;117,38
03015236;Vernate;Milano;1;3.332;8,63;16,57;27,80;11,60;2,64;22,02;18,38;107,64
03015237;Vignate;Milano;1;9.291;10,30;10,15;38,48;22,24;11,33;17,72;67,46;177,67
03015248;Villa Cortese;Milano;1;6.165;10,35;5,99;42,43;17,77;12,53;23,82;6,39;119,28
03015242;Vimodrone;Milano;1;16.770;7,66;6,57;40,90;21,75;21,51;12,98;10,88;122,24
03015244;Vizzolo Predabissi;Milano;1;3.832;9,72;10,47;48,08;20,62;9,04;26,13;22,23;146,28
03015247;Zibido San Giacomo;Milano;1;6.802;15,44;18,38;35,72;9,30;7,87;21,09;8,68;118,28
08036001;Bastiglia;Modena;1;4.121;16,04;4,57;55,53;30,04;1,95;14,64;18,74;147,81
08036002;Bomporto;Modena;1;10.158;17,53;6,73;76,76;28,02;6,53;12,00;19,77;172,80
08036003;Campogalliano;Modena;1;8.559;19,12;29,97;61,03;27,06;14,21;19,07;29,12;198,79
08036004;Camposanto;Modena;Vedi aggregazione: AIMAG SPA;;;;;;;;;
08036005;Carpi;Modena;Vedi aggregazione: AIMAG SPA;;;;;;;;;
08036006;Castelfranco Emilia;Modena;1;33.022;12,12;7,61;68,29;26,03;15,07;15,72;13,11;161,26
08036007;Castelnuovo Rangone;Modena;1;15.041;13,15;19,97;64,92;28,85;9,33;19,95;28,15;183,49
08036008;Castelvetro di Modena;Modena;1;11.202;16,21;22,56;38,89;16,65;6,07;17,25;21,10;143,21
08036009;Cavezzo;Modena;Vedi aggregazione: AIMAG SPA;;;;;;;;;
08036010;Concordia sulla Secchia;Modena;Vedi aggregazione: AIMAG SPA;;;;;;;;;
08036011;Fanano;Modena;1;2.945;54,41;49,66;67,98;15,99;26,60;27,10;47,46;296,24
08036012;Finale Emilia;Modena;1;14.999;20,42;12,35;63,35;22,86;21,16;29,83;15,10;193,21
08036013;Fiorano Modenese;Modena;1;16.923;15,32;26,07;71,58;24,92;13,28;23,82;29,67;200,25
08036014;Fiumalbo;Modena;1;1.169;43,59;45,09;42,66;11,93;13,04;35,27;58,78;249,44
08036015;Formigine;Modena;1;34.446;17,37;21,87;64,87;23,45;11,78;14,96;20,51;175,79
08036016;Frassinoro;Modena;1;1.755;55,78;39,78;54,47;11,59;;31,72;100,19;285,06
08036017;Guiglia;Modena;1;4.033;13,37;17,53;59,15;24,70;6,46;11,70;26,38;153,87
08036018;Lama Mocogno;Modena;1;2.672;61,45;50,80;43,97;10,26;4,23;26,54;56,43;264,04
08036019;Maranello;Modena;1;17.315;20,00;26,28;65,48;25,51;13,11;30,71;29,98;214,96
08036020;Marano sul Panaro;Modena;1;5.322;6,53;14,28;60,20;21,28;11,40;16,09;21,15;156,72
08036021;Medolla;Modena;Vedi aggregazione: AIMAG SPA;;;;;;;;;
08036022;Mirandola - Dato aggregazione AIMAG SPA;Modena;11;166.129;7,16;9,26;52,52;28,16;13,43;29,03;24,68;173,73
08036023;Modena;Modena;1;185.644;22,57;27,07;64,04;24,48;22,18;22,22;18,29;202,65
08036024;Montecreto;Modena;1;918;55,71;56,34;63,89;14,62;5,83;57,46;83,98;345,50
08036025;Montefiorino;Modena;1;2.076;53,71;36,45;56,40;11,44;1,32;18,61;45,08;228,25
08036026;Montese;Modena;1;3.217;26,15;45,43;55,19;17,07;27,15;33,86;32,99;245,89
08036027;Nonantola;Modena;1;16.042;15,05;11,27;50,02;18,16;11,49;28,51;11,19;155,25
08036028;Novi di Modena;Modena;Vedi aggregazione: AIMAG SPA;;;;;;;;;
08036029;Palagano;Modena;1;2.058;42,92;34,91;64,18;12,69;4,42;32,85;65,11;258,76
08036030;Pavullo nel Frignano;Modena;1;18.031;31,53;33,98;37,76;14,07;10,35;18,67;39,89;187,55
08036031;Pievepelago;Modena;1;2.183;43,51;39,80;42,83;14,30;16,86;34,62;78,24;274,58
08036032;Polinago;Modena;1;1.575;44,37;37,82;48,83;11,82;6,90;26,59;65,77;246,69
08036033;Prignano sulla Secchia;Modena;1;3.759;13,46;19,55;45,90;17,27;;21,72;51,92;182,35
08036034;Ravarino;Modena;1;6.226;13,18;13,24;64,75;20,55;7,65;30,38;13,62;171,35
08036035;Riolunato;Modena;1;660;37,96;41,63;46,57;14,97;14,19;46,93;73,58;263,08
08036036;San Cesario sul Panaro;Modena;1;6.594;13,57;11,50;63,82;30,63;5,91;15,66;19,39;164,69
08036037;San Felice sul Panaro;Modena;Vedi aggregazione: AIMAG SPA;;;;;;;;;
08036038;San Possidonio;Modena;Vedi aggregazione: AIMAG SPA;;;;;;;;;
08036039;San Prospero;Modena;Vedi aggregazione: AIMAG SPA;;;;;;;;;
08036040;Sassuolo;Modena;1;40.544;25,40;28,91;75,31;22,06;22,83;23,81;21,86;228,81
08036041;Savignano sul Panaro;Modena;1;9.418;15,40;22,18;45,20;17,41;2,14;22,08;31,29;158,85
08036042;Serramazzoni;Modena;1;8.481;43,87;31,71;69,02;15,37;14,56;23,86;65,73;274,91
08036043;Sestola;Modena;1;2.452;64,58;63,76;60,54;14,42;53,30;40,57;75,71;383,35
08036044;Soliera;Modena;Vedi aggregazione: AIMAG SPA;;;;;;;;;
08036045;Spilamberto;Modena;1;12.870;16,96;6,44;63,96;21,34;9,08;14,21;24,30;165,71
08036046;Vignola;Modena;1;25.670;17,07;10,39;78,92;21,04;10,89;22,30;13,22;183,70
08036047;Zocca;Modena;1;4.558;15,34;29,22;49,90;24,17;12,56;16,97;23,24;170,18
03108001;Agrate Brianza;Monza e della Brianza;1;15.505;10,36;6,11;40,41;22,21;20,41;22,54;19,07;141,11
03108002;Aicurzio;Monza e della Brianza;1;2.072;7,14;7,07;45,18;20,98;27,95;16,41;21,96;146,68
03108003;Albiate;Monza e della Brianza;1;6.582;7,73;0,84;34,42;20,47;16,42;23,66;12,57;116,10
03108004;Arcore;Monza e della Brianza;1;17.773;9,11;5,44;42,08;22,34;18,16;17,46;7,99;122,58
03108005;Barlassina;Monza e della Brianza;1;6.853;6,13;2,64;28,63;31,10;6,21;11,97;12,57;111,54
03108006;Bellusco;Monza e della Brianza;1;7.365;31,38;6,16;31,85;37,94;9,78;17,74;10,90;145,75
03108007;Bernareggio;Monza e della Brianza;1;11.411;8,11;5,19;34,51;20,00;7,99;18,41;11,05;105,25
03108008;Besana in Brianza;Monza e della Brianza;1;15.441;12,98;0,87;30,82;29,17;12,67;20,10;6,79;113,40
03108009;Biassono;Monza e della Brianza;1;12.177;2,18;;43,19;9,64;17,71;17,27;;89,99
03108010;Bovisio-Masciago;Monza e della Brianza;1;16.735;11,18;0,90;36,66;26,07;24,79;22,76;15,36;137,72
03108011;Briosco;Monza e della Brianza;1;6.080;12,10;0,74;26,66;19,91;12,20;17,27;14,69;103,57
03108012;Brugherio;Monza e della Brianza;1;34.845;7,20;10,39;37,29;16,35;15,33;10,61;14,50;111,66
03108013;Burago di Molgora;Monza e della Brianza;1;4.223;10,51;8,90;32,82;21,93;26,63;21,19;17,42;139,39
03108051;Busnago;Monza e della Brianza;1;6.769;8,86;5,98;34,17;20,31;7,30;49,34;5,63;131,59
03108014;Camparada;Monza e della Brianza;1;2.152;7,78;5,52;33,17;27,83;10,26;18,95;16,36;119,86
03108052;Caponago;Monza e della Brianza;1;5.112;8,17;4,61;37,96;21,38;15,48;24,79;9,09;121,47
03108015;Carate Brianza;Monza e della Brianza;1;17.756;12,11;1,79;29,81;30,43;26,70;15,33;7,29;123,47
03108016;Carnate;Monza e della Brianza;1;7.594;6,87;7,82;31,31;19,93;8,53;22,85;12,76;110,06
03108017;Cavenago di Brianza;Monza e della Brianza;1;7.402;7,09;5,32;32,36;18,34;14,46;25,71;14,33;117,62
03108018;Ceriano Laghetto;Monza e della Brianza;1;6.627;8,14;0,53;38,79;23,31;13,19;18,03;6,38;108,37
03108019;Cesano Maderno;Monza e della Brianza;1;39.118;8,53;;31,04;27,77;17,51;17,71;12,44;115,00
03108020;Cogliate;Monza e della Brianza;1;8.403;7,07;0,47;29,59;27,09;2,53;12,69;5,37;85,89
03108021;Concorezzo;Monza e della Brianza;1;15.800;7,19;13,17;33,40;19,77;12,32;12,28;8,71;106,84
03108053;Cornate d'Adda;Monza e della Brianza;1;10.753;7,01;7,48;35,29;20,32;8,72;14,21;9,62;102,66
03108022;Correzzana;Monza e della Brianza;1;3.095;6,77;7,80;35,24;19,35;14,07;27,56;5,86;116,66
03108023;Desio;Monza e della Brianza;1;41.635;9,96;1,24;29,84;24,74;15,96;15,94;18,55;116,24
03108024;Giussano;Monza e della Brianza;1;25.988;10,94;1,10;29,66;22,54;21,12;12,05;17,20;116,62
03108025;Lazzate;Monza e della Brianza;1;7.679;16,74;;26,85;23,67;7,13;19,95;14,83;120,83
03108054;Lentate sul Seveso;Monza e della Brianza;1;15.733;9,28;;29,37;28,50;20,51;13,65;5,37;106,68
03108026;Lesmo;Monza e della Brianza;1;8.407;8,52;4,14;40,62;29,53;8,65;20,70;10,91;123,06
03108027;Limbiate;Monza e della Brianza;1;34.718;11,32;0,83;32,96;23,43;16,27;17,01;19,66;121,48
03108028;Lissone;Monza e della Brianza;1;46.142;9,51;0,99;36,14;25,28;17,97;20,75;11,89;122,53
03108029;Macherio;Monza e della Brianza;1;7.412;9,63;7,11;36,07;19,84;5,26;15,05;11,35;104,32
03108030;Meda;Monza e della Brianza;1;23.370;8,31;8,15;22,99;18,61;22,21;14,08;10,26;110,53
03108031;Mezzago;Monza e della Brianza;1;4.472;12,77;4,14;38,00;20,52;9,93;22,34;16,43;124,12
03108032;Misinto;Monza e della Brianza;1;5.654;12,25;0,35;49,36;25,86;10,93;12,37;6,70;117,82
03108033;Monza;Monza e della Brianza;1;122.099;9,73;0,07;42,77;28,78;33,69;24,66;28,03;168,55
03108034;Muggio;Monza e della Brianza;1;23.593;9,15;;27,83;28,75;18,69;8,72;11,45;104,58
03108035;Nova Milanese;Monza e della Brianza;1;23.125;8,51;10,28;29,67;17,52;16,61;12,11;8,27;102,97
03108036;Ornago;Monza e della Brianza;1;5.253;7,61;5,42;40,98;21,47;7,77;13,84;31,83;128,92
03108037;Renate;Monza e della Brianza;1;4.009;8,35;1,11;34,20;21,91;9,75;17,98;5,72;99,02
03108055;Roncello;Monza e della Brianza;1;4.780;6,60;7,51;29,10;13,87;5,69;12,38;9,93;89,53
03108038;Ronco Briantino;Monza e della Brianza;1;3.576;8,61;5,12;32,69;19,87;5,27;29,25;10,54;111,35
03108039;Seregno;Monza e della Brianza;1;44.832;7,97;1,49;29,35;23,42;21,13;18,38;12,86;114,59
03108040;Seveso;Monza e della Brianza;1;23.797;7,00;0,78;28,72;24,84;17,66;19,42;9,71;108,12
03108041;Sovico;Monza e della Brianza;1;8.297;9,74;1,23;32,50;22,11;22,67;17,87;15,98;128,17
03108042;Sulbiate;Monza e della Brianza;1;4.394;11,70;4,40;27,60;16,05;12,38;22,04;9,04;103,22
03108043;Triuggio;Monza e della Brianza;1;8.642;11,46;0,54;37,52;18,78;13,10;13,06;18,35;114,50
03108044;Usmate Velate;Monza e della Brianza;1;10.527;11,04;3,52;36,19;28,02;7,70;11,51;14,11;112,10
03108045;Varedo;Monza e della Brianza;1;13.627;10,56;27,87;34,48;5,07;21,52;27,91;7,67;135,08
03108046;Vedano al Lambro;Monza e della Brianza;1;7.515;7,93;8,82;39,59;25,29;15,57;14,18;41,43;152,80
03108047;Veduggio con Colzano;Monza e della Brianza;1;4.205;8,38;0,53;25,84;17,55;2,18;37,53;7,10;99,11
03108048;Verano Brianza;Monza e della Brianza;1;9.146;7,59;0,82;35,24;24,90;9,19;18,95;13,24;109,92
03108049;Villasanta;Monza e della Brianza;1;14.059;10,31;5,34;38,87;21,57;17,92;16,87;10,20;121,09
03108050;Vimercate;Monza e della Brianza;1;25.783;11,07;9,60;36,70;21,51;17,82;14,54;7,15;118,38
15063001;Acerra;Napoli;1;58.152;37,73;21,56;34,83;64,48;40,58;1,56;28,71;228,06
15063002;Afragola;Napoli;1;61.881;37,33;47,36;43,06;24,14;8,24;26,89;41,01;240,13
15063003;Agerola;Napoli;1;7.651;55,64;19,24;6,40;29,47;8,54;11,33;5,37;136,52
15063004;Anacapri;Napoli;1;6.854;95,06;;107,70;71,45;81,36;71,79;24,46;426,27
15063005;Arzano;Napoli;1;32.265;47,78;36,27;82,95;8,51;35,17;25,44;0,18;236,77
15063006;Bacoli;Napoli;1;25.258;7,04;18,00;34,19;87,46;19,19;73,55;;239,42
15063007;Barano d'Ischia;Napoli;1;9.876;53,07;29,03;65,10;28,47;4,14;55,72;19,24;265,56
15063008;Boscoreale;Napoli;1;26.043;30,78;24,13;62,73;24,44;11,46;15,64;9,57;214,55
15063009;Boscotrecase;Napoli;1;9.671;;55,44;4,06;;;8,30;;72,98
15063011;Caivano;Napoli;1;35.587;32,36;;73,59;79,04;23,91;24,60;;240,52
15063012;Calvizzano;Napoli;1;12.115;57,98;28,10;;25,24;19,59;6,85;23,30;161,06
15063013;Camposano;Napoli;1;5.089;19,54;;55,63;61,57;3,96;17,92;3,59;163,47
15063014;Capri;Napoli;1;6.869;133,79;;222,21;152,64;112,71;92,27;14,64;728,26
15063016;Cardito;Napoli;1;21.312;;32,50;;39,59;;32,38;39,20;143,67
15063017;Casalnuovo di Napoli;Napoli;1;47.019;11,98;34,74;62,11;22,87;17,20;14,19;1,61;164,70
15063018;Casamarciano;Napoli;1;3.044;10,82;13,36;54,11;13,32;19,65;;;111,90
15063020;Casandrino;Napoli;1;13.470;17,42;36,95;60,48;27,23;15,97;31,84;106,53;300,14
15063021;Casavatore;Napoli;1;18.077;30,50;35,63;59,82;23,42;28,99;4,91;9,51;192,78
15063022;Casola di Napoli;Napoli;1;3.640;13,90;11,42;69,51;41,37;9,27;8,40;21,79;175,66
15063023;Casoria;Napoli;1;73.492;23,45;;75,00;57,34;15,71;35,91;11,29;223,28
15063026;Cercola;Napoli;1;16.926;9,32;;63,61;;36,95;14,84;2,36;127,08
15063028;Cimitile;Napoli;1;6.890;21,69;30,46;64,22;;6,36;23,51;0,32;158,08
15063029;Comiziano;Napoli;1;1.680;27,43;61,40;12,91;;25,94;38,14;24,87;190,41
15063031;Forio;Napoli;1;17.348;141,20;37,85;110,26;93,75;3,79;86,15;0,06;482,56
15063032;Frattamaggiore;Napoli;1;28.517;56,53;4,07;;;59,10;1,20;;120,90
15063033;Frattaminore;Napoli;1;15.317;23,20;27,59;46,80;27,31;9,75;8,95;3,17;147,11
15063034;Giugliano in Campania;Napoli;1;122.935;16,58;;94,76;;25,53;3,31;1,85;142,04
15063035;Gragnano;Napoli;1;28.024;29,31;22,96;43,97;33,39;7,76;18,12;11,74;167,25
15063036;Grumo Nevano;Napoli;1;17.106;80,51;;56,26;;37,34;10,09;;184,21
15063037;Ischia;Napoli;1;19.451;59,29;50,69;122,41;72,82;37,95;48,46;8,69;405,27
15063038;Lacco Ameno;Napoli;1;4.584;153,77;5,47;128,54;;;24,00;9,56;321,34
15063039;Lettere;Napoli;1;6.033;16,29;;38,15;105,32;20,82;28,28;;208,85
15063040;Liveri;Napoli;1;1.490;77,80;;94,77;;8,43;18,26;31,86;231,11
15063041;Marano di Napoli;Napoli;1;57.514;49,91;33,02;29,95;18,05;20,45;20,20;6,09;180,94
15063042;Mariglianella;Napoli;1;7.778;12,18;20,08;44,45;43,98;40,25;12,24;32,66;205,83
15063092;Massa di Somma;Napoli;1;4.990;53,94;25,55;47,81;32,79;31,24;30,26;16,10;243,53
15063044;Massa Lubrense;Napoli;1;14.046;55,54;16,37;81,62;38,38;9,65;8,06;2,97;217,49
15063045;Melito di Napoli;Napoli;1;35.878;28,90;65,38;28,90;3,55;28,90;1,58;;157,21
15063046;Meta;Napoli;1;7.796;10,67;;79,26;49,21;62,49;;1,95;203,58
15063047;Monte di Procida;Napoli;1;11.825;71,15;;50,16;25,84;20,36;0,04;13,16;180,71
15063048;Mugnano di Napoli;Napoli;1;34.150;13,74;;68,09;;16,87;13,48;2,29;114,47
15063049;Napoli;Napoli;1;914.758;34,98;54,43;64,06;17,15;42,33;18,02;33,50;273,01
15063051;Ottaviano;Napoli;1;22.901;29,73;10,89;61,63;36,68;19,84;13,95;9,35;182,07
15063053;Piano di Sorrento;Napoli;1;12.381;11,27;30,15;64,52;35,51;38,94;34,54;;214,93
15063054;Pimonte;Napoli;1;5.808;7,10;11,84;48,57;38,05;8,67;15,31;;129,54
15063055;Poggiomarino;Napoli;1;21.887;31,74;53,80;39,94;;19,18;3,46;;148,12
15063057;Pomigliano d'Arco;Napoli;1;39.683;31,60;17,57;79,24;31,47;30,01;24,76;41,26;255,90
15063060;Pozzuoli;Napoli;1;76.290;20,91;17,27;50,47;34,24;25,26;71,49;26,63;249,99
15063061;Procida;Napoli;1;10.091;29,37;17,71;154,79;47,89;49,53;26,65;18,56;344,51
15063062;Qualiano;Napoli;1;24.532;11,66;;58,28;57,38;13,99;14,24;7,23;162,78
15063065;Roccarainola;Napoli;1;6.561;27,81;30,11;29,64;13,18;24,99;4,92;;130,65
15063066;San Gennaro Vesuviano;Napoli;1;12.297;13,90;25,95;67,88;21,91;;18,10;6,55;154,31
15063067;San Giorgio a Cremano;Napoli;1;42.784;29,89;24,68;42,92;23,71;7,71;14,49;53,19;196,58
15063069;San Paolo Bel Sito;Napoli;1;3.327;31,77;;56,28;;22,58;55,95;;166,59
15063070;San Sebastiano al Vesuvio;Napoli;1;8.650;164,96;47,20;;27,17;5,85;16,64;70,51;336,60
15063075;San Vitaliano;Napoli;1;6.351;32,49;34,44;49,92;16,99;13,79;19,87;;160,72
15063071;Sant'Agnello;Napoli;1;8.659;35,56;31,87;71,87;31,35;26,86;4,32;22,81;232,81
15063074;Sant'Antonio Abate;Napoli;1;19.070;31,21;58,57;29,65;;14,92;30,75;8,86;173,96
15063076;Saviano;Napoli;1;15.925;14,41;20,17;37,51;35,54;14,91;6,46;43,88;174,73
15063077;Scisciano;Napoli;1;6.111;16,15;18,31;31,62;20,83;7,54;18,09;11,28;125,40
15063078;Serrara Fontana;Napoli;1;3.020;;108,45;82,44;95,84;;24,12;;310,84
15063079;Somma Vesuviana;Napoli;1;33.677;39,49;20,89;79,39;43,75;25,72;12,81;3,61;230,40
15063080;Sorrento;Napoli;1;15.574;20,99;43,94;67,00;57,66;84,18;49,19;;322,95
15063081;Striano;Napoli;1;8.672;27,69;29,16;59,36;35,29;26,66;7,45;26,02;211,64
15063083;Torre Annunziata;Napoli;1;40.320;45,75;64,63;79,85;1,42;22,88;17,43;2,11;234,07
15063084;Torre del Greco;Napoli;1;80.825;33,30;26,77;48,07;24,41;8,62;22,16;13,58;182,54
15063091;Trecase;Napoli;1;8.562;17,22;31,77;26,80;25,32;32,82;46,87;1,08;181,88
15063086;Vico Equense;Napoli;1;20.239;19,22;12,35;74,47;55,14;39,34;7,99;8,39;216,90
15063087;Villaricca;Napoli;1;30.962;13,25;54,94;37,25;29,24;6,48;31,08;1,52;173,76
15063088;Visciano;Napoli;1;4.171;3,87;6,63;60,33;26,68;25,04;3,41;27,56;153,52
15063089;Volla;Napoli;1;25.085;32,60;29,76;54,73;7,26;25,71;6,57;;156,63
01003001;Agrate Conturbia;Novara;1;1.515;7,60;15,13;33,28;12,04;5,70;23,20;5,54;104,66
01003002;Ameno;Novara;1;834;13,86;20,36;66,00;11,48;31,55;62,97;4,71;210,92
01003006;Armeno;Novara;1;2.093;5,20;27,86;48,76;9,29;7,58;51,31;4,35;154,37
01003008;Arona;Novara;1;13.674;20,42;16,79;71,28;16,56;16,80;40,35;8,90;210,29
01003012;Barengo;Novara;Vedi aggregazione: CONSORZIO AREA VASTA BASSO NOVARESE;;;;;;;;;
01003016;Bellinzago Novarese;Novara;Vedi aggregazione: CONSORZIO AREA VASTA BASSO NOVARESE;;;;;;;;;
01003018;Biandrate;Novara;Vedi aggregazione: CONSORZIO AREA VASTA BASSO NOVARESE;;;;;;;;;
01003019;Boca;Novara;1;1.119;8,43;9,61;76,57;13,02;8,94;7,95;;124,52
01003021;Bogogno;Novara;1;1.296;9,10;11,78;36,06;11,41;6,22;69,63;3,28;175,69
01003022;Bolzano Novarese;Novara;1;1.146;5,26;22,09;21,61;14,04;3,17;52,23;5,40;123,80
01003025;Borgo Ticino;Novara;1;5.135;12,02;11,84;42,42;9,38;10,98;17,23;9,94;130,54
01003023;Borgolavezzaro;Novara;Vedi aggregazione: CONSORZIO AREA VASTA BASSO NOVARESE;;;;;;;;;
01003024;Borgomanero;Novara;1;21.276;15,78;19,10;53,54;15,28;14,06;32,51;7,34;174,52
01003026;Briga Novarese;Novara;1;2.744;4,08;9,29;42,72;10,38;0,27;30,72;14,39;111,85
01003027;Briona;Novara;Vedi aggregazione: CONSORZIO AREA VASTA BASSO NOVARESE;;;;;;;;;
01003030;Caltignaga;Novara;Vedi aggregazione: CONSORZIO AREA VASTA BASSO NOVARESE;;;;;;;;;
01003032;Cameri;Novara;Vedi aggregazione: CONSORZIO AREA VASTA BASSO NOVARESE;;;;;;;;;
01003036;Carpignano Sesia;Novara;1;2.443;13,09;11,82;40,95;15,26;17,02;22,76;9,24;113,45
01003037;Casalbeltrame;Novara;Vedi aggregazione: CONSORZIO AREA VASTA BASSO NOVARESE;;;;;;;;;
01003039;Casaleggio Novara;Novara;Vedi aggregazione: CONSORZIO AREA VASTA BASSO NOVARESE;;;;;;;;;
01003040;Casalino;Novara;Vedi aggregazione: CONSORZIO AREA VASTA BASSO NOVARESE;;;;;;;;;
01003041;Casalvolone;Novara;Vedi aggregazione: CONSORZIO AREA VASTA BASSO NOVARESE;;;;;;;;;
01003042;Castellazzo Novarese;Novara;Vedi aggregazione: CONSORZIO AREA VASTA BASSO NOVARESE;;;;;;;;;
01003043;Castelletto sopra Ticino;Novara;1;9.813;13,46;19,82;45,61;15,46;10,68;30,41;32,18;189,66
01003047;Cavallirio;Novara;1;1.301;10,35;19,76;34,26;15,68;7,90;30,42;4,15;134,62
01003049;Cerano;Novara;Vedi aggregazione: CONSORZIO AREA VASTA BASSO NOVARESE;;;;;;;;;
01003052;Comignago;Novara;1;1.218;12,13;13,85;51,19;9,94;10,09;38,38;5,54;155,02
01003055;Cressa;Novara;1;1.609;7,68;12,82;32,26;10,60;6,17;45,85;3,19;124,36
01003058;Cureggio;Novara;1;2.573;10,78;9,46;37,63;13,63;13,90;20,99;4,48;122,80
01003060;Divignano;Novara;1;1.423;11,32;11,41;40,43;16,57;9,62;53,16;4,90;156,68
01003062;Dormelletto;Novara;1;2.568;14,85;24,94;49,47;17,39;11,44;26,20;11,05;161,07
01003065;Fara Novarese;Novara;1;1.991;11,49;13,07;39,00;15,19;8,63;32,70;5,87;139,91
01003066;Fontaneto d'Agogna;Novara;1;2.586;11,54;12,10;38,44;12,46;8,89;40,52;4,63;143,02
01003068;Galliate;Novara;Vedi aggregazione: CONSORZIO AREA VASTA BASSO NOVARESE;;;;;;;;;
01003069;Garbagna Novarese;Novara;Vedi aggregazione: CONSORZIO AREA VASTA BASSO NOVARESE;;;;;;;;;
01003070;Gargallo;Novara;1;1.758;5,18;14,59;36,21;10,37;1,84;42,30;7,43;117,92
01003166;Gattico-Veruno;Novara;1;5.219;10,13;16,14;37,53;10,24;7,97;24,71;4,14;110,87
01003073;Ghemme;Novara;1;3.369;11,35;14,86;40,25;15,98;11,02;28,26;7,49;136,14
01003076;Gozzano;Novara;1;5.451;7,54;17,19;33,67;14,25;13,74;38,97;4,74;130,11
01003077;Granozzo con Monticello;Novara;Vedi aggregazione: CONSORZIO AREA VASTA BASSO NOVARESE;;;;;;;;;
01003079;Grignasco;Novara;1;4.330;11,01;14,98;41,15;13,41;9,44;29,17;4,94;140,62
01003082;Invorio;Novara;1;4.310;5,54;13,26;45,43;4,92;6,58;32,80;9,57;118,09
01003083;Landiona;Novara;Vedi aggregazione: CONSORZIO AREA VASTA BASSO NOVARESE;;;;;;;;;
01003084;Lesa;Novara;1;2.150;15,98;18,69;68,10;15,51;29,57;115,95;3,96;267,76
01003088;Maggiora;Novara;1;1.602;10,42;17,23;37,62;12,55;9,60;17,91;5,03;121,64
01003090;Mandello Vitta;Novara;Vedi aggregazione: CONSORZIO AREA VASTA BASSO NOVARESE;;;;;;;;;
01003091;Marano Ticino;Novara;Vedi aggregazione: CONSORZIO AREA VASTA BASSO NOVARESE;;;;;;;;;
01003093;Massino Visconti;Novara;1;1.120;62,39;;;;97,13;;;159,52
01003095;Meina;Novara;1;2.371;7,45;17,02;42,09;14,06;15,80;45,15;4,07;145,65
01003097;Mezzomerico;Novara;Vedi aggregazione: CONSORZIO AREA VASTA BASSO NOVARESE;;;;;;;;;
01003098;Miasino;Novara;1;809;22,95;18,50;60,47;8,87;15,93;82,51;4,02;213,25
01003100;Momo;Novara;Vedi aggregazione: CONSORZIO AREA VASTA BASSO NOVARESE;;;;;;;;;
01003103;Nebbiuno;Novara;1;1.766;18,02;15,00;49,55;9,74;3,68;47,80;4,32;148,70
01003104;Nibbiola;Novara;Vedi aggregazione: CONSORZIO AREA VASTA BASSO NOVARESE;;;;;;;;;
01003106;Novara - Dato aggregazione CONSORZIO AREA VASTA BASSO NOVARESE;Novara;39;220.098;11,18;16,31;51,69;15,09;15,05;31,61;19,10;163,63
01003108;Oleggio;Novara;Vedi aggregazione: CONSORZIO AREA VASTA BASSO NOVARESE;;;;;;;;;
01003109;Oleggio Castello;Novara;1;2.201;11,26;10,43;47,15;10,23;9,18;48,07;4,72;165,58
01003112;Orta San Giulio;Novara;1;1.136;12,66;45,05;126,13;24,44;49,06;133,25;3,83;394,42
01003114;Paruzzaro;Novara;1;2.153;14,66;14,47;68,00;12,21;12,56;29,37;22,08;183,42
01003116;Pettenasco;Novara;1;1.326;9,14;22,02;56,27;6,91;;68,32;4,26;166,91
01003119;Pisano;Novara;1;779;8,29;16,20;50,25;10,81;35,54;78,81;4,39;204,28
01003120;Pogno;Novara;1;1.338;2,75;27,80;43,89;7,96;1,46;69,75;6,73;160,34
01003121;Pombia;Novara;1;2.112;14,99;11,72;52,31;18,97;12,33;28,48;18,56;173,07
01003122;Prato Sesia;Novara;1;1.836;12,39;14,82;39,96;15,56;9,14;30,35;6,58;128,79
01003129;Recetto;Novara;Vedi aggregazione: CONSORZIO AREA VASTA BASSO NOVARESE;;;;;;;;;
01003130;Romagnano Sesia;Novara;1;3.670;12,61;20,04;42,42;15,45;13,77;35,85;4,88;155,36
01003131;Romentino;Novara;Vedi aggregazione: CONSORZIO AREA VASTA BASSO NOVARESE;;;;;;;;;
01003133;San Maurizio d'Opaglio;Novara;1;2.989;4,96;16,82;59,19;11,23;4,74;42,78;4,33;144,05
01003134;San Nazzaro Sesia;Novara;Vedi aggregazione: CONSORZIO AREA VASTA BASSO NOVARESE;;;;;;;;;
01003135;San Pietro Mosezzo;Novara;Vedi aggregazione: CONSORZIO AREA VASTA BASSO NOVARESE;;;;;;;;;
01003138;Sillavengo;Novara;Vedi aggregazione: CONSORZIO AREA VASTA BASSO NOVARESE;;;;;;;;;
01003139;Sizzano;Novara;1;1.355;7,07;14,92;33,37;16,62;8,37;37,15;4,13;137,01
01003140;Soriso;Novara;1;720;3,77;36,18;20,63;11,84;1,27;48,05;14,63;136,37
01003141;Sozzago;Novara;Vedi aggregazione: CONSORZIO AREA VASTA BASSO NOVARESE;;;;;;;;;
01003143;Suno;Novara;1;2.701;13,16;16,02;57,27;16,22;10,62;37,71;5,79;209,19
01003144;Terdobbiate;Novara;Vedi aggregazione: CONSORZIO AREA VASTA BASSO NOVARESE;;;;;;;;;
01003146;Tornaco;Novara;Vedi aggregazione: CONSORZIO AREA VASTA BASSO NOVARESE;;;;;;;;;
01003149;Trecate;Novara;Vedi aggregazione: CONSORZIO AREA VASTA BASSO NOVARESE;;;;;;;;;
01003153;Vaprio d'Agogna;Novara;Vedi aggregazione: CONSORZIO AREA VASTA BASSO NOVARESE;;;;;;;;;
01003154;Varallo Pombia;Novara;1;4.930;10,59;11,07;36,14;18,26;15,47;26,27;25,01;168,04
01003158;Vespolate;Novara;Vedi aggregazione: CONSORZIO AREA VASTA BASSO NOVARESE;;;;;;;;;
01003159;Vicolungo;Novara;Vedi aggregazione: CONSORZIO AREA VASTA BASSO NOVARESE;;;;;;;;;
01003164;Vinzaglio;Novara;Vedi aggregazione: CONSORZIO AREA VASTA BASSO NOVARESE;;;;;;;;;
20091001;Aritzo;Nuoro [fino 2024];Vedi aggregazione: COMUNITA' MONTANA GENNARGENTU MANDROLISAI;;;;;;;;;
20091003;Atzara;Nuoro [fino 2024];Vedi aggregazione: COMUNITA' MONTANA GENNARGENTU MANDROLISAI;;;;;;;;;
20091004;Austis;Nuoro [fino 2024];Vedi aggregazione: COMUNITA' MONTANA GENNARGENTU MANDROLISAI;;;;;;;;;
20091005;Bari Sardo;Nuoro [fino 2024];1;3.830;26,55;18,56;110,87;16,53;18,74;19,17;7,06;217,47
20091006;Baunei;Nuoro [fino 2024];1;3.442;7,43;14,73;55,70;30,47;;7,10;24,74;140,18
20091007;Belvi;Nuoro [fino 2024];Vedi aggregazione: COMUNITA' MONTANA GENNARGENTU MANDROLISAI;;;;;;;;;
20091008;Birori;Nuoro [fino 2024];1;500;27,28;17,11;74,93;10,94;;8,73;;138,99
20091009;Bitti - Dato aggregazione ASSOCIAZIONE DEI COMUNI DI BITTI, LULA, ONANI' - ENTE CAPOFILA COMUNE DI BITTI;Nuoro [fino 2024];3;4.231;9,71;15,25;44,25;0,51;;15,09;20,22;105,04
20091010;Bolotana;Nuoro [fino 2024];1;2.403;33,71;;67,43;;11,24;5,16;9,11;126,65
20091011;Borore;Nuoro [fino 2024];1;1.982;38,65;26,78;77,31;2,32;12,88;10,25;7,82;176,02
20091103;Cardedu;Nuoro [fino 2024];1;1.923;46,53;13,42;67,46;9,39;31,57;2,02;2,59;172,98
20091016;Desulo;Nuoro [fino 2024];Vedi aggregazione: COMUNITA' MONTANA GENNARGENTU MANDROLISAI;;;;;;;;;
20091017;Dorgali;Nuoro [fino 2024];1;8.299;25,48;34,23;94,99;16,68;23,40;28,83;7,86;231,47
20091018;Dualchi;Nuoro [fino 2024];1;577;25,76;24,67;65,41;;;11,15;9,28;153,67
20091024;Fonni;Nuoro [fino 2024];1;3.696;12,60;16,84;48,90;23,15;10,08;25,01;12,81;149,39
20091025;Gadoni;Nuoro [fino 2024];Vedi aggregazione: COMUNITA' MONTANA GENNARGENTU MANDROLISAI;;;;;;;;;
20091026;Gairo;Nuoro [fino 2024];1;1.293;30,32;19,49;61,87;4,10;;9,71;;125,49
20091027;Galtelli;Nuoro [fino 2024];Vedi aggregazione: ASSOCIAZIONE DEI COMUNI DI IRGOLI, ONIFAI, LOCULI, GALTELLI' - ENTE CAPOFILA COMUNE DI IRGOLI;;;;;;;;;
20091033;Irgoli - Dato aggregazione ASSOCIAZIONE DEI COMUNI DI IRGOLI, ONIFAI, LOCULI, GALTELLI' - ENTE CAPOFILA COMUNE DI IRGOLI;Nuoro [fino 2024];4;5.786;18,78;12,02;37,22;20,99;;32,65;5,94;144,15
20091035;Jerzu;Nuoro [fino 2024];1;3.034;11,20;20,08;56,57;;1,70;11,34;6,47;107,35
20091040;Loculi;Nuoro [fino 2024];Vedi aggregazione: ASSOCIAZIONE DEI COMUNI DI IRGOLI, ONIFAI, LOCULI, GALTELLI' - ENTE CAPOFILA COMUNE DI IRGOLI;;;;;;;;;
20091043;Lula;Nuoro [fino 2024];Vedi aggregazione: ASSOCIAZIONE DEI COMUNI DI BITTI, LULA, ONANI' - ENTE CAPOFILA COMUNE DI BITTI;;;;;;;;;
20091044;Macomer;Nuoro [fino 2024];1;9.410;9,81;22,31;88,39;13,50;25,76;27,94;11,34;199,64
20091047;Meana Sardo;Nuoro [fino 2024];Vedi aggregazione: COMUNITA' MONTANA GENNARGENTU MANDROLISAI;;;;;;;;;
20091051;Nuoro;Nuoro [fino 2024];1;34.105;25,48;;77,19;35,51;28,66;8,40;1,04;176,28
20091055;Oliena;Nuoro [fino 2024];1;6.640;13,61;9,26;57,76;17,17;11,21;20,03;17,08;146,11
20091058;Onani;Nuoro [fino 2024];Vedi aggregazione: ASSOCIAZIONE DEI COMUNI DI BITTI, LULA, ONANI' - ENTE CAPOFILA COMUNE DI BITTI;;;;;;;;;
20091059;Onifai;Nuoro [fino 2024];Vedi aggregazione: ASSOCIAZIONE DEI COMUNI DI IRGOLI, ONIFAI, LOCULI, GALTELLI' - ENTE CAPOFILA COMUNE DI IRGOLI;;;;;;;;;
20091061;Orani;Nuoro [fino 2024];1;2.706;29,61;23,31;52,08;14,02;;4,49;;123,51
20091062;Orgosolo;Nuoro [fino 2024];1;3.950;17,68;14,35;46,26;22,80;12,17;20,54;12,21;146,00
20091063;Orosei;Nuoro [fino 2024];1;6.765;19,41;9,87;84,59;24,40;41,99;13,68;28,08;222,02
20091066;Ortueri;Nuoro [fino 2024];Vedi aggregazione: COMUNITA' MONTANA GENNARGENTU MANDROLISAI;;;;;;;;;
20091068;Osidda;Nuoro [fino 2024];Vedi aggregazione: COMUNITA' MONTANA DEL GOCEANO;;;;;;;;;
20091069;Osini;Nuoro [fino 2024];1;725;23,23;;47,03;;;36,60;7,13;113,99
20091070;Ottana;Nuoro [fino 2024];1;2.195;42,36;;84,72;2,54;14,12;4,95;8,58;157,28
20091071;Ovodda;Nuoro [fino 2024];1;1.521;11,89;18,46;41,14;;12,71;14,23;;98,42
20091073;Posada;Nuoro [fino 2024];1;2.974;25,00;12,58;87,21;19,18;56,38;57,49;32,40;290,24
20091083;Silanus;Nuoro [fino 2024];1;2.005;19,75;11,57;62,08;8,32;;12,54;11,96;127,35
20091084;Sindia;Nuoro [fino 2024];1;1.605;6,62;25,75;47,48;;4,60;32,65;3,79;120,89
20091085;Siniscola;Nuoro [fino 2024];1;11.159;20,07;18,30;136,39;;44,10;23,63;10,56;253,06
20091086;Sorgono - Dato aggregazione COMUNITA' MONTANA GENNARGENTU MANDROLISAI;Nuoro [fino 2024];11;12.987;7,60;6,83;81,78;10,72;;14,76;10,44;132,13
20091089;Tertenia;Nuoro [fino 2024];1;3.801;7,79;17,80;54,99;7,46;2,33;9,89;15,79;120,90
20091090;Teti;Nuoro [fino 2024];Vedi aggregazione: COMUNITA' MONTANA GENNARGENTU MANDROLISAI;;;;;;;;;
20091093;Tonara;Nuoro [fino 2024];Vedi aggregazione: COMUNITA' MONTANA GENNARGENTU MANDROLISAI;;;;;;;;;
20091095;Tortoli;Nuoro [fino 2024];1;10.986;24,86;10,37;91,12;18,51;37,29;29,54;18,40;230,11
20091097;Triei;Nuoro [fino 2024];1;1.047;8,23;16,49;43,37;10,41;3,29;36,54;6,47;124,80
20091099;Urzulei;Nuoro [fino 2024];1;1.114;16,42;9,86;43,73;25,83;;25,80;5,57;127,22
20091100;Ussassai;Nuoro [fino 2024];1;472;44,78;9,40;56,35;;6,36;35,12;;152,01
20091101;Villagrande Strisaili;Nuoro [fino 2024];1;2.947;17,81;7,78;74,02;6,45;10,92;18,14;9,71;150,04
20095001;Abbasanta - Dato aggregazione UNIONE DEI COMUNI DEL GUILCIER;Oristano [fino 2024];9;12.776;6,14;24,56;40,35;16,67;;10,85;0,99;99,56
20095002;Aidomaggiore;Oristano [fino 2024];Vedi aggregazione: UNIONE DEI COMUNI DEL GUILCIER;;;;;;;;;
20095003;Albagiara;Oristano [fino 2024];Vedi aggregazione: UNIONE DI COMUNI ALTA MARMILLA;;;;;;;;;
20095004;Ales - Dato aggregazione UNIONE DI COMUNI ALTA MARMILLA;Oristano [fino 2024];19;8.821;23,67;16,17;80,77;10,46;;5,16;;138,76
20095005;Allai;Oristano [fino 2024];Vedi aggregazione: UNIONE DEI COMUNI DELLA BASSA VALLE DEL TIRSO E DEL GRIGHINE;;;;;;;;;
20095006;Arborea;Oristano [fino 2024];Vedi aggregazione: UNIONE DEI COMUNI TERRALBESE;;;;;;;;;
20095007;Ardauli;Oristano [fino 2024];Vedi aggregazione: UNIONE DEI COMUNI DEL BARIGADU;;;;;;;;;
20095008;Assolo;Oristano [fino 2024];Vedi aggregazione: UNIONE DI COMUNI ALTA MARMILLA;;;;;;;;;
20095009;Asuni;Oristano [fino 2024];Vedi aggregazione: UNIONE DI COMUNI ALTA MARMILLA;;;;;;;;;
20095010;Baradili;Oristano [fino 2024];Vedi aggregazione: UNIONE DI COMUNI ALTA MARMILLA;;;;;;;;;
20095011;Baratili San Pietro;Oristano [fino 2024];Vedi aggregazione: UNIONE DEI COMUNI COSTA DEL SINIS TERRA DEI GIGANTI;;;;;;;;;
20095012;Baressa;Oristano [fino 2024];Vedi aggregazione: UNIONE DI COMUNI ALTA MARMILLA;;;;;;;;;
20095013;Bauladu;Oristano [fino 2024];Vedi aggregazione: UNIONE DEI COMUNI MONTIFERRU - SINIS;;;;;;;;;
20095014;Bidoni;Oristano [fino 2024];Vedi aggregazione: UNIONE DEI COMUNI DEL BARIGADU;;;;;;;;;
20095015;Bonarcado;Oristano [fino 2024];Vedi aggregazione: UNIONE DEI COMUNI MONTIFERRU - SINIS;;;;;;;;;
20095016;Boroneddu;Oristano [fino 2024];Vedi aggregazione: UNIONE DEI COMUNI DEL GUILCIER;;;;;;;;;
20095079;Bosa;Oristano [fino 2024];1;7.465;7,07;24,03;63,94;24,28;98,23;40,15;30,51;288,21
20095017;Busachi - Dato aggregazione UNIONE DEI COMUNI DEL BARIGADU;Oristano [fino 2024];9;7.570;10,77;9,90;79,78;12,66;7,15;8,42;2,90;149,50
20095018;Cabras - Dato aggregazione UNIONE DEI COMUNI COSTA DEL SINIS TERRA DEI GIGANTI;Oristano [fino 2024];2;9.966;8,95;28,20;67,54;1,09;14,76;17,28;5,39;143,57
20095019;Cuglieri;Oristano [fino 2024];Vedi aggregazione: UNIONE DEI COMUNI MONTIFERRU - SINIS;;;;;;;;;
20095077;Curcuris;Oristano [fino 2024];Vedi aggregazione: UNIONE DI COMUNI ALTA MARMILLA;;;;;;;;;
20095020;Fordongianus;Oristano [fino 2024];Vedi aggregazione: UNIONE DEI COMUNI DEL BARIGADU;;;;;;;;;
20095021;Ghilarza;Oristano [fino 2024];Vedi aggregazione: UNIONE DEI COMUNI DEL GUILCIER;;;;;;;;;
20095022;Gonnoscodina;Oristano [fino 2024];Vedi aggregazione: UNIONE DI COMUNI ALTA MARMILLA;;;;;;;;;
20095023;Gonnosno;Oristano [fino 2024];Vedi aggregazione: UNIONE DI COMUNI ALTA MARMILLA;;;;;;;;;
20095024;Gonnostramatza;Oristano [fino 2024];Vedi aggregazione: UNIONE DEI COMUNI PARTE MONTIS;;;;;;;;;
20095082;Laconi;Oristano [fino 2024];Vedi aggregazione: COMUNITA' MONTANA DEL SARCIDANO BARBAGIA DI SEULO;;;;;;;;;
20095025;Marrubiu;Oristano [fino 2024];Vedi aggregazione: UNIONE DEI COMUNI TERRALBESE;;;;;;;;;
20095026;Masullas;Oristano [fino 2024];Vedi aggregazione: UNIONE DEI COMUNI PARTE MONTIS;;;;;;;;;
20095027;Milis - Dato aggregazione UNIONE DEI COMUNI MONTIFERRU - SINIS;Oristano [fino 2024];10;13.815;12,38;14,97;70,94;17,87;5,25;13,08;7,57;142,06
20095028;Mogorella;Oristano [fino 2024];Vedi aggregazione: UNIONE DI COMUNI ALTA MARMILLA;;;;;;;;;
20095029;Mogoro - Dato aggregazione UNIONE DEI COMUNI PARTE MONTIS;Oristano [fino 2024];6;6.481;12,80;28,66;77,04;;22,90;6,29;4,80;152,49
20095030;Morgongiori;Oristano [fino 2024];Vedi aggregazione: UNIONE DI COMUNI ALTA MARMILLA;;;;;;;;;
20095031;Narbolia;Oristano [fino 2024];1;1.690;14,85;34,52;102,99;;;9,96;16,07;178,76
20095032;Neoneli;Oristano [fino 2024];Vedi aggregazione: UNIONE DEI COMUNI DEL BARIGADU;;;;;;;;;
20095033;Norbello;Oristano [fino 2024];Vedi aggregazione: UNIONE DEI COMUNI DEL GUILCIER;;;;;;;;;
20095034;Nughedu Santa Vittoria;Oristano [fino 2024];Vedi aggregazione: UNIONE DEI COMUNI DEL BARIGADU;;;;;;;;;
20095035;Nurachi;Oristano [fino 2024];Vedi aggregazione: UNIONE DEI COMUNI MONTIFERRU - SINIS;;;;;;;;;
20095036;Nureci;Oristano [fino 2024];Vedi aggregazione: UNIONE DI COMUNI ALTA MARMILLA;;;;;;;;;
20095037;Ollastra;Oristano [fino 2024];Vedi aggregazione: UNIONE DEI COMUNI DELLA BASSA VALLE DEL TIRSO E DEL GRIGHINE;;;;;;;;;
20095038;Oristano;Oristano [fino 2024];1;30.541;6,76;19,93;60,00;23,24;30,64;23,88;24,38;195,03
20095039;Palmas Arborea - Dato aggregazione UNIONE DI COMUNI DEI FENICI;Oristano [fino 2024];6;12.802;11,20;14,33;37,46;10,55;0,96;7,50;4,91;86,92
20095040;Pau;Oristano [fino 2024];Vedi aggregazione: UNIONE DI COMUNI ALTA MARMILLA;;;;;;;;;
20095041;Paulilatino;Oristano [fino 2024];Vedi aggregazione: UNIONE DEI COMUNI DEL GUILCIER;;;;;;;;;
20095042;Pompu;Oristano [fino 2024];Vedi aggregazione: UNIONE DEI COMUNI PARTE MONTIS;;;;;;;;;
20095043;Riola Sardo;Oristano [fino 2024];Vedi aggregazione: UNIONE DI COMUNI DEI FENICI;;;;;;;;;
20095044;Ruinas;Oristano [fino 2024];Vedi aggregazione: UNIONE DI COMUNI ALTA MARMILLA;;;;;;;;;
20095045;Samugheo;Oristano [fino 2024];Vedi aggregazione: UNIONE DEI COMUNI DEL BARIGADU;;;;;;;;;
20095046;San Nicolo d'Arcidano - Dato aggregazione UNIONE DEI COMUNI TERRALBESE;Oristano [fino 2024];5;23.254;10,53;41,42;36,85;0,74;;45,11;;136,16
20095050;San Vero Milis;Oristano [fino 2024];1;2.416;21,00;62,73;85,71;;;27,83;11,96;209,23
20095047;Santa Giusta;Oristano [fino 2024];Vedi aggregazione: UNIONE DI COMUNI DEI FENICI;;;;;;;;;
20095049;Santu Lussurgiu;Oristano [fino 2024];Vedi aggregazione: UNIONE DEI COMUNI MONTIFERRU - SINIS;;;;;;;;;
20095052;Sedilo;Oristano [fino 2024];Vedi aggregazione: UNIONE DEI COMUNI DEL GUILCIER;;;;;;;;;
20095053;Seneghe;Oristano [fino 2024];Vedi aggregazione: UNIONE DEI COMUNI MONTIFERRU - SINIS;;;;;;;;;
20095054;Senis;Oristano [fino 2024];Vedi aggregazione: UNIONE DI COMUNI ALTA MARMILLA;;;;;;;;;
20095055;Sennariolo;Oristano [fino 2024];Vedi aggregazione: UNIONE DEI COMUNI MONTIFERRU - SINIS;;;;;;;;;
20095056;Siamaggiore;Oristano [fino 2024];Vedi aggregazione: UNIONE DI COMUNI DEI FENICI;;;;;;;;;
20095057;Siamanna;Oristano [fino 2024];Vedi aggregazione: UNIONE DEI COMUNI DELLA BASSA VALLE DEL TIRSO E DEL GRIGHINE;;;;;;;;;
20095076;Siapiccia;Oristano [fino 2024];Vedi aggregazione: UNIONE DEI COMUNI DELLA BASSA VALLE DEL TIRSO E DEL GRIGHINE;;;;;;;;;
20095058;Simala;Oristano [fino 2024];Vedi aggregazione: UNIONE DEI COMUNI PARTE MONTIS;;;;;;;;;
20095059;Simaxis - Dato aggregazione UNIONE DEI COMUNI DELLA BASSA VALLE DEL TIRSO E DEL GRIGHINE;Oristano [fino 2024];7;6.019;14,93;;42,42;;;13,02;;70,99
20095060;Sini;Oristano [fino 2024];Vedi aggregazione: UNIONE DI COMUNI ALTA MARMILLA;;;;;;;;;
20095061;Siris;Oristano [fino 2024];Vedi aggregazione: UNIONE DEI COMUNI PARTE MONTIS;;;;;;;;;
20095078;Soddi;Oristano [fino 2024];Vedi aggregazione: UNIONE DEI COMUNI DEL GUILCIER;;;;;;;;;
20095062;Solarussa;Oristano [fino 2024];Vedi aggregazione: UNIONE DI COMUNI DEI FENICI;;;;;;;;;
20095063;Sorradile;Oristano [fino 2024];Vedi aggregazione: UNIONE DEI COMUNI DEL BARIGADU;;;;;;;;;
20095064;Tadasuni;Oristano [fino 2024];Vedi aggregazione: UNIONE DEI COMUNI DEL GUILCIER;;;;;;;;;
20095065;Terralba;Oristano [fino 2024];Vedi aggregazione: UNIONE DEI COMUNI TERRALBESE;;;;;;;;;
20095066;Tramatza;Oristano [fino 2024];Vedi aggregazione: UNIONE DEI COMUNI MONTIFERRU - SINIS;;;;;;;;;
20095068;Ula  Tirso;Oristano [fino 2024];Vedi aggregazione: UNIONE DEI COMUNI DEL BARIGADU;;;;;;;;;
20095069;Uras;Oristano [fino 2024];Vedi aggregazione: UNIONE DEI COMUNI TERRALBESE;;;;;;;;;
20095070;Usellus;Oristano [fino 2024];Vedi aggregazione: UNIONE DI COMUNI ALTA MARMILLA;;;;;;;;;
20095048;Villa Sant'Antonio;Oristano [fino 2024];Vedi aggregazione: UNIONE DI COMUNI ALTA MARMILLA;;;;;;;;;
20095073;Villa Verde;Oristano [fino 2024];Vedi aggregazione: UNIONE DI COMUNI ALTA MARMILLA;;;;;;;;;
20095071;Villanova Truschedu;Oristano [fino 2024];Vedi aggregazione: UNIONE DEI COMUNI DELLA BASSA VALLE DEL TIRSO E DEL GRIGHINE;;;;;;;;;
20095072;Villaurbana;Oristano [fino 2024];Vedi aggregazione: UNIONE DI COMUNI DEI FENICI;;;;;;;;;
20095074;Zeddiani;Oristano [fino 2024];Vedi aggregazione: UNIONE DEI COMUNI MONTIFERRU - SINIS;;;;;;;;;
20095075;Zerfaliu;Oristano [fino 2024];Vedi aggregazione: UNIONE DEI COMUNI DELLA BASSA VALLE DEL TIRSO E DEL GRIGHINE;;;;;;;;;
05028001;Abano Terme;Padova;1;20.108;9,18;;65,12;54,25;26,25;20,55;26,95;253,10
05028002;Agna;Padova;1;3.150;12,30;2,09;49,28;32,39;4,99;12,00;15,27;130,68
05028003;Albignasego;Padova;1;26.571;9,59;;46,08;34,85;4,68;4,40;4,52;108,79
05028004;Anguillara Veneta;Padova;1;4.147;10,46;2,29;41,89;29,81;4,24;10,20;13,03;114,06
05028005;Arqua  Petrarca;Padova;1;1.803;10,47;2,29;41,93;29,37;4,25;10,21;12,75;113,42
05028006;Arre;Padova;1;2.106;11,50;0,88;46,07;36,64;4,66;11,22;13,25;126,59
05028007;Arzergrande;Padova;1;4.855;9,82;;39,34;28,33;3,98;9,58;17,34;110,41
05028008;Bagnoli di Sopra;Padova;1;3.358;11,24;0,94;45,00;32,83;4,56;10,96;15,36;123,17
05028009;Baone;Padova;1;3.055;9,67;2,65;38,72;25,64;3,92;9,43;8,40;115,48
05028010;Barbona;Padova;1;608;17,02;11,38;56,14;11,82;1,89;16,47;6,15;120,87
05028011;Battaglia Terme;Padova;1;3.774;11,72;3,74;46,93;27,69;4,75;11,43;14,31;122,99
05028012;Boara Pisani;Padova;1;2.394;10,26;1,68;41,09;27,39;4,16;10,01;15,40;112,10
05028107;Borgo Veneto;Padova;1;7.046;10,46;2,27;41,90;30,78;4,24;10,21;13,68;127,40
05028013;Borgoricco;Padova;Vedi aggregazione: ETRA Spa;;;;;;;;;
05028014;Bovolenta;Padova;1;3.462;10,58;1,22;42,37;32,58;4,29;10,32;11,83;115,37
05028015;Brugine;Padova;1;7.186;9,86;;38,11;27,97;4,00;9,62;12,13;103,65
05028016;Cadoneghe;Padova;Vedi aggregazione: ETRA Spa;;;;;;;;;
05028020;Campo San Martino;Padova;Vedi aggregazione: ETRA Spa;;;;;;;;;
05028017;Campodarsego;Padova;Vedi aggregazione: ETRA Spa;;;;;;;;;
05028018;Campodoro;Padova;Vedi aggregazione: ETRA Spa;;;;;;;;;
05028019;Camposampiero;Padova;Vedi aggregazione: ETRA Spa;;;;;;;;;
05028021;Candiana;Padova;1;2.223;10,50;;42,04;29,81;4,26;10,24;13,67;112,65
05028022;Carceri;Padova;1;1.497;11,36;3,32;45,51;26,23;4,61;11,08;18,21;122,62
05028023;Carmignano di Brenta;Padova;Vedi aggregazione: ETRA Spa;;;;;;;;;
05028026;Cartura;Padova;1;4.570;11,72;;46,95;35,42;4,75;11,44;13,98;126,65
05028027;Casale di Scodosia;Padova;1;4.743;11,66;3,03;46,69;31,13;4,73;11,37;16,48;127,47
05028028;Casalserugo;Padova;1;5.361;6,53;;40,49;31,34;7,11;2,41;4,57;102,32
05028029;Castelbaldo;Padova;1;1.421;12,22;3,05;48,96;30,42;4,96;11,92;19,65;133,70
05028030;Cervarese Santa Croce;Padova;Vedi aggregazione: ETRA Spa;;;;;;;;;
05028031;Cinto Euganeo;Padova;1;1.922;9,81;1,58;43,27;26,01;;9,57;14,19;106,45
05028032;Cittadella;Padova;Vedi aggregazione: ETRA Spa;;;;;;;;;
05028033;Codevigo;Padova;1;6.334;11,04;0,80;44,20;31,89;4,48;10,77;17,09;122,52
05028034;Conselve;Padova;1;10.034;13,10;0,97;52,45;40,66;5,31;12,78;12,38;140,33
05028035;Correzzola;Padova;1;5.057;8,38;;33,55;23,56;3,40;8,17;14,46;93,24
05028036;Curtarolo;Padova;Vedi aggregazione: ETRA Spa;;;;;;;;;
05028106;Due Carrare;Padova;1;8.974;12,30;1,38;49,27;40,36;4,99;12,00;13,92;136,68
05028037;Este;Padova;1;15.969;10,82;5,84;43,33;33,37;4,39;10,56;8,75;116,49
05028038;Fontaniva;Padova;Vedi aggregazione: ETRA Spa;;;;;;;;;
05028039;Galliera Veneta;Padova;Vedi aggregazione: ETRA Spa;;;;;;;;;
05028040;Galzignano Terme;Padova;Vedi aggregazione: ETRA Spa;;;;;;;;;
05028041;Gazzo;Padova;Vedi aggregazione: ETRA Spa;;;;;;;;;
05028042;Grantorto;Padova;Vedi aggregazione: ETRA Spa;;;;;;;;;
05028043;Granze;Padova;1;1.947;8,37;1,55;33,52;22,55;3,39;8,16;12,91;92,18
05028044;Legnaro;Padova;1;9.375;11,22;;45,49;32,52;4,55;10,95;14,04;120,99
05028045;Limena;Padova;Vedi aggregazione: ETRA Spa;;;;;;;;;
05028046;Loreggia;Padova;Vedi aggregazione: ETRA Spa;;;;;;;;;
05028047;Lozzo Atestino;Padova;1;2.973;10,44;4,15;41,82;29,84;4,23;10,19;15,71;118,53
05028048;Masera  di Padova;Padova;1;9.069;9,69;1,37;38,81;33,87;3,93;9,45;8,37;107,49
05028049;Masi;Padova;1;1.775;11,66;2,06;46,71;28,98;4,73;11,38;14,39;122,19
05028050;Massanzago;Padova;Vedi aggregazione: ETRA Spa;;;;;;;;;
05028052;Megliadino San Vitale;Padova;1;1.823;9,30;1,75;41,03;27,68;;9,08;12,90;102,78
05028053;Merlara;Padova;1;2.518;11,88;2,74;47,58;31,33;4,82;11,59;20,80;133,15
05028054;Mestrino;Padova;Vedi aggregazione: ETRA Spa;;;;;;;;;
05028055;Monselice;Padova;1;17.262;12,75;5,48;51,07;37,53;5,17;12,44;13,40;154,35
05028056;Montagnana;Padova;1;8.905;15,67;5,06;62,74;37,82;6,35;15,28;18,15;170,27
05028057;Montegrotto Terme;Padova;Vedi aggregazione: ETRA Spa;;;;;;;;;
05028059;Ospedaletto Euganeo;Padova;1;5.530;9,89;3,15;39,60;26,56;4,01;9,65;10,04;102,75
05028060;Padova;Padova;1;208.732;20,40;;46,33;52,71;28,96;36,03;28,93;219,68
05028061;Pernumia;Padova;1;3.750;11,90;3,18;47,66;31,64;4,83;11,61;14,77;128,03
05028062;Piacenza d'Adige;Padova;1;1.237;11,42;1,41;45,74;29,00;4,63;12,84;26,38;138,48
05028063;Piazzola sul Brenta;Padova;Vedi aggregazione: ETRA Spa;;;;;;;;;
05028064;Piombino Dese;Padova;Vedi aggregazione: ETRA Spa;;;;;;;;;
05028065;Piove di Sacco;Padova;1;20.112;17,65;15,87;39,15;5,94;8,79;8,74;17,46;115,28
05028066;Polverara;Padova;1;3.374;8,15;1,19;32,64;25,67;3,30;7,95;9,80;89,11
05028067;Ponso;Padova;1;2.399;10,61;2,87;42,49;26,79;4,30;10,35;18,18;117,78
05028069;Ponte San Nicolo;Padova;1;13.266;10,67;;41,04;36,67;5,87;18,78;15,96;130,66
05028068;Pontelongo;Padova;1;3.625;11,21;1,43;44,89;32,11;4,55;10,94;6,95;105,27
05028070;Pozzonovo;Padova;1;3.473;10,59;1,99;42,41;29,28;4,29;10,33;14,15;115,21
05028071;Rovolon;Padova;Vedi aggregazione: ETRA Spa;;;;;;;;;
05028072;Rubano;Padova;Vedi aggregazione: ETRA Spa;;;;;;;;;
05028073;Saccolongo;Padova;1;4.884;9,68;;53,92;32,32;1,54;3,87;0,42;129,11
05028075;San Giorgio delle Pertiche;Padova;Vedi aggregazione: ETRA Spa;;;;;;;;;
05028076;San Giorgio in Bosco;Padova;Vedi aggregazione: ETRA Spa;;;;;;;;;
05028077;San Martino di Lupari;Padova;Vedi aggregazione: ETRA Spa;;;;;;;;;
05028078;San Pietro in Gu;Padova;Vedi aggregazione: ETRA Spa;;;;;;;;;
05028079;San Pietro Viminario;Padova;1;3.053;10,53;;42,16;30,76;4,27;10,27;12,43;112,49
05028080;Santa Giustina in Colle;Padova;Vedi aggregazione: ETRA Spa;;;;;;;;;
05028082;Sant'Angelo di Piove di Sacco;Padova;1;7.263;9,89;0,34;40,32;31,82;4,01;9,65;12,53;110,60
05028083;Sant'Elena;Padova;1;2.521;10,15;3,20;40,64;31,18;4,11;9,90;19,20;120,45
05028084;Sant'Urbano;Padova;1;1.921;20,72;;36,57;;0,53;7,93;;65,75
05028085;Saonara;Padova;Vedi aggregazione: ETRA Spa;;;;;;;;;
05028086;Selvazzano Dentro;Padova;Vedi aggregazione: ETRA Spa;;;;;;;;;
05028087;Solesino;Padova;1;6.793;12,84;1,86;51,41;41,12;5,21;12,52;18,02;145,55
05028088;Stanghella;Padova;1;4.149;10,63;2,95;42,57;26,09;4,31;10,37;16,58;115,68
05028089;Teolo;Padova;Vedi aggregazione: ETRA Spa;;;;;;;;;
05028090;Terrassa Padovana;Padova;1;2.669;11,84;1,20;47,43;32,82;4,80;11,55;19,84;131,91
05028091;Tombolo;Padova;Vedi aggregazione: ETRA Spa;;;;;;;;;
05028092;Torreglia;Padova;Vedi aggregazione: ETRA Spa;;;;;;;;;
05028093;Trebaseleghe;Padova;Vedi aggregazione: ETRA Spa;;;;;;;;;
05028094;Tribano;Padova;1;4.229;12,21;2,55;48,92;30,49;4,95;11,92;17,39;130,93
05028095;Urbana;Padova;1;2.029;11,26;1,03;45,08;24,33;4,56;10,98;19,65;119,20
05028096;Veggiano;Padova;Vedi aggregazione: ETRA Spa;;;;;;;;;
05028097;Vescovana;Padova;1;1.726;13,70;13,74;34,71;12,48;4,70;11,58;5,79;96,70
05028098;Vighizzolo d'Este;Padova;1;894;11,28;2,61;45,17;31,24;4,57;11,00;16,37;124,57
05028099;Vigodarzere;Padova;Vedi aggregazione: ETRA Spa;;;;;;;;;
05028100;Vigonza;Padova;Vedi aggregazione: ETRA Spa;;;;;;;;;
05028101;Villa del Conte;Padova;Vedi aggregazione: ETRA Spa;;;;;;;;;
05028102;Villa Estense;Padova;1;2.096;9,98;0,39;39,97;26,85;4,05;9,74;16,14;101,50
05028103;Villafranca Padovana;Padova;Vedi aggregazione: ETRA Spa;;;;;;;;;
05028104;Villanova di Camposampiero;Padova;Vedi aggregazione: ETRA Spa;;;;;;;;;
05028105;Vo';Padova;1;3.270;5,54;21,22;43,74;14,56;1,53;6,44;;93,03
19082001;Alia;Palermo;Vedi aggregazione: AMA - RIFIUTO E' RISORSA S.C.A R.L.;;;;;;;;;
19082002;Alimena;Palermo;Vedi aggregazione: AMA - RIFIUTO E' RISORSA S.C.A R.L.;;;;;;;;;
19082003;Aliminusa;Palermo;Vedi aggregazione: EMA RIFIUTO E RISORSA S.C.R.L.;;;;;;;;;
19082005;Altofonte;Palermo;1;9.857;13,93;10,32;84,36;10,36;12,62;16,99;11,51;160,09
19082006;Bagheria;Palermo;1;52.705;20,09;46,85;51,09;16,05;12,88;14,55;0,60;162,11
19082008;Baucina;Palermo;1;1.839;8,38;10,76;46,93;16,79;31,18;43,51;11,35;178,64
19082009;Belmonte Mezzagno;Palermo;1;10.927;14,83;19,12;53,04;26,18;7,15;5,13;;125,45
19082010;Bisacquino;Palermo;1;4.155;14,25;31,91;65,87;;3,91;9,97;4,33;130,24
19082082;Blufi;Palermo;Vedi aggregazione: AMA - RIFIUTO E' RISORSA S.C.A R.L.;;;;;;;;;
19082011;Bolognetta;Palermo;1;4.028;154,57;69,00;;;9,78;16,88;;250,23
19082012;Bompietro;Palermo;Vedi aggregazione: AMA - RIFIUTO E' RISORSA S.C.A R.L.;;;;;;;;;
19082013;Borgetto;Palermo;1;7.051;57,60;23,90;41,29;12,69;10,32;19,20;;165,00
19082014;Caccamo;Palermo;1;7.725;11,64;17,62;50,65;40,93;29,28;15,33;3,94;169,39
19082015;Caltavuturo;Palermo;Vedi aggregazione: AMA - RIFIUTO E' RISORSA S.C.A R.L.;;;;;;;;;
19082016;Campofelice di Fitalia;Palermo;1;466;15,14;48,25;70,40;;18,82;29,75;2,20;184,58
19082017;Campofelice di Roccella;Palermo;1;7.545;19,05;43,40;95,27;14,58;28,75;46,19;2,87;257,40
19082019;Camporeale;Palermo;1;2.983;3,50;13,64;119,62;23,44;11,66;9,97;9,54;191,37
19082020;Capaci;Palermo;1;11.262;23,97;51,40;86,99;10,39;8,16;8,73;39,56;229,19
19082021;Carini;Palermo;1;38.850;31,40;44,53;62,81;14,86;13,87;19,88;;187,35
19082022;Castelbuono;Palermo;1;8.177;33,79;;49,58;62,32;13,90;6,23;2,64;168,46
19082023;Casteldaccia;Palermo;1;11.568;75,05;89,49;19,17;4,25;7,03;14,51;43,49;252,99
19082024;Castellana Sicula - Dato aggregazione AMA - RIFIUTO E' RISORSA S.C.A R.L.;Palermo;15;35.721;50,03;7,48;58,90;6,22;8,27;6,02;6,75;147,92
19082025;Castronovo di Sicilia;Palermo;1;2.844;25,31;25,30;66,56;43,70;14,81;14,37;;190,05
19082026;Cefala  Diana;Palermo;1;986;17,76;53,94;77,76;14,73;31,98;13,60;150,57;360,34
19082027;Cefalu;Palermo;1;13.878;12,10;39,37;91,86;34,38;52,06;15,39;;254,36
19082030;Ciminna;Palermo;1;3.443;14,70;17,06;74,01;13,01;21,90;19,20;4,64;171,32
19082031;Cinisi;Palermo;1;11.846;5,72;13,98;88,34;44,27;7,01;24,50;28,08;212,26
19082032;Collesano;Palermo;1;3.720;13,03;10,02;65,14;2,51;12,34;34,46;;137,49
19082034;Corleone;Palermo;1;10.422;10,01;31,63;57,86;16,91;18,25;9,21;23,40;163,78
19082035;Ficarazzi;Palermo;1;12.776;39,46;65,43;29,67;1,69;9,89;25,81;19,88;191,83
19082036;Gangi;Palermo;Vedi aggregazione: AMA - RIFIUTO E' RISORSA S.C.A R.L.;;;;;;;;;
19082037;Geraci Siculo;Palermo;Vedi aggregazione: AMA - RIFIUTO E' RISORSA S.C.A R.L.;;;;;;;;;
19082038;Giardinello;Palermo;1;2.275;18,91;12,60;104,06;34,36;7,90;31,44;21,73;231,00
19082041;Gratteri;Palermo;1;867;24,28;13,42;121,42;;53,43;41,71;;254,26
19082042;Isnello;Palermo;1;1.329;23,33;10,47;116,64;2,85;34,86;21,60;;209,75
19082043;Isola delle Femmine;Palermo;1;7.001;32,69;58,44;54,80;13,30;11,54;37,04;4,43;212,57
19082044;Lascari;Palermo;1;3.652;13,83;12,14;69,16;20,91;20,87;23,09;4,01;164,00
19082045;Lercara Friddi;Palermo;1;6.191;49,85;20,86;79,97;19,75;18,39;0,58;;189,42
19082046;Marineo;Palermo;1;6.187;62,83;;58,96;;15,27;18,26;28,43;183,75
19082047;Mezzojuso;Palermo;1;2.678;14,80;23,98;74,07;13,72;30,45;14,82;;171,85
19082048;Misilmeri;Palermo;1;28.648;18,00;26,38;80,73;28,10;5,08;40,63;2,44;201,36
19082049;Monreale;Palermo;1;38.351;36,85;31,83;7,64;4,58;7,86;65,20;;153,96
19082051;Montemaggiore Belsito - Dato aggregazione EMA RIFIUTO E RISORSA S.C.R.L.;Palermo;2;4.064;18,05;12,55;90,23;33,53;;18,67;1,29;174,32
19082052;Palazzo Adriano;Palermo;1;1.838;30,64;;68,30;;15,37;11,01;;125,32
19082053;Palermo;Palermo;1;630.828;32,25;48,46;44,58;;23,05;33,66;13,38;195,37
19082054;Partinico;Palermo;1;30.556;15,89;53,17;66,97;13,32;28,91;25,33;;203,59
19082055;Petralia Soprana;Palermo;Vedi aggregazione: AMA - RIFIUTO E' RISORSA S.C.A R.L.;;;;;;;;;
19082056;Petralia Sottana;Palermo;Vedi aggregazione: AMA - RIFIUTO E' RISORSA S.C.A R.L.;;;;;;;;;
19082057;Piana degli Albanesi;Palermo;1;5.588;37,62;21,86;55,54;12,60;;5,32;14,87;148,23
19082058;Polizzi Generosa;Palermo;Vedi aggregazione: AMA - RIFIUTO E' RISORSA S.C.A R.L.;;;;;;;;;
19082059;Pollina;Palermo;1;2.837;18,51;15,44;73,23;37,21;19,96;32,05;17,62;214,03
19082060;Prizzi;Palermo;1;4.305;5,31;13,52;58,86;28,80;6,56;8,53;7,50;129,09
19082063;San Cipirello;Palermo;1;4.972;40,11;12,31;8,21;15,39;1,38;76,42;;153,82
19082064;San Giuseppe Jato;Palermo;1;8.115;82,22;8,81;22,70;;10,15;7,21;;131,09
19082065;San Mauro Castelverde;Palermo;Vedi aggregazione: AMA - RIFIUTO E' RISORSA S.C.A R.L.;;;;;;;;;
19082066;Santa Cristina Gela;Palermo;1;987;15,47;23,77;77,35;0,34;;11,79;;128,71
19082068;Sciara;Palermo;1;2.530;11,23;11,04;56,63;25,46;23,61;50,18;;178,15
19082081;Scillato;Palermo;Vedi aggregazione: AMA - RIFIUTO E' RISORSA S.C.A R.L.;;;;;;;;;
19082069;Sclafani Bagni;Palermo;Vedi aggregazione: AMA - RIFIUTO E' RISORSA S.C.A R.L.;;;;;;;;;
19082070;Termini Imerese;Palermo;1;25.030;48,18;58,48;43,86;11,83;14,94;45,87;27,03;272,16
19082071;Terrasini;Palermo;1;12.605;25,66;38,03;89,30;27,47;12,04;18,93;36,52;253,45
19082072;Torretta;Palermo;1;4.141;11,36;40,72;34,04;16,58;11,22;39,19;69,89;223,01
19082073;Trabia;Palermo;1;10.391;10,61;53,07;68,51;20,22;31,90;15,03;;212,56
19082074;Trappeto;Palermo;1;3.030;7,60;46,24;85,02;17,87;12,75;57,46;2,62;229,56
19082076;Valledolmo;Palermo;Vedi aggregazione: AMA - RIFIUTO E' RISORSA S.C.A R.L.;;;;;;;;;
08034001;Albareto;Parma;1;2.063;20,68;71,62;15,40;;0,86;24,50;7,87;140,93
08034003;Bedonia;Parma;1;3.141;26,68;32,04;52,63;;19,35;23,11;21,45;175,26
08034004;Berceto;Parma;1;1.971;38,22;25,13;109,94;;9,74;25,82;22,30;232,87
08034006;Borgo Val di Taro;Parma;1;6.680;88,37;24,11;25,94;10,16;23,40;26,43;;215,88
08034007;Busseto;Parma;1;6.778;15,01;;60,12;39,98;19,71;46,26;33,93;247,37
08034008;Calestano;Parma;1;2.054;16,99;;;43,59;2,03;35,93;24,89;192,24
08034009;Collecchio;Parma;1;14.637;13,81;;60,13;43,58;16,85;37,55;28,01;220,00
08034010;Colorno;Parma;1;8.964;14,78;;57,19;36,76;8,70;30,37;32,13;195,43
08034011;Compiano;Parma;1;1.054;147,18;;16,62;0,78;;35,42;25,43;233,76
08034012;Corniglio;Parma;1;1.739;26,61;;62,16;44,58;20,27;45,54;27,71;240,39
08034013;Felino;Parma;1;9.186;13,14;;59,44;34,62;8,73;19,58;18,72;162,30
08034014;Fidenza;Parma;1;27.008;17,77;11,78;61,20;;19,74;35,86;11,07;165,77
08034015;Fontanellato;Parma;1;6.997;15,15;;60,54;36,98;12,93;29,91;43,11;222,08
08034016;Fontevivo;Parma;1;5.600;14,67;;62,21;41,82;3,38;22,82;49,33;237,17
08034017;Fornovo di Taro;Parma;1;5.881;100,11;16,75;24,52;23,63;9,93;21,01;12,69;237,58
08034018;Langhirano;Parma;1;10.714;15,41;;58,64;48,61;12,32;25,57;40,43;213,52
08034019;Lesignano de' Bagni;Parma;1;5.040;17,37;;56,11;45,55;5,45;7,74;32,88;180,48
08034020;Medesano;Parma;1;10.674;14,95;;58,39;32,65;6,12;19,64;31,65;180,92
08034022;Monchio delle Corti;Parma;1;840;42,68;;96,21;46,18;;81,29;57,74;359,90
08034023;Montechiarugolo;Parma;1;11.149;14,48;;59,47;36,88;8,96;23,97;33,57;200,43
08034024;Neviano degli Arduini;Parma;1;3.413;22,90;;27,41;48,60;;25,83;28,87;163,36
08034025;Noceto;Parma;1;13.107;17,47;;54,93;42,97;3,87;21,09;24,38;179,35
08034026;Palanzano;Parma;1;1.052;30,83;1,07;97,34;46,56;7,02;52,17;83,27;346,16
08034027;Parma;Parma;1;196.655;22,81;;56,25;35,79;28,78;28,38;45,10;242,70
08034028;Pellegrino Parmense;Parma;1;958;62,22;54,71;84,58;4,58;;45,70;5,77;290,46
08034050;Polesione Zibello;Parma;1;3.090;15,16;;78,75;43,16;2,18;27,54;29,85;218,01
08034030;Roccabianca;Parma;1;2.877;15,07;;63,25;37,51;;32,41;26,91;185,73
08034031;Sala Baganza;Parma;1;5.819;14,23;;61,31;47,90;23,84;27,61;20,80;214,76
08034032;Salsomaggiore Terme;Parma;1;19.863;18,72;;52,75;37,79;13,36;26,68;42,82;239,93
08034033;San Secondo Parmense;Parma;1;5.792;14,43;;59,18;47,16;8,91;33,46;52,64;237,18
08034049;Sissa Trecasali;Parma;1;7.816;14,69;;63,52;41,21;0,23;12,87;35,78;190,68
08034035;Solignano;Parma;1;1.704;35,06;47,58;5,57;;45,37;70,90;26,35;254,02
08034036;Soragna;Parma;1;4.773;13,60;;59,87;39,01;3,53;20,58;30,85;188,13
08034051;Sorbolo Mezzani;Parma;1;12.703;14,78;;58,40;34,08;8,70;23,38;32,23;190,39
08034038;Terenzo;Parma;1;1.155;44,07;50,94;12,59;;;54,11;6,21;173,54
08034039;Tizzano Val Parma;Parma;1;2.118;26,52;;87,81;55,61;1,83;39,51;36,06;262,63
08034040;Tornolo;Parma;1;900;62,71;53,40;75,69;0,34;6,75;59,68;15,46;282,01
08034041;Torrile;Parma;1;7.689;13,64;0,08;58,85;33,64;12,14;45,21;38,22;222,49
08034042;Traversetolo;Parma;1;9.451;15,04;;60,47;41,95;4,64;31,91;34,52;205,59
08034044;Valmozzola;Parma;1;528;56,97;50,06;21,40;;;57,12;62,98;258,96
08034045;Varano de' Melegari;Parma;1;2.586;58,86;35,63;36,55;8,52;4,09;26,39;5,66;181,51
08034046;Varsi;Parma;1;1.132;150,27;;16,72;0,18;;24,84;6,60;205,12
03018002;Albaredo Arnaboldi;Pavia;1;225;14,52;81,96;37,76;5,32;8,72;22,30;16,38;186,94
03018003;Albonese;Pavia;1;535;20,00;27,60;31,73;10,72;4,56;17,58;10,92;123,11
03018004;Albuzzano;Pavia;1;3.563;10,96;0,13;36,20;24,87;4,60;15,51;9,53;122,97
03018005;Arena Po;Pavia;1;1.504;13,37;58,65;50,91;4,47;6,19;4,40;6,71;144,69
03018007;Bagnaria;Pavia;1;632;59,65;41,66;28,66;2,20;;62,14;22,76;242,69
03018008;Barbianello;Pavia;1;874;;120,82;;;;;;120,82
03018009;Bascape;Pavia;1;1.758;8,86;;44,91;29,94;4,07;16,66;10,96;125,53
03018012;Battuda;Pavia;1;683;4,71;7,20;14,00;;0,75;;;26,66
03018013;Belgioioso;Pavia;1;6.253;6,49;32,65;48,92;4,31;9,78;18,96;11,78;132,88
03018014;Bereguardo;Pavia;1;2.852;17,36;0,26;62,53;27,96;0,63;40,64;11,56;160,95
03018015;Borgarello;Pavia;1;2.657;9,82;0,38;42,49;18,92;3,07;64,35;11,16;199,38
03018016;Borgo Priolo;Pavia;1;1.319;52,18;44,79;7,20;1,66;0,29;18,47;7,75;132,34
03018018;Borgo San Siro;Pavia;1;953;15,56;13,65;58,71;29,43;13,89;35,16;5,14;172,91
03018017;Borgoratto Mormorolo;Pavia;1;417;49,51;38,65;6,71;2,39;;24,65;6,21;128,27
03018019;Bornasco;Pavia;1;2.656;10,92;0,22;27,84;21,68;10,13;18,63;7,01;112,15
03018020;Bosnasco;Pavia;1;636;15,50;53,38;47,92;4,26;10,90;10,47;6,81;149,67
03018022;Breme;Pavia;1;713;13,41;;58,18;26,16;19,76;20,39;9,13;153,98
03018023;Bressana Bottarone;Pavia;1;3.427;18,88;34,19;60,63;4,41;1,69;8,49;20,69;169,10
03018024;Broni;Pavia;1;9.602;21,83;41,72;55,40;4,27;15,05;3,85;4,67;146,79
03018026;Campospinoso Albaredo;Pavia;1;1.088;11,36;64,15;29,55;4,16;6,83;12,87;9,97;138,89
03018027;Candia Lomellina;Pavia;1;1.441;9,64;;60,63;28,20;25,13;35,92;1,52;161,04
03018030;Carbonara al Ticino;Pavia;1;1.418;31,00;19,46;;8,43;4,11;29,49;;92,77
03018031;Casanova Lonati;Pavia;1;451;16,04;56,05;41,22;4,30;18,19;12,37;6,45;154,61
03018032;Casatisma;Pavia;1;865;26,51;57,85;11,35;3,31;0,08;44,18;8,08;152,77
03018039;Castello d'Agogna;Pavia;1;1.054;14,17;;50,40;30,17;21,10;23,05;1,41;140,30
03018040;Castelnovetto;Pavia;1;525;10,11;;59,61;28,83;29,00;17,04;11,69;162,04
03018041;Cava Manara;Pavia;1;6.640;9,75;;55,61;31,17;10,66;15,72;6,32;129,24
03018042;Cecima;Pavia;1;244;66,32;44,20;9,45;1,73;0,12;66,37;7,62;195,81
03018043;Ceranova;Pavia;1;2.270;9,42;0,19;34,97;18,88;3,20;13,92;7,02;113,34
03018044;Ceretto Lomellina;Pavia;1;179;23,58;26,48;44,58;10,28;14,95;51,99;10,47;182,34
03018045;Cergnago;Pavia;1;680;24,42;;50,25;26,28;;34,17;10,95;146,08
03018046;Certosa di Pavia;Pavia;1;5.448;9,84;0,28;34,31;25,67;2,37;18,83;9,00;100,30
03018047;Cervesina;Pavia;1;1.132;60,43;;;;;70,19;;130,62
03018048;Chignolo Po;Pavia;1;3.912;8,16;25,57;23,18;4,35;4,37;4,49;6,53;76,64
03018051;Codevilla;Pavia;1;940;80,55;;;;10,29;25,98;;116,44
03018193;Colli Verdi;Pavia;1;1.014;18,03;46,27;53,26;4,60;13,46;27,73;7,99;174,97
03018053;Copiano;Pavia;1;1.701;8,00;22,27;47,78;4,40;4,40;6,16;8,06;101,07
03018054;Corana;Pavia;1;765;22,95;53,70;11,84;2,98;8,35;32,18;9,22;143,48
03018191;Cornale e Bastida;Pavia;1;820;30,35;55,37;20,05;2,92;4,35;26,05;7,51;146,76
03018192;Corteolona e Genzone;Pavia;1;2.534;6,01;;27,70;;3,91;1,84;11,84;51,29
03018057;Corvino San Quirico;Pavia;1;972;13,95;42,44;58,24;4,58;;34,72;6,87;160,81
03018059;Cozzo;Pavia;1;355;8,97;;61,30;39,47;40,22;8,58;1,15;159,69
03018060;Cura Carpignano;Pavia;1;4.905;9,70;0,41;51,49;23,60;0,87;27,83;13,83;130,16
03018061;Dorno;Pavia;1;4.519;25,43;28,56;33,85;11,09;8,72;23,23;18,87;169,83
03018063;Filighera;Pavia;1;820;12,66;25,77;22,64;6,35;16,64;23,01;6,81;114,61
03018064;Fortunago;Pavia;1;348;57,23;66,78;15,23;1,93;0,01;51,04;6,02;198,24
03018065;Frascarolo;Pavia;1;1.085;23,19;26,05;29,94;10,11;20,92;30,01;18,70;158,91
03018067;Gambarana;Pavia;1;199;35,08;;30,93;56,38;8,40;17,15;13,54;161,48
03018068;Gambolo;Pavia;1;9.617;10,16;2,37;51,23;1,27;13,58;35,31;17,23;131,14
03018071;Gerenzago;Pavia;1;1.415;12,72;40,53;18,51;5,10;16,62;8,33;7,51;110,07
03018072;Giussago;Pavia;1;5.214;27,70;26,47;24,87;;10,06;5,51;;94,60
03018073;Godiasco Salice Terme;Pavia;1;3.176;59,82;53,53;22,04;;15,74;3,15;;154,28
03018076;Gropello Cairoli;Pavia;1;4.236;8,91;17,44;35,16;17,05;22,93;27,18;4,50;134,71
03018077;Inverno e Monteleone;Pavia;1;1.435;7,92;17,60;31,97;4,43;13,97;18,34;6,65;100,88
03018078;Landriano;Pavia;1;6.436;40,24;12,91;4,66;4,70;2,73;;;65,24
03018079;Langosco;Pavia;1;382;70,89;15,27;;;53,67;26,06;;165,88
03018080;Lardirago;Pavia;1;1.137;21,73;0,28;25,90;32,88;;48,35;8,50;139,07
03018084;Lungavilla;Pavia;1;2.451;19,66;49,38;11,67;1,66;0,40;34,16;8,05;124,98
03018085;Magherno;Pavia;1;1.733;7,52;28,18;20,24;4,33;20,22;8,18;15,25;103,93
03018086;Marcignago;Pavia;1;2.431;16,86;0,46;51,91;23,86;17,99;36,23;16,30;192,32
03018088;Mede;Pavia;1;6.195;31,32;31,20;35,87;12,11;7,16;33,56;18,87;170,09
03018089;Menconico;Pavia;1;353;68,74;62,10;9,66;1,15;;47,79;7,59;197,03
03018090;Mezzana Bigli;Pavia;1;1.038;20,32;24,77;34,31;9,61;4,89;42,05;10,83;146,77
03018091;Mezzana Rabattone;Pavia;1;466;27,42;0,13;44,01;34,90;;44,04;23,52;174,50
03018093;Miradolo Terme;Pavia;1;3.642;7,67;13,02;30,31;;3,08;41,64;7,19;102,90
03018094;Montalto Pavese;Pavia;1;857;22,37;58,39;75,16;4,42;0,43;6,36;6,64;194,65
03018095;Montebello della Battaglia;Pavia;1;1.476;55,30;105,32;33,43;5,07;0,43;34,79;9,27;243,61
03018096;Montecalvo Versiggia;Pavia;1;516;11,10;36,10;27,57;4,36;;20,07;6,53;107,27
03018098;Montesegale;Pavia;1;259;29,73;39,53;10,76;4,27;;54,90;6,02;145,20
03018099;Monticelli Pavese;Pavia;1;629;39,07;49,02;40,32;5,83;12,13;61,07;9,74;219,36
03018101;Mornico Losana;Pavia;1;589;21,22;63,23;70,65;4,59;;14,70;6,89;181,27
03018103;Nicorvo;Pavia;1;276;41,74;32,14;32,95;;35,38;29,16;2,32;173,69
03018105;Oliva Gessi;Pavia;1;171;13,51;61,32;64,78;4,12;;2,46;6,18;152,37
03018106;Ottobiano;Pavia;1;1.083;23,22;26,94;30,97;10,46;16,67;28,65;16,20;181,98
03018107;Palestro;Pavia;1;1.778;84,75;;;;41,51;;;126,26
03018108;Pancarana;Pavia;1;315;69,32;;;;;93,82;;163,14
03018109;Parona;Pavia;1;1.831;17,46;17,48;22,55;7,62;15,61;13,62;23,62;136,41
03018110;Pavia;Pavia;1;71.159;18,56;0,29;46,98;34,62;25,15;27,69;33,25;186,55
03018113;Pieve del Cairo;Pavia;1;1.734;25,08;;36,52;2,25;;7,77;0,80;72,42
03018115;Pinarolo Po;Pavia;1;1.684;18,56;67,86;45,06;4,42;;12,64;6,62;155,16
03018116;Pizzale;Pavia;1;692;23,05;46,09;15,86;2,77;0,40;45,83;7,42;141,42
03018117;Ponte Nizza;Pavia;1;772;46,29;47,89;20,69;8,16;6,28;25,03;10,41;165,70
03018119;Rea;Pavia;1;390;19,41;86,22;35,11;4,55;;51,30;6,83;217,35
03018120;Redavalle;Pavia;1;1.061;18,00;59,38;48,59;4,20;0,57;16,12;6,30;159,38
03018121;Retorbido;Pavia;1;1.529;34,13;40,90;37,40;4,81;8,82;21,78;8,97;163,92
03018122;Rivanazzano Terme;Pavia;1;5.120;20,72;57,00;9,62;2,30;5,66;27,27;9,20;131,77
03018123;Robbio;Pavia;1;5.742;6,77;;30,07;34,30;34,42;16,82;3,46;125,84
03018124;Robecco Pavese;Pavia;1;516;48,45;38,76;29,46;22,70;0,58;37,26;21,59;198,80
03018126;Rocca Susella;Pavia;1;228;60,74;48,54;30,24;2,33;0,24;34,18;11,18;187,45
03018128;Romagnese;Pavia;1;581;86,20;43,65;7,06;31,31;51,64;24,10;;243,95
03018130;Rosasco;Pavia;1;547;9,31;;73,42;27,51;25,29;23,51;4,97;164,02
03018131;Rovescala;Pavia;1;844;21,85;58,00;62,57;4,44;5,30;6,43;12,53;171,12
03018133;San Cipriano Po;Pavia;1;463;13,85;48,82;46,81;4,53;62,08;26,49;6,79;220,11
03018134;San Damiano al Colle;Pavia;1;629;22,32;75,38;52,18;4,43;;16,15;7,96;179,41
03018137;San Martino Siccomario;Pavia;1;6.340;2,92;36,01;32,10;20,04;18,93;22,07;;132,07
03018145;San Zenone al Po;Pavia;1;539;36,83;34,36;49,04;6,01;4,69;21,18;15,90;225,02
03018140;Santa Giuletta;Pavia;1;1.558;17,76;65,21;51,70;4,39;3,87;3,42;9,83;163,71
03018142;Santa Margherita di Staffora;Pavia;1;449;100,08;44,02;54,14;1,70;;120,12;9,57;360,18
03018143;Santa Maria della Versa;Pavia;1;2.244;22,57;65,59;59,78;4,42;;25,23;8,70;186,96
03018144;Sant'Angelo Lomellina;Pavia;1;817;8,67;9,03;51,01;24,15;9,03;24,03;10,35;136,27
03018146;Sartirana Lomellina;Pavia;1;1.442;7,67;;42,96;33,74;12,57;9,46;18,06;124,46
03018148;Semiana;Pavia;1;197;22,24;24,99;28,73;9,70;11,39;26,15;9,88;139,98
03018149;Silvano Pietra;Pavia;1;629;29,17;57,59;22,70;4,57;4,97;12,22;7,16;138,38
03018151;Sommo;Pavia;1;1.141;10,39;0,13;36,09;22,47;14,08;17,69;9,63;110,49
03018153;Stradella;Pavia;1;11.430;20,46;16,60;69,11;4,45;35,79;13,14;6,67;166,21
03018155;Torrazza Coste;Pavia;1;1.561;30,96;48,59;32,49;1,97;0,12;32,91;7,57;172,52
03018157;Torre d'Arese;Pavia;1;928;13,46;21,24;18,12;5,93;5,18;9,45;9,53;84,04
03018158;Torre de' Negri;Pavia;1;312;8,36;47,00;26,19;4,40;9,85;22,64;6,61;125,05
03018159;Torre d'Isola;Pavia;1;2.388;10,12;0,61;59,51;22,40;26,44;27,40;13,57;180,99
03018162;Travaco Siccomario;Pavia;1;4.381;69,59;;;;13,25;13,51;;96,34
03018163;Trivolzio;Pavia;1;2.358;15,86;0,36;43,54;30,82;5,18;17,11;17,62;130,49
03018164;Tromello;Pavia;1;3.658;14,56;14,21;66,53;21,05;18,29;17,58;28,18;181,92
03018165;Trovo;Pavia;1;1.014;11,24;0,36;36,06;25,64;8,19;25,28;14,49;121,27
03018166;Val di Nizza;Pavia;1;575;38,84;57,90;5,91;1,86;0,42;102,56;8,20;215,70
03018167;Valeggio;Pavia;1;199;24,47;27,49;31,60;10,67;;17,51;10,87;122,61
03018168;Valle Lomellina;Pavia;1;2.069;22,23;25,11;56,84;9,75;9,35;30,93;11,94;166,15
03018169;Valle Salimbene;Pavia;1;1.451;26,73;0,16;40,89;29,01;;17,35;9,54;145,52
03018171;Varzi;Pavia;1;3.012;53,97;64,45;15,16;1,46;23,17;54,33;9,79;222,33
03018173;Vellezzo Bellini;Pavia;1;3.310;11,18;0,45;44,29;25,82;3,16;20,10;19,44;124,44
03018175;Verrua Po;Pavia;1;1.170;11,74;36,62;36,11;4,60;;9,26;6,90;105,23
03018177;Vigevano;Pavia;1;62.384;25,74;25,90;45,04;16,60;11,58;6,08;7,28;138,22
03018180;Villanterio;Pavia;1;3.300;7,55;22,04;28,91;8,32;4,06;9,04;6,65;90,86
03018182;Voghera;Pavia;1;38.455;31,07;31,39;46,10;4,08;18,34;17,96;37,40;186,35
03018185;Zeccone;Pavia;1;1.690;15,88;18,39;10,80;13,21;3,95;21,82;14,34;98,39
03018187;Zenevredo;Pavia;1;477;13,86;65,97;25,36;4,33;;31,70;6,49;147,72
03018188;Zerbo;Pavia;1;396;21,00;36,04;51,00;3,46;;20,14;7,87;139,51
03018189;Zerbolo;Pavia;1;1.635;9,53;;48,29;32,19;4,38;17,91;11,78;124,08
03018190;Zinasco;Pavia;1;3.064;8,98;15,71;32,14;3,65;5,80;11,65;4,31;83,05
10054001;Assisi;Perugia;1;27.862;8,71;30,60;102,77;27,14;27,18;66,43;10,88;275,54
10054002;Bastia Umbra;Perugia;1;21.204;0,93;31,16;9,07;23,56;16,90;107,99;28,79;225,33
10054003;Bettona;Perugia;1;4.276;1,23;22,62;9,25;22,12;12,25;122,00;21,57;215,15
10054004;Bevagna;Perugia;Vedi aggregazione: VALLE UMBRA SERVIZI S.P.A.;;;;;;;;;
10054005;Campello sul Clitunno;Perugia;Vedi aggregazione: VALLE UMBRA SERVIZI S.P.A.;;;;;;;;;
10054006;Cannara;Perugia;1;4.202;13,36;35,58;75,89;15,15;11,37;36,93;18,23;211,23
10054007;Cascia;Perugia;Vedi aggregazione: VALLE UMBRA SERVIZI S.P.A.;;;;;;;;;
10054008;Castel Ritaldi;Perugia;Vedi aggregazione: VALLE UMBRA SERVIZI S.P.A.;;;;;;;;;
10054009;Castiglione del Lago;Perugia;1;15.186;7,32;37,70;76,25;24,46;16,15;35,75;22,50;233,70
10054010;Cerreto di Spoleto;Perugia;Vedi aggregazione: VALLE UMBRA SERVIZI S.P.A.;;;;;;;;;
10054011;Citerna;Perugia;1;3.409;20,04;22,45;50,27;16,40;5,48;20,51;5,11;145,24
10054012;Citta  della Pieve;Perugia;1;7.517;7,67;37,90;79,92;24,28;25,39;38,73;35,15;259,40
10054013;Citta  di Castello;Perugia;1;38.465;22,06;26,75;65,43;17,89;25,64;31,67;16,41;211,06
10054014;Collazzone;Perugia;1;3.366;26,63;27,13;67,01;15,45;15,37;27,53;18,59;201,66
10054015;Corciano;Perugia;1;21.432;7,44;36,00;78,95;24,54;11,96;37,57;37,60;244,39
10054016;Costacciaro;Perugia;1;1.112;64,91;40,65;59,93;9,17;11,08;49,51;17,99;253,24
10054017;Deruta;Perugia;1;9.439;27,55;33,44;51,47;15,55;13,02;35,56;57,88;237,80
10054018;Foligno;Perugia;Vedi aggregazione: VALLE UMBRA SERVIZI S.P.A.;;;;;;;;;
10054019;Fossato di Vico;Perugia;1;2.650;23,90;23,55;60,59;23,73;14,63;10,32;;156,73
10054020;Fratta Todina;Perugia;1;1.815;16,89;23,82;65,67;14,26;4,86;26,25;21,62;176,29
10054021;Giano dell'Umbria;Perugia;Vedi aggregazione: VALLE UMBRA SERVIZI S.P.A.;;;;;;;;;
10054022;Gualdo Cattaneo;Perugia;Vedi aggregazione: VALLE UMBRA SERVIZI S.P.A.;;;;;;;;;
10054023;Gualdo Tadino;Perugia;1;14.258;25,09;23,31;59,14;13,61;5,29;43,03;6,05;175,53
10054024;Gubbio;Perugia;1;30.604;20,97;46,37;10,82;3,66;13,57;42,87;24,76;163,02
10054025;Lisciano Niccone;Perugia;1;589;2,20;17,61;56,21;8,57;45,26;101,07;24,51;255,44
10054026;Magione;Perugia;1;14.574;7,63;37,52;79,54;24,39;15,44;38,40;31,61;237,22
10054027;Marsciano;Perugia;1;18.026;18,08;30,75;54,79;16,21;14,89;52,28;40,53;231,00
10054028;Massa Martana;Perugia;1;3.629;31,22;22,95;72,47;13,74;13,55;30,93;23,14;209,41
10054029;Monte Castello di Vibio;Perugia;1;1.433;39,59;22,31;69,04;13,35;0,34;34,37;47,64;228,07
10054032;Monte Santa Maria Tiberina;Perugia;1;1.097;20,51;32,49;44,16;7,75;2,68;52,97;3,57;168,68
10054030;Montefalco;Perugia;Vedi aggregazione: VALLE UMBRA SERVIZI S.P.A.;;;;;;;;;
10054031;Monteleone di Spoleto;Perugia;Vedi aggregazione: VALLE UMBRA SERVIZI S.P.A.;;;;;;;;;
10054033;Montone;Perugia;1;1.568;41,43;27,37;68,91;16,24;29,68;59,33;19,13;266,55
10054034;Nocera Umbra;Perugia;Vedi aggregazione: VALLE UMBRA SERVIZI S.P.A.;;;;;;;;;
10054035;Norcia;Perugia;Vedi aggregazione: VALLE UMBRA SERVIZI S.P.A.;;;;;;;;;
10054036;Paciano;Perugia;1;952;7,65;26,87;81,08;16,59;29,66;36,09;46,76;245,91
10054037;Panicale;Perugia;1;5.327;7,77;30,74;80,90;20,95;14,68;53,27;55,21;265,16
10054038;Passignano sul Trasimeno;Perugia;1;5.647;7,34;42,31;76,48;29,71;21,92;40,92;28,89;260,33
10054039;Perugia;Perugia;1;163.598;1,08;33,53;9,44;25,32;22,81;135,91;60,48;296,20
10054040;Piegaro;Perugia;1;3.379;7,84;34,12;60,55;21,65;26,15;38,90;38,79;229,69
10054041;Pietralunga;Perugia;1;1.981;31,93;27,18;59,06;15,20;37,33;49,59;19,03;243,37
10054042;Poggiodomo;Perugia;Vedi aggregazione: VALLE UMBRA SERVIZI S.P.A.;;;;;;;;;
10054043;Preci;Perugia;Vedi aggregazione: VALLE UMBRA SERVIZI S.P.A.;;;;;;;;;
10054044;San Giustino;Perugia;1;10.923;18,01;32,98;26,22;25,42;11,69;18,61;8,38;145,89
10054045;Sant'Anatolia di Narco;Perugia;Vedi aggregazione: VALLE UMBRA SERVIZI S.P.A.;;;;;;;;;
10054046;Scheggia e Pascelupo;Perugia;1;1.268;52,48;52,69;23,71;11,08;11,49;77,23;16,55;245,23
10054047;Scheggino;Perugia;Vedi aggregazione: VALLE UMBRA SERVIZI S.P.A.;;;;;;;;;
10054048;Sellano;Perugia;Vedi aggregazione: VALLE UMBRA SERVIZI S.P.A.;;;;;;;;;
10054049;Sigillo;Perugia;1;2.302;25,02;34,96;58,47;16,57;10,11;11,81;4,10;161,05
10054050;Spello;Perugia;Vedi aggregazione: VALLE UMBRA SERVIZI S.P.A.;;;;;;;;;
10054051;Spoleto - Dato aggregazione VALLE UMBRA SERVIZI S.P.A.;Perugia;22;152.454;10,65;25,50;54,44;9,92;14,95;37,86;25,38;184,68
10054052;Todi;Perugia;1;15.805;0,87;27,54;21,55;24,07;16,42;122,75;24,62;241,95
10054053;Torgiano;Perugia;1;6.659;0,87;26,41;11,04;20,66;19,88;68,82;16,43;176,16
10054054;Trevi;Perugia;Vedi aggregazione: VALLE UMBRA SERVIZI S.P.A.;;;;;;;;;
10054055;Tuoro sul Trasimeno;Perugia;1;3.735;8,53;38,38;80,64;22,59;11,62;52,15;14,96;230,73
10054056;Umbertide;Perugia;1;16.351;31,88;2,09;8,53;9,47;7,77;91,01;21,95;172,69
10054057;Valfabbrica;Perugia;1;3.224;8,22;24,68;64,46;15,71;21,38;54,76;20,26;212,06
10054058;Vallo di Nera;Perugia;Vedi aggregazione: VALLE UMBRA SERVIZI S.P.A.;;;;;;;;;
10054059;Valtopina;Perugia;Vedi aggregazione: VALLE UMBRA SERVIZI S.P.A.;;;;;;;;;
11041001;Acqualagna;Pesaro e Urbino;1;4.160;18,61;6,57;53,31;28,68;10,13;33,48;42,67;202,37
11041002;Apecchio;Pesaro e Urbino;1;1.735;27,53;9,57;78,66;36,61;11,85;32,50;15,67;214,77
11041005;Belforte all'Isauro;Pesaro e Urbino;1;749;21,26;4,20;64,75;30,69;33,60;95,30;40,82;295,59
11041006;Borgo Pace;Pesaro e Urbino;1;531;42,19;8,50;75,89;33,56;26,64;44,30;28,27;275,47
11041007;Cagli;Pesaro e Urbino;1;8.056;20,99;7,81;70,78;29,52;15,07;25,45;11,87;184,84
11041008;Cantiano;Pesaro e Urbino;1;2.004;33,87;7,71;71,72;31,10;12,18;30,35;13,79;214,33
11041009;Carpegna;Pesaro e Urbino;1;1.622;58,37;20,85;65,67;12,32;24,03;35,93;20,25;245,07
11041013;Fano;Pesaro e Urbino;1;59.835;27,10;11,12;46,64;23,68;31,00;51,83;34,13;228,22
11041014;Fermignano;Pesaro e Urbino;1;8.243;14,42;6,78;44,99;36,37;23,11;28,56;31,80;191,28
11041015;Fossombrone;Pesaro e Urbino;1;9.046;21,40;11,36;43,12;18,78;24,97;63,79;19,51;202,93
11041016;Fratte Rosa;Pesaro e Urbino;1;854;28,67;6,43;72,42;35,69;40,74;43,70;38,98;270,95
11041017;Frontino;Pesaro e Urbino;1;285;30,90;6,04;65,20;37,58;33,69;71,09;14,62;268,19
11041018;Frontone;Pesaro e Urbino;1;1.202;34,29;9,03;87,79;39,53;16,62;30,90;18,17;262,48
11041019;Gabicce Mare;Pesaro e Urbino;1;5.534;29,29;46,12;87,14;42,29;53,37;77,13;83,25;442,87
11041020;Gradara;Pesaro e Urbino;1;4.889;18,97;13,93;36,78;19,59;23,43;33,03;25,36;175,73
11041022;Lunano;Pesaro e Urbino;1;1.431;22,78;6,29;53,20;39,81;9,60;36,35;15,41;187,72
11041023;Macerata Feltria;Pesaro e Urbino;1;1.901;24,92;7,09;53,03;26,13;8,00;36,72;33,49;194,98
11041025;Mercatello sul Metauro;Pesaro e Urbino;1;1.303;29,89;7,21;71,49;31,70;8,72;35,30;22,30;216,07
11041026;Mercatino Conca;Pesaro e Urbino;1;1.008;22,59;9,17;66,13;29,09;17,31;69,51;14,99;234,02
11041027;Mombaroccio;Pesaro e Urbino;1;2.061;33,62;4,81;55,84;29,86;10,79;38,00;33,40;210,80
11041028;Mondavio;Pesaro e Urbino;1;3.643;19,73;8,34;47,95;18,82;12,65;66,56;14,13;188,45
11041029;Mondolfo;Pesaro e Urbino;1;14.296;13,36;16,26;72,36;2,06;18,48;6,26;8,27;145,20
11041031;Monte Cerignone;Pesaro e Urbino;1;617;26,09;6,64;71,53;30,62;3,85;48,52;14,17;202,34
11041035;Monte Grimano Terme;Pesaro e Urbino;1;1.066;23,93;7,35;85,87;32,05;16,44;56,94;73,63;301,86
11041038;Monte Porzio;Pesaro e Urbino;1;2.778;14,91;8,87;35,47;21,94;4,91;48,76;19,80;154,67
11041030;Montecalvo in Foglia;Pesaro e Urbino;1;2.695;18,23;4,88;61,41;29,87;4,40;51,30;48,41;229,28
11041033;Montecopiolo;Pesaro e Urbino;1;1.034;33,55;18,18;70,19;25,66;7,48;49,92;32,10;250,69
11041034;Montefelcino;Pesaro e Urbino;1;2.504;17,63;8,35;41,75;15,08;4,94;52,72;16,83;160,60
11041036;Montelabbate;Pesaro e Urbino;1;6.976;16,58;5,55;40,31;30,45;4,44;32,18;39,44;173,03
11041041;Peglio;Pesaro e Urbino;1;649;20,01;5,96;57,77;39,72;21,96;55,23;10,98;217,05
11041044;Pesaro;Pesaro e Urbino;1;95.753;20,26;16,09;55,38;25,87;23,35;38,27;27,67;214,93
11041045;Petriano;Pesaro e Urbino;1;2.739;21,94;5,90;36,85;27,77;10,65;33,39;31,27;177,39
11041047;Piandimeleto;Pesaro e Urbino;1;2.054;26,05;5,13;58,55;32,89;20,90;53,55;12,48;206,93
11041048;Pietrarubbia;Pesaro e Urbino;1;601;33,60;9,61;55,19;27,36;25,05;52,35;33,87;241,90
11041049;Piobbico;Pesaro e Urbino;1;1.802;24,83;6,72;65,92;30,17;11,96;24,07;11,74;181,45
11041054;San Lorenzo in Campo;Pesaro e Urbino;1;3.178;15,04;18,57;70,96;21,16;6,66;18,79;18,17;169,34
11041057;Sant'Angelo in Vado;Pesaro e Urbino;1;3.914;23,24;5,73;58,68;35,40;7,67;34,07;27,86;202,66
11041071;Sassocorvaro Auditore;Pesaro e Urbino;1;4.864;17,70;5,78;62,81;32,14;20,12;30,33;18,21;195,73
11041060;Sassofeltrio;Pesaro e Urbino;1;1.363;52,73;16,05;36,20;15,34;15,51;52,06;18,16;208,46
11041061;Serra Sant'Abbondio;Pesaro e Urbino;1;918;37,47;9,50;79,69;34,78;17,04;41,01;14,88;250,64
11041064;Tavoleto;Pesaro e Urbino;1;827;30,32;5,67;47,74;38,74;0,95;46,99;103,65;276,21
11041065;Tavullia;Pesaro e Urbino;1;7.867;21,79;4,91;42,11;28,34;9,00;20,52;12,20;141,94
11041070;Terre Roveresche;Pesaro e Urbino;1;5.128;73,52;11,23;6,29;10,53;3,39;30,99;8,81;144,75
11041066;Urbania;Pesaro e Urbino;1;6.853;19,54;8,05;49,48;28,66;8,93;40,63;23,32;184,25
11041067;Urbino;Pesaro e Urbino;1;13.954;28,44;12,58;71,80;32,36;43,38;26,38;33,61;262,86
11041068;Vallefoglia;Pesaro e Urbino;1;14.904;14,20;5,82;43,25;29,10;11,10;26,62;12,89;145,82
13068002;Alanno;Pescara;1;3.381;81,05;;17,48;17,70;1,85;;;118,08
13068003;Bolognano;Pescara;1;1.017;14,02;17,85;61,33;24,17;12,27;12,43;16,93;158,99
13068008;Carpineto della Nora;Pescara;1;554;79,08;19,28;;;;16,49;;114,85
13068009;Castiglione a Casauria;Pescara;Vedi aggregazione: COGESA S.P.A.;;;;;;;;;
13068010;Catignano;Pescara;1;1.235;17,33;13,46;9,42;29,44;4,92;16,40;;90,97
13068011;Cepagatti;Pescara;1;10.897;4,47;12,24;33,27;21,38;15,73;30,19;28,72;145,99
13068012;Citta  Sant'Angelo;Pescara;1;14.791;19,31;52,09;79,56;19,62;26,22;29,15;37,42;335,39
13068013;Civitaquana;Pescara;1;1.141;10,99;7,58;41,98;7,39;3,68;55,35;6,63;133,60
13068016;Corvara;Pescara;1;207;41,70;4,59;;25,92;3,38;43,96;;119,56
13068017;Cugnoli;Pescara;1;1.341;4,87;4,07;26,12;13,62;22,23;41,34;2,88;115,12
13068021;Loreto Aprutino;Pescara;1;7.123;10,61;11,48;53,89;17,81;10,90;19,05;50,33;174,07
13068023;Montebello di Bertona;Pescara;1;880;13,76;18,97;56,47;13,36;11,36;35,13;7,51;156,56
13068024;Montesilvano;Pescara;1;53.174;8,19;46,06;25,95;14,44;9,23;49,94;34,28;197,97
13068025;Moscufo;Pescara;1;3.086;15,26;;55,54;0,68;3,90;7,76;3,25;86,39
13068026;Nocciano;Pescara;1;1.705;36,63;;4,95;20,01;2,24;37,79;4,38;105,99
13068027;Penne;Pescara;1;11.325;20,19;14,08;47,39;10,47;18,53;26,30;1,08;138,04
13068028;Pescara;Pescara;1;119.406;36,37;40,17;40,75;19,80;29,67;22,41;11,70;200,91
13068030;Pianella;Pescara;1;8.501;3,93;7,92;19,68;23,19;8,03;39,49;12,85;115,09
13068032;Pietranico;Pescara;1;434;22,59;29,45;;;26,59;26,76;;105,39
13068033;Popoli;Pescara;1;4.753;12,43;16,92;104,09;31,51;38,84;40,29;35,83;381,72
13068038;San Valentino in Abruzzo Citeriore;Pescara;1;1.851;3,71;7,13;23,96;18,56;6,56;51,88;3,59;115,39
13068039;Scafa;Pescara;1;3.504;10,60;6,11;56,45;;17,99;16,65;2,50;110,31
13068041;Spoltore;Pescara;1;18.909;9,62;17,52;39,69;16,96;11,59;9,21;15,42;122,77
13068042;Tocco da Casauria;Pescara;1;2.412;11,85;16,79;53,55;24,47;21,11;13,39;4,49;145,65
13068043;Torre de' Passeri;Pescara;1;2.872;26,42;4,37;27,06;13,83;6,98;13,60;1,85;94,11
13068044;Turrivalignani;Pescara;1;788;11,83;20,79;67,18;30,66;6,23;34,65;2,55;188,00
13068046;Villa Celiera;Pescara;1;553;26,46;26,16;99,42;18,83;;18,93;12,07;201,86
08033001;Agazzano;Piacenza;1;1.973;17,82;;71,86;47,05;1,80;12,05;17,92;187,84
08033002;Alseno;Piacenza;1;4.678;19,93;;54,88;43,01;3,02;24,52;36,66;204,83
08033049;Alta Val Tidone;Piacenza;1;2.898;26,68;;67,08;49,46;14,27;36,62;19,79;235,72
08033003;Besenzone;Piacenza;1;937;17,17;;45,48;32,35;0,97;29,13;12,95;153,05
08033004;Bettola;Piacenza;1;2.594;34,60;;43,34;40,80;1,25;32,04;18,08;187,19
08033005;Bobbio;Piacenza;1;3.397;24,40;;73,12;46,72;14,53;29,15;20,26;238,67
08033006;Borgonovo Val Tidone;Piacenza;1;7.996;17,48;;47,82;34,32;9,47;21,77;29,70;188,84
08033007;Cadeo;Piacenza;1;5.970;20,07;;62,84;45,21;2,05;19,73;27,21;197,95
08033008;Calendasco;Piacenza;1;2.404;17,48;;52,98;38,33;;26,97;17,00;174,74
08033010;Caorso;Piacenza;1;4.689;17,62;;60,22;40,57;0,92;21,99;15,52;174,90
08033011;Carpaneto Piacentino;Piacenza;1;7.614;17,12;;56,50;38,46;9,18;27,15;21,76;189,49
08033013;Castel San Giovanni;Piacenza;1;14.066;18,60;;59,52;54,04;18,08;14,63;21,67;212,61
08033012;Castell'Arquato;Piacenza;1;4.570;16,75;;63,59;44,56;2,48;43,30;15,83;229,80
08033014;Castelvetro Piacentino;Piacenza;1;5.235;25,00;;62,24;44,97;1,21;11,39;21,84;204,46
08033015;Cerignale;Piacenza;1;117;258,69;;58,38;53,28;;53,29;10,97;453,38
08033016;Coli;Piacenza;1;823;;;13,53;45,37;;129,45;16,50;219,07
08033017;Corte Brugnatella;Piacenza;1;532;118,01;;8,62;50,45;5,71;81,01;13,74;298,05
08033018;Cortemaggiore;Piacenza;1;4.658;19,55;;51,55;34,69;6,48;20,57;31,52;194,21
08033019;Farini;Piacenza;1;1.068;57,34;;22,19;55,21;;117,29;36,49;325,64
08033020;Ferriere;Piacenza;1;1.115;65,35;;34,46;63,60;13,61;187,92;13,75;403,53
08033021;Fiorenzuola d'Arda;Piacenza;1;14.862;18,44;;58,16;44,96;23,12;28,98;22,74;219,88
08033022;Gazzola;Piacenza;1;2.096;17,41;;77,50;59,38;1,78;33,20;41,26;308,16
08033023;Gossolengo;Piacenza;1;5.705;18,29;;51,40;34,82;2,88;20,52;25,59;171,27
08033024;Gragnano Trebbiense;Piacenza;1;4.529;18,03;;51,63;39,03;1,67;23,78;19,78;171,39
08033025;Gropparello;Piacenza;1;2.110;22,26;;41,41;34,17;3,86;35,52;20,36;174,49
08033026;Lugagnano Val d'Arda;Piacenza;1;3.872;18,52;;47,35;38,79;9,74;35,89;20,67;188,02
08033027;Monticelli d'Ongina;Piacenza;1;5.075;18,05;;53,51;39,73;4,79;27,83;23,69;183,67
08033028;Morfasso;Piacenza;1;875;45,18;;34,87;50,60;;86,63;19,67;261,79
08033030;Ottone;Piacenza;1;443;58,53;;59,74;64,63;39,02;56,94;19,49;327,22
08033032;Piacenza;Piacenza;1;102.902;21,45;;58,26;51,91;34,19;25,62;39,99;263,86
08033033;Pianello Val Tidone;Piacenza;1;2.170;20,55;;66,05;51,28;12,79;33,64;17,11;222,41
08033034;Piozzano;Piacenza;1;580;27,03;;25,63;45,52;23,56;31,58;11,22;203,84
08033035;Podenzano;Piacenza;1;9.090;18,61;;58,51;41,30;10,68;16,15;21,59;196,14
08033036;Ponte dell'Olio;Piacenza;1;4.601;20,31;;57,73;44,72;3,69;27,44;19,77;197,60
08033037;Pontenure;Piacenza;1;6.529;17,65;;53,12;39,45;;25,15;22,65;173,86
08033038;Rivergaro;Piacenza;1;7.014;21,55;;65,22;59,85;11,31;22,98;28,14;233,19
08033039;Rottofreno;Piacenza;1;12.223;17,97;;52,83;35,66;2,08;18,51;21,44;164,50
08033040;San Giorgio Piacentino;Piacenza;1;5.599;18,85;;59,90;42,32;1,95;15,51;21,19;184,77
08033041;San Pietro in Cerro;Piacenza;1;792;19,33;;42,06;21,65;;31,45;11,85;139,37
08033042;Sarmato;Piacenza;1;2.939;16,90;;56,37;35,40;3,07;12,89;31,09;179,50
08033043;Travo;Piacenza;1;2.154;22,02;;55,90;51,84;;27,29;27,50;203,98
08033044;Vernasca;Piacenza;1;2.001;31,20;;17,51;36,71;;53,31;17,04;171,61
08033045;Vigolzone;Piacenza;1;4.197;20,32;;65,61;46,96;3,21;23,69;24,04;203,60
08033046;Villanova sull'Arda;Piacenza;1;1.685;16,00;;47,08;34,84;7,45;24,52;22,61;170,25
08033047;Zerba;Piacenza;1;70;;;;63,47;;673,76;6,96;745,56
08033048;Ziano Piacentino;Piacenza;1;2.442;19,09;;54,95;39,06;2,10;16,41;21,43;169,12
09050001;Bientina;Pisa;1;8.528;13,38;20,13;61,97;44,79;17,90;28,21;40,33;235,59
09050002;Buti;Pisa;1;5.542;15,72;18,69;72,56;38,07;8,02;26,66;20,42;200,15
09050003;Calci;Pisa;1;6.293;15,30;31,41;46,36;47,45;1,59;21,42;13,69;177,21
09050004;Calcinaia;Pisa;1;12.697;11,89;14,02;47,76;40,49;10,34;12,95;12,57;150,02
09050005;Capannoli;Pisa;1;6.408;7,57;14,45;38,65;27,69;17,62;18,50;4,78;143,32
09050006;Casale Marittimo;Pisa;1;1.058;46,30;14,93;17,59;22,59;18,90;53,52;18,20;272,39
09050040;Casciana Terme Lari;Pisa;1;12.129;16,41;21,85;96,36;47,37;21,89;16,34;17,92;241,01
09050008;Cascina;Pisa;1;44.775;9,18;18,99;52,61;37,56;7,73;19,15;9,56;155,81
09050009;Castelfranco di Sotto;Pisa;1;13.426;13,42;28,68;58,14;40,86;17,27;13,32;5,95;193,88
09050010;Castellina Marittima;Pisa;1;1.838;51,44;82,28;19,27;32,50;0,32;44,85;14,46;244,50
09050011;Castelnuovo di Val di Cecina;Pisa;1;2.106;23,23;37,68;39,56;10,74;33,08;36,64;7,40;212,12
09050012;Chianni;Pisa;1;1.296;47,60;75,17;13,69;6,34;18,58;9,18;19,81;236,48
09050041;Crespina Lorenzana;Pisa;1;5.445;34,13;87,95;32,88;27,05;22,93;36,92;8,52;281,47
09050014;Fauglia;Pisa;1;3.660;14,56;31,44;80,69;35,58;20,14;24,81;9,86;217,08
09050015;Guardistallo;Pisa;1;1.162;45,82;13,25;33,67;20,88;17,21;60,86;37,31;316,68
09050016;Lajatico;Pisa;1;1.282;41,44;67,11;20,00;9,23;23,87;7,80;0,53;169,98
09050019;Montecatini Val di Cecina;Pisa;1;1.665;100,32;65,63;27,89;4,69;27,14;52,06;9,09;288,16
09050020;Montescudaio;Pisa;1;2.164;24,39;63,88;45,50;23,14;28,91;33,75;12,46;306,25
09050021;Monteverdi Marittimo;Pisa;1;746;59,21;54,71;60,52;12,58;44,32;13,29;2,79;284,63
09050022;Montopoli in Val d'Arno;Pisa;1;11.080;12,87;27,72;46,70;32,52;16,45;20,05;1,66;174,88
09050023;Orciano Pisano;Pisa;1;633;24,91;14,98;22,67;17,49;;23,25;3,66;192,85
09050024;Palaia;Pisa;1;4.521;13,31;21,81;68,60;38,88;18,19;14,69;27,04;227,22
09050026;Pisa;Pisa;1;89.828;19,81;64,19;103,09;50,39;47,87;35,53;28,32;353,68
09050027;Pomarance;Pisa;1;5.402;21,83;12,50;131,16;21,94;27,70;40,81;5,96;273,45
09050028;Ponsacco;Pisa;1;15.501;10,52;19,47;43,72;38,97;10,76;16,68;10,95;154,73
09050029;Pontedera;Pisa;1;29.288;17,51;31,91;59,29;41,13;31,74;18,29;25,75;230,23
09050030;Riparbella;Pisa;1;1.563;30,46;11,74;65,87;26,49;12,51;36,93;46,88;254,67
09050031;San Giuliano Terme;Pisa;1;30.805;13,79;29,04;59,96;44,59;10,07;20,21;11,91;190,25
09050032;San Miniato;Pisa;1;27.711;13,27;27,57;64,60;41,59;8,09;21,75;35,85;215,03
09050033;Santa Croce sull'Arno;Pisa;1;14.557;14,56;24,86;54,10;40,30;13,31;17,71;8,75;181,80
09050034;Santa Luce;Pisa;1;1.623;112,14;67,78;;;12,94;9,54;;202,39
09050036;Terricciola;Pisa;1;4.436;22,95;62,31;15,91;16,10;16,23;5,01;0,38;177,00
09050037;Vecchiano;Pisa;1;11.882;19,63;33,76;70,54;46,07;10,09;15,61;11,27;207,40
09050038;Vicopisano;Pisa;1;8.537;18,01;26,24;68,89;41,61;12,87;25,37;39,46;233,62
09050039;Volterra;Pisa;1;9.712;15,24;17,51;94,97;28,49;37,86;45,51;16,34;260,40
09047023;Abetone Cutigliano;Pistoia;1;1.914;29,72;110,54;52,24;5,98;59,90;80,11;56,83;395,32
09047002;Agliana;Pistoia;1;17.976;17,04;28,54;62,66;19,66;9,33;25,97;23,76;186,96
09047003;Buggiano;Pistoia;1;8.707;19,77;9,18;84,89;23,28;8,89;19,21;21,54;186,76
09047022;Chiesina Uzzanese;Pistoia;1;4.454;19,23;12,90;83,62;23,83;14,91;26,70;26,71;241,49
09047005;Lamporecchio;Pistoia;1;7.372;17,70;17,98;78,22;26,34;14,46;22,91;16,18;212,54
09047006;Larciano;Pistoia;1;6.279;16,94;21,40;73,64;25,12;12,01;22,09;44,50;235,15
09047007;Marliana;Pistoia;1;3.124;13,54;59,18;23,79;14,37;21,32;57,53;19,31;214,64
09047008;Massa e Cozzile;Pistoia;1;7.663;18,12;13,90;77,91;25,41;11,21;27,58;21,15;195,30
09047009;Monsummano Terme;Pistoia;1;20.805;15,60;9,87;67,90;25,32;17,25;23,95;24,91;227,27
09047010;Montale;Pistoia;1;10.587;18,39;32,16;65,06;24,46;10,38;27,36;15,93;193,72
09047011;Montecatini-Terme;Pistoia;1;20.558;34,03;80,51;67,46;15,39;34,94;49,05;42,87;355,88
09047012;Pescia;Pistoia;1;19.196;40,57;44,77;46,22;27,50;18,14;33,96;54,01;300,75
09047013;Pieve a Nievole;Pistoia;1;9.143;20,21;9,55;88,10;26,36;9,47;26,19;15,08;239,82
09047014;Pistoia;Pistoia;1;89.501;24,24;66,32;45,36;19,95;21,36;29,18;28,61;285,85
09047016;Ponte Buggianese;Pistoia;1;8.781;17,21;10,55;73,59;24,66;7,99;16,88;18,16;169,04
09047017;Quarrata;Pistoia;1;26.852;17,75;30,06;65,96;22,35;7,43;29,03;25,47;198,05
09047018;Sambuca Pistoiese;Pistoia;1;1.412;12,34;68,44;32,19;11,27;9,81;82,96;24,95;289,78
09047024;San Marcello Piteglio;Pistoia;1;7.640;17,73;50,17;33,56;12,67;21,95;37,61;32,66;217,59
09047020;Serravalle Pistoiese;Pistoia;1;11.695;15,50;16,61;67,22;22,94;9,74;23,06;32,19;228,78
09047021;Uzzano;Pistoia;1;5.597;17,83;9,06;77,50;20,88;9,96;25,76;21,11;182,11
06093001;Andreis;Pordenone;1;242;15,77;10,10;54,00;10,71;;24,16;16,04;135,10
06093002;Arba;Pordenone;1;1.276;7,24;17,66;27,28;15,62;6,66;49,27;26,16;149,90
06093004;Aviano;Pordenone;1;8.866;14,31;11,87;55,75;22,53;3,11;14,19;24,31;168,41
06093005;Azzano Decimo;Pordenone;1;15.688;4,89;14,57;18,43;16,48;1,72;35,15;23,44;115,63
06093006;Barcis;Pordenone;1;224;36,79;26,70;91,92;32,34;;46,27;32,36;268,10
06093007;Brugnera;Pordenone;1;9.255;6,01;16,28;22,63;17,90;3,12;44,34;21,70;136,21
06093008;Budoia;Pordenone;1;2.495;18,52;9,69;45,15;17,49;0,91;9,08;15,49;119,86
06093009;Caneva;Pordenone;1;6.319;5,16;12,09;21,77;7,67;14,72;10,67;3,31;75,38
06093010;Casarsa della Delizia;Pordenone;1;8.218;5,29;13,08;20,02;17,18;3,83;37,16;25,90;122,87
06093011;Castelnovo del Friuli;Pordenone;1;827;5,26;15,09;19,81;10,45;;35,49;28,89;114,99
06093012;Cavasso Nuovo;Pordenone;1;1.497;7,71;8,83;31,05;15,87;0,25;10,25;17,12;99,12
06093013;Chions;Pordenone;1;5.082;5,43;9,98;20,44;15,39;4,51;41,59;19,60;117,98
06093014;Cimolais;Pordenone;1;343;17,32;15,96;55,75;20,74;;13,01;19,82;164,48
06093015;Claut;Pordenone;1;879;12,20;9,37;48,29;22,54;0,52;25,21;16,85;151,70
06093016;Clauzetto;Pordenone;1;370;21,08;16,39;67,96;17,85;;33,18;21,95;190,70
06093017;Cordenons;Pordenone;1;17.856;8,43;9,81;27,98;25,32;5,36;12,09;10,20;99,19
06093018;Cordovado;Pordenone;1;2.722;6,52;11,94;24,55;17,37;7,59;46,93;23,54;142,66
06093019;Erto e Casso;Pordenone;1;372;11,78;13,27;49,12;31,06;5,93;16,04;20,97;170,37
06093020;Fanna;Pordenone;1;1.477;8,09;6,24;37,15;18,59;0,12;18,04;14,37;121,68
06093021;Fiume Veneto;Pordenone;1;11.759;5,16;15,27;19,43;17,06;4,97;39,30;22,74;126,75
06093022;Fontanafredda;Pordenone;1;12.763;5,89;13,34;22,18;14,62;0,98;40,74;21,27;119,49
06093024;Frisanco;Pordenone;1;557;13,13;8,00;48,79;6,87;;12,01;13,76;111,72
06093025;Maniago;Pordenone;1;11.571;9,73;10,85;49,94;19,71;5,88;6,91;20,81;136,78
06093026;Meduno;Pordenone;1;1.512;4,36;9,28;16,13;4,89;;13,62;6,98;56,15
06093027;Montereale Valcellina;Pordenone;1;4.326;6,38;9,51;38,07;11,60;6,81;9,63;9,13;91,12
06093028;Morsano al Tagliamento;Pordenone;1;2.679;6,35;20,89;23,90;16,59;5,04;47,42;22,92;153,11
06093029;Pasiano di Pordenone;Pordenone;1;7.789;5,71;12,21;21,50;14,06;1,78;39,97;49,57;145,25
06093030;Pinzano al Tagliamento;Pordenone;1;1.494;5,44;13,55;20,50;14,04;;37,12;19,66;110,68
06093031;Polcenigo;Pordenone;1;3.124;6,98;23,59;26,30;20,82;3,79;61,23;25,22;192,71
06093032;Porcia;Pordenone;1;14.992;5,65;12,31;21,27;19,40;0,43;35,39;20,40;116,13
06093033;Pordenone;Pordenone;1;51.818;14,33;10,77;34,98;19,93;15,80;26,34;24,80;146,95
06093034;Prata di Pordenone;Pordenone;1;8.416;7,21;8,65;28,47;32,06;1,27;5,45;9,07;92,18
06093035;Pravisdomini;Pordenone;1;3.376;5,20;12,08;19,59;15,41;2,39;37,89;18,79;111,82
06093036;Roveredo in Piano;Pordenone;1;5.876;5,31;9,71;36,73;24,43;5,09;14,73;9,93;109,05
06093037;Sacile;Pordenone;1;19.982;6,74;16,72;25,38;17,10;4,82;42,14;30,02;143,86
06093038;San Giorgio della Richinvelda;Pordenone;1;4.736;4,45;15,71;16,77;13,94;1,64;27,30;16,09;96,31
06093039;San Martino al Tagliamento;Pordenone;1;1.432;6,47;12,30;24,38;17,83;1,13;46,88;23,38;139,93
06093040;San Quirino;Pordenone;1;4.212;7,28;8,37;25,15;12,14;3,46;10,47;7,82;120,07
06093042;Sequals;Pordenone;1;2.154;4,47;12,57;32,62;21,21;4,83;15,93;19,95;127,24
06093043;Sesto al Reghena;Pordenone;1;6.293;4,72;9,44;17,78;15,29;2,25;42,16;17,05;109,18
06093044;Spilimbergo;Pordenone;1;11.867;5,97;18,54;22,50;19,40;8,62;40,79;21,60;138,26
06093045;Tramonti di Sopra;Pordenone;1;271;16,80;16,73;47,67;10,71;;16,59;17,02;128,38
06093046;Tramonti di Sotto;Pordenone;1;338;17,63;13,90;78,77;21,86;;16,03;24,40;193,82
06093047;Travesio;Pordenone;1;1.776;4,97;6,86;25,06;7,25;;10,07;8,75;70,25
06093052;Vajont;Pordenone;1;1.678;7,24;5,80;33,21;16,75;;5,88;11,62;92,14
06093053;Valvasone Arzene;Pordenone;1;3.901;6,09;15,22;22,92;17,41;3,72;42,82;27,19;135,91
06093049;Vito d'Asio;Pordenone;1;712;13,17;10,54;48,71;12,80;;14,26;15,43;116,55
06093050;Vivaro;Pordenone;1;1.295;8,38;8,94;38,34;17,29;0,78;6,49;13,82;100,10
06093051;Zoppola;Pordenone;1;8.350;6,28;16,46;23,64;17,61;2,40;43,80;24,06;135,31
17076002;Acerenza - Dato aggregazione Unione comuni Alto Bradano;Potenza;12;37.750;60,65;11,60;64,35;6,65;4,78;;;148,02
17076004;Anzi;Potenza;1;1.555;20,41;53,74;11,89;1,02;;6,79;3,33;97,19
17076006;Atella;Potenza;1;3.679;;67,22;46,21;4,26;22,06;2,77;9,87;152,40
17076007;Avigliano;Potenza;1;10.708;45,62;56,50;26,68;3,81;2,67;16,65;6,51;165,51
17076008;Balvano;Potenza;1;1.726;10,28;21,23;35,75;10,92;11,60;21,45;9,78;121,01
17076009;Banzi;Potenza;Vedi aggregazione: Unione comuni Alto Bradano;;;;;;;;;
17076010;Baragiano;Potenza;1;2.516;7,99;19,31;33,10;16,44;13,90;9,51;1,66;101,91
17076011;Barile;Potenza;1;2.607;23,61;8,25;17,71;33,02;19,23;79,36;17,97;199,15
17076012;Bella;Potenza;1;4.711;12,20;17,98;39,73;13,69;0,77;29,33;8,27;121,96
17076014;Brindisi Montagna;Potenza;1;811;17,84;97,28;12,36;3,51;19,90;33,21;;260,66
17076015;Calvello;Potenza;1;1.749;14,52;30,26;77,80;34,17;25,97;33,06;26,79;242,56
17076018;Cancellara;Potenza;Vedi aggregazione: Unione comuni Alto Bradano;;;;;;;;;
17076021;Castelgrande;Potenza;1;810;52,85;39,49;43,11;;52,41;14,20;;202,05
17076022;Castelluccio Inferiore;Potenza;1;1.934;22,43;37,49;37,38;;14,95;15,48;1,03;128,75
17076025;Castelsaraceno;Potenza;1;1.196;26,50;14,17;88,29;25,03;8,23;29,48;5,88;197,58
17076026;Castronuovo di Sant'Andrea;Potenza;1;928;37,72;37,72;;;10,14;50,19;20,48;156,24
17076027;Cersosimo;Potenza;1;539;11,11;19,91;77,50;14,25;7,96;8,98;;139,71
17076028;Chiaromonte;Potenza;1;1.743;11,55;34,27;11,56;24,09;13,61;4,87;;99,97
17076029;Corleto Perticara;Potenza;1;2.319;19,40;10,24;4,31;20,80;38,62;36,65;;133,98
17076030;Episcopia;Potenza;1;1.273;22,31;22,67;11,34;13,77;6,59;39,61;;116,30
17076033;Forenza;Potenza;Vedi aggregazione: Unione comuni Alto Bradano;;;;;;;;;
17076034;Francavilla in Sinni;Potenza;1;3.965;77,82;27,24;;;;8,05;9,77;122,88
17076036;Genzano di Lucania;Potenza;Vedi aggregazione: Unione comuni Alto Bradano;;;;;;;;;
17076099;Ginestra;Potenza;1;708;12,82;32,31;15,11;9,11;3,56;61,74;;134,64
17076037;Grumento Nova;Potenza;1;1.559;25,53;17,02;59,58;39,72;;;80,16;222,01
17076039;Lagonegro;Potenza;1;5.127;;29,20;117,85;;;6,24;;153,29
17076040;Latronico;Potenza;1;4.104;15,91;12,58;75,82;25,37;3,75;4,90;18,06;156,40
17076041;Laurenzana;Potenza;1;1.606;37,39;34,45;14,40;13,28;5,18;4,61;4,37;121,27
17076042;Lauria;Potenza;1;11.993;81,32;;44,23;11,83;15,60;7,26;13,95;174,19
17076043;Lavello;Potenza;1;12.996;20,56;26,41;49,93;26,66;11,75;14,98;30,02;180,32
17076045;Marsico Nuovo;Potenza;1;3.839;16,70;25,04;24,58;;3,83;24,66;1,83;97,33
17076046;Marsicovetere;Potenza;1;5.545;80,43;35,54;;;11,06;4,64;;131,66
17076047;Maschito;Potenza;Vedi aggregazione: Unione comuni Alto Bradano;;;;;;;;;
17076048;Melfi;Potenza;1;17.108;19,05;21,67;39,35;32,51;30,87;35,50;40,99;223,39
17076049;Missanello;Potenza;1;480;21,97;54,78;12,03;;0,42;63,01;;152,21
17076051;Montemilone;Potenza;Vedi aggregazione: Unione comuni Alto Bradano;;;;;;;;;
17076053;Muro Lucano;Potenza;1;4.910;18,81;12,73;40,74;11,94;12,13;20,33;;116,68
17076056;Oppido Lucano;Potenza;Vedi aggregazione: Unione comuni Alto Bradano;;;;;;;;;
17076057;Palazzo San Gervasio;Potenza;Vedi aggregazione: Unione comuni Alto Bradano;;;;;;;;;
17076100;Paterno;Potenza;1;3.036;46,77;30,93;0,93;5,76;;20,11;;104,49
17076058;Pescopagano;Potenza;1;1.689;50,21;58,90;9,70;;3,43;29,24;5,14;156,64
17076060;Pietragalla;Potenza;1;3.858;23,78;26,50;37,36;15,66;6,79;34,97;2,84;147,91
17076063;Potenza;Potenza;1;64.786;53,21;36,01;75,69;6,01;16,39;32,68;9,61;231,37
17076064;Rapolla;Potenza;1;4.154;9,60;4,51;22,23;0,99;38,36;62,74;13,60;152,04
17076065;Rapone;Potenza;1;877;12,45;44,47;;;9,41;43,13;;109,46
17076066;Rionero in Vulture;Potenza;1;12.620;11,89;22,11;48,34;27,34;22,98;5,20;6,52;144,37
17076067;Ripacandida;Potenza;1;1.586;50,26;53,91;8,41;0,79;32,12;55,51;30,66;231,66
17076069;Roccanova;Potenza;1;1.311;63,50;48,67;;;2,68;10,96;20,86;146,67
17076070;Rotonda;Potenza;1;3.227;26,16;45,34;14,41;0,99;6,95;18,21;18,34;130,39
17076071;Ruoti;Potenza;1;3.322;11,28;32,62;23,16;1,05;;7,55;2,45;78,11
17076072;Ruvo del Monte;Potenza;1;964;30,90;29,73;45,15;;;;;105,78
17076073;San Chirico Nuovo;Potenza;Vedi aggregazione: Unione comuni Alto Bradano;;;;;;;;;
17076074;San Chirico Raparo;Potenza;1;946;11,55;37,43;11,29;2,67;0,15;66,99;3,47;133,54
17076075;San Costantino Albanese;Potenza;1;621;15,99;87,25;23,53;;9,42;1,71;;137,91
17076076;San Fele;Potenza;1;2.615;209,76;;;;;8,65;3,69;222,10
17076077;San Martino d'Agri;Potenza;1;687;74,96;55,74;;3,98;5,82;3,78;;163,31
17076020;San Paolo Albanese;Potenza;1;219;36,53;40,20;25,11;;9,13;36,52;;147,49
17076078;San Severino Lucano;Potenza;1;1.398;46,33;55,66;22,34;6,48;2,54;58,70;;192,05
17076079;Sant'Angelo Le Fratte;Potenza;1;1.316;17,52;34,31;4,53;30,11;4,56;19,21;29,40;143,72
17076080;Sant'Arcangelo;Potenza;1;5.996;23,51;30,64;24,22;;23,51;2,65;;108,03
17076082;Sasso di Castalda;Potenza;1;745;30,54;60,43;;;1,64;44,97;;137,57
17076083;Satriano di Lucania;Potenza;1;2.242;53,29;20,47;53,30;;7,86;18,55;;153,46
17076084;Savoia di Lucania;Potenza;1;1.012;14,05;55,54;6,92;;;46,03;;122,54
17076090;Tolve;Potenza;Vedi aggregazione: Unione comuni Alto Bradano;;;;;;;;;
17076092;Trecchina;Potenza;1;2.149;12,53;33,57;60,67;13,41;8,63;23,89;2,54;155,24
17076094;Vaglio Basilicata;Potenza;1;1.871;27,69;76,58;31,11;8,50;2,67;6,80;;153,35
17076095;Venosa;Potenza;Vedi aggregazione: Unione comuni Alto Bradano;;;;;;;;;
09100001;Cantagallo;Prato;1;3.089;14,54;28,57;68,76;18,31;3,79;28,99;25,42;212,85
09100003;Montemurlo;Prato;1;19.496;16,24;28,92;69,45;26,33;20,18;29,23;49,29;239,64
09100004;Poggio a Caiano;Prato;1;10.115;14,09;18,67;63,37;29,60;16,28;24,83;14,19;183,57
09100005;Prato;Prato;1;200.762;12,22;26,62;56,27;28,67;27,00;23,91;43,21;217,89
09100006;Vaiano;Prato;1;9.949;12,52;25,95;61,33;21,41;13,02;26,46;29,06;214,05
09100007;Vernio;Prato;1;6.034;14,15;23,04;67,78;16,95;10,09;25,03;21,23;194,14
19088001;Acate;Ragusa;1;10.544;19,04;18,54;70,57;3,46;9,93;17,39;21,15;160,08
19088003;Comiso;Ragusa;1;29.837;17,90;24,90;39,36;19,02;30,28;23,38;16,77;171,60
19088004;Giarratana;Ragusa;1;2.797;25,59;15,71;107,42;20,10;45,23;22,72;;236,76
19088005;Ispica;Ragusa;1;16.033;37,69;47,14;68,55;15,18;39,92;3,81;;212,30
19088007;Monterosso Almo;Ragusa;1;2.823;9,86;9,08;106,86;20,91;47,68;9,08;;203,46
19088008;Pozzallo;Ragusa;1;18.914;19,02;17,27;36,10;26,28;38,17;34,35;3,95;176,70
19088009;Ragusa;Ragusa;1;72.690;15,74;54,81;47,41;;21,27;44,43;46,73;230,38
19088010;Santa Croce Camerina;Ragusa;1;10.944;24,26;31,23;60,65;22,81;36,39;62,06;18,13;255,54
19088012;Vittoria;Ragusa;1;62.332;40,70;20,37;16,58;23,26;45,64;24,30;1,84;172,69
08039001;Alfonsine;Ravenna;1;11.526;28,87;35,98;80,59;28,88;13,42;14,06;25,73;229,18
08039002;Bagnacavallo;Ravenna;1;16.349;23,30;35,65;70,59;23,31;11,70;15,54;21,00;202,63
08039003;Bagnara di Romagna;Ravenna;1;2.406;29,22;37,62;59,67;29,24;25,99;13,54;20,82;217,74
08039004;Brisighella;Ravenna;1;7.204;26,70;30,98;30,68;26,71;18,92;22,20;29,59;189,27
08039005;Casola Valsenio;Ravenna;1;2.534;25,93;34,34;45,34;25,94;36,12;24,96;26,90;219,53
08039006;Castel Bolognese;Ravenna;1;9.572;25,91;33,15;41,51;25,92;15,05;17,23;19,62;181,01
08039007;Cervia;Ravenna;1;28.829;61,79;59,03;85,37;61,81;65,43;28,41;64,02;425,87
08039008;Conselice;Ravenna;1;9.471;27,48;39,02;72,20;27,49;14,14;16,44;21,69;220,10
08039009;Cotignola;Ravenna;1;7.365;33,97;41,54;74,68;33,98;19,35;15,56;22,58;243,48
08039010;Faenza;Ravenna;1;59.055;22,36;39,17;63,34;22,37;22,32;20,75;19,88;211,04
08039011;Fusignano;Ravenna;1;8.030;19,61;37,94;57,04;19,62;14,04;16,98;21,29;188,05
08039012;Lugo;Ravenna;1;31.918;26,19;38,08;70,75;26,20;20,66;16,06;23,88;223,53
08039013;Massa Lombarda;Ravenna;1;10.554;20,36;36,84;65,59;20,36;14,81;16,31;21,75;197,61
08039014;Ravenna;Ravenna;1;156.080;21,14;36,08;60,39;21,15;27,81;17,19;25,53;209,29
08039015;Riolo Terme;Ravenna;1;5.745;18,68;29,39;46,22;18,68;21,97;22,91;31,20;189,04
08039016;Russi;Ravenna;1;12.099;24,63;39,50;52,38;24,63;12,02;24,56;16,99;194,71
08039017;Sant'Agata sul Santerno;Ravenna;1;2.860;32,84;39,93;72,88;32,85;25,81;15,72;28,56;250,38
08039018;Solarolo;Ravenna;1;4.410;21,33;38,67;35,37;21,34;21,99;23,38;19,59;181,67
18080001;Africo;Reggio di Calabria;1;2.748;;44,76;82,11;;2,88;;;129,75
18080002;Agnana Calabra;Reggio di Calabria;1;471;57,28;67,94;6,58;;9,48;41,77;;183,05
18080005;Ardore;Reggio di Calabria;1;4.775;9,93;10,35;49,63;13,34;;24,69;;107,93
18080007;Bagnara Calabra;Reggio di Calabria;1;9.378;62,38;56,52;11,73;;;16,87;;147,50
18080008;Benestare;Reggio di Calabria;1;2.458;14,00;45,40;4,94;50,18;13,29;36,31;2,70;166,82
18080009;Bianco;Reggio di Calabria;1;4.168;63,32;65,53;;;13,89;3,58;6,00;152,33
18080010;Bivongi;Reggio di Calabria;1;1.167;18,41;81,15;15,47;;0,55;14,47;24,58;154,63
18080011;Bova;Reggio di Calabria;1;398;12,50;30,92;39,20;;6,46;29,35;4,57;122,99
18080012;Bovalino;Reggio di Calabria;1;8.662;8,76;67,55;42,95;14,48;2,36;15,61;5,89;157,60
18080016;Calanna;Reggio di Calabria;1;782;34,58;44,89;69,15;;;131,97;;280,59
18080018;Campo Calabro;Reggio di Calabria;1;4.440;19,81;21,62;36,38;5,63;5,52;15,47;10,05;114,49
18080019;Candidoni;Reggio di Calabria;1;413;1,21;46,73;1,21;1,21;;12,74;;63,11
18080020;Canolo;Reggio di Calabria;1;701;41,07;75,07;;;11,07;47,20;55,16;229,57
18080021;Caraffa del Bianco;Reggio di Calabria;1;454;15,83;57,44;13,43;;;32,26;15,31;134,28
18080022;Cardeto;Reggio di Calabria;1;1.325;68,31;69,92;;;;9,06;4,66;151,96
18080027;Cinquefrondi;Reggio di Calabria;1;6.213;14,12;38,82;;42,28;21,03;5,83;;122,06
18080028;Cittanova;Reggio di Calabria;1;9.782;;59,69;19,33;;16,00;18,38;2,24;115,65
18080030;Cosoleto;Reggio di Calabria;1;796;30,00;25,99;95,84;11,87;35,00;5,83;;204,54
18080031;Delianuova;Reggio di Calabria;1;3.110;8,65;50,84;34,59;;22,11;14,14;0,28;130,60
18080032;Feroleto della Chiesa;Reggio di Calabria;1;1.496;61,77;;16,42;;;;1,10;79,29
18080035;Galatro;Reggio di Calabria;1;1.408;8,18;35,16;64,59;;11,91;6,30;;126,14
18080036;Gerace;Reggio di Calabria;1;2.391;12,81;30,76;33,18;;5,08;17,31;;99,15
18080038;Gioia Tauro;Reggio di Calabria;1;19.089;0,30;92,10;2,09;;;11,56;48,68;154,73
18080039;Gioiosa Ionica;Reggio di Calabria;1;6.712;19,17;39,05;;19,87;16,59;17,88;6,90;119,45
18080042;Laureana di Borrello;Reggio di Calabria;1;4.652;38,63;38,60;48,44;4,39;23,42;5,59;;159,07
18080043;Locri;Reggio di Calabria;1;11.810;32,53;71,47;22,25;;40,63;14,91;1,85;183,64
18080044;Mammola;Reggio di Calabria;1;2.462;10,63;62,10;18,52;;0,86;43,35;11,17;153,41
18080046;Maropati;Reggio di Calabria;1;1.378;27,12;19,31;46,29;;0,73;20,63;6,08;120,16
18080048;Melicucca;Reggio di Calabria;1;855;89,96;36,69;;;1,78;8,21;;136,64
18080050;Melito di Porto Salvo;Reggio di Calabria;1;10.553;34,22;36,31;69,48;;15,36;9,65;;165,03
18080051;Molochio;Reggio di Calabria;1;2.241;7,90;42,59;43,78;;;3,67;18,73;116,68
18080053;Montebello Ionico;Reggio di Calabria;1;5.609;54,96;41,59;32,92;;4,60;25,75;5,46;165,29
18080055;Oppido Mamertina;Reggio di Calabria;1;4.831;7,92;35,54;26,38;2,99;5,12;45,12;25,14;148,21
18080056;Palizzi;Reggio di Calabria;1;2.015;17,43;82,94;5,70;;;74,52;;180,59
18080061;Polistena;Reggio di Calabria;1;9.924;15,94;62,76;38,41;2,80;5,93;6,89;1,01;133,74
18080063;Reggio di Calabria;Reggio di Calabria;1;171.800;16,50;47,95;55,37;17,71;36,11;34,77;96,45;304,87
18080067;Roccella Ionica;Reggio di Calabria;1;6.074;19,67;24,37;31,28;37,87;4,28;;;117,47
18080068;Roghudi;Reggio di Calabria;1;943;11,26;27,62;37,71;10,19;;33,74;3,90;124,42
18080097;San Ferdinando;Reggio di Calabria;1;4.420;28,85;;25,96;118,27;;0,73;;173,81
18080071;San Giorgio Morgeto;Reggio di Calabria;1;2.948;36,65;45,12;17,10;;16,63;8,90;;124,41
18080075;San Pietro di Carida;Reggio di Calabria;1;1.008;13,29;46,37;66,17;2,87;15,27;10,28;;154,25
18080077;San Roberto;Reggio di Calabria;1;1.529;77,92;29,08;38,31;;3,64;27,80;;176,75
18080078;Santa Cristina d'Aspromonte;Reggio di Calabria;1;771;26,46;25,82;110,51;3,80;;1,97;;197,45
18080079;Sant'Agata del Bianco;Reggio di Calabria;1;590;40,35;48,80;;;;10,41;;99,57
18080081;Sant'Eufemia d'Aspromonte;Reggio di Calabria;1;3.756;14,01;53,89;52,27;;8,35;9,97;3,37;141,86
18080082;Sant'Ilario dello Ionio;Reggio di Calabria;1;1.348;28,09;23,89;39,97;4,14;6,82;8,71;16,78;128,40
18080084;Scido;Reggio di Calabria;1;843;10,03;;28,00;24,37;3,34;16,69;;82,42
18080086;Seminara;Reggio di Calabria;1;2.443;;;106,54;;;26,65;;133,19
18080087;Serrata;Reggio di Calabria;1;789;;38,99;67,98;;;12,83;;170,50
18080089;Sinopoli;Reggio di Calabria;1;1.875;8,68;50,95;42,76;6,91;1,47;14,56;20,19;145,51
18080090;Staiti;Reggio di Calabria;1;186;50,24;56,20;;;19,41;35,04;94,43;255,32
18080091;Stignano;Reggio di Calabria;1;1.212;49,50;94,88;74,26;;8,25;;16,50;243,40
18080093;Taurianova;Reggio di Calabria;1;14.837;5,71;45,96;26,31;12,83;11,30;42,31;3,48;147,90
18080095;Varapodio;Reggio di Calabria;1;1.989;21,61;44,67;28,86;5,76;14,25;12,12;3,55;130,82
18080096;Villa San Giovanni;Reggio di Calabria;1;12.852;20,63;37,53;79,94;;27,96;2,80;;169,95
08035001;Albinea;Reggio nell'Emilia;1;8.763;17,33;;60,80;58,93;5,84;14,81;39,15;222,09
08035002;Bagnolo in Piano;Reggio nell'Emilia;1;9.528;19,62;;61,05;36,08;6,47;7,87;39,75;183,90
08035003;Baiso;Reggio nell'Emilia;1;3.209;15,35;;42,80;40,08;7,73;48,87;41,59;220,61
08035004;Bibbiano;Reggio nell'Emilia;1;10.154;19,45;;60,65;43,26;6,22;23,23;43,19;211,70
08035005;Boretto;Reggio nell'Emilia;1;5.208;9,73;8,72;44,65;39,51;8,39;19,10;8,88;140,91
08035006;Brescello;Reggio nell'Emilia;1;5.623;10,92;11,38;57,20;52,18;16,23;18,65;9,14;177,77
08035008;Cadelbosco di Sopra;Reggio nell'Emilia;1;10.631;19,51;;59,25;36,92;2,03;2,89;34,43;166,97
08035009;Campagnola Emilia;Reggio nell'Emilia;1;5.479;19,51;;62,54;39,89;1,68;11,01;43,77;188,08
08035010;Campegine;Reggio nell'Emilia;1;5.312;21,34;;57,48;43,67;4,36;20,07;37,22;198,94
08035018;Canossa;Reggio nell'Emilia;1;3.697;15,90;;52,46;44,84;7,19;51,06;39,53;227,87
08035011;Carpineti;Reggio nell'Emilia;1;3.865;16,98;;53,01;40,55;4,23;67,97;35,12;235,75
08035012;Casalgrande;Reggio nell'Emilia;1;18.840;18,27;;51,14;40,96;4,73;34,61;36,66;200,21
08035013;Casina;Reggio nell'Emilia;1;4.497;16,91;;50,93;34,43;7,45;22,61;32,59;179,25
08035014;Castellarano;Reggio nell'Emilia;1;15.306;15,18;;48,10;34,44;7,66;13,02;30,42;161,32
08035015;Castelnovo di Sotto;Reggio nell'Emilia;1;8.396;19,68;;63,17;43,00;6,49;8,35;37,57;191,21
08035016;Castelnovo ne' Monti;Reggio nell'Emilia;1;10.301;17,84;;58,11;41,84;16,05;66,58;42,18;258,39
08035017;Cavriago;Reggio nell'Emilia;1;9.817;20,91;;68,90;72,82;7,27;1,18;45,54;235,72
08035020;Correggio;Reggio nell'Emilia;1;25.039;21,63;;60,54;51,35;7,68;8,19;45,95;211,00
08035021;Fabbrico;Reggio nell'Emilia;1;6.590;20,69;;62,10;36,77;4,68;-7,05;38,72;165,75
08035022;Gattatico;Reggio nell'Emilia;1;5.692;20,00;;61,06;45,86;13,41;34,30;49,20;241,42
08035023;Gualtieri;Reggio nell'Emilia;1;6.268;8,39;8,66;48,22;40,04;16,40;22,18;10,22;156,76
08035024;Guastalla;Reggio nell'Emilia;1;14.653;8,37;8,96;49,18;38,84;17,77;20,98;9,85;157,20
08035026;Luzzara;Reggio nell'Emilia;1;8.387;8,80;13,59;49,90;44,04;16,59;21,99;10,22;167,06
08035027;Montecchio Emilia;Reggio nell'Emilia;1;10.380;20,35;;65,83;46,72;10,77;18,87;45,64;222,17
08035028;Novellara;Reggio nell'Emilia;1;13.341;7,60;8,73;40,88;34,69;17,78;19,55;8,96;138,66
08035029;Poviglio;Reggio nell'Emilia;1;7.062;3,95;8,06;35,12;45,20;9,36;20,85;9,38;134,58
08035030;Quattro Castella;Reggio nell'Emilia;1;13.079;19,09;;62,82;45,20;3,64;-8,97;42,18;176,26
08035033;Reggio nell'Emilia;Reggio nell'Emilia;1;169.029;25,91;;71,54;39,17;31,18;22,27;52,97;263,26
08035032;Reggiolo;Reggio nell'Emilia;1;9.097;8,30;11,98;47,83;43,63;17,48;20,24;9,59;160,65
08035034;Rio Saliceto;Reggio nell'Emilia;1;5.976;19,42;;60,11;42,17;3,20;9,99;50,34;205,98
08035035;Rolo;Reggio nell'Emilia;1;4.032;19,60;;62,88;54,90;3,23;9,90;50,48;231,85
08035036;Rubiera;Reggio nell'Emilia;1;14.776;14,78;;63,29;39,40;6,88;20,07;38,45;193,00
08035037;San Martino in Rio;Reggio nell'Emilia;1;8.184;20,24;;62,59;44,39;4,04;26,38;46,82;219,33
08035038;San Polo d'Enza;Reggio nell'Emilia;1;6.150;15,20;;56,38;61,29;3,19;6,30;49,76;217,92
08035039;Sant'Ilario d'Enza;Reggio nell'Emilia;1;11.182;19,91;;63,39;50,61;8,16;28,43;42,20;229,02
08035040;Scandiano;Reggio nell'Emilia;1;25.705;15,50;;51,35;42,81;7,71;34,45;35,43;209,81
08035041;Toano;Reggio nell'Emilia;1;4.106;16,00;;47,43;46,25;9,53;54,28;35,45;226,12
08035046;Ventasso;Reggio nell'Emilia;1;3.953;15,93;;40,19;53,71;12,12;131,38;36,09;309,19
08035042;Vetto;Reggio nell'Emilia;1;1.777;15,49;;45,24;48,27;20,96;72,00;26,05;265,89
08035043;Vezzano sul Crostolo;Reggio nell'Emilia;1;4.293;14,78;;52,55;40,03;4,97;15,31;35,44;174,55
08035044;Viano;Reggio nell'Emilia;1;3.338;14,81;;51,20;36,18;1,59;23,15;30,35;169,82
08035045;Villa Minozzo;Reggio nell'Emilia;1;3.478;15,61;;32,60;40,34;6,13;90,69;24,11;226,47
12057003;Antrodoco;Rieti;1;2.349;;;142,35;;7,24;4,26;;153,85
12057005;Belmonte in Sabina;Rieti;1;644;13,09;27,14;52,87;;7,14;49,47;15,51;165,23
12057006;Borbona;Rieti;1;594;69,88;76,46;;;;40,04;;186,37
12057008;Borgo Velino;Rieti;1;941;9,73;15,08;41,78;15,28;17,21;15,12;12,34;126,54
12057007;Borgorose;Rieti;1;4.222;8,61;15,42;18,84;9,73;;64,82;13,39;130,81
12057009;Cantalice;Rieti;1;2.431;;18,47;44,61;24,77;14,40;19,65;8,96;130,85
12057010;Cantalupo in Sabina;Rieti;1;1.639;7,69;17,34;40,64;10,32;14,89;21,76;13,02;125,65
12057012;Casperia;Rieti;1;1.213;15,10;13,83;66,13;10,23;19,73;27,34;26,24;178,60
12057015;Castel Sant'Angelo;Rieti;1;1.199;16,61;14,56;54,29;15,69;7,78;25,45;31,35;168,56
12057014;Castelnuovo di Farfa - Dato aggregazione UNIONE DEI COMUNI VALLE DELL'OLIO;Rieti;3;3.244;26,33;19,11;;112,24;13,21;6,80;;177,70
12057016;Cittaducale;Rieti;1;6.423;15,67;18,47;57,67;18,64;10,36;33,68;52,46;206,96
12057017;Cittareale;Rieti;1;411;75,92;70,10;2,16;0,71;;17,40;17,77;184,06
12057018;Collalto Sabino;Rieti;1;393;20,79;13,97;88,97;27,50;60,84;49,90;40,38;302,35
12057019;Colle di Tora;Rieti;1;363;19,58;;117,22;17,65;41,32;56,33;;252,11
12057020;Collegiove;Rieti;1;132;3,23;48,20;123,25;;;136,39;;311,07
12057022;Colli sul Velino;Rieti;1;456;16,31;14,72;68,50;13,95;;58,93;35,25;207,67
12057023;Concerviano;Rieti;1;277;133,19;103,78;18,64;;23,24;38,27;9,95;327,06
12057024;Configni;Rieti;1;583;15,69;12,32;63,76;10,10;2,60;49,66;14,64;168,77
12057025;Contigliano;Rieti;1;3.759;13,36;45,54;62,13;9,46;2,00;9,08;13,49;155,06
12057026;Cottanello;Rieti;1;517;16,19;10,88;66,79;10,13;12,53;36,01;20,12;204,72
12057027;Fara in Sabina;Rieti;1;13.816;10,93;18,71;43,10;14,10;10,42;13,23;6,43;117,80
12057029;Forano;Rieti;1;3.078;14,81;17,58;49,48;12,35;7,45;22,32;5,82;129,81
12057030;Frasso Sabino;Rieti;1;731;15,44;16,72;63,20;12,60;32,40;22,52;12,91;175,79
12057032;Labro;Rieti;1;368;20,77;20,00;67,80;17,88;;66,80;28,17;221,41
12057033;Leonessa;Rieti;1;2.138;47,92;120,29;;;15,53;40,14;;223,88
12057035;Magliano Sabina;Rieti;1;3.487;19,02;13,47;56,52;21,55;5,89;10,26;171,81;298,52
12057036;Marcetelli;Rieti;1;69;144,43;89,48;;;;278,45;;512,36
12057040;Montebuono;Rieti;1;819;16,01;16,78;63,68;10,86;36,67;87,86;72,86;417,75
12057041;Monteleone Sabino;Rieti;Vedi aggregazione: UNIONE DEI COMUNI VALLE DELL'OLIO;;;;;;;;;
12057044;Montopoli di Sabina;Rieti;1;3.953;10,85;33,83;54,24;0,86;3,34;16,74;6,28;142,77
12057045;Morro Reatino;Rieti;1;329;15,95;9,79;64,29;10,39;;20,77;15,89;137,08
12057046;Nespolo;Rieti;1;193;133,18;26,26;14,64;;8,88;98,39;18,38;299,73
12057051;Poggio Bustone;Rieti;1;1.960;40,34;61,90;2,05;0,68;0,13;17,87;7,60;130,58
12057052;Poggio Catino;Rieti;1;1.236;16,84;25,74;61,39;16,64;29,51;24,84;16,64;191,61
12057056;Poggio San Lorenzo;Rieti;1;519;23,19;17,92;84,30;17,96;26,01;13,78;44,61;227,77
12057057;Posta;Rieti;1;568;;64,65;;82,68;64,36;8,30;;219,99
12057059;Rieti;Rieti;1;45.624;25,19;33,19;66,13;22,58;26,77;24,38;22,74;220,98
12057060;Rivodutri;Rieti;1;1.142;12,93;13,35;53,72;13,20;;8,46;6,82;109,12
12057061;Roccantica;Rieti;1;537;14,47;14,10;61,34;19,55;42,12;28,62;7,99;188,19
12057063;Salisano;Rieti;1;499;10,85;11,64;52,68;11,76;36,39;45,29;15,68;184,30
12057065;Selci;Rieti;1;1.107;15,12;10,88;61,17;10,07;12,80;20,67;14,28;145,00
12057066;Stimigliano;Rieti;1;2.190;13,09;4,57;65,45;;30,50;28,05;10,27;151,92
12057067;Tarano;Rieti;1;1.376;11,22;39,56;56,89;;22,09;49,91;18,97;198,65
12057068;Toffia;Rieti;Vedi aggregazione: UNIONE DEI COMUNI VALLE DELL'OLIO;;;;;;;;;
12057070;Torri in Sabina;Rieti;1;1.174;13,50;12,83;63,31;12,87;4,70;22,94;139,93;379,14
12057072;Vacone;Rieti;1;223;16,61;13,48;68,17;10,81;31,77;37,43;73,30;322,28
08099001;Bellaria-Igea Marina;Rimini;1;19.505;29,66;44,57;90,12;38,49;53,65;33,73;26,50;314,12
08099002;Cattolica;Rimini;1;16.526;34,14;35,22;125,05;43,82;58,68;31,67;13,01;341,28
08099003;Coriano;Rimini;1;10.438;23,99;18,73;100,38;41,91;7,49;17,26;15,24;224,06
08099004;Gemmano;Rimini;1;1.112;26,89;23,19;28,42;12,72;16,52;36,83;32,17;177,79
08099022;Maiolo;Rimini;1;784;33,77;23,85;20,45;;14,27;7,51;6,11;105,97
08099005;Misano Adriatico;Rimini;1;13.858;24,06;37,53;104,16;42,72;42,30;11,83;17,23;283,15
08099006;Mondaino;Rimini;1;1.318;24,41;31,45;22,33;10,02;9,10;14,43;21,86;136,41
08099008;Montefiore Conca;Rimini;1;2.239;18,28;17,63;27,80;15,09;4,75;16,00;16,07;117,07
08099009;Montegridolfo;Rimini;1;989;17,94;24,71;25,21;15,15;7,05;39,35;13,01;144,34
08099029;Montescudo-Monte Colombo;Rimini;1;6.760;14,24;19,67;23,66;18,92;1,10;8,99;60,15;149,84
08099011;Morciano di Romagna;Rimini;1;7.161;19,14;14,46;51,38;25,39;20,76;19,29;6,28;158,66
08099028;Poggio Torriana;Rimini;1;5.151;6,93;21,36;29,43;31,91;2,55;20,22;29,57;136,34
08099013;Riccione;Rimini;1;34.704;34,22;43,31;117,27;44,14;65,30;68,87;34,88;396,42
08099014;Rimini;Rimini;1;150.051;23,01;32,69;79,24;32,74;44,86;27,44;26,57;262,03
08099015;Saludecio;Rimini;1;3.036;6,56;26,97;6,72;19,63;7,74;22,08;47,62;138,80
08099016;San Clemente;Rimini;1;5.656;15,45;21,40;35,23;24,39;2,76;22,97;27,69;154,56
08099017;San Giovanni in Marignano;Rimini;1;9.421;14,81;15,87;63,69;38,24;26,02;17,70;14,15;192,68
08099026;Sant'Agata Feltria;Rimini;1;1.996;90,31;37,30;21,67;4,48;10,06;30,82;2,50;394,28
08099018;Santarcangelo di Romagna;Rimini;1;22.260;19,30;21,90;47,76;27,84;13,11;29,24;11,77;176,75
08099020;Verucchio;Rimini;1;10.064;15,34;20,37;39,85;23,22;21,70;29,86;23,33;168,30
12058001;Affile;Roma;1;1.426;50,48;66,11;15,57;;16,84;27,63;13,07;189,70
12058003;Albano Laziale;Roma;1;39.466;30,04;7,91;63,83;27,75;11,72;35,20;20,79;208,42
12058004;Allumiere;Roma;1;3.788;12,77;11,75;57,68;;44,56;2,69;1,73;131,18
12058005;Anguillara Sabazia;Roma;1;19.027;20,22;21,81;20,01;6,96;12,05;34,30;8,54;124,59
12058006;Anticoli Corrado - Dato aggregazione Unione dei Comuni del Medaniene;Roma;6;4.924;11,80;27,70;85,17;22,11;1,86;9,08;1,73;159,47
12058007;Anzio;Roma;1;58.247;31,55;45,26;64,31;28,09;25,23;6,61;2,06;203,11
12058008;Arcinazzo Romano;Roma;1;1.243;75,52;95,09;;4,63;41,48;91,30;14,13;322,15
12058117;Ardea;Roma;1;48.372;49,02;56,44;32,89;53,22;29,28;8,65;4,81;234,31
12058009;Ariccia;Roma;1;18.014;7,38;15,74;24,12;23,16;7,49;111,69;26,54;216,11
12058010;Arsoli;Roma;Vedi aggregazione: Unione dei Comuni del Medaniene;;;;;;;;;
12058011;Artena;Roma;1;13.551;7,79;37,56;70,05;;14,42;15,62;4,74;150,18
12058012;Bellegra;Roma;1;2.693;54,79;61,47;4,44;0,11;29,32;55,95;;206,09
12058013;Bracciano;Roma;1;18.468;10,15;20,09;56,44;14,69;26,78;33,95;26,45;206,43
12058014;Camerata Nuova;Roma;1;410;11,74;19,98;87,38;29,71;24,57;143,48;;316,85
12058016;Canale Monterano;Roma;1;4.147;14,48;11,50;36,25;19,69;11,27;65,46;26,85;196,51
12058017;Canterano;Roma;1;345;7,63;19,36;67,74;22,38;48,78;51,92;;217,81
12058018;Capena;Roma;1;10.678;14,58;20,76;41,70;15,78;23,84;18,02;7,73;143,05
12058019;Capranica Prenestina;Roma;1;313;39,98;97,91;15,99;0,49;68,76;120,84;;343,96
12058020;Carpineto Romano;Roma;1;4.078;60,71;55,90;37,31;;36,68;;1,22;191,82
12058022;Castel Gandolfo;Roma;1;8.616;14,24;27,12;94,48;22,94;18,12;35,79;4,61;217,29
12058025;Castel San Pietro Romano;Roma;1;841;37,38;18,93;82,28;29,11;6,66;53,22;13,68;241,26
12058026;Cave;Roma;1;10.723;29,51;37,43;72,60;3,64;6,77;20,64;13,98;184,58
12058027;Cerreto Laziale;Roma;1;1.099;4,20;18,20;55,85;23,66;;31,10;;133,01
12058028;Cervara di Roma;Roma;1;441;;47,62;99,59;;60,32;27,21;;234,74
12058029;Cerveteri;Roma;1;37.251;21,46;21,83;43,66;23,68;34,98;12,96;49,74;208,32
12058118;Ciampino;Roma;1;38.589;36,57;3,61;80,49;8,80;6,52;19,50;46,23;201,72
12058030;Ciciliano;Roma;1;1.248;18,27;39,78;70,08;13,62;10,53;75,01;;227,29
12058031;Cineto Romano;Roma;Vedi aggregazione: Unione dei Comuni del Medaniene;;;;;;;;;
12058032;Civitavecchia;Roma;1;51.824;32,73;0,10;92,13;;36,95;84,96;3,51;250,39
12058033;Civitella San Paolo;Roma;1;2.003;32,70;26,12;48,16;7,10;12,19;6,90;;133,16
12058034;Colleferro;Roma;1;20.665;23,69;44,27;48,74;5,87;56,27;29,61;9,62;218,08
12058035;Colonna;Roma;1;4.217;39,14;34,20;86,14;9,42;6,97;32,33;8,95;217,15
12058036;Fiano Romano;Roma;1;16.006;11,59;43,22;53,41;3,12;13,89;29,82;3,94;172,12
12058037;Filacciano;Roma;1;457;8,73;7,52;45,49;7,37;;;3,02;72,13
12058120;Fiumicino;Roma;1;80.625;11,21;13,70;53,36;28,03;43,66;17,79;32,38;202,52
12058038;Formello;Roma;1;13.372;11,88;32,57;74,85;;18,53;6,29;;144,11
12058039;Frascati;Roma;1;22.650;24,72;;81,56;;18,54;101,02;12,06;237,90
12058040;Gallicano nel Lazio;Roma;1;6.412;31,49;;69,30;7,58;5,61;9,49;11,93;135,40
12058041;Gavignano;Roma;1;1.920;26,07;28,70;74,67;3,85;6,58;8,97;;148,85
12058042;Genazzano;Roma;1;5.667;22,87;23,34;79,74;20,48;18,87;27,07;;192,37
12058043;Genzano di Roma;Roma;1;22.975;19,86;21,84;74,22;32,01;26,57;15,18;11,40;201,07
12058045;Gorga;Roma;1;688;22,91;36,62;94,11;3,45;30,39;9,68;;197,16
12058046;Grottaferrata;Roma;1;20.428;8,32;47,26;79,11;5,54;29,53;36,05;16,95;222,77
12058047;Guidonia Montecelio;Roma;1;88.237;18,78;22,69;45,38;13,09;9,39;32,78;9,17;153,46
12058048;Jenne;Roma;1;334;120,69;28,98;;;8,40;;;158,07
12058049;Labico;Roma;1;6.384;23,49;51,46;57,43;3,83;6,38;46,33;13,45;343,40
12058116;Ladispoli;Roma;1;40.390;12,22;26,52;76,69;24,44;33,24;5,20;9,90;191,44
12058050;Lanuvio;Roma;1;12.828;16,18;8,00;97,73;;10,68;5,58;39,00;177,18
12058115;Lariano;Roma;1;13.167;15,57;8,95;60,00;28,73;11,15;12,15;10,38;150,42
12058051;Licenza;Roma;Vedi aggregazione: UNIONE DEI COMUNI DELLA VALLE USTICA;;;;;;;;;
12058052;Magliano Romano;Roma;1;1.408;10,61;15,76;45,29;11,49;24,96;12,69;35,39;168,52
12058053;Mandela;Roma;Vedi aggregazione: UNIONE DEI COMUNI DELLA VALLE USTICA;;;;;;;;;
12058054;Manziana;Roma;1;7.696;13,12;23,48;65,61;45,81;17,91;9,32;19,05;194,30
12058055;Marano Equo;Roma;1;784;;4,00;123,31;;2,30;83,34;;212,94
12058056;Marcellina;Roma;1;7.072;7,81;24,46;58,95;16,52;16,96;8,92;7,15;141,35
12058057;Marino;Roma;1;45.900;17,91;28,17;46,26;18,64;32,49;21,71;23,70;188,87
12058058;Mazzano Romano;Roma;1;2.931;11,23;19,67;47,95;11,37;7,49;34,95;36,28;168,96
12058059;Mentana;Roma;1;22.587;13,84;;49,40;22,01;9,86;48,06;9,86;153,03
12058060;Monte Compatri;Roma;1;11.898;8,31;;54,87;;19,12;26,10;2,21;110,61
12058064;Monte Porzio Catone;Roma;1;8.547;11,80;29,73;54,04;12,38;35,62;23,54;28,07;195,17
12058061;Monteflavio;Roma;1;1.190;17,57;15,39;69,13;17,17;28,19;24,60;14,06;189,30
12058062;Montelanico;Roma;1;2.050;8,81;11,27;44,03;;42,01;4,81;7,67;118,60
12058063;Montelibretti;Roma;1;5.102;15,58;;57,21;41,82;12,07;22,79;18,74;168,21
12058065;Monterotondo;Roma;1;41.020;48,95;14,98;53,97;;38,07;8,13;17,75;181,86
12058066;Montorio Romano;Roma;1;1.965;11,25;20,70;66,03;17,08;40,70;25,47;1,75;205,40
12058067;Moricone;Roma;1;2.473;15,65;15,00;62,40;17,51;13,23;16,07;3,51;147,74
12058070;Nemi;Roma;1;1.882;42,24;106,27;27,90;1,19;49,20;23,91;11,96;262,67
12058071;Nerola;Roma;1;1.889;12,31;20,63;72,28;15,90;17,46;23,06;5,83;167,47
12058072;Nettuno;Roma;1;47.965;19,27;26,00;77,81;3,45;28,00;65,34;;219,87
12058073;Olevano Romano;Roma;1;6.405;27,38;;68,46;13,69;20,54;6,89;19,38;156,34
12058074;Palestrina;Roma;1;21.949;31,79;41,88;69,55;7,60;6,81;17,03;48,31;222,98
12058075;Palombara Sabina;Roma;1;12.860;11,19;21,38;56,03;12,95;25,73;18,48;17,11;164,76
12058076;Percile;Roma;Vedi aggregazione: UNIONE DEI COMUNI DELLA VALLE USTICA;;;;;;;;;
12058078;Poli;Roma;1;2.244;41,19;;88,44;61,57;32,14;35,34;23,23;281,91
12058079;Pomezia;Roma;1;63.612;22,52;21,56;59,95;25,50;45,36;23,70;7,96;206,55
12058080;Ponzano Romano;Roma;1;1.179;16,37;26,57;81,83;;20,23;18,21;18,19;199,95
12058082;Rignano Flaminio;Roma;1;10.050;10,97;19,62;43,73;3,14;16,23;10,82;12,13;116,63
12058083;Riofreddo;Roma;Vedi aggregazione: Unione dei Comuni del Medaniene;;;;;;;;;
12058086;Rocca di Papa;Roma;1;17.263;16,58;19,49;45,83;22,65;13,06;23,41;43,39;203,13
12058088;Rocca Priora;Roma;1;11.983;31,28;22,00;89,01;13,08;22,00;9,93;1,74;189,04
12058089;Rocca Santo Stefano;Roma;1;942;30,08;10,42;19,61;14,16;15,92;24,01;;114,19
12058087;Roccagiovine;Roma;Vedi aggregazione: UNIONE DEI COMUNI DELLA VALLE USTICA;;;;;;;;;
12058090;Roiate;Roma;1;650;;15,22;112,53;13,20;19,86;11,58;;172,38
12058091;Roma;Roma;1;2.761.632;32,62;55,00;67,67;11,41;46,69;33,66;25,24;273,93
12058092;Roviano;Roma;Vedi aggregazione: Unione dei Comuni del Medaniene;;;;;;;;;
12058093;Sacrofano;Roma;1;7.293;22,42;14,23;79,71;26,21;21,17;31,62;21,43;216,80
12058119;San Cesareo;Roma;1;15.881;34,24;28,85;75,36;24,01;6,10;17,47;8,46;207,25
12058096;San Polo dei Cavalieri;Roma;1;2.763;10,60;;80,22;19,91;21,02;74,79;;206,55
12058097;Santa Marinella;Roma;1;18.439;11,00;64,42;46,44;9,41;27,56;100,29;37,37;296,49
12058099;Sant'Oreste;Roma;1;3.483;9,02;;37,97;31,13;20,23;10,50;15,78;124,65
12058102;Segni;Roma;1;8.922;60,75;67,92;37,21;0,70;26,33;29,70;;222,62
12058103;Subiaco;Roma;1;8.490;117,63;52,41;;;21,27;8,40;;199,72
12058104;Tivoli;Roma;1;54.900;18,45;14,96;77,15;20,13;25,79;31,02;20,66;221,40
12058105;Tolfa;Roma;1;4.657;21,35;32,02;42,69;;10,67;3,84;;110,57
12058107;Trevignano Romano;Roma;1;5.778;18,07;19,01;35,51;53,57;26,06;7,24;5,01;164,46
12058109;Vallinfreda;Roma;1;296;17,46;11,18;91,64;12,08;10,15;29,37;25,12;196,99
12058110;Valmontone;Roma;1;15.652;41,62;25,27;91,62;10,01;7,42;32,81;37,28;246,04
12058111;Velletri;Roma;1;52.151;26,27;14,20;55,83;21,73;8,56;18,71;12,91;158,21
12058112;Vicovaro - Dato aggregazione UNIONE DEI COMUNI DELLA VALLE USTICA;Roma;5;5.849;13,31;15,97;72,85;23,51;;19,65;1,92;147,21
12058113;Vivaro Romano;Roma;Vedi aggregazione: Unione dei Comuni del Medaniene;;;;;;;;;
12058114;Zagarolo;Roma;1;18.193;29,41;25,93;64,73;18,21;5,24;21,04;21,55;186,10
05029001;Adria;Rovigo;Vedi aggregazione: Consiglio di Bacino Rovigo;;;;;;;;;
05029002;Ariano nel Polesine;Rovigo;Vedi aggregazione: Consiglio di Bacino Rovigo;;;;;;;;;
05029003;Arqua  Polesine;Rovigo;Vedi aggregazione: Consiglio di Bacino Rovigo;;;;;;;;;
05029004;Badia Polesine;Rovigo;Vedi aggregazione: Consiglio di Bacino Rovigo;;;;;;;;;
05029005;Bagnolo di Po;Rovigo;Vedi aggregazione: Consiglio di Bacino Rovigo;;;;;;;;;
05029006;Bergantino;Rovigo;Vedi aggregazione: Consiglio di Bacino Rovigo;;;;;;;;;
05029007;Bosaro;Rovigo;Vedi aggregazione: Consiglio di Bacino Rovigo;;;;;;;;;
05029008;Calto;Rovigo;Vedi aggregazione: Consiglio di Bacino Rovigo;;;;;;;;;
05029009;Canaro;Rovigo;Vedi aggregazione: Consiglio di Bacino Rovigo;;;;;;;;;
05029010;Canda;Rovigo;Vedi aggregazione: Consiglio di Bacino Rovigo;;;;;;;;;
05029011;Castelguglielmo;Rovigo;Vedi aggregazione: Consiglio di Bacino Rovigo;;;;;;;;;
05029012;Castelmassa;Rovigo;Vedi aggregazione: Consiglio di Bacino Rovigo;;;;;;;;;
05029013;Castelnovo Bariano;Rovigo;Vedi aggregazione: Consiglio di Bacino Rovigo;;;;;;;;;
05029014;Ceneselli;Rovigo;Vedi aggregazione: Consiglio di Bacino Rovigo;;;;;;;;;
05029015;Ceregnano;Rovigo;Vedi aggregazione: Consiglio di Bacino Rovigo;;;;;;;;;
05029017;Corbola;Rovigo;Vedi aggregazione: Consiglio di Bacino Rovigo;;;;;;;;;
05029018;Costa di Rovigo;Rovigo;Vedi aggregazione: Consiglio di Bacino Rovigo;;;;;;;;;
05029019;Crespino;Rovigo;Vedi aggregazione: Consiglio di Bacino Rovigo;;;;;;;;;
05029021;Ficarolo;Rovigo;Vedi aggregazione: Consiglio di Bacino Rovigo;;;;;;;;;
05029022;Fiesso Umbertiano;Rovigo;Vedi aggregazione: Consiglio di Bacino Rovigo;;;;;;;;;
05029023;Frassinelle Polesine;Rovigo;Vedi aggregazione: Consiglio di Bacino Rovigo;;;;;;;;;
05029024;Fratta Polesine;Rovigo;Vedi aggregazione: Consiglio di Bacino Rovigo;;;;;;;;;
05029025;Gaiba;Rovigo;Vedi aggregazione: Consiglio di Bacino Rovigo;;;;;;;;;
05029026;Gavello;Rovigo;Vedi aggregazione: Consiglio di Bacino Rovigo;;;;;;;;;
05029027;Giacciano con Baruchella;Rovigo;Vedi aggregazione: Consiglio di Bacino Rovigo;;;;;;;;;
05029028;Guarda Veneta;Rovigo;Vedi aggregazione: Consiglio di Bacino Rovigo;;;;;;;;;
05029029;Lendinara;Rovigo;Vedi aggregazione: Consiglio di Bacino Rovigo;;;;;;;;;
05029030;Loreo;Rovigo;Vedi aggregazione: Consiglio di Bacino Rovigo;;;;;;;;;
05029031;Lusia;Rovigo;Vedi aggregazione: Consiglio di Bacino Rovigo;;;;;;;;;
05029032;Melara;Rovigo;Vedi aggregazione: Consiglio di Bacino Rovigo;;;;;;;;;
05029033;Occhiobello;Rovigo;Vedi aggregazione: Consiglio di Bacino Rovigo;;;;;;;;;
05029034;Papozze;Rovigo;Vedi aggregazione: Consiglio di Bacino Rovigo;;;;;;;;;
05029035;Pettorazza Grimani;Rovigo;Vedi aggregazione: Consiglio di Bacino Rovigo;;;;;;;;;
05029036;Pincara;Rovigo;Vedi aggregazione: Consiglio di Bacino Rovigo;;;;;;;;;
05029037;Polesella;Rovigo;Vedi aggregazione: Consiglio di Bacino Rovigo;;;;;;;;;
05029038;Pontecchio Polesine;Rovigo;Vedi aggregazione: Consiglio di Bacino Rovigo;;;;;;;;;
05029039;Porto Tolle;Rovigo;Vedi aggregazione: Consiglio di Bacino Rovigo;;;;;;;;;
05029052;Porto Viro;Rovigo;Vedi aggregazione: Consiglio di Bacino Rovigo;;;;;;;;;
05029040;Rosolina;Rovigo;Vedi aggregazione: Consiglio di Bacino Rovigo;;;;;;;;;
05029041;Rovigo - Dato aggregazione Consiglio di Bacino Rovigo;Rovigo;50;229.097;12,87;25,23;48,56;14,06;8,36;39,87;35,45;212,10
05029042;Salara;Rovigo;Vedi aggregazione: Consiglio di Bacino Rovigo;;;;;;;;;
05029043;San Bellino;Rovigo;Vedi aggregazione: Consiglio di Bacino Rovigo;;;;;;;;;
05029044;San Martino di Venezze;Rovigo;Vedi aggregazione: Consiglio di Bacino Rovigo;;;;;;;;;
05029045;Stienta;Rovigo;Vedi aggregazione: Consiglio di Bacino Rovigo;;;;;;;;;
05029046;Taglio di Po;Rovigo;Vedi aggregazione: Consiglio di Bacino Rovigo;;;;;;;;;
05029047;Trecenta;Rovigo;Vedi aggregazione: Consiglio di Bacino Rovigo;;;;;;;;;
05029048;Villadose;Rovigo;Vedi aggregazione: Consiglio di Bacino Rovigo;;;;;;;;;
05029049;Villamarzana;Rovigo;Vedi aggregazione: Consiglio di Bacino Rovigo;;;;;;;;;
05029050;Villanova del Ghebbo;Rovigo;Vedi aggregazione: Consiglio di Bacino Rovigo;;;;;;;;;
05029051;Villanova Marchesana;Rovigo;Vedi aggregazione: Consiglio di Bacino Rovigo;;;;;;;;;
15065003;Albanella;Salerno;1;6.219;44,06;17,75;;;9,77;5,35;28,18;122,57
15065004;Alfano;Salerno;1;963;17,43;18,09;4,39;;48,20;2,65;;90,76
15065005;Altavilla Silentina;Salerno;1;6.923;59,30;28,77;28,11;2,82;35,71;11,95;8,71;180,30
15065006;Amalfi;Salerno;1;4.824;48,34;39,32;193,36;44,72;148,14;24,97;;498,10
15065008;Aquara;Salerno;1;1.351;15,09;4,36;64,47;20,11;5,12;10,48;;119,63
15065010;Atena Lucana;Salerno;1;2.402;52,04;35,98;;24,98;9,46;11,30;14,73;148,48
15065011;Atrani;Salerno;1;801;64,46;37,43;70,77;42,96;49,35;16,37;;281,33
15065012;Auletta;Salerno;1;2.140;13,90;29,93;38,23;;17,74;10,03;35,43;152,31
15065013;Baronissi;Salerno;1;16.762;12,27;;61,60;25,24;;17,13;39,68;167,04
15065014;Battipaglia;Salerno;1;49.644;;25,54;97,64;22,09;10,41;28,06;9,38;211,20
15065158;Bellizzi;Salerno;1;13.249;12,27;16,76;59,64;39,86;36,98;3,60;0,88;177,70
15065016;Bracigliano;Salerno;1;5.324;21,56;15,68;56,39;11,49;20,76;13,51;23,15;176,19
15065017;Buccino;Salerno;1;4.648;9,93;13,00;57,32;14,23;4,18;17,24;2,97;118,87
15065018;Buonabitacolo;Salerno;1;2.403;3,90;18,41;22,68;15,02;22,25;19,61;1,22;103,08
15065021;Camerota;Salerno;1;6.889;38,31;50,29;61,13;25,53;42,13;14,64;;232,03
15065022;Campagna;Salerno;1;16.489;15,72;2,35;43,23;37,53;24,26;9,56;6,14;155,30
15065023;Campora;Salerno;1;343;9,91;34,99;48,10;43,44;14,58;1,46;;152,48
15065025;Capaccio;Salerno;1;22.303;24,84;41,70;80,06;44,47;28,54;13,84;;238,51
15065028;Casal Velino;Salerno;1;5.342;41,46;45,15;194,90;96,15;28,85;31,78;;443,19
15065026;Casalbuono;Salerno;1;1.051;;;28,88;64,76;;1,43;;95,08
15065029;Caselle in Pittari;Salerno;1;1.851;62,94;26,42;3,24;12,48;2,92;10,26;;118,26
15065034;Castel San Giorgio;Salerno;1;13.637;11,44;11,40;82,05;50,92;10,49;17,90;45,53;238,17
15065035;Castel San Lorenzo;Salerno;1;2.240;12,15;10,36;40,43;34,36;18,34;9,90;16,92;147,50
15065030;Castelcivita;Salerno;1;1.472;5,28;15,84;58,79;38,08;24,90;4,24;2,42;149,54
15065033;Castelnuovo di Conza;Salerno;1;523;49,65;24,06;49,85;12,07;;34,68;;170,32
15065036;Castiglione del Genovesi;Salerno;1;1.308;23,73;;55,28;54,89;38,43;35,10;24,60;250,70
15065037;Cava de' Tirreni;Salerno;1;50.797;24,96;24,34;51,08;34,18;44,36;12,22;7,88;199,02
15065038;Celle di Bulgheria;Salerno;1;1.748;;;20,54;36,90;22,88;51,33;;131,66
15065039;Centola;Salerno;1;4.978;37,19;113,02;100,08;;45,66;61,24;16,42;379,84
15065040;Ceraso;Salerno;1;2.262;27,79;41,66;38,65;33,78;;3,82;53,26;197,97
15065042;Cicerale;Salerno;1;1.163;19,54;22,49;110,76;32,19;24,31;18,66;18,68;273,82
15065043;Colliano;Salerno;1;3.414;17,72;15,89;35,35;28,25;13,17;7,45;17,45;135,28
15065047;Corbara;Salerno;1;2.484;21,29;11,83;69,20;7,31;14,97;12,85;10,65;148,10
15065048;Corleto Monforte;Salerno;1;522;19,19;45,34;67,16;19,43;9,59;29,82;3,70;194,23
15065049;Cuccaro Vetere;Salerno;1;535;9,53;;39,10;;9,81;102,17;;165,83
15065050;Eboli;Salerno;1;37.623;28,59;0,01;52,97;43,33;29,13;8,56;1,09;194,03
15065051;Felitto;Salerno;1;1.154;103,99;44,19;;;8,67;3,41;17,01;177,26
15065052;Fisciano;Salerno;1;13.871;31,26;16,85;149,14;36,54;33,11;34,91;145,47;447,28
15065053;Furore;Salerno;1;693;209,07;51,62;;;50,12;79,62;;390,43
15065054;Futani;Salerno;1;1.091;29,72;16,67;3,85;6,83;12,36;33,35;;102,77
15065055;Giffoni Sei Casali;Salerno;1;4.950;22,71;5,54;45,70;11,97;22,71;8,84;18,88;141,32
15065057;Gioi;Salerno;1;1.124;13,56;16,03;16,76;18,95;14,74;61,02;;141,07
15065058;Giungano;Salerno;1;1.285;105,87;25,07;;;23,09;5,34;2,38;161,76
15065059;Ispani;Salerno;1;970;80,33;38,05;149,20;77,72;;7,34;150,41;519,71
15065060;Laureana Cilento;Salerno;1;1.212;34,76;32,54;54,04;;16,91;26,86;27,54;210,81
15065062;Laurito;Salerno;1;712;42,35;11,17;30,06;21,71;15,71;16,49;;137,49
15065063;Laviano;Salerno;1;1.318;18,02;80,99;4,17;;44,60;4,93;29,34;182,06
15065064;Lustra;Salerno;1;978;;22,37;90,80;2,30;1,28;28,98;;145,72
15065066;Maiori;Salerno;1;5.374;45,45;31,48;175,19;62,16;26,11;31,02;;380,35
15065067;Mercato San Severino;Salerno;1;21.635;49,70;48,42;;56,36;31,70;14,79;52,27;258,20
15065068;Minori;Salerno;1;2.583;24,25;20,57;164,34;52,97;42,49;13,77;12,38;335,76
15065069;Moio della Civitella;Salerno;1;1.807;;54,63;13,66;;;53,22;;121,50
15065070;Montano Antilia;Salerno;1;1.713;48,05;11,38;52,06;11,99;20,11;17,90;;161,48
15065075;Monte San Giacomo;Salerno;1;1.414;24,41;17,45;69,66;1,59;14,62;11,21;56,04;194,97
15065071;Montecorice;Salerno;1;2.534;52,10;11,95;156,29;24,12;51,62;44,42;5,12;345,61
15065072;Montecorvino Pugliano;Salerno;1;11.067;12,72;37,59;75,38;;14,17;2,73;47,95;195,37
15065073;Montecorvino Rovella;Salerno;1;12.235;18,00;17,49;28,75;26,04;9,30;70,01;6,54;180,98
15065074;Monteforte Cilento;Salerno;1;539;28,76;;38,18;26,90;13,91;17,63;;125,38
15065076;Montesano sulla Marcellana;Salerno;1;6.253;;64,60;;;8,61;55,63;0,72;129,57
15065077;Morigerati;Salerno;1;611;;20,36;22,17;;;62,35;;104,89
15065078;Nocera Inferiore;Salerno;1;44.169;50,88;57,22;57,96;23,66;26,78;9,52;9,98;242,51
15065079;Nocera Superiore;Salerno;1;23.763;17,00;19,09;65,30;15,66;47,34;8,48;45,72;223,52
15065082;Olevano sul Tusciano;Salerno;1;6.468;18,40;18,36;67,49;7,87;9,20;6,90;7,22;135,45
15065084;Omignano;Salerno;1;1.589;8,00;42,14;28,62;;11,19;54,63;;149,60
15065085;Orria;Salerno;1;991;12,70;17,46;63,51;9,16;14,99;28,45;;146,27
15065086;Ottati;Salerno;1;631;11,01;21,16;20,92;9,98;24,18;87,25;;174,50
15065087;Padula;Salerno;1;4.907;4,99;34,64;78,30;;;28,15;;146,09
15065088;Pagani;Salerno;1;34.203;43,36;51,54;43,25;17,63;6,98;32,07;9,64;209,48
15065089;Palomonte;Salerno;1;3.742;21,94;;;24,06;;18,16;15,47;84,67
15065090;Pellezzano;Salerno;1;10.912;4,59;;69,58;61,03;32,62;13,47;8,13;202,31
15065092;Perito;Salerno;1;829;16,47;22,06;36,08;26,96;68,19;8,34;14,99;193,08
15065093;Pertosa;Salerno;1;652;49,95;70,26;34,34;46,84;8,00;48,07;;257,46
15065094;Petina;Salerno;1;993;38,95;28,02;;;49,50;5,47;0,83;122,77
15065096;Pisciotta;Salerno;1;2.442;35,84;27,41;88,55;42,17;16,87;52,71;;263,54
15065097;Polla;Salerno;1;5.138;54,06;55,25;;;11,29;76,10;;196,69
15065098;Pollica;Salerno;1;2.183;51,31;70,27;;80,28;22,57;66,25;;290,68
15065099;Pontecagnano Faiano;Salerno;1;25.793;11,24;26,71;71,61;39,50;13,78;12,67;51,15;233,67
15065102;Praiano;Salerno;1;2.001;80,15;56,66;183,75;38,40;94,99;27,75;;486,59
15065103;Prignano Cilento;Salerno;1;1.054;;21,10;43,89;12,44;;73,27;;150,69
15065104;Ravello;Salerno;1;2.386;90,04;80,02;98,13;;125,78;10,71;26,16;430,84
15065105;Ricigliano;Salerno;1;1.067;27,98;20,46;39,84;2,85;17,12;19,38;15,98;143,60
15065106;Roccadaspide;Salerno;1;6.907;4,00;44,31;4,56;;72,28;10,01;6,91;142,07
15065107;Roccagloriosa;Salerno;1;1.565;18,51;37,30;12,02;;74,20;18,19;15,70;181,07
15065109;Rofrano;Salerno;1;1.281;48,40;18,74;97,58;31,62;33,18;;;229,51
15065112;Rutino;Salerno;1;766;22,20;11,32;96,55;22,83;22,40;75,43;7,21;257,94
15065114;Sala Consilina;Salerno;1;11.878;16,07;0,06;43,34;65,45;26,30;9,87;0,70;168,54
15065115;Salento;Salerno;1;1.804;100,37;;;;;29,45;;132,02
15065116;Salerno;Salerno;1;128.105;14,10;42,97;120,01;20,45;52,16;10,73;61,66;322,07
15065118;San Cipriano Picentino;Salerno;1;6.474;14,09;;70,47;52,60;14,62;10,53;33,28;203,94
15065119;San Giovanni a Piro;Salerno;1;3.593;20,96;15,97;;23,49;48,83;5,06;;193,03
15065121;San Mango Piemonte;Salerno;1;2.601;6,01;15,72;26,55;27,66;33,49;13,78;47,04;170,26
15065122;San Marzano sul Sarno;Salerno;1;10.261;16,31;58,57;70,67;;21,75;8,35;104,05;279,70
15065123;San Mauro Cilento;Salerno;1;861;64,62;97,38;97,49;32,31;16,40;;1,03;309,24
15065124;San Mauro la Bruca;Salerno;1;543;76,28;21,31;;6,22;11,67;47,92;1,35;164,74
15065125;San Pietro al Tanagro;Salerno;1;1.656;39,97;62,22;;;9,66;11,76;15,28;143,82
15065126;San Rufo;Salerno;1;1.605;3,68;;22,41;29,98;13,36;28,25;16,95;119,73
15065127;Santa Marina;Salerno;1;3.191;25,01;20,18;8,19;8,65;36,04;54,46;;152,52
15065128;Sant'Angelo a Fasanella;Salerno;1;513;17,44;21,14;69,85;41,76;;5,46;17,09;172,74
15065129;Sant'Arsenio;Salerno;1;2.693;7,93;14,51;27,44;25,26;9,39;18,50;15,03;118,07
15065130;Sant'Egidio del Monte Albino;Salerno;1;8.833;23,20;74,14;27,33;;3,84;22,15;57,29;222,13
15065131;Santomenna;Salerno;1;403;60,69;75,35;35,54;;11,29;1,84;179,40;365,34
15065133;Sanza;Salerno;1;2.366;7,48;11,00;39,16;10,24;5,52;6,58;;85,13
15065135;Sarno;Salerno;1;30.489;19,95;16,19;58,69;30,17;43,29;;;168,29
15065136;Sassano;Salerno;1;4.589;112,19;;0,72;6,73;;13,53;;138,30
15065137;Scafati;Salerno;1;48.197;9,28;;50,55;73,55;7,96;32,91;22,25;210,29
15065138;Scala;Salerno;1;1.493;27,40;15,49;63,93;36,13;26,44;29,23;;214,36
15065141;Sessa Cilento;Salerno;1;1.201;6,89;19,61;22,21;14,66;14,56;24,58;1,69;109,30
15065142;Siano;Salerno;1;9.455;22,14;28,97;48,58;28,11;3,66;;;131,45
15065143;Sicignano degli Alburni;Salerno;1;3.077;12,34;6,90;66,31;25,66;46,39;11,70;1,18;170,48
15065144;Stella Cilento;Salerno;1;685;36,93;19,11;36,72;14,47;10,22;51,25;;168,70
15065145;Stio;Salerno;1;773;38,51;7,56;77,03;20,22;38,51;9,99;45,22;258,64
15065146;Teggiano;Salerno;1;7.154;42,50;36,54;;0,23;12,96;15,68;22,36;130,79
15065147;Torchiara;Salerno;1;1.808;126,21;;;;43,91;16,72;25,10;211,94
15065149;Torre Orsaia;Salerno;1;1.961;64,00;;;;32,38;8,62;;110,16
15065150;Tortorella;Salerno;1;475;2,53;5,12;21,40;27,02;;33,61;;89,68
15065151;Tramonti;Salerno;1;4.053;13,51;11,76;59,24;25,31;11,47;18,51;;144,75
15065152;Trentinara;Salerno;1;1.560;30,92;20,90;34,79;18,13;2,12;9,88;;116,74
15065154;Vallo della Lucania;Salerno;1;8.021;21,58;15,09;112,15;23,43;39,02;13,53;35,28;265,11
15065155;Valva;Salerno;1;1.522;20,73;36,30;31,62;;4,28;1,01;;93,94
15065156;Vibonati;Salerno;1;3.151;41,47;18,64;84,87;46,74;21,59;39,13;;257,51
15065157;Vietri sul Mare;Salerno;1;7.278;31,85;;73,02;83,10;47,59;25,62;82,30;362,28
20090001;Aggius;Sassari [fino 2024];Vedi aggregazione: UNIONE DEI COMUNI ALTA GALLURA;;;;;;;;;
20090062;Aglientu;Sassari [fino 2024];1;1.154;80,31;;309,50;158,02;69,09;58,52;15,31;690,76
20090002;Ala dei Sardi;Sassari [fino 2024];Vedi aggregazione: ASSOCIAZIONE COMUNI BUDDUSO' ALA' DEI SARDI;;;;;;;;;
20090003;Alghero;Sassari [fino 2024];1;42.352;8,49;16,79;34,66;13,91;14,81;101,13;28,01;221,39
20090004;Anela;Sassari [fino 2024];Vedi aggregazione: COMUNITA' MONTANA DEL GOCEANO;;;;;;;;;
20090005;Ardara;Sassari [fino 2024];Vedi aggregazione: UNIONE DEI COMUNI DEL LOGUDORO;;;;;;;;;
20090006;Arzachena;Sassari [fino 2024];1;13.331;38,32;28,90;175,44;65,19;42,36;19,29;126,08;495,58
20090081;Badesi;Sassari [fino 2024];Vedi aggregazione: UNIONE DEI COMUNI ALTA GALLURA;;;;;;;;;
20090008;Benetutti;Sassari [fino 2024];Vedi aggregazione: COMUNITA' MONTANA DEL GOCEANO;;;;;;;;;
20090009;Berchidda;Sassari [fino 2024];1;2.630;7,23;23,92;50,37;4,39;8,55;18,98;3,63;125,76
20090012;Bono - Dato aggregazione COMUNITA' MONTANA DEL GOCEANO;Sassari [fino 2024];10;10.600;18,63;4,49;76,92;9,91;2,21;17,33;5,78;135,27
20090014;Bortigiadas;Sassari [fino 2024];Vedi aggregazione: UNIONE DEI COMUNI ALTA GALLURA;;;;;;;;;
20090016;Bottidda;Sassari [fino 2024];Vedi aggregazione: COMUNITA' MONTANA DEL GOCEANO;;;;;;;;;
20090017;Budduso - Dato aggregazione ASSOCIAZIONE COMUNI BUDDUSO' ALA' DEI SARDI;Sassari [fino 2024];2;5.386;26,00;23,02;98,29;22,49;12,97;25,76;12,65;221,18
20090091;Budoni;Sassari [fino 2024];1;5.298;37,71;9,44;152,18;29,23;33,91;22,85;;285,31
20090018;Bultei;Sassari [fino 2024];Vedi aggregazione: COMUNITA' MONTANA DEL GOCEANO;;;;;;;;;
20090020;Burgos;Sassari [fino 2024];Vedi aggregazione: COMUNITA' MONTANA DEL GOCEANO;;;;;;;;;
20090021;Calangianus;Sassari [fino 2024];Vedi aggregazione: UNIONE DEI COMUNI ALTA GALLURA;;;;;;;;;
20090022;Cargeghe;Sassari [fino 2024];Vedi aggregazione: UNIONE DEI COMUNI DEL COROS;;;;;;;;;
20090023;Castelsardo;Sassari [fino 2024];1;5.651;49,16;15,81;82,92;9,71;33,23;16,63;60,58;268,58
20090026;Codrongianos;Sassari [fino 2024];Vedi aggregazione: ASSOCIAZIONE ARO AMBITO DI RECUPERO OTTIMALE - COMUNI DI FLORINAS, CODRONGIANOS E PLOAGHE;;;;;;;;;
20090088;Erula;Sassari [fino 2024];1;690;11,01;9,62;58,14;10,59;;16,30;6,22;111,89
20090028;Esporlatu;Sassari [fino 2024];Vedi aggregazione: COMUNITA' MONTANA DEL GOCEANO;;;;;;;;;
20090029;Florinas - Dato aggregazione ASSOCIAZIONE ARO AMBITO DI RECUPERO OTTIMALE - COMUNI DI FLORINAS, CODRONGIANOS E PLOAGHE;Sassari [fino 2024];3;7.069;47,36;22,17;43,72;3,35;;6,56;3,39;126,54
20090031;Illorai;Sassari [fino 2024];Vedi aggregazione: COMUNITA' MONTANA DEL GOCEANO;;;;;;;;;
20090032;Ittireddu;Sassari [fino 2024];Vedi aggregazione: UNIONE DEI COMUNI DEL LOGUDORO;;;;;;;;;
20090033;Ittiri - Dato aggregazione UNIONE DEI COMUNI DEL COROS;Sassari [fino 2024];9;29.170;12,39;4,28;82,88;14,01;3,05;17,78;6,42;152,07
20090035;La Maddalena;Sassari [fino 2024];1;10.617;30,87;81,39;115,39;2,02;44,44;28,28;54,17;356,57
20090034;Laerru;Sassari [fino 2024];1;859;77,14;;;72,98;;6,40;;156,51
20090084;Loiri Porto San Paolo;Sassari [fino 2024];1;3.641;61,92;66,71;161,77;;27,29;25,62;4,88;348,18
20090036;Luogosanto;Sassari [fino 2024];Vedi aggregazione: UNIONE DEI COMUNI ALTA GALLURA;;;;;;;;;
20090037;Luras;Sassari [fino 2024];Vedi aggregazione: UNIONE DEI COMUNI ALTA GALLURA;;;;;;;;;
20090038;Mara;Sassari [fino 2024];Vedi aggregazione: Unione Comuni del Villanova;;;;;;;;;
20090039;Martis;Sassari [fino 2024];1;471;13,82;8,70;73,03;9,95;;8,01;0,89;114,41
20090040;Monteleone Rocca Doria;Sassari [fino 2024];Vedi aggregazione: Unione Comuni del Villanova;;;;;;;;;
20090041;Monti;Sassari [fino 2024];1;2.331;4,88;7,67;55,75;11,10;10,69;4,38;21,09;117,46
20090042;Mores;Sassari [fino 2024];Vedi aggregazione: UNIONE DEI COMUNI DEL LOGUDORO;;;;;;;;;
20090043;Muros;Sassari [fino 2024];Vedi aggregazione: UNIONE DEI COMUNI DEL COROS;;;;;;;;;
20090044;Nughedu San Nicolo;Sassari [fino 2024];Vedi aggregazione: UNIONE DEI COMUNI DEL LOGUDORO;;;;;;;;;
20090045;Nule;Sassari [fino 2024];Vedi aggregazione: COMUNITA' MONTANA DEL GOCEANO;;;;;;;;;
20090047;Olbia;Sassari [fino 2024];1;60.385;17,78;50,27;104,60;5,68;54,16;33,80;32,40;298,70
20090048;Olmedo;Sassari [fino 2024];Vedi aggregazione: UNIONE DEI COMUNI DEL COROS;;;;;;;;;
20090049;Oschiri;Sassari [fino 2024];1;3.037;12,41;15,57;73,91;11,77;17,28;9,03;2,63;142,58
20090050;Osilo;Sassari [fino 2024];1;2.826;10,36;9,05;54,71;9,97;7,71;23,65;8,74;124,19
20090051;Ossi;Sassari [fino 2024];Vedi aggregazione: UNIONE DEI COMUNI DEL COROS;;;;;;;;;
20090052;Ozieri - Dato aggregazione UNIONE DEI COMUNI DEL LOGUDORO;Sassari [fino 2024];7;17.926;9,00;10,16;47,34;11,02;15,13;19,86;3,05;115,56
20090053;Padria;Sassari [fino 2024];Vedi aggregazione: Unione Comuni del Villanova;;;;;;;;;
20090090;Padru;Sassari [fino 2024];1;2.040;44,64;1,10;69,70;41,12;7,08;13,48;4,22;359,96
20090054;Palau;Sassari [fino 2024];1;4.034;30,80;73,90;212,93;42,34;72,81;66,06;50,07;548,91
20090055;Pattada;Sassari [fino 2024];Vedi aggregazione: UNIONE DEI COMUNI DEL LOGUDORO;;;;;;;;;
20090057;Ploaghe;Sassari [fino 2024];Vedi aggregazione: ASSOCIAZIONE ARO AMBITO DI RECUPERO OTTIMALE - COMUNI DI FLORINAS, CODRONGIANOS E PLOAGHE;;;;;;;;;
20090058;Porto Torres;Sassari [fino 2024];1;21.224;15,01;10,62;77,16;9,37;46,68;30,91;12,65;202,40
20090060;Putifigari;Sassari [fino 2024];Vedi aggregazione: UNIONE DEI COMUNI DEL COROS;;;;;;;;;
20090061;Romana;Sassari [fino 2024];1;496;31,71;18,63;13,93;6,41;;53,70;8,93;140,17
20090092;San Teodoro;Sassari [fino 2024];1;4.941;43,40;67,40;194,03;44,55;68,61;38,34;33,84;742,82
20090063;Santa Teresa Gallura;Sassari [fino 2024];Vedi aggregazione: UNIONE DEI COMUNI ALTA GALLURA;;;;;;;;;
20090064;Sassari;Sassari [fino 2024];1;121.657;13,45;23,44;47,24;8,52;36,05;38,97;47,34;215,02
20090065;Sedini;Sassari [fino 2024];Vedi aggregazione: ASSOCIAZIONE DEI COMUNI VALLEDORIA VIDDALBA SEDINI;;;;;;;;;
20090067;Sennori;Sassari [fino 2024];1;6.910;8,00;6,15;75,69;18,10;22,92;15,75;25,25;171,85
20090069;Sorso;Sassari [fino 2024];1;14.383;28,26;25,18;76,59;20,97;13,84;10,54;2,75;178,13
20090089;Stintino;Sassari [fino 2024];1;1.535;56,08;46,22;219,04;42,97;213,25;72,95;115,97;766,48
20090080;Telti;Sassari [fino 2024];1;2.222;18,81;5,97;42,94;;6,13;42,77;28,53;145,15
20090070;Tempio Pausania - Dato aggregazione UNIONE DEI COMUNI ALTA GALLURA;Sassari [fino 2024];8;30.260;17,17;22,84;85,07;19,75;36,91;15,84;18,35;219,81
20090086;Tergu;Sassari [fino 2024];1;605;14,19;8,93;76,52;10,22;12,02;38,31;28,93;189,12
20090072;Tissi;Sassari [fino 2024];Vedi aggregazione: UNIONE DEI COMUNI DEL COROS;;;;;;;;;
20090075;Tula;Sassari [fino 2024];Vedi aggregazione: UNIONE DEI COMUNI DEL LOGUDORO;;;;;;;;;
20090076;Uri;Sassari [fino 2024];Vedi aggregazione: UNIONE DEI COMUNI DEL COROS;;;;;;;;;
20090077;Usini;Sassari [fino 2024];Vedi aggregazione: UNIONE DEI COMUNI DEL COROS;;;;;;;;;
20090079;Valledoria - Dato aggregazione ASSOCIAZIONE DEI COMUNI VALLEDORIA VIDDALBA SEDINI;Sassari [fino 2024];3;7.074;35,47;6,45;70,94;6,77;11,82;13,99;79,21;225,70
20090082;Viddalba;Sassari [fino 2024];Vedi aggregazione: ASSOCIAZIONE DEI COMUNI VALLEDORIA VIDDALBA SEDINI;;;;;;;;;
20090078;Villanova Monteleone - Dato aggregazione Unione Comuni del Villanova;Sassari [fino 2024];4;3.370;5,25;15,70;66,38;15,57;7,87;12,46;5,41;128,63
07009001;Alassio;Savona;1;10.185;56,24;44,71;164,53;28,32;80,58;45,69;82,43;509,37
07009002;Albenga;Savona;1;23.555;23,74;27,81;47,19;19,97;50,85;29,81;19,42;218,78
07009004;Albisola Superiore;Savona;1;9.579;10,60;9,81;52,71;28,64;43,65;42,44;10,80;198,66
07009003;Albissola Marina;Savona;1;5.250;28,90;26,54;78,35;14,28;60,73;44,98;21,51;275,28
07009005;Altare;Savona;1;1.928;6,61;5,07;31,67;14,72;25,85;44,92;12,40;141,83
07009006;Andora;Savona;1;7.216;17,39;77,60;134,35;20,87;42,86;53,98;38,62;385,66
07009007;Arnasco;Savona;1;572;22,62;;64,21;7,34;10,96;24,58;0,42;130,13
07009008;Balestrino;Savona;1;526;20,28;3,76;97,03;11,41;;12,88;9,32;154,69
07009009;Bardineto;Savona;1;746;11,59;36,60;91,16;;24,40;14,44;8,67;193,50
07009010;Bergeggi;Savona;1;1.069;30,99;18,16;150,11;50,14;83,57;76,31;41,66;456,62
07009012;Borghetto Santo Spirito;Savona;1;4.601;33,06;52,19;152,59;15,09;63,87;65,10;75,74;457,64
07009013;Borgio Verezzi;Savona;1;2.075;47,68;32,90;168,69;;77,54;39,22;23,43;404,40
07009014;Bormida;Savona;1;343;9,41;;57,36;3,66;;51,64;20,93;162,71
07009015;Cairo Montenotte;Savona;1;12.651;19,10;9,57;42,92;18,86;36,86;40,16;8,69;176,16
07009017;Calizzano;Savona;1;1.424;15,39;13,18;70,65;17,62;10,38;11,04;4,03;148,27
07009019;Casanova Lerrone;Savona;1;726;33,54;30,56;46,50;15,94;6,32;24,70;15,52;167,98
07009020;Castelbianco;Savona;1;305;41,07;6,90;47,14;0,92;5,67;27,17;2,21;132,84
07009021;Castelvecchio di Rocca Barbena;Savona;1;131;214,47;10,02;;;;31,50;;255,99
07009022;Celle Ligure;Savona;1;4.914;47,92;21,14;141,52;31,17;58,05;60,56;39,73;400,10
07009023;Cengio;Savona;1;3.295;13,03;10,20;20,47;41,13;6,49;26,64;3,37;131,90
07009024;Ceriale;Savona;1;5.334;28,70;21,64;126,48;38,15;57,88;44,41;83,14;408,40
07009025;Cisano sul Neva;Savona;1;2.111;16,75;10,14;84,34;3,54;2,74;9,68;2,83;130,39
07009026;Cosseria;Savona;1;1.052;9,22;5,59;31,17;14,36;;54,08;53,33;192,94
07009027;Dego;Savona;1;1.854;10,14;6,38;37,41;19,03;2,66;24,43;30,49;130,55
07009028;Erli;Savona;1;214;18,24;9,03;58,23;8,56;;23,40;;117,46
07009029;Finale Ligure;Savona;1;11.160;22,83;26,12;127,78;45,53;88,00;59,57;38,08;407,92
07009030;Garlenda;Savona;1;1.345;21,12;8,14;107,25;9,33;12,26;28,25;12,11;198,71
07009032;Giusvalla;Savona;1;400;7,44;;29,22;16,42;;5,94;5,08;64,11
07009033;Laigueglia;Savona;1;1.683;50,76;22,50;153,17;36,02;175,47;175,34;51,99;665,26
07009034;Loano;Savona;1;10.784;42,16;48,96;114,59;13,71;44,57;32,56;9,53;307,01
07009035;Magliolo;Savona;1;938;23,53;5,80;92,49;15,96;;41,14;16,56;258,41
07009036;Mallare;Savona;1;1.055;64,80;21,32;;;1,90;27,59;;115,61
07009037;Massimino;Savona;1;97;21,22;6,01;94,26;;;65,92;;187,40
07009038;Millesimo;Savona;1;3.200;10,94;73,39;42,97;24,46;35,43;38,49;3,65;229,34
07009039;Mioglia;Savona;1;490;30,83;14,19;32,60;12,14;;23,74;15,53;129,51
07009041;Nasino;Savona;1;174;38,13;8,16;57,43;3,82;6,01;29,40;0,92;143,87
07009042;Noli;Savona;1;2.435;77,15;46,44;139,57;15,61;39,92;51,60;58,67;434,49
07009043;Onzo;Savona;1;216;18,98;4,01;75,78;14,61;;13,89;13,85;141,12
07009044;Orco Feglino;Savona;1;919;19,37;7,49;70,35;16,47;;25,67;5,13;144,58
07009045;Ortovero;Savona;1;1.586;87,01;;0,41;;2,87;8,08;38,42;136,79
07009046;Osiglia;Savona;1;442;9,80;4,11;43,93;12,27;;46,79;6,86;123,76
07009047;Pallare;Savona;1;899;10,09;11,53;44,35;17,70;;16,42;8,48;115,02
07009048;Piana Crixia;Savona;1;758;9,82;6,02;37,23;17,77;;23,85;15,68;112,29
07009049;Pietra Ligure;Savona;1;8.303;32,90;28,90;96,40;48,55;51,56;37,80;14,66;334,37
07009050;Plodio;Savona;1;622;16,34;14,70;52,50;2,85;2,44;45,14;0,75;134,73
07009051;Pontinvrea;Savona;1;822;63,11;21,24;26,94;;39,69;41,72;;192,71
07009052;Quiliano;Savona;1;6.881;15,15;7,74;40,55;20,14;8,39;19,18;4,73;115,87
07009053;Rialto;Savona;1;546;9,15;4,44;82,51;35,59;;23,35;28,42;267,17
07009054;Roccavignale;Savona;1;735;17,50;17,05;53,73;20,03;45,19;31,65;1,59;186,73
07009055;Sassello;Savona;1;1.746;40,58;16,74;70,94;19,44;;33,73;21,57;203,01
07009056;Savona;Savona;1;58.563;25,45;44,06;61,20;;22,96;52,84;13,91;233,80
07009057;Spotorno;Savona;1;3.509;36,91;15,76;98,52;62,69;93,81;76,64;91,77;473,62
07009058;Stella;Savona;1;2.919;18,17;10,20;66,69;0,22;3,81;18,56;3,58;121,23
07009059;Stellanello;Savona;1;852;31,94;24,15;11,22;8,11;4,59;8,94;10,04;99,08
07009061;Toirano;Savona;1;2.627;19,05;10,94;61,68;9,91;4,35;20,65;;126,59
07009062;Tovo San Giacomo;Savona;1;2.465;12,95;4,79;54,87;11,16;;26,09;9,55;135,37
07009063;Urbe;Savona;1;653;59,32;18,15;173,20;;;21,30;10,29;282,26
07009064;Vado Ligure;Savona;1;8.137;29,01;2,12;82,87;9,14;56,49;30,01;28,99;238,63
07009065;Varazze;Savona;1;12.572;32,11;33,24;69,11;26,48;63,04;69,38;47,53;340,90
07009066;Vendone;Savona;1;367;11,95;7,40;68,29;23,25;22,16;50,42;11,50;197,40
07009067;Vezzi Portio;Savona;1;789;11,07;34,98;31,16;6,29;;22,06;12,44;117,99
07009068;Villanova d'Albenga;Savona;1;2.757;30,20;;38,32;21,75;21,57;26,04;21,17;177,97
07009069;Zuccarello;Savona;1;286;117,21;8,74;;;55,51;24,40;148,48;354,34
09052001;Abbadia San Salvatore;Siena;1;6.048;21,04;15,84;50,40;78,49;30,18;33,63;17,74;247,34
09052002;Asciano;Siena;1;6.812;16,48;6,96;44,73;56,91;21,14;36,79;16,83;199,84
09052003;Buonconvento;Siena;1;3.002;27,37;16,84;39,40;73,86;28,78;21,84;9,04;477,27
09052006;Castelnuovo Berardenga;Siena;1;8.958;17,73;8,47;40,67;56,80;18,23;31,81;14,53;188,24
09052007;Castiglione d'Orcia;Siena;1;2.146;44,68;27,44;21,30;84,58;53,44;55,35;18,28;304,92
09052008;Cetona;Siena;1;2.496;33,00;17,56;32,78;75,94;14,83;49,36;11,34;235,20
09052009;Chianciano Terme;Siena;1;6.823;22,77;10,12;72,94;83,22;39,02;44,30;30,65;303,02
09052010;Chiusdino;Siena;1;1.765;33,79;11,75;59,96;73,59;31,78;26,31;10,72;252,52
09052011;Chiusi;Siena;1;8.073;14,77;5,97;71,41;62,00;25,54;35,38;23,83;238,91
09052012;Colle di Val d'Elsa;Siena;1;21.664;17,55;14,52;31,60;64,52;25,89;16,87;17,21;188,16
09052037;Montalcino;Siena;1;5.646;40,00;19,94;43,56;80,98;52,90;41,12;18,00;296,50
09052015;Montepulciano;Siena;1;13.362;23,71;12,88;58,42;78,94;50,31;44,01;29,89;312,31
09052016;Monteriggioni;Siena;1;10.087;12,81;12,95;40,81;71,45;13,94;26,72;17,86;196,54
09052017;Monteroni d'Arbia;Siena;1;8.978;16,64;4,54;37,84;54,11;22,48;37,26;13,84;186,72
09052021;Pienza;Siena;1;2.012;21,89;8,84;85,32;71,81;73,12;52,78;20,46;334,23
09052022;Poggibonsi;Siena;1;28.663;18,32;14,68;43,98;66,95;23,69;18,69;16,61;202,91
09052023;Radda in Chianti;Siena;1;1.493;40,11;35,63;38,45;125,68;5,13;78,35;28,26;351,60
09052025;Radicondoli;Siena;1;921;33,33;16,05;79,45;66,63;43,20;70,52;26,66;335,83
09052027;San Casciano dei Bagni;Siena;1;1.518;23,63;25,10;62,88;92,57;54,68;91,37;24,90;375,14
09052028;San Gimignano;Siena;1;7.528;33,68;18,35;67,89;84,35;30,40;29,75;25,54;289,96
09052030;San Quirico d'Orcia;Siena;1;2.613;21,40;15,88;45,17;73,88;33,90;34,96;19,89;245,07
09052032;Siena;Siena;1;53.724;30,49;17,28;50,07;71,31;55,46;30,81;24,02;279,45
09052033;Sinalunga;Siena;1;12.127;25,37;5,36;55,13;67,23;22,93;36,93;18,63;231,58
09052034;Sovicille;Siena;1;9.888;20,68;6,83;51,65;49,98;9,82;32,58;7,82;182,49
09052035;Torrita di Siena;Siena;1;7.001;25,45;5,39;53,02;62,13;25,54;27,96;16,45;215,95
09052036;Trequanda;Siena;1;1.196;21,17;9,65;61,52;62,52;53,34;46,76;5,13;260,08
19089001;Augusta;Siracusa;1;34.681;26,98;54,14;58,80;7,52;34,92;57,23;23,42;263,00
19089003;Buccheri;Siracusa;1;1.745;14,65;0,52;21,00;16,37;;80,92;5,50;191,51
19089004;Buscemi;Siracusa;1;967;29,10;8,42;32,83;12,89;7,90;7,42;12,17;110,72
19089005;Canicattini Bagni;Siracusa;1;6.566;18,91;19,03;44,11;7,10;13,94;26,06;;129,15
19089006;Carlentini;Siracusa;1;17.040;11,77;21,58;58,85;9,21;19,08;11,08;3,86;135,43
19089007;Cassaro;Siracusa;1;723;14,71;34,31;10,30;;;82,19;7,09;148,60
19089008;Ferla;Siracusa;1;2.311;16,38;9,64;61,51;9,81;0,13;12,92;;110,40
19089009;Floridia;Siracusa;1;21.258;65,42;11,48;43,64;;12,14;10,49;11,76;154,93
19089010;Francofonte;Siracusa;1;11.776;14,04;41,69;60,96;0,62;29,70;8,86;0,42;156,28
19089011;Lentini;Siracusa;1;21.778;50,20;38,57;21,51;7,03;47,81;0,92;;166,03
19089012;Melilli;Siracusa;1;13.102;82,80;32,87;51,26;28,09;34,53;43,98;5,28;294,91
19089014;Pachino;Siracusa;1;21.504;;39,87;;4,70;;5,13;;49,69
19089015;Palazzolo Acreide;Siracusa;1;8.193;8,82;20,32;34,97;25,48;10,04;53,35;15,40;172,00
19089021;Priolo Gargallo;Siracusa;1;11.408;104,46;41,98;20,53;8,77;69,64;86,20;;331,58
19089016;Rosolini;Siracusa;1;20.545;11,73;;38,59;;12,67;5,37;3,95;76,20
19089017;Siracusa;Siracusa;1;116.447;75,32;30,93;45,19;35,06;30,09;17,83;18,51;252,93
19089018;Solarino;Siracusa;1;7.516;25,71;15,74;66,61;20,12;32,96;15,44;7,50;184,07
19089019;Sortino;Siracusa;1;8.310;11,22;21,05;58,56;9,97;19,48;10,38;;131,15
03014001;Albaredo per San Marco;Sondrio;1;291;5,63;16,07;50,92;27,29;3,76;21,57;31,37;164,85
03014002;Albosaggia;Sondrio;1;3.012;17,71;25,65;21,34;21,77;;13,06;9,88;109,41
03014003;Andalo Valtellino;Sondrio;1;597;23,43;39,61;25,77;20,37;;9,89;9,72;137,75
03014004;Aprica;Sondrio;1;1.503;64,05;57,12;111,37;53,53;13,68;22,28;19,40;346,54
03014005;Ardenno;Sondrio;1;3.209;14,19;22,12;29,88;33,22;2,70;13,41;9,56;125,07
03014006;Bema;Sondrio;1;117;81,52;34,02;22,09;28,09;39,59;55,88;10,28;271,48
03014007;Berbenno di Valtellina;Sondrio;1;4.046;17,18;36,74;26,35;19,28;0,16;7,75;20,98;128,44
03014008;Bianzone;Sondrio;1;1.263;18,30;22,81;29,74;25,62;5,01;12,73;8,20;122,40
03014009;Bormio;Sondrio;1;3.991;43,81;78,42;129,60;88,00;48,68;16,65;7,84;513,95
03014010;Buglio in Monte;Sondrio;1;1.946;17,47;40,08;17,47;14,39;;17,99;1,54;108,94
03014012;Campodolcino;Sondrio;1;927;88,70;57,89;57,54;40,86;15,36;76,46;;336,81
03014013;Caspoggio;Sondrio;Vedi aggregazione: Unione dei Comuni Lombarda della Valmalenco;;;;;;;;;
03014014;Castello dell'Acqua;Sondrio;1;614;24,21;20,82;6,05;18,67;8,82;48,63;6,58;133,78
03014015;Castione Andevenno;Sondrio;1;1.528;25,28;41,48;35,16;28,39;5,25;23,26;11,41;170,23
03014016;Cedrasco;Sondrio;1;422;12,32;13,43;23,14;14,74;11,27;18,72;10,86;104,47
03014017;Cercino;Sondrio;1;776;28,92;21,70;11,03;17,68;;6,78;1,35;87,45
03014018;Chiavenna;Sondrio;1;7.161;24,95;35,42;23,19;29,93;19,26;12,05;12,14;170,65
03014019;Chiesa in Valmalenco - Dato aggregazione Unione dei Comuni Lombarda della Valmalenco;Sondrio;3;4.926;41,31;25,77;41,97;33,10;11,48;27,12;8,80;189,55
03014020;Chiuro;Sondrio;1;2.406;21,08;27,71;44,05;39,41;5,87;13,28;22,44;173,84
03014021;Cino;Sondrio;1;331;31,79;22,23;12,48;16,63;;12,69;;95,82
03014022;Civo;Sondrio;1;1.111;51,13;35,84;102,36;21,31;0,27;23,29;9,24;243,44
03014023;Colorina;Sondrio;1;1.376;20,83;25,40;23,33;12,32;0,69;6,24;6,02;94,83
03014024;Cosio Valtellino;Sondrio;1;5.445;14,73;29,03;14,10;17,55;6,48;9,93;10,23;102,04
03014025;Dazio;Sondrio;1;482;39,74;34,23;78,70;26,38;6,93;14,74;11,47;252,82
03014026;Delebio;Sondrio;1;3.310;20,90;34,08;33,95;26,24;2,75;8,70;9,94;136,57
03014027;Dubino;Sondrio;1;3.723;15,59;31,43;12,21;26,74;;6,93;9,65;102,54
03014028;Faedo Valtellino;Sondrio;1;503;25,98;20,92;24,28;15,26;;34,10;;120,53
03014029;Forcola;Sondrio;1;762;22,78;18,69;34,77;19,76;1,37;11,20;6,48;115,05
03014030;Fusine;Sondrio;1;552;9,41;42,63;21,87;17,70;7,16;14,42;;113,18
03014031;Gerola Alta;Sondrio;1;161;158,02;77,35;93,57;62,28;14,45;58,83;23,07;487,57
03014032;Gordona;Sondrio;1;1.925;3,79;18,11;28,93;16,57;11,41;10,04;12,33;101,59
03014033;Grosio;Sondrio;1;4.356;14,45;41,15;22,76;17,22;1,90;1,66;3,83;136,49
03014034;Grosotto;Sondrio;1;1.642;21,62;51,29;16,71;18,71;12,77;8,54;10,96;156,67
03014036;Lanzada;Sondrio;Vedi aggregazione: Unione dei Comuni Lombarda della Valmalenco;;;;;;;;;
03014037;Livigno;Sondrio;1;6.904;116,19;91,66;69,97;55,49;1,72;13,03;66,37;509,19
03014038;Lovero;Sondrio;1;625;21,96;25,55;10,99;24,56;11,16;3,68;6,14;104,04
03014039;Mantello;Sondrio;1;754;22,87;28,66;23,65;21,78;0,27;5,55;8,30;111,07
03014040;Mazzo di Valtellina;Sondrio;1;1.024;21,99;26,12;21,37;18,64;8,10;9,86;;106,08
03014041;Mello;Sondrio;1;928;15,13;20,43;23,27;16,43;3,27;8,36;7,17;94,06
03014043;Mese;Sondrio;1;1.798;15,94;23,37;12,12;19,96;0,46;14,58;7,19;93,63
03014045;Morbegno;Sondrio;1;12.206;15,58;30,72;25,90;25,83;1,97;6,28;10,56;116,83
03014046;Novate Mezzola;Sondrio;1;1.881;23,72;32,02;38,60;27,98;5,15;12,02;9,97;160,37
03014047;Pedesina;Sondrio;1;35;198,46;61,54;163,89;41,00;;277,71;16,71;759,31
03014048;Piantedo;Sondrio;1;1.412;22,90;42,64;29,45;31,29;1,91;10,45;12,13;151,68
03014049;Piateda;Sondrio;1;2.066;28,03;31,86;15,08;21,78;0,28;9,72;14,39;121,16
03014050;Piuro;Sondrio;1;1.873;18,91;7,57;58,69;46,83;2,31;6,64;11,59;172,67
03014052;Ponte in Valtellina;Sondrio;1;2.250;17,11;24,45;38,48;24,77;0,45;4,53;8,27;118,07
03014055;Rasura;Sondrio;1;291;46,33;31,71;25,35;8,19;12,02;43,29;6,13;173,03
03014056;Rogolo;Sondrio;1;561;28,86;39,42;34,14;;6,12;32,13;10,84;151,51
03014057;Samolaco;Sondrio;1;2.860;15,01;19,85;20,76;14,54;8,97;20,44;5,64;105,20
03014058;San Giacomo Filippo;Sondrio;1;369;74,34;41,92;70,47;30,85;12,10;23,51;11,95;267,86
03014059;Sernio;Sondrio;1;476;23,50;23,20;12,17;17,05;6,20;6,32;6,61;95,05
03014060;Sondalo;Sondrio;1;3.897;24,46;30,60;22,89;19,89;15,03;7,62;10,15;135,15
03014061;Sondrio;Sondrio;1;21.180;53,63;35,75;50,70;30,09;3,40;6,52;13,69;193,77
03014062;Spriana;Sondrio;Vedi aggregazione: Unione comuni Spriana-Torre di Santa Maria;;;;;;;;;
03014063;Talamona;Sondrio;1;4.620;13,17;;13,18;61,11;3,79;;2,30;93,54
03014064;Tartano;Sondrio;1;196;82,60;57,86;129,51;33,05;23,03;37,46;14,06;384,46
03014066;Tirano;Sondrio;1;8.788;26,06;36,34;34,20;26,07;5,13;5,81;12,25;159,15
03014067;Torre di Santa Maria - Dato aggregazione Unione comuni Spriana-Torre di Santa Maria;Sondrio;2;823;36,85;24,16;37,71;11,54;0,08;;;110,35
03014068;Tovo di Sant'Agata;Sondrio;1;626;22,80;22,47;7,60;15,10;15,36;7,68;9,04;100,06
03014069;Traona;Sondrio;1;2.815;17,08;21,25;26,21;19,08;10,59;14,17;6,72;115,09
03014070;Tresivio;Sondrio;1;1.994;21,45;27,31;35,49;20,66;5,30;8,85;7,89;127,52
03014074;Val Masino;Sondrio;1;839;56,96;41,85;49,60;19,87;4,90;20,73;;193,90
03014071;Valdidentro;Sondrio;1;4.129;41,79;36,50;42,56;28,07;2,11;;4,56;155,58
03014072;Valdisotto;Sondrio;1;3.595;42,72;28,12;51,20;15,54;2,33;3,55;;153,80
03014073;Valfurva;Sondrio;1;2.508;53,08;25,68;52,11;13,56;11,69;9,60;12,57;205,17
03014075;Verceia;Sondrio;1;1.059;20,90;33,84;29,51;20,56;3,20;21,20;19,14;170,60
03014076;Vervio;Sondrio;1;202;56,17;31,10;27,00;17,79;4,21;7,58;7,89;151,75
03014077;Villa di Chiavenna;Sondrio;1;968;33,33;43,25;31,15;24,28;2,25;6,87;15,90;170,46
03014078;Villa di Tirano;Sondrio;1;2.973;22,23;32,66;31,33;28,29;4,33;8,45;9,69;157,45
20111002;Armungia;Sud Sardegna [fino 2024];Vedi aggregazione: UNIONE DEI COMUNI DEL GERREI;;;;;;;;;
20111003;Ballao;Sud Sardegna [fino 2024];Vedi aggregazione: UNIONE DEI COMUNI DEL GERREI;;;;;;;;;
20111004;Barrali;Sud Sardegna [fino 2024];Vedi aggregazione: UNIONE DEI COMUNI DEL PARTEOLLA E BASSO CAMPIDANO;;;;;;;;;
20111005;Barumini;Sud Sardegna [fino 2024];Vedi aggregazione: UNIONE COMUNI MARMILLA;;;;;;;;;
20111007;Burcei;Sud Sardegna [fino 2024];1;2.646;22,19;15,27;73,37;10,26;10,30;20,24;13,90;165,53
20111008;Calasetta;Sud Sardegna [fino 2024];1;2.773;12,51;14,56;87,67;33,11;28,01;58,92;18,91;253,68
20111009;Carbonia;Sud Sardegna [fino 2024];1;26.390;11,49;14,86;63,90;21,68;30,99;13,60;38,23;194,75
20111010;Carloforte;Sud Sardegna [fino 2024];1;5.953;17,17;17,69;122,45;16,01;45,49;32,81;18,18;270,64
20111011;Castiadas;Sud Sardegna [fino 2024];1;1.651;103,62;14,35;103,62;;;21,71;;243,31
20111012;Collinas;Sud Sardegna [fino 2024];Vedi aggregazione: UNIONE COMUNI MARMILLA;;;;;;;;;
20111013;Decimoputzu;Sud Sardegna [fino 2024];1;4.164;7,04;14,73;25,97;10,50;2,93;13,39;27,87;102,43
20111014;Dolianova - Dato aggregazione UNIONE DEI COMUNI DEL PARTEOLLA E BASSO CAMPIDANO;Sud Sardegna [fino 2024];6;23.795;10,04;34,55;40,18;;5,58;9,36;0,91;100,61
20111016;Domusnovas;Sud Sardegna [fino 2024];1;5.886;28,65;26,16;51,59;16,24;;20,23;;144,76
20111017;Donori;Sud Sardegna [fino 2024];Vedi aggregazione: UNIONE DEI COMUNI DEL PARTEOLLA E BASSO CAMPIDANO;;;;;;;;;
20111018;Escalaplano;Sud Sardegna [fino 2024];Vedi aggregazione: COMUNITA' MONTANA DEL SARCIDANO BARBAGIA DI SEULO;;;;;;;;;
20111019;Escolca;Sud Sardegna [fino 2024];Vedi aggregazione: COMUNITA' MONTANA DEL SARCIDANO BARBAGIA DI SEULO;;;;;;;;;
20111020;Esterzili;Sud Sardegna [fino 2024];Vedi aggregazione: COMUNITA' MONTANA DEL SARCIDANO BARBAGIA DI SEULO;;;;;;;;;
20111022;Furtei;Sud Sardegna [fino 2024];Vedi aggregazione: UNIONE COMUNI MARMILLA;;;;;;;;;
20111023;Genoni;Sud Sardegna [fino 2024];Vedi aggregazione: COMUNITA' MONTANA DEL SARCIDANO BARBAGIA DI SEULO;;;;;;;;;
20111024;Genuri;Sud Sardegna [fino 2024];Vedi aggregazione: UNIONE COMUNI MARMILLA;;;;;;;;;
20111025;Gergei;Sud Sardegna [fino 2024];1;1.129;18,78;;28,80;;;12,70;;60,28
20111026;Gesico;Sud Sardegna [fino 2024];Vedi aggregazione: UNIONE DEI COMUNI DELLA TREXENTA;;;;;;;;;
20111027;Gesturi;Sud Sardegna [fino 2024];Vedi aggregazione: UNIONE COMUNI MARMILLA;;;;;;;;;
20111028;Giba;Sud Sardegna [fino 2024];1;1.889;18,14;20,17;49,49;16,01;4,29;9,13;1,20;144,78
20111029;Goni;Sud Sardegna [fino 2024];Vedi aggregazione: UNIONE DEI COMUNI DEL GERREI;;;;;;;;;
20111031;Gonnosfanadiga;Sud Sardegna [fino 2024];1;6.185;16,34;18,77;43,45;13,38;8,03;15,64;14,85;130,93
20111033;Guasila - Dato aggregazione UNIONE DEI COMUNI DELLA TREXENTA;Sud Sardegna [fino 2024];7;9.464;15,13;8,62;68,91;14,76;;15,96;5,77;129,14
20111034;Guspini;Sud Sardegna [fino 2024];1;11.060;10,86;27,30;62,55;;29,54;15,62;12,14;158,01
20111035;Iglesias;Sud Sardegna [fino 2024];1;25.288;10,23;40,67;62,93;;35,69;17,59;15,90;186,44
20111036;Isili - Dato aggregazione COMUNITA' MONTANA DEL SARCIDANO BARBAGIA DI SEULO;Sud Sardegna [fino 2024];15;18.673;17,43;8,84;85,11;11,91;;18,10;7,34;148,74
20111037;Las Plassas;Sud Sardegna [fino 2024];Vedi aggregazione: UNIONE COMUNI MARMILLA;;;;;;;;;
20111038;Lunamatrona;Sud Sardegna [fino 2024];Vedi aggregazione: UNIONE COMUNI MARMILLA;;;;;;;;;
20111039;Mandas;Sud Sardegna [fino 2024];1;2.009;48,63;18,07;10,12;3,76;;18,81;7,29;106,68
20111040;Masainas;Sud Sardegna [fino 2024];1;1.217;12,11;18,29;72,90;14,68;7,26;;;125,25
20111041;Monastir;Sud Sardegna [fino 2024];Vedi aggregazione: CONSORZIO INTERCOMUNALE DI SALVAGUARDIA AMBIENTALE;;;;;;;;;
20111042;Muravera;Sud Sardegna [fino 2024];1;5.131;118,89;36,17;118,89;16,89;31,92;38,80;62,66;424,23
20111045;Nuragus;Sud Sardegna [fino 2024];Vedi aggregazione: COMUNITA' MONTANA DEL SARCIDANO BARBAGIA DI SEULO;;;;;;;;;
20111046;Nurallao;Sud Sardegna [fino 2024];Vedi aggregazione: COMUNITA' MONTANA DEL SARCIDANO BARBAGIA DI SEULO;;;;;;;;;
20111047;Nuraminis;Sud Sardegna [fino 2024];Vedi aggregazione: CONSORZIO INTERCOMUNALE DI SALVAGUARDIA AMBIENTALE;;;;;;;;;
20111048;Nurri;Sud Sardegna [fino 2024];Vedi aggregazione: COMUNITA' MONTANA DEL SARCIDANO BARBAGIA DI SEULO;;;;;;;;;
20111049;Nuxis;Sud Sardegna [fino 2024];1;1.434;18,89;31,66;70,99;15,99;8,01;23,36;;168,90
20111050;Orroli;Sud Sardegna [fino 2024];Vedi aggregazione: COMUNITA' MONTANA DEL SARCIDANO BARBAGIA DI SEULO;;;;;;;;;
20111051;Ortacesus;Sud Sardegna [fino 2024];Vedi aggregazione: UNIONE DEI COMUNI DELLA TREXENTA;;;;;;;;;
20111052;Pabillonis;Sud Sardegna [fino 2024];1;2.510;10,62;17,95;45,28;23,68;8,43;43,48;7,88;157,31
20111053;Pauli Arbarei;Sud Sardegna [fino 2024];Vedi aggregazione: UNIONE COMUNI MARMILLA;;;;;;;;;
20111054;Perdaxius;Sud Sardegna [fino 2024];1;1.310;19,35;15,92;34,73;5,23;2,29;20,30;;97,82
20111055;Pimentel;Sud Sardegna [fino 2024];Vedi aggregazione: UNIONE DEI COMUNI DELLA TREXENTA;;;;;;;;;
20111056;Piscinas;Sud Sardegna [fino 2024];1;816;15,20;31,94;53,94;;9,57;13,27;2,19;126,11
20111057;Portoscuso;Sud Sardegna [fino 2024];1;4.859;15,62;33,50;83,29;;26,38;28,03;16,34;203,16
20111058;Sadali;Sud Sardegna [fino 2024];Vedi aggregazione: COMUNITA' MONTANA DEL SARCIDANO BARBAGIA DI SEULO;;;;;;;;;
20111059;Samassi;Sud Sardegna [fino 2024];1;4.817;9,80;13,60;42,96;16,19;;25,04;3,08;110,68
20111060;Samatzai;Sud Sardegna [fino 2024];Vedi aggregazione: CONSORZIO INTERCOMUNALE DI SALVAGUARDIA AMBIENTALE;;;;;;;;;
20111061;San Basilio;Sud Sardegna [fino 2024];Vedi aggregazione: UNIONE DEI COMUNI DEL GERREI;;;;;;;;;
20111062;San Gavino Monreale;Sud Sardegna [fino 2024];1;8.119;6,14;43,18;26,31;27,97;6,50;19,49;4,15;133,74
20111063;San Giovanni Suergiu;Sud Sardegna [fino 2024];1;5.673;11,32;6,98;64,24;2,13;24,91;10,17;3,91;127,18
20111064;San Nicolo Gerrei - Dato aggregazione UNIONE DEI COMUNI DEL GERREI;Sud Sardegna [fino 2024];8;7.215;15,12;12,26;74,08;8,45;;2,81;;112,71
20111065;San Sperate;Sud Sardegna [fino 2024];1;8.352;14,93;11,18;54,23;15,45;9,43;19,14;8,44;132,80
20111066;San Vito;Sud Sardegna [fino 2024];1;3.436;50,80;25,94;33,86;;;37,90;3,67;152,18
20111067;Sanluri;Sud Sardegna [fino 2024];Vedi aggregazione: UNIONE COMUNI MARMILLA;;;;;;;;;
20111068;Santadi;Sud Sardegna [fino 2024];1;3.156;11,00;12,98;79,35;15,86;12,69;8,81;9,86;150,55
20111069;Sant'Andrea Frius;Sud Sardegna [fino 2024];Vedi aggregazione: UNIONE DEI COMUNI DEL GERREI;;;;;;;;;
20111070;Sant'Anna Arresi;Sud Sardegna [fino 2024];1;2.628;15,09;24,79;84,96;16,13;15,43;81,71;23,94;263,36
20111071;Sant'Antioco;Sud Sardegna [fino 2024];1;10.670;13,81;13,39;62,04;24,88;39,45;25,17;6,06;184,81
20111072;Sardara;Sud Sardegna [fino 2024];1;3.824;12,33;35,53;30,05;30,28;5,20;40,19;4,08;162,40
20111073;Segariu;Sud Sardegna [fino 2024];Vedi aggregazione: UNIONE COMUNI MARMILLA;;;;;;;;;
20111074;Selegas;Sud Sardegna [fino 2024];Vedi aggregazione: UNIONE DEI COMUNI DELLA TREXENTA;;;;;;;;;
20111076;Serdiana;Sud Sardegna [fino 2024];Vedi aggregazione: UNIONE DEI COMUNI DEL PARTEOLLA E BASSO CAMPIDANO;;;;;;;;;
20111077;Serramanna;Sud Sardegna [fino 2024];1;8.614;9,74;16,47;32,40;21,72;13,80;17,78;25,44;146,19
20111078;Serrenti;Sud Sardegna [fino 2024];1;4.557;11,64;23,82;49,55;8,53;;16,43;10,20;120,17
20111079;Serri;Sud Sardegna [fino 2024];Vedi aggregazione: COMUNITA' MONTANA DEL SARCIDANO BARBAGIA DI SEULO;;;;;;;;;
20111080;Setzu;Sud Sardegna [fino 2024];Vedi aggregazione: UNIONE COMUNI MARMILLA;;;;;;;;;
20111081;Seui;Sud Sardegna [fino 2024];Vedi aggregazione: COMUNITA' MONTANA DEL SARCIDANO BARBAGIA DI SEULO;;;;;;;;;
20111082;Seulo;Sud Sardegna [fino 2024];Vedi aggregazione: COMUNITA' MONTANA DEL SARCIDANO BARBAGIA DI SEULO;;;;;;;;;
20111083;Siddi;Sud Sardegna [fino 2024];Vedi aggregazione: UNIONE COMUNI MARMILLA;;;;;;;;;
20111084;Siliqua;Sud Sardegna [fino 2024];1;3.586;11,52;12,19;44,09;36,58;1,02;10,68;1,90;117,99
20111085;Silius;Sud Sardegna [fino 2024];Vedi aggregazione: UNIONE DEI COMUNI DEL GERREI;;;;;;;;;
20111086;Siurgus Donigala;Sud Sardegna [fino 2024];Vedi aggregazione: UNIONE DEI COMUNI DELLA TREXENTA;;;;;;;;;
20111087;Soleminis;Sud Sardegna [fino 2024];Vedi aggregazione: UNIONE DEI COMUNI DEL PARTEOLLA E BASSO CAMPIDANO;;;;;;;;;
20111088;Suelli;Sud Sardegna [fino 2024];Vedi aggregazione: UNIONE DEI COMUNI DELLA TREXENTA;;;;;;;;;
20111089;Teulada;Sud Sardegna [fino 2024];1;3.293;29,28;26,41;94,94;19,19;28,74;35,24;28,48;313,80
20111090;Tratalias;Sud Sardegna [fino 2024];1;993;28,48;14,85;88,24;22,55;1,11;22,08;3,97;181,28
20111091;Tuili;Sud Sardegna [fino 2024];Vedi aggregazione: UNIONE COMUNI MARMILLA;;;;;;;;;
20111092;Turri;Sud Sardegna [fino 2024];Vedi aggregazione: UNIONE COMUNI MARMILLA;;;;;;;;;
20111094;Ussaramanna;Sud Sardegna [fino 2024];Vedi aggregazione: UNIONE COMUNI MARMILLA;;;;;;;;;
20111096;Villacidro;Sud Sardegna [fino 2024];1;13.216;10,78;25,14;56,45;1,34;16,82;12,71;20,31;143,55
20111097;Villamar - Dato aggregazione UNIONE COMUNI MARMILLA;Sud Sardegna [fino 2024];18;23.392;9,57;11,87;47,57;20,11;1,57;12,51;7,15;123,50
20111099;Villanova Tulo;Sud Sardegna [fino 2024];Vedi aggregazione: COMUNITA' MONTANA DEL SARCIDANO BARBAGIA DI SEULO;;;;;;;;;
20111100;Villanovaforru;Sud Sardegna [fino 2024];Vedi aggregazione: UNIONE COMUNI MARMILLA;;;;;;;;;
20111101;Villanovafranca;Sud Sardegna [fino 2024];Vedi aggregazione: UNIONE COMUNI MARMILLA;;;;;;;;;
20111102;Villaperuccio;Sud Sardegna [fino 2024];1;1.007;39,97;28,51;42,68;;3,01;4,77;6,60;125,54
20111103;Villaputzu;Sud Sardegna [fino 2024];1;4.473;27,81;18,02;88,62;19,47;26,25;20,24;3,80;204,22
20111104;Villasalto;Sud Sardegna [fino 2024];Vedi aggregazione: UNIONE DEI COMUNI DEL GERREI;;;;;;;;;
20111105;Villasimius;Sud Sardegna [fino 2024];1;3.685;32,76;38,05;272,73;38,32;75,83;70,86;146,86;801,00
20111106;Villasor - Dato aggregazione CONSORZIO INTERCOMUNALE DI SALVAGUARDIA AMBIENTALE;Sud Sardegna [fino 2024];4;14.858;11,95;14,94;63,44;24,27;16,55;11,17;10,03;152,35
20111107;Villaspeciosa;Sud Sardegna [fino 2024];1;2.519;15,31;13,89;65,67;13,10;6,38;2,01;13,17;129,54
16073001;Avetrana;Taranto;1;6.278;18,88;19,49;49,14;26,31;10,17;28,96;22,60;175,56
16073002;Carosino;Taranto;1;6.603;10,82;13,27;51,35;33,01;5,83;17,35;20,35;154,07
16073003;Castellaneta;Taranto;1;16.365;27,62;30,74;84,38;38,04;41,42;23,81;5,43;251,43
16073004;Crispiano;Taranto;1;13.211;14,69;;62,22;39,70;19,52;24,91;11,74;172,78
16073007;Ginosa;Taranto;1;21.829;40,22;19,81;35,95;20,68;19,77;16,20;3,49;156,12
16073008;Grottaglie;Taranto;1;30.781;;45,33;;7,87;;3,35;24,65;81,19
16073009;Laterza;Taranto;1;14.865;4,39;13,45;30,17;8,86;11,11;52,16;24,96;145,10
16073011;Lizzano;Taranto;1;9.575;11,90;21,61;65,93;33,75;25,32;15,07;18,12;193,98
16073013;Martina Franca;Taranto;1;47.070;17,92;8,73;38,92;15,99;28,63;19,73;59,60;189,53
16073014;Maruggio;Taranto;1;5.245;61,00;34,02;99,44;55,85;0,55;3,33;;254,19
16073015;Massafra;Taranto;1;32.032;19,65;19,75;41,43;31,28;9,78;15,93;10,12;153,66
16073016;Monteiasi;Taranto;1;5.370;72,45;14,15;;20,73;5,88;8,75;38,42;175,69
16073017;Montemesola;Taranto;1;3.587;15,53;11,85;50,30;28,98;22,11;29,01;14,22;174,22
16073020;Palagianello;Taranto;1;7.642;;18,74;;17,84;;8,80;16,85;62,23
16073021;Palagiano;Taranto;1;15.736;13,42;37,44;49,59;22,12;7,23;16,90;21,74;168,45
16073024;San Giorgio Ionico;Taranto;1;14.310;5,70;;52,09;;33,56;3,23;1,22;95,80
16073026;Sava;Taranto;1;15.337;7,65;17,47;50,69;40,55;18,35;24,93;22,90;192,72
16073029;Statte;Taranto;1;13.015;24,94;25,56;41,54;12,71;40,83;13,50;15,33;181,39
16073027;Taranto;Taranto;1;189.171;34,78;;45,65;;30,53;33,67;4,89;149,53
16073028;Torricella;Taranto;1;4.139;152,77;38,85;;76,28;24,89;9,28;;302,07
13067001;Alba Adriatica;Teramo;Vedi aggregazione: UNIONE DI COMUNI CITTA TERRITORIO VAL VIBRATA;;;;;;;;;
13067002;Ancarano;Teramo;Vedi aggregazione: UNIONE DI COMUNI CITTA TERRITORIO VAL VIBRATA;;;;;;;;;
13067003;Arsita;Teramo;Vedi aggregazione: CONSORZIO PIOMBAFINO;;;;;;;;;
13067004;Atri;Teramo;1;10.071;22,44;39,78;57,19;24,33;22,16;69,24;;256,10
13067005;Basciano;Teramo;1;2.336;7,91;25,77;68,38;;6,67;11,37;5,07;144,56
13067006;Bellante;Teramo;1;6.837;17,58;11,13;41,53;19,46;6,72;14,25;13,89;124,56
13067007;Bisenti;Teramo;Vedi aggregazione: CONSORZIO PIOMBAFINO;;;;;;;;;
13067008;Campli;Teramo;1;6.569;19,82;19,15;66,38;17,95;19,09;27,57;5,31;175,27
13067010;Castel Castagna;Teramo;1;448;25,88;;18,41;;18,03;36,01;1,06;99,39
13067011;Castellalto;Teramo;1;7.331;8,92;18,08;32,17;32,10;5,93;17,92;38,58;154,39
13067012;Castelli;Teramo;1;982;12,66;;133,63;;3,17;14,52;;163,98
13067013;Castiglione Messer Raimondo - Dato aggregazione CONSORZIO PIOMBAFINO;Teramo;4;5.849;11,74;12,35;49,94;17,65;4,38;18,57;18,77;140,29
13067014;Castilenti;Teramo;Vedi aggregazione: CONSORZIO PIOMBAFINO;;;;;;;;;
13067016;Cermignano;Teramo;1;1.448;9,78;13,44;53,82;11,09;2,69;;10,74;106,75
13067017;Civitella del Tronto;Teramo;Vedi aggregazione: UNIONE DI COMUNI CITTA TERRITORIO VAL VIBRATA;;;;;;;;;
13067018;Colledara;Teramo;1;2.091;10,83;21,31;61,50;12,91;;30,68;;137,23
13067019;Colonnella;Teramo;Vedi aggregazione: UNIONE DI COMUNI CITTA TERRITORIO VAL VIBRATA;;;;;;;;;
13067020;Controguerra;Teramo;Vedi aggregazione: UNIONE DI COMUNI CITTA TERRITORIO VAL VIBRATA;;;;;;;;;
13067021;Corropoli;Teramo;Vedi aggregazione: UNIONE DI COMUNI CITTA TERRITORIO VAL VIBRATA;;;;;;;;;
13067022;Cortino;Teramo;1;600;32,32;30,13;80,79;;;18,33;;161,57
13067023;Crognaleto;Teramo;1;1.131;25,59;13,52;153,54;15,41;;;10,66;191,31
13067024;Fano Adriano;Teramo;1;257;35,20;12,19;;16,63;;35,02;9,36;108,40
13067025;Giulianova;Teramo;1;23.423;23,06;20,24;77,09;43,97;35,30;26,08;13,10;238,84
13067026;Isola del Gran Sasso d'Italia;Teramo;1;4.426;9,57;14,40;;;7,58;21,64;7,21;60,80
13067047;Martinsicuro;Teramo;Vedi aggregazione: UNIONE DI COMUNI CITTA TERRITORIO VAL VIBRATA;;;;;;;;;
13067029;Morro d'Oro;Teramo;1;3.554;7,59;16,92;32,16;24,40;9,89;17,94;17,91;126,80
13067030;Mosciano Sant'Angelo;Teramo;1;9.123;17,52;;65,69;38,07;19,58;22,56;29,31;214,40
13067031;Nereto;Teramo;Vedi aggregazione: UNIONE DI COMUNI CITTA TERRITORIO VAL VIBRATA;;;;;;;;;
13067032;Notaresco;Teramo;1;6.326;10,21;;50,34;30,33;8,87;51,39;3,11;154,25
13067033;Penna Sant'Andrea;Teramo;1;1.638;12,21;8,55;66,03;15,53;6,30;14,04;;122,66
13067034;Pietracamela;Teramo;1;220;489,90;37,50;;29,99;103,32;4,77;;665,48
13067035;Pineto;Teramo;1;14.470;51,42;18,07;59,64;34,86;109,44;30,28;0,07;303,78
13067037;Roseto degli Abruzzi;Teramo;1;25.511;15,64;18,22;65,93;25,47;43,32;40,12;66,39;329,79
13067038;Sant'Egidio alla Vibrata;Teramo;Vedi aggregazione: UNIONE DI COMUNI CITTA TERRITORIO VAL VIBRATA;;;;;;;;;
13067039;Sant'Omero - Dato aggregazione UNIONE DI COMUNI CITTA TERRITORIO VAL VIBRATA;Teramo;12;79.976;19,06;32,47;35,77;35,30;15,47;33,97;21,72;198,28
13067040;Silvi;Teramo;1;15.309;5,94;19,93;9,22;39,06;2,21;139,19;;215,54
13067041;Teramo;Teramo;1;51.891;17,86;19,79;84,95;21,94;14,98;32,33;15,82;207,67
13067042;Torano Nuovo;Teramo;Vedi aggregazione: UNIONE DI COMUNI CITTA TERRITORIO VAL VIBRATA;;;;;;;;;
13067043;Torricella Sicura;Teramo;1;2.446;15,65;16,49;84,97;;12,26;3,94;;133,31
13067044;Tortoreto;Teramo;Vedi aggregazione: UNIONE DI COMUNI CITTA TERRITORIO VAL VIBRATA;;;;;;;;;
10055002;Allerona;Terni;1;1.673;17,58;20,38;68,56;11,21;41,60;28,77;11,44;205,12
10055003;Alviano;Terni;1;1.396;19,71;20,93;69,24;12,08;24,03;27,42;17,18;198,86
10055005;Arrone;Terni;1;2.550;9,62;18,74;57,23;13,26;22,08;28,70;21,45;173,47
10055008;Calvi dell'Umbria;Terni;1;1.703;12,14;12,98;72,61;9,72;34,49;32,20;17,41;194,61
10055009;Castel Giorgio;Terni;1;2.023;19,32;25,04;106,82;18,57;26,06;47,95;21,62;270,70
10055010;Castel Viscardo;Terni;1;2.725;16,61;13,11;70,63;8,93;25,80;43,71;15,17;196,82
10055011;Fabro;Terni;1;2.630;16,05;23,21;83,60;19,63;10,87;6,56;12,65;184,79
10055013;Ficulle;Terni;1;1.566;52,79;34,33;90,72;11,76;48,17;39,92;;277,68
10055016;Lugnano in Teverina;Terni;1;1.426;24,59;25,51;115,16;18,04;21,54;33,42;44,18;291,76
10055018;Montecchio;Terni;1;1.558;23,12;19,89;104,87;8,90;22,76;25,85;25,46;237,29
10055019;Montefranco;Terni;1;1.239;8,32;11,89;47,74;10,97;26,08;25,10;39,22;170,11
10055021;Monteleone d'Orvieto;Terni;1;1.365;20,89;25,72;85,84;15,91;23,25;24,26;30,75;245,39
10055022;Narni;Terni;1;18.193;11,01;23,35;65,12;11,52;18,56;31,23;17,97;181,47
10055023;Orvieto;Terni;1;19.788;18,83;32,02;80,75;17,60;16,72;51,43;;217,35
10055024;Otricoli;Terni;1;1.715;11,98;6,57;72,86;11,94;28,83;31,48;16,39;181,18
10055028;Porano;Terni;1;1.894;15,88;15,39;76,61;20,76;19,39;29,24;33,59;216,12
10055030;San Venanzo;Terni;1;2.175;23,61;23,25;67,20;13,91;13,68;33,88;27,46;203,82
10055032;Terni;Terni;1;107.314;8,48;21,88;55,81;11,89;14,17;51,60;12,13;178,06
01001001;Aglie';Torino;Vedi aggregazione: SOCIETA CANAVESANA SERVIZI SPA;;;;;;;;;
01001002;Airasca;Torino;Vedi aggregazione: CONSORZIO ACEA PINEROLESE;;;;;;;;;
01001003;Ala di Stura;Torino;Vedi aggregazione: CONSORZIO INTERCOMUNALE DI SERVIZI PER L'AMBIENTE;;;;;;;;;
01001004;Albiano d'Ivrea;Torino;Vedi aggregazione: SOCIETA CANAVESANA SERVIZI SPA;;;;;;;;;
01001006;Almese;Torino;Vedi aggregazione: CONSORZIO AMBIENTE DORA SANGONE;;;;;;;;;
01001008;Alpignano;Torino;Vedi aggregazione: CONSORZIO AMBIENTE DORA SANGONE;;;;;;;;;
01001009;Andezeno;Torino;Vedi aggregazione: CONSORZIO CHIERESE PER I SERVIZI;;;;;;;;;
01001010;Andrate;Torino;Vedi aggregazione: SOCIETA CANAVESANA SERVIZI SPA;;;;;;;;;
01001011;Angrogna;Torino;Vedi aggregazione: CONSORZIO ACEA PINEROLESE;;;;;;;;;
01001012;Arignano;Torino;Vedi aggregazione: CONSORZIO CHIERESE PER I SERVIZI;;;;;;;;;
01001013;Avigliana;Torino;Vedi aggregazione: CONSORZIO AMBIENTE DORA SANGONE;;;;;;;;;
01001014;Azeglio;Torino;Vedi aggregazione: SOCIETA CANAVESANA SERVIZI SPA;;;;;;;;;
01001015;Bairo;Torino;Vedi aggregazione: SOCIETA CANAVESANA SERVIZI SPA;;;;;;;;;
01001016;Balangero;Torino;Vedi aggregazione: CONSORZIO INTERCOMUNALE DI SERVIZI PER L'AMBIENTE;;;;;;;;;
01001017;Baldissero Canavese;Torino;Vedi aggregazione: SOCIETA CANAVESANA SERVIZI SPA;;;;;;;;;
01001018;Baldissero Torinese;Torino;Vedi aggregazione: CONSORZIO CHIERESE PER I SERVIZI;;;;;;;;;
01001019;Balme;Torino;Vedi aggregazione: CONSORZIO INTERCOMUNALE DI SERVIZI PER L'AMBIENTE;;;;;;;;;
01001020;Banchette;Torino;Vedi aggregazione: SOCIETA CANAVESANA SERVIZI SPA;;;;;;;;;
01001021;Barbania;Torino;Vedi aggregazione: CONSORZIO INTERCOMUNALE DI SERVIZI PER L'AMBIENTE;;;;;;;;;
01001022;Bardonecchia;Torino;Vedi aggregazione: CONSORZIO AMBIENTE DORA SANGONE;;;;;;;;;
01001023;Barone Canavese;Torino;Vedi aggregazione: SOCIETA CANAVESANA SERVIZI SPA;;;;;;;;;
01001024;Beinasco;Torino;Vedi aggregazione: CONSORZIO DI AREA VASTA COVAR14;;;;;;;;;
01001025;Bibiana;Torino;Vedi aggregazione: CONSORZIO ACEA PINEROLESE;;;;;;;;;
01001026;Bobbio Pellice;Torino;Vedi aggregazione: CONSORZIO ACEA PINEROLESE;;;;;;;;;
01001027;Bollengo;Torino;Vedi aggregazione: SOCIETA CANAVESANA SERVIZI SPA;;;;;;;;;
01001030;Borgofranco d'Ivrea;Torino;Vedi aggregazione: SOCIETA CANAVESANA SERVIZI SPA;;;;;;;;;
01001031;Borgomasino;Torino;Vedi aggregazione: SOCIETA CANAVESANA SERVIZI SPA;;;;;;;;;
01001032;Borgone Susa;Torino;Vedi aggregazione: CONSORZIO AMBIENTE DORA SANGONE;;;;;;;;;
01001035;Bricherasio;Torino;Vedi aggregazione: CONSORZIO ACEA PINEROLESE;;;;;;;;;
01001038;Bruino;Torino;Vedi aggregazione: CONSORZIO DI AREA VASTA COVAR14;;;;;;;;;
01001040;Bruzolo;Torino;Vedi aggregazione: CONSORZIO AMBIENTE DORA SANGONE;;;;;;;;;
01001041;Buriasco;Torino;Vedi aggregazione: CONSORZIO ACEA PINEROLESE;;;;;;;;;
01001042;Burolo;Torino;Vedi aggregazione: SOCIETA CANAVESANA SERVIZI SPA;;;;;;;;;
01001044;Bussoleno;Torino;Vedi aggregazione: CONSORZIO AMBIENTE DORA SANGONE;;;;;;;;;
01001045;Buttigliera Alta;Torino;Vedi aggregazione: CONSORZIO AMBIENTE DORA SANGONE;;;;;;;;;
01001046;Cafasse;Torino;Vedi aggregazione: CONSORZIO INTERCOMUNALE DI SERVIZI PER L'AMBIENTE;;;;;;;;;
01001047;Caluso;Torino;Vedi aggregazione: SOCIETA CANAVESANA SERVIZI SPA;;;;;;;;;
01001048;Cambiano;Torino;Vedi aggregazione: CONSORZIO CHIERESE PER I SERVIZI;;;;;;;;;
01001049;Campiglione Fenile;Torino;Vedi aggregazione: CONSORZIO ACEA PINEROLESE;;;;;;;;;
01001050;Candia Canavese;Torino;Vedi aggregazione: SOCIETA CANAVESANA SERVIZI SPA;;;;;;;;;
01001051;Candiolo;Torino;Vedi aggregazione: CONSORZIO DI AREA VASTA COVAR14;;;;;;;;;
01001053;Cantalupa;Torino;Vedi aggregazione: CONSORZIO ACEA PINEROLESE;;;;;;;;;
01001054;Cantoira;Torino;Vedi aggregazione: CONSORZIO INTERCOMUNALE DI SERVIZI PER L'AMBIENTE;;;;;;;;;
01001055;Caprie;Torino;Vedi aggregazione: CONSORZIO AMBIENTE DORA SANGONE;;;;;;;;;
01001056;Caravino;Torino;Vedi aggregazione: SOCIETA CANAVESANA SERVIZI SPA;;;;;;;;;
01001057;Carema;Torino;Vedi aggregazione: SOCIETA CANAVESANA SERVIZI SPA;;;;;;;;;
01001058;Carignano - Dato aggregazione CONSORZIO DI AREA VASTA COVAR14;Torino;19;254.110;10,66;19,36;43,07;14,09;13,49;25,92;40,45;168,66
01001059;Carmagnola;Torino;Vedi aggregazione: CONSORZIO CHIERESE PER I SERVIZI;;;;;;;;;
01001061;Cascinette d'Ivrea;Torino;Vedi aggregazione: SOCIETA CANAVESANA SERVIZI SPA;;;;;;;;;
01001062;Caselette;Torino;Vedi aggregazione: CONSORZIO AMBIENTE DORA SANGONE;;;;;;;;;
01001065;Castagnole Piemonte;Torino;Vedi aggregazione: CONSORZIO DI AREA VASTA COVAR14;;;;;;;;;
01001070;Cavour;Torino;Vedi aggregazione: CONSORZIO ACEA PINEROLESE;;;;;;;;;
01001071;Cercenasco;Torino;Vedi aggregazione: CONSORZIO ACEA PINEROLESE;;;;;;;;;
01001072;Ceres;Torino;Vedi aggregazione: CONSORZIO INTERCOMUNALE DI SERVIZI PER L'AMBIENTE;;;;;;;;;
01001074;Cesana Torinese;Torino;Vedi aggregazione: CONSORZIO AMBIENTE DORA SANGONE;;;;;;;;;
01001075;Chialamberto;Torino;Vedi aggregazione: CONSORZIO INTERCOMUNALE DI SERVIZI PER L'AMBIENTE;;;;;;;;;
01001076;Chianocco;Torino;Vedi aggregazione: CONSORZIO AMBIENTE DORA SANGONE;;;;;;;;;
01001077;Chiaverano;Torino;Vedi aggregazione: SOCIETA CANAVESANA SERVIZI SPA;;;;;;;;;
01001078;Chieri - Dato aggregazione CONSORZIO CHIERESE PER I SERVIZI;Torino;19;122.112;6,37;;41,85;24,06;15,59;37,84;10,77;136,49
01001080;Chiomonte;Torino;Vedi aggregazione: CONSORZIO AMBIENTE DORA SANGONE;;;;;;;;;
01001081;Chiusa di San Michele;Torino;Vedi aggregazione: CONSORZIO AMBIENTE DORA SANGONE;;;;;;;;;
01001086;Cirie - Dato aggregazione CONSORZIO INTERCOMUNALE DI SERVIZI PER L'AMBIENTE;Torino;38;96.412;13,79;16,35;46,62;7,21;6,57;24,37;0,12;115,01
01001087;Claviere;Torino;Vedi aggregazione: CONSORZIO AMBIENTE DORA SANGONE;;;;;;;;;
01001088;Coassolo Torinese;Torino;Vedi aggregazione: CONSORZIO INTERCOMUNALE DI SERVIZI PER L'AMBIENTE;;;;;;;;;
01001089;Coazze;Torino;Vedi aggregazione: CONSORZIO AMBIENTE DORA SANGONE;;;;;;;;;
01001090;Collegno;Torino;Vedi aggregazione: CONSORZIO AMBIENTE DORA SANGONE;;;;;;;;;
01001092;Colleretto Giacosa;Torino;Vedi aggregazione: SOCIETA CANAVESANA SERVIZI SPA;;;;;;;;;
01001093;Condove;Torino;Vedi aggregazione: CONSORZIO AMBIENTE DORA SANGONE;;;;;;;;;
01001094;Corio;Torino;Vedi aggregazione: CONSORZIO INTERCOMUNALE DI SERVIZI PER L'AMBIENTE;;;;;;;;;
01001095;Cossano Canavese;Torino;Vedi aggregazione: SOCIETA CANAVESANA SERVIZI SPA;;;;;;;;;
01001096;Cuceglio;Torino;Vedi aggregazione: SOCIETA CANAVESANA SERVIZI SPA;;;;;;;;;
01001097;Cumiana;Torino;Vedi aggregazione: CONSORZIO ACEA PINEROLESE;;;;;;;;;
01001099;Druento;Torino;Vedi aggregazione: CONSORZIO AMBIENTE DORA SANGONE;;;;;;;;;
01001100;Exilles;Torino;Vedi aggregazione: CONSORZIO AMBIENTE DORA SANGONE;;;;;;;;;
01001103;Fenestrelle;Torino;Vedi aggregazione: CONSORZIO ACEA PINEROLESE;;;;;;;;;
01001104;Fiano;Torino;Vedi aggregazione: CONSORZIO INTERCOMUNALE DI SERVIZI PER L'AMBIENTE;;;;;;;;;
01001105;Fiorano Canavese;Torino;Vedi aggregazione: SOCIETA CANAVESANA SERVIZI SPA;;;;;;;;;
01001109;Front;Torino;Vedi aggregazione: CONSORZIO INTERCOMUNALE DI SERVIZI PER L'AMBIENTE;;;;;;;;;
01001110;Frossasco;Torino;Vedi aggregazione: CONSORZIO ACEA PINEROLESE;;;;;;;;;
01001111;Garzigliana;Torino;Vedi aggregazione: CONSORZIO ACEA PINEROLESE;;;;;;;;;
01001113;Germagnano;Torino;Vedi aggregazione: CONSORZIO INTERCOMUNALE DI SERVIZI PER L'AMBIENTE;;;;;;;;;
01001114;Giaglione;Torino;Vedi aggregazione: CONSORZIO AMBIENTE DORA SANGONE;;;;;;;;;
01001115;Giaveno;Torino;Vedi aggregazione: CONSORZIO AMBIENTE DORA SANGONE;;;;;;;;;
01001116;Givoletto;Torino;Vedi aggregazione: CONSORZIO INTERCOMUNALE DI SERVIZI PER L'AMBIENTE;;;;;;;;;
01001117;Gravere;Torino;Vedi aggregazione: CONSORZIO AMBIENTE DORA SANGONE;;;;;;;;;
01001118;Groscavallo;Torino;Vedi aggregazione: CONSORZIO INTERCOMUNALE DI SERVIZI PER L'AMBIENTE;;;;;;;;;
01001119;Grosso;Torino;Vedi aggregazione: CONSORZIO INTERCOMUNALE DI SERVIZI PER L'AMBIENTE;;;;;;;;;
01001120;Grugliasco;Torino;Vedi aggregazione: CONSORZIO AMBIENTE DORA SANGONE;;;;;;;;;
01001122;Inverso Pinasca;Torino;Vedi aggregazione: CONSORZIO ACEA PINEROLESE;;;;;;;;;
01001123;Isolabella;Torino;Vedi aggregazione: CONSORZIO CHIERESE PER I SERVIZI;;;;;;;;;
01001125;Ivrea - Dato aggregazione SOCIETA CANAVESANA SERVIZI SPA;Torino;57;104.513;25,27;22,18;50,03;10,86;10,00;34,71;16,63;170,18
01001126;La Cassa;Torino;Vedi aggregazione: CONSORZIO INTERCOMUNALE DI SERVIZI PER L'AMBIENTE;;;;;;;;;
01001127;La Loggia;Torino;Vedi aggregazione: CONSORZIO DI AREA VASTA COVAR14;;;;;;;;;
01001128;Lanzo Torinese;Torino;Vedi aggregazione: CONSORZIO INTERCOMUNALE DI SERVIZI PER L'AMBIENTE;;;;;;;;;
01001131;Lemie;Torino;Vedi aggregazione: CONSORZIO INTERCOMUNALE DI SERVIZI PER L'AMBIENTE;;;;;;;;;
01001132;Lessolo;Torino;Vedi aggregazione: SOCIETA CANAVESANA SERVIZI SPA;;;;;;;;;
01001136;Lombriasco;Torino;Vedi aggregazione: CONSORZIO DI AREA VASTA COVAR14;;;;;;;;;
01001137;Loranze;Torino;Vedi aggregazione: SOCIETA CANAVESANA SERVIZI SPA;;;;;;;;;
01001139;Luserna San Giovanni;Torino;Vedi aggregazione: CONSORZIO ACEA PINEROLESE;;;;;;;;;
01001140;Lusernetta;Torino;Vedi aggregazione: CONSORZIO ACEA PINEROLESE;;;;;;;;;
01001142;Macello;Torino;Vedi aggregazione: CONSORZIO ACEA PINEROLESE;;;;;;;;;
01001143;Maglione;Torino;Vedi aggregazione: SOCIETA CANAVESANA SERVIZI SPA;;;;;;;;;
01001144;Marentino;Torino;Vedi aggregazione: CONSORZIO CHIERESE PER I SERVIZI;;;;;;;;;
01001145;Massello;Torino;Vedi aggregazione: CONSORZIO ACEA PINEROLESE;;;;;;;;;
01001146;Mathi;Torino;Vedi aggregazione: CONSORZIO INTERCOMUNALE DI SERVIZI PER L'AMBIENTE;;;;;;;;;
01001147;Mattie;Torino;Vedi aggregazione: CONSORZIO AMBIENTE DORA SANGONE;;;;;;;;;
01001148;Mazze;Torino;Vedi aggregazione: SOCIETA CANAVESANA SERVIZI SPA;;;;;;;;;
01001149;Meana di Susa;Torino;Vedi aggregazione: CONSORZIO AMBIENTE DORA SANGONE;;;;;;;;;
01001150;Mercenasco;Torino;Vedi aggregazione: SOCIETA CANAVESANA SERVIZI SPA;;;;;;;;;
01001152;Mezzenile;Torino;Vedi aggregazione: CONSORZIO INTERCOMUNALE DI SERVIZI PER L'AMBIENTE;;;;;;;;;
01001153;Mombello di Torino;Torino;Vedi aggregazione: CONSORZIO CHIERESE PER I SERVIZI;;;;;;;;;
01001154;Mompantero;Torino;Vedi aggregazione: CONSORZIO AMBIENTE DORA SANGONE;;;;;;;;;
01001155;Monastero di Lanzo;Torino;Vedi aggregazione: CONSORZIO INTERCOMUNALE DI SERVIZI PER L'AMBIENTE;;;;;;;;;
01001156;Moncalieri;Torino;Vedi aggregazione: CONSORZIO DI AREA VASTA COVAR14;;;;;;;;;
01001157;Moncenisio;Torino;Vedi aggregazione: CONSORZIO AMBIENTE DORA SANGONE;;;;;;;;;
01001158;Montaldo Torinese;Torino;Vedi aggregazione: CONSORZIO CHIERESE PER I SERVIZI;;;;;;;;;
01001159;Montalenghe;Torino;Vedi aggregazione: SOCIETA CANAVESANA SERVIZI SPA;;;;;;;;;
01001160;Montalto Dora;Torino;Vedi aggregazione: SOCIETA CANAVESANA SERVIZI SPA;;;;;;;;;
01001163;Moriondo Torinese;Torino;Vedi aggregazione: CONSORZIO CHIERESE PER I SERVIZI;;;;;;;;;
01001164;Nichelino;Torino;Vedi aggregazione: CONSORZIO DI AREA VASTA COVAR14;;;;;;;;;
01001166;Nole;Torino;Vedi aggregazione: CONSORZIO INTERCOMUNALE DI SERVIZI PER L'AMBIENTE;;;;;;;;;
01001167;Nomaglio;Torino;Vedi aggregazione: SOCIETA CANAVESANA SERVIZI SPA;;;;;;;;;
01001168;None;Torino;Vedi aggregazione: CONSORZIO ACEA PINEROLESE;;;;;;;;;
01001169;Novalesa;Torino;Vedi aggregazione: CONSORZIO AMBIENTE DORA SANGONE;;;;;;;;;
01001171;Orbassano;Torino;Vedi aggregazione: CONSORZIO DI AREA VASTA COVAR14;;;;;;;;;
01001172;Orio Canavese;Torino;Vedi aggregazione: SOCIETA CANAVESANA SERVIZI SPA;;;;;;;;;
01001173;Osasco;Torino;Vedi aggregazione: CONSORZIO ACEA PINEROLESE;;;;;;;;;
01001174;Osasio;Torino;Vedi aggregazione: CONSORZIO DI AREA VASTA COVAR14;;;;;;;;;
01001175;Oulx;Torino;Vedi aggregazione: CONSORZIO AMBIENTE DORA SANGONE;;;;;;;;;
01001177;Palazzo Canavese;Torino;Vedi aggregazione: SOCIETA CANAVESANA SERVIZI SPA;;;;;;;;;
01001178;Pancalieri;Torino;Vedi aggregazione: CONSORZIO DI AREA VASTA COVAR14;;;;;;;;;
01001179;Parella;Torino;Vedi aggregazione: SOCIETA CANAVESANA SERVIZI SPA;;;;;;;;;
01001180;Pavarolo;Torino;Vedi aggregazione: CONSORZIO CHIERESE PER I SERVIZI;;;;;;;;;
01001181;Pavone Canavese;Torino;Vedi aggregazione: SOCIETA CANAVESANA SERVIZI SPA;;;;;;;;;
01001183;Pecetto Torinese;Torino;Vedi aggregazione: CONSORZIO CHIERESE PER I SERVIZI;;;;;;;;;
01001184;Perosa Argentina;Torino;Vedi aggregazione: CONSORZIO ACEA PINEROLESE;;;;;;;;;
01001185;Perosa Canavese;Torino;Vedi aggregazione: SOCIETA CANAVESANA SERVIZI SPA;;;;;;;;;
01001186;Perrero;Torino;Vedi aggregazione: CONSORZIO ACEA PINEROLESE;;;;;;;;;
01001188;Pessinetto;Torino;Vedi aggregazione: CONSORZIO INTERCOMUNALE DI SERVIZI PER L'AMBIENTE;;;;;;;;;
01001189;Pianezza;Torino;Vedi aggregazione: CONSORZIO AMBIENTE DORA SANGONE;;;;;;;;;
01001190;Pinasca;Torino;Vedi aggregazione: CONSORZIO ACEA PINEROLESE;;;;;;;;;
01001191;Pinerolo - Dato aggregazione CONSORZIO ACEA PINEROLESE;Torino;47;141.945;12,04;33,87;34,61;10,09;13,44;38,37;29,88;177,71
01001192;Pino Torinese;Torino;Vedi aggregazione: CONSORZIO CHIERESE PER I SERVIZI;;;;;;;;;
01001193;Piobesi Torinese;Torino;Vedi aggregazione: CONSORZIO DI AREA VASTA COVAR14;;;;;;;;;
01001194;Piossasco;Torino;Vedi aggregazione: CONSORZIO DI AREA VASTA COVAR14;;;;;;;;;
01001195;Piscina;Torino;Vedi aggregazione: CONSORZIO ACEA PINEROLESE;;;;;;;;;
01001196;Piverone;Torino;Vedi aggregazione: SOCIETA CANAVESANA SERVIZI SPA;;;;;;;;;
01001197;Poirino;Torino;Vedi aggregazione: CONSORZIO CHIERESE PER I SERVIZI;;;;;;;;;
01001198;Pomaretto;Torino;Vedi aggregazione: CONSORZIO ACEA PINEROLESE;;;;;;;;;
01001200;Porte;Torino;Vedi aggregazione: CONSORZIO ACEA PINEROLESE;;;;;;;;;
01001201;Pragelato;Torino;Vedi aggregazione: CONSORZIO ACEA PINEROLESE;;;;;;;;;
01001202;Prali;Torino;Vedi aggregazione: CONSORZIO ACEA PINEROLESE;;;;;;;;;
01001203;Pralormo;Torino;Vedi aggregazione: CONSORZIO CHIERESE PER I SERVIZI;;;;;;;;;
01001204;Pramollo;Torino;Vedi aggregazione: CONSORZIO ACEA PINEROLESE;;;;;;;;;
01001205;Prarostino;Torino;Vedi aggregazione: CONSORZIO ACEA PINEROLESE;;;;;;;;;
01001208;Quagliuzzo;Torino;Vedi aggregazione: SOCIETA CANAVESANA SERVIZI SPA;;;;;;;;;
01001209;Quassolo;Torino;Vedi aggregazione: SOCIETA CANAVESANA SERVIZI SPA;;;;;;;;;
01001210;Quincinetto;Torino;Vedi aggregazione: SOCIETA CANAVESANA SERVIZI SPA;;;;;;;;;
01001211;Reano;Torino;Vedi aggregazione: CONSORZIO AMBIENTE DORA SANGONE;;;;;;;;;
01001215;Riva presso Chieri;Torino;Vedi aggregazione: CONSORZIO CHIERESE PER I SERVIZI;;;;;;;;;
01001214;Rivalta di Torino;Torino;Vedi aggregazione: CONSORZIO DI AREA VASTA COVAR14;;;;;;;;;
01001219;Rivoli - Dato aggregazione CONSORZIO AMBIENTE DORA SANGONE;Torino;54;334.903;23,15;6,67;51,33;29,77;21,39;17,52;21,39;171,27
01001220;Robassomero;Torino;Vedi aggregazione: CONSORZIO INTERCOMUNALE DI SERVIZI PER L'AMBIENTE;;;;;;;;;
01001221;Rocca Canavese;Torino;Vedi aggregazione: CONSORZIO INTERCOMUNALE DI SERVIZI PER L'AMBIENTE;;;;;;;;;
01001222;Roletto;Torino;Vedi aggregazione: CONSORZIO ACEA PINEROLESE;;;;;;;;;
01001223;Romano Canavese;Torino;Vedi aggregazione: SOCIETA CANAVESANA SERVIZI SPA;;;;;;;;;
01001226;Rora;Torino;Vedi aggregazione: CONSORZIO ACEA PINEROLESE;;;;;;;;;
01001228;Rosta;Torino;Vedi aggregazione: CONSORZIO AMBIENTE DORA SANGONE;;;;;;;;;
01001227;Roure;Torino;Vedi aggregazione: CONSORZIO ACEA PINEROLESE;;;;;;;;;
01001229;Rubiana;Torino;Vedi aggregazione: CONSORZIO AMBIENTE DORA SANGONE;;;;;;;;;
01001232;Salbertrand;Torino;Vedi aggregazione: CONSORZIO AMBIENTE DORA SANGONE;;;;;;;;;
01001233;Salerano Canavese;Torino;Vedi aggregazione: SOCIETA CANAVESANA SERVIZI SPA;;;;;;;;;
01001234;Salza di Pinerolo;Torino;Vedi aggregazione: CONSORZIO ACEA PINEROLESE;;;;;;;;;
01001235;Samone;Torino;Vedi aggregazione: SOCIETA CANAVESANA SERVIZI SPA;;;;;;;;;
01001237;San Carlo Canavese;Torino;Vedi aggregazione: CONSORZIO INTERCOMUNALE DI SERVIZI PER L'AMBIENTE;;;;;;;;;
01001239;San Didero;Torino;Vedi aggregazione: CONSORZIO AMBIENTE DORA SANGONE;;;;;;;;;
01001240;San Francesco al Campo;Torino;Vedi aggregazione: CONSORZIO INTERCOMUNALE DI SERVIZI PER L'AMBIENTE;;;;;;;;;
01001242;San Germano Chisone;Torino;Vedi aggregazione: CONSORZIO ACEA PINEROLESE;;;;;;;;;
01001243;San Gillio;Torino;Vedi aggregazione: CONSORZIO AMBIENTE DORA SANGONE;;;;;;;;;
01001244;San Giorgio Canavese;Torino;Vedi aggregazione: SOCIETA CANAVESANA SERVIZI SPA;;;;;;;;;
01001245;San Giorio di Susa;Torino;Vedi aggregazione: CONSORZIO AMBIENTE DORA SANGONE;;;;;;;;;
01001246;San Giusto Canavese;Torino;Vedi aggregazione: SOCIETA CANAVESANA SERVIZI SPA;;;;;;;;;
01001247;San Martino Canavese;Torino;Vedi aggregazione: SOCIETA CANAVESANA SERVIZI SPA;;;;;;;;;
01001248;San Maurizio Canavese;Torino;Vedi aggregazione: CONSORZIO INTERCOMUNALE DI SERVIZI PER L'AMBIENTE;;;;;;;;;
01001250;San Pietro Val Lemina;Torino;Vedi aggregazione: CONSORZIO ACEA PINEROLESE;;;;;;;;;
01001254;San Secondo di Pinerolo;Torino;Vedi aggregazione: CONSORZIO ACEA PINEROLESE;;;;;;;;;
01001241;Sangano;Torino;Vedi aggregazione: CONSORZIO AMBIENTE DORA SANGONE;;;;;;;;;
01001255;Sant'Ambrogio di Torino;Torino;Vedi aggregazione: CONSORZIO AMBIENTE DORA SANGONE;;;;;;;;;
01001256;Sant'Antonino di Susa;Torino;Vedi aggregazione: CONSORZIO AMBIENTE DORA SANGONE;;;;;;;;;
01001257;Santena;Torino;Vedi aggregazione: CONSORZIO CHIERESE PER I SERVIZI;;;;;;;;;
01001258;Sauze di Cesana;Torino;Vedi aggregazione: CONSORZIO AMBIENTE DORA SANGONE;;;;;;;;;
01001259;Sauze d'Oulx;Torino;Vedi aggregazione: CONSORZIO AMBIENTE DORA SANGONE;;;;;;;;;
01001260;Scalenghe;Torino;Vedi aggregazione: CONSORZIO ACEA PINEROLESE;;;;;;;;;
01001261;Scarmagno;Torino;Vedi aggregazione: SOCIETA CANAVESANA SERVIZI SPA;;;;;;;;;
01001263;Sestriere;Torino;Vedi aggregazione: CONSORZIO AMBIENTE DORA SANGONE;;;;;;;;;
01001264;Settimo Rottaro;Torino;Vedi aggregazione: SOCIETA CANAVESANA SERVIZI SPA;;;;;;;;;
01001266;Settimo Vittone;Torino;Vedi aggregazione: SOCIETA CANAVESANA SERVIZI SPA;;;;;;;;;
01001268;Strambinello;Torino;Vedi aggregazione: SOCIETA CANAVESANA SERVIZI SPA;;;;;;;;;
01001269;Strambino;Torino;Vedi aggregazione: SOCIETA CANAVESANA SERVIZI SPA;;;;;;;;;
01001270;Susa;Torino;Vedi aggregazione: CONSORZIO AMBIENTE DORA SANGONE;;;;;;;;;
01001271;Tavagnasco;Torino;Vedi aggregazione: SOCIETA CANAVESANA SERVIZI SPA;;;;;;;;;
01001272;Torino;Torino;1;848.885;26,57;;46,17;51,24;30,89;45,17;40,37;252,67
01001274;Torre Canavese;Torino;Vedi aggregazione: SOCIETA CANAVESANA SERVIZI SPA;;;;;;;;;
01001276;Trana;Torino;Vedi aggregazione: CONSORZIO AMBIENTE DORA SANGONE;;;;;;;;;
01001279;Traves;Torino;Vedi aggregazione: CONSORZIO INTERCOMUNALE DI SERVIZI PER L'AMBIENTE;;;;;;;;;
01001280;Trofarello;Torino;Vedi aggregazione: CONSORZIO DI AREA VASTA COVAR14;;;;;;;;;
01001281;Usseaux;Torino;Vedi aggregazione: CONSORZIO ACEA PINEROLESE;;;;;;;;;
01001282;Usseglio;Torino;Vedi aggregazione: CONSORZIO INTERCOMUNALE DI SERVIZI PER L'AMBIENTE;;;;;;;;;
01001283;Vaie;Torino;Vedi aggregazione: CONSORZIO AMBIENTE DORA SANGONE;;;;;;;;;
01001284;Val della Torre;Torino;Vedi aggregazione: CONSORZIO INTERCOMUNALE DI SERVIZI PER L'AMBIENTE;;;;;;;;;
01001285;Valgioie;Torino;Vedi aggregazione: CONSORZIO AMBIENTE DORA SANGONE;;;;;;;;;
01001286;Vallo Torinese;Torino;Vedi aggregazione: CONSORZIO INTERCOMUNALE DI SERVIZI PER L'AMBIENTE;;;;;;;;;
01001289;Varisella;Torino;Vedi aggregazione: CONSORZIO INTERCOMUNALE DI SERVIZI PER L'AMBIENTE;;;;;;;;;
01001290;Vauda Canavese;Torino;Vedi aggregazione: CONSORZIO INTERCOMUNALE DI SERVIZI PER L'AMBIENTE;;;;;;;;;
01001292;Venaria Reale;Torino;Vedi aggregazione: CONSORZIO AMBIENTE DORA SANGONE;;;;;;;;;
01001291;Venaus;Torino;Vedi aggregazione: CONSORZIO AMBIENTE DORA SANGONE;;;;;;;;;
01001295;Vestigne;Torino;Vedi aggregazione: SOCIETA CANAVESANA SERVIZI SPA;;;;;;;;;
01001296;Vialfre;Torino;Vedi aggregazione: SOCIETA CANAVESANA SERVIZI SPA;;;;;;;;;
01001299;Vigone;Torino;Vedi aggregazione: CONSORZIO ACEA PINEROLESE;;;;;;;;;
01001300;Villafranca Piemonte;Torino;Vedi aggregazione: CONSORZIO ACEA PINEROLESE;;;;;;;;;
01001301;Villanova Canavese;Torino;Vedi aggregazione: CONSORZIO INTERCOMUNALE DI SERVIZI PER L'AMBIENTE;;;;;;;;;
01001303;Villar Dora;Torino;Vedi aggregazione: CONSORZIO AMBIENTE DORA SANGONE;;;;;;;;;
01001305;Villar Focchiardo;Torino;Vedi aggregazione: CONSORZIO AMBIENTE DORA SANGONE;;;;;;;;;
01001306;Villar Pellice;Torino;Vedi aggregazione: CONSORZIO ACEA PINEROLESE;;;;;;;;;
01001307;Villar Perosa;Torino;Vedi aggregazione: CONSORZIO ACEA PINEROLESE;;;;;;;;;
01001302;Villarbasse;Torino;Vedi aggregazione: CONSORZIO AMBIENTE DORA SANGONE;;;;;;;;;
01001304;Villareggia;Torino;Vedi aggregazione: SOCIETA CANAVESANA SERVIZI SPA;;;;;;;;;
01001308;Villastellone;Torino;Vedi aggregazione: CONSORZIO DI AREA VASTA COVAR14;;;;;;;;;
01001309;Vinovo;Torino;Vedi aggregazione: CONSORZIO DI AREA VASTA COVAR14;;;;;;;;;
01001310;Virle Piemonte;Torino;Vedi aggregazione: CONSORZIO DI AREA VASTA COVAR14;;;;;;;;;
01001311;Vische;Torino;Vedi aggregazione: SOCIETA CANAVESANA SERVIZI SPA;;;;;;;;;
01001313;Viu;Torino;Vedi aggregazione: CONSORZIO INTERCOMUNALE DI SERVIZI PER L'AMBIENTE;;;;;;;;;
01001315;Volvera;Torino;Vedi aggregazione: CONSORZIO ACEA PINEROLESE;;;;;;;;;
19081001;Alcamo;Trapani;1;44.599;33,92;40,39;28,10;19,90;16,03;21,92;47,03;225,07
19081002;Buseto Palizzolo;Trapani;1;2.802;28,37;13,76;106,53;19,13;6,46;20,45;22,55;217,25
19081003;Calatafimi-Segesta;Trapani;1;6.196;23,99;20,46;86,37;18,99;9,60;40,91;2,47;202,79
19081004;Campobello di Mazara;Trapani;1;11.413;21,83;42,06;79,49;12,53;25,88;36,29;13,30;231,37
19081005;Castellammare del Golfo;Trapani;1;14.474;21,47;80,59;72,96;12,65;46,23;12,60;21,31;267,82
19081006;Castelvetrano;Trapani;1;29.398;34,85;32,11;59,42;30,81;18,40;38,75;15,74;230,81
19081007;Custonaci;Trapani;1;5.258;23,01;45,36;59,21;11,34;3,13;16,40;37,70;207,91
19081009;Favignana;Trapani;1;4.448;23,28;27,17;189,91;28,84;57,43;50,29;48,48;434,40
19081010;Gibellina;Trapani;1;3.767;18,19;28,31;54,52;37,02;17,98;34,35;29,64;225,72
19081011;Marsala;Trapani;1;80.071;17,34;19,96;63,45;29,93;18,35;23,11;14,21;186,37
19081012;Mazara del Vallo;Trapani;1;50.129;10,03;21,74;74,73;33,13;26,71;19,73;11,24;197,31
19081013;Paceco;Trapani;1;10.824;6,56;15,30;72,50;28,19;17,47;22,86;8,65;171,55
19081014;Pantelleria;Trapani;1;7.335;9,24;28,82;153,13;29,86;16,98;15,37;16,92;270,33
19081015;Partanna;Trapani;1;9.892;13,59;19,44;73,99;24,26;0,98;14,13;;167,96
19081024;Petrosino;Trapani;1;7.924;37,28;20,56;81,92;24,79;13,77;18,69;12,18;229,37
19081016;Poggioreale;Trapani;1;1.349;15,75;18,09;62,99;15,56;5,12;7,84;7,55;143,27
19081017;Salaparuta;Trapani;1;1.584;22,18;15,40;83,93;13,83;4,78;7,22;4,78;181,95
19081018;Salemi;Trapani;1;9.989;12,74;11,67;60,16;21,44;9,39;26,90;5,34;164,17
19081020;San Vito Lo Capo;Trapani;1;4.801;26,83;57,65;233,55;50,28;55,23;55,93;18,31;497,78
19081019;Santa Ninfa;Trapani;1;4.829;13,61;29,90;68,30;19,58;4,85;25,95;;162,92
19081021;Trapani;Trapani;1;64.486;27,91;38,03;64,34;23,06;17,44;35,04;70,02;275,85
19081022;Valderice;Trapani;1;11.524;10,26;17,04;84,63;37,95;17,67;31,63;5,97;205,14
19081023;Vita;Trapani;1;1.799;13,16;14,65;72,83;20,97;3,60;21,13;;168,57
04022001;Ala;Trento;1;8.775;13,34;18,96;48,44;14,61;8,04;10,11;8,42;121,93
04022002;Albiano;Trento;Vedi aggregazione: ASIA - AZIENDA SPECIALE PER L'IGIENE AMBIENTALE;;;;;;;;;
04022003;Aldeno;Trento;Vedi aggregazione: ASIA - AZIENDA SPECIALE PER L'IGIENE AMBIENTALE;;;;;;;;;
04022235;Altavalle;Trento;Vedi aggregazione: ASIA - AZIENDA SPECIALE PER L'IGIENE AMBIENTALE;;;;;;;;;
04022236;Altopiano Della Vigolana;Trento;Vedi aggregazione: AMNU S.P.A.;;;;;;;;;
04022237;Amblar-Don;Trento;Vedi aggregazione: COMUNITA' DELLA VAL DI NON;;;;;;;;;
04022005;Andalo;Trento;Vedi aggregazione: ASIA - AZIENDA SPECIALE PER L'IGIENE AMBIENTALE;;;;;;;;;
04022006;Arco;Trento;Vedi aggregazione: COMUNITA' ALTO GARDA E LEDRO;;;;;;;;;
04022007;Avio;Trento;1;4.104;14,04;20,24;41,89;12,73;8,72;9,16;9,66;116,44
04022009;Baselga di Pine;Trento;Vedi aggregazione: AMNU S.P.A.;;;;;;;;;
04022011;Bedollo;Trento;Vedi aggregazione: AMNU S.P.A.;;;;;;;;;
04022013;Besenello;Trento;1;2.749;11,81;18,89;46,39;12,22;7,50;15,27;1,21;113,29
04022015;Bieno;Trento;Vedi aggregazione: COMUNITA' VALSUGANA E TESINO;;;;;;;;;
04022017;Bleggio Superiore;Trento;Vedi aggregazione: COMUNITA DELLE GIUDICARIE;;;;;;;;;
04022018;Bocenago;Trento;Vedi aggregazione: COMUNITA DELLE GIUDICARIE;;;;;;;;;
04022021;Bondone;Trento;Vedi aggregazione: COMUNITA DELLE GIUDICARIE;;;;;;;;;
04022238;Borgo Chiese;Trento;Vedi aggregazione: COMUNITA DELLE GIUDICARIE;;;;;;;;;
04022252;Borgo d'Anaunia;Trento;Vedi aggregazione: COMUNITA' DELLA VAL DI NON;;;;;;;;;
04022239;Borgo Lares;Trento;Vedi aggregazione: COMUNITA DELLE GIUDICARIE;;;;;;;;;
04022022;Borgo Valsugana - Dato aggregazione COMUNITA' VALSUGANA E TESINO;Trento;19;27.283;11,34;14,84;69,52;6,93;11,52;16,76;3,72;130,03
04022025;Brentonico;Trento;1;4.046;19,85;29,69;58,82;15,89;5,91;20,69;3,48;154,33
04022026;Bresimo;Trento;Vedi aggregazione: COMUNITA' DELLA VAL DI NON;;;;;;;;;
04022029;Caderzone Terme;Trento;Vedi aggregazione: COMUNITA DELLE GIUDICARIE;;;;;;;;;
04022032;Calceranica al Lago;Trento;Vedi aggregazione: AMNU S.P.A.;;;;;;;;;
04022033;Caldes;Trento;Vedi aggregazione: COMUNITA' MONTANA DELLA VALLE DI SOLE;;;;;;;;;
04022034;Caldonazzo;Trento;Vedi aggregazione: AMNU S.P.A.;;;;;;;;;
04022035;Calliano;Trento;1;2.018;13,24;20,69;40,87;13,11;6,18;15,05;11,08;120,23
04022036;Campitello di Fassa;Trento;1;706;43,42;80,41;72,04;35,56;74,47;58,68;67,87;403,86
04022037;Campodenno;Trento;Vedi aggregazione: COMUNITA' DELLA VAL DI NON;;;;;;;;;
04022038;Canal San Bovo;Trento;Vedi aggregazione: COMUNITA' DI PRIMIERO;;;;;;;;;
04022039;Canazei;Trento;1;2.006;48,01;73,72;58,99;53,46;56,78;41,17;19,73;322,00
04022040;Capriana;Trento;Vedi aggregazione: FIEMME SERVIZI SPA;;;;;;;;;
04022042;Carisolo;Trento;Vedi aggregazione: COMUNITA DELLE GIUDICARIE;;;;;;;;;
04022043;Carzano;Trento;Vedi aggregazione: COMUNITA' VALSUGANA E TESINO;;;;;;;;;
04022045;Castel Condino;Trento;Vedi aggregazione: COMUNITA DELLE GIUDICARIE;;;;;;;;;
04022240;Castel Ivano;Trento;Vedi aggregazione: COMUNITA' VALSUGANA E TESINO;;;;;;;;;
04022048;Castello Tesino;Trento;Vedi aggregazione: COMUNITA' VALSUGANA E TESINO;;;;;;;;;
04022047;Castello-Molina di Fiemme;Trento;Vedi aggregazione: FIEMME SERVIZI SPA;;;;;;;;;
04022049;Castelnuovo;Trento;Vedi aggregazione: COMUNITA' VALSUGANA E TESINO;;;;;;;;;
04022050;Cavalese - Dato aggregazione FIEMME SERVIZI SPA;Trento;9;20.097;15,30;14,75;42,07;24,40;16,03;76,83;17,14;206,53
04022051;Cavareno;Trento;Vedi aggregazione: COMUNITA' DELLA VAL DI NON;;;;;;;;;
04022052;Cavedago;Trento;Vedi aggregazione: ASIA - AZIENDA SPECIALE PER L'IGIENE AMBIENTALE;;;;;;;;;
04022053;Cavedine;Trento;Vedi aggregazione: ASIA - AZIENDA SPECIALE PER L'IGIENE AMBIENTALE;;;;;;;;;
04022054;Cavizzana;Trento;Vedi aggregazione: COMUNITA' MONTANA DELLA VALLE DI SOLE;;;;;;;;;
04022241;Cembra Lisignago;Trento;Vedi aggregazione: ASIA - AZIENDA SPECIALE PER L'IGIENE AMBIENTALE;;;;;;;;;
04022058;Cimone;Trento;Vedi aggregazione: ASIA - AZIENDA SPECIALE PER L'IGIENE AMBIENTALE;;;;;;;;;
04022059;Cinte Tesino;Trento;Vedi aggregazione: COMUNITA' VALSUGANA E TESINO;;;;;;;;;
04022060;Cis;Trento;Vedi aggregazione: COMUNITA' DELLA VAL DI NON;;;;;;;;;
04022061;Civezzano;Trento;Vedi aggregazione: AMNU S.P.A.;;;;;;;;;
04022062;Cles - Dato aggregazione COMUNITA' DELLA VAL DI NON;Trento;24;40.311;12,77;5,40;23,53;22,40;16,44;37,37;6,28;124,18
04022228;Comano Terme;Trento;Vedi aggregazione: COMUNITA DELLE GIUDICARIE;;;;;;;;;
04022064;Commezzadura;Trento;Vedi aggregazione: COMUNITA' MONTANA DELLA VALLE DI SOLE;;;;;;;;;
04022242;Conta';Trento;Vedi aggregazione: COMUNITA' DELLA VAL DI NON;;;;;;;;;
04022068;Croviana;Trento;Vedi aggregazione: COMUNITA' MONTANA DELLA VALLE DI SOLE;;;;;;;;;
04022071;Dambel;Trento;Vedi aggregazione: COMUNITA' DELLA VAL DI NON;;;;;;;;;
04022074;Denno;Trento;Vedi aggregazione: COMUNITA' DELLA VAL DI NON;;;;;;;;;
04022233;Dimaro Folgarida;Trento;Vedi aggregazione: COMUNITA' MONTANA DELLA VALLE DI SOLE;;;;;;;;;
04022078;Drena;Trento;Vedi aggregazione: COMUNITA' ALTO GARDA E LEDRO;;;;;;;;;
04022079;Dro;Trento;Vedi aggregazione: COMUNITA' ALTO GARDA E LEDRO;;;;;;;;;
04022081;Fai della Paganella;Trento;Vedi aggregazione: ASIA - AZIENDA SPECIALE PER L'IGIENE AMBIENTALE;;;;;;;;;
04022083;Fiave;Trento;Vedi aggregazione: COMUNITA DELLE GIUDICARIE;;;;;;;;;
04022085;Fierozzo;Trento;Vedi aggregazione: AMNU S.P.A.;;;;;;;;;
04022087;Folgaria;Trento;1;3.167;41,77;68,08;89,85;26,28;20,12;39,63;17,25;302,98
04022089;Fornace;Trento;Vedi aggregazione: AMNU S.P.A.;;;;;;;;;
04022090;Frassilongo;Trento;Vedi aggregazione: AMNU S.P.A.;;;;;;;;;
04022091;Garniga Terme;Trento;Vedi aggregazione: ASIA - AZIENDA SPECIALE PER L'IGIENE AMBIENTALE;;;;;;;;;
04022092;Giovo;Trento;Vedi aggregazione: ASIA - AZIENDA SPECIALE PER L'IGIENE AMBIENTALE;;;;;;;;;
04022093;Giustino;Trento;Vedi aggregazione: COMUNITA DELLE GIUDICARIE;;;;;;;;;
04022095;Grigno;Trento;Vedi aggregazione: COMUNITA' VALSUGANA E TESINO;;;;;;;;;
04022097;Imer;Trento;Vedi aggregazione: COMUNITA' DI PRIMIERO;;;;;;;;;
04022098;Isera;Trento;1;2.771;12,88;23,31;13,00;28,26;;33,96;10,37;121,78
04022102;Lavarone;Trento;1;1.192;41,35;76,28;104,23;26,82;21,58;48,03;19,34;337,63
04022103;Lavis - Dato aggregazione ASIA - AZIENDA SPECIALE PER L'IGIENE AMBIENTALE;Trento;24;62.415;6,60;9,44;37,68;17,38;12,55;37,70;19,10;140,45
04022229;Ledro;Trento;Vedi aggregazione: COMUNITA' ALTO GARDA E LEDRO;;;;;;;;;
04022104;Levico Terme;Trento;Vedi aggregazione: AMNU S.P.A.;;;;;;;;;
04022106;Livo;Trento;Vedi aggregazione: COMUNITA' DELLA VAL DI NON;;;;;;;;;
04022108;Lona-Lases;Trento;Vedi aggregazione: ASIA - AZIENDA SPECIALE PER L'IGIENE AMBIENTALE;;;;;;;;;
04022243;Madruzzo;Trento;Vedi aggregazione: ASIA - AZIENDA SPECIALE PER L'IGIENE AMBIENTALE;;;;;;;;;
04022110;Male - Dato aggregazione COMUNITA' MONTANA DELLA VALLE DI SOLE;Trento;13;15.529;26,19;36,98;38,32;17,03;16,31;41,02;34,44;210,29
04022112;Massimeno;Trento;Vedi aggregazione: COMUNITA DELLE GIUDICARIE;;;;;;;;;
04022113;Mazzin;Trento;1;590;36,25;114,23;44,36;15,55;;110,41;70,47;391,79
04022114;Mezzana;Trento;Vedi aggregazione: COMUNITA' MONTANA DELLA VALLE DI SOLE;;;;;;;;;
04022115;Mezzano;Trento;Vedi aggregazione: COMUNITA' DI PRIMIERO;;;;;;;;;
04022116;Mezzocorona;Trento;Vedi aggregazione: ASIA - AZIENDA SPECIALE PER L'IGIENE AMBIENTALE;;;;;;;;;
04022117;Mezzolombardo;Trento;Vedi aggregazione: ASIA - AZIENDA SPECIALE PER L'IGIENE AMBIENTALE;;;;;;;;;
04022120;Molveno;Trento;Vedi aggregazione: ASIA - AZIENDA SPECIALE PER L'IGIENE AMBIENTALE;;;;;;;;;
04022123;Mori;Trento;1;10.045;14,54;19,50;46,21;13,28;;14,01;2,49;110,04
04022124;Nago-Torbole;Trento;Vedi aggregazione: COMUNITA' ALTO GARDA E LEDRO;;;;;;;;;
04022127;Nogaredo;Trento;1;2.049;13,26;17,84;41,20;12,36;;16,69;;101,36
04022128;Nomi;Trento;1;1.300;18,07;26,72;50,56;15,31;;22,34;0,15;133,15
04022129;Novaledo;Trento;Vedi aggregazione: COMUNITA' VALSUGANA E TESINO;;;;;;;;;
04022253;Novella;Trento;Vedi aggregazione: COMUNITA' DELLA VAL DI NON;;;;;;;;;
04022130;Ospedaletto;Trento;Vedi aggregazione: COMUNITA' VALSUGANA E TESINO;;;;;;;;;
04022131;Ossana;Trento;Vedi aggregazione: COMUNITA' MONTANA DELLA VALLE DI SOLE;;;;;;;;;
04022133;Palu del Fersina;Trento;Vedi aggregazione: AMNU S.P.A.;;;;;;;;;
04022134;Panchia;Trento;Vedi aggregazione: FIEMME SERVIZI SPA;;;;;;;;;
04022136;Peio;Trento;Vedi aggregazione: COMUNITA' MONTANA DELLA VALLE DI SOLE;;;;;;;;;
04022137;Pellizzano;Trento;Vedi aggregazione: COMUNITA' MONTANA DELLA VALLE DI SOLE;;;;;;;;;
04022138;Pelugo;Trento;Vedi aggregazione: COMUNITA DELLE GIUDICARIE;;;;;;;;;
04022139;Pergine Valsugana - Dato aggregazione AMNU S.P.A.;Trento;15;55.353;7,00;12,96;26,65;18,08;14,68;36,64;15,01;133,32
04022234;Pieve Di Bono-Prezzo;Trento;Vedi aggregazione: COMUNITA DELLE GIUDICARIE;;;;;;;;;
04022142;Pieve Tesino;Trento;Vedi aggregazione: COMUNITA' VALSUGANA E TESINO;;;;;;;;;
04022143;Pinzolo;Trento;Vedi aggregazione: COMUNITA DELLE GIUDICARIE;;;;;;;;;
04022144;Pomarolo;Trento;1;2.448;10,27;13,48;39,64;11,34;;11,98;1,58;88,29
04022244;Porte Di Rendena;Trento;Vedi aggregazione: COMUNITA DELLE GIUDICARIE;;;;;;;;;
04022230;Predaia;Trento;Vedi aggregazione: COMUNITA' DELLA VAL DI NON;;;;;;;;;
04022147;Predazzo;Trento;Vedi aggregazione: FIEMME SERVIZI SPA;;;;;;;;;
04022245;Primiero San Martino Di Castrozza - Dato aggregazione COMUNITA' DI PRIMIERO;Trento;5;9.483;9,87;15,25;59,45;28,34;;;;112,91
04022150;Rabbi;Trento;Vedi aggregazione: COMUNITA' MONTANA DELLA VALLE DI SOLE;;;;;;;;;
04022153;Riva del Garda - Dato aggregazione COMUNITA' ALTO GARDA E LEDRO;Trento;7;51.117;20,64;37,11;57,62;1,38;12,45;7,03;2,09;138,33
04022155;Romeno;Trento;Vedi aggregazione: COMUNITA' DELLA VAL DI NON;;;;;;;;;
04022156;Roncegno Terme;Trento;Vedi aggregazione: COMUNITA' VALSUGANA E TESINO;;;;;;;;;
04022157;Ronchi Valsugana;Trento;Vedi aggregazione: COMUNITA' VALSUGANA E TESINO;;;;;;;;;
04022135;Ronzo-Chienis;Trento;1;992;23,32;33,62;58,80;19,74;;23,72;5,23;164,43
04022159;Ronzone;Trento;Vedi aggregazione: COMUNITA' DELLA VAL DI NON;;;;;;;;;
04022160;Rovere della Luna;Trento;Vedi aggregazione: ASIA - AZIENDA SPECIALE PER L'IGIENE AMBIENTALE;;;;;;;;;
04022161;Rovereto;Trento;1;39.819;12,91;14,51;48,00;15,89;12,74;29,06;18,65;157,63
04022162;Ruffre-Mendola;Trento;Vedi aggregazione: COMUNITA' DELLA VAL DI NON;;;;;;;;;
04022163;Rumo;Trento;Vedi aggregazione: COMUNITA' DELLA VAL DI NON;;;;;;;;;
04022164;Sagron Mis;Trento;Vedi aggregazione: COMUNITA' DI PRIMIERO;;;;;;;;;
04022165;Samone;Trento;Vedi aggregazione: COMUNITA' VALSUGANA E TESINO;;;;;;;;;
04022231;San Lorenzo Dorsino;Trento;Vedi aggregazione: COMUNITA DELLE GIUDICARIE;;;;;;;;;
04022167;San Michele all'Adige;Trento;Vedi aggregazione: ASIA - AZIENDA SPECIALE PER L'IGIENE AMBIENTALE;;;;;;;;;
04022168;Sant'Orsola Terme;Trento;Vedi aggregazione: AMNU S.P.A.;;;;;;;;;
04022169;Sanzeno;Trento;Vedi aggregazione: COMUNITA' DELLA VAL DI NON;;;;;;;;;
04022170;Sarnonico;Trento;Vedi aggregazione: COMUNITA' DELLA VAL DI NON;;;;;;;;;
04022171;Scurelle;Trento;Vedi aggregazione: COMUNITA' VALSUGANA E TESINO;;;;;;;;;
04022172;Segonzano;Trento;Vedi aggregazione: ASIA - AZIENDA SPECIALE PER L'IGIENE AMBIENTALE;;;;;;;;;
04022246;Sella Giudicarie;Trento;Vedi aggregazione: COMUNITA DELLE GIUDICARIE;;;;;;;;;
04022250;Sen Jan di Fassa-San Giovanni di Fassa;Trento;1;3.677;29,08;39,82;68,08;31,94;31,30;16,40;33,55;239,92
04022173;Sfruz;Trento;Vedi aggregazione: COMUNITA' DELLA VAL DI NON;;;;;;;;;
04022176;Soraga;Trento;1;693;26,33;44,45;46,14;23,89;34,94;31,76;25,74;224,88
04022177;Sover;Trento;Vedi aggregazione: ASIA - AZIENDA SPECIALE PER L'IGIENE AMBIENTALE;;;;;;;;;
04022179;Spiazzo;Trento;Vedi aggregazione: COMUNITA DELLE GIUDICARIE;;;;;;;;;
04022180;Spormaggiore;Trento;Vedi aggregazione: ASIA - AZIENDA SPECIALE PER L'IGIENE AMBIENTALE;;;;;;;;;
04022181;Sporminore;Trento;Vedi aggregazione: COMUNITA' DELLA VAL DI NON;;;;;;;;;
04022182;Stenico;Trento;Vedi aggregazione: COMUNITA DELLE GIUDICARIE;;;;;;;;;
04022183;Storo;Trento;Vedi aggregazione: COMUNITA DELLE GIUDICARIE;;;;;;;;;
04022184;Strembo;Trento;Vedi aggregazione: COMUNITA DELLE GIUDICARIE;;;;;;;;;
04022188;Telve;Trento;Vedi aggregazione: COMUNITA' VALSUGANA E TESINO;;;;;;;;;
04022189;Telve di Sopra;Trento;Vedi aggregazione: COMUNITA' VALSUGANA E TESINO;;;;;;;;;
04022190;Tenna;Trento;Vedi aggregazione: AMNU S.P.A.;;;;;;;;;
04022191;Tenno;Trento;Vedi aggregazione: COMUNITA' ALTO GARDA E LEDRO;;;;;;;;;
04022193;Terragnolo;Trento;1;703;21,17;34,75;32,27;9,55;;24,05;1,05;122,84
04022251;Terre d'Adige;Trento;Vedi aggregazione: ASIA - AZIENDA SPECIALE PER L'IGIENE AMBIENTALE;;;;;;;;;
04022195;Terzolas;Trento;Vedi aggregazione: COMUNITA' MONTANA DELLA VALLE DI SOLE;;;;;;;;;
04022196;Tesero;Trento;Vedi aggregazione: FIEMME SERVIZI SPA;;;;;;;;;
04022199;Tione di Trento - Dato aggregazione COMUNITA DELLE GIUDICARIE;Trento;25;36.855;9,50;26,86;79,57;15,42;15,17;18,31;5,64;171,01
04022200;Ton;Trento;Vedi aggregazione: COMUNITA' DELLA VAL DI NON;;;;;;;;;
04022202;Torcegno;Trento;Vedi aggregazione: COMUNITA' VALSUGANA E TESINO;;;;;;;;;
04022203;Trambileno;Trento;1;1.455;17,69;28,02;37,12;11,58;;17,12;0,16;111,70
04022247;Tre Ville;Trento;Vedi aggregazione: COMUNITA DELLE GIUDICARIE;;;;;;;;;
04022205;Trento;Trento;1;118.509;19,34;12,83;60,59;18,30;13,57;30,00;21,22;177,34
04022232;Valdaone;Trento;Vedi aggregazione: COMUNITA DELLE GIUDICARIE;;;;;;;;;
04022209;Valfloriana;Trento;Vedi aggregazione: FIEMME SERVIZI SPA;;;;;;;;;
04022210;Vallarsa;Trento;1;1.351;24,40;36,14;34,39;9,24;;34,30;1,44;139,91
04022248;Vallelaghi;Trento;Vedi aggregazione: ASIA - AZIENDA SPECIALE PER L'IGIENE AMBIENTALE;;;;;;;;;
04022213;Vermiglio;Trento;Vedi aggregazione: COMUNITA' MONTANA DELLA VALLE DI SOLE;;;;;;;;;
04022216;Vignola-Falesina;Trento;Vedi aggregazione: AMNU S.P.A.;;;;;;;;;
04022249;Villa d'Anaunia;Trento;Vedi aggregazione: COMUNITA' DELLA VAL DI NON;;;;;;;;;
04022222;Villa Lagarina;Trento;1;3.873;12,35;19,91;41,73;13,37;;23,08;0,68;111,13
04022254;Ville di Fiemme;Trento;Vedi aggregazione: FIEMME SERVIZI SPA;;;;;;;;;
04022224;Volano;Trento;1;3.061;12,55;20,62;53,03;15,57;;19,44;4,12;125,32
04022226;Ziano di Fiemme;Trento;Vedi aggregazione: FIEMME SERVIZI SPA;;;;;;;;;
05026001;Altivole;Treviso;Vedi aggregazione: Consiglio di Bacino Priula;;;;;;;;;
05026002;Arcade;Treviso;Vedi aggregazione: Consiglio di Bacino Priula;;;;;;;;;
05026003;Asolo;Treviso;Vedi aggregazione: Consiglio di Bacino Priula;;;;;;;;;
05026004;Borso del Grappa;Treviso;Vedi aggregazione: Consiglio di Bacino Priula;;;;;;;;;
05026005;Breda di Piave;Treviso;Vedi aggregazione: Consiglio di Bacino Priula;;;;;;;;;
05026006;Caerano di San Marco;Treviso;Vedi aggregazione: Consiglio di Bacino Priula;;;;;;;;;
05026007;Cappella Maggiore;Treviso;Vedi aggregazione: Consiglio di Bacino Sinistra Piave;;;;;;;;;
05026008;Carbonera;Treviso;Vedi aggregazione: Consiglio di Bacino Priula;;;;;;;;;
05026009;Casale sul Sile;Treviso;Vedi aggregazione: Consiglio di Bacino Priula;;;;;;;;;
05026010;Casier;Treviso;Vedi aggregazione: Consiglio di Bacino Priula;;;;;;;;;
05026011;Castelcucco;Treviso;Vedi aggregazione: Consiglio di Bacino Priula;;;;;;;;;
05026012;Castelfranco Veneto;Treviso;Vedi aggregazione: Consiglio di Bacino Priula;;;;;;;;;
05026013;Castello di Godego;Treviso;Vedi aggregazione: Consiglio di Bacino Priula;;;;;;;;;
05026014;Cavaso del Tomba;Treviso;Vedi aggregazione: Consiglio di Bacino Priula;;;;;;;;;
05026015;Cessalto;Treviso;Vedi aggregazione: Consiglio di Bacino Sinistra Piave;;;;;;;;;
05026016;Chiarano;Treviso;Vedi aggregazione: Consiglio di Bacino Sinistra Piave;;;;;;;;;
05026017;Cimadolmo;Treviso;Vedi aggregazione: Consiglio di Bacino Sinistra Piave;;;;;;;;;
05026018;Cison di Valmarino;Treviso;Vedi aggregazione: Consiglio di Bacino Sinistra Piave;;;;;;;;;
05026019;Codogne;Treviso;Vedi aggregazione: Consiglio di Bacino Sinistra Piave;;;;;;;;;
05026020;Colle Umberto;Treviso;Vedi aggregazione: Consiglio di Bacino Sinistra Piave;;;;;;;;;
05026021;Conegliano - Dato aggregazione Consiglio di Bacino Sinistra Piave;Treviso;44;297.374;14,44;7,12;11,10;14,32;4,64;50,44;11,79;113,86
05026022;Cordignano;Treviso;Vedi aggregazione: Consiglio di Bacino Sinistra Piave;;;;;;;;;
05026023;Cornuda;Treviso;Vedi aggregazione: Consiglio di Bacino Priula;;;;;;;;;
05026025;Crocetta del Montello;Treviso;Vedi aggregazione: Consiglio di Bacino Priula;;;;;;;;;
05026026;Farra di Soligo;Treviso;Vedi aggregazione: Consiglio di Bacino Sinistra Piave;;;;;;;;;
05026027;Follina;Treviso;Vedi aggregazione: Consiglio di Bacino Sinistra Piave;;;;;;;;;
05026028;Fontanelle;Treviso;Vedi aggregazione: Consiglio di Bacino Sinistra Piave;;;;;;;;;
05026029;Fonte;Treviso;Vedi aggregazione: Consiglio di Bacino Priula;;;;;;;;;
05026030;Fregona;Treviso;Vedi aggregazione: Consiglio di Bacino Sinistra Piave;;;;;;;;;
05026031;Gaiarine;Treviso;Vedi aggregazione: Consiglio di Bacino Sinistra Piave;;;;;;;;;
05026032;Giavera del Montello;Treviso;Vedi aggregazione: Consiglio di Bacino Priula;;;;;;;;;
05026033;Godega di Sant'Urbano;Treviso;Vedi aggregazione: Consiglio di Bacino Sinistra Piave;;;;;;;;;
05026034;Gorgo al Monticano;Treviso;Vedi aggregazione: Consiglio di Bacino Sinistra Piave;;;;;;;;;
05026035;Istrana;Treviso;Vedi aggregazione: Consiglio di Bacino Priula;;;;;;;;;
05026036;Loria;Treviso;Vedi aggregazione: Consiglio di Bacino Priula;;;;;;;;;
05026037;Mansue;Treviso;Vedi aggregazione: Consiglio di Bacino Sinistra Piave;;;;;;;;;
05026038;Mareno di Piave;Treviso;Vedi aggregazione: Consiglio di Bacino Sinistra Piave;;;;;;;;;
05026039;Maser;Treviso;Vedi aggregazione: Consiglio di Bacino Priula;;;;;;;;;
05026040;Maserada sul Piave;Treviso;Vedi aggregazione: Consiglio di Bacino Priula;;;;;;;;;
05026041;Meduna di Livenza;Treviso;Vedi aggregazione: Consiglio di Bacino Sinistra Piave;;;;;;;;;
05026042;Miane;Treviso;Vedi aggregazione: Consiglio di Bacino Sinistra Piave;;;;;;;;;
05026043;Mogliano Veneto;Treviso;1;27.592;19,81;26,55;36,18;10,46;9,41;16,85;28,02;147,47
05026044;Monastier di Treviso;Treviso;Vedi aggregazione: Consiglio di Bacino Priula;;;;;;;;;
05026045;Monfumo;Treviso;Vedi aggregazione: Consiglio di Bacino Priula;;;;;;;;;
05026046;Montebelluna;Treviso;Vedi aggregazione: Consiglio di Bacino Priula;;;;;;;;;
05026047;Morgano;Treviso;Vedi aggregazione: Consiglio di Bacino Priula;;;;;;;;;
05026048;Moriago della Battaglia;Treviso;Vedi aggregazione: Consiglio di Bacino Sinistra Piave;;;;;;;;;
05026049;Motta di Livenza;Treviso;Vedi aggregazione: Consiglio di Bacino Sinistra Piave;;;;;;;;;
05026050;Nervesa della Battaglia;Treviso;Vedi aggregazione: Consiglio di Bacino Priula;;;;;;;;;
05026051;Oderzo;Treviso;Vedi aggregazione: Consiglio di Bacino Sinistra Piave;;;;;;;;;
05026052;Ormelle;Treviso;Vedi aggregazione: Consiglio di Bacino Sinistra Piave;;;;;;;;;
05026053;Orsago;Treviso;Vedi aggregazione: Consiglio di Bacino Sinistra Piave;;;;;;;;;
05026055;Paese;Treviso;Vedi aggregazione: Consiglio di Bacino Priula;;;;;;;;;
05026056;Pederobba;Treviso;Vedi aggregazione: Consiglio di Bacino Priula;;;;;;;;;
05026096;Pieve del Grappa;Treviso;Vedi aggregazione: Consiglio di Bacino Priula;;;;;;;;;
05026057;Pieve di Soligo;Treviso;Vedi aggregazione: Consiglio di Bacino Sinistra Piave;;;;;;;;;
05026058;Ponte di Piave;Treviso;Vedi aggregazione: Consiglio di Bacino Sinistra Piave;;;;;;;;;
05026059;Ponzano Veneto;Treviso;Vedi aggregazione: Consiglio di Bacino Priula;;;;;;;;;
05026060;Portobuffole;Treviso;Vedi aggregazione: Consiglio di Bacino Sinistra Piave;;;;;;;;;
05026061;Possagno;Treviso;Vedi aggregazione: Consiglio di Bacino Priula;;;;;;;;;
05026062;Povegliano;Treviso;Vedi aggregazione: Consiglio di Bacino Priula;;;;;;;;;
05026063;Preganziol;Treviso;Vedi aggregazione: Consiglio di Bacino Priula;;;;;;;;;
05026064;Quinto di Treviso;Treviso;Vedi aggregazione: Consiglio di Bacino Priula;;;;;;;;;
05026065;Refrontolo;Treviso;Vedi aggregazione: Consiglio di Bacino Sinistra Piave;;;;;;;;;
05026066;Resana;Treviso;Vedi aggregazione: Consiglio di Bacino Priula;;;;;;;;;
05026067;Revine Lago;Treviso;Vedi aggregazione: Consiglio di Bacino Sinistra Piave;;;;;;;;;
05026068;Riese Pio X;Treviso;Vedi aggregazione: Consiglio di Bacino Priula;;;;;;;;;
05026069;Roncade;Treviso;Vedi aggregazione: Consiglio di Bacino Priula;;;;;;;;;
05026070;Salgareda;Treviso;Vedi aggregazione: Consiglio di Bacino Sinistra Piave;;;;;;;;;
05026071;San Biagio di Callalta;Treviso;Vedi aggregazione: Consiglio di Bacino Priula;;;;;;;;;
05026072;San Fior;Treviso;Vedi aggregazione: Consiglio di Bacino Sinistra Piave;;;;;;;;;
05026073;San Pietro di Feletto;Treviso;Vedi aggregazione: Consiglio di Bacino Sinistra Piave;;;;;;;;;
05026074;San Polo di Piave;Treviso;Vedi aggregazione: Consiglio di Bacino Sinistra Piave;;;;;;;;;
05026076;San Vendemiano;Treviso;Vedi aggregazione: Consiglio di Bacino Sinistra Piave;;;;;;;;;
05026077;San Zenone degli Ezzelini;Treviso;Vedi aggregazione: Consiglio di Bacino Priula;;;;;;;;;
05026075;Santa Lucia di Piave;Treviso;Vedi aggregazione: Consiglio di Bacino Sinistra Piave;;;;;;;;;
05026078;Sarmede;Treviso;Vedi aggregazione: Consiglio di Bacino Sinistra Piave;;;;;;;;;
05026079;Segusino;Treviso;Vedi aggregazione: Consiglio di Bacino Sinistra Piave;;;;;;;;;
05026080;Sernaglia della Battaglia;Treviso;Vedi aggregazione: Consiglio di Bacino Sinistra Piave;;;;;;;;;
05026081;Silea;Treviso;Vedi aggregazione: Consiglio di Bacino Priula;;;;;;;;;
05026082;Spresiano;Treviso;Vedi aggregazione: Consiglio di Bacino Priula;;;;;;;;;
05026083;Susegana;Treviso;Vedi aggregazione: Consiglio di Bacino Priula;;;;;;;;;
05026084;Tarzo;Treviso;Vedi aggregazione: Consiglio di Bacino Sinistra Piave;;;;;;;;;
05026085;Trevignano;Treviso;Vedi aggregazione: Consiglio di Bacino Priula;;;;;;;;;
05026086;Treviso;Treviso;Vedi aggregazione: Consiglio di Bacino Priula;;;;;;;;;
05026087;Valdobbiadene;Treviso;Vedi aggregazione: Consiglio di Bacino Sinistra Piave;;;;;;;;;
05026088;Vazzola;Treviso;Vedi aggregazione: Consiglio di Bacino Sinistra Piave;;;;;;;;;
05026089;Vedelago;Treviso;Vedi aggregazione: Consiglio di Bacino Priula;;;;;;;;;
05026090;Vidor;Treviso;Vedi aggregazione: Consiglio di Bacino Sinistra Piave;;;;;;;;;
05026091;Villorba - Dato aggregazione Consiglio di Bacino Priula;Treviso;49;551.789;5,88;10,40;48,81;16,61;11,30;24,34;24,96;142,43
05026092;Vittorio Veneto;Treviso;Vedi aggregazione: Consiglio di Bacino Sinistra Piave;;;;;;;;;
05026093;Volpago del Montello;Treviso;Vedi aggregazione: Consiglio di Bacino Priula;;;;;;;;;
05026094;Zenson di Piave;Treviso;Vedi aggregazione: Consiglio di Bacino Priula;;;;;;;;;
05026095;Zero Branco;Treviso;Vedi aggregazione: Consiglio di Bacino Priula;;;;;;;;;
06032001;Duino-Aurisina;Trieste;1;8.456;37,26;40,08;44,19;22,08;8,68;17,14;10,31;181,67
06032002;Monrupino;Trieste;1;859;61,95;45,43;60,61;42,44;1,45;19,37;13,72;265,00
06032003;Muggia;Trieste;1;12.925;21,25;23,70;42,55;14,33;13,89;20,71;13,17;150,27
06032004;San Dorligo della Valle-Dolina;Trieste;1;5.786;10,03;15,60;65,75;0,19;0,42;38,64;1,99;158,86
06032005;Sgonico;Trieste;1;2.003;18,94;18,39;62,56;41,23;8,00;23,04;12,24;190,62
06032006;Trieste;Trieste;1;200.594;27,07;;30,26;46,33;32,28;38,84;17,73;194,10
06030002;Amaro;Udine;1;840;12,80;16,28;61,32;22,08;12,42;17,75;;161,34
06030003;Ampezzo;Udine;1;920;12,54;21,25;50,03;24,18;8,52;19,21;3,28;149,53
06030004;Aquileia;Udine;1;3.147;8,69;33,57;36,33;14,96;3,51;19,27;15,61;135,49
06030005;Arta Terme;Udine;1;2.039;13,21;18,24;53,80;27,68;11,34;26,42;0,67;163,79
06030006;Artegna;Udine;1;2.869;8,73;15,44;56,94;4,08;3,62;33,64;;131,09
06030007;Attimis;Udine;1;1.667;18,08;18,30;33,85;14,02;;18,76;19,03;122,08
06030008;Bagnaria Arsa;Udine;1;3.449;8,39;27,43;36,67;16,96;1,94;15,91;9,50;123,89
06030009;Basiliano;Udine;1;5.213;8,02;13,00;65,33;2,79;5,78;30,43;4,01;139,58
06030010;Bertiolo;Udine;1;2.369;9,13;17,24;56,62;3,19;3,28;29,10;;120,60
06030011;Bicinicco;Udine;1;1.811;8,57;20,23;25,89;15,09;5,29;13,06;19,79;132,95
06030012;Bordano;Udine;1;704;9,28;16,34;58,47;3,23;;31,52;1,64;124,55
06030013;Buja;Udine;1;6.320;10,79;12,59;19,23;14,76;3,57;23,59;14,05;99,96
06030014;Buttrio;Udine;1;3.876;9,03;9,80;59,36;4,34;2,84;40,70;16,46;201,87
06030015;Camino al Tagliamento;Udine;1;1.542;9,73;17,51;66,38;2,90;1,25;16,94;3,47;127,65
06030016;Campoformido;Udine;1;7.835;7,44;8,88;57,23;3,18;1,54;32,63;3,48;116,93
06030138;Campolongo Tapogliano;Udine;1;1.118;8,54;28,49;28,60;15,24;;31,63;9,67;122,18
06030018;Carlino;Udine;1;2.691;8,55;22,14;23,27;8,79;0,83;22,23;9,40;103,28
06030019;Cassacco;Udine;1;2.809;10,61;12,73;23,58;17,49;1,13;13,62;16,16;95,32
06030020;Castions di Strada;Udine;1;3.695;8,42;23,16;26,86;17,51;0,89;23,42;12,41;118,46
06030021;Cavazzo Carnico;Udine;1;933;14,58;19,14;50,66;23,43;4,44;17,52;;140,10
06030022;Cercivento;Udine;1;650;12,50;12,50;47,34;22,33;1,43;17,50;2,64;123,57
06030023;Cervignano del Friuli;Udine;1;13.557;8,50;33,58;23,85;10,21;9,11;23,71;10,58;125,95
06030024;Chiopris-Viscone;Udine;1;685;7,98;33,96;38,00;17,24;9,00;26,29;42,90;202,16
06030025;Chiusaforte;Udine;1;613;28,38;35,67;68,25;11,22;;130,67;16,72;299,02
06030026;Cividale del Friuli;Udine;1;10.877;10,07;35,33;34,02;12,76;13,81;24,09;22,64;154,81
06030027;Codroipo;Udine;1;15.850;9,64;15,64;67,14;3,98;5,81;21,93;8,98;138,25
06030028;Colloredo di Monte Albano;Udine;1;2.185;8,22;12,27;51,38;7,92;1,77;20,01;;102,56
06030029;Comeglians;Udine;1;438;13,98;25,48;59,68;26,77;22,10;21,79;8,47;194,95
06030031;Coseano;Udine;1;2.048;9,91;17,59;63,03;3,47;1,77;17,33;;113,67
06030032;Dignano;Udine;1;2.272;8,93;15,04;60,69;3,46;2,63;20,62;;112,86
06030033;Dogna;Udine;1;152;13,36;36,38;58,86;13,63;;24,13;;147,78
06030034;Drenchia;Udine;1;97;23,02;47,24;24,97;6,01;;78,04;18,19;198,76
06030035;Enemonzo;Udine;1;1.259;12,50;15,78;49,58;21,48;1,36;16,68;2,64;134,39
06030036;Faedis;Udine;1;2.756;13,32;16,65;28,18;10,91;;20,70;17,98;108,72
06030037;Fagagna;Udine;1;5.998;10,02;19,74;62,83;3,99;3,66;18,88;;119,66
06030190;Fiumicello Villa Vicentina;Udine;1;6.292;8,38;26,70;36,37;16,47;;18,40;9,82;116,95
06030039;Flaibano;Udine;1;1.092;8,76;12,85;57,56;2,80;0,64;36,89;;125,86
06030137;Forgaria nel Friuli;Udine;1;1.703;7,61;11,71;58,92;8,22;9,83;37,21;;134,65
06030040;Forni Avoltri;Udine;1;513;14,56;25,59;56,73;35,97;3,66;22,99;3,72;174,78
06030041;Forni di Sopra;Udine;1;921;14,59;38,83;68,87;29,75;16,78;18,70;3,87;215,72
06030042;Forni di Sotto;Udine;1;548;13,76;24,07;58,47;29,81;5,06;19,13;3,36;163,32
06030043;Gemona del Friuli;Udine;1;10.543;8,06;12,52;65,60;3,96;1,49;47,94;5,68;172,34
06030044;Gonars;Udine;1;4.543;8,57;24,81;20,83;11,92;2,26;18,93;8,44;103,19
06030045;Grimacco;Udine;1;292;22,60;28,55;23,27;4,25;;50,00;9,91;140,27
06030046;Latisana;Udine;1;13.212;10,51;17,87;29,09;16,05;11,46;24,96;10,00;122,69
06030047;Lauco;Udine;1;654;14,48;20,18;54,01;26,48;14,49;22,94;3,56;166,81
06030048;Lestizza;Udine;1;3.654;7,63;9,83;61,24;3,32;2,39;29,94;3,55;121,62
06030051;Lusevera;Udine;1;585;9,68;19,25;71,91;2,25;;13,54;3,17;150,05
06030052;Magnano in Riviera;Udine;1;2.258;13,11;34,55;78,74;3,58;4,34;23,01;;223,66
06030053;Majano;Udine;1;5.818;9,16;16,21;53,67;3,43;5,43;16,35;2,38;107,59
06030054;Malborghetto Valbruna;Udine;1;909;13,90;38,15;46,81;15,53;3,90;53,37;13,72;185,39
06030055;Manzano;Udine;1;6.244;10,77;32,68;25,80;14,45;3,13;27,64;29,73;153,74
06030056;Marano Lagunare;Udine;1;1.753;8,82;43,73;47,87;8,48;7,42;26,68;17,51;170,57
06030057;Martignacco;Udine;1;6.872;7,99;11,79;58,18;3,56;2,42;26,38;3,38;114,24
06030058;Mereto di Tomba;Udine;1;2.524;10,85;20,58;23,02;17,20;2,74;5,94;16,95;101,06
06030059;Moggio Udinese;Udine;1;1.613;13,53;34,81;54,40;10,11;10,08;28,15;;153,55
06030060;Moimacco;Udine;1;1.645;9,75;5,42;64,92;2,84;2,36;18,20;3,70;136,78
06030061;Montenars;Udine;1;480;10,37;21,08;47,39;3,04;;31,54;;127,12
06030062;Mortegliano;Udine;1;4.815;10,52;1,64;66,83;3,99;9,82;24,20;10,55;127,98
06030063;Moruzzo;Udine;1;2.443;8,20;11,27;58,75;2,76;1,30;17,66;;100,87
06030064;Muzzana del Turgnano;Udine;1;2.352;8,77;24,95;28,11;12,12;6,05;21,99;14,32;117,54
06030065;Nimis;Udine;1;2.550;10,62;21,44;66,15;3,36;2,08;13,48;0,72;118,60
06030066;Osoppo;Udine;1;2.842;9,46;16,56;59,26;3,28;;16,73;;107,67
06030067;Ovaro;Udine;1;1.745;13,52;19,71;50,47;23,83;2,53;17,88;2,87;142,33
06030068;Pagnacco;Udine;1;5.107;8,66;10,43;64,38;7,61;2,22;15,30;;114,96
06030069;Palazzolo dello Stella;Udine;1;2.878;8,29;29,69;30,52;13,94;2,01;21,70;19,51;131,54
06030070;Palmanova;Udine;1;5.298;8,48;44,33;23,70;10,31;22,34;25,13;11,77;148,50
06030072;Pasian di Prato;Udine;1;9.245;7,94;11,06;62,42;3,63;4,47;23,36;3,69;117,45
06030073;Paularo;Udine;1;2.355;12,21;19,72;47,72;25,36;12,39;20,73;6,52;149,53
06030074;Pavia di Udine;Udine;1;5.525;9,42;18,05;61,50;6,74;3,75;19,85;5,63;133,15
06030075;Pocenia;Udine;1;2.350;8,70;19,91;27,71;14,43;1,26;16,95;10,06;100,49
06030076;Pontebba;Udine;1;1.324;25,16;33,43;47,92;8,95;5,72;54,50;12,67;191,06
06030077;Porpetto;Udine;1;2.469;8,65;28,01;28,46;8,57;3,74;25,80;13,94;131,27
06030078;Povoletto;Udine;1;5.399;9,87;16,01;18,77;14,01;1,08;21,93;29,35;130,11
06030079;Pozzuolo del Friuli;Udine;1;6.896;7,61;10,04;56,29;3,15;0,59;29,30;3,37;114,21
06030080;Pradamano;Udine;1;3.518;8,76;15,33;74,18;4,86;2,52;23,36;3,76;142,45
06030081;Prato Carnico;Udine;1;846;13,83;19,16;52,66;26,12;1,80;19,94;3,02;148,13
06030082;Precenicco;Udine;1;1.432;8,42;35,67;39,34;13,07;2,96;22,33;17,00;142,80
06030083;Premariacco;Udine;1;3.968;8,63;10,12;50,80;2,88;1,15;27,05;3,31;104,39
06030084;Preone;Udine;1;251;12,22;22,63;53,82;28,45;10,08;17,27;3,12;159,88
06030085;Prepotto;Udine;1;710;19,79;53,14;22,27;5,57;;34,14;29,93;179,69
06030086;Pulfero;Udine;1;854;25,73;24,82;25,81;12,03;;22,06;10,87;132,71
06030087;Ragogna;Udine;1;2.799;9,30;16,07;54,88;2,69;3,25;18,35;0,03;104,58
06030088;Ravascletto;Udine;1;493;16,63;36,12;68,43;38,29;2,44;27,64;4,40;209,14
06030090;Reana del Rojale;Udine;1;4.731;9,21;15,75;60,15;3,45;3,66;22,16;1,99;117,47
06030091;Remanzacco;Udine;1;6.043;9,11;16,18;62,83;4,07;1,24;14,24;9,35;117,31
06030092;Resia;Udine;1;929;24,56;22,74;54,07;10,98;;36,86;20,41;181,21
06030093;Resiutta;Udine;1;259;12,96;39,43;75,98;6,76;;26,29;;163,64
06030094;Rigolato;Udine;1;368;16,16;30,83;63,63;34,45;29,72;26,93;4,63;226,32
06030095;Rive d'Arcano;Udine;1;2.353;9,07;12,24;50,11;3,17;0,73;18,21;;93,82
06030188;Rivignano Teor;Udine;1;6.158;6,56;13,20;47,75;2,41;4,15;14,26;3,41;94,14
06030097;Ronchis;Udine;1;1.930;8,61;27,44;36,41;13,26;6,27;21,72;10,95;126,09
06030098;Ruda;Udine;1;2.778;8,69;25,27;30,85;11,60;2,48;28,38;8,69;117,95
06030099;San Daniele del Friuli;Udine;1;7.901;10,74;19,19;64,01;4,06;5,70;23,76;;127,77
06030100;San Giorgio di Nogaro;Udine;1;7.306;8,49;32,99;28,32;12,12;3,21;19,65;18,65;132,40
06030101;San Giovanni al Natisone;Udine;1;6.095;10,35;17,50;71,08;4,47;9,38;23,04;1,99;146,44
06030102;San Leonardo;Udine;1;1.034;19,64;15,18;19,09;13,31;;16,18;10,65;99,13
06030103;San Pietro al Natisone;Udine;1;2.099;17,51;22,13;32,31;11,79;0,29;16,17;9,87;113,48
06030105;San Vito al Torre;Udine;1;1.198;8,79;38,59;48,91;13,25;2,53;19,08;23,24;155,63
06030106;San Vito di Fagagna;Udine;1;1.668;7,52;9,30;61,02;2,90;;26,71;3,39;111,29
06030104;Santa Maria la Longa;Udine;1;2.303;8,32;26,40;19,07;16,15;1,07;24,95;13,17;118,26
06030189;Sappada;Udine;1;1.300;33,27;29,89;70,09;53,06;;115,94;;308,19
06030107;Sauris;Udine;1;389;14,04;42,82;85,64;35,31;17,18;19,48;4,33;242,88
06030108;Savogna;Udine;1;348;25,15;45,88;25,34;4,92;;27,62;14,81;145,11
06030109;Sedegliano;Udine;1;3.692;8,05;14,70;52,35;3,20;1,63;30,47;2,99;153,71
06030110;Socchieve;Udine;1;858;12,26;18,29;47,90;26,36;5,17;15,91;2,87;138,76
06030111;Stregna;Udine;1;304;23,74;32,67;27,60;1,90;;31,51;11,34;128,78
06030112;Sutrio;Udine;1;1.231;11,37;15,89;51,59;32,78;1,57;14,26;1,99;146,29
06030113;Taipana;Udine;1;562;10,67;20,14;67,12;2,58;1,18;34,89;;147,89
06030114;Talmassons;Udine;1;3.859;6,57;21,97;24,32;12,71;1,94;19,86;13,68;102,76
06030116;Tarcento;Udine;1;8.814;8,75;20,89;33,45;13,06;5,72;27,48;19,18;132,12
06030117;Tarvisio;Udine;1;4.027;35,77;46,42;38,32;13,66;25,04;44,75;30,72;257,20
06030120;Terzo d'Aquileia;Udine;1;2.727;8,61;26,47;24,89;13,05;4,58;25,79;9,20;115,83
06030121;Tolmezzo;Udine;1;9.893;11,78;22,24;54,71;25,44;5,84;18,69;;150,46
06030122;Torreano;Udine;1;2.069;21,34;40,32;24,02;7,39;;12,52;15,17;123,34
06030123;Torviscosa;Udine;1;2.639;8,85;26,85;36,84;15,89;7,31;27,58;12,16;135,47
06030124;Trasaghis;Udine;1;2.085;11,60;18,16;58,02;2,97;1,26;15,68;;109,48
06030126;Treppo Grande;Udine;1;1.689;8,35;10,42;53,57;9,09;1,89;22,34;;108,18
06030191;Treppo Ligosullo;Udine;1;681;14,94;17,60;51,09;25,14;;19,87;;139,42
06030127;Tricesimo;Udine;1;7.584;15,29;11,89;16,46;18,15;2,69;19,59;10,22;97,47
06030128;Trivignano Udinese;Udine;1;1.550;9,24;22,86;22,40;12,05;0,88;21,78;17,55;112,61
06030129;Udine;Udine;1;97.761;8,90;40,95;19,79;13,88;10,78;19,98;32,12;152,27
06030130;Varmo;Udine;1;2.630;8,34;12,44;61,35;3,50;1,35;33,06;3,73;124,72
06030131;Venzone;Udine;1;1.936;11,47;20,78;61,61;4,28;;34,01;3,92;157,70
06030132;Verzegnis;Udine;1;836;14,43;18,89;45,99;21,78;7,59;17,39;;140,51
06030135;Visco;Udine;1;816;7,97;23,84;26,46;14,65;0,72;13,48;8,77;112,53
06030136;Zuglio;Udine;1;551;12,64;16,89;51,53;23,06;4,22;21,89;2,63;142,71
03012001;Agra;Varese;Vedi aggregazione: Ambito Valli del Verbano;;;;;;;;;
03012002;Albizzate;Varese;1;5.200;6,96;12,46;29,60;10,10;16,42;14,75;3,75;94,03
03012004;Arcisate;Varese;1;9.956;5,37;14,63;20,07;18,66;6,08;27,96;23,10;115,87
03012005;Arsago Seprio;Varese;1;4.780;7,35;5,93;50,02;22,30;11,89;27,85;16,39;163,97
03012006;Azzate;Varese;1;4.610;7,66;13,71;32,52;11,06;7,49;22,68;9,42;104,55
03012007;Azzio;Varese;Vedi aggregazione: Ambito Valli del Verbano;;;;;;;;;
03012008;Barasso;Varese;1;1.615;8,25;10,27;61,71;31,58;7,51;14,14;9,93;143,38
03012009;Bardello;Varese;Vedi aggregazione: Unione Ovest Lago Varese;;;;;;;;;
03012010;Bedero Valcuvia;Varese;1;666;8,96;16,12;89,92;8,77;;47,40;5,98;177,15
03012011;Besano;Varese;1;2.508;17,90;13,04;64,08;14,08;4,83;9,25;5,00;128,19
03012012;Besnate;Varese;1;5.483;8,22;14,74;34,79;11,87;2,47;14,84;5,42;92,36
03012013;Besozzo;Varese;1;8.709;7,78;5,13;39,71;26,21;13,20;16,47;7,47;133,88
03012014;Biandronno;Varese;1;3.154;11,03;12,09;41,35;19,60;1,93;14,09;6,24;106,70
03012015;Bisuschio;Varese;1;4.268;15,71;10,23;22,98;18,97;4,52;16,35;5,01;102,03
03012016;Bodio Lomnago;Varese;1;2.234;7,51;13,47;31,79;10,84;18,79;16,26;11,00;109,65
03012017;Brebbia;Varese;1;3.142;7,63;5,66;43,10;23,05;11,94;17,64;5,94;115,62
03012018;Bregano - Dato aggregazione Unione Ovest Lago Varese;Varese;3;3.625;7,62;3,04;47,00;21,72;7,69;16,40;5,81;109,29
03012019;Brenta;Varese;Vedi aggregazione: Ambito Valli del Verbano;;;;;;;;;
03012020;Brezzo di Bedero;Varese;Vedi aggregazione: Ambito Valli del Verbano;;;;;;;;;
03012021;Brinzio;Varese;Vedi aggregazione: Ambito Valli del Verbano;;;;;;;;;
03012022;Brissago-Valtravaglia;Varese;Vedi aggregazione: Ambito Valli del Verbano;;;;;;;;;
03012023;Brunello;Varese;1;933;10,89;19,53;46,09;15,72;28,65;48,92;5,88;175,67
03012024;Brusimpiano;Varese;1;1.165;6,67;14,00;37,45;10,42;46,68;27,64;16,07;158,94
03012025;Buguggiate;Varese;1;3.068;6,40;11,48;27,12;9,25;11,69;25,14;7,46;98,54
03012026;Busto Arsizio;Varese;1;82.981;31,50;35,46;37,60;;22,23;31,95;33,92;192,66
03012027;Cadegliano-Viconago;Varese;1;2.131;9,04;15,06;57,96;4,75;33,83;24,47;3,93;149,04
03012143;Cadrezzate con Osmate;Varese;1;2.649;7,06;8,81;25,89;44,93;0,32;35,61;0,99;123,60
03012029;Cairate;Varese;1;7.720;7,91;;35,05;29,04;7,03;35,93;4,69;119,64
03012030;Cantello;Varese;1;4.751;8,15;;21,26;35,33;7,45;25,29;11,35;112,40
03012031;Caravate;Varese;Vedi aggregazione: Ambito Valli del Verbano;;;;;;;;;
03012032;Cardano al Campo;Varese;1;14.739;8,90;;;19,54;7,51;24,67;15,19;135,55
03012033;Carnago;Varese;1;6.579;6,32;11,34;26,76;9,13;3,67;14,47;5,35;77,03
03012034;Caronno Pertusella;Varese;1;18.078;5,57;11,22;33,01;16,62;29,04;20,60;21,60;147,29
03012035;Caronno Varesino;Varese;1;4.772;5,76;;33,50;32,27;;23,75;3,03;98,12
03012036;Casale Litta;Varese;1;2.743;7,33;13,14;31,02;10,58;15,63;15,90;5,59;99,20
03012037;Casalzuigno;Varese;Vedi aggregazione: Ambito Valli del Verbano;;;;;;;;;
03012038;Casciago;Varese;1;3.610;7,47;;28,96;29,18;14,44;55,04;27,35;162,45
03012039;Casorate Sempione;Varese;1;5.663;7,96;15,04;25,39;24,64;0,50;8,46;7,49;89,48
03012040;Cassano Magnago;Varese;1;21.360;6,35;6,43;45,07;14,11;7,02;17,23;3,79;114,87
03012041;Cassano Valcuvia;Varese;Vedi aggregazione: Ambito Valli del Verbano;;;;;;;;;
03012042;Castellanza;Varese;1;14.149;8,01;6,35;57,07;9,31;42,43;38,76;6,96;172,37
03012043;Castello Cabiaglio;Varese;Vedi aggregazione: Ambito Valli del Verbano;;;;;;;;;
03012045;Castelveccana;Varese;Vedi aggregazione: Ambito Valli del Verbano;;;;;;;;;
03012046;Castiglione Olona;Varese;1;7.555;7,06;10,86;26,98;8,86;15,55;18,62;6,24;94,15
03012047;Castronno;Varese;1;5.031;8,52;12,31;29,59;11,92;14,03;14,58;5,23;96,17
03012048;Cavaria con Premezzo;Varese;1;5.614;6,58;11,80;28,03;9,55;11,27;13,21;5,50;85,94
03012049;Cazzago Brabbia;Varese;1;807;8,45;15,16;35,78;12,20;29,36;26,65;6,78;134,37
03012050;Cislago;Varese;1;10.382;4,39;7,68;27,88;20,12;13,58;17,99;17,98;110,59
03012051;Cittiglio;Varese;Vedi aggregazione: Ambito Valli del Verbano;;;;;;;;;
03012052;Clivio;Varese;1;1.928;11,65;6,58;48,24;22,19;6,41;57,40;30,07;182,55
03012053;Cocquio-Trevisago;Varese;1;4.616;7,89;5,31;49,28;17,06;3,59;16,54;6,58;106,24
03012054;Comabbio;Varese;1;1.223;3,45;5,38;28,84;14,39;16,87;16,75;6,62;92,29
03012055;Comerio;Varese;1;2.833;2,32;5,96;30,44;;2,41;38,45;12,02;95,03
03012056;Cremenaga;Varese;1;765;12,38;14,86;35,95;15,39;19,19;28,21;3,57;129,54
03012057;Crosio della Valle;Varese;1;601;8,46;15,17;35,81;12,21;24,15;30,83;7,18;133,81
03012058;Cuasso al Monte;Varese;1;3.567;5,56;8,79;40,79;15,23;5,12;25,55;4,73;105,76
03012059;Cugliate-Fabiasco;Varese;1;3.059;10,52;9,05;45,63;26,23;0,94;31,98;15,00;139,37
03012060;Cunardo;Varese;1;2.887;10,46;8,92;46,38;26,62;1,33;49,37;12,57;158,77
03012061;Curiglia con Monteviasco;Varese;Vedi aggregazione: Ambito Valli del Verbano;;;;;;;;;
03012062;Cuveglio;Varese;Vedi aggregazione: Ambito Valli del Verbano;;;;;;;;;
03012063;Cuvio;Varese;Vedi aggregazione: Ambito Valli del Verbano;;;;;;;;;
03012064;Daverio;Varese;1;3.084;9,38;13,51;31,89;10,88;2,71;18,37;3,97;90,69
03012065;Dumenza;Varese;Vedi aggregazione: Ambito Valli del Verbano;;;;;;;;;
03012066;Duno;Varese;Vedi aggregazione: Ambito Valli del Verbano;;;;;;;;;
03012067;Fagnano Olona;Varese;1;12.432;17,09;8,25;28,88;25,29;2,73;47,52;7,10;153,39
03012068;Ferno;Varese;1;6.752;14,99;25,18;39,50;;10,69;1,91;2,98;95,25
03012069;Ferrera di Varese;Varese;Vedi aggregazione: Ambito Valli del Verbano;;;;;;;;;
03012070;Gallarate;Varese;1;52.826;14,11;17,14;40,26;15,24;18,86;27,31;12,53;145,44
03012071;Galliate Lombardo;Varese;1;990;8,10;14,52;34,27;11,69;13,95;30,36;15,45;128,33
03012072;Gavirate;Varese;1;9.101;5,30;5,31;37,00;33,17;17,99;24,56;21,44;144,77
03012073;Gazzada Schianno;Varese;1;4.560;8,21;14,81;34,89;11,87;19,46;22,47;23,99;135,70
03012074;Gemonio;Varese;1;2.849;7,87;4,78;43,17;18,43;12,49;18,13;6,37;111,24
03012075;Gerenzano;Varese;1;10.753;5,80;16,83;28,31;13,79;3,10;15,10;15,38;102,96
03012076;Germignaga;Varese;Vedi aggregazione: Ambito Valli del Verbano;;;;;;;;;
03012077;Golasecca;Varese;1;2.637;9,15;7,61;41,18;22,95;0,51;35,15;4,54;121,09
03012078;Gorla Maggiore;Varese;1;4.877;11,42;;28,88;13,43;15,94;15,33;1,57;86,57
03012079;Gorla Minore;Varese;1;8.083;6,54;11,08;25,28;17,53;16,39;18,06;10,23;105,12
03012080;Gornate Olona;Varese;1;2.175;9,18;;36,38;29,93;12,28;9,25;5,68;102,71
03012081;Grantola;Varese;Vedi aggregazione: Ambito Valli del Verbano;;;;;;;;;
03012082;Inarzo;Varese;1;1.054;6,70;12,01;28,34;9,67;12,48;13,64;5,98;88,82
03012083;Induno Olona;Varese;1;10.258;5,86;;30,27;15,12;13,82;24,92;16,31;106,30
03012084;Ispra;Varese;1;5.223;7,60;3,61;51,70;17,58;4,28;20,15;24,61;129,72
03012085;Jerago con Orago;Varese;1;5.275;6,28;11,88;26,58;9,06;9,52;10,22;10,55;84,10
03012086;Lavena Ponte Tresa;Varese;1;5.767;4,95;13,90;42,74;24,73;37,99;17,82;24,21;166,34
03012087;Laveno-Mombello;Varese;Vedi aggregazione: Ambito Valli del Verbano;;;;;;;;;
03012088;Leggiuno;Varese;1;3.601;4,45;4,44;35,31;24,32;2,93;30,17;5,19;106,81
03012089;Lonate Ceppino;Varese;1;5.022;7,01;;25,93;30,82;;24,31;2,47;90,90
03012090;Lonate Pozzolo;Varese;1;11.369;24,73;35,87;50,66;;8,80;5,36;10,18;135,61
03012091;Lozza;Varese;1;1.203;7,24;;15,46;28,83;36,99;53,40;9,96;151,87
03012092;Luino - Dato aggregazione Ambito Valli del Verbano;Varese;30;61.775;7,90;12,36;42,96;24,93;12,99;24,18;20,41;149,80
03012093;Luvinate;Varese;1;1.295;5,04;5,52;50,17;21,01;0,46;9,21;3,67;95,07
03012142;Maccagno con Pino e Veddasca;Varese;Vedi aggregazione: Ambito Valli del Verbano;;;;;;;;;
03012095;Malgesso;Varese;Vedi aggregazione: Unione Ovest Lago Varese;;;;;;;;;
03012096;Malnate;Varese;1;16.357;6,08;6,29;50,01;16,86;12,56;18,78;4,24;137,55
03012097;Marchirolo;Varese;1;3.508;7,98;13,50;39,15;13,45;17,08;19,38;6,62;118,01
03012098;Marnate;Varese;1;8.027;8,26;20,04;32,85;3,07;11,87;22,96;17,07;117,67
03012099;Marzio;Varese;1;309;14,32;38,30;59,54;22,89;46,17;72,33;;253,55
03012100;Masciago Primo;Varese;Vedi aggregazione: Ambito Valli del Verbano;;;;;;;;;
03012101;Mercallo;Varese;1;1.790;3,90;3,84;36,24;29,50;2,80;10,18;;86,46
03012102;Mesenzana;Varese;Vedi aggregazione: Ambito Valli del Verbano;;;;;;;;;
03012103;Montegrino Valtravaglia;Varese;Vedi aggregazione: Ambito Valli del Verbano;;;;;;;;;
03012104;Monvalle;Varese;1;1.924;3,44;4,57;35,73;21,36;3,30;23,22;4,34;95,95
03012105;Morazzone;Varese;1;4.271;7,69;10,31;24,37;8,30;8,81;14,33;16,66;90,47
03012106;Mornago;Varese;1;4.909;6,04;10,83;25,57;8,72;18,92;12,82;5,05;87,95
03012107;Oggiona con Santo Stefano;Varese;1;4.332;10,57;11,18;24,95;8,51;10,85;11,74;11,14;88,94
03012108;Olgiate Olona;Varese;1;12.600;6,36;30,57;40,88;7,99;12,97;25,18;1,01;124,96
03012109;Origgio;Varese;1;7.958;14,17;9,17;31,23;34,38;15,83;20,01;6,77;132,15
03012110;Orino;Varese;Vedi aggregazione: Ambito Valli del Verbano;;;;;;;;;
03012113;Porto Ceresio;Varese;1;2.830;49,71;24,98;14,66;14,61;2,10;9,02;3,01;118,09
03012114;Porto Valtravaglia;Varese;Vedi aggregazione: Ambito Valli del Verbano;;;;;;;;;
03012115;Rancio Valcuvia;Varese;Vedi aggregazione: Ambito Valli del Verbano;;;;;;;;;
03012116;Ranco;Varese;1;1.223;10,65;4,13;48,07;32,68;14,37;26,13;6,70;167,35
03012117;Saltrio;Varese;1;2.983;11,87;6,01;39,16;23,09;2,78;36,64;8,26;127,80
03012118;Samarate;Varese;1;16.065;5,43;;21,70;22,74;10,98;28,86;4,23;93,93
03012141;Sangiano;Varese;1;1.454;4,85;7,68;42,98;19,02;5,89;11,90;3,21;106,16
03012119;Saronno;Varese;1;38.658;10,60;;26,29;29,06;29,89;18,85;9,08;123,77
03012120;Sesto Calende;Varese;1;11.002;6,10;7,17;44,36;25,23;12,48;13,43;5,98;114,74
03012121;Solbiate Arno;Varese;1;4.012;8,98;17,58;38,00;12,96;11,92;15,84;8,08;113,36
03012122;Solbiate Olona;Varese;1;5.323;11,49;14,16;37,09;18,35;19,02;20,53;8,00;131,66
03012123;Somma Lombardo;Varese;1;17.727;13,93;8,24;45,44;12,92;19,23;26,74;4,51;131,48
03012124;Sumirago;Varese;1;5.984;7,35;13,10;31,44;10,57;2,14;20,30;6,06;90,96
03012125;Taino;Varese;1;3.585;7,44;3,10;46,03;9,60;7,84;17,10;12,04;103,56
03012126;Ternate;Varese;1;2.494;3,84;10,03;40,41;34,97;3,78;6,77;13,36;121,17
03012127;Tradate;Varese;1;18.852;30,00;13,93;25,26;10,03;14,66;23,98;6,05;123,91
03012128;Travedona-Monate;Varese;1;3.928;14,64;6,26;49,95;27,06;10,82;23,45;6,85;167,59
03012129;Tronzano Lago Maggiore;Varese;Vedi aggregazione: Ambito Valli del Verbano;;;;;;;;;
03012130;Uboldo;Varese;1;10.707;5,91;8,47;43,91;12,88;18,61;27,81;9,81;128,90
03012131;Valganna;Varese;1;1.567;9,70;14,54;50,84;21,72;19,06;27,74;4,82;148,42
03012132;Varano Borghi;Varese;1;2.450;3,49;8,31;36,12;28,96;3,46;11,09;8,11;99,56
03012133;Varese;Varese;1;78.875;11,44;;34,51;33,80;12,36;66,45;28,37;186,93
03012134;Vedano Olona;Varese;1;7.272;9,18;12,22;29,07;9,91;17,96;13,81;13,00;105,15
03012136;Venegono Inferiore;Varese;1;5.930;8,04;14,21;35,53;11,42;17,43;17,81;39,86;144,30
03012137;Venegono Superiore;Varese;1;7.247;10,63;10,69;33,68;18,77;8,57;19,27;4,76;106,37
03012138;Vergiate;Varese;1;8.634;4,26;5,04;33,87;35,15;7,42;41,26;20,28;147,70
03012139;Viggiu;Varese;1;5.150;13,67;10,21;45,27;21,30;4,02;30,52;9,56;150,08
03012140;Vizzola Ticino;Varese;1;584;8,06;12,39;35,83;17,15;13,92;27,48;0,94;115,78
05027001;Annone Veneto;Venezia;1;3.811;10,33;16,19;35,09;19,74;4,85;18,53;9,24;114,01
05027002;Campagna Lupia;Venezia;1;7.134;11,42;14,47;56,48;7,57;3,99;19,63;13,68;127,24
05027003;Campolongo Maggiore;Venezia;1;10.726;11,37;11,39;53,67;6,25;3,85;16,12;11,39;114,05
05027004;Camponogara;Venezia;1;12.971;11,13;14,62;56,19;7,07;4,56;18,00;12,85;124,42
05027005;Caorle;Venezia;1;11.166;67,00;154,64;129,41;54,76;75,59;94,79;75,35;678,64
05027044;Cavallino-Treporti;Venezia;1;13.366;50,54;86,55;79,31;32,93;65,45;54,16;29,27;401,62
05027006;Cavarzere;Venezia;1;12.861;14,40;26,98;44,76;9,50;21,16;25,07;19,38;161,25
05027007;Ceggia;Venezia;1;6.133;16,78;9,80;35,58;10,19;7,71;19,56;25,87;125,49
05027008;Chioggia;Venezia;1;48.054;28,85;49,71;80,21;16,78;34,97;43,37;47,20;301,09
05027009;Cinto Caomaggiore;Venezia;1;3.107;8,68;13,36;33,38;20,38;2,00;16,62;11,48;105,89
05027010;Cona;Venezia;1;2.780;8,86;12,61;60,15;9,48;7,96;22,25;38,82;160,12
05027011;Concordia Sagittaria;Venezia;1;10.200;9,85;17,93;33,35;22,24;16,24;27,53;11,82;139,85
05027012;Dolo;Venezia;1;14.937;15,46;24,97;67,45;10,65;18,14;26,14;15,27;178,07
05027013;Eraclea;Venezia;1;11.997;29,65;36,61;69,05;13,63;11,47;28,85;23,88;213,15
05027014;Fiesso d'Artico;Venezia;1;8.419;12,93;19,77;59,34;7,56;8,92;21,32;18,81;148,66
05027015;Fossalta di Piave;Venezia;1;4.135;6,56;13,91;48,28;12,92;2,54;14,01;39,79;138,01
05027016;Fossalta di Portogruaro;Venezia;1;5.721;10,41;20,15;45,63;25,03;0,06;22,38;14,79;138,95
05027017;Fosso;Venezia;1;7.080;12,08;16,35;58,26;8,75;6,82;21,28;13,69;137,23
05027018;Gruaro;Venezia;1;2.731;11,79;23,24;31,21;21,29;4,19;19,95;12,38;124,08
05027019;Jesolo;Venezia;1;26.554;76,33;107,00;87,46;22,53;33,87;64,07;57,28;448,53
05027020;Marcon;Venezia;1;17.548;14,12;25,30;66,89;12,25;4,69;19,14;9,55;151,94
05027021;Martellago;Venezia;1;21.181;8,21;21,65;30,00;13,64;15,34;17,79;18,31;124,93
05027022;Meolo;Venezia;1;6.223;11,01;14,01;65,41;10,98;3,80;17,98;21,53;144,72
05027023;Mira;Venezia;1;37.538;14,05;15,45;68,39;10,04;7,23;21,34;25,21;161,70
05027024;Mirano;Venezia;1;27.133;8,34;29,14;30,15;13,21;15,69;16,46;18,37;131,37
05027025;Musile di Piave;Venezia;1;11.309;7,83;21,89;28,42;9,71;16,84;11,75;16,50;112,93
05027026;Noale;Venezia;1;16.083;9,46;23,90;29,61;13,06;18,90;22,01;14,13;131,07
05027027;Noventa di Piave;Venezia;1;6.972;12,03;29,30;29,97;12,71;12,46;18,01;29,91;144,38
05027028;Pianiga;Venezia;1;12.215;14,67;24,73;57,64;11,39;7,76;18,97;15,71;150,87
05027029;Portogruaro;Venezia;1;24.438;9,75;23,10;44,15;22,77;12,60;25,13;8,63;148,14
05027030;Pramaggiore;Venezia;1;4.692;9,89;13,79;33,36;19,99;1,06;18,53;9,03;105,65
05027031;Quarto d'Altino;Venezia;1;7.976;16,69;23,99;71,92;11,86;5,66;19,76;21,53;171,40
05027032;Salzano;Venezia;1;12.809;11,63;14,77;57,47;7,12;8,04;22,27;13,91;135,22
05027033;San Dona  di Piave;Venezia;1;41.703;10,91;16,34;60,28;11,45;16,72;20,45;24,08;160,24
05027034;San Michele al Tagliamento;Venezia;1;11.582;60,81;129,06;114,89;54,48;74,65;85,85;59,89;583,18
05027036;San Stino di Livenza;Venezia;1;12.740;9,92;19,01;34,64;22,09;9,64;18,84;9,81;124,13
05027035;Santa Maria di Sala;Venezia;1;17.439;9,45;19,68;29,74;13,05;13,60;23,32;13,27;122,09
05027037;Scorze;Venezia;1;19.001;8,51;24,75;29,40;12,45;13,50;15,26;15,49;119,36
05027038;Spinea;Venezia;1;27.760;7,82;19,24;29,70;11,81;15,21;16,39;9,86;110,75
05027039;Stra;Venezia;1;7.578;10,98;14,70;54,35;6,45;14,93;25,52;20,33;147,26
05027040;Teglio Veneto;Venezia;1;2.250;11,27;13,76;26,63;17,48;6,89;17,62;9,73;121,13
05027041;Torre di Mosto;Venezia;1;4.764;17,26;21,63;35,29;10,24;9,51;16,57;10,19;120,68
05027042;Venezia;Venezia;1;254.661;71,60;61,10;68,28;11,13;71,40;61,91;47,32;389,84
05027043;Vigonovo;Venezia;1;9.918;12,52;19,09;60,49;8,41;8,73;22,47;13,78;145,48
01103001;Antrona Schieranco;Verbano-Cusio-Ossola;Vedi aggregazione: CONSORZIO RIFIUTI DEL VERBANO CUSIO OSSOLA;;;;;;;;;
01103002;Anzola d'Ossola;Verbano-Cusio-Ossola;Vedi aggregazione: CONSORZIO RIFIUTI DEL VERBANO CUSIO OSSOLA;;;;;;;;;
01103003;Arizzano;Verbano-Cusio-Ossola;Vedi aggregazione: CONSORZIO RIFIUTI DEL VERBANO CUSIO OSSOLA;;;;;;;;;
01103004;Arola;Verbano-Cusio-Ossola;Vedi aggregazione: CONSORZIO RIFIUTI DEL VERBANO CUSIO OSSOLA;;;;;;;;;
01103005;Aurano;Verbano-Cusio-Ossola;Vedi aggregazione: CONSORZIO RIFIUTI DEL VERBANO CUSIO OSSOLA;;;;;;;;;
01103006;Baceno;Verbano-Cusio-Ossola;Vedi aggregazione: CONSORZIO RIFIUTI DEL VERBANO CUSIO OSSOLA;;;;;;;;;
01103007;Bannio Anzino;Verbano-Cusio-Ossola;Vedi aggregazione: CONSORZIO RIFIUTI DEL VERBANO CUSIO OSSOLA;;;;;;;;;
01103008;Baveno;Verbano-Cusio-Ossola;Vedi aggregazione: CONSORZIO RIFIUTI DEL VERBANO CUSIO OSSOLA;;;;;;;;;
01103009;Bee;Verbano-Cusio-Ossola;Vedi aggregazione: CONSORZIO RIFIUTI DEL VERBANO CUSIO OSSOLA;;;;;;;;;
01103010;Belgirate;Verbano-Cusio-Ossola;Vedi aggregazione: CONSORZIO RIFIUTI DEL VERBANO CUSIO OSSOLA;;;;;;;;;
01103011;Beura-Cardezza;Verbano-Cusio-Ossola;Vedi aggregazione: CONSORZIO RIFIUTI DEL VERBANO CUSIO OSSOLA;;;;;;;;;
01103012;Bognanco;Verbano-Cusio-Ossola;Vedi aggregazione: CONSORZIO RIFIUTI DEL VERBANO CUSIO OSSOLA;;;;;;;;;
01103078;Borgomezzavalle;Verbano-Cusio-Ossola;Vedi aggregazione: CONSORZIO RIFIUTI DEL VERBANO CUSIO OSSOLA;;;;;;;;;
01103013;Brovello-Carpugnino;Verbano-Cusio-Ossola;Vedi aggregazione: CONSORZIO RIFIUTI DEL VERBANO CUSIO OSSOLA;;;;;;;;;
01103014;Calasca-Castiglione;Verbano-Cusio-Ossola;Vedi aggregazione: CONSORZIO RIFIUTI DEL VERBANO CUSIO OSSOLA;;;;;;;;;
01103015;Cambiasca;Verbano-Cusio-Ossola;Vedi aggregazione: CONSORZIO RIFIUTI DEL VERBANO CUSIO OSSOLA;;;;;;;;;
01103016;Cannero Riviera;Verbano-Cusio-Ossola;Vedi aggregazione: CONSORZIO RIFIUTI DEL VERBANO CUSIO OSSOLA;;;;;;;;;
01103017;Cannobio;Verbano-Cusio-Ossola;Vedi aggregazione: CONSORZIO RIFIUTI DEL VERBANO CUSIO OSSOLA;;;;;;;;;
01103018;Caprezzo;Verbano-Cusio-Ossola;Vedi aggregazione: CONSORZIO RIFIUTI DEL VERBANO CUSIO OSSOLA;;;;;;;;;
01103019;Casale Corte Cerro;Verbano-Cusio-Ossola;Vedi aggregazione: CONSORZIO RIFIUTI DEL VERBANO CUSIO OSSOLA;;;;;;;;;
01103021;Ceppo Morelli;Verbano-Cusio-Ossola;Vedi aggregazione: CONSORZIO RIFIUTI DEL VERBANO CUSIO OSSOLA;;;;;;;;;
01103022;Cesara;Verbano-Cusio-Ossola;Vedi aggregazione: CONSORZIO RIFIUTI DEL VERBANO CUSIO OSSOLA;;;;;;;;;
01103023;Cossogno;Verbano-Cusio-Ossola;Vedi aggregazione: CONSORZIO RIFIUTI DEL VERBANO CUSIO OSSOLA;;;;;;;;;
01103024;Craveggia;Verbano-Cusio-Ossola;Vedi aggregazione: CONSORZIO RIFIUTI DEL VERBANO CUSIO OSSOLA;;;;;;;;;
01103025;Crevoladossola;Verbano-Cusio-Ossola;Vedi aggregazione: CONSORZIO RIFIUTI DEL VERBANO CUSIO OSSOLA;;;;;;;;;
01103026;Crodo;Verbano-Cusio-Ossola;Vedi aggregazione: CONSORZIO RIFIUTI DEL VERBANO CUSIO OSSOLA;;;;;;;;;
01103028;Domodossola;Verbano-Cusio-Ossola;Vedi aggregazione: CONSORZIO RIFIUTI DEL VERBANO CUSIO OSSOLA;;;;;;;;;
01103029;Druogno;Verbano-Cusio-Ossola;Vedi aggregazione: CONSORZIO RIFIUTI DEL VERBANO CUSIO OSSOLA;;;;;;;;;
01103031;Formazza;Verbano-Cusio-Ossola;Vedi aggregazione: CONSORZIO RIFIUTI DEL VERBANO CUSIO OSSOLA;;;;;;;;;
01103032;Germagno;Verbano-Cusio-Ossola;Vedi aggregazione: CONSORZIO RIFIUTI DEL VERBANO CUSIO OSSOLA;;;;;;;;;
01103033;Ghiffa;Verbano-Cusio-Ossola;Vedi aggregazione: CONSORZIO RIFIUTI DEL VERBANO CUSIO OSSOLA;;;;;;;;;
01103034;Gignese;Verbano-Cusio-Ossola;Vedi aggregazione: CONSORZIO RIFIUTI DEL VERBANO CUSIO OSSOLA;;;;;;;;;
01103035;Gravellona Toce;Verbano-Cusio-Ossola;Vedi aggregazione: CONSORZIO RIFIUTI DEL VERBANO CUSIO OSSOLA;;;;;;;;;
01103036;Gurro;Verbano-Cusio-Ossola;Vedi aggregazione: CONSORZIO RIFIUTI DEL VERBANO CUSIO OSSOLA;;;;;;;;;
01103037;Intragna;Verbano-Cusio-Ossola;Vedi aggregazione: CONSORZIO RIFIUTI DEL VERBANO CUSIO OSSOLA;;;;;;;;;
01103038;Loreglia;Verbano-Cusio-Ossola;Vedi aggregazione: CONSORZIO RIFIUTI DEL VERBANO CUSIO OSSOLA;;;;;;;;;
01103039;Macugnaga;Verbano-Cusio-Ossola;Vedi aggregazione: CONSORZIO RIFIUTI DEL VERBANO CUSIO OSSOLA;;;;;;;;;
01103040;Madonna del Sasso;Verbano-Cusio-Ossola;Vedi aggregazione: CONSORZIO RIFIUTI DEL VERBANO CUSIO OSSOLA;;;;;;;;;
01103041;Malesco;Verbano-Cusio-Ossola;Vedi aggregazione: CONSORZIO RIFIUTI DEL VERBANO CUSIO OSSOLA;;;;;;;;;
01103042;Masera;Verbano-Cusio-Ossola;Vedi aggregazione: CONSORZIO RIFIUTI DEL VERBANO CUSIO OSSOLA;;;;;;;;;
01103043;Massiola;Verbano-Cusio-Ossola;Vedi aggregazione: CONSORZIO RIFIUTI DEL VERBANO CUSIO OSSOLA;;;;;;;;;
01103044;Mergozzo;Verbano-Cusio-Ossola;Vedi aggregazione: CONSORZIO RIFIUTI DEL VERBANO CUSIO OSSOLA;;;;;;;;;
01103045;Miazzina;Verbano-Cusio-Ossola;Vedi aggregazione: CONSORZIO RIFIUTI DEL VERBANO CUSIO OSSOLA;;;;;;;;;
01103046;Montecrestese;Verbano-Cusio-Ossola;Vedi aggregazione: CONSORZIO RIFIUTI DEL VERBANO CUSIO OSSOLA;;;;;;;;;
01103047;Montescheno;Verbano-Cusio-Ossola;Vedi aggregazione: CONSORZIO RIFIUTI DEL VERBANO CUSIO OSSOLA;;;;;;;;;
01103048;Nonio;Verbano-Cusio-Ossola;Vedi aggregazione: CONSORZIO RIFIUTI DEL VERBANO CUSIO OSSOLA;;;;;;;;;
01103049;Oggebbio;Verbano-Cusio-Ossola;Vedi aggregazione: CONSORZIO RIFIUTI DEL VERBANO CUSIO OSSOLA;;;;;;;;;
01103050;Omegna;Verbano-Cusio-Ossola;Vedi aggregazione: CONSORZIO RIFIUTI DEL VERBANO CUSIO OSSOLA;;;;;;;;;
01103051;Ornavasso;Verbano-Cusio-Ossola;Vedi aggregazione: CONSORZIO RIFIUTI DEL VERBANO CUSIO OSSOLA;;;;;;;;;
01103052;Pallanzeno;Verbano-Cusio-Ossola;Vedi aggregazione: CONSORZIO RIFIUTI DEL VERBANO CUSIO OSSOLA;;;;;;;;;
01103053;Piedimulera;Verbano-Cusio-Ossola;Vedi aggregazione: CONSORZIO RIFIUTI DEL VERBANO CUSIO OSSOLA;;;;;;;;;
01103054;Pieve Vergonte;Verbano-Cusio-Ossola;Vedi aggregazione: CONSORZIO RIFIUTI DEL VERBANO CUSIO OSSOLA;;;;;;;;;
01103055;Premeno;Verbano-Cusio-Ossola;Vedi aggregazione: CONSORZIO RIFIUTI DEL VERBANO CUSIO OSSOLA;;;;;;;;;
01103056;Premia;Verbano-Cusio-Ossola;Vedi aggregazione: CONSORZIO RIFIUTI DEL VERBANO CUSIO OSSOLA;;;;;;;;;
01103057;Premosello-Chiovenda;Verbano-Cusio-Ossola;Vedi aggregazione: CONSORZIO RIFIUTI DEL VERBANO CUSIO OSSOLA;;;;;;;;;
01103058;Quarna Sopra;Verbano-Cusio-Ossola;Vedi aggregazione: CONSORZIO RIFIUTI DEL VERBANO CUSIO OSSOLA;;;;;;;;;
01103059;Quarna Sotto;Verbano-Cusio-Ossola;Vedi aggregazione: CONSORZIO RIFIUTI DEL VERBANO CUSIO OSSOLA;;;;;;;;;
01103060;Re;Verbano-Cusio-Ossola;Vedi aggregazione: CONSORZIO RIFIUTI DEL VERBANO CUSIO OSSOLA;;;;;;;;;
01103061;San Bernardino Verbano;Verbano-Cusio-Ossola;Vedi aggregazione: CONSORZIO RIFIUTI DEL VERBANO CUSIO OSSOLA;;;;;;;;;
01103062;Santa Maria Maggiore;Verbano-Cusio-Ossola;Vedi aggregazione: CONSORZIO RIFIUTI DEL VERBANO CUSIO OSSOLA;;;;;;;;;
01103064;Stresa;Verbano-Cusio-Ossola;Vedi aggregazione: CONSORZIO RIFIUTI DEL VERBANO CUSIO OSSOLA;;;;;;;;;
01103065;Toceno;Verbano-Cusio-Ossola;Vedi aggregazione: CONSORZIO RIFIUTI DEL VERBANO CUSIO OSSOLA;;;;;;;;;
01103066;Trarego Viggiona;Verbano-Cusio-Ossola;Vedi aggregazione: CONSORZIO RIFIUTI DEL VERBANO CUSIO OSSOLA;;;;;;;;;
01103067;Trasquera;Verbano-Cusio-Ossola;Vedi aggregazione: CONSORZIO RIFIUTI DEL VERBANO CUSIO OSSOLA;;;;;;;;;
01103068;Trontano;Verbano-Cusio-Ossola;Vedi aggregazione: CONSORZIO RIFIUTI DEL VERBANO CUSIO OSSOLA;;;;;;;;;
01103079;Valle Cannobina;Verbano-Cusio-Ossola;Vedi aggregazione: CONSORZIO RIFIUTI DEL VERBANO CUSIO OSSOLA;;;;;;;;;
01103069;Valstrona;Verbano-Cusio-Ossola;Vedi aggregazione: CONSORZIO RIFIUTI DEL VERBANO CUSIO OSSOLA;;;;;;;;;
01103070;Vanzone con San Carlo;Verbano-Cusio-Ossola;Vedi aggregazione: CONSORZIO RIFIUTI DEL VERBANO CUSIO OSSOLA;;;;;;;;;
01103071;Varzo;Verbano-Cusio-Ossola;Vedi aggregazione: CONSORZIO RIFIUTI DEL VERBANO CUSIO OSSOLA;;;;;;;;;
01103072;Verbania - Dato aggregazione CONSORZIO RIFIUTI DEL VERBANO CUSIO OSSOLA;Verbano-Cusio-Ossola;74;154.233;25,19;0,02;78,07;34,86;21,17;24,97;20,55;209,93
01103074;Vignone;Verbano-Cusio-Ossola;Vedi aggregazione: CONSORZIO RIFIUTI DEL VERBANO CUSIO OSSOLA;;;;;;;;;
01103075;Villadossola;Verbano-Cusio-Ossola;Vedi aggregazione: CONSORZIO RIFIUTI DEL VERBANO CUSIO OSSOLA;;;;;;;;;
01103076;Villette;Verbano-Cusio-Ossola;Vedi aggregazione: CONSORZIO RIFIUTI DEL VERBANO CUSIO OSSOLA;;;;;;;;;
01103077;Vogogna;Verbano-Cusio-Ossola;Vedi aggregazione: CONSORZIO RIFIUTI DEL VERBANO CUSIO OSSOLA;;;;;;;;;
01002002;Alagna Valsesia;Vercelli;Vedi aggregazione: CONSORZIO OBBLIGATORIO COMUNI DEL VERCELLESE E DELLA VALSESIA PER LA GESTIONE DEI RIFIUTI URBANI;;;;;;;;;
01002003;Albano Vercellese;Vercelli;Vedi aggregazione: CONSORZIO OBBLIGATORIO COMUNI DEL VERCELLESE E DELLA VALSESIA PER LA GESTIONE DEI RIFIUTI URBANI;;;;;;;;;
01002004;Alice Castello;Vercelli;Vedi aggregazione: CONSORZIO OBBLIGATORIO COMUNI DEL VERCELLESE E DELLA VALSESIA PER LA GESTIONE DEI RIFIUTI URBANI;;;;;;;;;
01002170;Alto Sermenza;Vercelli;Vedi aggregazione: CONSORZIO OBBLIGATORIO COMUNI DEL VERCELLESE E DELLA VALSESIA PER LA GESTIONE DEI RIFIUTI URBANI;;;;;;;;;
01002006;Arborio;Vercelli;Vedi aggregazione: CONSORZIO OBBLIGATORIO COMUNI DEL VERCELLESE E DELLA VALSESIA PER LA GESTIONE DEI RIFIUTI URBANI;;;;;;;;;
01002007;Asigliano Vercellese;Vercelli;Vedi aggregazione: CONSORZIO OBBLIGATORIO COMUNI DEL VERCELLESE E DELLA VALSESIA PER LA GESTIONE DEI RIFIUTI URBANI;;;;;;;;;
01002008;Balmuccia;Vercelli;Vedi aggregazione: CONSORZIO OBBLIGATORIO COMUNI DEL VERCELLESE E DELLA VALSESIA PER LA GESTIONE DEI RIFIUTI URBANI;;;;;;;;;
01002009;Balocco;Vercelli;Vedi aggregazione: CONSORZIO OBBLIGATORIO COMUNI DEL VERCELLESE E DELLA VALSESIA PER LA GESTIONE DEI RIFIUTI URBANI;;;;;;;;;
01002011;Bianze;Vercelli;Vedi aggregazione: CONSORZIO OBBLIGATORIO COMUNI DEL VERCELLESE E DELLA VALSESIA PER LA GESTIONE DEI RIFIUTI URBANI;;;;;;;;;
01002014;Boccioleto;Vercelli;Vedi aggregazione: CONSORZIO OBBLIGATORIO COMUNI DEL VERCELLESE E DELLA VALSESIA PER LA GESTIONE DEI RIFIUTI URBANI;;;;;;;;;
01002015;Borgo d'Ale;Vercelli;Vedi aggregazione: CONSORZIO OBBLIGATORIO COMUNI DEL VERCELLESE E DELLA VALSESIA PER LA GESTIONE DEI RIFIUTI URBANI;;;;;;;;;
01002017;Borgo Vercelli;Vercelli;Vedi aggregazione: CONSORZIO OBBLIGATORIO COMUNI DEL VERCELLESE E DELLA VALSESIA PER LA GESTIONE DEI RIFIUTI URBANI;;;;;;;;;
01002021;Buronzo;Vercelli;Vedi aggregazione: CONSORZIO OBBLIGATORIO COMUNI DEL VERCELLESE E DELLA VALSESIA PER LA GESTIONE DEI RIFIUTI URBANI;;;;;;;;;
01002025;Campertogno;Vercelli;Vedi aggregazione: CONSORZIO OBBLIGATORIO COMUNI DEL VERCELLESE E DELLA VALSESIA PER LA GESTIONE DEI RIFIUTI URBANI;;;;;;;;;
01002029;Carcoforo;Vercelli;Vedi aggregazione: CONSORZIO OBBLIGATORIO COMUNI DEL VERCELLESE E DELLA VALSESIA PER LA GESTIONE DEI RIFIUTI URBANI;;;;;;;;;
01002030;Caresana;Vercelli;Vedi aggregazione: CONSORZIO OBBLIGATORIO COMUNI DEL VERCELLESE E DELLA VALSESIA PER LA GESTIONE DEI RIFIUTI URBANI;;;;;;;;;
01002031;Caresanablot;Vercelli;Vedi aggregazione: CONSORZIO OBBLIGATORIO COMUNI DEL VERCELLESE E DELLA VALSESIA PER LA GESTIONE DEI RIFIUTI URBANI;;;;;;;;;
01002032;Carisio;Vercelli;Vedi aggregazione: CONSORZIO OBBLIGATORIO COMUNI DEL VERCELLESE E DELLA VALSESIA PER LA GESTIONE DEI RIFIUTI URBANI;;;;;;;;;
01002033;Casanova Elvo;Vercelli;Vedi aggregazione: CONSORZIO OBBLIGATORIO COMUNI DEL VERCELLESE E DELLA VALSESIA PER LA GESTIONE DEI RIFIUTI URBANI;;;;;;;;;
01002171;Cellio con Breia;Vercelli;Vedi aggregazione: CONSORZIO OBBLIGATORIO COMUNI DEL VERCELLESE E DELLA VALSESIA PER LA GESTIONE DEI RIFIUTI URBANI;;;;;;;;;
01002041;Cervatto;Vercelli;Vedi aggregazione: CONSORZIO OBBLIGATORIO COMUNI DEL VERCELLESE E DELLA VALSESIA PER LA GESTIONE DEI RIFIUTI URBANI;;;;;;;;;
01002042;Cigliano;Vercelli;Vedi aggregazione: CONSORZIO OBBLIGATORIO COMUNI DEL VERCELLESE E DELLA VALSESIA PER LA GESTIONE DEI RIFIUTI URBANI;;;;;;;;;
01002043;Civiasco;Vercelli;Vedi aggregazione: CONSORZIO OBBLIGATORIO COMUNI DEL VERCELLESE E DELLA VALSESIA PER LA GESTIONE DEI RIFIUTI URBANI;;;;;;;;;
01002045;Collobiano;Vercelli;Vedi aggregazione: CONSORZIO OBBLIGATORIO COMUNI DEL VERCELLESE E DELLA VALSESIA PER LA GESTIONE DEI RIFIUTI URBANI;;;;;;;;;
01002047;Costanzana;Vercelli;Vedi aggregazione: CONSORZIO OBBLIGATORIO COMUNI DEL VERCELLESE E DELLA VALSESIA PER LA GESTIONE DEI RIFIUTI URBANI;;;;;;;;;
01002048;Cravagliana;Vercelli;Vedi aggregazione: CONSORZIO OBBLIGATORIO COMUNI DEL VERCELLESE E DELLA VALSESIA PER LA GESTIONE DEI RIFIUTI URBANI;;;;;;;;;
01002049;Crescentino;Vercelli;Vedi aggregazione: CONSORZIO OBBLIGATORIO COMUNI DEL VERCELLESE E DELLA VALSESIA PER LA GESTIONE DEI RIFIUTI URBANI;;;;;;;;;
01002052;Crova;Vercelli;Vedi aggregazione: CONSORZIO OBBLIGATORIO COMUNI DEL VERCELLESE E DELLA VALSESIA PER LA GESTIONE DEI RIFIUTI URBANI;;;;;;;;;
01002054;Desana;Vercelli;Vedi aggregazione: CONSORZIO OBBLIGATORIO COMUNI DEL VERCELLESE E DELLA VALSESIA PER LA GESTIONE DEI RIFIUTI URBANI;;;;;;;;;
01002057;Fobello;Vercelli;Vedi aggregazione: CONSORZIO OBBLIGATORIO COMUNI DEL VERCELLESE E DELLA VALSESIA PER LA GESTIONE DEI RIFIUTI URBANI;;;;;;;;;
01002058;Fontanetto Po;Vercelli;Vedi aggregazione: CONSORZIO OBBLIGATORIO COMUNI DEL VERCELLESE E DELLA VALSESIA PER LA GESTIONE DEI RIFIUTI URBANI;;;;;;;;;
01002059;Formigliana;Vercelli;Vedi aggregazione: CONSORZIO OBBLIGATORIO COMUNI DEL VERCELLESE E DELLA VALSESIA PER LA GESTIONE DEI RIFIUTI URBANI;;;;;;;;;
01002061;Gattinara;Vercelli;Vedi aggregazione: CONSORZIO OBBLIGATORIO COMUNI DEL VERCELLESE E DELLA VALSESIA PER LA GESTIONE DEI RIFIUTI URBANI;;;;;;;;;
01002062;Ghislarengo;Vercelli;Vedi aggregazione: CONSORZIO OBBLIGATORIO COMUNI DEL VERCELLESE E DELLA VALSESIA PER LA GESTIONE DEI RIFIUTI URBANI;;;;;;;;;
01002065;Greggio;Vercelli;Vedi aggregazione: CONSORZIO OBBLIGATORIO COMUNI DEL VERCELLESE E DELLA VALSESIA PER LA GESTIONE DEI RIFIUTI URBANI;;;;;;;;;
01002066;Guardabosone;Vercelli;Vedi aggregazione: CONSORZIO OBBLIGATORIO COMUNI DEL VERCELLESE E DELLA VALSESIA PER LA GESTIONE DEI RIFIUTI URBANI;;;;;;;;;
01002067;Lamporo;Vercelli;Vedi aggregazione: CONSORZIO OBBLIGATORIO COMUNI DEL VERCELLESE E DELLA VALSESIA PER LA GESTIONE DEI RIFIUTI URBANI;;;;;;;;;
01002068;Lenta;Vercelli;Vedi aggregazione: CONSORZIO OBBLIGATORIO COMUNI DEL VERCELLESE E DELLA VALSESIA PER LA GESTIONE DEI RIFIUTI URBANI;;;;;;;;;
01002070;Lignana;Vercelli;Vedi aggregazione: CONSORZIO OBBLIGATORIO COMUNI DEL VERCELLESE E DELLA VALSESIA PER LA GESTIONE DEI RIFIUTI URBANI;;;;;;;;;
01002071;Livorno Ferraris;Vercelli;Vedi aggregazione: CONSORZIO OBBLIGATORIO COMUNI DEL VERCELLESE E DELLA VALSESIA PER LA GESTIONE DEI RIFIUTI URBANI;;;;;;;;;
01002072;Lozzolo;Vercelli;Vedi aggregazione: CONSORZIO OBBLIGATORIO COMUNI DEL VERCELLESE E DELLA VALSESIA PER LA GESTIONE DEI RIFIUTI URBANI;;;;;;;;;
01002078;Mollia;Vercelli;Vedi aggregazione: CONSORZIO OBBLIGATORIO COMUNI DEL VERCELLESE E DELLA VALSESIA PER LA GESTIONE DEI RIFIUTI URBANI;;;;;;;;;
01002079;Moncrivello;Vercelli;Vedi aggregazione: CONSORZIO OBBLIGATORIO COMUNI DEL VERCELLESE E DELLA VALSESIA PER LA GESTIONE DEI RIFIUTI URBANI;;;;;;;;;
01002082;Motta de' Conti;Vercelli;Vedi aggregazione: CONSORZIO OBBLIGATORIO COMUNI DEL VERCELLESE E DELLA VALSESIA PER LA GESTIONE DEI RIFIUTI URBANI;;;;;;;;;
01002088;Olcenengo;Vercelli;Vedi aggregazione: CONSORZIO OBBLIGATORIO COMUNI DEL VERCELLESE E DELLA VALSESIA PER LA GESTIONE DEI RIFIUTI URBANI;;;;;;;;;
01002089;Oldenico;Vercelli;Vedi aggregazione: CONSORZIO OBBLIGATORIO COMUNI DEL VERCELLESE E DELLA VALSESIA PER LA GESTIONE DEI RIFIUTI URBANI;;;;;;;;;
01002090;Palazzolo Vercellese;Vercelli;Vedi aggregazione: CONSORZIO OBBLIGATORIO COMUNI DEL VERCELLESE E DELLA VALSESIA PER LA GESTIONE DEI RIFIUTI URBANI;;;;;;;;;
01002091;Pertengo;Vercelli;Vedi aggregazione: CONSORZIO OBBLIGATORIO COMUNI DEL VERCELLESE E DELLA VALSESIA PER LA GESTIONE DEI RIFIUTI URBANI;;;;;;;;;
01002093;Pezzana;Vercelli;Vedi aggregazione: CONSORZIO OBBLIGATORIO COMUNI DEL VERCELLESE E DELLA VALSESIA PER LA GESTIONE DEI RIFIUTI URBANI;;;;;;;;;
01002096;Pila;Vercelli;Vedi aggregazione: CONSORZIO OBBLIGATORIO COMUNI DEL VERCELLESE E DELLA VALSESIA PER LA GESTIONE DEI RIFIUTI URBANI;;;;;;;;;
01002097;Piode;Vercelli;Vedi aggregazione: CONSORZIO OBBLIGATORIO COMUNI DEL VERCELLESE E DELLA VALSESIA PER LA GESTIONE DEI RIFIUTI URBANI;;;;;;;;;
01002102;Postua;Vercelli;Vedi aggregazione: CONSORZIO OBBLIGATORIO COMUNI DEL VERCELLESE E DELLA VALSESIA PER LA GESTIONE DEI RIFIUTI URBANI;;;;;;;;;
01002104;Prarolo;Vercelli;Vedi aggregazione: CONSORZIO OBBLIGATORIO COMUNI DEL VERCELLESE E DELLA VALSESIA PER LA GESTIONE DEI RIFIUTI URBANI;;;;;;;;;
01002107;Quarona;Vercelli;Vedi aggregazione: CONSORZIO OBBLIGATORIO COMUNI DEL VERCELLESE E DELLA VALSESIA PER LA GESTIONE DEI RIFIUTI URBANI;;;;;;;;;
01002108;Quinto Vercellese;Vercelli;Vedi aggregazione: CONSORZIO OBBLIGATORIO COMUNI DEL VERCELLESE E DELLA VALSESIA PER LA GESTIONE DEI RIFIUTI URBANI;;;;;;;;;
01002110;Rassa;Vercelli;Vedi aggregazione: CONSORZIO OBBLIGATORIO COMUNI DEL VERCELLESE E DELLA VALSESIA PER LA GESTIONE DEI RIFIUTI URBANI;;;;;;;;;
01002113;Rimella;Vercelli;Vedi aggregazione: CONSORZIO OBBLIGATORIO COMUNI DEL VERCELLESE E DELLA VALSESIA PER LA GESTIONE DEI RIFIUTI URBANI;;;;;;;;;
01002115;Rive;Vercelli;Vedi aggregazione: CONSORZIO OBBLIGATORIO COMUNI DEL VERCELLESE E DELLA VALSESIA PER LA GESTIONE DEI RIFIUTI URBANI;;;;;;;;;
01002116;Roasio;Vercelli;Vedi aggregazione: CONSORZIO OBBLIGATORIO COMUNI DEL VERCELLESE E DELLA VALSESIA PER LA GESTIONE DEI RIFIUTI URBANI;;;;;;;;;
01002118;Ronsecco;Vercelli;Vedi aggregazione: CONSORZIO OBBLIGATORIO COMUNI DEL VERCELLESE E DELLA VALSESIA PER LA GESTIONE DEI RIFIUTI URBANI;;;;;;;;;
01002121;Rossa;Vercelli;Vedi aggregazione: CONSORZIO OBBLIGATORIO COMUNI DEL VERCELLESE E DELLA VALSESIA PER LA GESTIONE DEI RIFIUTI URBANI;;;;;;;;;
01002122;Rovasenda;Vercelli;Vedi aggregazione: CONSORZIO OBBLIGATORIO COMUNI DEL VERCELLESE E DELLA VALSESIA PER LA GESTIONE DEI RIFIUTI URBANI;;;;;;;;;
01002126;Salasco;Vercelli;Vedi aggregazione: CONSORZIO OBBLIGATORIO COMUNI DEL VERCELLESE E DELLA VALSESIA PER LA GESTIONE DEI RIFIUTI URBANI;;;;;;;;;
01002127;Sali Vercellese;Vercelli;Vedi aggregazione: CONSORZIO OBBLIGATORIO COMUNI DEL VERCELLESE E DELLA VALSESIA PER LA GESTIONE DEI RIFIUTI URBANI;;;;;;;;;
01002128;Saluggia;Vercelli;Vedi aggregazione: CONSORZIO OBBLIGATORIO COMUNI DEL VERCELLESE E DELLA VALSESIA PER LA GESTIONE DEI RIFIUTI URBANI;;;;;;;;;
01002131;San Germano Vercellese;Vercelli;Vedi aggregazione: CONSORZIO OBBLIGATORIO COMUNI DEL VERCELLESE E DELLA VALSESIA PER LA GESTIONE DEI RIFIUTI URBANI;;;;;;;;;
01002035;San Giacomo Vercellese;Vercelli;Vedi aggregazione: CONSORZIO OBBLIGATORIO COMUNI DEL VERCELLESE E DELLA VALSESIA PER LA GESTIONE DEI RIFIUTI URBANI;;;;;;;;;
01002133;Santhia  - Dato aggregazione CONSORZIO OBBLIGATORIO COMUNI DEL VERCELLESE E DELLA VALSESIA PER LA GESTIONE DEI RIFIUTI URBANI;Vercelli;79;106.914;21,44;13,30;72,49;18,84;11,36;16,06;9,43;162,92
01002134;Scopa;Vercelli;Vedi aggregazione: CONSORZIO OBBLIGATORIO COMUNI DEL VERCELLESE E DELLA VALSESIA PER LA GESTIONE DEI RIFIUTI URBANI;;;;;;;;;
01002135;Scopello;Vercelli;Vedi aggregazione: CONSORZIO OBBLIGATORIO COMUNI DEL VERCELLESE E DELLA VALSESIA PER LA GESTIONE DEI RIFIUTI URBANI;;;;;;;;;
01002137;Serravalle Sesia;Vercelli;Vedi aggregazione: CONSORZIO OBBLIGATORIO COMUNI DEL VERCELLESE E DELLA VALSESIA PER LA GESTIONE DEI RIFIUTI URBANI;;;;;;;;;
01002142;Stroppiana;Vercelli;Vedi aggregazione: CONSORZIO OBBLIGATORIO COMUNI DEL VERCELLESE E DELLA VALSESIA PER LA GESTIONE DEI RIFIUTI URBANI;;;;;;;;;
01002147;Tricerro;Vercelli;Vedi aggregazione: CONSORZIO OBBLIGATORIO COMUNI DEL VERCELLESE E DELLA VALSESIA PER LA GESTIONE DEI RIFIUTI URBANI;;;;;;;;;
01002148;Trino;Vercelli;Vedi aggregazione: CONSORZIO OBBLIGATORIO COMUNI DEL VERCELLESE E DELLA VALSESIA PER LA GESTIONE DEI RIFIUTI URBANI;;;;;;;;;
01002150;Tronzano Vercellese;Vercelli;Vedi aggregazione: CONSORZIO OBBLIGATORIO COMUNI DEL VERCELLESE E DELLA VALSESIA PER LA GESTIONE DEI RIFIUTI URBANI;;;;;;;;;
01002152;Valduggia;Vercelli;Vedi aggregazione: CONSORZIO OBBLIGATORIO COMUNI DEL VERCELLESE E DELLA VALSESIA PER LA GESTIONE DEI RIFIUTI URBANI;;;;;;;;;
01002156;Varallo;Vercelli;1;6.923;23,30;14,64;65,26;20,39;28,87;9,72;20,88;183,05
01002158;Vercelli;Vercelli;1;45.141;18,39;23,29;37,12;12,81;16,55;52,56;28,05;188,78
01002163;Villarboit;Vercelli;Vedi aggregazione: CONSORZIO OBBLIGATORIO COMUNI DEL VERCELLESE E DELLA VALSESIA PER LA GESTIONE DEI RIFIUTI URBANI;;;;;;;;;
01002164;Villata;Vercelli;Vedi aggregazione: CONSORZIO AREA VASTA BASSO NOVARESE;;;;;;;;;
01002166;Vocca;Vercelli;Vedi aggregazione: CONSORZIO OBBLIGATORIO COMUNI DEL VERCELLESE E DELLA VALSESIA PER LA GESTIONE DEI RIFIUTI URBANI;;;;;;;;;
05023001;Affi;Verona;Vedi aggregazione: Consorzio Verona Due del Quadrilatero;;;;;;;;;
05023002;Albaredo d'Adige;Verona;1;5.368;7,96;10,88;32,59;18,43;7,60;17,14;11,01;108,92
05023003;Angiari;Verona;1;2.461;9,88;10,06;52,98;14,48;3,54;15,99;4,62;111,56
05023004;Arcole;Verona;1;6.337;7,17;25,71;35,90;5,43;5,93;15,11;1,05;99,06
05023005;Badia Calavena;Verona;Vedi aggregazione: Consorzio Verona Due del Quadrilatero;;;;;;;;;
05023006;Bardolino;Verona;Vedi aggregazione: Consorzio Verona Due del Quadrilatero;;;;;;;;;
05023007;Belfiore;Verona;1;3.360;5,23;8,18;34,96;12,44;4,62;16,15;2,29;83,87
05023008;Bevilacqua;Verona;1;1.766;9,50;11,95;40,66;13,08;11,57;13,01;4,81;104,58
05023009;Bonavigo;Verona;1;1.995;6,94;11,23;40,11;19,80;2,01;17,29;5,17;107,55
05023010;Boschi Sant'Anna;Verona;1;1.342;9,63;11,14;45,70;19,49;1,75;17,77;14,60;122,66
05023011;Bosco Chiesanuova;Verona;Vedi aggregazione: Consorzio Verona Due del Quadrilatero;;;;;;;;;
05023012;Bovolone;Verona;1;16.031;9,52;10,13;42,09;14,62;3,89;23,47;8,72;114,77
05023013;Brentino Belluno;Verona;Vedi aggregazione: Consorzio Verona Due del Quadrilatero;;;;;;;;;
05023014;Brenzone sul Garda;Verona;Vedi aggregazione: Consorzio Verona Due del Quadrilatero;;;;;;;;;
05023015;Bussolengo - Dato aggregazione Consorzio Verona Due del Quadrilatero;Verona;57;406.825;11,17;20,46;44,30;17,17;10,91;20,12;9,39;137,73
05023016;Buttapietra;Verona;Vedi aggregazione: Consorzio Verona Due del Quadrilatero;;;;;;;;;
05023017;Caldiero;Verona;Vedi aggregazione: Consorzio Verona Due del Quadrilatero;;;;;;;;;
05023018;Caprino Veronese;Verona;Vedi aggregazione: Consorzio Verona Due del Quadrilatero;;;;;;;;;
05023019;Casaleone;Verona;1;5.549;6,77;9,11;46,61;11,40;3,25;17,42;2,47;97,03
05023020;Castagnaro;Verona;1;3.585;20,33;24,49;50,83;6,57;9,15;3,52;5,63;120,53
05023021;Castel d'Azzano;Verona;Vedi aggregazione: Consorzio Verona Due del Quadrilatero;;;;;;;;;
05023022;Castelnuovo del Garda;Verona;Vedi aggregazione: Consorzio Verona Due del Quadrilatero;;;;;;;;;
05023023;Cavaion Veronese;Verona;Vedi aggregazione: Consorzio Verona Due del Quadrilatero;;;;;;;;;
05023024;Cazzano di Tramigna;Verona;Vedi aggregazione: Consorzio Verona Due del Quadrilatero;;;;;;;;;
05023025;Cerea;Verona;1;16.764;7,90;13,25;38,73;8,38;11,62;18,58;14,10;115,05
05023026;Cerro Veronese;Verona;Vedi aggregazione: Consorzio Verona Due del Quadrilatero;;;;;;;;;
05023027;Cologna Veneta;Verona;1;8.408;7,48;13,61;26,50;17,16;9,68;16,99;10,43;104,39
05023028;Colognola ai Colli;Verona;Vedi aggregazione: Consorzio Verona Due del Quadrilatero;;;;;;;;;
05023029;Concamarise;Verona;1;1.082;4,66;6,60;41,52;11,99;5,31;22,88;8,72;101,68
05023030;Costermano;Verona;Vedi aggregazione: Consorzio Verona Due del Quadrilatero;;;;;;;;;
05023031;Dolce;Verona;Vedi aggregazione: Consorzio Verona Due del Quadrilatero;;;;;;;;;
05023032;Erbe;Verona;1;1.902;8,15;6,69;58,22;12,05;6,35;17,08;2,42;110,95
05023033;Erbezzo;Verona;Vedi aggregazione: Consorzio Verona Due del Quadrilatero;;;;;;;;;
05023034;Ferrara di Monte Baldo;Verona;Vedi aggregazione: Consorzio Verona Due del Quadrilatero;;;;;;;;;
05023035;Fumane;Verona;Vedi aggregazione: Consorzio Verona Due del Quadrilatero;;;;;;;;;
05023036;Garda;Verona;Vedi aggregazione: Consorzio Verona Due del Quadrilatero;;;;;;;;;
05023037;Gazzo Veronese;Verona;1;5.143;7,68;10,62;49,92;13,73;27,03;17,39;9,34;135,72
05023038;Grezzana;Verona;Vedi aggregazione: Consorzio Verona Due del Quadrilatero;;;;;;;;;
05023039;Illasi;Verona;Vedi aggregazione: Consorzio Verona Due del Quadrilatero;;;;;;;;;
05023040;Isola della Scala;Verona;1;11.712;5,78;8,73;44,62;3,11;14,19;16,88;2,39;95,71
05023041;Isola Rizza;Verona;1;3.255;11,96;8,51;49,09;3,43;7,11;16,73;2,45;99,28
05023042;Lavagno;Verona;Vedi aggregazione: Consorzio Verona Due del Quadrilatero;;;;;;;;;
05023043;Lazise;Verona;Vedi aggregazione: Consorzio Verona Due del Quadrilatero;;;;;;;;;
05023044;Legnago;Verona;1;25.416;10,42;17,09;43,78;19,09;20,52;22,66;15,69;152,18
05023045;Malcesine;Verona;Vedi aggregazione: Consorzio Verona Due del Quadrilatero;;;;;;;;;
05023046;Marano di Valpolicella;Verona;Vedi aggregazione: Consorzio Verona Due del Quadrilatero;;;;;;;;;
05023047;Mezzane di Sotto;Verona;Vedi aggregazione: Consorzio Verona Due del Quadrilatero;;;;;;;;;
05023048;Minerbe;Verona;1;4.566;6,17;12,50;37,74;22,78;6,57;18,25;11,14;118,86
05023049;Montecchia di Crosara;Verona;Vedi aggregazione: Consorzio Verona Due del Quadrilatero;;;;;;;;;
05023050;Monteforte d'Alpone;Verona;Vedi aggregazione: Consorzio Verona Due del Quadrilatero;;;;;;;;;
05023051;Mozzecane;Verona;Vedi aggregazione: Consorzio Verona Due del Quadrilatero;;;;;;;;;
05023052;Negrar;Verona;Vedi aggregazione: Consorzio Verona Due del Quadrilatero;;;;;;;;;
05023053;Nogara;Verona;1;8.357;7,35;9,35;49,92;14,22;23,61;17,51;5,06;127,04
05023054;Nogarole Rocca;Verona;1;3.893;6,22;7,74;40,19;13,41;15,40;17,23;4,98;105,16
05023055;Oppeano;Verona;1;10.303;7,20;9,60;41,40;13,01;1,04;17,27;4,99;94,49
05023056;Palu;Verona;1;1.220;5,87;8,18;42,76;5,87;3,02;17,01;4,92;87,62
05023057;Pastrengo;Verona;Vedi aggregazione: Consorzio Verona Due del Quadrilatero;;;;;;;;;
05023058;Pescantina;Verona;Vedi aggregazione: Consorzio Verona Due del Quadrilatero;;;;;;;;;
05023059;Peschiera del Garda;Verona;Vedi aggregazione: Consorzio Verona Due del Quadrilatero;;;;;;;;;
05023060;Povegliano Veronese;Verona;Vedi aggregazione: Consorzio Verona Due del Quadrilatero;;;;;;;;;
05023061;Pressana - Dato aggregazione UNIONE COMUNI ADIGE GUA';Verona;4;14.098;6,21;10,23;29,30;15,35;1,79;15,50;7,27;91,24
05023062;Rivoli Veronese;Verona;Vedi aggregazione: Consorzio Verona Due del Quadrilatero;;;;;;;;;
05023063;Ronca;Verona;Vedi aggregazione: Consorzio Verona Due del Quadrilatero;;;;;;;;;
05023064;Ronco all'Adige;Verona;1;5.959;5,94;10,87;43,81;12,63;3,09;14,53;2,40;93,27
05023065;Roverchiara;Verona;1;2.627;4,39;7,67;46,49;15,06;2,48;16,73;4,84;97,66
05023067;Rovere Veronese;Verona;Vedi aggregazione: Consorzio Verona Due del Quadrilatero;;;;;;;;;
05023066;Roveredo di Gua;Verona;Vedi aggregazione: UNIONE COMUNI ADIGE GUA';;;;;;;;;
05023068;Salizzole;Verona;1;3.776;4,43;7,80;41,70;11,06;2,33;22,08;6,63;96,02
05023069;San Bonifacio;Verona;Vedi aggregazione: Consorzio Verona Due del Quadrilatero;;;;;;;;;
05023070;San Giovanni Ilarione;Verona;Vedi aggregazione: Consorzio Verona Due del Quadrilatero;;;;;;;;;
05023071;San Giovanni Lupatoto;Verona;1;25.423;11,25;16,40;36,40;10,14;15,30;18,92;4,95;113,34
05023073;San Martino Buon Albergo;Verona;Vedi aggregazione: Consorzio Verona Due del Quadrilatero;;;;;;;;;
05023074;San Mauro di Saline;Verona;Vedi aggregazione: Consorzio Verona Due del Quadrilatero;;;;;;;;;
05023075;San Pietro di Morubio;Verona;1;3.040;4,45;8,93;47,75;11,70;11,63;17,22;2,44;104,11
05023076;San Pietro in Cariano;Verona;Vedi aggregazione: Consorzio Verona Due del Quadrilatero;;;;;;;;;
05023079;San Zeno di Montagna;Verona;Vedi aggregazione: Consorzio Verona Due del Quadrilatero;;;;;;;;;
05023072;Sanguinetto;Verona;1;4.051;7,51;14,31;37,98;19,54;6,02;24,83;10,47;123,21
05023077;Sant'Ambrogio di Valpolicella;Verona;Vedi aggregazione: Consorzio Verona Due del Quadrilatero;;;;;;;;;
05023078;Sant'Anna d'Alfaedo;Verona;Vedi aggregazione: Consorzio Verona Due del Quadrilatero;;;;;;;;;
05023080;Selva di Progno;Verona;Vedi aggregazione: Consorzio Verona Due del Quadrilatero;;;;;;;;;
05023081;Soave;Verona;Vedi aggregazione: Consorzio Verona Due del Quadrilatero;;;;;;;;;
05023082;Sommacampagna;Verona;1;14.659;2,97;8,40;33,34;18,94;13,50;23,46;13,52;138,11
05023083;Sona;Verona;Vedi aggregazione: Consorzio Verona Due del Quadrilatero;;;;;;;;;
05023084;Sorga;Verona;1;2.938;4,17;6,74;50,53;13,12;7,62;16,32;2,41;100,92
05023085;Terrazzo;Verona;1;2.139;4,77;13,79;50,43;11,03;17,53;17,03;4,92;119,50
05023086;Torri del Benaco;Verona;Vedi aggregazione: Consorzio Verona Due del Quadrilatero;;;;;;;;;
05023087;Tregnago;Verona;Vedi aggregazione: Consorzio Verona Due del Quadrilatero;;;;;;;;;
05023088;Trevenzuolo;Verona;1;2.772;4,86;14,40;52,46;12,04;17,54;16,75;4,84;122,91
05023089;Valeggio sul Mincio;Verona;Vedi aggregazione: Consorzio Verona Due del Quadrilatero;;;;;;;;;
05023090;Velo Veronese;Verona;Vedi aggregazione: Consorzio Verona Due del Quadrilatero;;;;;;;;;
05023091;Verona;Verona;1;257.274;15,83;32,69;27,71;14,55;28,76;38,42;19,15;189,41
05023092;Veronella;Verona;Vedi aggregazione: UNIONE COMUNI ADIGE GUA';;;;;;;;;
05023093;Vestenanova;Verona;Vedi aggregazione: Consorzio Verona Due del Quadrilatero;;;;;;;;;
05023094;Vigasio;Verona;1;10.255;3,84;6,68;36,04;13,57;6,03;16,69;4,83;87,68
05023095;Villa Bartolomea;Verona;1;5.773;6,07;11,36;40,65;12,42;7,47;15,98;13,99;110,47
05023096;Villafranca di Verona;Verona;Vedi aggregazione: Consorzio Verona Due del Quadrilatero;;;;;;;;;
05023097;Zevio;Verona;1;15.684;10,67;25,03;33,80;11,85;2,69;26,65;5,75;116,44
05023098;Zimella;Verona;Vedi aggregazione: UNIONE COMUNI ADIGE GUA';;;;;;;;;
18102001;Acquaro;Vibo Valentia;1;1.896;14,86;29,56;19,83;0,17;12,95;10,68;0,17;105,61
18102004;Brognaturo;Vibo Valentia;1;650;24,62;46,15;9,23;15,38;0,77;18,46;;114,62
18102005;Capistrano;Vibo Valentia;1;975;18,65;27,97;;;;29,73;;76,35
18102006;Cessaniti;Vibo Valentia;1;2.959;25,61;;18,62;;2,05;0,68;;46,96
18102007;Dasa;Vibo Valentia;1;1.100;15,54;17,78;37,32;0,70;0,68;27,65;12,72;112,39
18102008;Dinami;Vibo Valentia;1;1.790;18,10;59,22;48,27;;24,13;24,92;1,13;175,77
18102012;Filandari;Vibo Valentia;1;1.746;51,88;35,04;11,88;;24,71;15,59;;139,11
18102013;Filogaso;Vibo Valentia;1;1.313;34,25;30,70;17,39;9,91;6,93;10,81;3,38;113,37
18102019;Limbadi;Vibo Valentia;1;3.283;5,83;25,76;34,95;4,43;14,23;39,54;;124,74
18102020;Maierato;Vibo Valentia;1;2.043;21,76;85,96;38,12;;;10,06;26,58;182,49
18102022;Mongiana;Vibo Valentia;1;649;2,54;10,25;33,36;1,00;0,85;26,99;8,09;87,16
18102023;Monterosso Calabro;Vibo Valentia;1;1.542;9,73;;;;;48,64;;58,37
18102024;Nardodipace;Vibo Valentia;1;1.090;78,52;;37,16;;20,18;33,94;;169,80
18102031;Rombiolo;Vibo Valentia;1;4.337;8,99;22,73;25,13;9,45;8,75;2,53;;77,59
18102032;San Calogero;Vibo Valentia;1;3.894;6,35;10,27;35,80;9,36;10,80;29,87;;102,46
18102035;San Nicola da Crissa;Vibo Valentia;1;1.209;12,86;41,36;11,58;;;7,03;;72,83
18102037;Serra San Bruno;Vibo Valentia;1;6.303;8,04;63,46;68,19;0,79;21,14;9,55;3,26;191,97
18102038;Simbario;Vibo Valentia;1;909;34,59;38,14;;;12,71;7,79;;93,23
18102039;Sorianello;Vibo Valentia;1;1.086;66,29;;7,39;0,40;6,28;;0,45;80,79
18102040;Soriano Calabro;Vibo Valentia;1;2.279;10,18;57,04;42,74;;19,00;14,06;2,08;145,11
18102042;Spilinga;Vibo Valentia;1;1.363;56,79;43,29;;;4,33;7,90;;112,31
18102044;Tropea;Vibo Valentia;1;5.956;27,43;114,51;16,63;23,49;38,11;48,96;;269,14
18102045;Vallelonga;Vibo Valentia;1;745;17,52;25,50;16,71;19,46;6,45;4,03;;89,67
18102046;Vazzano;Vibo Valentia;1;963;17,13;31,67;19,42;;11,42;;;79,65
18102047;Vibo Valentia;Vibo Valentia;1;31.407;9,47;68,83;48,71;1,73;35,89;27,88;;209,56
18102048;Zaccanopoli;Vibo Valentia;1;672;36,67;67,15;39,22;;;71,43;;214,47
18102049;Zambrone;Vibo Valentia;1;1.754;12,25;26,17;29,77;14,45;34,05;43,24;;159,94
18102050;Zungri;Vibo Valentia;1;1.846;43,84;16,25;1,05;;7,70;29,27;;98,10
05024002;Albettone;Vicenza;1;1.970;16,02;10,14;23,97;0,47;15,26;15,06;6,99;92,92
05024003;Alonte;Vicenza;1;1.594;8,44;18,45;12,85;9,41;3,75;25,72;1,45;80,07
05024004;Altavilla Vicentina;Vicenza;1;11.832;7,42;6,46;44,04;23,23;11,99;15,59;12,88;122,98
05024005;Altissimo;Vicenza;1;2.139;8,35;11,61;24,82;5,36;2,55;12,17;3,51;68,37
05024006;Arcugnano;Vicenza;1;7.772;10,18;18,97;8,76;10,95;0,57;29,78;7,02;86,23
05024007;Arsiero;Vicenza;1;3.007;10,53;2,03;40,32;18,48;15,99;18,25;27,97;133,57
05024008;Arzignano;Vicenza;1;25.210;6,60;16,31;34,62;11,15;10,45;11,52;3,98;101,44
05024009;Asiago;Vicenza;Vedi aggregazione: ETRA Spa;;;;;;;;;
05024010;Asigliano Veneto;Vicenza;1;843;8,69;11,13;25,12;7,28;4,33;17,20;1,32;75,07
05024124;Barbarano Mossano;Vicenza;1;6.190;24,17;14,97;28,28;0,55;5,94;12,98;3,52;92,22
05024012;Bassano del Grappa - Dato aggregazione ETRA Spa;Vicenza;61;542.971;9,00;0,30;37,46;32,38;5,43;30,33;11,46;126,58
05024013;Bolzano Vicentino;Vicenza;1;6.520;7,80;7,19;26,27;12,13;3,70;18,63;10,43;86,15
05024014;Breganze;Vicenza;1;8.379;8,17;1,06;31,44;16,23;4,38;16,45;12,41;90,13
05024015;Brendola;Vicenza;1;6.661;7,90;16,68;33,72;9,25;7,55;15,86;18,89;116,45
05024016;Bressanvido;Vicenza;1;3.188;9,01;5,36;34,00;18,08;3,54;16,73;4,83;93,03
05024017;Brogliano;Vicenza;1;4.007;6,19;13,00;35,01;9,73;3,72;11,82;10,28;89,75
05024018;Caldogno;Vicenza;1;11.305;6,30;5,43;27,27;17,75;7,46;15,95;9,97;98,49
05024019;Caltrano;Vicenza;1;2.519;7,55;1,82;27,40;14,09;4,04;14,64;16,07;85,61
05024020;Calvene;Vicenza;1;1.285;9,12;1,15;31,58;14,63;4,92;14,86;17,31;93,56
05024021;Camisano Vicentino;Vicenza;1;11.153;9,35;7,09;34,15;19,94;4,47;15,69;4,89;95,57
05024022;Campiglia dei Berici;Vicenza;1;1.669;14,05;10,49;33,38;8,94;6,50;18,82;1,86;95,40
05024024;Carre;Vicenza;1;3.510;7,25;1,15;29,69;18,90;4,08;16,69;17,86;95,62
05024025;Cartigliano;Vicenza;Vedi aggregazione: ETRA Spa;;;;;;;;;
05024026;Cassola;Vicenza;Vedi aggregazione: ETRA Spa;;;;;;;;;
05024027;Castegnero;Vicenza;1;2.841;6,91;3,84;29,95;18,29;1,27;23,01;3,84;92,96
05024028;Castelgomberto;Vicenza;1;6.145;6,06;16,05;30,37;8,28;8,24;11,80;3,28;84,07
05024029;Chiampo;Vicenza;1;12.518;4,80;14,22;36,52;10,04;3,93;10,75;14,99;95,25
05024030;Chiuppano;Vicenza;1;2.492;7,02;1,20;27,06;16,58;15,25;16,30;13,77;97,18
05024032;Cogollo del Cengio;Vicenza;1;3.153;8,15;1,90;30,06;14,92;7,59;20,65;13,74;99,30
05024126;Colceresa;Vicenza;1;5.913;13,99;3,59;27,33;22,45;;4,07;8,83;80,26
05024034;Cornedo Vicentino;Vicenza;1;11.699;6,62;14,73;34,07;7,96;4,23;10,90;7,42;92,01
05024035;Costabissara;Vicenza;1;7.712;16,46;;38,18;2,14;11,93;8,66;0,96;78,33
05024036;Creazzo;Vicenza;1;11.272;6,55;14,43;34,79;10,64;5,48;18,56;8,74;100,60
05024037;Crespadoro;Vicenza;1;1.284;14,73;17,44;35,97;7,50;15,29;30,04;5,84;126,81
05024038;Dueville;Vicenza;1;13.740;7,73;9,06;42,44;18,66;5,49;15,33;11,74;110,45
05024039;Enego;Vicenza;Vedi aggregazione: ETRA Spa;;;;;;;;;
05024040;Fara Vicentino;Vicenza;1;3.723;7,50;0,46;27,17;14,20;8,11;12,16;7,81;77,94
05024041;Foza;Vicenza;Vedi aggregazione: ETRA Spa;;;;;;;;;
05024042;Gallio;Vicenza;Vedi aggregazione: ETRA Spa;;;;;;;;;
05024043;Gambellara;Vicenza;1;3.417;5,01;15,24;32,24;8,92;1,88;10,32;3,07;76,68
05024044;Gambugliano;Vicenza;1;829;7,23;10,72;41,91;7,35;0,55;11,09;4,72;105,01
05024046;Grisignano di Zocco;Vicenza;1;4.312;7,14;7,27;40,83;22,88;2,03;18,21;4,54;105,47
05024047;Grumolo delle Abbadesse;Vicenza;1;3.809;10,65;7,38;33,20;20,28;3,04;15,45;4,44;94,44
05024048;Isola Vicentina;Vicenza;1;10.305;5,95;4,42;25,68;16,03;2,51;13,29;12,34;80,22
05024049;Laghi;Vicenza;1;120;132,64;0,53;21,40;16,75;30,54;79,73;17,28;298,88
05024050;Lastebasse;Vicenza;1;187;41,18;21,87;63,78;31,36;11,42;28,86;29,84;228,30
05024051;Longare;Vicenza;1;5.597;5,78;5,41;28,00;16,74;2,92;21,56;3,53;83,95
05024052;Lonigo;Vicenza;1;15.771;8,88;21,47;24,33;8,99;14,37;7,38;7,67;93,09
05024053;Lugo di Vicenza;Vicenza;1;3.555;8,13;1,22;29,28;15,34;9,56;21,26;8,92;93,70
05024127;Lusiana Conco;Vicenza;Vedi aggregazione: ETRA Spa;;;;;;;;;
05024055;Malo;Vicenza;1;14.677;8,09;0,94;30,34;18,00;4,46;14,12;10,46;86,40
05024056;Marano Vicentino;Vicenza;1;9.326;9,03;1,42;33,27;16,30;6,18;17,35;7,99;91,54
05024057;Marostica;Vicenza;1;13.978;10,20;13,37;26,89;11,39;6,02;7,03;9,85;84,75
05024063;Monte di Malo;Vicenza;1;2.790;9,47;0,66;31,90;13,77;5,12;13,51;10,12;84,55
05024060;Montebello Vicentino;Vicenza;1;6.351;8,19;17,24;43,34;10,60;6,79;13,03;7,78;106,98
05024061;Montecchio Maggiore;Vicenza;1;23.206;6,08;17,15;41,03;10,76;18,24;11,96;10,60;115,81
05024062;Montecchio Precalcino;Vicenza;1;4.893;6,81;7,36;23,82;15,41;2,42;16,58;17,87;90,28
05024064;Montegalda;Vicenza;1;3.384;8,13;7,46;30,23;18,28;9,31;16,23;6,29;95,92
05024065;Montegaldella;Vicenza;1;1.785;11,64;6,33;33,61;18,26;0,88;18,01;6,23;95,87
05024066;Monteviale;Vicenza;1;2.800;6,34;12,66;29,48;8,31;3,31;12,27;26,11;98,48
05024067;Monticello Conte Otto;Vicenza;1;9.073;7,87;6,00;30,45;18,05;2,64;16,73;10,51;92,26
05024068;Montorso Vicentino;Vicenza;1;3.051;5,48;16,03;40,13;8,50;2,39;10,02;16,61;104,22
05024070;Mussolente;Vicenza;Vedi aggregazione: ETRA Spa;;;;;;;;;
05024071;Nanto;Vicenza;1;3.098;11,09;10,37;25,59;9,69;3,63;11,36;3,27;74,99
05024072;Nogarole Vicentino;Vicenza;1;1.220;13,14;14,13;24,42;5,84;;39,73;3,63;100,89
05024074;Noventa Vicentina;Vicenza;1;8.925;12,07;13,77;38,73;10,62;3,42;9,21;4,37;92,19
05024075;Orgiano;Vicenza;1;3.010;27,34;10,22;;13,37;0,86;18,47;9,68;79,94
05024076;Pedemonte;Vicenza;1;698;8,03;1,82;33,99;22,32;4,31;20,48;26,67;117,62
05024077;Pianezze;Vicenza;1;2.163;12,46;13,19;23,08;15,01;;9,91;4,06;80,90
05024078;Piovene Rocchette;Vicenza;1;8.140;9,36;1,07;34,18;17,31;5,05;22,33;18,94;108,24
05024079;Pojana Maggiore;Vicenza;1;4.274;8,53;11,01;26,10;9,06;3,71;11,46;1,24;71,11
05024080;Posina;Vicenza;1;554;13,01;0,52;39,27;20,52;7,04;51,20;19,60;151,16
05024081;Pove del Grappa;Vicenza;Vedi aggregazione: ETRA Spa;;;;;;;;;
05024082;Pozzoleone;Vicenza;Vedi aggregazione: ETRA Spa;;;;;;;;;
05024083;Quinto Vicentino;Vicenza;1;5.894;8,16;6,23;25,37;17,10;1,35;13,92;3,76;75,88
05024084;Recoaro Terme;Vicenza;1;6.081;9,56;15,89;30,44;6,05;4,78;12,68;6,33;86,76
05024085;Roana;Vicenza;Vedi aggregazione: ETRA Spa;;;;;;;;;
05024086;Romano d'Ezzelino;Vicenza;Vedi aggregazione: ETRA Spa;;;;;;;;;
05024087;Rosa;Vicenza;Vedi aggregazione: ETRA Spa;;;;;;;;;
05024088;Rossano Veneto;Vicenza;Vedi aggregazione: ETRA Spa;;;;;;;;;
05024089;Rotzo;Vicenza;Vedi aggregazione: ETRA Spa;;;;;;;;;
05024090;Salcedo;Vicenza;1;1.017;9,81;0,61;32,44;11,81;8,41;28,92;20,78;112,78
05024094;San Pietro Mussolino;Vicenza;1;1.559;7,49;13,04;34,49;5,45;2,31;19,71;5,97;93,26
05024096;San Vito di Leguzzano;Vicenza;1;3.570;8,18;1,42;33,58;16,95;7,19;15,52;8,31;91,15
05024091;Sandrigo;Vicenza;1;8.199;10,63;7,39;34,16;15,38;4,59;14,34;10,91;97,40
05024095;Santorso;Vicenza;1;5.521;8,34;0,53;28,72;16,92;6,20;26,66;15,53;102,89
05024097;Sarcedo;Vicenza;1;5.346;10,08;1,23;33,33;12,02;5,41;6,79;7,93;76,80
05024098;Sarego;Vicenza;1;6.693;19,22;8,53;21,18;12,70;;8,83;8,16;82,19
05024099;Schiavon;Vicenza;Vedi aggregazione: ETRA Spa;;;;;;;;;
05024100;Schio;Vicenza;1;38.528;14,69;1,11;45,20;19,64;7,93;15,59;18,50;122,66
05024101;Solagna;Vicenza;Vedi aggregazione: ETRA Spa;;;;;;;;;
05024102;Sossano;Vicenza;1;4.168;29,58;12,33;4,87;4,24;7,56;13,40;1,98;74,74
05024103;Sovizzo;Vicenza;1;7.501;5,59;14,40;23,06;10,03;5,26;10,66;5,99;74,99
05024104;Tezze sul Brenta;Vicenza;Vedi aggregazione: ETRA Spa;;;;;;;;;
05024106;Tonezza del Cimone;Vicenza;1;500;25,39;1,86;89,90;39,83;34,00;45,48;78,18;314,63
05024108;Torri di Quartesolo;Vicenza;1;11.755;11,97;10,01;46,75;22,57;7,58;13,47;4,68;117,02
05024110;Trissino;Vicenza;1;8.656;5,97;15,62;34,84;10,51;6,05;10,69;7,06;90,74
05024123;Val Liona;Vicenza;1;3.072;21,60;13,35;17,04;5,92;0,97;12,25;8,05;79,18
05024125;Valbrenta;Vicenza;Vedi aggregazione: ETRA Spa;;;;;;;;;
05024111;Valdagno;Vicenza;1;25.667;9,79;15,60;31,93;8,11;15,89;22,96;9,61;113,89
05024116;Vicenza;Vicenza;1;110.675;17,47;28,15;35,08;28,31;37,29;14,59;35,29;196,18
05024117;Villaga;Vicenza;1;1.859;10,44;14,16;22,38;4,69;2,43;20,03;4,76;78,90
05024118;Villaverla;Vicenza;1;6.069;7,96;1,20;32,22;16,41;4,22;16,35;9,60;87,96
05024119;Zane;Vicenza;1;6.597;11,08;1,24;39,70;22,41;5,95;14,98;16,02;111,38
05024120;Zermeghedo;Vicenza;1;1.350;4,81;18,36;47,62;10,21;8,47;24,31;3,11;128,32
05024121;Zovencedo;Vicenza;1;797;8,35;11,91;7,96;5,87;1,86;22,81;1,09;59,85
05024122;Zugliano;Vicenza;1;6.749;7,23;0,97;27,12;15,09;7,72;15,31;7,97;81,42
12056001;Acquapendente;Viterbo;1;5.309;21,44;20,07;38,86;12,50;31,65;14,61;10,23;164,71
12056003;Bagnoregio;Viterbo;1;3.463;3,53;4,38;38,84;10,47;14,95;21,29;66,03;159,50
12056004;Barbarano Romano;Viterbo;1;993;39,07;40,44;24,33;;27,97;13,44;1,24;146,49
12056006;Bassano in Teverina;Viterbo;1;1.255;17,33;6,40;86,66;0,82;4,06;16,55;11,90;143,73
12056005;Bassano Romano;Viterbo;1;4.592;24,87;19,70;51,11;10,65;13,00;17,58;22,62;159,52
12056007;Blera;Viterbo;1;3.012;18,25;84,61;;21,61;;12,99;13,01;150,48
12056008;Bolsena;Viterbo;1;3.728;34,72;44,85;21,80;13,04;47,72;26,35;6,18;194,66
12056009;Bomarzo;Viterbo;1;1.676;15,05;36,22;41,79;;16,96;12,07;17,50;139,59
12056010;Calcata;Viterbo;1;911;5,42;32,80;23,13;;3,57;54,40;17,05;135,68
12056012;Canino;Viterbo;1;5.074;20,15;25,85;28,19;0,66;45,02;32,49;10,24;171,89
12056013;Capodimonte;Viterbo;1;1.658;;;158,14;;2,44;49,36;;209,94
12056014;Capranica;Viterbo;1;6.292;7,61;13,09;41,18;12,41;17,04;44,02;36,47;172,67
12056015;Caprarola;Viterbo;1;5.227;55,85;1,66;43,50;20,13;16,56;16,65;24,20;178,54
12056016;Carbognano;Viterbo;1;1.934;7,18;15,08;37,27;16,70;18,62;;;94,85
12056017;Castel Sant'Elia;Viterbo;1;2.438;22,06;15,47;19,48;15,22;15,18;17,42;18,73;123,57
12056019;Celleno;Viterbo;1;1.309;12,79;16,08;46,62;12,97;30,62;25,54;7,19;152,41
12056021;Civita Castellana;Viterbo;1;15.283;34,44;27,57;68,39;18,33;;16,94;10,13;179,18
12056023;Corchiano;Viterbo;1;3.562;10,67;16,56;62,89;11,51;30,54;18,90;;151,06
12056024;Fabrica di Roma;Viterbo;1;8.128;12,35;6,46;30,92;13,19;4,50;23,97;24,52;115,92
12056025;Faleria;Viterbo;1;1.986;6,36;19,49;42,07;;21,99;31,27;9,54;130,72
12056026;Farnese;Viterbo;1;1.366;;21,96;153,85;4,39;;50,47;;230,66
12056027;Gallese;Viterbo;1;2.603;29,82;13,41;69,75;11,04;14,00;17,26;11,27;166,55
12056028;Gradoli;Viterbo;1;1.266;44,64;2,63;69,82;0,55;35,17;23,27;23,55;199,63
12056029;Graffignano;Viterbo;1;2.124;30,34;2,00;38,79;;26,30;79,52;18,28;241,59
12056031;Ischia di Castro;Viterbo;1;2.191;17,74;32,43;21,96;;2,10;28,00;;102,23
12056033;Lubriano;Viterbo;1;881;31,34;30,48;;8,05;;17,99;53,23;141,10
12056034;Marta;Viterbo;1;3.235;19,81;28,44;49,16;2,56;36,28;19,76;4,67;160,69
12056035;Montalto di Castro;Viterbo;1;8.790;34,20;65,13;103,53;34,15;42,85;28,12;10,41;382,85
12056037;Monte Romano;Viterbo;1;1.900;23,86;29,19;49,11;19,52;16,31;18,68;7,37;170,79
12056038;Monterosi;Viterbo;1;4.734;5,65;17,84;63,28;23,68;23,27;21,83;;302,32
12056039;Nepi;Viterbo;1;9.236;38,46;;155,38;;25,20;35,04;137,53;391,62
12056040;Onano;Viterbo;1;913;29,75;16,25;46,54;0,21;32,81;16,44;46,34;191,24
12056044;Proceno;Viterbo;1;523;22,84;15,63;78,52;0,20;39,01;20,98;14,07;191,24
12056047;San Lorenzo Nuovo;Viterbo;1;1.982;47,83;9,40;42,25;0,80;35,29;18,33;8,52;162,43
12056048;Soriano nel Cimino;Viterbo;1;7.980;18,93;3,72;28,40;27,81;19,02;40,93;17,71;156,53
12056049;Sutri;Viterbo;1;6.548;9,30;65,12;53,69;17,06;13,04;14,10;13,91;193,04
12056050;Tarquinia;Viterbo;1;16.046;;62,11;141,76;12,56;;5,53;13,07;235,04
12056052;Tuscania;Viterbo;1;8.228;13,30;67,97;21,81;;19,07;16,28;4,94;143,37
12056053;Valentano;Viterbo;1;2.718;27,29;20,67;42,69;17,25;12,62;28,25;5,59;154,36
12056054;Vallerano;Viterbo;1;2.425;11,17;17,88;78,08;16,71;22,23;0,99;;147,06
12056056;Vejano;Viterbo;1;2.154;10,74;14,52;59,39;13,35;13,83;18,03;7,66;139,50
12056057;Vetralla;Viterbo;1;13.325;17,85;73,88;12,01;;15,38;59,75;30,90;235,74
12056058;Vignanello;Viterbo;1;4.267;6,08;24,78;39,87;16,63;35,49;9,55;31,57;163,97
12056046;Villa San Giovanni in Tuscia;Viterbo;1;1.195;45,62;19,37;5,68;;44,58;18,65;;133,91
12056059;Viterbo;Viterbo;1;65.987;11,09;27,12;48,16;12,24;32,06;28,28;21,54;184,30
12056060;Vitorchiano;Viterbo;1;5.255;8,89;10,63;46,06;18,20;21,01;17,27;15,47;139,67
NB: i dati riportati in tabella si riferiscono esclusivamente ai costi sostenuti dagli enti locali per il servizio di gestione dei rifiuti urbani e assimilati e non tengono, pertanto, conto dei proventi ottenuti dalla vendita di materiali e di energia derivanti dai rifiuti.;;;;;;;;;;;;
Legenda: codifiche delle voci di costo riportate nelle tabelle dal 2020;;;;;;;;;;;;
CRT ab: Costi di raccolta e trasporto dei rifiuti urbani indifferenziati (euro/abitante x anno);;;;;;;;;;;;
CTS ab: Costi di trattamento e smaltimento dei rifiuti urbani indifferenziati (euro/abitante x anno);;;;;;;;;;;;
CRD ab:	Costi di raccolta e trasporto dei rifiuti urbani differenziati (euro/abitante x anno);;;;;;;;;;;;
CTR ab: Costi di trattamento e riciclo dei rifiuti urbani differenziati (euro/abitante x anno);;;;;;;;;;;;
CSL ab: Costi di spazzamento e lavaggio delle strade (euro/abitante x anno);;;;;;;;;;;;
CC ab: Costi comuni (euro/abitante x anno);;;;;;;;;;;;
CK ab: Costi di remunerazione del capitale (euro/abitante x anno);;;;;;;;;;;;
Altri costi: Altri costi (euro/abitante x anno);;;;;;;;;;;;
CTOT ab: Costi totali di gestione del servizio di igiene urbana (euro/abitante x anno);;;;;;;;;;;;
CRT kg: Costi di raccolta e trasporto dei rifiuti urbani indifferenziati (eurocentesimi/kg);;;;;;;;;;;;
CRD kg: Costi di raccolta e trasporto dei rifiuti urbani differenziati (eurocentesimi/kg);;;;;;;;;;;;
CSL kg:	Costi di spazzamento e lavaggio delle strade (eurocentesimi/kg);;;;;;;;;;;;
CC kg: Costi comuni (eurocentesimi/kg);;;;;;;;;;;;
CK kg:Costi di remunerazione del capitale (eurocentesimi/kg);;;;;;;;;;;;
CTOT kg:Costi totali di gestione del servizio di igiene urbana (eurocentesimi/kg);;;;;;;;;;;;
Legenda: codifiche delle voci di costo riportate nelle tabelle fino al 2019;;;;;;;;;;;;
CRT ab: Costi di raccolta e trasporto dei rifiuti urbani indifferenziati (euro/abitante x anno);;;;;;;;;;;;
CTS ab: Costi di trattamento e smaltimento dei rifiuti urbani indifferenziati (euro/abitante x anno);;;;;;;;;;;;
CAC ab:	Altri costi di gestione dei rifiuti urbani indifferenziati (euro/abitante x anno);;;;;;;;;;;;
CGIND ab: Costi totale di gestione dei rifiuti urbani indifferenziati (euro/abitante x anno);;;;;;;;;;;;
CRD ab:	Costi di raccolta e trasporto dei rifiuti urbani differenziati (euro/abitante x anno);;;;;;;;;;;;
CTR ab: Costi di trattamento e riciclo dei rifiuti urbani differenziati (euro/abitante x anno);;;;;;;;;;;;
CGD ab:	Costi totali di gestione  dei rifiuti urbani differenziati (euro/abitante x anno);;;;;;;;;;;;
CSL ab: Costi di spazzamento e lavaggio delle strade (euro/abitante x anno);;;;;;;;;;;;
CC ab: Costi comuni (euro/abitante x anno);;;;;;;;;;;;
CK ab: Costi di remunerazione del capitale (euro/abitante x anno);;;;;;;;;;;;
CTOT ab: Costi totali di gestione del servizio di igiene urbana (euro/abitante x anno);;;;;;;;;;;;
CRT kg: Costi di raccolta e trasporto dei rifiuti urbani indifferenziati (eurocentesimi/kg);;;;;;;;;;;;
CTS kg:	Costi di trattamento e smaltimento dei rifiuti urbani indifferenziati (eurocentesimi/kg);;;;;;;;;;;;
CAC kg:	Altri costi di gestione dei rifiuti urbani indifferenziati (eurocentesimi/kg);;;;;;;;;;;;
CGIND kg: Costi totale di gestione dei rifiuti urbani indifferenziati (eurocentesimi/kg);;;;;;;;;;;;
CRD kg: Costi di raccolta e trasporto dei rifiuti urbani differenziati (eurocentesimi/kg);;;;;;;;;;;;
CTR kg:	Costi di trattamento e riciclo dei rifiuti urbani differenziati (eurocentesimi/kg);;;;;;;;;;;;
CGD kg:	Costi totali di gestione  dei rifiuti urbani differenziati (eurocentesimi/kg);;;;;;;;;;;;
CSL kg:	Costi di spazzamento e lavaggio delle strade (eurocentesimi/kg);;;;;;;;;;;;
CC kg: Costi comuni (eurocentesimi/kg);;;;;;;;;;;;
CK kg:Costi di remunerazione del capitale (eurocentesimi/kg);;;;;;;;;;;;
CTOT kg:Costi totali di gestione del servizio di igiene urbana (eurocentesimi/kg);;;;;;;;;;;;
