istat_comune;comune;provincia;numero_comuni;popolazione;crt;cts;crd;ctr;csl;cc;ck;ctot
19084001;Agrigento;Agrigento;1;55.317;14,73;26,47;69,71;42,16;22,14;56,91;57,64;289,76
19084007;Caltabellotta;Agrigento;1;3.148;7,86;20,88;38,38;42,34;18,49;23,45;25,95;177,35
19084008;Camastra;Agrigento;1;1.992;9,28;15,01;60,57;7,73;18,48;62,37;82,21;255,65
19084009;Cammarata;Agrigento;1;5.837;13,40;10,96;62,93;25,50;9,87;10,48;6,06;140,40
19084010;Campobello di Licata;Agrigento;1;9.022;23,92;25,59;57,68;28,15;30,75;71,51;39,90;277,50
19084011;Canicatti;Agrigento;1;34.447;10,12;33,28;53,86;15,55;12,75;33,32;19,29;178,16
19084016;Comitini;Agrigento;1;846;14,64;22,60;77,29;12,96;9,50;42,84;29,54;209,38
19084017;Favara;Agrigento;1;31.451;28,96;41,51;48,06;13,39;42,25;35,94;10,56;220,68
19084018;Grotte;Agrigento;1;5.140;10,27;14,14;32,18;19,91;6,78;75,36;12,72;171,37
19084021;Licata;Agrigento;1;34.189;24,01;74,29;27,22;4,48;28,02;47,45;35,51;240,99
19084023;Menfi;Agrigento;1;11.817;43,88;33,84;65,03;7,35;2,78;23,66;;176,55
19084027;Palma di Montechiaro;Agrigento;1;21.336;63,67;65,17;10,61;;31,84;20,17;12,00;208,40
19084029;Racalmuto;Agrigento;1;7.531;7,13;23,38;38,45;17,77;14,72;80,76;15,47;197,67
19084030;Raffadali;Agrigento;1;11.855;10,41;26,35;54,71;9,79;14,97;30,86;6,34;153,43
19084035;San Biagio Platani;Agrigento;1;2.829;25,87;23,38;120,53;41,83;;18,84;;247,81
19084037;Santa Elisabetta;Agrigento;1;2.184;17,63;17,04;63,15;33,09;11,83;14,26;43,31;200,31
19084038;Santa Margherita di Belice;Agrigento;1;5.958;57,77;25,47;12,66;26,99;0,24;;;123,12
19084040;Santo Stefano Quisquina;Agrigento;1;3.998;11,95;23,95;62,07;31,99;6,34;31,63;1,90;169,83
19084041;Sciacca;Agrigento;1;38.712;14,13;30,39;57,59;45,24;11,82;25,01;15,64;199,81
01006001;Acqui Terme;Alessandria;1;18.955;22,77;14,43;89,28;20,50;24,04;40,82;24,07;237,50
01006002;Albera Ligure;Alessandria;1;297;42,11;64,83;17,83;17,23;;31,03;23,15;249,09
01006003;Alessandria;Alessandria;1;91.936;34,72;51,12;28,30;12,07;32,63;42,93;12,31;217,51
01006005;Alice Bel Colle;Alessandria;1;668;22,67;14,36;88,89;20,41;23,93;40,64;23,96;236,46
01006192;Alluvioni Piovera;Alessandria;1;1.617;11,00;12,10;44,64;17,49;8,05;26,08;29,62;155,91
01006007;Altavilla Monferrato;Alessandria;1;394;12,76;15,13;33,45;23,63;11,73;39,19;26,06;161,95
01006008;Alzano Scrivia;Alessandria;1;359;11,47;13,04;71,76;18,06;1,16;34,16;15,90;171,29
01006009;Arquata Scrivia;Alessandria;1;6.283;29,73;49,79;22,01;15,47;4,44;22,95;23,12;189,74
01006010;Avolasca;Alessandria;1;254;33,77;56,05;13,37;14,90;;17,15;86,78;258,16
01006012;Basaluzzo;Alessandria;1;2.031;17,99;17,71;74,90;25,06;;11,81;24,80;179,26
01006013;Bassignana;Alessandria;1;1.563;12,63;8,67;50,63;17,39;16,42;34,93;17,76;158,42
01006014;Belforte Monferrato;Alessandria;1;499;22,15;14,03;86,85;19,94;23,38;39,71;23,41;231,02
01006015;Bergamasco;Alessandria;1;677;11,66;10,17;33,15;23,56;25,57;36,34;15,81;156,27
01006016;Berzano di Tortona;Alessandria;1;159;26,77;45,70;10,60;12,15;;32,55;19,09;169,32
01006017;Bistagno;Alessandria;1;1.717;23,03;14,59;90,29;20,73;24,31;41,28;24,34;240,19
01006018;Borghetto di Borbera;Alessandria;1;1.919;28,11;59,63;28,13;15,85;8,35;31,69;21,56;217,78
01006019;Borgoratto Alessandrino;Alessandria;1;544;12,67;15,50;33,65;20,64;31,17;27,74;6,58;147,96
01006021;Bosco Marengo;Alessandria;1;2.205;12,84;29,41;30,45;14,59;7,73;26,73;23,31;145,08
01006022;Bosio;Alessandria;1;1.042;22,56;14,29;88,45;20,31;23,81;40,44;23,84;235,29
01006024;Brignano-Frascata;Alessandria;1;410;34,26;53,27;13,83;14,16;8,52;28,51;28,89;211,47
01006025;Cabella Ligure;Alessandria;1;456;50,16;68,44;20,75;17,33;26,37;36,80;18,31;308,49
01006028;Cantalupo Ligure;Alessandria;1;448;41,61;65,28;18,41;17,35;;40,54;36,65;283,85
01006029;Capriata d'Orba;Alessandria;1;1.760;20,97;12,67;93,12;20,38;1,53;13,58;24,94;194,46
01006030;Carbonara Scrivia;Alessandria;1;1.118;10,56;14,20;49,83;17,71;;14,34;48,61;162,87
01006031;Carentino;Alessandria;1;321;10,54;9,97;27,18;10,83;1,74;44,41;14,25;118,93
01006032;Carezzano;Alessandria;1;430;16,54;13,61;74,17;13,26;;30,13;33,99;187,74
01006033;Carpeneto;Alessandria;1;874;22,80;14,44;89,39;20,52;24,07;40,87;24,10;237,79
01006034;Carrega Ligure;Alessandria;1;82;82,24;159,76;46,60;42,46;;64,93;85,35;688,72
01006035;Carrosio;Alessandria;1;496;24,23;5,96;90,00;13,28;;4,15;21,43;165,48
01006036;Cartosio;Alessandria;1;710;50,23;7,49;38,49;13,05;;26,80;14,56;151,34
01006037;Casal Cermelli;Alessandria;1;1.177;12,91;20,06;30,72;13,23;21,00;25,71;11,55;135,18
01006039;Casale Monferrato;Alessandria;1;32.217;26,03;26,85;65,22;17,29;23,70;30,60;30,31;219,99
01006038;Casaleggio Boiro;Alessandria;1;353;22,42;14,21;87,94;20,19;23,67;40,20;23,71;233,92
01006040;Casalnoceto;Alessandria;1;969;41,91;85,64;25,74;;;34,56;16,78;226,22
01006041;Casasco;Alessandria;1;121;42,01;58,16;16,68;15,46;;57,23;24,74;254,20
01006191;Cassano Spinola;Alessandria;1;1.792;16,51;13,98;70,93;18,95;1,63;32,35;34,33;196,21
01006043;Cassine;Alessandria;1;2.799;22,64;14,34;88,75;20,38;23,89;40,58;23,92;236,09
01006044;Cassinelle;Alessandria;1;851;22,76;14,42;89,25;20,49;24,03;40,80;24,06;237,40
01006045;Castellania;Alessandria;1;85;47,52;62,89;18,85;16,72;;88,00;59,49;327,49
01006046;Castellar Guidobono;Alessandria;1;408;18,42;21,02;46,59;13,13;;11,00;17,66;134,15
01006047;Castellazzo Bormida;Alessandria;1;4.458;11,34;14,44;59,34;22,85;5,42;25,78;30,28;175,12
01006048;Castelletto d'Erro;Alessandria;1;129;22,41;14,20;87,88;20,17;23,66;40,18;23,69;233,75
01006049;Castelletto d'Orba;Alessandria;1;1.815;22,37;14,17;87,72;20,14;23,62;40,11;23,65;233,35
01006051;Castelletto Monferrato;Alessandria;1;1.423;9,74;9,88;65,74;19,00;16,50;41,68;8,37;170,91
01006052;Castelnuovo Bormida;Alessandria;1;616;12,13;18,21;29,24;16,78;4,91;31,46;20,59;133,31
01006053;Castelnuovo Scrivia;Alessandria;1;4.847;17,49;36,27;61,77;25,03;21,36;30,10;18,74;217,68
01006054;Castelspina;Alessandria;1;385;12,38;10,67;38,86;21,12;21,26;46,66;4,54;155,50
01006055;Cavatore;Alessandria;1;258;59,58;37,10;30,19;11,32;11,65;32,28;17,79;200,66
01006058;Cerreto Grue;Alessandria;1;295;30,33;46,06;12,01;12,24;;44,45;10,94;178,17
01006061;Conzano;Alessandria;1;932;11,83;10,57;34,66;20,28;11,89;42,52;10,74;142,48
01006062;Costa Vescovato;Alessandria;1;312;33,76;52,94;13,58;14,07;17,13;23,00;12,18;193,58
01006063;Cremolino;Alessandria;1;1.031;21,31;13,50;83,56;19,18;22,50;38,20;22,52;222,27
01006065;Denice;Alessandria;1;164;55,77;6,28;36,63;19,49;;79,98;17,41;216,33
01006066;Dernice;Alessandria;1;177;42,41;62,46;16,79;16,60;;52,40;14,69;244,35
01006067;Fabbrica Curone;Alessandria;1;566;49,39;72,88;19,90;19,37;9,83;38,68;34,40;321,49
01006068;Felizzano;Alessandria;1;2.089;12,78;14,83;33,39;18,12;16,21;35,51;32,91;163,76
01006069;Fraconalto;Alessandria;1;305;24,52;29,20;85,04;20,94;;14,19;31,72;212,00
01006070;Francavilla Bisio;Alessandria;1;512;18,82;10,02;82,92;38,79;1,68;23,28;34,63;216,18
01006071;Frascaro;Alessandria;1;418;11,80;17,97;30,68;17,09;0,08;31,11;16,38;125,11
01006074;Fresonara;Alessandria;1;633;15,96;10,67;83,54;29,51;1,34;12,87;35,61;195,62
01006075;Frugarolo;Alessandria;1;1.878;12,38;16,80;31,81;15,49;5,30;28,71;10,71;121,19
01006076;Fubine;Alessandria;1;1.605;12,26;14,36;35,08;21,86;6,65;56,20;17,39;163,80
01006078;Gamalero;Alessandria;1;794;11,36;10,28;30,57;11,15;20,36;29,82;15,97;129,51
01006079;Garbagna;Alessandria;1;617;43,81;60,54;17,84;16,09;18,33;30,78;15,80;240,35
01006081;Gavi;Alessandria;1;4.391;20,48;16,58;90,32;16,94;18,09;21,33;39,40;229,18
01006083;Gremiasco;Alessandria;1;280;41,55;64,24;16,64;17,08;;30,51;18,29;225,47
01006084;Grognardo;Alessandria;1;230;22,63;14,33;88,71;20,37;23,88;40,56;23,91;235,99
01006085;Grondona;Alessandria;1;466;35,09;51,26;14,86;13,62;;47,08;56,57;255,63
01006086;Guazzora;Alessandria;1;281;14,81;16,70;79,00;30,49;14,72;21,11;19,05;203,91
01006087;Isola Sant'Antonio;Alessandria;1;668;7,52;13,48;44,50;19,54;6,48;23,73;29,25;151,34
01006088;Lerma;Alessandria;1;802;21,99;13,93;86,22;19,79;23,21;39,42;23,24;229,35
01006193;Lu e Cuccaro Monferrato;Alessandria;1;1.296;12,05;10,09;35,03;17,24;18,96;30,11;22,02;145,49
01006090;Malvicino;Alessandria;1;78;21,95;13,91;86,08;19,76;23,18;39,36;23,21;228,97
01006091;Masio;Alessandria;1;1.274;11,01;9,58;29,01;12,67;10,73;30,18;11,64;114,82
01006092;Melazzo;Alessandria;1;1.196;63,65;8,26;28,65;20,40;11,56;13,90;17,48;164,69
01006093;Merana;Alessandria;1;179;22,98;14,56;90,12;20,69;24,26;41,20;24,29;239,72
01006095;Molare;Alessandria;1;2.002;21,93;13,89;85,98;19,74;23,15;39,31;23,18;228,70
01006096;Molino dei Torti;Alessandria;1;577;8,37;11,98;52,58;21,12;14,59;27,59;30,61;174,57
01006098;Momperone;Alessandria;1;197;49,38;76,64;20,19;20,38;;42,42;17,52;253,12
01006100;Mongiardino Ligure;Alessandria;1;150;54,00;87,21;22,87;23,18;;34,19;19,47;316,67
01006101;Monleale;Alessandria;1;557;31,83;57,23;12,88;15,21;;18,22;20,41;180,95
01006102;Montacuto;Alessandria;1;234;47,72;70,19;18,89;18,66;;63,00;24,97;304,76
01006103;Montaldeo;Alessandria;1;208;22,99;14,56;90,13;20,69;24,26;41,21;24,30;239,75
01006104;Montaldo Bormida;Alessandria;1;586;23,04;14,59;90,32;20,74;24,32;41,30;24,35;240,26
01006105;Montecastello;Alessandria;1;280;12,37;14,68;28,86;13,05;48,66;31,91;23,41;172,94
01006106;Montechiaro d'Acqui;Alessandria;1;506;54,85;10,26;37,69;15,18;30,00;26,61;20,53;195,89
01006107;Montegioco;Alessandria;1;273;33,27;61,73;13,71;16,41;;26,22;23,52;195,79
01006108;Montemarzino;Alessandria;1;312;33,97;56,34;13,46;14,98;;24,98;18,65;190,73
01006110;Morbello;Alessandria;1;399;67,76;9,30;23,47;17,24;25,11;59,21;21,63;224,51
01006111;Mornese;Alessandria;1;676;22,80;14,44;89,39;20,52;24,07;40,87;24,10;237,78
01006112;Morsasco;Alessandria;1;604;22,61;14,32;88,64;20,35;23,86;40,53;23,89;235,79
01006114;Novi Ligure;Alessandria;1;27.343;16,46;24,53;73,53;21,14;25,80;37,02;18,35;234,62
01006119;Orsara Bormida;Alessandria;1;387;22,52;14,27;88,32;20,28;23,78;40,38;23,81;234,95
01006121;Ovada;Alessandria;1;10.855;22,21;14,07;87,08;19,99;23,44;39,81;23,47;231,63
01006122;Oviglio;Alessandria;1;1.210;11,53;13,10;30,32;16,33;6,75;29,66;25,64;133,33
01006124;Paderna;Alessandria;1;186;35,46;97,70;25,01;;4,28;31,34;64,41;287,83
01006125;Pareto;Alessandria;1;513;62,01;25,84;29,88;15,86;10,16;18,20;19,78;182,51
01006126;Parodi Ligure;Alessandria;1;587;26,72;7,75;117,71;15,44;1,69;25,42;46,84;248,24
01006127;Pasturana;Alessandria;1;1.268;17,79;12,84;79,00;29,46;1,01;21,06;32,86;201,26
01006128;Pecetto di Valenza;Alessandria;1;1.169;6,27;4,34;19,57;6,54;3,34;34,91;12,35;87,32
01006129;Pietra Marazzi;Alessandria;1;878;10,67;7,15;29,97;17,64;17,48;43,07;5,84;131,82
01006132;Pontecurone;Alessandria;1;3.481;10,75;12,77;52,96;22,19;11,14;28,17;29,90;173,72
01006134;Ponti;Alessandria;1;503;60,59;10,82;36,66;21,45;25,90;24,42;18,17;198,81
01006136;Ponzone;Alessandria;1;1.002;22,44;14,22;87,98;20,20;23,69;40,22;23,72;234,03
01006137;Pozzol Groppo;Alessandria;1;295;40,63;59,45;16,09;15,80;;45,51;14,53;226,25
01006138;Pozzolo Formigaro;Alessandria;1;4.534;18,11;12,93;75,06;22,57;14,45;16,44;26,04;194,12
01006139;Prasco;Alessandria;1;496;22,37;14,18;87,72;20,14;23,62;40,11;23,65;233,35
01006140;Predosa;Alessandria;1;1.901;18,56;15,17;77,02;23,10;1,96;13,21;34,80;190,68
01006141;Quargnento;Alessandria;1;1.336;12,35;17,18;30,42;14,37;17,23;28,63;3,80;123,98
01006142;Quattordio;Alessandria;1;1.468;13,84;20,39;24,21;23,84;2,26;55,14;6,93;146,60
01006143;Ricaldone;Alessandria;1;607;22,49;14,25;88,20;20,25;23,75;40,33;23,78;234,62
01006144;Rivalta Bormida;Alessandria;1;1.365;22,37;14,17;87,71;20,13;23,61;40,10;23,64;233,31
01006145;Rivarone;Alessandria;1;390;10,73;4,46;41,02;8,58;31,20;25,31;12,45;133,76
01006147;Rocca Grimalda;Alessandria;1;1.405;22,02;13,95;86,33;19,82;23,24;39,47;23,27;229,64
01006146;Roccaforte Ligure;Alessandria;1;120;45,22;85,76;22,90;22,79;1,67;29,34;32,05;298,11
01006148;Rocchetta Ligure;Alessandria;1;224;35,13;47,21;15,21;12,55;;42,54;25,12;223,16
01006151;Sale;Alessandria;1;3.857;12,15;14,19;57,35;20,99;13,43;29,43;30,85;185,03
01006152;San Cristoforo;Alessandria;1;520;22,79;14,44;89,38;20,52;24,06;40,86;24,09;237,75
01006154;San Salvatore Monferrato;Alessandria;1;4.018;9,73;12,69;38,77;12,86;16,06;29,58;25,80;145,48
01006155;San Sebastiano Curone;Alessandria;1;552;29,78;52,59;12,01;13,98;14,14;14,83;31,18;191,11
01006156;Sant'Agata Fossili;Alessandria;1;362;29,43;102,69;15,30;;;16,69;11,28;203,38
01006157;Sardigliano;Alessandria;1;376;16,96;9,66;79,88;13,50;1,58;16,60;39,24;183,39
01006158;Sarezzano;Alessandria;1;1.098;27,50;46,23;10,89;12,29;2,01;18,82;24,24;162,35
01006160;Serravalle Scrivia;Alessandria;1;5.905;13,96;16,15;67,20;23,82;30,03;32,69;35,20;227,73
01006161;Sezzadio;Alessandria;1;1.199;12,29;16,26;32,80;14,59;17,35;31,33;4,05;128,68
01006162;Silvano d'Orba;Alessandria;1;1.891;22,40;14,19;87,84;20,17;23,65;40,16;23,68;233,67
01006163;Solero;Alessandria;1;1.576;12,63;16,83;31,97;15,84;6,80;31,33;15,26;130,66
01006165;Spigno Monferrato;Alessandria;1;901;63,15;12,58;33,86;15,92;7,78;38,72;19,34;192,16
01006166;Spineto Scrivia;Alessandria;1;365;17,90;13,82;68,94;12,07;;8,91;22,23;150,25
01006167;Stazzano;Alessandria;1;2.283;26,89;59,78;17,29;16,23;7,22;20,85;14,93;183,59
01006168;Strevi;Alessandria;1;1.954;22,32;14,14;87,51;20,09;23,56;40,01;23,59;232,78
01006169;Tagliolo Monferrato;Alessandria;1;1.479;22,63;14,34;88,73;20,37;23,89;40,57;23,92;236,03
01006170;Tassarolo;Alessandria;1;585;19,28;9,41;75,67;33,30;1,34;17,41;42,88;205,63
01006172;Terzo;Alessandria;1;822;22,21;14,07;87,09;19,99;23,45;39,82;23,48;231,67
01006174;Tortona;Alessandria;1;26.542;22,81;26,34;52,81;20,95;25,79;27,27;32,17;218,24
01006176;Trisobbio;Alessandria;1;650;22,34;14,15;87,60;20,11;23,58;40,05;23,61;233,02
01006177;Valenza;Alessandria;1;18.096;19,76;54,64;33,79;6,03;23,09;34,59;25,10;215,13
01006180;Vignole Borbera;Alessandria;1;2.045;29,56;45,53;15,87;12,10;9,80;36,27;25,38;194,60
01006181;Viguzzolo;Alessandria;1;3.070;9,71;9,99;46,12;16,59;1,05;22,65;26,47;138,20
01006183;Villalvernia;Alessandria;1;856;32,60;63,00;23,66;15,75;;24,02;38,00;219,00
01006186;Villaromagnano;Alessandria;1;654;12,90;4,75;63,19;22,82;1,60;15,21;31,58;157,96
01006187;Visone;Alessandria;1;1.180;22,03;13,96;86,38;19,83;23,26;39,49;23,29;229,79
01006188;Volpedo;Alessandria;1;1.134;30,37;51,09;12,17;13,58;;22,26;42,70;203,12
01006189;Volpeglino;Alessandria;1;126;59,26;66,82;23,46;17,76;;102,17;21,25;315,83
01006190;Voltaggio;Alessandria;1;651;27,04;7,33;103,06;25,31;4,47;9,44;30,98;213,88
11042001;Agugliano;Ancona;1;4.649;6,22;9,83;51,31;13,52;14,39;11,39;6,43;113,11
11042002;Ancona;Ancona;1;99.239;24,41;24,83;37,30;16,11;24,70;43,72;29,04;200,11
11042004;Barbara;Ancona;1;1.263;14,70;15,38;49,93;13,24;8,05;20,69;5,57;127,56
11042006;Camerano;Ancona;1;7.070;12,09;8,05;58,73;19,29;13,82;15,80;3,22;130,99
11042007;Camerata Picena;Ancona;1;2.493;8,18;13,17;58,05;15,91;14,19;18,50;14,19;142,21
11042008;Castelbellino;Ancona;1;4.946;22,43;15,06;34,48;22,09;14,37;16,25;4,87;129,54
11042010;Castelfidardo;Ancona;1;18.444;9,61;9,97;40,22;19,46;10,26;25,12;12,30;126,94
11042011;Castelleone di Suasa;Ancona;1;1.551;12,45;14,48;37,07;16,15;8,54;21,61;3,53;113,83
11042012;Castelplanio;Ancona;1;3.565;27,85;20,72;46,02;22,76;13,14;9,91;5,30;145,70
11042014;Chiaravalle;Ancona;1;14.282;10,08;10,65;45,13;19,42;17,84;26,93;134,01;264,06
11042015;Corinaldo;Ancona;1;4.745;12,18;15,01;48,02;18,11;9,56;41,11;10,95;154,94
11042016;Cupramontana;Ancona;1;4.394;29,58;15,83;45,56;23,45;21,77;14,28;13,01;163,48
11042018;Falconara Marittima;Ancona;1;25.687;27,81;21,30;46,74;18,48;37,81;57,31;18,21;229,55
11042019;Filottrano;Ancona;1;8.891;14,13;12,12;53,20;19,01;14,77;24,07;6,97;144,27
11042020;Genga;Ancona;1;1.668;19,88;27,48;60,62;10,35;26,46;11,61;18,73;175,12
11042021;Jesi;Ancona;1;39.399;11,93;28,25;44,96;27,20;35,05;6,47;4,37;158,22
11042022;Loreto;Ancona;1;12.986;13,80;11,76;35,32;15,55;16,27;5,35;16,80;116,00
11042023;Maiolati Spontini;Ancona;1;5.986;25,88;17,37;39,85;28,96;13,94;13,23;6,49;145,71
11042024;Mergo;Ancona;1;985;30,46;21,20;47,55;16,12;22,98;15,59;3,54;157,44
11042029;Monte Roberto;Ancona;1;2.983;27,18;17,68;42,48;27,41;9,35;11,49;2,89;138,47
11042030;Monte San Vito;Ancona;1;6.689;10,65;9,58;46,10;25,58;11,50;26,84;14,64;144,91
11042026;Montecarotto;Ancona;1;1.849;26,97;17,35;42,26;24,49;18,92;20,99;9,80;160,78
11042027;Montemarciano;Ancona;1;9.789;14,88;11,62;55,92;13,24;15,33;34,17;8,17;153,34
11042032;Numana;Ancona;1;3.758;8,04;50,39;208,62;59,39;49,91;73,48;27,08;477,14
11042034;Osimo;Ancona;1;34.844;13,46;16,42;65,14;19,26;21,28;26,96;11,96;174,70
11042035;Ostra;Ancona;1;6.267;13,42;18,40;50,69;26,55;12,60;11,00;6,65;139,31
11042036;Ostra Vetere;Ancona;1;3.095;16,32;14,65;53,60;18,59;11,18;34,22;21,03;169,57
11042037;Poggio San Marcello;Ancona;1;700;25,65;16,34;40,25;23,42;15,65;16,62;5,43;143,35
11042038;Polverigi;Ancona;1;4.593;6,72;10,57;52,24;13,35;16,75;11,94;4,71;116,31
11042040;Rosora;Ancona;1;1.824;30,03;17,97;46,96;23,46;23,32;12,66;3,68;158,09
11042042;San Paolo di Jesi;Ancona;1;890;26,64;28,25;41,76;17,60;12,87;16,19;5,22;148,54
11042043;Santa Maria Nuova;Ancona;1;3.954;7,19;11,87;55,63;13,32;13,76;13,73;5,25;120,77
11042044;Sassoferrato;Ancona;1;6.823;12,45;14,26;58,31;17,34;12,19;35,59;26,63;176,76
11042045;Senigallia;Ancona;1;44.053;14,21;19,61;69,12;20,43;40,99;22,48;10,27;197,11
11042046;Serra de' Conti;Ancona;1;3.581;5,76;8,12;40,98;11,51;9,39;19,77;12,26;107,79
11042048;Sirolo;Ancona;1;4.085;22,56;21,00;87,13;30,34;38,46;29,93;9,30;238,72
11042049;Staffolo;Ancona;1;2.105;24,92;26,80;38,97;18,97;22,80;27,54;6,93;166,94
11042050;Trecastelli;Ancona;1;7.599;12,31;14,51;50,31;17,00;3,34;13,78;7,25;118,49
02007001;Allein;Aosta;1;208;5,50;14,78;59,86;21,27;9,25;33,47;79,11;228,80
02007002;Antey-Saint-Andre;Aosta;Vedi aggregazione: SUB-ATO D UC EVANCON UC MONT CERVIN;;;;;;;;;
02007003;Aosta;Aosta;1;33.176;18,09;16,53;37,37;22,71;43,09;42,09;5,86;185,74
02007004;Arnad;Aosta;Vedi aggregazione: SUB-ATO D UC EVANCON UC MONT CERVIN;;;;;;;;;
02007005;Arvier;Aosta;1;806;30,01;38,36;41,30;21,03;8,20;24,99;47,33;240,21
02007006;Avise;Aosta;1;302;24,96;31,92;34,36;17,50;6,42;27,10;30,22;213,12
02007007;Ayas;Aosta;Vedi aggregazione: SUB-ATO D UC EVANCON UC MONT CERVIN;;;;;;;;;
02007008;Aymavilles;Aosta;1;2.104;26,29;33,61;36,19;18,43;3,86;19,06;129,46;266,90
02007009;Bard;Aosta;1;102;32,10;31,09;91,31;24,19;1,50;68,47;52,48;307,92
02007010;Bionaz;Aosta;1;222;7,25;19,46;78,80;28,00;12,17;44,06;104,13;301,18
02007011;Brissogne;Aosta;1;952;11,76;30,30;43,45;22,01;6,98;23,77;35,97;196,50
02007012;Brusson;Aosta;Vedi aggregazione: SUB-ATO D UC EVANCON UC MONT CERVIN;;;;;;;;;
02007013;Challand-Saint-Anselme;Aosta;Vedi aggregazione: SUB-ATO D UC EVANCON UC MONT CERVIN;;;;;;;;;
02007014;Challand-Saint-Victor;Aosta;Vedi aggregazione: SUB-ATO D UC EVANCON UC MONT CERVIN;;;;;;;;;
02007015;Chambave;Aosta;Vedi aggregazione: SUB-ATO D UC EVANCON UC MONT CERVIN;;;;;;;;;
02007016;Chamois;Aosta;Vedi aggregazione: SUB-ATO D UC EVANCON UC MONT CERVIN;;;;;;;;;
02007017;Champdepraz;Aosta;Vedi aggregazione: SUB-ATO D UC EVANCON UC MONT CERVIN;;;;;;;;;
02007018;Champorcher;Aosta;1;367;49,21;47,67;140,01;37,09;17,43;66,68;20,28;389,07
02007019;Charvensod;Aosta;1;2.421;12,38;31,89;45,73;23,17;7,35;25,03;37,87;206,84
02007020;Chatillon - Dato aggregazione SUB-ATO D UC EVANCON UC MONT CERVIN;Aosta;21;26.825;32,49;21,58;59,90;24,26;9,52;33,05;61,74;242,52
02007021;Cogne;Aosta;1;1.313;49,32;63,06;67,89;34,57;36,74;51,55;6,84;456,35
02007022;Courmayeur;Aosta;1;2.608;86,83;101,80;98,32;34,98;61,17;95,47;81,78;697,98
02007023;Donnas;Aosta;1;2.394;18,24;16,26;47,76;12,65;0,78;25,20;9,44;132,60
02007024;Doues;Aosta;1;502;5,42;14,55;58,94;20,94;9,10;32,96;77,89;225,28
02007025;Emarese;Aosta;Vedi aggregazione: SUB-ATO D UC EVANCON UC MONT CERVIN;;;;;;;;;
02007026;Etroubles;Aosta;1;481;8,39;22,52;91,21;32,41;14,09;51,01;120,54;348,64
02007027;Fenis;Aosta;1;1.764;11,31;29,13;41,78;21,16;6,71;22,86;34,59;188,95
02007028;Fontainemore;Aosta;1;431;25,52;24,05;70,63;18,71;2,65;37,23;27,94;207,18
02007029;Gaby;Aosta;1;418;25,39;16,27;61,89;27,81;2,16;56,65;10,94;201,57
02007030;Gignod;Aosta;1;1.683;3,90;10,47;42,40;15,06;6,55;23,71;56,03;162,06
02007031;Gressan;Aosta;1;3.374;17,85;45,99;65,94;33,40;10,60;36,08;54,60;298,24
02007032;Gressoney-La-Trinite;Aosta;1;324;65,60;41,99;155,47;71,75;47,83;109,78;55,52;548,55
02007033;Gressoney-Saint-Jean;Aosta;1;761;40,42;26,82;99,43;45,82;11,62;110,00;29,94;364,29
02007034;Hone;Aosta;1;1.160;21,01;20,36;59,79;15,84;0,98;32,81;8,74;166,54
02007035;Introd;Aosta;1;651;26,35;33,69;36,27;18,47;9,02;24,08;54,98;218,28
02007036;Issime;Aosta;1;384;22,14;11,81;46,33;20,18;5,19;41,35;20,74;168,25
02007037;Issogne;Aosta;Vedi aggregazione: SUB-ATO D UC EVANCON UC MONT CERVIN;;;;;;;;;
02007038;Jovencan;Aosta;1;715;9,94;25,61;36,72;18,60;5,90;20,09;30,40;166,07
02007039;La Magdeleine;Aosta;Vedi aggregazione: SUB-ATO D UC EVANCON UC MONT CERVIN;;;;;;;;;
02007040;La Salle;Aosta;1;2.031;31,02;36,37;35,13;12,50;13,07;37,07;1,97;246,61
02007041;La Thuile;Aosta;1;774;93,64;109,80;106,04;37,73;40,71;140,13;80,08;746,61
02007042;Lillianes;Aosta;1;413;25,73;23,93;70,30;18,62;1,85;38,16;37,62;216,67
02007043;Montjovet;Aosta;Vedi aggregazione: SUB-ATO D UC EVANCON UC MONT CERVIN;;;;;;;;;
02007044;Morgex;Aosta;1;2.057;30,17;35,37;34,16;12,16;24,19;35,98;17,99;243,01
02007045;Nus;Aosta;1;2.953;10,45;26,92;38,61;19,56;6,20;21,13;31,97;174,61
02007046;Ollomont;Aosta;1;165;14,43;38,75;156,95;55,76;24,24;87,76;207,40;599,87
02007047;Oyace;Aosta;1;202;4,39;11,77;47,67;16,94;7,36;26,66;63,00;182,22
02007048;Perloz;Aosta;1;446;22,73;21,34;63,58;16,61;1,03;33,13;23,62;182,47
02007049;Pollein;Aosta;1;1.493;14,55;37,48;53,75;27,22;8,64;29,41;44,50;243,08
02007050;Pontboset;Aosta;1;171;30,05;27,09;79,56;21,08;1,30;46,36;5,17;227,85
02007051;Pontey;Aosta;Vedi aggregazione: SUB-ATO D UC EVANCON UC MONT CERVIN;;;;;;;;;
02007052;Pont-Saint-Martin;Aosta;1;3.535;22,22;21,53;63,22;16,75;5,46;29,98;8,70;173,95
02007053;Pre-Saint-Didier;Aosta;1;958;51,92;60,88;58,80;20,92;52,42;85,69;11,51;450,70
02007054;Quart;Aosta;1;4.127;12,06;31,08;44,56;22,57;7,16;24,39;36,90;201,55
02007055;Rhemes-Notre-Dame;Aosta;1;76;113,13;144,64;155,72;79,29;29,86;129,71;19,43;928,16
02007056;Rhemes-Saint-Georges;Aosta;1;163;31,70;40,53;43,64;22,21;22,94;30,66;4,50;276,71
02007057;Roisan;Aosta;1;1.016;3,61;9,70;39,29;13,96;6,07;21,97;51,92;150,18
02007058;Saint-Christophe;Aosta;1;3.495;14,16;36,50;52,34;26,51;8,41;28,64;43,33;236,70
02007059;Saint-Denis;Aosta;Vedi aggregazione: SUB-ATO D UC EVANCON UC MONT CERVIN;;;;;;;;;
02007060;Saint-Marcel;Aosta;1;1.327;12,07;31,10;44,60;22,59;7,17;24,41;36,93;201,73
02007061;Saint-Nicolas;Aosta;1;334;34,11;43,61;46,96;23,91;10,59;32,33;29,99;274,17
02007062;Saint-Oyen;Aosta;1;194;9,54;25,62;103,75;36,86;16,03;58,02;137,11;396,57
02007063;Saint-Pierre;Aosta;1;3.295;22,79;29,14;31,37;15,97;1,08;23,24;3,23;179,31
02007064;Saint-Rhemy-en-Bosses;Aosta;1;334;11,61;31,17;126,23;44,85;19,50;70,59;166,81;482,49
02007065;Saint-Vincent;Aosta;Vedi aggregazione: SUB-ATO D UC EVANCON UC MONT CERVIN;;;;;;;;;
02007066;Sarre;Aosta;1;4.794;22,40;28,64;30,83;15,70;13,23;16,58;14,55;178,68
02007067;Torgnon;Aosta;Vedi aggregazione: SUB-ATO D UC EVANCON UC MONT CERVIN;;;;;;;;;
02007068;Valgrisenche;Aosta;1;188;36,27;46,38;49,93;25,42;1,72;42,65;21,14;290,28
02007069;Valpelline;Aosta;1;591;5,78;15,53;62,90;22,35;9,72;35,17;83,12;240,40
02007070;Valsavarenche;Aosta;1;153;68,93;88,13;94,88;48,31;20,29;46,84;104,42;534,49
02007071;Valtournenche;Aosta;Vedi aggregazione: SUB-ATO D UC EVANCON UC MONT CERVIN;;;;;;;;;
02007072;Verrayes;Aosta;Vedi aggregazione: SUB-ATO D UC EVANCON UC MONT CERVIN;;;;;;;;;
02007073;Verres;Aosta;Vedi aggregazione: SUB-ATO D UC EVANCON UC MONT CERVIN;;;;;;;;;
02007074;Villeneuve;Aosta;1;1.285;23,04;29,46;31,71;16,15;4,07;16,95;8,54;176,74
09051002;Arezzo;Arezzo;1;96.426;25,57;15,36;45,78;55,84;29,30;15,60;24,59;212,77
09051003;Badia Tedalda;Arezzo;1;950;46,67;29,93;23,03;69,01;7,47;15,30;21,41;212,82
09051004;Bibbiena;Arezzo;1;11.922;33,55;23,54;20,65;57,98;25,61;15,80;16,70;195,57
09051006;Capolona;Arezzo;1;5.236;20,78;7,06;58,29;44,63;16,88;20,71;31,31;199,66
09051007;Caprese Michelangelo;Arezzo;1;1.337;102,29;59,84;16,80;;;29,66;22,82;231,40
09051008;Castel Focognano;Arezzo;1;2.943;41,72;27,10;26,19;59,73;43,51;19,60;11,28;229,12
09051010;Castel San Niccolo;Arezzo;1;2.450;44,66;27,75;32,44;65,53;27,41;29,43;18,78;252,44
09051012;Castiglion Fiorentino;Arezzo;1;12.919;18,86;10,35;65,70;47,17;18,88;20,95;17,83;200,26
09051013;Cavriglia;Arezzo;1;9.489;22,67;21,92;27,71;67,79;10,52;11,97;16,49;180,93
09051015;Chiusi della Verna;Arezzo;1;1.861;59,85;37,86;37,50;102,36;53,59;32,24;27,69;351,10
09051017;Cortona;Arezzo;1;21.042;23,28;16,04;68,40;63,06;19,66;21,06;22,41;234,13
09051018;Foiano della Chiana;Arezzo;1;9.075;28,13;0,35;69,82;52,06;32,67;17,96;34,20;235,19
09051042;Laterina Pergine Valdarno;Arezzo;1;6.365;28,92;23,67;43,83;69,98;19,92;12,40;27,74;228,74
09051021;Lucignano;Arezzo;1;3.419;21,96;12,61;84,62;52,28;34,75;24,68;18,06;248,95
09051022;Marciano della Chiana;Arezzo;1;3.451;19,17;13,70;69,41;54,73;26,25;13,31;8,13;204,71
09051025;Monte San Savino;Arezzo;1;8.579;20,14;9,19;;50,45;25,70;15,98;23,90;145,36
09051023;Montemignaio;Arezzo;1;510;45,29;44,76;52,60;113,93;16,90;56,64;34,35;364,46
09051024;Monterchi;Arezzo;1;1.709;36,67;27,33;19,99;71,20;8,30;15,72;22,31;201,52
09051026;Montevarchi;Arezzo;1;24.208;22,55;15,26;38,24;55,45;31,82;10,89;22,08;196,30
09051027;Ortignano Raggiolo;Arezzo;1;837;28,86;24,32;28,24;57,28;27,50;32,05;19,78;218,04
09051030;Pieve Santo Stefano;Arezzo;1;2.974;29,80;22,61;32,72;70,64;27,09;29,49;30,57;243,15
09051041;Pratovecchio Stia;Arezzo;1;5.422;34,67;26,25;26,01;59,29;36,86;15,27;29,53;227,88
09051033;San Giovanni Valdarno;Arezzo;1;16.485;25,74;14,11;42,30;55,03;31,62;23,19;21,43;214,10
09051035;Sestino;Arezzo;1;1.170;31,73;47,59;15,06;;21,79;28,35;5,63;150,15
09051039;Terranuova Bracciolini;Arezzo;1;12.015;28,25;12,41;91,61;54,97;24,89;41,84;17,76;273,57
11044001;Acquasanta Terme;Ascoli Piceno;1;2.442;20,32;20,61;53,35;23,64;;15,30;16,28;149,50
11044002;Acquaviva Picena;Ascoli Piceno;1;3.644;15,15;18,08;42,56;32,82;25,74;18,41;26,24;186,82
11044005;Appignano del Tronto;Ascoli Piceno;1;1.633;12,93;12,62;33,96;15,05;3,10;18,15;9,40;105,21
11044006;Arquata del Tronto;Ascoli Piceno;1;940;28,56;3,54;75,00;33,23;3,09;31,88;29,96;205,26
11044007;Ascoli Piceno;Ascoli Piceno;1;45.483;14,92;15,20;59,55;;67,66;32,96;17,39;218,76
11044010;Carassai;Ascoli Piceno;1;981;12,30;20,02;33,35;20,66;5,17;27,30;28,38;147,18
11044011;Castel di Lama;Ascoli Piceno;1;8.432;13,52;23,13;42,10;;5,93;5,93;;90,61
11044012;Castignano;Ascoli Piceno;1;2.541;13,28;9,46;34,88;15,45;14,12;17,09;12,96;117,24
11044013;Castorano;Ascoli Piceno;1;2.232;9,14;12,62;32,97;22,09;0,99;12,85;12,95;103,62
11044014;Colli del Tronto;Ascoli Piceno;1;3.632;10,56;13,06;31,70;27,40;3,30;13,66;11,46;111,14
11044017;Cupra Marittima;Ascoli Piceno;1;5.378;16,55;25,79;48,69;38,83;27,50;26,55;28,35;212,26
11044020;Folignano;Ascoli Piceno;1;8.739;12,24;7,56;25,32;30,50;0,72;12,03;10,27;103,27
11044023;Grottammare;Ascoli Piceno;1;15.890;18,82;26,87;49,18;43,93;44,83;30,18;50,29;276,96
11044027;Maltignano;Ascoli Piceno;1;2.203;13,79;14,55;40,03;34,21;4,12;16,34;12,96;143,52
11044029;Massignano;Ascoli Piceno;1;1.594;14,19;18,71;44,62;31,88;2,66;14,21;13,19;149,54
11044031;Monsampolo del Tronto;Ascoli Piceno;1;4.443;12,68;14,79;36,65;29,40;16,42;21,48;12,37;143,80
11044032;Montalto delle Marche;Ascoli Piceno;1;1.849;25,84;13,31;38,72;3,86;23,71;15,04;4,58;125,06
11044034;Montedinove;Ascoli Piceno;1;456;16,60;1,60;37,02;22,39;17,39;19,50;21,38;135,89
11044038;Montegallo;Ascoli Piceno;1;408;23,88;14,65;62,72;27,79;15,87;40,83;19,16;204,89
11044044;Montemonaco;Ascoli Piceno;1;533;23,98;3,34;74,19;12,76;11,45;29,44;40,86;196,02
11044045;Monteprandone;Ascoli Piceno;1;13.051;14,05;15,29;42,52;34,27;9,51;16,89;28,42;160,94
11044054;Offida;Ascoli Piceno;1;4.607;11,54;29,04;31,82;39,35;25,38;17,94;20,01;175,09
11044056;Palmiano;Ascoli Piceno;1;158;13,84;16,75;36,35;16,11;8,75;24,94;11,89;128,63
11044063;Ripatransone;Ascoli Piceno;1;4.146;16,70;16,83;47,11;27,09;17,44;31,16;35,76;192,08
11044064;Roccafluvione;Ascoli Piceno;1;1.845;15,27;15,44;40,11;17,77;2,65;21,95;11,83;125,01
11044065;Rotella;Ascoli Piceno;1;791;9,71;18,97;33,67;17,31;18,30;38,04;14,71;150,71
11044066;San Benedetto del Tronto;Ascoli Piceno;1;47.034;18,64;26,40;60,75;43,64;37,02;32,59;34,91;267,22
11044071;Spinetoli;Ascoli Piceno;1;7.193;12,00;15,41;35,74;26,03;13,78;13,90;31,61;148,48
11044073;Venarotta;Ascoli Piceno;1;1.885;14,55;18,41;38,20;16,93;;15,05;11,66;114,80
01005001;Agliano Terme;Asti;1;1.537;10,50;31,08;30,38;13,56;17,86;25,18;12,28;140,84
01005002;Albugnano;Asti;1;506;17,42;60,67;42,94;16,39;20,57;38,20;27,15;223,34
01005003;Antignano;Asti;1;960;13,60;24,51;5,69;43,77;29,85;53,92;22,73;194,08
01005004;Aramengo;Asti;1;568;13,39;31,78;33,63;8,70;23,05;28,26;9,57;148,39
01005005;Asti;Asti;1;73.787;24,42;29,72;47,59;22,24;26,95;41,61;23,25;220,43
01005006;Azzano d'Asti;Asti;1;387;8,83;21,41;32,38;11,31;14,14;16,98;10,94;115,99
01005007;Baldichieri d'Asti;Asti;1;1.125;13,22;39,64;36,13;15,11;24,44;31,91;11,80;172,26
01005008;Belveglio;Asti;1;304;9,55;22,68;35,94;16,47;27,44;25,93;4,65;142,67
01005009;Berzano di San Pietro;Asti;1;419;10,82;27,61;34,61;14,10;17,51;21,28;21,28;147,21
01005010;Bruno;Asti;1;304;23,88;41,57;57,49;;18,67;45,05;30,67;217,35
01005011;Bubbio;Asti;1;809;6,62;57,05;31,52;6,36;65,49;20,00;14,33;201,36
01005012;Buttigliera d'Asti;Asti;1;2.519;9,00;24,65;30,76;18,71;9,18;15,15;23,77;131,22
01005013;Calamandrana;Asti;1;1.671;19,26;35,03;55,03;11,73;13,81;18,59;83,69;237,14
01005014;Calliano;Asti;1;1.219;18,17;36,87;67,48;12,33;10,65;16,23;8,81;170,53
01005015;Calosso;Asti;1;1.116;22,07;25,69;40,69;;18,30;18,63;11,03;136,41
01005016;Camerano Casasco;Asti;1;392;17,01;32,13;44,07;8,56;32,72;22,25;32,62;189,35
01005017;Canelli;Asti;1;10.029;21,73;24,11;59,05;25,87;9,98;12,12;24,03;176,89
01005018;Cantarana;Asti;1;957;11,91;23,80;32,74;2,80;21,91;12,70;12,45;118,29
01005019;Capriglio;Asti;1;308;10,05;23,20;35,38;4,29;3,16;23,60;40,95;140,62
01005020;Casorzo;Asti;1;585;21,25;34,71;59,98;12,49;42,30;29,45;12,12;212,29
01005021;Cassinasco;Asti;1;549;7,19;36,68;39,70;3,87;8,78;4,26;3,39;103,87
01005022;Castagnole delle Lanze;Asti;1;3.668;7,53;21,25;37,82;10,58;4,21;28,23;14,25;123,86
01005023;Castagnole Monferrato;Asti;1;1.111;21,48;32,09;61,53;7,73;14,88;10,90;4,69;153,30
01005024;Castel Boglione;Asti;1;573;6,12;57,02;22,49;3,61;2,81;15,61;7,96;115,63
01005032;Castel Rocchero;Asti;1;367;6,11;88,15;28,01;2,84;27,14;39,93;178,84;371,03
01005025;Castell'Alfero;Asti;1;2.607;16,82;38,29;50,84;8,25;15,73;22,09;22,55;174,57
01005026;Castellero;Asti;1;288;9,30;24,68;26,10;3,13;61,10;12,07;3,08;139,46
01005027;Castelletto Molina;Asti;1;140;25,58;25,74;69,02;13,81;30,91;70,86;34,07;269,99
01005028;Castello di Annone;Asti;1;1.892;17,60;28,31;55,46;12,38;9,36;9,91;5,35;138,36
01005029;Castelnuovo Belbo;Asti;1;824;22,66;40,44;62,74;11,62;10,58;36,32;13,63;197,97
01005030;Castelnuovo Calcea;Asti;1;691;9,76;34,92;39,03;14,94;10,62;12,14;17,72;139,13
01005031;Castelnuovo Don Bosco;Asti;1;3.103;12,54;42,91;43,18;20,30;13,09;11,94;36,28;180,23
01005033;Cellarengo;Asti;1;712;8,97;21,20;26,61;9,80;15,27;29,33;5,60;116,77
01005034;Celle Enomondo;Asti;1;429;9,38;41,36;31,15;4,19;9,11;37,26;11,21;143,66
01005035;Cerreto d'Asti;Asti;1;211;14,48;34,16;49,37;12,10;;33,51;85,22;228,84
01005036;Cerro Tanaro;Asti;1;591;21,23;20,19;72,26;16,15;11,79;12,19;19,25;173,06
01005037;Cessole;Asti;1;341;7,21;53,26;31,78;4,83;10,66;30,34;4,34;142,42
01005038;Chiusano d'Asti;Asti;1;257;14,30;23,35;37,66;12,19;;18,05;33,61;139,18
01005039;Cinaglio;Asti;1;408;12,95;23,23;34,17;10,06;20,55;22,74;2,62;126,32
01005040;Cisterna d'Asti;Asti;1;1.196;13,87;27,91;42,78;3,71;6,23;22,51;12,10;129,11
01005041;Coazzolo;Asti;1;302;5,88;16,56;21,24;2,82;5,88;31,14;1,42;84,94
01005042;Cocconato;Asti;1;1.437;19,01;50,19;58,59;12,17;12,12;34,88;32,36;219,32
01005044;Corsione;Asti;1;201;15,10;19,23;38,67;10,43;;72,21;3,76;159,41
01005045;Cortandone;Asti;1;319;13,13;31,45;35,99;10,15;20,90;23,89;3,12;138,63
01005046;Cortanze;Asti;1;257;13,93;29,97;38,13;15,47;35,91;14,18;3,79;151,37
01005047;Cortazzone;Asti;1;594;15,42;28,69;45,19;11,31;;6,41;4,55;111,57
01005048;Cortiglione;Asti;1;528;15,59;34,56;43,48;3,83;20,47;29,16;25,34;172,43
01005049;Cossombrato;Asti;1;506;13,93;25,41;36,87;8,55;22,15;8,98;10,86;126,75
01005050;Costigliole d'Asti;Asti;1;5.656;9,80;31,79;52,64;11,89;10,05;21,79;18,57;156,54
01005051;Cunico;Asti;1;432;16,56;30,68;51,58;11,84;7,75;14,14;9,15;141,72
01005052;Dusino San Michele;Asti;1;1.089;10,61;35,81;34,85;10,60;8,35;14,79;13,43;128,44
01005053;Ferrere;Asti;1;1.478;11,81;29,62;35,12;3,62;17,99;31,15;13,26;142,57
01005054;Fontanile;Asti;1;470;16,43;32,53;2,15;51,70;22,26;17,60;48,66;191,33
01005055;Frinco;Asti;1;725;13,21;20,88;35,89;11,86;6,90;17,56;10,80;117,10
01005056;Grana;Asti;1;509;22,05;51,39;60,82;13,13;27,06;28,29;56,02;258,75
01005057;Grazzano Badoglio;Asti;1;556;20,28;35,35;63,26;9,61;34,56;37,07;6,59;206,72
01005058;Incisa Scapaccino;Asti;1;2.027;17,06;37,22;51,17;8,77;20,93;17,85;8,76;161,76
01005059;Isola d'Asti;Asti;1;1.970;16,02;21,79;50,19;11,25;14,59;13,02;8,76;135,62
01005060;Loazzolo;Asti;1;296;5,76;43,50;23,90;4,22;23,16;54,06;3,23;157,83
01005061;Maranzana;Asti;1;220;26,35;47,30;72,75;3,61;64,03;96,04;4,73;314,81
01005062;Maretto;Asti;1;390;10,41;27,48;28,61;2,41;19,82;14,14;2,64;105,53
01005063;Moasca;Asti;1;509;9,90;25,28;34,05;12,47;12,62;23,88;24,05;142,25
01005064;Mombaldone;Asti;1;192;22,70;14,39;89,01;20,43;23,96;40,70;23,99;236,78
01005065;Mombaruzzo;Asti;1;945;16,82;46,56;45,74;17,14;22,82;12,20;2,91;164,18
01005066;Mombercelli;Asti;1;2.058;10,90;26,61;41,02;18,10;8,17;10,87;12,71;128,37
01005067;Monale;Asti;1;980;10,74;27,00;29,10;9,86;27,60;13,94;2,90;121,14
01005068;Monastero Bormida;Asti;1;840;5,93;50,26;31,33;9,26;10,69;44,84;15,74;168,04
01005070;Moncucco Torinese;Asti;1;863;11,92;;33,60;16,30;;42,04;17,28;121,65
01005071;Mongardino;Asti;1;844;16,79;21,66;51,04;9,84;15,79;21,51;4,62;141,25
01005072;Montabone;Asti;1;315;4,28;48,37;21,27;3,48;19,06;34,62;11,74;142,82
01005073;Montafia;Asti;1;947;13,55;33,78;43,09;9,42;11,48;15,54;18,52;145,39
01005074;Montaldo Scarampi;Asti;1;705;8,03;27,98;33,21;14,39;12,06;12,07;14,34;122,08
01005075;Montechiaro d'Asti;Asti;1;1.254;15,18;33,60;40,73;13,11;19,84;13,19;8,69;144,35
01005076;Montegrosso d'Asti;Asti;1;2.346;11,03;33,87;20,60;39,13;12,24;24,21;4,87;145,97
01005077;Montemagno;Asti;1;1.037;20,10;44,35;55,98;11,08;17,88;24,36;10,25;184,01
01005121;Montiglio Monferrato;Asti;1;1.484;20,39;53,37;68,99;13,91;14,16;18,67;22,86;212,35
01005122;Moransengo-Tonengo;Asti;1;400;29,52;52,26;45,16;4,21;12,61;55,71;24,08;223,53
01005080;Nizza Monferrato;Asti;1;10.056;15,36;40,00;53,56;13,40;7,06;6,45;26,94;162,76
01005081;Olmo Gentile;Asti;1;66;85,92;30,59;29,98;4,76;96,67;2,64;3,88;254,44
01005082;Passerano Marmorito;Asti;1;449;11,72;30,39;39,81;9,58;38,41;18,53;16,98;165,43
01005083;Penango;Asti;1;440;21,29;39,41;6,03;64,35;12,40;18,17;13,27;174,92
01005084;Piea;Asti;1;509;14,43;29,11;39,24;7,29;24,60;16,47;3,28;134,41
01005085;Pino d'Asti;Asti;1;225;10,71;25,36;34,54;8,78;8,68;25,40;24,21;137,68
01005086;Piova  Massaia;Asti;1;575;18,79;32,43;58,00;14,42;27,44;32,68;14,79;198,55
01005087;Portacomaro;Asti;1;1.904;13,72;32,17;41,86;7,34;15,56;15,68;12,16;138,49
01005088;Quaranti;Asti;1;155;32,10;39,05;85,94;7,95;14,80;38,06;22,54;240,43
01005089;Refrancore;Asti;1;1.538;18,28;32,96;5,81;57,77;11,14;8,39;4,39;138,74
01005090;Revigliasco d'Asti;Asti;1;728;12,26;22,15;34,21;7,97;6,88;25,78;11,11;120,36
01005091;Roatto;Asti;1;358;11,51;18,80;39,16;4,60;31,27;33,46;9,36;148,16
01005092;Robella;Asti;1;448;22,22;28,07;62,80;10,15;;28,64;32,91;184,79
01005093;Rocca d'Arazzo;Asti;1;923;8,41;23,99;28,80;9,97;8,75;15,84;13,23;108,98
01005094;Roccaverano;Asti;1;371;6,56;59,80;29,85;6,59;13,82;22,30;4,76;143,68
01005095;Rocchetta Palafea;Asti;1;335;;37,19;19,26;8,54;20,13;13,67;1,96;100,74
01005096;Rocchetta Tanaro;Asti;1;1.319;21,87;43,52;71,75;17,52;20,20;24,21;16,56;215,64
01005097;San Damiano d'Asti;Asti;1;8.041;14,69;40,43;62,99;;2,64;10,56;11,88;143,20
01005098;San Giorgio Scarampi;Asti;1;93;7,85;50,66;29,66;4,41;25,27;51,96;3,45;173,25
01005099;San Martino Alfieri;Asti;1;674;13,44;29,66;41,17;9,95;10,61;23,94;13,94;142,71
01005100;San Marzano Oliveto;Asti;1;998;16,71;24,88;51,43;9,42;11,12;10,13;14,44;138,11
01005101;San Paolo Solbrito;Asti;1;1.166;10,83;24,31;31,89;4,15;19,35;26,15;11,47;128,15
01005103;Scurzolengo;Asti;1;519;22,14;29,64;61,86;6,73;28,04;29,69;20,15;198,25
01005104;Serole;Asti;1;97;7,53;48,39;28,03;4,13;3,45;96,76;3,11;191,41
01005105;Sessame;Asti;1;240;7,10;44,55;27,15;5,38;97,20;4,65;61,26;247,29
01005106;Settime;Asti;1;547;15,96;32,05;42,05;9,05;32,94;25,02;3,13;160,20
01005107;Soglio;Asti;1;129;18,36;21,09;47,65;18,43;42,10;43,13;26,12;216,88
01005108;Tigliole;Asti;1;1.715;11,69;32,22;37,72;7,47;2,01;12,62;7,28;111,01
01005109;Tonco;Asti;1;737;21,24;33,88;62,29;8,76;15,04;13,49;7,79;162,49
01005111;Vaglio Serra;Asti;1;259;13,54;21,23;43,63;8,68;6,22;20,11;59,28;172,69
01005112;Valfenera;Asti;1;2.434;6,30;20,25;22,55;11,75;12,43;26,64;17,76;117,69
01005113;Vesime;Asti;1;592;7,28;53,96;25,35;3,33;3,34;35,02;8,70;136,99
01005114;Viale;Asti;1;241;19,11;34,19;51,77;9,59;;28,17;4,57;147,40
01005115;Viarigi;Asti;1;838;20,13;34,70;55,60;11,17;25,72;43,69;44,30;235,31
01005116;Vigliano d'Asti;Asti;1;800;56,80;19,17;43,07;25,86;19,30;42,78;14,69;223,70
01005119;Villa San Secondo;Asti;1;389;13,44;24,72;36,59;9,64;38,51;30,71;4,03;157,64
01005117;Villafranca d'Asti;Asti;1;2.946;13,12;22,61;43,51;16,90;6,24;22,55;3,07;128,00
01005118;Villanova d'Asti;Asti;1;5.484;18,91;28,63;58,43;17,63;14,31;20,68;18,35;185,16
01005120;Vinchio;Asti;1;539;12,18;18,37;38,02;10,19;19,16;13,53;12,65;124,09
15064001;Aiello del Sabato;Avellino;1;3.986;22,83;19,95;48,37;27,03;14,22;12,10;3,99;148,48
15064002;Altavilla Irpina;Avellino;1;3.875;12,19;21,75;24,37;18,21;32,90;1,22;40,23;150,87
15064003;Andretta;Avellino;1;1.666;76,07;71,02;4,00;5,42;7,73;13,19;2,32;180,35
15064004;Aquilonia;Avellino;1;1.443;14,83;20,55;17,32;5,03;1,57;2,57;88,96;150,83
15064006;Atripalda;Avellino;1;10.331;38,79;32,76;65,93;31,80;41,71;14,43;18,71;244,11
15064007;Avella;Avellino;1;7.492;27,03;48,51;40,55;18,24;27,12;6,90;;168,35
15064008;Avellino;Avellino;1;52.161;27,02;23,89;63,91;33,74;62,78;17,54;48,71;275,07
15064009;Bagnoli Irpino;Avellino;1;3.019;31,64;23,78;65,54;45,89;14,26;9,36;29,72;220,19
15064010;Baiano;Avellino;1;4.398;15,06;23,63;29,41;45,24;27,26;12,64;12,68;165,92
15064011;Bisaccia;Avellino;1;3.536;14,98;15,75;47,01;27,92;8,53;55,20;8,59;177,98
15064014;Calabritto;Avellino;1;2.140;26,72;10,50;9,94;3,39;1,15;39,12;47,28;138,10
15064015;Calitri;Avellino;1;4.183;10,48;20,07;15,32;22,05;0,59;53,65;28,53;150,69
15064016;Candida;Avellino;1;1.103;32,04;24,35;48,24;23,29;15,13;6,97;10,34;161,27
15064017;Caposele;Avellino;1;3.231;19,28;27,72;84,54;;0,69;1,57;;133,80
15064018;Capriglia Irpina;Avellino;1;2.215;15,07;13,07;52,02;28,36;6,19;5,63;13,51;134,31
15064019;Carife;Avellino;1;1.261;23,79;34,19;30,97;19,23;0,90;62,76;90,24;262,08
15064020;Casalbore;Avellino;1;1.552;37,76;39,26;5,93;15,21;26,57;6,35;19,16;159,26
15064021;Cassano Irpino;Avellino;1;957;24,71;15,31;56,42;20,23;20,19;10,53;4,78;152,18
15064022;Castel Baronia;Avellino;1;1.051;32,08;20,70;65,97;23,57;13,20;18,04;6,91;181,90
15064023;Castelfranci;Avellino;1;1.740;35,36;20,26;60,26;16,47;11,63;12,96;51,86;208,81
15064025;Cervinara;Avellino;1;8.625;27,96;34,25;45,62;36,37;18,21;16,69;13,64;192,74
15064026;Cesinali;Avellino;1;2.554;33,00;25,27;38,84;43,58;5,77;2,06;16,68;165,19
15064028;Chiusano di San Domenico;Avellino;1;2.062;6,82;12,53;36,77;32,14;3,19;11,15;13,55;116,16
15064029;Contrada;Avellino;1;2.917;28,29;24,64;47,78;26,66;11,19;33,54;72,29;244,40
15064030;Conza della Campania;Avellino;1;1.272;30,17;22,69;31,91;6,22;22,88;3,82;13,12;130,81
15064031;Domicella;Avellino;1;1.844;0,78;0,01;11,49;43,88;10,46;7,19;38,14;111,95
15064033;Fontanarosa;Avellino;1;2.873;35,12;21,50;67,30;22,18;9,12;8,59;60,71;224,52
15064034;Forino;Avellino;1;5.125;25,43;29,94;48,54;37,11;12,90;12,30;17,93;184,15
15064035;Frigento;Avellino;1;3.428;35,06;21,88;76,90;;26,60;;;160,44
15064038;Grottaminarda;Avellino;1;7.634;40,99;35,50;56,31;26,86;4,35;9,70;23,89;198,06
15064039;Grottolella;Avellino;1;1.817;30,20;26,37;42,82;17,94;4,77;25,28;31,90;179,27
15064040;Guardia Lombardi;Avellino;1;1.512;30,32;12,51;71,98;14,27;;22,55;23,19;175,49
15064042;Lapio;Avellino;1;1.437;6,82;6,82;57,89;31,81;0,48;1,50;0,73;106,04
15064043;Lauro;Avellino;1;3.309;36,62;18,52;118,09;38,92;58,16;9,38;6,36;286,05
15064044;Lioni;Avellino;1;5.911;27,49;22,79;44,13;17,31;13,32;7,62;11,95;145,20
15064045;Luogosano;Avellino;1;1.068;35,10;18,13;105,46;30,55;9,23;14,28;68,40;282,09
15064046;Manocalzati;Avellino;1;3.027;29,43;25,26;50,06;32,64;17,83;18,17;47,43;221,47
15064047;Marzano di Nola;Avellino;1;1.633;17,63;67,95;60,22;4,33;;;;150,12
15064049;Mercogliano;Avellino;1;11.600;39,77;33,98;46,42;20,10;31,41;19,35;;191,04
15064052;Montecalvo Irpino;Avellino;1;3.286;46,52;24,74;62,89;18,40;19,82;9,13;9,47;190,97
15064055;Montefredane;Avellino;1;2.127;30,37;18,69;81,87;30,62;31,55;22,86;33,22;249,20
15064056;Montefusco;Avellino;1;1.186;25,67;23,68;53,15;16,35;12,27;10,56;2,87;144,55
15064057;Montella;Avellino;1;7.281;22,02;22,20;54,92;31,42;26,26;11,80;5,24;174,29
15064058;Montemarano;Avellino;1;2.600;52,86;27,74;66,49;18,83;7,33;11,68;7,71;192,64
15064059;Montemiletto;Avellino;1;5.056;37,41;27,30;50,53;20,74;;8,58;60,95;205,51
15064060;Monteverde;Avellino;1;695;38,52;21,06;85,57;27,52;;10,19;4,04;186,90
15064121;Montoro;Avellino;1;19.389;18,57;53,28;38,98;;28,92;1,75;26,21;167,72
15064063;Morra De Sanctis;Avellino;1;1.114;54,85;44,09;39,60;17,72;30,58;24,59;39,62;251,94
15064066;Nusco;Avellino;1;3.834;43,27;25,66;51,85;15,93;15,94;10,30;23,28;187,52
15064067;Ospedaletto d'Alpinolo;Avellino;1;1.996;32,34;19,90;87,16;32,60;33,59;24,34;35,30;265,22
15064068;Pago del Vallo di Lauro;Avellino;1;1.704;36,47;30,79;68,41;18,19;6,09;1,18;10,86;171,99
15064069;Parolise;Avellino;1;627;40,55;28,33;76,69;35,76;28,44;12,22;6,39;228,38
15064070;Paternopoli;Avellino;1;2.105;29,11;20,96;67,08;27,06;19,72;8,70;6,11;189,16
15064071;Petruro Irpino;Avellino;1;298;20,11;42,63;;0,48;1,53;7,83;0,75;73,32
15064073;Pietrastornina;Avellino;1;1.427;34,61;22,13;71,30;28,05;4,79;30,65;268,68;460,23
15064074;Prata di Principato Ultra;Avellino;1;2.684;39,53;31,42;52,25;21,09;22,66;21,95;18,35;207,81
15064075;Pratola Serra;Avellino;1;3.565;14,72;10,83;58,25;19,44;35,01;19,37;89,06;246,68
15064077;Quindici;Avellino;1;1.770;39,69;38,37;40,06;54,37;16,98;19,14;24,00;232,61
15064079;Rocca San Felice;Avellino;1;771;37,78;28,96;42,56;17,51;22,46;8,44;109,87;267,58
15064078;Roccabascerana;Avellino;1;2.346;13,86;14,57;57,26;14,57;3,20;25,31;4,37;133,14
15064080;Rotondi;Avellino;1;3.413;18,84;19,83;56,14;40,47;20,59;17,97;66,06;239,89
15064081;Salza Irpina;Avellino;1;735;23,80;14,22;76,63;27,49;14,61;22,33;18,15;197,24
15064082;San Mango sul Calore;Avellino;1;1.104;22,26;15,07;33,78;7,91;10,10;47,41;24,65;162,07
15064084;San Michele di Serino;Avellino;1;2.408;30,52;28,77;42,65;21,85;11,09;6,63;18,75;160,88
15064085;San Nicola Baronia;Avellino;1;776;33,86;21,68;70,49;23,78;29,72;16,63;32,01;228,17
15064086;San Potito Ultra;Avellino;1;1.467;17,37;21,46;39,73;30,07;36,67;15,62;4,53;165,46
15064093;Santa Paolina;Avellino;1;1.159;31,12;24,10;47,65;20,82;30,49;6,15;4,16;165,35
15064089;Sant'Andrea di Conza;Avellino;1;1.414;43,20;40,74;21,49;6,81;18,04;15,09;9,90;155,63
15064091;Sant'Angelo a Scala;Avellino;1;714;41,72;29,92;45,33;17,48;22,36;9,40;10,05;176,25
15064090;Sant'Angelo all'Esca;Avellino;1;715;35,49;24,29;79,74;30,29;10,74;10,30;36,92;227,77
15064092;Sant'Angelo dei Lombardi;Avellino;1;3.782;108,31;49,21;;;8,15;;;165,67
15064095;Santo Stefano del Sole;Avellino;1;2.058;38,92;23,28;49,36;23,23;42,64;6,23;41,82;225,47
15064096;Savignano Irpino;Avellino;1;1.023;52,52;22,50;73,27;20,00;0,30;11,05;14,12;193,77
15064097;Scampitella;Avellino;1;1.016;66,72;21,43;41,78;20,92;13,81;23,03;74,18;261,86
15064098;Senerchia;Avellino;1;721;34,11;35,58;34,11;6,77;;2,08;23,07;135,72
15064099;Serino;Avellino;1;6.801;30,04;30,53;45,11;26,74;13,72;31,32;33,61;211,07
15064101;Solofra;Avellino;1;12.035;31,49;26,23;52,08;27,00;18,54;22,32;41,60;219,27
15064102;Sorbo Serpico;Avellino;1;523;48,27;17,70;114,35;29,85;28,77;23,09;31,57;293,60
15064103;Sperone;Avellino;1;3.600;2,71;14,17;32,84;37,51;15,07;13,75;25,76;141,81
15064105;Summonte;Avellino;1;1.493;29,91;21,60;57,45;26,48;35,00;17,86;5,27;193,58
15064107;Taurasi;Avellino;1;2.123;39,90;22,12;84,06;29,99;17,93;13,37;89,42;296,79
15064108;Teora;Avellino;1;1.461;18,43;13,36;57,59;23,04;43,94;8,64;84,39;249,37
15064109;Torella dei Lombardi;Avellino;1;1.953;43,09;21,97;60,17;13,67;1,54;7,90;22,61;171,45
15064110;Torre Le Nocelle;Avellino;1;1.234;34,39;26,65;;12,88;;15,99;2,45;92,36
15064111;Torrioni;Avellino;1;480;64,99;25,78;28,73;10,48;;;;147,89
15064112;Trevico;Avellino;1;827;20,66;27,86;27,66;22,30;27,42;12,64;56,36;194,90
15064117;Villamaina;Avellino;1;897;49,30;27,77;65,43;21,40;9,18;19,79;34,49;227,92
15064119;Volturara Irpina;Avellino;1;2.912;19,21;26,51;29,13;51,95;2,65;13,57;65,61;208,63
15064120;Zungoli;Avellino;1;936;35,32;13,60;61,18;18,43;34,10;5,80;54,13;222,55
16072001;Acquaviva delle Fonti;Bari;1;19.837;10,35;16,51;51,94;32,95;28,74;8,77;19,73;168,98
16072002;Adelfia;Bari;1;16.489;22,64;16,52;43,47;19,12;24,45;17,60;29,18;173,01
16072003;Alberobello;Bari;1;10.174;15,12;11,99;68,12;44,27;27,93;33,22;51,52;252,16
16072006;Bari;Bari;1;316.212;31,21;32,14;52,79;30,01;39,12;18,26;9,04;212,57
16072010;Bitetto;Bari;1;11.748;9,81;7,49;47,08;32,53;22,30;20,55;9,60;149,36
16072011;Bitonto;Bari;1;53.089;19,53;52,32;39,90;13,72;52,97;5,64;5,61;219,72
16072012;Bitritto;Bari;1;11.337;23,10;7,72;41,76;24,81;23,99;8,71;3,14;133,93
16072014;Capurso;Bari;1;15.171;;18,01;105,17;48,50;;;;171,67
16072015;Casamassima;Bari;1;19.201;5,73;13,31;60,82;31,86;27,01;20,66;4,24;163,63
16072018;Cellamare;Bari;1;5.802;3,64;12,96;40,09;31,21;21,85;15,61;21,21;146,59
16072019;Conversano;Bari;1;25.808;7,13;16,88;53,00;43,51;35,90;17,87;28,83;221,71
16072020;Corato;Bari;1;46.994;11,02;6,53;68,86;29,81;30,22;10,16;30,63;198,61
16072021;Gioia del Colle;Bari;1;26.503;11,14;6,88;57,09;36,16;22,12;29,74;24,09;187,22
16072022;Giovinazzo;Bari;1;19.252;11,80;17,24;57,54;29,92;21,99;22,61;8,39;169,48
16072023;Gravina in Puglia;Bari;1;42.376;12,30;14,46;45,79;28,15;23,24;24,85;18,27;167,06
16072024;Grumo Appula;Bari;1;12.112;17,47;12,38;62,61;21,84;38,75;20,67;10,69;184,40
16072025;Locorotondo;Bari;1;13.901;20,55;6,47;44,67;31,21;28,29;26,03;33,56;190,78
16072027;Modugno;Bari;1;36.152;15,56;9,61;66,67;33,46;37,41;12,05;32,63;207,39
16072028;Mola di Bari;Bari;1;24.323;9,82;20,29;82,02;28,56;24,80;10,64;13,11;189,23
16072029;Molfetta;Bari;1;57.245;28,72;18,38;32,17;34,79;22,80;21,77;18,09;176,71
16072030;Monopoli;Bari;1;47.847;;24,85;16,34;26,01;;16,61;10,45;94,26
16072031;Noci;Bari;1;18.231;9,75;10,63;59,67;28,67;19,70;37,63;11,55;178,71
16072032;Noicattaro;Bari;1;25.999;11,37;7,91;52,49;30,38;25,92;12,87;3,70;144,64
16072033;Palo del Colle;Bari;1;20.419;11,08;16,72;71,62;33,29;30,22;17,97;1,72;182,62
16072035;Polignano a Mare;Bari;1;17.464;;22,28;123,86;61,31;82,57;9,81;33,89;333,73
16072036;Putignano;Bari;1;25.869;6,52;7,52;60,92;27,20;22,92;26,74;38,49;190,31
16072037;Rutigliano;Bari;1;18.210;12,05;17,85;60,23;7,01;20,65;32,20;7,53;157,52
16072038;Ruvo di Puglia;Bari;1;24.354;12,93;18,19;60,73;35,07;25,44;8,29;6,09;174,14
16072039;Sammichele di Bari;Bari;1;5.968;10,55;16,16;68,59;31,88;22,16;30,71;1,77;181,82
16072040;Sannicandro di Bari;Bari;1;9.518;23,00;5,20;41,58;21,55;23,88;15,29;3,44;133,93
16072041;Santeramo in Colle;Bari;1;25.735;20,21;11,38;62,68;26,81;33,13;;6,86;161,06
16072043;Terlizzi;Bari;1;26.042;13,82;11,41;57,24;37,91;32,83;10,68;4,80;168,71
16072046;Triggiano;Bari;1;25.842;1,59;18,63;54,30;15,77;44,71;13,92;11,68;160,60
16072047;Turi;Bari;1;13.022;12,33;40,76;49,57;13,92;20,71;10,55;23,74;171,58
16110001;Andria;Barletta-Andria-Trani;1;96.873;12,61;27,90;55,28;22,54;24,94;18,66;14,25;176,17
16110002;Barletta;Barletta-Andria-Trani;1;92.419;13,35;19,20;49,51;46,82;30,84;16,12;1,82;177,66
16110004;Canosa di Puglia;Barletta-Andria-Trani;1;27.680;6,65;17,15;70,71;30,94;22,06;13,34;1,44;162,28
16110005;Margherita di Savoia;Barletta-Andria-Trani;1;11.139;30,70;62,11;73,47;30,30;38,45;35,01;25,14;295,18
16110007;San Ferdinando di Puglia;Barletta-Andria-Trani;1;13.715;9,50;17,93;61,85;31,45;27,16;10,87;1,30;160,05
16110008;Spinazzola;Barletta-Andria-Trani;1;5.892;29,52;28,30;56,22;37,48;40,88;9,48;7,98;209,86
16110009;Trani;Barletta-Andria-Trani;1;54.953;26,52;39,23;19,68;12,83;11,78;59,53;11,34;180,90
16110010;Trinitapoli;Barletta-Andria-Trani;1;13.715;11,48;40,07;48,36;29,59;24,54;21,48;7,42;182,94
05025001;Agordo;Belluno;1;4.052;13,67;10,98;76,41;28,64;6,56;31,74;16,91;192,52
05025002;Alano di Piave;Belluno;1;2.737;5,08;5,34;57,98;14,00;9,06;29,43;43,39;164,29
05025003;Alleghe;Belluno;1;1.093;13,75;11,05;76,87;28,81;6,60;31,94;17,02;193,70
05025072;Alpago;Belluno;1;6.627;9,18;15,06;43,36;24,03;8,43;18,00;7,62;125,68
05025004;Arsie;Belluno;1;2.168;7,51;7,88;85,62;20,68;13,38;38,79;64,08;237,94
05025005;Auronzo di Cadore;Belluno;1;3.039;20,23;16,27;118,16;28,45;36,46;89,59;34,51;343,66
05025006;Belluno;Belluno;1;35.487;11,40;10,29;35,09;16,09;14,61;43,85;19,87;153,01
05025007;Borca di Cadore;Belluno;1;824;8,59;10,86;90,81;19,06;36,32;48,46;73,89;287,99
05025074;Borgo Valbelluna;Belluno;1;13.476;15,52;6,88;21,50;18,42;7,99;22,25;17,48;110,80
05025008;Calalzo di Cadore;Belluno;1;1.837;13,06;12,08;52,48;21,77;13,14;37,96;37,48;187,97
05025023;Canale d'Agordo;Belluno;1;1.058;13,76;11,05;76,88;28,81;6,60;31,94;17,02;193,70
05025010;Cencenighe Agordino;Belluno;1;1.217;13,81;11,09;77,18;28,93;6,63;32,06;17,09;194,48
05025011;Cesiomaggiore;Belluno;1;3.941;4,33;4,55;49,43;11,94;7,73;23,25;36,99;138,22
05025012;Chies d'Alpago;Belluno;1;1.241;6,38;15,65;45,06;24,97;6,87;24,48;11,33;134,75
05025013;Cibiana di Cadore;Belluno;1;321;8,57;10,84;90,64;19,03;36,25;48,37;73,75;287,44
05025014;Colle Santa Lucia;Belluno;1;345;13,78;11,07;77,03;28,87;6,62;32,00;17,05;194,09
05025015;Comelico Superiore;Belluno;1;2.060;9,85;22,64;47,69;13,10;10,31;28,64;30,49;162,71
05025017;Danta di Cadore;Belluno;1;432;6,13;16,93;44,32;16,50;4,73;31,83;36,32;156,76
05025018;Domegge di Cadore;Belluno;1;2.235;10,87;10,05;46,37;18,12;12,89;29,28;21,19;148,76
05025019;Falcade;Belluno;1;1.768;13,74;11,04;76,80;28,79;6,60;31,91;17,00;193,52
05025021;Feltre;Belluno;1;20.468;7,82;8,91;23,51;17,23;10,38;17,45;13,74;99,25
05025022;Fonzaso;Belluno;1;3.019;5,07;5,32;57,78;13,95;9,03;24,48;43,25;158,88
05025025;Gosaldo;Belluno;1;521;13,74;11,04;76,80;28,79;6,60;31,91;17,00;193,52
05025027;La Valle Agordina;Belluno;1;1.058;13,83;11,11;77,31;28,98;6,64;32,12;17,12;194,80
05025026;Lamon;Belluno;1;2.604;6,55;6,88;74,76;18,06;11,69;33,76;55,96;207,66
05025029;Limana;Belluno;1;5.412;4,60;6,87;29,53;16,88;8,03;23,78;35,81;126,62
05025030;Livinallongo del Col di Lana;Belluno;1;1.223;13,75;11,05;76,87;28,81;6,60;31,93;17,02;193,68
05025071;Longarone;Belluno;1;5.015;10,64;12,40;53,46;17,34;18,99;37,41;18,02;168,27
05025032;Lorenzago di Cadore;Belluno;1;555;12,97;11,99;56,73;21,62;16,04;33,17;29,76;182,27
05025033;Lozzo di Cadore;Belluno;1;1.241;10,15;9,38;47,67;16,92;7,71;29,81;26,52;148,16
05025035;Ospitale di Cadore;Belluno;1;266;9,15;12,12;50,45;18,40;;41,58;34,06;165,76
05025036;Pedavena;Belluno;1;4.326;4,11;4,32;46,93;11,33;7,34;21,42;35,12;130,57
05025037;Perarolo di Cadore;Belluno;1;363;10,74;9,93;51,92;17,91;121,12;22,25;37,44;271,30
05025039;Pieve di Cadore;Belluno;1;3.580;13,23;20,39;64,19;22,07;36,93;38,34;22,06;217,21
05025040;Ponte nelle Alpi;Belluno;1;7.935;6,18;6,40;69,37;12,70;2,87;52,16;7,71;158,01
05025070;Quero Vas;Belluno;1;3.086;10,70;6,51;33,07;23,25;13,08;26,63;16,24;129,85
05025043;Rivamonte Agordino;Belluno;1;601;13,81;11,09;77,19;28,93;6,63;32,07;17,08;194,48
05025044;Rocca Pietore;Belluno;1;1.140;13,84;11,11;77,34;28,99;6,64;32,13;17,12;194,88
05025045;San Gregorio nelle Alpi;Belluno;1;1.564;18,37;3,56;36,47;19,76;10,86;25,33;22,29;137,05
05025046;San Nicolo di Comelico;Belluno;1;384;6,50;21,61;47,99;10,06;17,18;33,08;50,59;187,01
05025047;San Pietro di Cadore;Belluno;1;1.471;6,86;22,14;52,98;9,40;32,16;27,93;30,27;181,74
05025049;San Tomaso Agordino;Belluno;1;598;13,74;11,04;76,80;28,79;6,60;31,91;17,00;193,52
05025051;San Vito di Cadore;Belluno;1;1.931;15,89;35,11;94,35;19,01;37,81;13,65;1,07;216,89
05025048;Santa Giustina;Belluno;1;6.588;13,01;5,28;34,72;18,27;3,28;23,86;8,58;107,37
05025050;Santo Stefano di Cadore;Belluno;1;2.320;13,93;27,94;57,08;12,83;6,38;21,95;33,03;173,14
05025053;Sedico;Belluno;1;10.150;7,88;6,70;42,53;9,91;5,25;22,52;7,53;105,96
05025054;Selva di Cadore;Belluno;1;499;13,72;11,02;76,65;28,73;6,59;31,85;16,97;193,14
05025055;Seren del Grappa;Belluno;1;2.320;11,02;9,66;37,15;17,28;2,90;31,17;8,30;117,94
05025056;Sospirolo;Belluno;1;3.128;5,48;3,46;26,77;23,44;5,83;18,88;27,07;111,08
05025057;Soverzene;Belluno;1;359;6,84;8,75;36,76;13,02;7,38;15,55;14,06;102,37
05025058;Sovramonte;Belluno;1;1.322;7,39;7,76;84,27;20,35;13,17;39,73;63,07;235,74
05025059;Taibon Agordino;Belluno;1;1.719;13,74;11,04;76,80;28,79;6,60;31,91;17,00;193,52
05025060;Tambre;Belluno;1;1.289;10,59;25,96;74,76;41,43;12,92;32,52;21,65;219,85
05025073;Val Di Zoldo;Belluno;1;2.771;15,69;18,29;66,39;25,57;12,15;32,19;40,41;210,68
05025062;Vallada Agordina;Belluno;1;456;13,74;11,04;76,80;28,79;6,60;31,91;17,00;193,52
05025063;Valle di Cadore;Belluno;1;1.854;8,57;10,84;90,63;19,02;36,24;48,37;73,74;287,41
05025065;Vigo di Cadore;Belluno;1;1.338;10,08;19,02;47,00;16,82;12,01;26,20;16,43;147,57
05025066;Vodo Cadore;Belluno;1;822;8,59;10,86;90,81;19,06;36,32;48,46;73,89;287,99
05025067;Voltago Agordino;Belluno;1;806;13,76;11,05;76,90;28,82;6,61;31,95;17,02;193,76
05025069;Zoppe di Cadore;Belluno;1;190;9,47;11,04;35,99;15,43;;14,59;14,50;101,02
15062001;Airola;Benevento;1;8.076;16,28;35,18;56,50;44,78;24,48;24,98;18,09;223,24
15062002;Amorosi;Benevento;1;2.646;23,38;34,38;54,82;;39,58;36,18;1,08;189,42
15062003;Apice;Benevento;1;5.248;19,05;;38,11;35,88;10,09;7,96;3,13;116,03
15062004;Apollosa;Benevento;1;2.473;14,28;14,00;58,91;12,48;13,49;11,29;6,30;130,75
15062006;Arpaise;Benevento;1;731;23,73;15,85;46,67;31,14;5,96;16,90;1,16;141,42
15062007;Baselice;Benevento;1;2.064;10,42;17,00;25,54;25,45;15,14;6,46;3,96;103,97
15062008;Benevento;Benevento;1;56.043;25,90;31,52;79,14;31,75;38,85;41,25;28,02;276,43
15062009;Bonea;Benevento;1;1.372;17,79;13,15;71,91;40,86;28,94;34,15;12,74;219,54
15062010;Bucciano;Benevento;1;1.967;40,10;12,54;4,81;42,20;;;1,08;100,73
15062011;Buonalbergo;Benevento;1;1.507;20,64;12,51;30,67;21,53;4,61;56,58;;146,55
15062013;Campolattaro;Benevento;1;976;9,43;14,00;14,14;51,46;37,16;22,50;3,16;151,85
15062014;Campoli del Monte Taburno;Benevento;1;1.636;27,81;32,88;3,84;;1,54;57,90;0,67;124,64
15062015;Casalduni;Benevento;1;1.178;55,02;11,52;33,47;7,34;;29,80;1,29;138,44
15062016;Castelfranco in Miscano;Benevento;1;773;17,72;27,82;67,58;14,31;37,74;12,36;21,55;199,08
15062017;Castelpagano;Benevento;1;1.328;24,37;30,50;31,46;2,98;20,94;27,66;10,78;148,69
15062018;Castelpoto;Benevento;1;1.147;19,29;52,80;38,77;;16,71;27,69;9,63;164,88
15062019;Castelvenere;Benevento;1;2.389;116,72;8,88;;5,33;;3,91;2,81;142,47
15062020;Castelvetere in Val Fortore;Benevento;1;961;19,88;;56,87;13,29;5,97;19,60;2,39;118,00
15062021;Cautano;Benevento;1;1.897;4,81;15,90;8,35;57,73;10,16;17,13;1,40;115,48
15062022;Ceppaloni;Benevento;1;3.177;67,95;19,34;8,68;22,24;8,73;11,07;3,19;141,20
15062023;Cerreto Sannita;Benevento;1;3.585;12,19;9,61;61,32;2,09;34,92;0,84;;120,98
15062024;Circello;Benevento;1;2.138;13,44;10,76;41,25;24,82;10,75;6,08;9,72;116,82
15062026;Cusano Mutri;Benevento;1;3.746;92,65;12,45;;14,15;10,73;7,00;17,64;154,61
15062027;Dugenta;Benevento;1;2.647;16,74;32,00;49,42;15,07;11,54;8,33;2,55;135,64
15062028;Durazzano;Benevento;1;2.072;10,53;8,26;52,64;20,20;8,48;24,78;;124,89
15062029;Faicchio;Benevento;1;3.277;103,76;19,62;15,93;7,81;;14,99;22,17;184,28
15062030;Foglianise;Benevento;1;3.104;16,96;17,08;65,41;22,42;8,44;26,17;10,57;167,03
15062031;Foiano di Val Fortore;Benevento;1;1.322;10,18;36,35;;;23,72;24,47;;94,73
15062032;Forchia;Benevento;1;1.196;90,23;53,91;;;7,02;20,22;;179,58
15062033;Fragneto l'Abate;Benevento;1;938;36,25;33,05;;16,68;27,12;60,82;;173,92
15062034;Fragneto Monforte;Benevento;1;1.667;14,49;17,55;50,67;23,60;30,10;14,99;;151,40
15062035;Frasso Telesino;Benevento;1;2.000;22,04;24,97;47,82;21,14;12,02;4,43;11,70;144,14
15062036;Ginestra degli Schiavoni;Benevento;1;389;17,11;37,83;70,84;25,28;49,20;21,78;31,53;253,56
15062037;Guardia Sanframondi;Benevento;1;4.503;17,54;13,16;45,80;13,03;7,48;15,70;20,68;133,39
15062039;Melizzano;Benevento;1;1.688;13,26;42,72;38,34;2,01;;46,75;44,64;232,38
15062040;Moiano;Benevento;1;4.000;21,40;5,04;82,41;0,10;18,01;5,45;8,12;140,53
15062041;Molinara;Benevento;1;1.438;31,39;35,57;27,55;;27,90;15,18;3,53;141,13
15062042;Montefalcone di Val Fortore;Benevento;1;1.292;7,12;21,67;49,83;22,65;16,56;11,52;2,71;132,06
15062043;Montesarchio;Benevento;1;12.997;10,50;13,12;58,92;33,15;48,96;54,49;9,98;229,13
15062044;Morcone;Benevento;1;4.505;25,68;8,92;45,62;0,65;27,27;13,82;3,96;125,92
15062045;Paduli;Benevento;1;3.583;52,77;39,35;;;;4,69;22,50;122,52
15062046;Pago Veiano;Benevento;1;2.215;23,42;;78,33;;;1,12;;106,99
15062048;Paolisi;Benevento;1;1.954;105,89;22,28;;;10,92;22,49;15,41;176,99
15062049;Paupisi;Benevento;1;1.429;17,27;;52,89;;11,94;8,76;;90,85
15062050;Pesco Sannita;Benevento;1;1.835;18,81;20,60;37,85;12,79;9,82;13,33;;116,17
15062051;Pietraroja;Benevento;1;494;12,44;27,44;23,27;10,03;7,18;49,11;10,48;139,95
15062052;Pietrelcina;Benevento;1;2.886;5,71;14,47;33,66;30,97;7,85;5,84;20,53;119,03
15062053;Ponte;Benevento;1;2.400;17,52;;46,07;;15,55;5,22;;84,36
15062054;Pontelandolfo;Benevento;1;2.011;12,58;17,01;15,91;25,17;4,92;7,51;0,87;83,97
15062055;Puglianello;Benevento;1;1.298;19,05;7,30;88,88;22,35;19,05;4,12;8,73;178,34
15062056;Reino;Benevento;1;1.097;66,41;13,06;;24,66;;16,17;10,27;130,57
15062057;San Bartolomeo in Galdo;Benevento;1;4.299;18,30;30,25;51,41;27,16;9,91;31,75;3,43;172,21
15062058;San Giorgio del Sannio;Benevento;1;9.673;11,91;24,88;59,57;9,35;10,35;13,29;30,67;160,03
15062060;San Leucio del Sannio;Benevento;1;2.889;19,27;0,07;32,67;;;33,55;1,71;87,27
15062061;San Lorenzello;Benevento;1;2.115;12,11;53,96;48,45;12,72;21,54;17,16;5,68;177,05
15062063;San Lupo;Benevento;1;685;27,59;24,84;;;;83,63;4,19;140,25
15062064;San Marco dei Cavoti;Benevento;1;2.938;57,46;28,05;;;21,68;6,89;3,49;117,57
15062065;San Martino Sannita;Benevento;1;1.143;53,73;17,69;;22,28;;1,13;27,66;130,79
15062066;San Nazzaro;Benevento;1;825;19,90;20,44;38,14;18,33;6,19;31,15;25,98;160,14
15062067;San Nicola Manfredi;Benevento;1;3.458;41,29;22,11;;20,70;20,42;2,99;48,39;155,90
15062068;San Salvatore Telesino;Benevento;1;3.865;16,83;32,10;55,69;29,22;;15,77;31,80;181,42
15062069;Santa Croce del Sannio;Benevento;1;859;41,79;42,84;84,63;;;15,25;;184,52
15062070;Sant'Agata de' Goti;Benevento;1;10.230;7,72;28,10;66,58;26,50;22,19;21,71;23,43;196,81
15062071;Sant'Angelo a Cupolo;Benevento;1;4.024;9,05;69,45;29,20;;12,55;14,30;3,90;138,45
15062078;Sant'Arcangelo Trimonte;Benevento;1;463;142,51;12,32;;;4,77;22,96;4,51;187,08
15062072;Sassinoro;Benevento;1;634;17,91;13,13;54,54;;36,58;9,50;21,51;153,17
15062073;Solopaca;Benevento;1;3.444;25,74;;38,42;19,48;14,76;24,56;5,77;128,74
15062074;Telese Terme;Benevento;1;7.642;13,12;46,56;52,48;34,49;21,87;32,37;40,87;243,08
15062075;Tocco Caudio;Benevento;1;1.477;29,33;13,85;34,00;;;44,34;3,07;124,59
15062076;Torrecuso;Benevento;1;3.214;12,74;20,85;41,55;17,57;18,96;19,59;2,61;133,87
15062077;Vitulano;Benevento;1;2.713;2,67;22,20;57,40;13,41;10,79;34,38;1,16;142,01
03016001;Adrara San Martino;Bergamo;1;2.163;8,05;4,31;20,44;17,17;9,52;11,27;10,11;81,69
03016002;Adrara San Rocco;Bergamo;1;809;7,40;2,27;44,52;21,50;1,24;22,31;22,75;124,15
03016003;Albano Sant'Alessandro;Bergamo;1;8.243;6,43;8,30;22,72;17,74;10,26;24,29;5,93;96,99
03016004;Albino;Bergamo;1;17.523;2,33;2,65;26,44;19,69;6,55;8,50;6,81;73,55
03016248;Algua;Bergamo;1;682;18,86;13,56;34,11;20,49;29,73;33,30;14,72;166,84
03016005;Alme;Bergamo;1;5.506;5,10;4,56;28,40;34,02;16,60;16,10;22,66;129,40
03016006;Almenno San Bartolomeo;Bergamo;1;6.557;1,97;;28,52;15,25;10,23;11,85;4,48;73,20
03016007;Almenno San Salvatore;Bergamo;1;5.496;12,03;;26,41;20,54;3,26;23,15;4,48;89,87
03016008;Alzano Lombardo;Bergamo;1;13.459;6,40;;30,97;5,19;10,94;13,62;6,61;73,73
03016009;Ambivere;Bergamo;1;2.345;7,22;;21,55;17,57;7,24;20,77;29,58;103,93
03016010;Antegnate;Bergamo;1;3.267;6,08;;34,94;28,01;24,22;12,34;15,94;123,26
03016011;Arcene;Bergamo;1;4.954;8,47;6,00;24,64;19,15;3,63;21,30;7,61;93,24
03016012;Ardesio;Bergamo;1;3.305;9,26;;34,70;22,75;8,06;15,19;16,96;108,55
03016013;Arzago d'Adda;Bergamo;1;2.729;9,00;;26,72;25,08;11,66;15,86;5,91;96,02
03016014;Averara;Bergamo;1;178;59,68;17,69;29,54;12,62;47,01;19,73;4,52;191,98
03016015;Aviatico;Bergamo;1;580;18,62;9,69;92,15;32,21;49,58;50,55;31,63;287,62
03016016;Azzano San Paolo;Bergamo;1;7.617;5,56;2,67;26,60;20,98;8,69;11,25;9,15;87,51
03016017;Azzone;Bergamo;1;357;8,65;7,60;38,37;17,57;20,17;19,71;5,39;118,87
03016018;Bagnatica;Bergamo;1;4.504;6,67;2,50;24,79;19,94;16,64;14,07;21,24;108,63
03016019;Barbata;Bergamo;1;695;2,29;0,34;55,31;22,51;12,90;28,81;4,67;128,42
03016020;Bariano;Bergamo;1;4.237;5,06;;27,33;26,03;18,89;11,80;6,52;97,32
03016021;Barzana;Bergamo;1;2.020;2,40;;18,37;18,55;13,45;5,15;4,16;68,14
03016022;Bedulita;Bergamo;1;719;10,59;7,08;38,85;9,43;;19,15;6,62;92,74
03016023;Berbenno;Bergamo;1;2.455;7,61;2,96;21,17;12,30;1,88;9,62;5,36;61,73
03016024;Bergamo;Bergamo;1;120.504;16,58;;38,27;28,67;35,80;15,25;24,11;165,25
03016025;Berzo San Fermo;Bergamo;1;1.403;11,15;;46,79;22,23;1,66;15,66;7,74;106,17
03016026;Bianzano;Bergamo;1;618;11,07;;66,74;11,38;2,18;18,94;15,13;126,19
03016027;Blello;Bergamo;1;74;23,16;3,93;137,11;6,32;2,70;16,66;24,39;215,70
03016028;Bolgare;Bergamo;1;6.680;4,11;6,19;26,78;17,23;7,44;8,48;10,72;82,39
03016029;Boltiere;Bergamo;1;6.275;5,85;1,91;31,12;14,87;12,12;13,99;9,48;90,79
03016030;Bonate Sopra;Bergamo;1;10.461;5,62;6,52;29,86;10,84;5,03;12,49;3,38;74,36
03016031;Bonate Sotto;Bergamo;1;6.683;6,60;;23,78;20,04;10,61;14,35;8,89;87,56
03016032;Borgo di Terzo;Bergamo;1;1.195;6,72;;26,88;19,49;3,02;11,32;8,41;83,74
03016033;Bossico;Bergamo;1;969;10,96;;43,82;28,67;9,80;12,58;12,58;120,27
03016034;Bottanuco;Bergamo;1;5.079;6,77;;25,76;24,86;7,43;6,93;7,80;81,01
03016035;Bracca;Bergamo;1;709;18,82;13,18;38,75;20,81;18,02;32,57;31,29;175,50
03016036;Branzi;Bergamo;1;630;46,93;27,81;59,89;23,45;;73,98;67,34;326,97
03016037;Brembate;Bergamo;1;8.616;6,20;;26,67;28,78;10,06;15,45;6,13;95,51
03016038;Brembate di Sopra;Bergamo;1;7.985;6,79;;33,50;20,08;8,03;18,56;8,74;95,70
03016041;Brumano;Bergamo;1;129;18,49;4,10;49,05;15,22;;66,43;24,67;179,33
03016042;Brusaporto;Bergamo;1;5.632;5,12;4,97;29,35;17,86;7,07;7,75;6,74;80,22
03016043;Calcinate;Bergamo;1;6.212;5,98;1,14;29,43;10,09;10,59;9,67;8,66;76,68
03016044;Calcio;Bergamo;1;5.488;5,52;2,45;27,70;18,27;11,98;13,32;9,55;90,38
03016046;Calusco d'Adda;Bergamo;1;8.337;7,34;;28,68;27,05;22,43;12,56;6,75;106,61
03016047;Calvenzano;Bergamo;1;4.451;7,41;;29,50;20,31;16,26;14,91;5,55;95,29
03016048;Camerata Cornello;Bergamo;1;551;20,01;12,25;47,06;19,78;19,19;20,76;16,63;173,13
03016049;Canonica d'Adda;Bergamo;1;4.286;9,81;;36,71;27,58;14,26;20,88;10,64;122,70
03016050;Capizzone;Bergamo;1;1.208;12,01;12,87;25,39;16,77;0,83;18,06;17,41;104,74
03016051;Capriate San Gervasio;Bergamo;1;8.242;5,70;;33,11;23,74;9,74;15,50;15,00;102,80
03016052;Caprino Bergamasco;Bergamo;1;3.050;6,46;;25,98;31,13;6,01;6,35;6,51;86,31
03016053;Caravaggio;Bergamo;1;16.338;14,40;0,96;31,79;14,93;24,73;22,21;31,81;153,74
03016055;Carobbio degli Angeli;Bergamo;1;4.906;5,49;3,31;31,90;18,86;4,33;12,39;11,82;90,40
03016056;Carona;Bergamo;1;282;14,88;36,95;22,73;40,78;183,41;171,29;9,30;589,84
03016057;Carvico;Bergamo;1;4.661;7,07;;28,39;16,13;18,90;9,51;17,51;99,16
03016058;Casazza;Bergamo;1;3.789;11,72;;45,73;21,97;3,08;12,89;14,27;111,40
03016059;Casirate d'Adda;Bergamo;1;4.084;14,64;18,46;39,45;16,02;9,16;6,03;;103,75
03016060;Casnigo;Bergamo;1;3.041;5,97;;23,98;30,13;12,01;14,33;9,16;97,05
03016061;Cassiglio;Bergamo;1;104;39,50;15,90;46,32;15,21;13,13;14,47;28,36;192,58
03016063;Castel Rozzone;Bergamo;1;2.787;7,40;;36,06;27,39;13,09;11,90;8,65;107,38
03016062;Castelli Calepio;Bergamo;1;10.381;6,56;5,08;26,24;20,72;7,89;11,15;13,64;91,28
03016064;Castione della Presolana;Bergamo;1;3.283;17,93;;72,04;53,67;51,30;22,43;37,65;269,80
03016065;Castro;Bergamo;1;1.211;5,56;;1,54;56,21;13,96;22,63;12,34;115,33
03016066;Cavernago;Bergamo;1;2.868;3,38;4,87;26,00;24,34;5,84;25,05;10,86;100,34
03016067;Cazzano Sant'Andrea;Bergamo;1;1.686;3,89;;32,28;20,09;3,10;7,49;5,18;72,73
03016068;Cenate Sopra;Bergamo;1;2.527;10,99;;44,42;20,48;4,52;12,10;15,41;109,57
03016069;Cenate Sotto;Bergamo;1;3.919;5,72;1,76;20,62;21,54;11,61;14,90;13,09;90,66
03016070;Cene;Bergamo;1;4.062;5,62;3,87;17,12;10,66;11,32;24,23;13,85;87,78
03016071;Cerete;Bergamo;1;1.645;8,67;;25,63;23,77;16,76;32,57;17,40;126,16
03016072;Chignolo d'Isola;Bergamo;1;3.402;4,91;;22,26;27,45;7,13;8,07;4,81;75,86
03016073;Chiuduno;Bergamo;1;6.183;3,50;2,29;31,84;19,84;6,00;14,74;17,81;98,32
03016074;Cisano Bergamasco;Bergamo;1;6.218;10,03;;36,88;30,13;7,76;10,93;8,70;106,28
03016075;Ciserano;Bergamo;1;5.678;5,77;;27,95;41,02;46,45;14,79;19,94;158,62
03016076;Cividate al Piano;Bergamo;1;5.035;5,85;1,98;25,27;16,44;13,78;10,53;14,42;89,51
03016077;Clusone;Bergamo;1;8.629;7,93;0,12;31,52;32,00;29,55;20,41;9,62;133,20
03016078;Colere;Bergamo;1;1.095;10,79;;81,42;22,98;33,98;27,69;15,86;194,46
03016079;Cologno al Serio;Bergamo;1;11.124;7,34;2,34;29,42;16,16;5,79;15,59;19,11;98,40
03016080;Colzate;Bergamo;1;1.619;4,98;;29,69;71,62;21,48;30,60;10,17;170,75
03016081;Comun Nuovo;Bergamo;1;4.434;3,93;5,50;24,84;18,63;11,81;12,79;12,79;92,44
03016082;Corna Imagna;Bergamo;1;918;13,67;10,29;15,57;6,71;5,55;12,24;6,69;90,10
03016249;Cornalba;Bergamo;1;297;37,78;9,34;92,22;12,06;;31,86;38,02;270,54
03016083;Cortenuova;Bergamo;1;1.989;13,02;14,62;40,13;29,74;20,33;24,26;;142,11
03016084;Costa di Mezzate;Bergamo;1;3.432;4,99;4,77;46,50;9,40;5,30;8,68;13,23;97,79
03016247;Costa Serina;Bergamo;1;894;19,38;12,64;32,14;22,37;16,87;23,00;37,54;166,07
03016085;Costa Valle Imagna;Bergamo;1;560;15,21;17,20;42,83;24,24;2,63;38,09;10,03;152,39
03016086;Costa Volpino;Bergamo;1;8.785;11,44;;45,75;29,36;6,96;28,39;23,14;147,08
03016087;Covo;Bergamo;1;4.344;5,95;1,76;27,10;19,63;7,97;11,32;12,20;88,30
03016088;Credaro;Bergamo;1;3.526;5,08;5,95;33,62;20,02;9,90;13,07;8,93;98,89
03016089;Curno;Bergamo;1;7.537;7,15;5,87;28,26;19,00;6,81;8,93;8,32;86,32
03016090;Cusio;Bergamo;1;204;125,54;34,34;32,48;31,27;30,81;25,08;6,74;288,07
03016091;Dalmine;Bergamo;1;23.618;2,79;5,58;21,76;13,94;15,02;4,81;3,71;68,25
03016092;Dossena;Bergamo;1;883;19,57;11,83;51,22;21,62;5,57;51,32;15,60;202,25
03016093;Endine Gaiano;Bergamo;1;3.452;7,58;;30,73;39,89;5,52;9,29;11,73;106,36
03016096;Fara Gera d'Adda;Bergamo;1;8.007;5,65;;22,72;23,55;14,12;7,96;7,30;83,73
03016097;Fara Olivana con Sola;Bergamo;1;1.365;8,85;;21,90;31,93;30,07;13,54;11,18;118,18
03016098;Filago;Bergamo;1;3.050;5,99;;36,77;22,35;6,90;21,84;8,27;102,11
03016099;Fino del Monte;Bergamo;1;1.142;7,92;;31,84;22,94;26,75;36,87;17,50;145,69
03016100;Fiorano al Serio;Bergamo;1;2.937;1,93;;26,39;14,96;15,08;14,23;6,09;82,32
03016101;Fontanella;Bergamo;1;4.882;6,28;0,12;36,17;22,88;13,00;12,54;10,73;103,06
03016102;Fonteno;Bergamo;1;567;14,56;13,06;;58,25;27,86;41,92;9,46;167,03
03016103;Foppolo;Bergamo;1;155;185,15;46,59;156,84;33,94;206,79;581,32;104,35;1.481,23
03016104;Foresto Sparso;Bergamo;1;3.095;5,31;4,63;25,53;14,86;2,91;7,00;7,11;72,24
03016105;Fornovo San Giovanni;Bergamo;1;3.409;7,69;;30,92;28,82;17,41;15,90;7,13;107,89
03016106;Fuipiano Valle Imagna;Bergamo;1;209;33,33;15,02;72,11;44,89;30,37;45,98;18,22;316,19
03016107;Gandellino;Bergamo;1;964;12,05;;33,96;24,93;22,40;34,40;12,82;142,20
03016108;Gandino;Bergamo;1;5.155;13,60;10,61;35,56;14,28;10,04;7,48;0,49;92,06
03016109;Gandosso;Bergamo;1;1.452;6,46;4,71;28,36;14,11;14,84;15,68;6,05;91,40
03016110;Gaverina Terme;Bergamo;1;882;8,88;;54,81;9,01;13,22;9,37;11,13;107,61
03016111;Gazzaniga;Bergamo;1;4.935;;15,55;31,61;;15,82;39,03;1,62;107,42
03016113;Ghisalba;Bergamo;1;6.149;7,13;;33,88;29,55;12,13;19,36;13,69;117,43
03016114;Gorlago;Bergamo;1;5.160;6,22;2,49;28,71;18,23;6,74;11,04;9,23;85,03
03016115;Gorle;Bergamo;1;6.564;4,93;2,17;28,43;11,01;21,88;17,64;5,44;92,32
03016116;Gorno;Bergamo;1;1.476;3,70;;15,87;38,95;27,70;13,59;18,68;119,36
03016117;Grassobbio;Bergamo;1;6.520;4,10;7,78;30,72;24,65;11,68;34,59;41,86;155,38
03016118;Gromo;Bergamo;1;1.137;10,22;;40,13;28,63;;9,57;7,51;97,77
03016119;Grone;Bergamo;1;915;11,84;;47,24;36,66;0,62;38,50;41,62;178,55
03016120;Grumello del Monte;Bergamo;1;7.533;4,85;9,91;31,01;26,60;7,10;11,87;13,87;105,21
03016121;Isola di Fondra;Bergamo;1;172;80,73;30,37;93,35;39,31;18,08;43,14;80,47;415,86
03016122;Isso;Bergamo;1;593;13,46;2,70;54,09;44,25;44,72;26,31;16,56;205,22
03016123;Lallio;Bergamo;1;4.148;18,77;;21,53;27,13;21,36;13,62;8,41;112,54
03016124;Leffe;Bergamo;1;4.336;16,32;17,69;28,41;8,49;20,82;12,23;4,49;108,46
03016125;Lenna;Bergamo;1;555;6,14;16,83;105,30;29,00;5,15;21,70;48,90;233,02
03016126;Levate;Bergamo;1;3.720;3,79;9,76;20,11;13,67;7,17;18,89;8,20;82,45
03016127;Locatello;Bergamo;1;825;11,99;10,93;21,53;16,33;;9,54;9,12;100,74
03016128;Lovere;Bergamo;1;5.001;15,42;;67,82;20,06;25,42;33,88;27,89;192,95
03016129;Lurano;Bergamo;1;2.884;9,84;;35,88;28,74;5,92;21,94;8,93;113,28
03016130;Luzzana;Bergamo;1;899;6,64;;26,55;19,25;2,98;5,38;5,40;80,73
03016131;Madone;Bergamo;1;4.161;4,94;;30,61;16,37;5,65;20,41;21,91;99,88
03016132;Mapello;Bergamo;1;6.946;7,73;;32,93;23,55;16,07;12,91;5,20;101,44
03016133;Martinengo;Bergamo;1;10.966;4,50;1,76;21,22;16,68;7,67;9,10;20,51;85,62
03016250;Medolago;Bergamo;1;2.349;8,48;;23,07;0,79;5,15;33,48;3,66;74,63
03016134;Mezzoldo;Bergamo;1;163;8,12;18,22;58,87;23,77;25,04;19,33;46,22;320,59
03016135;Misano di Gera d'Adda;Bergamo;1;2.970;6,88;;36,75;27,59;13,25;14,61;7,15;107,69
03016136;Moio de' Calvi;Bergamo;1;207;53,10;6,46;137,94;14,39;39,00;28,82;63,12;344,40
03016137;Monasterolo del Castello;Bergamo;1;1.142;12,21;;48,83;27,58;22,22;27,01;12,79;154,57
03016139;Montello;Bergamo;1;3.220;6,22;12,38;11,37;26,55;3,85;19,43;0,74;82,33
03016140;Morengo;Bergamo;1;2.481;6,21;;32,84;23,75;24,66;19,53;6,06;114,55
03016141;Mornico al Serio;Bergamo;1;2.959;4,42;2,22;28,48;12,92;4,27;10,80;8,81;76,91
03016142;Mozzanica;Bergamo;1;4.377;6,09;;34,13;24,95;6,13;13,57;9,03;95,38
03016143;Mozzo;Bergamo;1;7.263;6,72;4,57;27,04;15,35;9,17;10,89;7,34;86,57
03016144;Nembro;Bergamo;1;11.228;5,30;;30,72;4,95;16,89;19,92;2,68;81,02
03016145;Olmo al Brembo;Bergamo;1;473;32,48;15,16;36,19;16,40;10,59;9,92;13,65;146,56
03016146;Oltre il Colle;Bergamo;1;948;21,77;18,86;107,43;26,05;1,22;29,97;22,41;254,50
03016147;Oltressenda Alta;Bergamo;1;136;39,81;41,68;36,49;;;52,93;17,76;190,84
03016148;Oneta;Bergamo;1;558;6,30;;39,06;26,27;;29,13;8,01;110,29
03016149;Onore;Bergamo;1;937;11,43;;45,94;55,32;53,27;106,08;15,57;293,28
03016150;Orio al Serio;Bergamo;1;1.637;45,23;27,13;134,91;163,52;10,97;52,60;20,10;454,46
03016151;Ornica;Bergamo;1;133;46,03;18,39;53,96;14,47;31,20;10,75;4,42;207,38
03016152;Osio Sopra;Bergamo;1;5.168;4,77;7,33;31,02;16,29;3,69;13,87;6,89;88,74
03016153;Osio Sotto;Bergamo;1;12.716;4,67;9,10;27,01;19,21;13,64;16,20;15,06;107,19
03016154;Pagazzano;Bergamo;1;2.130;8,65;;27,63;28,17;11,62;22,46;27,58;127,83
03016155;Paladina;Bergamo;1;3.945;7,83;9,32;11,28;5,16;1,63;39,46;;74,68
03016156;Palazzago;Bergamo;1;4.555;2,00;;13,45;15,45;11,04;6,04;3,77;52,68
03016157;Palosco;Bergamo;1;5.719;9,21;;23,20;28,81;;2,55;1,97;66,18
03016158;Parre;Bergamo;1;2.682;6,53;;23,24;24,60;4,10;13,60;6,47;79,80
03016159;Parzanica;Bergamo;1;339;18,66;15,12;53,51;13,66;60,85;30,37;16,42;340,43
03016160;Pedrengo;Bergamo;1;5.902;7,41;1,89;37,52;20,48;11,36;14,82;27,60;122,78
03016162;Pianico;Bergamo;1;1.439;10,43;;45,60;11,93;3,47;17,66;8,18;98,72
03016163;Piario;Bergamo;1;995;5,85;;23,51;30,99;11,73;24,08;8,07;105,68
03016164;Piazza Brembana;Bergamo;1;1.186;16,69;;46,02;25,43;33,92;18,16;0,06;142,30
03016165;Piazzatorre;Bergamo;1;393;21,98;30,42;32,36;39,91;43,94;57,25;8,54;354,69
03016166;Piazzolo;Bergamo;1;85;113,55;30,52;48,64;20,47;30,65;14,46;7,69;293,06
03016167;Pognano;Bergamo;1;1.548;5,18;9,20;40,45;20,15;32,54;19,99;9,93;137,44
03016168;Ponte Nossa;Bergamo;1;1.691;10,10;;37,35;26,44;9,40;17,94;7,37;110,30
03016170;Ponte San Pietro;Bergamo;1;11.911;7,16;0,76;28,76;22,28;20,68;14,22;7,36;107,10
03016169;Ponteranica;Bergamo;1;6.693;6,78;;21,89;19,37;4,40;24,51;1,06;78,01
03016171;Pontida;Bergamo;1;3.245;8,59;;32,46;30,83;;11,89;11,72;97,16
03016172;Pontirolo Nuovo;Bergamo;1;4.913;8,25;;38,64;28,54;11,21;13,08;8,67;110,07
03016173;Pradalunga;Bergamo;1;4.526;7,10;;17,05;10,03;10,66;8,06;3,93;56,83
03016174;Predore;Bergamo;1;1.864;6,89;7,97;33,54;17,30;11,36;17,54;11,35;108,84
03016175;Premolo;Bergamo;1;1.053;9,95;;31,32;15,98;;15,00;4,79;87,78
03016176;Presezzo;Bergamo;1;4.767;4,82;14,03;22,82;13,02;9,76;16,73;6,51;91,26
03016177;Pumenengo;Bergamo;1;1.705;6,16;;25,64;26,60;9,47;9,80;11,86;91,02
03016178;Ranica;Bergamo;1;5.892;6,50;;28,15;4,95;21,26;9,67;7,68;78,21
03016179;Ranzanico;Bergamo;1;1.263;12,71;;51,99;20,87;5,99;26,21;10,14;129,71
03016180;Riva di Solto;Bergamo;1;856;17,16;;68,65;15,30;2,06;19,18;13,00;137,63
03016182;Rogno;Bergamo;1;3.823;9,51;;40,00;29,92;5,17;13,17;9,17;113,64
03016183;Romano di Lombardia;Bergamo;1;20.755;4,82;;22,98;27,93;18,86;15,75;7,22;99,14
03016184;Roncobello;Bergamo;1;432;58,60;19,63;46,94;24,51;7,58;19,69;45,20;231,26
03016185;Roncola;Bergamo;1;926;7,48;;43,04;25,79;27,05;32,93;17,46;155,51
03016186;Rota d'Imagna;Bergamo;1;908;11,31;21,02;47,24;12,64;5,41;33,49;8,15;140,85
03016187;Rovetta;Bergamo;1;4.116;7,71;;32,43;21,87;26,08;17,95;7,06;115,11
03016188;San Giovanni Bianco;Bergamo;1;4.589;16,91;14,31;29,28;13,13;3,89;17,93;12,57;108,76
03016189;San Paolo d'Argon;Bergamo;1;5.903;4,31;3,99;32,71;22,73;12,86;12,86;10,12;101,45
03016190;San Pellegrino Terme;Bergamo;1;4.647;7,11;15,03;38,38;7,34;7,94;15,50;7,87;102,70
03016191;Santa Brigida;Bergamo;1;516;55,10;15,80;40,67;21,75;18,14;33,61;25,96;213,54
03016252;Sant'Omobono Terme;Bergamo;1;3.896;5,97;8,82;29,69;21,17;11,03;8,38;15,10;101,43
03016193;Sarnico;Bergamo;1;6.858;8,67;6,02;39,64;23,58;24,66;21,42;13,53;139,90
03016194;Scanzorosciate;Bergamo;1;9.933;6,74;;16,15;24,38;7,41;18,08;6,40;80,56
03016195;Schilpario;Bergamo;1;1.115;11,67;;56,19;35,89;38,06;19,65;9,28;172,55
03016196;Sedrina;Bergamo;1;2.351;5,32;6,50;34,09;21,84;4,60;13,22;7,69;94,80
03016197;Selvino;Bergamo;1;1.994;23,79;;65,11;68,76;67,01;43,10;13,66;281,44
03016198;Seriate;Bergamo;1;25.560;5,46;;30,62;26,69;11,02;6,30;10,07;91,12
03016199;Serina;Bergamo;1;2.058;20,35;10,75;103,03;28,42;5,03;26,47;65,28;262,95
03016251;Solza;Bergamo;1;1.975;7,25;;33,20;22,48;12,21;15,46;8,68;100,98
03016201;Songavazzo;Bergamo;1;717;8,92;49,33;31,75;36,51;76,33;38,86;14,19;258,91
03016202;Sorisole;Bergamo;1;8.843;7,61;;30,43;23,31;6,69;7,58;7,84;90,16
03016203;Sotto il Monte Giovanni XXIII;Bergamo;1;4.368;5,14;;22,54;15,60;3,73;23,70;9,72;80,44
03016204;Sovere;Bergamo;1;5.306;11,05;;49,83;11,22;3,56;11,89;10,17;99,23
03016206;Spirano;Bergamo;1;5.644;6,08;2,81;44,37;18,91;4,99;12,96;8,20;100,77
03016207;Stezzano;Bergamo;1;13.653;6,20;10,81;31,50;14,70;4,60;5,55;5,50;79,74
03016208;Strozza;Bergamo;1;1.118;7,67;5,48;30,69;22,36;0,46;9,80;23,46;101,23
03016209;Suisio;Bergamo;1;3.778;7,45;;35,05;23,11;10,59;13,33;20,79;111,98
03016210;Taleggio;Bergamo;1;519;30,95;22,69;52,00;25,37;;21,19;15,59;170,97
03016211;Tavernola Bergamasca;Bergamo;1;1.934;8,96;7,74;39,71;18,81;11,84;26,96;9,35;131,88
03016212;Telgate;Bergamo;1;5.030;6,04;2,29;28,72;18,36;8,76;11,64;11,24;89,10
03016213;Terno d'Isola;Bergamo;1;8.005;9,27;;34,30;14,67;6,80;13,13;7,44;91,19
03016214;Torre Boldone;Bergamo;1;8.736;3,16;;31,41;18,43;7,39;8,12;0,92;70,05
03016215;Torre de' Busi;Bergamo;1;2.258;3,78;;24,10;31,31;;10,87;13,36;83,83
03016216;Torre de' Roveri;Bergamo;1;2.572;5,71;6,22;28,65;19,56;7,74;11,69;27,44;108,51
03016217;Torre Pallavicina;Bergamo;1;1.122;2,67;;43,75;9,27;10,75;20,88;17,83;107,86
03016218;Trescore Balneario;Bergamo;1;9.935;7,59;;30,55;20,86;8,59;11,27;12,06;92,36
03016219;Treviglio;Bergamo;1;31.095;0,01;;35,37;34,14;44,54;9,01;17,41;144,25
03016220;Treviolo;Bergamo;1;10.845;7,76;8,61;21,80;12,55;10,82;27,49;6,94;95,97
03016221;Ubiale Clanezzo;Bergamo;1;1.303;9,50;9,62;26,38;15,38;2,59;15,25;11,51;95,10
03016222;Urgnano;Bergamo;1;10.069;3,21;4,12;20,60;19,38;7,04;8,98;2,35;66,40
03016253;Val Brembilla;Bergamo;1;4.122;7,31;9,41;28,96;16,17;7,84;13,10;16,21;100,41
03016223;Valbondione;Bergamo;1;953;21,94;;66,96;37,62;;22,52;32,55;184,26
03016224;Valbrembo;Bergamo;1;4.352;6,90;;32,80;24,99;15,90;15,54;13,39;111,16
03016225;Valgoglio;Bergamo;1;571;5,30;;33,74;25,84;16,68;15,05;4,89;102,81
03016226;Valleve;Bergamo;1;124;10,67;21,33;172,02;24,40;317,13;354,12;95,50;997,04
03016227;Valnegra;Bergamo;1;202;36,67;3,76;48,73;10,12;6,64;118,79;2,96;228,46
03016229;Valtorta;Bergamo;1;236;5,94;19,01;51,71;47,94;36,15;20,99;4,57;210,85
03016230;Vedeseta;Bergamo;1;201;21,24;14,34;44,13;18,65;;31,84;49,36;181,66
03016232;Verdellino;Bergamo;1;7.630;21,84;;5,77;18,75;26,09;9,93;7,64;91,51
03016233;Verdello;Bergamo;1;8.162;3,85;;17,61;21,74;15,12;13,41;16,35;90,28
03016234;Vertova;Bergamo;1;4.349;4,28;0,28;41,69;15,32;12,05;12,20;6,66;95,19
03016235;Viadanica;Bergamo;1;1.107;8,86;4,64;33,02;20,15;1,91;21,08;14,09;105,30
03016236;Vigano San Martino;Bergamo;1;1.333;6,71;;26,86;19,47;3,02;12,74;6,60;84,10
03016237;Vigolo;Bergamo;1;572;21,90;9,59;44,98;10,29;52,28;24,66;21,09;209,51
03016238;Villa d'Adda;Bergamo;1;4.594;11,28;;34,36;24,46;5,02;14,68;6,26;97,72
03016239;Villa d'Alme;Bergamo;1;6.479;9,00;;22,70;21,75;16,66;12,40;18,05;101,80
03016240;Villa di Serio;Bergamo;1;6.591;4,44;4,10;19,00;14,32;5,68;4,60;7,82;59,97
03016241;Villa d'Ogna;Bergamo;1;1.778;5,10;;23,29;27,68;3,15;20,16;11,51;92,15
03016242;Villongo;Bergamo;1;8.150;5,54;3,69;31,13;21,15;5,42;9,46;8,33;86,56
03016243;Vilminore di Scalve;Bergamo;1;1.432;17,27;;42,17;17,24;19,69;29,92;8,99;136,90
03016244;Zandobbio;Bergamo;1;2.696;4,49;5,15;19,26;23,68;9,06;16,71;13,33;93,38
03016245;Zanica;Bergamo;1;8.674;5,64;5,77;24,50;12,96;6,07;12,98;13,15;83,59
03016246;Zogno;Bergamo;1;8.568;9,84;23,39;36,44;6,78;24,10;10,17;;110,72
01096001;Ailoche;Biella;1;300;47,95;27,46;8,64;1,95;10,02;19,88;0,77;121,68
01096002;Andorno Micca;Biella;1;2.990;26,49;18,33;48,02;0,69;21,49;28,57;3,66;150,93
01096003;Benna;Biella;1;1.147;28,01;32,75;55,98;5,81;11,04;13,51;14,18;161,27
01096004;Biella;Biella;1;42.953;27,06;15,02;36,94;8,11;24,88;73,55;45,32;230,87
01096005;Bioglio;Biella;1;912;53,82;26,92;30,27;24,18;;46,35;0,25;181,79
01096006;Borriana;Biella;1;860;30,63;18,29;39,86;6,19;2,33;19,93;6,13;129,18
01096007;Brusnengo;Biella;1;1.910;33,10;17,00;63,00;3,08;1,00;19,03;0,41;137,91
01096008;Callabiana;Biella;1;139;63,28;53,88;5,13;49,86;0,70;27,96;0,37;222,75
01096009;Camandona;Biella;1;308;88,20;49,41;50,07;5,31;8,05;33,00;16,27;250,31
01096010;Camburzano;Biella;1;1.108;18,25;20,83;38,25;4,02;6,15;36,13;0,34;125,76
01096086;Campiglia Cervo;Biella;1;500;106,60;41,37;58,87;1,83;;32,53;48,61;295,82
01096012;Candelo;Biella;1;7.248;22,66;16,37;44,17;4,16;12,90;24,64;17,86;145,52
01096013;Caprile;Biella;1;187;70,43;37,89;39,85;11,95;8,23;44,24;0,47;223,75
01096014;Casapinta;Biella;1;376;42,78;16,15;27,74;7,50;24,73;27,71;0,22;152,16
01096015;Castelletto Cervo;Biella;1;781;34,78;22,35;40,16;14,64;;63,11;0,28;177,88
01096016;Cavaglia;Biella;1;3.519;20,69;28,73;43,38;2,68;8,68;31,88;0,48;136,51
01096018;Cerrione;Biella;1;2.757;14,65;22,92;14,50;12,51;3,63;17,49;0,46;90,53
01096019;Coggiola;Biella;1;1.634;44,28;20,97;24,47;7,56;4,17;16,64;0,41;118,51
01096020;Cossato;Biella;1;13.869;16,05;10,07;27,17;14,98;19,75;37,81;21,61;147,44
01096021;Crevacuore;Biella;1;1.363;53,23;31,07;27,24;8,77;15,19;22,75;4,05;162,30
01096023;Curino;Biella;1;478;61,61;35,96;17,35;5,71;;32,04;0,25;162,34
01096024;Donato;Biella;1;689;27,08;27,16;31,01;6,68;18,91;38,98;10,93;162,93
01096025;Dorzano;Biella;1;534;54,69;51,52;17,84;5,17;;54,23;0,21;189,27
01096026;Gaglianico;Biella;1;3.810;17,68;14,36;29,83;6,47;10,02;33,70;24,79;136,84
01096027;Gifflenga;Biella;1;101;21,17;50,18;34,00;8,17;;57,70;0,42;171,63
01096028;Graglia;Biella;1;1.437;48,77;38,71;30,11;6,95;8,60;40,68;12,69;187,56
01096085;lessona;Biella;1;2.601;20,97;20,77;46,60;9,56;;13,08;0,31;113,60
01096030;Magnano;Biella;1;345;72,68;31,33;13,71;3,74;13,88;48,24;0,26;198,34
01096031;Massazza;Biella;1;582;40,41;28,66;20,93;4,56;;34,78;0,26;129,61
01096032;Masserano;Biella;1;1.888;36,52;25,91;45,92;5,24;3,60;38,00;2,37;157,57
01096033;Mezzana Mortigliengo;Biella;1;475;49,52;35,23;38,20;4,07;0,57;74,28;0,02;201,89
01096034;Miagliano;Biella;1;539;24,43;20,28;58,19;4,04;2,23;18,63;14,09;141,88
01096035;Mongrando;Biella;1;3.602;24,80;13,83;35,38;8,87;10,43;19,49;0,42;114,62
01096037;Mottalciata;Biella;1;1.297;26,04;20,14;49,20;9,22;5,23;13,92;1,30;125,06
01096038;Muzzano;Biella;1;572;50,30;26,89;51,66;9,57;;43,01;5,75;195,03
01096039;Netro;Biella;1;937;31,27;32,13;11,96;5,11;;45,40;10,76;136,63
01096040;Occhieppo Inferiore;Biella;1;3.748;10,45;19,00;33,06;12,30;0,84;15,29;0,45;92,73
01096041;Occhieppo Superiore;Biella;1;2.578;15,14;16,23;58,83;16,04;3,96;20,33;0,42;137,53
01096042;Pettinengo;Biella;1;1.452;36,18;20,41;37,13;5,32;1,87;21,37;0,13;125,17
01096043;Piatto;Biella;1;472;39,43;37,36;11,39;8,55;;83,63;0,31;180,68
01096044;Piedicavallo;Biella;1;169;101,79;93,75;27,99;7,37;;31,71;14,01;300,28
01096046;Pollone;Biella;1;1.982;23,73;28,31;35,21;13,31;5,56;25,39;0,35;141,95
01096047;Ponderano;Biella;1;3.669;19,01;31,03;55,10;13,53;5,54;20,69;8,44;159,88
01096048;Portula;Biella;1;1.113;32,27;12,70;58,74;16,70;2,04;27,96;5,01;155,41
01096049;Pralungo;Biella;1;2.271;19,41;15,88;59,12;9,97;1,32;8,10;3,44;118,34
01096050;Pray;Biella;1;1.995;29,35;19,18;55,38;20,90;5,02;18,35;0,67;149,86
01096087;Quaregna Cerreto;Biella;1;2.040;43,33;39,79;30,29;16,74;8,60;17,01;0,31;156,06
01096053;Ronco Biellese;Biella;1;1.430;28,41;12,29;61,64;12,18;2,17;15,56;0,30;133,60
01096054;Roppolo;Biella;1;831;36,61;24,65;17,86;6,59;18,04;14,99;0,35;124,50
01096055;Rosazza;Biella;1;97;169,84;68,30;35,40;16,70;20,29;123,81;5,89;440,23
01096056;Sagliano Micca;Biella;1;1.551;21,37;14,45;46,00;3,25;4,70;27,04;3,25;120,06
01096057;Sala Biellese;Biella;1;540;24,66;40,61;31,68;6,81;;39,94;6,48;150,17
01096058;Salussola;Biella;1;1.829;24,26;17,18;56,19;10,22;2,19;18,21;0,32;128,57
01096059;Sandigliano;Biella;1;2.581;18,02;22,63;45,39;13,05;1,91;20,41;0,33;121,73
01096063;Sordevolo;Biella;1;1.270;29,00;33,99;26,60;8,27;9,47;22,49;3,44;141,12
01096064;Sostegno;Biella;1;733;52,51;19,82;21,22;19,07;5,62;17,61;0,41;138,99
01096065;Strona;Biella;1;939;35,19;23,71;37,54;10,43;;23,70;0,33;130,90
01096066;Tavigliano;Biella;1;901;34,95;2,83;29,63;3,03;9,78;24,70;0,22;119,20
01096067;Ternengo;Biella;1;256;50,15;19,31;33,41;13,18;1,50;36,79;0,44;162,59
01096068;Tollegno;Biella;1;2.361;24,93;17,69;57,30;12,87;2,78;16,46;0,84;134,14
01096069;Torrazzo;Biella;1;203;57,94;27,45;17,56;25,20;3,67;100,34;11,54;283,10
01096071;Valdengo;Biella;1;2.353;19,99;18,28;57,55;14,38;6,77;17,17;16,28;150,42
01096088;Valdilana;Biella;1;10.039;45,95;28,42;33,71;1,37;19,14;15,66;0,09;151,82
01096072;Vallanzengo;Biella;1;199;8,55;8,35;48,53;6,86;24,05;53,41;13,79;163,54
01096074;Valle San Nicolao;Biella;1;837;35,88;17,50;36,00;9,02;2,63;20,00;0,24;143,97
01096075;Veglio;Biella;1;470;27,92;38,57;48,39;6,61;0,74;43,69;0,01;185,07
01096076;Verrone;Biella;1;1.172;21,44;31,43;44,62;20,75;4,39;17,42;1,16;143,77
01096077;Vigliano Biellese;Biella;1;7.581;42,98;22,43;40,57;10,07;20,98;58,09;32,35;231,45
01096078;Villa del Bosco;Biella;1;308;59,17;35,95;37,03;19,58;;98,12;2,87;275,44
01096079;Villanova Biellese;Biella;1;175;21,38;37,30;25,92;9,51;5,73;40,70;0,93;187,19
01096080;Viverone;Biella;1;1.340;41,42;44,58;69,63;10,96;5,72;30,57;2,43;205,31
01096081;Zimone;Biella;1;377;34,93;23,78;31,28;4,30;15,42;42,85;21,52;179,38
01096082;Zubiena;Biella;1;1.136;42,86;20,03;18,48;7,22;9,46;20,11;14,02;137,03
01096083;Zumaglia;Biella;1;961;47,03;14,70;60,75;5,37;2,67;36,48;0,30;167,30
08037062;Alto Reno Terme;Bologna;1;7.053;22,44;45,57;19,09;26,23;27,05;19,83;34,65;196,58
08037001;Anzola dell'Emilia;Bologna;1;12.363;13,14;8,87;61,67;22,21;15,98;41,29;13,19;176,34
08037002;Argelato;Bologna;1;9.653;18,88;10,84;58,11;22,37;17,26;40,93;15,18;183,57
08037003;Baricella;Bologna;1;7.138;14,20;10,30;52,87;20,24;10,32;15,68;15,98;141,21
08037005;Bentivoglio;Bologna;1;5.783;23,53;22,10;116,01;45,99;14,23;27,46;25,48;278,12
08037006;Bologna;Bologna;1;390.518;19,37;30,20;62,40;23,01;44,31;26,39;39,63;259,02
08037007;Borgo Tossignano;Bologna;1;3.185;11,74;15,26;35,73;27,55;3,38;10,97;50,87;158,24
08037008;Budrio;Bologna;1;18.362;9,00;7,33;76,29;32,96;17,58;16,08;18,97;181,58
08037009;Calderara di Reno;Bologna;1;13.654;23,91;13,43;51,98;20,33;11,65;45,52;4,80;171,62
08037010;Camugnano;Bologna;1;1.869;42,87;71,91;19,70;30,90;2,33;46,66;33,32;251,65
08037011;Casalecchio di Reno;Bologna;1;35.531;16,15;10,76;50,19;17,73;15,44;15,11;24,23;150,71
08037012;Casalfiumanese;Bologna;1;3.381;9,51;22,10;28,53;29,45;3,93;11,65;63,43;171,54
08037013;Castel d'Aiano;Bologna;1;1.906;16,33;56,92;17,45;29,19;11,72;31,59;22,15;189,38
08037014;Castel del Rio;Bologna;1;1.204;7,42;15,38;32,47;39,52;3,97;10,92;61,20;176,60
08037015;Castel di Casio;Bologna;1;3.338;5,64;48,71;5,82;49,76;20,81;19,82;28,21;181,26
08037016;Castel Guelfo di Bologna;Bologna;1;4.507;16,06;10,24;75,06;42,04;12,05;22,38;32,47;213,06
08037019;Castel Maggiore;Bologna;1;18.504;15,41;11,75;55,42;20,40;12,72;38,00;19,19;172,89
08037020;Castel San Pietro Terme;Bologna;1;20.713;9,81;19,47;52,56;33,26;14,87;13,74;28,58;173,90
08037017;Castello d'Argile;Bologna;1;6.627;8,75;5,78;47,84;19,37;1,19;27,42;22,61;134,67
08037021;Castenaso;Bologna;1;16.382;15,71;15,71;39,02;32,05;15,92;23,24;15,18;158,43
08037022;Castiglione dei Pepoli;Bologna;1;5.457;20,02;62,30;14,03;28,74;15,97;19,56;48,82;211,57
08037024;Crevalcore;Bologna;1;13.952;16,59;13,63;60,09;23,51;14,49;30,42;4,68;163,39
08037025;Dozza;Bologna;1;6.562;23,44;10,80;80,91;29,51;10,01;14,43;16,95;190,23
08037026;Fontanelice;Bologna;1;1.911;1,37;15,92;12,81;24,51;17,66;15,34;70,23;161,66
08037027;Gaggio Montano;Bologna;1;4.834;9,96;55,43;17,90;35,15;16,41;36,01;32,34;205,65
08037028;Galliera;Bologna;1;5.629;10,98;8,57;60,38;24,61;10,38;15,12;10,25;142,12
08037030;Granarolo dell'Emilia;Bologna;1;12.896;13,10;10,85;42,50;33,33;11,37;18,33;17,80;149,19
08037031;Grizzana Morandi;Bologna;1;3.933;28,64;38,91;8,80;22,80;12,93;16,69;30,07;161,17
08037032;Imola;Bologna;1;69.357;10,00;18,15;38,97;25,31;20,02;10,04;19,62;143,33
08037033;Lizzano in Belvedere;Bologna;1;2.200;37,21;76,48;14,59;38,92;21,40;46,85;55,80;295,14
08037034;Loiano;Bologna;1;4.520;33,71;33,18;13,40;19,75;13,34;19,46;23,54;158,53
08037035;Malalbergo;Bologna;1;9.208;12,94;13,64;30,91;27,24;11,77;20,80;17,40;136,34
08037036;Marzabotto;Bologna;1;6.885;15,39;27,97;24,07;24,01;10,21;28,94;7,91;140,22
08037037;Medicina;Bologna;1;16.703;18,93;26,46;27,71;29,33;9,73;11,78;23,01;148,52
08037038;Minerbio;Bologna;1;8.953;13,42;8,44;39,55;24,12;6,86;13,59;18,45;125,97
08037039;Molinella;Bologna;1;15.726;7,55;8,56;42,08;42,33;5,82;28,79;20,63;157,06
08037040;Monghidoro;Bologna;1;3.850;67,20;53,08;3,00;27,52;16,25;19,75;35,08;224,68
08037042;Monte San Pietro;Bologna;1;10.804;8,11;5,19;62,29;27,88;5,82;9,93;11,60;134,08
08037041;Monterenzio;Bologna;1;6.127;30,69;24,52;33,32;26,39;11,92;15,94;21,78;166,55
08037044;Monzuno;Bologna;1;6.425;36,97;55,16;3,79;22,59;13,56;15,54;32,23;181,69
08037045;Mordano;Bologna;1;4.587;13,90;15,39;49,15;36,77;12,54;8,76;20,11;161,02
08037046;Ozzano dell'Emilia;Bologna;1;14.063;17,90;34,23;23,28;25,35;12,78;24,18;34,25;173,45
08037047;Pianoro;Bologna;1;17.735;24,15;22,87;25,40;26,52;10,28;12,54;21,44;144,77
08037048;Pieve di Cento;Bologna;1;7.333;11,56;10,86;52,67;20,03;12,30;11,13;11,76;132,04
08037050;Sala Bolognese;Bologna;1;8.426;18,85;13,53;63,69;21,14;9,54;29,39;12,85;170,58
08037051;San Benedetto Val di Sambro;Bologna;1;4.190;58,00;44,65;;26,26;20,85;16,70;18,74;187,65
08037052;San Giorgio di Piano;Bologna;1;9.502;12,17;7,93;65,82;28,44;22,09;12,57;15,25;165,96
08037053;San Giovanni in Persiceto;Bologna;1;27.989;15,14;9,03;48,17;25,32;14,99;38,88;11,89;163,41
08037054;San Lazzaro di Savena;Bologna;1;32.774;19,58;22,12;31,52;24,50;10,80;29,26;19,56;158,52
08037055;San Pietro in Casale;Bologna;1;12.953;16,22;10,11;53,93;24,07;13,51;11,14;14,27;144,63
08037056;Sant'Agata Bolognese;Bologna;1;7.343;1,05;14,24;53,31;24,70;13,04;45,50;8,89;160,73
08037057;Sasso Marconi;Bologna;1;14.866;15,60;10,97;65,07;25,35;9,35;11,44;11,17;150,34
08037061;Valsamoggia;Bologna;1;31.953;18,21;16,25;50,36;28,60;12,42;15,76;22,33;165,40
08037059;Vergato;Bologna;1;7.652;9,25;53,51;4,41;28,71;10,34;19,36;30,06;157,30
08037060;Zola Predosa;Bologna;1;19.377;17,18;11,63;60,80;21,41;13,73;17,84;20,07;163,90
04021001;Aldino;Bolzano;1;1.616;11,85;9,41;31,86;11,03;10,36;24,37;;98,88
04021002;Andriano;Bolzano;1;1.045;18,44;12,28;2,69;38,90;11,63;10,19;21,16;115,29
04021003;Anterivo;Bolzano;1;392;8,75;16,41;18,49;22,80;15,74;19,15;;101,33
04021004;Appiano sulla strada del vino;Bolzano;1;14.972;0,44;4,12;52,89;0,85;11,73;17,00;;87,04
04021005;Avelengo;Bolzano;1;796;31,62;35,27;39,63;34,53;;55,70;24,27;221,02
04021006;Badia;Bolzano;1;3.529;13,20;23,14;131,65;;7,93;3,62;0,99;180,53
04021007;Barbiano;Bolzano;1;1.739;26,34;16,94;20,41;9,98;3,54;6,54;;83,76
04021008;Bolzano;Bolzano;1;106.564;33,44;13,06;24,52;26,68;34,38;31,12;14,35;180,50
04021009;Braies;Bolzano;1;697;13,70;7,96;97,62;;14,76;0,78;3,07;137,88
04021010;Brennero;Bolzano;1;2.365;37,35;39,11;52,16;11,20;26,06;16,64;;182,52
04021011;Bressanone;Bolzano;1;23.004;12,63;16,68;40,17;6,33;37,64;68,46;19,60;203,07
04021012;Bronzolo;Bolzano;1;2.753;10,25;11,07;20,36;;9,17;13,84;;64,69
04021013;Brunico;Bolzano;1;17.143;20,43;23,58;35,93;5,23;19,91;35,37;5,13;145,59
04021014;Caines;Bolzano;1;389;11,71;10,70;34,78;19,73;2,34;3,85;;83,11
04021015;Caldaro sulla strada del vino;Bolzano;1;8.161;16,84;19,58;13,00;2,56;28,20;7,84;;88,02
04021016;Campo di Trens;Bolzano;1;2.708;46,10;37,75;4,79;;7,55;1,72;;97,92
04021017;Campo Tures;Bolzano;1;5.730;10,43;25,47;64,59;3,54;5,30;9,78;0,26;119,35
04021018;Castelbello-Ciardes;Bolzano;1;2.366;14,07;16,16;19,86;24,01;;32,90;;107,01
04021019;Castelrotto;Bolzano;1;6.996;32,61;41,87;55,81;;30,52;0,60;;161,41
04021020;Cermes;Bolzano;1;1.539;13,36;13,56;31,21;21,63;9,06;4,93;1,34;95,08
04021021;Chienes;Bolzano;1;3.040;15,34;28,28;21,64;;8,22;6,91;4,34;84,74
04021022;Chiusa;Bolzano;1;5.196;14,06;14,06;17,25;12,48;9,07;6,54;;73,47
04021023;Cornedo all'Isarco;Bolzano;1;3.438;14,18;21,50;32,66;1,31;13,27;3,19;5,50;91,61
04021024;Cortaccia sulla strada del vino;Bolzano;1;2.223;13,67;15,90;14,84;13,10;2,14;10,89;1,52;72,06
04021025;Cortina sulla strada del vino;Bolzano;1;681;14,22;9,74;26,82;8,44;3,06;3,41;;65,69
04021026;Corvara in Badia;Bolzano;1;1.391;31,07;100,33;202,58;41,95;18,65;20,30;25,26;440,13
04021027;Curon Venosta;Bolzano;1;2.373;26,50;32,32;33,59;;7,85;2,46;16,13;118,86
04021028;Dobbiaco;Bolzano;1;3.413;14,12;37,95;32,56;21,59;18,93;9,81;;134,97
04021029;Egna;Bolzano;1;5.529;13,67;;0,15;;0,17;39,69;18,50;72,18
04021030;Falzes;Bolzano;1;3.148;11,13;20,68;9,61;12,89;11,61;4,71;;70,63
04021031;Fie allo Sciliar;Bolzano;1;3.667;24,77;12,50;25,72;16,46;23,18;7,56;9,84;120,04
04021032;Fortezza;Bolzano;1;1.105;29,86;33,18;15,79;1,32;1,93;;5,18;87,26
04021033;Funes;Bolzano;1;2.555;17,58;22,18;19,36;10,30;9,00;5,05;;83,48
04021034;Gais;Bolzano;1;3.225;14,18;16,63;53,14;0,84;2,80;4,41;2,17;94,17
04021035;Gargazzone;Bolzano;1;1.771;15,83;14,89;12,38;;12,49;11,39;1,77;68,76
04021036;Glorenza;Bolzano;1;928;28,79;21,55;7,10;8,39;16,15;2,09;;84,06
04021117;La Valle;Bolzano;1;1.419;14,57;17,41;27,40;7,30;9,21;4,53;3,74;84,15
04021037;Laces;Bolzano;1;5.238;12,97;18,96;13,00;10,72;10,52;15,41;2,79;84,37
04021038;Lagundo;Bolzano;1;4.965;13,46;20,51;11,79;17,58;5,06;52,13;2,77;123,31
04021039;Laion;Bolzano;1;2.813;21,85;15,50;15,31;7,70;15,13;5,24;;80,74
04021040;Laives;Bolzano;1;18.430;28,66;9,47;34,03;14,21;10,85;28,61;30,13;155,96
04021041;Lana;Bolzano;1;12.541;43,75;0,03;16,48;6,30;5,23;;;71,78
04021042;Lasa;Bolzano;1;4.115;13,34;16,51;14,82;9,64;7,69;13,54;3,50;79,04
04021043;Lauregno;Bolzano;1;318;8,35;6,99;4,74;3,63;9,47;19,55;;52,73
04021044;Luson;Bolzano;1;1.583;17,90;13,81;23,04;21,84;5,00;14,39;;95,98
04021045;Magre sulla strada del vino;Bolzano;1;1.328;13,92;;27,01;;9,40;1,10;;51,44
04021046;Malles Venosta;Bolzano;1;5.279;13,46;11,42;11,95;12,48;14,63;27,47;7,19;98,60
04021047;Marebbe;Bolzano;1;3.173;19,82;43,62;20,88;22,21;4,73;4,77;;116,03
04021048;Marlengo;Bolzano;1;2.860;15,14;14,55;3,21;13,54;5,21;29,39;;81,04
04021049;Martello;Bolzano;1;841;12,39;10,67;15,02;5,91;6,71;5,17;;55,87
04021050;Meltina;Bolzano;1;1.734;14,84;10,85;11,24;11,24;3,13;6,14;;57,46
04021051;Merano;Bolzano;1;41.397;54,26;24,54;20,09;8,42;21,96;51,74;26,27;218,45
04021052;Monguelfo-Tesido;Bolzano;1;2.906;24,36;16,06;51,55;17,74;12,32;18,77;9,44;150,24
04021053;Montagna;Bolzano;1;1.722;13,52;10,87;12,61;23,81;2,32;3,72;;66,86
04021054;Moso in Passiria;Bolzano;1;2.021;12,99;11,53;20,33;4,47;3,65;5,21;0,59;58,76
04021055;Nalles;Bolzano;1;2.083;13,75;14,70;8,97;22,27;6,80;22,39;;88,87
04021056;Naturno;Bolzano;1;6.086;15,30;23,37;34,57;11,32;5,59;7,22;;97,38
04021057;Naz-Sciaves;Bolzano;1;3.400;17,28;19,26;17,24;9,67;4,50;16,85;7,49;92,28
04021058;Nova Levante;Bolzano;1;2.076;30,33;24,00;35,20;39,06;3,46;2,09;;134,14
04021059;Nova Ponente;Bolzano;1;4.081;19,02;0,01;20,06;64,91;28,88;6,39;;139,28
04021060;Ora;Bolzano;1;3.857;18,27;31,12;22,03;10,15;10,37;3,16;11,48;106,57
04021061;Ortisei;Bolzano;1;4.764;35,51;22,94;22,61;17,31;18,64;8,32;1,31;128,71
04021062;Parcines;Bolzano;1;3.955;;9,69;45,31;9,94;11,20;1,11;3,27;80,50
04021063;Perca;Bolzano;1;1.710;16,90;30,05;34,57;;14,55;3,90;;99,98
04021064;Plaus;Bolzano;1;757;15,55;16,14;20,55;12,41;1,32;3,02;4,64;73,64
04021066;Postal;Bolzano;1;2.018;14,53;17,87;13,37;16,02;12,71;8,01;;82,51
04021067;Prato allo Stelvio;Bolzano;1;3.856;15,44;20,51;9,39;2,19;3,67;0,26;;51,47
04021068;Predoi;Bolzano;1;509;4,74;79,86;8,29;;14,19;1,07;;108,16
04021069;Proves;Bolzano;1;249;12,33;11,78;3,65;5,82;7,15;32,10;;72,82
04021070;Racines;Bolzano;1;4.655;23,67;36,31;25,15;6,35;3,36;2,15;1,13;98,12
04021071;Rasun-Anterselva;Bolzano;1;2.939;10,04;8,66;26,29;40,72;1,55;20,85;2,45;110,57
04021072;Renon;Bolzano;1;8.156;13,82;10,58;18,39;6,44;5,18;8,05;4,36;66,82
04021073;Rifiano;Bolzano;1;1.365;8,73;9,66;30,45;17,40;1,96;3,97;;72,17
04021074;Rio di Pusteria;Bolzano;1;3.202;25,92;31,02;18,75;11,18;5,74;29,06;3,45;125,13
04021075;Rodengo;Bolzano;1;1.291;35,57;22,83;4,90;6,91;24,35;3,13;;97,69
04021076;Salorno;Bolzano;1;3.810;23,57;13,68;3,96;14,91;6,65;9,70;;72,47
04021077;San Candido;Bolzano;1;3.340;36,94;54,26;69,94;;37,12;28,08;;226,34
04021079;San Genesio Atesino;Bolzano;1;3.014;19,80;16,40;17,44;;9,60;2,93;1,88;68,04
04021080;San Leonardo in Passiria;Bolzano;1;3.641;14,64;13,15;33,79;10,78;5,25;10,29;;87,90
04021081;San Lorenzo di Sebato;Bolzano;1;3.896;10,50;20,70;39,28;9,93;9,31;5,34;;95,08
04021082;San Martino in Badia;Bolzano;1;1.750;6,29;8,57;3,43;23,71;;46,57;3,20;91,77
04021083;San Martino in Passiria;Bolzano;1;3.302;17,42;24,85;18,21;15,82;0,99;11,53;;88,83
04021084;San Pancrazio;Bolzano;1;1.539;11,22;8,50;8,86;9,63;5,51;7,29;;51,00
04021085;Santa Cristina Valgardena;Bolzano;1;2.017;33,18;17,16;38,39;7,56;6,51;9,64;25,73;138,17
04021086;Sarentino;Bolzano;1;7.216;29,19;13,88;25,91;9,95;4,33;7,26;5,54;96,05
04021087;Scena;Bolzano;1;3.025;23,69;24,94;28,38;23,91;3,17;23,12;4,48;131,69
04021088;Selva dei Molini;Bolzano;1;1.384;6,34;21,80;15,79;6,40;1,45;17,75;;69,52
04021089;Selva di Val Gardena;Bolzano;1;2.594;47,30;40,12;79,78;;5,58;36,09;0,61;209,48
04021091;Senales;Bolzano;1;1.242;31,93;17,15;50,81;;3,81;6,45;;110,15
04021118;Senale-San Felice;Bolzano;1;790;12,31;17,77;3,88;7,95;10,18;10,03;2,59;64,72
04021092;Sesto;Bolzano;1;1.846;19,62;57,14;119,56;13,24;16,18;7,91;2,63;236,29
04021093;Silandro;Bolzano;1;6.345;11,93;11,35;66,50;2,08;24,62;;;116,49
04021094;Sluderno;Bolzano;1;1.862;16,20;19,83;11,16;21,50;7,63;19,79;;96,11
04021095;Stelvio;Bolzano;1;1.130;61,47;54,45;31,14;27,53;6,19;27,28;7,94;216,00
04021096;Terento;Bolzano;1;1.799;19,66;9,50;19,73;8,99;2,48;28,49;1,57;90,42
04021097;Terlano;Bolzano;1;4.888;13,29;22,92;54,95;;25,05;1,36;2,28;119,84
04021098;Termeno sulla strada del vino;Bolzano;1;3.356;21,24;13,79;32,60;;8,98;3,15;26,39;106,14
04021099;Tesimo;Bolzano;1;2.016;13,28;34,61;3,15;9,59;22,48;2,95;;86,06
04021100;Tires;Bolzano;1;1.017;15,70;10,24;46,04;35,01;6,78;4,29;;118,05
04021101;Tirolo;Bolzano;1;2.471;21,87;23,28;40,28;22,51;1,77;41,00;9,95;160,66
04021102;Trodena nel parco naturale;Bolzano;1;1.050;16,72;2,10;24,77;34,11;0,31;34,62;;112,64
04021103;Tubre;Bolzano;1;959;12,22;11,56;32,56;;5,17;11,27;0,48;73,26
04021104;Ultimo;Bolzano;1;2.915;19,64;10,73;15,96;8,73;2,72;7,41;;65,20
04021105;Vadena;Bolzano;1;1.101;47,27;45,71;46,96;1,07;2,68;2,71;;146,39
04021107;Val di Vizze;Bolzano;1;3.096;23,70;16,47;16,92;6,41;2,03;7,58;;73,10
04021106;Valdaora;Bolzano;1;3.207;11,76;23,15;34,68;11,18;3,90;6,40;9,91;100,97
04021109;Valle di Casies;Bolzano;1;2.313;5,45;15,07;37,16;8,86;0,71;;;67,25
04021110;Vandoies;Bolzano;1;3.357;14,74;17,38;41,70;;8,70;12,65;;95,16
04021111;Varna;Bolzano;1;5.045;42,36;32,83;8,84;28,15;;0,48;12,37;125,03
04021116;Velturno;Bolzano;1;3.080;10,50;8,56;23,29;11,03;3,14;4,81;;61,33
04021112;Verano;Bolzano;1;996;14,26;10,31;14,16;9,88;2,55;14,33;2,88;68,38
04021113;Villabassa;Bolzano;1;1.630;11,68;24,52;65,43;2,11;6,75;12,38;14,11;136,97
04021114;Villandro;Bolzano;1;1.887;16,56;15,20;24,94;6,13;12,39;3,84;;79,06
04021115;Vipiteno;Bolzano;1;6.955;32,27;20,12;37,18;10,40;26,31;6,28;;132,55
03017001;Acquafredda;Brescia;1;1.545;6,10;;32,29;38,33;5,40;21,47;9,91;113,75
03017002;Adro;Brescia;1;7.151;7,66;;30,81;18,57;2,55;20,23;5,14;86,29
03017003;Agnosine;Brescia;1;1.636;14,80;8,93;37,49;17,15;11,89;31,90;19,55;143,31
03017004;Alfianello;Brescia;1;2.287;18,94;21,84;66,83;16,25;1,58;8,72;14,55;148,71
03017005;Anfo;Brescia;1;442;26,93;12,78;67,49;24,55;;77,47;32,61;246,40
03017006;Angolo Terme;Brescia;1;2.302;13,10;;52,65;28,00;24,09;21,19;25,80;167,48
03017007;Artogne;Brescia;1;3.625;15,75;0,55;57,04;45,78;17,37;27,26;19,23;186,28
03017008;Azzano Mella;Brescia;1;3.509;19,30;;39,02;19,08;1,92;17,40;12,05;110,41
03017009;Bagnolo Mella;Brescia;1;12.432;8,38;;30,65;16,44;8,36;20,19;16,83;103,10
03017010;Bagolino;Brescia;1;3.782;12,28;6,90;64,35;13,25;;19,30;11,82;128,87
03017011;Barbariga;Brescia;1;2.321;7,51;7,19;43,53;15,46;13,15;16,67;2,93;106,71
03017012;Barghe;Brescia;1;1.142;14,20;8,57;35,51;16,46;5,86;27,36;9,27;119,31
03017013;Bassano Bresciano;Brescia;1;2.327;15,65;31,29;54,73;15,35;3,96;14,72;8,82;144,51
03017014;Bedizzole;Brescia;1;12.244;10,30;;28,64;18,16;8,66;10,96;9,87;87,59
03017016;Berzo Demo;Brescia;1;1.482;11,87;;57,48;33,19;18,67;35,73;9,14;168,90
03017017;Berzo Inferiore;Brescia;1;2.463;9,65;0,75;54,98;35,75;9,16;18,62;10,91;142,64
03017018;Bienno;Brescia;1;3.771;9,47;;51,10;31,74;17,65;14,26;27,00;153,52
03017019;Bione;Brescia;1;1.298;16,40;9,75;41,05;18,73;4,92;21,88;11,32;125,95
03017020;Borgo San Giacomo;Brescia;1;5.515;35,02;20,87;;;5,94;25,04;29,35;125,11
03017021;Borgosatollo;Brescia;1;9.113;7,43;;35,84;27,29;4,16;3,34;8,36;88,07
03017022;Borno;Brescia;1;2.435;17,66;0,43;86,03;57,00;36,88;21,04;21,42;244,21
03017023;Botticino;Brescia;1;10.729;13,72;7,11;48,36;18,14;10,97;7,07;16,69;122,55
03017025;Bovezzo;Brescia;1;7.307;5,70;;37,70;23,24;24,79;14,38;19,88;127,75
03017026;Brandico;Brescia;1;1.732;5,92;;19,57;20,76;0,92;22,24;14,29;84,92
03017027;Braone;Brescia;1;690;13,49;;47,66;28,00;9,88;24,83;7,01;133,14
03017028;Breno;Brescia;1;4.627;20,31;;50,51;32,84;8,26;12,48;22,42;149,76
03017029;Brescia;Brescia;1;198.688;15,13;;56,60;26,54;41,46;15,99;18,06;173,78
03017030;Brione;Brescia;1;749;22,07;;36,03;31,05;;20,31;6,07;125,82
03017031;Caino;Brescia;1;2.187;9,43;;61,97;18,61;14,90;28,10;13,36;148,62
03017032;Calcinato;Brescia;1;13.038;9,30;8,57;44,48;18,03;1,69;23,32;12,37;127,22
03017033;Calvagese della Riviera;Brescia;1;3.703;9,54;6,49;36,24;14,49;4,59;20,04;17,03;116,29
03017034;Calvisano;Brescia;1;8.381;13,47;;49,29;21,84;7,37;34,74;10,07;137,18
03017035;Capo di Ponte;Brescia;1;2.294;16,98;;62,44;32,84;15,50;19,88;8,02;158,15
03017036;Capovalle;Brescia;1;335;9,99;9,11;32,06;17,50;;60,41;22,23;157,19
03017037;Capriano del Colle;Brescia;1;4.797;11,64;;52,90;23,26;12,13;27,11;4,16;131,19
03017038;Capriolo;Brescia;1;9.383;5,06;7,25;35,29;30,78;5,96;13,77;21,24;121,19
03017039;Carpenedolo;Brescia;1;13.033;5,80;;31,25;28,87;5,73;28,86;16,82;117,58
03017040;Castegnato;Brescia;1;8.379;6,56;11,12;37,05;23,45;7,71;22,31;10,79;119,38
03017042;Castel Mella;Brescia;1;10.869;9,69;;36,87;29,96;9,01;15,36;6,05;106,93
03017041;Castelcovati;Brescia;1;6.932;6,92;6,41;22,47;18,04;7,78;27,43;9,82;98,86
03017043;Castenedolo;Brescia;1;11.711;7,85;;29,00;38,78;12,85;31,55;15,40;135,85
03017044;Casto;Brescia;1;1.626;14,37;8,16;37,93;15,67;1,33;17,52;16,57;113,16
03017045;Castrezzato;Brescia;1;7.716;11,26;;34,51;16,01;2,29;9,66;16,89;92,06
03017046;Cazzago San Martino;Brescia;1;10.779;5,50;9,29;40,90;27,25;5,51;27,95;12,55;137,69
03017047;Cedegolo;Brescia;1;1.105;12,25;;52,91;34,89;22,63;12,76;8,65;146,93
03017048;Cellatica;Brescia;1;4.837;18,80;;33,12;35,42;8,67;25,24;32,84;156,89
03017049;Cerveno;Brescia;1;695;11,35;0,62;45,52;25,83;1,16;26,20;7,47;120,41
03017050;Ceto;Brescia;1;1.769;9,85;;46,75;28,11;3,75;21,02;7,16;118,92
03017051;Cevo;Brescia;1;801;12,83;;42,64;20,98;48,77;11,88;7,67;147,09
03017052;Chiari;Brescia;1;19.348;9,17;;53,22;30,72;11,01;25,15;10,47;143,07
03017053;Cigole;Brescia;1;1.487;14,59;50,58;50,19;14,91;8,78;8,72;12,23;160,00
03017054;Cimbergo;Brescia;1;533;11,69;;28,81;31,90;14,23;41,89;7,98;138,99
03017055;Cividate Camuno;Brescia;1;2.677;22,27;1,66;56,69;37,41;2,48;17,82;10,19;151,06
03017056;Coccaglio;Brescia;1;8.855;3,22;2,67;34,23;19,48;12,45;13,81;14,41;104,74
03017057;Collebeato;Brescia;1;4.434;7,83;6,23;43,35;22,22;10,59;33,72;11,74;139,69
03017059;Cologne;Brescia;1;7.627;5,36;4,08;35,09;18,43;8,84;10,48;13,30;100,07
03017060;Comezzano-Cizzago;Brescia;1;4.146;4,18;;42,85;22,24;5,19;7,32;9,00;91,66
03017061;Concesio;Brescia;1;15.684;6,75;;16,84;24,79;15,93;18,66;18,19;102,86
03017062;Corte Franca;Brescia;1;7.178;6,54;10,58;37,67;26,57;10,90;12,61;12,50;123,66
03017063;Corteno Golgi;Brescia;1;1.914;40,08;;73,36;70,68;48,80;42,94;16,46;297,20
03017064;Corzano;Brescia;1;1.439;6,90;;27,36;14,35;1,29;9,66;30,74;91,61
03017065;Darfo Boario Terme;Brescia;1;15.787;20,22;;60,84;46,95;9,17;14,48;15,20;169,76
03017066;Dello;Brescia;1;5.671;7,85;8,88;43,24;18,53;6,01;9,72;0,96;100,00
03017067;Desenzano del Garda;Brescia;1;29.251;18,40;15,35;67,30;18,69;17,90;30,77;18,01;197,99
03017068;Edolo;Brescia;1;4.383;13,77;4,39;61,46;42,76;16,27;10,31;9,52;161,46
03017070;Esine;Brescia;1;5.057;11,61;;54,49;45,69;11,65;19,78;19,09;165,02
03017071;Fiesse;Brescia;1;2.021;5,73;;47,22;23,88;12,71;6,95;4,46;106,96
03017072;Flero;Brescia;1;8.732;10,21;;48,99;20,61;8,00;17,28;15,04;122,09
03017073;Gambara;Brescia;1;4.551;5,30;;34,97;29,76;5,88;4,99;5,07;93,23
03017074;Gardone Riviera;Brescia;1;2.607;25,32;12,33;106,91;29,70;56,47;68,24;50,42;363,42
03017075;Gardone Val Trompia;Brescia;1;11.348;9,61;;37,56;16,36;13,21;24,17;20,43;123,84
03017076;Gargnano;Brescia;1;2.665;67,71;51,12;88,00;14,71;24,58;55,78;62,39;378,58
03017077;Gavardo;Brescia;1;12.361;15,08;9,66;39,36;18,54;12,01;24,55;25,42;145,13
03017078;Ghedi;Brescia;1;18.546;7,23;;30,77;29,31;10,44;33,64;8,54;120,32
03017079;Gianico;Brescia;1;2.104;13,23;;49,54;37,09;2,67;13,91;8,00;126,90
03017080;Gottolengo;Brescia;1;5.022;9,65;;48,61;30,59;9,01;5,07;9,46;114,39
03017081;Gussago;Brescia;1;16.597;13,97;;37,98;29,56;6,88;10,46;9,89;110,58
03017082;Idro;Brescia;1;1.866;28,26;13,76;69,80;26,43;12,00;40,10;36,82;229,18
03017083;Incudine;Brescia;1;347;10,46;;38,44;28,92;58,78;30,07;6,61;175,44
03017084;Irma;Brescia;1;129;15,53;;90,64;21,36;;51,64;50,64;229,82
03017085;Iseo;Brescia;1;8.962;19,11;;57,47;44,74;36,10;22,22;17,92;201,21
03017086;Isorella;Brescia;1;4.072;10,10;;43,81;37,18;2,86;27,67;13,45;135,33
03017087;Lavenone;Brescia;1;488;24,21;9,68;59,00;18,59;;41,49;31,77;188,93
03017088;Leno;Brescia;1;14.423;16,97;;20,45;13,89;11,18;25,79;12,05;101,63
03017089;Limone sul Garda;Brescia;1;1.093;171,83;91,04;260,58;78,79;117,69;141,15;70,31;962,34
03017090;Lodrino;Brescia;1;1.632;13,17;;60,82;12,59;0,89;29,07;11,71;130,05
03017091;Lograto;Brescia;1;3.792;4,39;;35,30;28,78;5,85;13,37;13,46;107,91
03017092;Lonato del Garda;Brescia;1;17.009;23,53;12,60;40,90;14,08;8,41;30,28;19,50;156,63
03017093;Longhena;Brescia;1;564;12,96;5,18;63,98;7,05;3,74;14,54;3,54;111,33
03017094;Losine;Brescia;1;623;24,91;;25,59;24,04;2,77;29,20;9,55;117,98
03017095;Lozio;Brescia;1;355;13,21;;90,37;40,34;1,27;59,56;18,85;227,52
03017096;Lumezzane;Brescia;1;21.576;4,45;;37,78;24,24;11,91;24,86;23,82;128,82
03017098;Magasa;Brescia;1;102;78,82;48,19;41,10;26,66;;55,33;;272,98
03017099;Mairano;Brescia;1;3.478;6,45;;24,71;21,78;6,49;15,07;28,07;104,36
03017100;Malegno;Brescia;1;1.929;7,05;;45,80;24,54;12,35;19,73;7,36;118,82
03017101;Malonno;Brescia;1;2.975;14,14;;44,90;34,61;24,11;7,46;14,03;141,68
03017102;Manerba del Garda;Brescia;1;5.351;38,86;18,99;84,16;36,72;24,02;48,71;56,00;324,42
03017103;Manerbio;Brescia;1;13.484;8,85;9,38;46,00;19,87;5,26;18,22;14,03;127,52
03017104;Marcheno;Brescia;1;4.169;6,38;;33,03;23,54;5,27;29,59;39,18;139,48
03017106;Marone;Brescia;1;3.095;13,47;;45,65;24,56;10,39;13,17;12,10;122,12
03017107;Mazzano;Brescia;1;12.697;4,44;;31,06;36,90;11,42;24,89;13,86;122,83
03017109;Moniga del Garda;Brescia;1;2.650;26,51;36,54;88,95;27,35;44,71;51,05;25,33;313,66
03017110;Monno;Brescia;1;517;16,27;;54,92;30,83;11,00;28,55;9,45;153,62
03017113;Montichiari;Brescia;1;26.367;7,30;;30,03;30,54;11,45;29,32;7,22;116,24
03017114;Montirone;Brescia;1;5.055;8,58;;46,50;29,76;7,84;33,04;7,52;133,62
03017115;Mura;Brescia;1;779;12,63;6,72;33,47;12,90;25,81;21,77;14,75;130,86
03017116;Muscoline;Brescia;1;2.701;12,70;9,03;33,22;17,35;2,87;25,66;13,28;115,94
03017117;Nave;Brescia;1;10.606;6,55;;41,76;28,00;19,39;15,73;19,51;133,02
03017118;Niardo;Brescia;1;1.965;15,60;;43,19;26,31;1,91;24,08;7,28;120,35
03017119;Nuvolento;Brescia;1;3.902;6,22;;51,60;34,73;14,67;33,49;16,71;157,69
03017120;Nuvolera;Brescia;1;4.765;4,14;;47,47;32,01;11,77;31,47;14,88;142,02
03017121;Odolo;Brescia;1;1.889;14,83;8,66;40,04;16,64;2,57;31,15;19,12;134,47
03017122;Offlaga;Brescia;1;4.123;9,10;9,42;43,04;21,89;7,99;13,80;0,67;110,32
03017123;Ome;Brescia;1;3.156;9,63;;75,37;;24,22;17,60;10,93;138,37
03017124;Ono San Pietro;Brescia;1;953;10,76;0,68;45,31;23,21;9,82;24,88;7,09;123,94
03017125;Orzinuovi;Brescia;1;12.470;6,31;9,57;43,07;18,25;16,09;9,21;8,33;111,44
03017126;Orzivecchi;Brescia;1;2.509;6,22;;50,12;25,54;10,05;5,35;8,78;107,95
03017127;Ospitaletto;Brescia;1;14.905;3,39;1,09;30,16;8,68;9,28;25,62;13,62;92,79
03017128;Ossimo;Brescia;1;1.453;14,15;;39,50;25,11;6,59;27,32;17,47;132,57
03017129;Padenghe sul Garda;Brescia;1;4.879;22,30;13,81;60,43;20,26;32,35;38,11;8,89;229,44
03017130;Paderno Franciacorta;Brescia;1;3.678;5,56;8,38;39,45;17,76;5,64;23,78;4,64;105,58
03017131;Paisco Loveno;Brescia;1;167;22,02;;57,79;29,65;;109,72;8,80;231,01
03017132;Paitone;Brescia;1;2.191;14,73;8,85;38,96;17,00;;38,85;15,58;134,45
03017133;Palazzolo sull'Oglio;Brescia;1;20.264;11,79;11,60;34,89;17,61;11,90;20,51;10,79;119,69
03017134;Paratico;Brescia;1;4.997;5,01;5,80;45,74;22,00;9,64;23,02;17,50;129,91
03017135;Paspardo;Brescia;1;578;15,47;;19,59;31,62;6,06;28,02;12,51;115,63
03017136;Passirano;Brescia;1;6.890;5,99;7,27;42,82;24,11;5,00;16,79;8,18;114,16
03017137;Pavone del Mella;Brescia;1;2.730;10,99;28,96;47,65;3,85;5,99;12,88;11,80;122,13
03017139;Pertica Alta;Brescia;1;554;10,02;6,53;28,41;12,53;30,16;15,28;15,75;122,44
03017140;Pertica Bassa;Brescia;1;567;10,09;8,57;29,83;16,45;;32,38;18,20;119,22
03017141;Pezzaze;Brescia;1;1.441;6,85;;51,67;21,21;;21,62;12,18;113,53
03017142;Pian Camuno;Brescia;1;4.785;12,59;;52,02;33,50;10,54;12,35;14,43;137,80
03017206;Piancogno;Brescia;1;4.776;9,34;;48,69;29,96;7,68;20,28;13,60;131,90
03017143;Pisogne;Brescia;1;7.902;11,10;;38,72;31,64;16,18;8,66;23,84;132,49
03017144;Polaveno;Brescia;1;2.477;3,21;;45,12;21,47;2,63;19,19;12,39;104,00
03017145;Polpenazze del Garda;Brescia;1;2.745;11,29;8,65;68,94;14,25;3,61;21,99;13,37;161,26
03017147;Poncarale;Brescia;1;5.186;7,95;;36,99;22,36;6,06;22,74;15,61;111,96
03017148;Ponte di Legno;Brescia;1;1.752;47,25;;175,16;133,22;254,40;152,16;28,70;800,32
03017149;Pontevico;Brescia;1;7.013;9,16;11,85;45,92;16,36;7,27;19,04;4,84;120,13
03017150;Pontoglio;Brescia;1;7.003;11,06;;31,45;11,98;13,71;14,87;22,96;107,70
03017151;Pozzolengo;Brescia;1;3.576;10,26;10,73;55,75;16,48;11,29;28,06;6,19;145,76
03017152;Pralboino;Brescia;1;2.813;7,85;;35,75;29,47;2,60;14,51;3,51;95,68
03017153;Preseglie;Brescia;1;1.457;16,12;8,63;39,93;16,56;0,31;20,31;13,78;117,38
03017155;Prevalle;Brescia;1;6.876;7,27;7,00;52,24;15,08;1,11;10,19;2,96;105,79
03017156;Provaglio d'Iseo;Brescia;1;7.083;8,26;7,66;34,94;15,74;1,94;24,06;6,50;100,02
03017157;Provaglio Val Sabbia;Brescia;1;860;9,90;9,30;27,87;17,86;12,21;22,93;12,60;115,28
03017158;Puegnago sul Garda;Brescia;1;3.466;15,35;12,43;64,60;21,19;3,99;24,83;23,24;176,16
03017159;Quinzano d'Oglio;Brescia;1;6.231;6,60;7,58;25,91;19,65;7,79;12,07;14,51;95,71
03017160;Remedello;Brescia;1;3.418;14,67;;38,13;31,15;11,08;39,41;22,83;157,53
03017161;Rezzato;Brescia;1;13.475;13,50;8,09;42,03;15,53;11,07;24,41;6,37;121,50
03017162;Roccafranca;Brescia;1;4.910;2,59;;45,31;40,16;12,17;11,41;13,39;123,77
03017163;Rodengo Saiano;Brescia;1;9.925;13,19;11,79;52,40;17,64;14,16;11,89;3,02;124,70
03017164;Roe Volciano;Brescia;1;4.336;18,59;9,97;46,14;19,15;1,46;27,15;24,58;147,54
03017166;Rovato;Brescia;1;19.477;5,71;10,93;37,59;20,75;13,95;16,60;9,62;115,80
03017168;Sabbio Chiese;Brescia;1;4.045;12,89;9,12;37,17;17,52;1,09;23,31;14,03;116,07
03017169;Sale Marasino;Brescia;1;3.273;20,22;;43,02;27,42;13,19;26,21;6,16;138,38
03017170;Salo;Brescia;1;10.394;32,13;13,00;62,37;20,12;24,53;32,32;25,42;222,52
03017171;San Felice del Benaco;Brescia;1;3.443;16,22;17,38;81,72;25,74;23,66;58,44;14,47;253,39
03017172;San Gervasio Bresciano;Brescia;1;2.674;14,23;16,74;45,06;14,48;1,52;12,64;36,91;141,58
03017173;San Zeno Naviglio;Brescia;1;4.672;12,14;;35,47;33,81;14,82;25,32;17,54;139,38
03017174;Sarezzo;Brescia;1;13.210;9,56;;37,16;19,41;13,29;19,05;12,26;112,26
03017175;Saviore dell'Adamello;Brescia;1;788;13,37;;47,79;29,64;44,78;35,29;8,99;182,51
03017176;Sellero;Brescia;1;1.374;12,58;;44,60;34,74;41,17;9,32;8,12;153,05
03017178;Serle;Brescia;1;3.089;14,34;6,32;39,52;12,14;;20,19;10,47;103,48
03017179;Sirmione;Brescia;1;8.312;16,32;;65,45;65,49;51,23;45,59;21,12;265,20
03017180;Soiano del Lago;Brescia;1;1.913;20,75;11,62;57,49;16,85;5,13;30,82;11,82;172,07
03017181;Sonico;Brescia;1;1.188;15,74;;65,95;38,67;;33,89;20,81;178,16
03017182;Sulzano;Brescia;1;1.941;13,97;;60,39;26,57;13,19;18,63;14,94;150,21
03017184;Temu;Brescia;1;1.151;25,89;;86,42;74,89;45,06;93,67;24,50;356,04
03017185;Tignale;Brescia;1;1.157;41,29;41,13;132,03;35,99;93,81;63,86;22,32;464,80
03017186;Torbole Casaglia;Brescia;1;6.441;;;46,43;28,32;0,96;18,99;6,84;101,83
03017187;Toscolano-Maderno;Brescia;1;7.657;24,76;15,40;83,74;26,53;23,83;47,85;28,39;269,26
03017188;Travagliato;Brescia;1;13.848;3,67;;31,66;19,66;9,11;29,99;1,08;95,16
03017189;Tremosine sul Garda;Brescia;1;2.089;67,44;49,25;75,28;21,00;17,02;58,59;27,30;378,30
03017190;Trenzano;Brescia;1;5.511;8,61;3,84;34,89;10,05;12,12;15,67;4,91;90,09
03017191;Treviso Bresciano;Brescia;1;524;9,73;7,81;30,68;15,01;;48,01;11,95;127,13
03017192;Urago d'Oglio;Brescia;1;3.773;10,23;;41,80;16,26;1,64;4,73;26,38;103,22
03017193;Vallio Terme;Brescia;1;1.410;13,49;10,52;36,69;17,38;15,52;37,11;11,16;142,37
03017194;Valvestino;Brescia;1;162;70,46;42,84;37,84;26,91;25,35;48,71;47,72;324,56
03017195;Verolanuova;Brescia;1;8.076;8,36;8,20;49,73;16,10;3,81;20,88;2,24;114,84
03017196;Verolavecchia;Brescia;1;3.812;10,00;18,29;34,15;17,37;0,75;9,71;5,02;95,29
03017197;Vestone;Brescia;1;4.117;16,62;9,54;43,32;18,33;;23,75;14,63;127,15
03017198;Vezza d'Oglio;Brescia;1;1.487;21,67;;84,08;54,82;16,30;27,18;15,87;223,93
03017199;Villa Carcina;Brescia;1;10.705;7,40;;46,58;20,56;1,92;8,72;19,86;107,08
03017200;Villachiara;Brescia;1;1.366;6,52;4,56;45,33;15,36;9,81;21,22;8,80;111,89
03017201;Villanuova sul Clisi;Brescia;1;5.870;16,83;10,95;43,25;20,71;6,27;21,66;19,43;139,61
03017202;Vione;Brescia;1;629;49,95;;71,50;54,41;56,06;55,94;18,83;311,09
03017203;Visano;Brescia;1;1.979;13,71;;38,78;38,99;10,50;32,62;15,58;150,43
03017204;Vobarno;Brescia;1;8.309;14,49;8,96;37,19;17,21;1,66;17,44;12,39;109,97
03017205;Zone;Brescia;1;1.027;27,88;;70,55;27,82;;21,94;;150,95
16074001;Brindisi;Brindisi;1;82.268;32,60;54,57;67,24;32,65;64,02;9,13;21,88;282,09
16074002;Carovigno;Brindisi;1;16.975;14,46;45,61;74,38;40,95;37,73;18,09;28,68;259,91
16074003;Ceglie Messapica;Brindisi;1;18.616;18,50;36,70;51,66;21,17;12,43;25,88;22,33;188,67
16074004;Cellino San Marco;Brindisi;1;6.004;14,04;3,41;61,33;64,43;7,56;16,79;38,83;209,16
16074005;Cisternino;Brindisi;1;11.083;33,19;20,67;77,44;17,13;31,75;14,85;13,00;216,01
16074007;Fasano;Brindisi;1;38.665;28,98;33,65;132,10;35,16;15,58;9,91;9,11;265,44
16074008;Francavilla Fontana;Brindisi;1;34.720;14,84;26,12;39,41;35,71;17,52;36,87;32,71;203,19
16074010;Mesagne;Brindisi;1;26.120;19,06;11,90;76,82;30,15;28,19;10,74;1,66;178,50
16074012;Ostuni;Brindisi;1;29.908;15,05;24,83;105,54;56,45;35,37;11,26;11,18;259,67
16074013;San Donaci;Brindisi;1;6.140;19,61;10,88;78,52;52,31;37,07;22,44;1,91;222,73
16074014;San Michele Salentino;Brindisi;1;6.074;10,16;16,13;25,92;32,68;15,55;39,10;5,24;149,53
16074016;San Pietro Vernotico;Brindisi;1;13.004;12,21;12,05;75,82;45,37;16,28;24,18;2,25;194,07
16074017;San Vito dei Normanni;Brindisi;1;17.937;7,98;6,91;42,94;50,05;28,31;17,53;6,07;163,55
16074018;Torchiarolo;Brindisi;1;5.267;11,68;12,22;87,22;56,09;40,11;33,57;8,46;255,15
16074019;Torre Santa Susanna;Brindisi;1;10.077;6,53;3,17;30,99;63,56;18,02;37,99;4,61;164,88
20092003;Assemini;Cagliari [fino 2024];1;25.757;23,85;5,33;45,89;31,58;20,46;15,35;20,19;162,65
20092009;Cagliari;Cagliari [fino 2024];1;147.378;18,45;7,69;77,80;33,27;62,52;29,87;58,83;296,69
20092011;Capoterra;Cagliari [fino 2024];1;23.175;12,85;12,04;29,72;11,10;18,76;5,55;11,87;101,90
20092015;Decimomannu;Cagliari [fino 2024];1;8.371;4,03;20,74;20,16;19,88;10,74;47,63;5,14;128,31
20092108;Elmas;Cagliari [fino 2024];1;9.509;11,38;0,71;58,40;9,13;18,64;23,79;11,77;133,82
20092037;Maracalagonis;Cagliari [fino 2024];1;7.897;40,55;19,68;56,35;2,42;20,26;18,53;28,79;186,57
20092109;Monserrato;Cagliari [fino 2024];1;18.821;24,32;13,31;104,81;3,50;6,40;16,27;12,56;181,16
20092050;Pula;Cagliari [fino 2024];1;7.105;29,96;50,52;104,00;;29,41;17,78;20,36;252,03
20092051;Quartu Sant'Elena;Cagliari [fino 2024];1;68.463;10,47;20,14;99,09;24,91;66,02;15,98;9,00;245,60
20092105;Quartucciu;Cagliari [fino 2024];1;12.842;7,20;20,37;44,52;14,97;26,66;25,85;7,50;147,08
20092066;Sarroch;Cagliari [fino 2024];1;5.001;13,91;32,36;92,20;19,21;33,31;50,28;47,28;288,55
20092068;Selargius;Cagliari [fino 2024];1;28.392;18,80;21,56;55,02;35,49;28,66;5,71;24,73;189,97
20092074;Sestu;Cagliari [fino 2024];1;20.769;15,69;20,07;36,91;17,53;24,61;12,16;2,81;129,79
20092075;Settimo San Pietro;Cagliari [fino 2024];1;6.965;15,32;38,54;61,26;;17,11;13,44;1,02;146,70
20092080;Sinnai;Cagliari [fino 2024];1;17.271;20,48;25,29;46,89;16,91;18,31;41,41;3,47;172,77
20092090;Uta;Cagliari [fino 2024];1;8.883;13,34;10,88;39,10;15,11;11,16;18,44;6,69;114,73
20092099;Villa San Pietro;Cagliari [fino 2024];1;2.162;13,58;9,71;36,22;22,54;13,33;20,12;15,44;130,94
19085001;Acquaviva Platani;Caltanissetta;1;855;14,24;25,23;33,29;42,53;18,43;40,62;25,81;200,16
19085002;Bompensiere;Caltanissetta;1;479;9,40;13,06;47,00;32,04;8,87;80,64;3,68;194,71
19085003;Butera;Caltanissetta;1;4.123;60,40;14,59;36,24;;24,13;73,09;13,74;271,90
19085004;Caltanissetta;Caltanissetta;1;58.342;8,71;25,23;65,38;29,68;20,09;41,39;13,88;204,37
19085005;Campofranco;Caltanissetta;1;2.596;10,87;20,27;54,33;28,64;;19,46;6,00;139,57
19085008;Marianopoli;Caltanissetta;1;1.561;6,66;10,47;33,30;22,60;22,32;43,51;30,93;169,78
19085010;Milena;Caltanissetta;1;2.660;8,99;17,34;44,95;21,99;8,23;30,46;5,78;137,75
19085011;Montedoro;Caltanissetta;1;1.356;8,72;8,90;43,59;27,89;26,47;24,84;3,79;144,18
19085012;Mussomeli;Caltanissetta;1;9.919;7,91;17,52;46,99;31,29;6,12;9,92;3,38;123,12
19085013;Niscemi;Caltanissetta;1;24.810;10,14;7,81;66,01;15,24;16,78;8,87;16,98;141,84
19085014;Resuttano;Caltanissetta;1;1.717;9,13;15,07;45,67;24,74;0,71;15,79;5,15;116,27
19085015;Riesi;Caltanissetta;1;10.401;28,28;11,37;34,54;17,29;40,69;6,29;4,91;143,38
19085016;San Cataldo;Caltanissetta;1;20.659;20,11;18,17;64,90;24,18;29,09;30,76;4,29;191,50
19085017;Santa Caterina Villarmosa;Caltanissetta;1;4.578;9,38;27,23;46,89;16,03;10,81;22,11;6,04;138,48
19085018;Serradifalco;Caltanissetta;1;5.454;8,32;14,81;41,59;29,28;31,25;19,66;5,79;150,70
19085020;Sutera;Caltanissetta;1;1.162;8,36;24,71;41,82;8,47;13,51;34,34;6,11;137,32
19085021;Vallelunga Pratameno;Caltanissetta;1;3.057;5,91;16,08;29,54;30,11;5,57;25,70;40,92;153,83
19085022;Villalba;Caltanissetta;1;1.390;15,54;21,77;34,71;43,66;15,53;21,92;16,92;170,05
14070001;Acquaviva Collecroce;Campobasso;1;556;18,59;15,85;54,48;17,42;28,14;6,54;1,10;142,12
14070002;Baranello;Campobasso;1;2.460;5,60;104,21;;;;2,42;;112,22
14070003;Bojano;Campobasso;1;7.537;10,53;;37,94;7,95;5,80;10,52;25,78;98,51
14070004;Bonefro;Campobasso;1;1.191;15,51;7,70;59,90;25,46;22,04;13,10;3,56;147,28
14070005;Busso;Campobasso;1;1.159;35,72;12,02;32,00;23,89;2,68;6,62;;112,93
14070006;Campobasso;Campobasso;1;47.449;3,84;29,38;58,48;8,74;15,46;21,24;18,78;166,83
14070007;Campochiaro;Campobasso;1;578;16,84;157,28;59,02;;;27,34;219,70;482,88
14070009;Campolieto;Campobasso;1;863;26,00;12,83;49,96;9,90;16,71;15,43;1,61;132,44
14070010;Campomarino;Campobasso;1;7.867;11,50;12,16;69,34;17,23;39,88;40,59;39,94;230,65
14070011;Casacalenda;Campobasso;1;1.843;9,29;;55,70;1,05;24,73;16,86;16,54;124,16
14070012;Casalciprano;Campobasso;1;443;39,51;7,50;54,34;9,89;6,77;11,68;;129,68
14070013;Castelbottaccio;Campobasso;1;236;51,80;14,86;68,36;;64,11;34,65;17,26;251,03
14070015;Castelmauro;Campobasso;1;1.141;19,60;9,70;41,95;8,54;5,71;45,28;;130,77
14070016;Castropignano;Campobasso;1;868;26,20;14,61;;15,04;;7,91;57,04;120,81
14070018;Cercepiccola;Campobasso;1;639;17,49;15,25;51,80;1,53;17,49;25,19;1,88;133,33
14070020;Colle d'Anchise;Campobasso;1;737;28,12;17,38;31,45;;18,34;28,81;4,49;130,24
14070021;Colletorto;Campobasso;1;1.643;11,17;8,14;27,62;9,96;20,18;20,59;3,02;100,68
14070022;Duronia;Campobasso;1;392;46,20;51,76;;6,72;56,56;12,61;29,91;203,76
14070023;Ferrazzano;Campobasso;1;3.337;7,65;7,67;57,80;3,32;11,64;3,61;4,32;96,00
14070027;Guardialfiera;Campobasso;1;942;31,10;3,19;;;36,64;15,73;5,05;91,71
14070028;Guardiaregia;Campobasso;1;689;4,49;1,98;16,43;;7,91;37,94;15,75;84,57
14070029;Guglionesi;Campobasso;1;4.865;7,31;7,73;43,83;8,97;;5,39;4,26;77,49
14070031;Larino;Campobasso;1;6.334;8,22;13,47;45,91;9,39;2,31;10,34;11,41;101,05
14070032;Limosano;Campobasso;1;668;23,61;13,52;;35,11;1,84;31,61;21,87;129,80
14070033;Lucito;Campobasso;1;630;;11,58;42,26;32,64;36,10;13,27;1,62;137,47
14070034;Lupara;Campobasso;1;399;25,06;57,64;25,06;;17,54;12,53;32,58;170,43
14070035;Macchia Valfortore;Campobasso;1;470;27,66;21,28;;;;130,66;;179,60
14070036;Mafalda;Campobasso;1;1.086;1,55;17,35;69,72;;3,69;14,88;;107,20
14070037;Matrice;Campobasso;1;1.043;14,49;;73,12;;5,27;87,61;;180,49
14070040;Monacilioni;Campobasso;1;464;15,66;12,93;15,66;;19,78;50,42;;114,44
14070042;Montecilfone;Campobasso;1;1.219;7,95;8,41;47,71;9,76;25,87;21,45;36,86;158,02
14070043;Montefalcone nel Sannio;Campobasso;1;1.349;23,77;4,33;79,48;9,79;;;4,72;122,10
14070044;Montelongo;Campobasso;1;295;;;118,00;19,65;;32,20;2,03;171,89
14070046;Montenero di Bisaccia;Campobasso;1;6.237;21,50;10,41;59,06;12,08;0,45;23,65;28,43;155,58
14070047;Montorio nei Frentani;Campobasso;1;354;13,85;10,06;83,10;6,91;6,29;22,51;11,75;154,47
14070049;Oratino;Campobasso;1;1.712;34,62;8,40;22,15;14,18;3,80;6,10;;89,25
14070050;Palata;Campobasso;1;1.500;8,15;22,04;35,47;;6,83;9,86;2,54;86,10
14070051;Petacciato;Campobasso;1;3.488;8,34;8,82;50,02;10,23;2,93;24,02;17,98;122,35
14070052;Petrella Tifernina;Campobasso;1;1.029;2,09;21,10;31,67;;6,99;13,74;0,23;76,01
14070053;Pietracatella;Campobasso;1;1.234;16,76;27,24;28,25;;3,85;22,06;;98,15
14070055;Portocannone;Campobasso;1;2.320;8,36;8,84;50,14;10,26;7,17;14,64;14,91;114,32
14070060;Roccavivara;Campobasso;1;606;27,24;6,01;64,29;;1,59;20,57;8,56;128,26
14070061;Rotello;Campobasso;1;1.118;17,19;8,40;46,19;;1,79;24,87;;99,78
14070064;San Felice del Molise;Campobasso;1;541;12,99;11,02;48,22;6,03;4,45;11,37;21,77;115,84
14070065;San Giacomo degli Schiavoni;Campobasso;1;1.369;7,08;7,49;42,48;8,69;22,99;14,97;20,32;124,03
14070067;San Giuliano del Sannio;Campobasso;1;975;14,52;12,02;47,97;2,07;14,52;7,11;0,62;98,83
14070068;San Giuliano di Puglia;Campobasso;1;973;;7,17;58,88;;2,72;3,37;0,54;78,80
14070069;San Martino in Pensilis;Campobasso;1;4.469;9,97;7,13;45,43;14,06;11,98;14,77;1,74;105,10
14070070;San Massimo;Campobasso;1;827;15,56;23,16;48,45;;;30,65;12,57;132,85
14070072;Santa Croce di Magliano;Campobasso;1;3.918;10,43;21,72;;44,32;17,38;9,83;5,53;109,20
14070077;Tavenna;Campobasso;1;586;58,41;13,31;13,00;6,84;0,87;26,04;;118,46
14070078;Termoli;Campobasso;1;31.980;12,37;21,24;59,60;27,31;25,73;24,97;29,52;200,75
14070081;Trivento;Campobasso;1;4.343;11,67;15,24;47,34;;3,53;8,00;5,99;93,70
14070082;Tufara;Campobasso;1;774;30,97;15,44;12,95;6,90;7,30;26,32;7,69;107,57
14070083;Ururi;Campobasso;1;2.412;5,55;8,50;59,92;9,87;18,96;23,89;24,78;151,48
14070084;Vinchiaturo;Campobasso;1;3.379;5,33;13,50;54,86;1,64;19,62;2,15;0,90;98,01
15061001;Ailano;Caserta;1;1.142;15,02;19,66;68,45;28,39;34,87;11,64;48,18;226,21
15061002;Alife;Caserta;1;7.360;35,76;;45,51;65,56;12,91;;;159,73
15061003;Alvignano;Caserta;1;4.460;10,33;26,13;61,95;14,25;8,03;13,40;20,81;157,36
15061004;Arienzo;Caserta;1;5.379;18,50;9,99;92,37;35,84;18,16;12,48;14,59;201,93
15061005;Aversa;Caserta;1;49.526;70,79;71,10;41,02;16,89;27,32;10,21;36,03;273,36
15061006;Baia e Latina;Caserta;1;2.004;39,24;35,98;39,24;14,34;30,18;13,07;;172,04
15061008;Caianello;Caserta;1;1.762;47,74;38,88;28,64;23,44;19,09;15,90;14,00;189,96
15061009;Caiazzo;Caserta;1;5.145;17,67;13,28;49,10;17,99;11,18;11,21;2,17;122,62
15061011;Camigliano;Caserta;1;1.970;;30,80;;32,55;13,13;13,11;56,10;145,68
15061012;Cancello ed Arnone;Caserta;1;5.677;14,01;21,36;67,11;35,54;47,16;5,66;1,22;192,59
15061013;Capodrise;Caserta;1;10.030;45,59;19,89;27,35;41,52;18,20;13,13;13,53;179,20
15061015;Capua;Caserta;1;17.791;16,71;36,19;83,53;43,97;33,41;18,25;19,58;251,64
15061016;Carinaro;Caserta;1;7.092;9,89;37,84;56,90;29,46;10,99;9,50;16,95;176,17
15061017;Carinola;Caserta;1;7.075;11,17;59,67;67,00;24,93;8,69;18,25;60,77;250,47
15061018;Casagiove;Caserta;1;12.868;36,17;36,08;92,59;37,45;26,29;4,44;11,19;244,21
15061019;Casal di Principe;Caserta;1;21.419;10,64;52,61;68,99;34,41;1,57;2,46;9,41;180,08
15061103;Casapesenna;Caserta;1;7.025;12,94;58,47;12,94;19,32;11,89;14,77;;130,49
15061021;Casapulla;Caserta;1;8.255;15,90;29,72;69,70;30,64;17,12;12,44;56,87;232,39
15061022;Caserta;Caserta;1;72.485;15,64;45,65;78,35;37,85;58,38;32,15;21,76;290,90
15061023;Castel Campagnano;Caserta;1;1.440;20,97;30,95;88,32;38,34;11,65;26,41;10,70;227,34
15061024;Castel di Sasso;Caserta;1;1.035;23,64;23,98;34,76;3,99;4,87;10,83;3,18;105,25
15061026;Castel Morrone;Caserta;1;3.579;42,95;23,39;27,16;29,26;27,51;7,38;1,46;162,31
15061027;Castel Volturno;Caserta;1;29.466;37,46;120,22;118,03;33,21;33,08;15,73;27,47;385,20
15061028;Cervino;Caserta;1;4.717;58,50;14,05;35,10;41,26;23,37;2,46;22,30;199,48
15061029;Cesa;Caserta;1;9.643;88,61;33,13;54,60;30,01;9,36;12,27;6,33;235,66
15061031;Conca della Campania;Caserta;1;1.149;27,47;12,29;64,09;24,18;;9,36;44,03;181,41
15061032;Curti;Caserta;1;6.623;19,67;52,11;62,01;32,68;17,37;11,89;2,25;197,99
15061033;Dragoni;Caserta;1;1.924;15,96;28,92;60,21;27,86;16,63;17,23;27,17;194,50
15061101;Falciano del Massico;Caserta;1;3.378;52,60;33,84;79,29;31,92;11,83;21,56;18,66;249,69
15061036;Francolise;Caserta;1;4.619;12,09;34,81;32,87;32,14;10,04;16,06;1,72;139,73
15061037;Frignano;Caserta;1;8.956;;61,78;;18,20;;15,54;1,58;97,42
15061038;Gallo Matese;Caserta;1;455;17,07;41,70;16,76;25,49;59,86;48,45;;209,33
15061039;Galluccio;Caserta;1;2.026;16,47;17,89;64,01;21,13;14,20;24,14;13,42;171,26
15061041;Gioia Sannitica;Caserta;1;3.252;27,71;24,86;27,71;7,05;2,04;28,31;18,45;136,42
15061042;Grazzanise;Caserta;1;6.731;33,83;54,44;67,67;26,98;29,23;3,17;0,63;215,95
15061043;Gricignano di Aversa;Caserta;1;12.888;21,83;67,31;56,50;20,89;10,06;18,66;33,28;230,38
15061044;Letino;Caserta;1;628;39,13;13,11;24,09;11,89;18,88;35,73;1,17;144,00
15061045;Liberi;Caserta;1;1.072;10,64;28,10;40,21;8,83;8,28;11,07;21,11;128,23
15061046;Lusciano;Caserta;1;16.203;31,87;27,20;50,08;21,25;9,11;6,10;;145,61
15061047;Macerata Campania;Caserta;1;10.026;15,53;40,88;28,85;27,27;21,52;10,28;10,73;155,06
15061048;Maddaloni;Caserta;1;36.756;32,89;71,81;52,79;13,01;26,65;14,77;13,03;224,96
15061049;Marcianise;Caserta;1;38.285;8,65;40,15;53,53;38,11;14,32;37,35;12,19;204,30
15061050;Marzano Appio;Caserta;1;1.958;34,73;36,03;65,60;12,93;15,58;376,73;;541,59
15061052;Mondragone;Caserta;1;28.820;24,04;55,32;59,22;33,11;14,43;1,24;32,80;220,16
15061054;Parete;Caserta;1;12.708;20,09;22,06;52,91;42,24;6,82;6,66;12,86;163,65
15061055;Pastorano;Caserta;1;2.879;45,15;46,98;106,39;41,05;6,34;29,37;46,93;322,21
15061056;Piana di Monte Verna;Caserta;1;2.047;12,54;33,28;62,72;29,84;13,18;27,24;7,03;190,29
15061057;Piedimonte Matese;Caserta;1;10.060;81,73;26,91;49,04;22,88;32,66;1,61;9,67;224,50
15061058;Pietramelara;Caserta;1;4.433;12,38;27,07;49,52;29,81;6,88;17,15;4,92;147,73
15061059;Pietravairano;Caserta;1;2.800;41,86;30,54;21,44;9,41;13,02;10,04;52,01;178,33
15061060;Pignataro Maggiore;Caserta;1;5.727;33,84;34,52;91,61;49,58;13,23;35,39;12,11;270,27
15061062;Portico di Caserta;Caserta;1;7.697;33,67;47,91;14,66;16,40;14,66;10,39;;137,70
15061063;Prata Sannita;Caserta;1;1.352;21,88;10,12;107,12;6,40;22,77;29,55;1,89;199,73
15061064;Pratella;Caserta;1;1.384;22,96;56,70;31,59;9,77;2,90;4,92;0,43;130,00
15061068;Riardo;Caserta;1;2.223;12,44;37,62;62,19;20,70;8,29;14,35;3,85;159,44
15061070;Roccamonfina;Caserta;1;3.150;85,05;30,11;40,55;28,29;9,19;23,84;69,18;286,21
15061071;Roccaromana;Caserta;1;821;63,72;35,50;13,85;1,47;39,55;11,00;56,39;229,40
15061073;Ruviano;Caserta;1;1.691;25,46;23,17;35,05;21,27;16,71;7,28;;128,94
15061075;San Felice a Cancello;Caserta;1;16.846;25,94;21,60;72,93;1,50;7,51;21,63;39,79;190,91
15061077;San Marcellino;Caserta;1;14.858;20,62;42,86;40,06;27,96;7,82;23,78;32,63;195,74
15061104;San Marco Evangelista;Caserta;1;6.458;21,11;32,38;88,36;42,00;13,84;21,32;24,58;244,60
15061078;San Nicola la Strada;Caserta;1;22.097;14,16;44,59;70,95;13,57;15,02;4,79;18,92;182,00
15061080;San Potito Sannitico;Caserta;1;1.953;;;48,90;41,26;;;;90,16
15061081;San Prisco;Caserta;1;12.156;32,33;37,23;32,33;21,35;16,17;5,51;;144,92
15061085;San Tammaro;Caserta;1;5.782;20,68;41,09;49,64;24,37;12,41;11,56;5,82;165,57
15061082;Santa Maria a Vico;Caserta;1;14.312;29,69;9,82;21,60;37,21;21,32;9,58;2,65;134,16
15061083;Santa Maria Capua Vetere;Caserta;1;32.083;26,90;44,08;84,77;26,36;23,75;8,09;11,14;235,38
15061084;Santa Maria la Fossa;Caserta;1;2.551;23,41;;57,46;32,91;14,10;29,05;14,96;171,90
15061086;Sant'Angelo d'Alife;Caserta;1;2.065;12,15;16,97;40,90;6,36;9,36;13,08;45,66;144,48
15061087;Sant'Arpino;Caserta;1;15.113;19,83;35,22;33,04;25,55;13,22;0,94;5,32;133,12
15061088;Sessa Aurunca;Caserta;1;20.189;55,75;48,69;81,39;29,13;15,70;20,09;111,04;361,79
15061090;Succivo;Caserta;1;8.798;14,76;35,00;53,44;34,55;18,17;5,15;5,89;166,95
15061091;Teano;Caserta;1;11.144;70,81;35,99;10,73;;;;;117,53
15061092;Teverola;Caserta;1;14.957;7,51;35,31;37,53;9,60;7,95;3,00;1,51;102,86
15061093;Tora e Piccilli;Caserta;1;745;113,22;;;;;;;113,22
15061094;Trentola-Ducenta;Caserta;1;20.512;13,54;23,71;25,89;37,64;5,06;12,34;0,62;121,23
15061095;Vairano Patenora;Caserta;1;6.318;62,25;17,35;;19,26;0,68;11,51;30,40;141,45
15061097;Valle di Maddaloni;Caserta;1;2.630;14,48;32,86;64,94;26,65;24,81;10,47;1,80;176,01
15061098;Villa di Briano;Caserta;1;7.385;13,74;50,98;56,33;24,39;12,85;12,08;15,05;185,41
19087001;Aci Bonaccorsi;Catania;1;3.559;10,21;16,55;87,58;26,72;28,20;67,22;10,25;246,73
19087002;Aci Castello;Catania;1;17.782;8,70;12,01;68,86;17,45;41,91;34,98;41,74;225,65
19087005;Aci Sant'Antonio;Catania;1;18.095;9,27;21,88;45,78;25,71;6,52;17,44;2,43;166,57
19087004;Acireale;Catania;1;50.590;69,08;22,77;41,45;19,69;27,59;8,76;68,60;319,79
19087006;Adrano;Catania;1;33.720;17,84;21,03;61,33;24,17;11,10;10,62;;146,09
19087007;Belpasso;Catania;1;28.133;11,12;22,78;51,61;28,76;20,91;12,65;14,75;162,57
19087008;Biancavilla;Catania;1;22.929;6,08;14,78;52,84;25,65;29,70;16,16;6,47;163,58
19087009;Bronte;Catania;1;18.198;17,26;14,03;67,66;22,66;35,69;6,81;13,12;188,72
19087011;Caltagirone;Catania;1;35.628;10,00;20,97;61,91;18,75;22,72;20,22;9,40;163,97
19087012;Camporotondo Etneo;Catania;1;5.176;13,01;14,53;54,26;20,48;12,16;11,69;6,35;160,67
19087013;Castel di Iudica;Catania;1;4.259;13,05;13,75;39,15;8,20;11,46;14,41;1,00;101,03
19087014;Castiglione di Sicilia;Catania;1;2.886;;32,90;;35,47;;206,23;;274,59
19087015;Catania;Catania;1;298.209;22,92;70,78;77,53;3,29;21,87;38,82;22,28;324,57
19087016;Fiumefreddo di Sicilia;Catania;1;9.032;45,63;26,19;35,69;14,31;11,09;9,12;12,61;207,24
19087018;Grammichele;Catania;1;12.405;14,15;12,59;48,51;15,72;14,90;21,60;7,70;135,18
19087019;Gravina di Catania;Catania;1;25.292;7,16;16,60;64,11;20,14;17,27;30,98;5,57;161,83
19087020;Licodia Eubea;Catania;1;2.735;12,20;9,82;57,30;13,65;9,91;15,55;7,89;126,32
19087021;Linguaglossa;Catania;1;4.963;33,57;37,12;33,57;;33,57;14,32;33,43;249,24
19087022;Maletto;Catania;1;3.557;25,76;17,92;50,75;33,36;14,29;8,51;1,87;224,16
19087023;Mascali;Catania;1;14.397;;39,66;;28,60;;15,27;6,60;90,14
19087024;Mascalucia;Catania;1;32.105;15,67;36,67;77,18;39,73;14,75;2,13;5,79;191,92
19087056;Mazzarrone;Catania;1;3.987;10,30;10,50;44,92;13,69;7,88;29,93;6,27;123,50
19087025;Militello in Val di Catania;Catania;1;6.729;10,26;16,09;57,39;11,48;21,37;14,56;8,84;140,00
19087027;Mineo;Catania;1;4.389;15,12;15,64;73,29;8,01;27,92;29,57;1,83;171,39
19087028;Mirabella Imbaccari;Catania;1;4.214;14,28;18,10;55,53;13,51;17,64;20,21;8,68;147,95
19087029;Misterbianco;Catania;1;48.793;14,40;19,86;47,71;13,52;24,16;26,87;;231,64
19087030;Motta Sant'Anastasia;Catania;1;12.060;9,78;18,23;51,14;18,93;7,78;37,35;7,44;161,81
19087032;Palagonia;Catania;1;15.650;9,85;15,25;53,13;10,91;15,91;18,64;15,67;139,37
19087033;Paterno;Catania;1;44.970;8,29;23,65;62,33;23,04;10,94;41,56;12,76;182,57
19087034;Pedara;Catania;1;15.166;13,83;36,86;64,45;;15,67;9,54;0,52;148,51
19087035;Piedimonte Etneo;Catania;1;3.900;43,95;35,05;42,04;39,89;50,72;11,56;3,51;229,28
19087036;Raddusa;Catania;1;2.787;27,24;13,77;34,51;8,12;15,05;21,57;1,13;121,40
19087037;Ramacca;Catania;1;10.187;6,57;16,79;35,71;11,31;6,57;8,24;4,85;90,03
19087038;Randazzo;Catania;1;10.156;23,88;21,53;47,76;19,61;11,94;43,70;13,66;190,93
19087039;Riposto;Catania;1;13.991;26,00;113,09;52,03;23,10;24,64;29,69;5,10;273,64
19087040;San Cono;Catania;1;2.451;10,92;10,08;61,98;10,86;21,83;13,95;9,41;139,02
19087041;San Giovanni la Punta;Catania;1;23.995;19,97;72,04;40,73;30,95;13,17;17,64;33,47;227,98
19087042;San Gregorio di Catania;Catania;1;11.501;5,68;34,87;54,72;27,09;16,35;32,22;10,53;187,25
19087043;San Michele di Ganzaria;Catania;1;2.844;11,69;11,01;74,06;18,39;16,57;20,70;10,07;162,49
19087044;San Pietro Clarenza;Catania;1;8.339;12,72;13,72;63,64;23,93;7,30;13,99;2,94;150,47
19087047;Santa Maria di Licodia;Catania;1;7.530;10,06;18,71;50,30;24,60;22,74;13,96;4,93;145,57
19087048;Santa Venerina;Catania;1;8.426;35,09;40,02;55,07;24,60;7,04;27,31;25,09;214,22
19087045;Sant'Agata li Battiati;Catania;1;9.271;24,71;36,49;54,22;34,59;15,93;52,18;7,35;263,09
19087046;Sant'Alfio;Catania;1;1.514;13,21;45,93;66,05;1,45;29,87;17,66;1,56;175,72
19087049;Scordia;Catania;1;16.023;9,07;14,18;51,48;10,74;18,14;12,73;7,81;124,15
19087050;Trecastagni;Catania;1;11.324;12,84;22,68;59,74;24,19;17,08;12,07;18,23;190,23
19087051;Tremestieri Etneo;Catania;1;19.371;13,03;22,92;67,94;21,97;12,95;9,88;;173,20
19087053;Viagrande;Catania;1;8.935;9,64;30,74;64,74;16,38;14,07;24,83;14,41;195,28
19087054;Vizzini;Catania;1;5.649;11,57;18,55;57,84;10,76;20,70;22,28;1,40;143,11
18079004;Amato;Catanzaro;1;787;53,67;11,53;2,19;;13,10;41,05;;121,54
18079008;Badolato;Catanzaro;1;2.833;13,39;;66,96;11,65;5,11;44,58;;141,68
18079009;Belcastro;Catanzaro;1;1.231;34,24;27,62;48,45;13,61;9,91;10,56;;144,38
18079017;Caraffa di Catanzaro;Catanzaro;1;1.702;88,31;61,69;4,76;;;1,00;6,98;162,74
18079018;Cardinale;Catanzaro;1;1.804;7,79;47,62;9,26;;;1,39;;66,05
18079020;Carlopoli;Catanzaro;1;1.358;51,13;50,35;13,06;;9,57;26,23;;150,34
18079023;Catanzaro;Catanzaro;1;84.115;25,40;42,42;47,06;9,07;30,69;23,18;3,49;187,82
18079025;Centrache;Catanzaro;1;351;46,79;30,02;27,36;4,35;27,96;9,48;1,70;147,66
18079027;Cerva;Catanzaro;1;1.047;8,38;33,30;17,76;0,86;1,44;10,70;10,27;82,72
18079029;Chiaravalle Centrale;Catanzaro;1;5.088;11,52;24,81;13,73;;5,88;36,54;;92,48
18079030;Cicala;Catanzaro;1;854;52,80;50,51;31,68;11,02;;10,89;9,15;166,04
18079033;Conflenti;Catanzaro;1;1.322;27,16;35,93;35,40;;;19,79;;118,29
18079034;Cortale;Catanzaro;1;1.829;6,44;36,07;39,55;5,42;21,29;18,55;0,71;128,03
18079036;Cropani;Catanzaro;1;4.728;14,65;62,88;41,43;17,40;2,06;4,38;0,82;143,62
18079043;Decollatura;Catanzaro;1;2.832;21,11;52,83;53,23;10,28;;155,99;4,86;298,31
18079047;Falerna;Catanzaro;1;3.877;51,36;24,35;26,38;55,03;5,33;17,90;14,09;194,43
18079048;Feroleto Antico;Catanzaro;1;1.957;12,97;29,18;59,12;;2,40;2,95;;106,63
18079052;Fossato Serralta;Catanzaro;1;550;21,47;39,14;40,00;;;11,59;0,73;112,92
18079056;Gasperina;Catanzaro;1;1.861;9,73;25,20;70,90;2,69;17,14;3,07;1,59;130,32
18079058;Gimigliano;Catanzaro;1;2.951;40,38;;39,83;;23,73;13,12;;117,05
18079060;Gizzeria;Catanzaro;1;5.254;8,81;59,52;8,81;4,20;25,17;54,83;;161,33
18079061;Guardavalle;Catanzaro;1;4.112;;;64,33;66,34;17,02;;;147,69
18079063;Isca sullo Ionio;Catanzaro;1;1.471;12,55;54,33;60,72;11,21;5,20;35,53;;179,54
18079160;Lamezia Terme;Catanzaro;1;67.211;25,81;32,81;64,62;17,44;18,22;6,01;6,62;171,51
18079068;Magisano;Catanzaro;1;1.075;33,34;17,08;51,43;8,19;14,47;16,49;2,67;143,67
18079074;Martirano Lombardo;Catanzaro;1;948;22,86;12,13;31,54;;3,19;20,57;;90,29
18079077;Miglierina;Catanzaro;1;705;44,26;15,07;49,04;8,41;18,77;37,22;1,07;175,25
18079080;Montauro;Catanzaro;1;1.821;31,08;65,90;23,55;73,73;22,20;48,04;;264,49
18079081;Montepaone;Catanzaro;1;5.732;17,47;55,83;60,12;5,90;7,14;32,11;;178,58
18079088;Olivadi;Catanzaro;1;487;20,53;60,57;14,37;10,88;;16,43;;122,79
18079092;Pentone;Catanzaro;1;1.841;28,75;12,17;40,72;15,03;5,14;13,06;2,13;116,99
18079095;Petrona;Catanzaro;1;2.347;13,14;37,47;63,02;4,63;4,39;26,36;8,08;157,09
18079096;Pianopoli;Catanzaro;1;2.549;4,84;13,22;25,16;13,40;;4,73;6,82;68,17
18079108;San Floro;Catanzaro;1;693;37,81;39,36;55,58;9,64;9,32;;;151,71
18079114;San Pietro a Maida;Catanzaro;1;3.804;6,43;39,60;40,57;10,27;7,74;17,88;0,70;123,21
18079115;San Pietro Apostolo;Catanzaro;1;1.500;11,13;34,90;20,65;0,27;10,44;46,38;;123,77
18079116;San Sostene;Catanzaro;1;1.427;14,65;;73,23;71,67;5,86;46,67;;212,08
18079122;San Vito sullo Ionio;Catanzaro;1;1.572;27,09;56,45;8,56;;;32,51;;124,61
18079118;Sant'Andrea Apostolo dello Ionio;Catanzaro;1;1.667;17,62;45,13;87,70;14,66;8,88;53,99;;227,97
18079129;Serrastretta;Catanzaro;1;2.907;22,65;13,97;26,75;13,68;3,36;9,99;2,54;118,30
18079131;Settingiano;Catanzaro;1;3.267;57,63;16,52;19,27;19,94;25,56;23,02;;161,93
18079134;Sorbo San Basile;Catanzaro;1;738;37,32;40,15;44,10;16,99;5,97;26,28;3,10;173,92
18079139;Soveria Simeri;Catanzaro;1;1.443;13,77;;47,02;15,64;7,65;15,21;;99,29
18079146;Taverna;Catanzaro;1;2.509;18,10;33,40;71,59;15,39;14,30;36,75;7,25;196,77
18079147;Tiriolo;Catanzaro;1;3.539;15,89;25,94;40,31;;7,07;33,60;;122,82
18079148;Torre di Ruggiero;Catanzaro;1;947;77,01;3,59;;;63,01;2,11;;145,72
13069002;Archi;Chieti;1;1.942;7,95;10,60;71,54;19,92;9,18;21,15;6,10;146,44
13069003;Ari;Chieti;1;1.062;5,95;11,39;52,39;8,91;2,12;52,06;16,80;149,63
13069004;Arielli;Chieti;1;1.053;6,61;13,94;59,54;24,21;7,15;8,88;3,91;124,24
13069005;Atessa;Chieti;1;10.336;5,58;14,71;64,13;45,39;13,42;14,27;32,77;190,27
13069006;Bomba;Chieti;1;709;5,25;9,16;60,38;16,60;11,05;67,39;48,24;218,06
13069007;Borrello;Chieti;1;355;6,97;11,98;62,75;20,45;28,54;17,22;10,91;158,81
13069008;Bucchianico;Chieti;1;4.919;6,68;9,74;46,53;14,39;10,99;30,56;30,77;149,66
13069010;Canosa Sannita;Chieti;1;1.241;5,26;9,59;46,20;20,44;16,10;27,10;15,46;140,16
13069013;Casacanditella;Chieti;1;1.177;7,65;10,12;;15,27;6,32;51,26;11,96;151,34
13069015;Casalbordino;Chieti;1;5.727;15,88;18,83;83,35;34,71;3,87;26,51;40,42;223,57
13069016;Casalincontrada;Chieti;1;2.978;5,94;9,99;42,47;15,81;2,46;28,62;17,06;122,35
13069017;Casoli;Chieti;1;5.111;4,64;13,06;40,93;24,44;7,55;26,81;37,55;154,98
13069018;Castel Frentano;Chieti;1;4.264;9,11;7,05;36,44;14,10;8,04;9,66;14,48;99,58
13069020;Castiglione Messer Marino;Chieti;1;1.476;7,84;8,93;66,13;19,27;12,16;12,43;7,64;134,39
13069021;Celenza sul Trigno;Chieti;1;782;17,67;8,36;68,80;;28,61;23,39;6,87;156,54
13069022;Chieti;Chieti;1;48.585;9,44;;71,35;21,90;50,25;9,85;25,62;188,41
13069023;Civitaluparella;Chieti;1;283;10,80;7,74;88,40;20,32;13,47;24,28;4,13;169,14
13069028;Cupello;Chieti;1;4.789;12,99;18,18;67,22;14,78;15,47;10,67;2,57;141,89
13069104;Fallo;Chieti;1;116;15,20;14,00;136,81;33,75;0,04;46,03;17,75;281,34
13069030;Fara Filiorum Petri;Chieti;1;1.973;5,38;13,44;38,46;16,21;7,15;24,91;27,08;132,63
13069032;Filetto;Chieti;1;833;7,20;6,23;64,78;21,12;0,03;35,41;24,56;159,33
13069033;Fossacesia;Chieti;1;6.246;8,18;16,02;42,94;35,53;4,11;8,96;4,08;119,84
13069034;Fraine;Chieti;1;255;20,66;29,41;108,47;;8,38;6,86;4,06;177,84
13069035;Francavilla al Mare;Chieti;1;25.492;18,92;28,10;75,28;29,36;31,57;43,69;6,43;233,35
13069036;Fresagrandinaria;Chieti;1;912;5,30;11,00;47,69;13,13;3,46;15,11;33,08;128,77
13069037;Frisa;Chieti;1;1.626;7,93;8,68;68,91;24,98;8,48;17,07;5,17;141,23
13069040;Gessopalena;Chieti;1;1.173;9,16;8,50;82,45;25,83;7,73;21,42;17,01;172,09
13069041;Gissi;Chieti;1;2.468;11,19;37,28;63,85;0,54;27,02;9,02;6,41;155,29
13069042;Giuliano Teatino;Chieti;1;1.119;8,13;9,57;64,61;6,58;14,46;11,84;8,39;123,57
13069046;Lanciano;Chieti;1;33.921;10,70;15,65;56,18;29,23;14,46;12,06;28,81;167,09
13069048;Lettopalena;Chieti;1;315;9,92;7,81;89,28;11,85;0,03;8,01;8,97;135,88
13069050;Miglianico;Chieti;1;4.618;5,20;11,66;43,82;23,84;5,41;25,21;26,51;141,64
13069057;Orsogna;Chieti;1;3.652;5,32;6,98;47,91;20,30;7,47;18,58;15,66;122,22
13069058;Ortona;Chieti;1;22.101;8,35;15,26;65,84;37,11;14,72;15,68;15,03;171,98
13069060;Palena;Chieti;1;1.216;12,52;;62,17;22,36;24,72;15,66;0,71;138,14
13069062;Palombaro;Chieti;1;946;7,83;10,91;70,44;16,94;0,03;6,80;3,18;116,13
13069063;Pennadomo;Chieti;1;207;14,95;9,79;123,28;28,15;19,38;40,47;3,32;239,34
13069064;Pennapiedimonte;Chieti;1;399;8,29;8,16;74,61;11,06;0,03;86,57;4,35;193,06
13069066;Pizzoferrato;Chieti;1;970;10,69;9,90;90,32;16,95;;25,35;5,53;158,75
13069071;Rapino;Chieti;1;1.162;6,96;9,56;50,79;14,78;8,06;31,82;18,62;140,59
13069072;Ripa Teatina;Chieti;1;3.889;4,33;8,35;39,57;16,44;0,97;15,67;31,68;117,01
13069073;Roccamontepiano;Chieti;1;1.569;6,44;9,90;50,51;11,85;0,84;38,37;26,99;144,90
13069081;San Giovanni Teatino;Chieti;1;14.412;50,78;27,79;55,82;30,06;27,69;10,04;;213,99
13069082;San Martino sulla Marrucina;Chieti;1;842;6,00;12,03;50,06;13,78;30,27;38,36;18,26;168,77
13069083;San Salvo;Chieti;1;19.789;12,77;33,01;64,34;28,36;17,28;11,51;5,46;172,74
13069085;Sant'Eusanio del Sangro;Chieti;1;2.252;8,28;9,15;74,53;19,73;14,55;6,60;1,86;134,71
13069087;Scerni;Chieti;1;2.946;1,64;23,79;66,74;16,25;9,04;12,18;5,49;135,13
13069088;Schiavi di Abruzzo;Chieti;1;641;57,43;45,31;;5,71;17,43;14,84;89,83;230,55
13069089;Taranta Peligna;Chieti;1;291;10,48;9,38;94,29;24,55;0,03;8,16;3,98;150,87
13069091;Torino di Sangro;Chieti;1;2.873;6,10;18,34;54,61;37,23;5,59;8,70;6,18;136,75
13069092;Tornareccio;Chieti;1;1.642;5,26;7,10;59,84;17,23;1,99;14,08;24,61;130,11
13069094;Torrevecchia Teatina;Chieti;1;4.210;6,82;11,33;35,34;16,40;2,18;20,21;26,37;118,64
13069095;Torricella Peligna;Chieti;1;1.116;13,32;9,15;119,88;25,34;5,68;18,65;3,09;195,10
13069096;Treglio;Chieti;1;1.711;5,13;12,70;46,15;31,33;3,05;25,91;12,63;136,89
13069099;Vasto;Chieti;1;40.815;11,06;17,77;60,86;21,79;18,69;18,84;14,02;163,03
13069102;Villa Santa Maria;Chieti;1;1.110;9,02;10,82;81,17;;8,83;36,09;16,61;178,44
13069101;Villamagna;Chieti;1;2.153;7,04;11,48;54,04;16,48;3,40;31,22;28,61;152,27
03013003;Albavilla;Como;1;6.414;9,08;17,19;46,72;9,08;3,20;18,84;8,01;113,31
03013004;Albese con Cassano;Como;1;4.237;7,19;18,84;46,15;9,95;12,40;15,94;11,33;124,66
03013005;Albiolo;Como;1;2.767;8,40;3,96;49,88;17,58;8,64;25,66;8,28;122,39
03013006;Alserio;Como;1;1.373;6,46;16,23;32,84;13,80;9,39;20,81;1,33;100,85
03013253;Alta Valle Intelvi;Como;1;3.156;45,81;28,57;88,28;;13,60;18,64;4,27;199,17
03013007;Alzate Brianza;Como;1;4.825;16,87;3,46;35,84;8,52;8,10;34,86;14,49;122,13
03013009;Anzano del Parco;Como;1;1.697;9,10;16,43;60,69;2,55;1,08;49,63;2,19;141,67
03013010;Appiano Gentile;Como;1;7.723;6,72;22,71;30,29;11,75;8,15;29,53;5,40;114,54
03013011;Argegno;Como;1;676;22,66;15,44;65,92;23,04;32,17;54,81;7,99;222,03
03013012;Arosio;Como;1;5.132;6,72;21,69;30,99;8,54;14,85;18,04;9,15;111,01
03013013;Asso;Como;1;3.496;11,29;23,45;36,88;10,44;8,42;13,30;;103,79
03013015;Barni;Como;1;588;13,62;23,91;27,25;1,00;24,94;20,59;2,25;113,56
03013250;Bellagio;Como;1;3.586;55,17;81,13;33,36;9,57;37,08;10,20;;226,52
03013021;Bene Lario;Como;1;341;9,13;28,91;13,94;32,82;10,45;30,90;0,19;126,35
03013022;Beregazzo con Figliaro;Como;1;2.825;9,29;12,42;30,25;19,02;2,24;15,31;5,45;93,98
03013023;Binago;Como;1;4.847;7,92;9,48;33,58;10,28;13,99;15,68;10,07;101,00
03013024;Bizzarone;Como;1;1.778;10,04;16,76;42,48;26,77;3,37;11,29;10,04;128,31
03013025;Blessagno;Como;1;304;19,55;;73,31;;;23,55;39,87;156,28
03013028;Bregnano;Como;1;6.452;6,03;8,69;30,39;17,37;5,90;12,01;7,09;87,48
03013029;Brenna;Como;1;2.204;34,33;17,78;33,26;2,19;1,10;35,00;6,05;129,71
03013032;Brunate;Como;1;1.608;14,33;13,31;75,72;7,54;56,15;49,83;24,42;247,01
03013034;Bulgarograsso;Como;1;4.007;8,60;14,15;27,75;14,39;3,12;22,41;0,51;90,92
03013035;Cabiate;Como;1;7.338;4,28;0,86;25,06;32,97;16,24;33,74;15,26;129,71
03013036;Cadorago;Como;1;7.939;4,85;6,59;35,43;17,38;3,56;17,13;3,32;88,25
03013041;Cantu;Como;1;40.023;8,03;0,04;30,07;31,86;17,72;19,42;2,65;109,79
03013042;Canzo;Como;1;5.127;10,14;31,12;24,01;23,86;6,60;9,33;3,67;108,72
03013043;Capiago Intimiano;Como;1;5.439;6,11;12,67;47,42;8,71;12,17;20,64;9,43;117,24
03013044;Carate Urio;Como;1;1.115;13,34;;70,15;4,60;39,95;55,55;17,22;200,81
03013045;Carbonate;Como;1;2.928;10,43;12,49;38,44;16,27;19,06;21,33;3,29;121,31
03013046;Carimate;Como;1;4.414;9,15;9,45;35,46;34,69;16,59;17,69;4,68;128,42
03013048;Carugo;Como;1;6.612;5,14;15,88;24,66;7,35;9,11;20,71;7,20;94,28
03013053;Casnate con Bernate;Como;1;5.044;12,81;20,71;33,60;11,41;7,46;21,55;1,79;109,33
03013055;Cassina Rizzardi;Como;1;3.291;7,24;13,40;24,38;19,88;12,27;16,71;57,34;151,22
03013058;Castelmarte;Como;1;1.257;21,09;42,68;22,67;36,72;;24,13;;147,29
03013059;Castelnuovo Bozzente;Como;1;915;7,93;9,81;46,88;5,95;6,06;6,39;5,90;88,92
03013062;Cavargna;Como;1;170;15,01;42,88;26,62;24,09;40,29;42,86;0,32;192,08
03013254;Centro Valle Intelvi;Como;1;3.750;27,47;;76,63;;8,21;16,33;22,93;151,56
03013063;Cerano d'Intelvi;Como;1;592;20,63;;77,37;;34,07;58,09;1,61;195,15
03013064;Cermenate;Como;1;9.411;10,66;13,09;66,11;39,30;2,72;9,94;18,19;160,00
03013065;Cernobbio;Como;1;6.331;7,94;;35,60;38,05;44,38;27,07;13,08;166,12
03013068;Cirimido;Como;1;2.165;18,30;4,19;26,07;20,39;1,89;8,97;3,88;83,69
03013071;Claino con Osteno;Como;1;544;21,25;39,29;41,39;32,08;3,94;42,08;12,72;199,18
03013074;Colonno;Como;1;434;45,20;9,24;46,95;17,62;20,97;52,53;7,04;199,55
03013251;Colverde;Como;1;5.521;11,54;8,70;36,23;19,07;;50,07;1,54;127,15
03013075;Como;Como;1;83.799;13,63;;46,91;29,26;32,71;17,91;25,47;165,87
03013077;Corrido;Como;1;848;34,35;28,52;16,60;15,80;10,45;22,36;7,47;135,56
03013083;Cremia;Como;1;697;7,91;;21,81;12,21;28,58;114,10;0,49;192,33
03013084;Cucciago;Como;1;3.417;10,70;13,53;34,35;33,05;4,53;14,72;21,89;132,76
03013085;Cusino;Como;1;232;16,50;33,68;21,98;14,95;56,63;72,15;0,16;216,04
03013087;Dizzasco;Como;1;643;19,91;;69,70;;24,84;97,13;29,86;241,44
03013089;Domaso;Como;1;1.412;11,84;66,21;31,53;16,80;16,07;52,54;0,61;195,61
03013090;Dongo;Como;1;3.172;31,43;7,21;15,12;11,90;5,74;24,18;3,46;99,05
03013092;Dosso del Liro;Como;1;237;52,60;;6,12;6,58;0,64;16,11;;82,05
03013095;Erba;Como;1;16.238;2,96;23,94;49,25;9,84;19,18;12,09;12,43;132,48
03013097;Eupilio;Como;1;2.543;16,67;37,97;58,47;13,57;;2,80;;129,48
03013098;Faggeto Lario;Como;1;1.104;27,09;32,53;26,17;3,22;6,97;12,08;;108,05
03013099;Faloppio;Como;1;4.864;8,78;11,51;37,36;20,88;1,76;10,54;2,75;93,57
03013100;Fenegro;Como;1;3.253;7,06;26,21;1,00;8,11;8,69;32,12;7,04;93,31
03013101;Figino Serenza;Como;1;4.923;13,12;31,44;38,68;14,80;7,20;16,24;8,29;137,09
03013102;Fino Mornasco;Como;1;10.018;5,19;8,18;25,87;18,74;9,90;15,28;5,80;88,96
03013106;Garzeno;Como;1;660;11,73;;27,98;13,85;3,20;41,30;0,52;98,58
03013107;Gera Lario;Como;1;1.060;8,38;49,61;23,71;18,21;2,56;32,75;0,60;135,82
03013111;Grandola ed Uniti;Como;1;1.292;15,05;41,25;17,24;16,11;24,23;31,80;14,52;160,21
03013249;Gravedona ed Uniti;Como;1;4.083;8,63;47,97;22,30;12,30;3,91;63,93;0,02;203,12
03013113;Griante;Como;1;583;142,29;96,30;18,15;;56,50;14,07;1,49;328,80
03013114;Guanzate;Como;1;5.739;8,05;10,70;39,24;20,33;14,61;13,48;8,35;114,78
03013118;Inverigo;Como;1;9.236;9,14;16,43;29,57;9,65;10,76;17,68;9,83;105,86
03013119;Laglio;Como;1;857;21,00;;61,14;6,07;33,31;42,13;32,91;196,56
03013120;Laino;Como;1;554;31,67;30,84;36,38;10,21;42,70;94,58;6,26;252,66
03013121;Lambrugo;Como;1;2.527;17,30;12,29;44,36;;4,84;18,05;3,96;100,80
03013123;Lasnigo;Como;1;457;7,99;4,13;15,50;28,63;8,74;21,35;16,44;102,80
03013126;Lezzeno;Como;1;1.918;29,32;45,57;23,09;6,90;9,60;8,75;1,85;125,08
03013128;Limido Comasco;Como;1;3.897;9,37;8,15;37,35;18,32;7,90;19,54;20,75;121,38
03013129;Lipomo;Como;1;5.932;8,02;15,26;41,28;10,73;10,09;16,88;27,17;129,43
03013131;Locate Varesino;Como;1;4.318;5,05;8,81;39,02;23,82;9,83;22,79;22,77;132,10
03013133;Lomazzo;Como;1;9.979;5,30;7,19;23,60;15,68;17,18;17,86;7,91;96,51
03013134;Longone al Segrino;Como;1;1.953;8,09;23,58;35,53;9,76;7,71;8,83;;93,50
03013135;Luisago;Como;1;2.770;9,96;11,90;34,18;19,66;9,58;16,09;4,07;105,45
03013136;Lurago d'Erba;Como;1;5.503;9,14;27,92;41,08;2,43;4,80;16,82;2,87;107,00
03013137;Lurago Marinone;Como;1;2.587;10,43;30,98;33,61;7,91;7,44;13,51;2,61;106,48
03013138;Lurate Caccivio;Como;1;9.726;6,65;8,53;38,59;13,58;9,21;13,42;6,34;96,32
03013143;Mariano Comense;Como;1;25.425;8,25;19,03;30,10;3,88;10,59;9,45;6,26;91,77
03013144;Maslianico;Como;1;3.135;5,88;8,33;50,87;11,64;16,49;20,65;8,82;122,95
03013145;Menaggio;Como;1;3.045;23,81;18,45;52,73;32,50;7,45;65,00;8,43;208,36
03013147;Merone;Como;1;4.040;15,63;16,85;42,04;2,26;2,90;22,33;30,97;132,98
03013153;Monguzzo;Como;1;2.352;13,20;17,47;40,27;15,81;3,75;11,84;1,17;103,50
03013154;Montano Lucino;Como;1;5.408;12,82;;35,57;19,96;17,50;15,10;18,32;121,68
03013157;Montorfano;Como;1;2.535;9,80;19,47;70,04;11,60;14,53;18,92;13,60;157,96
03013159;Mozzate;Como;1;8.735;4,62;;25,65;11,42;12,99;14,19;5,92;75,57
03013160;Musso;Como;1;945;14,15;29,28;43,96;13,78;7,66;35,44;1,10;145,36
03013163;Novedrate;Como;1;2.893;16,65;14,74;58,24;20,65;12,72;28,68;6,65;160,03
03013165;Olgiate Comasco;Como;1;11.988;7,51;15,12;33,74;16,87;8,75;27,37;4,76;116,42
03013169;Oltrona di San Mamette;Como;1;2.366;5,11;;48,59;25,70;6,06;18,36;5,50;109,33
03013170;Orsenigo;Como;1;2.643;8,44;19,35;59,21;10,88;14,85;17,83;15,85;146,40
03013178;Peglio;Como;1;192;62,18;;14,86;7,48;1,65;75,30;0,36;161,83
03013183;Pianello del Lario;Como;1;1.083;67,65;47,72;;;14,92;27,85;;158,13
03013184;Pigra;Como;1;240;43,68;;103,05;;;83,45;166,84;397,03
03013185;Plesio;Como;1;823;22,31;42,95;27,68;11,20;10,84;60,87;0,25;176,08
03013186;Pognana Lario;Como;1;658;36,41;52,23;41,72;8,21;15,23;8,32;;162,13
03013187;Ponna;Como;1;236;24,63;23,47;86,21;;11,67;63,19;1,54;210,71
03013189;Porlezza;Como;1;4.886;26,82;62,74;23,47;8,23;;16,50;0,90;138,65
03013192;Proserpio;Como;1;958;27,21;31,44;29,48;10,42;6,59;14,84;;119,99
03013193;Pusiano;Como;1;1.306;6,95;;33,87;52,84;6,09;6,22;14,81;120,77
03013195;Rezzago;Como;1;306;21,35;33,80;28,34;5,91;29,47;26,88;;145,74
03013197;Rodero;Como;1;1.281;7,98;7,42;32,73;25,37;5,79;52,75;10,37;142,41
03013199;Ronago;Como;1;1.660;10,94;12,93;34,29;20,27;;10,51;6,64;95,58
03013201;Rovellasca;Como;1;8.009;2,58;3,30;28,22;26,16;11,86;16,51;8,95;97,57
03013202;Rovello Porro;Como;1;6.298;4,43;0,90;27,79;37,29;6,21;18,85;4,72;101,35
03013203;Sala Comacina;Como;1;468;76,79;21,02;58,11;25,32;25,17;23,98;2,62;233,01
03013204;San Bartolomeo Val Cavargna;Como;1;956;8,45;34,19;12,63;6,92;13,65;20,66;0,12;96,61
03013206;San Fermo della Battaglia;Como;1;7.732;16,71;19,73;40,04;12,52;4,50;6,91;7,14;107,54
03013207;San Nazzaro Val Cavargna;Como;1;262;48,72;40,00;19,86;15,00;9,20;38,97;0,22;171,97
03013211;Schignano;Como;1;879;20,45;;85,01;;0,42;29,26;1,80;136,94
03013212;Senna Comasco;Como;1;3.159;6,54;;45,52;21,42;4,54;24,32;0,73;122,96
03013255;Solbiate con Cagno;Como;1;4.681;11,68;;33,34;19,00;8,89;24,47;3,43;100,80
03013217;Sormano;Como;1;646;17,04;37,13;36,67;8,07;26,72;53,00;;178,62
03013222;Tavernerio;Como;1;5.636;7,24;17,10;46,11;12,23;6,30;21,80;10,62;121,40
03013252;Tremezzina;Como;1;4.995;17,84;12,72;71,58;20,85;11,69;48,21;28,09;224,73
03013226;Trezzone;Como;1;239;26,66;;13,63;43,79;10,08;52,37;0,01;146,55
03013227;Turate;Como;1;9.800;7,48;14,43;33,42;13,40;12,86;11,53;7,84;100,96
03013228;Uggiate-Trevano;Como;1;5.236;8,98;10,93;34,15;21,48;1,12;10,05;10,82;97,54
03013233;Val Rezzo;Como;1;165;53,88;30,36;5,92;8,05;33,70;48,16;;180,07
03013232;Valmorea;Como;1;2.623;7,55;7,47;28,42;20,79;16,83;21,02;7,83;117,62
03013234;Valsolda;Como;1;1.426;40,07;43,22;20,88;17,66;;8,09;0,86;130,79
03013238;Veniano;Como;1;3.135;11,06;17,48;37,29;30,81;4,46;8,32;1,55;110,96
03013239;Vercana;Como;1;728;9,23;;23,73;62,72;10,36;48,70;6,56;161,29
03013242;Vertemate con Minoprio;Como;1;4.158;7,99;8,52;26,13;25,80;10,50;13,25;12,69;104,88
03013245;Villa Guardia;Como;1;7.852;14,67;;32,26;29,43;10,53;18,38;38,54;145,66
18078003;Acri;Cosenza;1;18.574;27,17;0,38;54,01;53,73;;2,41;44,06;183,85
18078004;Aiello Calabro;Cosenza;1;1.375;42,25;29,40;45,79;;;18,61;;136,04
18078005;Aieta;Cosenza;1;740;48,19;;;46,21;;26,20;17,51;168,12
18078009;Altomonte;Cosenza;1;3.997;14,16;29,51;30,13;;;37,92;1,07;119,17
18078010;Amantea;Cosenza;1;13.821;;43,11;111,42;20,00;13,56;4,76;;192,85
18078016;Bianchi;Cosenza;1;1.172;27,98;27,08;37,82;;;29,18;;122,05
18078017;Bisignano;Cosenza;1;9.475;30,90;27,08;57,25;14,58;2,22;13,51;5,52;154,31
18078018;Bocchigliero;Cosenza;1;1.040;23,60;41,90;77,61;29,12;;7,71;34,37;214,30
18078019;Bonifati;Cosenza;1;2.570;32,96;92,28;138,44;;8,85;32,82;8,85;314,19
18078020;Buonvicino;Cosenza;1;1.995;34,21;28,87;22,70;13,70;12,81;1,43;2,51;129,54
18078021;Calopezzati;Cosenza;1;1.247;70,00;47,07;87,66;12,22;9,92;31,20;13,33;271,41
18078022;Caloveto;Cosenza;1;1.091;23,17;50,16;36,87;;1,84;6,81;0,29;119,13
18078023;Campana;Cosenza;1;1.430;68,86;37,76;9,50;;52,36;6,01;1,57;176,06
18078027;Carpanzano;Cosenza;1;195;61,54;71,79;;;101,23;98,44;34,87;367,87
18078156;Casali del Manco;Cosenza;1;9.422;12,47;25,19;62,34;40,89;11,60;6,45;;158,95
18078030;Castiglione Cosentino;Cosenza;1;2.695;14,54;35,49;34,07;5,07;8,15;25,75;;138,56
18078031;Castrolibero;Cosenza;1;9.173;18,21;57,37;25,27;16,41;11,18;11,22;29,14;180,25
18078032;Castroregio;Cosenza;1;221;10,43;86,12;;;13,66;28,80;;139,01
18078033;Castrovillari;Cosenza;1;20.643;16,64;50,36;74,28;40,18;;7,77;9,35;198,57
18078034;Celico;Cosenza;1;2.514;26,63;59,35;28,54;;4,23;49,36;0,40;197,70
18078035;Cellara;Cosenza;1;479;7,37;21,28;36,82;6,27;15,77;24,16;0,15;111,83
18078037;Cerisano;Cosenza;1;2.908;13,56;42,78;61,71;15,32;;33,42;6,71;173,49
18078038;Cervicati;Cosenza;1;785;35,28;14,22;25,92;9,36;;19,42;15,91;120,12
18078039;Cerzeto;Cosenza;1;1.199;13,16;23,27;31,64;8,69;8,50;12,95;9,30;107,50
18078040;Cetraro;Cosenza;1;9.378;16,51;43,63;79,71;14,22;9,00;10,66;43,17;216,89
18078042;Cleto;Cosenza;1;1.231;60,37;32,33;147,09;12,51;;1,82;5,50;262,48
18078043;Colosimi;Cosenza;1;1.108;33,23;27,20;60,36;;;33,01;;153,81
18078157;Corigliano-Rossano;Cosenza;1;74.091;46,99;70,76;30,65;9,98;33,93;12,60;6,68;218,98
18078045;Cosenza;Cosenza;1;63.693;11,15;39,78;78,00;23,75;55,63;26,73;8,02;256,50
18078046;Cropalati;Cosenza;1;976;78,17;37,83;7,21;;16,16;19,55;1,94;160,86
18078047;Crosia;Cosenza;1;9.672;31,17;44,56;47,10;;20,18;6,74;29,54;179,29
18078048;Diamante;Cosenza;1;5.019;85,86;39,93;38,57;9,98;13,83;7,19;133,00;328,35
18078050;Domanico;Cosenza;1;931;15,46;40,05;27,05;4,16;;36,67;2,59;125,98
18078051;Fagnano Castello;Cosenza;1;3.334;56,40;36,81;5,64;2,12;9,65;33,92;2,95;163,98
18078053;Figline Vegliaturo;Cosenza;1;1.120;53,94;28,49;46,13;16,28;;19,57;2,07;166,49
18078055;Fiumefreddo Bruzio;Cosenza;1;3.162;20,70;39,58;37,25;;30,13;52,08;3,17;182,91
18078056;Francavilla Marittima;Cosenza;1;2.760;7,26;21,88;25,43;8,84;3,89;24,93;36,23;128,46
18078057;Frascineto;Cosenza;1;1.874;26,46;10,07;17,32;1,76;;22,11;3,62;81,33
18078058;Fuscaldo;Cosenza;1;7.777;7,78;45,10;36,00;17,36;11,06;18,12;12,90;151,49
18078062;Lago;Cosenza;1;2.290;35,74;49,75;18,95;;9,79;12,60;38,62;165,46
18078065;Lappano;Cosenza;1;868;10,17;39,40;10,11;17,84;72,01;34,19;1,50;185,21
18078066;Lattarico;Cosenza;1;3.719;15,76;15,19;62,84;15,19;;9,40;0,56;118,94
18078067;Longobardi;Cosenza;1;2.888;47,07;44,00;3,78;10,75;11,81;12,31;2,59;168,58
18078068;Longobucco;Cosenza;1;2.534;5,16;24,20;25,82;12,13;23,59;86,50;5,29;182,70
18078070;Luzzi;Cosenza;1;8.726;13,27;49,51;53,43;16,56;6,45;17,62;;156,84
18078072;Malito;Cosenza;1;693;27,56;38,10;35,44;;;30,93;7,23;139,26
18078073;Malvito;Cosenza;1;1.615;18,61;16,66;18,61;16,37;;75,89;13,46;159,61
18078074;Mandatoriccio;Cosenza;1;2.417;59,12;65,12;41,35;29,26;25,12;44,13;77,07;363,70
18078076;Marano Marchesato;Cosenza;1;3.336;5,60;39,29;29,46;8,67;;8,11;0,55;91,68
18078077;Marano Principato;Cosenza;1;3.033;81,14;24,01;2,18;16,01;;18,49;2,82;152,84
18078080;Mongrassano;Cosenza;1;1.459;17,53;2,26;97,49;;;;1,12;118,40
18078081;Montalto Uffugo;Cosenza;1;20.087;13,35;56,76;57,35;16,64;;9,32;7,83;161,25
18078083;Morano Calabro;Cosenza;1;3.843;19,52;28,68;;;7,11;51,74;5,21;112,27
18078085;Mottafollone;Cosenza;1;1.072;41,73;32,42;;14,72;28,86;1,18;12,31;131,21
18078090;Panettieri;Cosenza;1;310;13,10;45,69;11,15;;3,52;39,20;;112,67
18078091;Paola;Cosenza;1;14.791;13,03;32,95;42,32;50,38;53,52;8,56;3,12;221,48
18078092;Papasidero;Cosenza;1;604;85,81;57,75;;;3,60;3,60;0,32;151,09
18078093;Parenti;Cosenza;1;1.976;12,15;43,52;7,09;;5,06;17,71;;85,53
18078094;Paterno Calabro;Cosenza;1;1.331;36,94;31,21;3,75;3,75;1,54;61,36;0,73;139,28
18078096;Pedivigliano;Cosenza;1;727;13,76;68,78;4,13;;2,75;56,00;;145,41
18078097;Piane Crati;Cosenza;1;1.336;12,24;22,01;48,95;33,01;9,49;3,70;0,80;130,20
18078099;Pietrapaola;Cosenza;1;1.024;45,27;42,59;98,52;1,13;42,30;28,53;44,17;302,51
18078101;Praia a Mare;Cosenza;1;6.367;45,68;77,18;54,25;;13,50;46,44;66,02;303,08
18078102;Rende;Cosenza;1;36.657;12,13;52,86;56,11;39,82;40,83;20,13;18,88;240,75
18078103;Rocca Imperiale;Cosenza;1;3.169;44,74;51,61;;;31,56;3,20;;131,10
18078104;Roggiano Gravina;Cosenza;1;6.764;26,01;35,40;3,21;2,01;;4,44;14,87;86,66
18078105;Rogliano;Cosenza;1;5.196;75,64;45,01;;;13,71;12,20;1,39;147,95
18078106;Rose;Cosenza;1;4.113;18,73;43,10;31,66;9,28;2,33;5,82;2,76;113,67
18078107;Roseto Capo Spulico;Cosenza;1;1.863;;31,92;44,27;17,01;61,06;80,77;;235,03
18078110;Rovito;Cosenza;1;2.982;13,11;23,75;14,10;37,85;14,45;21,51;4,24;129,03
18078111;San Basile;Cosenza;1;914;4,75;21,93;28,48;16,66;14,26;29,08;;115,15
18078112;San Benedetto Ullano;Cosenza;1;1.365;11,83;25,05;15,24;9,16;;29,13;;101,16
18078113;San Cosmo Albanese;Cosenza;1;558;9,59;22,39;57,55;23,12;11,85;14,30;;165,68
18078114;San Demetrio Corone;Cosenza;1;3.022;19,19;23,49;38,19;9,76;14,24;3,14;8,73;116,75
18078115;San Donato di Ninea;Cosenza;1;1.066;14,20;39,62;71,92;;19,74;19,27;18,71;186,28
18078118;San Giorgio Albanese;Cosenza;1;1.310;8,41;8,39;50,44;9,87;10,38;21,79;;109,28
18078119;San Giovanni in Fiore;Cosenza;1;15.706;;40,60;67,73;;;6,64;0,72;126,19
18078120;San Lorenzo Bellizzi;Cosenza;1;509;10,81;7,86;12,77;;;29,47;;60,90
18078121;San Lorenzo del Vallo;Cosenza;1;3.078;8,12;;57,58;32,49;8,12;13,00;;119,31
18078123;San Marco Argentano;Cosenza;1;6.855;27,18;26,21;24,21;;13,27;13,55;24,71;129,13
18078126;San Pietro in Amantea;Cosenza;1;469;56,84;23,94;6,65;;6,40;24,52;;187,20
18078127;San Pietro in Guarano;Cosenza;1;3.336;17,23;19,66;33,54;23,35;32,00;10,68;2,14;138,61
18078128;San Sosti;Cosenza;1;1.856;17,03;48,98;21,54;25,24;1,33;29,22;2,34;175,27
18078135;San Vincenzo La Costa;Cosenza;1;1.964;12,27;30,46;37,14;;12,27;21,36;18,49;132,00
18078117;Sangineto;Cosenza;1;1.221;28,53;98,43;142,10;25,21;19,11;72,80;14,31;400,51
18078130;Santa Domenica Talao;Cosenza;1;1.131;101,44;;;;;89,30;;190,74
18078132;Santa Maria del Cedro;Cosenza;1;5.093;100,46;145,31;29,56;16,74;43,04;22,19;;357,30
18078133;Santa Sofia d'Epiro;Cosenza;1;2.123;18,87;42,87;;18,87;7,23;43,47;;131,31
18078131;Sant'Agata di Esaro;Cosenza;1;1.666;45,35;27,34;48,49;;9,61;10,85;26,62;168,26
18078134;Santo Stefano di Rogliano;Cosenza;1;1.749;9,77;21,73;22,80;18,57;5,42;76,60;;154,90
18078136;Saracena;Cosenza;1;3.363;16,59;41,31;39,30;16,07;14,33;13,02;10,43;151,05
18078138;Scalea;Cosenza;1;11.427;99,60;131,27;66,44;;35,63;77,33;76,01;486,28
18078139;Scigliano;Cosenza;1;1.110;30,04;27,16;40,95;;;31,84;5,87;135,85
18078140;Serra d'Aiello;Cosenza;1;534;46,63;34,36;69,87;;9,58;23,03;;183,47
18078142;Spezzano Albanese;Cosenza;1;6.543;9,28;18,58;18,97;38,20;13,23;6,01;3,89;108,16
18078145;Tarsia;Cosenza;1;1.833;25,63;55,99;88,40;1,39;6,02;36,54;;213,96
18078146;Terranova da Sibari;Cosenza;1;4.549;20,20;19,22;20,42;19,22;17,31;4,86;;104,84
18078148;Torano Castello;Cosenza;1;4.301;7,19;48,03;30,63;11,65;5,08;35,28;6,94;144,79
18078149;Tortora;Cosenza;1;5.974;19,71;28,47;55,91;34,59;32,53;14,21;66,58;252,01
18078150;Trebisacce;Cosenza;1;8.633;10,80;34,33;49,42;;18,91;27,09;3,31;143,85
18078152;Vaccarizzo Albanese;Cosenza;1;994;6,76;15,41;26,54;21,75;8,20;54,23;;132,90
18078154;Villapiana;Cosenza;1;5.479;61,09;56,54;90,42;16,63;11,31;120,77;2,55;359,31
18078155;Zumpano;Cosenza;1;2.605;47,90;38,59;;4,90;4,55;61,17;;163,14
03019001;Acquanegra Cremonese;Cremona;1;1.141;10,27;;24,25;33,57;20,37;27,48;13,03;130,09
03019002;Agnadello;Cremona;1;3.889;6,23;30,65;23,28;0,30;8,51;31,37;18,90;119,53
03019003;Annicco;Cremona;1;1.966;2,96;6,80;27,65;36,74;7,22;17,35;17,66;116,67
03019004;Azzanello;Cremona;1;617;11,25;0,44;54,16;31,99;10,62;30,51;3,13;144,74
03019005;Bagnolo Cremasco;Cremona;1;4.999;2,71;34,04;17,80;;9,14;25,68;15,00;104,67
03019006;Bonemerse;Cremona;1;1.462;9,32;8,16;31,82;10,43;7,13;33,21;17,74;118,31
03019007;Bordolano;Cremona;1;582;12,00;0,64;44,57;24,94;34,18;18,59;3,24;140,64
03019009;Calvatone;Cremona;1;1.154;15,86;1,00;40,26;26,16;4,73;29,89;2,90;123,75
03019010;Camisano;Cremona;1;1.243;5,81;6,38;26,42;22,49;4,69;32,81;34,31;133,21
03019011;Campagnola Cremasca;Cremona;1;651;3,43;9,16;30,69;20,92;6,89;67,23;15,88;154,39
03019012;Capergnanica;Cremona;1;2.140;3,52;6,96;21,60;28,79;1,89;19,10;13,64;95,67
03019013;Cappella Cantone;Cremona;1;545;11,75;;27,70;39,94;15,16;76,11;6,47;178,42
03019014;Cappella de' Picenardi;Cremona;1;406;14,33;12,54;43,99;16,04;3,39;38,58;14,68;143,85
03019016;Casalbuttano ed Uniti;Cremona;1;3.728;12,51;0,89;49,85;29,39;20,45;21,18;3,38;140,33
03019017;Casale Cremasco-Vidolasco;Cremona;1;1.828;2,55;27,61;21,68;0,20;14,10;28,66;21,81;116,94
03019018;Casaletto Ceredano;Cremona;1;1.135;4,83;8,49;25,88;27,01;3,87;43,93;18,18;132,52
03019019;Casaletto di Sopra;Cremona;1;510;6,69;8,99;24,12;29,75;7,05;9,19;13,73;99,80
03019020;Casaletto Vaprio;Cremona;1;1.791;2,90;6,15;19,66;32,44;8,44;40,31;23,70;133,91
03019021;Casalmaggiore;Cremona;1;15.173;11,83;0,82;66,61;31,84;15,04;38,27;13,30;179,25
03019022;Casalmorano;Cremona;1;1.674;4,63;8,55;19,49;23,88;9,64;34,09;17,83;118,37
03019023;Casteldidone;Cremona;1;546;18,19;0,49;46,89;22,17;6,23;25,44;13,53;135,66
03019025;Castelleone;Cremona;1;9.319;4,70;10,94;20,77;21,67;7,66;27,25;16,37;109,73
03019026;Castelverde;Cremona;1;5.623;18,51;0,94;51,41;29,72;2,16;36,73;16,88;158,95
03019027;Castelvisconti;Cremona;1;314;9,44;;22,26;55,08;13,19;19,48;5,02;124,46
03019028;Cella Dati;Cremona;1;478;8,17;7,15;33,74;9,14;9,50;30,83;8,44;134,72
03019029;Chieve;Cremona;1;2.280;4,24;23,16;26,55;;9,05;41,07;23,64;128,03
03019030;Cicognolo;Cremona;1;921;17,59;0,61;46,31;32,67;4,28;24,00;39,57;167,75
03019031;Cingia de' Botti;Cremona;1;1.126;12,23;1,34;55,89;36,10;10,32;26,47;17,14;161,98
03019032;Corte de' Cortesi con Cignone;Cremona;1;1.057;8,97;;16,46;41,41;2,51;22,12;4,99;97,45
03019033;Corte de' Frati;Cremona;1;1.333;16,11;0,78;47,26;26,12;5,01;22,13;3,14;123,17
03019034;Credera Rubbiano;Cremona;1;1.532;1,75;4,83;24,41;26,72;11,69;47,00;19,05;135,80
03019035;Crema;Cremona;1;33.920;4,16;11,38;23,82;19,20;13,50;26,33;21,92;120,78
03019036;Cremona;Cremona;1;71.094;11,58;12,20;41,48;16,72;21,24;32,05;15,67;151,46
03019037;Cremosano;Cremona;1;1.722;3,11;7,22;20,12;23,01;14,56;45,00;16,62;129,96
03019038;Crotta d'Adda;Cremona;1;616;7,25;;17,20;35,02;6,95;35,55;3,99;106,75
03019039;Cumignano sul Naviglio;Cremona;1;402;4,95;37,98;37,03;0,40;15,16;25,44;18,74;140,07
03019040;Derovere;Cremona;1;278;12,72;0,83;55,82;19,55;6,92;30,31;34,38;166,71
03019041;Dovera;Cremona;1;3.766;2,08;6,42;16,72;22,37;6,67;56,30;18,20;128,90
03019043;Fiesco;Cremona;1;1.202;3,65;6,40;23,35;16,17;5,01;63,17;26,18;144,55
03019044;Formigara;Cremona;1;996;2,81;37,08;26,53;0,60;10,33;33,49;13,62;124,47
03019045;Gabbioneta-Binanuova;Cremona;1;853;11,35;9,93;38,76;12,71;11,44;54,52;25,05;171,30
03019046;Gadesco-Pieve Delmona;Cremona;1;1.896;15,22;1,00;53,64;30,41;1,69;25,25;8,54;144,34
03019047;Genivolta;Cremona;1;1.116;5,15;6,90;27,44;31,64;10,92;31,97;18,65;132,97
03019048;Gerre de' Caprioli;Cremona;1;1.322;11,83;0,79;60,53;25,40;4,17;25,88;10,64;140,48
03019049;Gombito;Cremona;1;620;4,40;6,33;28,03;20,63;3,32;36,44;21,44;120,91
03019050;Grontardo;Cremona;1;1.490;15,83;0,64;44,73;23,17;2,20;20,47;2,77;110,94
03019051;Grumello Cremonese ed Uniti;Cremona;1;1.694;9,58;;23,10;37,84;8,28;26,22;5,28;111,36
03019052;Gussola;Cremona;1;2.651;17,14;0,52;57,36;25,30;4,02;30,02;2,92;144,94
03019053;Isola Dovarese;Cremona;1;1.071;39,00;0,73;51,81;29,79;;26,19;6,89;157,74
03019054;Izano;Cremona;1;1.954;2,71;6,35;15,29;29,89;16,43;50,99;18,51;140,46
03019055;Madignano;Cremona;1;2.773;2,25;6,03;22,74;26,79;10,37;13,72;26,72;108,98
03019056;Malagnino;Cremona;1;1.755;11,45;0,67;58,90;25,64;4,43;21,94;13,63;137,87
03019057;Martignana di Po;Cremona;1;2.016;13,50;0,32;59,65;22,30;;23,55;3,81;125,38
03019058;Monte Cremasco;Cremona;1;2.253;2,96;41,64;17,12;;12,75;44,12;15,46;134,36
03019059;Montodine;Cremona;1;2.442;2,25;6,47;18,76;16,61;8,28;40,84;22,74;116,24
03019061;Motta Baluffi;Cremona;1;795;13,26;2,33;57,65;27,09;7,98;29,00;21,30;160,93
03019062;Offanengo;Cremona;1;5.971;2,57;8,36;14,56;23,53;6,97;39,22;17,25;112,74
03019063;Olmeneta;Cremona;1;902;17,92;0,63;49,10;24,57;2,37;22,34;3,19;122,97
03019064;Ostiano;Cremona;1;2.768;12,08;0,73;43,71;33,65;15,28;30,84;10,95;150,07
03019065;Paderno Ponchielli;Cremona;1;1.311;19,90;0,67;44,40;24,49;1,99;17,73;14,69;126,38
03019066;Palazzo Pignano;Cremona;1;3.813;8,76;6,32;21,39;24,87;3,29;17,55;14,03;96,39
03019067;Pandino;Cremona;1;8.916;4,05;11,07;18,42;19,47;11,66;45,18;18,80;129,07
03019068;Persico Dosimo;Cremona;1;3.269;13,22;0,70;54,22;26,19;4,08;20,66;3,66;125,30
03019069;Pescarolo ed Uniti;Cremona;1;1.521;10,33;9,25;36,97;11,30;11,21;37,86;11,39;128,90
03019070;Pessina Cremonese;Cremona;1;559;32,45;0,85;52,99;34,03;4,90;28,70;3,97;161,10
03019116;Piadena Drizzona;Cremona;1;4.002;16,56;0,80;69,27;27,36;16,39;37,47;11,75;182,24
03019072;Pianengo;Cremona;1;2.531;3,02;6,41;19,68;20,24;9,44;39,31;27,99;126,37
03019073;Pieranica;Cremona;1;1.107;2,60;5,24;24,95;22,58;3,64;35,69;19,70;114,39
03019074;Pieve d'Olmi;Cremona;1;1.225;34,16;0,78;47,71;22,36;3,27;19,87;19,49;150,07
03019075;Pieve San Giacomo;Cremona;1;1.635;17,64;0,65;37,38;24,09;13,20;17,83;13,75;126,95
03019076;Pizzighettone;Cremona;1;6.249;5,60;27,09;19,74;1,21;10,39;20,33;22,65;107,80
03019077;Pozzaglio ed Uniti;Cremona;1;1.435;11,60;0,80;41,58;22,96;12,75;23,13;16,88;132,11
03019078;Quintano;Cremona;1;920;3,18;7,22;26,75;23,70;8,51;41,91;14,72;126,30
03019079;Ricengo;Cremona;1;1.733;3,29;7,96;18,78;19,00;3,00;31,46;14,77;98,56
03019080;Ripalta Arpina;Cremona;1;1.052;2,62;30,56;24,25;0,87;4,06;35,46;13,23;111,33
03019081;Ripalta Cremasca;Cremona;1;3.445;2,29;5,05;17,84;25,97;12,86;54,21;33,47;152,00
03019082;Ripalta Guerina;Cremona;1;546;4,32;5,97;28,29;35,80;1,00;61,08;13,61;150,35
03019083;Rivarolo del Re ed Uniti;Cremona;1;1.830;17,75;0,43;48,93;33,26;6,33;24,57;5,70;139,52
03019084;Rivolta d'Adda;Cremona;1;8.243;5,72;;24,17;19,63;20,46;6,30;9,49;91,87
03019085;Robecco d'Oglio;Cremona;1;2.261;12,43;;26,27;37,81;7,25;34,55;7,75;127,16
03019086;Romanengo;Cremona;1;3.222;3,48;6,24;20,68;22,65;4,26;23,35;15,00;95,96
03019087;Salvirola;Cremona;1;1.132;3,72;38,21;21,56;;1,27;63,99;16,97;146,03
03019088;San Bassano;Cremona;1;2.077;9,41;;18,09;47,60;2,71;38,72;11,16;128,50
03019089;San Daniele Po;Cremona;1;1.256;13,06;11,43;44,58;14,62;12,26;41,35;4,59;142,24
03019090;San Giovanni in Croce;Cremona;1;1.918;11,78;1,63;66,80;43,13;0,76;25,75;4,79;157,18
03019091;San Martino del Lago;Cremona;1;381;12,38;0,48;63,73;28,23;;16,26;3,46;126,60
03019092;Scandolara Ravara;Cremona;1;1.291;13,66;0,59;61,39;24,07;6,64;23,59;15,11;147,72
03019093;Scandolara Ripa d'Oglio;Cremona;1;509;12,95;0,60;51,55;25,25;1,24;38,23;2,98;134,75
03019094;Sergnano;Cremona;1;3.473;2,23;22,11;17,91;0,11;9,94;31,41;18,49;102,49
03019095;Sesto ed Uniti;Cremona;1;3.229;8,63;;20,14;43,33;10,50;31,32;10,22;125,52
03019096;Solarolo Rainerio;Cremona;1;929;11,51;0,99;63,99;34,16;;29,13;12,38;154,71
03019097;Soncino;Cremona;1;7.519;3,52;10,03;22,95;13,73;8,80;40,23;21,94;121,56
03019098;Soresina;Cremona;1;9.062;10,57;;24,97;37,13;4,60;33,98;8,99;121,40
03019099;Sospiro;Cremona;1;3.042;12,04;1,48;46,17;24,12;4,84;24,71;11,40;127,69
03019100;Spinadesco;Cremona;1;1.432;10,28;;24,38;43,55;2,88;39,85;6,65;128,73
03019101;Spineda;Cremona;1;601;17,33;0,54;25,35;31,47;6,07;22,80;15,61;121,80
03019102;Spino d'Adda;Cremona;1;7.005;33,46;30,98;21,62;1,70;4,42;34,60;15,94;142,72
03019103;Stagno Lombardo;Cremona;1;1.434;19,10;0,81;59,72;26,46;2,34;25,43;9,61;146,12
03019104;Ticengo;Cremona;1;442;4,40;8,31;25,61;23,47;24,96;10,29;14,38;111,73
03019105;Torlino Vimercati;Cremona;1;473;4,30;26,28;31,84;;5,69;25,11;13,81;107,34
03019106;Tornata;Cremona;1;409;19,46;0,83;41,56;19,29;6,72;32,65;2,68;124,32
03019107;Torre de' Picenardi;Cremona;1;2.155;34,71;0,62;47,86;23,84;0,18;21,05;2,78;136,56
03019108;Torricella del Pizzo;Cremona;1;579;11,85;0,47;50,79;31,67;24,25;30,24;3,36;174,95
03019109;Trescore Cremasco;Cremona;1;2.850;6,32;6,03;35,76;16,77;11,93;16,90;9,13;102,85
03019111;Vaiano Cremasco;Cremona;1;3.525;3,98;9,11;24,85;21,50;11,82;30,10;19,28;120,97
03019112;Vailate;Cremona;1;4.633;3,40;8,43;22,66;19,30;9,60;33,43;12,40;109,38
03019114;Volongo;Cremona;1;455;8,34;0,52;43,72;16,61;14,18;64,46;15,20;165,38
03019115;Voltido;Cremona;1;331;12,98;0,80;73,06;36,01;;28,23;9,14;162,44
18101001;Belvedere di Spinello;Crotone;1;1.930;20,73;18,13;12,95;18,13;5,18;51,81;;126,94
18101003;Carfizzi;Crotone;1;501;55,51;59,52;11,73;9,72;3,78;13,70;;153,97
18101005;Castelsilano;Crotone;1;888;30,82;66,70;;;;19,26;0,31;117,09
18101006;Cerenzia;Crotone;1;1.025;42,24;42,15;5,87;1,55;11,71;;;103,52
18101008;Ciro Marina;Crotone;1;14.143;52,09;30,39;16,16;8,69;28,32;39,53;;175,18
18101009;Cotronei;Crotone;1;5.195;30,35;78,54;10,61;9,32;2,70;23,99;12,48;175,88
18101010;Crotone;Crotone;1;58.294;28,16;66,04;38,83;27,25;23,84;35,61;5,44;225,16
18101011;Crucoli;Crotone;1;2.761;54,42;61,61;37,11;;12,37;31,58;;197,09
18101012;Cutro;Crotone;1;9.358;47,57;53,17;64,24;;55,72;10,18;;230,87
18101013;Isola di Capo Rizzuto;Crotone;1;17.673;14,05;34,52;60,23;9,93;4,85;15,12;17,42;156,12
18101014;Melissa;Crotone;1;3.229;27,48;;64,16;66,54;9,97;5,57;;173,72
18101015;Mesoraca;Crotone;1;5.753;18,26;14,24;18,26;13,26;15,29;20,61;0,78;100,70
18101017;Petilia Policastro;Crotone;1;8.575;19,81;29,15;32,40;15,28;;4,99;0,94;102,57
18101022;Santa Severina;Crotone;1;1.883;17,82;22,08;16,96;5,90;;17,31;9,18;89,26
18101024;Scandale;Crotone;1;2.841;17,10;29,67;24,29;1,35;4,23;10,14;;86,78
18101025;Strongoli;Crotone;1;6.159;84,43;64,46;9,74;;0,16;21,60;1,34;182,87
18101027;Verzino;Crotone;1;1.564;39,18;16,51;53,44;18,81;13,14;3,80;13,68;158,55
01004001;Acceglio;Cuneo;1;159;66,59;26,42;104,97;80,25;0,39;120,07;35,14;433,82
01004002;Aisone;Cuneo;1;213;66,92;15,94;44,38;47,61;7,45;43,39;8,77;234,45
01004003;Alba;Cuneo;1;31.154;7,09;27,13;45,99;18,58;27,87;27,07;19,89;177,35
01004004;Albaretto della Torre;Cuneo;1;215;19,41;85,47;18,80;5,77;16,01;61,96;13,91;221,34
01004005;Alto;Cuneo;1;152;12,42;70,01;14,39;2,45;;98,43;3,28;200,98
01004006;Argentera;Cuneo;1;80;286,39;24,31;189,94;77,83;169,04;466,74;44,58;1.258,81
01004007;Arguello;Cuneo;1;195;8,63;48,10;12,96;1,39;;47,44;6,27;124,78
01004008;Bagnasco;Cuneo;1;961;16,79;41,79;61,14;3,02;6,40;23,75;22,27;175,15
01004009;Bagnolo Piemonte;Cuneo;1;5.837;16,41;23,71;38,85;9,47;2,69;7,40;10,57;112,45
01004010;Baldissero d'Alba;Cuneo;1;1.064;23,55;14,01;22,14;7,77;5,54;30,79;9,85;116,66
01004011;Barbaresco;Cuneo;1;606;16,92;16,78;28,78;13,93;14,51;35,63;10,30;139,89
01004012;Barge;Cuneo;1;7.418;9,23;22,64;21,71;7,20;0,38;20,59;7,12;89,45
01004013;Barolo;Cuneo;1;614;13,76;18,35;51,59;19,82;46,36;52,90;17,18;224,05
01004014;Bastia Mondovi;Cuneo;1;624;8,09;53,89;22,31;3,42;10,72;35,70;16,35;150,49
01004015;Battifollo;Cuneo;1;247;17,17;63,44;20,30;2,85;7,53;23,06;7,54;141,88
01004016;Beinette;Cuneo;1;3.503;2,98;3,69;37,87;21,18;;22,49;4,70;92,92
01004017;Bellino;Cuneo;1;96;40,70;46,44;82,72;2,14;;150,00;17,92;339,91
01004018;Belvedere Langhe;Cuneo;1;347;4,13;63,17;15,74;3,97;16,15;31,57;12,00;172,08
01004019;Bene Vagienna;Cuneo;1;3.657;17,77;25,38;34,24;7,47;8,22;34,94;12,32;144,63
01004020;Benevello;Cuneo;1;453;17,77;73,03;17,17;3,95;;31,56;14,18;157,66
01004021;Bergolo;Cuneo;1;53;12,40;59,47;14,85;5,87;;125,25;7,15;224,98
01004022;Bernezzo;Cuneo;1;4.250;2,32;3,39;24,04;20,62;1,60;18,30;6,31;76,58
01004023;Bonvicino;Cuneo;1;98;7,63;78,86;24,23;3,97;1,86;67,78;26,36;210,68
01004025;Borgo San Dalmazzo;Cuneo;1;12.564;5,37;4,72;47,97;34,73;19,09;21,66;5,43;138,96
01004024;Borgomale;Cuneo;1;369;17,48;66,11;16,99;3,72;5,63;38,56;8,22;156,70
01004026;Bosia;Cuneo;1;170;19,16;70,53;20,35;3,29;20,63;48,39;41,26;223,62
01004027;Bossolasco;Cuneo;1;652;18,07;89,04;17,30;3,50;12,68;47,74;19,29;207,62
01004028;Boves;Cuneo;1;9.656;15,68;4,81;44,60;26,48;6,00;22,10;2,97;122,64
01004029;Bra;Cuneo;1;29.802;6,91;11,39;40,99;18,16;26,98;34,69;20,87;162,49
01004030;Briaglia;Cuneo;1;310;18,27;82,24;32,61;4,41;0,82;24,62;23,05;186,02
01004031;Briga Alta;Cuneo;1;41;23,98;253,73;47,85;6,49;;126,56;35,41;494,02
01004032;Brondello;Cuneo;1;264;22,21;10,80;46,83;10,20;10,43;30,57;9,37;140,40
01004033;Brossasco;Cuneo;1;991;20,84;12,83;38,70;11,74;0,54;13,28;9,19;107,11
01004034;Busca;Cuneo;1;10.159;14,20;4,87;29,53;27,76;4,32;22,56;10,01;113,26
01004035;Camerana;Cuneo;1;557;15,20;60,34;16,24;3,14;14,19;30,44;13,66;153,22
01004037;Canale;Cuneo;1;5.505;10,99;20,54;43,81;15,62;7,73;32,08;13,86;148,13
01004038;Canosio;Cuneo;1;76;23,82;9,58;42,64;37,00;25,75;101,14;34,61;274,54
01004039;Caprauna;Cuneo;1;82;23,09;76,02;25,85;3,15;;54,50;47,52;230,13
01004040;Caraglio;Cuneo;1;6.763;4,78;4,50;42,55;28,96;9,08;25,66;15,94;131,48
01004041;Caramagna Piemonte;Cuneo;1;3.018;9,32;13,24;40,44;16,78;2,68;36,34;10,11;128,92
01004042;Carde;Cuneo;1;1.133;13,28;8,43;30,37;12,07;9,32;22,39;7,69;103,56
01004043;Carru;Cuneo;1;4.417;9,46;46,36;47,56;4,12;7,66;30,39;18,39;163,95
01004044;Cartignano;Cuneo;1;164;19,19;8,57;32,25;28,38;0,11;18,47;1,26;108,22
01004045;Casalgrasso;Cuneo;1;1.447;12,13;25,32;7,12;4,60;;6,51;23,17;104,73
01004046;Castagnito;Cuneo;1;2.239;21,95;17,82;24,44;8,92;4,00;24,77;12,29;116,75
01004047;Casteldelfino;Cuneo;1;139;47,45;57,05;78,35;2,97;;227,51;13,27;426,61
01004049;Castelletto Stura;Cuneo;1;1.371;3,94;7,36;46,10;33,59;10,97;39,33;3,06;144,35
01004050;Castelletto Uzzone;Cuneo;1;299;20,96;74,78;19,54;4,02;50,16;32,80;13,79;216,05
01004051;Castellinaldo;Cuneo;1;894;24,83;14,30;25,39;10,00;0,15;26,61;22,11;125,60
01004052;Castellino Tanaro;Cuneo;1;269;8,79;59,58;27,73;4,10;2,13;46,27;14,43;163,04
01004053;Castelmagno;Cuneo;1;55;48,36;15,73;88,93;61,53;0,27;136,09;4,22;355,13
01004054;Castelnuovo di Ceva;Cuneo;1;103;35,23;83,03;9,24;3,37;;38,06;5,92;174,85
01004055;Castiglione Falletto;Cuneo;1;654;12,88;13,98;49,53;16,56;10,03;28,82;14,86;149,21
01004056;Castiglione Tinella;Cuneo;1;757;27,04;17,05;27,93;10,67;0,17;34,13;11,01;131,57
01004057;Castino;Cuneo;1;441;21,61;65,22;19,14;4,30;2,27;37,23;14,14;163,91
01004058;Cavallerleone;Cuneo;1;674;19,02;15,11;57,99;10,13;15,07;8,10;9,03;134,46
01004059;Cavallermaggiore;Cuneo;1;5.341;14,75;14,67;27,19;14,94;11,51;17,22;14,74;115,02
01004060;Celle di Macra;Cuneo;1;89;33,82;11,04;57,07;37,91;0,19;72,65;45,90;258,58
01004061;Centallo;Cuneo;1;6.946;12,90;4,51;35,32;27,61;7,89;18,52;11,79;118,54
01004062;Ceresole Alba;Cuneo;1;1.997;12,30;16,67;34,43;14,99;10,27;32,55;13,91;136,93
01004063;Cerretto Langhe;Cuneo;1;388;20,13;93,84;19,27;2,55;;24,22;11,59;171,59
01004064;Cervasca;Cuneo;1;5.178;2,28;4,18;26,23;24,61;2,61;20,70;5,85;86,46
01004065;Cervere;Cuneo;1;2.261;11,89;23,10;36,49;15,15;2,37;27,49;10,30;127,33
01004066;Ceva;Cuneo;1;5.852;8,83;38,86;34,71;3,86;9,43;24,98;13,85;134,52
01004067;Cherasco;Cuneo;1;9.552;24,78;28,40;22,17;22,49;19,34;24,74;18,64;171,89
01004068;Chiusa di Pesio;Cuneo;1;3.680;13,64;4,78;40,17;25,21;7,67;11,79;6,58;109,85
01004069;Ciglie;Cuneo;1;190;6,14;44,92;20,63;3,87;1,49;33,24;17,06;127,34
01004070;Cissone;Cuneo;1;79;17,44;100,97;16,94;5,14;5,71;35,59;17,08;198,87
01004071;Clavesana;Cuneo;1;793;15,49;53,82;23,78;5,00;1,60;56,75;7,85;164,30
01004072;Corneliano d'Alba;Cuneo;1;2.138;11,73;19,00;36,70;21,57;1,80;20,99;10,28;125,12
01004073;Cortemilia;Cuneo;1;2.152;19,06;56,10;45,41;4,66;16,11;46,90;10,43;198,67
01004074;Cossano Belbo;Cuneo;1;865;17,97;17,43;24,16;9,55;0,16;59,18;18,05;149,42
01004075;Costigliole Saluzzo;Cuneo;1;3.322;13,12;10,47;31,41;11,62;2,59;24,77;10,11;104,10
01004076;Cravanzana;Cuneo;1;351;18,57;83,21;19,60;3,90;9,13;55,88;11,42;201,73
01004077;Crissolo;Cuneo;1;149;71,89;85,81;122,86;9,74;25,26;225,27;21,79;562,62
01004078;Cuneo;Cuneo;1;56.008;16,51;6,16;54,26;33,18;18,36;20,66;10,10;159,23
01004079;Demonte;Cuneo;1;1.872;36,49;10,02;26,47;30,72;31,27;21,93;9,35;166,24
01004080;Diano d'Alba;Cuneo;1;3.561;24,09;25,48;23,81;9,62;4,38;23,22;10,49;123,70
01004081;Dogliani;Cuneo;1;4.621;10,30;41,03;42,75;4,55;3,56;21,81;10,00;134,02
01004082;Dronero;Cuneo;1;7.004;5,17;3,88;37,84;24,73;7,00;27,61;7,01;113,23
01004083;Elva;Cuneo;1;77;25,30;11,71;44,83;40,43;0,14;20,56;1,65;144,62
01004084;Entracque;Cuneo;1;751;31,50;15,65;92,41;72,26;;47,45;25,75;285,02
01004085;Envie;Cuneo;1;1.944;13,76;8,97;24,40;10,83;4,63;20,96;10,03;93,58
01004086;Farigliano;Cuneo;1;1.698;10,24;40,22;48,07;4,33;6,02;30,53;10,86;150,27
01004087;Faule;Cuneo;1;490;54,60;19,27;7,33;11,29;1,42;40,13;29,30;163,35
01004088;Feisoglio;Cuneo;1;297;19,71;70,02;19,42;3,92;8,31;27,29;11,49;160,16
01004089;Fossano;Cuneo;1;24.218;14,25;16,03;42,77;14,38;14,28;11,65;18,12;131,46
01004090;Frabosa Soprana;Cuneo;1;754;40,80;101,84;45,97;4,58;1,84;29,30;15,07;239,40
01004091;Frabosa Sottana;Cuneo;1;1.599;29,79;172,16;43,51;5,18;16,72;101,23;14,63;383,21
01004092;Frassino;Cuneo;1;257;33,65;48,73;20,34;19,44;;79,96;45,72;247,85
01004093;Gaiola;Cuneo;1;581;27,96;8,68;18,54;27,70;3,11;30,68;6,44;123,11
01004094;Gambasca;Cuneo;1;350;16,35;9,26;39,75;6,71;0,50;38,29;14,56;125,41
01004095;Garessio;Cuneo;1;2.832;18,60;57,70;55,20;4,62;;32,69;17,69;186,49
01004096;Genola;Cuneo;1;2.562;12,83;18,62;37,70;17,88;7,60;10,98;20,76;126,38
01004097;Gorzegno;Cuneo;1;250;11,77;54,63;18,37;3,99;;26,66;9,56;124,98
01004098;Gottasecca;Cuneo;1;126;17,74;84,14;18,06;2,73;3,10;61,40;19,51;206,67
01004099;Govone;Cuneo;1;2.231;11,86;12,16;37,21;12,22;8,60;28,01;20,48;133,74
01004100;Grinzane Cavour;Cuneo;1;1.970;11,97;11,60;46,98;15,59;16,24;34,92;10,15;150,01
01004101;Guarene;Cuneo;1;3.542;11,97;27,25;21,28;17,25;10,51;32,49;15,70;152,33
01004102;Igliano;Cuneo;1;66;6,12;53,76;21,24;7,35;24,26;71,03;5,85;189,61
01004103;Isasca;Cuneo;1;70;16,20;40,44;18,79;1,83;;50,76;17,36;145,37
01004105;La Morra;Cuneo;1;2.655;27,36;23,08;23,82;9,40;7,27;21,57;10,46;126,15
01004104;Lagnasco;Cuneo;1;1.400;20,29;21,06;38,38;13,29;4,24;16,22;4,83;119,50
01004106;Lequio Berria;Cuneo;1;435;12,28;64,41;14,49;2,92;6,68;33,00;4,64;138,41
01004107;Lequio Tanaro;Cuneo;1;708;9,44;40,48;45,28;5,47;2,11;30,99;17,89;151,66
01004108;Lesegno;Cuneo;1;847;9,39;50,36;20,28;3,63;10,61;24,22;17,83;136,32
01004109;Levice;Cuneo;1;195;16,34;54,58;17,95;4,91;;63,65;6,12;163,55
01004110;Limone Piemonte;Cuneo;1;1.338;42,58;29,78;125,39;96,24;11,37;96,14;114,96;516,47
01004111;Lisio;Cuneo;1;191;21,73;48,68;17,81;3,26;5,43;53,12;7,99;158,01
01004112;Macra;Cuneo;1;43;41,09;19,53;73,81;68,58;0,23;82,09;67,14;352,49
01004113;Magliano Alfieri;Cuneo;1;2.154;23,70;16,10;24,66;10,92;3,88;36,19;10,98;129,17
01004114;Magliano Alpi;Cuneo;1;2.161;20,51;35,33;37,04;4,99;0,92;21,42;7,81;128,02
01004116;Manta;Cuneo;1;3.789;21,52;14,64;32,34;14,80;7,11;10,21;10,59;111,52
01004117;Marene;Cuneo;1;3.339;10,43;11,50;33,59;13,13;4,60;21,95;11,50;109,27
01004118;Margarita;Cuneo;1;1.415;3,23;4,98;37,36;22,80;0,49;15,41;3,69;87,96
01004119;Marmora;Cuneo;1;58;41,34;26,28;71,41;84,34;62,50;154,41;78,36;518,66
01004120;Marsaglia;Cuneo;1;215;2,33;52,60;12,33;2,92;39,25;73,42;6,05;188,89
01004121;Martiniana Po;Cuneo;1;776;12,01;7,44;20,12;9,42;0,45;60,75;18,10;128,29
01004122;Melle;Cuneo;1;298;19,31;30,90;51,00;11,16;15,13;17,68;15,74;160,93
01004123;Moiola;Cuneo;1;222;53,55;14,05;35,51;42,39;20,25;56,09;10,82;232,64
01004124;Mombarcaro;Cuneo;1;266;12,77;74,17;14,86;3,93;15,07;35,64;10,37;166,81
01004125;Mombasiglio;Cuneo;1;593;10,54;47,04;22,36;3,34;2,73;36,63;12,99;135,63
01004126;Monastero di Vasco;Cuneo;1;1.266;28,99;35,35;49,94;2,85;1,31;37,57;26,58;182,60
01004127;Monasterolo Casotto;Cuneo;1;81;22,07;99,44;39,09;5,85;1,00;139,83;28,27;335,56
01004128;Monasterolo di Savigliano;Cuneo;1;1.320;16,24;11,79;53,00;10,78;1,18;16,88;18,95;128,82
01004129;Monchiero;Cuneo;1;572;25,62;17,09;26,87;11,42;22,17;37,45;16,16;158,01
01004130;Mondovi;Cuneo;1;22.068;14,90;48,82;57,55;4,98;13,92;25,80;22,90;188,86
01004131;Monesiglio;Cuneo;1;576;21,53;68,52;19,81;3,25;28,18;59,94;18,28;219,50
01004132;Monforte d'Alba;Cuneo;1;1.919;16,78;16,85;46,27;12,92;12,39;40,42;12,26;158,49
01004133;Monta;Cuneo;1;4.701;23,87;18,86;27,23;16,55;8,03;25,58;9,25;138,51
01004134;Montaldo di Mondovi;Cuneo;1;529;23,69;106,79;37,10;4,14;1,07;173,16;61,78;407,72
01004135;Montaldo Roero;Cuneo;1;877;13,43;11,97;22,91;8,02;16,63;30,03;13,48;119,01
01004136;Montanera;Cuneo;1;715;3,82;4,19;61,36;24,75;20,10;50,10;8,18;172,50
01004137;Montelupo Albese;Cuneo;1;474;12,44;12,90;38,16;11,89;2,27;42,58;13,03;136,76
01004138;Montemale di Cuneo;Cuneo;1;233;15,64;8,15;29,21;27,42;0,09;24,81;5,61;110,93
01004139;Monterosso Grana;Cuneo;1;536;14,25;10,05;24,87;31,86;0,08;55,55;5,23;141,90
01004140;Monteu Roero;Cuneo;1;1.600;24,04;14,87;24,15;8,72;3,11;34,15;11,36;122,97
01004141;Montezemolo;Cuneo;1;220;7,37;79,06;23,78;6,59;1,65;76,74;10,18;205,37
01004142;Monticello d'Alba;Cuneo;1;2.353;15,58;16,18;23,57;9,97;4,65;30,38;8,23;111,26
01004143;Moretta;Cuneo;1;4.085;16,62;11,75;19,03;20,13;19,79;21,71;22,21;131,23
01004144;Morozzo;Cuneo;1;2.013;3,78;4,53;43,64;19,45;12,02;35,19;5,85;124,45
01004145;Murazzano;Cuneo;1;872;4,83;71,33;17,10;3,19;1,17;40,61;6,32;192,16
01004146;Murello;Cuneo;1;925;14,47;17,20;16,99;10,69;1,78;24,05;26,87;112,04
01004147;Narzole;Cuneo;1;3.494;23,97;16,88;28,26;8,87;6,22;22,37;10,04;119,97
01004148;Neive;Cuneo;1;3.235;12,73;14,20;43,02;13,77;14,79;28,05;9,42;139,58
01004149;Neviglie;Cuneo;1;359;24,83;11,25;26,32;10,77;0,15;57,08;9,72;143,40
01004150;Niella Belbo;Cuneo;1;322;14,68;63,15;17,01;3,25;11,20;77,98;9,52;196,78
01004151;Niella Tanaro;Cuneo;1;939;6,29;51,74;43,50;5,65;19,10;38,26;11,96;176,51
01004152;Novello;Cuneo;1;947;28,02;16,40;30,47;11,43;5,06;24,29;13,01;132,02
01004153;Nucetto;Cuneo;1;378;14,01;52,12;27,49;3,30;3,81;35,52;19,21;155,45
01004154;Oncino;Cuneo;1;86;45,64;51,63;86,71;2,02;;19,51;18,19;223,70
01004155;Ormea;Cuneo;1;1.465;32,17;84,94;70,67;4,10;;26,61;52,42;270,91
01004156;Ostana;Cuneo;1;88;28,06;52,05;34,90;5,95;;209,39;22,76;353,10
01004157;Paesana;Cuneo;1;2.612;20,46;13,76;22,95;16,71;2,34;18,71;25,23;124,51
01004158;Pagno;Cuneo;1;579;15,37;8,02;29,61;12,16;0,60;38,32;8,40;112,48
01004159;Pamparato;Cuneo;1;255;32,57;137,14;54,80;8,18;1,47;169,35;88,91;492,41
01004160;Paroldo;Cuneo;1;178;9,20;51,28;23,38;4,60;15,73;83,04;14,31;201,53
01004161;Perletto;Cuneo;1;253;17,34;51,39;17,46;3,30;21,06;77,32;17,26;205,13
01004162;Perlo;Cuneo;1;107;34,50;61,98;16,16;2,89;0,52;68,69;5,24;189,99
01004163;Peveragno;Cuneo;1;5.494;12,36;6,08;37,51;31,03;2,70;15,94;5,82;111,44
01004164;Pezzolo Valle Uzzone;Cuneo;1;298;19,42;85,05;19,75;4,66;;56,10;8,39;193,37
01004165;Pianfei;Cuneo;1;2.094;3,21;4,45;38,80;22,65;5,79;26,34;3,66;104,91
01004166;Piasco;Cuneo;1;2.761;18,05;13,28;37,27;16,77;2,66;28,01;6,83;126,52
01004167;Pietraporzio;Cuneo;1;68;168,29;26,40;111,60;88,10;18,74;195,69;20,15;628,97
01004168;Piobesi d'Alba;Cuneo;1;1.444;10,91;11,04;32,52;13,80;4,31;23,69;16,46;115,37
01004169;Piozzo;Cuneo;1;984;18,80;39,16;35,59;3,73;0,85;26,49;16,13;140,74
01004170;Pocapaglia;Cuneo;1;3.311;10,74;12,02;31,64;10,55;10,12;21,37;12,13;111,59
01004171;Polonghera;Cuneo;1;1.124;28,33;15,85;31,94;9,77;1,87;27,57;9,75;125,08
01004172;Pontechianale;Cuneo;1;178;98,49;98,68;100,17;3,82;73,46;38,83;15,57;429,02
01004173;Pradleves;Cuneo;1;238;29,93;11,93;50,99;41,12;35,89;31,48;8,22;209,57
01004174;Prazzo;Cuneo;1;179;28,80;12,19;46,74;45,17;40,25;40,74;17,23;231,13
01004175;Priero;Cuneo;1;476;12,16;47,91;27,84;3,95;3,04;18,04;13,51;126,44
01004176;Priocca;Cuneo;1;2.076;11,46;13,36;34,53;9,61;4,67;159,07;10,66;246,37
01004177;Priola;Cuneo;1;627;10,77;38,30;37,36;3,31;1,22;21,34;20,47;132,78
01004178;Prunetto;Cuneo;1;393;20,75;57,19;19,37;3,55;;49,99;10,73;161,58
01004179;Racconigi;Cuneo;1;9.684;6,99;13,64;39,90;16,23;15,37;20,13;24,74;137,01
01004180;Revello;Cuneo;1;4.168;13,35;11,63;21,72;7,54;14,78;31,35;19,95;120,79
01004181;Rifreddo;Cuneo;1;1.039;14,06;;40,02;;0,38;1,62;5,07;61,88
01004182;Rittana;Cuneo;1;103;80,89;21,49;55,49;66,53;9,00;84,60;9,69;327,69
01004183;Roaschia;Cuneo;1;95;44,39;15,80;136,71;63,52;6,06;131,25;3,48;401,21
01004184;Roascio;Cuneo;1;91;2,89;62,42;5,90;4,09;7,57;42,62;18,14;143,63
01004185;Robilante;Cuneo;1;2.127;11,68;10,21;36,25;35,86;28,45;23,38;2,64;148,47
01004186;Roburent;Cuneo;1;477;31,16;148,81;51,81;6,65;1,40;224,54;116,87;581,23
01004188;Rocca Ciglie;Cuneo;1;121;6,87;57,16;23,26;2,80;1,67;65,97;25,10;182,82
01004189;Rocca de' Baldi;Cuneo;1;1.576;18,99;36,41;34,88;3,07;0,86;35,76;8,66;138,63
01004187;Roccabruna;Cuneo;1;1.532;17,42;10,28;8,88;36,24;9,20;21,77;0,92;104,71
01004190;Roccaforte Mondovi;Cuneo;1;2.131;17,99;46,44;45,23;3,67;;17,36;15,00;145,69
01004191;Roccasparvera;Cuneo;1;742;3,21;7,00;39,34;26,86;;21,35;8,07;105,82
01004192;Roccavione;Cuneo;1;2.602;9,67;5,06;32,61;24,14;18,71;16,60;9,19;115,98
01004193;Rocchetta Belbo;Cuneo;1;157;19,71;76,48;19,32;4,78;;22,17;6,31;148,76
01004194;Roddi;Cuneo;1;1.593;24,11;15,07;21,09;9,05;7,09;23,69;9,97;113,11
01004195;Roddino;Cuneo;1;412;17,00;15,46;28,28;9,35;13,14;40,01;10,10;135,04
01004196;Rodello;Cuneo;1;970;11,77;19,12;28,48;11,87;12,80;41,96;16,44;145,63
01004197;Rossana;Cuneo;1;823;16,33;16,02;36,78;10,66;;22,54;9,70;112,04
01004198;Ruffia;Cuneo;1;361;19,62;13,95;44,68;10,52;25,38;5,71;13,17;133,02
01004199;Sale delle Langhe;Cuneo;1;453;7,70;72,46;24,80;3,63;1,87;41,22;14,68;166,37
01004200;Sale San Giovanni;Cuneo;1;152;5,93;68,60;20,68;3,69;6,38;64,22;11,59;181,09
01004201;Saliceto;Cuneo;1;1.157;20,27;75,10;19,16;3,05;10,73;31,68;21,19;181,19
01004202;Salmour;Cuneo;1;719;23,77;13,60;26,02;10,49;8,53;25,59;37,41;147,77
01004203;Saluzzo;Cuneo;1;17.553;16,10;16,52;30,15;15,92;26,27;11,47;16,45;132,88
01004204;Sambuco;Cuneo;1;83;108,60;20,47;72,02;70,82;12,08;130,49;19,83;434,33
01004205;Sampeyre;Cuneo;1;1.001;41,45;54,01;42,77;9,44;2,45;64,50;22,12;236,75
01004206;San Benedetto Belbo;Cuneo;1;148;15,22;74,70;18,06;4,34;2,64;97,53;13,49;225,98
01004207;San Damiano Macra;Cuneo;1;413;23,94;13,08;40,08;39,40;3,00;5,55;1,58;126,63
01004210;San Michele Mondovi;Cuneo;1;1.858;17,57;45,35;49,17;3,50;0,08;19,71;14,17;149,54
01004208;Sanfre;Cuneo;1;3.061;23,40;16,19;28,10;10,03;2,51;22,73;8,13;113,21
01004209;Sanfront;Cuneo;1;2.252;19,44;15,08;26,37;10,39;9,35;14,91;7,49;103,03
01004212;Santa Vittoria d'Alba;Cuneo;1;2.897;23,22;16,81;28,21;8,97;11,93;29,99;13,43;134,63
01004211;Sant'Albano Stura;Cuneo;1;2.393;16,61;11,81;26,49;16,29;9,14;11,65;12,10;104,10
01004213;Santo Stefano Belbo;Cuneo;1;3.763;12,36;30,62;41,17;16,37;16,46;38,93;23,22;180,61
01004214;Santo Stefano Roero;Cuneo;1;1.328;25,24;18,63;23,98;8,14;11,85;31,24;15,31;137,63
01004215;Savigliano;Cuneo;1;21.767;13,48;14,34;29,21;17,24;21,48;18,60;19,66;134,01
01004216;Scagnello;Cuneo;1;172;26,30;53,45;12,47;2,33;6,06;86,34;3,68;190,63
01004217;Scarnafigi;Cuneo;1;2.105;17,54;13,18;23,59;10,25;1,10;20,88;15,54;102,06
01004218;Serralunga d'Alba;Cuneo;1;508;27,37;35,75;29,27;11,76;15,95;65,38;11,68;200,82
01004219;Serravalle Langhe;Cuneo;1;321;14,48;75,39;14,78;2,66;12,49;32,66;6,23;158,69
01004220;Sinio;Cuneo;1;482;19,71;13,56;26,86;11,11;8,44;25,44;11,24;118,77
01004221;Somano;Cuneo;1;304;17,24;81,15;17,25;2,61;1,29;31,51;15,76;166,80
01004222;Sommariva del Bosco;Cuneo;1;6.280;23,94;23,43;32,07;8,53;11,07;25,02;18,25;145,86
01004223;Sommariva Perno;Cuneo;1;2.677;12,42;15,37;36,18;10,18;0,83;21,53;11,90;111,58
01004224;Stroppo;Cuneo;1;110;16,88;15,85;30,11;54,50;41,55;78,35;7,55;244,80
01004225;Tarantasca;Cuneo;1;2.188;9,70;6,00;30,83;28,04;1,45;16,93;6,48;99,42
01004226;Torre Bormida;Cuneo;1;182;16,49;76,69;16,26;4,92;;23,96;11,22;149,54
01004227;Torre Mondovi;Cuneo;1;556;17,15;31,57;31,76;2,86;0,77;15,27;13,92;113,29
01004228;Torre San Giorgio;Cuneo;1;720;13,79;39,57;29,56;9,72;8,35;8,88;8,29;118,16
01004229;Torresina;Cuneo;1;47;8,83;47,36;28,17;5,51;34,13;92,40;7,94;224,34
01004230;Treiso;Cuneo;1;762;24,79;26,52;31,54;9,24;;52,89;12,55;163,68
01004231;Trezzo Tinella;Cuneo;1;283;15,87;12,92;26,71;9,69;56,39;43,10;22,04;189,66
01004232;Trinita;Cuneo;1;2.259;19,55;12,34;43,07;8,65;6,15;5,61;5,04;100,41
01004233;Valdieri;Cuneo;1;926;22,30;15,65;66,14;46,43;9,92;24,21;6,72;191,36
01004234;Valgrana;Cuneo;1;795;10,44;8,45;19,08;26,95;11,22;10,79;9,90;96,83
01004235;Valloriate;Cuneo;1;100;74,03;23,78;49,09;70,47;8,24;80,55;13,95;320,11
01004237;Venasca;Cuneo;1;1.334;19,65;18,13;44,39;14,53;1,01;19,40;9,58;127,29
01004238;Verduno;Cuneo;1;565;23,73;17,39;26,55;11,92;25,33;33,28;28,29;168,57
01004239;Vernante;Cuneo;1;1.077;19,53;11,48;57,51;43,58;34,19;31,76;25,02;223,07
01004240;Verzuolo;Cuneo;1;6.420;19,15;14,66;24,86;12,03;11,82;9,34;4,26;96,47
01004241;Vezza d'Alba;Cuneo;1;2.351;11,87;13,17;32,56;12,12;5,55;27,85;16,81;123,02
01004242;Vicoforte;Cuneo;1;3.146;23,92;38,85;42,79;3,85;1,08;27,82;20,84;159,15
01004243;Vignolo;Cuneo;1;2.685;2,21;3,12;28,16;22,86;2,65;12,33;6,00;77,33
01004244;Villafalletto;Cuneo;1;2.887;11,55;21,94;27,60;10,66;13,62;22,23;3,24;110,84
01004245;Villanova Mondovi;Cuneo;1;5.976;21,85;42,81;39,83;3,70;2,44;21,75;11,51;143,90
01004246;Villanova Solaro;Cuneo;1;737;18,70;10,07;36,22;15,58;3,25;60,19;7,62;151,63
01004247;Villar San Costanzo;Cuneo;1;1.575;16,82;9,58;7,23;31,00;2,64;8,48;6,73;82,49
01004248;Vinadio;Cuneo;1;575;54,01;22,85;35,82;62,93;10,60;34,64;10,86;231,71
01004249;Viola;Cuneo;1;379;31,12;103,32;30,91;3,13;47,70;159,96;8,54;384,69
01004250;Vottignasco;Cuneo;1;494;21,82;7,46;37,36;9,82;1,27;23,67;6,90;108,30
19086004;Barrafranca;Enna;1;11.617;17,72;22,66;49,02;19,56;37,10;40,36;7,97;195,68
19086005;Calascibetta;Enna;1;4.031;43,39;22,60;59,52;1,39;14,38;13,05;1,28;156,85
19086009;Enna;Enna;1;25.367;14,00;6,69;85,64;38,40;18,15;28,31;14,33;205,72
19086011;Leonforte;Enna;1;12.183;10,01;14,36;32,25;8,00;14,90;15,83;3,94;100,39
19086012;Nicosia;Enna;1;12.589;14,86;23,93;42,59;7,81;24,57;13,79;4,81;133,16
19086013;Nissoria;Enna;1;2.828;138,10;15,17;;21,93;;20,55;9,27;206,78
19086015;Pietraperzia;Enna;1;6.304;43,62;14,28;58,24;15,86;;36,12;8,80;176,92
11109001;Altidona;Fermo;1;3.564;8,78;14,46;36,96;14,88;18,07;12,04;15,12;120,32
11109003;Belmonte Piceno;Fermo;1;556;2,42;10,65;12,99;;13,82;28,08;22,26;90,22
11109004;Campofilone;Fermo;1;1.907;12,61;11,01;38,03;9,45;14,25;13,57;5,65;104,57
11109005;Falerone;Fermo;1;3.143;7,29;19,07;53,16;7,72;10,75;6,30;5,38;109,67
11109006;Fermo;Fermo;1;35.893;13,32;9,37;50,21;5,58;12,01;31,50;21,34;143,34
11109007;Francavilla d'Ete;Fermo;1;903;7,16;;28,63;26,14;62,55;21,28;23,91;169,66
11109008;Grottazzolina;Fermo;1;3.189;12,70;4,63;41,10;18,74;7,31;10,43;16,32;111,23
11109010;Magliano di Tenna;Fermo;1;1.421;13,92;11,11;37,95;13,13;22,16;7,45;0,78;106,49
11109016;Monte Giberto;Fermo;1;728;11,93;6,84;43,34;10,32;9,52;29,41;2,16;113,51
11109023;Monte San Pietrangeli;Fermo;1;2.206;16,16;11,75;50,23;10,56;12,47;16,99;3,25;121,40
11109024;Monte Urano;Fermo;1;7.856;6,95;5,31;28,07;14,59;7,89;20,78;8,34;91,92
11109025;Monte Vidon Combatte;Fermo;1;401;16,52;8,76;35,93;6,01;20,52;28,87;6,05;122,66
11109026;Monte Vidon Corrado;Fermo;1;683;8,56;28,22;34,25;13,42;35,20;2,80;;122,45
11109015;Montefortino;Fermo;1;1.037;12,00;25,17;52,09;;8,43;13,65;8,30;119,63
11109017;Montegiorgio;Fermo;1;6.291;10,98;21,83;37,78;1,99;21,78;32,14;7,78;134,28
11109018;Montegranaro;Fermo;1;12.500;13,79;6,34;39,18;11,07;17,12;4,93;12,91;105,34
11109027;Montottone;Fermo;1;883;16,28;17,30;45,86;;16,72;28,47;5,34;129,98
11109029;Ortezzano;Fermo;1;739;16,31;8,64;35,46;5,93;15,53;16,54;0,71;99,12
11109031;Petritoli;Fermo;1;2.161;19,54;10,36;42,50;7,11;7,18;18,42;2,75;107,86
11109032;Ponzano di Fermo;Fermo;1;1.628;8,82;6,58;35,78;13,58;9,85;22,97;;97,59
11109033;Porto San Giorgio;Fermo;1;15.617;23,96;15,19;74,88;25,53;32,66;18,01;39,64;240,43
11109034;Porto Sant'Elpidio;Fermo;1;25.932;13,65;24,75;29,06;11,72;7,38;33,98;20,91;141,46
11109037;Sant'Elpidio a Mare;Fermo;1;16.505;7,51;7,64;41,23;9,95;18,10;14,54;1,59;100,54
11109038;Servigliano;Fermo;1;2.176;15,81;14,05;49,75;7,33;3,96;3,19;2,15;96,23
11109039;Smerillo;Fermo;1;331;7,44;14,79;29,20;;19,24;23,35;10,68;104,71
08038003;Bondeno;Ferrara;1;13.925;13,74;12,83;77,44;24,12;23,42;78,05;18,11;247,71
08038004;Cento;Ferrara;1;35.414;12,70;11,85;71,56;22,29;22,14;66,34;16,78;223,66
08038005;Codigoro;Ferrara;1;11.041;18,74;15,68;85,18;30,00;20,16;81,44;14,24;265,43
08038006;Comacchio;Ferrara;1;22.037;41,69;67,05;133,28;74,07;43,32;119,54;7,73;486,68
08038007;Copparo;Ferrara;1;15.717;17,64;14,76;80,20;28,24;16,78;79,81;14,06;251,50
08038008;Ferrara;Ferrara;1;129.555;12,85;8,30;84,31;48,61;22,29;24,68;15,78;221,66
08038027;Fiscaglia;Ferrara;1;8.413;15,92;13,32;72,38;25,49;14,15;72,10;12,67;226,03
08038025;Goro;Ferrara;1;3.436;19,65;16,44;89,33;31,46;53,03;88,91;15,34;314,15
08038010;Jolanda di Savoia;Ferrara;1;2.625;16,09;13,47;73,18;25,77;55,83;73,06;12,45;269,85
08038011;Lagosanto;Ferrara;1;4.655;17,17;14,37;78,07;27,49;25,74;77,34;13,60;253,79
08038012;Masi Torello;Ferrara;1;2.307;18,54;15,51;84,30;29,69;12,09;83,43;14,83;258,39
08038014;Mesola;Ferrara;1;6.395;15,66;13,10;71,20;25,07;15,02;70,98;12,48;223,52
08038017;Ostellato;Ferrara;1;5.590;16,43;13,75;74,73;26,32;22,33;74,68;13,04;241,29
08038018;Poggio Renatico;Ferrara;1;9.801;10,55;9,85;59,47;18,52;9,99;54,23;14,02;176,64
08038019;Portomaggiore;Ferrara;1;11.966;15,60;13,06;70,93;24,98;27,10;70,09;12,32;234,08
08038029;Riva del Po;Ferrara;1;7.432;17,24;14,43;78,40;27,61;17,89;76,68;13,75;246,00
08038028;Terre del Reno;Ferrara;1;10.156;11,51;10,74;64,86;20,20;11,20;63,52;15,24;197,27
08038030;Tresignana;Ferrara;1;6.946;16,45;13,77;74,81;26,34;13,24;72,17;13,17;229,95
08038022;Vigarano Mainarda;Ferrara;1;7.665;9,60;8,97;54,13;16,86;13,58;51,57;12,70;167,40
08038023;Voghiera;Ferrara;1;3.586;15,57;13,03;70,78;24,92;11,00;70,21;12,45;217,95
09048001;Bagno a Ripoli;Firenze;1;25.071;22,26;29,54;97,98;29,52;17,29;35,50;21,79;253,88
09048002;Barberino di Mugello;Firenze;1;10.971;23,11;30,05;92,50;29,45;19,92;42,18;31,22;268,43
09048054;Barberino Tavarnelle;Firenze;1;11.936;21,07;42,75;76,41;35,92;27,50;33,59;40,51;277,75
09048004;Borgo San Lorenzo;Firenze;1;18.323;24,53;25,12;102,45;34,97;29,03;35,46;179,93;431,49
09048005;Calenzano;Firenze;1;18.130;20,46;35,87;86,37;39,93;38,22;44,95;51,66;317,46
09048006;Campi Bisenzio;Firenze;1;47.561;17,11;27,17;64,97;23,36;24,34;28,08;28,69;213,72
09048008;Capraia e Limite;Firenze;1;7.826;18,36;18,81;76,69;26,17;21,73;26,54;42,32;230,62
09048010;Castelfiorentino;Firenze;1;17.293;20,27;20,75;84,64;28,89;23,98;29,29;46,70;254,52
09048011;Cerreto Guidi;Firenze;1;10.745;18,80;21,18;74,39;30,17;15,86;25,11;39,32;224,83
09048012;Certaldo;Firenze;1;15.635;20,68;21,17;86,35;29,47;24,47;29,88;47,65;259,67
09048014;Empoli;Firenze;1;49.003;19,26;19,72;80,44;27,45;22,79;27,84;44,38;241,89
09048015;Fiesole;Firenze;1;13.783;21,71;22,23;90,67;30,95;25,69;31,38;50,03;272,66
09048052;Figline e Incisa Valdarno;Firenze;1;23.158;25,17;20,77;118,30;31,23;29,54;37,34;28,35;290,69
09048017;Firenze;Firenze;1;363.837;21,42;55,05;51,52;30,61;53,36;35,05;39,92;286,94
09048018;Firenzuola;Firenze;1;4.428;35,24;43,93;7,49;32,79;17,55;21,17;70,52;229,82
09048019;Fucecchio;Firenze;1;22.808;18,45;18,89;77,05;26,30;21,83;26,66;42,51;231,70
09048020;Gambassi Terme;Firenze;1;4.846;21,87;22,40;91,33;31,17;25,88;31,61;50,39;274,64
09048021;Greve in Chianti;Firenze;1;13.345;25,57;27,45;104,61;28,24;38,14;32,84;29,88;286,73
09048022;Impruneta;Firenze;1;14.368;23,90;23,06;105,00;30,50;14,66;31,46;27,29;255,87
09048024;Lastra a Signa;Firenze;1;19.779;8,94;22,14;71,61;23,14;20,14;23,93;25,63;195,53
09048026;Marradi;Firenze;1;2.885;16,92;37,32;3,90;26,55;22,08;11,89;91,46;213,09
09048027;Montaione;Firenze;1;3.477;28,61;26,63;101,47;39,62;28,06;32,67;68,16;325,23
09048028;Montelupo Fiorentino;Firenze;1;14.308;18,98;19,44;79,27;27,05;22,46;27,43;43,74;238,37
09048030;Montespertoli;Firenze;1;13.174;19,95;21,21;65,63;35,01;18,24;28,96;24,09;213,10
09048031;Palazzuolo sul Senio;Firenze;1;1.081;14,01;36,50;26,41;37,04;10,07;26,65;81,95;238,64
09048033;Pontassieve;Firenze;1;20.232;10,13;19,22;56,62;29,42;23,25;32,88;25,60;197,13
09048036;Rignano sull'Arno;Firenze;1;8.563;18,06;34,19;65,50;23,51;30,38;50,04;35,26;256,96
09048038;San Casciano in Val di Pesa;Firenze;1;16.436;21,74;24,78;87,69;30,69;32,35;30,43;26,18;253,86
09048041;Scandicci;Firenze;1;49.403;11,08;20,64;60,41;34,03;33,70;27,81;42,51;230,19
09048053;Scarperia e San Piero;Firenze;1;11.979;23,53;24,09;98,24;33,53;27,84;34,00;54,21;295,43
09048043;Sesto Fiorentino;Firenze;1;49.147;21,53;29,36;76,32;27,87;28,58;30,22;21,16;235,04
09048044;Signa;Firenze;1;18.982;16,11;23,31;60,38;24,75;29,51;24,92;39,92;218,89
09048046;Vaglia;Firenze;1;5.231;21,19;28,30;80,72;22,62;15,56;28,18;29,59;226,15
09048049;Vicchio;Firenze;1;8.101;26,88;25,79;104,76;26,78;19,28;32,73;29,92;266,14
09048050;Vinci;Firenze;1;14.584;19,63;20,10;81,97;27,98;23,23;28,37;45,23;246,51
16071006;Biccari;Foggia;1;2.626;18,22;13,21;39,98;3,28;28,19;15,10;1,42;119,40
16071008;Cagnano Varano;Foggia;1;6.576;26,48;18,28;60,70;19,16;33,17;26,76;3,35;187,91
16071009;Candela;Foggia;1;2.504;10,53;66,04;52,67;;31,60;38,73;1,74;201,31
16071012;Carpino;Foggia;1;3.776;42,49;18,95;42,56;0,65;30,05;28,27;9,26;172,23
16071020;Cerignola;Foggia;1;57.020;81,75;50,76;36,03;0,80;23,99;9,94;13,91;217,19
16071021;Chieuti;Foggia;1;1.494;28,09;44,65;65,88;23,64;63,88;50,58;17,20;300,78
16071024;Foggia;Foggia;1;145.723;28,86;;13,92;5,11;33,46;18,06;7,99;140,00
16071025;Ischitella;Foggia;1;4.114;39,33;61,62;91,78;;39,00;20,84;19,74;272,31
16071027;Lesina;Foggia;1;6.231;19,62;44,15;62,47;73,05;14,72;13,45;1,51;228,97
16071028;Lucera;Foggia;1;30.714;21,16;23,02;46,62;28,48;32,88;9,47;44,37;207,30
16071029;Manfredonia;Foggia;1;53.621;17,25;19,21;54,80;41,27;20,82;28,99;29,17;211,51
16071031;Mattinata;Foggia;1;5.931;27,31;34,64;59,95;33,54;42,27;15,61;48,49;294,87
16071033;Monte Sant'Angelo;Foggia;1;11.235;14,03;44,65;111,11;21,81;42,08;14,06;2,46;250,19
16071063;Ordona;Foggia;1;3.063;21,36;20,19;54,45;36,56;11,69;16,59;1,14;161,97
16071035;Orsara di Puglia;Foggia;1;2.493;20,76;40,64;46,05;12,43;32,47;14,19;16,77;183,31
16071036;Orta Nova;Foggia;1;16.641;10,16;40,13;84,67;37,93;22,13;8,51;7,87;211,40
16071037;Panni;Foggia;1;683;20,39;55,94;60,59;38,95;25,97;33,47;51,72;287,03
16071040;Poggio Imperiale;Foggia;1;2.488;16,44;14,83;36,08;24,81;25,45;8,06;63,03;197,69
16071042;Rocchetta Sant'Antonio;Foggia;1;1.657;18,85;22,16;106,80;19,75;17,06;3,28;1,67;189,56
16071043;Rodi Garganico;Foggia;1;3.330;67,70;129,52;149,52;8,80;105,44;146,97;122,91;730,85
16071046;San Giovanni Rotondo;Foggia;1;26.316;60,91;;36,54;;24,36;;;121,82
16071051;San Severo;Foggia;1;49.174;30,78;16,01;32,49;22,56;55,47;9,57;;166,87
16071053;Serracapriola;Foggia;1;3.609;23,03;24,38;52,19;69,60;36,81;16,04;1,99;224,04
16071058;Troia;Foggia;1;6.624;16,74;21,57;36,75;11,58;25,91;10,77;29,92;168,96
16071060;Vieste;Foggia;1;13.316;128,50;83,79;20,73;53,98;58,03;41,31;3,61;389,94
08040001;Bagno di Romagna;Forli'-Cesena;1;5.573;34,19;26,50;42,92;49,55;26,32;32,33;40,84;254,84
08040003;Bertinoro;Forli'-Cesena;1;11.106;9,40;;59,70;27,97;15,06;29,46;23,37;164,96
08040004;Borghi;Forli'-Cesena;1;2.886;15,92;23,29;20,66;23,08;9,08;16,66;15,68;126,87
08040005;Castrocaro Terme e Terra del Sole;Forli'-Cesena;1;6.475;9,99;;63,40;29,71;15,99;31,28;24,81;175,18
08040007;Cesena;Forli'-Cesena;1;96.145;17,29;23,70;61,99;25,06;12,86;14,85;18,81;175,96
08040008;Cesenatico;Forli'-Cesena;1;25.945;44,55;46,37;45,62;64,57;65,56;38,40;58,99;366,27
08040009;Civitella di Romagna;Forli'-Cesena;1;3.644;10,48;;66,56;31,19;16,79;32,85;26,05;183,93
08040011;Dovadola;Forli'-Cesena;1;1.575;10,81;;68,64;32,17;17,31;33,87;26,87;189,68
08040012;Forli;Forli'-Cesena;1;117.210;9,82;;62,36;29,22;15,73;30,77;24,41;172,32
08040013;Forlimpopoli;Forli'-Cesena;1;13.105;9,28;;58,91;27,61;14,86;29,07;23,06;162,79
08040014;Galeata;Forli'-Cesena;1;2.499;9,68;;61,47;28,81;15,51;30,33;24,06;169,86
08040015;Gambettola;Forli'-Cesena;1;10.828;20,96;28,58;40,92;30,39;19,09;21,54;20,35;183,50
08040016;Gatteo;Forli'-Cesena;1;9.384;21,91;33,36;59,82;31,76;22,28;31,69;31,51;234,55
08040018;Longiano;Forli'-Cesena;1;7.273;12,71;39,16;40,84;18,43;14,13;33,35;17,28;178,19
08040019;Meldola;Forli'-Cesena;1;9.969;9,57;;60,78;28,48;15,33;29,99;23,79;167,95
08040020;Mercato Saraceno;Forli'-Cesena;1;6.844;30,85;22,94;17,14;44,71;14,58;28,41;26,56;187,57
08040022;Modigliana;Forli'-Cesena;1;4.290;11,39;;72,32;33,89;18,24;35,69;28,31;199,83
08040028;Montiano;Forli'-Cesena;1;1.688;15,93;20,93;27,27;23,09;1,43;32,43;22,38;147,47
08040031;Portico e San Benedetto;Forli'-Cesena;1;757;16,89;;107,27;50,27;27,06;52,93;41,98;296,40
08040032;Predappio;Forli'-Cesena;1;6.308;9,76;;61,95;29,03;15,63;30,57;24,25;171,17
08040033;Premilcuore;Forli'-Cesena;1;690;40,07;31,76;42,94;58,07;57,87;34,81;54,08;328,59
08040036;Rocca San Casciano;Forli'-Cesena;1;1.780;12,26;;77,87;36,49;19,64;38,42;30,48;215,17
08040037;Roncofreddo;Forli'-Cesena;1;3.454;16,23;23,77;14,49;23,53;10,60;20,54;15,59;127,11
08040041;San Mauro Pascoli;Forli'-Cesena;1;12.286;20,02;25,16;53,48;29,01;24,31;22,92;31,80;210,08
08040043;Santa Sofia;Forli'-Cesena;1;4.027;33,34;24,93;50,30;48,33;37,01;23,96;34,95;255,67
08040044;Sarsina;Forli'-Cesena;1;3.345;34,01;21,26;18,87;49,30;25,56;23,17;30,77;205,43
08040045;Savignano sul Rubicone;Forli'-Cesena;1;17.954;21,85;26,00;51,84;31,67;17,96;21,25;22,64;195,12
08040046;Sogliano al Rubicone;Forli'-Cesena;1;3.166;16,44;20,84;21,90;23,83;10,39;16,76;27,36;140,03
08040049;Tredozio;Forli'-Cesena;1;1.120;15,66;;99,42;46,59;25,08;49,06;38,91;274,71
08040050;Verghereto;Forli'-Cesena;1;1.739;42,13;26,94;25,45;61,07;16,74;31,20;50,93;258,78
12060002;Acuto;Frosinone;1;1.820;16,32;36,34;65,29;3,41;14,40;27,68;17,86;181,30
12060003;Alatri;Frosinone;1;27.639;8,07;9,58;69,50;31,63;12,11;13,13;12,80;156,82
12060005;Amaseno;Frosinone;1;4.087;13,08;21,96;34,88;;4,36;52,78;4,07;131,13
12060006;Anagni;Frosinone;1;20.635;6,18;28,11;68,82;2,83;13,23;16,30;3,65;139,13
12060007;Aquino;Frosinone;1;4.908;20,42;12,25;47,98;20,42;15,31;31,97;;148,34
12060008;Arce;Frosinone;1;5.387;22,76;;66,98;42,87;;45,64;55,80;234,04
12060009;Arnara;Frosinone;1;2.202;13,70;20,97;31,71;;10,04;23,90;3,50;103,81
12060011;Atina;Frosinone;1;4.125;13,85;5,30;69,26;;23,59;3,71;25,59;141,29
12060012;Ausonia;Frosinone;1;2.395;8,91;;50,49;33,92;;12,59;9,37;159,80
12060013;Belmonte Castello;Frosinone;1;677;23,36;56,37;16,91;;2,54;1,98;6,86;108,02
12060014;Boville Ernica;Frosinone;1;8.301;14,57;41,02;20,52;7,27;9,43;16,23;7,00;121,07
12060017;Casalattico;Frosinone;1;524;40,99;17,52;;;39,73;67,74;;165,98
12060018;Casalvieri;Frosinone;1;2.442;15,38;30,67;51,42;;18,99;32,31;1,22;149,99
12060019;Cassino;Frosinone;1;35.039;20,02;40,12;65,48;21,30;33,07;8,76;18,41;207,16
12060020;Castelliri;Frosinone;1;3.173;13,59;30,56;51,76;0,56;14,87;15,85;1,35;128,54
12060021;Castelnuovo Parano;Frosinone;1;845;55,62;85,21;4,62;;2,52;84,82;10,28;243,07
12060022;Castrocielo;Frosinone;1;3.780;37,69;62,14;26,82;3,35;32,20;20,84;3,24;186,27
12060024;Ceccano;Frosinone;1;22.215;11,93;6,03;47,72;27,95;9,13;3,07;7,09;118,40
12060029;Colle San Magno;Frosinone;1;616;24,28;16,68;44,51;;;48,80;14,41;148,68
12060028;Collepardo;Frosinone;1;883;47,67;34,50;48,93;22,15;1,26;;11,12;165,63
12060030;Coreno Ausonio;Frosinone;1;1.517;37,17;;30,54;25,95;;22,75;22,59;139,00
12060033;Ferentino;Frosinone;1;20.068;27,21;2,25;61,50;2,86;20,16;;17,20;131,18
12060034;Filettino;Frosinone;1;535;67,91;54,66;131,13;85,80;30,35;132,85;98,96;616,24
12060035;Fiuggi;Frosinone;1;10.102;16,11;54,72;74,97;22,47;26,47;11,46;13,29;219,48
12060038;Frosinone;Frosinone;1;43.454;12,84;;40,94;29,21;15,61;55,25;26,52;180,38
12060039;Fumone;Frosinone;1;1.947;34,45;17,42;40,79;;;23,46;1,46;117,57
12060041;Giuliano di Roma;Frosinone;1;2.294;50,23;12,88;50,23;;;4,24;;117,57
12060042;Guarcino;Frosinone;1;1.504;97,19;;36,30;;49,14;3,75;0,94;187,31
12060044;Monte San Giovanni Campano;Frosinone;1;11.982;12,52;31,94;32,71;1,48;5,48;6,77;16,62;107,51
12060045;Morolo;Frosinone;1;3.156;13,15;34,21;76,95;1,02;24,21;23,62;6,11;179,27
12060046;Paliano;Frosinone;1;7.880;9,24;21,14;46,17;9,66;23,89;11,52;29,44;151,86
12060048;Patrica;Frosinone;1;3.064;16,74;18,07;66,96;18,91;9,11;6,54;13,42;149,75
12060049;Pescosolido;Frosinone;1;1.401;10,65;;48,04;19,69;4,56;11,12;5,02;96,33
12060051;Pico;Frosinone;1;2.621;11,49;26,88;60,01;;;30,40;6,25;135,04
12060052;Piedimonte San Germano;Frosinone;1;6.304;10,10;50,47;76,23;0,34;12,95;22,32;12,53;184,96
12060053;Piglio;Frosinone;1;4.326;17,47;28,20;74,56;0,74;24,46;10,54;25,61;181,59
12060054;Pignataro Interamna;Frosinone;1;2.429;15,06;39,91;85,91;0,42;10,60;27,65;39,24;218,79
12060055;Pofi;Frosinone;1;3.873;40,83;30,94;25,87;;3,88;16,60;2,14;120,25
12060057;Posta Fibreno;Frosinone;1;1.021;17,53;4,70;60,27;34,22;;35,45;2,78;154,95
12060058;Ripi;Frosinone;1;5.028;14,14;30,03;61,28;8,57;18,85;13,43;7,78;155,08
12060059;Rocca d'Arce;Frosinone;1;873;13,21;24,29;81,09;2,55;28,91;22,39;4,23;176,67
12060061;San Biagio Saracinisco;Frosinone;1;294;121,64;;25,08;;;7,98;;154,70
12060063;San Giorgio a Liri;Frosinone;1;2.972;11,83;;73,37;49,47;33,13;3,80;2,09;173,69
12060064;San Giovanni Incarico;Frosinone;1;3.052;41,64;34,21;18,75;1,32;12,43;20,30;13,93;143,58
12060070;San Vittore del Lazio;Frosinone;1;2.353;31,72;28,21;43,80;22,34;3,07;6,70;;135,83
12060065;Sant'Ambrogio sul Garigliano;Frosinone;1;872;21,83;6,13;37,35;1,60;4,37;17,40;5,39;115,62
12060067;Sant'Apollinare;Frosinone;1;1.813;28,77;30,67;;;5,21;14,18;6,76;92,21
12060068;Sant'Elia Fiumerapido;Frosinone;1;5.658;11,70;41,94;58,48;10,61;12,12;6,94;;141,77
12060071;Serrone;Frosinone;1;2.955;27,65;29,84;68,28;18,66;20,74;8,77;45,17;219,10
12060073;Sgurgola;Frosinone;1;2.367;11,44;43,18;45,75;2,17;19,06;12,69;7,00;141,28
12060075;Strangolagalli;Frosinone;1;2.277;8,60;67,73;;0,07;10,76;21,92;2,03;111,11
12060076;Supino;Frosinone;1;4.590;8,33;7,09;41,63;17,76;5,62;18,26;23,88;122,56
12060078;Torre Cajetani;Frosinone;1;1.301;12,06;;60,28;36,33;;27,60;5,28;141,55
12060079;Torrice;Frosinone;1;4.679;9,20;20,32;45,98;;7,53;1,60;13,48;98,10
12060081;Trivigliano;Frosinone;1;1.609;13,40;3,86;56,28;18,87;4,35;29,09;4,49;130,34
12060083;Vallemaio;Frosinone;1;894;29,93;;24,37;18,30;5,68;19,95;9,30;107,53
12060084;Vallerotonda;Frosinone;1;1.386;14,69;68,34;1,26;1,87;;46,15;1,44;133,75
12060085;Veroli;Frosinone;1;19.532;17,81;37,03;45,23;1,22;12,02;10,37;18,61;142,30
12060087;Vico nel Lazio;Frosinone;1;2.072;23,34;24,02;33,89;2,16;7,92;16,71;6,24;114,28
12060088;Villa Latina;Frosinone;1;1.141;7,55;68,67;19,81;;;59,62;;155,65
12060089;Villa Santa Lucia;Frosinone;1;2.477;24,74;20,92;44,99;;3,00;51,13;9,84;154,61
12060090;Villa Santo Stefano;Frosinone;1;1.595;7,97;10,21;15,14;;30,05;28,42;1,02;92,82
07010001;Arenzano;Genova;1;11.144;39,97;36,63;71,15;24,58;58,75;45,25;18,14;294,46
07010002;Avegno;Genova;1;2.561;29,79;23,19;51,94;6,36;3,60;29,31;4,33;165,93
07010003;Bargagli;Genova;1;2.529;9,63;56,51;35,29;3,07;4,71;11,30;11,34;132,88
07010004;Bogliasco;Genova;1;4.347;12,58;25,98;31,60;19,33;73,02;25,74;2,67;190,94
07010005;Borzonasca;Genova;1;1.808;24,04;27,71;48,41;20,19;;19,23;45,64;187,14
07010006;Busalla;Genova;1;5.108;15,84;12,82;54,32;23,60;13,92;39,54;18,90;178,95
07010008;Campo Ligure;Genova;1;2.826;29,73;20,57;20,04;15,24;9,87;25,53;1,49;122,47
07010009;Campomorone;Genova;1;6.461;10,50;10,92;56,43;29,40;15,72;15,34;10,44;148,74
07010010;Carasco;Genova;1;3.746;14,12;14,83;51,76;24,18;6,33;23,73;11,98;148,47
07010011;Casarza Ligure;Genova;1;6.732;7,25;22,28;42,30;15,83;6,08;17,11;7,66;118,72
07010012;Casella;Genova;1;3.071;16,04;38,73;77,65;20,14;3,75;4,80;27,57;188,68
07010013;Castiglione Chiavarese;Genova;1;1.570;32,63;61,72;44,75;6,99;;34,86;8,78;205,53
07010014;Ceranesi;Genova;1;3.595;22,07;15,19;32,93;30,86;0,58;32,44;14,58;148,65
07010016;Cicagna;Genova;1;2.249;11,26;13,73;41,28;12,75;11,95;12,95;47,89;153,05
07010017;Cogoleto;Genova;1;8.412;46,81;22,65;66,29;27,30;55,94;45,73;6,60;271,31
07010019;Coreglia Ligure;Genova;1;255;17,87;28,69;65,51;0,57;8,02;16,38;15,16;154,14
07010020;Crocefieschi;Genova;1;532;15,27;65,45;126,72;22,16;1,19;30,39;6,64;267,82
07010021;Davagna;Genova;1;1.828;16,31;47,90;35,87;15,96;3,53;33,73;14,19;167,50
07010022;Fascia;Genova;1;67;73,40;82,09;113,81;21,73;17,09;313,30;37,13;658,55
07010023;Favale di Malvaro;Genova;1;427;17,20;18,35;63,04;0,55;7,71;16,50;26,32;151,54
07010024;Fontanigorda;Genova;1;223;33,55;83,04;116,70;16,90;5,69;67,90;48,97;372,76
07010025;Genova;Genova;1;561.947;42,88;64,49;53,00;13,84;29,55;65,45;15,08;284,83
07010026;Gorreto;Genova;1;92;39,52;135,02;130,28;19,38;13,80;74,36;0,93;413,30
07010027;Isola del Cantone;Genova;1;1.385;13,77;47,35;80,44;12,32;14,43;29,76;11,66;209,73
07010028;Lavagna;Genova;1;12.308;13,12;37,26;77,22;19,47;62,19;30,25;46,74;287,21
07010029;Leivi;Genova;1;2.448;14,19;;54,48;12,98;10,41;30,47;15,75;140,13
07010030;Lorsica;Genova;1;393;19,15;16,51;77,17;0,62;15,89;26,87;16,24;174,53
07010031;Lumarzo;Genova;1;1.423;13,70;18,68;51,39;19,96;6,15;34,83;16,82;163,03
07010032;Masone;Genova;1;3.308;40,21;18,45;19,27;17,85;6,05;25,58;7,49;134,89
07010033;Mele;Genova;1;2.521;34,84;37,08;18,57;15,43;;27,34;9,94;143,20
07010034;Mezzanego;Genova;1;1.528;14,98;14,59;45,66;16,66;3,28;17,52;36,41;150,74
07010035;Mignanego;Genova;1;3.550;24,74;13,73;29,46;30,88;0,58;28,39;50,99;178,77
07010036;Moconesi;Genova;1;2.408;15,17;9,23;53,20;22,09;9,33;27,08;15,77;155,63
07010037;Moneglia;Genova;1;2.516;43,74;69,14;115,90;30,35;43,61;50,52;67,39;420,64
07010038;Montebruno;Genova;1;201;35,08;78,01;141,00;12,42;8,33;141,55;26,22;442,60
07010039;Montoggio;Genova;1;1.997;12,11;60,79;90,52;16,56;;17,19;15,71;212,87
07010040;Ne;Genova;1;2.123;22,73;82,57;52,08;11,55;;40,55;10,82;222,14
07010042;Orero;Genova;1;491;14,85;11,70;54,43;11,78;27,49;15,39;23,39;160,65
07010043;Pieve Ligure;Genova;1;2.403;24,19;16,52;85,70;2,51;14,46;28,88;4,50;178,85
07010044;Portofino;Genova;1;361;240,44;130,95;376,96;41,59;245,54;139,23;5,94;1.180,65
07010045;Propata;Genova;1;113;36,80;79,62;60,68;12,81;10,04;193,35;2,48;395,78
07010047;Recco;Genova;1;9.358;39,35;26,00;72,64;17,03;24,71;29,34;21,80;230,85
07010048;Rezzoaglio;Genova;1;859;29,25;71,33;77,58;11,90;;21,32;49,81;265,94
07010049;Ronco Scrivia;Genova;1;4.167;8,20;40,59;89,63;18,00;8,78;13,84;10,49;189,53
07010050;Rondanina;Genova;1;59;39,02;117,58;171,98;14,15;86,98;116,88;0,24;546,83
07010051;Rossiglione;Genova;1;2.527;36,05;20,07;18,27;15,15;13,54;26,27;7,01;136,35
07010052;Rovegno;Genova;1;467;46,07;96,30;178,46;23,53;39,12;30,51;;413,99
07010053;San Colombano Certenoli;Genova;1;2.667;12,83;10,86;47,04;19,76;5,76;18,06;12,22;126,54
07010054;Santa Margherita Ligure;Genova;1;8.452;45,73;76,84;91,62;46,85;49,26;96,13;36,28;443,37
07010056;Santo Stefano d'Aveto;Genova;1;982;43,71;131,10;88,54;10,41;5,95;50,39;23,00;356,15
07010055;Sant'Olcese;Genova;1;5.561;10,26;12,47;55,88;19,16;3,52;26,11;24,20;151,61
07010057;Savignone;Genova;1;3.000;10,07;38,69;83,02;17,60;15,82;47,64;57,26;270,09
07010058;Serra Ricco;Genova;1;7.580;14,95;10,41;43,22;15,61;5,94;32,41;6,59;129,13
07010059;Sestri Levante;Genova;1;17.252;23,72;25,13;83,01;27,64;45,13;24,04;24,80;268,19
07010060;Sori;Genova;1;3.978;28,27;10,89;82,92;11,86;32,12;28,23;17,71;216,22
07010061;Tiglieto;Genova;1;450;19,90;88,98;62,54;19,87;;31,67;3,28;226,25
07010062;Torriglia;Genova;1;2.243;24,91;68,79;94,66;8,10;2,69;21,05;8,04;228,24
07010063;Tribogna;Genova;1;586;25,16;;74,30;0,59;8,24;25,87;17,63;153,80
07010064;Uscio;Genova;1;2.143;19,12;9,25;44,88;17,25;7,93;19,05;19,27;136,75
07010065;Valbrevenna;Genova;1;752;12,09;63,30;67,71;22,38;19,97;39,38;42,80;267,64
07010066;Vobbia;Genova;1;378;12,06;78,24;78,81;26,13;;72,56;30,42;298,23
07010067;Zoagli;Genova;1;2.379;33,00;13,52;27,89;65,18;68,97;36,73;19,54;285,54
06031001;Capriva del Friuli;Gorizia;1;1.617;20,08;20,76;34,69;32,10;0,94;17,38;15,97;143,02
06031002;Cormons;Gorizia;1;7.135;22,36;21,86;38,86;32,65;17,46;12,82;19,76;166,98
06031003;Doberdo del Lago;Gorizia;1;1.327;20,34;14,49;42,68;35,70;;4,17;16,28;140,89
06031004;Dolegna del Collio;Gorizia;1;295;35,87;26,55;70,99;45,77;6,79;27,11;23,29;238,32
06031005;Farra d'Isonzo;Gorizia;1;1.671;20,92;16,14;35,90;25,87;3,84;15,13;14,67;133,63
06031006;Fogliano Redipuglia;Gorizia;1;2.978;20,86;15,97;38,49;48,73;1,50;13,80;15,06;170,58
06031007;Gorizia;Gorizia;1;33.728;24,45;27,67;47,78;26,37;26,38;18,81;18,77;191,48
06031008;Gradisca d'Isonzo;Gorizia;1;6.425;24,06;23,33;37,41;31,52;11,13;14,36;21,38;164,38
06031009;Grado;Gorizia;1;7.581;44,22;60,20;99,44;66,72;76,81;32,78;31,92;412,96
06031010;Mariano del Friuli;Gorizia;1;1.445;23,73;20,84;38,36;32,87;2,55;15,71;17,47;152,79
06031011;Medea;Gorizia;1;946;22,29;18,51;39,83;51,37;4,97;22,00;15,16;180,16
06031012;Monfalcone;Gorizia;1;30.103;23,41;24,93;44,64;38,38;20,22;10,52;9,77;172,73
06031013;Moraro;Gorizia;1;718;21,21;13,44;35,71;49,41;6,84;19,12;14,87;161,75
06031014;Mossa;Gorizia;1;1.518;19,89;16,11;36,53;40,12;6,21;22,94;12,53;155,43
06031015;Romans d'Isonzo;Gorizia;1;3.579;22,01;12,64;39,80;37,20;13,85;17,97;19,18;163,87
06031016;Ronchi dei Legionari;Gorizia;1;11.841;20,86;18,48;40,16;35,31;13,88;13,64;19,09;162,54
06031017;Sagrado;Gorizia;1;2.122;20,58;15,36;41,92;31,04;8,15;13,50;15,36;147,02
06031018;San Canzian d'Isonzo;Gorizia;1;6.020;19,43;15,46;34,24;26,90;8,66;28,52;23,00;157,43
06031019;San Floriano del Collio;Gorizia;1;736;21,16;14,17;37,83;29,33;7,49;15,56;9,54;136,24
06031020;San Lorenzo Isontino;Gorizia;1;1.491;20,52;17,78;32,71;31,59;6,07;11,22;16,51;137,53
06031021;San Pier d'Isonzo;Gorizia;1;1.943;19,65;15,27;38,52;34,25;0,14;15,31;14,88;142,23
06031022;Savogna d'Isonzo;Gorizia;1;1.697;18,27;16,14;31,09;24,46;2,73;13,61;10,27;117,58
06031023;Staranzano;Gorizia;1;7.139;20,90;17,54;41,74;55,23;9,33;10,31;12,42;175,40
06031024;Turriaco;Gorizia;1;2.770;20,15;11,95;47,02;35,94;0,13;21,36;11,32;153,07
06031025;Villesse;Gorizia;1;1.605;35,01;45,81;73,99;50,63;3,74;13,94;23,43;247,89
09053001;Arcidosso;Grosseto;1;4.255;30,86;1,90;76,63;32,07;41,42;23,76;48,48;255,13
09053002;Campagnatico;Grosseto;1;2.340;43,98;16,53;73,30;41,48;43,74;35,07;20,18;274,28
09053003;Capalbio;Grosseto;1;3.796;67,96;39,30;46,31;79,04;38,37;43,14;42,16;356,28
09053004;Castel del Piano;Grosseto;1;4.799;24,85;8,05;54,19;38,20;28,14;19,72;36,86;210,00
09053005;Castell'Azzara;Grosseto;1;1.294;18,40;11,61;85,08;36,62;35,32;38,24;23,61;252,11
09053006;Castiglione della Pescaia;Grosseto;1;7.152;124,51;89,43;78,21;163,64;113,87;49,15;42,03;665,43
09053007;Cinigiano;Grosseto;1;2.432;42,78;17,33;87,97;42,98;41,32;35,71;31,81;302,51
09053008;Civitella Paganico;Grosseto;1;2.914;48,14;25,05;88,98;51,51;32,86;42,14;23,57;316,93
09053009;Follonica;Grosseto;1;20.319;36,02;27,22;106,36;70,26;53,22;30,15;43,46;367,01
09053011;Grosseto;Grosseto;1;81.636;25,28;19,32;41,53;50,76;33,64;32,43;19,32;222,28
09053012;Isola del Giglio;Grosseto;1;1.284;70,32;81,42;108,10;111,77;119,25;59,64;31,63;582,13
09053013;Magliano in Toscana;Grosseto;1;3.271;59,99;13,58;124,61;42,57;33,76;41,82;28,14;344,46
09053014;Manciano;Grosseto;1;7.024;42,62;26,92;45,39;51,92;24,37;28,95;24,06;244,23
09053015;Massa Marittima;Grosseto;1;8.182;33,59;29,45;72,14;51,90;43,30;30,82;6,97;270,71
09053017;Montieri;Grosseto;1;1.173;32,79;12,15;112,62;39,74;26,15;15,89;8,20;247,52
09053018;Orbetello;Grosseto;1;14.186;51,40;36,67;51,75;63,10;67,55;24,22;24,61;319,30
09053019;Pitigliano;Grosseto;1;3.548;36,13;22,76;85,43;41,80;45,71;21,37;11,91;265,12
09053021;Roccastrada;Grosseto;1;8.792;28,75;15,64;102,32;46,44;25,22;34,99;27,33;281,44
09053022;Santa Fiora;Grosseto;1;2.496;38,99;18,08;64,81;60,33;44,83;26,33;30,71;284,08
09053023;Scansano;Grosseto;1;4.337;48,83;25,05;87,35;48,91;30,89;24,67;13,95;279,65
09053024;Scarlino;Grosseto;1;3.749;45,58;40,65;120,90;98,22;45,69;45,70;92,65;490,74
09053025;Seggiano;Grosseto;1;995;49,22;48,69;32,43;73,50;22,39;31,12;32,32;289,67
09053028;Semproniano;Grosseto;1;978;51,53;14,57;87,99;38,58;56,03;65,04;26,34;340,09
07008001;Airole;Imperia;1;370;6,88;51,66;56,81;10,02;68,87;67,84;106,80;368,88
07008003;Aquila d'Arroscia;Imperia;1;138;24,52;11,81;98,09;;10,22;80,46;10,45;244,26
07008004;Armo;Imperia;1;120;13,01;11,63;78,02;;39,63;27,32;7,35;176,95
07008005;Aurigo;Imperia;1;327;23,82;21,27;19,17;;28,36;111,20;18,61;222,43
07008006;Badalucco;Imperia;1;1.078;12,05;50,86;23,74;0,17;48,58;44,34;1,54;181,28
07008007;Bajardo;Imperia;1;364;;37,23;;3,86;37,77;52,52;;131,38
07008008;Bordighera;Imperia;1;10.203;7,01;37,42;124,72;26,78;85,56;39,05;41,91;402,31
07008009;Borghetto d'Arroscia;Imperia;1;403;29,34;12,52;117,36;;;48,63;62,81;270,65
07008010;Borgomaro;Imperia;1;818;19,78;22,70;95,28;;31,49;45,08;8,53;222,86
07008011;Camporosso;Imperia;1;5.611;27,99;56,33;40,94;13,34;49,01;24,47;5,70;223,64
07008012;Caravonica;Imperia;1;245;24,27;18,43;95,45;4,09;37,30;53,35;13,04;245,93
07008014;Castellaro;Imperia;1;1.270;19,64;19,51;38,73;5,05;16,44;26,83;1,24;127,44
07008016;Ceriana;Imperia;1;1.075;8,82;41,10;47,93;;39,32;41,96;11,39;206,40
07008017;Cervo;Imperia;1;1.075;23,49;96,10;197,69;8,47;72,15;73,84;22,68;494,41
07008018;Cesio;Imperia;1;258;6,90;55,72;58,04;;63,67;37,94;250,69;472,95
07008020;Chiusavecchia;Imperia;1;510;18,30;25,58;87,89;;13,84;60,44;13,56;219,61
07008021;Cipressa;Imperia;1;1.193;36,33;38,89;85,48;13,37;23,93;107,23;13,10;318,32
07008023;Cosio d'Arroscia;Imperia;1;174;12,01;19,41;72,01;;32,09;115,75;6,78;258,03
07008024;Costarainera;Imperia;1;785;25,46;27,35;133,43;16,98;35,44;81,09;20,13;339,88
07008025;Diano Arentino;Imperia;1;699;8,31;25,76;69,96;;25,53;55,90;7,33;197,99
07008026;Diano Castello;Imperia;1;2.233;10,50;42,32;85,05;0,08;31,04;49,35;11,52;244,20
07008027;Diano Marina;Imperia;1;5.563;25,35;120,35;216,25;6,64;78,70;66,81;125,99;640,09
07008028;Diano San Pietro;Imperia;1;1.095;11,15;62,58;93,81;;34,24;20,32;0,85;222,94
07008029;Dolceacqua;Imperia;1;2.148;9,86;45,48;40,42;13,16;66,61;39,41;61,92;276,86
07008030;Dolcedo;Imperia;1;1.257;54,79;31,89;110,83;12,44;37,40;25,77;1,54;274,65
07008031;Imperia;Imperia;1;42.375;16,45;20,98;116,94;19,12;42,79;22,18;67,34;305,80
07008032;Isolabona;Imperia;1;677;12,26;65,41;59,92;11,43;53,11;54,41;48,63;305,18
07008033;Lucinasco;Imperia;1;311;17,06;13,13;69,05;;;44,85;8,78;152,87
07008034;Mendatica;Imperia;1;161;29,96;20,06;179,71;;72,81;91,09;34,52;428,15
07008035;Molini di Triora;Imperia;1;650;45,53;18,15;78,27;8,12;;20,25;52,45;222,77
07008068;Montalto Carpasio;Imperia;1;520;33,68;16,10;56,55;6,35;49,48;82,81;5,19;250,15
07008037;Montegrosso Pian Latte;Imperia;1;111;45,52;22,71;136,77;;22,72;54,18;12,87;294,78
07008038;Olivetta San Michele;Imperia;1;197;7,19;85,73;119,04;20,79;109,98;92,23;62,65;497,62
07008039;Ospedaletti;Imperia;1;3.174;13,62;71,48;134,86;8,72;48,21;57,33;51,56;385,79
07008040;Perinaldo;Imperia;1;807;87,37;49,95;40,49;;34,27;23,68;18,53;254,29
07008041;Pietrabruna;Imperia;1;414;;42,12;;4,57;0,13;20,97;;80,84
07008042;Pieve di Teco;Imperia;1;1.307;18,86;34,20;77,51;;25,55;65,96;29,11;251,19
07008043;Pigna;Imperia;1;741;18,62;48,38;42,53;10,84;49,02;34,30;50,10;253,79
07008045;Pontedassio;Imperia;1;2.338;78,92;33,92;10,17;12,32;9,43;16,03;21,58;189,43
07008046;Pornassio;Imperia;1;649;23,31;16,48;120,41;;32,09;34,76;18,25;245,31
07008047;Prela;Imperia;1;479;89,10;26,98;118,68;4,12;25,10;40,52;16,45;320,95
07008048;Ranzo;Imperia;1;559;84,95;19,73;11,79;11,37;9,66;23,94;6,05;169,98
07008049;Rezzo;Imperia;1;313;32,15;17,50;126,38;;35,67;62,15;11,88;285,73
07008050;Riva Ligure;Imperia;1;2.787;18,57;29,32;90,79;;52,16;59,46;21,52;277,68
07008052;San Bartolomeo al Mare;Imperia;1;2.960;21,77;115,15;182,42;;70,66;47,11;95,12;568,83
07008053;San Biagio della Cima;Imperia;1;1.238;11,15;28,96;25,46;6,49;29,34;20,53;29,99;151,91
07008054;San Lorenzo al Mare;Imperia;1;1.215;55,43;26,44;182,79;38,89;69,39;25,23;50,86;457,47
07008055;Sanremo;Imperia;1;53.039;26,49;30,20;127,03;15,78;52,65;57,06;31,84;359,77
07008056;Santo Stefano al Mare;Imperia;1;2.004;52,12;30,65;118,08;39,61;36,31;77,80;3,54;358,11
07008057;Seborga;Imperia;1;278;5,09;48,48;91,61;24,54;77,94;72,89;34,02;354,58
07008058;Soldano;Imperia;1;974;14,17;34,21;31,58;10,63;29,13;30,14;36,86;186,72
07008059;Taggia;Imperia;1;13.766;25,11;27,77;97,26;19,38;53,60;22,38;17,81;277,81
07008060;Terzorio;Imperia;1;220;7,36;34,37;22,33;;62,70;112,85;3,25;242,85
07008061;Triora;Imperia;1;396;53,57;36,51;97,66;6,15;92,49;115,97;16,01;418,36
07008062;Vallebona;Imperia;1;1.207;3,61;68,50;24,40;2,24;16,44;39,05;40,58;194,82
07008063;Vallecrosia;Imperia;1;6.751;4,49;77,58;71,83;3,64;45,71;37,29;27,99;268,53
07008064;Vasia;Imperia;1;361;57,36;34,05;47,71;21,70;39,17;32,71;1,55;234,25
07008065;Ventimiglia;Imperia;1;22.927;6,88;74,29;107,78;13,74;28,31;37,43;35,38;304,23
07008066;Vessalico;Imperia;1;255;24,94;37,89;124,65;;12,96;39,12;16,62;256,18
07008067;Villa Faraldi;Imperia;1;448;12,45;30,79;104,75;;38,23;53,37;0,94;253,86
14094003;Bagnoli del Trigno;Isernia;1;621;32,89;21,10;68,65;;;31,13;2,22;157,13
14094006;Capracotta;Isernia;1;778;21,39;25,87;95,38;;24,94;46,05;10,85;224,77
14094007;Carovilli;Isernia;1;1.242;13,29;21,17;43,45;1,29;3,79;21,42;7,26;113,56
14094009;Castel del Giudice;Isernia;1;301;7,09;11,30;224,50;;;5,29;2,44;251,62
14094012;Castel San Vincenzo;Isernia;1;433;64,03;26,41;13,90;;0,54;60,77;23,16;188,81
14094011;Castelpizzuto;Isernia;1;129;67,75;34,95;;;;54,13;82,78;239,61
14094013;Castelverrino;Isernia;1;93;32,28;18,38;128,41;;4,98;24,45;5,35;213,85
14094014;Cerro al Volturno;Isernia;1;1.123;17,44;28,96;38,23;;2,77;24,30;7,44;120,33
14094015;Chiauci;Isernia;1;198;63,56;4,78;9,49;;;60,21;18,27;156,74
14094016;Civitanova del Sannio;Isernia;1;877;15,15;17,56;53,02;;2,97;15,11;3,37;109,23
14094019;Filignano;Isernia;1;561;11,02;19,16;47,45;;;20,63;28,58;128,39
14094023;Isernia;Isernia;1;20.731;18,87;26,02;27,31;;17,90;17,57;2,42;110,08
14094026;Macchiagodena;Isernia;1;1.626;23,35;19,28;14,76;;7,06;12,46;10,47;88,65
14094027;Miranda;Isernia;1;933;15,85;10,49;45,97;15,71;;35,52;16,95;140,50
14094028;Montaquila;Isernia;1;2.273;6,40;20,25;35,59;;2,31;19,76;13,60;99,08
14094032;Pescolanciano;Isernia;1;789;14,12;22,49;44,69;;11,27;12,88;5,18;112,62
14094034;Pettoranello del Molise;Isernia;1;445;23,22;21,06;40,13;;;44,35;3,13;134,23
14094035;Pietrabbondante;Isernia;1;597;28,07;8,65;17,18;2,71;22,64;36,33;20,99;137,26
14094041;Roccasicura;Isernia;1;476;45,31;4,89;9,72;;19,03;29,37;18,46;127,21
14094042;Rocchetta a Volturno;Isernia;1;1.062;15,84;3,66;27,82;3,47;44,95;36,40;10,56;142,70
14094044;Sant'Agapito;Isernia;1;1.352;;;54,68;9,97;18,86;21,54;;105,05
14094046;Sant'Angelo del Pesco;Isernia;1;322;86,96;;118,01;;;27,95;;232,92
14094047;Sant'Elena Sannita;Isernia;1;288;25,43;27,17;54,05;24,43;12,85;29,29;90,07;263,30
14094048;Scapoli;Isernia;1;588;21,91;26,31;18,60;;12,96;27,72;1,81;152,64
14094049;Sessano del Molise;Isernia;1;679;22,21;30,34;11,20;;6,64;11,51;40,75;123,01
14094051;Vastogirardi;Isernia;1;596;18,71;21,06;73,80;;;39,11;5,35;160,81
14094052;Venafro;Isernia;1;10.786;10,44;36,40;45,13;;13,26;24,97;2,16;135,48
07011001;Ameglia;La Spezia;1;4.302;17,43;23,37;115,76;39,57;69,08;94,80;74,69;434,71
07011004;Bolano;La Spezia;1;7.471;15,45;21,78;70,34;20,38;;20,46;8,61;158,63
07011005;Bonassola;La Spezia;1;778;50,85;55,86;239,02;34,50;138,67;57,07;23,85;599,82
07011006;Borghetto di Vara;La Spezia;1;879;56,26;21,78;;;3,42;24,48;11,22;122,00
07011009;Carro;La Spezia;1;483;31,79;20,86;149,05;14,45;;34,50;11,80;262,44
07011010;Carrodano;La Spezia;1;464;;25,82;135,33;49,23;;59,13;23,24;292,74
07011011;Castelnuovo Magra;La Spezia;1;8.260;14,56;20,11;71,87;22,25;1,48;19,57;13,34;169,64
07011012;Deiva Marina;La Spezia;1;1.288;136,60;68,82;144,04;39,86;15,50;48,26;40,73;493,81
07011013;Follo;La Spezia;1;6.098;11,09;10,25;67,11;25,67;16,05;25,56;20,94;176,66
07011014;Framura;La Spezia;1;562;124,40;38,74;239,05;38,83;14,63;110,09;32,26;597,99
07011015;La Spezia;La Spezia;1;92.715;21,14;20,96;75,92;28,90;40,62;40,00;22,89;250,43
07011016;Lerici;La Spezia;1;9.365;25,23;26,16;121,15;28,03;52,42;42,95;17,66;313,60
07011017;Levanto;La Spezia;1;5.109;36,99;54,80;89,01;26,08;86,12;30,79;11,99;335,79
07011020;Luni;La Spezia;1;8.106;16,79;10,62;77,81;21,45;3,05;21,08;16,43;167,23
07011018;Maissana;La Spezia;1;592;48,03;25,75;29,77;8,18;;61,54;6,72;179,99
07011019;Monterosso al Mare;La Spezia;1;1.317;342,60;38,27;362,46;34,89;20,59;116,45;11,77;927,05
07011021;Pignone;La Spezia;1;525;17,27;14,81;103,90;13,94;45,96;66,10;29,34;291,32
07011022;Portovenere;La Spezia;1;3.254;28,33;54,63;146,57;29,26;123,42;84,75;61,05;528,01
07011024;Riomaggiore;La Spezia;1;1.311;54,10;57,16;263,52;40,19;221,25;91,95;51,02;779,19
07011025;Rocchetta di Vara;La Spezia;1;647;92,73;23,33;67,99;13,36;12,76;44,96;4,80;259,92
07011026;Santo Stefano di Magra;La Spezia;1;10.116;11,37;17,35;59,09;26,93;2,57;50,48;39,86;207,64
07011027;Sarzana;La Spezia;1;21.774;24,62;39,74;100,54;28,64;21,89;36,39;27,39;279,22
07011028;Sesta Godano;La Spezia;1;1.262;21,69;19,57;105,52;12,83;;36,75;23,46;219,81
07011030;Vernazza;La Spezia;1;708;67,57;64,98;323,09;51,48;112,34;70,79;195,85;886,10
07011031;Vezzano Ligure;La Spezia;1;7.162;14,48;18,89;72,30;22,27;20,67;28,44;39,30;222,21
13066001;Acciano;L'Aquila;1;256;27,64;12,25;96,35;19,22;;32,63;16,18;204,26
13066002;Aielli;L'Aquila;1;1.372;32,98;29,53;44,80;12,51;;35,61;6,34;161,77
13066003;Alfedena;L'Aquila;1;926;34,26;21,91;40,77;24,53;22,60;29,13;10,16;191,75
13066004;Anversa degli Abruzzi;L'Aquila;1;309;15,17;12,36;119,37;28,97;;36,43;17,11;229,41
13066005;Ateleta;L'Aquila;1;1.101;16,37;5,52;73,47;15,13;10,95;44,25;22,68;188,37
13066006;Avezzano;L'Aquila;1;40.881;15,39;18,98;60,60;20,94;17,31;27,43;3,11;163,76
13066007;Balsorano;L'Aquila;1;3.251;10,23;12,70;53,33;17,51;;27,93;14,48;136,19
13066009;Barisciano;L'Aquila;1;1.660;16,44;6,63;60,79;15,98;;24,31;10,51;134,66
13066010;Barrea;L'Aquila;1;704;9,06;9,39;67,89;20,43;25,30;39,91;23,10;195,08
13066012;Bugnara;L'Aquila;1;1.010;19,98;9,68;67,55;16,34;0,09;19,79;13,14;146,56
13066013;Cagnano Amiterno;L'Aquila;1;1.106;22,90;19,38;82,78;5,18;;28,40;19,23;177,87
13066015;Campo di Giove;L'Aquila;1;746;14,08;18,63;119,65;32,20;;13,84;20,69;219,09
13066016;Campotosto;L'Aquila;1;459;60,07;69,48;61,22;6,10;;17,21;9,17;223,25
13066024;Carapelle Calvisio;L'Aquila;1;78;25,91;5,90;95,31;17,71;;30,06;16,06;190,95
13066025;Carsoli;L'Aquila;1;4.987;48,97;48,92;76,00;16,96;;46,51;2,10;239,46
13066026;Castel del Monte;L'Aquila;1;422;28,74;16,18;96,57;27,08;;32,59;17,94;219,10
13066030;Castelvecchio Calvisio;L'Aquila;1;120;15,67;7,05;103,66;19,93;;29,51;14,99;190,80
13066035;Civitella Alfedena;L'Aquila;1;294;22,54;14,19;161,34;28,47;;44,22;9,02;279,79
13066036;Civitella Roveto;L'Aquila;1;3.000;10,42;16,37;55,28;26,69;10,82;31,13;7,05;157,75
13066037;Cocullo;L'Aquila;1;211;18,44;7,23;153,55;17,21;;38,10;18,04;252,56
13066039;Collelongo;L'Aquila;1;1.073;10,27;16,29;75,63;0,79;6,54;34,86;20,20;164,58
13066040;Collepietro;L'Aquila;1;199;11,33;21,33;103,58;9,02;;15,73;17,02;178,01
13066042;Fagnano Alto;L'Aquila;1;349;25,85;5,59;107,36;14,99;;23,50;16,22;193,51
13066043;Fontecchio;L'Aquila;1;288;42,45;21,68;102,46;27,79;;33,84;19,35;247,57
13066044;Fossa;L'Aquila;1;653;18,57;6,02;79,53;17,75;;19,07;12,02;152,95
13066045;Gagliano Aterno;L'Aquila;1;224;18,05;10,55;82,50;20,17;;27,59;13,55;172,42
13066046;Gioia dei Marsi;L'Aquila;1;1.712;47,14;20,31;76,20;10,93;2,82;43,61;6,56;207,59
13066047;Goriano Sicoli;L'Aquila;1;516;19,59;7,27;36,31;18,46;22,23;29,47;15,05;148,38
13066048;Introdacqua;L'Aquila;1;1.979;14,98;6,43;60,92;15,45;0,07;33,58;10,59;142,01
13066052;Lucoli;L'Aquila;1;836;28,38;28,79;154,13;31,65;;51,61;21,05;315,61
13066053;Magliano de' Marsi;L'Aquila;1;3.484;27,55;15,40;61,99;17,78;24,60;14,34;7,81;169,47
13066054;Massa d'Albe;L'Aquila;1;1.351;48,04;40,33;76,50;11,08;;38,15;5,45;219,55
13066055;Molina Aterno;L'Aquila;1;344;11,75;6,25;61,93;17,51;;16,66;11,00;125,10
13066056;Montereale;L'Aquila;1;2.193;57,08;63,56;20,12;10,02;;27,77;9,14;187,69
13066057;Morino;L'Aquila;1;1.302;12,12;12,37;63,16;24,65;;37,18;13,36;162,85
13066058;Navelli;L'Aquila;1;566;9,83;5,05;61,95;13,21;;24,31;9,67;131,30
13066059;Ocre;L'Aquila;1;1.097;11,06;4,96;43,96;11,47;;15,79;7,56;94,80
13066060;Ofena;L'Aquila;1;435;20,53;8,33;82,71;16,29;;27,00;12,84;167,69
13066062;Oricola;L'Aquila;1;1.278;51,01;61,98;109,37;22,00;10,95;62,89;2,30;320,49
13066063;Ortona dei Marsi;L'Aquila;1;386;35,77;17,24;92,03;13,17;;71,82;20,26;250,29
13066066;Pacentro;L'Aquila;1;1.079;11,07;5,70;86,45;15,47;0,11;23,56;13,26;163,32
13066067;Pereto;L'Aquila;1;637;24,55;43,68;73,22;16,99;20,08;43,83;1,71;224,07
13066068;Pescasseroli;L'Aquila;1;2.083;14,07;57,61;68,71;27,66;31,13;87,81;27,12;315,66
13066069;Pescina;L'Aquila;1;3.668;10,65;30,29;53,24;7,65;19,51;19,21;19,39;159,94
13066070;Pescocostanzo;L'Aquila;1;1.086;45,06;1,68;45,62;80,05;45,29;88,50;3,61;309,81
13066072;Pizzoli;L'Aquila;1;4.322;2,03;17,48;28,19;5,11;;57,14;5,60;115,54
13066073;Poggio Picenze;L'Aquila;1;994;21,27;7,20;74,21;19,45;;21,99;11,85;155,97
13066075;Pratola Peligna;L'Aquila;1;7.009;8,93;6,53;47,96;19,26;25,75;37,26;1,76;147,46
13066076;Prezza;L'Aquila;1;847;11,98;6,53;53,09;17,05;;20,49;9,06;118,20
13066077;Raiano;L'Aquila;1;2.621;11,34;9,73;46,75;41,17;;23,68;10,04;142,71
13066080;Rocca di Botte;L'Aquila;1;856;36,42;35,81;73,98;19,10;;41,37;13,66;220,33
13066081;Rocca di Cambio;L'Aquila;1;504;35,37;36,78;192,75;46,38;165,15;72,93;61,14;610,49
13066082;Rocca di Mezzo;L'Aquila;1;1.360;33,17;36,39;180,96;55,23;82,38;51,54;37,67;480,63
13066084;Roccaraso;L'Aquila;1;1.485;10,64;28,99;166,67;58,33;52,54;55,69;84,31;457,19
13066085;San Benedetto dei Marsi;L'Aquila;1;3.695;;32,98;;11,29;35,59;9,46;1,65;90,97
13066087;San Demetrio ne' Vestini;L'Aquila;1;1.955;14,35;6,57;52,32;30,19;;20,73;11,36;137,02
13066088;San Pio delle Camere;L'Aquila;1;649;55,18;;28,51;7,75;12,74;52,02;15,66;171,86
13066092;San Vincenzo Valle Roveto;L'Aquila;1;2.076;12,01;15,54;62,58;18,34;16,59;32,54;6,64;164,24
13066091;Santo Stefano di Sessanio;L'Aquila;1;110;45,97;18,64;182,24;44,03;;63,04;29,83;383,74
13066093;Scanno;L'Aquila;1;1.695;14,88;7,59;72,61;23,53;;30,79;17,53;166,93
13066094;Scontrone;L'Aquila;1;538;18,80;7,14;71,30;17,01;;25,55;11,02;152,87
13066095;Scoppito;L'Aquila;1;3.791;20,26;9,71;59,22;13,36;;39,48;19,70;161,73
13066098;Sulmona;L'Aquila;1;21.944;12,16;10,40;67,85;23,98;27,15;11,65;15,46;168,65
13066099;Tagliacozzo;L'Aquila;1;6.431;14,46;24,33;75,35;28,37;23,95;47,51;36,94;250,91
13066101;Tornimparte;L'Aquila;1;2.765;16,58;5,33;69,56;11,00;;21,29;11,02;138,57
13066104;Villa Santa Lucia degli Abruzzi;L'Aquila;1;87;26,61;12,46;120,64;28,46;;33,06;19,07;240,30
13066105;Villa Sant'Angelo;L'Aquila;1;490;12,38;6,85;40,72;16,37;;16,24;8,21;100,76
13066103;Villalago;L'Aquila;1;501;20,17;11,21;29,09;51,02;;30,85;69,76;212,10
13066106;Villavallelonga;L'Aquila;1;825;11,38;17,80;93,30;0,60;7,96;34,38;19,25;184,67
12059001;Aprilia;Latina;1;74.572;16,49;16,79;66,56;27,10;15,14;22,20;11,96;176,25
12059002;Bassiano;Latina;1;1.430;29,47;27,98;68,94;13,18;35,74;11,05;2,54;188,90
12059003;Campodimele;Latina;1;564;23,46;72,68;36,05;;0,89;11,19;9,74;154,01
12059006;Cori;Latina;1;10.461;9,68;12,57;49,47;19,33;23,74;8,97;;175,59
12059007;Fondi;Latina;1;39.709;11,24;58,74;53,22;25,10;10,50;12,44;14,53;185,77
12059008;Formia;Latina;1;36.937;10,53;32,32;55,74;28,52;23,43;32,47;49,55;246,97
12059009;Gaeta;Latina;1;19.332;33,86;41,05;93,61;43,37;27,80;27,80;52,98;322,16
12059010;Itri;Latina;1;10.425;11,76;13,29;56,82;24,62;29,39;17,09;35,70;188,68
12059011;Latina;Latina;1;127.486;29,64;43,62;30,25;12,80;27,75;28,07;66,44;265,99
12059012;Lenola;Latina;1;4.066;21,44;22,84;53,76;22,74;0,74;4,14;16,97;142,62
12059013;Maenza;Latina;1;2.929;13,71;13,54;54,78;22,90;12,80;10,52;1,39;129,64
12059014;Minturno;Latina;1;20.276;27,76;93,37;39,69;13,62;17,97;31,33;38,43;268,31
12059015;Monte San Biagio;Latina;1;6.053;26,12;32,89;63,58;21,64;3,12;4,80;5,39;157,78
12059016;Norma;Latina;1;3.669;12,75;10,97;48,12;20,90;5,77;20,70;12,59;133,18
12059017;Pontinia;Latina;1;15.075;28,40;26,66;40,33;9,04;15,65;11,12;11,43;150,75
12059018;Ponza;Latina;1;3.287;81,16;85,35;67,57;7,25;54,31;166,75;27,96;494,37
12059019;Priverno;Latina;1;13.794;14,05;14,12;49,74;23,92;10,44;3,92;33,32;149,50
12059020;Prossedi;Latina;1;1.146;28,17;16,60;109,45;;22,68;11,22;1,08;189,20
12059022;Rocca Massima;Latina;1;1.081;55,63;34,95;;;44,64;86,60;17,62;239,44
12059021;Roccagorga;Latina;1;4.150;13,72;32,12;61,74;;10,78;11,46;2,93;132,75
12059023;Roccasecca dei Volsci;Latina;1;1.049;38,55;43,23;19,12;1,19;20,04;18,95;12,19;153,28
12059024;Sabaudia;Latina;1;19.415;15,07;28,89;55,92;29,17;29,74;40,87;10,20;218,33
12059026;Santi Cosma e Damiano;Latina;1;6.841;13,80;43,56;47,51;;0,38;10,98;20,82;137,05
12059028;Sezze;Latina;1;23.735;56,87;;42,58;;;12,45;1,93;113,84
12059029;Sonnino;Latina;1;7.367;15,78;11,42;63,11;2,33;2,94;30,27;10,36;136,21
12059031;Spigno Saturnia;Latina;1;2.869;12,04;26,19;58,41;;19,12;8,96;20,07;144,79
12059032;Terracina;Latina;1;44.651;16,97;;82,44;53,41;21,82;15,97;14,92;205,54
12059033;Ventotene;Latina;1;692;70,65;126,04;117,27;28,41;68,17;42,43;17,19;470,16
16075002;Alessano;Lecce;1;6.047;16,75;25,50;63,93;17,39;20,10;18,64;21,72;184,04
16075003;Alezio;Lecce;1;5.668;25,43;6,03;75,02;40,08;24,92;9,14;4,69;185,30
16075004;Alliste;Lecce;1;6.399;16,21;7,69;78,41;50,42;26,44;24,27;5,30;208,74
16075005;Andrano;Lecce;1;4.502;20,02;18,59;59,86;25,18;;;;123,65
16075006;Aradeo;Lecce;1;8.833;10,61;7,64;69,96;42,97;24,83;23,08;2,39;181,47
16075008;Bagnolo del Salento;Lecce;1;1.752;38,19;27,94;35,00;1,25;8,05;23,65;30,61;164,70
16075009;Botrugno;Lecce;1;2.621;15,30;20,36;65,71;37,42;9,64;37,34;13,56;199,31
16075010;Calimera;Lecce;1;6.701;20,47;11,15;39,21;28,61;23,09;31,66;7,25;161,43
16075011;Campi Salentina;Lecce;1;9.720;7,27;15,59;59,37;54,87;19,65;43,99;2,24;202,99
16075014;Carmiano;Lecce;1;11.652;15,07;8,55;75,49;43,57;26,93;8,62;1,67;179,90
16075015;Carpignano Salentino;Lecce;1;3.627;14,89;12,03;57,88;30,26;15,09;21,15;39,41;190,71
16075016;Casarano;Lecce;1;19.132;21,37;20,45;49,96;37,25;18,84;18,27;18,98;185,12
16075018;Castrignano de' Greci;Lecce;1;3.629;20,84;21,32;76,07;23,38;28,12;12,55;10,01;192,30
16075019;Castrignano del Capo;Lecce;1;5.077;25,01;27,26;99,91;22,36;41,43;22,28;53,39;294,82
16075096;Castro;Lecce;1;2.352;34,00;69,26;89,22;21,93;23,14;19,58;66,48;323,62
16075020;Cavallino;Lecce;1;12.913;18,98;13,90;35,70;30,88;9,87;27,82;28,43;165,59
16075021;Collepasso;Lecce;1;5.554;10,52;15,64;68,16;37,17;29,39;21,70;24,65;207,23
16075022;Copertino;Lecce;1;22.949;13,01;5,78;60,08;36,56;42,46;12,62;2,27;172,79
16075023;Corigliano d'Otranto;Lecce;1;5.609;11,48;31,89;48,79;16,48;22,96;11,39;17,79;160,79
16075024;Corsano;Lecce;1;5.108;14,28;18,29;52,68;15,29;23,05;18,25;17,81;159,65
16075025;Cursi;Lecce;1;3.837;14,91;17,97;57,81;20,46;10,39;19,35;21,31;162,20
16075027;Diso;Lecce;1;2.801;15,99;22,06;64,12;46,62;16,27;25,68;22,18;212,92
16075028;Gagliano del Capo;Lecce;1;4.853;14,81;20,69;53,25;18,04;22,20;19,71;28,41;184,56
16075029;Galatina;Lecce;1;25.511;14,55;6,33;70,06;42,82;35,76;9,76;33,39;212,68
16075030;Galatone;Lecce;1;14.878;11,87;9,84;63,78;32,30;33,55;24,59;23,30;199,23
16075031;Gallipoli;Lecce;1;19.112;24,06;15,14;108,53;59,59;71,23;38,72;77,58;397,80
16075032;Giuggianello;Lecce;1;1.128;18,48;15,29;63,62;20,19;10,00;19,17;11,98;158,74
16075035;Lecce;Lecce;1;94.434;18,73;8,12;49,77;55,26;41,68;49,58;64,06;302,94
16075036;Lequile;Lecce;1;8.603;18,89;2,16;50,63;36,66;29,78;10,16;6,95;155,23
16075037;Leverano;Lecce;1;13.474;14,46;4,97;72,31;34,84;18,21;171,35;2,02;318,16
16075038;Lizzanello;Lecce;1;11.746;16,78;26,14;31,28;7,64;9,55;24,91;59,14;175,44
16075040;Martano;Lecce;1;8.503;22,00;47,47;4,96;5,57;13,79;59,73;15,82;169,35
16075042;Matino;Lecce;1;10.868;10,95;8,46;50,42;36,95;20,66;30,81;9,30;167,54
16075045;Melpignano;Lecce;1;2.091;31,20;27,70;205,95;106,46;16,80;96,64;87,13;625,30
16075046;Miggiano;Lecce;1;3.233;30,98;21,46;49,32;17,82;37,91;25,77;12,40;195,67
16075048;Monteroni di Lecce;Lecce;1;13.233;11,47;9,19;57,37;39,79;15,90;26,68;3,97;164,38
16075049;Montesano Salentino;Lecce;1;2.598;17,87;6,84;20,66;33,85;15,63;45,94;16,42;157,21
16075050;Morciano di Leuca;Lecce;1;3.048;23,57;22,10;92,04;18,01;29,06;11,84;41,98;238,61
16075052;Nardo;Lecce;1;30.761;15,12;60,54;97,09;7,83;35,39;18,93;41,51;276,40
16075059;Parabita;Lecce;1;8.678;15,23;9,70;66,46;47,14;27,24;39,88;17,76;227,72
16075060;Patu;Lecce;1;1.654;25,85;38,13;97,06;37,66;39,18;18,69;15,57;286,60
16075098;Presicce-Acquarica;Lecce;1;9.215;22,14;19,73;55,42;32,56;20,76;21,61;10,66;182,87
16075063;Racale;Lecce;1;10.715;16,96;11,91;79,54;49,58;25,72;21,88;9,71;215,30
16075064;Ruffano;Lecce;1;9.291;35,26;20,19;38,65;16,17;20,39;5,72;14,01;160,29
16075065;Salice Salentino;Lecce;1;7.718;15,10;5,73;22,73;19,65;;2,13;67,07;132,40
16075066;Salve;Lecce;1;4.561;33,85;16,27;180,68;82,09;42,70;20,73;61,20;438,43
16075068;San Cesario di Lecce;Lecce;1;7.889;21,00;11,02;38,74;29,31;5,57;45,16;32,75;183,55
16075069;San Donato di Lecce;Lecce;1;5.414;16,83;8,36;31,16;32,37;17,91;46,91;10,08;163,61
16075071;San Pietro in Lama;Lecce;1;3.375;17,46;8,92;32,91;34,70;15,94;30,65;12,40;152,99
16075070;Sannicola;Lecce;1;5.557;17,70;19,94;95,41;34,81;33,35;21,92;23,12;246,26
16075074;Secli;Lecce;1;1.819;25,67;17,15;63,52;40,69;23,15;29,07;24,00;223,25
16075075;Sogliano Cavour;Lecce;1;3.855;13,82;20,38;74,36;23,78;;15,88;23,22;181,31
16075079;Squinzano;Lecce;1;13.377;5,30;9,44;42,16;54,92;13,64;42,51;32,87;201,79
16075084;Taurisano;Lecce;1;11.240;9,33;17,37;48,72;23,89;12,15;7,60;4,35;123,41
16075085;Taviano;Lecce;1;11.435;14,21;9,35;74,68;41,39;26,47;12,65;7,70;186,45
16075086;Tiggiano;Lecce;1;2.798;11,80;23,98;50,81;;25,16;26,51;10,31;148,57
16075088;Tricase;Lecce;1;16.998;16,73;25,91;65,18;16,95;18,76;13,17;33,19;189,88
16075090;Ugento;Lecce;1;11.998;;183,59;;99,86;7,12;15,73;13,74;324,70
16075092;Veglie;Lecce;1;13.215;15,66;22,33;78,86;34,81;21,08;14,98;5,04;192,78
03097001;Abbadia Lariana;Lecco;1;3.192;10,45;;29,87;45,92;10,79;10,77;15,79;123,59
03097002;Airuno;Lecco;1;2.932;10,68;;24,12;33,24;7,31;20,78;14,56;111,03
03097004;Ballabio;Lecco;1;4.205;8,15;;28,73;41,40;17,18;17,32;17,49;131,45
03097005;Barzago;Lecco;1;2.363;8,73;;30,26;44,68;17,21;21,49;25,90;148,27
03097006;Barzano;Lecco;1;5.035;13,21;;32,11;40,91;3,21;18,53;18,03;126,01
03097007;Barzio;Lecco;1;1.267;13,82;;54,38;81,23;47,27;35,46;36,94;269,09
03097009;Bosisio Parini;Lecco;1;3.256;12,61;;21,17;43,23;4,99;12,04;21,04;115,08
03097010;Brivio;Lecco;1;4.443;9,31;;29,00;30,33;22,30;21,70;22,55;137,66
03097011;Bulciago;Lecco;1;2.926;6,35;;23,42;37,38;17,63;22,46;18,94;126,19
03097012;Calco;Lecco;1;5.426;7,13;;24,64;43,18;2,58;22,68;18,80;119,02
03097013;Calolziocorte;Lecco;1;13.608;11,03;;26,43;36,34;17,15;10,92;25,66;127,53
03097014;Carenno;Lecco;1;1.391;15,91;;36,71;30,41;3,40;18,83;16,80;122,07
03097015;Casargo;Lecco;1;837;20,91;;29,70;89,84;31,91;29,51;43,07;254,06
03097016;Casatenovo;Lecco;1;13.280;7,94;;29,60;34,15;5,97;16,13;15,70;109,49
03097017;Cassago Brianza;Lecco;1;4.431;5,99;;20,77;38,44;9,24;10,82;11,16;96,43
03097018;Cassina Valsassina;Lecco;1;541;6,03;;31,38;40,30;61,68;38,94;12,03;190,36
03097019;Castello di Brianza;Lecco;1;2.618;8,49;;29,34;28,57;6,31;15,29;15,70;103,69
03097020;Cernusco Lombardone;Lecco;1;3.851;16,03;;37,39;39,00;10,54;7,52;22,38;132,86
03097021;Cesana Brianza;Lecco;1;2.343;8,25;;32,21;42,35;10,35;11,47;12,58;117,21
03097022;Civate;Lecco;1;3.706;5,91;;31,32;37,37;6,27;13,00;18,98;112,85
03097023;Colico;Lecco;1;8.170;13,63;;40,86;51,81;9,41;16,60;14,85;147,16
03097024;Colle Brianza;Lecco;1;1.821;5,79;;26,86;28,94;9,26;19,41;11,31;105,10
03097025;Cortenova;Lecco;1;1.154;19,30;;35,90;42,57;5,11;20,90;14,18;137,96
03097026;Costa Masnaga;Lecco;1;4.766;6,91;;26,15;37,55;2,13;30,00;22,89;125,62
03097027;Crandola Valsassina;Lecco;1;264;16,41;;23,42;56,88;;50,22;18,32;165,25
03097028;Cremella;Lecco;1;1.664;7,64;;33,36;33,92;13,64;18,92;12,09;119,58
03097029;Cremeno;Lecco;1;1.778;16,90;;36,81;50,33;49,21;22,40;21,98;197,63
03097030;Dervio;Lecco;1;2.564;16,71;;48,62;59,56;3,58;13,86;15,66;157,99
03097031;Dolzago;Lecco;1;2.559;6,62;;30,23;36,92;12,94;18,72;13,09;118,51
03097032;Dorio;Lecco;1;330;17,00;;58,23;54,23;11,83;44,98;3,37;189,65
03097033;Ello;Lecco;1;1.184;7,85;;41,57;35,86;30,59;30,27;12,70;158,84
03097034;Erve;Lecco;1;675;17,83;;44,86;25,03;1,12;22,83;15,88;127,55
03097035;Esino Lario;Lecco;1;751;42,06;;76,92;71,31;6,43;26,17;48,28;271,17
03097036;Galbiate;Lecco;1;8.410;7,85;;32,07;38,82;12,41;13,43;15,00;119,57
03097037;Garbagnate Monastero;Lecco;1;2.529;6,62;;23,70;37,33;7,26;27,24;24,31;126,45
03097038;Garlate;Lecco;1;2.595;7,77;;35,63;45,81;16,42;16,60;16,70;138,93
03097039;Imbersago;Lecco;1;2.484;6,44;;23,56;36,04;10,50;17,54;15,16;109,24
03097040;Introbio;Lecco;1;1.948;14,01;;32,47;49,94;13,73;24,43;19,96;154,54
03097092;La Valletta Brianza;Lecco;1;4.643;5,87;;26,30;30,62;9,66;22,77;20,00;115,20
03097042;Lecco;Lecco;1;47.145;9,46;;44,30;42,62;44,63;13,55;27,28;181,84
03097043;Lierna;Lecco;1;2.150;11,72;;40,68;44,58;1,66;5,85;12,93;117,42
03097044;Lomagna;Lecco;1;5.038;7,05;;28,71;36,29;10,71;21,76;16,62;121,15
03097045;Malgrate;Lecco;1;4.188;3,79;;23,00;27,50;13,86;15,12;22,30;105,57
03097046;Mandello del Lario;Lecco;1;9.912;8,19;;27,64;37,93;14,72;14,67;15,05;118,19
03097047;Margno;Lecco;1;391;29,17;;32,44;87,84;40,54;69,45;23,24;282,68
03097048;Merate;Lecco;1;14.885;7,13;;32,87;42,65;12,69;11,33;13,25;119,92
03097049;Missaglia;Lecco;1;8.906;6,73;;24,00;36,17;4,04;11,86;13,21;96,01
03097050;Moggio;Lecco;1;496;16,14;;63,64;89,10;119,95;5,66;27,39;321,87
03097051;Molteno;Lecco;1;3.525;6,00;;18,43;39,05;4,28;21,43;14,43;103,62
03097052;Monte Marenzo;Lecco;1;1.817;14,43;;32,88;31,75;3,35;16,77;16,11;115,28
03097053;Montevecchia;Lecco;1;2.679;8,01;;29,38;31,60;7,92;21,90;18,98;117,78
03097054;Monticello Brianza;Lecco;1;4.117;7,08;;30,31;35,16;13,99;20,24;19,34;126,11
03097056;Nibionno;Lecco;1;3.568;5,75;;42,86;35,33;9,63;25,81;18,52;137,88
03097057;Oggiono;Lecco;1;9.149;7,09;;30,53;37,64;7,36;14,29;11,89;108,80
03097058;Olgiate Molgora;Lecco;1;6.294;7,58;;26,97;38,58;5,17;7,61;11,89;97,81
03097059;Olginate;Lecco;1;6.931;7,47;0,03;32,55;38,87;18,07;21,78;17,56;139,22
03097060;Oliveto Lario;Lecco;1;1.170;17,42;;60,30;50,10;16,92;16,59;20,87;184,57
03097061;Osnago;Lecco;1;4.736;2,68;;26,53;36,58;8,84;25,52;17,31;118,11
03097062;Paderno d'Adda;Lecco;1;3.873;9,33;;31,37;35,05;4,87;11,99;14,20;106,81
03097063;Pagnona;Lecco;1;317;11,36;;26,17;40,73;1,99;15,61;20,89;116,74
03097064;Parlasco;Lecco;1;138;11,63;;44,18;71,17;14,06;66,46;20,52;228,03
03097065;Pasturo;Lecco;1;1.963;14,74;;33,66;52,42;7,94;17,39;15,47;141,62
03097067;Perledo;Lecco;1;839;24,81;;97,13;76,09;23,93;37,24;23,27;282,48
03097068;Pescate;Lecco;1;2.160;7,75;;34,92;35,18;14,81;11,23;18,10;121,99
03097069;Premana;Lecco;1;2.168;13,03;;36,97;34,09;5,42;17,91;14,62;122,03
03097070;Primaluna;Lecco;1;2.268;8,02;;19,43;37,79;12,97;21,32;15,96;115,50
03097071;Robbiate;Lecco;1;6.316;6,70;;29,68;31,91;7,69;33,08;31,97;141,05
03097072;Rogeno;Lecco;1;2.990;5,58;;23,03;31,54;10,66;15,60;27,85;114,27
03097074;Santa Maria Hoe;Lecco;1;2.111;6,89;;30,87;35,94;11,34;26,73;22,12;133,89
03097075;Sirone;Lecco;1;2.344;6,19;;27,27;35,56;4,73;9,15;13,73;96,64
03097076;Sirtori;Lecco;1;2.770;6,06;;28,32;34,68;2,40;11,89;19,54;102,89
03097077;Sueglio;Lecco;1;146;62,64;;38,56;120,84;;27,45;34,29;283,79
03097078;Suello;Lecco;1;1.735;6,86;;31,96;45,70;5,29;11,91;14,24;115,98
03097079;Taceno;Lecco;1;595;12,16;;16,79;58,46;19,97;26,82;22,71;156,91
03097082;Valgreghentino;Lecco;1;3.365;5,84;0,26;28,43;33,68;7,10;13,01;11,92;100,23
03097083;Valmadrera;Lecco;1;11.311;6,12;;26,55;32,78;19,90;6,78;16,81;108,95
03097093;Valvarrone;Lecco;1;489;44,56;;35,72;63,79;4,34;24,90;27,17;200,48
03097084;Varenna;Lecco;1;681;50,87;;44,26;254,18;121,71;25,35;70,68;567,06
03097086;Vercurago;Lecco;1;2.694;8,73;;27,82;24,03;22,98;6,89;16,59;107,04
03097091;Verderio;Lecco;1;5.469;8,74;;32,15;30,55;8,79;12,35;12,82;105,39
03097090;Vigano;Lecco;1;2.066;7,37;;28,20;38,77;10,86;19,06;13,35;120,50
09049001;Bibbona;Livorno;1;3.202;35,75;89,70;180,87;80,85;105,22;80,97;74,36;647,72
09049002;Campiglia Marittima;Livorno;1;12.416;30,24;45,87;41,26;60,16;24,45;14,36;12,11;228,83
09049004;Capoliveri;Livorno;1;3.912;68,36;70,97;319,42;128,18;84,87;97,25;37,75;811,40
09049005;Capraia Isola;Livorno;1;372;233,60;92,25;66,66;56,55;21,63;95,62;17,10;627,40
09049006;Castagneto Carducci;Livorno;1;8.716;53,54;58,58;84,53;87,96;64,50;28,18;21,72;399,01
09049007;Cecina;Livorno;1;28.064;36,82;43,52;56,60;29,98;25,77;27,63;6,86;265,76
09049008;Collesalvetti;Livorno;1;16.407;29,96;70,79;52,30;25,28;15,00;32,21;29,63;261,62
09049009;Livorno;Livorno;1;153.186;17,43;0,97;76,46;41,18;35,32;26,05;30,59;229,74
09049010;Marciana;Livorno;1;2.060;61,06;62,10;390,50;123,20;124,27;145,55;34,61;949,31
09049011;Marciana Marina;Livorno;1;1.869;30,05;52,37;174,36;108,36;48,89;145,02;52,44;621,12
09049012;Piombino;Livorno;1;32.443;25,44;41,71;38,00;60,30;41,16;16,86;12,42;246,10
09049013;Porto Azzurro;Livorno;1;3.611;16,62;116,80;161,39;30,75;69,86;78,97;80,26;554,65
09049014;Portoferraio;Livorno;1;11.808;29,74;43,20;152,18;91,45;36,84;70,63;28,63;456,77
09049021;Rio;Livorno;1;3.381;32,39;36,77;109,80;76,78;145,49;50,74;90,67;605,69
09049017;Rosignano Marittimo;Livorno;1;30.043;41,19;54,85;60,19;37,06;26,16;34,77;16,22;321,59
09049018;San Vincenzo;Livorno;1;6.406;51,44;69,02;82,44;111,42;81,65;51,87;31,05;478,89
09049020;Suvereto;Livorno;1;2.933;48,98;18,29;93,84;39,13;23,39;25,21;31,43;280,27
03098004;Borghetto Lodigiano;Lodi;1;4.353;7,58;23,39;23,33;15,52;14,30;12,09;8,47;105,76
03098008;Casaletto Lodigiano;Lodi;1;2.997;6,22;7,86;37,24;29,10;5,88;67,57;7,46;161,33
03098009;Casalmaiocco;Lodi;1;3.195;7,09;4,92;36,03;27,21;9,28;17,63;24,74;126,90
03098010;Casalpusterlengo;Lodi;1;15.608;4,59;12,21;38,49;19,16;17,86;23,53;10,94;128,30
03098011;Caselle Landi;Lodi;1;1.453;5,55;;27,97;32,87;24,22;23,85;12,61;127,41
03098012;Caselle Lurani;Lodi;1;3.068;6,29;9,01;30,54;27,19;5,54;14,37;7,02;102,44
03098062;Castelgerundo;Lodi;1;1.442;6,81;13,82;34,32;19,48;6,94;18,69;5,18;105,25
03098013;Castelnuovo Bocca d'Adda;Lodi;1;1.534;6,10;;30,73;32,56;6,22;19,41;10,35;106,02
03098014;Castiglione d'Adda;Lodi;1;4.508;9,70;;33,80;11,26;6,45;34,54;6,22;102,26
03098015;Castiraga Vidardo;Lodi;1;3.060;4,24;17,94;19,29;7,93;14,76;22,12;8,07;94,35
03098017;Cavenago d'Adda;Lodi;1;2.125;9,43;12,86;35,10;22,90;7,30;14,73;10,84;113,46
03098018;Cervignano d'Adda;Lodi;1;2.240;6,20;10,97;33,51;30,33;7,77;28,30;17,46;137,95
03098019;Codogno;Lodi;1;15.674;20,90;20,71;38,32;7,75;27,86;12,26;11,62;139,42
03098020;Comazzo;Lodi;1;2.341;6,10;7,85;35,57;22,06;7,25;9,12;5,38;96,59
03098021;Cornegliano Laudense;Lodi;1;2.843;8,66;10,08;29,69;17,40;14,67;46,65;14,12;141,61
03098022;Corno Giovine;Lodi;1;1.142;5,23;14,36;41,65;17,69;22,92;26,19;5,99;134,02
03098023;Cornovecchio;Lodi;1;197;3,63;;18,30;29,31;61,27;24,90;16,86;155,73
03098026;Fombio;Lodi;1;2.259;8,71;19,46;43,87;14,07;11,57;25,68;6,50;129,85
03098027;Galgagnano;Lodi;1;1.327;11,05;9,77;39,55;16,98;6,33;31,84;4,41;120,24
03098031;Lodi;Lodi;1;45.192;13,02;12,53;30,52;13,88;24,74;36,53;32,01;163,98
03098032;Lodi Vecchio;Lodi;1;7.668;7,88;8,29;24,26;14,20;4,33;17,28;11,04;87,62
03098033;Maccastorna;Lodi;1;61;3,00;;15,10;34,10;1,41;60,93;5,18;123,46
03098034;Mairago;Lodi;1;1.372;9,37;17,85;31,31;12,82;6,98;14,73;16,56;109,88
03098035;Maleo;Lodi;1;3.036;7,24;;36,47;30,47;7,38;22,22;13,19;116,96
03098036;Marudo;Lodi;1;1.763;5,65;29,48;23,43;4,16;11,34;23,25;6,79;104,11
03098038;Meleti;Lodi;1;454;3,55;;37,77;33,04;3,62;11,68;14,31;105,64
03098039;Merlino;Lodi;1;1.690;9,48;13,25;39,60;26,68;10,19;33,69;46,76;184,15
03098040;Montanaso Lombardo;Lodi;1;2.246;19,77;4,73;25,32;10,59;2,50;6,92;7,25;77,43
03098041;Mulazzano;Lodi;1;5.824;8,25;8,99;36,61;23,88;3,41;15,05;8,63;104,81
03098042;Orio Litta;Lodi;1;2.038;10,95;13,24;30,75;17,42;2,99;42,64;10,02;128,30
03098044;Ossago Lodigiano;Lodi;1;1.419;6,50;20,30;22,11;19,97;7,70;7,59;8,65;92,81
03098045;Pieve Fissiraga;Lodi;1;1.751;38,32;10,43;55,05;22,91;8,85;15,50;1,58;153,21
03098046;Salerano sul Lambro;Lodi;1;2.660;5,90;13,39;24,97;9,34;13,49;6,13;5,18;78,40
03098047;San Fiorano;Lodi;1;1.876;6,17;;31,65;13,68;19,29;25,10;;96,42
03098049;San Rocco al Porto;Lodi;1;3.382;7,66;19,23;38,58;13,85;7,81;23,10;18,59;128,82
03098050;Sant'Angelo Lodigiano;Lodi;1;13.449;6,18;15,95;30,03;25,30;8,90;7,00;5,84;99,21
03098051;Santo Stefano Lodigiano;Lodi;1;1.843;5,84;19,40;29,45;14,14;21,78;14,28;17,02;122,89
03098052;Secugnago;Lodi;1;2.004;8,05;10,17;21,81;17,30;0,63;41,07;7,70;106,73
03098053;Senna Lodigiana;Lodi;1;1.803;7,12;;23,83;53,76;7,81;12,57;8,47;115,33
03098055;Sordio;Lodi;1;3.431;7,54;11,40;31,88;15,34;7,47;18,77;13,16;105,83
03098057;Terranova dei Passerini;Lodi;1;935;10,22;;38,06;4,88;23,61;50,98;6,21;134,34
03098058;Turano Lodigiano;Lodi;1;1.515;11,22;;40,27;;11,98;23,85;19,81;107,13
03098059;Valera Fratta;Lodi;1;1.752;5,48;22,80;25,36;8,88;15,50;35,90;8,03;121,95
03098060;Villanova del Sillaro;Lodi;1;1.877;5,70;12,56;22,66;15,93;15,42;35,73;12,75;121,02
03098061;Zelo Buon Persico;Lodi;1;7.429;4,55;19,43;29,68;10,84;18,82;30,79;2,58;116,91
09046001;Altopascio;Lucca;1;15.919;23,52;23,95;64,45;19,79;11,32;21,01;8,50;180,63
09046002;Bagni di Lucca;Lucca;1;5.616;21,68;10,69;114,29;23,10;13,96;61,26;45,13;290,11
09046003;Barga;Lucca;1;9.387;18,93;1,95;110,84;32,25;25,59;25,89;31,75;247,20
09046004;Borgo a Mozzano;Lucca;1;6.694;20,87;2,36;125,54;33,58;25,81;32,82;27,68;268,66
09046005;Camaiore;Lucca;1;31.860;21,38;15,26;132,63;49,76;17,96;59,72;12,95;315,18
09046006;Camporgiano;Lucca;1;2.004;72,56;28,01;36,14;17,90;6,62;28,24;44,80;234,26
09046007;Capannori;Lucca;1;46.343;12,60;9,56;94,79;25,30;5,31;35,70;19,59;202,84
09046008;Careggine;Lucca;1;504;82,70;31,92;41,19;20,40;15,90;34,64;28,69;255,44
09046009;Castelnuovo di Garfagnana;Lucca;1;5.609;100,01;38,60;49,81;24,67;23,31;32,41;49,08;317,89
09046010;Castiglione di Garfagnana;Lucca;1;1.718;61,29;23,55;30,52;15,12;;36,38;24,75;191,62
09046011;Coreglia Antelminelli;Lucca;1;5.066;20,84;1,30;113,30;19,39;1,99;50,11;14,42;221,36
09046036;Fabbriche di Vergemoli;Lucca;1;706;44,49;1,77;180,57;21,38;;37,30;4,94;290,45
09046013;Forte dei Marmi;Lucca;1;6.753;51,81;31,81;315,53;86,85;147,35;132,87;63,60;884,21
09046014;Fosciandora;Lucca;1;549;58,80;22,69;29,28;14,51;;33,67;58,00;229,68
09046015;Gallicano;Lucca;1;3.607;97,31;37,56;48,46;24,01;22,03;40,95;60,15;330,47
09046017;Lucca;Lucca;1;89.136;20,21;16,22;88,44;22,53;20,15;42,31;29,11;244,43
09046018;Massarosa;Lucca;1;21.857;19,30;10,31;89,37;35,68;7,61;34,92;42,91;265,30
09046019;Minucciano;Lucca;1;1.783;84,37;32,56;42,02;20,81;;39,74;34,92;254,42
09046020;Molazzana;Lucca;1;981;65,17;25,15;32,46;16,08;6,33;25,64;48,88;219,70
09046021;Montecarlo;Lucca;1;4.441;14,46;8,09;92,68;21,67;21,18;30,06;21,30;209,43
09046022;Pescaglia;Lucca;1;3.274;33,43;19,58;80,71;19,09;;24,62;18,63;196,07
09046023;Piazza al Serchio;Lucca;1;2.086;76,02;29,34;37,86;18,76;;30,12;28,99;221,08
09046024;Pietrasanta;Lucca;1;22.835;27,31;16,38;164,33;56,72;30,14;51,05;18,70;364,63
09046025;Pieve Fosciana;Lucca;1;2.227;81,62;31,50;40,65;19,98;6,75;27,33;41,15;248,96
09046026;Porcari;Lucca;1;8.836;26,26;30,04;95,32;27,25;13,46;30,03;29,43;254,65
09046027;San Romano in Garfagnana;Lucca;1;1.324;67,07;25,94;33,48;16,59;26,98;31,28;42,14;243,48
09046028;Seravezza;Lucca;1;12.453;24,12;11,82;144,43;44,63;11,33;36,31;27,44;300,08
09046037;Sillano Giuncugnano;Lucca;1;999;30,96;2,39;173,99;25,75;;28,75;5,07;266,90
09046030;Stazzema;Lucca;1;2.868;29,91;32,56;45,87;38,83;;58,50;21,36;282,26
09046031;Vagli Sotto;Lucca;1;790;74,55;28,77;37,13;18,39;;22,96;25,86;207,66
09046033;Viareggio;Lucca;1;60.793;34,23;22,48;138,00;41,78;34,04;34,94;14,41;323,29
09046034;Villa Basilica;Lucca;1;1.462;53,48;24,55;218,51;17,69;3,22;25,38;3,74;346,58
09046035;Villa Collemandina;Lucca;1;1.179;73,10;28,21;36,40;18,03;1,84;25,24;29,72;212,55
11043002;Apiro;Macerata;1;2.040;18,49;9,25;49,64;13,12;10,70;8,37;14,32;124,85
11043003;Appignano;Macerata;1;4.067;10,55;8,53;33,18;15,34;16,65;6,18;15,35;106,82
11043004;Belforte del Chienti;Macerata;1;1.851;16,98;8,35;23,91;13,12;;0,90;13,22;77,43
11043005;Bolognola;Macerata;1;141;;60,09;9,91;23,84;;1,48;21,57;117,14
11043006;Caldarola;Macerata;1;1.603;24,83;11,92;37,28;11,73;;0,13;12,23;98,14
11043007;Camerino;Macerata;1;6.099;19,36;13,77;58,98;12,65;7,43;12,89;17,38;143,57
11043008;Camporotondo di Fiastrone;Macerata;1;471;10,07;5,66;41,90;16,83;;9,55;13,40;98,25
11043009;Castelraimondo;Macerata;1;4.379;12,67;8,95;63,98;11,84;;16,03;17,00;131,47
11043010;Castelsantangelo sul Nera;Macerata;1;221;13,20;27,00;130,80;7,22;;36,78;26,81;243,25
11043011;Cessapalombo;Macerata;1;436;;11,63;5,64;6,25;;1,18;8,77;34,05
11043012;Cingoli;Macerata;1;9.575;12,80;10,30;44,06;12,56;16,43;9,99;15,91;123,09
11043013;Civitanova Marche;Macerata;1;42.000;14,58;14,93;58,06;18,09;24,62;13,42;20,80;165,86
11043014;Colmurano;Macerata;1;1.154;1,77;9,79;11,99;9,87;;2,70;11,77;48,64
11043015;Corridonia;Macerata;1;14.703;10,87;11,88;37,89;15,78;;8,35;16,67;102,51
11043016;Esanatoglia;Macerata;1;1.899;4,52;10,71;53,65;14,41;1,86;14,48;18,93;119,69
11043017;Fiastra;Macerata;1;608;;34,07;13,48;11,42;;3,17;19,96;83,41
11043019;Fiuminata;Macerata;1;1.258;14,17;11,77;54,85;13,40;;13,94;16,56;125,69
11043020;Gagliole;Macerata;1;518;11,95;14,39;73,97;12,24;;20,37;20,98;155,12
11043021;Gualdo;Macerata;1;718;17,27;10,37;60,31;10,82;;13,03;16,72;129,56
11043022;Loro Piceno;Macerata;1;2.149;12,32;11,41;54,77;11,17;;13,16;17,20;121,08
11043023;Macerata;Macerata;1;40.553;11,84;10,55;71,23;13,85;26,53;17,53;18,76;171,45
11043024;Matelica;Macerata;1;9.080;11,90;11,77;46,10;14,39;;10,68;17,24;113,17
11043025;Mogliano;Macerata;1;4.307;9,86;9,91;34,33;12,16;22,30;7,29;13,43;110,17
11043027;Monte Cavallo;Macerata;1;102;168,00;23,11;59,73;11,77;;16,01;24,19;304,62
11043031;Monte San Giusto;Macerata;1;7.467;13,64;7,41;41,90;11,77;;8,97;13,41;97,95
11043032;Monte San Martino;Macerata;1;689;15,08;9,05;54,14;9,36;;11,83;14,69;115,06
11043026;Montecassiano;Macerata;1;6.802;9,39;8,80;44,86;15,24;8,98;9,38;16,71;114,43
11043028;Montecosaro;Macerata;1;7.411;9,50;11,08;33,00;11,74;4,56;7,09;14,71;92,63
11043029;Montefano;Macerata;1;3.296;8,38;10,50;58,85;12,41;8,01;15,36;18,21;132,81
11043030;Montelupone;Macerata;1;3.367;11,06;8,27;33,01;14,29;15,05;6,56;14,62;103,83
11043033;Morrovalle;Macerata;1;9.837;12,30;11,11;44,74;13,55;21,94;9,93;15,83;130,45
11043034;Muccia;Macerata;1;801;3,80;15,99;58,91;11,46;;16,05;18,86;126,18
11043035;Penna San Giovanni;Macerata;1;927;15,60;9,78;57,11;9,64;;12,54;15,39;121,01
11043036;Petriolo;Macerata;1;1.827;7,22;8,22;39,80;9,72;;10,42;13,54;89,74
11043038;Pieve Torina;Macerata;1;1.226;4,80;20,90;57,84;8,25;;16,00;17,83;126,67
11043039;Pioraco;Macerata;1;957;14,69;13,31;72,27;21,62;11,53;15,49;19,49;169,64
11043040;Poggio San Vicino;Macerata;1;220;10,57;29,81;3,90;2,97;47,73;0,95;10,95;106,98
11043041;Pollenza;Macerata;1;6.204;9,14;8,28;36,73;13,35;19,18;8,36;14,70;110,72
11043042;Porto Recanati;Macerata;1;12.436;17,30;18,42;72,14;15,44;41,05;17,36;23,33;206,55
11043043;Potenza Picena;Macerata;1;15.503;13,57;13,66;58,11;15,49;18,49;13,40;20,15;154,17
11043044;Recanati;Macerata;1;20.696;11,72;9,20;45,09;12,37;15,16;10,40;15,93;120,88
11043045;Ripe San Ginesio;Macerata;1;800;18,19;8,87;49,47;8,65;;12,99;14,45;113,47
11043046;San Ginesio;Macerata;1;3.060;12,82;8,62;42,86;12,36;17,72;9,10;14,90;119,36
11043047;San Severino Marche;Macerata;1;11.893;10,83;10,06;44,65;11,90;21,69;16,16;14,86;130,18
11043048;Sant'Angelo in Pontano;Macerata;1;1.263;17,35;12,42;49,38;9,45;;9,90;15,04;114,50
11043049;Sarnano;Macerata;1;3.054;14,96;9,77;61,53;10,42;;13,68;16,23;127,59
11043050;Sefro;Macerata;1;455;33,82;12,62;27,14;12,67;;7,10;13,60;107,87
11043051;Serrapetrona;Macerata;1;888;17,44;11,40;34,72;12,10;;5,32;15,04;97,04
11043052;Serravalle di Chienti;Macerata;1;1.043;5,90;17,37;48,00;9,19;;11,59;16,34;109,39
11043053;Tolentino;Macerata;1;17.760;11,35;14,57;62,75;16,78;21,45;15,61;20,71;164,52
11043054;Treia;Macerata;1;9.096;11,51;11,01;50,31;13,92;25,17;12,15;17,63;142,84
11043055;Urbisaglia;Macerata;1;2.395;13,14;10,02;52,98;16,10;30,19;13,92;19,89;157,53
11043056;Ussita;Macerata;1;360;17,21;34,86;160,64;19,04;;42,55;40,76;317,40
11043058;Valfornace;Macerata;1;893;1,34;11,94;12,37;10,52;;2,90;13,01;52,93
11043057;Visso;Macerata;1;952;21,49;25,43;98,38;50,89;;20,31;55,83;275,92
03020001;Acquanegra sul Chiese;Mantova;1;2.691;5,25;8,40;47,69;34,15;5,71;20,05;21,25;144,24
03020002;Asola;Mantova;1;9.880;4,41;8,53;43,70;29,36;6,00;24,55;12,80;131,45
03020003;Bagnolo San Vito;Mantova;1;5.910;9,04;6,57;51,07;37,10;5,71;30,13;22,00;163,81
03020072;Borgo Mantovano;Mantova;1;5.261;7,57;7,49;49,09;34,96;1,88;46,03;11,99;160,29
03020071;Borgo Virgilio;Mantova;1;15.027;6,18;;53,76;14,90;8,08;10,16;28,70;124,10
03020073;Borgocarbonara;Mantova;1;1.861;9,68;6,19;40,95;33,83;1,85;26,19;10,39;135,68
03020007;Bozzolo;Mantova;1;4.043;5,60;7,61;52,74;36,05;5,23;23,97;16,76;153,21
03020008;Canneto sull'Oglio;Mantova;1;4.318;14,25;;27,28;14,85;13,60;16,22;12,59;100,79
03020010;Casalmoro;Mantova;1;2.206;4,60;4,47;39,47;29,97;;21,02;10,56;112,60
03020011;Casaloldo;Mantova;1;2.611;6,40;5,22;38,35;27,10;10,99;36,56;10,04;137,46
03020012;Casalromano;Mantova;1;1.489;7,06;3,45;36,78;23,39;4,38;28,69;8,46;115,29
03020014;Castel d'Ario;Mantova;1;4.652;6,01;5,73;47,22;32,87;6,73;28,70;10,78;140,08
03020015;Castel Goffredo;Mantova;1;12.793;5,78;6,84;39,72;32,24;5,39;20,84;11,75;124,51
03020013;Castelbelforte;Mantova;1;3.311;9,53;6,12;43,32;31,43;17,91;23,57;10,74;147,38
03020016;Castellucchio;Mantova;1;5.172;4,24;6,30;36,72;30,63;3,69;20,10;7,67;110,79
03020017;Castiglione delle Stiviere;Mantova;1;23.855;7,76;14,29;55,50;15,65;9,05;22,01;9,31;133,58
03020018;Cavriana;Mantova;1;3.722;3,69;;38,03;12,37;8,90;23,37;21,10;109,46
03020019;Ceresara;Mantova;1;2.511;6,86;3,37;40,75;25,77;;38,59;11,81;129,14
03020020;Commessaggio;Mantova;1;1.051;16,34;;59,60;17,08;2,04;28,46;18,37;145,13
03020021;Curtatone;Mantova;1;14.688;4,98;;61,44;15,92;5,13;12,71;33,35;136,56
03020022;Dosolo;Mantova;1;3.176;13,65;;59,06;18,04;0,34;13,47;9,68;117,48
03020024;Gazoldo degli Ippoliti;Mantova;1;3.042;9,62;;46,84;20,45;1,67;13,75;11,31;106,65
03020025;Gazzuolo;Mantova;1;2.087;5,18;6,71;46,95;36,58;4,75;22,76;13,23;138,76
03020026;Goito;Mantova;1;10.050;9,32;4,75;48,09;30,92;8,15;23,11;12,89;141,91
03020027;Gonzaga;Mantova;1;8.696;6,70;5,70;43,64;32,02;8,88;23,32;30,40;153,04
03020028;Guidizzolo;Mantova;1;6.001;;5,79;41,33;34,88;13,38;16,37;9,10;126,15
03020029;Magnacavallo;Mantova;1;1.383;9,44;4,99;56,90;33,19;;24,61;10,64;142,00
03020030;Mantova;Mantova;1;49.218;15,91;6,86;93,02;36,79;49,33;35,79;33,25;276,02
03020031;Marcaria;Mantova;1;6.401;4,93;6,88;48,37;31,34;14,39;25,55;14,78;148,38
03020032;Mariana Mantovana;Mantova;1;820;9,73;5,82;57,55;30,67;5,31;25,90;21,58;158,89
03020033;Marmirolo;Mantova;1;7.646;4,60;9,48;47,23;29,37;3,01;22,26;18,92;136,97
03020034;Medole;Mantova;1;4.215;8,73;6,47;35,06;26,29;0,77;18,37;7,85;109,56
03020035;Moglia;Mantova;1;5.391;6,55;6,47;40,02;29,52;8,69;23,70;10,89;127,72
03020036;Monzambano;Mantova;1;4.803;6,45;5,87;54,12;28,56;0,43;21,13;6,77;124,64
03020037;Motteggiana;Mantova;1;2.419;8,85;6,37;49,22;34,87;5,92;43,55;13,52;169,01
03020038;Ostiglia;Mantova;1;6.690;15,84;;66,84;27,02;17,93;27,86;25,56;183,86
03020039;Pegognaga;Mantova;1;6.876;6,85;7,14;40,56;32,58;13,37;21,97;21,57;148,08
03020041;Piubega;Mantova;1;1.732;8,78;;33,71;7,95;4,00;12,76;12,27;82,45
03020042;Poggio Rusco;Mantova;1;6.447;4,91;7,14;54,25;32,18;5,68;31,00;15,15;153,47
03020043;Pomponesco;Mantova;1;1.711;14,28;12,40;77,17;40,76;3,58;52,18;38,55;241,14
03020044;Ponti sul Mincio;Mantova;1;2.342;10,71;8,61;53,02;27,44;6,31;25,54;11,37;145,22
03020045;Porto Mantovano;Mantova;1;16.667;5,93;9,25;47,54;34,28;10,41;29,03;12,05;152,53
03020046;Quingentole;Mantova;1;1.023;10,99;5,39;50,07;34,43;12,01;28,34;14,19;157,85
03020047;Quistello;Mantova;1;5.277;8,10;7,74;56,54;36,08;8,22;30,97;13,86;163,76
03020048;Redondesco;Mantova;1;1.214;11,85;5,64;42,61;29,90;7,33;21,94;29,15;149,93
03020050;Rivarolo Mantovano;Mantova;1;2.370;8,27;8,52;44,81;33,52;4,44;17,54;17,84;137,17
03020051;Rodigo;Mantova;1;5.171;;13,82;32,08;28,87;1,97;5,81;1,75;85,27
03020052;Roncoferraro;Mantova;1;6.899;6,31;4,89;45,59;34,11;5,40;22,41;11,05;131,77
03020053;Roverbella;Mantova;1;8.689;5,92;6,54;37,67;29,15;7,73;23,65;10,43;129,26
03020054;Sabbioneta;Mantova;1;4.097;8,39;6,90;52,91;37,61;3,59;27,61;11,92;151,56
03020055;San Benedetto Po;Mantova;1;6.688;17,64;19,85;;42,19;16,60;28,49;23,88;149,27
03020056;San Giacomo delle Segnate;Mantova;1;1.514;11,96;4,87;37,05;31,53;9,76;28,01;11,46;136,76
03020057;San Giorgio Bigarello (gia' di Mantova);Mantova;1;11.849;5,72;5,55;51,32;30,62;7,28;25,78;13,75;142,17
03020058;San Giovanni del Dosso;Mantova;1;1.246;7,47;3,78;32,66;30,55;2,09;38,11;14,08;131,94
03020059;San Martino dall'Argine;Mantova;1;1.582;11,03;5,24;45,25;31,47;17,90;33,19;11,54;161,48
03020060;Schivenoglia;Mantova;1;1.071;9,82;8,55;46,29;34,79;;22,85;37,86;162,47
03020061;Sermide;Mantova;1;7.089;6,65;7,09;48,06;35,42;12,18;25,84;15,81;153,37
03020062;Serravalle a Po;Mantova;1;1.424;16,28;;50,53;19,09;;21,27;11,21;121,12
03020063;Solferino;Mantova;1;2.597;6,37;3,60;37,07;26,11;0,19;27,13;9,41;112,15
03020064;Sustinente;Mantova;1;1.925;9,27;;49,78;22,13;;19,50;15,29;118,92
03020065;Suzzara;Mantova;1;21.157;9,09;5,44;41,68;31,59;11,77;22,07;14,11;138,81
03020066;Viadana;Mantova;1;19.944;12,68;6,69;60,96;15,10;9,41;18,48;3,67;127,96
03020068;Villimpenta;Mantova;1;2.132;12,27;;60,42;21,94;16,38;28,38;14,77;157,12
03020070;Volta Mantovana;Mantova;1;7.228;8,34;7,03;41,44;31,39;3,61;22,76;13,25;131,64
09045001;Aulla;Massa-Carrara;1;10.655;26,27;11,82;77,35;17,06;18,54;29,75;16,58;197,37
09045002;Bagnone;Massa-Carrara;1;1.672;22,84;12,96;104,04;18,86;15,58;27,02;50,72;252,02
09045003;Carrara;Massa-Carrara;1;59.793;17,03;37,28;37,30;22,99;22,92;41,59;39,46;237,51
09045004;Casola in Lunigiana;Massa-Carrara;1;933;20,55;11,27;93,56;16,30;18,19;49,01;25,01;233,88
09045005;Comano;Massa-Carrara;1;665;18,02;21,57;90,35;27,32;40,82;43,48;37,57;279,12
09045006;Filattiera;Massa-Carrara;1;2.170;28,87;9,59;87,44;14,75;3,64;28,01;5,12;177,42
09045007;Fivizzano;Massa-Carrara;1;7.041;29,47;13,63;86,59;17,76;27,39;35,82;2,40;213,06
09045008;Fosdinovo;Massa-Carrara;1;4.593;25,30;9,74;80,36;14,98;24,53;24,21;2,07;181,19
09045009;Licciana Nardi;Massa-Carrara;1;4.725;26,06;11,79;87,54;16,40;21,38;16,79;20,17;200,14
09045010;Massa;Massa-Carrara;1;65.987;24,37;39,56;65,00;20,64;15,61;29,44;39,55;272,06
09045011;Montignoso;Massa-Carrara;1;10.058;18,77;9,71;106,68;38,99;18,04;40,27;15,33;253,02
09045012;Mulazzo;Massa-Carrara;1;2.292;22,05;12,29;83,64;16,84;11,41;29,45;13,42;189,10
09045013;Podenzana;Massa-Carrara;1;2.109;23,09;8,18;73,32;14,23;23,37;16,12;2,66;160,97
09045014;Pontremoli;Massa-Carrara;1;6.883;15,85;16,55;79,01;21,87;20,18;20,51;1,81;186,22
09045015;Tresana;Massa-Carrara;1;1.917;26,31;9,16;75,81;16,58;26,84;19,36;1,79;175,85
09045016;Villafranca in Lunigiana;Massa-Carrara;1;4.649;25,20;10,25;95,84;15,86;18,05;20,29;3,33;188,82
09045017;Zeri;Massa-Carrara;1;922;25,99;15,16;94,84;19,14;10,04;11,96;2,67;183,43
17077004;Calciano;Matera;1;655;19,16;;66,12;35,83;12,84;11,61;4,43;149,98
17077008;Ferrandina;Matera;1;7.921;12,84;;34,85;41,76;43,58;17,68;8,55;167,22
17077010;Gorgoglione;Matera;1;850;46,61;76,62;;;;36,66;;159,90
17077013;Irsina;Matera;1;4.473;27,01;;57,16;46,36;17,81;4,63;12,19;165,15
17077014;Matera;Matera;1;59.620;8,54;29,81;86,46;19,97;23,03;36,48;11,64;215,93
17077015;Miglionico;Matera;1;2.355;;63,94;;;;9,62;;73,56
17077016;Montalbano Jonico;Matera;1;6.596;9,58;8,48;63,91;48,04;27,99;12,18;1,67;171,85
17077018;Nova Siri;Matera;1;6.805;8,83;43,06;29,45;23,56;19,88;6,18;22,82;153,79
17077021;Policoro;Matera;1;17.789;13,99;61,38;68,30;;26,86;10,73;2,51;200,56
17077023;Rotondella;Matera;1;2.408;55,72;19,35;44,77;;27,75;16,96;18,88;183,42
17077025;San Giorgio Lucano;Matera;1;1.013;42,62;96,55;;;;7,66;1,08;147,92
17077027;Stigliano;Matera;1;3.513;131,06;48,54;19,25;7,70;16,69;24,31;4,64;252,20
17077028;Tricarico;Matera;1;4.703;21,55;;48,75;17,36;23,85;19,34;10,01;140,87
19083107;Acquedolci;Messina;1;5.497;19,36;11,45;;30,55;;27,60;;89,86
19083002;Ali;Messina;1;630;44,37;8,80;16,77;58,05;16,83;75,53;1,63;221,98
19083003;Ali Terme;Messina;1;2.315;43,81;18,67;16,56;54,51;16,62;39,43;11,93;201,53
19083007;Brolo;Messina;1;5.739;10,37;21,54;63,62;46,10;21,83;19,32;18,88;203,40
19083009;Capo d'Orlando;Messina;1;13.105;13,94;27,16;75,29;29,21;17,98;22,13;22,94;219,03
19083011;Caronia;Messina;1;3.003;38,03;29,92;65,97;36,57;17,87;30,80;7,86;239,85
19083012;Casalvecchio Siculo;Messina;1;714;39,38;13,30;;31,41;27,18;6,58;9,09;126,95
19083013;Castel di Lucio;Messina;1;1.325;12,80;17,57;5,21;;7,81;20,98;43,98;127,61
19083014;Castell'Umberto;Messina;1;2.817;28,41;15,88;38,80;26,08;14,36;22,15;4,99;150,66
19083020;Ficarra;Messina;1;1.288;57,26;14,45;61,00;22,37;;10,22;2,99;180,28
19083025;Francavilla di Sicilia;Messina;1;3.523;23,74;22,02;95,72;29,52;40,49;18,47;17,14;247,10
19083035;Gualtieri Sicamino;Messina;1;1.555;13,27;30,16;26,54;29,59;6,64;25,77;2,01;159,70
19083037;Leni;Messina;1;677;61,47;34,04;145,81;;57,48;14,02;3,44;316,26
19083038;Letojanni;Messina;1;2.914;53,86;36,95;33,03;23,44;35,36;57,35;127,21;367,21
19083039;Librizzi;Messina;1;1.570;68,00;31,85;;;6,67;22,54;1,01;131,98
19083041;Lipari;Messina;1;12.685;134,89;48,99;;24,30;29,95;60,51;12,64;409,40
19083042;Longi;Messina;1;1.301;48,67;4,85;9,66;37,05;0,35;11,31;4,63;116,52
19083046;Mazzarra  Sant'Andrea;Messina;1;1.399;20,45;23,75;56,85;26,44;5,93;22,00;;155,43
19083048;Messina;Messina;1;217.895;3,29;27,30;81,91;4,40;42,79;27,28;25,74;276,36
19083049;Milazzo;Messina;1;29.998;16,40;58,76;69,85;32,28;46,38;6,50;21,99;252,15
19083051;Mirto;Messina;1;872;91,12;55,67;;5,21;;12,00;11,47;175,47
19083052;Mistretta;Messina;1;4.315;19,81;15,57;57,23;32,69;9,52;37,27;20,85;194,11
19083056;Montagnareale;Messina;1;1.378;55,46;54,53;30,43;16,84;6,91;15,42;0,31;179,91
19083060;Naso;Messina;1;3.417;31,42;21,86;45,98;11,53;9,87;23,85;15,71;185,89
19083061;Nizza di Sicilia;Messina;1;3.528;45,14;18,28;17,07;4,26;17,12;41,77;20,75;164,39
19083065;Pagliara;Messina;1;1.116;49,63;19,47;48,45;0,27;18,45;20,62;8,98;165,87
19083066;Patti;Messina;1;12.699;24,51;22,34;84,25;34,03;17,26;7,58;8,29;198,26
19083072;Roccalumera;Messina;1;4.064;55,49;19,14;23,17;41,09;45,04;40,88;10,48;253,11
19083073;Roccavaldina;Messina;1;1.003;7,92;34,09;51,62;8,70;6,09;9,00;1,95;221,72
19083075;Rodi Milici;Messina;1;1.959;10,39;16,42;46,05;20,69;9,97;22,68;5,56;134,31
19083077;San Filippo del Mela;Messina;1;6.691;7,88;;13,94;5,50;2,02;2,31;18,64;135,06
19083079;San Marco d'Alunzio;Messina;1;1.817;21,16;15,91;46,54;9,12;12,69;41,92;22,30;170,47
19083080;San Pier Niceto;Messina;1;2.583;7,92;26,22;56,55;14,40;15,93;12,14;50,00;209,49
19083081;San Piero Patti;Messina;1;2.593;17,19;30,86;100,72;;11,81;17,38;1,94;192,08
19083082;San Salvatore di Fitalia;Messina;1;1.119;24,97;20,66;84,68;1,52;12,62;15,06;17,18;179,37
19083090;San Teodoro;Messina;1;1.251;15,34;23,87;76,69;9,62;1,58;7,06;16,44;150,58
19083086;Santa Lucia del Mela;Messina;1;4.374;5,39;35,77;51,08;26,53;11,24;17,83;15,46;166,73
19083087;Santa Marina Salina;Messina;1;858;67,83;49,04;201,64;6,09;63,42;54,03;43,65;504,63
19083089;Santa Teresa di Riva;Messina;1;9.266;27,47;11,55;15,80;23,70;16,94;68,32;3,68;186,31
19083091;Santo Stefano di Camastra;Messina;1;4.351;40,88;36,34;57,40;35,78;35,56;18,53;3,24;227,73
19083092;Saponara;Messina;1;3.670;17,28;6,67;62,35;41,32;16,38;6,73;5,76;156,49
19083094;Scaletta Zanclea;Messina;1;1.845;15,76;14,57;79,06;14,43;12,25;10,97;38,02;185,06
19083095;Sinagra;Messina;1;2.462;19,69;11,56;62,55;11,08;;11,66;5,45;154,29
19083096;Spadafora;Messina;1;4.648;26,48;24,02;45,39;14,98;16,81;3,48;5,92;137,08
19083097;Taormina;Messina;1;10.499;141,72;80,95;85,03;63,36;56,62;16,01;27,55;495,03
19083106;Terme Vigliatore;Messina;1;7.244;10,30;49,64;48,88;15,94;12,60;6,13;25,88;205,26
19083098;Torregrotta;Messina;1;7.297;16,29;50,18;73,14;37,33;5,13;9,04;2,40;193,52
19083099;Tortorici;Messina;1;5.629;24,71;26,58;57,66;15,45;2,01;21,18;;147,60
19083102;Ucria;Messina;1;876;38,46;30,07;89,31;27,61;;33,05;;218,50
19083103;Valdina;Messina;1;1.258;7,94;43,46;47,93;5,18;6,85;4,17;7,30;122,83
19083104;Venetico;Messina;1;3.969;7,04;37,60;43,06;22,33;10,92;13,38;12,43;146,77
19083105;Villafranca Tirrena;Messina;1;7.918;9,50;12,96;42,78;24,96;25,01;11,12;4,75;201,72
03015002;Abbiategrasso;Milano;1;32.629;16,01;14,97;32,76;9,02;23,66;33,91;14,59;146,76
03015005;Albairate;Milano;1;4.712;10,25;13,34;31,22;3,87;17,30;30,59;7,71;123,96
03015007;Arconate;Milano;1;6.824;11,46;12,85;37,01;21,25;21,99;44,34;6,44;156,89
03015009;Arese;Milano;1;19.562;4,40;9,71;38,22;15,35;20,08;21,00;23,61;136,09
03015011;Assago;Milano;1;9.238;28,42;21,33;50,82;14,12;31,52;17,73;27,57;191,50
03015250;Baranzate;Milano;1;11.849;9,43;14,99;29,67;25,81;20,13;18,07;23,09;143,41
03015012;Bareggio;Milano;1;17.177;5,42;16,97;38,32;7,30;19,13;17,38;6,92;124,08
03015014;Basiano;Milano;1;3.680;7,29;11,74;32,55;29,71;20,55;16,01;9,01;128,93
03015015;Basiglio;Milano;1;7.944;16,66;21,08;41,86;6,17;15,37;20,89;16,55;138,58
03015016;Bellinzago Lombardo;Milano;1;3.827;9,04;8,53;33,47;26,79;4,27;18,48;16,65;119,24
03015024;Binasco;Milano;1;7.093;14,60;34,27;35,54;12,40;23,32;7,76;9,29;137,18
03015026;Boffalora sopra Ticino;Milano;1;4.079;11,84;10,89;53,91;22,78;27,44;29,53;68,86;226,62
03015027;Bollate;Milano;1;36.320;6,08;7,76;32,69;19,40;13,65;24,02;5,13;108,73
03015032;Bresso;Milano;1;26.248;11,46;14,80;9,70;15,45;23,17;23,66;24,92;123,16
03015036;Buccinasco;Milano;1;26.664;11,27;27,62;21,67;8,31;24,24;14,22;16,36;123,70
03015038;Buscate;Milano;1;4.680;10,83;13,62;50,12;22,70;15,99;31,47;22,46;168,43
03015040;Bussero;Milano;1;8.328;8,92;4,74;35,05;32,70;10,70;22,28;18,99;134,48
03015044;Cambiago;Milano;1;7.223;6,74;7,89;36,64;26,25;9,61;12,28;11,04;110,46
03015046;Canegrate;Milano;1;12.565;7,15;6,27;44,11;20,04;9,23;25,88;16,80;130,42
03015050;Carpiano;Milano;1;4.142;6,34;5,61;34,28;30,77;21,85;26,90;47,46;173,20
03015051;Carugate;Milano;1;15.744;7,50;4,46;12,81;29,05;15,37;12,58;15,30;97,06
03015055;Casarile;Milano;1;3.951;8,75;16,81;35,46;16,30;15,61;28,58;14,44;135,96
03015058;Casorezzo;Milano;1;5.643;4,53;14,45;36,48;22,30;17,41;18,47;2,38;116,01
03015059;Cassano d'Adda;Milano;1;19.490;7,86;6,02;32,31;27,36;19,25;12,18;8,71;113,69
03015060;Cassina de' Pecchi;Milano;1;13.931;7,90;6,36;36,15;32,85;11,11;22,66;9,03;126,08
03015062;Castano Primo;Milano;1;10.860;9,51;20,72;38,91;9,62;14,90;22,38;17,25;138,20
03015070;Cernusco sul Naviglio;Milano;1;34.898;7,31;6,21;36,38;6,21;17,08;17,66;10,43;101,27
03015071;Cerro al Lambro;Milano;1;5.186;6,29;5,54;37,94;27,57;12,45;12,91;19,38;122,07
03015074;Cesano Boscone;Milano;1;23.395;14,63;15,23;25,13;12,36;21,79;11,08;11,52;114,15
03015076;Cesate;Milano;1;14.309;3,20;8,54;13,58;16,14;8,84;17,28;8,40;79,07
03015077;Cinisello Balsamo;Milano;1;74.946;18,46;17,87;22,27;13,49;24,79;26,41;11,27;135,52
03015081;Cologno Monzese;Milano;1;47.043;10,66;18,46;50,55;17,41;37,34;13,35;13,12;160,89
03015082;Colturano;Milano;1;2.045;6,54;6,05;29,68;35,18;18,12;16,83;11,20;123,60
03015086;Cormano;Milano;1;20.586;15,39;2,33;17,34;24,65;27,00;21,93;21,37;130,01
03015087;Cornaredo;Milano;1;20.672;11,33;12,82;52,75;17,48;29,45;25,38;13,02;163,18
03015093;Corsico;Milano;1;34.650;11,67;14,73;21,13;13,64;25,15;13,54;1,54;101,40
03015096;Cuggiono;Milano;1;8.079;9,51;12,57;56,44;26,62;7,99;31,54;26,82;174,29
03015098;Cusano Milanino;Milano;1;18.912;5,69;0,09;26,47;26,88;21,22;38,15;11,88;131,40
03015099;Dairago;Milano;1;6.384;9,10;6,18;41,91;16,72;12,38;21,00;7,38;115,48
03015101;Dresano;Milano;1;3.105;11,53;6,75;25,07;33,50;6,24;12,16;14,95;110,19
03015103;Gaggiano;Milano;1;9.350;7,24;16,37;27,77;18,97;25,13;37,93;8,80;142,20
03015105;Garbagnate Milanese;Milano;1;27.019;7,35;16,05;21,29;26,43;10,06;14,67;7,58;103,73
03015106;Gessate;Milano;1;8.787;7,15;10,52;35,99;29,37;10,72;13,22;15,64;123,65
03015108;Gorgonzola;Milano;1;21.216;7,11;5,89;35,82;30,22;15,56;20,69;13,44;128,73
03015110;Grezzago;Milano;1;3.184;7,38;4,08;26,05;29,17;6,93;6,58;8,63;91,21
03015112;Gudo Visconti;Milano;1;1.631;18,31;19,69;57,32;20,44;26,11;21,00;4,51;167,38
03015114;Inzago;Milano;1;11.338;11,37;6,30;38,09;29,17;8,62;7,40;12,48;114,37
03015116;Lainate;Milano;1;26.336;3,49;10,95;33,13;16,88;15,94;18,29;14,13;114,28
03015118;Legnano;Milano;1;60.443;13,04;13,30;44,26;15,13;24,21;27,07;29,40;171,65
03015122;Liscate;Milano;1;4.061;8,36;11,17;38,73;32,60;25,47;15,28;17,76;149,36
03015130;Magenta;Milano;1;24.598;10,05;12,41;44,12;16,96;19,69;19,33;10,61;134,39
03015131;Magnago;Milano;1;9.508;9,50;7,78;41,91;19,04;8,34;24,08;15,63;127,18
03015134;Marcallo con Casone;Milano;1;6.326;6,26;1,60;42,76;30,63;11,52;35,64;25,54;159,01
03015136;Masate;Milano;1;3.828;6,75;7,96;29,81;28,87;16,76;13,96;8,16;114,26
03015139;Mediglia;Milano;1;12.237;;36,33;32,75;0,52;5,30;75,22;7,33;158,27
03015140;Melegnano;Milano;1;17.962;10,45;24,81;50,89;17,24;39,38;9,69;13,05;165,52
03015142;Melzo;Milano;1;18.422;7,12;7,14;34,62;31,72;16,18;22,49;14,43;133,69
03015146;Milano;Milano;1;1.371.850;22,97;20,74;31,34;15,51;73,39;30,58;14,22;208,76
03015151;Motta Visconti;Milano;1;8.194;7,99;14,17;29,69;10,34;14,44;26,15;4,43;114,73
03015154;Nerviano;Milano;1;16.902;4,02;8,49;35,62;16,09;18,34;19,05;8,79;111,89
03015157;Novate Milanese;Milano;1;20.086;10,97;18,97;11,45;20,96;21,94;14,26;6,73;105,28
03015159;Opera;Milano;1;14.376;15,91;24,25;39,30;24,00;30,57;9,76;2,73;146,51
03015164;Ossona;Milano;1;4.319;8,95;10,42;53,44;23,08;9,03;19,92;20,91;147,59
03015166;Paderno Dugnano;Milano;1;47.403;9,28;15,55;18,35;24,04;22,41;17,38;14,24;121,24
03015167;Pantigliate;Milano;1;5.803;10,91;8,67;40,01;33,60;9,83;45,15;60,00;209,78
03015168;Parabiago;Milano;1;28.161;14,44;16,04;41,88;13,24;16,12;26,95;19,82;149,62
03015169;Paullo;Milano;1;11.128;18,90;9,71;31,30;13,41;18,67;22,40;14,83;129,23
03015170;Pero;Milano;1;11.774;17,19;28,77;33,83;20,72;31,48;20,63;9,25;161,89
03015171;Peschiera Borromeo;Milano;1;24.410;8,45;;32,20;26,83;30,76;28,69;5,57;132,50
03015172;Pessano con Bornago;Milano;1;8.974;13,06;6,21;36,40;32,16;16,64;23,66;14,79;142,92
03015175;Pioltello;Milano;1;36.657;6,16;2,12;9,21;28,45;26,21;15,56;16,05;103,77
03015176;Pogliano Milanese;Milano;1;8.372;4,74;9,34;43,51;20,59;20,86;26,88;16,34;143,75
03015177;Pozzo d'Adda;Milano;1;6.696;15,22;5,02;29,10;27,83;2,74;17,86;36,27;135,42
03015178;Pozzuolo Martesana;Milano;1;8.613;7,12;9,03;35,54;25,41;6,89;17,38;12,34;114,77
03015179;Pregnana Milanese;Milano;1;7.304;3,25;11,28;31,39;16,37;14,81;39,38;15,67;133,64
03015181;Rescaldina;Milano;1;14.246;10,50;6,00;34,12;16,39;23,22;19,64;0,89;111,75
03015182;Rho;Milano;1;50.847;13,45;;45,78;41,63;47,02;26,77;13,13;188,34
03015183;Robecchetto con Induno;Milano;1;4.795;23,83;11,34;57,47;26,49;5,25;29,74;10,08;165,02
03015184;Robecco sul Naviglio;Milano;1;6.790;20,17;;48,02;27,28;21,50;9,96;29,23;156,17
03015185;Rodano;Milano;1;4.644;7,67;5,81;41,18;41,89;18,98;22,55;22,80;162,86
03015188;Rosate;Milano;1;5.708;8,62;14,38;32,87;30,71;19,77;25,28;6,93;138,56
03015191;San Colombano al Lambro;Milano;1;7.339;8,74;26,83;32,24;12,91;8,51;13,27;16,06;118,55
03015192;San Donato Milanese;Milano;1;32.296;13,50;18,42;13,66;18,20;25,34;15,03;9,77;113,93
03015194;San Giorgio su Legnano;Milano;1;6.740;6,32;5,18;40,04;16,96;16,00;24,49;18,88;128,89
03015195;San Giuliano Milanese;Milano;1;39.914;9,94;14,42;33,84;18,92;17,14;16,28;7,07;117,61
03015201;San Vittore Olona;Milano;1;8.341;8,33;9,82;31,16;19,17;19,03;20,61;14,28;122,41
03015202;San Zenone al Lambro;Milano;1;4.473;6,19;10,25;28,32;22,39;4,03;10,68;24,51;108,43
03015200;Santo Stefano Ticino;Milano;1;5.017;14,28;;53,73;29,08;8,83;18,44;13,52;142,67
03015204;Sedriano;Milano;1;12.850;8,06;;46,22;31,13;26,50;14,93;15,09;141,94
03015205;Segrate;Milano;1;37.088;18,29;18,47;19,37;26,50;29,70;27,51;26,28;166,11
03015206;Senago;Milano;1;21.517;5,90;9,87;26,45;21,72;18,58;12,26;16,04;111,84
03015209;Sesto San Giovanni;Milano;1;78.565;11,17;15,64;40,16;16,92;40,55;40,68;22,39;187,51
03015210;Settala;Milano;1;7.405;5,79;11,06;36,48;21,61;9,89;12,74;11,99;115,49
03015211;Settimo Milanese;Milano;1;19.935;16,80;0,11;45,65;29,75;27,52;27,95;18,40;169,51
03015213;Solaro;Milano;1;14.064;5,87;18,44;25,99;7,28;11,90;12,20;4,97;91,11
03015219;Trezzano Rosa;Milano;1;5.379;16,55;4,61;33,53;31,95;3,97;8,97;17,56;118,87
03015221;Trezzo sull'Adda;Milano;1;12.121;8,62;11,09;39,47;39,01;20,93;25,58;33,32;178,02
03015222;Tribiano;Milano;1;3.769;8,25;34,58;29,42;10,51;17,46;34,77;18,78;153,78
03015224;Truccazzano;Milano;1;5.850;8,49;6,50;42,05;28,53;15,79;14,61;10,70;126,68
03015226;Turbigo;Milano;1;7.106;18,53;14,74;44,65;17,03;17,22;19,55;9,03;142,90
03015229;Vanzago;Milano;1;9.372;2,60;9,15;27,18;14,23;20,36;20,64;34,95;130,60
03015230;Vaprio d'Adda;Milano;1;9.582;9,29;5,41;31,36;27,28;9,81;14,62;15,22;114,09
03015251;Vermezzo con Zelo;Milano;1;5.909;8,12;19,03;25,12;10,50;24,27;15,65;4,05;106,74
03015236;Vernate;Milano;1;3.419;8,51;14,03;35,15;13,98;39,28;18,05;13,14;142,15
03015237;Vignate;Milano;1;9.272;7,03;10,41;39,55;29,96;10,01;26,47;12,64;136,06
03015248;Villa Cortese;Milano;1;6.222;10,93;7,37;44,23;21,37;14,90;24,27;10,23;137,65
03015242;Vimodrone;Milano;1;16.820;9,63;6,12;37,72;28,37;18,46;11,59;13,40;125,30
03015244;Vizzolo Predabissi;Milano;1;3.868;6,46;11,24;42,86;30,95;14,85;18,83;6,87;132,06
03015247;Zibido San Giacomo;Milano;1;6.723;13,34;15,95;34,05;13,47;13,39;15,83;8,92;114,97
08036001;Bastiglia;Modena;1;4.215;13,56;2,26;48,29;33,82;2,00;14,26;18,92;137,04
08036002;Bomporto;Modena;1;10.267;14,95;8,42;58,14;36,65;6,84;7,73;20,37;156,50
08036003;Campogalliano;Modena;1;8.547;7,01;8,38;49,75;29,70;15,44;39,99;19,70;169,97
08036004;Camposanto;Modena;1;3.299;6,08;7,04;60,24;35,76;3,42;29,29;25,19;167,01
08036005;Carpi;Modena;1;72.525;6,94;8,29;49,23;29,39;15,28;30,04;19,50;158,68
08036006;Castelfranco Emilia;Modena;1;33.418;9,98;7,68;59,67;35,82;15,87;9,35;14,74;156,03
08036007;Castelnuovo Rangone;Modena;1;15.057;11,33;21,02;38,38;44,91;10,06;18,01;31,36;176,80
08036008;Castelvetro di Modena;Modena;1;11.061;14,15;20,91;37,60;17,99;5,78;18,01;20,33;136,84
08036009;Cavezzo;Modena;1;7.161;6,30;7,29;54,56;37,06;13,39;30,34;26,10;175,03
08036010;Concordia sulla Secchia;Modena;1;8.332;6,19;7,16;52,85;36,41;7,75;29,81;25,64;165,82
08036011;Fanano;Modena;1;2.973;46,43;45,01;53,86;24,05;24,73;24,61;52,17;274,10
08036012;Finale Emilia;Modena;1;15.140;13,49;12,81;47,98;23,85;18,00;62,51;5,76;184,39
08036013;Fiorano Modenese;Modena;1;16.744;13,42;27,28;55,75;40,74;15,07;25,85;28,35;208,39
08036014;Fiumalbo;Modena;1;1.175;37,45;44,25;21,74;30,23;12,83;25,59;57,50;235,18
08036015;Formigine;Modena;1;34.474;14,75;20,56;44,89;35,90;12,62;16,84;19,95;166,90
08036016;Frassinoro;Modena;1;1.720;49,04;36,17;33,75;16,23;;36,02;97,23;272,58
08036017;Guiglia;Modena;1;4.165;11,18;32,77;34,30;26,94;6,23;9,54;26,85;152,37
08036018;Lama Mocogno;Modena;1;2.645;53,48;49,61;32,39;14,88;4,49;27,50;57,36;243,05
08036019;Maranello;Modena;1;17.301;17,27;26,35;55,59;33,28;14,50;30,44;32,44;211,74
08036020;Marano sul Panaro;Modena;1;5.288;5,67;17,68;51,84;12,21;12,10;12,39;22,35;138,14
08036021;Medolla;Modena;1;6.446;6,45;7,47;55,47;37,95;2,64;31,08;26,73;167,78
08036022;Mirandola;Modena;1;24.415;6,69;7,75;54,30;39,40;17,09;32,36;27,75;185,34
08036023;Modena;Modena;1;185.009;19,30;27,10;51,24;36,54;23,93;22,40;23,02;204,86
08036024;Montecreto;Modena;1;942;45,77;58,31;53,33;14,70;6,50;66,64;61,56;313,78
08036025;Montefiorino;Modena;1;2.110;45,05;33,77;33,79;18,23;1,28;23,72;53,20;212,51
08036026;Montese;Modena;1;3.318;21,85;41,77;50,05;21,72;22,52;38,46;40,00;239,08
08036027;Nonantola;Modena;1;16.127;8,43;7,23;54,29;20,33;12,23;41,55;10,80;154,87
08036028;Novi di Modena;Modena;1;10.233;6,55;7,83;46,48;27,75;14,43;28,36;18,40;149,80
08036029;Palagano;Modena;1;2.036;37,37;31,24;45,34;20,37;4,69;23,91;58,16;224,66
08036030;Pavullo nel Frignano;Modena;1;18.233;26,57;29,81;17,64;29,15;11,00;18,13;39,81;173,64
08036031;Pievepelago;Modena;1;2.116;38,67;39,13;32,22;19,72;17,96;28,53;75,18;255,09
08036032;Polinago;Modena;1;1.578;38,15;37,93;30,20;16,57;7,33;26,64;61,48;222,72
08036033;Prignano sulla Secchia;Modena;1;3.816;11,35;13,05;38,52;19,08;;24,22;48,42;157,01
08036034;Ravarino;Modena;1;6.298;3,78;7,97;63,73;22,95;6,98;47,00;12,80;165,21
08036035;Riolunato;Modena;1;666;32,47;42,69;30,12;19,87;14,67;45,31;72,80;266,63
08036036;San Cesario sul Panaro;Modena;1;6.600;11,55;10,83;46,39;45,40;6,20;13,66;20,57;158,66
08036037;San Felice sul Panaro;Modena;1;10.824;6,19;7,17;64,97;36,42;;29,59;25,65;169,98
08036038;San Possidonio;Modena;1;3.501;6,23;7,21;71,48;36,66;3,50;30,02;25,82;180,91
08036039;San Prospero;Modena;1;6.160;5,95;6,90;53,58;35,05;1,80;28,70;24,68;156,66
08036040;Sassuolo;Modena;1;41.014;21,53;28,38;54,83;28,58;24,89;26,03;24,59;210,38
08036041;Savignano sul Panaro;Modena;1;9.591;13,03;19,04;45,86;18,23;2,20;21,59;26,55;148,38
08036042;Serramazzoni;Modena;1;8.795;36,49;28,78;42,49;23,99;15,02;15,54;53,12;217,14
08036043;Sestola;Modena;1;2.407;56,71;62,54;62,79;18,11;59,86;40,71;88,08;392,76
08036044;Soliera;Modena;1;15.598;6,79;8,11;48,15;28,74;14,95;29,38;19,07;155,19
08036045;Spilamberto;Modena;1;12.929;14,46;6,05;56,36;33,31;8,46;7,63;23,35;152,87
08036046;Vignola;Modena;1;26.013;14,35;11,39;66,80;24,21;10,93;13,22;14,69;158,72
08036047;Zocca;Modena;1;4.690;12,88;31,81;34,07;27,41;12,87;14,11;23,54;158,91
03108002;Aicurzio;Monza e della Brianza;1;2.063;7,13;9,53;41,49;32,17;25,56;18,83;22,17;160,57
03108003;Albiate;Monza e della Brianza;1;6.718;5,51;0,87;31,65;23,13;15,85;22,82;18,44;119,61
03108004;Arcore;Monza e della Brianza;1;17.859;8,27;5,44;36,22;32,33;16,14;16,15;9,01;123,54
03108005;Barlassina;Monza e della Brianza;1;6.907;5,72;0,71;24,37;32,68;8,52;16,52;9,39;99,03
03108006;Bellusco;Monza e della Brianza;1;7.459;10,46;4,82;12,56;26,18;8,33;16,59;17,43;97,62
03108007;Bernareggio;Monza e della Brianza;1;11.572;6,65;5,43;31,84;27,86;6,58;17,58;16,15;113,01
03108008;Besana in Brianza;Monza e della Brianza;1;15.453;9,36;0,94;28,50;31,98;12,36;19,47;7,04;112,18
03108009;Biassono;Monza e della Brianza;1;12.343;7,10;;41,51;;4,94;18,82;12,51;84,88
03108010;Bovisio-Masciago;Monza e della Brianza;1;16.892;8,34;1,10;32,84;28,07;23,34;24,81;19,18;139,37
03108011;Briosco;Monza e della Brianza;1;6.125;6,66;0,88;29,29;23,56;11,14;18,88;12,91;104,58
03108012;Brugherio;Monza e della Brianza;1;35.312;7,17;10,02;34,92;23,93;12,92;23,61;8,36;121,63
03108013;Burago di Molgora;Monza e della Brianza;1;4.257;7,02;9,44;34,85;32,23;22,79;21,97;16,93;147,02
03108051;Busnago;Monza e della Brianza;1;6.871;7,77;6,32;30,92;28,30;12,00;23,81;12,02;122,47
03108014;Camparada;Monza e della Brianza;1;2.134;11,12;5,82;33,44;34,88;8,01;18,48;30,44;145,78
03108052;Caponago;Monza e della Brianza;1;5.122;7,21;4,80;36,65;34,47;13,25;25,10;29,32;150,82
03108015;Carate Brianza;Monza e della Brianza;1;17.946;7,64;0,64;25,00;30,70;25,88;24,41;9,84;125,66
03108016;Carnate;Monza e della Brianza;1;7.844;6,45;8,06;27,49;26,39;6,79;22,75;12,54;111,66
03108017;Cavenago di Brianza;Monza e della Brianza;1;7.487;6,81;5,48;31,32;29,12;12,68;23,54;15,12;124,07
03108018;Ceriano Laghetto;Monza e della Brianza;1;6.658;5,23;0,66;34,84;26,39;12,46;18,38;7,37;106,72
03108019;Cesano Maderno;Monza e della Brianza;1;39.549;5,75;0,03;28,86;30,70;17,46;17,79;11,48;113,24
03108020;Cogliate;Monza e della Brianza;1;8.507;5,82;0,34;24,33;25,57;4,21;17,65;6,58;85,85
03108021;Concorezzo;Monza e della Brianza;1;15.973;7,04;12,74;17,97;25,79;10,19;11,94;16,45;102,11
03108053;Cornate d'Adda;Monza e della Brianza;1;10.945;5,44;6,73;20,31;26,75;8,31;13,23;10,48;91,25
03108022;Correzzana;Monza e della Brianza;1;3.205;6,42;7,84;33,14;27,40;6,92;30,50;7,45;122,07
03108023;Desio;Monza e della Brianza;1;41.609;7,96;1,30;29,66;25,98;15,92;17,64;18,93;119,57
03108024;Giussano;Monza e della Brianza;1;26.213;7,78;1,01;27,25;23,88;20,89;15,86;20,01;118,08
03108025;Lazzate;Monza e della Brianza;1;7.683;12,52;;15,42;28,39;14,71;20,27;20,29;112,39
03108054;Lentate sul Seveso;Monza e della Brianza;1;15.841;9,10;18,49;30,62;12,57;19,34;18,07;3,06;111,25
03108026;Lesmo;Monza e della Brianza;1;8.359;7,36;4,99;39,08;38,24;8,41;17,65;20,89;136,61
03108027;Limbiate;Monza e della Brianza;1;35.069;7,19;0,86;31,65;27,09;17,22;19,23;16,29;120,96
03108028;Lissone;Monza e della Brianza;1;46.741;7,03;1,31;35,32;29,81;18,52;20,93;13,07;127,57
03108029;Macherio;Monza e della Brianza;1;7.594;6,86;5,99;32,91;30,61;4,23;12,07;13,24;105,92
03108030;Meda;Monza e della Brianza;1;23.493;9,54;6,12;26,87;17,69;20,05;22,08;6,21;108,55
03108031;Mezzago;Monza e della Brianza;1;4.476;8,65;4,57;34,11;34,11;7,82;19,51;22,59;133,06
03108032;Misinto;Monza e della Brianza;1;5.705;6,15;0,89;36,14;27,00;11,49;20,61;11,08;114,98
03108033;Monza;Monza e della Brianza;1;123.121;5,66;0,02;38,42;31,93;33,76;23,13;26,79;167,78
03108034;Muggio;Monza e della Brianza;1;23.665;8,76;;23,85;2,87;27,33;5,39;3,04;71,23
03108035;Nova Milanese;Monza e della Brianza;1;23.144;4,53;9,95;35,19;21,57;20,20;8,58;4,68;106,28
03108036;Ornago;Monza e della Brianza;1;5.405;7,43;5,38;39,17;30,96;6,16;13,27;19,46;123,55
03108037;Renate;Monza e della Brianza;1;3.985;5,90;0,16;32,41;23,50;12,76;18,68;6,81;101,26
03108055;Roncello;Monza e della Brianza;1;4.799;6,97;8,02;29,38;22,98;3,90;13,60;11,61;98,39
03108038;Ronco Briantino;Monza e della Brianza;1;3.683;6,57;5,09;28,45;27,65;4,02;27,07;14,35;115,28
03108039;Seregno;Monza e della Brianza;1;45.009;6,51;1,55;28,78;25,52;21,78;19,61;12,24;117,50
03108040;Seveso;Monza e della Brianza;1;24.017;4,65;0,78;27,99;30,43;18,39;19,55;7,67;111,20
03108041;Sovico;Monza e della Brianza;1;8.317;7,24;0,90;30,64;21,88;20,15;23,57;16,32;122,12
03108042;Sulbiate;Monza e della Brianza;1;4.518;7,20;4,28;24,29;25,75;9,95;21,54;10,35;106,51
03108043;Triuggio;Monza e della Brianza;1;8.740;7,16;0,90;35,43;20,53;10,76;16,16;18,17;110,41
03108044;Usmate Velate;Monza e della Brianza;1;10.625;9,76;4,11;32,58;38,53;6,22;10,31;17,64;120,15
03108045;Varedo;Monza e della Brianza;1;13.903;7,34;27,37;31,10;6,31;20,98;31,02;9,37;134,66
03108046;Vedano al Lambro;Monza e della Brianza;1;7.472;8,55;8,26;36,24;32,20;13,82;17,45;26,35;142,86
03108047;Veduggio con Colzano;Monza e della Brianza;1;4.172;7,42;;25,74;15,62;8,71;26,19;9,90;98,12
03108048;Verano Brianza;Monza e della Brianza;1;9.167;5,39;2,07;32,05;28,28;8,87;22,15;8,97;108,98
03108049;Villasanta;Monza e della Brianza;1;14.263;7,40;5,11;36,13;28,55;19,78;14,53;11,85;123,34
03108050;Vimercate;Monza e della Brianza;1;25.997;7,99;8,37;34,84;31,17;13,13;13,93;14,98;124,42
15063001;Acerra;Napoli;1;58.444;38,52;23,44;26,41;48,49;20,89;2,36;50,48;210,59
15063002;Afragola;Napoli;1;61.586;33,16;50,02;48,71;21,66;9,38;26,85;12,83;202,60
15063003;Agerola;Napoli;1;7.742;16,06;19,55;111,85;0,89;26,66;16,70;12,10;204,14
15063004;Anacapri;Napoli;1;6.821;92,04;;104,30;66,58;71,52;80,29;16,62;431,36
15063006;Bacoli;Napoli;1;25.153;6,98;19,74;29,14;83,66;22,30;68,94;11,69;242,44
15063007;Barano d'Ischia;Napoli;1;9.999;48,76;;104,81;24,06;11,61;32,24;41,94;268,42
15063008;Boscoreale;Napoli;1;25.893;47,63;27,80;37,31;30,50;10,44;13,77;4,72;172,17
15063009;Boscotrecase;Napoli;1;9.877;57,62;30,97;30,12;31,79;20,05;7,50;24,26;202,81
15063011;Caivano;Napoli;1;35.996;32,20;63,04;73,19;23,94;29,56;11,28;4,71;238,01
15063012;Calvizzano;Napoli;1;12.457;19,63;41,84;32,72;18,89;13,09;8,93;30,00;165,34
15063013;Camposano;Napoli;1;5.009;19,80;12,62;38,02;50,10;26,46;14,00;5,55;166,86
15063014;Capri;Napoli;1;6.786;118,24;;217,43;114,29;112,76;72,66;11,42;646,80
15063015;Carbonara di Nola;Napoli;1;2.444;20,19;26,01;46,49;29,82;10,21;11,48;14,02;172,95
15063016;Cardito;Napoli;1;21.535;23,04;38,20;36,38;20,12;4,94;7,58;30,99;161,25
15063017;Casalnuovo di Napoli;Napoli;1;46.892;46,85;35,20;36,42;28,91;18,72;6,23;31,08;205,13
15063018;Casamarciano;Napoli;1;3.017;6,51;16,20;38,37;21,93;11,93;14,00;6,19;116,79
15063019;Casamicciola Terme;Napoli;1;7.588;133,60;67,68;78,09;29,69;27,85;55,98;33,10;427,45
15063020;Casandrino;Napoli;1;13.035;19,80;35,35;67,40;28,18;17,10;19,74;109,47;297,04
15063021;Casavatore;Napoli;1;18.174;27,89;40,85;53,86;26,56;28,46;3,20;8,93;189,76
15063022;Casola di Napoli;Napoli;1;3.636;21,77;16,07;75,12;41,92;;6,99;2,07;163,95
15063023;Casoria;Napoli;1;73.807;54,64;41,24;65,31;22,15;5,48;26,68;13,54;229,49
15063024;Castellammare di Stabia;Napoli;1;62.367;45,07;;67,60;33,83;39,26;10,05;4,61;200,43
15063025;Castello di Cisterna;Napoli;1;7.793;13,69;21,60;67,76;59,13;12,40;12,57;33,63;220,78
15063027;Cicciano;Napoli;1;12.338;12,38;13,52;33,76;30,02;19,73;8,17;4,99;122,57
15063028;Cimitile;Napoli;1;6.880;3,21;7,12;32,14;75,72;4,92;19,15;9,99;152,25
15063029;Comiziano;Napoli;1;1.705;14,71;69,53;44,12;34,19;7,34;16,41;2,60;188,89
15063030;Crispano;Napoli;1;11.699;38,46;38,97;28,85;15,57;36,59;9,84;28,59;199,68
15063064;Ercolano;Napoli;1;49.726;19,55;47,51;74,79;24,81;33,32;17,11;93,88;310,98
15063031;Forio;Napoli;1;17.467;135,00;48,80;113,18;195,10;3,73;69,99;5,59;571,38
15063032;Frattamaggiore;Napoli;1;28.592;19,97;55,78;66,15;36,27;47,44;2,59;3,84;232,04
15063033;Frattaminore;Napoli;1;15.381;21,60;;54,08;59,48;12,41;17,04;10,23;174,84
15063035;Gragnano;Napoli;1;27.806;29,51;26,82;44,27;33,62;7,81;14,41;14,51;170,95
15063037;Ischia;Napoli;1;19.594;67,02;62,23;107,45;39,75;25,84;34,65;8,11;345,05
15063038;Lacco Ameno;Napoli;1;4.520;53,44;61,83;108,49;29,35;;66,56;12,94;339,88
15063039;Lettere;Napoli;1;6.063;16,04;22,21;47,13;73,07;16,15;8,84;2,90;186,84
15063040;Liveri;Napoli;1;1.470;77,64;;91,47;;8,44;12,77;32,64;222,95
15063041;Marano di Napoli;Napoli;1;57.726;51,24;53,60;30,75;21,82;20,99;2,78;1,29;182,48
15063042;Mariglianella;Napoli;1;7.940;16,52;24,76;74,26;54,74;22,76;9,80;4,20;207,04
15063043;Marigliano;Napoli;1;29.243;31,04;46,64;62,09;20,86;14,77;4,29;;179,70
15063092;Massa di Somma;Napoli;1;4.976;12,01;28,37;71,74;40,43;38,39;38,79;9,85;239,59
15063044;Massa Lubrense;Napoli;1;14.186;23,10;21,92;127,39;;33,59;1,10;7,41;216,83
15063045;Melito di Napoli;Napoli;1;36.306;18,12;71,17;44,42;4,95;24,26;2,93;1,28;167,13
15063046;Meta;Napoli;1;7.791;31,39;44,05;118,78;30,73;24,05;19,62;4,88;273,49
15063047;Monte di Procida;Napoli;1;11.832;48,63;21,58;31,33;39,34;18,06;1,00;11,43;171,37
15063048;Mugnano di Napoli;Napoli;1;35.122;13,34;25,13;66,14;32,34;16,39;16,05;10,04;180,37
15063049;Napoli;Napoli;1;911.697;35,53;61,34;64,59;16,68;42,29;22,15;13,92;257,32
15063050;Nola;Napoli;1;33.784;42,51;37,81;62,76;34,30;11,15;13,92;16,60;219,05
15063051;Ottaviano;Napoli;1;23.288;14,61;6,06;68,17;39,77;14,61;13,21;19,36;175,78
15063052;Palma Campania;Napoli;1;16.232;9,34;12,98;51,41;37,92;13,48;6,72;34,51;166,98
15063053;Piano di Sorrento;Napoli;1;12.302;10,36;33,88;51,50;36,04;28,69;78,56;6,56;245,59
15063054;Pimonte;Napoli;1;5.862;11,80;21,70;37,38;30,69;10,60;5,70;3,59;121,46
15063055;Poggiomarino;Napoli;1;22.405;22,36;29,80;47,62;24,42;17,49;3,14;16,75;162,03
15063056;Pollena Trocchia;Napoli;1;12.738;11,11;25,03;55,56;30,31;4,98;21,82;18,19;167,00
15063057;Pomigliano d'Arco;Napoli;1;39.788;29,55;29,39;71,40;33,57;25,38;32,88;16,14;238,30
15063059;Portici;Napoli;1;51.881;58,75;26,00;88,12;41,46;36,72;11,59;9,90;272,53
15063060;Pozzuoli;Napoli;1;76.211;21,25;18,58;53,81;36,81;23,06;66,26;33,46;253,23
15063061;Procida;Napoli;1;10.044;24,64;74,05;159,26;;49,27;34,55;66,75;409,02
15063062;Qualiano;Napoli;1;24.576;20,88;34,33;49,48;26,41;12,85;11,39;2,78;158,12
15063063;Quarto;Napoli;1;41.324;11,73;32,66;54,74;26,38;11,73;7,67;12,94;157,85
15063065;Roccarainola;Napoli;1;6.565;47,74;19,86;;29,64;24,02;3,21;2,39;127,63
15063066;San Gennaro Vesuviano;Napoli;1;12.097;14,13;21,47;69,01;29,53;23,89;12,40;6,11;176,55
15063067;San Giorgio a Cremano;Napoli;1;42.147;30,50;29,93;62,76;28,12;32,61;8,43;4,23;196,59
15063068;San Giuseppe Vesuviano;Napoli;1;30.430;29,73;28,42;41,68;23,05;52,05;31,99;6,42;213,35
15063069;San Paolo Bel Sito;Napoli;1;3.370;8,89;23,76;44,44;55,52;10,62;10,97;16,06;171,00
15063070;San Sebastiano al Vesuvio;Napoli;1;8.626;50,22;44,72;75,16;33,19;27,14;20,18;58,12;308,72
15063075;San Vitaliano;Napoli;1;6.611;12,06;12,07;60,38;29,99;5,68;18,41;14,92;157,48
15063090;Santa Maria la Carita;Napoli;1;11.734;22,62;20,77;31,89;36,33;7,57;1,80;11,35;135,14
15063071;Sant'Agnello;Napoli;1;8.606;33,29;31,75;73,89;26,25;26,79;12,72;44,17;248,86
15063072;Sant'Anastasia;Napoli;1;26.187;13,57;22,91;65,03;29,58;11,92;13,10;10,12;166,25
15063077;Scisciano;Napoli;1;6.225;38,12;20,09;78,79;23,20;7,56;37,63;14,16;220,37
15063079;Somma Vesuviana;Napoli;1;33.622;41,13;45,41;76,04;52,64;29,02;12,31;7,54;264,10
15063080;Sorrento;Napoli;1;15.297;21,39;62,67;106,22;35,03;83,86;59,70;25,71;394,59
15063082;Terzigno;Napoli;1;17.271;19,42;26,65;48,70;50,73;32,77;33,73;88,46;300,46
15063083;Torre Annunziata;Napoli;1;40.051;40,00;34,00;57,57;29,19;25,26;28,49;49,03;263,55
15063084;Torre del Greco;Napoli;1;80.093;32,53;41,31;47,65;22,83;8,49;17,54;22,55;192,89
15063091;Trecase;Napoli;1;8.502;10,37;85,37;35,71;2,71;21,17;14,37;14,32;184,02
15063085;Tufino;Napoli;1;3.372;19,70;0,48;75,61;24,99;36,22;24,50;17,51;199,00
15063086;Vico Equense;Napoli;1;20.240;16,39;18,90;74,47;39,88;39,26;19,12;11,26;219,27
15063088;Visciano;Napoli;1;4.136;14,70;14,78;64,33;34,42;15,21;2,73;3,13;149,32
15063089;Volla;Napoli;1;25.664;27,26;24,49;44,76;39,87;16,93;30,45;31,56;215,78
01003001;Agrate Conturbia;Novara;1;1.552;7,11;14,31;34,34;11,37;5,48;26,03;3,13;101,76
01003002;Ameno;Novara;1;847;11,53;20,70;61,12;12,02;10,35;60,01;8,14;183,87
01003006;Armeno;Novara;1;2.088;8,81;14,69;40,38;10,60;1,20;69,88;8,12;153,68
01003008;Arona;Novara;1;13.757;9,90;16,32;61,69;14,44;16,39;38,08;16,13;172,95
01003012;Barengo;Novara;1;717;10,75;;61,30;31,46;1,91;28,33;44,24;182,84
01003016;Bellinzago Novarese;Novara;1;9.433;5,97;;47,94;26,22;6,73;10,50;24,94;122,29
01003018;Biandrate;Novara;1;1.340;8,64;;62,14;37,39;23,77;21,42;30,43;183,80
01003019;Boca;Novara;1;1.150;8,77;12,28;42,40;12,93;9,45;38,93;5,21;129,97
01003021;Bogogno;Novara;1;1.307;7,46;11,28;36,55;9,27;6,27;45,25;3,47;119,55
01003022;Bolzano Novarese;Novara;1;1.142;5,05;13,68;30,59;18,80;2,62;47,79;11,81;130,34
01003025;Borgo Ticino;Novara;1;5.186;5,58;12,29;35,48;8,26;9,49;17,79;8,38;97,26
01003023;Borgolavezzaro;Novara;1;2.000;8,57;;56,01;32,21;5,86;10,40;12,84;125,89
01003024;Borgomanero;Novara;1;21.270;11,04;14,56;49,86;15,12;14,90;21,89;16,46;143,82
01003026;Briga Novarese;Novara;1;2.783;3,79;10,19;38,48;11,48;0,54;36,36;13,49;114,31
01003027;Briona;Novara;1;1.134;9,28;;55,78;32,13;1,41;31,36;28,18;158,15
01003030;Caltignaga;Novara;1;2.477;8,28;;59,64;31,77;1,88;13,56;21,73;136,86
01003032;Cameri;Novara;1;10.718;9,98;;64,13;30,83;10,20;18,81;15,34;149,28
01003036;Carpignano Sesia;Novara;1;2.467;9,62;9,92;40,38;13,76;15,28;23,22;9,75;121,94
01003037;Casalbeltrame;Novara;1;1.013;8,08;;62,07;33,45;2,98;27,15;17,94;151,66
01003039;Casaleggio Novara;Novara;1;896;8,43;;65,22;43,53;2,94;14,38;13,27;147,78
01003040;Casalino;Novara;1;1.512;10,87;;75,96;47,71;7,53;16,54;15,19;173,80
01003041;Casalvolone;Novara;1;870;7,71;;54,39;32,83;23,59;23,59;9,46;151,57
01003042;Castellazzo Novarese;Novara;1;329;9,02;;61,72;47,33;1,27;28,91;8,04;156,30
01003043;Castelletto sopra Ticino;Novara;1;9.885;8,74;17,68;41,55;13,92;10,17;21,79;33,08;146,93
01003045;Cavaglio d'Agogna;Novara;1;1.136;8,19;12,69;35,48;18,54;13,11;47,21;4,66;139,90
01003047;Cavallirio;Novara;1;1.276;7,12;14,82;33,16;16,47;8,07;29,75;4,49;113,88
01003049;Cerano;Novara;1;6.757;9,97;;50,99;35,31;16,00;13,50;11,95;137,72
01003052;Comignago;Novara;1;1.262;8,61;13,66;47,48;8,36;9,93;31,66;5,65;125,36
01003058;Cureggio;Novara;1;2.580;8,52;9,45;35,35;15,43;13,59;20,05;4,71;107,10
01003060;Divignano;Novara;1;1.438;8,93;11,30;37,99;16,53;9,25;49,23;5,13;138,35
01003062;Dormelletto;Novara;1;2.492;9,19;24,71;46,93;16,81;11,61;24,46;17,04;150,76
01003065;Fara Novarese;Novara;1;2.013;7,99;12,66;35,25;14,36;7,84;32,12;5,56;115,78
01003066;Fontaneto d'Agogna;Novara;1;2.607;11,02;12,07;38,46;11,83;5,78;36,36;4,85;120,38
01003068;Galliate;Novara;1;15.715;7,34;;50,88;28,80;12,37;16,51;17,00;132,89
01003069;Garbagna Novarese;Novara;1;1.415;8,16;;54,76;32,40;7,71;13,34;15,71;132,09
01003070;Gargallo;Novara;1;1.762;13,70;11,04;56,00;13,76;1,82;29,03;3,73;129,07
01003166;Gattico-Veruno;Novara;1;5.256;5,10;14,72;32,00;9,50;10,38;26,66;4,85;103,20
01003073;Ghemme;Novara;1;3.413;8,82;14,83;40,27;15,22;13,12;25,12;6,97;124,34
01003076;Gozzano;Novara;1;5.541;6,63;15,40;40,33;12,99;;51,58;8,34;135,27
01003077;Granozzo con Monticello;Novara;1;1.313;9,19;;69,43;42,29;0,85;11,49;9,49;142,73
01003079;Grignasco;Novara;1;4.315;7,10;12,27;40,08;15,66;9,55;27,94;5,30;117,91
01003082;Invorio;Novara;1;4.275;6,74;15,25;34,02;9,31;4,68;38,85;12,01;120,85
01003083;Landiona;Novara;1;523;9,89;;64,42;40,71;7,47;40,80;10,40;173,68
01003084;Lesa;Novara;1;2.149;14,11;18,22;66,80;15,82;25,42;88,50;42,22;271,09
01003088;Maggiora;Novara;1;1.633;11,65;9,31;39,96;14,50;9,53;18,12;1,82;104,90
01003090;Mandello Vitta;Novara;1;217;9,80;;65,63;29,60;5,05;53,32;30,76;194,17
01003091;Marano Ticino;Novara;1;1.580;10,69;;73,14;41,14;8,63;18,53;17,41;169,54
01003095;Meina;Novara;1;2.351;12,60;15,56;66,14;11,97;9,33;31,46;11,81;158,87
01003097;Mezzomerico;Novara;1;1.216;8,85;;47,09;22,76;8,28;10,60;19,31;116,90
01003098;Miasino;Novara;1;812;20,81;16,00;60,07;10,50;13,73;73,06;8,62;202,79
01003100;Momo;Novara;1;2.391;11,05;;57,36;28,77;1,49;12,67;18,67;130,01
01003103;Nebbiuno;Novara;1;1.838;9,66;14,97;;56,79;7,63;55,18;7,98;152,21
01003104;Nibbiola;Novara;1;828;8,17;;56,26;30,70;21,51;22,30;12,20;151,13
01003106;Novara;Novara;1;102.518;15,32;;46,67;29,27;20,22;51,95;22,90;186,33
01003108;Oleggio;Novara;1;14.249;7,33;;48,32;30,00;7,78;14,47;19,42;127,32
01003109;Oleggio Castello;Novara;1;2.208;7,49;9,00;44,12;7,52;9,08;35,27;5,01;117,50
01003112;Orta San Giulio;Novara;1;1.111;23,28;38,36;136,78;17,87;64,09;148,40;21,14;449,92
01003114;Paruzzaro;Novara;1;2.145;9,60;14,35;63,83;11,60;12,37;38,18;15,96;165,89
01003116;Pettenasco;Novara;1;1.304;11,62;15,29;53,69;8,75;6,89;75,63;9,39;181,27
01003119;Pisano;Novara;1;795;6,67;13,73;50,84;9,95;31,47;78,50;6,40;197,57
01003120;Pogno;Novara;1;1.352;4,76;17,58;50,18;16,64;;70,21;27,22;186,58
01003121;Pombia;Novara;1;2.122;8,67;12,12;46,69;18,60;12,08;33,21;11,09;142,46
01003122;Prato Sesia;Novara;1;1.832;7,34;11,57;37,06;16,38;8,87;49,30;6,29;136,81
01003129;Recetto;Novara;1;1.001;8,57;;56,28;32,00;9,63;14,83;24,57;145,89
01003130;Romagnano Sesia;Novara;1;3.706;10,99;16,88;41,22;14,34;14,51;33,12;5,20;136,24
01003131;Romentino;Novara;1;5.604;9,60;;46,21;31,88;8,83;13,15;12,23;121,90
01003133;San Maurizio d'Opaglio;Novara;1;2.996;9,56;17,47;51,72;11,80;2,95;54,08;6,28;153,85
01003134;San Nazzaro Sesia;Novara;1;700;9,62;;59,10;39,26;5,09;19,92;9,06;142,04
01003135;San Pietro Mosezzo;Novara;1;1.991;10,08;;90,81;37,21;1,94;27,08;25,99;193,11
01003138;Sillavengo;Novara;1;546;9,41;;77,35;33,12;9,78;16,75;15,19;161,60
01003139;Sizzano;Novara;1;1.367;8,82;13,12;40,77;14,80;8,28;37,07;4,78;127,65
01003140;Soriso;Novara;1;721;4,48;15,84;30,29;15,48;;44,94;9,50;120,52
01003141;Sozzago;Novara;1;1.111;7,86;;44,52;36,65;6,44;14,14;14,16;123,77
01003143;Suno;Novara;1;2.678;6,44;15,21;37,14;15,89;10,76;21,59;6,13;113,16
01003144;Terdobbiate;Novara;1;448;9,25;;57,57;33,67;11,88;21,89;7,11;141,38
01003146;Tornaco;Novara;1;852;9,58;;62,40;23,15;6,38;13,46;11,50;126,46
01003149;Trecate;Novara;1;20.894;8,31;;47,52;32,92;13,76;15,58;16,84;134,93
01003153;Vaprio d'Agogna;Novara;1;960;7,95;;57,76;35,61;9,85;15,97;10,70;137,84
01003154;Varallo Pombia;Novara;1;4.980;6,88;10,85;32,31;17,05;13,61;37,58;6,20;123,50
01003158;Vespolate;Novara;1;2.039;7,63;;48,83;26,19;3,34;10,43;24,27;120,69
01003159;Vicolungo;Novara;1;855;24,67;;238,41;57,54;40,30;30,99;50,14;442,06
01003164;Vinzaglio;Novara;1;526;8,94;;39,14;55,15;5,36;41,71;7,18;157,48
20091001;Aritzo;Nuoro [fino 2024];1;1.221;5,10;4,73;54,84;7,79;;13,54;17,35;103,35
20091003;Atzara;Nuoro [fino 2024];1;976;5,66;5,26;60,89;8,64;;14,67;12,81;107,92
20091004;Austis;Nuoro [fino 2024];1;749;5,52;5,13;59,42;8,43;;21,61;18,54;118,65
20091005;Bari Sardo;Nuoro [fino 2024];1;3.798;28,88;14,06;120,61;17,53;20,38;19,09;6,71;227,26
20091006;Baunei;Nuoro [fino 2024];1;3.401;8,39;13,36;48,81;29,57;;7,46;43,98;169,62
20091007;Belvi;Nuoro [fino 2024];1;550;8,46;7,86;91,03;12,92;;14,37;22,10;156,73
20091008;Birori;Nuoro [fino 2024];1;490;42,66;21,03;84,01;6,34;;9,30;;163,35
20091009;Bitti;Nuoro [fino 2024];1;2.543;22,52;7,62;102,60;16,32;;9,71;5,56;164,33
20091010;Bolotana;Nuoro [fino 2024];1;2.319;34,90;14,73;69,80;8,74;11,63;9,22;8,88;157,91
20091011;Borore;Nuoro [fino 2024];1;1.930;39,26;15,57;78,53;8,30;13,09;11,90;21,57;188,22
20091103;Cardedu;Nuoro [fino 2024];1;1.964;44,85;16,37;77,66;12,16;36,35;10,73;9,05;207,17
20091016;Desulo;Nuoro [fino 2024];1;2.037;5,41;5,02;58,20;8,26;;14,36;11,11;102,36
20091017;Dorgali;Nuoro [fino 2024];1;8.324;30,75;20,16;95,86;14,02;28,25;34,10;7,84;230,99
20091024;Fonni;Nuoro [fino 2024];1;3.614;8,30;12,93;55,27;18,77;17,44;31,88;9,18;153,76
20091025;Gadoni;Nuoro [fino 2024];1;655;6,28;5,83;67,56;9,59;;19,79;20,13;129,17
20091026;Gairo;Nuoro [fino 2024];1;1.264;44,26;15,61;74,33;3,36;;2,53;1,13;141,21
20091027;Galtelli;Nuoro [fino 2024];1;2.373;28,90;3,40;49,78;13,08;;10,29;11,19;116,63
20091032;Ilbono;Nuoro [fino 2024];1;1.967;18,13;5,69;68,70;5,39;;0,76;;98,68
20091033;Irgoli;Nuoro [fino 2024];1;2.199;29,89;3,51;51,49;13,53;;13,72;11,57;123,72
20091035;Jerzu;Nuoro [fino 2024];1;2.948;11,20;7,11;56,57;;1,70;13,10;4,59;94,27
20091037;Lanusei;Nuoro [fino 2024];1;5.033;7,75;21,02;40,72;7,88;7,23;79,79;12,74;177,12
20091038;Lei;Nuoro [fino 2024];1;447;20,81;8,88;77,13;10,01;;28,18;16,68;161,70
20091040;Loculi;Nuoro [fino 2024];1;489;29,23;3,59;52,58;13,81;;33,39;16,00;148,60
20091043;Lula;Nuoro [fino 2024];1;1.246;19,09;6,46;86,95;13,83;;8,23;4,71;139,26
20091044;Macomer;Nuoro [fino 2024];1;9.193;9,68;19,91;89,58;13,01;25,41;34,12;9,01;200,74
20091047;Meana Sardo;Nuoro [fino 2024];1;1.583;4,77;4,43;51,35;7,29;;14,79;15,64;98,28
20091051;Nuoro;Nuoro [fino 2024];1;33.611;19,97;15,47;61,56;17,49;37,28;15,29;19,29;193,10
20091055;Oliena;Nuoro [fino 2024];1;6.522;11,92;8,59;54,04;12,14;11,39;33,74;2,95;134,78
20091058;Onani;Nuoro [fino 2024];1;354;26,26;8,88;119,64;19,03;;11,32;6,49;191,62
20091059;Onifai;Nuoro [fino 2024];1;722;30,09;3,54;51,84;13,62;;25,75;19,12;143,97
20091061;Orani;Nuoro [fino 2024];1;2.660;23,32;11,89;72,30;14,88;;5,68;;128,06
20091062;Orgosolo;Nuoro [fino 2024];1;3.901;17,83;17,31;52,66;13,29;12,35;23,40;8,49;145,32
20091063;Orosei;Nuoro [fino 2024];1;6.817;18,44;12,94;75,81;27,43;37,57;13,56;29,14;254,53
20091066;Ortueri;Nuoro [fino 2024];1;1.001;6,27;5,82;67,46;13,69;;14,70;20,70;128,64
20091067;Orune;Nuoro [fino 2024];1;2.105;35,17;10,98;76,09;5,92;11,88;35,99;23,64;199,67
20091068;Osidda;Nuoro [fino 2024];1;225;13,92;3,15;57,48;5,24;2,20;20,74;10,01;112,75
20091069;Osini;Nuoro [fino 2024];1;708;20,95;15,82;44,02;;;39,35;1,24;121,38
20091070;Ottana;Nuoro [fino 2024];1;2.171;42,36;13,22;84,72;9,93;14,12;6,48;10,96;181,79
20091071;Ovodda;Nuoro [fino 2024];1;1.484;13,18;21,37;41,52;;14,09;14,56;25,31;130,03
20091073;Posada;Nuoro [fino 2024];1;3.027;24,37;10,81;85,01;17,29;54,96;51,36;41,16;284,96
20091084;Sindia;Nuoro [fino 2024];1;1.586;7,04;32,14;50,44;;4,90;23,11;6,44;124,07
20091085;Siniscola;Nuoro [fino 2024];1;11.135;20,11;18,34;136,68;;44,19;23,68;10,58;253,60
20091086;Sorgono;Nuoro [fino 2024];1;1.463;5,37;4,99;57,80;8,20;14,03;10,26;28,39;129,04
20091089;Tertenia;Nuoro [fino 2024];1;3.857;7,64;10,46;54,19;16,83;5,12;12,06;14,35;124,03
20091090;Teti;Nuoro [fino 2024];1;589;7,41;6,89;79,77;11,32;24,61;14,41;20,06;164,46
20091093;Tonara;Nuoro [fino 2024];1;1.792;5,67;5,27;61,04;8,66;;13,02;13,53;107,20
20091095;Tortoli;Nuoro [fino 2024];1;10.976;25,30;11,50;94,88;21,68;37,95;22,31;32,92;246,54
20091097;Triei;Nuoro [fino 2024];1;1.058;9,36;16,37;49,29;10,33;3,74;23,28;;112,37
20095001;Abbasanta;Oristano [fino 2024];1;2.562;6,98;27,94;45,90;18,96;;21,68;21,62;143,08
20095002;Aidomaggiore;Oristano [fino 2024];1;386;5,14;22,60;33,79;13,96;;19,67;19,06;114,22
20095003;Albagiara;Oristano [fino 2024];1;229;21,30;15,58;80,12;11,14;;28,79;22,03;178,97
20095004;Ales;Oristano [fino 2024];1;1.250;21,16;15,48;79,59;11,07;;22,72;22,72;172,73
20095005;Allai;Oristano [fino 2024];1;349;15,23;16,09;48,78;12,99;12,08;15,68;8,72;129,58
20095006;Arborea;Oristano [fino 2024];1;3.723;64,86;54,87;42,52;1,33;38,51;9,02;;211,11
20095007;Ardauli;Oristano [fino 2024];1;760;11,61;1,35;69,78;1,73;7,71;19,96;8,61;157,06
20095008;Assolo;Oristano [fino 2024];1;328;21,03;15,39;79,11;9,36;;34,74;24,13;183,75
20095009;Asuni;Oristano [fino 2024];1;299;20,67;15,12;77,74;10,81;;29,54;29,74;183,62
20095010;Baradili;Oristano [fino 2024];1;80;18,70;13,69;70,35;9,79;;27,20;19,59;159,31
20095012;Baressa;Oristano [fino 2024];1;553;20,98;15,35;78,91;10,97;20,97;25,57;25,80;198,55
20095013;Bauladu;Oristano [fino 2024];1;613;11,56;13,11;55,22;10,62;8,77;21,46;0,89;121,61
20095014;Bidoni;Oristano [fino 2024];1;122;12,06;1,40;72,45;1,80;8,00;40,85;7,52;144,08
20095015;Bonarcado;Oristano [fino 2024];1;1.539;10,27;11,65;49,05;9,43;4,38;14,47;1,01;100,27
20095016;Boroneddu;Oristano [fino 2024];1;157;4,74;20,84;31,16;12,87;;22,65;21,38;113,63
20095079;Bosa;Oristano [fino 2024];1;7.400;5,91;15,34;64,61;31,91;85,75;46,13;17,06;292,13
20095017;Busachi;Oristano [fino 2024];1;1.131;11,76;1,37;70,68;1,75;7,81;17,99;6,96;118,32
20095018;Cabras;Oristano [fino 2024];1;8.821;8,79;8,80;66,34;34,83;19,45;16,15;4,58;158,93
20095019;Cuglieri;Oristano [fino 2024];1;2.441;20,17;24,38;115,54;26,39;8,55;11,53;6,38;212,94
20095077;Curcuris;Oristano [fino 2024];1;302;19,17;14,03;72,13;10,03;;42,31;23,07;180,74
20095020;Fordongianus;Oristano [fino 2024];1;815;11,78;1,37;70,76;1,75;8,32;19,06;6,91;119,94
20095021;Ghilarza;Oristano [fino 2024];1;4.126;15,34;14,06;39,80;19,10;4,60;22,14;34,78;149,80
20095022;Gonnoscodina;Oristano [fino 2024];1;427;20,61;15,08;77,55;10,78;;23,62;25,12;172,77
20095023;Gonnosno;Oristano [fino 2024];1;676;20,55;15,04;77,31;10,75;;31,66;25,24;180,56
20095082;Laconi;Oristano [fino 2024];1;1.646;13,92;10,15;112,60;11,77;;14,04;5,15;167,63
20095025;Marrubiu;Oristano [fino 2024];1;4.550;11,01;20,51;45,10;18,85;;35,61;4,81;154,78
20095027;Milis;Oristano [fino 2024];1;1.394;10,29;11,67;49,16;9,45;4,39;10,25;1,33;96,55
20095028;Mogorella;Oristano [fino 2024];1;403;20,86;0,75;78,47;0,05;;12,70;10,38;123,20
20095030;Morgongiori;Oristano [fino 2024];1;645;20,54;17,28;77,29;10,75;;24,14;22,39;172,39
20095031;Narbolia;Oristano [fino 2024];1;1.639;15,76;18,12;105,49;24,77;;18,85;7,06;190,04
20095032;Neoneli;Oristano [fino 2024];1;607;11,50;1,34;69,09;1,71;7,63;13,25;4,40;108,92
20095033;Norbello;Oristano [fino 2024];1;1.129;6,73;28,75;44,23;18,26;;27,22;17,69;142,88
20095034;Nughedu Santa Vittoria;Oristano [fino 2024];1;424;11,84;1,38;71,13;1,76;7,86;24,42;6,63;125,01
20095035;Nurachi;Oristano [fino 2024];1;1.660;11,87;13,46;56,69;10,90;5,07;6,51;7,02;111,52
20095036;Nureci;Oristano [fino 2024];1;309;19,24;17,29;72,36;12,30;7,98;25,74;29,00;183,92
20095037;Ollastra;Oristano [fino 2024];1;1.106;13,82;14,60;44,25;11,78;2,17;26,79;11,77;125,19
20095038;Oristano;Oristano [fino 2024];1;30.273;8,34;14,96;73,99;23,20;32,83;23,45;11,84;188,60
20095039;Palmas Arborea;Oristano [fino 2024];1;1.501;4,22;12,23;49,50;14,57;2,80;23,08;5,42;111,82
20095040;Pau;Oristano [fino 2024];1;270;16,86;11,88;80,13;11,14;;26,60;9,81;156,43
20095041;Paulilatino;Oristano [fino 2024];1;2.102;5,94;46,12;34,37;8,73;;13,15;21,24;129,56
20095043;Riola Sardo;Oristano [fino 2024];1;2.016;5,68;10,14;64,27;20,11;3,40;15,84;1,06;120,50
20095044;Ruinas;Oristano [fino 2024];1;586;21,45;15,70;80,70;11,23;47,13;26,90;23,85;226,97
20095045;Samugheo;Oristano [fino 2024];1;2.709;11,70;1,36;70,32;1,74;7,77;16,88;7,15;116,92
20095046;San Nicolo d'Arcidano;Oristano [fino 2024];1;2.456;9,64;17,96;46,86;16,50;;36,44;;144,68
20095050;San Vero Milis;Oristano [fino 2024];1;2.412;22,24;26,59;88,96;8,03;35,11;18,29;9,93;209,14
20095047;Santa Giusta;Oristano [fino 2024];1;4.602;4,35;12,60;51,00;15,01;2,88;22,49;0,33;108,66
20095049;Santu Lussurgiu;Oristano [fino 2024];1;2.198;13,33;15,12;63,66;12,24;26,80;8,35;1,17;140,66
20095051;Scano di Montiferro;Oristano [fino 2024];1;1.388;27,73;7,08;74,72;13,01;6,76;14,15;10,24;153,68
20095053;Seneghe;Oristano [fino 2024];1;1.623;11,80;13,39;56,37;10,84;5,04;7,59;1,04;106,06
20095054;Senis;Oristano [fino 2024];1;386;21,90;16,02;82,38;11,46;;25,65;13,20;170,60
20095055;Sennariolo;Oristano [fino 2024];1;153;20,79;23,58;99,31;19,09;8,88;41,99;1,83;215,48
20095056;Siamaggiore;Oristano [fino 2024];1;865;4,45;12,89;52,21;15,36;2,95;22,30;11,40;121,57
20095057;Siamanna;Oristano [fino 2024];1;753;13,65;14,42;43,71;11,64;;15,95;8,61;107,99
20095076;Siapiccia;Oristano [fino 2024];1;349;15,11;15,96;48,36;12,87;;24,84;20,00;137,14
20095059;Simaxis;Oristano [fino 2024];1;2.107;13,44;14,20;43,04;11,46;;25,17;4,56;111,86
20095060;Sini;Oristano [fino 2024];1;501;17,09;13,96;71,78;9,98;;50,67;22,52;186,00
20095078;Soddi;Oristano [fino 2024];1;121;5,12;20,50;33,69;13,91;;27,89;5,51;106,63
20095062;Solarussa;Oristano [fino 2024];1;2.250;4,40;12,75;51,63;15,19;2,92;23,73;3,22;113,85
20095063;Sorradile;Oristano [fino 2024];1;336;11,43;1,33;68,67;1,70;7,58;22,65;7,10;120,46
20095064;Tadasuni;Oristano [fino 2024];1;126;7,69;33,81;50,55;20,87;;41,64;8,02;162,59
20095065;Terralba;Oristano [fino 2024];1;9.649;6,72;21,55;29,79;19,80;3,15;35,51;;133,95
20095066;Tramatza;Oristano [fino 2024];1;918;11,66;13,23;59,01;10,71;4,98;7,23;1,52;108,34
20095068;Ula  Tirso;Oristano [fino 2024];1;448;12,23;1,42;73,50;1,82;8,12;25,28;5,31;127,68
20095069;Uras;Oristano [fino 2024];1;2.670;9,33;17,38;45,68;15,97;;34,09;;122,45
20095070;Usellus;Oristano [fino 2024];1;692;18,67;13,66;70,24;9,77;30,51;23,40;25,80;192,05
20095048;Villa Sant'Antonio;Oristano [fino 2024];1;328;20,20;14,78;75,99;10,57;;42,48;23,47;187,49
20095073;Villa Verde;Oristano [fino 2024];1;268;21,46;15,70;80,73;11,23;;47,18;29,54;205,84
20095071;Villanova Truschedu;Oristano [fino 2024];1;297;12,80;13,53;40,99;10,91;;25,30;7,70;111,22
20095072;Villaurbana;Oristano [fino 2024];1;1.446;4,36;12,64;51,17;15,06;2,89;23,66;9,11;118,89
20095074;Zeddiani;Oristano [fino 2024];1;1.124;10,48;11,89;53,61;9,62;4,47;18,17;0,93;109,17
20095075;Zerfaliu;Oristano [fino 2024];1;984;13,42;14,17;42,96;11,44;;22,17;11,53;115,69
05028001;Abano Terme;Padova;1;20.350;9,24;;53,43;48,07;22,41;21,65;21,28;182,11
05028002;Agna;Padova;1;3.136;10,51;6,25;43,82;41,95;1,52;15,89;13,15;133,10
05028003;Albignasego;Padova;1;27.144;7,07;;34,97;31,83;7,34;12,53;11,40;106,66
05028004;Anguillara Veneta;Padova;1;4.161;10,53;5,60;33,51;37,26;;13,40;11,19;111,50
05028005;Arqua  Petrarca;Padova;1;1.794;18,65;5,38;54,07;23,91;0,36;13,19;13,97;129,53
05028006;Arre;Padova;1;2.063;11,68;5,35;36,49;43,59;0,95;13,04;12,14;123,22
05028007;Arzergrande;Padova;1;4.815;10,56;3,54;34,83;45,04;0,30;12,23;10,81;117,30
05028008;Bagnoli di Sopra;Padova;1;3.369;17,61;5,13;44,37;44,56;2,54;13,84;11,82;139,85
05028009;Baone;Padova;1;3.077;13,75;4,70;39,82;29,41;0,10;12,63;7,97;108,39
05028010;Barbona;Padova;1;576;17,48;14,24;56,45;16,42;0,25;14,64;2,14;121,62
05028011;Battaglia Terme;Padova;1;3.786;11,39;5,60;42,98;28,09;13,00;14,64;10,27;125,98
05028012;Boara Pisani;Padova;1;2.354;21,04;4,48;73,74;30,42;;14,05;12,71;156,44
05028107;Borgo Veneto;Padova;1;7.050;13,94;5,18;35,86;30,92;0,58;11,68;11,75;109,91
05028013;Borgoricco;Padova;Vedi aggregazione: ETRA Spa;;;;;;;;;
05028014;Bovolenta;Padova;1;3.431;12,54;5,88;37,47;39,14;0,55;13,65;11,37;120,60
05028015;Brugine;Padova;1;7.105;10,45;3,40;33,47;34,74;3,21;13,24;10,56;109,06
05028016;Cadoneghe;Padova;Vedi aggregazione: ETRA Spa;;;;;;;;;
05028020;Campo San Martino;Padova;Vedi aggregazione: ETRA Spa;;;;;;;;;
05028017;Campodarsego;Padova;Vedi aggregazione: ETRA Spa;;;;;;;;;
05028018;Campodoro;Padova;Vedi aggregazione: ETRA Spa;;;;;;;;;
05028019;Camposampiero;Padova;Vedi aggregazione: ETRA Spa;;;;;;;;;
05028021;Candiana;Padova;1;2.204;14,10;3,01;37,44;35,34;;13,49;11,94;115,32
05028022;Carceri;Padova;1;1.473;12,94;4,07;40,24;25,21;1,75;22,11;14,01;120,33
05028023;Carmignano di Brenta;Padova;Vedi aggregazione: ETRA Spa;;;;;;;;;
05028026;Cartura;Padova;1;4.579;15,41;5,38;42,18;42,38;1,22;20,16;12,89;139,63
05028027;Casale di Scodosia;Padova;1;4.641;12,27;5,20;42,78;36,05;1,79;17,23;13,55;128,88
05028028;Casalserugo;Padova;1;5.360;7,90;;32,95;33,59;9,09;14,41;8,56;110,66
05028029;Castelbaldo;Padova;1;1.446;10,72;3,80;37,34;26,52;2,25;16,02;12,98;109,64
05028030;Cervarese Santa Croce;Padova;1;5.578;9,42;;44,98;29,12;5,56;32,30;14,93;136,31
05028031;Cinto Euganeo;Padova;1;1.905;20,02;4,51;46,46;20,31;;12,34;12,23;115,86
05028032;Cittadella;Padova;Vedi aggregazione: ETRA Spa;;;;;;;;;
05028033;Codevigo;Padova;1;6.250;14,73;4,89;56,58;39,70;0,45;13,18;16,85;146,37
05028034;Conselve;Padova;1;10.020;13,17;6,85;42,78;52,05;6,10;15,58;8,49;145,01
05028035;Correzzola;Padova;1;5.131;12,28;3,08;35,22;26,12;0,03;10,03;9,32;96,08
05028036;Curtarolo;Padova;Vedi aggregazione: ETRA Spa;;;;;;;;;
05028106;Due Carrare;Padova;1;9.007;12,24;6,90;35,66;45,18;2,18;14,84;12,79;129,77
05028037;Este;Padova;1;15.937;14,68;6,62;37,64;32,99;8,22;8,78;9,20;118,14
05028038;Fontaniva;Padova;Vedi aggregazione: ETRA Spa;;;;;;;;;
05028039;Galliera Veneta;Padova;Vedi aggregazione: ETRA Spa;;;;;;;;;
05028040;Galzignano Terme;Padova;1;4.283;11,89;;51,84;26,01;5,76;30,12;18,44;144,06
05028041;Gazzo;Padova;Vedi aggregazione: ETRA Spa;;;;;;;;;
05028042;Grantorto;Padova;Vedi aggregazione: ETRA Spa;;;;;;;;;
05028043;Granze;Padova;1;1.888;10,66;3,97;33,32;24,58;;11,09;12,00;95,62
05028044;Legnaro;Padova;1;9.539;9,69;4,36;37,44;38,17;1,80;14,15;11,59;117,19
05028045;Limena;Padova;Vedi aggregazione: ETRA Spa;;;;;;;;;
05028046;Loreggia;Padova;Vedi aggregazione: ETRA Spa;;;;;;;;;
05028047;Lozzo Atestino;Padova;1;3.069;14,04;5,69;38,31;23,40;1,24;15,02;10,94;108,64
05028048;Masera  di Padova;Padova;1;9.247;10,27;5,90;29,89;39,30;3,65;12,66;6,20;107,89
05028049;Masi;Padova;1;1.783;12,41;3,99;46,68;27,40;0,97;14,77;12,19;118,41
05028050;Massanzago;Padova;Vedi aggregazione: ETRA Spa;;;;;;;;;
05028052;Megliadino San Vitale;Padova;1;1.790;11,95;4,07;38,54;27,53;;11,38;7,24;100,70
05028053;Merlara;Padova;1;2.556;17,30;5,03;47,34;32,53;1,21;16,19;14,98;134,57
05028054;Mestrino;Padova;Vedi aggregazione: ETRA Spa;;;;;;;;;
05028055;Monselice;Padova;1;17.185;14,27;7,53;43,87;39,93;10,66;17,33;10,33;143,91
05028056;Montagnana;Padova;1;9.010;8,58;6,32;65,78;29,65;9,30;18,78;16,28;154,68
05028057;Montegrotto Terme;Padova;Vedi aggregazione: ETRA Spa;;;;;;;;;
05028058;Noventa Padovana;Padova;1;11.400;12,95;;40,60;38,29;8,10;18,78;9,76;130,49
05028059;Ospedaletto Euganeo;Padova;1;5.570;11,43;4,60;31,77;26,64;6,16;9,05;4,87;94,52
05028060;Padova;Padova;1;207.301;20,48;;51,96;54,28;28,82;33,13;26,85;224,52
05028061;Pernumia;Padova;1;3.754;13,93;5,75;43,89;35,09;3,49;14,62;13,15;129,93
05028062;Piacenza d'Adige;Padova;1;1.233;15,73;3,87;83,94;34,43;0,08;18,32;21,70;178,08
05028063;Piazzola sul Brenta;Padova;Vedi aggregazione: ETRA Spa;;;;;;;;;
05028064;Piombino Dese;Padova;Vedi aggregazione: ETRA Spa;;;;;;;;;
05028065;Piove di Sacco;Padova;1;20.166;11,25;6,86;39,50;28,92;7,17;18,62;5,27;117,59
05028066;Polverara;Padova;1;3.388;12,19;4,34;29,90;23,73;1,00;14,16;6,41;91,75
05028067;Ponso;Padova;1;2.418;11,98;4,37;42,39;26,29;2,60;12,26;11,81;111,71
05028069;Ponte San Nicolo;Padova;1;13.203;9,00;;37,66;36,34;6,24;17,29;18,43;126,89
05028068;Pontelongo;Padova;1;3.655;9,15;5,13;32,46;31,15;1,34;10,82;5,01;95,06
05028070;Pozzonovo;Padova;1;3.403;12,44;5,79;36,95;38,51;0,21;17,73;11,78;123,42
05028071;Rovolon;Padova;1;4.882;10,40;;49,88;26,31;0,96;30,51;23,41;141,46
05028072;Rubano;Padova;Vedi aggregazione: ETRA Spa;;;;;;;;;
05028073;Saccolongo;Padova;1;4.944;5,63;;27,46;34,13;1,41;10,47;0,81;88,47
05028075;San Giorgio delle Pertiche;Padova;Vedi aggregazione: ETRA Spa;;;;;;;;;
05028076;San Giorgio in Bosco;Padova;Vedi aggregazione: ETRA Spa;;;;;;;;;
05028077;San Martino di Lupari;Padova;Vedi aggregazione: ETRA Spa;;;;;;;;;
05028078;San Pietro in Gu;Padova;Vedi aggregazione: ETRA Spa;;;;;;;;;
05028079;San Pietro Viminario;Padova;1;3.003;12,96;4,86;44,94;41,88;1,96;12,60;11,55;130,75
05028080;Santa Giustina in Colle;Padova;Vedi aggregazione: ETRA Spa;;;;;;;;;
05028082;Sant'Angelo di Piove di Sacco;Padova;1;7.287;12,50;5,07;40,12;39,23;0,68;13,85;10,72;122,18
05028083;Sant'Elena;Padova;1;2.516;17,29;6,00;66,41;28,76;0,98;12,40;12,83;144,68
05028084;Sant'Urbano;Padova;1;1.899;22,68;1,29;35,11;;0,36;9,68;6,33;75,46
05028085;Saonara;Padova;Vedi aggregazione: ETRA Spa;;;;;;;;;
05028086;Selvazzano Dentro;Padova;1;22.908;9,52;;30,23;34,15;5,57;32,41;10,66;122,55
05028087;Solesino;Padova;1;6.721;14,38;5,10;88,00;42,44;1,13;14,95;13,97;179,97
05028088;Stanghella;Padova;1;4.124;13,66;5,15;45,05;28,70;0,38;17,05;12,28;122,27
05028089;Teolo;Padova;1;8.922;9,30;;53,09;30,83;3,05;32,93;17,78;146,98
05028090;Terrassa Padovana;Padova;1;2.679;14,28;4,88;37,80;37,44;;19,19;12,82;126,40
05028091;Tombolo;Padova;Vedi aggregazione: ETRA Spa;;;;;;;;;
05028092;Torreglia;Padova;Vedi aggregazione: ETRA Spa;;;;;;;;;
05028093;Trebaseleghe;Padova;Vedi aggregazione: ETRA Spa;;;;;;;;;
05028094;Tribano;Padova;1;4.204;9,67;5,16;43,16;32,75;0,43;15,73;13,84;120,74
05028095;Urbana;Padova;1;2.011;12,03;4,00;45,57;28,07;4,02;13,40;12,98;120,08
05028096;Veggiano;Padova;1;4.799;7,22;;34,85;29,06;1,47;30,19;13,47;116,25
05028097;Vescovana;Padova;1;1.681;14,41;4,34;36,53;25,51;10,58;14,64;5,54;111,55
05028098;Vighizzolo d'Este;Padova;1;870;13,06;5,02;32,77;28,32;2,49;16,71;14,68;114,20
05028099;Vigodarzere;Padova;Vedi aggregazione: ETRA Spa;;;;;;;;;
05028100;Vigonza;Padova;Vedi aggregazione: ETRA Spa;;;;;;;;;
05028101;Villa del Conte;Padova;Vedi aggregazione: ETRA Spa;;;;;;;;;
05028102;Villa Estense;Padova;1;2.072;10,68;1,05;30,71;27,59;2,05;13,85;8,96;94,89
05028103;Villafranca Padovana;Padova;1;10.572;5,09;;34,63;27,32;0,50;28,70;9,28;105,52
05028104;Villanova di Camposampiero;Padova;Vedi aggregazione: ETRA Spa;;;;;;;;;
05028105;Vo';Padova;1;3.250;5,62;20,09;36,11;12,06;1,55;9,04;;87,09
19082001;Alia;Palermo;1;3.242;35,44;22,32;47,70;23,73;7,61;18,48;9,43;165,32
19082002;Alimena;Palermo;1;1.789;38,11;15,31;49,09;31,69;10,36;32,36;27,35;204,28
19082004;Altavilla Milicia;Palermo;1;8.818;8,90;31,78;80,26;33,59;25,99;3,52;10,31;195,49
19082005;Altofonte;Palermo;1;9.817;15,02;10,96;87,80;19,57;12,71;11,98;14,57;173,62
19082007;Balestrate;Palermo;1;6.257;6,99;21,49;65,99;5,99;9,47;25,12;107,89;242,94
19082009;Belmonte Mezzagno;Palermo;1;10.813;15,48;17,27;53,71;25,28;7,24;11,61;1,09;131,66
19082010;Bisacquino;Palermo;1;4.059;13,29;29,76;61,42;;3,64;9,30;9,98;128,62
19082082;Blufi;Palermo;1;862;39,28;16,33;49,39;32,49;9,00;27,91;7,08;181,48
19082012;Bompietro;Palermo;1;1.153;39,63;16,50;45,32;32,59;7,81;25,09;6,91;173,86
19082013;Borgetto;Palermo;1;7.120;12,23;24,30;61,45;23,16;27,78;25,86;12,56;187,33
19082014;Caccamo;Palermo;1;7.612;1,34;17,96;79,71;37,71;9,33;13,08;7,02;167,46
19082015;Caltavuturo;Palermo;1;3.437;35,48;22,25;48,84;27,21;8,01;20,07;6,77;168,62
19082016;Campofelice di Fitalia;Palermo;1;436;77,67;32,28;97,65;64,23;17,79;55,18;13,99;358,79
19082017;Campofelice di Roccella;Palermo;1;7.744;18,62;53,96;93,10;27,59;28,09;23,40;6,58;251,34
19082019;Camporeale;Palermo;1;2.931;3,26;16,76;120,57;30,33;14,39;10,64;4,26;200,89
19082020;Capaci;Palermo;1;11.348;15,48;23,14;77,81;26,21;35,17;17,68;5,23;201,60
19082021;Carini;Palermo;1;40.150;14,52;13,35;83,10;19,23;13,78;21,13;7,56;172,68
19082022;Castelbuono;Palermo;1;8.016;31,14;27,17;104,47;25,00;14,73;39,40;6,79;248,70
19082023;Casteldaccia;Palermo;1;11.652;34,25;70,84;74,21;22,53;5,71;35,95;63,78;307,26
19082024;Castellana Sicula;Palermo;1;2.973;35,86;22,07;46,51;28,62;7,93;11,58;9,22;161,78
19082025;Castronovo di Sicilia;Palermo;1;2.786;35,27;24,58;80,17;44,96;18,86;12,52;11,19;229,35
19082026;Cefala  Diana;Palermo;1;976;14,90;31,82;75,92;43,15;16,13;48,58;175,18;408,75
19082027;Cefalu;Palermo;1;13.861;13,49;42,58;84,57;40,58;58,03;9,94;15,79;264,98
19082030;Ciminna;Palermo;1;3.353;13,22;20,95;66,58;20,24;19,70;12,14;17,57;170,41
19082031;Cinisi;Palermo;1;11.922;6,44;11,58;99,38;36,74;7,90;30,49;13,76;206,29
19082032;Collesano;Palermo;1;3.616;12,44;16,59;62,21;5,30;24,39;24,55;4,82;150,29
19082034;Corleone;Palermo;1;10.276;10,17;31,17;58,79;17,18;18,55;8,89;7,68;153,89
19082035;Ficarazzi;Palermo;1;12.827;12,38;18,32;49,52;25,01;16,51;22,93;29,68;174,35
19082036;Gangi;Palermo;1;6.013;34,43;17,23;45,24;25,00;7,83;15,23;9,08;154,04
19082037;Geraci Siculo;Palermo;1;1.697;31,20;19,76;41,84;26,54;7,12;18,93;8,77;154,17
19082038;Giardinello;Palermo;1;2.241;8,90;8,59;94,17;27,88;7,33;38,08;14,18;199,13
19082041;Gratteri;Palermo;1;850;17,87;5,21;87,68;18,37;83,73;40,47;13,86;267,19
19082042;Isnello;Palermo;1;1.285;22,80;13,52;114,02;7,60;55,66;19,20;6,09;238,89
19082043;Isola delle Femmine;Palermo;1;7.039;37,90;79,14;63,53;6,49;13,38;32,34;2,93;235,70
19082044;Lascari;Palermo;1;3.703;13,68;23,84;51,00;24,18;20,64;22,70;8,24;164,27
19082045;Lercara Friddi;Palermo;1;6.113;47,94;44,84;90,97;;9,68;9,25;5,92;208,60
19082046;Marineo;Palermo;1;6.063;11,35;14,24;45,39;20,08;29,60;33,61;18,50;172,77
19082047;Mezzojuso;Palermo;1;2.578;19,56;19,70;69,07;30,64;11,82;14,57;16,50;181,87
19082049;Monreale;Palermo;1;38.776;17,37;31,86;;;;14,30;17,93;81,47
19082050;Montelepre;Palermo;1;5.713;6,65;21,37;77,17;13,73;9,27;56,02;3,32;187,53
19082053;Palermo;Palermo;1;628.894;31,83;36,63;44,36;;21,87;33,53;17,05;185,28
19082054;Partinico;Palermo;1;30.746;10,30;28,57;;104,85;28,19;13,71;27,42;213,03
19082055;Petralia Soprana;Palermo;1;2.908;35,59;24,15;46,93;21,99;8,07;43,14;16,98;196,85
19082056;Petralia Sottana;Palermo;1;2.415;35,60;19,53;47,97;31,97;27,82;38,28;24,18;226,18
19082057;Piana degli Albanesi;Palermo;1;5.451;61,41;49,19;70,36;;;4,22;0,02;185,75
19082058;Polizzi Generosa;Palermo;1;2.851;36,80;29,06;50,16;30,07;8,28;20,73;7,11;182,21
19082059;Pollina;Palermo;1;2.822;15,37;24,10;87,16;59,55;16,46;14,65;36,49;253,80
19082060;Prizzi;Palermo;1;4.083;5,63;13,66;63,65;34,96;4,42;10,39;8,78;142,71
19082064;San Giuseppe Jato;Palermo;1;8.019;20,08;4,99;60,24;35,07;;1,96;10,34;133,30
19082065;San Mauro Castelverde;Palermo;1;1.316;39,14;32,95;55,57;27,58;9,01;21,93;10,81;196,98
19082081;Scillato;Palermo;1;587;28,29;31,03;34,03;35,31;6,75;15,96;5,83;157,20
19082069;Sclafani Bagni;Palermo;1;369;41,91;39,16;57,02;22,89;10,27;17,40;7,06;195,70
19082071;Terrasini;Palermo;1;12.961;5,92;10,65;91,42;33,79;7,27;28,05;12,66;189,75
19082072;Torretta;Palermo;1;4.367;14,73;18,37;73,63;30,66;20,47;18,99;27,85;211,56
19082073;Trabia;Palermo;1;10.616;10,37;52,05;66,96;19,83;31,18;11,20;16,47;208,99
19082074;Trappeto;Palermo;1;3.091;8,75;14,71;97,88;45,64;14,68;27,58;10,29;219,51
19082076;Valledolmo;Palermo;1;3.115;33,45;14,03;41,93;33,78;7,63;21,81;6,60;159,23
19082079;Villabate;Palermo;1;19.550;27,08;51,55;59,26;8,04;22,51;10,37;12,93;191,74
19082080;Villafrati;Palermo;1;3.104;20,67;28,05;75,88;22,14;18,13;6,99;67,92;239,78
08034001;Albareto;Parma;1;2.079;29,21;48,96;15,32;;1,54;27,09;15,94;141,91
08034003;Bedonia;Parma;1;3.116;28,02;27,39;60,63;;15,99;30,28;21,12;183,43
08034004;Berceto;Parma;1;1.965;37,52;26,18;111,40;;9,67;30,73;26,40;241,90
08034006;Borgo Val di Taro;Parma;1;6.748;70,93;26,79;37,81;10,39;22,91;25,82;11,41;206,05
08034007;Busseto;Parma;1;6.841;14,00;;45,44;43,48;18,17;35,19;25,55;182,38
08034008;Calestano;Parma;1;2.101;15,64;;50,67;46,77;1,85;30,66;31,51;177,65
08034009;Collecchio;Parma;1;14.794;12,86;;36,21;47,33;15,40;42,44;25,55;180,35
08034010;Colorno;Parma;1;9.091;13,73;;44,71;39,78;3,63;38,38;24,88;165,67
08034012;Corniglio;Parma;1;1.748;32,83;;41,73;48,68;19,68;56,35;34,58;234,40
08034013;Felino;Parma;1;9.176;13,91;;48,39;38,36;8,12;13,11;24,06;146,52
08034014;Fidenza;Parma;1;27.282;5,58;10,64;59,06;15,56;19,94;42,56;24,44;177,77
08034015;Fontanellato;Parma;1;7.113;13,63;;45,02;39,92;7,67;40,77;25,40;172,97
08034016;Fontevivo;Parma;1;5.485;14,11;;38,52;46,86;0,56;31,93;27,30;159,85
08034017;Fornovo di Taro;Parma;1;5.969;98,04;18,05;22,13;9,77;1,13;45,54;0,40;195,06
08034018;Langhirano;Parma;1;10.872;14,30;;50,01;52,58;10,72;21,56;44,44;194,15
08034020;Medesano;Parma;1;10.761;13,96;;46,83;35,55;2,66;21,80;25,55;146,91
08034022;Monchio delle Corti;Parma;1;827;29,11;;87,11;63,80;;103,43;67,72;351,75
08034023;Montechiarugolo;Parma;1;11.262;13,50;;37,51;40,07;8,24;35,98;25,62;161,47
08034024;Neviano degli Arduini;Parma;1;3.450;23,94;;18,93;52,77;;27,28;28,67;152,14
08034025;Noceto;Parma;1;13.300;12,63;;45,09;46,48;5,26;9,51;36,02;155,54
08034026;Palanzano;Parma;1;1.015;30,10;;88,83;52,97;6,11;47,81;81,96;308,36
08034027;Parma;Parma;1;198.496;18,42;;52,17;38,91;26,21;29,15;30,99;196,41
08034028;Pellegrino Parmense;Parma;1;967;127,06;40,44;21,24;4,69;;31,74;6,51;231,67
08034050;Polesione Zibello;Parma;1;3.120;14,14;;60,84;46,92;;15,95;31,04;169,45
08034030;Roccabianca;Parma;1;2.912;14,02;;45,69;40,67;;28,06;26,77;155,76
08034031;Sala Baganza;Parma;1;5.954;13,10;;42,20;49,55;13,34;38,59;25,94;183,26
08034032;Salsomaggiore Terme;Parma;1;20.305;20,96;;47,84;40,57;15,29;23,75;38,15;187,11
08034033;San Secondo Parmense;Parma;1;5.873;13,40;;51,93;51,04;3,86;60,86;25,29;206,94
08034049;Sissa Trecasali;Parma;1;7.907;13,68;;50,22;44,71;0,21;17,45;26,75;153,58
08034035;Solignano;Parma;1;1.689;26,96;48,54;32,06;;25,86;83,46;19,55;236,44
08034036;Soragna;Parma;1;4.754;12,85;;47,90;42,99;4,10;21,16;26,51;156,08
08034051;Sorbolo Mezzani;Parma;1;12.989;13,61;;34,50;36,58;7,77;34,31;25,26;152,58
08034038;Terenzo;Parma;1;1.147;31,19;58,37;37,10;;;45,17;6,64;178,46
08034039;Tizzano Val Parma;Parma;1;2.169;24,38;;74,34;59,60;1,76;37,58;37,17;235,38
08034040;Tornolo;Parma;1;890;87,86;54,42;49,88;0,36;;70,30;13,01;275,84
08034041;Torrile;Parma;1;7.733;12,77;;50,21;36,71;10,75;31,11;46,63;188,74
08034042;Traversetolo;Parma;1;9.630;13,90;;45,26;45,19;4,24;34,72;25,81;169,67
08034044;Valmozzola;Parma;1;537;50,47;63,56;60,02;;;53,61;46,25;273,91
08034045;Varano de' Melegari;Parma;1;2.569;46,92;37,47;47,88;8,85;4,08;37,76;4,58;187,55
08034046;Varsi;Parma;1;1.129;99,46;51,81;17,16;0,19;;59,56;4,72;232,89
03018001;Alagna;Pavia;1;801;7,04;9,77;72,11;14,66;1,43;0,38;29,63;135,01
03018002;Albaredo Arnaboldi;Pavia;1;236;21,44;76,83;34,86;5,99;8,48;32,06;6,92;187,33
03018003;Albonese;Pavia;1;539;18,08;12,11;65,55;16,73;;3,75;1,18;182,34
03018004;Albuzzano;Pavia;1;3.628;12,88;0,17;22,18;26,14;3,65;12,14;6,31;94,92
03018005;Arena Po;Pavia;1;1.507;21,21;57,55;27,95;4,86;0,82;10,27;6,72;130,15
03018007;Bagnaria;Pavia;1;626;50,43;39,50;18,82;7,96;11,84;50,28;14,58;194,48
03018009;Bascape;Pavia;1;1.806;8,23;;43,92;22,39;4,11;11,65;0,56;92,40
03018012;Battuda;Pavia;1;667;12,61;0,24;23,97;24,27;;14,78;4,73;81,07
03018013;Belgioioso;Pavia;1;6.407;9,81;;47,97;5,91;9,73;3,69;6,01;83,85
03018014;Bereguardo;Pavia;1;2.878;13,85;0,30;26,74;26,51;9,89;20,98;16,09;114,93
03018015;Borgarello;Pavia;1;2.709;14,11;8,66;53,29;16,77;14,00;14,97;1,58;127,47
03018016;Borgo Priolo;Pavia;1;1.255;54,46;55,29;16,17;3,05;3,99;3,99;1,44;138,94
03018018;Borgo San Siro;Pavia;1;958;9,14;16,09;53,99;21,25;10,71;29,67;16,96;166,83
03018017;Borgoratto Mormorolo;Pavia;1;397;55,23;40,63;19,20;3,16;5,87;5,17;4,40;135,13
03018019;Bornasco;Pavia;1;2.665;12,22;0,14;21,24;22,98;9,48;18,25;0,25;86,15
03018020;Bosnasco;Pavia;1;641;23,83;46,76;56,58;3,64;10,71;12,82;13,96;169,38
03018022;Breme;Pavia;1;706;6,04;19,54;68,91;;25,36;22,67;43,46;188,88
03018023;Bressana Bottarone;Pavia;1;3.454;19,17;33,35;53,30;7,85;1,10;10,23;7,01;133,51
03018024;Broni;Pavia;1;9.784;33,19;40,26;56,15;9,79;15,07;6,25;6,77;171,63
03018025;Calvignano;Pavia;1;108;42,21;61,44;84,98;7,20;;3,83;7,16;213,18
03018026;Campospinoso Albaredo;Pavia;1;1.117;17,15;61,44;25,74;3,99;6,78;17,60;6,53;146,46
03018027;Candia Lomellina;Pavia;1;1.498;9,30;;61,80;35,49;22,43;31,44;9,03;169,48
03018030;Carbonara al Ticino;Pavia;1;1.440;6,06;17,61;18,28;19,18;11,29;13,77;2,20;88,38
03018035;Cassolnovo;Pavia;1;6.766;15,71;39,02;21,66;12,33;0,22;7,88;13,30;127,98
03018037;Casteggio;Pavia;1;6.478;29,07;56,29;24,35;9,77;17,07;23,21;5,89;167,03
03018039;Castello d'Agogna;Pavia;1;1.060;15,19;;55,93;39,21;17,28;21,74;1,60;159,92
03018040;Castelnovetto;Pavia;1;502;10,60;;65,13;36,24;30,06;24,62;17,24;202,81
03018042;Cecima;Pavia;1;247;23,13;57,87;13,38;3,42;19,60;43,70;21,27;185,72
03018044;Ceretto Lomellina;Pavia;1;191;15,99;70,48;16,93;;12,83;36,55;18,42;171,21
03018045;Cergnago;Pavia;1;671;7,14;8,27;42,31;12,40;;7,41;26,17;103,70
03018046;Certosa di Pavia;Pavia;1;5.527;12,80;0,17;19,75;24,33;;21,94;14,15;94,72
03018050;Cilavegna;Pavia;1;5.340;7,68;;35,73;39,34;10,15;17,00;11,45;122,06
03018051;Codevilla;Pavia;1;920;23,61;16,76;65,27;24,42;12,74;16,90;16,85;183,15
03018193;Colli Verdi;Pavia;1;1.021;27,73;45,19;50,75;3,57;6,62;29,72;8,79;173,70
03018053;Copiano;Pavia;1;1.725;12,22;21,60;51,22;6,50;4,43;5,04;6,70;108,44
03018054;Corana;Pavia;1;752;30,50;34,45;14,73;14,46;0,88;1,13;4,22;101,28
03018192;Corteolona e Genzone;Pavia;1;2.547;11,91;34,26;12,47;6,48;4,29;8,44;10,01;88,96
03018057;Corvino San Quirico;Pavia;1;964;21,79;42,08;60,72;5,65;;14,52;23,89;169,41
03018058;Costa de' Nobili;Pavia;1;355;14,49;21,23;15,25;13,76;;5,33;13,28;85,28
03018059;Cozzo;Pavia;1;344;8,38;4,55;49,62;6,93;;2,97;50,03;122,47
03018060;Cura Carpignano;Pavia;1;5.036;10,59;0,55;27,27;24,44;0,59;26,54;19,33;111,09
03018061;Dorno;Pavia;1;4.579;9,46;;37,03;20,61;10,35;6,88;1,03;85,35
03018062;Ferrera Erbognone;Pavia;1;1.064;32,26;7,15;12,63;1,82;26,58;23,94;8,01;117,80
03018064;Fortunago;Pavia;1;360;64,03;51,13;32,24;6,59;0,01;44,42;14,79;214,49
03018065;Frascarolo;Pavia;1;1.098;4,09;;32,55;48,02;14,14;32,93;7,69;139,43
03018067;Gambarana;Pavia;1;192;38,94;;36,79;56,02;6,46;20,45;10,58;169,24
03018068;Gambolo;Pavia;1;9.744;13,67;16,31;34,44;19,63;8,04;35,13;1,95;129,16
03018071;Gerenzago;Pavia;1;1.449;12,42;39,58;18,08;4,98;16,23;8,14;7,33;107,49
03018075;Gravellona Lomellina;Pavia;1;2.706;9,59;38,28;24,06;11,34;2,89;9,88;4,94;126,72
03018076;Gropello Cairoli;Pavia;1;4.278;8,82;17,25;34,78;16,87;22,68;26,88;4,44;131,73
03018077;Inverno e Monteleone;Pavia;1;1.465;12,02;16,95;36,24;4,80;13,66;17,79;15,03;117,24
03018078;Landriano;Pavia;1;6.517;9,27;22,74;27,07;7,72;23,65;13,09;13,46;117,01
03018079;Langosco;Pavia;1;372;70,52;14,81;;;32,08;52,55;10,84;183,48
03018080;Lardirago;Pavia;1;1.178;20,12;0,28;18,37;28,77;25,75;35,36;11,20;141,67
03018083;Lomello;Pavia;1;2.040;5,21;22,11;49,29;41,07;3,77;9,67;21,34;152,47
03018084;Lungavilla;Pavia;1;2.423;20,95;43,21;16,10;14,36;9,55;25,33;5,20;135,78
03018085;Magherno;Pavia;1;1.786;5,67;;26,30;24,46;17,95;3,65;13,28;93,86
03018087;Marzano;Pavia;1;1.706;13,63;0,20;20,63;24,53;;25,82;9,40;97,81
03018088;Mede;Pavia;1;6.066;14,75;;57,88;39,92;12,56;31,37;16,63;175,92
03018089;Menconico;Pavia;1;339;47,63;73,26;23,35;6,14;;42,45;7,59;202,49
03018090;Mezzana Bigli;Pavia;1;1.052;15,45;;51,88;50,01;6,70;8,26;2,29;143,34
03018091;Mezzana Rabattone;Pavia;1;458;19,84;0,16;21,99;20,25;1,01;33,07;29,46;128,36
03018093;Miradolo Terme;Pavia;1;3.840;15,98;12,68;38,41;;3,90;24,22;6,32;101,52
03018095;Montebello della Battaglia;Pavia;1;1.444;52,55;29,05;64,69;26,26;6,28;34,52;18,07;234,27
03018096;Montecalvo Versiggia;Pavia;1;502;17,68;36,49;31,32;4,93;;3,96;6,43;101,59
03018100;Montu Beccaria;Pavia;1;1.608;31,51;60,44;50,59;4,11;;3,85;6,74;158,01
03018101;Mornico Losana;Pavia;1;598;32,38;61,24;68,82;4,67;;8,03;17,76;193,66
03018104;Olevano di Lomellina;Pavia;1;698;5,99;13,55;47,19;25,16;7,10;7,00;36,95;142,95
03018105;Oliva Gessi;Pavia;1;160;22,38;64,44;78,24;5,74;;16,24;10,84;198,67
03018106;Ottobiano;Pavia;1;1.072;26,52;;54,32;45,69;4,49;18,90;2,01;151,93
03018107;Palestro;Pavia;1;1.816;9,39;9,16;55,62;13,74;;5,46;30,31;123,67
03018109;Parona;Pavia;1;1.850;20,64;20,18;13,94;;16,35;27,67;0,66;113,65
03018110;Pavia;Pavia;1;71.383;20,47;0,25;48,34;33,50;18,10;31,57;30,77;183,01
03018112;Pieve Albignola;Pavia;1;809;6,64;13,17;49,56;24,46;3,22;5,13;31,13;133,31
03018113;Pieve del Cairo;Pavia;1;1.760;24,68;34,86;35,94;2,33;11,34;12,39;13,88;135,41
03018114;Pieve Porto Morone;Pavia;1;2.605;19,44;23,36;23,35;9,81;19,01;14,66;14,50;126,50
03018115;Pinarolo Po;Pavia;1;1.667;29,04;67,41;44,82;4,52;;15,86;6,66;170,92
03018116;Pizzale;Pavia;1;686;30,84;39,75;19,98;13,55;12,38;31,75;5,41;155,03
03018117;Ponte Nizza;Pavia;1;754;64,22;76,12;27,38;19,16;13,41;36,77;7,89;244,95
03018119;Rea;Pavia;1;394;29,77;83,92;29,21;8,07;8,60;33,79;7,63;201,75
03018120;Redavalle;Pavia;1;1.015;29,14;61,03;50,15;4,39;;9,79;7,09;162,74
03018121;Retorbido;Pavia;1;1.533;20,65;25,03;50,26;20,26;10,17;17,73;19,35;164,54
03018122;Rivanazzano Terme;Pavia;1;5.091;17,90;55,79;23,81;12,19;5,09;12,77;26,72;155,52
03018123;Robbio;Pavia;1;5.849;8,19;;36,39;36,47;16,26;24,31;7,93;129,55
03018124;Robecco Pavese;Pavia;1;512;40,51;54,02;24,34;4,14;21,53;43,78;12,55;202,46
03018129;Roncaro;Pavia;1;1.591;11,14;0,16;19,33;22,10;1,73;15,41;7,54;79,06
03018130;Rosasco;Pavia;1;535;7,64;;72,14;33,89;29,61;19,98;35,17;198,42
03018131;Rovescala;Pavia;1;811;35,23;59,35;62,37;4,75;4,84;11,44;13,75;192,52
03018133;San Cipriano Po;Pavia;1;448;22,17;49,71;53,02;5,05;36,87;21,85;3,97;192,64
03018134;San Damiano al Colle;Pavia;1;608;35,77;76,68;48,85;4,48;;19,51;8,63;195,09
03018135;San Genesio ed Uniti;Pavia;1;3.975;7,04;16,55;27,86;12,87;9,46;9,05;11,81;94,77
03018136;San Giorgio di Lomellina;Pavia;1;986;79,91;;;;20,66;36,55;24,43;166,61
03018137;San Martino Siccomario;Pavia;1;6.390;11,78;0,49;19,85;48,35;;40,51;14,26;135,25
03018145;San Zenone al Po;Pavia;1;572;19,61;32,49;26,49;13,58;1,75;7,12;9,34;112,99
03018138;Sannazzaro de' Burgondi;Pavia;1;5.112;12,35;21,20;44,64;20,14;17,07;10,99;;126,40
03018139;Santa Cristina e Bissone;Pavia;1;1.822;13,02;30,79;25,14;6,19;13,97;10,58;10,28;115,68
03018140;Santa Giuletta;Pavia;1;1.561;27,46;64,00;50,05;4,64;0,64;14,36;6,90;169,16
03018142;Santa Margherita di Staffora;Pavia;1;436;125,34;45,32;58,11;5,06;37,37;125,01;6,94;405,85
03018143;Santa Maria della Versa;Pavia;1;2.262;34,69;63,99;56,57;4,73;12,62;19,03;14,43;206,83
03018141;Sant'Alessio con Vialone;Pavia;1;1.037;11,76;1,32;33,71;31,27;8,75;9,90;10,16;109,01
03018144;Sant'Angelo Lomellina;Pavia;1;799;8,90;;61,20;23,06;29,35;15,05;1,21;138,76
03018146;Sartirana Lomellina;Pavia;1;1.497;7,11;;38,28;39,32;7,87;12,97;10,34;115,88
03018147;Scaldasole;Pavia;1;851;6,39;15,34;37,52;28,48;8,58;6,55;33,39;136,25
03018148;Semiana;Pavia;1;194;8,59;;37,39;47,17;11,65;28,47;1,38;134,65
03018149;Silvano Pietra;Pavia;1;621;36,67;40,73;22,24;4,62;7,03;19,19;7,44;139,69
03018150;Siziano;Pavia;1;6.673;47,17;17,97;;;7,42;32,85;3,87;109,28
03018151;Sommo;Pavia;1;1.142;11,16;0,09;37,68;15,06;16,11;18,67;8,49;108,34
03018153;Stradella;Pavia;1;11.461;31,61;16,28;59,53;10,61;36,41;3,86;7,01;167,65
03018154;Suardi;Pavia;1;577;7,22;28,18;43,04;32,26;7,91;10,76;2,81;132,71
03018155;Torrazza Coste;Pavia;1;1.597;14,88;16,46;58,23;11,51;5,32;25,10;6,32;139,24
03018156;Torre Beretti e Castellaro;Pavia;1;503;7,15;;32,98;32,71;4,98;8,39;9,04;95,25
03018157;Torre d'Arese;Pavia;1;916;13,64;21,52;18,36;6,01;5,24;9,58;9,65;90,37
03018158;Torre de' Negri;Pavia;1;332;12,17;24,65;20,13;5,75;14,23;18,45;5,39;106,02
03018159;Torre d'Isola;Pavia;1;2.479;3,99;0,33;50,54;19,75;13,45;29,53;12,50;132,12
03018160;Torrevecchia Pia;Pavia;1;3.538;8,48;17,87;39,88;16,28;9,75;27,44;16,99;136,70
03018164;Tromello;Pavia;1;3.671;9,56;16,29;62,78;19,07;30,73;17,91;9,55;170,78
03018165;Trovo;Pavia;1;999;13,16;0,12;23,49;27,61;6,37;30,13;24,81;129,31
03018166;Val di Nizza;Pavia;1;563;39,09;61,50;17,90;4,10;33,04;52,39;7,96;218,24
03018167;Valeggio;Pavia;1;189;29,51;;47,73;52,46;;11,34;2,05;143,08
03018168;Valle Lomellina;Pavia;1;2.115;10,97;10,18;65,01;15,26;1,59;1,60;22,14;126,75
03018169;Valle Salimbene;Pavia;1;1.460;22,36;0,22;29,78;31,12;0,63;8,56;11,00;106,48
03018171;Varzi;Pavia;1;3.046;49,05;65,26;22,26;6,95;17,60;46,17;15,92;223,20
03018172;Velezzo Lomellina;Pavia;1;88;0,97;11,11;72,48;16,67;;5,52;68,00;174,75
03018173;Vellezzo Bellini;Pavia;1;3.473;11,25;0,34;40,86;25,59;2,40;21,52;11,34;115,43
03018176;Vidigulfo;Pavia;1;6.764;8,58;4,68;46,06;26,51;25,17;18,91;12,40;142,30
03018177;Vigevano;Pavia;1;62.614;24,72;22,82;46,99;22,24;13,96;11,08;12,40;168,37
03018178;Villa Biscossi;Pavia;1;63;14,13;17,08;77,98;31,70;9,21;5,94;63,33;219,37
03018180;Villanterio;Pavia;1;3.378;11,43;21,17;31,17;5,34;4,05;6,15;6,58;86,62
03018181;Vistarino;Pavia;1;1.578;11,93;24,96;20,47;4,77;6,63;13,44;7,84;90,78
03018182;Voghera;Pavia;1;39.111;24,97;21,21;56,30;16,93;18,32;10,73;30,30;180,08
03018185;Zeccone;Pavia;1;1.687;13,88;43,04;23,85;0,04;18,38;6,56;7,90;113,94
03018186;Zeme;Pavia;1;982;9,45;;73,50;27,85;0,48;20,70;37,03;169,01
03018187;Zenevredo;Pavia;1;491;20,87;63,03;25,32;4,61;;19,21;3,32;140,11
03018188;Zerbo;Pavia;1;386;17,12;23,31;23,61;11,20;1,20;28,55;14,80;122,08
03018189;Zerbolo;Pavia;1;1.647;7,24;;36,71;42,53;3,35;20,36;10,93;121,13
03018190;Zinasco;Pavia;1;3.097;7,51;11,27;24,60;11,72;6,86;14,12;4,94;81,84
10054001;Assisi;Perugia;1;27.549;2,41;24,64;98,60;31,55;23,54;78,67;20,17;283,09
10054002;Bastia Umbra;Perugia;1;21.311;9,83;23,22;59,89;33,62;14,79;32,56;35,22;226,07
10054003;Bettona;Perugia;1;4.251;15,85;18,52;91,53;30,10;14,45;45,03;25,03;252,16
10054004;Bevagna;Perugia;1;4.760;10,19;27,72;74,63;12,15;14,55;39,20;9,53;187,96
10054005;Campello sul Clitunno;Perugia;1;2.317;1,38;34,83;65,73;22,84;;25,77;7,97;158,53
10054006;Cannara;Perugia;1;4.170;13,50;19,49;63,26;21,70;7,51;16,75;30,66;172,88
10054007;Cascia;Perugia;1;2.973;56,27;47,63;40,95;9,83;;38,79;21,74;215,20
10054008;Castel Ritaldi;Perugia;1;3.047;7,05;33,94;47,47;19,71;18,92;39,04;11,76;177,89
10054009;Castiglione del Lago;Perugia;1;15.134;9,12;27,27;87,30;26,47;15,35;34,75;31,60;235,91
10054010;Cerreto di Spoleto;Perugia;1;971;43,41;67,69;31,08;6,05;;20,32;17,05;185,59
10054011;Citerna;Perugia;1;3.372;16,37;24,20;55,60;15,75;10,62;26,13;21,06;169,73
10054012;Citta  della Pieve;Perugia;1;7.407;9,59;27,31;85,38;25,88;24,42;39,44;36,50;248,52
10054013;Citta  di Castello;Perugia;1;38.195;15,81;35,71;60,24;15,85;20,76;23,43;39,40;211,20
10054014;Collazzone;Perugia;1;3.302;17,72;23,73;61,80;19,04;20,80;24,44;29,36;196,88
10054015;Corciano;Perugia;1;21.597;7,14;27,73;68,99;29,00;11,24;38,47;39,63;222,20
10054016;Costacciaro;Perugia;1;1.040;34,36;45,51;104,31;11,51;13,67;51,22;44,52;305,10
10054017;Deruta;Perugia;1;9.481;15,26;30,39;58,59;24,82;13,92;43,13;33,29;219,41
10054018;Foligno;Perugia;1;55.296;9,57;29,82;71,19;19,52;18,08;43,81;11,18;203,16
10054019;Fossato di Vico;Perugia;1;2.604;24,27;29,58;77,62;16,85;13,22;7,31;19,95;188,80
10054020;Fratta Todina;Perugia;1;1.870;14,56;10,36;63,60;15,13;4,40;9,58;36,36;153,98
10054021;Giano dell'Umbria;Perugia;1;3.661;24,26;19,93;54,86;15,88;;38,80;7,95;161,68
10054022;Gualdo Cattaneo;Perugia;1;5.628;21,40;19,49;84,56;14,51;15,75;30,78;10,85;197,35
10054023;Gualdo Tadino;Perugia;1;14.281;21,31;25,83;62,44;15,44;15,19;23,40;33,65;197,26
10054024;Gubbio;Perugia;1;30.358;16,21;24,00;50,64;15,07;12,42;16,85;38,00;173,19
10054025;Lisciano Niccone;Perugia;1;616;27,51;18,17;103,91;12,94;42,77;46,04;30,20;281,55
10054026;Magione;Perugia;1;14.660;9,35;25,27;80,88;24,49;14,54;31,37;36,62;232,85
10054027;Marsciano;Perugia;1;18.018;16,89;27,59;47,80;22,78;13,01;62,96;41,59;232,62
10054028;Massa Martana;Perugia;1;3.621;21,15;20,57;76,93;18,86;12,69;22,34;24,81;197,36
10054029;Monte Castello di Vibio;Perugia;1;1.416;28,21;0,62;92,56;12,78;;13,06;40,57;187,81
10054032;Monte Santa Maria Tiberina;Perugia;1;1.084;14,12;41,55;79,59;10,87;8,05;13,87;47,63;215,68
10054030;Montefalco;Perugia;1;5.326;19,11;46,73;79,38;10,66;12,02;17,30;10,33;195,53
10054031;Monteleone di Spoleto;Perugia;1;552;50,01;59,53;9,11;3,97;;10,27;20,61;153,51
10054033;Montone;Perugia;1;1.546;15,07;27,08;64,75;13,65;14,80;56,32;39,78;231,45
10054034;Nocera Umbra;Perugia;1;5.526;22,38;50,46;46,84;8,16;12,81;29,38;13,92;183,96
10054035;Norcia;Perugia;1;4.509;59,33;53,48;32,51;7,34;5,70;26,86;22,57;207,80
10054036;Paciano;Perugia;1;942;9,43;25,21;91,75;22,43;28,36;28,65;28,57;234,41
10054037;Panicale;Perugia;1;5.321;9,55;25,41;82,32;26,81;13,93;40,15;47,88;249,78
10054038;Passignano sul Trasimeno;Perugia;1;5.700;8,86;34,30;84,88;38,07;20,57;26,25;43,95;260,13
10054039;Perugia;Perugia;1;162.527;11,72;26,94;61,30;33,36;21,00;65,88;64,83;290,99
10054040;Piegaro;Perugia;1;3.356;9,59;21,14;87,54;19,47;24,96;26,38;48,61;237,68
10054041;Pietralunga;Perugia;1;1.977;19,57;44,74;75,85;11,95;6,44;10,47;47,33;216,34
10054042;Poggiodomo;Perugia;1;91;190,91;100,90;;0,25;37,11;10,74;52,79;392,70
10054043;Preci;Perugia;1;699;28,87;60,84;60,94;9,19;;14,30;12,10;186,25
10054044;San Giustino;Perugia;1;11.097;19,02;15,56;69,40;15,55;13,46;23,62;29,17;185,78
10054045;Sant'Anatolia di Narco;Perugia;1;487;52,59;54,58;4,16;8,77;;30,79;18,45;169,33
10054047;Scheggino;Perugia;1;436;31,61;73,16;7,00;7,05;;30,02;16,51;165,34
10054048;Sellano;Perugia;1;964;26,36;63,17;2,58;1,31;;24,27;13,30;130,98
10054049;Sigillo;Perugia;1;2.312;22,24;26,68;74,84;16,20;7,89;11,91;20,71;180,46
10054050;Spello;Perugia;1;8.281;3,49;22,00;65,33;16,02;19,08;29,59;11,33;166,85
10054051;Spoleto;Perugia;1;36.186;8,53;28,62;74,68;17,68;14,86;25,81;11,86;182,04
10054052;Todi;Perugia;1;15.588;8,29;20,81;75,47;31,63;17,81;40,34;28,97;227,69
10054053;Torgiano;Perugia;1;6.612;;19,67;49,64;30,39;9,97;30,01;24,23;172,75
10054054;Trevi;Perugia;1;7.972;10,14;27,04;89,86;23,80;10,89;29,59;10,14;201,45
10054055;Tuoro sul Trasimeno;Perugia;1;3.736;9,40;26,43;94,24;22,88;10,16;25,49;35,33;223,93
10054056;Umbertide;Perugia;1;16.310;17,18;22,21;53,24;17,62;22,10;28,67;37,90;198,91
10054057;Valfabbrica;Perugia;1;3.226;5,42;21,60;60,53;25,14;31,05;96,86;27,82;268,43
10054058;Vallo di Nera;Perugia;1;328;34,93;64,83;2,69;5,09;;22,83;17,87;148,25
10054059;Valtopina;Perugia;1;1.288;14,93;39,02;48,06;7,39;3,79;13,92;9,03;136,14
11041001;Acqualagna;Pesaro e Urbino;1;4.167;12,28;4,43;39,08;26,93;9,52;23,40;42,09;157,72
11041002;Apecchio;Pesaro e Urbino;1;1.695;21,47;5,05;72,18;35,19;12,46;27,87;14,96;189,18
11041005;Belforte all'Isauro;Pesaro e Urbino;1;745;21,86;3,52;;29,42;40,32;76,38;54,63;299,97
11041006;Borgo Pace;Pesaro e Urbino;1;525;18,04;4,56;;37,58;27,48;34,29;29,58;230,10
11041007;Cagli;Pesaro e Urbino;1;7.951;25,45;5,50;60,81;30,32;20,14;26,41;19,16;187,78
11041008;Cantiano;Pesaro e Urbino;1;1.991;23,37;5,85;59,17;31,97;12,61;19,04;12,21;164,21
11041009;Carpegna;Pesaro e Urbino;1;1.738;53,97;12,27;46,98;12,03;21,86;23,07;18,26;188,45
11041013;Fano;Pesaro e Urbino;1;59.963;18,38;7,92;55,44;26,78;32,90;59,63;34,01;237,71
11041014;Fermignano;Pesaro e Urbino;1;8.245;10,67;3,17;48,38;34,73;25,72;23,22;22,06;167,96
11041016;Fratte Rosa;Pesaro e Urbino;1;855;24,69;4,55;61,44;39,55;35,74;36,02;40,07;242,05
11041017;Frontino;Pesaro e Urbino;1;297;23,64;5,22;81,50;34,33;26,20;45,39;36,03;252,30
11041018;Frontone;Pesaro e Urbino;1;1.214;14,93;4,85;55,17;25,04;16,80;24,34;14,83;155,97
11041019;Gabicce Mare;Pesaro e Urbino;1;5.461;15,84;22,17;77,61;28,27;68,21;38,52;106,98;357,59
11041020;Gradara;Pesaro e Urbino;1;4.889;10,15;2,78;60,21;24,79;24,54;27,27;19,15;168,88
11041022;Lunano;Pesaro e Urbino;1;1.426;15,60;3,11;64,56;41,15;7,97;26,87;16,84;176,11
11041023;Macerata Feltria;Pesaro e Urbino;1;1.900;24,25;5,69;59,55;27,02;10,09;32,44;31,80;190,85
11041025;Mercatello sul Metauro;Pesaro e Urbino;1;1.322;12,12;3,66;61,78;30,26;8,25;30,14;29,96;176,15
11041026;Mercatino Conca;Pesaro e Urbino;1;1.045;19,92;5,08;69,02;30,55;17,92;62,69;14,39;219,57
11041027;Mombaroccio;Pesaro e Urbino;1;2.093;30,14;4,63;63,04;29,84;12,04;39,59;30,79;210,07
11041028;Mondavio;Pesaro e Urbino;1;3.623;18,00;4,62;53,41;20,17;11,60;32,52;12,38;163,77
11041031;Monte Cerignone;Pesaro e Urbino;1;588;22,77;4,68;87,05;32,39;5,67;44,88;13,14;210,58
11041035;Monte Grimano Terme;Pesaro e Urbino;1;1.127;21,65;3,86;81,27;29,80;16,03;35,56;56,43;244,59
11041030;Montecalvo in Foglia;Pesaro e Urbino;1;2.748;6,95;3,07;59,77;33,08;6,79;44,37;44,20;198,22
11041036;Montelabbate;Pesaro e Urbino;1;7.092;14,58;4,73;46,83;34,44;5,69;25,22;31,02;162,52
11041041;Peglio;Pesaro e Urbino;1;645;18,92;3,22;72,55;41,08;2,67;44,66;39,89;222,99
11041044;Pesaro;Pesaro e Urbino;1;95.580;25,58;9,36;51,56;26,56;22,78;34,12;27,97;198,97
11041045;Petriano;Pesaro e Urbino;1;2.833;13,94;3,48;22,62;28,79;10,63;22,40;29,71;131,55
11041047;Piandimeleto;Pesaro e Urbino;1;2.017;31,97;3,38;53,13;34,19;10,79;47,84;15,50;196,81
11041048;Pietrarubbia;Pesaro e Urbino;1;583;30,43;4,67;65,57;30,99;26,89;50,31;33,37;242,23
11041049;Piobbico;Pesaro e Urbino;1;1.807;30,83;3,28;67,09;29,70;11,99;28,73;12,88;184,50
11041051;San Costanzo;Pesaro e Urbino;1;4.561;7,11;3,64;27,18;16,87;9,60;45,86;18,68;137,12
11041057;Sant'Angelo in Vado;Pesaro e Urbino;1;3.889;15,20;3,86;60,29;38,95;8,54;24,74;33,31;184,89
11041071;Sassocorvaro Auditore;Pesaro e Urbino;1;4.916;14,70;4,02;63,70;35,37;14,19;18,33;21,38;171,69
11041061;Serra Sant'Abbondio;Pesaro e Urbino;1;882;27,83;5,40;85,61;32,05;17,92;25,67;16,63;211,11
11041064;Tavoleto;Pesaro e Urbino;1;831;28,28;5,03;53,50;36,20;3,06;40,39;131,82;298,26
11041065;Tavullia;Pesaro e Urbino;1;7.935;16,18;5,30;36,99;34,01;10,12;26,36;12,30;141,27
11041066;Urbania;Pesaro e Urbino;1;6.898;18,39;4,89;52,17;31,06;16,23;32,99;18,33;174,07
11041067;Urbino;Pesaro e Urbino;1;13.839;15,72;6,30;64,72;28,97;45,36;25,89;34,76;221,71
11041068;Vallefoglia;Pesaro e Urbino;1;15.051;10,09;4,63;44,94;29,77;13,55;24,39;21,02;148,40
13068002;Alanno;Pescara;1;3.328;7,28;24,94;54,37;14,70;6,56;12,10;3,58;123,54
13068003;Bolognano;Pescara;1;1.002;17,43;21,86;76,23;31,04;12,45;12,61;;171,62
13068004;Brittoli;Pescara;1;249;141,76;102,90;;;;;;244,65
13068007;Caramanico Terme;Pescara;1;1.760;74,98;;112,45;;2,94;;;190,37
13068008;Carpineto della Nora;Pescara;1;529;109,23;32,66;;;5,92;14,04;;161,84
13068009;Castiglione a Casauria;Pescara;1;707;22,49;5,61;81,88;11,28;;25,90;11,63;158,79
13068011;Cepagatti;Pescara;1;10.969;6,69;12,74;31,92;27,31;13,23;27,48;23,41;142,79
13068012;Citta  Sant'Angelo;Pescara;1;14.872;13,28;25,47;54,59;16,97;25,31;21,96;15,65;173,22
13068016;Corvara;Pescara;1;212;39,37;;;27,72;1,89;48,58;;117,57
13068017;Cugnoli;Pescara;1;1.340;4,10;5,11;19,56;14,07;8,11;43,88;20,94;115,77
13068019;Farindola;Pescara;1;1.328;1,88;130,95;;5,65;6,99;7,53;;153,00
13068020;Lettomanoppello;Pescara;1;2.663;5,78;6,59;27,57;21,64;12,28;20,44;6,17;100,48
13068021;Loreto Aprutino;Pescara;1;7.049;11,95;10,87;56,62;25,05;18,01;9,58;6,47;138,55
13068022;Manoppello;Pescara;1;6.744;7,89;19,05;43,76;27,78;8,89;15,14;3,93;126,44
13068023;Montebello di Bertona;Pescara;1;839;134,95;0,83;;;10,55;15,77;;162,11
13068024;Montesilvano;Pescara;1;53.565;;42,92;;15,45;;35,51;41,20;135,08
13068025;Moscufo;Pescara;1;3.072;15,31;;55,74;33,38;3,91;12,80;2,74;123,89
13068026;Nocciano;Pescara;1;1.689;6,33;;30,21;25,73;12,53;21,75;2,15;98,70
13068027;Penne;Pescara;1;11.147;8,30;16,89;37,79;14,55;19,50;34,54;13,22;144,79
13068028;Pescara;Pescara;1;118.634;35,18;39,03;39,65;21,19;28,74;22,49;18,84;212,41
13068030;Pianella;Pescara;1;8.502;6,23;9,36;29,86;21,80;12,55;28,65;7,45;115,89
13068032;Pietranico;Pescara;1;432;34,74;47,37;;;;37,17;6,16;125,44
13068033;Popoli;Pescara;1;4.674;7,87;18,62;67,02;26,80;27,91;22,52;15,54;186,28
13068038;San Valentino in Abruzzo Citeriore;Pescara;1;1.807;5,15;8,73;24,60;19,60;10,20;66,76;3,49;138,53
13068039;Scafa;Pescara;1;3.461;10,32;14,45;58,06;13,76;8,32;11,00;2,67;118,57
13068041;Spoltore;Pescara;1;19.072;10,41;14,42;41,61;15,50;11,52;12,86;14,54;120,86
13068042;Tocco da Casauria;Pescara;1;2.367;14,37;18,34;65,13;22,24;18,49;10,10;7,85;165,27
13068043;Torre de' Passeri;Pescara;1;2.844;26,68;4,41;27,33;13,96;7,05;13,73;1,87;95,04
13068044;Turrivalignani;Pescara;1;800;12,80;20,63;67,98;33,17;;19,74;35,61;189,95
13068046;Villa Celiera;Pescara;1;543;23,17;11,03;122,97;5,90;11,93;35,99;;210,99
08033001;Agazzano;Piacenza;1;2.009;16,80;;73,73;44,88;1,62;11,90;21,13;170,62
08033002;Alseno;Piacenza;1;4.726;18,99;;56,76;41,36;2,78;26,76;45,43;192,63
08033049;Alta Val Tidone;Piacenza;1;2.934;25,31;;69,95;47,46;12,34;35,68;27,55;218,84
08033003;Besenzone;Piacenza;1;950;16,26;;46,86;30,99;0,87;27,71;15,20;138,47
08033004;Bettola;Piacenza;1;2.647;33,40;;44,37;38,84;1,12;34,32;18,26;170,86
08033005;Bobbio;Piacenza;1;3.422;23,26;;75,83;45,05;15,04;31,72;29,20;220,66
08033006;Borgonovo Val Tidone;Piacenza;1;8.236;16,29;;48,51;32,37;8,42;22,31;28,16;156,61
08033007;Cadeo;Piacenza;1;6.003;19,16;;65,32;43,67;1,87;22,54;31,00;184,12
08033008;Calendasco;Piacenza;1;2.413;16,72;;55,14;37,10;0,27;27,60;24,11;161,50
08033010;Caorso;Piacenza;1;4.775;16,61;;61,78;38,70;0,82;23,06;18,24;159,77
08033011;Carpaneto Piacentino;Piacenza;1;7.694;16,27;;58,41;36,97;8,32;26,95;28,79;176,27
08033013;Castel San Giovanni;Piacenza;1;14.219;17,66;;61,54;51,93;15,75;13,91;19,49;180,47
08033012;Castell'Arquato;Piacenza;1;4.661;15,77;;65,14;42,44;2,23;49,95;18,55;195,77
08033014;Castelvetro Piacentino;Piacenza;1;5.355;23,47;;60,87;42,71;1,09;20,83;15,16;164,67
08033015;Cerignale;Piacenza;1;123;246,07;;58,02;49,23;;82,07;12,51;448,44
08033016;Coli;Piacenza;1;843;;;13,80;43,02;;133,75;7,36;198,49
08033017;Corte Brugnatella;Piacenza;1;518;121,20;;9,25;50,33;5,86;93,07;12,01;292,30
08033018;Cortemaggiore;Piacenza;1;4.662;20,28;;53,81;33,67;7,25;15,71;25,81;157,09
08033019;Farini;Piacenza;1;1.035;56,81;;23,92;55,34;;127,00;42,85;306,50
08033020;Ferriere;Piacenza;1;1.112;65,53;;35,55;61,95;13,65;196,94;14,79;388,98
08033021;Fiorenzuola d'Arda;Piacenza;1;14.964;17,58;;60,35;43,38;21,90;31,84;30,12;205,73
08033022;Gazzola;Piacenza;1;2.135;16,41;;83,72;56,62;;28,94;32,94;219,19
08033023;Gossolengo;Piacenza;1;5.691;17,60;;53,83;33,91;2,64;24,66;24,41;157,61
08033024;Gragnano Trebbiense;Piacenza;1;4.595;17,07;;53,17;37,37;1,51;17,63;21,05;148,35
08033025;Gropparello;Piacenza;1;2.166;20,82;;42,15;32,33;4,23;39,45;19,91;159,45
08033026;Lugagnano Val d'Arda;Piacenza;1;3.931;17,52;;39,90;37,11;8,78;29,99;25,97;159,82
08033027;Monticelli d'Ongina;Piacenza;1;5.166;17,03;;54,49;37,92;5,71;27,70;19,64;163,04
08033028;Morfasso;Piacenza;1;857;44,29;;37,20;50,19;;103,98;23,18;259,41
08033030;Ottone;Piacenza;1;422;61,44;;63,99;65,91;40,96;65,39;21,92;320,20
08033032;Piacenza;Piacenza;1;103.121;20,55;;60,74;50,32;31,20;25,18;54,40;242,96
08033033;Pianello Val Tidone;Piacenza;1;2.173;19,70;;68,82;49,75;5,06;31,34;28,54;203,77
08033034;Piozzano;Piacenza;1;579;26,00;;35,04;44,30;;54,20;15,08;175,20
08033035;Podenzano;Piacenza;1;9.103;17,84;;61,15;40,06;5,84;9,65;24,66;159,78
08033036;Ponte dell'Olio;Piacenza;1;4.670;19,21;;59,42;42,80;6,98;26,33;21,54;176,83
08033037;Pontenure;Piacenza;1;6.643;16,65;;54,54;37,66;5,73;22,00;25,53;162,68
08033038;Rivergaro;Piacenza;1;7.130;20,36;;66,96;57,19;10,19;25,65;32,35;213,24
08033039;Rottofreno;Piacenza;1;12.281;17,17;;55,04;34,48;1,90;21,02;24,15;154,31
08033040;San Giorgio Piacentino;Piacenza;1;5.555;18,24;;63,08;41,44;1,66;15,28;23,17;163,43
08033041;San Pietro in Cerro;Piacenza;1;764;19,24;;41,34;21,80;0,05;40,05;14,51;137,57
08033042;Sarmato;Piacenza;1;2.960;16,11;;55,66;34,15;2,79;16,80;29,52;155,59
08033043;Travo;Piacenza;1;2.224;20,48;;56,57;48,77;;29,59;29,85;185,80
08033044;Vernasca;Piacenza;1;2.009;29,84;;18,22;35,52;;68,09;21,11;173,33
08033045;Vigolzone;Piacenza;1;4.165;19,66;;68,70;45,96;13,88;26,46;27,64;202,87
08033046;Villanova sull'Arda;Piacenza;1;1.653;15,66;;49,92;34,50;7,63;26,01;14,58;148,87
08033047;Zerba;Piacenza;1;72;;;;59,96;;665,60;0,57;726,67
08033048;Ziano Piacentino;Piacenza;1;2.476;17,37;;56,62;37,42;2,01;17,52;17,59;149,09
09050002;Buti;Pisa;1;5.525;11,31;14,35;93,53;48,02;6,91;19,32;15,80;209,25
09050003;Calci;Pisa;1;6.310;13,57;25,37;51,41;56,14;0,67;21,90;21,72;190,78
09050004;Calcinaia;Pisa;1;12.822;8,71;11,07;54,77;48,38;2,91;12,30;10,86;149,00
09050006;Casale Marittimo;Pisa;1;1.076;37,69;14,69;36,38;26,05;18,68;62,64;8,16;263,63
09050040;Casciana Terme Lari;Pisa;1;12.200;15,35;16,89;119,11;56,17;21,90;14,83;33,46;277,71
09050008;Cascina;Pisa;1;44.814;7,51;15,23;66,22;46,38;2,53;16,52;15,99;173,48
09050010;Castellina Marittima;Pisa;1;1.840;65,27;79,26;26,01;26,08;0,10;35,49;14,63;260,44
09050011;Castelnuovo di Val di Cecina;Pisa;1;2.083;29,30;45,56;52,75;8,40;64,26;28,32;4,66;233,26
09050012;Chianni;Pisa;1;1.318;45,50;71,01;15,82;7,95;;15,40;25,21;196,22
09050041;Crespina Lorenzana;Pisa;1;5.442;32,51;74,12;80,24;32,36;21,87;35,20;11,42;352,25
09050015;Guardistallo;Pisa;1;1.180;62,64;13,32;44,36;22,38;17,08;62,40;4,60;243,61
09050016;Lajatico;Pisa;1;1.280;119,44;64,19;50,16;18,47;14,20;5,39;39,02;310,86
09050019;Montecatini Val di Cecina;Pisa;1;1.687;104,65;69,98;53,60;8,25;27,56;46,96;1,04;312,04
09050020;Montescudaio;Pisa;1;2.183;69,44;63,38;42,39;21,96;23,76;34,99;13,51;284,49
09050021;Monteverdi Marittimo;Pisa;1;794;77,95;51,76;4,75;29,23;25,27;26,91;7,74;276,51
09050022;Montopoli in Val d'Arno;Pisa;1;11.265;21,18;30,65;87,04;34,63;15,72;13,85;9,05;212,11
09050023;Orciano Pisano;Pisa;1;639;80,95;8,16;56,59;0,08;0,38;25,45;6,71;178,32
09050024;Palaia;Pisa;1;4.564;7,23;17,95;80,61;44,93;17,88;13,01;31,33;212,94
09050026;Pisa;Pisa;1;89.371;18,40;53,09;128,32;60,67;48,75;35,64;55,73;410,99
09050027;Pomarance;Pisa;1;5.285;22,00;12,77;134,06;22,49;28,31;40,02;3,49;263,14
09050028;Ponsacco;Pisa;1;15.593;7,25;15,16;53,79;48,46;3,69;13,65;16,71;159,64
09050029;Pontedera;Pisa;1;29.670;13,36;25,04;65,53;48,74;33,01;19,05;19,19;226,86
09050030;Riparbella;Pisa;1;1.623;39,08;10,05;71,93;30,59;12,07;33,01;38,73;235,47
09050031;San Giuliano Terme;Pisa;1;30.762;12,27;23,61;69,28;52,85;10,00;21,34;24,09;213,79
09050032;San Miniato;Pisa;1;27.807;9,02;22,13;71,74;49,00;2,76;16,22;23,43;196,43
09050033;Santa Croce sull'Arno;Pisa;1;14.790;11,00;19,47;64,25;48,87;20,44;16,37;13,40;195,35
09050034;Santa Luce;Pisa;1;1.619;13,51;52,88;15,83;17,83;3,11;49,28;42,70;272,34
09050036;Terricciola;Pisa;1;4.372;22,64;60,44;18,16;20,18;18,81;18,66;50,14;215,97
09050037;Vecchiano;Pisa;1;11.807;15,93;27,41;83,78;55,08;9,57;14,92;17,54;230,96
09050038;Vicopisano;Pisa;1;8.573;14,97;20,45;82,12;50,69;8,75;27,38;46,55;252,07
09050039;Volterra;Pisa;1;9.484;16,45;18,06;93,04;29,75;40,66;37,26;10,62;245,83
09047023;Abetone Cutigliano;Pistoia;1;1.817;42,34;108,51;69,41;13,89;65,68;68,17;93,74;461,76
09047002;Agliana;Pistoia;1;17.960;20,75;32,23;65,47;21,61;12,04;26,64;29,21;207,94
09047003;Buggiano;Pistoia;1;8.776;21,60;9,81;86,35;25,54;10,13;20,66;23,42;197,51
09047022;Chiesina Uzzanese;Pistoia;1;4.488;19,75;12,45;77,92;29,94;15,11;23,66;35,04;213,87
09047005;Lamporecchio;Pistoia;1;7.412;20,19;18,23;77,05;29,33;16,59;25,39;20,42;207,21
09047006;Larciano;Pistoia;1;6.294;20,56;23,18;75,67;27,67;13,98;25,44;43,53;230,04
09047007;Marliana;Pistoia;1;3.257;16,94;64,55;31,62;13,71;20,73;47,96;37,10;232,60
09047008;Massa e Cozzile;Pistoia;1;7.773;22,09;17,56;82,63;30,17;11,33;23,15;27,25;214,18
09047009;Monsummano Terme;Pistoia;1;20.821;18,77;19,22;78,39;26,76;22,21;27,13;43,26;235,75
09047010;Montale;Pistoia;1;10.545;22,32;33,69;73,22;23,53;12,96;27,58;22,12;215,43
09047011;Montecatini-Terme;Pistoia;1;21.180;34,57;76,12;104,30;16,54;37,96;34,05;63,12;366,66
09047012;Pescia;Pistoia;1;19.253;19,57;50,96;61,12;30,60;22,07;30,54;64,59;279,45
09047013;Pieve a Nievole;Pistoia;1;9.131;19,87;11,26;77,11;29,08;10,78;23,96;19,69;191,75
09047014;Pistoia;Pistoia;1;89.116;24,25;75,83;43,91;21,48;19,79;33,37;35,34;253,97
09047016;Ponte Buggianese;Pistoia;1;8.785;20,36;13,15;78,27;28,58;10,94;19,28;22,29;192,87
09047017;Quarrata;Pistoia;1;26.899;21,54;33,72;67,79;20,99;13,09;28,62;29,93;215,68
09047018;Sambuca Pistoiese;Pistoia;1;1.441;17,40;67,02;44,79;16,15;9,01;62,49;53,14;270,01
09047024;San Marcello Piteglio;Pistoia;1;7.617;22,72;56,83;41,11;18,93;21,80;27,64;48,08;237,12
09047020;Serravalle Pistoiese;Pistoia;1;11.835;17,81;17,61;68,75;22,85;10,40;23,47;36,88;197,77
09047021;Uzzano;Pistoia;1;5.642;20,07;9,92;74,75;23,38;10,64;23,17;27,22;189,14
06093002;Arba;Pordenone;1;1.290;7,21;18,50;27,71;17,10;0,06;53,41;21,48;145,46
06093004;Aviano;Pordenone;1;8.986;20,82;8,06;79,11;10,80;3,62;10,70;5,22;138,32
06093005;Azzano Decimo;Pordenone;1;15.750;4,90;15,36;18,84;18,17;2,71;37,47;18,47;115,93
06093006;Barcis;Pordenone;1;227;46,47;8,65;151,31;10,44;;72,64;;289,51
06093007;Brugnera;Pordenone;1;9.271;6,03;17,21;23,19;19,77;1,80;46,08;17,98;132,08
06093008;Budoia;Pordenone;1;2.520;25,94;7,00;70,74;12,98;1,98;4,30;;122,94
06093009;Caneva;Pordenone;1;6.235;7,39;3,71;32,07;11,29;13,45;4,29;0,41;72,60
06093010;Casarsa della Delizia;Pordenone;1;8.297;5,27;13,72;20,59;18,83;4,57;38,37;21,17;122,52
06093011;Castelnovo del Friuli;Pordenone;1;829;5,28;15,94;20,29;11,53;;37,72;15,72;106,48
06093012;Cavasso Nuovo;Pordenone;1;1.498;11,38;17,44;42,84;21,07;;14,02;13,08;119,82
06093013;Chions;Pordenone;1;5.047;5,50;10,64;21,13;17,14;2,05;38,15;18,71;113,32
06093015;Claut;Pordenone;1;873;15,29;5,99;72,64;13,85;0,23;31,75;;139,75
06093016;Clauzetto;Pordenone;1;373;29,96;9,87;95,50;9,52;;24,71;;169,56
06093017;Cordenons;Pordenone;1;17.829;8,06;12,09;36,89;16,76;6,63;7,26;6,70;96,63
06093018;Cordovado;Pordenone;1;2.737;6,52;12,58;25,07;19,11;0,51;49,80;34,59;148,18
06093019;Erto e Casso;Pordenone;1;362;12,88;4,53;94,41;12,56;1,32;87,73;;213,43
06093021;Fiume Veneto;Pordenone;1;11.837;5,16;16,06;19,82;18,74;0,17;40,32;22,22;127,95
06093022;Fontanafredda;Pordenone;1;12.906;5,86;13,97;22,52;15,99;0,96;37,77;18,69;115,76
06093024;Frisanco;Pordenone;1;588;12,46;3,40;66,29;5,59;;13,59;;101,32
06093025;Maniago;Pordenone;1;11.487;10,89;7,60;66,33;19,05;5,55;7,44;;116,86
06093026;Meduno;Pordenone;1;1.494;5,78;4,50;45,08;2,78;0,27;4,62;;63,02
06093027;Montereale Valcellina;Pordenone;1;4.231;6,49;10,68;31,39;9,16;5,61;12,57;9,54;85,44
06093028;Morsano al Tagliamento;Pordenone;1;2.681;6,38;22,10;25,08;18,34;0,44;45,18;44,28;161,80
06093029;Pasiano di Pordenone;Pordenone;1;7.891;5,67;12,76;21,79;15,35;0,12;40,63;35,69;141,59
06093030;Pinzano al Tagliamento;Pordenone;1;1.516;5,40;14,14;20,75;15,31;;37,67;16,08;109,35
06093031;Polcenigo;Pordenone;1;3.110;7,06;25,09;27,12;23,14;3,71;52,43;35,97;174,53
06093032;Porcia;Pordenone;1;14.945;5,70;13,07;21,90;21,53;0,60;36,97;17,47;117,56
06093033;Pordenone;Pordenone;1;52.344;10,32;11,66;34,04;14,97;15,47;18,44;9,06;125,79
06093034;Prata di Pordenone;Pordenone;1;8.304;8,02;9,47;32,17;25,35;1,59;8,62;6,88;92,10
06093035;Pravisdomini;Pordenone;1;3.482;5,07;12,40;19,50;16,53;2,00;38,25;15,20;108,95
06093036;Roveredo in Piano;Pordenone;1;5.813;7,39;11,33;38,86;18,45;7,22;12,12;6,39;105,32
06093037;Sacile;Pordenone;1;20.047;6,76;17,65;25,98;18,86;4,14;44,57;25,88;143,83
06093038;San Giorgio della Richinvelda;Pordenone;1;4.557;4,66;17,29;17,90;16,03;0,56;32,02;13,88;102,32
06093039;San Martino al Tagliamento;Pordenone;1;1.477;6,31;12,63;24,27;19,13;2,38;47,49;35,78;148,00
06093040;San Quirino;Pordenone;1;4.277;13,35;10,49;42,50;24,63;2,49;13,81;12,14;119,42
06093041;San Vito al Tagliamento;Pordenone;1;15.231;5,60;18,89;21,52;20,68;9,08;39,30;24,37;139,45
06093042;Sequals;Pordenone;1;2.200;5,53;6,18;57,18;13,94;0,53;10,64;;94,01
06093043;Sesto al Reghena;Pordenone;1;6.310;4,74;9,97;18,21;16,87;3,63;33,16;20,46;107,03
06093044;Spilimbergo;Pordenone;1;11.793;6,05;19,76;23,25;21,60;8,55;40,91;20,67;140,79
06093045;Tramonti di Sopra;Pordenone;1;266;19,47;7,79;109,95;4,38;;29,94;;171,53
06093046;Tramonti di Sotto;Pordenone;1;333;20,52;8,87;106,00;14,45;;19,02;;168,86
06093047;Travesio;Pordenone;1;1.827;5,07;13,58;37,18;10,90;;12,45;;79,19
06093052;Vajont;Pordenone;1;1.636;6,50;11,77;45,97;20,52;;6,91;;91,67
06093053;Valvasone Arzene;Pordenone;1;3.949;6,05;15,92;23,25;19,03;3,30;44,16;21,91;133,62
06093049;Vito d'Asio;Pordenone;1;721;12,36;5,95;85,92;11,68;;13,38;;129,29
06093050;Vivaro;Pordenone;1;1.331;10,05;6,57;60,55;11,41;0,25;6,98;;95,81
06093051;Zoppola;Pordenone;1;8.375;6,44;17,38;24,20;19,43;1,74;45,41;25,08;139,68
17076002;Acerenza;Potenza;1;2.071;15,56;20,14;8,62;28,21;26,79;37,75;8,49;145,56
17076005;Armento;Potenza;1;550;20,65;;63,76;19,38;36,51;8,52;4,58;153,40
17076006;Atella;Potenza;1;3.631;41,43;40,45;40,78;33,10;12,98;7,48;7,46;183,69
17076007;Avigliano;Potenza;1;10.548;17,54;;58,65;8,73;26,04;53,00;11,93;175,88
17076008;Balvano;Potenza;1;1.690;7,59;35,66;45,56;10,26;13,74;38,52;8,84;160,17
17076009;Banzi;Potenza;1;1.166;15,99;15,07;7,72;27,82;27,53;44,67;7,75;146,55
17076011;Barile;Potenza;1;2.562;41,68;8,98;30,99;17,96;27,79;55,15;5,06;187,62
17076012;Bella;Potenza;1;4.657;12,85;18,27;38,91;10,51;;15,03;6,04;101,62
17076013;Brienza;Potenza;1;3.879;59,40;14,12;;17,14;7,33;8,07;1,59;107,65
17076015;Calvello;Potenza;1;1.790;14,21;28,82;76,17;18,72;25,43;33,81;7,18;204,35
17076016;Calvera;Potenza;1;355;50,96;52,08;15,02;9,56;;6,64;2,63;136,90
17076018;Cancellara;Potenza;1;1.131;15,86;18,69;14,55;20,91;27,31;28,92;8,14;134,37
17076021;Castelgrande;Potenza;1;805;41,28;;37,81;;81,83;50,29;30,87;242,08
17076022;Castelluccio Inferiore;Potenza;1;1.915;24,32;18,08;40,53;9,26;16,21;13,54;14,59;138,62
17076023;Castelluccio Superiore;Potenza;1;702;128,00;39,15;;;;9,65;24,26;201,07
17076026;Castronuovo di Sant'Andrea;Potenza;1;862;30,83;38,84;24,24;28,43;10,79;12,99;3,12;149,25
17076028;Chiaromonte;Potenza;1;1.710;31,96;52,68;14,44;13,71;;;1,27;114,06
17076030;Episcopia;Potenza;1;1.281;23,31;30,56;40,85;;14,67;4,87;3,88;118,13
17076033;Forenza;Potenza;1;1.791;15,54;16,64;14,61;21,64;26,76;38,32;43,40;176,91
17076034;Francavilla in Sinni;Potenza;1;3.890;11,25;32,19;38,27;20,48;;10,98;11,91;125,09
17076035;Gallicchio;Potenza;1;800;25,49;;54,86;0,40;10,71;5,25;11,51;108,21
17076036;Genzano di Lucania;Potenza;1;5.180;15,29;24,43;11,98;24,53;26,32;42,22;8,01;152,78
17076037;Grumento Nova;Potenza;1;1.537;36,43;15,58;40,27;34,06;18,31;;25,63;177,76
17076042;Lauria;Potenza;1;11.775;28,96;34,68;53,79;12,71;23,38;11,38;13,65;178,55
17076043;Lavello;Potenza;1;12.944;20,64;26,52;50,13;26,77;11,80;15,03;29,99;180,88
17076044;Maratea;Potenza;1;4.642;20,08;25,55;100,40;38,96;30,12;9,88;21,23;246,22
17076045;Marsico Nuovo;Potenza;1;3.775;7,43;24,46;29,20;17,25;16,72;7,66;22,14;124,87
17076046;Marsicovetere;Potenza;1;5.663;78,15;35,33;;;0,05;3,83;5,43;122,79
17076047;Maschito;Potenza;1;1.449;18,10;19,11;0,05;24,30;31,16;44,39;8,36;145,47
17076048;Melfi;Potenza;1;17.031;15,91;18,65;38,90;37,30;22,57;41,85;41,34;216,52
17076049;Missanello;Potenza;1;482;68,61;31,24;;;37,23;34,69;10,40;194,27
17076050;Moliterno;Potenza;1;3.533;24,49;26,90;;17,72;17,72;15,12;4,84;106,79
17076051;Montemilone;Potenza;1;1.371;16,94;16,26;19,95;26,23;29,16;42,64;8,05;159,23
17076052;Montemurro;Potenza;1;1.059;11,48;9,10;68,86;20,48;;59,66;5,51;175,08
17076054;Nemoli;Potenza;1;1.375;8,52;34,61;51,11;10,62;22,08;22,22;49,37;198,53
17076056;Oppido Lucano;Potenza;1;3.513;15,23;18,95;23,62;20,45;26,23;43,95;33,11;181,53
17076057;Palazzo San Gervasio;Potenza;1;4.371;15,48;27,28;19,04;21,69;;32,71;1,56;117,76
17076058;Pescopagano;Potenza;1;1.643;36,82;71,15;;21,81;2,13;21,79;8,42;162,12
17076060;Pietragalla;Potenza;1;3.810;19,15;27,11;30,10;18,01;39,69;15,01;39,85;188,92
17076061;Pietrapertosa;Potenza;1;874;31,37;76,60;;;18,22;9,31;1,24;136,74
17076064;Rapolla;Potenza;1;4.148;9,03;8,10;20,64;16,21;32,30;45,20;23,48;154,96
17076067;Ripacandida;Potenza;1;1.572;50,93;46,75;9,59;2,50;34,61;38,78;45,19;228,35
17076068;Rivello;Potenza;1;2.518;7,85;17,66;47,10;9,06;13,62;22,87;6,03;124,19
17076069;Roccanova;Potenza;1;1.283;16,30;23,54;86,78;10,09;15,03;17,83;13,25;182,81
17076070;Rotonda;Potenza;1;3.173;37,32;44,14;6,43;0,59;5,12;32,93;9,24;135,76
17076071;Ruoti;Potenza;1;3.227;63,53;29,44;18,34;25,80;;6,88;3,45;147,43
17076072;Ruvo del Monte;Potenza;1;974;34,75;32,18;51,07;;;30,58;;148,58
17076073;San Chirico Nuovo;Potenza;1;1.140;18,43;19,50;1,88;26,05;31,72;70,95;11,62;180,15
17076074;San Chirico Raparo;Potenza;1;919;26,70;58,52;11,99;;2,18;22,02;2,99;124,40
17076076;San Fele;Potenza;1;2.535;30,24;5,85;65,45;21,18;30,54;6,11;;159,39
17076077;San Martino d'Agri;Potenza;1;646;80,68;60,21;;4,23;;1,55;10,93;170,09
17076020;San Paolo Albanese;Potenza;1;215;30,70;45,58;27,91;;9,30;38,14;1,86;153,49
17076078;San Severino Lucano;Potenza;1;1.349;48,01;57,69;22,23;6,72;5,63;60,83;;201,11
17076080;Sant'Arcangelo;Potenza;1;5.958;12,70;8,45;65,17;2,05;6,77;5,61;6,61;107,36
17076082;Sasso di Castalda;Potenza;1;725;20,52;61,69;57,36;;;17,56;0,49;157,62
17076088;Terranova di Pollino;Potenza;1;1.003;16,45;60,23;7,02;5,64;29,81;;;119,16
17076090;Tolve;Potenza;1;2.926;15,38;19,93;25,54;18,58;26,48;31,84;7,19;144,93
17076093;Trivigno;Potenza;1;582;36,90;95,26;;;0,71;48,06;8,45;189,37
17076095;Venosa;Potenza;1;10.782;14,41;24,16;22,99;24,02;24,81;45,96;6,99;163,34
17076098;Viggiano;Potenza;1;3.201;17,28;0,25;93,32;1,23;21,69;15,92;6,88;156,56
09100001;Cantagallo;Prato;1;3.131;16,22;32,15;67,44;18,19;3,53;18,74;39,34;195,61
09100002;Carmignano;Prato;1;14.705;16,91;25,36;67,91;32,05;9,48;25,35;37,14;214,21
09100003;Montemurlo;Prato;1;19.107;18,79;32,73;75,71;27,74;22,84;34,09;55,64;267,55
09100004;Poggio a Caiano;Prato;1;9.940;16,68;21,96;68,93;27,25;17,92;25,12;20,38;198,24
09100005;Prato;Prato;1;198.034;14,14;29,58;63,06;25,03;28,36;27,47;54,81;242,43
09100006;Vaiano;Prato;1;9.889;13,83;28,05;63,97;21,11;13,94;27,08;34,88;202,86
09100007;Vernio;Prato;1;6.166;16,20;25,94;66,60;20,40;11,64;21,53;25,50;187,81
19088001;Acate;Ragusa;1;10.458;12,89;20,45;57,76;16,46;12,85;10,51;24,42;167,42
19088002;Chiaramonte Gulfi;Ragusa;1;8.019;25,78;26,21;32,83;47,77;21,59;54,31;11,06;219,55
19088003;Comiso;Ragusa;1;30.092;21,76;33,57;2,78;30,55;36,80;22,53;6,50;154,48
19088004;Giarratana;Ragusa;1;2.907;16,08;22,84;91,83;28,07;21,84;55,25;21,13;257,04
19088006;Modica;Ragusa;1;53.442;19,87;16,27;73,19;29,57;21,09;36,18;7,62;231,66
19088008;Pozzallo;Ragusa;1;18.900;15,13;16,94;34,94;34,37;38,16;32,53;6,99;179,05
19088009;Ragusa;Ragusa;1;73.684;18,14;31,21;57,62;49,97;24,31;47,71;83,80;312,77
19088011;Scicli;Ragusa;1;26.786;10,43;38,65;15,27;32,21;19,40;30,89;25,65;182,09
08039001;Alfonsine;Ravenna;1;11.600;24,16;27,42;75,20;35,01;17,88;25,32;27,43;234,21
08039002;Bagnacavallo;Ravenna;1;16.483;19,47;27,12;61,08;28,21;15,57;25,58;24,62;203,28
08039003;Bagnara di Romagna;Ravenna;1;2.396;24,71;28,97;66,39;35,82;21,87;31,36;18,34;230,78
08039004;Brisighella;Ravenna;1;7.173;22,58;23,86;30,60;32,73;25,48;32,61;30,21;199,96
08039005;Casola Valsenio;Ravenna;1;2.541;21,78;26,26;33,13;31,57;44,87;34,48;26,84;222,27
08039006;Castel Bolognese;Ravenna;1;9.531;21,92;25,53;34,43;31,77;20,27;23,23;28,46;187,15
08039007;Cervia;Ravenna;1;28.824;52,05;45,28;79,38;75,44;87,77;37,53;80,48;460,37
08039008;Conselice;Ravenna;1;9.623;22,78;29,45;62,68;33,01;18,67;26,93;26,48;221,97
08039009;Cotignola;Ravenna;1;7.371;28,58;31,83;63,32;41,43;25,93;27,11;27,28;247,58
08039010;Faenza;Ravenna;1;58.844;18,90;30,15;52,40;27,40;30,05;29,45;24,41;214,04
08039011;Fusignano;Ravenna;1;8.144;16,28;28,69;54,53;23,60;18,57;27,73;25,81;197,30
08039012;Lugo;Ravenna;1;32.267;21,82;28,89;68,18;31,63;27,41;23,18;32,64;235,19
08039013;Massa Lombarda;Ravenna;1;10.768;16,80;27,69;59,33;24,35;19,47;26,03;25,07;200,69
08039014;Ravenna;Ravenna;1;156.345;17,77;27,62;66,80;25,76;37,23;24,61;29,12;230,33
08039015;Riolo Terme;Ravenna;1;5.797;15,59;22,33;50,75;22,59;29,20;29,27;26,32;198,05
08039016;Russi;Ravenna;1;12.297;20,41;29,80;51,64;29,57;15,86;27,48;23,42;200,17
08039017;Sant'Agata sul Santerno;Ravenna;1;2.849;27,76;30,74;66,45;40,24;25,35;27,68;33,60;255,06
08039018;Solarolo;Ravenna;1;4.420;17,92;29,59;20,31;25,97;26,98;30,26;20,45;173,98
18080001;Africo;Reggio di Calabria;1;2.710;26,99;53,23;35,07;;17,87;7,39;9,55;150,10
18080002;Agnana Calabra;Reggio di Calabria;1;455;72,67;88,09;4,40;;13,92;34,97;7,62;224,53
18080003;Anoia;Reggio di Calabria;1;2.019;;57,45;21,18;;2,97;5,37;;86,98
18080005;Ardore;Reggio di Calabria;1;4.845;26,76;43,15;42,06;2,48;7,65;6,22;13,00;141,31
18080008;Benestare;Reggio di Calabria;1;2.477;13,95;28,34;14,26;33,42;12,50;26,44;6,97;135,89
18080009;Bianco;Reggio di Calabria;1;4.241;54,64;63,86;9,74;;5,44;0,86;16,65;151,19
18080010;Bivongi;Reggio di Calabria;1;1.166;;52,71;47,95;;18,35;13,04;;132,05
18080011;Bova;Reggio di Calabria;1;429;47,79;38,69;;;;32,05;;118,53
18080013;Bova Marina;Reggio di Calabria;1;4.056;16,99;20,76;51,49;16,42;17,76;8,02;19,71;151,15
18080012;Bovalino;Reggio di Calabria;1;8.669;79,10;;50,56;17,11;4,56;7,72;7,69;166,90
18080014;Brancaleone;Reggio di Calabria;1;3.236;52,65;66,29;59,48;;23,17;10,77;30,30;242,66
18080015;Bruzzano Zeffirio;Reggio di Calabria;1;1.022;15,94;53,84;58,71;;15,94;24,89;3,29;176,13
18080016;Calanna;Reggio di Calabria;1;752;35,96;43,00;71,91;;13,98;11,06;29,06;204,97
18080018;Campo Calabro;Reggio di Calabria;1;4.468;9,64;33,22;43,20;;;6,87;10,47;103,40
18080019;Candidoni;Reggio di Calabria;1;419;1,19;57,06;1,19;1,19;;12,56;;73,20
18080022;Cardeto;Reggio di Calabria;1;1.282;74,15;96,38;;;;2,04;13,71;186,28
18080023;Careri;Reggio di Calabria;1;2.088;55,77;58,80;7,81;;;28,15;;150,53
18080027;Cinquefrondi;Reggio di Calabria;1;6.222;30,55;42,54;33,50;0,62;4,51;4,52;2,83;119,87
18080028;Cittanova;Reggio di Calabria;1;9.676;22,20;37,96;21,21;;18,92;1,30;0,35;120,54
18080031;Delianuova;Reggio di Calabria;1;3.051;21,81;34,52;76,34;;10,91;7,37;0,68;151,62
18080032;Feroleto della Chiesa;Reggio di Calabria;1;1.511;64,19;44,46;46,79;;0,91;0,15;0,50;157,01
18080035;Galatro;Reggio di Calabria;1;1.428;51,71;38,11;12,74;;10,57;5,04;4,68;122,86
18080036;Gerace;Reggio di Calabria;1;2.313;17,79;37,11;25,50;;3,60;22,03;;106,04
18080038;Gioia Tauro;Reggio di Calabria;1;19.236;8,01;107,36;8,07;;9,26;17,02;;149,71
18080039;Gioiosa Ionica;Reggio di Calabria;1;6.816;16,94;24,19;11,30;8,80;15,72;17,48;14,60;109,04
18080041;Laganadi;Reggio di Calabria;1;335;86,08;88,06;;;;5,38;24,43;203,95
18080042;Laureana di Borrello;Reggio di Calabria;1;4.583;14,53;39,49;58,14;;24,22;14,41;;150,80
18080043;Locri;Reggio di Calabria;1;11.850;13,87;53,14;56,99;;41,12;36,70;;201,82
18080044;Mammola;Reggio di Calabria;1;2.422;29,68;44,08;1,65;;47,63;16,12;4,33;143,48
18080045;Marina di Gioiosa Ionica;Reggio di Calabria;1;6.304;60,11;60,88;;6,43;2,18;45,69;17,36;193,04
18080048;Melicucca;Reggio di Calabria;1;824;59,65;49,47;49,32;5,73;1,70;1,70;0,51;168,09
18080049;Melicucco;Reggio di Calabria;1;4.858;20,59;28,83;20,50;;10,40;16,22;2,27;98,81
18080050;Melito di Porto Salvo;Reggio di Calabria;1;10.436;34,61;51,74;70,26;;15,54;10,35;;182,50
18080051;Molochio;Reggio di Calabria;1;2.189;13,96;26,10;40,51;;31,10;;3,90;115,57
18080052;Monasterace;Reggio di Calabria;1;3.304;34,62;59,05;30,85;;;60,36;12,72;197,61
18080053;Montebello Ionico;Reggio di Calabria;1;5.605;29,55;50,64;44,33;;4,93;6,26;13,50;149,21
18080055;Oppido Mamertina;Reggio di Calabria;1;4.740;5,80;46,56;42,89;6,79;5,39;26,52;32,63;166,57
18080057;Palmi;Reggio di Calabria;1;18.099;24,66;34,80;28,83;29,28;19,67;21,69;3,43;171,91
18080060;Plati;Reggio di Calabria;1;3.690;19,68;51,59;19,26;3,94;0,89;3,18;3,26;102,16
18080061;Polistena;Reggio di Calabria;1;9.901;5,11;50,94;22,51;8,71;5,58;16,92;1,74;111,51
18080062;Portigliola;Reggio di Calabria;1;1.021;50,93;34,28;24,49;;23,85;31,60;;165,14
18080063;Reggio di Calabria;Reggio di Calabria;1;169.795;9,79;67,39;56,04;10,38;42,35;34,53;196,74;421,94
18080064;Riace;Reggio di Calabria;1;1.789;28,72;55,69;49,40;;8,12;26,19;10,89;179,01
18080065;Rizziconi;Reggio di Calabria;1;7.675;11,80;36,57;47,04;7,17;13,52;6,91;8,64;131,66
18080068;Roghudi;Reggio di Calabria;1;930;11,44;49,61;34,07;10,36;;20,32;7,87;135,11
18080070;Samo;Reggio di Calabria;1;703;32,68;59,86;;18,39;5,36;30,11;10,17;158,46
18080097;San Ferdinando;Reggio di Calabria;1;4.309;55,43;54,02;121,56;25,59;26,68;8,41;5,66;297,36
18080071;San Giorgio Morgeto;Reggio di Calabria;1;2.933;45,07;41,60;13,17;12,15;11,71;4,61;;128,32
18080077;San Roberto;Reggio di Calabria;1;1.516;49,86;38,78;24,52;16,30;11,74;21,29;4,05;167,43
18080078;Santa Cristina d'Aspromonte;Reggio di Calabria;1;737;22,04;37,67;93,13;;19,44;10,99;4,53;187,81
18080079;Sant'Agata del Bianco;Reggio di Calabria;1;561;;46,76;28,02;;27,26;;;102,04
18080080;Sant'Alessio in Aspromonte;Reggio di Calabria;1;325;59,68;56,78;;;11,79;35,30;1,30;164,85
18080082;Sant'Ilario dello Ionio;Reggio di Calabria;1;1.348;24,16;53,95;30,12;6,27;6,90;8,32;11,39;141,12
18080084;Scido;Reggio di Calabria;1;790;2,10;30,50;8,83;23,02;21,37;7,90;0,63;94,35
18080086;Seminara;Reggio di Calabria;1;2.452;36,02;76,23;14,10;11,59;18,57;2,00;0,44;158,95
18080089;Sinopoli;Reggio di Calabria;1;1.862;8,76;50,69;43,14;6,97;1,48;30,54;1,26;142,84
18080090;Staiti;Reggio di Calabria;1;174;48,97;61,58;;;;20,79;39,71;171,05
18080093;Taurianova;Reggio di Calabria;1;14.788;6,52;45,98;30,01;14,64;12,89;50,61;;160,64
18080096;Villa San Giovanni;Reggio di Calabria;1;12.720;20,30;47,43;91,05;11,03;27,58;1,37;;198,76
08035001;Albinea;Reggio nell'Emilia;1;8.892;16,18;;47,57;60,93;5,77;10,81;40,92;182,20
08035002;Bagnolo in Piano;Reggio nell'Emilia;1;9.589;18,47;;60,59;37,62;6,44;13,22;47,30;183,66
08035003;Baiso;Reggio nell'Emilia;1;3.217;14,51;;42,28;41,95;10,83;58,72;38,72;207,01
08035004;Bibbiano;Reggio nell'Emilia;1;10.221;17,95;;59,61;45,09;8,77;27,76;51,54;210,72
08035005;Boretto;Reggio nell'Emilia;1;5.301;8,79;8,81;31,49;45,05;11,15;24,49;24,44;154,23
08035006;Brescello;Reggio nell'Emilia;1;5.574;8,97;11,12;39,93;60,02;14,50;24,48;26,92;188,51
08035008;Cadelbosco di Sopra;Reggio nell'Emilia;1;10.719;18,34;;58,70;38,42;2,02;8,75;42,20;168,43
08035009;Campagnola Emilia;Reggio nell'Emilia;1;5.555;18,23;;61,62;41,28;1,36;19,28;42,65;184,42
08035010;Campegine;Reggio nell'Emilia;1;5.352;20,10;;56,66;45,48;3,04;26,60;44,39;196,26
08035018;Canossa;Reggio nell'Emilia;1;3.779;14,74;;51,27;46,03;7,05;59,96;43,49;222,53
08035011;Carpineti;Reggio nell'Emilia;1;3.918;15,87;;52,24;41,97;4,18;79,39;46,96;240,60
08035012;Casalgrande;Reggio nell'Emilia;1;18.953;17,21;;50,72;42,72;2,90;49,05;41,61;204,22
08035013;Casina;Reggio nell'Emilia;1;4.550;15,83;;50,28;35,70;7,99;32,72;39,77;182,30
08035014;Castellarano;Reggio nell'Emilia;1;15.254;14,43;;48,15;36,26;8,28;21,12;43,89;172,13
08035015;Castelnovo di Sotto;Reggio nell'Emilia;1;8.627;18,15;;61,41;43,91;6,33;13,94;45,61;189,36
08035016;Castelnovo ne' Monti;Reggio nell'Emilia;1;10.348;16,83;;57,31;43,70;15,53;80,95;52,32;266,65
08035017;Cavriago;Reggio nell'Emilia;1;9.902;19,64;;40,65;75,75;8,12;19,14;48,29;211,59
08035020;Correggio;Reggio nell'Emilia;1;25.166;20,39;;59,80;53,61;7,65;14,36;59,69;215,50
08035022;Gattatico;Reggio nell'Emilia;1;5.718;19,96;;60,04;47,90;14,71;40,91;55,59;239,11
08035023;Gualtieri;Reggio nell'Emilia;1;6.292;8,88;9,23;45,25;43,97;14,50;25,61;23,46;170,90
08035024;Guastalla;Reggio nell'Emilia;1;14.630;8,94;9,69;39,09;46,92;14,29;24,69;19,54;163,16
08035026;Luzzara;Reggio nell'Emilia;1;8.600;8,80;12,99;39,29;51,23;19,05;25,05;22,76;179,17
08035027;Montecchio Emilia;Reggio nell'Emilia;1;10.458;19,14;;64,90;48,65;10,91;23,50;56,13;225,19
08035028;Novellara;Reggio nell'Emilia;1;13.291;8,90;8,09;31,30;43,65;17,73;24,89;22,23;156,80
08035029;Poviglio;Reggio nell'Emilia;1;7.097;8,99;8,70;25,80;45,88;10,64;25,10;23,61;148,72
08035033;Reggio nell'Emilia;Reggio nell'Emilia;1;171.342;24,22;;70,29;40,55;30,83;35,17;51,15;252,20
08035032;Reggiolo;Reggio nell'Emilia;1;9.276;8,67;12,00;37,25;51,83;12,55;24,89;23,01;170,20
08035034;Rio Saliceto;Reggio nell'Emilia;1;6.039;18,20;;59,42;43,78;3,17;16,67;41,85;183,10
08035035;Rolo;Reggio nell'Emilia;1;4.001;18,72;;63,30;58,06;3,26;14,52;59,17;217,03
08035036;Rubiera;Reggio nell'Emilia;1;14.757;14,02;;63,30;41,39;6,91;24,45;46,03;196,10
08035037;San Martino in Rio;Reggio nell'Emilia;1;8.246;19,04;;62,05;46,23;4,02;30,94;53,26;215,54
08035038;San Polo d'Enza;Reggio nell'Emilia;1;6.139;14,44;;56,07;64,42;3,19;19,13;58,02;215,26
08035039;Sant'Ilario d'Enza;Reggio nell'Emilia;1;11.390;18,73;;62,16;52,13;8,67;39,24;48,19;229,12
08035040;Scandiano;Reggio nell'Emilia;1;25.877;14,58;;50,91;44,62;7,68;43,94;34,80;196,54
08035041;Toano;Reggio nell'Emilia;1;4.154;14,98;;46,84;47,97;7,81;59,26;43,71;220,57
08035046;Ventasso;Reggio nell'Emilia;1;3.903;15,29;;40,66;57,08;12,15;134,99;38,81;298,98
08035043;Vezzano sul Crostolo;Reggio nell'Emilia;1;4.386;13,71;;51,38;41,11;0,41;20,65;70,38;197,64
08035044;Viano;Reggio nell'Emilia;1;3.418;13,70;;49,37;37,08;1,56;29,35;35,70;166,75
08035045;Villa Minozzo;Reggio nell'Emilia;1;3.509;14,66;;32,28;41,96;5,10;105,51;30,55;230,05
12057001;Accumoli;Rieti;1;516;76,36;91,51;35,38;0,64;8,96;74,85;8,71;296,41
12057002;Amatrice;Rieti;1;2.215;96,66;53,01;28,75;0,52;9,54;32,79;9,15;230,42
12057003;Antrodoco;Rieti;1;2.306;16,74;16,28;54,50;16,05;7,89;21,93;26,63;160,02
12057004;Ascrea;Rieti;1;205;22,81;28,51;92,68;21,84;80,26;56,21;14,04;316,35
12057006;Borbona;Rieti;1;573;72,97;75,46;1,40;0,47;34,97;26,40;52,57;264,24
12057008;Borgo Velino;Rieti;1;915;12,28;19,94;44,81;17,96;17,73;27,24;32,96;172,93
12057007;Borgorose;Rieti;1;4.202;30,44;21,25;60,18;20,86;7,61;5,85;6,25;152,44
12057010;Cantalupo in Sabina;Rieti;1;1.662;15,54;12,15;62,16;1,06;16,18;20,10;8,67;135,86
12057013;Castel di Tora;Rieti;1;274;23,14;31,80;78,66;22,72;;48,74;12,26;220,78
12057015;Castel Sant'Angelo;Rieti;1;1.187;16,25;20,38;51,85;14,35;24,64;29,35;20,13;176,95
12057016;Cittaducale;Rieti;1;6.411;15,68;18,49;57,72;18,66;10,37;36,38;49,36;206,66
12057017;Cittareale;Rieti;1;395;78,40;74,69;6,05;2,02;;34,07;5,00;200,22
12057018;Collalto Sabino;Rieti;1;382;248,69;;;;64,10;19,27;;332,06
12057019;Colle di Tora;Rieti;1;371;12,52;26,39;54,62;18,85;;77,77;37,91;228,05
12057020;Collegiove;Rieti;1;123;27,38;;162,76;;54,07;105,38;159,45;509,04
12057021;Collevecchio;Rieti;1;1.593;21,22;13,79;61,61;20,79;;27,34;19,78;168,01
12057023;Concerviano;Rieti;1;278;131,95;106,45;19,68;;14,42;39,50;9,60;321,61
12057029;Forano;Rieti;1;3.259;15,88;16,35;65,17;13,56;;29,28;6,79;147,02
12057033;Leonessa;Rieti;1;2.085;43,04;111,50;13,25;;15,06;33,34;1,92;218,12
12057035;Magliano Sabina;Rieti;1;3.443;19,55;14,43;76,32;24,25;4,98;37,69;16,88;194,10
12057036;Marcetelli;Rieti;1;57;122,00;135,26;;;161,74;136,42;151,51;706,93
12057037;Micigliano;Rieti;1;112;282,52;86,22;;;73,84;;;442,58
12057038;Mompeo;Rieti;1;518;15,63;12,14;60,76;18,32;3,57;15,64;10,61;136,67
12057040;Montebuono;Rieti;1;801;16,45;19,74;60,62;14,78;32,85;33,78;24,55;202,78
12057045;Morro Reatino;Rieti;1;340;14,35;11,19;64,14;12,89;;22,44;17,52;142,52
12057046;Nespolo;Rieti;1;199;;57,79;160,80;;109,80;22,61;;351,01
12057048;Paganico Sabino;Rieti;1;156;16,24;15,19;152,06;7,32;102,77;39,97;13,37;346,91
12057049;Pescorocchiano;Rieti;1;1.827;24,50;17,57;77,08;17,36;22,78;24,65;58,24;242,18
12057051;Poggio Bustone;Rieti;1;1.968;15,48;;113,54;16,72;;7,79;4,02;157,55
12057056;Poggio San Lorenzo;Rieti;1;550;21,05;16,91;101,06;18,20;;25,65;12,51;195,37
12057057;Posta;Rieti;1;555;34,58;22,56;139,39;15,88;4,15;31,71;25,40;273,67
12057059;Rieti;Rieti;1;45.273;24,57;31,25;66,05;25,48;26,11;23,75;23,53;228,46
12057060;Rivodutri;Rieti;1;1.152;12,50;13,87;47,11;14,84;;12,72;11,34;112,38
12057062;Rocca Sinibalda;Rieti;1;778;16,28;36,19;81,40;18,96;46,04;15,58;33,33;252,28
12057063;Salisano;Rieti;1;481;15,09;10,82;67,99;11,61;34,31;20,77;20,91;181,49
12057065;Selci;Rieti;1;1.144;14,83;10,02;54,90;12,95;14,57;23,91;10,08;141,26
12057066;Stimigliano;Rieti;1;2.192;20,52;10,98;35,78;17,56;30,47;20,44;7,56;146,30
12057067;Tarano;Rieti;1;1.386;15,65;10,38;62,59;13,59;13,47;23,89;33,93;173,49
12057070;Torri in Sabina;Rieti;1;1.223;13,11;17,56;52,44;11,54;;33,12;9,17;136,94
08099001;Bellaria-Igea Marina;Rimini;1;19.478;28,17;36,10;97,35;48,03;51,86;30,79;36,67;341,54
08099002;Cattolica;Rimini;1;16.620;30,94;27,31;132,08;57,37;55,12;28,82;17,66;354,35
08099003;Coriano;Rimini;1;10.466;22,35;6,04;96,45;54,78;7,10;14,38;17,35;223,06
08099004;Gemmano;Rimini;1;1.143;25,92;9,70;40,73;14,27;15,05;27,08;31,69;169,87
08099022;Maiolo;Rimini;1;801;27,97;20,79;12,36;0,16;24,08;15,28;4,94;105,57
08099005;Misano Adriatico;Rimini;1;14.136;23,65;30,87;100,03;54,12;36,42;15,01;19,49;287,15
08099006;Mondaino;Rimini;1;1.344;24,30;22,70;34,00;7,40;9,20;15,48;25,02;142,73
08099030;Montecopiolo;Rimini;1;1.047;36,28;13,22;63,89;24,99;9,25;37,53;23,64;208,80
08099008;Montefiore Conca;Rimini;1;2.313;17,15;8,08;36,44;15,94;4,36;12,17;16,48;113,68
08099009;Montegridolfo;Rimini;1;981;19,19;13,71;36,82;15,16;10,42;32,63;21,70;155,70
08099029;Montescudo-Monte Colombo;Rimini;1;6.909;13,90;8,12;32,57;21,20;1,02;8,66;10,05;97,29
08099011;Morciano di Romagna;Rimini;1;7.171;20,10;17,53;46,88;27,12;16,59;25,64;8,73;172,90
08099028;Poggio Torriana;Rimini;1;5.142;6,01;13,86;32,64;43,25;;13,53;26,93;139,85
08099013;Riccione;Rimini;1;34.431;33,01;43,55;117,23;60,21;60,52;49,94;37,27;415,33
08099014;Rimini;Rimini;1;150.272;21,54;27,84;81,09;43,97;44,86;30,46;34,48;287,84
08099015;Saludecio;Rimini;1;3.153;7,58;12,56;11,47;29,88;3,69;16,49;35,54;119,88
08099016;San Clemente;Rimini;1;5.805;10,37;19,28;35,10;25,20;2,96;23,11;29,68;147,77
08099017;San Giovanni in Marignano;Rimini;1;9.416;12,20;14,51;47,40;44,78;24,80;15,05;16,26;186,10
08099018;Santarcangelo di Romagna;Rimini;1;22.254;18,15;14,49;52,14;35,06;12,61;20,99;15,39;172,40
08099031;Sassofeltrio;Rimini;1;1.372;44,47;12,16;31,61;13,40;16,20;29,26;27,55;174,65
08099020;Verucchio;Rimini;1;10.052;14,47;22,44;42,10;24,28;21,05;16,81;23,31;166,46
12058001;Affile;Roma;1;1.410;46,01;68,32;12,72;;13,17;19,55;35,51;195,27
12058003;Albano Laziale;Roma;1;39.753;19,59;13,41;69,47;22,14;7,53;27,79;32,85;196,25
12058004;Allumiere;Roma;1;3.745;56,06;14,03;43,58;11,01;;2,88;1,37;128,93
12058005;Anguillara Sabazia;Roma;1;19.089;10,60;18,82;69,05;23,10;20,37;29,46;3,47;189,49
12058006;Anticoli Corrado;Roma;Vedi aggregazione: Unione dei Comuni del Medaniene;;;;;;;;;
12058008;Arcinazzo Romano;Roma;1;1.218;77,07;97,04;;4,73;42,33;93,34;14,42;328,93
12058117;Ardea;Roma;1;50.116;44,50;18,21;33,15;29,68;15,34;6,47;50,66;198,13
12058009;Ariccia;Roma;1;17.997;11,46;21,72;103,18;32,31;21,35;22,84;12,52;237,38
12058010;Arsoli;Roma;Vedi aggregazione: Unione dei Comuni del Medaniene;;;;;;;;;
12058011;Artena;Roma;1;13.638;7,73;38,68;69,53;;14,32;38,90;26,89;196,05
12058012;Bellegra;Roma;1;2.626;26,38;16,43;52,77;11,34;30,12;37,56;15,80;191,15
12058014;Camerata Nuova;Roma;1;413;10,61;18,28;82,13;10,17;9,52;117,69;61,43;309,82
12058016;Canale Monterano;Roma;1;4.151;20,97;16,36;84,94;28,62;11,98;22,45;5,13;198,85
12058017;Canterano;Roma;1;370;6,89;22,57;71,85;;43,30;51,82;7,98;204,41
12058018;Capena;Roma;1;10.860;11,78;21,45;44,26;25,08;19,56;16,53;25,38;164,03
12058019;Capranica Prenestina;Roma;1;316;33,72;20,57;50,58;0,83;34,43;124,94;3,15;354,30
12058020;Carpineto Romano;Roma;1;3.999;38,45;58,88;57,68;0,99;39,27;24,23;3,77;250,36
12058021;Casape;Roma;1;612;153,55;27,62;;;;;;181,17
12058022;Castel Gandolfo;Roma;1;8.651;55,07;22,27;70,54;;24,67;36,48;4,68;213,70
12058025;Castel San Pietro Romano;Roma;1;848;26,49;16,11;66,22;34,45;19,86;37,17;15,79;216,10
12058026;Cave;Roma;1;10.822;25,18;17,67;64,02;36,00;17,40;13,61;10,75;184,64
12058027;Cerreto Laziale;Roma;1;1.073;5,34;14,22;87,46;12,52;13,04;12,50;4,88;149,95
12058028;Cervara di Roma;Roma;1;461;;27,11;105,11;17,35;54,23;84,73;6,71;295,25
12058029;Cerveteri;Roma;1;37.950;17,58;16,70;59,19;20,59;27,64;22,71;14,56;180,28
12058118;Ciampino;Roma;1;38.774;26,00;27,59;65,01;13,00;19,50;16,43;32,87;200,71
12058030;Ciciliano;Roma;1;1.250;19,03;9,09;53,49;15,34;14,97;66,18;11,84;189,94
12058031;Cineto Romano;Roma;Vedi aggregazione: Unione dei Comuni del Medaniene;;;;;;;;;
12058033;Civitella San Paolo;Roma;1;1.998;26,03;60,06;46,05;;14,84;4,30;;151,27
12058034;Colleferro;Roma;1;20.487;39,70;25,66;59,55;24,26;40,54;27,75;4,39;228,38
12058035;Colonna;Roma;1;4.248;27,76;17,12;69,39;31,97;20,82;20,67;39,58;231,75
12058036;Fiano Romano;Roma;1;16.467;11,27;42,01;51,92;3,04;13,50;28,99;3,83;167,30
12058120;Fiumicino;Roma;1;82.506;11,42;13,39;54,35;27,39;38,75;17,24;31,43;196,30
12058122;Fonte Nuova;Roma;1;32.752;10,74;1,06;64,17;31,27;9,82;16,37;50,08;183,51
12058038;Formello;Roma;1;13.765;12,33;45,02;75,28;;34,11;25,08;3,51;195,34
12058039;Frascati;Roma;1;22.849;24,41;;79,89;;18,21;84,74;12,73;219,98
12058040;Gallicano nel Lazio;Roma;1;6.492;22,00;20,37;55,00;29,54;16,50;21,70;24,17;189,28
12058041;Gavignano;Roma;1;1.875;28,51;32,95;42,76;1,66;29,11;16,25;2,79;158,71
12058042;Genazzano;Roma;1;5.669;34,71;21,77;52,06;17,81;35,44;20,76;3,71;191,97
12058043;Genzano di Roma;Roma;1;22.724;15,75;25,33;84,22;18,42;21,83;15,16;14,72;201,56
12058045;Gorga;Roma;1;654;37,74;14,74;56,61;11,75;38,54;27,31;6,75;259,66
12058046;Grottaferrata;Roma;1;20.429;25,24;54,47;58,90;4,67;15,39;14,89;33,09;206,64
12058047;Guidonia Montecelio;Roma;1;89.411;12,09;13,05;53,55;17,93;18,14;35,84;14,89;184,17
12058048;Jenne;Roma;1;321;54,06;42,57;55,49;10,39;37,17;11,93;14,72;226,31
12058049;Labico;Roma;1;6.448;24,54;55,48;36,81;4,02;25,06;41,68;12,61;204,22
12058116;Ladispoli;Roma;1;40.876;6,94;19,52;56,54;31,07;28,77;25,65;13,70;182,19
12058050;Lanuvio;Roma;1;12.900;19,29;7,94;113,71;;13,06;6,37;28,67;189,04
12058115;Lariano;Roma;1;13.187;15,85;9,11;61,04;29,23;11,35;12,36;9,77;150,38
12058051;Licenza;Roma;Vedi aggregazione: UNIONE DEI COMUNI DELLA VALLE USTICA;;;;;;;;;
12058052;Magliano Romano;Roma;1;1.383;12,00;16,77;58,44;11,89;22,54;17,11;7,03;145,78
12058053;Mandela;Roma;Vedi aggregazione: UNIONE DEI COMUNI DELLA VALLE USTICA;;;;;;;;;
12058054;Manziana;Roma;1;7.765;21,47;26,10;66,15;20,75;13,69;18,93;24,04;191,13
12058055;Marano Equo;Roma;1;771;40,16;15,81;36,99;9,88;;;4,26;107,10
12058056;Marcellina;Roma;1;7.035;16,24;16,49;23,77;45,41;11,25;15,96;6,35;144,44
12058057;Marino;Roma;1;46.514;13,69;24,30;44,44;15,60;25,50;30,37;23,18;177,08
12058058;Mazzano Romano;Roma;1;2.932;10,66;;57,09;1,34;48,57;23,07;46,24;186,98
12058059;Mentana;Roma;1;22.686;14,11;12,15;50,34;25,76;10,36;20,39;27,56;160,67
12058060;Monte Compatri;Roma;1;11.824;13,34;19,66;55,25;19,33;21,91;53,28;7,30;193,40
12058064;Monte Porzio Catone;Roma;1;8.581;17,26;;76,44;5,27;15,95;6,67;16,57;138,14
12058061;Monteflavio;Roma;1;1.164;13,51;13,34;65,40;21,94;26,77;34,68;8,52;194,70
12058062;Montelanico;Roma;1;2.030;7,92;32,14;41,85;;39,58;26,85;2,26;151,58
12058063;Montelibretti;Roma;1;5.139;14,35;;53,26;40,09;11,30;28,78;21,14;168,93
12058065;Monterotondo;Roma;1;41.191;42,34;29,58;46,68;14,80;32,93;3,77;20,76;190,86
12058066;Montorio Romano;Roma;1;1.920;12,12;8,49;58,67;19,68;36,46;36,82;15,33;192,81
12058067;Moricone;Roma;1;2.440;13,77;16,23;55,40;20,14;18,77;19,27;15,79;159,36
12058068;Morlupo;Roma;1;8.513;14,85;18,49;63,35;12,17;32,52;12,00;12,59;165,98
12058070;Nemi;Roma;1;1.851;31,95;29,93;47,92;2,47;32,62;42,57;3,13;277,96
12058071;Nerola;Roma;1;1.898;12,06;22,65;68,24;1,43;20,65;20,17;5,72;178,30
12058072;Nettuno;Roma;1;48.297;30,63;25,94;77,43;12,36;27,86;44,67;3,28;222,18
12058073;Olevano Romano;Roma;1;6.374;33,46;;83,64;16,73;25,09;8,40;7,60;174,92
12058074;Palestrina;Roma;1;22.158;22,36;26,75;55,91;29,89;16,77;15,02;53,01;219,71
12058075;Palombara Sabina;Roma;1;12.997;11,06;18,04;55,38;11,15;25,46;11,29;33,48;168,00
12058076;Percile;Roma;Vedi aggregazione: UNIONE DEI COMUNI DELLA VALLE USTICA;;;;;;;;;
12058078;Poli;Roma;1;2.202;29,99;;74,97;14,99;22,49;7,50;17,88;167,81
12058079;Pomezia;Roma;1;64.617;12,65;30,79;72,18;26,39;45,42;20,94;15,32;223,69
12058080;Ponzano Romano;Roma;1;1.270;15,18;24,64;75,90;;18,76;17,68;16,22;168,37
12058081;Riano;Roma;1;10.419;7,97;19,70;36,85;16,47;17,42;4,95;8,81;112,17
12058082;Rignano Flaminio;Roma;1;10.103;9,59;18,00;36,44;23,30;14,12;3,61;8,29;113,35
12058083;Riofreddo;Roma;Vedi aggregazione: Unione dei Comuni del Medaniene;;;;;;;;;
12058085;Rocca di Cave;Roma;1;360;27,71;118,30;69,28;13,86;20,78;13,89;137,01;400,83
12058086;Rocca di Papa;Roma;1;17.833;15,89;21,96;43,92;21,71;13,04;18,49;44,86;179,88
12058088;Rocca Priora;Roma;1;12.024;26,34;34,25;74,08;21,69;29,85;12,15;2,06;200,78
12058089;Rocca Santo Stefano;Roma;1;912;42,53;8,60;17,74;19,26;16,86;12,45;2,14;119,60
12058087;Roccagiovine;Roma;Vedi aggregazione: UNIONE DEI COMUNI DELLA VALLE USTICA;;;;;;;;;
12058090;Roiate;Roma;1;633;9,96;19,52;115,21;;20,33;11,89;;176,91
12058091;Roma;Roma;1;2.754.719;30,46;55,64;67,76;12,70;46,48;31,69;28,17;272,90
12058092;Roviano - Dato aggregazione Unione dei Comuni del Medaniene;Roma;6;4.956;16,38;30,47;70,31;17,41;1,03;;6,79;142,39
12058093;Sacrofano;Roma;1;7.410;12,98;13,90;65,29;22,40;30,68;35,14;38,75;219,14
12058094;Sambuci;Roma;1;832;80,30;47,22;36,58;;11,52;12,22;4,41;192,25
12058119;San Cesareo;Roma;1;16.241;24,25;28,28;60,63;33,57;18,19;16,18;16,08;197,18
12058095;San Gregorio da Sassola;Roma;1;1.428;64,01;15,69;71,72;22,48;;68,54;14,79;257,23
12058096;San Polo dei Cavalieri;Roma;1;2.775;10,00;17,58;65,21;18,26;20,97;56,73;5,93;223,37
12058100;San Vito Romano;Roma;1;3.062;24,21;38,94;68,70;13,74;20,61;10,18;9,21;185,60
12058097;Santa Marinella;Roma;1;18.471;26,96;65,54;30,53;16,54;38,35;83,15;34,71;295,77
12058098;Sant'Angelo Romano;Roma;1;4.983;22,46;18,25;48,08;13,65;16,21;17,09;19,95;155,69
12058099;Sant'Oreste;Roma;1;3.445;9,09;;38,07;32,27;19,94;14,20;11,80;125,38
12058102;Segni;Roma;1;8.972;34,08;69,79;51,12;0,86;34,80;29,36;6,37;232,00
12058103;Subiaco;Roma;1;8.533;15,11;25,25;59,64;16,54;18,50;8,53;38,54;182,10
12058104;Tivoli;Roma;1;55.201;11,95;14,16;79,17;21,21;32,66;25,13;15,96;208,16
12058105;Tolfa;Roma;1;4.716;22,25;70,27;44,50;;11,13;4,80;1,12;154,07
12058107;Trevignano Romano;Roma;1;5.833;17,90;18,83;35,17;53,07;25,81;7,17;4,96;162,91
12058109;Vallinfreda;Roma;1;292;16,40;8,54;86,10;9,22;7,75;29,83;11,78;234,00
12058110;Valmontone;Roma;1;15.755;24,10;41,08;60,25;18,02;18,08;25,34;20,13;220,73
12058111;Velletri;Roma;1;52.898;18,51;14,06;65,63;20,82;5,87;14,59;22,14;162,21
12058112;Vicovaro - Dato aggregazione UNIONE DEI COMUNI DELLA VALLE USTICA;Roma;5;5.800;10,21;17,84;57,05;12,06;;14,64;1,42;116,32
12058113;Vivaro Romano;Roma;Vedi aggregazione: Unione dei Comuni del Medaniene;;;;;;;;;
12058114;Zagarolo;Roma;1;18.630;20,52;28,28;51,29;21,64;15,40;15,82;26,16;179,12
05029001;Adria;Rovigo;1;18.581;18,84;24,33;34,41;15,66;23,99;32,98;35,52;185,74
05029002;Ariano nel Polesine;Rovigo;1;3.860;17,25;23,43;44,91;13,33;5,39;48,24;23,27;175,81
05029003;Arqua  Polesine;Rovigo;1;2.570;13,09;18,76;46,53;20,72;1,73;30,25;23,04;154,12
05029004;Badia Polesine;Rovigo;1;10.209;16,66;26,79;53,49;17,58;9,35;36,40;31,09;191,35
05029005;Bagnolo di Po;Rovigo;1;1.217;17,13;27,54;55,00;18,07;9,61;37,42;31,96;196,74
05029006;Bergantino;Rovigo;1;2.385;16,96;27,27;54,44;17,89;9,51;37,05;31,64;194,77
05029007;Bosaro;Rovigo;1;1.412;12,37;17,08;35,43;17,33;5,41;44,31;33,93;165,86
05029008;Calto;Rovigo;1;682;16,40;26,37;52,65;17,30;9,20;35,82;30,60;188,34
05029009;Canaro;Rovigo;1;2.533;13,96;19,11;53,00;12,76;4,50;34,55;36,32;174,20
05029010;Canda;Rovigo;1;823;17,04;27,39;54,70;17,97;9,56;37,22;31,79;195,68
05029011;Castelguglielmo;Rovigo;1;1.536;16,87;27,13;54,17;17,80;9,47;36,86;31,48;193,78
05029012;Castelmassa;Rovigo;1;3.992;16,88;27,14;54,19;17,81;9,47;36,87;31,49;193,84
05029013;Castelnovo Bariano;Rovigo;1;2.565;17,09;27,48;54,87;18,03;9,59;37,34;31,89;196,30
05029014;Ceneselli;Rovigo;1;1.554;30,64;44,54;68,64;26,82;15,94;82,24;62,93;331,74
05029015;Ceregnano;Rovigo;1;3.387;13,00;17,08;36,91;12,15;5,17;38,44;27,16;149,90
05029017;Corbola;Rovigo;1;2.224;10,82;25,59;47,00;16,64;3,07;37,79;43,61;184,52
05029018;Costa di Rovigo;Rovigo;1;2.455;13,96;21,71;33,06;17,76;;42,15;23,62;152,25
05029019;Crespino;Rovigo;1;1.754;17,95;18,47;48,40;13,23;3,11;38,82;19,32;159,31
05029021;Ficarolo;Rovigo;1;2.167;16,73;26,91;53,74;17,66;9,39;36,57;31,23;192,23
05029022;Fiesso Umbertiano;Rovigo;1;3.882;16,78;26,98;53,88;17,70;8,64;36,66;31,31;191,96
05029023;Frassinelle Polesine;Rovigo;1;1.314;14,47;16,60;40,86;10,80;3,92;45,42;35,14;167,20
05029024;Fratta Polesine;Rovigo;1;2.439;14,84;20,99;45,29;15,55;3,08;34,25;39,38;173,38
05029025;Gaiba;Rovigo;1;964;16,56;26,63;53,17;17,47;9,29;36,18;30,90;190,20
05029026;Gavello;Rovigo;1;1.452;20,56;17,76;38,12;14,37;1,73;41,17;18,26;151,97
05029027;Giacciano con Baruchella;Rovigo;1;2.061;16,62;26,72;53,34;17,53;9,32;36,30;31,00;190,83
05029028;Guarda Veneta;Rovigo;1;1.105;13,83;16,06;33,73;18,38;3,72;29,24;42,30;157,26
05029029;Lendinara;Rovigo;1;11.460;16,86;27,11;54,14;17,79;9,46;36,84;31,46;193,66
05029031;Lusia;Rovigo;1;3.278;12,33;19,77;37,16;15,51;1,50;27,74;18,32;132,32
05029032;Melara;Rovigo;1;1.681;16,84;27,07;54,05;17,76;9,44;36,78;31,41;193,34
05029033;Occhiobello;Rovigo;1;12.059;16,84;27,07;54,05;17,76;9,44;36,78;31,41;193,34
05029034;Papozze;Rovigo;1;1.389;16,79;18,99;61,42;18,93;8,30;41,35;40,99;206,77
05029035;Pettorazza Grimani;Rovigo;1;1.430;14,89;16,28;39,60;10,96;5,60;30,49;21,66;139,48
05029036;Pincara;Rovigo;1;1.080;17,04;27,39;54,69;17,97;9,56;37,21;31,79;195,65
05029037;Polesella;Rovigo;1;3.609;13,87;18,13;42,93;13,11;1,13;32,93;31,84;153,95
05029038;Pontecchio Polesine;Rovigo;1;2.215;10,48;12,78;26,07;14,58;;26,45;14,62;104,98
05029039;Porto Tolle;Rovigo;1;8.877;20,61;36,57;48,51;24,23;20,27;39,40;44,98;234,57
05029052;Porto Viro;Rovigo;1;13.757;17,49;30,39;49,61;17,11;12,09;33,08;40,00;199,76
05029040;Rosolina;Rovigo;1;6.182;20,13;50,54;85,53;21,72;6,65;59,06;42,83;286,45
05029041;Rovigo;Rovigo;1;50.099;16,86;27,10;54,12;17,78;9,46;36,82;31,45;193,59
05029042;Salara;Rovigo;1;1.026;17,13;27,54;54,98;18,07;9,61;37,41;31,95;196,68
05029043;San Bellino;Rovigo;1;1.048;16,86;16,28;40,07;23,63;4,66;35,51;23,07;160,08
05029044;San Martino di Venezze;Rovigo;1;3.738;10,74;17,60;38,71;12,92;3,34;34,49;23,68;141,48
05029045;Stienta;Rovigo;1;3.095;16,91;27,18;54,27;17,83;9,48;36,93;31,54;194,16
05029046;Taglio di Po;Rovigo;1;7.866;11,29;22,97;33,07;15,66;10,77;33,93;33,89;161,57
05029047;Trecenta;Rovigo;1;2.566;16,61;26,71;53,33;17,52;9,32;36,29;31,00;190,78
05029048;Villadose;Rovigo;1;4.657;12,19;22,46;39,18;15,90;9,52;34,71;28,11;162,07
05029049;Villamarzana;Rovigo;1;1.131;12,76;18,32;35,68;25,90;;44,41;34,74;171,82
05029050;Villanova del Ghebbo;Rovigo;1;1.983;16,00;23,60;45,09;15,54;12,69;38,29;29,93;181,14
05029051;Villanova Marchesana;Rovigo;1;901;13,97;19,45;56,62;13,32;3,24;36,68;24,11;167,39
15065002;Agropoli;Salerno;1;21.349;14,54;39,81;73,36;28,31;41,80;35,58;100,39;333,99
15065003;Albanella;Salerno;1;6.283;43,18;17,40;35,03;13,35;9,57;4,34;2,76;125,63
15065004;Alfano;Salerno;1;931;22,50;23,42;;;43,48;2,74;;92,15
15065005;Altavilla Silentina;Salerno;1;7.018;19,09;33,47;57,27;18,34;9,71;13,40;17,50;168,78
15065006;Amalfi;Salerno;1;4.644;97,91;37,53;160,31;59,98;48,33;75,22;11,67;524,33
15065007;Angri;Salerno;1;34.132;24,96;40,73;33,40;22,39;15,61;21,98;7,64;166,72
15065008;Aquara;Salerno;1;1.299;27,64;13,00;;47,68;15,89;11,75;;115,97
15065009;Ascea;Salerno;1;5.828;25,80;30,67;77,96;36,11;;34,49;20,77;226,05
15065011;Atrani;Salerno;1;792;42,40;13,84;137,80;38,31;32,78;34,30;49,80;387,26
15065012;Auletta;Salerno;1;2.147;14,59;11,38;48,14;24,69;5,08;11,55;15,34;130,77
15065013;Baronissi;Salerno;1;16.887;9,02;0,12;51,25;28,49;15,91;16,39;34,97;156,14
15065014;Battipaglia;Salerno;1;49.635;;22,87;87,98;29,65;12,74;20,66;52,39;226,30
15065158;Bellizzi;Salerno;1;13.302;13,43;20,27;46,76;40,22;29,95;19,54;7,00;181,42
15065015;Bellosguardo;Salerno;1;681;13,20;20,43;44,60;24,97;6,54;8,70;1,06;119,50
15065016;Bracigliano;Salerno;1;5.322;3,95;15,97;103,34;;11,37;68,73;;203,36
15065017;Buccino;Salerno;1;4.513;9,23;15,55;55,40;14,67;2,11;19,94;17,83;134,73
15065018;Buonabitacolo;Salerno;1;2.430;3,86;18,21;22,43;14,85;22,00;19,39;16,67;117,40
15065019;Caggiano;Salerno;1;2.502;12,46;20,48;24,92;29,08;0,60;13,39;2,26;107,79
15065020;Calvanico;Salerno;1;1.394;;298,22;;;;;;298,22
15065022;Campagna;Salerno;1;16.759;12,07;45,77;41,76;11,38;6,04;10,67;8,97;136,66
15065023;Campora;Salerno;1;312;33,63;42,18;29,07;23,79;9,62;40,04;;178,33
15065024;Cannalonga;Salerno;1;938;95,95;;;;;;;95,95
15065025;Capaccio;Salerno;1;22.364;19,95;53,75;105,50;47,08;21,95;22,80;1,70;272,73
15065028;Casal Velino;Salerno;1;5.382;26,64;55,63;82,40;23,84;17,89;39,74;13,26;259,41
15065027;Casaletto Spartano;Salerno;1;1.262;14,22;17,39;19,37;24,64;15,28;6,34;22,33;119,57
15065029;Caselle in Pittari;Salerno;1;1.869;7,17;22,20;33,86;6,89;6,44;2,89;24,90;104,35
15065034;Castel San Giorgio;Salerno;1;13.738;12,18;13,36;75,73;35,91;10,08;32,17;125,86;307,44
15065035;Castel San Lorenzo;Salerno;1;2.206;11,37;23,46;36,22;21,12;20,97;9,96;7,81;131,36
15065030;Castelcivita;Salerno;1;1.394;11,88;35,65;54,19;30,75;22,37;6,14;2,55;163,54
15065031;Castellabate;Salerno;1;8.662;36,16;33,94;89,27;47,24;64,86;30,90;103,69;406,04
15065033;Castelnuovo di Conza;Salerno;1;506;28,42;54,77;44,86;;;31,58;29,70;189,34
15065036;Castiglione del Genovesi;Salerno;1;1.282;85,30;;3,93;41,13;10,45;57,45;5,29;203,56
15065037;Cava de' Tirreni;Salerno;1;50.191;20,16;24,68;51,81;34,66;44,97;17,25;12,13;205,67
15065038;Celle di Bulgheria;Salerno;1;1.711;11,34;13,90;79,35;26,99;;23,69;22,40;177,67
15065039;Centola;Salerno;1;4.958;29,30;49,92;119,19;62,65;44,48;24,51;2,44;332,50
15065040;Ceraso;Salerno;1;2.223;17,49;32,29;42,88;33,25;6,66;19,43;44,45;201,62
15065041;Cetara;Salerno;1;1.937;123,34;62,08;3,10;0,52;82,90;20,61;1,82;294,37
15065042;Cicerale;Salerno;1;1.180;19,26;22,16;109,16;;23,96;18,39;18,41;238,15
15065043;Colliano;Salerno;1;3.403;17,81;15,98;35,53;28,40;13,24;7,49;19,15;137,60
15065044;Conca dei Marini;Salerno;1;648;62,61;23,45;201,00;56,50;46,89;12,11;44,16;506,13
15065045;Controne;Salerno;1;764;30,65;32,99;42,74;14,11;30,98;0,81;119,23;271,50
15065046;Contursi Terme;Salerno;1;3.167;26,38;12,35;46,89;6,94;19,00;5,81;24,06;141,43
15065047;Corbara;Salerno;1;2.484;26,21;41,21;52,34;31,12;7,73;20,00;17,09;195,70
15065048;Corleto Monforte;Salerno;1;485;20,63;48,75;72,21;20,89;10,32;31,48;1,39;205,90
15065049;Cuccaro Vetere;Salerno;1;521;13,53;;21,07;30,98;10,37;93,41;;172,77
15065050;Eboli;Salerno;1;37.601;12,94;23,02;60,54;17,23;31,82;23,29;31,05;199,89
15065051;Felitto;Salerno;1;1.153;36,34;42,51;49,21;17,40;29,73;2,38;4,86;182,43
15065052;Fisciano;Salerno;1;14.129;31,97;12,20;77,08;62,89;36,51;58,75;164,08;520,01
15065053;Furore;Salerno;1;683;72,53;20,21;73,26;44,51;7,75;120,06;38,72;377,02
15065054;Futani;Salerno;1;1.071;14,63;14,63;58,52;9,75;3,63;15,39;;116,55
15065055;Giffoni Sei Casali;Salerno;1;4.934;18,12;27,95;50,66;61,34;3,52;10,02;23,22;194,83
15065058;Giungano;Salerno;1;1.298;104,81;24,82;;;22,86;5,29;2,36;160,14
15065059;Ispani;Salerno;1;963;44,95;59,45;112,37;39,63;67,42;8,62;28,25;372,64
15065060;Laureana Cilento;Salerno;1;1.237;23,26;44,47;76,53;19,06;11,09;10,14;9,63;194,18
15065061;Laurino;Salerno;1;1.245;27,98;24,49;55,43;29,43;;3,12;16,47;157,73
15065063;Laviano;Salerno;1;1.308;17,44;;41,84;5,06;42,20;8,33;10,43;126,06
15065064;Lustra;Salerno;1;1.013;;21,87;54,78;;1,75;50,28;22,22;151,88
15065067;Mercato San Severino;Salerno;1;21.493;29,11;53,94;;53,63;30,16;22,07;85,92;274,83
15065068;Minori;Salerno;1;2.587;52,66;25,37;126,39;43,04;31,60;36,17;71,80;387,02
15065069;Moio della Civitella;Salerno;1;1.804;;48,91;;26,33;;47,89;;123,13
15065070;Montano Antilia;Salerno;1;1.674;45,26;12,84;84,05;17,83;18,39;2,67;;181,04
15065075;Monte San Giacomo;Salerno;1;1.406;14,46;21,71;49,97;20,19;27,91;7,03;3,25;144,52
15065071;Montecorice;Salerno;1;2.563;267,58;11,25;;;58,58;21,19;15,21;373,81
15065072;Montecorvino Pugliano;Salerno;1;11.126;10,71;48,30;64,59;0,64;12,57;19,41;2,45;159,13
15065073;Montecorvino Rovella;Salerno;1;12.309;32,12;9,86;48,02;10,20;46,99;27,44;9,19;183,82
15065076;Montesano sulla Marcellana;Salerno;1;6.221;18,71;19,75;20,79;22,87;21,83;8,41;0,85;115,07
15065077;Morigerati;Salerno;1;597;11,17;33,32;99,00;;7,58;86,24;9,04;246,36
15065078;Nocera Inferiore;Salerno;1;43.808;66,62;76,76;61,66;23,90;28,50;9,62;15,66;287,65
15065079;Nocera Superiore;Salerno;1;23.589;16,20;8,39;56,32;15,64;54,87;9,46;20,65;181,53
15065080;Novi Velia;Salerno;1;2.338;11,26;11,12;80,70;16,58;10,31;2,16;0,63;132,76
15065081;Ogliastro Cilento;Salerno;1;2.273;17,91;23,20;41,79;9,94;51,37;58,96;3,13;206,31
15065082;Olevano sul Tusciano;Salerno;1;6.559;18,13;18,46;66,49;7,75;9,07;7,29;10,77;137,96
15065084;Omignano;Salerno;1;1.639;14,77;39,10;14,37;;10,85;57,18;6,65;142,91
15065085;Orria;Salerno;1;954;21,01;22,06;69,85;22,06;16,81;6,75;6,27;164,79
15065086;Ottati;Salerno;1;580;54,58;;;24,64;29,94;;13,63;122,79
15065087;Padula;Salerno;1;4.805;16,59;8,98;50,39;5,55;16,73;39,03;2,78;142,44
15065089;Palomonte;Salerno;1;3.709;28,09;24,56;10,57;;8,94;2,02;6,90;81,09
15065090;Pellezzano;Salerno;1;10.894;28,07;20,60;53,17;31,50;17,65;17,90;4,25;173,14
15065091;Perdifumo;Salerno;1;1.809;68,63;29,72;25,60;17,53;16,00;7,45;14,57;179,50
15065093;Pertosa;Salerno;1;656;12,01;28,98;139,89;0,59;12,01;5,35;6,04;217,07
15065094;Petina;Salerno;1;992;19,21;22,35;68,08;;9,89;3,02;;122,55
15065095;Piaggine;Salerno;1;1.114;15,11;15,74;55,14;51,81;72,68;17,90;14,14;242,52
15065096;Pisciotta;Salerno;1;2.427;36,06;27,58;89,10;;16,97;53,04;;222,75
15065097;Polla;Salerno;1;5.103;6,43;36,72;;68,20;8,29;17,49;58,42;195,55
15065099;Pontecagnano Faiano;Salerno;1;26.408;12,21;21,18;66,94;32,20;13,30;21,52;43,01;210,35
15065100;Positano;Salerno;1;3.719;144,41;75,79;124,51;30,32;62,19;13,80;76,35;527,37
15065101;Postiglione;Salerno;1;1.978;21,17;;52,51;4,13;10,94;23,15;12,79;124,69
15065102;Praiano;Salerno;1;1.970;88,66;23,13;206,88;47,56;87,82;24,69;19,92;498,65
15065103;Prignano Cilento;Salerno;1;1.095;;20,97;94,36;15,73;;3,86;14,07;149,90
15065104;Ravello;Salerno;1;2.372;90,66;8,32;98,80;;126,65;13,18;28,62;366,23
15065105;Ricigliano;Salerno;1;1.064;29,57;19,26;40,34;5,04;17,31;51,56;17,74;192,10
15065106;Roccadaspide;Salerno;1;6.889;39,91;13,33;;18,68;32,34;19,25;9,61;133,62
15065107;Roccagloriosa;Salerno;1;1.560;5,84;11,72;49,14;51,97;13,10;15,09;27,47;174,33
15065109;Rofrano;Salerno;1;1.258;16,90;17,38;123,19;32,66;9,52;22,37;25,76;247,78
15065111;Roscigno;Salerno;1;594;27,05;101,21;;;;35,91;12,37;177,38
15065112;Rutino;Salerno;1;767;13,66;29,31;47,83;12,56;6,83;73,57;10,57;194,35
15065113;Sacco;Salerno;1;432;12,76;3,48;88,14;23,19;24,35;7,29;5,45;164,67
15065114;Sala Consilina;Salerno;1;12.188;15,21;;39,15;146,23;22,71;11,86;55,35;290,52
15065115;Salento;Salerno;1;1.759;10,48;28,95;21,76;;;61,52;1,97;124,68
15065116;Salerno;Salerno;1;126.625;6,62;32,24;152,98;;65,82;10,88;71,51;340,92
15065118;San Cipriano Picentino;Salerno;1;6.583;14,51;23,82;74,43;39,52;34,61;10,79;15,61;213,28
15065119;San Giovanni a Piro;Salerno;1;3.592;17,36;20,08;62,50;29,07;38,95;21,21;19,54;208,71
15065120;San Gregorio Magno;Salerno;1;3.886;10,57;9,02;46,41;16,76;12,38;7,79;39,44;142,37
15065121;San Mango Piemonte;Salerno;1;2.624;6,12;16,54;29,93;24,88;11,78;51,42;31,85;172,53
15065122;San Marzano sul Sarno;Salerno;1;10.202;16,39;58,80;71,01;;21,85;8,72;92,62;269,39
15065124;San Mauro la Bruca;Salerno;1;537;77,13;21,54;;6,29;11,80;48,45;1,36;166,58
15065125;San Pietro al Tanagro;Salerno;1;1.648;12,64;10,95;29,48;31,17;;46,68;1,34;139,24
15065126;San Rufo;Salerno;1;1.597;10,28;9,93;33,33;10,32;;32,55;23,08;119,49
15065132;San Valentino Torio;Salerno;1;10.916;22,82;29,31;49,34;36,67;5,54;25,86;1,95;176,08
15065128;Sant'Angelo a Fasanella;Salerno;1;489;15,20;19,28;40,83;24,41;3,98;65,13;18,40;187,25
15065129;Sant'Arsenio;Salerno;1;2.641;47,12;21,26;7,77;;9,61;23,60;25,11;134,47
15065130;Sant'Egidio del Monte Albino;Salerno;1;8.750;26,59;1,04;29,91;64,68;42,78;14,69;44,51;224,21
15065131;Santomenna;Salerno;1;387;42,75;42,75;72,01;33,34;4,70;27,33;341,51;564,39
15065133;Sanza;Salerno;1;2.338;11,69;12,23;24,85;11,94;7,14;4,10;33,63;105,58
15065135;Sarno;Salerno;1;30.636;26,65;16,61;54,26;30,37;30,76;16,05;3,55;178,25
15065136;Sassano;Salerno;1;4.657;19,72;35,31;32,87;18,63;17,53;14,33;0,96;139,35
15065137;Scafati;Salerno;1;47.940;9,08;27,16;45,83;30,54;7,20;32,28;54,21;206,31
15065138;Scala;Salerno;1;1.497;33,94;11,95;82,04;35,56;20,36;18,25;12,95;215,06
15065139;Serramezzana;Salerno;1;271;202,94;;;;;12,23;76,19;291,35
15065141;Sessa Cilento;Salerno;1;1.134;7,30;20,77;23,53;15,52;15,42;26,04;1,78;115,75
15065142;Siano;Salerno;1;9.374;28,47;34,97;42,94;8,71;19,31;26,27;24,58;185,24
15065143;Sicignano degli Alburni;Salerno;1;3.043;12,00;6,70;48,69;24,51;44,73;15,27;20,30;218,36
15065144;Stella Cilento;Salerno;1;630;32,91;27,62;106,67;33,76;15,42;10,96;2,56;229,91
15065145;Stio;Salerno;1;776;47,46;52,07;66,86;21,96;;8,00;10,19;206,54
15065146;Teggiano;Salerno;1;7.030;23,13;21,14;23,13;23,38;24,90;11,80;45,50;173,00
15065147;Torchiara;Salerno;1;1.877;12,43;20,66;40,01;25,25;61,03;11,99;20,60;191,97
15065148;Torraca;Salerno;1;1.197;80,32;16,78;36,61;;;5,95;;144,67
15065149;Torre Orsaia;Salerno;1;1.946;76,44;6,56;;;35,54;;0,68;119,22
15065150;Tortorella;Salerno;1;476;2,80;5,50;39,05;42,95;3,07;2,92;0,61;107,39
15065151;Tramonti;Salerno;1;4.153;23,09;14,90;55,41;19,06;13,85;33,87;122,95;283,13
15065152;Trentinara;Salerno;1;1.564;35,07;35,18;51,19;15,04;8,56;5,68;6,67;157,39
15065153;Valle dell'Angelo;Salerno;1;229;95,11;117,50;;23,78;;8,31;1,27;245,97
15065154;Vallo della Lucania;Salerno;1;7.953;18,52;28,31;74,73;10,26;31,00;29,94;20,06;212,83
15065155;Valva;Salerno;1;1.536;6,03;22,89;17,67;40,69;1,87;0,26;20,26;109,67
15065156;Vibonati;Salerno;1;3.211;75,12;59,01;40,45;18,96;40,37;10,92;19,90;264,73
15065157;Vietri sul Mare;Salerno;1;7.098;17,50;54,18;98,74;23,53;51,97;26,89;36,36;309,19
20090001;Aggius;Sassari [fino 2024];1;1.415;10,95;14,84;54,14;19,10;5,42;32,52;22,39;159,36
20090062;Aglientu;Sassari [fino 2024];1;1.183;96,02;;356,94;168,14;70,71;46,38;28,21;766,40
20090004;Anela;Sassari [fino 2024];1;561;17,38;3,93;71,74;6,53;2,45;24,66;14,94;141,64
20090005;Ardara;Sassari [fino 2024];1;716;8,79;10,47;46,42;11,01;1,06;32,47;11,01;121,22
20090006;Arzachena;Sassari [fino 2024];1;13.407;36,25;25,30;161,71;40,12;40,06;17,45;191,39;512,29
20090081;Badesi;Sassari [fino 2024];1;1.838;24,75;45,04;147,24;51,75;53,99;36,58;96,34;455,69
20090008;Benetutti;Sassari [fino 2024];1;1.664;14,95;3,38;61,73;5,62;2,40;20,56;16,99;125,64
20090009;Berchidda;Sassari [fino 2024];1;2.581;7,76;29,94;54,18;4,32;9,18;17,46;14,88;137,71
20090012;Bono;Sassari [fino 2024];1;3.290;7,47;3,75;31,69;7,92;6,23;5,35;5,93;68,33
20090014;Bortigiadas;Sassari [fino 2024];1;709;4,56;21,08;40,39;19,54;2,07;16,43;7,42;111,50
20090016;Bottidda;Sassari [fino 2024];1;654;19,07;4,31;78,72;7,17;;26,03;12,82;148,12
20090091;Budoni;Sassari [fino 2024];1;5.522;37,03;10,61;156,58;64,26;56,32;17,05;7,45;349,30
20090018;Bultei;Sassari [fino 2024];1;805;21,88;4,95;90,34;8,23;2,60;21,18;22,23;171,40
20090019;Bulzi;Sassari [fino 2024];1;458;15,88;10,00;83,90;11,43;3,01;42,14;24,66;191,02
20090020;Burgos;Sassari [fino 2024];1;834;4,57;10,09;;78,26;2,25;17,63;5,88;121,63
20090021;Calangianus;Sassari [fino 2024];1;3.795;13,26;9,95;43,41;15,62;22,61;25,71;16,27;146,84
20090023;Castelsardo;Sassari [fino 2024];1;5.617;49,61;16,71;83,67;5,93;33,53;13,52;49,75;252,72
20090026;Codrongianos;Sassari [fino 2024];1;1.261;42,35;28,84;60,40;2,91;;10,06;3,31;147,87
20090088;Erula;Sassari [fino 2024];1;685;13,74;8,65;72,59;9,89;2,60;11,93;5,26;124,67
20090028;Esporlatu;Sassari [fino 2024];1;368;15,36;3,48;63,42;5,77;2,22;15,52;7,66;113,43
20090029;Florinas;Sassari [fino 2024];1;1.442;27,32;19,72;55,31;15,59;;15,97;6,77;140,68
20090031;Illorai;Sassari [fino 2024];1;732;21,79;4,93;89,94;10,40;2,58;13,55;;143,19
20090032;Ittireddu;Sassari [fino 2024];1;463;10,20;12,16;49,06;12,78;;50,63;5,24;140,07
20090035;La Maddalena;Sassari [fino 2024];1;10.573;35,86;87,94;136,27;;72,55;38,57;61,32;432,50
20090034;Laerru;Sassari [fino 2024];1;823;16,34;3,84;86,31;12,22;;3,88;1,35;123,93
20090084;Loiri Porto San Paolo;Sassari [fino 2024];1;3.734;64,66;67,56;163,00;;26,38;43,37;8,85;373,82
20090036;Luogosanto;Sassari [fino 2024];1;1.798;9,39;11,17;58,74;13,64;8,33;16,68;7,11;125,06
20090037;Luras;Sassari [fino 2024];1;2.368;7,94;11,55;41,50;16,26;4,02;15,11;8,94;105,32
20090038;Mara;Sassari [fino 2024];1;528;5,98;17,90;75,67;17,76;;14,20;12,73;144,23
20090040;Monteleone Rocca Doria;Sassari [fino 2024];1;102;5,04;15,08;63,75;14,96;;11,96;10,72;121,51
20090041;Monti;Sassari [fino 2024];1;2.346;9,06;7,66;55,44;15,17;11,53;6,24;13,17;118,27
20090042;Mores;Sassari [fino 2024];1;1.696;10,62;12,66;39,79;13,30;16,01;29,50;3,50;125,38
20090044;Nughedu San Nicolo;Sassari [fino 2024];1;724;9,53;11,35;50,31;11,93;;29,90;4,82;117,84
20090045;Nule;Sassari [fino 2024];1;1.287;19,00;2,37;57,85;9,07;2,25;18,55;8,89;117,99
20090047;Olbia;Sassari [fino 2024];1;61.495;16,25;40,84;95,63;7,58;49,74;48,40;31,01;289,45
20090049;Oschiri;Sassari [fino 2024];1;2.969;12,22;16,30;72,79;11,43;17,44;9,23;17,09;156,51
20090050;Osilo;Sassari [fino 2024];1;2.788;14,00;8,82;73,98;10,08;2,65;20,14;11,74;141,43
20090052;Ozieri;Sassari [fino 2024];1;9.775;9,38;11,17;43,91;11,74;21,12;27,58;1,66;126,56
20090053;Padria;Sassari [fino 2024];1;582;5,37;16,08;68,00;15,96;;12,76;11,44;129,61
20090090;Padru;Sassari [fino 2024];1;2.098;16,54;38,19;45,18;;9,58;33,96;24,14;167,59
20090054;Palau;Sassari [fino 2024];1;4.100;24,91;59,19;172,56;38,47;58,89;164,56;24,61;543,19
20090055;Pattada;Sassari [fino 2024];1;2.827;8,44;10,05;44,56;10,56;15,24;23,65;3,73;116,23
20090057;Ploaghe;Sassari [fino 2024];1;4.255;35,85;26,05;47,79;;;4,11;3,15;116,95
20090058;Porto Torres;Sassari [fino 2024];1;21.020;9,44;20,97;56,25;18,11;29,94;53,30;7,40;212,54
20090061;Romana;Sassari [fino 2024];1;475;6,01;8,00;76,04;19,65;;6,98;;116,69
20090092;San Teodoro;Sassari [fino 2024];1;5.108;16,14;41,52;126,16;62,64;105,04;39,58;89,73;495,47
20090063;Santa Teresa Gallura;Sassari [fino 2024];1;5.044;17,04;35,23;154,98;51,54;55,14;49,56;50,05;413,55
20090085;Sant'Antonio di Gallura;Sassari [fino 2024];1;1.431;28,79;7,39;73,43;23,08;20,69;6,34;7,73;167,45
20090064;Sassari;Sassari [fino 2024];1;120.875;17,91;13,85;33,24;35,19;44,11;39,41;50,24;243,73
20090065;Sedini;Sassari [fino 2024];1;1.221;20,46;5,90;43,38;9,89;5,73;19,45;4,35;109,16
20090067;Sennori;Sassari [fino 2024];1;6.842;6,51;7,14;66,01;19,44;20,46;14,89;7,74;142,19
20090069;Sorso;Sassari [fino 2024];1;14.393;28,29;25,21;76,69;21,00;13,86;11,40;5,27;181,72
20090089;Stintino;Sassari [fino 2024];1;1.538;57,84;39,90;225,89;47,43;205,91;63,04;174,09;814,08
20090080;Telti;Sassari [fino 2024];1;2.215;26,63;11,07;37,51;19,07;3,94;33,19;2,59;133,99
20090070;Tempio Pausania;Sassari [fino 2024];1;13.120;13,72;19,79;50,51;17,67;40,73;18,17;26,08;201,91
20090074;Trinita d'Agultu e Vignola;Sassari [fino 2024];1;2.365;35,63;21,30;170,12;96,13;66,18;109,09;5,15;571,64
20090075;Tula;Sassari [fino 2024];1;1.427;8,36;9,96;36,71;10,47;7,02;28,14;7,59;108,25
20090079;Valledoria;Sassari [fino 2024];1;4.317;27,04;7,26;54,08;30,94;6,70;14,91;5,40;146,32
20090082;Viddalba;Sassari [fino 2024];1;1.593;24,53;4,73;49,22;16,74;8,18;29,53;12,38;145,30
20090078;Villanova Monteleone;Sassari [fino 2024];1;2.076;5,23;15,66;66,21;15,54;12,76;12,42;11,10;138,93
07009001;Alassio;Savona;1;10.064;72,60;41,68;163,73;19,11;74,37;47,04;77,83;496,36
07009002;Albenga;Savona;1;23.538;19,39;16,23;65,42;21,01;39,58;25,62;45,56;236,01
07009004;Albisola Superiore;Savona;1;9.616;10,96;15,21;51,32;22,01;40,92;39,62;17,74;197,78
07009003;Albissola Marina;Savona;1;5.145;36,44;18,01;93,46;13,86;46,78;32,38;24,72;283,92
07009005;Altare;Savona;1;1.931;7,21;4,51;36,91;10,40;28,49;53,12;6,21;146,86
07009006;Andora;Savona;1;7.258;17,51;81,15;147,37;25,40;57,82;51,37;14,46;418,75
07009007;Arnasco;Savona;1;553;23,45;;66,54;7,61;10,82;38,59;4,50;151,51
07009008;Balestrino;Savona;1;528;16,87;4,49;69,59;11,79;9,72;39,07;59,52;211,06
07009009;Bardineto;Savona;1;761;11,38;30,32;83,82;;22,47;15,01;18,81;189,03
07009010;Bergeggi;Savona;1;1.047;34,04;22,74;92,28;34,70;75,94;72,50;53,39;457,83
07009011;Boissano;Savona;1;2.534;15,70;6,44;59,42;8,67;3,37;17,71;11,10;122,40
07009012;Borghetto Santo Spirito;Savona;1;4.618;33,01;44,58;152,33;15,97;63,77;48,87;55,55;414,07
07009013;Borgio Verezzi;Savona;1;2.102;47,16;29,92;166,86;;76,69;51,57;30,11;402,32
07009014;Bormida;Savona;1;327;8,88;8,36;60,70;;;35,85;4,48;120,83
07009015;Cairo Montenotte;Savona;1;12.766;14,68;9,79;59,78;15,83;28,31;43,96;13,16;185,52
07009017;Calizzano;Savona;1;1.439;15,26;11,44;70,06;;12,20;17,41;24,65;151,01
07009018;Carcare;Savona;1;5.305;31,55;18,65;55,40;15,77;17,39;0,25;2,57;146,90
07009019;Casanova Lerrone;Savona;1;739;32,69;29,80;45,34;15,55;6,16;29,32;6,72;165,57
07009020;Castelbianco;Savona;1;321;39,10;8,47;44,88;;11,69;27,67;21,04;152,85
07009021;Castelvecchio di Rocca Barbena;Savona;1;127;45,53;11,77;143,79;13,89;;48,17;20,39;283,54
07009022;Celle Ligure;Savona;1;4.832;49,45;22,64;130,40;25,73;64,85;54,13;33,18;380,37
07009023;Cengio;Savona;1;3.308;4,33;11,74;24,73;30,33;8,80;28,42;14,61;122,96
07009024;Ceriale;Savona;1;5.326;56,55;23,91;102,67;39,01;58,88;58,78;67,95;407,75
07009025;Cisano sul Neva;Savona;1;2.123;16,69;15,43;84,03;;2,36;13,26;7,26;139,03
07009026;Cosseria;Savona;1;1.035;14,42;5,83;45,80;15,61;;61,14;56,06;198,85
07009027;Dego;Savona;1;1.796;14,12;6,43;59,91;12,81;1,33;19,76;16,60;136,52
07009028;Erli;Savona;1;217;18,86;6,88;56,70;5,60;;40,00;1,72;129,77
07009029;Finale Ligure;Savona;1;11.064;37,63;25,02;176,48;34,09;64,18;50,23;30,30;417,92
07009030;Garlenda;Savona;1;1.379;27,30;8,66;109,19;;10,99;24,15;17,02;197,31
07009031;Giustenice;Savona;1;1.015;20,29;;53,79;7,63;7,29;24,75;4,68;118,43
07009032;Giusvalla;Savona;1;395;8,34;;62,49;15,20;;20,29;2,66;108,98
07009033;Laigueglia;Savona;1;1.710;46,48;19,62;140,27;33,04;189,43;175,71;50,77;655,31
07009035;Magliolo;Savona;1;968;9,40;6,63;41,68;14,08;;25,97;4,09;101,85
07009036;Mallare;Savona;1;1.070;14,45;21,27;46,63;;4,21;33,20;0,55;120,33
07009037;Massimino;Savona;1;103;25,71;26,65;102,83;;;32,69;1,21;189,10
07009038;Millesimo;Savona;1;3.259;11,27;44,59;40,07;1,90;27,81;41,83;32,31;199,79
07009039;Mioglia;Savona;1;510;29,54;22,21;30,37;;;27,29;8,43;126,01
07009041;Nasino;Savona;1;164;40,54;9,41;61,05;6,17;6,11;27,82;98,09;249,18
07009042;Noli;Savona;1;2.454;56,78;40,62;111,21;18,38;58,95;44,81;58,71;414,71
07009043;Onzo;Savona;1;216;25,81;5,94;102,77;16,46;18,56;6,61;12,95;189,10
07009044;Orco Feglino;Savona;1;920;16,80;6,18;70,30;14,58;;27,76;8,59;144,20
07009045;Ortovero;Savona;1;1.694;12,97;3,98;53,07;;2,68;15,25;15,50;103,44
07009046;Osiglia;Savona;1;428;16,89;7,11;50,67;9,70;;60,22;6,54;151,13
07009047;Pallare;Savona;1;851;9,02;5,53;50,31;21,20;;25,66;2,71;114,42
07009048;Piana Crixia;Savona;1;733;15,93;21,48;51,07;;;36,06;21,48;146,02
07009049;Pietra Ligure;Savona;1;8.278;27,30;32,11;89,24;29,23;66,44;30,09;34,87;332,96
07009050;Plodio;Savona;1;623;5,25;17,18;57,14;14,06;3,64;55,76;9,13;165,37
07009051;Pontinvrea;Savona;1;797;94,50;12,45;6,93;32,04;45,86;36,88;1,45;230,11
07009052;Quiliano;Savona;1;6.863;10,12;7,54;35,67;16,85;11,77;18,48;16,66;117,08
07009053;Rialto;Savona;1;532;12,73;5,20;19,98;21,08;;37,89;7,51;110,36
07009054;Roccavignale;Savona;1;761;22,58;21,83;53,41;10,26;36,91;27,46;2,60;182,53
07009055;Sassello;Savona;1;1.678;35,22;18,81;82,82;24,22;;34,90;0,67;204,86
07009056;Savona;Savona;1;58.620;50,38;27,54;49,61;;19,48;70,46;13,63;243,76
07009057;Spotorno;Savona;1;3.397;41,38;36,32;125,24;54,00;59,84;66,01;81,94;494,35
07009058;Stella;Savona;1;2.971;17,89;10,93;63,64;4,76;3,75;17,44;1,11;119,53
07009059;Stellanello;Savona;1;848;6,18;4,19;52,01;3,32;18,98;16,46;1,37;102,51
07009061;Toirano;Savona;1;2.709;55,75;;17,07;;1,89;22,43;2,53;99,67
07009062;Tovo San Giacomo;Savona;1;2.524;14,86;5,25;29,43;10,80;;9,42;3,36;73,12
07009063;Urbe;Savona;1;647;80,21;;153,16;23,19;;64,49;1,26;337,76
07009064;Vado Ligure;Savona;1;8.005;30,01;3,16;91,32;11,64;35,13;25,92;39,13;240,78
07009065;Varazze;Savona;1;12.539;32,33;37,09;70,12;25,85;55,43;49,93;45,38;336,79
07009066;Vendone;Savona;1;341;13,26;4,35;70,16;28,22;29,74;62,90;1,77;210,40
07009067;Vezzi Portio;Savona;1;788;21,43;39,92;22,35;4,38;1,77;23,53;10,98;124,37
07009068;Villanova d'Albenga;Savona;1;2.779;45,02;;60,49;;23,55;20,73;3,61;153,40
07009069;Zuccarello;Savona;1;284;24,52;11,75;78,64;16,20;29,75;91,73;2,84;255,44
09052001;Abbadia San Salvatore;Siena;1;6.139;30,22;8,56;77,79;57,99;30,34;27,17;22,04;254,11
09052002;Asciano;Siena;1;6.814;21,72;8,28;64,02;65,86;20,39;35,09;16,34;231,88
09052003;Buonconvento;Siena;1;2.976;31,17;8,43;47,46;65,87;30,27;31,03;25,12;242,71
09052004;Casole d'Elsa;Siena;1;3.715;29,41;14,18;45,72;62,78;24,84;19,56;22,39;218,89
09052006;Castelnuovo Berardenga;Siena;1;8.961;19,71;5,24;47,65;46,11;20,51;27,15;30,41;198,29
09052007;Castiglione d'Orcia;Siena;1;2.125;41,92;9,34;24,94;37,92;59,85;37,04;25,90;236,91
09052009;Chianciano Terme;Siena;1;6.989;16,73;5,88;62,71;68,87;36,39;32,83;63,64;288,93
09052010;Chiusdino;Siena;1;1.713;41,46;17,99;78,94;97,08;33,78;19,77;11,01;300,67
09052011;Chiusi;Siena;1;8.176;16,21;5,74;75,98;61,98;21,99;18,71;27,87;236,46
09052012;Colle di Val d'Elsa;Siena;1;21.621;21,97;8,79;41,63;48,68;25,16;17,95;20,89;185,16
09052037;Montalcino;Siena;1;5.622;56,23;17,89;60,32;75,23;55,07;27,06;29,83;321,64
09052015;Montepulciano;Siena;1;13.237;24,31;11,09;64,63;68,95;52,47;30,01;34,46;290,02
09052016;Monteriggioni;Siena;1;10.027;18,31;7,70;56,23;54,26;13,08;26,12;26,86;202,71
09052017;Monteroni d'Arbia;Siena;1;9.060;18,39;4,41;44,15;42,29;21,63;30,68;32,25;193,80
09052018;Monticiano;Siena;1;1.651;54,00;1,98;62,57;17,80;10,88;21,24;28,55;201,04
09052019;Murlo;Siena;1;2.488;23,69;6,58;52,22;60,87;30,31;14,30;26,48;219,19
09052020;Piancastagnaio;Siena;1;3.859;56,21;24,49;44,80;106,26;32,99;28,40;15,38;308,53
09052021;Pienza;Siena;1;1.966;38,43;11,33;162,54;74,15;62,35;46,68;28,90;424,37
09052022;Poggibonsi;Siena;1;28.191;23,36;10,82;45,99;56,58;23,38;16,90;18,27;197,69
09052024;Radicofani;Siena;1;1.051;40,96;6,23;140,03;30,04;57,50;38,75;47,71;361,22
09052026;Rapolano Terme;Siena;1;5.114;22,21;7,34;70,76;60,59;15,50;21,24;19,54;217,59
09052027;San Casciano dei Bagni;Siena;1;1.452;32,17;37,79;120,18;78,16;78,27;38,39;71,90;456,86
09052028;San Gimignano;Siena;1;7.490;37,63;15,55;51,38;76,57;52,40;26,36;32,60;292,49
09052030;San Quirico d'Orcia;Siena;1;2.600;23,93;12,33;44,34;80,58;40,96;19,48;17,73;239,35
09052031;Sarteano;Siena;1;4.480;22,06;8,30;67,34;67,07;21,90;24,75;53,15;264,58
09052032;Siena;Siena;1;53.011;38,22;6,98;62,74;51,16;48,87;29,71;21,49;259,60
09052033;Sinalunga;Siena;1;12.016;21,05;5,86;62,50;48,47;23,47;26,62;19,52;209,05
09052034;Sovicille;Siena;1;9.924;22,90;6,93;63,58;53,00;8,39;25,64;10,30;192,77
09052035;Torrita di Siena;Siena;1;6.968;19,95;6,12;57,46;54,24;24,41;20,16;15,02;199,06
19089001;Augusta;Siracusa;1;34.618;44,25;51,88;77,00;19,95;58,33;6,36;13,03;333,03
19089003;Buccheri;Siracusa;1;1.725;13,50;0,48;19,35;15,09;;65,10;17,71;131,22
19089004;Buscemi;Siracusa;1;949;35,10;15,11;36,85;28,97;1,54;9,53;12,85;139,94
19089005;Canicattini Bagni;Siracusa;1;6.488;20,12;19,66;67,43;16,16;3,19;10,25;;162,59
19089006;Carlentini;Siracusa;1;17.029;13,75;20,66;66,41;17,22;9,77;10,77;4,48;182,88
19089007;Cassaro;Siracusa;1;719;40,40;53,85;43,12;6,54;;18,76;21,50;184,17
19089008;Ferla;Siracusa;1;2.259;20,21;9,08;56,41;17,50;0,24;19,97;;123,41
19089009;Floridia;Siracusa;1;21.243;7,57;11,70;37,21;38,31;16,54;6,03;9,50;164,46
19089010;Francofonte;Siracusa;1;11.676;13,23;38,43;60,25;0,59;31,42;10,35;;161,98
19089011;Lentini;Siracusa;1;21.423;49,82;27,67;21,35;8,73;43,79;9,34;3,65;182,72
19089012;Melilli;Siracusa;1;13.184;19,34;12,86;84,86;28,92;34,19;47,99;100,20;330,24
19089015;Palazzolo Acreide;Siracusa;1;8.049;7,15;52,74;36,20;32,23;13,51;36,80;9,07;187,71
19089020;Portopalo di Capo Passero;Siracusa;1;3.826;57,14;29,76;50,00;38,09;26,19;22,26;11,47;258,43
19089021;Priolo Gargallo;Siracusa;1;11.198;213,53;112,22;21,44;8,93;70,95;87,82;;514,89
19089016;Rosolini;Siracusa;1;20.580;13,73;13,58;37,90;38,89;12,31;17,47;8,03;152,06
19089017;Siracusa;Siracusa;1;116.051;75,57;31,04;45,34;35,18;30,19;17,89;18,58;253,80
19089018;Solarino;Siracusa;1;7.536;9,97;10,75;75,83;19,05;32,87;;7,48;155,94
19089019;Sortino;Siracusa;1;8.147;11,49;9,09;56,52;17,37;25,12;12,58;3,50;135,68
03014001;Albaredo per San Marco;Sondrio;1;298;8,95;14,53;52,85;26,65;5,51;25,54;6,13;144,69
03014002;Albosaggia;Sondrio;1;3.001;17,94;24,76;21,48;22,04;;13,01;8,36;108,03
03014003;Andalo Valtellino;Sondrio;1;592;23,58;39,83;26,53;24,32;0,28;22,58;9,09;148,49
03014004;Aprica;Sondrio;1;1.467;64,91;59,35;107,04;59,72;14,17;30,89;69,01;406,01
03014005;Ardenno;Sondrio;1;3.228;14,08;20,55;26,37;32,00;3,81;14,09;7,75;119,06
03014006;Bema;Sondrio;1;115;81,56;33,72;44,93;26,33;39,61;51,38;8,59;297,87
03014007;Berbenno di Valtellina;Sondrio;1;4.063;17,07;35,89;28,46;22,11;1,66;10,60;20,50;136,62
03014008;Bianzone;Sondrio;1;1.268;18,19;21,58;30,26;25,14;;18,19;9,55;123,97
03014009;Bormio;Sondrio;1;3.938;38,30;75,85;66,88;87,34;40,96;33,88;28,92;372,49
03014010;Buglio in Monte;Sondrio;1;2.013;17,88;40,74;17,88;15,90;;18,38;1,49;112,27
03014012;Campodolcino;Sondrio;1;942;87,46;57,08;56,73;40,29;1,24;7,79;14,61;266,64
03014013;Caspoggio;Sondrio;1;1.340;45,86;28,55;41,89;22,52;18,83;19,40;11,35;188,66
03014014;Castello dell'Acqua;Sondrio;1;605;23,03;20,91;6,30;20,78;5,68;74,50;11,57;165,00
03014015;Castione Andevenno;Sondrio;1;1.574;24,50;37,79;34,13;28,23;0,14;29,15;16,59;171,38
03014016;Cedrasco;Sondrio;1;418;13,64;8,97;26,78;13,44;11,92;22,90;8,96;109,84
03014017;Cercino;Sondrio;1;797;4,13;19,88;7,77;18,42;1,26;27,17;5,44;85,75
03014018;Chiavenna;Sondrio;1;7.257;27,54;36,17;26,36;34,00;13,79;13,52;9,90;161,47
03014019;Chiesa in Valmalenco;Sondrio;1;2.281;53,88;33,54;49,22;26,46;22,12;22,80;13,33;221,65
03014020;Chiuro;Sondrio;1;2.442;23,12;30,62;45,97;43,50;6,58;15,21;24,08;189,63
03014021;Cino;Sondrio;1;350;11,83;19,86;4,29;16,41;21,22;13,50;5,19;96,16
03014022;Civo;Sondrio;1;1.108;45,58;33,72;65,75;21,20;4,52;54,60;11,90;238,50
03014023;Colorina;Sondrio;1;1.320;22,65;25,85;26,15;13,47;0,25;8,93;6,37;104,70
03014024;Cosio Valtellino;Sondrio;1;5.561;15,20;27,92;13,81;17,25;5,15;13,04;9,69;102,66
03014025;Dazio;Sondrio;1;512;37,35;29,45;49,19;23,72;14,53;13,79;7,74;178,41
03014026;Delebio;Sondrio;1;3.310;20,86;32,96;34,48;27,85;0,28;12,23;8,65;137,71
03014027;Dubino;Sondrio;1;3.798;17,60;32,96;13,95;28,63;0,06;9,27;8,55;111,38
03014028;Faedo Valtellino;Sondrio;1;498;58,23;43,48;60,88;;;;;162,60
03014029;Forcola;Sondrio;1;766;20,02;15,25;30,95;18,36;0,06;16,93;7,13;110,47
03014030;Fusine;Sondrio;1;551;9,98;28,37;22,29;38,20;4,82;12,06;9,34;127,51
03014031;Gerola Alta;Sondrio;1;165;140,82;67,87;98,82;65,32;;11,84;11,23;404,09
03014032;Gordona;Sondrio;1;1.966;3,28;26,75;26,04;18,49;9,29;17,03;8,94;110,50
03014033;Grosio;Sondrio;1;4.293;13,66;36,43;19,68;18,70;1,27;6,96;10,67;107,68
03014034;Grosotto;Sondrio;1;1.641;21,60;43,33;14,46;17,86;12,41;15,07;18,24;143,79
03014036;Lanzada;Sondrio;1;1.258;48,85;30,41;44,62;23,99;20,06;20,67;12,09;200,95
03014037;Livigno;Sondrio;1;6.802;117,71;83,48;48,86;53,87;1,20;20,71;37,79;363,80
03014038;Lovero;Sondrio;1;617;3,73;26,03;14,13;24,81;2,54;11,69;13,24;96,18
03014035;Madesimo;Sondrio;1;515;;307,89;46,70;;32,89;89,88;69,04;856,37
03014039;Mantello;Sondrio;1;748;23,01;28,86;24,51;23,49;;8,82;7,61;118,10
03014040;Mazzo di Valtellina;Sondrio;1;1.019;22,06;25,98;24,80;17,61;10,49;14,78;6,30;123,35
03014041;Mello;Sondrio;1;936;15,98;19,89;37,32;16,47;2,19;13,28;5,33;111,90
03014043;Mese;Sondrio;1;1.857;13,95;22,44;18,01;20,29;1,24;12,86;6,63;96,15
03014045;Morbegno;Sondrio;1;12.282;15,45;29,19;26,24;24,97;2,51;9,20;8,40;116,08
03014047;Pedesina;Sondrio;1;35;198,09;61,51;166,34;44,69;;173,11;53,83;736,17
03014048;Piantedo;Sondrio;1;1.442;21,75;35,60;25,86;27,53;0,08;16,62;10,68;139,07
03014049;Piateda;Sondrio;1;2.064;28,01;31,01;18,35;27,32;0,36;14,69;8,33;128,72
03014050;Piuro;Sondrio;1;1.910;18,01;8,75;53,34;44,91;3,78;17,68;9,73;156,91
03014052;Ponte in Valtellina;Sondrio;1;2.196;16,27;24,52;46,64;28,06;0,93;9,38;7,57;133,96
03014054;Prata Camportaccio;Sondrio;1;2.925;20,38;21,97;12,72;26,25;1,10;13,39;6,61;102,43
03014055;Rasura;Sondrio;1;288;46,73;31,38;26,22;8,95;17,40;31,24;5,40;172,00
03014056;Rogolo;Sondrio;1;570;39,59;35,12;34,04;26,47;16,87;21,48;17,76;193,71
03014057;Samolaco;Sondrio;1;2.881;16,53;19,43;26,01;14,87;2,06;20,58;4,95;104,91
03014058;San Giacomo Filippo;Sondrio;1;364;72,16;43,43;69,49;33,77;17,34;30,87;23,45;294,21
03014059;Sernio;Sondrio;1;486;24,09;22,48;11,64;16,12;0,71;17,25;5,50;100,58
03014060;Sondalo;Sondrio;1;3.860;24,64;30,43;23,26;20,11;7,43;12,29;8,65;127,16
03014061;Sondrio;Sondrio;1;21.244;53,37;34,66;51,99;30,53;4,35;11,60;16,13;202,70
03014063;Talamona;Sondrio;1;4.600;11,27;33,18;22,13;28,95;0,27;11,05;8,69;115,84
03014064;Tartano;Sondrio;1;207;78,21;54,79;122,62;31,29;21,78;35,45;13,03;363,70
03014066;Tirano;Sondrio;1;8.848;26,41;33,18;34,29;25,18;5,78;8,49;9,47;142,94
03014068;Tovo di Sant'Agata;Sondrio;1;609;23,39;23,16;3,46;16,71;13,16;16,09;5,66;103,85
03014069;Traona;Sondrio;1;2.874;16,62;20,32;25,80;18,67;4,53;15,61;5,65;107,66
03014070;Tresivio;Sondrio;1;2.040;20,93;26,05;34,54;19,87;2,91;12,95;6,71;124,62
03014074;Val Masino;Sondrio;1;830;41,36;34,91;53,65;18,40;4,90;25,86;9,70;190,39
03014071;Valdidentro;Sondrio;1;4.179;35,84;37,65;48,25;28,49;4,67;27,21;11,50;193,94
03014072;Valdisotto;Sondrio;1;3.569;42,78;27,25;53,27;16,11;2,16;10,35;9,86;162,16
03014075;Verceia;Sondrio;1;1.080;20,45;26,53;27,52;21,38;;44,39;13,99;155,51
03014076;Vervio;Sondrio;1;201;56,35;32,51;28,25;18,31;4,03;35,18;7,33;188,69
03014077;Villa di Chiavenna;Sondrio;1;953;33,91;41,87;35,48;25,94;;11,97;19,16;169,75
03014078;Villa di Tirano;Sondrio;1;2.996;21,52;31,56;23,93;24,31;4,21;17,62;8,06;131,66
20111001;Arbus;Sud Sardegna [fino 2024];1;5.650;21,19;11,95;98,61;15,34;3,10;20,78;11,96;182,92
20111004;Barrali;Sud Sardegna [fino 2024];1;1.099;9,81;24,57;27,41;;10,94;15,56;0,94;89,24
20111005;Barumini;Sud Sardegna [fino 2024];1;1.136;12,48;15,45;61,27;30,57;2,07;11,63;5,71;139,18
20111007;Burcei;Sud Sardegna [fino 2024];1;2.612;25,12;14,11;83,05;11,50;11,66;19,25;12,54;177,22
20111008;Calasetta;Sud Sardegna [fino 2024];1;2.808;14,18;6,96;77,43;38,49;32,42;46,37;9,19;225,05
20111009;Carbonia;Sud Sardegna [fino 2024];1;25.990;10,71;15,31;59,54;25,89;28,87;16,80;33,30;190,43
20111010;Carloforte;Sud Sardegna [fino 2024];1;5.899;17,31;15,29;123,45;16,99;45,86;33,08;17,56;269,53
20111012;Collinas;Sud Sardegna [fino 2024];1;752;10,20;12,63;50,07;24,98;1,69;9,51;5,89;114,97
20111013;Decimoputzu;Sud Sardegna [fino 2024];1;4.169;10,01;14,69;36,93;10,48;4,17;13,98;62,37;152,64
20111014;Dolianova;Sud Sardegna [fino 2024];1;9.401;14,25;40,04;57,00;;10,58;13,88;0,95;136,70
20111017;Donori;Sud Sardegna [fino 2024];1;1.955;13,42;31,75;45,71;;4,39;12,05;0,90;108,22
20111018;Escalaplano;Sud Sardegna [fino 2024];1;2.055;13,21;9,64;106,86;11,17;;12,56;5,98;159,42
20111019;Escolca;Sud Sardegna [fino 2024];1;539;9,40;6,86;76,06;7,95;;12,52;5,54;118,33
20111020;Esterzili;Sud Sardegna [fino 2024];1;559;12,94;9,44;104,68;10,94;;28,08;5,66;171,74
20111022;Furtei;Sud Sardegna [fino 2024];1;1.500;11,12;13,77;54,61;27,25;1,85;10,37;5,08;124,05
20111023;Genoni;Sud Sardegna [fino 2024];1;744;14,31;10,44;115,75;12,10;;15,28;4,42;172,28
20111024;Genuri;Sud Sardegna [fino 2024];1;299;9,47;11,74;46,53;23,22;1,57;8,83;4,33;105,68
20111025;Gergei;Sud Sardegna [fino 2024];1;1.104;22,06;34,23;32,89;17,26;;14,28;9,72;130,43
20111026;Gesico;Sud Sardegna [fino 2024];1;729;16,10;10,24;73,36;12,92;;13,83;8,75;135,21
20111027;Gesturi;Sud Sardegna [fino 2024];1;1.135;10,83;13,41;53,17;26,53;1,80;10,10;4,95;120,79
20111028;Giba;Sud Sardegna [fino 2024];1;1.909;18,52;;50,52;;4,25;19,44;4,25;96,99
20111031;Gonnosfanadiga;Sud Sardegna [fino 2024];1;6.101;3,14;20,10;53,92;14,73;30,00;10,34;14,05;146,27
20111033;Guasila;Sud Sardegna [fino 2024];1;2.473;14,93;12,58;68,00;11,97;15,43;15,16;8,31;146,38
20111034;Guspini;Sud Sardegna [fino 2024];1;10.851;9,84;34,49;60,03;;28,54;20,22;6,51;159,63
20111035;Iglesias;Sud Sardegna [fino 2024];1;24.903;10,03;0,12;60,64;34,63;38,58;20,94;20,38;185,30
20111036;Isili;Sud Sardegna [fino 2024];1;2.443;8,76;6,39;70,86;7,41;;11,47;8,50;113,38
20111037;Las Plassas;Sud Sardegna [fino 2024];1;205;10,88;13,47;53,43;26,66;1,80;10,14;4,97;121,36
20111038;Lunamatrona;Sud Sardegna [fino 2024];1;1.594;12,42;15,38;60,96;30,42;2,06;11,58;5,68;138,50
20111039;Mandas;Sud Sardegna [fino 2024];1;1.979;49,32;18,32;10,26;3,81;;15,62;7,56;104,89
20111040;Masainas;Sud Sardegna [fino 2024];1;1.201;19,52;18,05;38,55;11,32;0,01;21,79;3,53;112,76
20111041;Monastir;Sud Sardegna [fino 2024];1;4.744;7,19;8,99;38,16;14,60;16,36;10,24;9,45;104,98
20111042;Muravera;Sud Sardegna [fino 2024];1;5.078;103,37;25,85;203,85;8,26;9,74;27,24;4,10;382,41
20111045;Nuragus;Sud Sardegna [fino 2024];1;816;14,12;10,30;114,20;11,94;;19,06;9,02;178,63
20111046;Nurallao;Sud Sardegna [fino 2024];1;1.129;14,06;10,26;113,78;11,89;;16,38;4,15;170,52
20111047;Nuraminis;Sud Sardegna [fino 2024];1;2.322;7,26;9,07;38,53;14,74;21,99;10,72;10,70;113,00
20111048;Nurri;Sud Sardegna [fino 2024];1;2.015;13,45;9,81;108,79;11,37;12,85;13,88;10,09;180,24
20111049;Nuxis;Sud Sardegna [fino 2024];1;1.421;20,65;31,85;70,49;20,00;8,81;56,23;;208,03
20111050;Orroli;Sud Sardegna [fino 2024];1;1.949;14,20;10,36;114,93;12,01;;14,50;8,71;174,72
20111051;Ortacesus;Sud Sardegna [fino 2024];1;875;14,57;9,26;66,36;11,69;;15,25;7,95;125,07
20111052;Pabillonis;Sud Sardegna [fino 2024];1;2.447;7,95;14,85;66,57;35,37;24,84;5,08;15,65;170,30
20111053;Pauli Arbarei;Sud Sardegna [fino 2024];1;546;10,85;13,44;53,28;26,59;1,80;10,12;4,96;121,04
20111054;Perdaxius;Sud Sardegna [fino 2024];1;1.298;20,57;16,10;36,85;19,57;;10,06;15,86;119,01
20111055;Pimentel;Sud Sardegna [fino 2024];1;1.102;15,09;9,59;68,73;12,10;;15,00;7,97;128,48
20111056;Piscinas;Sud Sardegna [fino 2024];1;772;16,22;31,92;57,57;;;16,44;7,06;129,20
20111058;Sadali;Sud Sardegna [fino 2024];1;809;15,20;11,09;122,95;12,85;;23,19;10,75;196,02
20111060;Samatzai;Sud Sardegna [fino 2024];1;1.522;7,48;9,35;39,73;15,19;;10,55;8,78;91,09
20111062;San Gavino Monreale;Sud Sardegna [fino 2024];1;7.975;6,24;43,94;26,77;28,47;6,62;20,04;9,34;141,42
20111063;San Giovanni Suergiu;Sud Sardegna [fino 2024];1;5.601;9,93;11,94;56,30;22,88;21,86;10,46;2,49;135,87
20111065;San Sperate;Sud Sardegna [fino 2024];1;8.487;16,28;9,31;59,11;19,40;10,28;19,98;18,25;152,61
20111066;San Vito;Sud Sardegna [fino 2024];1;3.421;78,89;22,87;44,25;;;7,04;1,32;154,38
20111067;Sanluri;Sud Sardegna [fino 2024];1;8.081;15,22;18,84;74,71;37,28;2,53;14,19;6,96;169,72
20111068;Santadi;Sud Sardegna [fino 2024];1;3.104;11,02;13,18;79,75;16,10;12,71;8,88;9,16;150,81
20111070;Sant'Anna Arresi;Sud Sardegna [fino 2024];1;2.637;15,06;24,16;88,26;18,28;15,56;82,84;50,68;294,84
20111071;Sant'Antioco;Sud Sardegna [fino 2024];1;10.570;8,47;14,83;63,11;24,61;41,02;23,42;5,25;180,71
20111072;Sardara;Sud Sardegna [fino 2024];1;3.773;9,21;18,29;45,30;27,17;28,12;15,57;6,19;149,85
20111073;Segariu;Sud Sardegna [fino 2024];1;1.103;10,37;12,84;50,89;25,40;1,72;9,66;4,74;115,62
20111074;Selegas;Sud Sardegna [fino 2024];1;1.273;14,86;9,45;67,69;11,92;;14,10;8,20;126,21
20111076;Serdiana;Sud Sardegna [fino 2024];1;2.642;12,92;34,49;51,70;;8,90;9,57;0,86;118,44
20111077;Serramanna;Sud Sardegna [fino 2024];1;8.491;10,35;17,78;44,10;25,58;7,99;21,63;17,89;145,32
20111078;Serrenti;Sud Sardegna [fino 2024];1;4.496;4,78;19,67;43,62;;14,02;20,47;24,48;127,03
20111079;Serri;Sud Sardegna [fino 2024];1;602;8,72;6,36;70,56;7,38;;17,83;8,52;119,38
20111080;Setzu;Sud Sardegna [fino 2024];1;125;9,68;11,99;47,56;23,73;1,61;9,02;4,42;108,02
20111081;Seui;Sud Sardegna [fino 2024];1;1.138;10,98;8,01;88,87;9,29;;12,24;4,14;133,54
20111082;Seulo;Sud Sardegna [fino 2024];1;775;9,77;7,13;79,08;8,26;;17,83;4,16;126,23
20111083;Siddi;Sud Sardegna [fino 2024];1;559;11,33;14,03;55,63;27,76;1,88;10,56;5,18;126,38
20111084;Siliqua;Sud Sardegna [fino 2024];1;3.528;23,63;1,08;76,20;3,25;2,09;10,12;1,60;117,99
20111086;Siurgus Donigala;Sud Sardegna [fino 2024];1;1.824;14,94;9,50;68,04;11,98;;11,64;8,09;124,19
20111087;Soleminis;Sud Sardegna [fino 2024];1;1.874;13,59;10,16;54,36;23,71;14,05;12,41;6,02;134,29
20111088;Suelli;Sud Sardegna [fino 2024];1;1.084;14,54;9,25;66,25;11,67;;16,35;7,93;125,99
20111089;Teulada;Sud Sardegna [fino 2024];1;3.214;37,20;28,30;99,93;18,80;36,51;14,06;5,12;239,92
20111090;Tratalias;Sud Sardegna [fino 2024];1;987;24,63;13,34;57,83;23,52;8,12;23,57;4,75;155,75
20111091;Tuili;Sud Sardegna [fino 2024];1;916;11,83;14,66;58,10;28,99;1,97;11,03;5,41;131,99
20111092;Turri;Sud Sardegna [fino 2024];1;373;10,27;12,72;50,45;25,17;1,71;9,58;4,70;114,60
20111094;Ussaramanna;Sud Sardegna [fino 2024];1;477;12,35;15,30;60,66;30,27;2,05;11,52;5,65;137,80
20111095;Vallermosa;Sud Sardegna [fino 2024];1;1.797;8,06;;53,66;32,91;0,58;32,73;6,00;135,63
20111096;Villacidro;Sud Sardegna [fino 2024];1;13.105;9,50;22,29;49,74;3,21;14,45;15,20;24,23;138,62
20111097;Villamar;Sud Sardegna [fino 2024];1;2.421;12,37;15,32;60,73;30,30;2,05;11,53;5,66;137,96
20111098;Villamassargia;Sud Sardegna [fino 2024];1;3.334;10,14;15,13;55,36;15,06;6,31;17,67;0,77;120,43
20111099;Villanova Tulo;Sud Sardegna [fino 2024];1;1.004;13,94;10,17;112,76;11,79;;13,16;8,15;169,96
20111100;Villanovaforru;Sud Sardegna [fino 2024];1;672;9,56;11,85;46,96;23,44;1,59;8,92;4,37;106,69
20111101;Villanovafranca;Sud Sardegna [fino 2024];1;1.161;11,58;14,34;56,84;28,37;1,92;10,79;5,29;129,13
20111102;Villaperuccio;Sud Sardegna [fino 2024];1;998;39,61;17,18;42,30;21,20;3,05;10,35;13,38;147,08
20111103;Villaputzu;Sud Sardegna [fino 2024];1;4.437;38,55;11,43;101,24;15,95;31,84;20,94;3,83;223,79
20111105;Villasimius;Sud Sardegna [fino 2024];1;3.720;31,55;37,77;262,31;38,03;73,01;63,69;79,04;585,40
20111106;Villasor;Sud Sardegna [fino 2024];1;6.592;9,32;11,65;49,49;18,93;5,22;;10,54;105,16
20111107;Villaspeciosa;Sud Sardegna [fino 2024];1;2.618;11,89;64,24;;11,10;20,02;11,66;6,58;125,49
16073001;Avetrana;Taranto;1;6.199;10,52;9,35;69,47;35,91;5,67;32,60;14,70;196,22
16073002;Carosino;Taranto;1;6.532;8,53;16,56;40,49;34,77;3,01;21,48;31,26;156,09
16073003;Castellaneta;Taranto;1;16.100;28,07;31,25;85,77;38,66;42,11;24,20;23,72;273,77
16073004;Crispiano;Taranto;1;13.033;11,19;;47,41;39,92;14,88;19,92;37,01;170,32
16073007;Ginosa;Taranto;1;21.783;37,02;23,23;30,63;25,33;18,20;14,78;1,50;150,69
16073008;Grottaglie;Taranto;1;30.454;9,17;51,50;67,80;4,38;27,00;17,42;6,64;183,91
16073009;Laterza;Taranto;1;14.753;14,48;25,92;81,89;8,22;19,10;13,96;16,42;180,00
16073010;Leporano;Taranto;1;8.234;21,28;40,88;86,45;71,21;40,47;20,34;8,14;303,68
16073011;Lizzano;Taranto;1;9.527;16,43;15,12;62,88;47,44;28,05;16,86;20,37;211,99
16073012;Manduria;Taranto;1;29.773;19,31;37,23;71,93;16,40;29,03;14,42;1,43;189,75
16073013;Martina Franca;Taranto;1;46.858;28,61;1,59;62,26;41,80;24,31;17,18;16,63;192,37
16073015;Massafra;Taranto;1;31.949;16,69;0,39;42,55;58,53;8,91;11,14;9,41;151,82
16073016;Monteiasi;Taranto;1;5.277;37,21;11,36;32,60;27,44;8,88;10,72;22,92;178,40
16073020;Palagianello;Taranto;1;7.542;16,85;19,22;47,17;18,07;30,46;12,68;22,67;168,08
16073021;Palagiano;Taranto;1;15.726;13,43;41,17;49,76;24,33;7,23;17,70;18,28;171,89
16073026;Sava;Taranto;1;15.223;6,82;18,07;45,18;43,12;16,36;26,36;25,40;181,32
16073029;Statte;Taranto;1;12.800;21,77;36,13;39,89;16,99;39,55;10,47;38,68;210,85
16073028;Torricella;Taranto;1;4.120;15,03;33,98;88,80;65,05;39,92;28,13;13,45;295,30
13067001;Alba Adriatica;Teramo;1;13.059;20,66;40,61;55,54;47,57;33,03;32,30;19,16;252,24
13067002;Ancarano;Teramo;1;1.855;21,48;40,70;40,11;28,54;17,92;22,70;9,96;183,84
13067003;Arsita;Teramo;1;733;12,21;18,59;51,93;21,07;2,08;21,36;4,81;132,05
13067005;Basciano;Teramo;1;2.319;9,42;7,88;69,07;7,44;10,99;5,25;3,03;113,08
13067006;Bellante;Teramo;1;6.816;9,71;11,36;56,08;23,66;6,49;19,47;9,12;137,64
13067007;Bisenti;Teramo;1;1.672;11,03;;46,90;37,00;4,58;21,36;2,63;123,50
13067008;Campli;Teramo;1;6.556;19,86;39,39;66,51;0,69;18,50;27,63;5,32;177,89
13067011;Castellalto;Teramo;1;7.247;7,59;20,94;41,47;23,97;6,37;20,90;33,44;154,69
13067013;Castiglione Messer Raimondo;Teramo;1;1.994;12,28;;53,08;20,73;2,12;28,86;0,99;118,06
13067014;Castilenti;Teramo;1;1.311;14,89;21,84;63,34;18,92;2,54;11,85;51,41;184,78
13067016;Cermignano;Teramo;1;1.445;9,82;13,94;54,04;10,40;3,39;5,11;24,41;121,12
13067017;Civitella del Tronto;Teramo;1;4.563;22,34;22,37;40,94;20,19;;28,87;7,85;145,04
13067018;Colledara;Teramo;1;2.075;10,62;19,92;69,04;17,91;1,33;17,90;20,82;157,55
13067019;Colonnella;Teramo;1;3.666;12,07;34,14;42,25;29,92;25,28;19,66;15,83;183,47
13067020;Controguerra;Teramo;1;2.219;16,03;39,50;39,80;22,53;11,60;25,58;22,26;179,73
13067021;Corropoli;Teramo;1;5.094;12,57;34,35;39,68;27,61;12,25;27,94;27,54;184,34
13067022;Cortino;Teramo;1;572;21,35;18,82;108,67;9,06;;7,86;22,48;188,24
13067023;Crognaleto;Teramo;1;1.058;29,82;11,34;164,42;12,76;;;27,23;245,57
13067024;Fano Adriano;Teramo;1;262;34,60;22,87;207,60;16,35;34,35;13,74;10,38;339,89
13067025;Giulianova;Teramo;1;23.475;10,33;10,22;66,96;27,66;37,19;30,79;47,42;230,57
13067026;Isola del Gran Sasso d'Italia;Teramo;1;4.474;9,47;14,24;53,00;16,59;7,50;21,41;7,13;129,74
13067047;Martinsicuro;Teramo;1;16.365;16,57;38,55;35,00;42,36;8,06;21,85;15,60;182,48
13067029;Morro d'Oro;Teramo;1;3.537;7,62;16,99;32,28;24,49;9,92;18,00;20,23;129,53
13067030;Mosciano Sant'Angelo;Teramo;1;9.168;11,11;17,06;56,80;24,08;14,08;11,50;37,36;171,99
13067031;Nereto;Teramo;1;5.322;9,29;16,37;29,69;24,57;13,51;17,07;4,49;121,97
13067032;Notaresco;Teramo;1;6.292;10,26;;50,56;31,95;8,90;51,62;2,73;156,03
13067033;Penna Sant'Andrea;Teramo;1;1.667;8,41;24,28;41,59;14,94;6,01;17,39;10,87;123,48
13067037;Roseto degli Abruzzi;Teramo;1;25.640;14,03;23,65;56,20;25,48;42,98;29,70;33,05;225,08
13067038;Sant'Egidio alla Vibrata;Teramo;1;9.796;12,70;19,22;29,18;26,33;9,44;22,75;8,16;130,89
13067039;Sant'Omero;Teramo;1;5.168;9,77;26,11;38,64;28,32;18,05;35,42;21,82;180,48
13067040;Silvi;Teramo;1;15.442;20,87;16,18;61,77;51,71;31,61;30,23;35,79;248,15
13067041;Teramo;Teramo;1;51.526;18,21;17,77;89,09;23,35;12,27;31,63;9,99;207,18
13067042;Torano Nuovo;Teramo;1;1.460;13,92;17,14;32,50;27,83;;13,92;6,21;113,48
13067044;Tortoreto;Teramo;1;11.852;20,93;42,78;44,82;46,46;24,24;38,12;10,29;232,32
13067045;Tossicia;Teramo;1;1.218;11,67;9,46;62,35;27,73;6,21;32,72;7,00;157,14
10055001;Acquasparta;Terni;1;4.383;16,13;18,80;65,99;22,15;19,58;32,81;4,83;184,29
10055002;Allerona;Terni;1;1.687;20,23;25,32;83,62;11,99;47,30;34,77;5,97;231,28
10055003;Alviano;Terni;1;1.344;19,65;11,67;73,92;18,17;18,58;32,24;39,67;218,21
10055006;Attigliano;Terni;1;1.988;16,46;13,97;79,03;17,11;8,24;27,41;9,34;213,79
10055033;Avigliano Umbro;Terni;1;2.353;22,77;25,74;84,90;13,27;12,12;33,43;2,74;199,46
10055007;Baschi;Terni;1;2.554;21,47;12,75;94,52;21,06;24,04;32,88;3,28;214,49
10055008;Calvi dell'Umbria;Terni;1;1.676;14,53;9,28;79,38;10,30;41,65;41,45;5,25;204,07
10055009;Castel Giorgio;Terni;1;1.998;20,88;32,10;110,94;15,21;26,44;41,64;15,60;264,94
10055010;Castel Viscardo;Terni;1;2.647;24,69;21,02;105,04;16,23;16,34;40,14;5,60;231,22
10055011;Fabro;Terni;1;2.592;23,39;29,67;94,67;16,15;16,93;32,76;21,36;241,20
10055013;Ficulle;Terni;1;1.544;26,78;34,91;85,07;13,51;48,95;41,88;4,59;261,94
10055016;Lugnano in Teverina;Terni;1;1.406;26,66;17,04;71,25;19,56;32,27;35,38;8,12;215,16
10055021;Monteleone d'Orvieto;Terni;1;1.356;21,96;14,45;87,92;21,40;17,39;35,51;8,83;216,10
10055022;Narni;Terni;1;17.904;13,03;23,42;70,42;10,91;22,17;39,93;13,10;194,94
10055023;Orvieto;Terni;1;19.367;20,13;35,83;88,85;19,00;11,44;35,33;25,44;238,12
10055024;Otricoli;Terni;1;1.691;16,06;7,27;89,19;23,71;38,98;44,78;5,54;228,07
10055025;Parrano;Terni;1;478;34,40;23,08;112,14;15,61;14,90;60,11;35,45;301,77
10055028;Porano;Terni;1;1.852;16,40;42,95;97,88;21,78;14,71;26,07;5,94;229,73
10055029;San Gemini;Terni;1;4.691;15,93;16,94;68,45;19,82;12,11;30,20;7,77;175,13
10055030;San Venanzo;Terni;1;2.158;17,86;21,12;69,05;20,02;22,51;19,86;27,61;198,04
10055032;Terni;Terni;1;106.677;11,95;26,96;71,77;13,61;14,97;51,29;22,08;214,46
01001001;Aglie';Torino;1;2.603;25,21;21,09;50,68;11,58;3,38;22,25;13,12;148,48
01001002;Airasca;Torino;1;3.686;12,77;30,03;27,43;11,19;3,99;24,01;18,00;133,31
01001003;Ala di Stura;Torino;1;473;17,63;17,28;42,36;8,40;7,44;27,14;0,08;120,33
01001004;Albiano d'Ivrea;Torino;1;1.619;22,62;18,93;44,39;10,39;9,57;24,81;10,75;142,52
01001006;Almese;Torino;1;6.323;22,74;19,68;50,51;16,95;11,98;16,40;15,14;156,96
01001007;Alpette;Torino;1;247;53,01;46,72;100,33;10,33;;95,67;41,11;347,17
01001008;Alpignano;Torino;1;16.609;20,26;0,75;44,02;34,87;27,67;8,72;30,54;170,15
01001009;Andezeno;Torino;1;2.011;8,84;;29,05;28,48;3,50;31,32;36,38;138,09
01001010;Andrate;Torino;1;467;27,97;23,41;54,90;12,85;;64,27;9,31;194,00
01001011;Angrogna;Torino;1;804;8,67;20,92;25,00;9,85;24,93;38,23;29,48;160,40
01001012;Arignano;Torino;1;1.075;12,39;;34,67;24,04;;33,68;24,06;129,35
01001013;Avigliana;Torino;1;12.228;25,02;21,65;55,57;18,64;16,23;27,45;61,39;229,53
01001014;Azeglio;Torino;1;1.244;19,92;16,67;39,09;9,15;;28,31;18,04;132,08
01001015;Bairo;Torino;1;785;23,80;19,92;47,74;10,93;12,19;33,35;7,38;156,42
01001016;Balangero;Torino;1;3.062;15,02;14,72;36,09;7,15;6,34;23,12;0,07;102,51
01001017;Baldissero Canavese;Torino;1;507;23,73;19,86;46,57;10,90;;38,25;37,89;178,30
01001018;Baldissero Torinese;Torino;1;3.752;7,49;;37,62;15,96;15,14;21,58;25,75;124,04
01001019;Balme;Torino;1;100;15,75;15,44;37,86;7,50;6,65;24,25;0,08;107,53
01001020;Banchette;Torino;1;3.111;27,96;23,40;54,87;12,84;13,35;27,20;25,51;186,42
01001021;Barbania;Torino;1;1.561;16,25;15,93;39,05;7,74;6,86;25,01;0,08;110,91
01001022;Bardonecchia;Torino;1;2.980;64,03;55,42;142,20;47,72;58,51;50,01;77,67;517,33
01001023;Barone Canavese;Torino;1;556;15,14;12,67;29,72;6,96;;39,91;7,97;113,08
01001024;Beinasco;Torino;1;17.462;11,42;18,68;49,30;12,13;20,74;29,79;37,36;179,98
01001025;Bibiana;Torino;1;3.328;8,83;26,64;24,95;8,41;3,22;29,62;18,44;126,08
01001026;Bobbio Pellice;Torino;1;536;15,03;39,70;60,13;8,71;11,95;66,05;63,05;269,49
01001027;Bollengo;Torino;1;2.118;25,37;21,23;50,72;11,65;8,51;31,41;18,15;168,21
01001028;Borgaro Torinese;Torino;1;11.723;38,44;22,02;82,35;14,02;21,83;20,77;43,68;243,76
01001029;Borgiallo;Torino;1;588;29,85;21,08;56,49;4,66;;56,95;2,22;171,25
01001030;Borgofranco d'Ivrea;Torino;1;3.474;26,05;21,80;51,13;11,96;;25,62;13,25;151,02
01001031;Borgomasino;Torino;1;765;22,07;18,47;43,32;10,14;;35,98;40,44;171,45
01001032;Borgone Susa;Torino;1;2.205;20,65;17,87;45,86;15,39;13,74;7,81;13,18;139,13
01001033;Bosconero;Torino;1;3.075;29,74;32,25;56,28;7,13;;23,08;6,20;154,69
01001034;Brandizzo;Torino;1;8.691;24,75;16,36;59,56;12,09;25,73;22,62;34,95;196,97
01001035;Bricherasio;Torino;1;4.615;8,61;30,05;25,87;9,14;5,36;26,25;18,34;135,11
01001036;Brosso;Torino;1;390;37,44;21,48;70,86;4,75;;37,76;8,45;180,74
01001037;Brozolo;Torino;1;446;25,04;17,61;61,19;16,47;0,72;44,81;26,00;192,33
01001038;Bruino;Torino;1;8.433;12,24;15,78;58,92;15,14;7,27;35,60;21,44;166,96
01001039;Brusasco;Torino;1;1.494;24,90;17,19;63,49;16,37;16,37;18,09;36,39;193,31
01001040;Bruzolo;Torino;1;1.485;22,02;19,06;48,90;16,41;;19,32;5,40;134,44
01001041;Buriasco;Torino;1;1.321;11,36;26,43;36,35;12,78;4,39;25,60;18,95;142,53
01001042;Burolo;Torino;1;1.118;31,71;26,53;62,23;14,56;4,41;48,29;17,25;206,45
01001044;Bussoleno;Torino;1;5.714;22,23;19,24;49,38;16,57;8,31;17,85;16,08;153,54
01001045;Buttigliera Alta;Torino;1;6.203;27,66;0,63;37,31;29,55;2,70;31,24;8,44;146,00
01001046;Cafasse;Torino;1;3.302;16,91;16,58;40,64;8,05;7,14;26,03;0,08;115,42
01001047;Caluso;Torino;1;7.374;25,36;21,22;49,78;11,65;9,25;23,63;26,63;168,71
01001048;Cambiano;Torino;1;5.891;5,09;;36,55;26,28;21,09;32,75;55,39;177,66
01001049;Campiglione Fenile;Torino;1;1.310;11,12;32,40;26,27;9,78;7,08;35,10;19,71;148,44
01001050;Candia Canavese;Torino;1;1.190;23,52;19,68;46,15;10,80;;43,85;27,64;172,72
01001051;Candiolo;Torino;1;5.616;14,58;16,36;43,39;16,35;10,04;22,07;38,00;161,38
01001052;Canischio;Torino;1;269;33,78;33,69;63,93;7,45;;25,30;2,38;166,52
01001053;Cantalupa;Torino;1;2.599;8,67;26,80;31,57;12,43;7,18;32,20;18,51;143,88
01001054;Cantoira;Torino;1;625;15,12;14,83;36,34;7,20;6,38;23,28;0,07;103,23
01001055;Caprie;Torino;1;2.022;18,65;16,14;41,41;13,90;8,31;16,81;3,81;122,36
01001056;Caravino;Torino;1;887;21,01;17,58;41,23;9,65;13,66;34,51;10,93;149,55
01001057;Carema;Torino;1;733;25,39;21,25;49,84;11,66;;31,43;13,40;154,15
01001058;Carignano;Torino;1;9.131;10,85;16,22;40,93;18,66;12,86;19,95;20,19;140,26
01001059;Carmagnola;Torino;1;28.126;7,60;;47,12;27,98;21,05;32,83;22,32;159,41
01001060;Casalborgone;Torino;1;1.890;24,54;16,93;58,81;12,63;2,21;14,84;22,43;152,88
01001061;Cascinette d'Ivrea;Torino;1;1.525;24,59;20,57;48,25;11,29;5,39;27,21;12,32;150,79
01001062;Caselette;Torino;1;3.027;21,45;18,56;47,64;15,98;7,00;12,92;4,97;131,67
01001063;Caselle Torinese;Torino;1;13.801;34,79;20,89;76,82;13,76;26,90;19,06;38,48;231,31
01001064;Castagneto Po;Torino;1;1.777;24,82;17,17;61,54;12,43;14,67;21,15;26,35;178,59
01001065;Castagnole Piemonte;Torino;1;2.207;8,99;13,11;38,92;16,45;2,17;24,88;17,94;123,05
01001068;Castiglione Torinese;Torino;1;6.517;24,92;17,58;70,65;11,26;15,04;16,35;34,28;190,58
01001069;Cavagnolo;Torino;1;2.314;23,93;16,61;61,30;18,25;3,84;15,07;19,13;158,57
01001070;Cavour;Torino;1;5.422;8,61;24,02;34,13;13,02;3,02;26,85;18,95;137,09
01001071;Cercenasco;Torino;1;1.762;12,63;28,35;26,44;10,73;10,04;20,82;33,04;148,35
01001072;Ceres;Torino;1;1.001;16,72;16,39;40,19;7,96;7,06;25,74;0,08;114,15
01001074;Cesana Torinese;Torino;1;893;103,28;89,38;229,36;76,96;74,91;80,27;23,85;707,36
01001075;Chialamberto;Torino;1;335;16,24;15,93;39,04;7,74;6,86;25,01;0,08;110,88
01001076;Chianocco;Torino;1;1.515;23,94;20,71;53,15;17,84;;22,96;4,88;147,40
01001077;Chiaverano;Torino;1;1.970;23,34;19,53;45,80;10,72;;29,73;15,98;146,17
01001078;Chieri;Torino;1;35.947;6,73;;38,28;26,94;22,09;32,12;31,24;157,90
01001079;Chiesanuova;Torino;1;226;30,85;28,61;58,37;6,33;;33,75;2,19;160,09
01001080;Chiomonte;Torino;1;857;41,42;35,85;91,98;30,86;14,07;21,95;9,97;258,37
01001081;Chiusa di San Michele;Torino;1;1.514;19,12;16,55;42,47;14,25;5,99;25,99;13,01;141,28
01001082;Chivasso;Torino;1;26.201;34,50;22,35;80,54;15,11;37,47;22,29;53,34;266,32
01001084;Cintano;Torino;1;246;29,29;35,55;55,44;7,86;;32,68;1,97;162,80
01001085;Cinzano;Torino;1;340;24,86;17,00;68,34;10,44;9,38;19,27;33,07;184,09
01001086;Cirie;Torino;1;18.124;16,51;16,19;39,69;7,87;6,97;25,43;0,08;112,74
01001087;Claviere;Torino;1;211;108,84;94,19;241,71;81,10;154,30;178,95;21,09;932,76
01001088;Coassolo Torinese;Torino;1;1.465;14,19;13,92;34,11;6,76;5,99;21,85;0,07;96,90
01001089;Coazze;Torino;1;3.269;21,26;0,78;46,18;36,58;3,56;37,25;12,66;177,80
01001090;Collegno;Torino;1;48.161;21,33;0,79;47,75;36,69;29,12;9,49;13,40;164,95
01001092;Colleretto Giacosa;Torino;1;581;26,72;22,36;52,45;12,27;8,21;40,24;19,08;182,60
01001093;Condove;Torino;1;4.455;20,75;17,95;46,07;15,46;15,55;15,40;10,69;146,23
01001094;Corio;Torino;1;3.044;15,83;15,52;38,05;7,54;6,68;24,37;0,08;108,08
01001095;Cossano Canavese;Torino;1;426;20,71;17,33;40,65;9,51;23,52;37,36;28,42;178,47
01001096;Cuceglio;Torino;1;914;21,16;17,71;41,54;9,72;8,77;22,81;35,96;158,67
01001097;Cumiana;Torino;1;7.846;12,76;30,60;31,46;11,57;5,77;28,39;19,39;145,90
01001098;Cuorgne;Torino;1;9.566;30,12;24,10;57,29;5,31;7,27;27,16;6,33;157,58
01001099;Druento;Torino;1;9.015;18,46;0,68;40,09;31,75;25,20;6,28;9,30;135,31
01001100;Exilles;Torino;1;244;39,32;34,03;87,32;29,30;10,88;69,08;38,91;327,03
01001101;Favria;Torino;1;5.007;30,85;23,76;57,44;5,25;0,47;33,10;7,77;158,64
01001103;Fenestrelle;Torino;1;476;29,33;63,08;57,66;14,18;57,36;135,03;40,03;403,61
01001104;Fiano;Torino;1;2.659;16,07;15,76;38,63;7,65;6,79;24,74;0,08;109,72
01001105;Fiorano Canavese;Torino;1;730;21,00;17,58;41,22;9,65;;31,28;21,89;143,60
01001106;Foglizzo;Torino;1;2.241;34,68;24,00;78,74;14,50;4,78;15,60;24,98;197,86
01001107;Forno Canavese;Torino;1;3.167;43,22;20,45;57,93;4,52;;30,67;18,35;175,15
01001108;Frassinetto;Torino;1;270;47,91;61,45;90,68;13,59;;76,93;7,23;297,79
01001109;Front;Torino;1;1.583;16,78;16,46;40,34;7,99;7,09;25,84;0,08;114,58
01001110;Frossasco;Torino;1;2.827;9,34;33,34;35,83;15,62;9,24;29,11;32,44;171,80
01001111;Garzigliana;Torino;1;538;9,59;35,22;28,36;11,86;;35,05;16,72;146,55
01001112;Gassino Torinese;Torino;1;9.269;27,41;18,54;70,65;10,69;20,06;17,43;33,19;198,50
01001113;Germagnano;Torino;1;1.114;16,05;15,74;38,58;7,65;6,78;24,71;0,08;109,59
01001114;Giaglione;Torino;1;595;21,81;18,88;48,44;16,25;6,67;8,67;19,97;144,63
01001115;Giaveno;Torino;1;16.333;17,96;0,66;39,43;30,90;;37,95;31,29;165,01
01001116;Givoletto;Torino;1;4.106;15,30;15,00;36,77;7,29;6,46;23,55;0,07;104,43
01001117;Gravere;Torino;1;659;28,41;24,58;63,08;21,17;9,00;43,69;6,41;205,64
01001118;Groscavallo;Torino;1;202;15,91;15,60;38,24;7,58;6,72;24,50;0,07;108,61
01001119;Grosso;Torino;1;994;16,50;16,18;39,66;7,86;6,97;25,41;0,08;112,65
01001120;Grugliasco;Torino;1;36.764;21,81;0,74;43,45;34,41;27,31;11,46;13,09;159,09
01001122;Inverso Pinasca;Torino;1;687;7,57;31,82;26,44;9,62;4,46;36,55;22,59;146,01
01001123;Isolabella;Torino;1;363;11,73;;50,30;20,39;;10,35;40,66;133,94
01001125;Ivrea;Torino;1;22.484;32,85;33,17;64,47;15,09;25,69;36,75;20,80;230,33
01001126;La Cassa;Torino;1;1.772;16,17;15,85;38,86;7,70;6,83;24,90;0,08;110,39
01001127;La Loggia;Torino;1;8.724;9,31;19,05;44,13;18,87;9,19;23,00;47,61;171,73
01001128;Lanzo Torinese;Torino;1;4.951;16,02;15,71;38,51;7,63;6,77;24,67;0,08;109,38
01001129;Lauriano;Torino;1;1.402;24,93;17,86;62,60;14,07;1,47;8,06;65,71;195,18
01001130;Leini;Torino;1;16.322;34,26;26,73;75,37;17,17;21,97;10,04;41,78;228,65
01001131;Lemie;Torino;1;157;18,85;18,48;45,30;8,97;7,96;29,03;0,09;128,67
01001132;Lessolo;Torino;1;1.742;22,52;18,84;44,20;10,34;13,11;25,67;12,72;148,44
01001133;Levone;Torino;1;454;28,02;20,56;53,04;4,55;;41,92;2,07;150,16
01001135;Lombardore;Torino;1;1.719;34,11;21,44;58,47;11,54;10,59;11,24;29,08;177,00
01001136;Lombriasco;Torino;1;1.075;9,65;13,80;31,55;8,71;3,96;17,64;19,53;105,43
01001137;Loranze;Torino;1;1.142;20,39;17,06;40,01;9,36;;25,03;6,39;119,20
01001139;Luserna San Giovanni;Torino;1;7.162;10,89;33,51;28,60;12,01;6,10;22,69;20,95;137,80
01001140;Lusernetta;Torino;1;504;6,80;25,41;20,65;4,88;;24,80;23,92;114,77
01001142;Macello;Torino;1;1.177;14,16;28,08;29,46;11,67;7,33;24,63;26,19;149,25
01001143;Maglione;Torino;1;421;19,32;16,17;37,91;8,87;26,70;22,63;16,93;149,42
01001316;Mappano;Torino;1;7.319;34,36;22,72;76,71;13,37;18,14;16,92;65,62;248,49
01001144;Marentino;Torino;1;1.287;10,26;;38,06;22,92;19,58;41,74;55,89;188,96
01001145;Massello;Torino;1;57;22,39;36,67;45,26;13,42;;123,16;55,86;302,82
01001146;Mathi;Torino;1;3.724;16,69;16,36;40,11;7,95;7,05;25,69;0,08;113,92
01001147;Mattie;Torino;1;683;25,06;21,69;55,65;18,67;;31,58;5,04;164,53
01001148;Mazze;Torino;1;4.269;24,77;20,73;48,62;11,38;4,36;26,82;17,03;154,84
01001149;Meana di Susa;Torino;1;818;25,02;21,66;55,57;18,65;1,81;31,81;5,44;167,73
01001150;Mercenasco;Torino;1;1.327;23,35;19,54;45,82;10,72;;20,72;11,02;132,25
01001152;Mezzenile;Torino;1;721;16,24;15,92;39,03;7,74;6,86;25,00;0,08;110,87
01001153;Mombello di Torino;Torino;1;408;8,24;;23,38;16,67;;32,64;17,40;98,81
01001154;Mompantero;Torino;1;613;22,88;19,80;50,81;17,05;;28,12;4,83;147,24
01001155;Monastero di Lanzo;Torino;1;321;21,21;20,80;50,98;10,10;8,96;32,66;0,10;144,81
01001156;Moncalieri;Torino;1;55.923;10,51;20,15;47,63;13,34;19,75;24,17;30,89;167,01
01001157;Moncenisio;Torino;1;49;26,94;23,31;59,84;20,08;;72,06;8,10;217,00
01001158;Montaldo Torinese;Torino;1;707;7,94;;33,72;23,09;9,70;32,12;37,12;144,21
01001159;Montalenghe;Torino;1;969;21,69;18,15;42,56;9,96;6,15;37,80;13,49;150,78
01001160;Montalto Dora;Torino;1;3.324;26,62;22,28;52,25;12,23;1,10;26,57;13,98;156,24
01001161;Montanaro;Torino;1;5.056;24,99;15,86;69,68;13,17;20,20;21,74;35,03;201,24
01001162;Monteu da Po;Torino;1;844;25,73;17,36;66,19;14,69;0,74;39,09;35,41;199,69
01001163;Moriondo Torinese;Torino;1;837;8,46;;40,11;23,88;13,33;21,09;26,58;133,96
01001164;Nichelino;Torino;1;46.098;12,78;22,85;37,43;12,97;21,88;27,22;43,45;179,14
01001166;Nole;Torino;1;6.705;16,02;15,70;38,50;7,63;6,76;24,66;0,08;109,34
01001167;Nomaglio;Torino;1;273;18,37;15,37;36,05;8,44;;67,43;9,34;155,85
01001168;None;Torino;1;7.703;7,59;16,63;33,55;17,29;21,02;31,79;27,01;158,05
01001169;Novalesa;Torino;1;517;18,98;16,42;42,14;14,14;;16,81;9,89;129,28
01001170;Oglianico;Torino;1;1.443;29,89;24,79;56,57;5,48;;30,03;8,68;155,43
01001171;Orbassano;Torino;1;23.025;12,76;22,58;47,52;13,83;14,80;23,41;49,69;185,16
01001172;Orio Canavese;Torino;1;743;18,87;15,80;37,05;8,67;4,36;33,43;5,98;125,04
01001173;Osasco;Torino;1;1.157;9,95;29,75;33,54;13,09;1,78;34,73;18,24;148,86
01001174;Osasio;Torino;1;923;9,27;14,52;32,60;8,60;4,94;15,39;33,13;119,05
01001175;Oulx;Torino;1;3.283;40,03;34,65;88,91;29,83;29,18;20,60;25,99;278,98
01001177;Palazzo Canavese;Torino;1;835;21,18;17,72;41,57;9,73;;16,34;6,64;114,17
01001178;Pancalieri;Torino;1;1.975;9,18;16,47;35,30;14,99;5,79;17,63;15,74;115,69
01001179;Parella;Torino;1;424;20,02;16,75;44,03;9,20;10,85;20,67;34,66;157,13
01001180;Pavarolo;Torino;1;1.165;9,82;;63,65;22,35;2,35;22,76;18,28;139,70
01001181;Pavone Canavese;Torino;1;3.589;29,41;24,61;57,76;13,51;8,38;31,58;23,06;189,66
01001183;Pecetto Torinese;Torino;1;4.021;8,16;;48,15;24,24;20,35;26,14;31,55;159,10
01001184;Perosa Argentina;Torino;1;3.070;16,31;29,56;31,92;11,42;2,63;45,68;20,93;164,75
01001185;Perosa Canavese;Torino;1;503;18,49;15,48;36,30;8,49;;36,66;8,98;125,26
01001186;Perrero;Torino;1;557;9,48;26,31;26,70;8,62;1,08;57,61;21,99;155,91
01001188;Pessinetto;Torino;1;593;16,58;16,26;39,85;7,90;7,00;25,53;0,08;113,19
01001189;Pianezza;Torino;1;15.485;21,39;0,79;46,47;36,81;29,21;11,53;19,78;168,90
01001190;Pinasca;Torino;1;2.784;8,50;26,86;28,54;11,23;4,32;22,56;15,81;123,42
01001191;Pinerolo;Torino;1;35.469;10,90;33,17;43,02;12,84;22,55;52,55;64,68;258,07
01001192;Pino Torinese;Torino;1;8.445;7,67;;49,98;25,77;21,06;25,04;46,97;176,98
01001193;Piobesi Torinese;Torino;1;3.756;14,25;17,66;54,19;16,53;10,40;25,15;40,41;179,18
01001194;Piossasco;Torino;1;18.000;9,01;15,42;43,47;12,88;7,75;24,47;36,41;149,99
01001195;Piscina;Torino;1;3.273;12,99;32,96;26,60;11,16;43,52;57,23;15,83;207,02
01001196;Piverone;Torino;1;1.272;23,93;20,03;46,98;10,99;;28,96;12,57;144,57
01001197;Poirino;Torino;1;10.197;9,35;0,06;51,70;23,98;7,25;37,00;23,55;153,39
01001198;Pomaretto;Torino;1;970;6,35;19,19;27,51;15,81;5,16;18,05;31,69;130,14
01001200;Porte;Torino;1;1.126;9,85;24,15;26,71;8,52;;26,34;18,05;120,96
01001201;Pragelato;Torino;1;744;55,25;79,03;304,08;28,00;2,37;182,18;70,32;800,08
01001202;Prali;Torino;1;256;8,77;86,40;75,73;16,00;14,11;164,63;45,04;495,09
01001203;Pralormo;Torino;1;1.889;13,67;;38,92;22,04;;25,89;19,23;120,25
01001204;Pramollo;Torino;1;221;8,82;30,41;21,27;7,89;;88,80;13,03;174,18
01001205;Prarostino;Torino;1;1.257;9,28;25,44;28,61;10,01;1,75;23,52;17,68;123,16
01001206;Prascorsano;Torino;1;697;31,34;17,19;59,32;3,80;19,24;31,81;2,40;165,10
01001207;Pratiglione;Torino;1;459;30,28;25,15;57,31;5,56;;38,87;8,71;165,87
01001208;Quagliuzzo;Torino;1;336;16,58;13,87;32,54;7,61;;24,17;5,20;100,74
01001209;Quassolo;Torino;1;332;19,02;15,92;37,34;8,74;26,13;26,36;5,97;140,38
01001210;Quincinetto;Torino;1;983;18,12;15,16;35,56;8,32;6,27;22,48;8,93;115,68
01001211;Reano;Torino;1;1.744;17,46;0,64;37,93;30,04;27,34;8,16;22,15;151,58
01001215;Riva presso Chieri;Torino;1;4.751;7,34;;37,46;20,66;6,97;38,13;31,24;142,30
01001213;Rivalba;Torino;1;1.148;25,02;17,74;61,15;1,23;1,24;15,65;16,52;138,99
01001214;Rivalta di Torino;Torino;1;20.250;10,31;18,11;47,55;13,32;10,86;24,08;46,94;171,75
01001216;Rivara;Torino;1;2.497;30,58;24,54;57,88;5,43;13,91;17,95;2,19;152,48
01001218;Rivarossa;Torino;1;1.552;31,29;27,09;56,63;5,99;4,41;25,17;2,11;152,68
01001219;Rivoli;Torino;1;46.937;22,73;0,87;50,54;39,11;31,07;26,59;12,46;189,18
01001220;Robassomero;Torino;1;3.088;15,94;15,62;38,30;7,59;6,73;24,53;0,08;108,79
01001221;Rocca Canavese;Torino;1;1.743;16,00;15,69;38,46;7,62;6,76;24,64;0,08;109,24
01001222;Roletto;Torino;1;1.978;11,18;33,27;33,76;12,54;5,44;25,40;36,60;164,72
01001223;Romano Canavese;Torino;1;2.666;22,63;19,24;44,42;10,39;0,58;31,57;14,17;144,09
01001225;Rondissone;Torino;1;1.921;25,26;19,49;64,71;18,39;1,64;6,70;43,56;180,26
01001226;Rora;Torino;1;218;4,33;25,87;24,08;8,64;0,11;57,48;12,20;173,12
01001228;Rosta;Torino;1;5.106;18,09;0,67;39,29;31,12;24,70;8,14;25,22;150,24
01001227;Roure;Torino;1;758;28,05;42,68;40,90;13,80;0,06;33,65;28,13;191,92
01001229;Rubiana;Torino;1;2.431;25,81;22,33;57,31;19,23;7,12;13,98;10,69;161,84
01001231;Salassa;Torino;1;1.841;29,13;20,27;55,40;4,48;5,00;23,84;6,61;144,73
01001232;Salbertrand;Torino;1;628;32,70;28,30;72,62;24,37;7,81;42,25;46,00;262,48
01001233;Salerano Canavese;Torino;1;455;21,97;18,38;43,11;10,09;23,39;32,10;6,83;156,89
01001234;Salza di Pinerolo;Torino;1;71;12,31;20,52;30,87;3,62;;70,63;49,07;191,90
01001235;Samone;Torino;1;1.511;21,03;17,60;41,28;9,66;;29,20;11,15;130,89
01001236;San Benigno Canavese;Torino;1;6.107;34,15;16,29;63,74;13,50;18,58;10,99;20,90;178,68
01001237;San Carlo Canavese;Torino;1;4.031;15,99;15,68;38,43;7,62;6,75;24,62;0,08;109,15
01001238;San Colombano Belmonte;Torino;1;360;29,86;26,35;56,52;5,83;;31,82;2,14;152,51
01001239;San Didero;Torino;1;505;19,47;16,85;43,23;14,51;5,58;13,26;13,97;130,07
01001240;San Francesco al Campo;Torino;1;4.835;16,00;15,69;38,45;7,62;6,76;24,63;0,08;109,22
01001242;San Germano Chisone;Torino;1;1.733;10,31;26,19;27,29;11,29;2,85;32,10;25,07;140,97
01001243;San Gillio;Torino;1;3.258;14,78;0,54;38,10;25,43;20,18;20,84;38,04;172,95
01001244;San Giorgio Canavese;Torino;1;2.489;28,26;23,64;55,46;12,98;12,29;24,31;18,40;176,64
01001245;San Giorio di Susa;Torino;1;972;21,25;18,39;47,19;15,83;;24,88;3,88;135,81
01001246;San Giusto Canavese;Torino;1;3.262;21,27;17,80;41,74;9,77;1,32;23,39;11,30;127,58
01001247;San Martino Canavese;Torino;1;810;18,48;15,47;36,28;8,49;;23,86;21,54;125,00
01001248;San Maurizio Canavese;Torino;1;10.266;15,97;15,66;38,38;7,61;6,74;24,59;0,08;109,03
01001249;San Mauro Torinese;Torino;1;18.597;34,29;18,71;78,42;13,64;38,95;13,18;37,59;235,44
01001250;San Pietro Val Lemina;Torino;1;1.458;9,61;27,95;25,76;8,27;2,75;38,96;14,62;134,02
01001252;San Raffaele Cimena;Torino;1;3.146;24,86;17,63;70,52;10,72;6,85;29,01;22,52;182,58
01001253;San Sebastiano da Po;Torino;1;1.892;24,81;17,18;61,30;13,43;0,72;12,73;25,22;155,88
01001254;San Secondo di Pinerolo;Torino;1;3.647;11,30;36,08;33,40;15,53;5,73;41,83;19,69;174,49
01001241;Sangano;Torino;1;3.688;24,62;0,70;45,41;32,83;26,05;16,97;20,05;171,84
01001255;Sant'Ambrogio di Torino;Torino;1;4.556;21,32;18,45;47,35;15,89;17,16;12,81;12,53;148,71
01001256;Sant'Antonino di Susa;Torino;1;4.090;22,18;19,20;49,27;16,53;9,19;13,81;30,54;164,07
01001257;Santena;Torino;1;10.480;6,08;;30,15;24,48;10,42;43,76;22,33;137,72
01001258;Sauze di Cesana;Torino;1;228;61,96;53,62;137,59;46,17;49,73;101,13;41,95;572,14
01001259;Sauze d'Oulx;Torino;1;1.024;128,65;111,34;285,71;95,87;141,12;100,56;77,75;979,21
01001260;Scalenghe;Torino;1;3.208;10,16;32,90;31,89;11,02;4,23;26,75;26,95;151,07
01001261;Scarmagno;Torino;1;788;23,13;19,36;45,41;10,62;;29,29;13,52;142,40
01001262;Sciolze;Torino;1;1.419;34,74;18,20;62,67;10,14;9,88;24,70;25,62;187,81
01001263;Sestriere;Torino;1;907;129,30;111,90;287,14;96,35;108,76;97,25;43,97;935,81
01001264;Settimo Rottaro;Torino;1;468;18,34;15,34;35,99;8,42;;56,17;9,27;144,39
01001265;Settimo Torinese;Torino;1;45.798;34,20;25,07;75,90;13,88;26,52;21,14;43,69;241,09
01001266;Settimo Vittone;Torino;1;1.508;22,86;19,13;44,86;10,50;;26,27;20,14;144,81
01001268;Strambinello;Torino;1;249;19,85;16,61;41,78;9,12;1,65;30,48;10,38;130,80
01001269;Strambino;Torino;1;6.059;26,83;22,45;52,65;12,32;12,85;33,63;16,96;178,93
01001270;Susa;Torino;1;5.905;25,80;22,33;57,29;19,22;19,20;22,26;41,09;211,10
01001271;Tavagnasco;Torino;1;745;18,24;15,27;35,81;8,38;7,01;28,08;14,39;128,01
01001272;Torino;Torino;1;846.926;25,58;;46,70;53,26;30,91;42,06;41,30;240,05
01001273;Torrazza Piemonte;Torino;1;3.009;25,06;15,28;64,43;16,33;1,77;12,62;19,27;155,28
01001274;Torre Canavese;Torino;1;619;19,95;16,70;39,17;9,16;12,29;27,38;13,05;138,63
01001275;Torre Pellice;Torino;1;4.634;10,71;30,32;31,17;12,49;13,96;29,43;31,59;162,80
01001276;Trana;Torino;1;3.771;20,52;0,69;43,27;32,41;27,46;15,00;17,93;162,61
01001279;Traves;Torino;1;511;16,50;16,18;39,66;7,86;6,97;25,40;0,08;112,65
01001280;Trofarello;Torino;1;10.611;11,07;17,53;51,79;15,70;9,73;21,07;37,26;164,73
01001281;Usseaux;Torino;1;174;45,76;70,16;72,90;16,36;1,73;93,71;37,17;347,47
01001282;Usseglio;Torino;1;191;16,66;16,34;40,04;7,94;7,04;25,65;0,08;113,74
01001283;Vaie;Torino;1;1.368;19,21;16,63;42,66;14,32;9,03;11,43;4,04;120,51
01001284;Val della Torre;Torino;1;3.976;15,93;15,62;38,30;7,59;6,73;24,53;0,08;108,78
01001285;Valgioie;Torino;1;957;20,36;0,75;44,22;35,03;;35,18;39,94;185,50
01001286;Vallo Torinese;Torino;1;780;14,58;14,30;35,05;6,95;6,16;22,45;0,07;99,56
01001287;Valperga;Torino;1;2.960;31,14;26,57;58,57;5,88;3,07;28,21;18,39;171,83
01001289;Varisella;Torino;1;843;15,33;15,03;36,83;7,30;6,47;23,59;0,07;104,62
01001290;Vauda Canavese;Torino;1;1.423;16,17;15,85;38,86;7,70;6,83;24,89;0,08;110,37
01001292;Venaria Reale;Torino;1;32.160;23,60;0,87;51,26;40,60;32,22;10,00;28,40;189,83
01001291;Venaus;Torino;1;840;15,39;13,32;34,18;11,47;0,26;16,15;7,68;103,87
01001293;Verolengo;Torino;1;4.835;24,81;16,22;68,16;15,14;1,79;12,90;30,75;170,30
01001294;Verrua Savoia;Torino;1;1.329;25,01;17,48;60,96;15,13;0,72;12,18;35,29;167,29
01001295;Vestigne;Torino;1;745;26,90;22,51;52,80;12,35;1,25;37,35;15,05;169,44
01001296;Vialfre;Torino;1;258;19,87;16,62;39,00;9,12;;24,66;12,82;123,04
01001299;Vigone;Torino;1;5.025;7,39;14,34;35,93;16,31;8,71;41,11;19,54;146,20
01001300;Villafranca Piemonte;Torino;1;4.604;6,50;13,59;34,41;13,79;2,12;24,15;17,36;114,71
01001301;Villanova Canavese;Torino;1;1.208;13,06;12,81;31,40;6,22;5,52;20,12;0,06;89,19
01001303;Villar Dora;Torino;1;2.809;23,90;20,68;53,07;17,81;12,26;9,81;5,85;146,86
01001305;Villar Focchiardo;Torino;1;1.928;16,10;13,93;35,75;12,00;;19,95;8,64;109,43
01001306;Villar Pellice;Torino;1;1.057;11,86;30,79;32,65;6,76;5,22;42,84;29,70;163,14
01001307;Villar Perosa;Torino;1;3.859;12,73;29,86;33,07;11,38;4,05;45,57;25,88;168,79
01001302;Villarbasse;Torino;1;3.559;21,84;0,80;47,75;37,58;1,83;37,03;21,33;170,95
01001304;Villareggia;Torino;1;996;21,37;17,88;41,94;9,81;;51,11;11,14;154,24
01001308;Villastellone;Torino;1;4.374;8,54;18,12;55,97;18,84;10,65;31,53;36,08;180,32
01001309;Vinovo;Torino;1;15.356;11,95;16,86;37,79;13,14;3,11;19,39;20,68;123,47
01001310;Virle Piemonte;Torino;1;1.152;9,52;14,51;37,93;16,78;0,40;20,91;43,25;143,92
01001311;Vische;Torino;1;1.184;19,73;16,51;38,72;9,06;3,22;21,72;22,98;132,86
01001313;Viu;Torino;1;1.117;14,80;14,51;35,57;7,05;6,25;22,78;0,07;101,03
01001314;Volpiano;Torino;1;15.146;35,97;24,09;78,89;16,11;25,32;16,29;37,75;235,07
01001315;Volvera;Torino;1;8.436;10,94;31,30;32,04;12,79;31,76;32,51;47,51;208,50
19081001;Alcamo;Trapani;1;44.683;33,86;40,32;28,05;19,86;16,00;21,87;87,10;262,57
19081002;Buseto Palizzolo;Trapani;1;2.758;21,42;52,58;80,44;11,85;4,88;37,92;11,40;220,49
19081003;Calatafimi-Segesta;Trapani;1;6.056;23,17;17,11;85,26;33,73;9,89;38,78;2,02;209,95
19081004;Campobello di Mazara;Trapani;1;11.340;34,44;32,87;49,08;34,75;38,04;31,52;16,73;241,00
19081005;Castellammare del Golfo;Trapani;1;14.660;25,55;18,04;86,74;40,41;33,13;18,14;22,05;244,07
19081007;Custonaci;Trapani;1;5.268;21,53;43,16;53,20;32,51;1,48;32,58;38,26;222,73
19081009;Favignana;Trapani;1;4.513;21,08;28,68;178,10;59,43;51,83;55,12;49,19;443,43
19081010;Gibellina;Trapani;1;3.684;12,36;16,08;94,71;47,03;21,44;26,57;55,60;273,78
19081011;Marsala;Trapani;1;79.833;15,07;18,52;66,65;22,34;16,54;30,31;20,46;189,90
19081012;Mazara del Vallo;Trapani;1;50.117;11,69;21,13;73,89;30,38;22,03;27,06;3,40;189,59
19081013;Paceco;Trapani;1;10.676;5,39;9,49;58,98;46,11;14,20;28,40;8,64;173,98
19081014;Pantelleria;Trapani;1;7.282;17,46;29,04;160,63;30,08;15,10;22,22;7,31;281,83
19081015;Partanna;Trapani;1;9.822;13,73;12,77;78,22;27,68;;26,70;;164,41
19081024;Petrosino;Trapani;1;7.907;41,76;19,49;85,18;30,15;25,32;19,91;3,26;225,07
19081017;Salaparuta;Trapani;1;1.547;15,74;19,75;77,83;21,55;3,54;7,46;6,75;152,61
19081018;Salemi;Trapani;1;9.974;13,34;14,81;62,90;31,34;9,81;31,16;12,26;175,61
19081020;San Vito Lo Capo;Trapani;1;4.801;23,67;37,19;208,79;86,05;48,97;48,24;8,18;461,07
19081019;Santa Ninfa;Trapani;1;4.728;13,94;14,49;74,28;22,02;3,96;13,14;33,53;175,36
19081021;Trapani;Trapani;1;55.218;25,25;33,73;67,83;35,80;24,01;58,49;56,20;301,31
19081022;Valderice;Trapani;1;11.389;9,58;24,04;78,98;29,87;16,48;29,19;22,69;210,83
19081023;Vita;Trapani;1;1.761;13,58;12,98;75,73;24,84;7,71;19,02;1,09;154,94
04022001;Ala;Trento;1;8.794;13,63;20,72;43,05;15,40;10,93;14,86;3,00;121,60
04022002;Albiano;Trento;1;1.523;6,20;6,24;25,41;16,71;3,76;40,15;18,56;117,01
04022003;Aldeno;Trento;1;3.274;6,78;6,86;36,34;19,32;4,96;41,19;12,76;130,70
04022235;Altavalle;Trento;1;1.632;6,21;7,95;23,48;16,02;11,52;47,09;25,36;137,64
04022236;Altopiano Della Vigolana;Trento;1;5.116;7,21;11,24;22,09;17,36;25,45;41,38;14,58;141,38
04022237;Amblar-Don;Trento;Vedi aggregazione: COMUNITA' DELLA VAL DI NON;;;;;;;;;
04022005;Andalo;Trento;1;1.143;25,57;30,17;125,56;77,07;76,60;126,90;75,67;537,55
04022006;Arco;Trento;1;17.763;14,89;29,95;34,39;14,68;1,66;4,87;1,33;137,89
04022007;Avio;Trento;1;4.134;13,00;20,06;36,77;12,97;8,83;13,02;6,87;111,51
04022009;Baselga di Pine;Trento;1;5.209;7,10;11,07;21,75;17,09;26,17;40,73;14,35;140,28
04022011;Bedollo;Trento;1;1.491;7,20;11,22;22,05;17,32;28,34;41,29;14,55;144,04
04022013;Besenello;Trento;1;2.800;15,63;22,63;42,11;12,80;7,31;8,55;1,87;110,90
04022015;Bieno;Trento;Vedi aggregazione: COMUNITA VALSUGANA E TESINO / SETTORE AMBIENTE;;;;;;;;;
04022017;Bleggio Superiore;Trento;Vedi aggregazione: COMUNITA' DELLE GIUDICARIE;;;;;;;;;
04022018;Bocenago;Trento;Vedi aggregazione: COMUNITA' DELLE GIUDICARIE;;;;;;;;;
04022021;Bondone;Trento;Vedi aggregazione: COMUNITA' DELLE GIUDICARIE;;;;;;;;;
04022238;Borgo Chiese;Trento;Vedi aggregazione: COMUNITA' DELLE GIUDICARIE;;;;;;;;;
04022252;Borgo d'Anaunia;Trento;Vedi aggregazione: COMUNITA' DELLA VAL DI NON;;;;;;;;;
04022239;Borgo Lares;Trento;Vedi aggregazione: COMUNITA' DELLE GIUDICARIE;;;;;;;;;
04022022;Borgo Valsugana - Dato aggregazione COMUNITA VALSUGANA E TESINO / SETTORE AMBIENTE;Trento;18;27.085;17,36;17,55;69,45;4,49;12,16;9,37;3,82;136,76
04022025;Brentonico;Trento;1;4.124;23,21;33,74;51,02;15,22;6,93;19,51;5,11;154,74
04022026;Bresimo;Trento;Vedi aggregazione: COMUNITA' DELLA VAL DI NON;;;;;;;;;
04022029;Caderzone Terme;Trento;Vedi aggregazione: COMUNITA' DELLE GIUDICARIE;;;;;;;;;
04022032;Calceranica al Lago;Trento;1;1.395;7,23;11,27;22,16;17,41;25,03;41,49;14,62;141,27
04022033;Caldes;Trento;1;1.106;13,98;15,04;23,87;9,14;18,23;24,18;10,41;116,24
04022034;Caldonazzo;Trento;1;3.962;7,12;11,10;21,82;17,14;19,60;40,86;14,40;134,07
04022035;Calliano;Trento;1;2.038;15,61;20,62;35,23;12,25;3,87;14,22;4,27;106,07
04022036;Campitello di Fassa;Trento;1;700;31,33;57,11;118,23;17,78;70,14;33,19;139,81;467,59
04022037;Campodenno;Trento;Vedi aggregazione: COMUNITA' DELLA VAL DI NON;;;;;;;;;
04022038;Canal San Bovo;Trento;Vedi aggregazione: Comunita Primiero;;;;;;;;;
04022039;Canazei;Trento;1;1.832;38,31;56,00;86,16;45,13;72,22;27,32;30,14;355,27
04022042;Carisolo;Trento;Vedi aggregazione: COMUNITA' DELLE GIUDICARIE;;;;;;;;;
04022043;Carzano;Trento;Vedi aggregazione: COMUNITA VALSUGANA E TESINO / SETTORE AMBIENTE;;;;;;;;;
04022045;Castel Condino;Trento;Vedi aggregazione: COMUNITA' DELLE GIUDICARIE;;;;;;;;;
04022240;Castel Ivano;Trento;Vedi aggregazione: COMUNITA VALSUGANA E TESINO / SETTORE AMBIENTE;;;;;;;;;
04022048;Castello Tesino;Trento;Vedi aggregazione: COMUNITA VALSUGANA E TESINO / SETTORE AMBIENTE;;;;;;;;;
04022049;Castelnuovo;Trento;Vedi aggregazione: COMUNITA VALSUGANA E TESINO / SETTORE AMBIENTE;;;;;;;;;
04022051;Cavareno;Trento;Vedi aggregazione: COMUNITA' DELLA VAL DI NON;;;;;;;;;
04022052;Cavedago;Trento;1;576;8,24;5,72;42,68;27,00;22,85;78,90;19,44;204,83
04022053;Cavedine;Trento;1;3.073;7,45;12,89;28,86;19,15;4,59;24,67;23,29;120,89
04022054;Cavizzana;Trento;1;234;11,46;12,33;16,77;7,49;12,85;17,66;9,00;88,69
04022241;Cembra Lisignago;Trento;1;2.346;6,37;9,23;26,53;17,09;8,36;38,92;15,22;121,71
04022058;Cimone;Trento;1;729;8,54;7,07;34,71;17,39;15,82;37,01;11,82;135,56
04022059;Cinte Tesino;Trento;Vedi aggregazione: COMUNITA VALSUGANA E TESINO / SETTORE AMBIENTE;;;;;;;;;
04022060;Cis;Trento;Vedi aggregazione: COMUNITA' DELLA VAL DI NON;;;;;;;;;
04022061;Civezzano;Trento;1;4.211;7,07;11,03;21,67;17,02;22,46;40,58;14,30;136,14
04022062;Cles - Dato aggregazione COMUNITA' DELLA VAL DI NON;Trento;23;39.864;15,03;5,55;35,17;21,39;18,52;27,65;6,96;135,20
04022228;Comano Terme;Trento;Vedi aggregazione: COMUNITA' DELLE GIUDICARIE;;;;;;;;;
04022064;Commezzadura;Trento;1;1.014;25,57;27,50;40,67;16,70;17,12;33,52;16,02;178,38
04022242;Conta';Trento;Vedi aggregazione: COMUNITA' DELLA VAL DI NON;;;;;;;;;
04022068;Croviana;Trento;1;688;16,63;17,89;27,38;10,87;10,38;24,55;20,45;129,79
04022071;Dambel;Trento;Vedi aggregazione: COMUNITA' DELLA VAL DI NON;;;;;;;;;
04022074;Denno;Trento;Vedi aggregazione: COMUNITA' DELLA VAL DI NON;;;;;;;;;
04022233;Dimaro Folgarida;Trento;1;2.092;42,73;45,97;62,43;27,92;27,34;62,67;33,87;307,19
04022078;Drena;Trento;1;598;26,03;21,33;22,18;10,96;2,62;11,82;1,29;114,23
04022079;Dro;Trento;1;5.061;11,22;22,73;34,81;9,53;4,15;13,08;1,12;135,26
04022081;Fai della Paganella;Trento;1;933;10,19;10,02;69,95;40,35;22,97;77,55;28,49;259,52
04022083;Fiave;Trento;Vedi aggregazione: COMUNITA' DELLE GIUDICARIE;;;;;;;;;
04022085;Fierozzo;Trento;1;464;7,28;11,34;22,29;17,51;25,87;41,75;14,71;142,84
04022087;Folgaria;Trento;1;3.175;50,28;68,26;70,94;19,35;19,40;44,74;18,55;291,52
04022089;Fornace;Trento;1;1.336;7,16;11,16;21,94;17,23;13,48;41,08;14,47;128,57
04022090;Frassilongo;Trento;1;352;6,97;10,86;21,34;16,76;42,45;39,96;14,08;154,41
04022091;Garniga Terme;Trento;1;408;16,98;8,78;58,01;21,69;22,12;55,18;15,42;198,17
04022092;Giovo;Trento;1;2.509;5,13;6,07;21,60;17,83;5,51;36,57;12,19;104,90
04022093;Giustino;Trento;Vedi aggregazione: COMUNITA' DELLE GIUDICARIE;;;;;;;;;
04022095;Grigno;Trento;Vedi aggregazione: COMUNITA VALSUGANA E TESINO / SETTORE AMBIENTE;;;;;;;;;
04022097;Imer;Trento;Vedi aggregazione: Comunita Primiero;;;;;;;;;
04022098;Isera;Trento;1;2.803;10,82;18,73;54,92;22,24;10,43;10,52;13,81;141,47
04022102;Lavarone;Trento;1;1.203;50,64;77,63;88,50;23,77;15,48;42,72;6,52;305,26
04022103;Lavis;Trento;1;9.171;7,69;14,42;36,43;24,56;15,72;44,27;21,91;164,99
04022229;Ledro;Trento;1;5.395;30,82;46,30;53,68;16,61;11,02;22,05;1,60;201,71
04022104;Levico Terme;Trento;1;8.264;7,18;11,20;22,01;17,29;;41,21;14,52;115,47
04022106;Livo;Trento;Vedi aggregazione: COMUNITA' DELLA VAL DI NON;;;;;;;;;
04022108;Lona-Lases;Trento;1;863;8,12;9,75;32,98;17,89;22,40;34,83;57,79;183,76
04022109;Luserna;Trento;1;267;30,67;46,24;82,11;24,28;3,38;32,14;22,04;240,86
04022243;Madruzzo;Trento;1;2.991;7,74;11,43;30,17;19,59;14,55;30,54;22,36;136,37
04022110;Male;Trento;1;2.266;22,23;23,91;34,83;14,52;10,54;29,03;11,71;148,98
04022112;Massimeno;Trento;Vedi aggregazione: COMUNITA' DELLE GIUDICARIE;;;;;;;;;
04022113;Mazzin;Trento;1;604;21,01;31,37;86,86;16,56;72,15;69,70;134,90;432,55
04022114;Mezzana;Trento;1;877;65,65;65,36;89,72;29,52;53,14;95,17;72,90;478,59
04022115;Mezzano;Trento;Vedi aggregazione: Comunita Primiero;;;;;;;;;
04022116;Mezzocorona;Trento;1;5.511;5,62;10,44;33,39;26,17;12,70;40,95;17,34;146,61
04022117;Mezzolombardo;Trento;1;7.667;5,49;9,03;33,89;20,69;8,55;38,84;15,78;132,27
04022118;Moena;Trento;1;2.537;11,11;42,98;26,35;;24,37;15,03;9,38;129,21
04022120;Molveno;Trento;1;1.119;16,29;23,12;87,77;51,39;71,95;99,08;58,03;407,63
04022123;Mori;Trento;1;10.208;16,85;21,00;45,63;13,31;5,66;10,26;4,53;117,23
04022124;Nago-Torbole;Trento;1;2.758;22,56;91,07;56,50;19,07;18,83;6,40;2,81;296,16
04022127;Nogaredo;Trento;1;2.071;13,39;21,63;35,52;12,68;4,16;15,41;1,37;104,16
04022128;Nomi;Trento;1;1.352;21,62;31,12;42,88;13,91;4,45;19,55;;133,53
04022129;Novaledo;Trento;Vedi aggregazione: COMUNITA VALSUGANA E TESINO / SETTORE AMBIENTE;;;;;;;;;
04022253;Novella;Trento;Vedi aggregazione: COMUNITA' DELLA VAL DI NON;;;;;;;;;
04022130;Ospedaletto;Trento;Vedi aggregazione: COMUNITA VALSUGANA E TESINO / SETTORE AMBIENTE;;;;;;;;;
04022131;Ossana;Trento;1;833;29,51;31,75;54,81;19,28;19,03;37,45;28,27;230,46
04022133;Palu del Fersina;Trento;1;159;7,33;11,43;22,46;17,64;68,57;42,06;14,82;186,40
04022136;Peio;Trento;1;1.794;28,44;29,62;36,16;20,16;13,51;32,35;54,71;226,39
04022137;Pellizzano;Trento;1;800;29,05;31,26;43,24;18,98;23,30;38,15;17,57;212,15
04022138;Pelugo;Trento;Vedi aggregazione: COMUNITA' DELLE GIUDICARIE;;;;;;;;;
04022139;Pergine Valsugana;Trento;1;21.684;7,21;11,23;22,07;17,34;27,49;41,34;14,56;143,31
04022234;Pieve Di Bono-Prezzo;Trento;Vedi aggregazione: COMUNITA' DELLE GIUDICARIE;;;;;;;;;
04022142;Pieve Tesino;Trento;Vedi aggregazione: COMUNITA VALSUGANA E TESINO / SETTORE AMBIENTE;;;;;;;;;
04022143;Pinzolo;Trento;Vedi aggregazione: COMUNITA' DELLE GIUDICARIE;;;;;;;;;
04022144;Pomarolo;Trento;1;2.449;11,25;16,32;35,18;11,73;7,93;12,71;1,53;96,66
04022244;Porte Di Rendena;Trento;Vedi aggregazione: COMUNITA' DELLE GIUDICARIE;;;;;;;;;
04022230;Predaia;Trento;Vedi aggregazione: COMUNITA' DELLA VAL DI NON;;;;;;;;;
04022245;Primiero San Martino Di Castrozza - Dato aggregazione Comunita Primiero;Trento;5;9.384;7,49;14,40;53,23;36,32;46,09;27,93;23,03;208,50
04022150;Rabbi;Trento;1;1.372;17,53;18,85;30,64;11,45;20,32;27,41;10,42;138,36
04022153;Riva del Garda;Trento;1;17.858;19,11;57,09;32,84;13,28;27,02;5,13;1,62;195,65
04022155;Romeno;Trento;Vedi aggregazione: COMUNITA' DELLA VAL DI NON;;;;;;;;;
04022156;Roncegno Terme;Trento;Vedi aggregazione: COMUNITA VALSUGANA E TESINO / SETTORE AMBIENTE;;;;;;;;;
04022157;Ronchi Valsugana;Trento;Vedi aggregazione: COMUNITA VALSUGANA E TESINO / SETTORE AMBIENTE;;;;;;;;;
04022135;Ronzo-Chienis;Trento;1;1.002;26,60;37,28;51,33;17,00;4,50;22,76;8,37;167,85
04022159;Ronzone;Trento;Vedi aggregazione: COMUNITA' DELLA VAL DI NON;;;;;;;;;
04022160;Rovere della Luna;Trento;1;1.637;6,53;7,79;40,55;23,72;3,71;40,33;17,47;140,09
04022161;Rovereto;Trento;1;40.047;11,17;11,51;48,07;26,27;13,71;30,92;17,03;158,69
04022162;Ruffre-Mendola;Trento;Vedi aggregazione: COMUNITA' DELLA VAL DI NON;;;;;;;;;
04022163;Rumo;Trento;Vedi aggregazione: COMUNITA' DELLA VAL DI NON;;;;;;;;;
04022164;Sagron Mis;Trento;Vedi aggregazione: Comunita Primiero;;;;;;;;;
04022165;Samone;Trento;Vedi aggregazione: COMUNITA VALSUGANA E TESINO / SETTORE AMBIENTE;;;;;;;;;
04022231;San Lorenzo Dorsino;Trento;Vedi aggregazione: COMUNITA' DELLE GIUDICARIE;;;;;;;;;
04022167;San Michele all'Adige;Trento;1;4.101;5,06;7,26;35,63;19,24;6,16;32,95;13,20;119,49
04022168;Sant'Orsola Terme;Trento;1;1.104;7,32;11,41;22,42;17,61;15,31;41,98;14,79;132,94
04022169;Sanzeno;Trento;Vedi aggregazione: COMUNITA' DELLA VAL DI NON;;;;;;;;;
04022170;Sarnonico;Trento;Vedi aggregazione: COMUNITA' DELLA VAL DI NON;;;;;;;;;
04022171;Scurelle;Trento;Vedi aggregazione: COMUNITA VALSUGANA E TESINO / SETTORE AMBIENTE;;;;;;;;;
04022172;Segonzano;Trento;1;1.357;6,61;9,37;28,42;18,12;9,88;35,68;26,68;134,76
04022246;Sella Giudicarie;Trento;Vedi aggregazione: COMUNITA' DELLE GIUDICARIE;;;;;;;;;
04022250;Sen Jan di Fassa-San Giovanni di Fassa;Trento;1;3.581;21,48;34,10;71,88;28,14;20,97;42,96;18,66;238,19
04022173;Sfruz;Trento;Vedi aggregazione: COMUNITA' DELLA VAL DI NON;;;;;;;;;
04022176;Soraga;Trento;1;718;20,21;32,25;53,08;23,05;22,72;18,62;55,17;225,11
04022177;Sover;Trento;1;786;5,36;7,91;25,49;17,67;10,88;68,37;25,68;161,38
04022179;Spiazzo;Trento;Vedi aggregazione: COMUNITA' DELLE GIUDICARIE;;;;;;;;;
04022180;Spormaggiore;Trento;1;1.248;10,02;6,45;40,02;27,21;3,77;45,03;19,54;152,04
04022181;Sporminore;Trento;Vedi aggregazione: COMUNITA' DELLA VAL DI NON;;;;;;;;;
04022182;Stenico;Trento;Vedi aggregazione: COMUNITA' DELLE GIUDICARIE;;;;;;;;;
04022183;Storo;Trento;Vedi aggregazione: COMUNITA' DELLE GIUDICARIE;;;;;;;;;
04022184;Strembo;Trento;Vedi aggregazione: COMUNITA' DELLE GIUDICARIE;;;;;;;;;
04022188;Telve;Trento;Vedi aggregazione: COMUNITA VALSUGANA E TESINO / SETTORE AMBIENTE;;;;;;;;;
04022189;Telve di Sopra;Trento;Vedi aggregazione: COMUNITA VALSUGANA E TESINO / SETTORE AMBIENTE;;;;;;;;;
04022190;Tenna;Trento;1;1.065;7,17;11,18;21,97;17,26;35,08;41,14;14,49;150,34
04022191;Tenno;Trento;1;2.039;18,24;32,32;22,63;0,34;6,12;14,17;11,10;165,43
04022193;Terragnolo;Trento;1;705;23,35;34,15;29,29;7,28;6,21;19,09;10,60;129,97
04022251;Terre d'Adige;Trento;1;3.095;3,92;5,22;26,42;18,98;5,83;39,30;12,94;112,61
04022195;Terzolas;Trento;1;643;15,64;16,83;25,45;10,22;9,35;23,63;27,71;130,39
04022199;Tione di Trento - Dato aggregazione COMUNITA' DELLE GIUDICARIE;Trento;25;36.860;10,55;28,95;91,62;17,79;17,45;7,33;2,62;186,29
04022200;Ton;Trento;Vedi aggregazione: COMUNITA' DELLA VAL DI NON;;;;;;;;;
04022202;Torcegno;Trento;Vedi aggregazione: COMUNITA VALSUGANA E TESINO / SETTORE AMBIENTE;;;;;;;;;
04022203;Trambileno;Trento;1;1.473;21,19;30,89;34,94;10,17;10,96;16,49;7,34;131,97
04022247;Tre Ville;Trento;Vedi aggregazione: COMUNITA' DELLE GIUDICARIE;;;;;;;;;
04022205;Trento;Trento;1;118.886;13,34;7,96;60,77;24,40;13,34;31,71;19,40;170,92
04022232;Valdaone;Trento;Vedi aggregazione: COMUNITA' DELLE GIUDICARIE;;;;;;;;;
04022210;Vallarsa;Trento;1;1.392;27,54;38,36;30,81;5,30;15,68;27,74;;145,41
04022248;Vallelaghi;Trento;1;5.256;6,21;9,25;25,41;17,52;13,77;37,52;29,69;139,38
04022213;Vermiglio;Trento;1;1.783;31,51;33,90;48,99;20,59;12,96;34,97;23,27;215,75
04022216;Vignola-Falesina;Trento;1;199;6,87;10,71;21,04;16,53;13,54;39,40;13,88;123,94
04022249;Villa d'Anaunia;Trento;Vedi aggregazione: COMUNITA' DELLA VAL DI NON;;;;;;;;;
04022222;Villa Lagarina;Trento;1;3.893;13,28;19,53;37,63;13,38;17,33;22,91;1,53;125,58
04022224;Volano;Trento;1;3.121;15,11;18,75;42,57;14,55;16,08;17,31;6,89;131,27
05026001;Altivole;Treviso;1;7.060;4,84;8,29;56,36;12,38;9,98;19,33;21,25;133,17
05026002;Arcade;Treviso;1;4.496;4,93;8,43;57,31;12,59;10,15;19,65;21,61;135,42
05026003;Asolo;Treviso;1;8.985;5,21;8,92;60,63;13,32;10,74;20,79;22,86;143,26
05026004;Borso del Grappa;Treviso;1;5.928;4,97;8,51;57,85;12,71;10,25;19,84;21,81;136,68
05026005;Breda di Piave;Treviso;1;7.676;5,04;8,63;58,68;12,89;10,39;20,12;22,13;138,64
05026006;Caerano di San Marco;Treviso;1;7.788;5,05;8,65;58,82;12,92;10,42;20,17;22,18;138,98
05026007;Cappella Maggiore;Treviso;Vedi aggregazione: Consiglio di Bacino Sinistra Piave;;;;;;;;;
05026008;Carbonera;Treviso;1;11.219;4,98;8,52;57,94;12,73;10,26;19,87;21,85;136,91
05026009;Casale sul Sile;Treviso;1;13.092;4,94;8,45;57,45;12,62;10,18;19,70;21,66;135,75
05026010;Casier;Treviso;1;11.436;4,86;8,32;56,58;12,43;10,02;19,40;21,33;133,68
05026011;Castelcucco;Treviso;1;2.333;4,81;8,23;55,93;12,29;9,91;19,18;21,09;132,15
05026012;Castelfranco Veneto;Treviso;1;33.103;5,20;8,91;60,55;13,30;10,73;20,77;22,83;143,07
05026013;Castello di Godego;Treviso;1;7.020;5,06;8,66;58,87;12,93;10,43;20,19;22,20;139,10
05026014;Cavaso del Tomba;Treviso;1;2.930;5,05;8,65;58,79;12,91;10,41;20,16;22,17;138,90
05026015;Cessalto;Treviso;Vedi aggregazione: Consiglio di Bacino Sinistra Piave;;;;;;;;;
05026016;Chiarano;Treviso;Vedi aggregazione: Consiglio di Bacino Sinistra Piave;;;;;;;;;
05026017;Cimadolmo;Treviso;Vedi aggregazione: Consiglio di Bacino Sinistra Piave;;;;;;;;;
05026018;Cison di Valmarino;Treviso;Vedi aggregazione: Consiglio di Bacino Sinistra Piave;;;;;;;;;
05026019;Codogne;Treviso;Vedi aggregazione: Consiglio di Bacino Sinistra Piave;;;;;;;;;
05026020;Colle Umberto;Treviso;Vedi aggregazione: Consiglio di Bacino Sinistra Piave;;;;;;;;;
05026021;Conegliano - Dato aggregazione Consiglio di Bacino Sinistra Piave;Treviso;44;297.303;14,62;5,22;13,05;15,80;5,02;54,19;9,77;117,69
05026022;Cordignano;Treviso;Vedi aggregazione: Consiglio di Bacino Sinistra Piave;;;;;;;;;
05026023;Cornuda;Treviso;1;6.068;5,12;8,76;59,54;13,08;10,55;20,42;22,45;140,68
05026025;Crocetta del Montello;Treviso;1;5.990;5,05;8,64;58,73;12,90;10,40;20,14;22,14;138,76
05026026;Farra di Soligo;Treviso;Vedi aggregazione: Consiglio di Bacino Sinistra Piave;;;;;;;;;
05026027;Follina;Treviso;Vedi aggregazione: Consiglio di Bacino Sinistra Piave;;;;;;;;;
05026028;Fontanelle;Treviso;Vedi aggregazione: Consiglio di Bacino Sinistra Piave;;;;;;;;;
05026029;Fonte;Treviso;1;6.045;4,97;8,51;57,83;12,70;10,24;19,83;21,81;136,64
05026030;Fregona;Treviso;Vedi aggregazione: Consiglio di Bacino Sinistra Piave;;;;;;;;;
05026031;Gaiarine;Treviso;Vedi aggregazione: Consiglio di Bacino Sinistra Piave;;;;;;;;;
05026032;Giavera del Montello;Treviso;1;5.119;5,01;8,58;58,35;12,82;10,34;20,01;22,00;137,86
05026033;Godega di Sant'Urbano;Treviso;Vedi aggregazione: Consiglio di Bacino Sinistra Piave;;;;;;;;;
05026034;Gorgo al Monticano;Treviso;Vedi aggregazione: Consiglio di Bacino Sinistra Piave;;;;;;;;;
05026035;Istrana;Treviso;1;9.126;5,00;8,56;58,18;12,78;10,31;19,95;21,94;137,46
05026036;Loria;Treviso;1;9.246;4,98;8,51;57,90;12,72;10,26;19,85;21,83;136,80
05026037;Mansue;Treviso;Vedi aggregazione: Consiglio di Bacino Sinistra Piave;;;;;;;;;
05026038;Mareno di Piave;Treviso;Vedi aggregazione: Consiglio di Bacino Sinistra Piave;;;;;;;;;
05026039;Maser;Treviso;1;5.096;4,92;8,43;57,31;12,59;10,15;19,65;21,61;135,40
05026040;Maserada sul Piave;Treviso;1;9.123;5,05;8,65;58,81;12,92;10,42;20,17;22,18;138,96
05026041;Meduna di Livenza;Treviso;Vedi aggregazione: Consiglio di Bacino Sinistra Piave;;;;;;;;;
05026042;Miane;Treviso;Vedi aggregazione: Consiglio di Bacino Sinistra Piave;;;;;;;;;
05026043;Mogliano Veneto;Treviso;1;27.922;15,02;20,38;33,85;19,03;18,00;18,21;21,15;147,39
05026044;Monastier di Treviso;Treviso;1;4.406;4,81;8,22;55,91;12,28;9,91;19,17;21,08;132,11
05026045;Monfumo;Treviso;1;1.297;5,25;8,99;61,11;13,42;10,83;20,96;23,04;144,39
05026046;Montebelluna;Treviso;1;31.281;5,04;8,63;58,69;12,89;10,40;20,13;22,13;138,67
05026047;Morgano;Treviso;1;4.438;4,98;8,52;57,93;12,72;10,26;19,87;21,84;136,87
05026048;Moriago della Battaglia;Treviso;Vedi aggregazione: Consiglio di Bacino Sinistra Piave;;;;;;;;;
05026049;Motta di Livenza;Treviso;Vedi aggregazione: Consiglio di Bacino Sinistra Piave;;;;;;;;;
05026050;Nervesa della Battaglia;Treviso;1;6.518;5,14;8,79;59,80;13,13;10,59;20,51;22,55;141,29
05026051;Oderzo;Treviso;Vedi aggregazione: Consiglio di Bacino Sinistra Piave;;;;;;;;;
05026052;Ormelle;Treviso;Vedi aggregazione: Consiglio di Bacino Sinistra Piave;;;;;;;;;
05026053;Orsago;Treviso;Vedi aggregazione: Consiglio di Bacino Sinistra Piave;;;;;;;;;
05026055;Paese;Treviso;1;22.147;4,91;8,40;57,13;12,55;10,12;19,59;21,54;134,98
05026056;Pederobba;Treviso;1;7.354;5,27;9,01;61,28;13,46;10,86;21,01;23,11;144,79
05026096;Pieve del Grappa;Treviso;1;6.656;5,05;8,63;58,71;12,90;10,40;20,13;22,14;138,73
05026057;Pieve di Soligo;Treviso;Vedi aggregazione: Consiglio di Bacino Sinistra Piave;;;;;;;;;
05026058;Ponte di Piave;Treviso;Vedi aggregazione: Consiglio di Bacino Sinistra Piave;;;;;;;;;
05026059;Ponzano Veneto;Treviso;1;12.999;4,83;8,27;56,21;12,35;9,96;19,28;21,19;132,80
05026060;Portobuffole;Treviso;Vedi aggregazione: Consiglio di Bacino Sinistra Piave;;;;;;;;;
05026061;Possagno;Treviso;1;2.296;4,79;8,20;55,78;12,25;9,88;19,13;21,03;131,79
05026062;Povegliano;Treviso;1;5.079;5,04;8,63;58,65;12,88;10,39;20,11;22,12;138,58
05026063;Preganziol;Treviso;1;16.808;4,97;8,50;57,83;12,70;10,24;19,83;21,80;136,64
05026064;Quinto di Treviso;Treviso;1;10.058;4,92;8,42;57,26;12,58;10,14;19,64;21,59;135,28
05026065;Refrontolo;Treviso;Vedi aggregazione: Consiglio di Bacino Sinistra Piave;;;;;;;;;
05026066;Resana;Treviso;1;9.352;5,02;8,59;58,44;12,84;10,35;20,04;22,04;138,08
05026067;Revine Lago;Treviso;Vedi aggregazione: Consiglio di Bacino Sinistra Piave;;;;;;;;;
05026068;Riese Pio X;Treviso;1;10.944;4,99;8,54;58,04;12,75;10,28;19,90;21,89;137,14
05026069;Roncade;Treviso;1;14.638;4,85;8,30;56,41;12,39;9,99;19,35;21,27;133,28
05026070;Salgareda;Treviso;Vedi aggregazione: Consiglio di Bacino Sinistra Piave;;;;;;;;;
05026071;San Biagio di Callalta;Treviso;1;12.681;5,03;8,61;58,58;12,87;10,38;20,09;22,09;138,40
05026072;San Fior;Treviso;Vedi aggregazione: Consiglio di Bacino Sinistra Piave;;;;;;;;;
05026073;San Pietro di Feletto;Treviso;Vedi aggregazione: Consiglio di Bacino Sinistra Piave;;;;;;;;;
05026074;San Polo di Piave;Treviso;Vedi aggregazione: Consiglio di Bacino Sinistra Piave;;;;;;;;;
05026076;San Vendemiano;Treviso;Vedi aggregazione: Consiglio di Bacino Sinistra Piave;;;;;;;;;
05026077;San Zenone degli Ezzelini;Treviso;1;7.311;4,98;8,52;57,95;12,73;10,27;19,87;21,85;136,93
05026075;Santa Lucia di Piave;Treviso;Vedi aggregazione: Consiglio di Bacino Sinistra Piave;;;;;;;;;
05026078;Sarmede;Treviso;Vedi aggregazione: Consiglio di Bacino Sinistra Piave;;;;;;;;;
05026079;Segusino;Treviso;Vedi aggregazione: Consiglio di Bacino Sinistra Piave;;;;;;;;;
05026080;Sernaglia della Battaglia;Treviso;Vedi aggregazione: Consiglio di Bacino Sinistra Piave;;;;;;;;;
05026081;Silea;Treviso;1;10.488;4,83;8,26;56,18;12,34;9,95;19,26;21,18;132,73
05026082;Spresiano;Treviso;1;12.350;4,83;8,27;56,21;12,35;9,96;19,28;21,19;132,80
05026083;Susegana;Treviso;1;11.747;5,03;8,60;58,50;12,85;10,36;20,06;22,06;138,21
05026084;Tarzo;Treviso;Vedi aggregazione: Consiglio di Bacino Sinistra Piave;;;;;;;;;
05026085;Trevignano;Treviso;1;10.723;4,95;8,48;57,64;12,66;10,21;19,77;21,73;136,19
05026086;Treviso;Treviso;1;85.282;5,76;9,85;66,97;14,71;11,86;22,97;25,25;158,24
05026087;Valdobbiadene;Treviso;Vedi aggregazione: Consiglio di Bacino Sinistra Piave;;;;;;;;;
05026088;Vazzola;Treviso;Vedi aggregazione: Consiglio di Bacino Sinistra Piave;;;;;;;;;
05026089;Vedelago;Treviso;1;16.543;4,99;8,54;58,07;12,75;10,29;19,91;21,89;137,20
05026090;Vidor;Treviso;Vedi aggregazione: Consiglio di Bacino Sinistra Piave;;;;;;;;;
05026091;Villorba;Treviso;1;17.610;5,04;8,62;58,60;12,87;10,38;20,09;22,09;138,45
05026092;Vittorio Veneto;Treviso;Vedi aggregazione: Consiglio di Bacino Sinistra Piave;;;;;;;;;
05026093;Volpago del Montello;Treviso;1;10.050;4,99;8,55;58,11;12,76;10,29;19,93;21,91;137,29
05026094;Zenson di Piave;Treviso;1;1.742;5,02;8,59;58,39;12,83;10,34;20,03;22,02;137,97
05026095;Zero Branco;Treviso;1;11.643;4,84;8,29;56,37;12,38;9,99;19,33;21,26;133,20
06032001;Duino-Aurisina;Trieste;1;8.208;31,70;43,14;56,47;32,73;7,21;17,87;14,19;204,11
06032002;Monrupino;Trieste;1;840;39,85;45,32;84,29;62,15;0,83;25,06;18,08;276,19
06032003;Muggia;Trieste;1;12.839;22,53;18,16;45,31;26,83;13,88;15,19;8,92;150,82
06032004;San Dorligo della Valle-Dolina;Trieste;1;5.682;15,07;15,91;0,85;59,81;2,14;23,19;4,06;126,23
06032005;Sgonico;Trieste;1;1.983;18,90;18,35;65,25;60,36;7,67;22,85;15,21;209,31
06032006;Trieste;Trieste;1;199.400;23,97;;35,62;49,94;33,33;21,26;25,08;192,00
06030001;Aiello del Friuli;Udine;1;2.129;9,32;23,58;38,74;27,26;1,17;7,19;12,02;119,28
06030004;Aquileia;Udine;1;3.150;8,74;25,60;40,79;29,34;4,63;11,70;13,32;137,56
06030006;Artegna;Udine;1;2.880;8,76;15,57;6,66;54,23;5,52;21,14;2,05;115,53
06030007;Attimis;Udine;1;1.642;16,79;14,47;33,53;26,94;;10,32;8,96;111,01
06030008;Bagnaria Arsa;Udine;1;3.456;8,39;20,83;31,00;28,24;1,71;1,61;10,74;106,54
06030009;Basiliano;Udine;1;5.150;8,10;13,06;4,83;66,99;4,27;27,62;2,97;129,61
06030010;Bertiolo;Udine;1;2.345;9,63;18,21;5,74;55,87;3,18;23,39;7,23;130,62
06030011;Bicinicco;Udine;1;1.792;6,92;15,28;24,71;24,90;5,12;13,54;6,61;97,09
06030012;Bordano;Udine;1;699;9,09;19,23;10,36;58,28;6,72;25,35;3,06;143,14
06030013;Buja;Udine;1;6.337;11,09;10,33;22,88;22,20;4,32;17,02;15,28;103,11
06030014;Buttrio;Udine;1;3.926;7,66;11,23;6,96;66,70;3,54;23,47;2,43;124,11
06030015;Camino al Tagliamento;Udine;1;1.533;9,26;16,94;4,82;59,25;1,46;18,71;2,44;114,81
06030016;Campoformido;Udine;1;7.869;7,37;9,87;5,68;60,37;1,86;23,99;2,56;113,51
06030138;Campolongo Tapogliano;Udine;1;1.102;8,66;20,68;30,01;28,09;0,60;16,57;10,54;115,15
06030018;Carlino;Udine;1;2.629;6,26;18,46;25,87;19,94;1,99;13,73;15,30;101,56
06030019;Cassacco;Udine;1;2.794;13,22;10,17;31,18;23,61;;22,48;19,94;120,60
06030020;Castions di Strada;Udine;1;3.667;7,26;18,00;30,09;29,47;0,14;14,81;9,17;108,94
06030023;Cervignano del Friuli;Udine;1;13.666;11,70;11,83;29,44;21,38;8,00;22,30;11,26;115,90
06030024;Chiopris-Viscone;Udine;1;703;10,75;25,77;41,26;28,67;5,21;6,63;30,55;148,85
06030025;Chiusaforte;Udine;1;593;17,10;27,12;55,29;30,74;5,34;75,51;24,40;235,51
06030026;Cividale del Friuli;Udine;1;10.772;12,45;25,74;32,87;27,43;13,51;12,13;24,45;148,57
06030027;Codroipo;Udine;1;15.906;9,01;15,63;6,42;63,07;5,94;22,75;14,52;141,53
06030028;Colloredo di Monte Albano;Udine;1;2.177;8,02;11,77;11,68;48,14;3,16;24,19;2,04;110,69
06030030;Corno di Rosazzo;Udine;1;3.143;7,48;10,39;5,42;52,84;6,68;24,50;2,37;111,65
06030031;Coseano;Udine;1;2.014;9,76;17,97;5,88;59,05;1,40;19,39;2,68;117,92
06030032;Dignano;Udine;1;2.233;9,15;16,70;6,19;57,79;1,96;21,63;2,96;118,42
06030033;Dogna;Udine;1;150;13,83;41,07;37,61;58,78;15,48;33,77;2,65;205,91
06030034;Drenchia;Udine;1;101;49,67;22,25;29,60;20,60;;19,06;25,79;166,98
06030036;Faedis;Udine;1;2.761;14,14;12,71;29,64;20,98;;11,68;11,01;100,16
06030037;Fagagna;Udine;1;5.993;9,71;19,79;6,74;57,23;6,41;20,31;4,89;129,01
06030190;Fiumicello Villa Vicentina;Udine;1;6.301;8,72;20,29;37,46;29,70;6,13;14,92;3,19;120,41
06030039;Flaibano;Udine;1;1.086;9,21;14,87;4,76;52,24;12,74;19,77;11,51;126,59
06030137;Forgaria nel Friuli;Udine;1;1.689;8,81;15,04;11,54;66,88;5,10;41,31;9,90;161,35
06030043;Gemona del Friuli;Udine;1;10.520;8,26;12,69;6,73;78,24;1,84;26,22;3,26;140,82
06030044;Gonars;Udine;1;4.530;6,69;18,97;22,67;23,00;2,42;6,23;10,20;94,65
06030046;Latisana;Udine;1;13.196;14,48;13,57;27,70;23,61;10,97;17,25;9,07;116,66
06030048;Lestizza;Udine;1;3.611;7,42;9,76;5,93;61,71;2,77;28,69;2,65;120,48
06030051;Lusevera;Udine;1;600;9,60;18,76;4,88;65,91;;15,16;1,98;117,70
06030052;Magnano in Riviera;Udine;1;2.253;18,92;38,40;7,33;76,65;0,58;27,67;1,79;175,07
06030053;Majano;Udine;1;5.747;9,15;16,56;5,61;50,85;7,15;16,07;4,91;115,64
06030054;Malborghetto Valbruna;Udine;1;896;15,12;29,17;53,90;29,69;10,34;29,40;20,07;187,70
06030055;Manzano;Udine;1;6.343;12,08;23,64;28,66;28,23;1,80;15,35;12,33;126,93
06030056;Marano Lagunare;Udine;1;1.686;15,02;19,04;25,19;26,71;0,13;27,10;14,42;127,61
06030057;Martignacco;Udine;1;6.862;8,11;12,37;5,96;57,44;3,87;24,07;2,44;114,87
06030058;Mereto di Tomba;Udine;1;2.518;10,50;16,62;26,45;23,97;2,01;14,64;11,65;105,82
06030059;Moggio Udinese;Udine;1;1.613;12,58;30,89;13,97;51,85;10,10;29,05;2,69;153,47
06030060;Moimacco;Udine;1;1.602;8,22;9,77;4,49;66,17;2,89;23,82;2,69;120,25
06030061;Montenars;Udine;1;483;9,66;19,28;10,16;45,40;14,83;24,51;8,89;134,10
06030062;Mortegliano;Udine;1;4.801;9,31;16,81;6,19;66,73;8,49;30,81;6,71;146,97
06030063;Moruzzo;Udine;1;2.406;8,09;11,75;4,74;52,01;2,22;18,30;2,30;102,67
06030064;Muzzana del Turgnano;Udine;1;2.352;7,99;17,95;29,91;24,38;2,66;16,17;18,12;119,26
06030065;Nimis;Udine;1;2.614;9,89;19,71;5,32;57,30;2,25;15,04;2,50;116,88
06030066;Osoppo;Udine;1;2.781;9,98;18,63;8,81;54,75;1,23;19,38;2,09;116,70
06030068;Pagnacco;Udine;1;5.067;8,37;11,24;15,52;59,69;6,52;20,82;2,16;125,90
06030069;Palazzolo dello Stella;Udine;1;2.814;8,77;21,16;31,39;25,38;6,53;11,70;17,24;122,17
06030070;Palmanova;Udine;1;5.334;9,35;31,65;25,40;28,20;22,31;12,81;15,66;145,37
06030072;Pasian di Prato;Udine;1;9.241;8,20;12,40;6,34;63,66;5,00;23,74;2,63;123,79
06030073;Paularo;Udine;1;2.340;;;4,63;;13,53;4,54;3,85;124,60
06030074;Pavia di Udine;Udine;1;5.480;9,49;18,08;7,37;60,19;2,05;22,11;7,06;128,82
06030075;Pocenia;Udine;1;2.367;7,28;14,30;28,76;24,66;0,94;12,35;10,52;98,81
06030076;Pontebba;Udine;1;1.279;18,35;22,05;60,10;17,63;4,88;26,48;9,34;158,82
06030077;Porpetto;Udine;1;2.475;7,49;20,04;27,83;20,25;3,79;16,91;13,77;110,09
06030078;Povoletto;Udine;1;5.429;9,51;12,53;27,02;22,50;3,10;10,76;24,97;114,31
06030079;Pozzuolo del Friuli;Udine;1;6.878;7,71;10,47;5,48;55,57;0,99;26,31;2,51;110,61
06030080;Pradamano;Udine;1;3.536;8,74;15,60;6,54;63,74;1,52;25,96;2,72;127,10
06030082;Precenicco;Udine;1;1.427;12,45;24,21;42,09;29,65;4,06;10,51;10,30;133,27
06030083;Premariacco;Udine;1;3.916;8,73;10,93;5,31;50,85;1,48;25,91;2,43;108,31
06030085;Prepotto;Udine;1;703;30,76;34,16;33,81;22,24;;10,89;18,04;160,90
06030086;Pulfero;Udine;1;830;22,40;25,93;23,70;23,68;;5,40;15,03;116,14
06030087;Ragogna;Udine;1;2.820;8,99;15,35;4,59;49,80;2,85;20,51;4,16;107,81
06030090;Reana del Rojale;Udine;1;4.638;12,12;17,54;5,68;55,52;4,99;17,05;5,90;120,59
06030091;Remanzacco;Udine;1;6.015;9,27;17,30;6,89;58,15;1,67;18,50;7,49;121,07
06030092;Resia;Udine;1;917;18,69;18,25;41,15;20,44;2,52;40,71;30,93;172,69
06030093;Resiutta;Udine;1;267;12,10;34,94;9,70;60,09;;15,85;3,07;138,60
06030095;Rive d'Arcano;Udine;1;2.367;8,94;12,90;5,73;46,90;1,92;20,69;1,81;101,08
06030188;Rivignano Teor;Udine;1;6.251;8,74;17,34;11,05;50,29;5,69;22,27;4,32;121,09
06030097;Ronchis;Udine;1;1.911;8,75;2,03;37,92;24,04;5,54;17,77;11,10;107,15
06030098;Ruda;Udine;1;2.791;8,75;18,80;33,28;21,39;3,24;14,35;12,93;112,74
06030099;San Daniele del Friuli;Udine;1;7.923;10,47;18,47;6,37;57,27;7,15;24,52;2,66;129,57
06030100;San Giorgio di Nogaro;Udine;1;7.279;10,57;24,41;33,42;26,18;5,74;10,05;11,48;121,86
06030101;San Giovanni al Natisone;Udine;1;6.007;9,32;17,29;7,64;68,11;;22,76;2,72;130,45
06030102;San Leonardo;Udine;1;1.018;25,73;10,89;27,04;19,30;;6,91;10,51;100,39
06030103;San Pietro al Natisone;Udine;1;2.086;16,81;15,09;33,41;18,49;0,08;26,81;7,06;117,75
06030105;San Vito al Torre;Udine;1;1.218;10,75;24,64;53,33;28,32;2,50;8,07;11,67;139,28
06030106;San Vito di Fagagna;Udine;1;1.668;7,38;10,09;5,39;55,54;;25,29;2,48;107,80
06030104;Santa Maria la Longa;Udine;1;2.299;8,68;20,31;27,19;28,05;0,76;5,63;15,01;110,59
06030189;Sappada;Udine;1;1.311;;;2,37;;12,62;18,68;37,94;243,24
06030108;Savogna;Udine;1;352;28,08;31,49;28,16;22,62;;29,46;14,17;153,99
06030109;Sedegliano;Udine;1;3.688;9,21;17,04;5,45;48,11;1,64;14,86;2,01;100,81
06030111;Stregna;Udine;1;284;31,24;23,02;3,72;11,73;;21,52;71,82;163,06
06030113;Taipana;Udine;1;568;9,48;18,33;4,42;51,19;0,88;22,91;2,68;111,42
06030114;Talmassons;Udine;1;3.821;4,59;17,11;33,42;25,35;1,88;14,94;9,12;106,41
06030116;Tarcento;Udine;1;8.842;9,21;12,76;37,39;19,79;4,18;17,36;23,93;124,61
06030117;Tarvisio;Udine;1;3.944;21,94;33,04;52,94;31,97;19,92;33,28;21,60;214,68
06030118;Tavagnacco;Udine;1;14.629;12,25;16,16;41,20;24,00;8,41;10,25;16,16;128,43
06030120;Terzo d'Aquileia;Udine;1;2.706;5,99;21,37;23,96;24,37;1,12;18,61;9,86;105,29
06030122;Torreano;Udine;1;2.035;30,02;32,25;32,42;22,01;;10,74;3,22;130,66
06030123;Torviscosa;Udine;1;2.585;10,15;21,24;44,03;28,98;3,48;7,68;21,01;141,90
06030124;Trasaghis;Udine;1;2.084;11,33;18,36;6,10;51,52;2,99;18,64;10,05;122,42
06030126;Treppo Grande;Udine;1;1.715;7,87;10,66;16,97;44,32;5,92;14,78;11,78;113,73
06030191;Treppo Ligosullo;Udine;1;679;;;1,14;;4,54;;2,69;114,63
06030127;Tricesimo;Udine;1;7.571;7,68;8,53;26,77;22,78;2,12;19,00;16,11;102,99
06030128;Trivignano Udinese;Udine;1;1.540;11,74;17,18;32,12;26,24;0,20;7,78;17,14;112,40
06030129;Udine;Udine;1;98.430;8,96;17,23;37,93;27,43;9,78;9,46;23,22;137,41
06030130;Varmo;Udine;1;2.645;8,17;13,25;5,76;60,66;2,06;27,03;2,66;121,35
06030131;Venzone;Udine;1;1.924;10,96;20,28;7,26;58,46;;24,98;2,82;133,63
06030135;Visco;Udine;1;830;6,18;20,00;24,89;25,53;2,27;1,61;2,55;83,03
03012001;Agra;Varese;1;400;7,00;12,86;42,99;27,97;36,74;33,04;28,17;190,40
03012002;Albizzate;Varese;1;5.135;10,54;12,07;49,49;12,47;13,05;23,75;3,18;125,10
03012003;Angera;Varese;1;5.356;8,99;6,66;33,97;31,27;14,30;30,88;12,85;141,92
03012004;Arcisate;Varese;1;9.847;5,82;39,14;20,38;13,58;8,89;15,33;;103,14
03012005;Arsago Seprio;Varese;1;4.732;5,42;7,73;36,34;15,61;10,70;32,28;15,45;123,53
03012006;Azzate;Varese;1;4.617;10,26;11,76;48,22;12,15;9,88;27,62;11,94;132,44
03012007;Azzio;Varese;1;770;4,81;8,83;29,52;19,21;1,12;25,51;10,95;101,51
03012008;Barasso;Varese;1;1.672;8,13;5,63;22,63;35,07;8,95;39,72;6,01;126,14
03012144;BARDELLO CON MALGESSO E BREGANO;Varese;1;3.634;6,64;3,85;44,51;16,99;8,55;9,19;13,04;102,77
03012010;Bedero Valcuvia;Varese;1;660;8,35;19,18;42,53;9,25;21,97;26,51;8,31;136,11
03012011;Besano;Varese;1;2.514;12,03;8,77;48,28;18,02;3,17;19,03;8,05;117,34
03012012;Besnate;Varese;1;5.465;11,07;12,69;52,02;13,11;7,81;40,08;3,61;141,05
03012013;Besozzo;Varese;1;8.772;5,94;4,57;21,06;29,29;9,60;22,41;9,80;102,66
03012014;Biandronno;Varese;1;3.178;9,08;4,79;49,10;19,63;1,59;18,27;3,65;106,10
03012015;Bisuschio;Varese;1;4.276;8,05;10,23;31,52;4,38;2,42;18,29;1,81;76,70
03012016;Bodio Lomnago;Varese;1;2.253;10,08;11,55;47,36;11,93;18,63;36,98;4,95;142,08
03012019;Brenta;Varese;1;1.732;5,50;10,10;33,76;21,97;17,17;19,21;17,46;126,77
03012020;Brezzo di Bedero;Varese;1;1.204;6,24;11,46;38,32;24,93;13,85;44,89;26,58;170,21
03012021;Brinzio;Varese;1;772;5,63;10,34;34,56;22,49;12,65;22,37;10,75;120,39
03012022;Brissago-Valtravaglia;Varese;1;1.312;12,87;10,66;35,64;23,19;17,83;21,49;39,92;163,12
03012023;Brunello;Varese;1;918;9,79;17,13;40,78;13,86;28,84;48,09;;158,48
03012024;Brusimpiano;Varese;1;1.179;6,00;12,57;32,62;20,66;46,32;30,32;13,45;161,93
03012025;Buguggiate;Varese;1;3.112;9,45;10,83;44,40;11,19;5,76;40,47;3,93;126,54
03012026;Busto Arsizio;Varese;1;83.439;22,30;32,82;46,84;;24,64;19,11;35,70;182,61
03012027;Cadegliano-Viconago;Varese;1;2.173;8,14;14,02;43,45;6,05;29,65;41,11;1,91;144,33
03012143;Cadrezzate con Osmate;Varese;1;2.674;7,67;8,74;25,72;45,06;1,95;30,02;4,95;124,12
03012029;Cairate;Varese;1;7.822;7,37;;28,88;28,47;2,42;30,23;15,41;115,01
03012030;Cantello;Varese;1;4.774;12,68;;34,96;19,57;6,09;55,99;3,20;132,49
03012031;Caravate;Varese;1;2.537;5,62;10,31;35,22;22,43;1,68;18,08;7,83;102,78
03012032;Cardano al Campo;Varese;1;14.753;9,02;;35,04;24,46;7,87;16,99;15,63;109,03
03012033;Carnago;Varese;1;6.605;7,69;13,45;32,03;10,89;3,66;11,93;;79,65
03012034;Caronno Pertusella;Varese;1;18.284;5,70;10,64;26,05;14,01;25,59;29,40;7,38;119,86
03012035;Caronno Varesino;Varese;1;4.833;7,11;;35,67;26,68;;21,86;3,73;98,17
03012036;Casale Litta;Varese;1;2.757;10,05;11,51;47,20;11,90;19,78;36,66;3,28;140,94
03012037;Casalzuigno;Varese;1;1.360;5,87;10,77;36,00;23,43;15,01;28,49;5,74;126,94
03012038;Casciago;Varese;1;3.587;10,93;3,96;31,32;33,29;11,17;56,10;29,15;176,75
03012039;Casorate Sempione;Varese;1;5.609;10,19;14,17;32,43;18,47;0,64;14,97;6,25;97,11
03012040;Cassano Magnago;Varese;1;21.328;4,00;;33,42;22,36;12,69;27,53;17,01;119,98
03012041;Cassano Valcuvia;Varese;1;657;5,54;10,17;34,01;22,13;22,98;21,72;61,20;179,38
03012042;Castellanza;Varese;1;13.883;6,63;;33,99;42,06;21,77;32,37;33,48;172,56
03012043;Castello Cabiaglio;Varese;1;571;5,42;9,95;33,29;21,66;1,26;46,56;14,01;133,72
03012044;Castelseprio;Varese;1;1.331;7,81;;26,53;30,20;6,37;26,43;3,96;104,25
03012045;Castelveccana;Varese;1;1.833;6,60;12,12;41,46;26,36;10,91;46,24;17,49;162,85
03012046;Castiglione Olona;Varese;1;7.453;9,13;10,46;42,90;10,81;5,21;32,19;2,98;114,17
03012047;Castronno;Varese;1;5.019;12,48;11,80;50,50;12,20;21,68;42,04;3,36;154,60
03012048;Cavaria con Premezzo;Varese;1;5.698;8,78;10,05;41,23;10,39;8,83;31,57;2,86;114,23
03012049;Cazzago Brabbia;Varese;1;786;12,32;14,12;57,88;14,59;7,03;42,76;4,01;153,40
03012050;Cislago;Varese;1;10.420;4,37;7,65;27,75;20,03;13,45;17,10;16,88;108,31
03012051;Cittiglio;Varese;1;3.824;6,03;11,08;37,22;24,10;10,94;19,89;14,80;125,67
03012052;Clivio;Varese;1;1.988;28,82;193,89;100,93;67,29;44,01;75,96;;510,89
03012053;Cocquio-Trevisago;Varese;1;4.631;6,29;4,86;43,68;37,55;5,79;36,80;18,18;153,15
03012054;Comabbio;Varese;1;1.179;3,78;4,46;30,88;17,34;22,26;16,05;18,81;113,59
03012055;Comerio;Varese;1;2.818;7,18;5,89;42,28;19,79;11,84;19,86;10,75;117,59
03012056;Cremenaga;Varese;1;791;5,47;9,17;32,08;16,03;15,54;49,58;1,76;129,63
03012057;Crosio della Valle;Varese;1;637;12,10;13,86;56,82;14,32;27,66;52,00;12,38;189,78
03012058;Cuasso al Monte;Varese;1;3.541;4,86;13,03;41,02;18,31;4,85;19,74;11,15;120,93
03012059;Cugliate-Fabiasco;Varese;1;3.100;12,07;8,87;39,52;49,15;1,15;23,60;14,37;148,73
03012060;Cunardo;Varese;1;2.895;10,34;9,01;42,31;50,30;12,60;28,17;4,43;157,17
03012061;Curiglia con Monteviasco;Varese;1;153;6,35;11,66;39,00;25,38;60,48;37,00;28,12;209,62
03012062;Cuveglio;Varese;1;3.341;6,09;11,19;37,41;24,34;9,98;22,63;5,75;118,96
03012063;Cuvio;Varese;1;1.657;6,12;11,23;37,56;24,44;11,08;25,00;7,29;124,33
03012064;Daverio;Varese;1;3.069;12,07;11,74;48,15;12,14;6,87;38,73;3,30;133,60
03012065;Dumenza;Varese;1;1.436;6,13;11,26;37,65;24,50;30,07;27,54;16,16;154,97
03012066;Duno;Varese;1;154;6,06;11,12;37,19;24,20;27,51;101,34;39,92;248,84
03012067;Fagnano Olona;Varese;1;12.478;14,49;37,84;35,51;;2,71;19,13;21,19;131,68
03012068;Ferno;Varese;1;6.665;15,82;26,19;;;46,39;30,68;30,71;258,40
03012069;Ferrera di Varese;Varese;1;683;5,55;10,18;34,04;22,15;7,39;23,38;2,08;106,40
03012070;Gallarate;Varese;1;53.257;13,56;16,70;41,82;16,08;18,41;27,92;12,17;147,88
03012071;Galliate Lombardo;Varese;1;1.024;10,60;12,14;49,77;12,54;17,11;51,76;3,46;158,00
03012072;Gavirate;Varese;1;9.170;7,18;6,63;37,10;31,59;21,76;15,91;20,33;140,51
03012073;Gazzada Schianno;Varese;1;4.613;67,31;;;;9,42;15,17;21,90;122,46
03012074;Gemonio;Varese;1;2.838;6,89;5,86;39,90;18,10;18,57;10,88;14,54;115,81
03012075;Gerenzano;Varese;1;10.887;4,01;30,27;23,52;14,44;10,66;16,96;3,31;103,18
03012076;Germignaga;Varese;1;3.708;6,01;11,04;39,03;24,01;9,50;17,59;2,25;111,06
03012077;Golasecca;Varese;1;2.623;9,29;8,05;41,80;26,98;16,09;23,89;1,03;127,13
03012079;Gorla Minore;Varese;1;8.120;5,63;10,57;31,72;18,93;14,12;17,03;9,57;107,56
03012080;Gornate Olona;Varese;1;2.179;9,42;13,63;45,87;18,76;4,78;13,08;8,62;114,16
03012081;Grantola;Varese;1;1.225;6,80;10,64;35,59;23,16;1,35;19,78;3,14;102,11
03012082;Inarzo;Varese;1;1.062;9,00;10,31;42,34;10,65;13,51;33,23;2,93;122,50
03012083;Induno Olona;Varese;1;10.360;8,17;14,77;29,02;26,22;15,51;14,12;3,00;110,82
03012084;Ispra;Varese;1;5.312;6,91;5,39;45,53;22,62;6,84;15,40;13,88;116,56
03012085;Jerago con Orago;Varese;1;5.161;8,68;9,95;40,79;10,28;4,96;31,20;2,83;109,21
03012086;Lavena Ponte Tresa;Varese;1;5.669;3,59;11,37;17,95;34,13;47,96;25,47;40,91;181,38
03012087;Laveno-Mombello;Varese;1;8.360;7,90;14,42;48,21;31,37;7,56;25,21;24,91;170,76
03012088;Leggiuno;Varese;1;3.553;7,40;3,89;20,41;39,18;12,65;34,48;12,28;130,29
03012089;Lonate Ceppino;Varese;1;5.084;8,63;;27,57;30,22;;18,08;9,79;97,02
03012092;Luino;Varese;1;14.190;6,50;11,93;40,16;26,00;26,53;22,31;18,99;156,35
03012093;Luvinate;Varese;1;1.341;9,73;5,01;27,38;37,89;8,93;39,38;7,51;135,84
03012142;Maccagno con Pino e Veddasca;Varese;1;2.361;8,02;14,72;51,46;32,04;1,87;26,23;25,84;161,86
03012096;Malnate;Varese;1;16.513;5,32;3,84;41,62;20,80;16,99;13,96;2,23;104,76
03012097;Marchirolo;Varese;1;3.589;7,22;8,16;36,20;17,65;21,94;18,18;4,80;114,14
03012098;Marnate;Varese;1;8.111;6,12;24,57;30,50;4,43;10,36;24,75;22,17;122,90
03012099;Marzio;Varese;1;304;8,83;23,56;44,83;22,92;38,75;37,44;19,10;195,43
03012100;Masciago Primo;Varese;1;291;6,04;11,10;37,11;24,14;12,73;54,67;8,21;155,66
03012101;Mercallo;Varese;1;1.805;6,52;4,47;42,84;22,35;8,70;10,94;9,89;105,72
03012102;Mesenzana;Varese;1;1.735;5,69;10,44;34,90;22,71;6,80;19,36;17,89;119,33
03012103;Montegrino Valtravaglia;Varese;1;1.503;5,76;10,57;35,36;23,01;17,52;38,53;6,94;139,30
03012104;Monvalle;Varese;1;1.941;8,93;4,28;24,60;36,83;3,96;38,88;28,63;146,11
03012105;Morazzone;Varese;1;4.307;8,54;9,78;40,11;10,11;4,87;30,06;2,78;106,71
03012106;Mornago;Varese;1;4.877;9,20;10,43;33,15;10,78;19,45;17,81;8,85;110,15
03012107;Oggiona con Santo Stefano;Varese;1;4.336;7,97;9,13;37,44;9,44;14,68;28,82;2,60;110,54
03012108;Olgiate Olona;Varese;1;12.751;8,08;41,44;27,09;10,04;6,36;29,82;0,90;125,70
03012109;Origgio;Varese;1;8.000;11,41;16,78;23,99;27,00;20,07;15,27;14,02;128,54
03012110;Orino;Varese;1;833;5,20;9,54;31,90;20,76;1,21;36,49;9,22;115,90
03012113;Porto Ceresio;Varese;1;2.869;14,81;30,18;37,66;;16,49;15,20;6,16;134,54
03012114;Porto Valtravaglia;Varese;1;2.271;6,93;14,32;42,55;27,69;21,34;30,38;16,05;160,87
03012115;Rancio Valcuvia;Varese;1;924;5,49;10,08;33,69;21,92;20,92;35,54;45,07;172,72
03012116;Ranco;Varese;1;1.241;6,17;3,30;41,49;30,26;9,02;28,09;9,07;127,39
03012117;Saltrio;Varese;1;2.989;11,79;6,26;39,80;23,56;2,51;26,30;8,43;118,64
03012118;Samarate;Varese;1;16.109;4,64;;16,92;26,12;15,89;36,48;;100,05
03012141;Sangiano;Varese;1;1.434;8,96;7,78;24,71;39,25;3,08;30,97;0,30;115,05
03012119;Saronno;Varese;1;38.591;8,05;0,04;18,17;29,93;34,77;20,37;28,45;139,79
03012120;Sesto Calende;Varese;1;10.977;7,51;9,35;49,64;20,21;19,08;12,21;1,34;119,80
03012121;Solbiate Arno;Varese;1;4.009;13,45;15,41;44,29;15,92;7,68;48,10;4,38;149,95
03012122;Solbiate Olona;Varese;1;5.422;9,65;12,80;36,68;19,04;18,46;23,66;5,09;127,22
03012123;Somma Lombardo;Varese;1;17.784;10,56;7,11;43,77;14,34;18,63;10,78;14,82;122,11
03012124;Sumirago;Varese;1;6.006;10,90;12,49;51,21;12,91;6,22;38,53;3,55;136,39
03012125;Taino;Varese;1;3.612;6,75;3,21;41,45;16,54;11,37;12,08;6,81;98,21
03012126;Ternate;Varese;1;2.489;4,12;8,62;47,09;30,80;4,99;12,91;12,41;120,93
03012127;Tradate;Varese;1;18.978;28,07;12,60;26,01;12,41;14,39;20,87;15,01;133,29
03012128;Travedona-Monate;Varese;1;3.896;5,29;3,91;24,37;27,37;12,84;25,90;19,41;119,09
03012129;Tronzano Lago Maggiore;Varese;1;233;6,03;11,08;37,04;24,10;25,96;38,82;30,76;175,33
03012130;Uboldo;Varese;1;10.875;5,42;7,59;39,18;27,98;9,97;36,28;3,68;130,10
03012131;Valganna;Varese;1;1.596;7,59;12,66;44,51;20,11;26,68;38,91;2,12;152,59
03012132;Varano Borghi;Varese;1;2.488;3,99;6,36;28,93;48,05;0,94;20,40;16,70;125,37
03012133;Varese;Varese;1;78.819;12,74;;49,19;26,77;29,88;27,35;25,80;171,72
03012134;Vedano Olona;Varese;1;7.413;9,02;10,69;43,90;10,68;22,52;33,63;3,53;134,50
03012136;Venegono Inferiore;Varese;1;5.981;11,08;12,31;52,15;12,72;21,30;41,92;3,50;155,61
03012137;Venegono Superiore;Varese;1;7.346;6,81;11,12;30,80;19,61;11,65;18,07;11,15;115,97
03012138;Vergiate;Varese;1;8.615;4,61;4,38;29,10;53,60;6,48;29,02;20,19;147,38
03012139;Viggiu;Varese;1;5.187;13,51;10,25;44,39;20,39;4,49;21,12;8,94;123,09
03012140;Vizzola Ticino;Varese;1;588;7,50;16,36;44,60;14,32;7,12;22,50;8,16;120,55
05027001;Annone Veneto;Venezia;1;3.815;8,48;12,53;34,95;29,22;3,41;19,65;11,20;122,01
05027002;Campagna Lupia;Venezia;1;7.191;12,69;13,59;28,59;18,03;15,20;21,37;18,92;129,90
05027003;Campolongo Maggiore;Venezia;1;10.740;12,21;10,97;27,53;15,08;14,64;18,08;16,30;116,28
05027004;Camponogara;Venezia;1;13.000;13,30;14,13;29,98;15,92;15,94;19,86;16,49;127,14
05027005;Caorle;Venezia;1;11.096;79,39;100,77;141,82;85,84;120,61;128,12;77,80;749,45
05027044;Cavallino-Treporti;Venezia;1;13.246;46,58;54,64;105,00;54,17;55,83;58,59;23,09;400,63
05027006;Cavarzere;Venezia;1;12.272;20,18;24,35;45,49;19,61;24,19;22,11;24,48;181,53
05027007;Ceggia;Venezia;1;6.164;14,54;8,65;32,77;15,21;17,42;18,76;25,65;133,85
05027008;Chioggia;Venezia;1;47.570;32,84;39,07;74,02;40,48;39,36;55,26;52,18;335,39
05027009;Cinto Caomaggiore;Venezia;1;3.201;6,89;10,07;34,88;27,56;0,88;16,15;11,74;110,35
05027010;Cona;Venezia;1;2.732;14,39;13,78;32,44;21,28;17,25;15,65;49,69;166,10
05027011;Concordia Sagittaria;Venezia;1;10.255;7,92;13,77;33,13;30,53;13,69;23,90;10,58;136,55
05027012;Dolo;Venezia;1;14.926;19,08;18,88;42,99;20,02;22,86;26,33;34,89;186,75
05027013;Eraclea;Venezia;1;11.984;26,91;26,25;60,65;22,01;32,25;30,14;24,41;225,04
05027014;Fiesso d'Artico;Venezia;1;8.535;16,27;16,08;36,67;16,84;19,50;22,62;20,62;150,21
05027015;Fossalta di Piave;Venezia;1;4.204;12,60;9,60;28,41;24,72;15,11;14,67;26,41;133,06
05027016;Fossalta di Portogruaro;Venezia;1;5.743;10,20;15,52;43,00;35,27;4,18;23,58;11,40;146,25
05027017;Fosso;Venezia;1;7.069;14,65;14,73;33,03;19,03;17,56;22,87;17,52;141,05
05027018;Gruaro;Venezia;1;2.712;11,84;18,02;25,54;32,05;4,23;20,09;14,19;128,62
05027019;Jesolo;Venezia;1;26.861;53,15;67,91;119,80;33,95;63,70;65,67;59,83;468,67
05027020;Marcon;Venezia;1;17.725;17,60;16,23;39,67;20,40;21,09;19,90;19,76;156,40
05027021;Martellago;Venezia;1;21.244;11,73;17,40;26,43;25,87;14,05;19,56;17,76;134,31
05027022;Meolo;Venezia;1;6.182;16,45;11,60;37,09;20,29;19,72;19,34;23,39;149,61
05027023;Mira;Venezia;1;37.618;19,43;12,20;43,79;18,67;23,28;22,09;25,89;167,04
05027024;Mirano;Venezia;1;27.107;11,63;21,03;26,21;25,21;13,94;16,26;21,30;137,24
05027025;Musile di Piave;Venezia;1;11.417;12,03;17,78;27,12;17,63;14,42;12,62;17,98;121,05
05027026;Noale;Venezia;1;16.183;13,08;17,70;29,48;24,52;15,68;23,43;14,97;140,55
05027027;Noventa di Piave;Venezia;1;6.974;13,35;25,90;30,08;24,96;21,96;14,67;26,03;158,59
05027028;Pianiga;Venezia;1;12.208;17,78;18,87;40,09;20,13;21,31;19,86;16,83;156,62
05027029;Portogruaro;Venezia;1;24.356;7,80;17,90;43,54;34,21;11,07;24,41;11,54;153,85
05027030;Pramaggiore;Venezia;1;4.752;8,00;10,53;32,85;28,49;1,00;15,94;10,44;109,61
05027031;Quarto d'Altino;Venezia;1;8.061;20,58;17,68;46,38;21,47;24,66;20,90;22,85;176,33
05027032;Salzano;Venezia;1;12.813;14,89;13,06;33,55;14,53;17,84;24,73;18,71;138,81
05027033;San Dona  di Piave;Venezia;1;41.883;19,12;12,79;43,08;22,14;22,91;21,98;21,94;165,60
05027034;San Michele al Tagliamento;Venezia;1;11.347;72,94;128,39;130,24;84,38;82,84;88,48;70,89;671,15
05027036;San Stino di Livenza;Venezia;1;12.728;7,74;14,61;34,66;31,23;9,41;19,47;10,95;130,89
05027035;Santa Maria di Sala;Venezia;1;17.380;11,05;14,37;24,91;26,06;13,25;24,18;16,25;131,47
05027037;Scorze;Venezia;1;19.111;11,71;19,07;26,40;24,18;14,04;15,68;13,90;126,58
05027038;Spinea;Venezia;1;27.720;11,06;14,33;24,94;24,88;13,26;16,58;14,59;121,29
05027039;Stra;Venezia;1;7.556;14,76;13,58;33,27;15,91;17,69;29,45;24,35;150,56
05027040;Teglio Veneto;Venezia;1;2.253;9,50;10,78;23,80;25,94;7,11;21,64;9,22;110,05
05027041;Torre di Mosto;Venezia;1;4.793;14,45;17,01;32,57;17,04;17,32;17,59;12,18;129,58
05027042;Venezia;Venezia;1;250.369;51,50;41,64;116,07;23,96;61,72;63,86;49,99;410,99
05027043;Vigonovo;Venezia;1;9.844;16,05;16,50;36,18;17,69;19,24;23,89;19,59;150,79
01103001;Antrona Schieranco;Verbano-Cusio-Ossola;1;399;28,25;0,03;100,68;43,05;;33,30;55,77;285,93
01103002;Anzola d'Ossola;Verbano-Cusio-Ossola;1;376;36,62;0,02;131,07;34,57;12,80;55,67;41,87;317,85
01103003;Arizzano;Verbano-Cusio-Ossola;1;1.975;15,97;0,01;57,74;25,36;25,99;17,63;24,46;168,65
01103004;Arola;Verbano-Cusio-Ossola;1;243;17,11;;53,29;26,76;10,83;63,47;14,94;186,88
01103005;Aurano;Verbano-Cusio-Ossola;1;102;40,25;;143,48;38,04;;27,61;46,00;341,30
01103006;Baceno;Verbano-Cusio-Ossola;1;872;24,81;0,01;88,44;36,38;;32,95;43,70;239,18
01103007;Bannio Anzino;Verbano-Cusio-Ossola;1;442;26,31;;93,79;34,64;;37,28;25,00;218,16
01103008;Baveno;Verbano-Cusio-Ossola;1;4.629;27,71;0,02;101,85;42,36;106,49;34,34;43,61;361,00
01103009;Bee;Verbano-Cusio-Ossola;1;773;19,49;0,01;71,24;34,52;33,54;22,74;26,55;215,20
01103010;Belgirate;Verbano-Cusio-Ossola;1;479;36,91;0,01;135,78;44,06;95,59;45,60;96,60;464,52
01103011;Beura-Cardezza;Verbano-Cusio-Ossola;1;1.410;18,13;0,01;65,28;26,21;;17,07;23,20;151,07
01103012;Bognanco;Verbano-Cusio-Ossola;1;192;75,94;;270,71;63,76;;92,81;151,03;661,04
01103078;Borgomezzavalle;Verbano-Cusio-Ossola;1;290;23,39;;83,37;29,51;;34,69;31,81;225,78
01103013;Brovello-Carpugnino;Verbano-Cusio-Ossola;1;791;26,03;;92,78;34,87;12,62;32,27;22,59;221,82
01103014;Calasca-Castiglione;Verbano-Cusio-Ossola;1;596;26,74;0,01;95,31;21,32;;28,94;28,28;201,65
01103015;Cambiasca;Verbano-Cusio-Ossola;1;1.581;12,71;0,01;45,31;30,16;14,69;12,43;16,59;148,96
01103016;Cannero Riviera;Verbano-Cusio-Ossola;1;920;56,29;0,01;176,12;49,24;50,00;39,98;54,20;430,67
01103017;Cannobio;Verbano-Cusio-Ossola;1;5.038;32,72;0,01;112,46;47,66;71,01;27,98;41,12;336,75
01103018;Caprezzo;Verbano-Cusio-Ossola;1;175;22,34;;80,34;33,81;;14,16;174,29;360,57
01103019;Casale Corte Cerro;Verbano-Cusio-Ossola;1;3.345;13,69;0,01;49,36;32,39;5,06;16,63;19,06;137,02
01103021;Ceppo Morelli;Verbano-Cusio-Ossola;1;292;41,29;0,01;147,19;29,76;;61,39;32,96;331,97
01103022;Cesara;Verbano-Cusio-Ossola;1;611;14,98;0,01;98,36;21,82;8,97;54,03;14,61;213,22
01103023;Cossogno;Verbano-Cusio-Ossola;1;686;22,96;;82,31;23,18;6,00;60,68;46,30;241,97
01103024;Craveggia;Verbano-Cusio-Ossola;1;822;33,23;0,01;118,45;32,58;58,93;52,58;44,34;340,86
01103025;Crevoladossola;Verbano-Cusio-Ossola;1;4.492;22,47;0,03;81,43;27,42;2,67;27,35;26,13;188,50
01103026;Crodo;Verbano-Cusio-Ossola;1;1.436;16,30;0,01;58,11;34,10;;31,28;38,50;187,36
01103028;Domodossola;Verbano-Cusio-Ossola;1;17.727;17,92;0,02;64,21;32,51;22,80;22,33;28,45;190,44
01103029;Druogno;Verbano-Cusio-Ossola;1;1.036;34,36;0,02;123,36;22,21;15,33;33,07;33,62;264,51
01103031;Formazza;Verbano-Cusio-Ossola;1;433;26,24;0,01;93,56;41,81;;56,95;32,29;277,83
01103032;Germagno;Verbano-Cusio-Ossola;1;185;14,02;0,01;53,14;15,20;;27,68;14,77;131,10
01103033;Ghiffa;Verbano-Cusio-Ossola;1;2.255;22,14;0,86;80,49;29,76;11,09;27,34;23,32;197,81
01103034;Gignese;Verbano-Cusio-Ossola;1;1.060;49,66;0,02;177,28;52,74;31,64;42,40;112,38;469,65
01103035;Gravellona Toce;Verbano-Cusio-Ossola;1;7.579;20,48;0,03;74,98;35,19;21,31;19,41;29,70;204,14
01103036;Gurro;Verbano-Cusio-Ossola;1;177;59,38;0,01;208,99;42,33;2,55;85,83;178,99;611,91
01103037;Intragna;Verbano-Cusio-Ossola;1;95;37,12;;132,31;37,63;;22,31;570,26;859,36
01103038;Loreglia;Verbano-Cusio-Ossola;1;210;17,93;;63,92;25,32;;55,90;15,55;179,10
01103039;Macugnaga;Verbano-Cusio-Ossola;1;505;48,38;0,03;172,45;58,35;;174,02;127,46;599,44
01103040;Madonna del Sasso;Verbano-Cusio-Ossola;1;359;22,62;;81,12;38,98;26,38;56,93;26,33;253,09
01103041;Malesco;Verbano-Cusio-Ossola;1;1.343;31,64;0,01;112,80;32,45;14,47;30,92;36,13;259,14
01103042;Masera;Verbano-Cusio-Ossola;1;1.452;21,32;0,02;76,27;24,46;6,20;25,64;20,25;174,67
01103043;Massiola;Verbano-Cusio-Ossola;1;109;21,72;0,02;78,33;27,28;;76,38;26,70;235,08
01103044;Mergozzo;Verbano-Cusio-Ossola;1;2.149;21,27;0,01;45,82;30,51;25,54;17,56;41,47;183,27
01103045;Miazzina;Verbano-Cusio-Ossola;1;362;40,06;;142,79;34,72;53,87;82,99;25,34;421,95
01103046;Montecrestese;Verbano-Cusio-Ossola;1;1.259;21,48;0,01;77,22;24,22;;33,94;35,24;193,98
01103047;Montescheno;Verbano-Cusio-Ossola;1;369;19,03;;67,83;25,38;;24,18;59,27;214,08
01103048;Nonio;Verbano-Cusio-Ossola;1;827;13,67;;48,75;22,59;22,06;27,52;16,59;151,61
01103049;Oggebbio;Verbano-Cusio-Ossola;1;838;43,97;0,01;164,62;52,11;27,86;67,32;43,35;430,66
01103050;Omegna;Verbano-Cusio-Ossola;1;14.246;16,12;0,01;58,20;31,12;25,80;20,48;20,00;174,39
01103051;Ornavasso;Verbano-Cusio-Ossola;1;3.309;16,07;0,01;61,25;30,67;10,64;17,45;16,30;152,92
01103052;Pallanzeno;Verbano-Cusio-Ossola;1;1.091;16,89;0,02;60,22;27,57;0,64;14,13;14,70;134,66
01103053;Piedimulera;Verbano-Cusio-Ossola;1;1.443;19,29;0,01;71,22;33,65;;26,64;23,45;175,60
01103054;Pieve Vergonte;Verbano-Cusio-Ossola;1;2.409;18,24;;65,02;24,33;3,30;13,30;16,57;141,51
01103055;Premeno;Verbano-Cusio-Ossola;1;774;52,04;0,01;87,07;42,04;33,60;75,43;36,56;334,01
01103056;Premia;Verbano-Cusio-Ossola;1;548;19,52;0,01;69,60;35,06;;28,82;28,30;192,19
01103057;Premosello-Chiovenda;Verbano-Cusio-Ossola;1;1.845;22,41;0,01;81,63;26,84;3,83;25,05;42,17;202,50
01103058;Quarna Sopra;Verbano-Cusio-Ossola;1;235;20,10;;71,72;29,38;14,74;42,61;25,34;205,14
01103059;Quarna Sotto;Verbano-Cusio-Ossola;1;376;18,59;;66,65;22,99;19,26;42,20;17,91;188,52
01103060;Re;Verbano-Cusio-Ossola;1;716;38,10;;136,59;28,89;;30,86;51,73;287,16
01103061;San Bernardino Verbano;Verbano-Cusio-Ossola;1;1.259;11,39;;45,39;24,21;7,86;30,04;26,19;147,32
01103062;Santa Maria Maggiore;Verbano-Cusio-Ossola;1;1.311;43,30;0,01;154,35;69,58;25,97;45,31;65,53;405,31
01103064;Stresa;Verbano-Cusio-Ossola;1;4.657;47,42;0,01;169,04;57,44;100,87;34,06;76,77;506,90
01103065;Toceno;Verbano-Cusio-Ossola;1;739;18,78;0,01;66,94;33,33;50,53;50,33;30,88;251,38
01103066;Trarego Viggiona;Verbano-Cusio-Ossola;1;398;52,63;0,01;171,03;61,90;21,66;40,95;60,30;488,44
01103067;Trasquera;Verbano-Cusio-Ossola;1;179;31,55;;112,48;37,28;;99,32;68,11;423,25
01103068;Trontano;Verbano-Cusio-Ossola;1;1.677;20,81;0,01;75,02;21,23;0,42;17,45;18,37;160,30
01103079;Valle Cannobina;Verbano-Cusio-Ossola;1;452;28,22;;100,60;32,89;;81,25;40,09;311,49
01103069;Valstrona;Verbano-Cusio-Ossola;1;1.155;13,10;0,01;46,84;16,31;;26,60;16,14;121,06
01103070;Vanzone con San Carlo;Verbano-Cusio-Ossola;1;383;32,25;0,01;133,28;34,43;8,26;55,19;41,44;319,76
01103071;Varzo;Verbano-Cusio-Ossola;1;1.947;31,32;0,01;97,76;33,77;;33,88;27,63;225,05
01103072;Verbania;Verbano-Cusio-Ossola;1;30.016;19,20;0,02;69,35;37,13;34,82;16,77;30,88;211,12
01103074;Vignone;Verbano-Cusio-Ossola;1;1.184;20,00;;66,17;28,44;14,90;24,86;129,39;285,93
01103075;Villadossola;Verbano-Cusio-Ossola;1;6.238;19,43;0,02;69,77;29,49;13,59;18,38;34,38;186,03
01103076;Villette;Verbano-Cusio-Ossola;1;277;16,03;0,02;57,13;35,18;;29,42;37,21;175,54
01103077;Vogogna;Verbano-Cusio-Ossola;1;1.684;21,31;0,01;77,90;24,80;;23,52;62,01;210,06
01002002;Alagna Valsesia;Vercelli;1;694;40,85;69,78;154,40;17,10;44,09;89,59;4,36;420,17
01002003;Albano Vercellese;Vercelli;1;309;15,71;28,03;60,66;9,45;6,14;32,49;77,36;229,83
01002004;Alice Castello;Vercelli;1;2.511;15,12;20,02;54,31;7,26;15,92;17,21;;129,83
01002170;Alto Sermenza;Vercelli;1;140;46,58;59,24;104,76;25,30;2,60;129,66;5,01;373,16
01002006;Arborio;Vercelli;1;841;16,98;30,89;65,64;8,43;8,16;17,45;14,11;161,66
01002007;Asigliano Vercellese;Vercelli;1;1.365;14,61;21,03;77,37;24,54;19,82;20,74;15,87;193,98
01002008;Balmuccia;Vercelli;1;115;13,94;21,68;65,92;5,70;10,26;35,52;;153,02
01002009;Balocco;Vercelli;1;214;17,77;28,14;64,91;11,74;10,00;49,80;7,67;190,03
01002011;Bianze;Vercelli;1;1.870;15,52;24,21;60,74;14,55;7,22;22,89;;145,14
01002014;Boccioleto;Vercelli;1;161;26,34;43,96;90,63;9,57;8,92;77,15;;256,57
01002015;Borgo d'Ale;Vercelli;1;2.195;14,32;18,84;57,93;13,33;7,18;22,35;;133,95
01002017;Borgo Vercelli;Vercelli;1;2.234;14,37;24,63;75,46;15,31;22,36;17,21;2,24;171,59
01002021;Buronzo;Vercelli;1;865;16,10;26,86;58,62;7,87;14,31;37,65;;161,40
01002025;Campertogno;Vercelli;1;226;25,39;34,76;77,61;19,98;0,58;65,27;;223,59
01002029;Carcoforo;Vercelli;1;75;49,88;46,23;80,16;15,01;0,76;120,48;74,04;386,56
01002031;Caresanablot;Vercelli;1;1.084;21,96;34,83;64,72;12,76;46,61;16,08;6,69;203,65
01002032;Carisio;Vercelli;1;759;19,74;32,01;69,26;17,82;48,42;54,49;;241,73
01002033;Casanova Elvo;Vercelli;1;219;12,91;17,51;73,43;10,40;10,88;114,58;;239,72
01002171;Cellio con Breia;Vercelli;1;936;18,96;38,21;47,13;9,79;2,27;50,81;;167,17
01002041;Cervatto;Vercelli;1;47;37,36;33,83;106,21;1,98;5,34;222,55;;407,28
01002042;Cigliano;Vercelli;1;4.256;17,66;16,23;63,81;12,78;13,92;12,30;;136,70
01002043;Civiasco;Vercelli;1;223;10,40;20,43;48,24;11,32;48,39;34,27;2,25;175,29
01002045;Collobiano;Vercelli;1;74;23,07;30,19;145,47;14,93;39,54;165,97;;419,18
01002048;Cravagliana;Vercelli;1;248;26,29;27,32;74,59;4,91;6,29;139,76;;279,16
01002049;Crescentino;Vercelli;1;7.641;24,60;22,63;56,85;15,99;7,11;17,07;14,41;158,66
01002052;Crova;Vercelli;1;350;15,37;20,84;61,52;16,20;30,57;23,07;42,94;210,52
01002054;Desana;Vercelli;1;1.096;14,49;23,21;66,19;9,68;27,57;27,48;10,83;179,45
01002057;Fobello;Vercelli;1;184;45,27;65,88;76,73;8,84;10,63;44,12;;251,46
01002058;Fontanetto Po;Vercelli;1;1.040;16,54;17,97;67,24;12,44;16,50;8,04;;138,73
01002059;Formigliana;Vercelli;1;491;15,51;29,40;61,00;7,12;8,59;83,02;;204,65
01002061;Gattinara;Vercelli;1;7.517;19,28;22,31;77,39;15,05;11,36;15,74;8,28;169,41
01002062;Ghislarengo;Vercelli;1;808;11,89;31,10;71,71;11,00;17,01;19,63;42,59;204,93
01002065;Greggio;Vercelli;1;325;16,48;29,61;69,19;8,12;12,22;20,04;24,66;180,32
01002066;Guardabosone;Vercelli;1;324;13,38;11,47;72,61;11,04;9,54;15,09;;133,14
01002067;Lamporo;Vercelli;1;484;13,07;28,32;66,81;12,94;6,42;8,72;;136,28
01002068;Lenta;Vercelli;1;769;18,48;30,21;69,24;10,29;12,01;26,65;11,05;177,93
01002070;Lignana;Vercelli;1;535;14,58;19,88;82,12;8,34;11,92;8,37;;145,21
01002071;Livorno Ferraris;Vercelli;1;4.212;14,65;18,22;68,37;15,88;9,04;17,33;;143,49
01002072;Lozzolo;Vercelli;1;759;17,93;22,59;66,74;11,98;9,06;17,34;36,96;182,60
01002078;Mollia;Vercelli;1;99;59,31;69,28;145,86;37,68;23,15;147,91;;483,19
01002079;Moncrivello;Vercelli;1;1.368;17,54;34,17;46,35;13,39;5,74;12,70;;129,88
01002088;Olcenengo;Vercelli;1;784;12,99;19,38;60,68;6,84;23,11;28,98;35,71;187,69
01002089;Oldenico;Vercelli;1;231;13,09;22,61;70,70;9,83;10,00;30,47;;156,71
01002090;Palazzolo Vercellese;Vercelli;1;1.097;16,07;25,32;70,20;9,02;23,02;12,49;36,54;192,65
01002096;Pila;Vercelli;1;139;36,33;40,88;122,75;16,86;62,41;175,55;21,17;475,96
01002097;Piode;Vercelli;1;188;30,07;33,93;153,61;15,01;91,19;131,46;1,62;456,88
01002102;Postua;Vercelli;1;534;12,90;21,75;66,66;8,96;13,51;16,38;3,12;143,28
01002104;Prarolo;Vercelli;1;734;13,39;28,97;62,31;8,47;8,41;22,98;6,83;151,36
01002107;Quarona;Vercelli;1;3.762;19,53;16,70;70,61;14,49;26,57;10,57;;158,47
01002108;Quinto Vercellese;Vercelli;1;386;13,66;20,69;69,45;10,28;26,79;78,64;;219,51
01002110;Rassa;Vercelli;1;68;55,94;50,79;118,63;22,81;22,66;116,26;;387,10
01002113;Rimella;Vercelli;1;133;31,29;23,52;53,45;15,86;0,62;63,09;11,30;199,13
01002115;Rive;Vercelli;1;445;12,54;19,92;64,66;7,66;18,20;20,58;15,74;159,30
01002116;Roasio;Vercelli;1;2.226;16,96;23,48;62,05;8,16;7,40;19,29;5,21;142,56
01002118;Ronsecco;Vercelli;1;562;14,61;22,64;92,52;22,51;15,68;19,44;;187,40
01002121;Rossa;Vercelli;1;163;20,45;36,72;61,28;5,75;24,52;51,66;;200,37
01002122;Rovasenda;Vercelli;1;894;20,01;28,87;64,01;16,65;15,50;21,85;16,41;183,30
01002126;Salasco;Vercelli;1;210;15,39;26,70;58,47;11,24;15,22;18,10;;145,14
01002127;Sali Vercellese;Vercelli;1;95;21,51;26,18;66,96;10,33;21,47;22,26;18,87;187,58
01002128;Saluggia;Vercelli;1;3.792;14,96;26,03;60,46;10,61;8,00;19,61;4,40;144,08
01002131;San Germano Vercellese;Vercelli;1;1.580;17,85;26,52;67,71;7,87;19,38;39,22;;178,55
01002035;San Giacomo Vercellese;Vercelli;1;264;15,13;29,33;64,43;8,08;30,58;52,63;55,35;255,53
01002133;Santhia;Vercelli;1;8.045;16,84;24,12;58,47;18,01;3,14;25,65;12,90;159,13
01002134;Scopa;Vercelli;1;371;28,40;39,60;86,19;10,07;0,57;81,07;;245,89
01002135;Scopello;Vercelli;1;365;65,05;91,25;210,13;20,95;97,25;200,33;38,96;723,90
01002137;Serravalle Sesia;Vercelli;1;4.725;16,88;21,58;61,35;16,76;7,98;25,67;10,60;160,82
01002147;Tricerro;Vercelli;1;662;14,59;25,33;73,21;8,26;12,00;50,34;;183,73
01002148;Trino;Vercelli;1;6.649;23,44;16,39;72,19;19,25;11,94;14,95;37,67;195,84
01002150;Tronzano Vercellese;Vercelli;1;3.282;14,81;22,21;58,05;10,12;14,21;10,54;;129,94
01002152;Valduggia;Vercelli;1;1.838;18,68;27,07;64,68;7,03;27,37;16,75;2,57;164,14
01002156;Varallo;Vercelli;1;6.856;145,25;159,11;334,25;98,67;112,50;242,10;227,96;1.323,60
01002158;Vercelli;Vercelli;1;45.635;27,32;22,49;55,30;13,77;20,72;44,28;35,55;219,43
01002163;Villarboit;Vercelli;1;372;15,84;33,63;81,27;7,98;10,39;16,99;;166,10
01002164;Villata;Vercelli;1;1.512;8,34;;46,68;29,89;3,77;22,64;17,35;128,67
01002166;Vocca;Vercelli;1;158;16,17;21,99;57,14;5,83;28,73;80,78;;210,65
05023001;Affi;Verona;1;2.453;15,34;26,26;47,51;10,70;11,37;32,24;19,83;164,12
05023002;Albaredo d'Adige;Verona;1;5.268;7,97;14,88;36,19;17,46;5,77;16,59;15,58;116,72
05023003;Angiari;Verona;1;2.503;8,80;16,75;71,04;15,22;1,72;17,49;1,02;135,20
05023004;Arcole;Verona;1;6.422;8,26;21,60;40,68;;13,11;11,51;1,91;97,06
05023005;Badia Calavena;Verona;1;2.644;14,07;14,02;58,81;14,62;0,80;22,61;5,27;131,02
05023006;Bardolino;Verona;1;6.931;50,42;56,56;86,39;42,54;61,05;39,39;13,93;354,68
05023007;Belfiore;Verona;1;3.366;8,59;14,07;51,87;10,64;2,76;17,71;0,75;115,06
05023008;Bevilacqua;Verona;1;1.789;13,25;19,08;64,23;14,67;15,76;18,37;0,93;148,73
05023009;Bonavigo;Verona;1;1.916;9,67;16,31;51,16;19,97;1,06;15,46;6,89;122,89
05023010;Boschi Sant'Anna;Verona;1;1.380;7,12;17,11;47,55;16,33;4,74;19,01;18,05;132,16
05023011;Bosco Chiesanuova;Verona;1;3.533;33,03;57,94;44,15;12,62;8,21;24,06;3,67;214,03
05023012;Bovolone;Verona;1;16.164;12,75;13,65;35,15;14,19;7,72;19,37;7,95;110,77
05023013;Brentino Belluno;Verona;1;1.347;18,87;21,16;53,73;21,90;3,94;18,70;18,36;157,52
05023014;Brenzone sul Garda;Verona;1;2.435;55,45;30,60;84,60;13,66;25,84;40,93;19,94;275,39
05023015;Bussolengo;Verona;1;20.874;10,09;16,22;38,40;19,41;16,25;18,99;14,30;135,08
05023016;Buttapietra;Verona;1;7.011;8,72;15,23;32,64;15,46;7,33;14,63;10,49;105,00
05023017;Caldiero;Verona;1;8.034;8,94;14,64;34,90;16,44;5,32;14,15;6,94;101,82
05023018;Caprino Veronese;Verona;1;8.683;10,06;17,98;38,99;17,39;7,17;14,92;5,38;112,47
05023019;Casaleone;Verona;1;5.599;12,10;9,65;50,69;11,97;1,48;18,88;1,03;113,43
05023020;Castagnaro;Verona;1;3.533;13,27;7,68;41,17;23,08;4,95;27,75;4,96;122,86
05023021;Castel d'Azzano;Verona;1;12.095;8,99;13,96;37,00;15,78;11,84;14,52;5,49;108,44
05023022;Castelnuovo del Garda;Verona;1;13.244;9,00;21,30;47,24;20,22;8,22;22,79;4,06;129,82
05023023;Cavaion Veronese;Verona;1;6.108;6,39;13,34;44,23;19,41;25,02;27,13;8,13;144,16
05023024;Cazzano di Tramigna;Verona;1;1.486;9,94;16,35;35,70;16,35;1,41;20,82;7,70;108,97
05023025;Cerea;Verona;1;16.915;9,10;15,89;38,56;7,62;7,78;16,18;14,62;112,00
05023026;Cerro Veronese;Verona;1;2.681;18,68;33,34;56,15;11,69;5,99;12,31;3,08;155,35
05023027;Cologna Veneta;Verona;1;8.434;8,29;15,33;24,87;17,35;6,94;18,05;12,27;105,40
05023028;Colognola ai Colli;Verona;1;8.750;8,72;14,40;40,91;19,90;3,44;14,83;3,55;105,76
05023029;Concamarise;Verona;1;1.069;7,22;10,64;76,22;12,58;3,26;19,01;0,85;136,93
05023030;Costermano;Verona;1;3.973;14,22;22,36;69,89;21,95;11,85;32,97;24,98;198,21
05023031;Dolce;Verona;1;2.533;8,78;17,36;57,19;25,43;2,78;38,90;20,42;170,85
05023032;Erbe;Verona;1;1.909;22,68;10,59;78,32;12,28;12,84;19,52;0,87;173,53
05023033;Erbezzo;Verona;1;834;58,81;67,64;11,53;;3,19;20,34;2,32;163,83
05023034;Ferrara di Monte Baldo;Verona;1;271;154,75;136,73;10,79;;0,03;117,39;44,11;465,54
05023035;Fumane;Verona;1;4.171;4,81;11,80;44,28;19,30;5,87;17,64;9,44;113,12
05023036;Garda;Verona;1;4.113;28,09;36,09;112,05;34,79;64,46;45,39;22,09;345,20
05023037;Gazzo Veronese;Verona;1;5.158;13,37;11,82;58,94;13,17;34,25;19,61;1,39;157,83
05023038;Grezzana;Verona;1;10.718;4,18;10,84;53,10;14,69;18,29;13,57;1,89;117,19
05023039;Illasi;Verona;1;5.142;9,99;18,01;41,59;17,19;8,06;16,56;10,73;124,72
05023040;Isola della Scala;Verona;1;11.637;13,36;9,22;46,38;3,55;9,18;19,24;1,08;105,33
05023041;Isola Rizza;Verona;1;3.273;18,60;13,86;57,55;13,24;15,64;18,80;0,83;147,95
05023042;Lavagno;Verona;1;8.632;9,98;13,05;34,15;14,63;4,86;17,02;2,08;96,30
05023043;Lazise;Verona;1;6.879;24,28;28,61;100,43;30,43;55,02;35,81;22,17;307,61
05023044;Legnago;Verona;1;25.615;12,63;18,75;46,82;20,50;20,47;15,41;18,26;155,11
05023045;Malcesine;Verona;1;3.576;47,44;62,61;153,91;27,85;62,89;50,55;64,74;475,38
05023046;Marano di Valpolicella;Verona;1;3.110;5,46;8,74;45,16;15,38;6,22;20,83;11,67;114,04
05023047;Mezzane di Sotto;Verona;1;2.550;5,71;17,09;40,03;12,49;4,27;18,55;3,12;101,81
05023048;Minerbe;Verona;1;4.589;8,08;18,03;40,69;19,02;4,03;16,66;12,29;121,07
05023049;Montecchia di Crosara;Verona;1;4.296;5,59;16,81;46,69;15,51;0,74;13,35;10,00;109,22
05023050;Monteforte d'Alpone;Verona;1;8.933;8,44;14,22;36,06;17,29;3,46;14,57;3,28;98,11
05023051;Mozzecane;Verona;1;8.155;9,25;16,33;40,98;16,76;7,17;14,43;5,66;111,81
05023052;Negrar;Verona;1;16.508;6,94;10,77;45,21;17,08;9,92;19,21;7,60;117,86
05023053;Nogara;Verona;1;8.300;17,40;13,18;54,48;14,68;19,82;20,21;1,35;143,85
05023054;Nogarole Rocca;Verona;1;3.873;12,90;14,55;54,91;14,22;19,10;18,45;0,98;149,46
05023055;Oppeano;Verona;1;10.388;13,99;11,32;50,60;12,94;0,07;18,27;0,90;114,62
05023056;Palu;Verona;1;1.195;7,14;11,08;71,62;12,82;1,41;19,07;0,86;134,82
05023057;Pastrengo;Verona;1;3.027;10,24;17,50;39,85;17,05;0,29;14,69;11,24;113,74
05023058;Pescantina;Verona;1;17.521;5,99;12,63;33,83;18,95;7,96;15,11;7,61;103,48
05023059;Peschiera del Garda;Verona;1;11.007;17,44;27,90;57,96;29,10;34,96;29,87;9,60;208,75
05023060;Povegliano Veronese;Verona;1;7.400;6,08;13,33;26,30;15,89;6,98;21,32;12,84;103,20
05023061;Pressana;Verona;1;2.477;9,39;12,78;32,60;13,52;0,35;11,17;10,77;93,86
05023062;Rivoli Veronese;Verona;1;2.272;8,02;11,54;34,27;16,30;7,84;20,53;7,80;112,09
05023063;Ronca;Verona;1;3.770;7,96;11,83;40,99;13,87;1,13;17,38;5,88;99,61
05023064;Ronco all'Adige;Verona;1;6.013;11,74;13,68;50,44;12,79;0,93;18,35;0,87;111,37
05023065;Roverchiara;Verona;1;2.580;9,62;9,68;58,79;18,08;2,29;19,68;0,94;127,26
05023067;Rovere Veronese;Verona;1;2.115;19,43;43,38;15,87;11,28;2,52;18,02;8,41;151,08
05023066;Roveredo di Gua;Verona;1;1.623;8,79;13,66;33,49;14,99;0,38;18,93;10,50;105,75
05023068;Salizzole;Verona;1;3.782;8,33;9,78;48,11;11,48;0,42;18,90;0,95;105,85
05023069;San Bonifacio;Verona;1;21.498;12,73;3,35;34,17;5,79;18,49;15,71;6,53;100,35
05023070;San Giovanni Ilarione;Verona;1;4.853;5,65;10,16;34,40;15,26;0,92;10,88;3,24;80,98
05023071;San Giovanni Lupatoto;Verona;1;25.295;13,13;13,71;79,32;11,32;1,35;2,36;4,45;127,18
05023073;San Martino Buon Albergo;Verona;1;16.402;6,81;14,08;33,00;19,39;12,74;21,58;4,65;124,20
05023074;San Mauro di Saline;Verona;1;593;18,48;44,89;32,18;11,93;1,43;24,50;3,82;172,89
05023075;San Pietro di Morubio;Verona;1;3.068;5,43;11,39;58,44;15,04;3,20;18,81;1,02;123,70
05023076;San Pietro in Cariano;Verona;1;13.000;9,93;11,54;31,25;20,27;8,43;17,22;17,56;116,87
05023079;San Zeno di Montagna;Verona;1;1.466;17,83;25,78;67,79;24,27;21,06;65,60;15,18;239,25
05023072;Sanguinetto;Verona;1;4.200;8,03;16,66;40,95;17,25;8,06;16,48;10,79;120,46
05023077;Sant'Ambrogio di Valpolicella;Verona;1;11.908;5,12;8,03;30,89;18,84;11,79;13,79;6,43;95,44
05023078;Sant'Anna d'Alfaedo;Verona;1;2.601;23,87;51,11;17,01;;;17,71;3,01;131,98
05023080;Selva di Progno;Verona;1;897;21,56;14,26;75,00;15,39;10,20;35,90;5,81;179,16
05023081;Soave;Verona;1;7.191;8,68;15,06;35,88;16,95;6,64;11,86;7,29;102,97
05023082;Sommacampagna;Verona;1;14.437;3,20;9,26;29,76;25,15;15,68;19,52;13,42;126,23
05023083;Sona;Verona;1;17.602;6,38;10,77;27,67;15,14;4,71;16,96;9,29;95,01
05023084;Sorga;Verona;1;2.924;19,12;11,80;50,25;12,32;4,82;18,94;1,06;134,35
05023085;Terrazzo;Verona;1;2.180;12,01;13,44;57,53;20,37;25,22;18,40;1,13;158,26
05023086;Torri del Benaco;Verona;1;2.909;46,69;40,63;177,82;20,38;61,32;71,34;16,08;434,25
05023087;Tregnago;Verona;1;5.041;11,24;17,87;37,35;16,32;0,82;12,74;8,12;105,00
05023088;Trevenzuolo;Verona;1;2.734;12,74;14,02;55,43;13,39;21,74;20,07;1,30;141,36
05023089;Valeggio sul Mincio;Verona;1;16.096;21,57;19,74;37,57;15,63;13,09;16,77;7,90;133,07
05023090;Velo Veronese;Verona;1;778;18,48;45,96;24,85;11,55;2,82;20,87;4,42;166,91
05023091;Verona;Verona;1;255.643;16,11;35,61;30,67;15,00;30,14;43,76;18,79;193,15
05023092;Veronella;Verona;1;5.131;6,94;13,71;33,99;16,77;0,58;13,89;10,64;98,11
05023093;Vestenanova;Verona;1;2.499;8,35;18,45;51,52;13,01;4,85;26,98;3,71;127,58
05023094;Vigasio;Verona;1;10.308;8,62;11,18;48,53;13,02;4,47;18,75;0,77;108,63
05023095;Villa Bartolomea;Verona;1;5.857;8,68;16,95;47,31;7,65;4,57;16,08;13,48;116,98
05023096;Villafranca di Verona;Verona;1;32.993;9,17;15,11;47,59;19,31;20,65;14,27;22,32;150,97
05023097;Zevio;Verona;1;15.676;4,77;17,01;39,64;13,86;6,97;13,30;7,87;105,43
05023098;Zimella;Verona;1;4.866;6,47;12,52;26,26;14,88;0,36;17,71;9,90;89,77
18102005;Capistrano;Vibo Valentia;1;955;;73,75;;1,87;;30,16;;105,78
18102006;Cessaniti;Vibo Valentia;1;2.942;28,23;;18,73;;2,07;0,68;;49,70
18102012;Filandari;Vibo Valentia;1;1.749;51,89;42,97;11,89;;5,51;63,39;0,56;176,19
18102013;Filogaso;Vibo Valentia;1;1.329;34,99;58,85;42,83;42,19;2,40;15,54;;196,80
18102016;Gerocarne;Vibo Valentia;1;1.935;9,06;27,97;21,59;1,02;13,45;13,27;12,76;99,12
18102017;Ionadi;Vibo Valentia;1;4.592;16,09;26,04;;49,52;;15,89;20,39;127,94
18102019;Limbadi;Vibo Valentia;1;3.217;16,54;34,48;33,20;12,18;24,39;5,55;6,70;133,03
18102020;Maierato;Vibo Valentia;1;2.125;29,12;84,40;32,23;3,96;;15,16;25,40;190,28
18102022;Mongiana;Vibo Valentia;1;613;12,77;27,96;31,72;;0,74;6,44;7,65;87,28
18102024;Nardodipace;Vibo Valentia;1;1.065;80,36;;38,03;;20,66;34,74;;173,79
18102025;Nicotera;Vibo Valentia;1;6.557;5,95;42,79;32,52;7,64;16,49;50,05;;155,44
18102026;Parghelia;Vibo Valentia;1;1.292;24,58;91,42;120,82;39,18;9,82;55,77;54,86;396,44
18102031;Rombiolo;Vibo Valentia;1;4.266;9,16;48,42;25,60;9,63;0,86;9,97;0,20;103,85
18102032;San Calogero;Vibo Valentia;1;3.820;13,36;21,09;23,84;14,46;16,96;24,06;17,26;131,02
18102035;San Nicola da Crissa;Vibo Valentia;1;1.204;17,03;37,38;11,63;;;7,06;;73,09
18102037;Serra San Bruno;Vibo Valentia;1;6.266;2,35;78,03;39,48;;22,59;10,96;11,42;186,30
18102039;Sorianello;Vibo Valentia;1;1.093;8,10;51,85;40,32;2,08;7,97;15,99;6,42;132,74
18102042;Spilinga;Vibo Valentia;1;1.361;11,58;43,44;21,44;11,53;4,35;12,33;1,01;105,68
18102043;Stefanaconi;Vibo Valentia;1;2.284;4,59;30,71;34,18;;0,97;10,84;1,37;82,67
18102044;Tropea;Vibo Valentia;1;5.783;17,60;115,54;84,67;7,27;46,37;9,78;0,01;281,25
18102045;Vallelonga;Vibo Valentia;1;771;20,10;27,89;19,46;22,05;6,36;4,54;;100,39
18102047;Vibo Valentia;Vibo Valentia;1;31.032;19,95;45,62;73,08;6,33;26,17;21,06;19,70;211,91
18102049;Zambrone;Vibo Valentia;1;1.771;32,87;44,58;73,80;20,51;;11,82;0,15;183,73
05024002;Albettone;Vicenza;1;1.994;13,11;9,99;22,20;12,59;2,08;10,66;10,79;84,58
05024003;Alonte;Vicenza;1;1.568;17,65;;27,78;17,31;10,41;6,61;15,75;95,51
05024004;Altavilla Vicentina;Vicenza;1;11.814;7,97;6,55;47,39;22,68;12,35;16,71;14,99;130,36
05024005;Altissimo;Vicenza;1;2.168;9,72;7,44;35,88;7,27;6,17;11,13;3,68;82,04
05024006;Arcugnano;Vicenza;1;7.652;17,12;;26,94;16,78;10,09;9,89;11,68;92,51
05024007;Arsiero;Vicenza;1;3.041;9,65;2,18;31,95;23,65;14,65;18,27;22,54;123,10
05024008;Arzignano;Vicenza;1;25.603;12,87;12,38;46,35;13,57;12,66;13,38;9,81;122,35
05024009;Asiago;Vicenza;Vedi aggregazione: ETRA Spa;;;;;;;;;
05024010;Asigliano Veneto;Vicenza;1;842;;4,00;43,81;11,68;7,78;10,80;2,77;80,84
05024012;Bassano del Grappa - Dato aggregazione ETRA Spa;Vicenza;52;450.539;7,80;2,77;33,92;23,19;5,49;31,34;17,15;129,25
05024013;Bolzano Vicentino;Vicenza;1;6.508;12,18;6,10;44,11;16,19;3,15;16,13;6,03;105,20
05024014;Breganze;Vicenza;1;8.380;14,04;1,86;33,43;17,96;4,82;16,10;9,97;98,35
05024015;Brendola;Vicenza;1;6.744;15,01;11,78;34,28;11,15;5,74;20,51;7,22;106,99
05024016;Bressanvido;Vicenza;1;3.140;8,20;6,76;41,99;16,34;1,28;17,15;6,84;99,95
05024017;Brogliano;Vicenza;1;4.042;15,06;9,87;31,20;9,80;0,79;18,79;14,20;100,62
05024018;Caldogno;Vicenza;1;11.348;6,33;5,42;31,01;16,97;8,24;15,71;11,27;96,25
05024019;Caltrano;Vicenza;1;2.524;9,11;1,57;22,94;19,57;4,01;12,71;16,04;86,13
05024020;Calvene;Vicenza;1;1.277;7,63;1,72;25,27;20,48;5,41;17,27;11,38;89,37
05024021;Camisano Vicentino;Vicenza;1;11.165;10,50;6,89;41,04;19,56;3,02;16,07;6,95;105,39
05024022;Campiglia dei Berici;Vicenza;1;1.667;10,84;11,82;43,52;1,72;4,93;15,22;2,21;90,26
05024024;Carre;Vicenza;1;3.459;12,64;2,17;31,82;25,79;5,92;15,69;17,11;111,36
05024025;Cartigliano;Vicenza;Vedi aggregazione: ETRA Spa;;;;;;;;;
05024026;Cassola;Vicenza;Vedi aggregazione: ETRA Spa;;;;;;;;;
05024027;Castegnero;Vicenza;1;2.845;6,88;4,20;41,32;17,66;0,70;19,12;6,00;97,01
05024028;Castelgomberto;Vicenza;1;6.109;13,14;11,28;33,87;10,66;4,60;14,42;10,31;99,43
05024029;Chiampo;Vicenza;1;12.540;10,67;11,03;36,03;11,33;2,92;13,04;21,77;107,86
05024030;Chiuppano;Vicenza;1;2.520;11,47;1,97;28,88;21,66;14,47;17,27;8,31;104,22
05024032;Cogollo del Cengio;Vicenza;1;3.114;10,09;1,73;25,40;19,34;10,21;22,07;10,02;99,03
05024126;Colceresa;Vicenza;1;5.912;13,68;1,82;26,72;25,79;;4,91;6,80;80,76
05024034;Cornedo Vicentino;Vicenza;1;11.690;12,74;10,75;36,46;10,15;6,18;12,62;10,49;100,47
05024035;Costabissara;Vicenza;1;7.605;46,96;2,21;;0,90;9,93;21,62;3,46;85,08
05024036;Creazzo;Vicenza;1;11.207;11,24;10,65;35,53;10,41;4,34;17,08;12,59;102,96
05024037;Crespadoro;Vicenza;1;1.214;28,58;16,68;37,55;7,32;10,88;33,55;10,77;146,70
05024038;Dueville;Vicenza;1;13.610;9,19;8,46;41,46;18,96;6,01;16,44;15,10;117,35
05024039;Enego;Vicenza;Vedi aggregazione: ETRA Spa;;;;;;;;;
05024040;Fara Vicentino;Vicenza;1;3.710;10,25;1,76;25,81;19,14;8,23;12,24;10,63;88,23
05024041;Foza;Vicenza;Vedi aggregazione: ETRA Spa;;;;;;;;;
05024042;Gallio;Vicenza;Vedi aggregazione: ETRA Spa;;;;;;;;;
05024043;Gambellara;Vicenza;1;3.460;12,70;12,65;34,55;11,27;1,05;11,83;3,38;88,42
05024044;Gambugliano;Vicenza;1;848;18,87;10,40;57,92;7,24;;12,89;6,18;114,88
05024046;Grisignano di Zocco;Vicenza;1;4.336;9,33;6,01;47,61;21,43;1,43;15,93;6,52;109,59
05024047;Grumolo delle Abbadesse;Vicenza;1;3.890;9,28;5,93;37,76;18,61;3,13;16,42;6,02;98,47
05024048;Isola Vicentina;Vicenza;1;10.336;5,96;4,36;31,34;16,97;1,58;14,97;13,13;89,49
05024049;Laghi;Vicenza;1;127;119,02;2,50;36,70;23,62;40,65;66,98;11,93;301,72
05024050;Lastebasse;Vicenza;1;183;74,02;3,98;58,31;39,28;14,47;46,85;36,24;273,48
05024051;Longare;Vicenza;1;5.481;5,71;5,31;35,06;16,26;3,08;23,24;5,31;95,23
05024052;Lonigo;Vicenza;1;15.992;18,39;;28,93;18,03;10,84;8,10;6,42;92,99
05024053;Lugo di Vicenza;Vicenza;1;3.532;11,91;2,05;29,98;20,29;4,79;8,82;9,83;87,83
05024127;Lusiana Conco;Vicenza;Vedi aggregazione: ETRA Spa;;;;;;;;;
05024055;Malo;Vicenza;1;14.740;12,19;2,07;30,30;21,76;4,77;15,54;9,57;96,35
05024056;Marano Vicentino;Vicenza;1;9.284;10,20;1,75;30,87;18,59;6,92;16,49;10,13;95,05
05024057;Marostica;Vicenza;1;14.033;8,11;;30,53;27,19;10,22;5,11;3,59;85,73
05024063;Monte di Malo;Vicenza;1;2.819;10,52;1,81;26,49;18,84;6,25;17,75;11,31;93,13
05024060;Montebello Vicentino;Vicenza;1;6.340;14,20;13,42;38,11;12,45;5,87;14,67;7,96;107,85
05024061;Montecchio Maggiore;Vicenza;1;23.591;10,31;13,01;44,78;12,50;15,42;14,31;13,15;124,97
05024062;Montecchio Precalcino;Vicenza;1;4.914;6,42;6,90;31,79;16,76;2,48;16,00;18,58;100,26
05024064;Montegalda;Vicenza;1;3.358;7,98;6,11;41,50;18,72;7,79;22,54;6,02;112,03
05024065;Montegaldella;Vicenza;1;1.798;10,21;4,09;41,71;21,03;0,55;19,56;6,47;104,98
05024066;Monteviale;Vicenza;1;2.781;16,73;10,66;38,72;10,17;1,88;15,29;12,17;106,71
05024067;Monticello Conte Otto;Vicenza;1;9.096;6,76;5,74;33,94;17,63;3,61;16,19;12,97;98,17
05024068;Montorso Vicentino;Vicenza;1;3.037;13,36;11,72;35,46;9,92;3,03;12,95;8,93;96,46
05024070;Mussolente;Vicenza;Vedi aggregazione: ETRA Spa;;;;;;;;;
05024071;Nanto;Vicenza;1;3.078;11,22;10,92;20,06;10,63;4,64;10,83;6,81;75,11
05024072;Nogarole Vicentino;Vicenza;1;1.230;17,41;10,61;28,94;6,65;7,74;30,23;3,56;105,88
05024073;Nove;Vicenza;Vedi aggregazione: ETRA Spa;;;;;;;;;
05024074;Noventa Vicentina;Vicenza;1;9.102;20,86;14,36;32,68;0,96;5,93;6,21;6,49;88,36
05024075;Orgiano;Vicenza;1;3.014;8,55;9,78;39,21;2,22;4,75;6,41;11,87;82,78
05024076;Pedemonte;Vicenza;1;664;13,77;2,37;34,67;35,22;5,31;22,95;20,21;134,83
05024077;Pianezze;Vicenza;1;2.195;13,60;8,66;37,59;17,70;;5,16;4,63;88,27
05024078;Piovene Rocchette;Vicenza;1;8.267;11,27;1,94;28,37;20,61;5,08;22,93;20,92;111,25
05024079;Pojana Maggiore;Vicenza;1;4.258;9,19;7,49;26,81;18,89;4,36;8,02;3,64;78,39
05024080;Posina;Vicenza;1;572;12,35;2,79;40,91;29,19;8,24;84,73;30,48;209,03
05024081;Pove del Grappa;Vicenza;Vedi aggregazione: ETRA Spa;;;;;;;;;
05024082;Pozzoleone;Vicenza;Vedi aggregazione: ETRA Spa;;;;;;;;;
05024083;Quinto Vicentino;Vicenza;1;5.810;7,40;5,96;37,11;17,18;2,35;16,94;5,78;93,91
05024085;Roana;Vicenza;Vedi aggregazione: ETRA Spa;;;;;;;;;
05024086;Romano d'Ezzelino;Vicenza;1;14.193;6,05;4,80;35,72;22,19;2,37;32,48;18,81;122,40
05024087;Rosa;Vicenza;1;14.662;6,89;1,63;29,53;23,07;1,93;33,47;16,65;113,19
05024088;Rossano Veneto;Vicenza;1;8.257;5,74;8,98;29,32;20,76;2,32;26,45;16,72;111,24
05024089;Rotzo;Vicenza;Vedi aggregazione: ETRA Spa;;;;;;;;;
05024090;Salcedo;Vicenza;1;1.012;8,21;1,86;27,19;16,40;8,99;25,46;16,04;104,30
05024094;San Pietro Mussolino;Vicenza;1;1.520;16,11;11,24;38,24;7,70;4,22;18,52;8,06;105,12
05024096;San Vito di Leguzzano;Vicenza;1;3.544;11,89;2,04;29,94;20,68;7,22;16,15;10,79;98,84
05024091;Sandrigo;Vicenza;1;8.297;8,78;7,28;34,12;15,19;4,42;25,20;7,07;103,45
05024095;Santorso;Vicenza;1;5.590;12,00;2,06;36,34;23,93;9,27;23,67;13,11;120,58
05024097;Sarcedo;Vicenza;1;5.281;8,78;1,57;26,57;15,82;6,24;13,32;11,75;84,15
05024098;Sarego;Vicenza;1;6.775;11,94;7,05;34,81;16,86;3,63;9,39;7,32;91,01
05024099;Schiavon;Vicenza;Vedi aggregazione: ETRA Spa;;;;;;;;;
05024100;Schio;Vicenza;1;38.848;14,70;2,24;39,40;21,50;8,49;15,53;16,11;118,09
05024101;Solagna;Vicenza;Vedi aggregazione: ETRA Spa;;;;;;;;;
05024102;Sossano;Vicenza;1;4.138;10,02;12,25;33,03;3,64;4,36;9,12;2,09;74,51
05024103;Sovizzo;Vicenza;1;7.422;13,76;10,58;32,47;10,65;3,31;14,45;5,14;91,45
05024104;Tezze sul Brenta;Vicenza;Vedi aggregazione: ETRA Spa;;;;;;;;;
05024105;Thiene;Vicenza;1;23.961;16,12;2,35;34,48;29,53;7,57;17,25;20,24;127,78
05024107;Torrebelvicino;Vicenza;1;5.840;10,99;1,76;25,79;19,55;4,51;7,58;9,07;79,39
05024108;Torri di Quartesolo;Vicenza;1;11.769;13,64;8,25;51,49;20,07;6,44;17,22;7,75;126,55
05024110;Trissino;Vicenza;1;8.670;14,99;11,60;40,17;11,83;4,57;15,80;9,87;110,05
05024123;Val Liona;Vicenza;1;3.062;14,47;;22,77;14,18;8,53;10,44;24,51;94,90
05024125;Valbrenta;Vicenza;Vedi aggregazione: ETRA Spa;;;;;;;;;
05024111;Valdagno;Vicenza;1;25.765;13,08;12,26;40,22;11,05;13,95;22,05;19,25;133,12
05024112;Valdastico;Vicenza;1;1.167;10,23;1,76;25,74;24,76;4,69;18,26;11,63;97,29
05024113;Valli del Pasubio;Vicenza;1;3.066;7,91;1,79;26,20;26,46;6,11;30,67;9,35;108,81
05024116;Vicenza;Vicenza;1;110.830;16,51;27,46;33,15;31,50;39,95;13,39;31,34;200,28
05024117;Villaga;Vicenza;1;1.874;13,10;0,03;28,59;12,84;8,39;12,65;13,28;88,87
05024118;Villaverla;Vicenza;1;5.964;10,88;1,87;27,40;18,66;4,44;17,66;13,91;94,92
05024119;Zane;Vicenza;1;6.558;13,48;2,32;33,94;27,56;6,33;15,31;17,96;117,09
05024120;Zermeghedo;Vicenza;1;1.335;15,47;12,08;57,55;11,80;6,39;29,94;8,31;143,06
05024121;Zovencedo;Vicenza;1;823;12,96;;20,39;12,70;7,64;6,15;2,76;64,37
05024122;Zugliano;Vicenza;1;6.909;9,47;1,63;23,85;19,19;7,82;15,97;10,18;88,26
12056001;Acquapendente;Viterbo;1;5.308;16,44;19,96;44,07;31,31;26,82;12,00;20,97;171,58
12056002;Arlena di Castro;Viterbo;1;820;52,66;12,61;41,40;10,88;20,66;24,29;29,60;193,33
12056004;Barbarano Romano;Viterbo;1;1.004;16,25;13,89;81,23;13,75;37,21;32,10;9,59;204,02
12056006;Bassano in Teverina;Viterbo;1;1.283;16,94;7,65;84,68;1,68;38,59;24,29;5,17;179,01
12056005;Bassano Romano;Viterbo;1;4.641;24,89;25,24;52,40;10,89;12,57;17,38;15,89;159,27
12056007;Blera;Viterbo;1;2.903;18,98;87,96;;22,47;;8,57;1,13;142,56
12056008;Bolsena;Viterbo;1;3.671;31,19;42,58;37,59;1,86;47,18;30,85;7,04;198,30
12056009;Bomarzo;Viterbo;1;1.691;4,66;29,31;51,12;;16,64;16,51;16,13;134,37
12056010;Calcata;Viterbo;1;913;5,05;19,02;23,57;14,56;5,62;50,80;17,01;135,64
12056011;Canepina;Viterbo;1;2.920;15,92;18,32;63,67;5,66;50,58;15,64;14,93;184,72
12056012;Canino;Viterbo;1;5.005;17,66;11,10;57,20;13,79;27,31;35,40;10,46;172,92
12056013;Capodimonte;Viterbo;1;1.671;29,60;29,20;66,93;13,56;;28,90;28,62;196,79
12056014;Capranica;Viterbo;1;6.374;25,57;8,40;68,93;2,57;11,23;28,39;8,22;153,32
12056015;Caprarola;Viterbo;1;5.153;62,71;1,02;61,20;23,00;16,63;16,75;8,82;190,14
12056016;Carbognano;Viterbo;1;1.956;42,14;17,09;21,81;14,09;44,14;11,38;6,33;156,98
12056019;Celleno;Viterbo;1;1.307;17,97;16,10;43,58;13,90;;10,95;10,89;113,39
12056021;Civita Castellana;Viterbo;1;15.175;13,96;20,84;79,89;20,18;16,51;13,89;11,45;189,10
12056022;Civitella d'Agliano;Viterbo;1;1.450;29,03;23,00;25,00;10,36;;5,64;0,77;93,80
12056023;Corchiano;Viterbo;1;3.570;9,22;6,38;41,19;15,88;27,39;15,28;6,90;137,28
12056024;Fabrica di Roma;Viterbo;1;8.199;10,36;15,06;37,97;36,99;8,63;14,94;62,50;186,46
12056027;Gallese;Viterbo;1;2.568;20,46;29,07;65,16;16,95;27,44;11,89;0,44;171,40
12056028;Gradoli;Viterbo;1;1.239;28,87;0,51;74,89;22,02;3,18;29,49;41,55;200,51
12056029;Graffignano;Viterbo;1;2.088;17,56;2,04;23,85;15,13;26,55;94,95;26,14;206,21
12056030;Grotte di Castro;Viterbo;1;2.400;40,60;2,40;68,66;26,51;28,68;26,26;19,71;212,82
12056032;Latera;Viterbo;1;762;19,56;29,00;29,01;16,38;36,27;25,73;31,26;187,22
12056033;Lubriano;Viterbo;1;851;32,45;36,38;47,14;8,33;;18,82;104,12;247,23
12056034;Marta;Viterbo;1;3.226;17,75;20,21;56,49;17,71;24,95;14,54;8,59;160,24
12056035;Montalto di Castro;Viterbo;1;8.712;25,38;28,12;114,08;44,69;44,57;23,66;24,85;305,34
12056037;Monte Romano;Viterbo;1;1.889;14,29;15,85;62,74;10,51;17,54;14,75;19,81;155,49
12056038;Monterosi;Viterbo;1;4.790;6,15;19,36;55,43;14,07;;;;95,00
12056039;Nepi;Viterbo;1;9.471;15,19;14,42;43,67;22,85;19,90;34,77;20,79;171,59
12056040;Onano;Viterbo;1;884;36,34;0,11;64,47;14,35;22,58;48,18;0,62;186,65
12056043;Piansano;Viterbo;1;2.003;13,42;13,99;52,16;15,44;3,92;12,14;10,20;122,08
12056044;Proceno;Viterbo;1;536;7,46;51,08;29,43;12,56;109,32;29,12;30,35;269,33
12056045;Ronciglione;Viterbo;1;8.449;;21,58;;25,15;;7,65;11,74;66,12
12056047;San Lorenzo Nuovo;Viterbo;1;2.020;19,04;29,28;40,45;15,80;34,66;18,55;11,06;169,83
12056048;Soriano nel Cimino;Viterbo;1;7.917;4,64;23,59;52,40;19,31;23,20;16,05;5,60;144,79
12056049;Sutri;Viterbo;1;6.750;18,06;65,33;47,19;;12,10;10,16;21,06;173,90
12056050;Tarquinia;Viterbo;1;15.985;18,44;50,50;40,63;31,65;24,01;54,45;29,76;249,45
12056052;Tuscania;Viterbo;1;8.208;8,90;;23,93;64,11;21,72;12,87;16,43;147,97
12056053;Valentano;Viterbo;1;2.783;23,64;18,52;40,95;13,46;21,16;19,42;24,59;162,47
12056054;Vallerano;Viterbo;1;2.390;7,85;38,13;67,60;16,47;53,84;14,19;10,33;208,40
12056055;Vasanello;Viterbo;1;3.986;5,35;16,15;54,22;38,10;9,95;14,25;16,78;165,75
12056056;Vejano;Viterbo;1;2.138;14,10;14,91;55,71;10,90;13,97;17,13;11,90;138,62
12056057;Vetralla;Viterbo;1;13.361;15,66;19,75;53,43;13,26;21,19;34,28;31,85;189,43
12056058;Vignanello;Viterbo;1;4.299;6,48;32,06;35,13;20,89;40,53;6,93;2,54;144,57
12056046;Villa San Giovanni in Tuscia;Viterbo;1;1.231;36,84;25,96;10,66;;33,89;17,33;6,83;131,52
12056059;Viterbo;Viterbo;1;66.241;13,89;25,18;54,98;15,94;21,15;23,81;26,44;181,39
12056060;Vitorchiano;Viterbo;1;5.255;8,08;10,39;37,45;14,62;19,85;33,72;50,00;176,00
NB: i dati riportati in tabella si riferiscono esclusivamente ai costi sostenuti dagli enti locali per il servizio di gestione dei rifiuti urbani e assimilati e non tengono, pertanto, conto dei proventi ottenuti dalla vendita di materiali e di energia derivanti dai rifiuti.;;;;;;;;;;;;
Legenda: codifiche delle voci di costo riportate nelle tabelle dal 2020;;;;;;;;;;;;
CRT ab: Costi di raccolta e trasporto dei rifiuti urbani indifferenziati (euro/abitante x anno);;;;;;;;;;;;
CTS ab: Costi di trattamento e smaltimento dei rifiuti urbani indifferenziati (euro/abitante x anno);;;;;;;;;;;;
CRD ab:	Costi di raccolta e trasporto dei rifiuti urbani differenziati (euro/abitante x anno);;;;;;;;;;;;
CTR ab: Costi di trattamento e riciclo dei rifiuti urbani differenziati (euro/abitante x anno);;;;;;;;;;;;
CSL ab: Costi di spazzamento e lavaggio delle strade (euro/abitante x anno);;;;;;;;;;;;
CC ab: Costi comuni (euro/abitante x anno);;;;;;;;;;;;
CK ab: Costi di remunerazione del capitale (euro/abitante x anno);;;;;;;;;;;;
Altri costi: Altri costi (euro/abitante x anno);;;;;;;;;;;;
CTOT ab: Costi totali di gestione del servizio di igiene urbana (euro/abitante x anno);;;;;;;;;;;;
CRT kg: Costi di raccolta e trasporto dei rifiuti urbani indifferenziati (eurocentesimi/kg);;;;;;;;;;;;
CRD kg: Costi di raccolta e trasporto dei rifiuti urbani differenziati (eurocentesimi/kg);;;;;;;;;;;;
CSL kg:	Costi di spazzamento e lavaggio delle strade (eurocentesimi/kg);;;;;;;;;;;;
CC kg: Costi comuni (eurocentesimi/kg);;;;;;;;;;;;
CK kg:Costi di remunerazione del capitale (eurocentesimi/kg);;;;;;;;;;;;
CTOT kg:Costi totali di gestione del servizio di igiene urbana (eurocentesimi/kg);;;;;;;;;;;;
Legenda: codifiche delle voci di costo riportate nelle tabelle fino al 2019;;;;;;;;;;;;
CRT ab: Costi di raccolta e trasporto dei rifiuti urbani indifferenziati (euro/abitante x anno);;;;;;;;;;;;
CTS ab: Costi di trattamento e smaltimento dei rifiuti urbani indifferenziati (euro/abitante x anno);;;;;;;;;;;;
CAC ab:	Altri costi di gestione dei rifiuti urbani indifferenziati (euro/abitante x anno);;;;;;;;;;;;
CGIND ab: Costi totale di gestione dei rifiuti urbani indifferenziati (euro/abitante x anno);;;;;;;;;;;;
CRD ab:	Costi di raccolta e trasporto dei rifiuti urbani differenziati (euro/abitante x anno);;;;;;;;;;;;
CTR ab: Costi di trattamento e riciclo dei rifiuti urbani differenziati (euro/abitante x anno);;;;;;;;;;;;
CGD ab:	Costi totali di gestione  dei rifiuti urbani differenziati (euro/abitante x anno);;;;;;;;;;;;
CSL ab: Costi di spazzamento e lavaggio delle strade (euro/abitante x anno);;;;;;;;;;;;
CC ab: Costi comuni (euro/abitante x anno);;;;;;;;;;;;
CK ab: Costi di remunerazione del capitale (euro/abitante x anno);;;;;;;;;;;;
CTOT ab: Costi totali di gestione del servizio di igiene urbana (euro/abitante x anno);;;;;;;;;;;;
CRT kg: Costi di raccolta e trasporto dei rifiuti urbani indifferenziati (eurocentesimi/kg);;;;;;;;;;;;
CTS kg:	Costi di trattamento e smaltimento dei rifiuti urbani indifferenziati (eurocentesimi/kg);;;;;;;;;;;;
CAC kg:	Altri costi di gestione dei rifiuti urbani indifferenziati (eurocentesimi/kg);;;;;;;;;;;;
CGIND kg: Costi totale di gestione dei rifiuti urbani indifferenziati (eurocentesimi/kg);;;;;;;;;;;;
CRD kg: Costi di raccolta e trasporto dei rifiuti urbani differenziati (eurocentesimi/kg);;;;;;;;;;;;
CTR kg:	Costi di trattamento e riciclo dei rifiuti urbani differenziati (eurocentesimi/kg);;;;;;;;;;;;
CGD kg:	Costi totali di gestione  dei rifiuti urbani differenziati (eurocentesimi/kg);;;;;;;;;;;;
CSL kg:	Costi di spazzamento e lavaggio delle strade (eurocentesimi/kg);;;;;;;;;;;;
CC kg: Costi comuni (eurocentesimi/kg);;;;;;;;;;;;
CK kg:Costi di remunerazione del capitale (eurocentesimi/kg);;;;;;;;;;;;
CTOT kg:Costi totali di gestione del servizio di igiene urbana (eurocentesimi/kg);;;;;;;;;;;;
