istat_comune;comune;provincia;numero_comuni;popolazione;crt;cts;crd;ctr;csl;cc;ck;ctot
19084001;Agrigento;Agrigento;1;55.317;10,24;;21,02;;4,66;11,97;12,12;60,93
19084007;Caltabellotta;Agrigento;1;3.148;6,57;;14,48;;4,81;6,10;6,75;46,11
19084008;Camastra;Agrigento;1;1.992;11,77;;59,63;;10,24;34,56;45,56;141,68
19084009;Cammarata;Agrigento;1;5.837;13,17;;20,75;;2,44;2,59;1,50;34,66
19084010;Campobello di Licata;Agrigento;1;9.022;17,89;;23,22;;8,05;18,71;10,44;72,61
19084011;Canicatti;Agrigento;1;34.447;6,10;;23,99;;3,27;8,54;4,94;45,65
19084016;Comitini;Agrigento;1;846;11,23;;30,16;;2,46;11,08;7,64;54,14
19084017;Favara;Agrigento;1;31.451;13,18;;25,06;;10,27;8,73;2,57;53,62
19084018;Grotte;Agrigento;1;5.140;13,79;;12,97;;2,10;23,36;3,95;53,13
19084021;Licata;Agrigento;1;34.189;7,08;;8,95;;4,36;7,38;5,52;37,47
19084023;Menfi;Agrigento;1;11.817;32,10;;18,09;;0,56;4,77;;35,58
19084027;Palma di Montechiaro;Agrigento;1;21.336;16,34;;25,72;;7,39;4,68;2,79;48,37
19084029;Racalmuto;Agrigento;1;7.531;6,15;;16,03;;4,14;22,70;4,35;55,56
19084030;Raffadali;Agrigento;1;11.855;10,36;;21,16;;4,17;8,59;1,77;42,73
19084035;San Biagio Platani;Agrigento;1;2.829;20,45;;44,26;;;4,72;;62,13
19084037;Santa Elisabetta;Agrigento;1;2.184;17,42;;24,90;;3,34;4,02;12,21;56,46
19084038;Santa Margherita di Belice;Agrigento;1;5.958;66,16;;4,46;;0,06;;;33,17
19084040;Santo Stefano Quisquina;Agrigento;1;3.998;9,50;;30,86;;1,94;9,67;0,58;51,94
19084041;Sciacca;Agrigento;1;38.712;13,20;;9,90;;1,72;3,63;2,27;29,01
01006001;Acqui Terme;Alessandria;1;18.955;25,03;;23,34;;5,08;8,62;5,08;50,16
01006002;Albera Ligure;Alessandria;1;297;7,40;;6,78;;;3,73;2,78;29,94
01006003;Alessandria;Alessandria;1;91.936;11,48;;10,30;;5,65;7,44;2,13;37,68
01006005;Alice Bel Colle;Alessandria;1;668;38,77;;25,21;;5,82;9,88;5,83;57,51
01006192;Alluvioni Piovera;Alessandria;1;1.617;14,53;;15,70;;2,23;7,24;8,23;43,30
01006007;Altavilla Monferrato;Alessandria;1;394;20,04;;10,54;;3,08;10,28;6,84;42,49
01006008;Alzano Scrivia;Alessandria;1;359;20,04;;20,76;;0,29;8,48;3,95;42,51
01006009;Arquata Scrivia;Alessandria;1;6.283;8,46;;9,41;;0,76;3,92;3,95;32,42
01006010;Avolasca;Alessandria;1;254;10,64;;8,40;;;3,60;18,22;54,19
01006012;Basaluzzo;Alessandria;1;2.031;16,27;;18,92;;;2,33;4,90;35,40
01006013;Bassignana;Alessandria;1;1.563;18,57;;16,41;;4,36;9,27;4,71;42,07
01006014;Belforte Monferrato;Alessandria;1;499;16,23;;16,85;;3,59;6,09;3,59;35,44
01006015;Bergamasco;Alessandria;1;677;29,62;;10,09;;6,95;9,87;4,29;42,45
01006016;Berzano di Tortona;Alessandria;1;159;7,20;;9,80;;;6,79;3,98;35,30
01006017;Bistagno;Alessandria;1;1.717;44,10;;25,87;;6,06;10,29;6,07;59,87
01006018;Borghetto di Borbera;Alessandria;1;1.919;8,37;;9,33;;1,31;4,97;3,38;34,17
01006019;Borgoratto Alessandrino;Alessandria;1;544;30,02;;11,23;;9,12;8,12;1,93;43,30
01006021;Bosco Marengo;Alessandria;1;2.205;20,86;;11,93;;2,44;8,44;7,36;45,79
01006022;Bosio;Alessandria;1;1.042;50,80;;29,11;;6,84;11,61;6,85;67,57
01006024;Brignano-Frascata;Alessandria;1;410;8,55;;6,89;;1,42;4,74;4,80;35,15
01006025;Cabella Ligure;Alessandria;1;456;21,97;;6,53;;4,83;6,74;3,35;56,47
01006028;Cantalupo Ligure;Alessandria;1;448;7,35;;6,44;;;4,76;4,30;33,30
01006029;Capriata d'Orba;Alessandria;1;1.760;24,50;;26,12;;0,35;3,07;5,64;43,99
01006030;Carbonara Scrivia;Alessandria;1;1.118;13,34;;13,08;;;3,12;10,56;35,40
01006031;Carentino;Alessandria;1;321;21,39;;12,53;;0,65;16,69;5,36;44,69
01006032;Carezzano;Alessandria;1;430;23,42;;20,68;;;7,02;7,92;43,72
01006033;Carpeneto;Alessandria;1;874;40,50;;31,31;;7,04;11,96;7,05;69,56
01006034;Carrega Ligure;Alessandria;1;82;22,74;;12,80;;;8,95;11,76;94,92
01006035;Carrosio;Alessandria;1;496;46,01;;28,37;;;1,12;5,79;44,73
01006036;Cartosio;Alessandria;1;710;101,89;;12,35;;;7,42;4,03;41,92
01006037;Casal Cermelli;Alessandria;1;1.177;9,31;;12,57;;5,48;6,71;3,01;35,28
01006039;Casale Monferrato;Alessandria;1;32.217;13,48;;20,35;;4,61;5,96;5,90;42,83
01006038;Casaleggio Boiro;Alessandria;1;353;55,40;;24,69;;5,97;10,14;5,98;58,98
01006040;Casalnoceto;Alessandria;1;969;13,90;;9,90;;;6,15;2,99;40,28
01006041;Casasco;Alessandria;1;121;7,16;;7,52;;;7,08;3,06;31,46
01006191;Cassano Spinola;Alessandria;1;1.792;21,53;;21,33;;0,40;7,91;8,39;47,95
01006043;Cassine;Alessandria;1;2.799;40,46;;30,47;;6,88;11,69;6,89;68,00
01006044;Cassinelle;Alessandria;1;851;58,13;;27,20;;6,54;11,11;6,55;64,63
01006045;Castellania;Alessandria;1;85;10,83;;7,04;;;12,46;8,42;46,36
01006046;Castellar Guidobono;Alessandria;1;408;35,93;;11,29;;;2,37;3,81;28,93
01006047;Castellazzo Bormida;Alessandria;1;4.458;15,49;;18,53;;1,38;6,55;7,69;44,51
01006048;Castelletto d'Erro;Alessandria;1;129;76,08;;22,77;;5,70;9,67;5,70;56,28
01006049;Castelletto d'Orba;Alessandria;1;1.815;36,36;;27,12;;6,13;10,42;6,14;60,61
01006051;Castelletto Monferrato;Alessandria;1;1.423;21,42;;18,41;;4,10;10,35;2,08;42,45
01006052;Castelnuovo Bormida;Alessandria;1;616;16,54;;12,09;;1,56;9,98;6,53;42,29
01006053;Castelnuovo Scrivia;Alessandria;1;4.847;22,40;;20,06;;5,54;7,80;4,86;56,40
01006054;Castelspina;Alessandria;1;385;17,64;;13,50;;5,94;13,03;1,27;43,42
01006055;Cavatore;Alessandria;1;258;100,87;;7,82;;2,62;7,25;4,00;45,06
01006058;Cerreto Grue;Alessandria;1;295;35,63;;5,29;;;14,25;3,50;57,10
01006061;Conzano;Alessandria;1;932;18,45;;9,99;;2,89;10,35;2,61;34,68
01006062;Costa Vescovato;Alessandria;1;312;7,49;;6,50;;2,60;3,49;1,85;29,34
01006063;Cremolino;Alessandria;1;1.031;41,27;;26,15;;6,06;10,29;6,07;59,88
01006065;Denice;Alessandria;1;164;192,14;;15,97;;;30,95;6,74;83,71
01006066;Dernice;Alessandria;1;177;10,43;;10,74;;;9,31;2,61;43,41
01006067;Fabbrica Curone;Alessandria;1;566;13,07;;11,46;;1,78;7,01;6,24;58,29
01006068;Felizzano;Alessandria;1;2.089;16,07;;11,55;;4,40;9,63;8,93;44,43
01006069;Fraconalto;Alessandria;1;305;13,89;;16,18;;;2,02;4,52;30,19
01006070;Francavilla Bisio;Alessandria;1;512;33,76;;17,33;;0,31;4,36;6,48;40,47
01006071;Frascaro;Alessandria;1;418;11,08;;10,91;;0,02;8,03;4,22;32,27
01006074;Fresonara;Alessandria;1;633;28,25;;22,36;;0,31;2,99;8,28;45,49
01006075;Frugarolo;Alessandria;1;1.878;18,26;;13,16;;1,71;9,27;3,46;39,15
01006076;Fubine;Alessandria;1;1.605;15,92;;10,26;;1,59;13,42;4,15;39,10
01006078;Gamalero;Alessandria;1;794;18,78;;12,83;;6,81;9,98;5,34;43,34
01006079;Garbagna;Alessandria;1;617;9,69;;8,73;;2,79;4,69;2,41;36,61
01006081;Gavi;Alessandria;1;4.391;26,13;;30,26;;4,80;5,66;10,45;60,80
01006083;Gremiasco;Alessandria;1;280;10,97;;9,12;;;5,44;3,26;40,18
01006084;Grognardo;Alessandria;1;230;94,62;;27,51;;6,90;11,71;6,90;68,14
01006085;Grondona;Alessandria;1;466;32,84;;4,95;;;11,56;13,89;62,78
01006086;Guazzora;Alessandria;1;281;22,58;;18,27;;2,95;4,24;3,83;40,94
01006087;Isola Sant'Antonio;Alessandria;1;668;10,31;;10,81;;1,34;4,90;6,04;31,24
01006088;Lerma;Alessandria;1;802;36,38;;27,33;;6,18;10,49;6,18;61,01
01006193;Lu e Cuccaro Monferrato;Alessandria;1;1.296;18,19;;10,77;;4,84;7,69;5,62;37,16
01006090;Malvicino;Alessandria;1;78;182,13;;22,76;;5,94;10,09;5,95;58,67
01006091;Masio;Alessandria;1;1.274;25,75;;14,88;;4,52;12,70;4,90;48,31
01006092;Melazzo;Alessandria;1;1.196;236,43;;7,34;;2,77;3,33;4,19;39,45
01006093;Merana;Alessandria;1;179;53,85;;26,03;;6,24;10,59;6,25;61,63
01006095;Molare;Alessandria;1;2.002;60,33;;27,57;;6,65;11,29;6,66;65,68
01006096;Molino dei Torti;Alessandria;1;577;11,43;;16,17;;3,66;6,92;7,68;43,82
01006098;Momperone;Alessandria;1;197;21,22;;10,83;;;10,12;4,18;60,40
01006100;Mongiardino Ligure;Alessandria;1;150;32,05;;7,81;;;7,41;4,22;68,62
01006101;Monleale;Alessandria;1;557;32,41;;5,17;;;5,25;5,88;52,11
01006102;Montacuto;Alessandria;1;234;11,98;;13,00;;;11,59;4,59;56,06
01006103;Montaldeo;Alessandria;1;208;46,15;;18,72;;4,57;7,76;4,57;45,13
01006104;Montaldo Bormida;Alessandria;1;586;36,74;;26,66;;6,06;10,29;6,06;59,84
01006105;Montecastello;Alessandria;1;280;25,43;;15,23;;20,43;13,40;9,83;72,60
01006106;Montechiaro d'Acqui;Alessandria;1;506;98,00;;9,29;;6,50;5,77;4,45;42,45
01006107;Montegioco;Alessandria;1;273;12,53;;7,28;;;5,78;5,18;43,14
01006108;Montemarzino;Alessandria;1;312;10,76;;8,45;;;5,26;3,93;40,16
01006110;Morbello;Alessandria;1;399;131,38;;8,45;;7,62;17,98;6,57;68,17
01006111;Mornese;Alessandria;1;676;49,86;;28,27;;6,65;11,29;6,66;65,70
01006112;Morsasco;Alessandria;1;604;51,96;;31,81;;7,41;12,58;7,42;73,19
01006114;Novi Ligure;Alessandria;1;27.343;18,97;;22,07;;6,15;8,82;4,37;55,88
01006119;Orsara Bormida;Alessandria;1;387;68,64;;35,69;;8,48;14,41;8,49;83,82
01006121;Ovada;Alessandria;1;10.855;27,87;;20,92;;4,73;8,03;4,73;46,71
01006122;Oviglio;Alessandria;1;1.210;17,48;;11,08;;1,99;8,73;7,55;39,25
01006124;Paderna;Alessandria;1;186;8,27;;8,88;;0,60;4,41;9,06;40,49
01006125;Pareto;Alessandria;1;513;69,22;;12,74;;3,13;5,61;6,10;56,30
01006126;Parodi Ligure;Alessandria;1;587;54,08;;52,68;;0,62;9,31;17,17;90,98
01006127;Pasturana;Alessandria;1;1.268;28,56;;18,80;;0,21;4,37;6,81;41,72
01006128;Pecetto di Valenza;Alessandria;1;1.169;16,41;;9,34;;1,35;14,09;4,98;35,25
01006129;Pietra Marazzi;Alessandria;1;878;47,28;;11,03;;5,94;14,63;1,98;44,78
01006132;Pontecurone;Alessandria;1;3.481;13,78;;15,49;;2,65;6,71;7,12;41,38
01006134;Ponti;Alessandria;1;503;110,50;;10,23;;6,27;5,91;4,40;48,13
01006136;Ponzone;Alessandria;1;1.002;28,71;;20,23;;4,62;7,84;4,62;45,61
01006137;Pozzol Groppo;Alessandria;1;295;13,36;;9,10;;;9,46;3,02;47,05
01006138;Pozzolo Formigaro;Alessandria;1;4.534;25,48;;22,92;;3,63;4,12;6,53;48,71
01006139;Prasco;Alessandria;1;496;68,67;;29,70;;7,20;12,23;7,21;71,16
01006140;Predosa;Alessandria;1;1.901;20,12;;20,68;;0,42;2,84;7,49;41,03
01006141;Quargnento;Alessandria;1;1.336;18,83;;11,05;;5,05;8,40;1,11;36,38
01006142;Quattordio;Alessandria;1;1.468;15,62;;6,27;;0,48;11,61;1,46;30,88
01006143;Ricaldone;Alessandria;1;607;61,34;;27,94;;6,74;11,44;6,75;66,59
01006144;Rivalta Bormida;Alessandria;1;1.365;29,59;;22,96;;5,16;8,76;5,17;50,99
01006145;Rivarone;Alessandria;1;390;26,83;;20,68;;13,09;10,61;5,22;56,10
01006147;Rocca Grimalda;Alessandria;1;1.405;41,40;;26,15;;6,06;10,30;6,07;59,92
01006146;Roccaforte Ligure;Alessandria;1;120;21,20;;9,42;;0,37;6,43;7,02;65,32
01006148;Rocchetta Ligure;Alessandria;1;224;6,93;;6,22;;;5,66;3,34;29,69
01006151;Sale;Alessandria;1;3.857;13,56;;18,17;;3,32;7,26;7,62;45,67
01006152;San Cristoforo;Alessandria;1;520;42,64;;35,17;;7,82;13,28;7,83;77,29
01006154;San Salvatore Monferrato;Alessandria;1;4.018;20,03;;15,30;;5,32;9,80;8,55;48,19
01006155;San Sebastiano Curone;Alessandria;1;552;7,62;;5,74;;2,36;2,47;5,20;31,87
01006156;Sant'Agata Fossili;Alessandria;1;362;5,76;;7,07;;;2,30;1,55;27,97
01006157;Sardigliano;Alessandria;1;376;22,14;;21,70;;0,36;3,73;8,82;41,23
01006158;Sarezzano;Alessandria;1;1.098;33,52;;4,46;;0,62;5,77;7,43;49,77
01006160;Serravalle Scrivia;Alessandria;1;5.905;12,53;;19,11;;6,49;7,06;7,60;49,18
01006161;Sezzadio;Alessandria;1;1.199;18,57;;12,42;;5,25;9,49;1,23;38,97
01006162;Silvano d'Orba;Alessandria;1;1.891;35,49;;21,64;;5,04;8,56;5,05;49,82
01006163;Solero;Alessandria;1;1.576;14,86;;13,26;;2,08;9,61;4,68;40,07
01006165;Spigno Monferrato;Alessandria;1;901;133,06;;10,69;;2,14;10,64;5,31;52,78
01006166;Spineto Scrivia;Alessandria;1;365;31,17;;19,31;;;2,15;5,36;36,25
01006167;Stazzano;Alessandria;1;2.283;21,72;;6,59;;1,87;5,40;3,87;47,55
01006168;Strevi;Alessandria;1;1.954;41,09;;28,80;;6,58;11,17;6,59;65,00
01006169;Tagliolo Monferrato;Alessandria;1;1.479;37,64;;26,35;;6,02;10,22;6,03;59,46
01006170;Tassarolo;Alessandria;1;585;32,95;;17,40;;0,27;3,53;8,69;41,68
01006172;Terzo;Alessandria;1;822;58,37;;29,71;;7,08;12,02;7,09;69,96
01006174;Tortona;Alessandria;1;26.542;22,29;;10,96;;4,41;4,67;5,51;37,35
01006176;Trisobbio;Alessandria;1;650;43,23;;25,92;;6,05;10,28;6,06;59,80
01006177;Valenza;Alessandria;1;18.096;6,57;;15,04;;4,39;6,58;4,78;40,94
01006180;Vignole Borbera;Alessandria;1;2.045;45,13;;5,77;;2,88;10,65;7,45;57,11
01006181;Viguzzolo;Alessandria;1;3.070;17,38;;15,19;;0,29;6,30;7,36;38,44
01006183;Villalvernia;Alessandria;1;856;9,79;;5,50;;;3,15;4,98;28,68
01006186;Villaromagnano;Alessandria;1;654;26,62;;17,59;;0,39;3,73;7,75;38,75
01006187;Visone;Alessandria;1;1.180;76,60;;30,63;;7,48;12,71;7,49;73,93
01006188;Volpedo;Alessandria;1;1.134;6,74;;6,61;;;3,51;6,73;32,00
01006189;Volpeglino;Alessandria;1;126;14,79;;10,37;;;16,30;3,39;50,39
01006190;Voltaggio;Alessandria;1;651;56,24;;34,11;;1,28;2,70;8,84;61,07
11042001;Agugliano;Ancona;1;4.649;7,30;;18,47;;3,96;3,14;1,77;31,17
11042002;Ancona;Ancona;1;99.239;13,95;;12,57;;5,24;9,27;6,16;42,43
11042004;Barbara;Ancona;1;1.263;11,36;;20,85;;2,18;5,61;1,51;34,58
11042006;Camerano;Ancona;1;7.070;18,57;;14,29;;2,90;3,32;0,68;27,52
11042007;Camerata Picena;Ancona;1;2.493;8,27;;16,75;;3,19;4,15;3,18;31,92
11042008;Castelbellino;Ancona;1;4.946;16,75;;11,72;;3,36;3,80;1,14;30,26
11042010;Castelfidardo;Ancona;1;18.444;11,55;;10,06;;2,13;5,20;2,55;26,28
11042011;Castelleone di Suasa;Ancona;1;1.551;10,97;;12,02;;2,02;5,12;0,84;26,98
11042012;Castelplanio;Ancona;1;3.565;15,80;;14,23;;2,63;1,98;1,06;29,16
11042014;Chiaravalle;Ancona;1;14.282;11,78;;13,24;;4,18;6,31;31,42;61,91
11042015;Corinaldo;Ancona;1;4.745;9,04;;14,93;;2,09;9,01;2,40;33,96
11042016;Cupramontana;Ancona;1;4.394;21,04;;15,11;;4,92;3,23;2,94;36,98
11042018;Falconara Marittima;Ancona;1;25.687;18,66;;13,36;;7,58;11,49;3,65;46,01
11042019;Filottrano;Ancona;1;8.891;14,77;;16,24;;3,49;5,69;1,65;34,09
11042020;Genga;Ancona;1;1.668;7,92;;28,81;;5,74;2,52;4,06;37,96
11042021;Jesi;Ancona;1;39.399;7,66;;12,20;;6,69;1,23;0,83;30,18
11042022;Loreto;Ancona;1;12.986;10,03;;7,83;;2,76;0,91;2,85;19,71
11042023;Maiolati Spontini;Ancona;1;5.986;17,18;;11,46;;2,80;2,65;1,30;29,23
11042024;Mergo;Ancona;1;985;21,11;;13,28;;4,58;3,10;0,70;31,35
11042029;Monte Roberto;Ancona;1;2.983;19,62;;12,90;;2,00;2,46;0,62;29,60
11042030;Monte San Vito;Ancona;1;6.689;13,25;;11,23;;2,34;5,47;2,98;29,52
11042026;Montecarotto;Ancona;1;1.849;16,87;;14,86;;4,26;4,72;2,21;36,19
11042027;Montemarciano;Ancona;1;9.789;14,46;;13,89;;3,03;6,76;1,62;30,33
11042032;Numana;Ancona;1;3.758;1,78;;17,02;;2,98;4,38;1,61;28,44
11042034;Osimo;Ancona;1;34.844;11,14;;16,67;;4,16;5,27;2,34;34,16
11042035;Ostra;Ancona;1;6.267;10,16;;16,28;;2,84;2,48;1,50;31,41
11042036;Ostra Vetere;Ancona;1;3.095;13,02;;17,15;;2,55;7,82;4,80;38,74
11042037;Poggio San Marcello;Ancona;1;700;20,35;;19,83;;4,76;5,05;1,65;43,58
11042038;Polverigi;Ancona;1;4.593;7,82;;18,72;;4,59;3,27;1,29;31,87
11042040;Rosora;Ancona;1;1.824;22,59;;15,64;;5,38;2,92;0,85;36,50
11042042;San Paolo di Jesi;Ancona;1;890;12,54;;20,81;;3,12;3,92;1,26;35,96
11042043;Santa Maria Nuova;Ancona;1;3.954;7,21;;20,96;;3,77;3,76;1,44;33,08
11042044;Sassoferrato;Ancona;1;6.823;10,58;;14,26;;2,31;6,76;5,06;33,57
11042045;Senigallia;Ancona;1;44.053;7,83;;14,99;;6,38;3,50;1,60;30,68
11042046;Serra de' Conti;Ancona;1;3.581;6,51;;12,97;;2,32;4,89;3,03;26,65
11042048;Sirolo;Ancona;1;4.085;16,97;;14,69;;5,30;4,12;1,28;32,89
11042049;Staffolo;Ancona;1;2.105;11,81;;15,51;;4,93;5,96;1,50;36,12
11042050;Trecastelli;Ancona;1;7.599;9,88;;18,22;;0,83;3,44;1,81;29,57
02007001;Allein;Aosta;1;208;7,68;;16,39;;2,12;7,66;18,11;52,37
02007003;Aosta;Aosta;1;33.176;12,92;;10,62;;8,76;8,55;1,19;37,75
02007005;Arvier;Aosta;1;806;12,45;;9,54;;1,22;3,71;7,02;35,64
02007006;Avise;Aosta;1;302;12,45;;9,54;;1,15;4,83;5,39;38,01
02007008;Aymavilles;Aosta;1;2.104;12,45;;9,54;;0,65;3,23;21,92;45,19
02007009;Bard;Aosta;1;102;26,90;;30,26;;0,36;16,26;12,46;73,12
02007010;Bionaz;Aosta;1;222;7,68;;16,40;;2,12;7,66;18,11;52,39
02007011;Brissogne;Aosta;1;952;5,91;;9,87;;1,09;3,72;5,63;30,74
02007018;Champorcher;Aosta;1;367;23,75;;26,74;;2,38;9,12;2,77;53,23
02007019;Charvensod;Aosta;1;2.421;5,91;;9,87;;1,09;3,72;5,63;30,74
02007020;Chatillon - Dato aggregazione SUB-ATO D UC EVANCON UC MONT CERVIN;Aosta;21;26.825;20,55;;12,65;;1,51;5,23;9,78;38,40
02007021;Cogne;Aosta;1;1.313;12,45;;9,54;;3,32;4,65;0,62;41,19
02007022;Courmayeur;Aosta;1;2.608;11,67;;10,44;;3,63;5,66;4,85;41,41
02007023;Donnas;Aosta;1;2.394;20,13;;21,69;;0,25;8,11;3,04;42,66
02007024;Doues;Aosta;1;502;7,68;;16,39;;2,12;7,66;18,11;52,37
02007026;Etroubles;Aosta;1;481;7,67;;16,38;;2,12;7,66;18,10;52,35
02007027;Fenis;Aosta;1;1.764;5,91;;9,87;;1,09;3,72;5,63;30,74
02007028;Fontainemore;Aosta;1;431;26,46;;28,98;;0,78;10,95;8,22;60,91
02007029;Gaby;Aosta;1;418;11,42;;10,08;;0,26;6,78;1,31;24,11
02007030;Gignod;Aosta;1;1.683;7,68;;16,39;;2,12;7,66;18,11;52,38
02007031;Gressan;Aosta;1;3.374;5,91;;9,87;;1,09;3,72;5,63;30,74
02007032;Gressoney-La-Trinite;Aosta;1;324;11,44;;9,82;;2,22;5,09;2,57;25,43
02007033;Gressoney-Saint-Jean;Aosta;1;761;11,03;;9,83;;0,84;7,98;2,17;26,44
02007034;Hone;Aosta;1;1.160;23,72;;26,71;;0,31;10,50;2,80;53,31
02007035;Introd;Aosta;1;651;12,45;;9,54;;1,52;4,07;9,29;36,88
02007036;Issime;Aosta;1;384;13,73;;10,40;;0,86;6,82;3,42;27,73
02007038;Jovencan;Aosta;1;715;5,91;;9,87;;1,09;3,72;5,63;30,74
02007040;La Salle;Aosta;1;2.031;11,67;;10,44;;2,17;6,16;0,33;40,95
02007041;La Thuile;Aosta;1;774;11,67;;10,44;;2,24;7,71;4,40;41,07
02007042;Lillianes;Aosta;1;413;24,42;;26,40;;0,50;10,27;10,12;58,31
02007044;Morgex;Aosta;1;2.057;11,67;;10,44;;4,13;6,14;3,07;41,49
02007045;Nus;Aosta;1;2.953;5,91;;9,87;;1,09;3,72;5,63;30,74
02007046;Ollomont;Aosta;1;165;7,67;;16,38;;2,11;7,66;18,09;52,33
02007047;Oyace;Aosta;1;202;7,69;;16,41;;2,12;7,67;18,13;52,43
02007048;Perloz;Aosta;1;446;23,70;;26,24;;0,30;9,80;6,98;53,95
02007049;Pollein;Aosta;1;1.493;5,91;;9,87;;1,09;3,72;5,63;30,74
02007050;Pontboset;Aosta;1;171;30,19;;31,65;;0,37;13,21;1,47;64,92
02007052;Pont-Saint-Martin;Aosta;1;3.535;20,42;;21,50;;1,36;7,44;2,16;43,18
02007053;Pre-Saint-Didier;Aosta;1;958;11,67;;10,44;;5,20;8,50;1,14;44,71
02007054;Quart;Aosta;1;4.127;5,91;;9,87;;1,09;3,72;5,63;30,74
02007055;Rhemes-Notre-Dame;Aosta;1;76;12,45;;9,54;;1,17;5,10;0,76;36,52
02007056;Rhemes-Saint-Georges;Aosta;1;163;12,45;;9,54;;3,22;4,31;0,63;38,86
02007057;Roisan;Aosta;1;1.016;7,67;;16,38;;2,12;7,66;18,10;52,34
02007058;Saint-Christophe;Aosta;1;3.495;5,91;;9,87;;1,09;3,72;5,63;30,74
02007060;Saint-Marcel;Aosta;1;1.327;5,91;;9,87;;1,09;3,72;5,63;30,74
02007061;Saint-Nicolas;Aosta;1;334;12,45;;9,54;;1,38;4,22;3,91;35,78
02007062;Saint-Oyen;Aosta;1;194;7,67;;16,38;;2,11;7,66;18,09;52,32
02007063;Saint-Pierre;Aosta;1;3.295;12,45;;9,54;;0,21;4,54;0,63;35,03
02007064;Saint-Rhemy-en-Bosses;Aosta;1;334;7,67;;16,38;;2,12;7,66;18,10;52,35
02007066;Sarre;Aosta;1;4.794;12,45;;9,54;;2,63;3,29;2,89;35,52
02007068;Valgrisenche;Aosta;1;188;12,45;;9,54;;0,21;5,24;2,59;35,63
02007069;Valpelline;Aosta;1;591;7,68;;16,39;;2,12;7,66;18,10;52,36
02007070;Valsavarenche;Aosta;1;153;12,45;;9,54;;1,31;3,02;6,74;34,52
02007074;Villeneuve;Aosta;1;1.285;12,45;;9,54;;0,79;3,27;1,65;34,15
09051002;Arezzo;Arezzo;1;96.426;10,18;;13,55;;4,97;2,65;4,18;36,12
09051003;Badia Tedalda;Arezzo;1;950;11,94;;18,48;;1,45;2,97;4,15;41,30
09051004;Bibbiena;Arezzo;1;11.922;8,54;;12,62;;4,60;2,84;3,00;35,14
09051006;Capolona;Arezzo;1;5.236;20,92;;16,39;;3,71;4,55;6,88;43,88
09051007;Caprese Michelangelo;Arezzo;1;1.337;31,26;;9,37;;;5,85;4,50;45,68
09051008;Castel Focognano;Arezzo;1;2.943;11,41;;24,47;;9,21;4,15;2,39;48,48
09051010;Castel San Niccolo;Arezzo;1;2.450;9,76;;20,88;;4,47;4,80;3,06;41,18
09051012;Castiglion Fiorentino;Arezzo;1;12.919;9,33;;17,96;;3,32;3,69;3,14;35,26
09051013;Cavriglia;Arezzo;1;9.489;7,17;;9,88;;1,76;2,01;2,76;30,32
09051015;Chiusi della Verna;Arezzo;1;1.861;9,65;;11,27;;5,62;3,38;2,91;36,84
09051017;Cortona;Arezzo;1;21.042;12,04;;19,48;;3,61;3,87;4,12;43,00
09051018;Foiano della Chiana;Arezzo;1;9.075;13,59;;18,14;;5,52;3,04;5,78;39,74
09051042;Laterina Pergine Valdarno;Arezzo;1;6.365;8,78;;17,97;;3,47;2,16;4,84;39,90
09051021;Lucignano;Arezzo;1;3.419;11,70;;24,03;;6,44;4,57;3,34;46,12
09051022;Marciano della Chiana;Arezzo;1;3.451;10,57;;16,55;;4,37;2,22;1,35;34,08
09051025;Monte San Savino;Arezzo;1;8.579;15,15;;;;4,47;2,78;4,15;25,26
09051023;Montemignaio;Arezzo;1;510;9,57;;18,41;;2,23;7,46;4,52;48,02
09051024;Monterchi;Arezzo;1;1.709;12,56;;8,70;;1,59;3,01;4,28;38,62
09051026;Montevarchi;Arezzo;1;24.208;11,95;;10,48;;5,75;1,97;3,99;35,46
09051027;Ortignano Raggiolo;Arezzo;1;837;8,32;;10,17;;4,40;5,13;3,17;34,91
09051030;Pieve Santo Stefano;Arezzo;1;2.974;9,65;;12,09;;4,67;5,09;5,27;41,95
09051041;Pratovecchio Stia;Arezzo;1;5.422;8,82;;14,36;;6,42;2,66;5,14;39,68
09051033;San Giovanni Valdarno;Arezzo;1;16.485;12,24;;14,93;;6,41;4,70;4,34;43,37
09051035;Sestino;Arezzo;1;1.170;5,44;;10,26;;2,98;3,88;0,77;20,55
09051039;Terranuova Bracciolini;Arezzo;1;12.015;13,64;;23,82;;4,21;7,07;3,00;46,23
11044001;Acquasanta Terme;Ascoli Piceno;1;2.442;9,15;;19,74;;;3,11;3,31;30,37
11044002;Acquaviva Picena;Ascoli Piceno;1;3.644;10,59;;12,86;;5,43;3,88;5,54;39,41
11044005;Appignano del Tronto;Ascoli Piceno;1;1.633;9,87;;13,80;;0,82;4,81;2,49;27,89
11044006;Arquata del Tronto;Ascoli Piceno;1;940;12,78;;30,32;;0,66;6,77;6,37;43,60
11044007;Ascoli Piceno;Ascoli Piceno;1;45.483;9,45;;17,15;;13,40;6,53;3,44;43,31
11044010;Carassai;Ascoli Piceno;1;981;8,78;;15,55;;1,46;7,70;8,00;41,51
11044011;Castel di Lama;Ascoli Piceno;1;8.432;12,78;;15,91;;1,60;1,60;;24,46
11044012;Castignano;Ascoli Piceno;1;2.541;11,31;;15,83;;4,18;5,06;3,84;34,71
11044013;Castorano;Ascoli Piceno;1;2.232;7,32;;14,04;;0,27;3,57;3,60;28,80
11044014;Colli del Tronto;Ascoli Piceno;1;3.632;8,36;;7,78;;0,62;2,56;2,15;20,82
11044017;Cupra Marittima;Ascoli Piceno;1;5.378;7,31;;6,98;;2,98;2,87;3,07;22,97
11044020;Folignano;Ascoli Piceno;1;8.739;13,93;;11,44;;0,23;3,89;3,32;33,40
11044023;Grottammare;Ascoli Piceno;1;15.890;8,05;;10,92;;6,55;4,41;7,35;40,47
11044027;Maltignano;Ascoli Piceno;1;2.203;10,70;;13,17;;0,95;3,78;3,00;33,16
11044029;Massignano;Ascoli Piceno;1;1.594;8,10;;16,47;;0,60;3,19;2,96;33,53
11044031;Monsampolo del Tronto;Ascoli Piceno;1;4.443;8,65;;10,87;;3,39;4,44;2,56;29,73
11044032;Montalto delle Marche;Ascoli Piceno;1;1.849;17,43;;16,01;;6,08;3,86;1,17;32,06
11044034;Montedinove;Ascoli Piceno;1;456;13,92;;15,64;;4,89;5,48;6,01;38,18
11044038;Montegallo;Ascoli Piceno;1;408;8,90;;25,51;;3,09;7,94;3,73;39,86
11044044;Montemonaco;Ascoli Piceno;1;533;10,09;;18,43;;1,79;4,60;6,38;30,63
11044045;Monteprandone;Ascoli Piceno;1;13.051;10,51;;10,42;;1,75;3,12;5,24;29,70
11044054;Offida;Ascoli Piceno;1;4.607;5,86;;8,04;;4,28;3,03;3,38;29,53
11044056;Palmiano;Ascoli Piceno;1;158;5,73;;20,82;;2,10;5,99;2,86;30,92
11044063;Ripatransone;Ascoli Piceno;1;4.146;9,50;;13,09;;3,26;5,82;6,67;35,85
11044064;Roccafluvione;Ascoli Piceno;1;1.845;9,88;;19,37;;0,73;6,07;3,27;34,56
11044065;Rotella;Ascoli Piceno;1;791;6,93;;15,01;;5,02;10,44;4,04;41,37
11044066;San Benedetto del Tronto;Ascoli Piceno;1;47.034;7,79;;12,40;;5,07;4,47;4,79;36,63
11044071;Spinetoli;Ascoli Piceno;1;7.193;9,43;;9,25;;2,68;2,71;6,15;28,90
11044073;Venarotta;Ascoli Piceno;1;1.885;9,35;;18,35;;;4,14;3,21;31,56
01005001;Agliano Terme;Asti;1;1.537;9,39;;7,49;;3,45;4,87;2,37;27,22
01005002;Albugnano;Asti;1;506;7,70;;13,80;;3,83;7,11;5,05;41,56
01005003;Antignano;Asti;1;960;11,96;;2,70;;9,20;16,63;7,01;59,84
01005004;Aramengo;Asti;1;568;9,21;;13,99;;5,97;7,32;2,48;38,45
01005005;Asti;Asti;1;73.787;15,66;;15,40;;5,80;8,95;5,00;47,40
01005006;Azzano d'Asti;Asti;1;387;11,08;;11,50;;3,91;4,70;3,03;32,10
01005007;Baldichieri d'Asti;Asti;1;1.125;7,50;;12,34;;5,21;6,80;2,52;36,73
01005008;Belveglio;Asti;1;304;13,00;;10,33;;6,51;6,15;1,10;33,85
01005009;Berzano di San Pietro;Asti;1;419;8,71;;10,69;;3,91;4,75;4,75;32,87
01005010;Bruno;Asti;1;304;14,65;;35,74;;5,77;13,91;9,47;67,11
01005011;Bubbio;Asti;1;809;2,65;;17,52;;15,23;4,65;3,33;46,83
01005012;Buttigliera d'Asti;Asti;1;2.519;10,86;;8,73;;2,11;3,48;5,46;30,16
01005013;Calamandrana;Asti;1;1.671;14,25;;14,28;;2,65;3,57;16,08;45,55
01005014;Calliano;Asti;1;1.219;14,19;;21,49;;2,41;3,67;1,99;38,58
01005015;Calosso;Asti;1;1.116;21,62;;17,47;;5,46;5,56;3,29;40,72
01005016;Camerano Casasco;Asti;1;392;14,50;;20,85;;9,96;6,77;9,93;57,62
01005017;Canelli;Asti;1;10.029;16,69;;18,31;;2,20;2,68;5,31;39,07
01005018;Cantarana;Asti;1;957;16,71;;10,07;;5,53;3,20;3,14;29,84
01005019;Capriglio;Asti;1;308;13,31;;13,28;;0,93;6,90;11,98;41,14
01005020;Casorzo;Asti;1;585;15,88;;19,72;;9,66;6,72;2,77;48,47
01005021;Cassinasco;Asti;1;549;4,02;;18,99;;2,26;1,10;0,87;26,78
01005022;Castagnole delle Lanze;Asti;1;3.668;8,70;;14,64;;1,22;8,19;4,13;35,93
01005023;Castagnole Monferrato;Asti;1;1.111;18,12;;21,70;;3,70;2,71;1,17;38,12
01005024;Castel Boglione;Asti;1;573;3,07;;14,54;;0,79;4,41;2,25;32,68
01005032;Castel Rocchero;Asti;1;367;1,56;;8,36;;3,74;5,50;24,62;51,07
01005025;Castell'Alfero;Asti;1;2.607;10,41;;17,54;;3,48;4,89;4,99;38,67
01005026;Castellero;Asti;1;288;11,17;;17,99;;26,75;5,28;1,35;61,06
01005027;Castelletto Molina;Asti;1;140;14,29;;6,19;;2,39;5,47;2,63;20,85
01005028;Castello di Annone;Asti;1;1.892;16,09;;20,30;;2,45;2,59;1,40;36,17
01005029;Castelnuovo Belbo;Asti;1;824;14,04;;20,81;;2,29;7,85;2,94;42,77
01005030;Castelnuovo Calcea;Asti;1;691;6,84;;6,58;;1,44;1,65;2,41;18,90
01005031;Castelnuovo Don Bosco;Asti;1;3.103;9,64;;11,58;;2,60;2,37;7,21;35,83
01005033;Cellarengo;Asti;1;712;9,30;;10,17;;4,27;8,19;1,56;32,62
01005034;Celle Enomondo;Asti;1;429;6,81;;18,63;;2,99;12,21;3,68;47,09
01005035;Cerreto d'Asti;Asti;1;211;14,35;;15,43;;;7,96;20,25;54,37
01005036;Cerro Tanaro;Asti;1;591;18,99;;19,96;;2,49;2,57;4,06;36,53
01005037;Cessole;Asti;1;341;3,59;;14,30;;2,52;7,17;1,03;33,64
01005038;Chiusano d'Asti;Asti;1;257;15,58;;14,39;;;5,11;9,51;39,37
01005039;Cinaglio;Asti;1;408;16,25;;17,63;;7,52;8,32;0,96;46,20
01005040;Cisterna d'Asti;Asti;1;1.196;12,37;;18,45;;1,81;6,54;3,52;37,53
01005041;Coazzolo;Asti;1;302;8,44;;22,41;;3,58;18,93;0,86;51,63
01005042;Cocconato;Asti;1;1.437;9,30;;20,04;;2,44;7,02;6,51;44,14
01005044;Corsione;Asti;1;201;28,91;;15,52;;;23,96;1,25;52,89
01005045;Cortandone;Asti;1;319;10,25;;11,77;;4,82;5,51;0,72;31,95
01005046;Cortanze;Asti;1;257;12,48;;12,62;;8,68;3,43;0,92;36,59
01005047;Cortazzone;Asti;1;594;13,70;;14,56;;;1,52;1,08;26,38
01005048;Cortiglione;Asti;1;528;12,65;;17,86;;5,58;7,96;6,91;47,04
01005049;Cossombrato;Asti;1;506;14,96;;15,95;;6,83;2,77;3,35;39,08
01005050;Costigliole d'Asti;Asti;1;5.656;8,92;;14,00;;2,07;4,48;3,82;32,21
01005051;Cunico;Asti;1;432;14,30;;16,96;;1,85;3,37;2,18;33,75
01005052;Dusino San Michele;Asti;1;1.089;7,16;;11,58;;1,86;3,29;2,99;28,59
01005053;Ferrere;Asti;1;1.478;9,00;;12,82;;4,44;7,69;3,27;35,19
01005054;Fontanile;Asti;1;470;14,26;;0,86;;6,09;4,81;13,30;52,32
01005055;Frinco;Asti;1;725;14,98;;14,08;;2,01;5,12;3,15;34,13
01005056;Grana;Asti;1;509;13,25;;21,69;;6,05;6,33;12,53;57,90
01005057;Grazzano Badoglio;Asti;1;556;14,73;;24,04;;8,62;9,25;1,64;51,58
01005058;Incisa Scapaccino;Asti;1;2.027;11,52;;24,16;;5,82;4,96;2,43;44,95
01005059;Isola d'Asti;Asti;1;1.970;17,64;;16,00;;3,61;3,22;2,17;33,54
01005060;Loazzolo;Asti;1;296;2,66;;11,03;;5,34;12,47;0,75;36,40
01005061;Maranzana;Asti;1;220;12,06;;35,82;;15,19;22,78;1,12;74,67
01005062;Maretto;Asti;1;390;8,74;;12,39;;5,66;4,04;0,76;30,15
01005063;Moasca;Asti;1;509;8,57;;11,41;;3,05;5,77;5,81;34,37
01005064;Mombaldone;Asti;1;192;38,30;;27,24;;6,21;10,54;6,22;61,34
01005065;Mombaruzzo;Asti;1;945;9,21;;13,10;;4,29;2,29;0,55;30,89
01005066;Mombercelli;Asti;1;2.058;15,13;;11,96;;1,97;2,62;3,06;30,94
01005067;Monale;Asti;1;980;8,55;;11,70;;7,38;3,73;0,78;32,37
01005068;Monastero Bormida;Asti;1;840;2,84;;7,25;;1,67;6,99;2,45;26,21
01005070;Moncucco Torinese;Asti;1;863;10,91;;16,16;;;13,25;5,45;38,35
01005071;Mongardino;Asti;1;844;17,35;;21,72;;4,76;6,48;1,39;42,58
01005072;Montabone;Asti;1;315;1,68;;13,80;;4,67;8,48;2,88;34,98
01005073;Montafia;Asti;1;947;10,60;;16,74;;2,98;4,03;4,81;37,74
01005074;Montaldo Scarampi;Asti;1;705;10,06;;10,63;;3,08;3,08;3,66;31,12
01005075;Montechiaro d'Asti;Asti;1;1.254;11,92;;13,24;;4,56;3,03;2,00;33,18
01005076;Montegrosso d'Asti;Asti;1;2.346;8,58;;6,23;;2,66;5,27;1,06;31,76
01005077;Montemagno;Asti;1;1.037;8,57;;20,55;;3,53;4,80;2,02;36,29
01005121;Montiglio Monferrato;Asti;1;1.484;10,15;;21,69;;2,73;3,60;4,41;40,92
01005122;Moransengo-Tonengo;Asti;1;400;11,81;;18,63;;2,56;11,31;4,89;45,40
01005080;Nizza Monferrato;Asti;1;10.056;10,13;;17,50;;1,54;1,41;5,89;35,57
01005081;Olmo Gentile;Asti;1;66;62,66;;10,88;;23,42;0,64;0,94;61,65
01005082;Passerano Marmorito;Asti;1;449;9,41;;16,60;;10,54;5,09;4,66;45,41
01005083;Penango;Asti;1;440;13,50;;2,52;;3,13;4,58;3,34;44,08
01005084;Piea;Asti;1;509;12,23;;14,13;;6,22;4,16;0,83;33,97
01005085;Pino d'Asti;Asti;1;225;10,86;;15,21;;2,66;7,80;7,43;42,26
01005086;Piova  Massaia;Asti;1;575;23,24;;22,84;;8,20;9,76;4,42;59,32
01005087;Portacomaro;Asti;1;1.904;11,90;;20,19;;4,82;4,86;3,77;42,93
01005088;Quaranti;Asti;1;155;24,63;;41,04;;4,36;11,20;6,63;70,77
01005089;Refrancore;Asti;1;1.538;16,65;;2,29;;3,07;2,31;1,21;38,18
01005090;Revigliasco d'Asti;Asti;1;728;13,16;;16,70;;2,31;8,65;3,73;40,39
01005091;Roatto;Asti;1;358;14,16;;20,32;;11,41;12,21;3,42;54,07
01005092;Robella;Asti;1;448;21,64;;25,16;;;8,13;9,34;52,46
01005093;Rocca d'Arazzo;Asti;1;923;9,49;;12,35;;2,72;4,92;4,11;33,86
01005094;Roccaverano;Asti;1;371;2,67;;10,85;;2,65;4,28;0,91;27,59
01005095;Rocchetta Palafea;Asti;1;335;;;14,20;;6,92;4,70;0,67;34,65
01005096;Rocchetta Tanaro;Asti;1;1.319;14,89;;21,03;;4,14;4,96;3,39;44,18
01005097;San Damiano d'Asti;Asti;1;8.041;13,39;;16,78;;0,54;2,18;2,45;29,51
01005098;San Giorgio Scarampi;Asti;1;93;3,84;;11,54;;5,47;11,26;0,75;37,53
01005099;San Martino Alfieri;Asti;1;674;10,44;;15,85;;2,73;6,16;3,59;36,74
01005100;San Marzano Oliveto;Asti;1;998;15,98;;19,46;;3,02;2,75;3,91;37,45
01005101;San Paolo Solbrito;Asti;1;1.166;14,98;;13,16;;6,15;8,31;3,65;40,72
01005103;Scurzolengo;Asti;1;519;15,17;;21,49;;6,46;6,84;4,64;45,69
01005104;Serole;Asti;1;97;3,84;;13,96;;0,87;24,40;0,79;48,27
01005105;Sessame;Asti;1;240;3,77;;20,43;;30,26;1,45;19,07;76,98
01005106;Settime;Asti;1;547;9,67;;16,41;;7,82;5,94;0,74;38,03
01005107;Soglio;Asti;1;129;21,14;;11,00;;8,10;8,30;5,02;41,72
01005108;Tigliole;Asti;1;1.715;10,87;;12,60;;0,49;3,10;1,79;27,29
01005109;Tonco;Asti;1;737;15,43;;26,80;;4,06;3,64;2,10;43,90
01005111;Vaglio Serra;Asti;1;259;18,30;;18,78;;2,03;6,57;19,35;56,37
01005112;Valfenera;Asti;1;2.434;8,19;;7,13;;3,16;6,77;4,51;29,91
01005113;Vesime;Asti;1;592;3,20;;17,00;;0,89;9,29;2,31;36,35
01005114;Viale;Asti;1;241;20,43;;21,11;;;8,32;1,35;43,51
01005115;Viarigi;Asti;1;838;16,05;;23,16;;7,04;11,95;12,12;64,39
01005116;Vigliano d'Asti;Asti;1;800;71,63;;16,71;;5,72;12,69;4,36;66,37
01005119;Villa San Secondo;Asti;1;389;16,01;;7,59;;6,81;5,43;0,71;27,86
01005117;Villafranca d'Asti;Asti;1;2.946;18,74;;12,26;;1,47;5,31;0,72;30,13
01005118;Villanova d'Asti;Asti;1;5.484;19,26;;18,31;;3,43;4,96;4,40;44,37
01005120;Vinchio;Asti;1;539;15,55;;14,84;;5,73;4,04;3,78;37,10
15064001;Aiello del Sabato;Avellino;1;3.986;22,12;;23,23;;4,56;3,88;1,28;47,67
15064002;Altavilla Irpina;Avellino;1;3.875;11,08;;9,25;;8,81;0,33;10,77;40,38
15064003;Andretta;Avellino;1;1.666;81,63;;2,21;;2,82;4,82;0,85;65,85
15064004;Aquilonia;Avellino;1;1.443;14,21;;9,11;;0,53;0,87;30,22;51,23
15064006;Atripalda;Avellino;1;10.331;20,27;;23,84;;8,91;3,08;4,00;52,17
15064007;Avella;Avellino;1;7.492;45,20;;11,74;;6,69;1,70;;41,53
15064008;Avellino;Avellino;1;52.161;17,65;;24,19;;15,05;4,20;11,67;65,92
15064009;Bagnoli Irpino;Avellino;1;3.019;20,24;;27,93;;3,65;2,39;7,60;56,32
15064010;Baiano;Avellino;1;4.398;25,46;;8,60;;6,79;3,15;3,16;41,36
15064011;Bisaccia;Avellino;1;3.536;15,35;;18,95;;2,47;15,97;2,49;51,49
15064014;Calabritto;Avellino;1;2.140;33,44;;5,86;;0,46;15,67;18,94;55,32
15064015;Calitri;Avellino;1;4.183;10,80;;7,08;;0,19;17,12;9,10;48,08
15064016;Candida;Avellino;1;1.103;26,08;;26,09;;4,91;2,26;3,36;52,40
15064017;Caposele;Avellino;1;3.231;11,89;;61,42;;0,23;0,52;;44,62
15064018;Capriglia Irpina;Avellino;1;2.215;19,82;;24,73;;2,16;1,97;4,72;46,90
15064019;Carife;Avellino;1;1.261;18,51;;17,75;;0,30;20,72;29,79;86,51
15064020;Casalbore;Avellino;1;1.552;27,93;;3,09;;8,13;1,94;5,86;48,71
15064021;Cassano Irpino;Avellino;1;957;23,26;;31,72;;7,11;3,71;1,68;53,57
15064022;Castel Baronia;Avellino;1;1.051;33,10;;38,27;;4,90;6,70;2,57;67,55
15064023;Castelfranci;Avellino;1;1.740;33,38;;33,85;;4,10;4,57;18,26;73,54
15064025;Cervinara;Avellino;1;8.625;14,61;;17,69;;4,05;3,72;3,04;42,90
15064026;Cesinali;Avellino;1;2.554;32,23;;14,88;;1,59;0,57;4,59;45,45
15064028;Chiusano di San Domenico;Avellino;1;2.062;6,68;;15,31;;0,93;3,26;3,96;33,92
15064029;Contrada;Avellino;1;2.917;18,50;;26,73;;3,37;10,11;21,80;73,69
15064030;Conza della Campania;Avellino;1;1.272;17,91;;16,59;;6,34;1,06;3,64;36,26
15064031;Domicella;Avellino;1;1.844;247,59;;3,00;;2,73;1,88;9,95;29,21
15064033;Fontanarosa;Avellino;1;2.873;30,41;;32,71;;2,84;2,67;18,90;69,89
15064034;Forino;Avellino;1;5.125;15,59;;18,88;;3,07;2,93;4,27;43,81
15064035;Frigento;Avellino;1;3.428;35,47;;31,34;;7,73;;;46,61
15064038;Grottaminarda;Avellino;1;7.634;21,00;;23,00;;0,99;2,20;5,43;45,01
15064039;Grottolella;Avellino;1;1.817;22,78;;23,10;;1,50;7,95;10,03;56,38
15064040;Guardia Lombardi;Avellino;1;1.512;28,10;;51,34;;;9,09;9,35;70,72
15064042;Lapio;Avellino;1;1.437;7,53;;27,81;;0,16;0,50;0,25;35,50
15064043;Lauro;Avellino;1;3.309;22,64;;51,90;;14,94;2,41;1,63;73,48
15064044;Lioni;Avellino;1;5.911;21,39;;18,73;;3,66;2,09;3,28;39,87
15064045;Luogosano;Avellino;1;1.068;34,87;;38,92;;2,48;3,84;18,41;75,91
15064046;Manocalzati;Avellino;1;3.027;38,46;;15,84;;4,54;4,63;12,08;56,41
15064047;Marzano di Nola;Avellino;1;1.633;21,82;;20,28;;;;;39,74
15064049;Mercogliano;Avellino;1;11.600;20,74;;21,80;;7,76;4,78;;47,21
15064052;Montecalvo Irpino;Avellino;1;3.286;37,36;;37,13;;6,74;3,11;3,22;64,97
15064055;Montefredane;Avellino;1;2.127;18,87;;42,17;;8,88;6,44;9,35;70,16
15064056;Montefusco;Avellino;1;1.186;58,83;;20,44;;4,04;3,48;0,94;47,61
15064057;Montella;Avellino;1;7.281;14,80;;24,65;;7,07;3,18;1,41;46,90
15064058;Montemarano;Avellino;1;2.600;32,95;;38,70;;2,21;3,52;2,32;57,99
15064059;Montemiletto;Avellino;1;5.056;23,39;;33,07;;;2,74;19,49;65,71
15064060;Monteverde;Avellino;1;695;41,57;;38,39;;;3,23;1,28;59,23
15064121;Montoro;Avellino;1;19.389;15,24;;15,25;;7,66;0,46;6,94;44,43
15064063;Morra De Sanctis;Avellino;1;1.114;21,28;;23,76;;7,20;5,79;9,33;59,35
15064066;Nusco;Avellino;1;3.834;32,98;;37,73;;5,93;3,83;8,67;69,81
15064067;Ospedaletto d'Alpinolo;Avellino;1;1.996;26,42;;32,43;;8,59;6,22;9,02;67,80
15064068;Pago del Vallo di Lauro;Avellino;1;1.704;19,36;;39,61;;1,69;0,33;3,01;47,63
15064069;Parolise;Avellino;1;627;30,14;;28,69;;7,08;3,04;1,59;56,83
15064070;Paternopoli;Avellino;1;2.105;26,64;;34,72;;6,52;2,88;2,02;62,53
15064071;Petruro Irpino;Avellino;1;298;15,32;;;;0,61;3,14;0,30;29,35
15064073;Pietrastornina;Avellino;1;1.427;28,00;;32,63;;1,40;8,96;78,53;134,52
15064074;Prata di Principato Ultra;Avellino;1;2.684;26,32;;24,99;;6,31;6,11;5,11;57,85
15064075;Pratola Serra;Avellino;1;3.565;22,71;;25,81;;12,05;6,67;30,66;84,92
15064077;Quindici;Avellino;1;1.770;14,99;;30,32;;4,28;4,82;6,05;58,61
15064079;Rocca San Felice;Avellino;1;771;56,14;;23,69;;9,10;3,42;44,49;108,35
15064078;Roccabascerana;Avellino;1;2.346;17,48;;23,78;;1,00;7,91;1,37;41,59
15064080;Rotondi;Avellino;1;3.413;16,05;;19,52;;5,08;4,44;16,31;59,23
15064081;Salza Irpina;Avellino;1;735;27,30;;38,17;;5,07;7,76;6,31;68,51
15064082;San Mango sul Calore;Avellino;1;1.104;24,91;;15,48;;3,28;15,42;8,01;52,70
15064084;San Michele di Serino;Avellino;1;2.408;18,26;;21,35;;3,02;1,81;5,11;43,85
15064085;San Nicola Baronia;Avellino;1;776;29,55;;103,06;;16,24;9,09;17,49;124,71
15064086;San Potito Ultra;Avellino;1;1.467;13,91;;15,47;;9,61;4,09;1,19;43,35
15064093;Santa Paolina;Avellino;1;1.159;30,14;;24,68;;10,29;2,08;1,40;55,80
15064089;Sant'Andrea di Conza;Avellino;1;1.414;119,96;;8,23;;6,08;5,08;3,33;52,41
15064091;Sant'Angelo a Scala;Avellino;1;714;29,76;;34,64;;8,25;3,47;3,71;65,03
15064090;Sant'Angelo all'Esca;Avellino;1;715;27,93;;33,45;;2,94;2,82;10,10;62,33
15064092;Sant'Angelo dei Lombardi;Avellino;1;3.782;53,27;;;;2,26;;;45,99
15064095;Santo Stefano del Sole;Avellino;1;2.058;69,52;;22,02;;15,22;2,22;14,93;80,48
15064096;Savignano Irpino;Avellino;1;1.023;37,25;;50,54;;0,11;3,87;4,94;67,76
15064097;Scampitella;Avellino;1;1.016;66,42;;20,00;;4,46;7,45;23,98;84,66
15064098;Senerchia;Avellino;1;721;41,47;;15,13;;;0,68;7,49;44,10
15064099;Serino;Avellino;1;6.801;18,27;;19,97;;3,51;8,02;8,61;54,09
15064101;Solofra;Avellino;1;12.035;21,11;;24,23;;5,09;6,13;11,42;60,22
15064102;Sorbo Serpico;Avellino;1;523;67,17;;45,26;;8,86;7,11;9,73;90,48
15064103;Sperone;Avellino;1;3.600;4,50;;9,21;;3,62;3,30;6,18;34,04
15064105;Summonte;Avellino;1;1.493;24,37;;27,84;;10,63;5,43;1,60;58,82
15064107;Taurasi;Avellino;1;2.123;35,39;;35,45;;5,13;3,82;25,56;84,82
15064108;Teora;Avellino;1;1.461;16,74;;32,03;;15,16;2,98;29,12;86,05
15064109;Torella dei Lombardi;Avellino;1;1.953;38,94;;47,93;;0,65;3,34;9,57;72,59
15064110;Torre Le Nocelle;Avellino;1;1.234;32,29;;;;;6,17;0,94;35,64
15064111;Torrioni;Avellino;1;480;68,62;;24,22;;;;;69,32
15064112;Trevico;Avellino;1;827;15,52;;15,66;;8,85;4,08;18,20;62,93
15064117;Villamaina;Avellino;1;897;39,63;;41,34;;3,25;7,00;12,20;80,62
15064119;Volturara Irpina;Avellino;1;2.912;13,53;;13,47;;0,74;3,79;18,31;58,23
15064120;Zungoli;Avellino;1;936;56,43;;31,17;;13,17;2,24;20,91;85,98
16072001;Acquaviva delle Fonti;Bari;1;19.837;9,31;;18,72;;7,39;2,26;5,08;43,48
16072002;Adelfia;Bari;1;16.489;19,96;;16,34;;6,44;4,64;7,69;45,59
16072003;Alberobello;Bari;1;10.174;10,18;;19,56;;5,62;6,69;10,37;50,75
16072006;Bari;Bari;1;316.212;10,13;;22,49;;7,21;3,36;1,66;39,15
16072010;Bitetto;Bari;1;11.748;12,08;;16,23;;6,00;5,53;2,59;40,22
16072011;Bitonto;Bari;1;53.089;17,36;;10,91;;11,07;1,18;1,17;45,94
16072012;Bitritto;Bari;1;11.337;36,00;;15,34;;7,13;2,59;0,93;39,82
16072014;Capurso;Bari;1;15.171;;;29,18;;;;;35,65
16072015;Casamassima;Bari;1;19.201;4,92;;19,29;;6,25;4,78;0,98;37,89
16072018;Cellamare;Bari;1;5.802;4,54;;14,40;;6,09;4,35;5,91;40,87
16072019;Conversano;Bari;1;25.808;7,31;;15,53;;8,18;4,07;6,57;50,53
16072020;Corato;Bari;1;46.994;9,27;;21,19;;6,81;2,29;6,90;44,74
16072021;Gioia del Colle;Bari;1;26.503;11,43;;20,15;;5,81;7,81;6,33;49,17
16072022;Giovinazzo;Bari;1;19.252;9,66;;17,70;;4,92;5,06;1,88;37,90
16072023;Gravina in Puglia;Bari;1;42.376;11,15;;19,44;;6,72;7,19;5,28;48,30
16072024;Grumo Appula;Bari;1;12.112;19,36;;26,07;;11,73;6,26;3,24;55,81
16072025;Locorotondo;Bari;1;13.901;19,40;;15,78;;7,28;6,69;8,63;49,06
16072027;Modugno;Bari;1;36.152;12,56;;23,93;;9,29;2,99;8,11;51,52
16072028;Mola di Bari;Bari;1;24.323;9,11;;24,66;;5,63;2,42;2,98;42,96
16072029;Molfetta;Bari;1;57.245;17,80;;9,69;;4,62;4,41;3,67;35,82
16072030;Monopoli;Bari;1;47.847;;;4,57;;;3,49;2,20;19,80
16072031;Noci;Bari;1;18.231;7,97;;19,45;;4,59;8,77;2,69;41,63
16072032;Noicattaro;Bari;1;25.999;14,26;;16,37;;6,47;3,21;0,92;36,13
16072033;Palo del Colle;Bari;1;20.419;13,43;;20,97;;7,13;4,24;0,41;43,06
16072035;Polignano a Mare;Bari;1;17.464;;;27,25;;14,05;1,67;5,77;56,78
16072036;Putignano;Bari;1;25.869;6,88;;22,80;;6,33;7,39;10,63;52,57
16072037;Rutigliano;Bari;1;18.210;14,72;;18,04;;4,97;7,75;1,81;37,89
16072038;Ruvo di Puglia;Bari;1;24.354;10,68;;20,17;;6,03;1,96;1,44;41,26
16072039;Sammichele di Bari;Bari;1;5.968;14,08;;18,01;;4,86;6,74;0,39;39,89
16072040;Sannicandro di Bari;Bari;1;9.518;17,83;;15,13;;5,91;3,79;0,85;33,17
16072041;Santeramo in Colle;Bari;1;25.735;24,96;;24,93;;9,97;;2,06;48,45
16072043;Terlizzi;Bari;1;26.042;9,77;;19,30;;7,50;2,44;1,10;38,51
16072046;Triggiano;Bari;1;25.842;1,25;;23,06;;12,31;3,83;3,22;44,23
16072047;Turi;Bari;1;13.022;12,11;;14,92;;4,77;2,43;5,47;39,54
16110001;Andria;Barletta-Andria-Trani;1;96.873;10,84;;17,61;;5,80;4,34;3,31;40,96
16110002;Barletta;Barletta-Andria-Trani;1;92.419;9,03;;16,51;;6,89;3,60;0,41;39,68
16110004;Canosa di Puglia;Barletta-Andria-Trani;1;27.680;5,98;;24,77;;5,56;3,36;0,36;40,91
16110005;Margherita di Savoia;Barletta-Andria-Trani;1;11.139;6,54;;34,03;;5,61;5,11;3,67;43,09
16110007;San Ferdinando di Puglia;Barletta-Andria-Trani;1;13.715;6,10;;23,43;;6,47;2,59;0,31;38,13
16110008;Spinazzola;Barletta-Andria-Trani;1;5.892;22,00;;25,76;;11,60;2,69;2,27;59,54
16110009;Trani;Barletta-Andria-Trani;1;54.953;19,91;;5,50;;2,40;12,12;2,31;36,83
16110010;Trinitapoli;Barletta-Andria-Trani;1;13.715;4,42;;23,87;;5,31;4,65;1,60;39,57
05025001;Agordo;Belluno;1;4.052;22,90;;14,00;;1,08;5,24;2,79;31,80
05025002;Alano di Piave;Belluno;1;2.737;11,43;;15,68;;2,19;7,10;10,48;39,66
05025003;Alleghe;Belluno;1;1.093;22,90;;13,92;;1,08;5,22;2,78;31,64
05025072;Alpago;Belluno;1;6.627;10,83;;9,99;;1,62;3,47;1,47;24,23
05025004;Arsie;Belluno;1;2.168;12,61;;18,52;;2,57;7,44;12,28;45,61
05025005;Auronzo di Cadore;Belluno;1;3.039;13,82;;16,12;;4,15;10,19;3,92;39,07
05025006;Belluno;Belluno;1;35.487;18,30;;9,02;;3,24;9,72;4,40;33,90
05025007;Borca di Cadore;Belluno;1;824;6,91;;17,17;;5,56;7,42;11,31;44,09
05025074;Borgo Valbelluna;Belluno;1;13.476;38,62;;5,09;;1,73;4,81;3,78;23,97
05025008;Calalzo di Cadore;Belluno;1;1.837;19,01;;8,67;;1,95;5,63;5,56;27,89
05025023;Canale d'Agordo;Belluno;1;1.058;22,90;;13,79;;1,07;5,17;2,76;31,37
05025010;Cencenighe Agordino;Belluno;1;1.217;22,90;;13,55;;1,05;5,09;2,71;30,88
05025011;Cesiomaggiore;Belluno;1;3.941;12,20;;13,70;;1,95;5,87;9,33;34,87
05025012;Chies d'Alpago;Belluno;1;1.241;7,48;;10,09;;1,29;4,60;2,13;25,33
05025013;Cibiana di Cadore;Belluno;1;321;9,98;;21,69;;7,20;9,60;14,64;57,07
05025014;Colle Santa Lucia;Belluno;1;345;22,90;;13,03;;1,02;4,91;2,62;29,81
05025015;Comelico Superiore;Belluno;1;2.060;7,19;;11,14;;1,82;5,07;5,40;28,80
05025017;Danta di Cadore;Belluno;1;432;7,37;;10,44;;0,93;6,27;7,15;30,87
05025018;Domegge di Cadore;Belluno;1;2.235;12,98;;10,93;;2,54;5,76;4,17;29,28
05025019;Falcade;Belluno;1;1.768;22,90;;13,79;;1,07;5,17;2,76;31,38
05025021;Feltre;Belluno;1;20.468;14,30;;5,85;;2,27;3,82;3,01;21,73
05025022;Fonzaso;Belluno;1;3.019;9,10;;13,12;;1,82;4,94;8,72;32,04
05025025;Gosaldo;Belluno;1;521;22,90;;13,03;;1,02;4,91;2,62;29,79
05025027;La Valle Agordina;Belluno;1;1.058;22,90;;13,07;;1,02;4,93;2,63;29,89
05025026;Lamon;Belluno;1;2.604;12,83;;17,55;;2,45;7,08;11,73;43,53
05025029;Limana;Belluno;1;5.412;11,51;;8,55;;2,08;6,17;9,29;32,84
05025030;Livinallongo del Col di Lana;Belluno;1;1.223;22,90;;13,81;;1,07;5,18;2,76;31,41
05025071;Longarone;Belluno;1;5.015;9,94;;13,33;;3,74;7,36;3,55;33,11
05025032;Lorenzago di Cadore;Belluno;1;555;14,51;;12,79;;3,01;6,23;5,59;34,21
05025033;Lozzo di Cadore;Belluno;1;1.241;17,50;;10,18;;1,47;5,67;5,04;28,17
05025035;Ospitale di Cadore;Belluno;1;266;15,90;;15,65;;;10,94;8,96;43,62
05025036;Pedavena;Belluno;1;4.326;8,02;;10,85;;1,52;4,43;7,26;26,99
05025037;Perarolo di Cadore;Belluno;1;363;8,41;;10,54;;19,53;3,59;6,03;43,73
05025039;Pieve di Cadore;Belluno;1;3.580;7,05;;13,09;;5,45;5,65;3,25;32,03
05025040;Ponte nelle Alpi;Belluno;1;7.935;14,90;;20,60;;0,76;13,79;2,04;41,78
05025070;Quero Vas;Belluno;1;3.086;26,62;;6,87;;2,51;5,11;3,11;24,90
05025043;Rivamonte Agordino;Belluno;1;601;22,90;;13,04;;1,02;4,92;2,62;29,81
05025044;Rocca Pietore;Belluno;1;1.140;22,90;;13,59;;1,06;5,10;2,72;30,96
05025045;San Gregorio nelle Alpi;Belluno;1;1.564;69,97;;9,79;;2,72;6,35;5,59;34,36
05025046;San Nicolo di Comelico;Belluno;1;384;4,60;;10,82;;2,94;5,66;8,65;31,98
05025047;San Pietro di Cadore;Belluno;1;1.471;8,63;;13,51;;6,82;5,92;6,42;38,54
05025049;San Tomaso Agordino;Belluno;1;598;22,90;;13,03;;1,02;4,91;2,62;29,79
05025051;San Vito di Cadore;Belluno;1;1.931;10,27;;17,31;;5,40;1,95;0,15;30,99
05025048;Santa Giustina;Belluno;1;6.588;32,39;;11,23;;0,94;6,83;2,46;30,73
05025050;Santo Stefano di Cadore;Belluno;1;2.320;10,98;;13,48;;1,16;3,99;6,00;31,46
05025053;Sedico;Belluno;1;10.150;22,42;;12,22;;1,37;5,88;1,97;27,66
05025054;Selva di Cadore;Belluno;1;499;22,90;;13,42;;1,04;5,05;2,69;30,61
05025055;Seren del Grappa;Belluno;1;2.320;26,31;;9,33;;0,66;7,08;1,89;26,80
05025056;Sospirolo;Belluno;1;3.128;21,88;;6,10;;1,25;4,07;5,83;23,93
05025057;Soverzene;Belluno;1;359;19,34;;10,62;;1,94;4,08;3,69;26,83
05025058;Sovramonte;Belluno;1;1.322;18,58;;21,39;;3,04;9,16;14,54;54,36
05025059;Taibon Agordino;Belluno;1;1.719;22,90;;13,55;;1,05;5,09;2,71;30,87
05025060;Tambre;Belluno;1;1.289;12,59;;16,86;;2,45;6,16;4,10;41,67
05025073;Val Di Zoldo;Belluno;1;2.771;15,44;;14,23;;2,14;5,67;7,11;37,09
05025062;Vallada Agordina;Belluno;1;456;22,90;;13,03;;1,02;4,91;2,62;29,79
05025063;Valle di Cadore;Belluno;1;1.854;11,05;;24,24;;8,03;10,72;16,34;63,67
05025065;Vigo di Cadore;Belluno;1;1.338;15,98;;12,24;;2,69;5,86;3,68;33,02
05025066;Vodo Cadore;Belluno;1;822;10,66;;20,73;;7,00;9,34;14,24;55,52
05025067;Voltago Agordino;Belluno;1;806;22,90;;13,03;;1,02;4,91;2,62;29,80
05025069;Zoppe di Cadore;Belluno;1;190;13,06;;13,08;;;4,20;4,17;29,06
15062001;Airola;Benevento;1;8.076;15,07;;18,26;;5,86;5,98;4,33;53,47
15062002;Amorosi;Benevento;1;2.646;18,17;;20,72;;10,07;9,20;0,27;48,17
15062003;Apice;Benevento;1;5.248;30,12;;10,50;;2,37;1,87;0,74;27,23
15062004;Apollosa;Benevento;1;2.473;28,12;;26,82;;4,99;4,17;2,33;48,35
15062006;Arpaise;Benevento;1;731;43,67;;21,20;;2,17;6,16;0,42;51,51
15062007;Baselice;Benevento;1;2.064;23,80;;10,53;;5,29;2,26;1,38;36,31
15062008;Benevento;Benevento;1;56.043;16,29;;26,91;;8,57;9,10;6,18;61,01
15062009;Bonea;Benevento;1;1.372;25,56;;24,29;;7,91;9,34;3,49;60,04
15062010;Bucciano;Benevento;1;1.967;54,93;;1,54;;;;0,28;26,16
15062011;Buonalbergo;Benevento;1;1.507;28,56;;13,62;;1,55;19,02;;49,26
15062013;Campolattaro;Benevento;1;976;22,74;;4,71;;10,88;6,59;0,93;44,47
15062014;Campoli del Monte Taburno;Benevento;1;1.636;39,16;;2,67;;0,71;26,91;0,31;57,93
15062015;Casalduni;Benevento;1;1.178;75,55;;13,48;;;9,28;0,40;43,11
15062016;Castelfranco in Miscano;Benevento;1;773;30,40;;26,87;;12,18;3,99;6,96;64,26
15062017;Castelpagano;Benevento;1;1.328;30,86;;14,40;;7,04;9,30;3,62;49,99
15062018;Castelpoto;Benevento;1;1.147;20,56;;22,89;;6,35;10,52;3,66;62,66
15062019;Castelvenere;Benevento;1;2.389;198,87;;;;;1,30;0,93;47,31
15062020;Castelvetere in Val Fortore;Benevento;1;961;32,45;;38,75;;2,87;9,42;1,15;56,72
15062021;Cautano;Benevento;1;1.897;16,68;;3,59;;3,89;6,56;0,53;44,21
15062022;Ceppaloni;Benevento;1;3.177;87,30;;3,79;;2,84;3,61;1,04;46,01
15062023;Cerreto Sannita;Benevento;1;3.585;14,13;;21,12;;9,27;0,22;;32,12
15062024;Circello;Benevento;1;2.138;28,00;;17,90;;3,86;2,18;3,49;41,95
15062026;Cusano Mutri;Benevento;1;3.746;296,94;;;;3,97;2,59;6,52;57,15
15062027;Dugenta;Benevento;1;2.647;25,35;;20,41;;3,75;2,70;0,83;44,02
15062028;Durazzano;Benevento;1;2.072;26,68;;14,45;;2,10;6,14;;30,94
15062029;Faicchio;Benevento;1;3.277;167,09;;6,63;;;4,96;7,33;60,93
15062030;Foglianise;Benevento;1;3.104;15,31;;24,21;;2,21;6,87;2,77;43,85
15062031;Foiano di Val Fortore;Benevento;1;1.322;14,90;;;;9,22;9,51;;36,82
15062032;Forchia;Benevento;1;1.196;216,52;;;;1,80;5,19;;46,09
15062033;Fragneto l'Abate;Benevento;1;938;80,42;;;;7,43;16,66;;47,64
15062034;Fragneto Monforte;Benevento;1;1.667;16,05;;18,48;;8,26;4,11;;41,54
15062035;Frasso Telesino;Benevento;1;2.000;24,06;;21,61;;3,84;1,42;3,74;46,06
15062036;Ginestra degli Schiavoni;Benevento;1;389;55,74;;36,29;;21,78;9,64;13,96;112,25
15062037;Guardia Sanframondi;Benevento;1;4.503;31,78;;18,29;;2,45;5,14;6,77;43,64
15062039;Melizzano;Benevento;1;1.688;13,13;;12,84;;;11,70;11,17;58,16
15062040;Moiano;Benevento;1;4.000;32,29;;36,31;;6,14;1,86;2,77;47,92
15062041;Molinara;Benevento;1;1.438;34,00;;11,79;;8,56;4,66;1,08;43,28
15062042;Montefalcone di Val Fortore;Benevento;1;1.292;9,06;;12,98;;3,58;2,49;0,59;28,56
15062043;Montesarchio;Benevento;1;12.997;21,22;;18,63;;13,39;14,90;2,73;62,65
15062044;Morcone;Benevento;1;4.505;41,83;;26,51;;11,68;5,92;1,70;53,93
15062045;Paduli;Benevento;1;3.583;104,01;;;;;1,99;9,52;51,87
15062046;Pago Veiano;Benevento;1;2.215;35,87;;30,35;;;0,34;;33,09
15062048;Paolisi;Benevento;1;1.954;88,62;;;;1,82;3,76;2,57;29,56
15062049;Paupisi;Benevento;1;1.429;21,79;;22,94;;3,85;2,83;;29,33
15062050;Pesco Sannita;Benevento;1;1.835;15,85;;14,97;;2,64;3,59;;31,27
15062051;Pietraroja;Benevento;1;494;24,63;;10,43;;2,62;17,95;3,83;51,15
15062052;Pietrelcina;Benevento;1;2.886;6,20;;12,17;;2,13;1,58;5,57;32,27
15062053;Ponte;Benevento;1;2.400;14,30;;27,00;;5,30;1,78;;28,77
15062054;Pontelandolfo;Benevento;1;2.011;14,79;;7,89;;1,72;2,62;0,30;29,28
15062055;Puglianello;Benevento;1;1.298;13,18;;30,76;;4,39;0,95;2,02;41,14
15062056;Reino;Benevento;1;1.097;96,82;;;;;5,27;3,35;42,52
15062057;San Bartolomeo in Galdo;Benevento;1;4.299;21,90;;23,14;;3,24;10,38;1,12;56,33
15062058;San Giorgio del Sannio;Benevento;1;9.673;11,66;;25,05;;3,04;3,91;9,02;47,07
15062060;San Leucio del Sannio;Benevento;1;2.889;30,08;;16,51;;;12,81;0,65;33,32
15062061;San Lorenzello;Benevento;1;2.115;12,95;;19,87;;6,39;5,09;1,68;52,48
15062063;San Lupo;Benevento;1;685;29,06;;;;;18,95;0,95;31,79
15062064;San Marco dei Cavoti;Benevento;1;2.938;74,63;;;;6,60;2,10;1,06;35,76
15062065;San Martino Sannita;Benevento;1;1.143;50,39;;;;;0,29;7,16;33,88
15062066;San Nazzaro;Benevento;1;825;21,82;;16,83;;1,95;9,80;8,17;50,37
15062067;San Nicola Manfredi;Benevento;1;3.458;44,76;;;;6,15;0,90;14,57;46,95
15062068;San Salvatore Telesino;Benevento;1;3.865;14,57;;15,61;;;3,34;6,73;38,41
15062069;Santa Croce del Sannio;Benevento;1;859;48,79;;38,57;;;5,00;;60,49
15062070;Sant'Agata de' Goti;Benevento;1;10.230;6,22;;29,29;;6,32;6,18;6,67;56,01
15062071;Sant'Angelo a Cupolo;Benevento;1;4.024;16,16;;14,07;;4,76;5,43;1,48;52,54
15062078;Sant'Arcangelo Trimonte;Benevento;1;463;197,02;;;;2,18;10,51;2,07;85,62
15062072;Sassinoro;Benevento;1;634;20,28;;24,97;;11,93;3,10;7,01;49,94
15062073;Solopaca;Benevento;1;3.444;20,97;;16,02;;4,07;6,77;1,59;35,51
15062074;Telese Terme;Benevento;1;7.642;8,09;;15,32;;4,33;6,41;8,10;48,16
15062075;Tocco Caudio;Benevento;1;1.477;41,13;;17,55;;;16,73;1,16;47,02
15062076;Torrecuso;Benevento;1;3.214;16,62;;16,74;;5,84;6,03;0,80;41,21
15062077;Vitulano;Benevento;1;2.713;2,89;;23,57;;3,21;10,23;0,35;42,27
03016001;Adrara San Martino;Bergamo;1;2.163;10,77;;8,17;;2,93;3,47;3,11;25,14
03016002;Adrara San Rocco;Bergamo;1;809;19,03;;12,53;;0,31;5,66;5,77;31,50
03016003;Albano Sant'Alessandro;Bergamo;1;8.243;6,33;;7,61;;2,56;6,07;1,48;24,25
03016004;Albino;Bergamo;1;17.523;4,09;;7,25;;1,55;2,02;1,62;17,45
03016248;Algua;Bergamo;1;682;8,62;;10,56;;5,49;6,15;2,72;30,79
03016005;Alme;Bergamo;1;5.506;7,02;;7,28;;3,59;3,48;4,90;27,96
03016006;Almenno San Bartolomeo;Bergamo;1;6.557;3,12;;8,88;;2,66;3,08;1,17;19,06
03016007;Almenno San Salvatore;Bergamo;1;5.496;9,47;;8,73;;0,76;5,39;1,04;20,92
03016008;Alzano Lombardo;Bergamo;1;13.459;8,76;;10,03;;2,87;3,57;1,73;19,32
03016009;Ambivere;Bergamo;1;2.345;5,70;;4,36;;1,17;3,35;4,77;16,74
03016010;Antegnate;Bergamo;1;3.267;5,75;;7,51;;4,25;2,16;2,79;21,60
03016011;Arcene;Bergamo;1;4.954;16,77;;7,50;;0,96;5,62;2,01;24,61
03016012;Ardesio;Bergamo;1;3.305;10,22;;10,36;;1,89;3,57;3,98;25,51
03016013;Arzago d'Adda;Bergamo;1;2.729;8,57;;8,61;;2,81;3,82;1,42;23,12
03016014;Averara;Bergamo;1;178;28,65;;14,02;;11,22;4,71;1,08;45,81
03016015;Aviatico;Bergamo;1;580;7,44;;26,08;;8,21;8,38;5,24;47,66
03016016;Azzano San Paolo;Bergamo;1;7.617;9,90;;6,61;;1,89;2,45;2,00;19,09
03016017;Azzone;Bergamo;1;357;7,50;;14,90;;5,41;5,29;1,45;31,89
03016018;Bagnatica;Bergamo;1;4.504;11,72;;6,83;;3,96;3,35;5,06;25,88
03016019;Barbata;Bergamo;1;695;1,88;;10,23;;1,95;4,35;0,70;19,37
03016020;Bariano;Bergamo;1;4.237;6,17;;7,44;;4,21;2,63;1,45;21,66
03016021;Barzana;Bergamo;1;2.020;3,41;;4,76;;2,95;1,13;0,91;14,93
03016022;Bedulita;Bergamo;1;719;7,74;;14,77;;;4,79;1,66;23,20
03016023;Berbenno;Bergamo;1;2.455;11,23;;6,46;;0,48;2,43;1,36;15,62
03016024;Bergamo;Bergamo;1;120.504;14,96;;10,56;;7,57;3,22;5,10;34,93
03016025;Berzo San Fermo;Bergamo;1;1.403;31,40;;11,37;;0,37;3,50;1,73;23,75
03016026;Bianzano;Bergamo;1;618;22,40;;31,47;;0,83;7,24;5,79;48,26
03016027;Blello;Bergamo;1;74;16,89;;71,93;;0,82;5,08;7,44;65,81
03016028;Bolgare;Bergamo;1;6.680;4,24;;8,93;;1,87;2,14;2,70;20,76
03016029;Boltiere;Bergamo;1;6.275;14,77;;9,48;;3,29;3,80;2,58;24,68
03016030;Bonate Sopra;Bergamo;1;10.461;9,79;;9,67;;1,37;3,41;0,92;20,31
03016031;Bonate Sotto;Bergamo;1;6.683;12,75;;6,98;;2,70;3,66;2,27;22,33
03016032;Borgo di Terzo;Bergamo;1;1.195;13,59;;8,06;;0,79;2,96;2,19;21,86
03016033;Bossico;Bergamo;1;969;9,66;;10,53;;1,85;2,38;2,38;22,72
03016034;Bottanuco;Bergamo;1;5.079;7,68;;5,85;;1,40;1,31;1,48;15,33
03016035;Bracca;Bergamo;1;709;8,49;;11,46;;3,22;5,82;5,59;31,35
03016036;Branzi;Bergamo;1;630;13,19;;20,46;;;11,41;10,38;50,41
03016037;Brembate;Bergamo;1;8.616;10,20;;5,83;;1,94;2,98;1,18;18,42
03016038;Brembate di Sopra;Bergamo;1;7.985;5,63;;10,05;;1,77;4,09;1,92;21,07
03016041;Brumano;Bergamo;1;129;8,70;;11,84;;;10,60;3,94;28,62
03016042;Brusaporto;Bergamo;1;5.632;5,89;;8,99;;1,71;1,87;1,63;19,40
03016043;Calcinate;Bergamo;1;6.212;12,16;;8,40;;2,65;2,42;2,17;19,19
03016044;Calcio;Bergamo;1;5.488;11,01;;7,95;;3,01;3,34;2,40;22,69
03016046;Calusco d'Adda;Bergamo;1;8.337;10,01;;6,74;;4,49;2,52;1,35;21,36
03016047;Calvenzano;Bergamo;1;4.451;10,10;;8,19;;3,75;3,44;1,28;21,97
03016048;Camerata Cornello;Bergamo;1;551;19,78;;12,88;;4,11;4,45;3,56;37,10
03016049;Canonica d'Adda;Bergamo;1;4.286;14,94;;10,71;;3,49;5,11;2,60;30,05
03016050;Capizzone;Bergamo;1;1.208;8,99;;12,62;;0,25;5,39;5,20;31,28
03016051;Capriate San Gervasio;Bergamo;1;8.242;4,05;;6,39;;1,48;2,35;2,28;15,59
03016052;Caprino Bergamasco;Bergamo;1;3.050;11,04;;6,55;;1,32;1,40;1,43;18,97
03016053;Caravaggio;Bergamo;1;16.338;16,72;;8,83;;5,54;4,98;7,13;34,47
03016055;Carobbio degli Angeli;Bergamo;1;4.906;12,70;;8,92;;1,08;3,09;2,95;22,56
03016056;Carona;Bergamo;1;282;3,87;;4,22;;19,87;18,56;1,01;63,90
03016057;Carvico;Bergamo;1;4.661;10,81;;5,76;;3,38;1,70;3,14;17,75
03016058;Casazza;Bergamo;1;3.789;17,92;;12,91;;0,73;3,07;3,40;26,55
03016059;Casirate d'Adda;Bergamo;1;4.084;16,39;;14,71;;2,56;1,69;;29,02
03016060;Casnigo;Bergamo;1;3.041;3,81;;6,30;;2,23;2,67;1,71;18,06
03016061;Cassiglio;Bergamo;1;104;20,43;;14,29;;2,54;2,80;5,48;37,21
03016063;Castel Rozzone;Bergamo;1;2.787;12,34;;9,09;;2,87;2,60;1,89;23,50
03016062;Castelli Calepio;Bergamo;1;10.381;6,62;;7,28;;1,72;2,43;2,97;19,87
03016064;Castione della Presolana;Bergamo;1;3.283;5,82;;11,14;;5,38;2,35;3,95;28,27
03016065;Castro;Bergamo;1;1.211;8,46;;0,42;;3,21;5,20;2,84;26,53
03016066;Cavernago;Bergamo;1;2.868;3,61;;6,46;;1,18;5,05;2,19;20,22
03016067;Cazzano Sant'Andrea;Bergamo;1;1.686;4,78;;10,40;;0,79;1,91;1,32;18,56
03016068;Cenate Sopra;Bergamo;1;2.527;28,49;;12,45;;1,14;3,06;3,90;27,70
03016069;Cenate Sotto;Bergamo;1;3.919;14,17;;5,10;;2,61;3,35;2,94;20,39
03016070;Cene;Bergamo;1;4.062;5,60;;5,86;;2,88;6,17;3,52;22,34
03016071;Cerete;Bergamo;1;1.645;8,10;;8,08;;3,95;7,68;4,10;29,75
03016072;Chignolo d'Isola;Bergamo;1;3.402;4,25;;9,69;;2,07;2,34;1,39;21,98
03016073;Chiuduno;Bergamo;1;6.183;8,58;;8,36;;1,42;3,50;4,22;23,32
03016074;Cisano Bergamasco;Bergamo;1;6.218;13,44;;10,44;;1,81;2,55;2,03;24,84
03016075;Ciserano;Bergamo;1;5.678;6,21;;6,52;;8,91;2,84;3,82;30,42
03016076;Cividate al Piano;Bergamo;1;5.035;13,95;;8,02;;3,86;2,95;4,04;25,08
03016077;Clusone;Bergamo;1;8.629;5,47;;9,90;;6,38;4,41;2,08;28,77
03016078;Colere;Bergamo;1;1.095;5,01;;30,10;;7,00;5,70;3,27;40,04
03016079;Cologno al Serio;Bergamo;1;11.124;16,11;;8,71;;1,51;4,07;4,98;25,66
03016080;Colzate;Bergamo;1;1.619;4,57;;10,75;;5,58;7,95;2,64;44,36
03016081;Comun Nuovo;Bergamo;1;4.434;10,10;;7,07;;3,03;3,28;3,28;23,70
03016082;Corna Imagna;Bergamo;1;918;11,17;;13,75;;2,36;5,19;2,84;38,22
03016249;Cornalba;Bergamo;1;297;15,32;;19,52;;;4,43;5,29;37,63
03016083;Cortenuova;Bergamo;1;1.989;11,80;;9,88;;3,94;4,70;;27,51
03016084;Costa di Mezzate;Bergamo;1;3.432;6,23;;15,26;;1,38;2,26;3,44;25,41
03016247;Costa Serina;Bergamo;1;894;8,82;;9,73;;3,07;4,18;6,82;30,19
03016085;Costa Valle Imagna;Bergamo;1;560;7,61;;11,04;;0,45;6,48;1,71;25,93
03016086;Costa Volpino;Bergamo;1;8.785;8,64;;12,01;;1,36;5,53;4,51;28,66
03016087;Covo;Bergamo;1;4.344;16,16;;6,89;;1,85;2,63;2,84;20,53
03016088;Credaro;Bergamo;1;3.526;8,18;;9,91;;2,47;3,26;2,22;24,64
03016089;Curno;Bergamo;1;7.537;9,46;;5,66;;1,18;1,55;1,45;15,00
03016090;Cusio;Bergamo;1;204;51,04;;7,80;;4,65;3,79;1,02;43,50
03016091;Dalmine;Bergamo;1;23.618;3,42;;5,26;;3,03;0,97;0,75;13,78
03016092;Dossena;Bergamo;1;883;11,98;;15,02;;1,10;10,18;3,09;40,10
03016093;Endine Gaiano;Bergamo;1;3.452;13,13;;9,11;;1,40;2,35;2,97;26,92
03016096;Fara Gera d'Adda;Bergamo;1;8.007;8,15;;6,91;;3,54;2,00;1,83;21,02
03016097;Fara Olivana con Sola;Bergamo;1;1.365;10,92;;5,84;;6,60;2,97;2,45;25,93
03016098;Filago;Bergamo;1;3.050;5,26;;9,75;;1,40;4,45;1,68;20,80
03016099;Fino del Monte;Bergamo;1;1.142;7,91;;10,43;;6,60;9,09;4,32;35,93
03016100;Fiorano al Serio;Bergamo;1;2.937;2,14;;7,99;;3,59;3,39;1,45;19,60
03016101;Fontanella;Bergamo;1;4.882;8,41;;6,62;;2,09;2,02;1,73;16,60
03016102;Fonteno;Bergamo;1;567;25,64;;;;5,15;7,75;1,75;30,87
03016103;Foppolo;Bergamo;1;155;20,12;;30,42;;14,40;40,49;7,27;103,18
03016104;Foresto Sparso;Bergamo;1;3.095;7,33;;8,24;;0,76;1,83;1,86;18,89
03016105;Fornovo San Giovanni;Bergamo;1;3.409;8,75;;9,77;;4,30;3,93;1,76;26,67
03016106;Fuipiano Valle Imagna;Bergamo;1;209;18,84;;12,49;;4,03;6,10;2,42;41,93
03016107;Gandellino;Bergamo;1;964;10,31;;11,61;;5,47;8,41;3,13;34,75
03016108;Gandino;Bergamo;1;5.155;14,33;;8,59;;1,97;1,47;0,10;18,09
03016109;Gandosso;Bergamo;1;1.452;8,47;;11,14;;4,49;4,74;1,83;27,63
03016110;Gaverina Terme;Bergamo;1;882;18,60;;20,59;;4,21;2,98;3,55;34,27
03016111;Gazzaniga;Bergamo;1;4.935;;;10,12;;4,11;10,15;0,42;27,93
03016113;Ghisalba;Bergamo;1;6.149;7,26;;9,64;;2,70;4,31;3,04;26,12
03016114;Gorlago;Bergamo;1;5.160;11,65;;7,89;;1,61;2,65;2,21;20,37
03016115;Gorle;Bergamo;1;6.564;7,56;;7,94;;5,17;4,17;1,28;21,82
03016116;Gorno;Bergamo;1;1.476;5,48;;4,98;;7,17;3,52;4,84;30,90
03016117;Grassobbio;Bergamo;1;6.520;2,91;;7,98;;2,22;6,58;7,96;29,56
03016118;Gromo;Bergamo;1;1.137;4,35;;9,29;;;1,43;1,13;14,66
03016119;Grone;Bergamo;1;915;5,25;;13,73;;0,11;6,76;7,31;31,36
03016120;Grumello del Monte;Bergamo;1;7.533;2,58;;7,45;;1,18;1,96;2,30;17,42
03016121;Isola di Fondra;Bergamo;1;172;27,75;;19,05;;2,31;5,52;10,30;53,25
03016122;Isso;Bergamo;1;593;7,83;;9,50;;6,04;3,55;2,24;27,70
03016123;Lallio;Bergamo;1;4.148;13,19;;4,81;;3,62;2,31;1,43;19,07
03016124;Leffe;Bergamo;1;4.336;13,39;;8,04;;4,38;2,57;0,94;22,81
03016125;Lenna;Bergamo;1;555;5,36;;20,67;;0,83;3,48;7,84;37,35
03016126;Levate;Bergamo;1;3.720;6,76;;5,81;;1,78;4,70;2,04;20,51
03016127;Locatello;Bergamo;1;825;10,57;;9,20;;;2,74;2,63;28,99
03016128;Lovere;Bergamo;1;5.001;13,77;;18,62;;5,34;7,11;5,86;40,52
03016129;Lurano;Bergamo;1;2.884;7,98;;10,98;;1,32;4,88;1,98;25,17
03016130;Luzzana;Bergamo;1;899;11,96;;7,44;;0,72;1,31;1,31;19,59
03016131;Madone;Bergamo;1;4.161;7,28;;7,06;;1,13;4,07;4,37;19,93
03016132;Mapello;Bergamo;1;6.946;10,19;;8,66;;3,52;2,83;1,14;22,25
03016133;Martinengo;Bergamo;1;10.966;9,74;;6,91;;2,17;2,58;5,81;24,24
03016250;Medolago;Bergamo;1;2.349;8,09;;6,43;;1,11;7,22;0,79;16,10
03016134;Mezzoldo;Bergamo;1;163;2,37;;10,36;;2,75;2,12;5,07;35,19
03016135;Misano di Gera d'Adda;Bergamo;1;2.970;6,27;;10,86;;2,96;3,26;1,59;24,03
03016136;Moio de' Calvi;Bergamo;1;207;34,34;;32,10;;6,67;4,93;10,80;58,94
03016137;Monasterolo del Castello;Bergamo;1;1.142;12,88;;11,71;;4,34;5,28;2,50;30,20
03016139;Montello;Bergamo;1;3.220;4,67;;3,76;;0,88;4,46;0,17;18,89
03016140;Morengo;Bergamo;1;2.481;7,87;;8,79;;5,45;4,31;1,34;25,30
03016141;Mornico al Serio;Bergamo;1;2.959;6,35;;7,79;;0,98;2,48;2,02;17,67
03016142;Mozzanica;Bergamo;1;4.377;8,51;;8,65;;1,32;2,91;1,94;20,47
03016143;Mozzo;Bergamo;1;7.263;12,60;;7,96;;2,33;2,77;1,87;22,03
03016144;Nembro;Bergamo;1;11.228;7,40;;7,70;;3,59;4,23;0,57;17,21
03016145;Olmo al Brembo;Bergamo;1;473;16,98;;13,41;;2,30;2,15;2,96;31,78
03016146;Oltre il Colle;Bergamo;1;948;10,08;;24,25;;0,18;4,55;3,40;38,63
03016147;Oltressenda Alta;Bergamo;1;136;20,51;;7,04;;;7,43;2,49;26,78
03016148;Oneta;Bergamo;1;558;2,80;;19,11;;;6,79;1,87;25,69
03016149;Onore;Bergamo;1;937;3,94;;7,54;;5,92;11,79;1,73;32,60
03016150;Orio al Serio;Bergamo;1;1.637;3,28;;8,35;;0,37;1,76;0,67;15,18
03016151;Ornica;Bergamo;1;133;23,82;;16,72;;6,05;2,08;0,86;40,20
03016152;Osio Sopra;Bergamo;1;5.168;9,71;;7,27;;0,78;2,91;1,45;18,65
03016153;Osio Sotto;Bergamo;1;12.716;3,34;;9,15;;3,14;3,72;3,46;24,65
03016154;Pagazzano;Bergamo;1;2.130;9,47;;6,65;;2,29;4,43;5,44;25,21
03016155;Paladina;Bergamo;1;3.945;8,74;;3,41;;0,39;9,39;;17,77
03016156;Palazzago;Bergamo;1;4.555;3,65;;4,94;;3,38;1,85;1,15;16,11
03016157;Palosco;Bergamo;1;5.719;14,79;;5,44;;;0,52;0,40;13,54
03016158;Parre;Bergamo;1;2.682;5,16;;7,24;;0,92;3,04;1,45;17,83
03016159;Parzanica;Bergamo;1;339;7,02;;20,14;;11,45;5,71;3,09;64,05
03016160;Pedrengo;Bergamo;1;5.902;16,88;;8,91;;2,44;3,19;5,94;26,41
03016162;Pianico;Bergamo;1;1.439;22,75;;12,80;;0,86;4,39;2,03;24,55
03016163;Piario;Bergamo;1;995;3,14;;6,44;;2,13;4,37;1,46;19,17
03016164;Piazza Brembana;Bergamo;1;1.186;15,11;;10,87;;6,36;3,40;0,01;26,67
03016165;Piazzatorre;Bergamo;1;393;7,59;;4,98;;4,68;6,10;0,91;37,78
03016166;Piazzolo;Bergamo;1;85;46,08;;14,62;;5,29;2,50;1,33;50,61
03016167;Pognano;Bergamo;1;1.548;3,75;;13,00;;7,24;4,45;2,21;30,58
03016168;Ponte Nossa;Bergamo;1;1.691;6,08;;9,20;;1,64;3,14;1,29;19,29
03016170;Ponte San Pietro;Bergamo;1;11.911;6,10;;9,52;;4,93;3,39;1,75;25,53
03016169;Ponteranica;Bergamo;1;6.693;18,06;;6,84;;1,23;6,85;0,30;21,81
03016171;Pontida;Bergamo;1;3.245;9,04;;8,87;;;2,58;2,54;21,08
03016172;Pontirolo Nuovo;Bergamo;1;4.913;9,78;;8,04;;1,98;2,32;1,53;19,49
03016173;Pradalunga;Bergamo;1;4.526;12,23;;5,88;;3,06;2,32;1,13;16,34
03016174;Predore;Bergamo;1;1.864;6,28;;10,55;;2,66;4,10;2,65;25,45
03016175;Premolo;Bergamo;1;1.053;12,44;;9,40;;;3,63;1,16;21,25
03016176;Presezzo;Bergamo;1;4.767;6,90;;5,70;;2,08;3,56;1,38;19,40
03016177;Pumenengo;Bergamo;1;1.705;5,57;;10,84;;2,73;2,82;3,42;26,21
03016178;Ranica;Bergamo;1;5.892;10,75;;9,17;;5,78;2,63;2,09;21,27
03016179;Ranzanico;Bergamo;1;1.263;14,65;;13,95;;1,30;5,70;2,21;28,23
03016180;Riva di Solto;Bergamo;1;856;17,06;;13,46;;0,34;3,14;2,13;22,54
03016182;Rogno;Bergamo;1;3.823;14,57;;8,71;;0,99;2,51;1,75;21,66
03016183;Romano di Lombardia;Bergamo;1;20.755;7,71;;6,74;;4,68;3,91;1,79;24,59
03016184;Roncobello;Bergamo;1;432;25,05;;12,51;;1,24;3,23;7,42;37,96
03016185;Roncola;Bergamo;1;926;3,82;;14,10;;5,40;6,58;3,49;31,05
03016186;Rota d'Imagna;Bergamo;1;908;10,59;;11,69;;1,06;6,55;1,59;27,56
03016187;Rovetta;Bergamo;1;4.116;7,30;;10,92;;6,48;4,46;1,76;28,61
03016188;San Giovanni Bianco;Bergamo;1;4.589;18,17;;9,67;;0,98;4,53;3,18;27,48
03016189;San Paolo d'Argon;Bergamo;1;5.903;6,07;;8,02;;2,68;2,69;2,11;21,18
03016190;San Pellegrino Terme;Bergamo;1;4.647;7,26;;9,82;;1,63;3,17;1,61;21,02
03016191;Santa Brigida;Bergamo;1;516;25,37;;13,89;;3,56;6,59;5,09;41,87
03016252;Sant'Omobono Terme;Bergamo;1;3.896;4,96;;9,76;;2,60;1,97;3,56;23,89
03016193;Sarnico;Bergamo;1;6.858;6,67;;11,13;;5,07;4,41;2,78;28,78
03016194;Scanzorosciate;Bergamo;1;9.933;11,85;;3,79;;1,53;3,74;1,32;16,66
03016195;Schilpario;Bergamo;1;1.115;3,43;;12,42;;4,80;2,48;1,17;21,78
03016196;Sedrina;Bergamo;1;2.351;5,00;;11,16;;1,12;3,21;1,87;23,02
03016197;Selvino;Bergamo;1;1.994;8,08;;6,12;;4,93;3,17;1,01;20,72
03016198;Seriate;Bergamo;1;25.560;7,73;;6,65;;2,07;1,19;1,90;17,16
03016199;Serina;Bergamo;1;2.058;12,56;;19,69;;0,73;3,86;9,53;38,38
03016251;Solza;Bergamo;1;1.975;10,28;;9,14;;2,82;3,56;2,00;23,29
03016201;Songavazzo;Bergamo;1;717;5,28;;7,06;;12,33;6,28;2,29;41,83
03016202;Sorisole;Bergamo;1;8.843;13,21;;8,71;;1,64;1,86;1,93;22,15
03016203;Sotto il Monte Giovanni XXIII;Bergamo;1;4.368;5,25;;8,16;;1,00;6,33;2,60;21,50
03016204;Sovere;Bergamo;1;5.306;16,99;;17,88;;1,04;3,46;2,96;28,88
03016206;Spirano;Bergamo;1;5.644;13,55;;13,42;;1,33;3,45;2,18;26,83
03016207;Stezzano;Bergamo;1;13.653;7,50;;7,16;;0,88;1,06;1,05;15,27
03016208;Strozza;Bergamo;1;1.118;8,85;;11,26;;0,13;2,73;6,53;28,17
03016209;Suisio;Bergamo;1;3.778;9,34;;8,03;;2,05;2,58;4,03;21,68
03016210;Taleggio;Bergamo;1;519;9,52;;17,69;;;3,42;2,52;27,62
03016211;Tavernola Bergamasca;Bergamo;1;1.934;6,75;;11,98;;2,55;5,80;2,01;28,40
03016212;Telgate;Bergamo;1;5.030;11,62;;8,09;;2,15;2,86;2,76;21,88
03016213;Terno d'Isola;Bergamo;1;8.005;16,40;;12,28;;2,03;3,91;2,22;27,16
03016214;Torre Boldone;Bergamo;1;8.736;6,86;;9,36;;1,94;2,13;0,24;18,34
03016215;Torre de' Busi;Bergamo;1;2.258;3,16;;8,16;;;2,62;3,22;20,21
03016216;Torre de' Roveri;Bergamo;1;2.572;5,93;;7,93;;1,69;2,56;6,00;23,72
03016217;Torre Pallavicina;Bergamo;1;1.122;2,81;;12,42;;2,40;4,67;3,99;24,11
03016218;Trescore Balneario;Bergamo;1;9.935;15,88;;7,35;;1,85;2,43;2,60;19,93
03016219;Treviglio;Bergamo;1;31.095;0,01;;6,88;;7,40;1,50;2,89;23,97
03016220;Treviolo;Bergamo;1;10.845;11,18;;5,74;;2,41;6,12;1,55;21,37
03016221;Ubiale Clanezzo;Bergamo;1;1.303;9,28;;8,41;;0,62;3,66;2,77;22,85
03016222;Urgnano;Bergamo;1;10.069;5,68;;4,77;;1,44;1,84;0,48;13,60
03016253;Val Brembilla;Bergamo;1;4.122;5,54;;10,79;;1,96;3,27;4,05;25,08
03016223;Valbondione;Bergamo;1;953;9,83;;12,61;;;2,99;4,32;24,43
03016224;Valbrembo;Bergamo;1;4.352;4,96;;9,74;;3,34;3,27;2,81;23,35
03016225;Valgoglio;Bergamo;1;571;2,53;;14,79;;3,81;3,44;1,12;23,50
03016226;Valleve;Bergamo;1;124;2,64;;35,78;;35,82;39,99;10,79;112,60
03016227;Valnegra;Bergamo;1;202;47,58;;19,78;;2,05;36,73;0,91;70,63
03016229;Valtorta;Bergamo;1;236;2,56;;16,66;;6,66;3,87;0,84;38,84
03016230;Vedeseta;Bergamo;1;201;9,56;;15,46;;;6,27;9,72;35,77
03016232;Verdellino;Bergamo;1;7.630;18,26;;1,70;;5,69;2,17;1,67;19,97
03016233;Verdello;Bergamo;1;8.162;3,83;;5,80;;3,74;3,32;4,04;22,33
03016234;Vertova;Bergamo;1;4.349;3,93;;13,18;;2,83;2,87;1,57;22,39
03016235;Viadanica;Bergamo;1;1.107;13,10;;10,12;;0,48;5,35;3,58;26,73
03016236;Vigano San Martino;Bergamo;1;1.333;12,81;;8,54;;0,82;3,47;1,80;22,93
03016237;Vigolo;Bergamo;1;572;12,58;;19,19;;12,80;6,04;5,16;51,29
03016238;Villa d'Adda;Bergamo;1;4.594;10,74;;8,14;;0,95;2,79;1,19;18,54
03016239;Villa d'Alme;Bergamo;1;6.479;14,75;;6,66;;4,15;3,09;4,49;25,33
03016240;Villa di Serio;Bergamo;1;6.591;11,26;;4,27;;1,17;0,95;1,61;12,39
03016241;Villa d'Ogna;Bergamo;1;1.778;3,50;;7,55;;0,69;4,44;2,53;20,30
03016242;Villongo;Bergamo;1;8.150;10,39;;8,76;;1,32;2,31;2,04;21,17
03016243;Vilminore di Scalve;Bergamo;1;1.432;16,79;;12,46;;4,46;6,78;2,04;31,02
03016244;Zandobbio;Bergamo;1;2.696;5,92;;5,58;;2,15;3,97;3,17;22,18
03016245;Zanica;Bergamo;1;8.674;15,79;;7,23;;1,62;3,47;3,51;22,31
03016246;Zogno;Bergamo;1;8.568;8,73;;11,29;;5,53;2,34;;25,43
01096001;Ailoche;Biella;1;300;26,97;;7,51;;3,42;6,79;0,26;41,56
01096002;Andorno Micca;Biella;1;2.990;22,15;;17,62;;5,48;7,28;0,93;38,49
01096003;Benna;Biella;1;1.147;16,97;;13,26;;1,88;2,30;2,41;27,47
01096004;Biella;Biella;1;42.953;20,60;;8,52;;4,40;13,02;8,02;40,87
01096005;Bioglio;Biella;1;912;30,05;;10,85;;;10,12;0,05;39,68
01096006;Borriana;Biella;1;860;23,42;;11,58;;0,49;4,20;1,29;27,20
01096007;Brusnengo;Biella;1;1.910;26,27;;27,43;;0,28;5,35;0,11;38,77
01096008;Callabiana;Biella;1;139;20,57;;1,28;;0,10;3,94;0,05;31,39
01096009;Camandona;Biella;1;308;23,31;;22,37;;1,34;5,48;2,70;41,57
01096010;Camburzano;Biella;1;1.108;12,09;;11,64;;1,28;7,53;0,07;26,22
01096086;Campiglia Cervo;Biella;1;500;36,72;;22,26;;;5,86;8,76;53,32
01096012;Candelo;Biella;1;7.248;19,15;;12,51;;2,74;5,23;3,79;30,87
01096013;Caprile;Biella;1;187;26,14;;15,44;;1,56;8,38;0,09;42,41
01096014;Casapinta;Biella;1;376;43,16;;9,15;;6,15;6,88;0,05;37,81
01096015;Castelletto Cervo;Biella;1;781;17,98;;12,42;;;12,21;0,05;34,42
01096016;Cavaglia;Biella;1;3.519;9,04;;9,08;;1,23;4,51;0,07;19,32
01096018;Cerrione;Biella;1;2.757;9,32;;4,13;;0,71;3,44;0,09;17,80
01096019;Coggiola;Biella;1;1.634;31,94;;9,20;;1,03;4,11;0,10;29,30
01096020;Cossato;Biella;1;13.869;22,94;;6,90;;4,26;8,16;4,66;31,80
01096021;Crevacuore;Biella;1;1.363;25,72;;8,28;;2,83;4,24;0,76;30,29
01096023;Curino;Biella;1;478;21,58;;9,31;;;6,79;0,05;34,41
01096024;Donato;Biella;1;689;19,39;;6,57;;3,09;6,37;1,79;26,63
01096025;Dorzano;Biella;1;534;17,40;;3,00;;;5,97;0,02;20,83
01096026;Gaglianico;Biella;1;3.810;20,20;;6,02;;1,72;5,78;4,25;23,48
01096027;Gifflenga;Biella;1;101;12,68;;7,24;;;9,07;0,07;26,97
01096028;Graglia;Biella;1;1.437;17,72;;15,02;;1,81;8,55;2,67;39,42
01096085;lessona;Biella;1;2.601;15,27;;10,60;;;2,27;0,05;19,69
01096030;Magnano;Biella;1;345;55,12;;3,17;;2,46;8,55;0,05;35,13
01096031;Massazza;Biella;1;582;24,63;;5,06;;;6,02;0,05;22,43
01096032;Masserano;Biella;1;1.888;17,88;;10,92;;0,58;6,08;0,38;25,22
01096033;Mezzana Mortigliengo;Biella;1;475;18,68;;20,12;;0,13;16,33;;44,37
01096034;Miagliano;Biella;1;539;16,60;;20,87;;0,52;4,37;3,31;33,31
01096035;Mongrando;Biella;1;3.602;25,41;;9,16;;2,16;4,03;0,09;23,69
01096037;Mottalciata;Biella;1;1.297;15,51;;14,60;;1,03;2,76;0,26;24,76
01096038;Muzzano;Biella;1;572;35,44;;19,48;;;10,56;1,41;47,91
01096039;Netro;Biella;1;937;17,17;;4,31;;;9,88;2,34;29,75
01096040;Occhieppo Inferiore;Biella;1;3.748;7,42;;10,33;;0,18;3,32;0,10;20,13
01096041;Occhieppo Superiore;Biella;1;2.578;12,40;;13,64;;0,72;3,67;0,08;24,85
01096042;Pettinengo;Biella;1;1.452;25,19;;16,67;;0,51;5,83;0,04;34,17
01096043;Piatto;Biella;1;472;16,25;;6,32;;;19,77;0,07;42,71
01096044;Piedicavallo;Biella;1;169;15,25;;9,74;;;3,32;1,47;31,44
01096046;Pollone;Biella;1;1.982;16,01;;9,59;;1,08;4,93;0,07;27,55
01096047;Ponderano;Biella;1;3.669;8,88;;14,08;;0,92;3,42;1,39;26,41
01096048;Portula;Biella;1;1.113;40,57;;23,00;;0,61;8,35;1,49;46,40
01096049;Pralungo;Biella;1;2.271;16,99;;22,96;;0,36;2,18;0,92;31,83
01096050;Pray;Biella;1;1.995;20,67;;13,13;;0,89;3,26;0,12;26,59
01096087;Quaregna Cerreto;Biella;1;2.040;22,02;;6,33;;1,27;2,52;0,05;23,10
01096053;Ronco Biellese;Biella;1;1.430;33,35;;23,06;;0,61;4,41;0,09;37,89
01096054;Roppolo;Biella;1;831;23,08;;5,67;;3,81;3,17;0,07;26,29
01096055;Rosazza;Biella;1;97;46,74;;11,42;;3,01;18,39;0,87;65,37
01096056;Sagliano Micca;Biella;1;1.551;23,14;;18,77;;1,39;8,01;0,96;35,59
01096057;Sala Biellese;Biella;1;540;8,70;;13,73;;;7,77;1,26;29,21
01096058;Salussola;Biella;1;1.829;17,54;;23,90;;0,59;4,88;0,09;34,43
01096059;Sandigliano;Biella;1;2.581;10,88;;11,99;;0,35;3,75;0,06;22,36
01096063;Sordevolo;Biella;1;1.270;9,92;;16,03;;2,07;4,91;0,75;30,79
01096064;Sostegno;Biella;1;733;59,23;;5,06;;1,10;3,46;0,08;27,34
01096065;Strona;Biella;1;939;19,04;;15,49;;;5,55;0,08;30,64
01096066;Tavigliano;Biella;1;901;29,55;;13,65;;2,92;7,37;0,06;35,55
01096067;Ternengo;Biella;1;256;40,81;;14,65;;0,43;10,48;0,12;46,32
01096068;Tollegno;Biella;1;2.361;18,07;;13,62;;0,50;2,95;0,15;24,01
01096069;Torrazzo;Biella;1;203;56,78;;3,08;;0,55;14,91;1,72;42,08
01096071;Valdengo;Biella;1;2.353;15,01;;13,42;;1,20;3,05;2,90;26,76
01096088;Valdilana;Biella;1;10.039;24,71;;11,50;;3,99;3,27;0,02;31,69
01096072;Vallanzengo;Biella;1;199;13,22;;17,34;;6,98;15,51;4,00;47,48
01096074;Valle San Nicolao;Biella;1;837;26,60;;12,54;;0,62;4,74;0,06;34,12
01096075;Veglio;Biella;1;470;9,79;;21,48;;0,15;8,56;;36,25
01096076;Verrone;Biella;1;1.172;12,90;;9,55;;0,69;2,75;0,18;22,70
01096077;Vigliano Biellese;Biella;1;7.581;49,60;;8,70;;3,79;10,50;5,85;41,85
01096078;Villa del Bosco;Biella;1;308;28,98;;9,74;;;16,79;0,49;47,13
01096079;Villanova Biellese;Biella;1;175;7,15;;5,73;;0,76;5,42;0,12;24,91
01096080;Viverone;Biella;1;1.340;13,09;;14,47;;0,72;3,83;0,30;25,74
01096081;Zimone;Biella;1;377;30,24;;7,42;;2,87;7,98;4,01;33,40
01096082;Zubiena;Biella;1;1.136;40,00;;5,01;;1,99;4,22;2,94;28,77
01096083;Zumaglia;Biella;1;961;41,76;;26,35;;0,78;10,63;0,09;48,75
08037062;Alto Reno Terme;Bologna;1;7.053;7,57;;9,82;;5,51;4,04;7,06;40,05
08037001;Anzola dell'Emilia;Bologna;1;12.363;20,41;;7,78;;1,86;4,82;1,54;20,57
08037002;Argelato;Bologna;1;9.653;17,39;;11,38;;2,79;6,61;2,45;29,64
08037003;Baricella;Bologna;1;7.138;15,91;;14,42;;2,26;3,44;3,50;30,97
08037005;Bentivoglio;Bologna;1;5.783;8,48;;10,73;;1,05;2,02;1,88;20,47
08037006;Bologna;Bologna;1;390.518;13,76;;16,47;;8,53;5,08;7,63;49,85
08037007;Borgo Tossignano;Bologna;1;3.185;5,83;;10,95;;0,64;2,08;9,64;29,99
08037008;Budrio;Bologna;1;18.362;9,48;;15,83;;3,05;2,79;3,29;31,48
08037009;Calderara di Reno;Bologna;1;13.654;28,46;;7,29;;1,46;5,71;0,60;21,53
08037010;Camugnano;Bologna;1;1.869;9,39;;6,98;;0,32;6,32;4,51;34,07
08037011;Casalecchio di Reno;Bologna;1;35.531;10,16;;18,62;;3,60;3,53;5,66;35,18
08037012;Casalfiumanese;Bologna;1;3.381;5,88;;6,00;;0,62;1,83;9,95;26,92
08037013;Castel d'Aiano;Bologna;1;1.906;4,52;;4,59;;1,58;4,26;2,99;25,54
08037014;Castel del Rio;Bologna;1;1.204;4,42;;6,12;;0,57;1,56;8,76;25,29
08037015;Castel di Casio;Bologna;1;3.338;1,87;;2,67;;4,00;3,81;5,43;34,87
08037016;Castel Guelfo di Bologna;Bologna;1;4.507;10,69;;10,47;;1,39;2,58;3,75;24,58
08037019;Castel Maggiore;Bologna;1;18.504;13,90;;10,99;;2,07;6,18;3,12;28,11
08037020;Castel San Pietro Terme;Bologna;1;20.713;7,20;;9,89;;2,23;2,06;4,28;26,03
08037017;Castello d'Argile;Bologna;1;6.627;7,22;;12,82;;0,24;5,55;4,57;27,24
08037021;Castenaso;Bologna;1;16.382;9,10;;7,77;;2,36;3,44;2,25;23,46
08037022;Castiglione dei Pepoli;Bologna;1;5.457;5,54;;5,44;;2,58;3,16;7,89;34,17
08037024;Crevalcore;Bologna;1;13.952;20,37;;12,11;;2,51;5,27;0,81;28,29
08037025;Dozza;Bologna;1;6.562;35,97;;12,44;;1,40;2,02;2,37;26,58
08037026;Fontanelice;Bologna;1;1.911;0,79;;3,85;;3,48;3,02;13,84;31,85
08037027;Gaggio Montano;Bologna;1;4.834;3,38;;4,43;;2,35;5,15;4,63;29,44
08037028;Galliera;Bologna;1;5.629;12,38;;13,98;;1,99;2,90;1,97;27,30
08037030;Granarolo dell'Emilia;Bologna;1;12.896;9,98;;7,18;;1,57;2,53;2,46;20,63
08037031;Grizzana Morandi;Bologna;1;3.933;10,38;;3,48;;2,45;3,16;5,69;30,50
08037032;Imola;Bologna;1;69.357;7,82;;9,03;;3,58;1,79;3,51;25,62
08037033;Lizzano in Belvedere;Bologna;1;2.200;8,53;;3,23;;2,41;5,28;6,29;33,26
08037034;Loiano;Bologna;1;4.520;13,09;;4,66;;2,45;3,57;4,32;29,07
08037035;Malalbergo;Bologna;1;9.208;8,57;;6,88;;1,96;3,46;2,90;22,70
08037036;Marzabotto;Bologna;1;6.885;6,37;;8,64;;1,96;5,57;1,52;26,97
08037037;Medicina;Bologna;1;16.703;14,43;;6,11;;1,66;2,01;3,93;25,40
08037038;Minerbio;Bologna;1;8.953;9,88;;11,12;;1,40;2,76;3,75;25,63
08037039;Molinella;Bologna;1;15.726;7,83;;10,16;;1,14;5,64;4,04;30,76
08037040;Monghidoro;Bologna;1;3.850;18,88;;0,83;;2,26;2,75;4,88;31,25
08037042;Monte San Pietro;Bologna;1;10.804;16,73;;15,35;;1,28;2,18;2,55;29,51
08037041;Monterenzio;Bologna;1;6.127;9,32;;13,60;;2,08;2,78;3,79;29,00
08037044;Monzuno;Bologna;1;6.425;16,54;;1,26;;2,59;2,97;6,16;34,71
08037045;Mordano;Bologna;1;4.587;30,36;;6,38;;1,54;1,07;2,46;19,73
08037046;Ozzano dell'Emilia;Bologna;1;14.063;12,75;;5,92;;2,40;4,53;6,42;32,51
08037047;Pianoro;Bologna;1;17.735;7,67;;8,96;;1,72;2,10;3,58;24,19
08037048;Pieve di Cento;Bologna;1;7.333;12,39;;12,93;;2,46;2,22;2,35;26,38
08037050;Sala Bolognese;Bologna;1;8.426;20,18;;9,84;;1,29;3,97;1,73;23,03
08037051;San Benedetto Val di Sambro;Bologna;1;4.190;19,41;;;;3,33;2,66;2,99;29,95
08037052;San Giorgio di Piano;Bologna;1;9.502;8,94;;12,32;;3,29;1,87;2,27;24,76
08037053;San Giovanni in Persiceto;Bologna;1;27.989;19,63;;8,61;;2,35;6,11;1,87;25,67
08037054;San Lazzaro di Savena;Bologna;1;32.774;7,61;;9,36;;1,82;4,93;3,29;26,69
08037055;San Pietro in Casale;Bologna;1;12.953;14,48;;11,91;;2,39;1,97;2,53;25,61
08037056;Sant'Agata Bolognese;Bologna;1;7.343;1,17;;8,20;;1,76;6,16;1,20;21,75
08037057;Sasso Marconi;Bologna;1;14.866;13,18;;15,71;;1,76;2,15;2,10;28,23
08037061;Valsamoggia;Bologna;1;31.953;8,50;;12,99;;2,06;2,62;3,71;27,49
08037059;Vergato;Bologna;1;7.652;3,79;;1,61;;2,00;3,74;5,80;30,36
08037060;Zola Predosa;Bologna;1;19.377;11,28;;15,30;;2,50;3,25;3,65;29,82
04021001;Aldino;Bolzano;1;1.616;12,22;;10,30;;2,55;6,00;;24,35
04021002;Andriano;Bolzano;1;1.045;16,55;;0,62;;2,12;1,86;3,85;21,00
04021003;Anterivo;Bolzano;1;392;13,06;;8,39;;5,48;6,66;;35,27
04021004;Appiano sulla strada del vino;Bolzano;1;14.972;0,41;;15,36;;2,59;3,76;;19,24
04021005;Avelengo;Bolzano;1;796;7,00;;5,59;;;4,80;2,09;19,03
04021006;Badia;Bolzano;1;3.529;5,28;;18,19;;0,81;0,37;0,10;18,54
04021007;Barbiano;Bolzano;1;1.739;21,70;;11,19;;1,17;2,15;;27,58
04021008;Bolzano;Bolzano;1;106.564;20,49;;7,38;;6,94;6,28;2,90;36,43
04021009;Braies;Bolzano;1;697;9,73;;20,97;;2,43;0,13;0,51;22,74
04021010;Brennero;Bolzano;1;2.365;18,45;;11,27;;3,92;2,50;;27,43
04021011;Bressanone;Bolzano;1;23.004;8,97;;10,07;;6,98;12,69;3,63;37,64
04021012;Bronzolo;Bolzano;1;2.753;13,74;;6,35;;2,32;3,50;;16,36
04021013;Brunico;Bolzano;1;17.143;16,34;;8,62;;3,68;6,53;0,95;26,87
04021014;Caines;Bolzano;1;389;11,29;;12,69;;0,62;1,02;;22,00
04021015;Caldaro sulla strada del vino;Bolzano;1;8.161;9,20;;3,83;;5,40;1,50;;16,85
04021016;Campo di Trens;Bolzano;1;2.708;28,20;;1,76;;1,73;0,39;;22,44
04021017;Campo Tures;Bolzano;1;5.730;10,46;;18,71;;1,19;2,20;0,06;26,82
04021018;Castelbello-Ciardes;Bolzano;1;2.366;11,04;;4,89;;;6,16;;20,04
04021019;Castelrotto;Bolzano;1;6.996;14,80;;12,65;;4,62;0,09;;24,41
04021020;Cermes;Bolzano;1;1.539;7,50;;10,72;;1,93;1,05;0,29;20,27
04021021;Chienes;Bolzano;1;3.040;14,05;;6,24;;1,80;1,52;0,95;18,59
04021022;Chiusa;Bolzano;1;5.196;15,73;;5,68;;2,31;1,66;;18,69
04021023;Cornedo all'Isarco;Bolzano;1;3.438;16,07;;16,28;;4,60;1,10;1,90;31,72
04021024;Cortaccia sulla strada del vino;Bolzano;1;2.223;12,83;;4,23;;0,47;2,38;0,33;15,76
04021025;Cortina sulla strada del vino;Bolzano;1;681;17,73;;10,04;;0,88;0,98;;18,91
04021026;Corvara in Badia;Bolzano;1;1.391;5,79;;17,91;;1,12;1,22;1,51;26,39
04021027;Curon Venosta;Bolzano;1;2.373;14,36;;9,85;;1,49;0,47;3,07;22,62
04021028;Dobbiaco;Bolzano;1;3.413;8,55;;7,09;;3,03;1,57;;21,62
04021029;Egna;Bolzano;1;5.529;10,09;;0,06;;0,05;10,43;4,86;18,96
04021030;Falzes;Bolzano;1;3.148;15,48;;2,79;;2,79;1,13;;16,98
04021031;Fie allo Sciliar;Bolzano;1;3.667;22,25;;8,35;;5,52;1,80;2,35;28,61
04021032;Fortezza;Bolzano;1;1.105;18,62;;6,08;;0,46;;1,23;20,77
04021033;Funes;Bolzano;1;2.555;20,43;;7,88;;2,71;1,52;;25,16
04021034;Gais;Bolzano;1;3.225;20,23;;13,79;;0,62;0,97;0,48;20,67
04021035;Gargazzone;Bolzano;1;1.771;11,97;;4,73;;3,17;2,89;0,45;17,47
04021036;Glorenza;Bolzano;1;928;15,68;;1,70;;2,68;0,35;;13,97
04021117;La Valle;Bolzano;1;1.419;19,92;;15,17;;3,63;1,78;1,47;33,16
04021037;Laces;Bolzano;1;5.238;8,74;;4,31;;2,34;3,42;0,62;18,75
04021038;Lagundo;Bolzano;1;4.965;7,09;;3,27;;0,92;9,46;0,50;22,38
04021039;Laion;Bolzano;1;2.813;26,37;;7,53;;5,29;1,83;;28,22
04021040;Laives;Bolzano;1;18.430;25,41;;11,62;;2,68;7,05;7,43;38,45
04021041;Lana;Bolzano;1;12.541;28,04;;6,39;;1,26;;;17,35
04021042;Lasa;Bolzano;1;4.115;13,87;;6,21;;2,30;4,04;1,04;23,61
04021043;Lauregno;Bolzano;1;318;8,60;;6,65;;5,63;11,62;;31,35
04021044;Luson;Bolzano;1;1.583;12,64;;12,83;;1,56;4,48;;29,88
04021045;Magre sulla strada del vino;Bolzano;1;1.328;15,33;;10,45;;2,69;0,32;;14,72
04021046;Malles Venosta;Bolzano;1;5.279;9,42;;5,48;;4,06;7,62;1,99;27,34
04021047;Marebbe;Bolzano;1;3.173;11,61;;5,21;;0,83;0,84;;20,29
04021048;Marlengo;Bolzano;1;2.860;10,13;;1,05;;1,15;6,47;;17,85
04021049;Martello;Bolzano;1;841;10,56;;6,56;;1,94;1,49;;16,14
04021050;Meltina;Bolzano;1;1.734;14,77;;7,69;;1,27;2,49;;23,29
04021051;Merano;Bolzano;1;41.397;26,76;;7,15;;4,54;10,69;5,43;45,15
04021052;Monguelfo-Tesido;Bolzano;1;2.906;29,65;;11,79;;2,37;3,61;1,82;28,93
04021053;Montagna;Bolzano;1;1.722;16,40;;4,02;;0,59;0,94;;16,87
04021054;Moso in Passiria;Bolzano;1;2.021;9,50;;10,41;;1,10;1,57;0,18;17,71
04021055;Nalles;Bolzano;1;2.083;9,77;;2,75;;1,45;4,79;;19,02
04021056;Naturno;Bolzano;1;6.086;10,37;;10,01;;1,13;1,47;;19,75
04021057;Naz-Sciaves;Bolzano;1;3.400;13,44;;5,10;;0,96;3,61;1,60;19,77
04021058;Nova Levante;Bolzano;1;2.076;20,88;;8,78;;0,63;0,38;;24,56
04021059;Nova Ponente;Bolzano;1;4.081;14,46;;4,84;;5,29;1,17;;25,49
04021060;Ora;Bolzano;1;3.857;10,90;;7,32;;2,21;0,67;2,45;22,75
04021061;Ortisei;Bolzano;1;4.764;14,54;;5,59;;2,87;1,28;0,20;19,84
04021062;Parcines;Bolzano;1;3.955;;;12,37;;2,31;0,23;0,67;16,63
04021063;Perca;Bolzano;1;1.710;26,51;;9,88;;3,52;0,94;;24,18
04021064;Plaus;Bolzano;1;757;8,13;;7,93;;0,29;0,67;1,03;16,35
04021066;Postal;Bolzano;1;2.018;10,36;;6,62;;3,71;2,34;;24,10
04021067;Prato allo Stelvio;Bolzano;1;3.856;10,82;;4,31;;1,02;0,07;;14,27
04021068;Predoi;Bolzano;1;509;4,55;;2,14;;2,89;0,22;;22,03
04021069;Proves;Bolzano;1;249;8,57;;2,73;;2,58;11,57;;26,24
04021070;Racines;Bolzano;1;4.655;15,67;;7,21;;0,67;0,43;0,23;19,63
04021071;Rasun-Anterselva;Bolzano;1;2.939;9,75;;5,66;;0,27;3,68;0,43;19,49
04021072;Renon;Bolzano;1;8.156;10,24;;7,34;;1,34;2,09;1,13;17,34
04021073;Rifiano;Bolzano;1;1.365;9,33;;12,31;;0,58;1,17;;21,17
04021074;Rio di Pusteria;Bolzano;1;3.202;16,52;;4,17;;0,95;4,79;0,57;20,64
04021075;Rodengo;Bolzano;1;1.291;27,35;;1,74;;5,90;0,76;;23,67
04021076;Salorno;Bolzano;1;3.810;20,32;;1,44;;1,70;2,48;;18,53
04021077;San Candido;Bolzano;1;3.340;23,03;;11,13;;4,71;3,56;;28,70
04021079;San Genesio Atesino;Bolzano;1;3.014;29,30;;7,41;;3,17;0,97;0,62;22,47
04021080;San Leonardo in Passiria;Bolzano;1;3.641;9,39;;12,36;;1,22;2,40;;20,48
04021081;San Lorenzo di Sebato;Bolzano;1;3.896;8,85;;10,03;;1,83;1,05;;18,63
04021082;San Martino in Badia;Bolzano;1;1.750;5,94;;0,90;;;9,53;0,66;18,79
04021083;San Martino in Passiria;Bolzano;1;3.302;8,68;;5,91;;0,19;2,26;;17,44
04021084;San Pancrazio;Bolzano;1;1.539;15,80;;6,99;;2,79;3,69;;25,81
04021085;Santa Cristina Valgardena;Bolzano;1;2.017;14,45;;8,45;;0,95;1,41;3,76;20,21
04021086;Sarentino;Bolzano;1;7.216;41,72;;10,96;;1,41;2,37;1,81;31,35
04021087;Scena;Bolzano;1;3.025;7,72;;6,00;;0,41;2,97;0,58;16,89
04021088;Selva dei Molini;Bolzano;1;1.384;7,74;;6,55;;0,45;5,50;;21,54
04021089;Selva di Val Gardena;Bolzano;1;2.594;9,55;;9,79;;0,43;2,75;0,05;15,99
04021091;Senales;Bolzano;1;1.242;14,84;;11,99;;0,60;1,01;;17,24
04021118;Senale-San Felice;Bolzano;1;790;7,84;;1,97;;2,87;2,83;0,73;18,27
04021092;Sesto;Bolzano;1;1.846;8,32;;16,28;;1,67;0,82;0,27;24,35
04021093;Silandro;Bolzano;1;6.345;10,17;;19,47;;5,36;;;25,38
04021094;Sluderno;Bolzano;1;1.862;14,12;;4,16;;1,99;5,16;;25,07
04021095;Stelvio;Bolzano;1;1.130;13,83;;11,16;;0,86;3,77;1,10;29,86
04021096;Terento;Bolzano;1;1.799;26,85;;5,93;;0,61;7,02;0,39;22,29
04021097;Terlano;Bolzano;1;4.888;11,05;;16,11;;5,43;0,29;0,49;25,98
04021098;Termeno sulla strada del vino;Bolzano;1;3.356;12,46;;7,77;;1,52;0,53;4,47;17,99
04021099;Tesimo;Bolzano;1;2.016;8,03;;1,77;;6,55;0,86;;25,06
04021100;Tires;Bolzano;1;1.017;16,85;;13,90;;1,60;1,01;;27,82
04021101;Tirolo;Bolzano;1;2.471;7,70;;8,02;;0,23;5,21;1,27;20,43
04021102;Trodena nel parco naturale;Bolzano;1;1.050;20,18;;6,49;;0,07;7,46;;24,26
04021103;Tubre;Bolzano;1;959;11,30;;16,19;;1,67;3,64;0,16;23,69
04021104;Ultimo;Bolzano;1;2.915;16,98;;7,08;;0,80;2,17;;19,11
04021105;Vadena;Bolzano;1;1.101;21,35;;13,92;;0,48;0,48;;26,20
04021107;Val di Vizze;Bolzano;1;3.096;26,34;;5,60;;0,52;1,93;;18,64
04021106;Valdaora;Bolzano;1;3.207;9,54;;8,04;;0,70;1,15;1,79;18,21
04021109;Valle di Casies;Bolzano;1;2.313;7,29;;10,33;;0,16;;;15,47
04021110;Vandoies;Bolzano;1;3.357;20,96;;10,16;;1,81;2,63;;19,79
04021111;Varna;Bolzano;1;5.045;26,71;;2,55;;;0,09;2,45;24,74
04021116;Velturno;Bolzano;1;3.080;16,38;;11,09;;1,15;1,75;;22,37
04021112;Verano;Bolzano;1;996;10,75;;9,26;;0,89;5,02;1,01;23,94
04021113;Villabassa;Bolzano;1;1.630;12,71;;23,59;;1,83;3,35;3,82;37,09
04021114;Villandro;Bolzano;1;1.887;20,15;;11,40;;4,12;1,28;;26,27
04021115;Vipiteno;Bolzano;1;6.955;20,29;;11,65;;5,50;1,31;;27,72
03017001;Acquafredda;Brescia;1;1.545;21,63;;6,29;;1,00;3,96;1,83;20,99
03017002;Adro;Brescia;1;7.151;8,46;;11,29;;0,70;5,57;1,42;23,75
03017003;Agnosine;Brescia;1;1.636;11,50;;11,57;;2,63;7,05;4,32;31,66
03017004;Alfianello;Brescia;1;2.287;31,37;;16,94;;0,35;1,92;3,20;32,69
03017005;Anfo;Brescia;1;442;14,88;;12,59;;;10,80;4,55;34,35
03017006;Angolo Terme;Brescia;1;2.302;14,15;;16,42;;5,83;5,13;6,24;40,53
03017007;Artogne;Brescia;1;3.625;9,58;;14,30;;3,08;4,84;3,41;33,07
03017008;Azzano Mella;Brescia;1;3.509;25,99;;9,18;;0,38;3,49;2,41;22,12
03017009;Bagnolo Mella;Brescia;1;12.432;14,79;;6,39;;1,56;3,77;3,14;19,23
03017010;Bagolino;Brescia;1;3.782;9,41;;17,50;;;3,87;2,37;25,86
03017011;Barbariga;Brescia;1;2.321;9,28;;13,03;;3,17;4,02;0,71;25,71
03017012;Barghe;Brescia;1;1.142;24,78;;10,72;;1,51;7,04;2,39;30,71
03017013;Bassano Bresciano;Brescia;1;2.327;17,30;;15,17;;0,88;3,26;1,96;32,03
03017014;Bedizzole;Brescia;1;12.244;9,29;;7,39;;1,74;2,20;1,98;17,57
03017016;Berzo Demo;Brescia;1;1.482;13,03;;17,54;;4,46;8,53;2,18;40,33
03017017;Berzo Inferiore;Brescia;1;2.463;9,35;;15,25;;1,97;4,01;2,35;30,76
03017018;Bienno;Brescia;1;3.771;9,94;;13,25;;3,67;2,96;5,61;31,92
03017019;Bione;Brescia;1;1.298;13,75;;12,04;;1,07;4,75;2,46;27,36
03017020;Borgo San Giacomo;Brescia;1;5.515;47,81;;;;1,25;5,26;6,17;26,31
03017021;Borgosatollo;Brescia;1;9.113;7,98;;8,92;;0,84;0,67;1,69;17,79
03017022;Borno;Brescia;1;2.435;9,67;;14,00;;4,63;2,64;2,69;30,63
03017023;Botticino;Brescia;1;10.729;28,74;;14,28;;2,84;1,83;4,32;31,71
03017025;Bovezzo;Brescia;1;7.307;5,73;;10,82;;5,53;3,21;4,44;28,52
03017026;Brandico;Brescia;1;1.732;11,05;;6,23;;0,25;6,05;3,89;23,09
03017027;Braone;Brescia;1;690;15,28;;11,36;;1,95;4,89;1,38;26,23
03017028;Breno;Brescia;1;4.627;19,50;;12,26;;1,60;2,42;4,34;29,01
03017029;Brescia;Brescia;1;198.688;9,29;;15,98;;8,02;3,09;3,49;33,61
03017030;Brione;Brescia;1;749;12,98;;12,31;;;4,39;1,31;27,19
03017031;Caino;Brescia;1;2.187;7,32;;17,45;;3,08;5,81;2,76;30,72
03017032;Calcinato;Brescia;1;13.038;10,02;;8,05;;0,26;3,61;1,92;19,71
03017033;Calvagese della Riviera;Brescia;1;3.703;12,83;;10,34;;1,08;4,72;4,01;27,37
03017034;Calvisano;Brescia;1;8.381;15,89;;11,66;;1,45;6,85;1,99;27,04
03017035;Capo di Ponte;Brescia;1;2.294;24,78;;15,60;;3,31;4,24;1,71;33,74
03017036;Capovalle;Brescia;1;335;10,23;;7,59;;;11,62;4,28;30,24
03017037;Capriano del Colle;Brescia;1;4.797;14,08;;13,57;;2,57;5,74;0,88;27,77
03017038;Capriolo;Brescia;1;9.383;4,38;;9,05;;1,18;2,72;4,20;23,98
03017039;Carpenedolo;Brescia;1;13.033;6,82;;8,05;;1,21;6,09;3,55;24,83
03017040;Castegnato;Brescia;1;8.379;5,98;;9,57;;1,55;4,49;2,17;24,04
03017042;Castel Mella;Brescia;1;10.869;10,04;;10,09;;1,95;3,33;1,31;23,16
03017041;Castelcovati;Brescia;1;6.932;11,33;;5,88;;1,75;6,19;2,21;22,30
03017043;Castenedolo;Brescia;1;11.711;7,68;;6,21;;2,26;5,54;2,71;23,87
03017044;Casto;Brescia;1;1.626;16,64;;12,45;;0,34;4,48;4,24;28,95
03017045;Castrezzato;Brescia;1;7.716;17,52;;10,13;;0,56;2,39;4,17;22,73
03017046;Cazzago San Martino;Brescia;1;10.779;4,93;;8,94;;0,97;4,91;2,21;24,20
03017047;Cedegolo;Brescia;1;1.105;14,64;;15,54;;5,33;3,01;2,04;34,63
03017048;Cellatica;Brescia;1;4.837;23,46;;7,80;;1,72;5,00;6,51;31,09
03017049;Cerveno;Brescia;1;695;17,37;;14,10;;0,30;6,75;1,92;31,02
03017050;Ceto;Brescia;1;1.769;11,34;;13,30;;0,86;4,80;1,63;27,13
03017051;Cevo;Brescia;1;801;8,17;;15,20;;11,14;2,71;1,75;33,62
03017052;Chiari;Brescia;1;19.348;10,18;;7,89;;1,44;3,29;1,37;18,72
03017053;Cigole;Brescia;1;1.487;6,68;;10,13;;1,23;1,22;1,71;22,42
03017054;Cimbergo;Brescia;1;533;3,91;;14,54;;2,86;8,43;1,61;27,99
03017055;Cividate Camuno;Brescia;1;2.677;21,30;;13,19;;0,46;3,33;1,91;28,27
03017056;Coccaglio;Brescia;1;8.855;6,21;;10,10;;3,19;3,54;3,69;26,82
03017057;Collebeato;Brescia;1;4.434;10,96;;9,52;;2,01;6,40;2,23;26,50
03017059;Cologne;Brescia;1;7.627;8,10;;12,05;;2,47;2,93;3,72;28,00
03017060;Comezzano-Cizzago;Brescia;1;4.146;5,33;;13,46;;1,31;1,84;2,27;23,11
03017061;Concesio;Brescia;1;15.684;6,26;;4,10;;3,07;3,60;3,51;19,85
03017062;Corte Franca;Brescia;1;7.178;6,99;;8,58;;2,05;2,37;2,35;23,21
03017063;Corteno Golgi;Brescia;1;1.914;8,98;;18,15;;5,74;5,05;1,93;34,93
03017064;Corzano;Brescia;1;1.439;7,12;;8,09;;0,30;2,22;7,07;21,05
03017065;Darfo Boario Terme;Brescia;1;15.787;14,48;;13,34;;1,54;2,43;2,55;28,49
03017066;Dello;Brescia;1;5.671;12,39;;13,42;;1,56;2,52;0,25;25,93
03017067;Desenzano del Garda;Brescia;1;29.251;10,68;;12,68;;2,55;4,38;2,56;28,17
03017068;Edolo;Brescia;1;4.383;12,11;;13,29;;2,82;1,79;1,65;28,03
03017070;Esine;Brescia;1;5.057;7,78;;12,79;;2,03;3,44;3,32;28,69
03017071;Fiesse;Brescia;1;2.021;9,47;;16,45;;3,66;2,00;1,28;30,77
03017072;Flero;Brescia;1;8.732;11,73;;11,70;;1,58;3,42;2,97;24,14
03017073;Gambara;Brescia;1;4.551;6,60;;10,65;;1,44;1,22;1,24;22,82
03017074;Gardone Riviera;Brescia;1;2.607;16,93;;17,30;;7,36;8,89;6,57;47,35
03017075;Gardone Val Trompia;Brescia;1;11.348;9,29;;12,73;;3,31;6,07;5,13;31,07
03017076;Gargnano;Brescia;1;2.665;37,03;;14,68;;3,14;7,13;7,97;48,38
03017077;Gavardo;Brescia;1;12.361;15,48;;9,33;;2,31;4,73;4,90;27,95
03017078;Ghedi;Brescia;1;18.546;7,15;;7,23;;1,98;6,39;1,62;22,86
03017079;Gianico;Brescia;1;2.104;20,25;;10,99;;0,52;2,70;1,55;24,60
03017080;Gottolengo;Brescia;1;5.022;10,03;;12,92;;1,91;1,07;2,00;24,21
03017081;Gussago;Brescia;1;16.597;16,04;;9,69;;1,44;2,18;2,06;23,08
03017082;Idro;Brescia;1;1.866;13,52;;13,74;;1,67;5,59;5,14;31,97
03017083;Incudine;Brescia;1;347;8,41;;16,22;;16,27;8,32;1,83;48,55
03017084;Irma;Brescia;1;129;10,55;;35,25;;;12,77;12,52;56,83
03017085;Iseo;Brescia;1;8.962;8,95;;11,37;;5,02;3,09;2,49;27,99
03017086;Isorella;Brescia;1;4.072;9,08;;10,22;;0,53;5,13;2,49;25,07
03017087;Lavenone;Brescia;1;488;13,13;;18,13;;;8,14;6,23;37,05
03017088;Leno;Brescia;1;14.423;15,72;;6,12;;2,53;5,83;2,72;22,98
03017089;Limone sul Garda;Brescia;1;1.093;13,66;;12,25;;3,48;4,17;2,08;28,43
03017090;Lodrino;Brescia;1;1.632;10,42;;26,80;;0,25;8,23;3,31;36,80
03017091;Lograto;Brescia;1;3.792;5,83;;4,84;;0,73;1,66;1,67;13,41
03017092;Lonato del Garda;Brescia;1;17.009;16,75;;8,79;;1,39;5,00;3,22;25,85
03017093;Longhena;Brescia;1;564;16,97;;14,68;;0,73;2,84;0,69;21,73
03017094;Losine;Brescia;1;623;48,47;;9,05;;0,83;8,74;2,86;35,31
03017095;Lozio;Brescia;1;355;7,00;;28,39;;0,25;11,74;3,72;44,86
03017096;Lumezzane;Brescia;1;21.576;3,64;;12,34;;2,78;5,80;5,56;30,06
03017098;Magasa;Brescia;1;102;26,22;;10,01;;;7,78;;38,38
03017099;Mairano;Brescia;1;3.478;10,01;;7,45;;1,64;3,81;7,09;26,35
03017100;Malegno;Brescia;1;1.929;12,49;;15,32;;3,48;5,55;2,07;33,43
03017101;Malonno;Brescia;1;2.975;8,72;;12,84;;4,71;1,46;2,74;27,67
03017102;Manerba del Garda;Brescia;1;5.351;17,40;;9,76;;2,21;4,49;5,16;29,87
03017103;Manerbio;Brescia;1;13.484;7,99;;11,74;;1,05;3,62;2,79;25,37
03017104;Marcheno;Brescia;1;4.169;5,67;;12,16;;1,37;7,70;10,20;36,29
03017106;Marone;Brescia;1;3.095;13,89;;11,83;;2,15;2,73;2,51;25,29
03017107;Mazzano;Brescia;1;12.697;4,79;;7,62;;2,28;4,97;2,77;24,55
03017109;Moniga del Garda;Brescia;1;2.650;10,75;;11,46;;4,37;4,99;2,48;30,68
03017110;Monno;Brescia;1;517;10,03;;19,36;;2,47;6,40;2,12;34,45
03017113;Montichiari;Brescia;1;26.367;7,23;;6,30;;1,98;5,07;1,25;20,11
03017114;Montirone;Brescia;1;5.055;14,40;;9,12;;1,38;5,80;1,32;23,48
03017115;Mura;Brescia;1;779;10,80;;16,63;;8,11;6,84;4,64;41,12
03017116;Muscoline;Brescia;1;2.701;11,65;;9,65;;0,63;5,66;2,93;25,59
03017117;Nave;Brescia;1;10.606;6,11;;11,39;;4,09;3,32;4,12;28,09
03017118;Niardo;Brescia;1;1.965;28,25;;12,87;;0,49;6,16;1,86;30,79
03017119;Nuvolento;Brescia;1;3.902;8,49;;12,48;;3,01;6,88;3,43;32,40
03017120;Nuvolera;Brescia;1;4.765;5,16;;12,61;;2,58;6,89;3,26;31,09
03017121;Odolo;Brescia;1;1.889;10,81;;12,75;;0,57;6,90;4,24;29,80
03017122;Offlaga;Brescia;1;4.123;15,14;;14,39;;2,22;3,84;0,19;30,72
03017123;Ome;Brescia;1;3.156;9,72;;23,20;;5,71;4,15;2,58;32,65
03017124;Ono San Pietro;Brescia;1;953;24,08;;15,55;;2,92;7,40;2,11;36,87
03017125;Orzinuovi;Brescia;1;12.470;5,84;;8,58;;2,64;1,51;1,37;18,27
03017126;Orzivecchi;Brescia;1;2.509;8,73;;13,48;;2,27;1,21;1,98;24,36
03017127;Ospitaletto;Brescia;1;14.905;3,67;;9,30;;2,23;6,15;3,27;22,28
03017128;Ossimo;Brescia;1;1.453;22,47;;12,44;;1,73;7,18;4,59;34,83
03017129;Padenghe sul Garda;Brescia;1;4.879;14,40;;10,66;;4,48;5,28;1,23;31,78
03017130;Paderno Franciacorta;Brescia;1;3.678;8,42;;11,32;;1,36;5,74;1,12;25,48
03017131;Paisco Loveno;Brescia;1;167;31,50;;19,37;;;29,79;2,39;62,72
03017132;Paitone;Brescia;1;2.191;16,11;;10,46;;;8,37;3,36;28,98
03017133;Palazzolo sull'Oglio;Brescia;1;20.264;9,59;;8,92;;2,31;3,99;2,10;23,28
03017134;Paratico;Brescia;1;4.997;3,47;;11,02;;1,72;4,11;3,13;23,22
03017135;Paspardo;Brescia;1;578;6,72;;12,98;;1,59;7,35;3,28;30,33
03017136;Passirano;Brescia;1;6.890;9,59;;10,81;;1,09;3,66;1,78;24,89
03017137;Pavone del Mella;Brescia;1;2.730;5,53;;14,63;;1,14;2,46;2,25;23,28
03017139;Pertica Alta;Brescia;1;554;10,64;;9,56;;7,71;3,91;4,02;31,29
03017140;Pertica Bassa;Brescia;1;567;7,04;;10,39;;;7,53;4,23;27,70
03017141;Pezzaze;Brescia;1;1.441;4,93;;20,63;;;5,55;3,13;29,16
03017142;Pian Camuno;Brescia;1;4.785;12,94;;12,78;;2,09;2,45;2,86;27,32
03017206;Piancogno;Brescia;1;4.776;10,61;;14,46;;1,81;4,78;3,20;31,06
03017143;Pisogne;Brescia;1;7.902;9,16;;9,93;;3,16;1,69;4,66;25,91
03017144;Polaveno;Brescia;1;2.477;4,46;;12,57;;0,61;4,45;2,88;24,14
03017145;Polpenazze del Garda;Brescia;1;2.745;11,18;;19,24;;0,79;4,79;2,91;35,11
03017147;Poncarale;Brescia;1;5.186;11,50;;11,03;;1,50;5,62;3,86;27,69
03017148;Ponte di Legno;Brescia;1;1.752;12,00;;16,20;;17,25;10,32;1,95;54,26
03017149;Pontevico;Brescia;1;7.013;7,15;;10,37;;1,27;3,33;0,85;21,04
03017150;Pontoglio;Brescia;1;7.003;15,84;;9,27;;3,35;3,63;5,61;26,32
03017151;Pozzolengo;Brescia;1;3.576;8,37;;14,20;;2,19;5,45;1,20;28,30
03017152;Pralboino;Brescia;1;2.813;8,82;;10,13;;0,59;3,28;0,79;21,65
03017153;Preseglie;Brescia;1;1.457;14,65;;12,30;;0,07;4,67;3,17;27,00
03017155;Prevalle;Brescia;1;6.876;14,03;;14,74;;0,27;2,51;0,73;26,05
03017156;Provaglio d'Iseo;Brescia;1;7.083;8,66;;10,38;;0,45;5,57;1,50;23,15
03017157;Provaglio Val Sabbia;Brescia;1;860;6,47;;11,12;;3,03;5,68;3,12;28,57
03017158;Puegnago sul Garda;Brescia;1;3.466;11,71;;12,04;;0,60;3,72;3,48;26,38
03017159;Quinzano d'Oglio;Brescia;1;6.231;7,37;;6,69;;1,63;2,53;3,04;20,08
03017160;Remedello;Brescia;1;3.418;16,99;;7,71;;1,91;6,78;3,93;27,12
03017161;Rezzato;Brescia;1;13.475;14,12;;10,58;;2,25;4,95;1,29;24,65
03017162;Roccafranca;Brescia;1;4.910;3,37;;8,16;;1,93;1,81;2,12;19,59
03017163;Rodengo Saiano;Brescia;1;9.925;8,83;;13,60;;2,65;2,22;0,57;23,33
03017164;Roe Volciano;Brescia;1;4.336;19,19;;10,87;;0,28;5,21;4,71;28,30
03017166;Rovato;Brescia;1;19.477;4,48;;9,30;;2,62;3,12;1,81;21,78
03017168;Sabbio Chiese;Brescia;1;4.045;10,49;;10,37;;0,23;4,84;2,92;24,12
03017169;Sale Marasino;Brescia;1;3.273;18,24;;9,82;;2,40;4,78;1,12;25,21
03017170;Salo;Brescia;1;10.394;21,48;;11,93;;3,65;4,81;3,78;33,09
03017171;San Felice del Benaco;Brescia;1;3.443;7,92;;10,89;;2,48;6,12;1,51;26,52
03017172;San Gervasio Bresciano;Brescia;1;2.674;17,34;;11,38;;0,32;2,64;7,72;29,62
03017173;San Zeno Naviglio;Brescia;1;4.672;7,06;;9,67;;2,75;4,70;3,26;25,86
03017174;Sarezzo;Brescia;1;13.210;8,14;;11,62;;3,04;4,35;2,80;25,66
03017175;Saviore dell'Adamello;Brescia;1;788;6,41;;14,64;;8,37;6,59;1,68;34,11
03017176;Sellero;Brescia;1;1.374;9,54;;12,64;;8,49;1,92;1,68;31,57
03017178;Serle;Brescia;1;3.089;22,79;;12,92;;;5,47;2,84;28,05
03017179;Sirmione;Brescia;1;8.312;4,74;;7,42;;4,18;3,72;1,72;21,63
03017180;Soiano del Lago;Brescia;1;1.913;18,75;;12,82;;0,92;5,51;2,11;30,78
03017181;Sonico;Brescia;1;1.188;16,29;;13,57;;;5,82;3,57;30,57
03017182;Sulzano;Brescia;1;1.941;13,16;;15,64;;2,68;3,78;3,03;30,51
03017184;Temu;Brescia;1;1.151;6,91;;8,25;;3,17;6,58;1,72;25,03
03017185;Tignale;Brescia;1;1.157;8,24;;14,81;;6,74;4,59;1,60;33,37
03017186;Torbole Casaglia;Brescia;1;6.441;;;14,71;;0,23;4,50;1,62;24,11
03017187;Toscolano-Maderno;Brescia;1;7.657;13,39;;13,43;;2,95;5,92;3,51;33,31
03017188;Travagliato;Brescia;1;13.848;4,47;;9,01;;2,10;6,92;0,25;21,96
03017189;Tremosine sul Garda;Brescia;1;2.089;12,32;;14,45;;1,59;5,48;2,56;35,41
03017190;Trenzano;Brescia;1;5.511;14,59;;13,81;;3,89;5,03;1,58;28,90
03017191;Treviso Bresciano;Brescia;1;524;7,28;;7,74;;;9,06;2,25;23,98
03017192;Urago d'Oglio;Brescia;1;3.773;21,04;;11,48;;0,40;1,15;6,39;25,00
03017193;Vallio Terme;Brescia;1;1.410;23,13;;7,57;;2,86;6,83;2,05;26,21
03017194;Valvestino;Brescia;1;162;33,32;;13,63;;5,18;9,96;9,75;66,35
03017195;Verolanuova;Brescia;1;8.076;9,20;;9,02;;0,59;3,25;0,35;17,88
03017196;Verolavecchia;Brescia;1;3.812;8,74;;9,11;;0,15;1,99;1,03;19,48
03017197;Vestone;Brescia;1;4.117;16,48;;11,54;;;4,99;3,07;26,69
03017198;Vezza d'Oglio;Brescia;1;1.487;12,58;;15,65;;2,30;3,83;2,24;31,56
03017199;Villa Carcina;Brescia;1;10.705;5,85;;14,47;;0,43;1,94;4,43;23,88
03017200;Villachiara;Brescia;1;1.366;14,63;;12,37;;2,39;5,16;2,14;27,23
03017201;Villanuova sul Clisi;Brescia;1;5.870;15,45;;9,36;;1,10;3,79;3,40;24,45
03017202;Vione;Brescia;1;629;25,72;;16,59;;8,97;8,95;3,01;49,77
03017203;Visano;Brescia;1;1.979;14,46;;7,79;;1,77;5,50;2,63;25,38
03017204;Vobarno;Brescia;1;8.309;18,73;;10,21;;0,38;3,95;2,80;24,89
03017205;Zone;Brescia;1;1.027;22,62;;15,80;;;3,85;;26,50
16074001;Brindisi;Brindisi;1;82.268;11,01;;34,77;;13,08;1,86;4,47;57,63
16074002;Carovigno;Brindisi;1;16.975;4,88;;21,30;;5,85;2,80;4,45;40,28
16074003;Ceglie Messapica;Brindisi;1;18.616;7,57;;22,40;;2,62;5,45;4,70;39,71
16074004;Cellino San Marco;Brindisi;1;6.004;9,71;;20,19;;1,69;3,75;8,66;46,65
16074005;Cisternino;Brindisi;1;11.083;30,59;;19,72;;6,34;2,96;2,59;43,10
16074007;Fasano;Brindisi;1;38.665;18,03;;31,95;;2,71;1,73;1,59;46,22
16074008;Francavilla Fontana;Brindisi;1;34.720;7,91;;15,28;;3,93;8,27;7,34;45,59
16074010;Mesagne;Brindisi;1;26.120;11,94;;20,59;;5,29;2,02;0,31;33,50
16074012;Ostuni;Brindisi;1;29.908;7,84;;28,57;;6,30;2,01;1,99;46,26
16074013;San Donaci;Brindisi;1;6.140;13,44;;28,44;;8,78;5,32;0,45;52,78
16074014;San Michele Salentino;Brindisi;1;6.074;9,52;;8,91;;3,91;9,84;1,32;37,62
16074016;San Pietro Vernotico;Brindisi;1;13.004;6,87;;27,05;;3,55;5,28;0,49;42,36
16074017;San Vito dei Normanni;Brindisi;1;17.937;5,73;;14,54;;6,51;4,03;1,40;37,62
16074018;Torchiarolo;Brindisi;1;5.267;7,16;;20,61;;6,84;5,73;1,44;43,51
16074019;Torre Santa Susanna;Brindisi;1;10.077;5,16;;10,57;;4,29;9,05;1,10;39,27
20092003;Assemini;Cagliari [fino 2024];1;25.757;31,48;;14,59;;5,24;3,93;5,17;41,68
20092009;Cagliari;Cagliari [fino 2024];1;147.378;17,17;;21,82;;13,47;6,44;12,68;63,94
20092011;Capoterra;Cagliari [fino 2024];1;23.175;17,27;;8,42;;4,39;1,30;2,78;23,84
20092015;Decimomannu;Cagliari [fino 2024];1;8.371;5,03;;6,15;;2,63;11,67;1,26;31,44
20092108;Elmas;Cagliari [fino 2024];1;9.509;11,37;;15,70;;3,95;5,04;2,49;28,34
20092037;Maracalagonis;Cagliari [fino 2024];1;7.897;40,69;;15,03;;4,27;3,90;6,07;39,32
20092109;Monserrato;Cagliari [fino 2024];1;18.821;37,18;;33,88;;1,71;4,34;3,35;48,34
20092050;Pula;Cagliari [fino 2024];1;7.105;20,83;;18,78;;4,22;2,55;2,92;36,13
20092051;Quartu Sant'Elena;Cagliari [fino 2024];1;68.463;10,61;;30,55;;15,60;3,78;2,13;58,05
20092105;Quartucciu;Cagliari [fino 2024];1;12.842;8,87;;14,94;;7,03;6,82;1,98;38,79
20092066;Sarroch;Cagliari [fino 2024];1;5.001;12,38;;21,42;;6,14;9,26;8,71;53,15
20092068;Selargius;Cagliari [fino 2024];1;28.392;22,98;;18,38;;7,52;1,50;6,49;49,85
20092074;Sestu;Cagliari [fino 2024];1;20.769;17,67;;11,80;;6,13;3,03;0,70;32,32
20092075;Settimo San Pietro;Cagliari [fino 2024];1;6.965;24,30;;18,99;;4,44;3,49;0,27;38,04
20092080;Sinnai;Cagliari [fino 2024];1;17.271;20,82;;16,21;;4,73;10,68;0,89;44,58
20092090;Uta;Cagliari [fino 2024];1;8.883;17,37;;11,51;;2,68;4,43;1,61;27,54
20092099;Villa San Pietro;Cagliari [fino 2024];1;2.162;21,85;;11,87;;3,63;5,48;4,21;35,66
19085001;Acquaviva Platani;Caltanissetta;1;855;6,94;;7,48;;2,83;6,25;3,97;30,79
19085002;Bompensiere;Caltanissetta;1;479;8,52;;14,75;;2,07;18,79;0,86;45,37
19085003;Butera;Caltanissetta;1;4.123;82,18;;11,14;;6,05;18,32;3,44;68,17
19085004;Caltanissetta;Caltanissetta;1;58.342;5,09;;23,57;;4,48;9,23;3,09;45,55
19085005;Campofranco;Caltanissetta;1;2.596;12,36;;22,90;;;5,99;1,85;42,93
19085008;Marianopoli;Caltanissetta;1;1.561;15,97;;13,73;;7,85;15,31;10,88;59,74
19085010;Milena;Caltanissetta;1;2.660;11,68;;16,65;;2,37;8,78;1,66;39,69
19085011;Montedoro;Caltanissetta;1;1.356;13,03;;17,29;;8,30;7,78;1,19;45,19
19085012;Mussomeli;Caltanissetta;1;9.919;7,54;;16,01;;1,54;2,49;0,85;30,89
19085013;Niscemi;Caltanissetta;1;24.810;8,89;;26,17;;4,58;2,42;4,63;38,72
19085014;Resuttano;Caltanissetta;1;1.717;14,73;;17,99;;0,23;5,00;1,63;36,81
19085015;Riesi;Caltanissetta;1;10.401;17,94;;17,79;;11,57;1,79;1,40;40,76
19085016;San Cataldo;Caltanissetta;1;20.659;19,75;;27,96;;8,71;9,21;1,28;57,35
19085017;Santa Caterina Villarmosa;Caltanissetta;1;4.578;10,97;;22,34;;3,66;7,48;2,04;46,87
19085018;Serradifalco;Caltanissetta;1;5.454;9,22;;15,30;;8,63;5,43;1,60;41,62
19085020;Sutera;Caltanissetta;1;1.162;14,78;;16,86;;4,43;11,28;2,00;45,08
19085021;Vallelunga Pratameno;Caltanissetta;1;3.057;7,04;;13,43;;1,83;8,46;13,47;50,62
19085022;Villalba;Caltanissetta;1;1.390;11,76;;12,77;;3,84;5,43;4,19;42,09
14070001;Acquaviva Collecroce;Campobasso;1;556;42,42;;26,30;;11,21;2,61;0,44;56,63
14070002;Baranello;Campobasso;1;2.460;5,29;;;;;0,96;;44,66
14070003;Bojano;Campobasso;1;7.537;5,99;;17,45;;1,47;2,67;6,55;25,05
14070004;Bonefro;Campobasso;1;1.191;13,20;;22,33;;5,71;3,40;0,92;38,17
14070005;Busso;Campobasso;1;1.159;22,16;;20,09;;0,84;2,07;;35,24
14070006;Campobasso;Campobasso;1;47.449;2,13;;29,45;;4,09;5,61;4,96;44,09
14070007;Campochiaro;Campobasso;1;578;4,82;;22,65;;;4,48;36,02;79,17
14070009;Campolieto;Campobasso;1;863;32,38;;22,92;;5,60;5,17;0,54;44,40
14070010;Campomarino;Campobasso;1;7.867;3,62;;23,00;;6,44;6,56;6,45;37,25
14070011;Casacalenda;Campobasso;1;1.843;10,11;;27,79;;8,46;5,77;5,66;42,47
14070012;Casalciprano;Campobasso;1;443;32,68;;53,02;;3,03;5,23;;58,05
14070013;Castelbottaccio;Campobasso;1;236;26,32;;30,05;;15,11;8,17;4,07;59,17
14070015;Castelmauro;Campobasso;1;1.141;33,10;;20,68;;2,18;17,28;;49,91
14070016;Castropignano;Campobasso;1;868;18,57;;;;;2,34;16,88;35,75
14070018;Cercepiccola;Campobasso;1;639;26,04;;34,61;;8,07;11,62;0,87;61,49
14070020;Colle d'Anchise;Campobasso;1;737;13,36;;44,25;;6,51;10,23;1,60;46,25
14070021;Colletorto;Campobasso;1;1.643;12,47;;13,51;;6,86;7,00;1,03;34,24
14070022;Duronia;Campobasso;1;392;13,44;;;;13,49;3,01;7,14;48,61
14070023;Ferrazzano;Campobasso;1;3.337;21,72;;29,73;;5,07;1,57;1,88;41,81
14070027;Guardialfiera;Campobasso;1;942;28,05;;;;10,90;4,68;1,50;27,29
14070028;Guardiaregia;Campobasso;1;689;7,16;;9,74;;3,42;16,40;6,81;36,55
14070029;Guglionesi;Campobasso;1;4.865;6,28;;20,78;;;1,65;1,30;23,67
14070031;Larino;Campobasso;1;6.334;7,58;;21,21;;0,71;3,18;3,51;31,10
14070032;Limosano;Campobasso;1;668;21,70;;;;0,64;10,95;7,58;44,98
14070033;Lucito;Campobasso;1;630;;;11,08;;7,23;2,66;0,32;27,52
14070034;Lupara;Campobasso;1;399;16,33;;10,57;;4,49;3,21;8,34;43,64
14070035;Macchia Valfortore;Campobasso;1;470;24,10;;;;;49,63;;68,22
14070036;Mafalda;Campobasso;1;1.086;1,73;;33,28;;1,23;4,97;;35,81
14070037;Matrice;Campobasso;1;1.043;19,86;;26,36;;1,51;25,01;;51,52
14070040;Monacilioni;Campobasso;1;464;15,38;;10,99;;8,10;20,64;;46,85
14070042;Montecilfone;Campobasso;1;1.219;9,51;;19,75;;7,95;6,60;11,33;48,59
14070043;Montefalcone nel Sannio;Campobasso;1;1.349;110,81;;28,85;;;;1,59;41,12
14070044;Montelongo;Campobasso;1;295;;;28,66;;;5,18;0,33;27,64
14070046;Montenero di Bisaccia;Campobasso;1;6.237;15,63;;18,66;;0,10;5,21;6,26;34,26
14070047;Montorio nei Frentani;Campobasso;1;354;11,44;;56,15;;2,34;8,37;4,36;57,40
14070049;Oratino;Campobasso;1;1.712;38,15;;15,57;;1,63;2,62;;38,31
14070050;Palata;Campobasso;1;1.500;9,16;;15,14;;2,11;3,05;0,79;26,64
14070051;Petacciato;Campobasso;1;3.488;6,31;;17,34;;0,70;5,71;4,27;29,08
14070052;Petrella Tifernina;Campobasso;1;1.029;1,68;;16,13;;2,18;4,29;0,07;23,73
14070053;Pietracatella;Campobasso;1;1.234;11,81;;19,14;;1,33;7,62;;33,91
14070055;Portocannone;Campobasso;1;2.320;5,57;;16,13;;1,56;3,18;3,24;24,80
14070060;Roccavivara;Campobasso;1;606;28,20;;31,29;;0,53;6,81;2,83;42,46
14070061;Rotello;Campobasso;1;1.118;18,30;;31,82;;0,75;10,40;;41,73
14070064;San Felice del Molise;Campobasso;1;541;14,96;;16,47;;1,17;3,00;5,73;30,52
14070065;San Giacomo degli Schiavoni;Campobasso;1;1.369;4,90;;17,05;;5,84;3,80;5,16;31,49
14070067;San Giuliano del Sannio;Campobasso;1;975;19,07;;34,16;;6,70;3,28;0,28;45,63
14070068;San Giuliano di Puglia;Campobasso;1;973;;;34,36;;1,09;1,36;0,22;31,73
14070069;San Martino in Pensilis;Campobasso;1;4.469;20,48;;19,14;;4,19;5,16;0,61;36,73
14070070;San Massimo;Campobasso;1;827;4,88;;51,34;;;7,41;3,04;32,14
14070072;Santa Croce di Magliano;Campobasso;1;3.918;12,99;;;;5,16;2,92;1,64;32,43
14070077;Tavenna;Campobasso;1;586;55,20;;10,33;;0,37;11,24;;51,12
14070078;Termoli;Campobasso;1;31.980;7,42;;13,20;;4,16;4,04;4,78;32,48
14070081;Trivento;Campobasso;1;4.343;13,20;;26,68;;1,33;3,01;2,25;35,25
14070082;Tufara;Campobasso;1;774;26,34;;9,66;;2,90;10,46;3,06;42,77
14070083;Ururi;Campobasso;1;2.412;12,12;;19,32;;5,33;6,71;6,96;42,56
14070084;Vinchiaturo;Campobasso;1;3.379;7,21;;24,79;;6,64;0,73;0,31;33,19
15061001;Ailano;Caserta;1;1.142;14,08;;31,34;;10,72;3,58;14,82;69,57
15061002;Alife;Caserta;1;7.360;22,14;;24,03;;3,68;;;45,52
15061003;Alvignano;Caserta;1;4.460;8,55;;25,69;;2,22;3,70;5,75;43,47
15061004;Arienzo;Caserta;1;5.379;27,88;;31,08;;5,00;3,43;4,01;55,55
15061005;Aversa;Caserta;1;49.526;29,40;;14,41;;5,20;1,94;6,86;52,03
15061006;Baia e Latina;Caserta;1;2.004;23,95;;20,91;;8,59;3,72;;48,95
15061008;Caianello;Caserta;1;1.762;17,36;;9,12;;3,24;2,70;2,38;32,26
15061009;Caiazzo;Caserta;1;5.145;21,97;;19,26;;3,33;3,34;0,65;36,56
15061011;Camigliano;Caserta;1;1.970;;;;;3,60;3,60;15,40;39,98
15061012;Cancello ed Arnone;Caserta;1;5.677;13,76;;17,36;;9,66;1,16;0,25;39,44
15061013;Capodrise;Caserta;1;10.030;41,12;;8,37;;4,16;3,00;3,09;40,93
15061015;Capua;Caserta;1;17.791;6,13;;36,13;;6,63;3,62;3,89;49,96
15061016;Carinaro;Caserta;1;7.092;5,28;;16,65;;2,08;1,80;3,20;33,29
15061017;Carinola;Caserta;1;7.075;8,03;;25,87;;2,18;4,58;15,26;62,90
15061018;Casagiove;Caserta;1;12.868;26,90;;32,34;;6,25;1,06;2,66;58,04
15061019;Casal di Principe;Caserta;1;21.419;4,69;;24,57;;0,31;0,48;1,85;35,47
15061103;Casapesenna;Caserta;1;7.025;5,67;;4,09;;2,18;2,71;;23,96
15061021;Casapulla;Caserta;1;8.255;11,69;;25,34;;4,17;3,03;13,83;56,53
15061022;Caserta;Caserta;1;72.485;7,17;;28,65;;11,88;6,54;4,43;59,17
15061023;Castel Campagnano;Caserta;1;1.440;15,04;;27,91;;2,56;5,79;2,35;49,88
15061024;Castel di Sasso;Caserta;1;1.035;19,48;;21,54;;1,72;3,83;1,13;37,23
15061026;Castel Morrone;Caserta;1;3.579;28,67;;12,21;;7,39;1,98;0,39;43,61
15061027;Castel Volturno;Caserta;1;29.466;7,39;;54,96;;4,58;2,18;3,81;53,38
15061028;Cervino;Caserta;1;4.717;91,89;;12,60;;6,83;0,72;6,52;58,30
15061029;Cesa;Caserta;1;9.643;82,88;;21,56;;2,60;3,41;1,76;65,43
15061031;Conca della Campania;Caserta;1;1.149;37,80;;25,89;;;2,92;13,75;56,66
15061032;Curti;Caserta;1;6.623;8,40;;24,44;;3,56;2,44;0,46;40,58
15061033;Dragoni;Caserta;1;1.924;9,00;;30,03;;4,40;4,56;7,19;51,48
15061101;Falciano del Massico;Caserta;1;3.378;33,04;;29,56;;2,77;5,04;4,37;58,42
15061036;Francolise;Caserta;1;4.619;5,59;;13,88;;2,22;3,55;0,38;30,85
15061037;Frignano;Caserta;1;8.956;;;;;;3,22;0,33;20,22
15061038;Gallo Matese;Caserta;1;455;10,10;;11,62;;19,11;15,46;;66,81
15061039;Galluccio;Caserta;1;2.026;17,20;;24,04;;3,92;6,67;3,71;47,31
15061041;Gioia Sannitica;Caserta;1;3.252;23,77;;13,27;;0,63;8,70;5,67;41,94
15061042;Grazzanise;Caserta;1;6.731;33,64;;19,69;;6,58;0,71;0,14;48,62
15061043;Gricignano di Aversa;Caserta;1;12.888;7,00;;29,25;;1,99;3,70;6,59;45,64
15061044;Letino;Caserta;1;628;46,21;;9,90;;5,75;10,89;0,36;43,90
15061045;Liberi;Caserta;1;1.072;8,54;;22,66;;2,74;3,66;6,99;42,46
15061046;Lusciano;Caserta;1;16.203;23,60;;17,74;;2,18;1,46;;34,89
15061047;Macerata Campania;Caserta;1;10.026;8,82;;13,31;;5,48;2,62;2,73;39,47
15061048;Maddaloni;Caserta;1;36.756;10,69;;30,18;;5,52;3,06;2,70;46,61
15061049;Marcianise;Caserta;1;38.285;10,22;;10,82;;2,47;6,45;2,10;35,27
15061050;Marzano Appio;Caserta;1;1.958;19,17;;39,62;;4,49;108,67;;156,22
15061052;Mondragone;Caserta;1;28.820;7,79;;28,70;;2,80;0,24;6,37;42,74
15061054;Parete;Caserta;1;12.708;16,07;;17,72;;1,61;1,57;3,04;38,63
15061055;Pastorano;Caserta;1;2.879;19,59;;24,61;;0,96;4,43;7,08;48,62
15061056;Piana di Monte Verna;Caserta;1;2.047;9,41;;26,02;;3,52;7,28;1,88;50,83
15061057;Piedimonte Matese;Caserta;1;10.060;51,19;;18,71;;7,74;0,38;2,29;53,23
15061058;Pietramelara;Caserta;1;4.433;9,92;;16,17;;1,60;3,98;1,14;34,27
15061059;Pietravairano;Caserta;1;2.800;34,31;;11,65;;4,25;3,28;16,99;58,25
15061060;Pignataro Maggiore;Caserta;1;5.727;18,84;;34,92;;2,99;8,01;2,74;61,16
15061062;Portico di Caserta;Caserta;1;7.697;14,88;;7,46;;3,47;2,46;;32,57
15061063;Prata Sannita;Caserta;1;1.352;54,47;;45,14;;8,20;10,65;0,68;71,98
15061064;Pratella;Caserta;1;1.384;7,38;;23,13;;0,65;1,10;0,10;29,02
15061068;Riardo;Caserta;1;2.223;8,78;;18,39;;1,73;2,99;0,80;33,24
15061070;Roccamonfina;Caserta;1;3.150;53,50;;15,26;;2,16;5,61;16,28;67,37
15061071;Roccaromana;Caserta;1;821;32,99;;9,35;;11,59;3,22;16,52;67,21
15061073;Ruviano;Caserta;1;1.691;24,99;;14,19;;4,79;2,09;;36,96
15061075;San Felice a Cancello;Caserta;1;16.846;19,08;;29,02;;1,94;5,58;10,27;49,29
15061077;San Marcellino;Caserta;1;14.858;13,06;;24,53;;2,44;7,40;10,16;60,94
15061104;San Marco Evangelista;Caserta;1;6.458;11,18;;25,32;;2,57;3,97;4,57;45,49
15061078;San Nicola la Strada;Caserta;1;22.097;6,13;;51,69;;4,08;1,30;5,14;49,44
15061080;San Potito Sannitico;Caserta;1;1.953;;;23,89;;;;;27,56
15061081;San Prisco;Caserta;1;12.156;20,73;;14,34;;4,24;1,44;;38,00
15061085;San Tammaro;Caserta;1;5.782;10,45;;17,76;;2,60;2,42;1,22;34,68
15061082;Santa Maria a Vico;Caserta;1;14.312;71,52;;6,78;;5,92;2,66;0,74;37,26
15061083;Santa Maria Capua Vetere;Caserta;1;32.083;13,23;;31,97;;5,07;1,73;2,38;50,24
15061084;Santa Maria la Fossa;Caserta;1;2.551;15,12;;22,04;;3,39;6,99;3,60;41,37
15061086;Sant'Angelo d'Alife;Caserta;1;2.065;12,93;;14,80;;2,53;3,53;12,33;39,03
15061087;Sant'Arpino;Caserta;1;15.113;12,30;;15,67;;3,55;0,25;1,43;35,78
15061088;Sessa Aurunca;Caserta;1;20.189;35,54;;29,92;;3,66;4,68;25,89;84,35
15061090;Succivo;Caserta;1;8.798;9,15;;17,80;;3,94;1,12;1,28;36,18
15061091;Teano;Caserta;1;11.144;40,81;;6,27;;;;;34,09
15061092;Teverola;Caserta;1;14.957;4,71;;14,27;;1,88;0,71;0,36;24,36
15061093;Tora e Piccilli;Caserta;1;745;35,04;;;;;;;22,52
15061094;Trentola-Ducenta;Caserta;1;20.512;13,47;;8,65;;1,27;3,09;0,15;30,33
15061095;Vairano Patenora;Caserta;1;6.318;42,26;;;;0,15;2,47;6,51;30,29
15061097;Valle di Maddaloni;Caserta;1;2.630;10,12;;25,24;;6,20;2,62;0,45;43,96
15061098;Villa di Briano;Caserta;1;7.385;6,12;;23,26;;2,75;2,59;3,22;39,72
19087001;Aci Bonaccorsi;Catania;1;3.559;11,21;;21,09;;5,57;13,27;2,02;48,72
19087002;Aci Castello;Catania;1;17.782;7,24;;22,11;;9,71;8,10;9,67;52,28
19087005;Aci Sant'Antonio;Catania;1;18.095;5,20;;19,47;;1,58;4,22;0,59;40,29
19087004;Acireale;Catania;1;50.590;33,04;;15,01;;5,69;1,80;14,14;65,92
19087006;Adrano;Catania;1;33.720;18,97;;27,15;;3,47;3,32;;45,67
19087007;Belpasso;Catania;1;28.133;9,73;;18,53;;5,32;3,22;3,76;41,39
19087008;Biancavilla;Catania;1;22.929;8,28;;21,55;;9,32;5,07;2,03;51,34
19087009;Bronte;Catania;1;18.198;13,43;;30,06;;10,09;1,92;3,71;53,36
19087011;Caltagirone;Catania;1;35.628;7,61;;23,37;;5,73;5,10;2,37;41,38
19087012;Camporotondo Etneo;Catania;1;5.176;16,19;;15,93;;2,89;2,78;1,51;38,16
19087013;Castel di Iudica;Catania;1;4.259;18,52;;17,13;;3,83;4,82;0,34;33,79
19087014;Castiglione di Sicilia;Catania;1;2.886;;;;;;55,66;;74,11
19087015;Catania;Catania;1;298.209;5,92;;37,70;;3,69;6,55;3,76;54,72
19087016;Fiumefreddo di Sicilia;Catania;1;9.032;26,12;;17,24;;2,91;2,39;3,31;54,30
19087018;Grammichele;Catania;1;12.405;17,52;;16,97;;4,06;5,89;2,10;36,87
19087019;Gravina di Catania;Catania;1;25.292;4,88;;24,95;;4,28;7,67;1,38;40,09
19087020;Licodia Eubea;Catania;1;2.735;19,14;;23,25;;3,20;5,01;2,54;40,73
19087021;Linguaglossa;Catania;1;4.963;28,39;;11,57;;8,22;3,51;8,19;61,02
19087022;Maletto;Catania;1;3.557;21,55;;19,84;;3,81;2,27;0,50;59,72
19087023;Mascali;Catania;1;14.397;;;;;;4,16;1,80;24,54
19087024;Mascalucia;Catania;1;32.105;19,98;;20,32;;3,22;0,47;1,26;41,88
19087056;Mazzarrone;Catania;1;3.987;12,56;;16,56;;2,23;8,47;1,77;34,96
19087025;Militello in Val di Catania;Catania;1;6.729;10,59;;23,75;;6,31;4,30;2,61;41,36
19087027;Mineo;Catania;1;4.389;17,70;;32,29;;8,94;9,46;0,59;54,85
19087028;Mirabella Imbaccari;Catania;1;4.214;14,48;;18,71;;4,46;5,11;2,20;37,41
19087029;Misterbianco;Catania;1;48.793;8,73;;15,20;;5,05;5,61;;48,36
19087030;Motta Sant'Anastasia;Catania;1;12.060;9,26;;16,18;;1,85;8,86;1,77;38,37
19087032;Palagonia;Catania;1;15.650;10,95;;23,62;;5,05;5,92;4,98;44,26
19087033;Paterno;Catania;1;44.970;6,08;;24,88;;2,83;10,74;3,30;47,19
19087034;Pedara;Catania;1;15.166;21,20;;17,99;;3,70;2,25;0,12;35,07
19087035;Piedimonte Etneo;Catania;1;3.900;36,52;;16,53;;13,54;3,09;0,94;61,19
19087036;Raddusa;Catania;1;2.787;30,02;;15,13;;4,72;6,76;0,35;38,07
19087037;Ramacca;Catania;1;10.187;6,57;;14,86;;1,93;2,42;1,43;26,46
19087038;Randazzo;Catania;1;10.156;29,68;;16,13;;3,17;11,61;3,63;50,72
19087039;Riposto;Catania;1;13.991;8,20;;22,51;;4,50;5,42;0,93;49,92
19087040;San Cono;Catania;1;2.451;15,09;;25,04;;6,83;4,36;2,94;43,46
19087041;San Giovanni la Punta;Catania;1;23.995;8,90;;14,05;;2,56;3,43;6,51;44,33
19087042;San Gregorio di Catania;Catania;1;11.501;4,13;;18,68;;3,80;7,48;2,45;43,50
19087043;San Michele di Ganzaria;Catania;1;2.844;15,57;;24,44;;4,38;5,47;2,66;42,97
19087044;San Pietro Clarenza;Catania;1;8.339;17,34;;18,72;;1,77;3,38;0,71;36,41
19087047;Santa Maria di Licodia;Catania;1;7.530;9,65;;20,47;;6,50;3,99;1,41;41,60
19087048;Santa Venerina;Catania;1;8.426;50,29;;16,65;;1,76;6,82;6,26;53,47
19087045;Sant'Agata li Battiati;Catania;1;9.271;11,22;;11,33;;2,28;7,46;1,05;37,64
19087046;Sant'Alfio;Catania;1;1.514;12,41;;21,84;;7,30;4,32;0,38;42,97
19087049;Scordia;Catania;1;16.023;10,25;;20,10;;5,26;3,69;2,27;36,03
19087050;Trecastagni;Catania;1;11.324;12,13;;15,51;;3,48;2,46;3,71;38,75
19087051;Tremestieri Etneo;Catania;1;19.371;13,12;;25,69;;3,56;2,72;;47,63
19087053;Viagrande;Catania;1;8.935;9,46;;17,48;;2,98;5,26;3,05;41,36
19087054;Vizzini;Catania;1;5.649;9,52;;25,09;;5,88;6,33;0,40;40,65
18079004;Amato;Catanzaro;1;787;72,02;;1,04;;4,60;14,41;;42,66
18079008;Badolato;Catanzaro;1;2.833;6,48;;33,45;;1,26;10,96;;34,83
18079009;Belcastro;Catanzaro;1;1.231;19,65;;24,39;;2,66;2,83;;38,71
18079017;Caraffa di Catanzaro;Catanzaro;1;1.702;56,55;;1,60;;;0,22;1,54;35,90
18079018;Cardinale;Catanzaro;1;1.804;9,77;;13,13;;;0,92;;43,98
18079020;Carlopoli;Catanzaro;1;1.358;21,92;;11,07;;2,73;7,47;;42,80
18079023;Catanzaro;Catanzaro;1;84.115;18,16;;16,28;;7,15;5,40;0,81;43,79
18079025;Centrache;Catanzaro;1;351;42,18;;13,79;;9,04;3,06;0,55;47,74
18079027;Cerva;Catanzaro;1;1.047;8,54;;8,20;;0,46;3,40;3,26;26,27
18079029;Chiaravalle Centrale;Catanzaro;1;5.088;13,64;;5,46;;1,75;10,88;;27,54
18079030;Cicala;Catanzaro;1;854;22,96;;19,99;;;2,80;2,35;42,75
18079033;Conflenti;Catanzaro;1;1.322;35,82;;26,91;;;9,54;;57,04
18079034;Cortale;Catanzaro;1;1.829;9,05;;15,97;;6,68;5,82;0,22;40,15
18079036;Cropani;Catanzaro;1;4.728;9,38;;14,53;;0,47;0,99;0,18;32,54
18079043;Decollatura;Catanzaro;1;2.832;22,22;;27,52;;;54,08;1,69;103,42
18079047;Falerna;Catanzaro;1;3.877;30,16;;7,32;;1,01;3,37;2,65;36,64
18079048;Feroleto Antico;Catanzaro;1;1.957;5,02;;30,91;;0,53;0,66;;23,70
18079052;Fossato Serralta;Catanzaro;1;550;19,11;;22,11;;;3,95;0,25;38,50
18079056;Gasperina;Catanzaro;1;1.861;11,80;;26,59;;4,91;0,88;0,46;37,33
18079058;Gimigliano;Catanzaro;1;2.951;128,46;;15,02;;8,00;4,42;;39,47
18079060;Gizzeria;Catanzaro;1;5.254;4,54;;3,53;;5,68;12,36;;36,38
18079061;Guardavalle;Catanzaro;1;4.112;;;36,16;;4,93;;;42,75
18079063;Isca sullo Ionio;Catanzaro;1;1.471;6,60;;23,85;;1,17;7,99;;40,37
18079160;Lamezia Terme;Catanzaro;1;67.211;15,34;;24,35;;4,20;1,39;1,53;39,56
18079068;Magisano;Catanzaro;1;1.075;33,06;;28,42;;5,13;5,85;0,95;50,98
18079074;Martirano Lombardo;Catanzaro;1;948;25,70;;21,13;;1,34;8,63;;37,90
18079077;Miglierina;Catanzaro;1;705;53,20;;20,88;;5,90;11,70;0,34;55,11
18079080;Montauro;Catanzaro;1;1.821;18,18;;6,17;;4,02;8,69;;47,87
18079081;Montepaone;Catanzaro;1;5.732;10,51;;18,67;;1,46;6,58;;36,57
18079088;Olivadi;Catanzaro;1;487;75,99;;7,31;;;7,34;;54,90
18079092;Pentone;Catanzaro;1;1.841;25,59;;22,51;;1,75;4,45;0,72;39,89
18079095;Petrona;Catanzaro;1;2.347;13,37;;39,11;;1,69;10,16;3,12;60,56
18079096;Pianopoli;Catanzaro;1;2.549;4,04;;14,57;;;1,62;2,33;23,31
18079108;San Floro;Catanzaro;1;693;29,27;;16,89;;2,03;;;33,11
18079114;San Pietro a Maida;Catanzaro;1;3.804;8,95;;15,95;;2,37;5,48;0,22;37,76
18079115;San Pietro Apostolo;Catanzaro;1;1.500;13,36;;8,78;;3,28;14,57;;38,87
18079116;San Sostene;Catanzaro;1;1.427;13,60;;27,55;;1,57;12,50;;56,78
18079122;San Vito sullo Ionio;Catanzaro;1;1.572;31,37;;4,24;;;11,27;;43,21
18079118;Sant'Andrea Apostolo dello Ionio;Catanzaro;1;1.667;9,23;;26,94;;1,72;10,46;;44,15
18079129;Serrastretta;Catanzaro;1;2.907;18,71;;22,14;;1,39;4,13;1,05;48,91
18079131;Settingiano;Catanzaro;1;3.267;50,84;;7,66;;7,00;6,31;;44,36
18079134;Sorbo San Basile;Catanzaro;1;738;33,21;;24,37;;2,04;8,96;1,06;59,30
18079139;Soveria Simeri;Catanzaro;1;1.443;47,80;;18,38;;2,69;5,34;;34,89
18079146;Taverna;Catanzaro;1;2.509;12,78;;28,83;;3,67;9,42;1,86;50,46
18079147;Tiriolo;Catanzaro;1;3.539;32,05;;14,53;;2,16;10,28;;37,57
18079148;Torre di Ruggiero;Catanzaro;1;947;47,00;;;;19,17;0,64;;44,34
13069002;Archi;Chieti;1;1.942;10,33;;32,39;;3,08;7,10;2,05;49,18
13069003;Ari;Chieti;1;1.062;7,72;;27,06;;0,78;19,23;6,21;55,28
13069004;Arielli;Chieti;1;1.053;6,33;;20,12;;1,78;2,22;0,98;31,03
13069005;Atessa;Chieti;1;10.336;5,22;;11,97;;2,09;2,22;5,10;29,61
13069006;Bomba;Chieti;1;709;10,53;;19,46;;3,07;18,72;13,40;60,56
13069007;Borrello;Chieti;1;355;22,12;;18,37;;7,65;4,61;2,92;42,57
13069008;Bucchianico;Chieti;1;4.919;10,65;;23,98;;4,28;11,90;11,98;58,29
13069010;Canosa Sannita;Chieti;1;1.241;9,17;;17,94;;5,11;8,60;4,91;44,50
13069013;Casacanditella;Chieti;1;1.177;10,33;;;;1,96;15,87;3,70;46,85
13069015;Casalbordino;Chieti;1;5.727;12,94;;22,46;;0,78;5,37;8,18;45,27
13069016;Casalincontrada;Chieti;1;2.978;9,63;;22,13;;0,97;11,29;6,73;48,25
13069017;Casoli;Chieti;1;5.111;4,94;;12,94;;1,84;6,53;9,15;37,76
13069018;Castel Frentano;Chieti;1;4.264;11,31;;14,54;;2,43;2,92;4,37;30,06
13069020;Castiglione Messer Marino;Chieti;1;1.476;8,87;;27,33;;3,68;3,76;2,31;40,68
13069021;Celenza sul Trigno;Chieti;1;782;20,20;;30,95;;9,24;7,55;2,22;50,54
13069022;Chieti;Chieti;1;48.585;5,63;;19,83;;9,53;1,87;4,86;35,73
13069023;Civitaluparella;Chieti;1;283;19,38;;36,44;;4,51;8,14;1,39;56,70
13069028;Cupello;Chieti;1;4.789;11,96;;37,27;;5,36;3,69;0,89;49,11
13069104;Fallo;Chieti;1;116;18,12;;25,39;;0,01;7,39;2,85;45,19
13069030;Fara Filiorum Petri;Chieti;1;1.973;6,37;;16,59;;2,26;7,88;8,56;41,94
13069032;Filetto;Chieti;1;833;14,88;;26,55;;0,01;12,11;8,40;54,49
13069033;Fossacesia;Chieti;1;6.246;6,41;;11,57;;0,82;1,80;0,82;24,02
13069034;Fraine;Chieti;1;255;40,04;;47,27;;2,98;2,44;1,45;63,27
13069035;Francavilla al Mare;Chieti;1;25.492;11,30;;22,71;;6,33;8,76;1,29;46,78
13069036;Fresagrandinaria;Chieti;1;912;8,75;;20,26;;1,17;5,10;11,18;43,51
13069037;Frisa;Chieti;1;1.626;13,00;;26,83;;2,67;5,37;1,63;44,44
13069040;Gessopalena;Chieti;1;1.173;16,58;;28,81;;2,26;6,27;4,98;50,40
13069041;Gissi;Chieti;1;2.468;6,86;;26,80;;6,73;2,25;1,60;38,70
13069042;Giuliano Teatino;Chieti;1;1.119;13,33;;25,27;;4,57;3,74;2,65;39,02
13069046;Lanciano;Chieti;1;33.921;10,30;;16,29;;3,22;2,69;6,42;37,23
13069048;Lettopalena;Chieti;1;315;18,93;;35,97;;0,01;2,67;2,98;45,20
13069050;Miglianico;Chieti;1;4.618;5,75;;14,00;;1,34;6,25;6,57;35,12
13069057;Orsogna;Chieti;1;3.652;8,24;;19,14;;2,37;5,90;4,97;38,81
13069058;Ortona;Chieti;1;22.101;8,29;;18,10;;3,17;3,38;3,23;37,03
13069060;Palena;Chieti;1;1.216;46,69;;17,97;;6,63;4,20;0,19;37,05
13069062;Palombaro;Chieti;1;946;9,15;;29,23;;0,01;2,08;0,97;35,57
13069063;Pennadomo;Chieti;1;207;21,59;;39,68;;5,10;10,65;0,87;63,00
13069064;Pennapiedimonte;Chieti;1;399;11,51;;42,70;;0,01;35,09;1,76;78,26
13069066;Pizzoferrato;Chieti;1;970;13,51;;49,49;;;9,69;2,11;60,66
13069071;Rapino;Chieti;1;1.162;10,09;;25,67;;3,02;11,93;6,98;52,70
13069072;Ripa Teatina;Chieti;1;3.889;6,23;;16,07;;0,31;4,96;10,03;37,06
13069073;Roccamontepiano;Chieti;1;1.569;8,46;;26,02;;0,31;14,20;9,99;53,62
13069081;San Giovanni Teatino;Chieti;1;14.412;29,31;;15,02;;5,08;1,84;;39,26
13069082;San Martino sulla Marrucina;Chieti;1;842;8,90;;19,35;;9,28;11,76;5,60;51,74
13069083;San Salvo;Chieti;1;19.789;6,48;;18,74;;3,20;2,13;1,01;31,97
13069085;Sant'Eusanio del Sangro;Chieti;1;2.252;10,89;;35,18;;5,05;2,29;0,65;46,79
13069087;Scerni;Chieti;1;2.946;1,84;;26,61;;2,66;3,58;1,61;39,71
13069088;Schiavi di Abruzzo;Chieti;1;641;18,23;;;;4,01;3,41;20,66;53,01
13069089;Taranta Peligna;Chieti;1;291;17,37;;32,79;;0,01;2,35;1,14;43,37
13069091;Torino di Sangro;Chieti;1;2.873;5,04;;13,47;;1,06;1,65;1,17;25,99
13069092;Tornareccio;Chieti;1;1.642;12,62;;23,16;;0,66;4,69;8,20;43,36
13069094;Torrevecchia Teatina;Chieti;1;4.210;7,59;;14,79;;0,66;6,15;8,02;36,08
13069095;Torricella Peligna;Chieti;1;1.116;21,53;;38,02;;1,51;4,95;0,82;51,73
13069096;Treglio;Chieti;1;1.711;5,68;;13,63;;0,71;6,04;2,95;31,93
13069099;Vasto;Chieti;1;40.815;9,18;;17,44;;3,98;4,01;2,99;34,73
13069102;Villa Santa Maria;Chieti;1;1.110;27,18;;20,63;;2,07;8,46;3,89;41,83
13069101;Villamagna;Chieti;1;2.153;8,01;;17,65;;0,86;7,92;7,26;38,63
03013003;Albavilla;Como;1;6.414;8,75;;13,80;;0,72;4,26;1,81;25,61
03013004;Albese con Cassano;Como;1;4.237;6,15;;13,20;;2,66;3,42;2,43;26,71
03013005;Albiolo;Como;1;2.767;12,16;;14,56;;2,10;6,23;2,01;29,74
03013006;Alserio;Como;1;1.373;5,60;;9,89;;2,10;4,65;0,30;22,54
03013253;Alta Valle Intelvi;Como;1;3.156;30,11;;18,95;;2,20;3,02;0,69;32,23
03013007;Alzate Brianza;Como;1;4.825;14,58;;10,75;;1,80;7,76;3,23;27,19
03013009;Anzano del Parco;Como;1;1.697;7,87;;18,19;;0,24;11,04;0,49;31,53
03013010;Appiano Gentile;Como;1;7.723;4,73;;7,20;;1,45;5,25;0,96;20,35
03013011;Argegno;Como;1;676;11,29;;15,19;;5,07;8,64;1,26;34,98
03013012;Arosio;Como;1;5.132;4,84;;9,82;;3,27;3,97;2,01;24,43
03013013;Asso;Como;1;3.496;9,37;;15,82;;2,38;3,76;;29,35
03013015;Barni;Como;1;588;7,69;;19,57;;7,88;6,51;0,71;35,89
03013250;Bellagio;Como;1;3.586;10,90;;6,55;;3,65;1,00;;22,30
03013021;Bene Lario;Como;1;341;3,98;;9,69;;2,80;8,28;0,05;33,86
03013022;Beregazzo con Figliaro;Como;1;2.825;7,75;;9,36;;0,51;3,46;1,23;21,22
03013023;Binago;Como;1;4.847;8,47;;10,31;;3,34;3,74;2,40;24,09
03013024;Bizzarone;Como;1;1.778;10,02;;12,18;;0,75;2,52;2,24;28,59
03013025;Blessagno;Como;1;304;30,58;;22,30;;;6,00;10,16;39,81
03013028;Bregnano;Como;1;6.452;6,58;;8,34;;1,29;2,63;1,55;19,18
03013029;Brenna;Como;1;2.204;29,75;;9,99;;0,25;7,81;1,35;28,94
03013032;Brunate;Como;1;1.608;13,52;;25,71;;14,02;12,44;6,10;61,67
03013034;Bulgarograsso;Como;1;4.007;8,17;;8,52;;0,72;5,20;0,12;21,09
03013035;Cabiate;Como;1;7.338;6,85;;7,78;;4,22;8,77;3,97;33,72
03013036;Cadorago;Como;1;7.939;6,36;;10,44;;0,86;4,12;0,80;21,24
03013041;Cantu;Como;1;40.023;6,29;;9,13;;3,88;4,25;0,58;24,03
03013042;Canzo;Como;1;5.127;6,82;;5,93;;1,19;1,68;0,66;19,63
03013043;Capiago Intimiano;Como;1;5.439;7,69;;16,88;;3,38;5,73;2,62;32,53
03013044;Carate Urio;Como;1;1.115;11,69;;24,25;;9,91;13,77;4,27;49,78
03013045;Carbonate;Como;1;2.928;4,54;;14,41;;3,84;4,30;0,66;24,44
03013046;Carimate;Como;1;4.414;10,38;;7,96;;3,11;3,32;0,88;24,08
03013048;Carugo;Como;1;6.612;5,65;;8,22;;2,33;5,30;1,84;24,12
03013053;Casnate con Bernate;Como;1;5.044;16,31;;12,22;;2,11;6,10;0,51;30,93
03013055;Cassina Rizzardi;Como;1;3.291;6,03;;7,02;;2,63;3,58;12,27;32,37
03013058;Castelmarte;Como;1;1.257;8,94;;5,77;;;3,84;;23,43
03013059;Castelnuovo Bozzente;Como;1;915;8,08;;14,58;;1,45;1,52;1,41;21,19
03013062;Cavargna;Como;1;170;4,53;;17,91;;8,40;8,94;0,07;40,05
03013254;Centro Valle Intelvi;Como;1;3.750;23,74;;18,02;;1,52;3,02;4,24;28,02
03013063;Cerano d'Intelvi;Como;1;592;37,71;;21,79;;8,32;14,18;0,39;47,63
03013064;Cermenate;Como;1;9.411;11,19;;13,66;;0,47;1,72;3,14;27,62
03013065;Cernobbio;Como;1;6.331;4,71;;10,39;;8,68;5,30;2,56;32,51
03013068;Cirimido;Como;1;2.165;17,82;;8,19;;0,45;2,13;0,92;19,88
03013071;Claino con Osteno;Como;1;544;6,52;;14,39;;0,64;6,86;2,07;32,48
03013074;Colonno;Como;1;434;49,24;;19,77;;6,37;15,95;2,14;60,60
03013251;Colverde;Como;1;5.521;16,44;;9,70;;;11,28;0,35;28,65
03013075;Como;Como;1;83.799;10,09;;14,61;;7,17;3,93;5,58;36,36
03013077;Corrido;Como;1;848;13,71;;9,51;;2,46;5,26;1,76;31,89
03013083;Cremia;Como;1;697;3,56;;6,68;;5,21;20,78;0,09;35,03
03013084;Cucciago;Como;1;3.417;11,14;;9,84;;1,02;3,31;4,92;29,83
03013085;Cusino;Como;1;232;6,87;;18,27;;15,70;20,01;0,04;59,92
03013087;Dizzasco;Como;1;643;4,25;;34,04;;3,69;14,41;4,43;35,83
03013089;Domaso;Como;1;1.412;1,88;;6,22;;1,41;4,62;0,05;17,19
03013090;Dongo;Como;1;3.172;12,95;;6,24;;1,18;4,98;0,71;20,41
03013092;Dosso del Liro;Como;1;237;20,71;;7,03;;0,19;4,72;;24,06
03013095;Erba;Como;1;16.238;2,15;;13,87;;3,89;2,45;2,52;26,88
03013097;Eupilio;Como;1;2.543;10,87;;16,52;;;0,55;;25,52
03013098;Faggeto Lario;Como;1;1.104;13,91;;11,47;;1,65;2,86;;25,54
03013099;Faloppio;Como;1;4.864;11,79;;11,92;;0,45;2,72;0,71;24,13
03013100;Fenegro;Como;1;3.253;6,66;;0,30;;1,98;7,30;1,60;21,22
03013101;Figino Serenza;Como;1;4.923;9,32;;15,55;;1,85;4,17;2,13;35,20
03013102;Fino Mornasco;Como;1;10.018;4,37;;7,14;;2,06;3,18;1,21;18,50
03013106;Garzeno;Como;1;660;1,92;;14,99;;0,40;5,18;0,07;12,35
03013107;Gera Lario;Como;1;1.060;1,89;;7,73;;0,34;4,37;0,08;18,11
03013111;Grandola ed Uniti;Como;1;1.292;4,24;;9,06;;4,44;5,83;2,66;29,38
03013249;Gravedona ed Uniti;Como;1;4.083;10,06;;7,65;;1,04;16,95;;53,85
03013113;Griante;Como;1;583;22,35;;5,65;;5,90;1,47;0,16;34,34
03013114;Guanzate;Como;1;5.739;6,58;;18,25;;4,33;3,99;2,47;34,01
03013118;Inverigo;Como;1;9.236;9,55;;10,30;;2,81;4,62;2,57;27,65
03013119;Laglio;Como;1;857;10,24;;19,67;;6,46;8,17;6,38;38,10
03013120;Laino;Como;1;554;57,64;;8,95;;9,26;20,51;1,36;54,77
03013121;Lambrugo;Como;1;2.527;14,97;;13,31;;1,08;4,02;0,88;22,45
03013123;Lasnigo;Como;1;457;5,24;;12,17;;3,13;7,63;5,88;36,75
03013126;Lezzeno;Como;1;1.918;11,93;;7,33;;1,71;1,56;0,33;22,31
03013128;Limido Comasco;Como;1;3.897;6,60;;13,52;;1,89;4,67;4,96;29,02
03013129;Lipomo;Como;1;5.932;7,37;;12,69;;2,32;3,89;6,26;29,81
03013131;Locate Varesino;Como;1;4.318;4,68;;12,50;;2,34;5,43;5,42;31,45
03013133;Lomazzo;Como;1;9.979;6,01;;7,44;;4,24;4,41;1,95;23,81
03013134;Longone al Segrino;Como;1;1.953;8,53;;10,67;;1,80;2,06;;21,86
03013135;Luisago;Como;1;2.770;11,25;;8,31;;1,92;3,22;0,81;21,09
03013136;Lurago d'Erba;Como;1;5.503;7,94;;12,37;;1,07;3,76;0,64;23,93
03013137;Lurago Marinone;Como;1;2.587;7,69;;9,27;;1,49;2,71;0,52;21,36
03013138;Lurate Caccivio;Como;1;9.726;6,19;;12,41;;2,20;3,21;1,52;23,02
03013143;Mariano Comense;Como;1;25.425;7,05;;10,21;;2,57;2,30;1,52;22,29
03013144;Maslianico;Como;1;3.135;6,93;;16,06;;4,11;5,14;2,20;30,61
03013145;Menaggio;Como;1;3.045;14,73;;12,34;;1,27;11,04;1,43;35,38
03013147;Merone;Como;1;4.040;13,50;;12,60;;0,64;4,97;6,89;29,59
03013153;Monguzzo;Como;1;2.352;11,47;;12,13;;0,84;2,65;0,26;23,16
03013154;Montano Lucino;Como;1;5.408;14,74;;5,98;;2,57;2,21;2,69;17,84
03013157;Montorfano;Como;1;2.535;6,73;;17,64;;2,68;3,49;2,51;29,10
03013159;Mozzate;Como;1;8.735;2,53;;10,42;;3,03;3,31;1,38;17,63
03013160;Musso;Como;1;945;5,93;;24,26;;1,82;8,44;0,26;34,63
03013163;Novedrate;Como;1;2.893;10,65;;17,30;;2,58;5,82;1,35;32,47
03013165;Olgiate Comasco;Como;1;11.988;6,62;;9,80;;1,91;5,98;1,04;25,44
03013169;Oltrona di San Mamette;Como;1;2.366;3,96;;17,52;;1,49;4,52;1,35;26,91
03013170;Orsenigo;Como;1;2.643;9,96;;15,63;;3,20;3,85;3,42;31,58
03013178;Peglio;Como;1;192;15,32;;7,98;;0,28;12,72;0,06;27,33
03013183;Pianello del Lario;Como;1;1.083;26,31;;;;3,37;6,28;;35,69
03013184;Pigra;Como;1;240;80,92;;22,04;;;16,00;31,99;76,13
03013185;Plesio;Como;1;823;7,58;;16,23;;2,33;13,10;0,05;37,90
03013186;Pognana Lario;Como;1;658;8,81;;12,21;;2,02;1,10;;21,47
03013187;Ponna;Como;1;236;13,70;;55,88;;3,49;18,92;0,46;63,07
03013189;Porlezza;Como;1;4.886;5,02;;12,44;;;2,28;0,12;19,20
03013192;Proserpio;Como;1;958;19,15;;11,27;;1,63;3,68;;29,72
03013193;Pusiano;Como;1;1.306;4,62;;7,16;;0,98;1,00;2,37;19,37
03013195;Rezzago;Como;1;306;9,23;;9,36;;5,52;5,03;;27,29
03013197;Rodero;Como;1;1.281;14,09;;7,60;;1,19;10,82;2,13;29,22
03013199;Ronago;Como;1;1.660;10,14;;10,55;;;2,43;1,53;22,08
03013201;Rovellasca;Como;1;8.009;6,84;;6,09;;2,37;3,29;1,79;19,47
03013202;Rovello Porro;Como;1;6.298;7,08;;5,67;;1,12;3,41;0,85;18,34
03013203;Sala Comacina;Como;1;468;32,88;;15,27;;4,10;3,90;0,43;37,94
03013204;San Bartolomeo Val Cavargna;Como;1;956;3,42;;15,07;;4,12;6,24;0,04;29,17
03013206;San Fermo della Battaglia;Como;1;7.732;12,09;;12,98;;1,01;1,55;1,60;24,08
03013207;San Nazzaro Val Cavargna;Como;1;262;16,84;;20,47;;2,38;10,09;0,06;44,51
03013211;Schignano;Como;1;879;39,97;;38,43;;0,15;10,74;0,66;50,27
03013212;Senna Comasco;Como;1;3.159;7,48;;15,57;;1,20;6,40;0,19;32,37
03013255;Solbiate con Cagno;Como;1;4.681;9,51;;9,92;;1,94;5,33;0,75;21,97
03013217;Sormano;Como;1;646;6,27;;15,17;;5,20;10,32;;34,77
03013222;Tavernerio;Como;1;5.636;6,18;;14,03;;1,41;4,89;2,38;27,24
03013252;Tremezzina;Como;1;4.995;11,94;;19,40;;2,25;9,30;5,42;43,34
03013226;Trezzone;Como;1;239;8,40;;9,35;;2,18;11,30;;31,63
03013227;Turate;Como;1;9.800;6,16;;9,76;;2,77;2,49;1,69;21,77
03013228;Uggiate-Trevano;Como;1;5.236;10,37;;11,21;;0,29;2,57;2,77;24,92
03013233;Val Rezzo;Como;1;165;23,81;;6,32;;10,53;15,05;;56,28
03013232;Valmorea;Como;1;2.623;8,79;;7,86;;3,76;4,70;1,75;26,29
03013234;Valsolda;Como;1;1.426;12,94;;8,69;;;1,47;0,16;23,79
03013238;Veniano;Como;1;3.135;8,17;;10,34;;0,90;1,68;0,31;22,38
03013239;Vercana;Como;1;728;2,02;;19,41;;1,79;8,41;1,13;27,86
03013242;Vertemate con Minoprio;Como;1;4.158;7,74;;5,65;;1,86;2,34;2,25;18,55
03013245;Villa Guardia;Como;1;7.852;18,47;;8,96;;2,39;4,18;8,76;33,13
18078003;Acri;Cosenza;1;18.574;26,47;;25,96;;;0,78;14,18;59,17
18078004;Aiello Calabro;Cosenza;1;1.375;54,24;;29,90;;;8,06;;58,89
18078005;Aieta;Cosenza;1;740;50,22;;;;;15,47;10,34;99,27
18078009;Altomonte;Cosenza;1;3.997;14,43;;16,24;;;13,36;0,38;42,00
18078010;Amantea;Cosenza;1;13.821;;;33,36;;2,62;0,92;;37,26
18078016;Bianchi;Cosenza;1;1.172;32,71;;21,28;;;11,08;;46,36
18078017;Bisignano;Cosenza;1;9.475;27,32;;28,17;;0,70;4,27;1,75;48,78
18078018;Bocchigliero;Cosenza;1;1.040;12,88;;55,56;;;2,39;10,64;66,36
18078019;Bonifati;Cosenza;1;2.570;15,75;;60,82;;2,03;7,51;2,03;71,93
18078020;Buonvicino;Cosenza;1;1.995;59,35;;15,45;;6,26;0,70;1,23;63,33
18078021;Calopezzati;Cosenza;1;1.247;47,23;;26,55;;2,07;6,52;2,79;56,73
18078022;Caloveto;Cosenza;1;1.091;26,78;;24,71;;0,78;2,89;0,12;50,55
18078023;Campana;Cosenza;1;1.430;37,07;;5,06;;14,02;1,61;0,42;47,14
18078027;Carpanzano;Cosenza;1;195;66,48;;;;35,54;34,56;12,24;129,16
18078156;Casali del Manco;Cosenza;1;9.422;18,26;;24,53;;3,60;2,00;;49,29
18078030;Castiglione Cosentino;Cosenza;1;2.695;16,06;;16,02;;2,69;8,49;;45,69
18078031;Castrolibero;Cosenza;1;9.173;19,09;;10,42;;3,31;3,32;8,62;53,33
18078032;Castroregio;Cosenza;1;221;4,62;;;;6,05;12,76;;61,60
18078033;Castrovillari;Cosenza;1;20.643;11,82;;26,41;;;1,84;2,22;47,06
18078034;Celico;Cosenza;1;2.514;18,58;;11,68;;1,09;12,74;0,10;51,01
18078035;Cellara;Cosenza;1;479;9,18;;19,90;;5,95;9,11;0,06;42,17
18078037;Cerisano;Cosenza;1;2.908;22,60;;24,64;;;10,77;2,16;55,90
18078038;Cervicati;Cosenza;1;785;60,13;;19,18;;;10,02;8,21;61,96
18078039;Cerzeto;Cosenza;1;1.199;18,42;;18,87;;3,56;5,41;3,89;44,96
18078040;Cetraro;Cosenza;1;9.378;18,37;;33,91;;2,77;3,28;13,28;66,74
18078042;Cleto;Cosenza;1;1.231;204,88;;122,78;;;1,22;3,69;175,85
18078043;Colosimi;Cosenza;1;1.108;38,37;;30,49;;;11,60;;54,04
18078157;Corigliano-Rossano;Cosenza;1;74.091;11,89;;17,37;;5,94;2,20;1,17;38,32
18078045;Cosenza;Cosenza;1;63.693;6,35;;31,40;;13,12;6,30;1,89;60,50
18078046;Cropalati;Cosenza;1;976;104,14;;3,98;;6,31;7,63;0,76;62,82
18078047;Crosia;Cosenza;1;9.672;17,73;;20,79;;5,02;1,67;7,34;44,56
18078048;Diamante;Cosenza;1;5.019;25,06;;10,14;;1,91;0,99;18,40;45,42
18078050;Domanico;Cosenza;1;931;10,21;;17,18;;;11,87;0,84;40,78
18078051;Fagnano Castello;Cosenza;1;3.334;65,58;;2,94;;3,48;12,21;1,06;59,06
18078053;Figline Vegliaturo;Cosenza;1;1.120;35,77;;19,47;;;5,05;0,54;42,95
18078055;Fiumefreddo Bruzio;Cosenza;1;3.162;14,09;;14,57;;7,48;12,94;0,79;45,43
18078056;Francavilla Marittima;Cosenza;1;2.760;8,34;;13,14;;1,38;8,88;12,91;45,78
18078057;Frascineto;Cosenza;1;1.874;51,93;;6,69;;;7,14;1,17;26,25
18078058;Fuscaldo;Cosenza;1;7.777;4,60;;21,33;;3,27;5,36;3,82;44,82
18078062;Lago;Cosenza;1;2.290;28,04;;11,77;;3,40;4,37;13,39;57,36
18078065;Lappano;Cosenza;1;868;10,29;;4,98;;23,88;11,34;0,50;61,42
18078066;Lattarico;Cosenza;1;3.719;36,03;;32,30;;;3,95;0,23;49,92
18078067;Longobardi;Cosenza;1;2.888;33,87;;2,09;;3,69;3,85;0,81;52,70
18078068;Longobucco;Cosenza;1;2.534;6,63;;10,38;;7,22;26,48;1,62;55,94
18078070;Luzzi;Cosenza;1;8.726;16,16;;25,35;;2,20;6,02;;53,55
18078072;Malito;Cosenza;1;693;23,13;;17,59;;;9,65;2,25;43,43
18078073;Malvito;Cosenza;1;1.615;12,36;;20,67;;;31,53;5,59;66,32
18078074;Mandatoriccio;Cosenza;1;2.417;16,68;;14,65;;3,95;6,93;12,11;57,13
18078076;Marano Marchesato;Cosenza;1;3.336;5,50;;13,11;;;2,48;0,17;28,07
18078077;Marano Principato;Cosenza;1;3.033;81,59;;0,95;;;5,63;0,86;46,56
18078080;Mongrassano;Cosenza;1;1.459;26,53;;59,58;;;;0,49;51,54
18078081;Montalto Uffugo;Cosenza;1;20.087;9,99;;21,13;;;2,30;1,93;39,81
18078083;Morano Calabro;Cosenza;1;3.843;31,08;;;;2,76;20,12;2,03;43,65
18078085;Mottafollone;Cosenza;1;1.072;25,92;;;;9,33;0,38;3,98;42,41
18078090;Panettieri;Cosenza;1;310;10,94;;5,85;;1,13;12,63;;36,29
18078091;Paola;Cosenza;1;14.791;15,94;;13,12;;13,24;2,12;0,77;54,78
18078092;Papasidero;Cosenza;1;604;69,35;;;;1,83;1,83;0,16;76,62
18078093;Parenti;Cosenza;1;1.976;22,07;;3,21;;1,83;6,42;;31,00
18078094;Paterno Calabro;Cosenza;1;1.331;40,78;;2,21;;0,59;23,57;0,28;53,50
18078096;Pedivigliano;Cosenza;1;727;13,84;;2,52;;1,04;21,26;;55,21
18078097;Piane Crati;Cosenza;1;1.336;12,95;;18,22;;2,61;1,02;0,22;35,85
18078099;Pietrapaola;Cosenza;1;1.024;33,14;;32,04;;9,53;6,42;9,95;68,12
18078101;Praia a Mare;Cosenza;1;6.367;23,66;;12,56;;2,16;7,43;10,57;48,50
18078102;Rende;Cosenza;1;36.657;6,85;;16,43;;7,87;3,88;3,64;46,42
18078103;Rocca Imperiale;Cosenza;1;3.169;75,27;;;;10,08;1,02;;41,87
18078104;Roggiano Gravina;Cosenza;1;6.764;29,90;;1,66;;;1,58;5,30;30,87
18078105;Rogliano;Cosenza;1;5.196;63,63;;;;4,15;3,69;0,42;44,77
18078106;Rose;Cosenza;1;4.113;17,77;;16,80;;0,79;1,98;0,94;38,68
18078107;Roseto Capo Spulico;Cosenza;1;1.863;;;10,26;;9,82;12,99;;37,79
18078110;Rovito;Cosenza;1;2.982;16,90;;6,45;;4,88;7,26;1,43;43,55
18078111;San Basile;Cosenza;1;914;9,04;;17,02;;6,48;13,23;;52,38
18078112;San Benedetto Ullano;Cosenza;1;1.365;23,25;;7,00;;;10,84;;37,65
18078113;San Cosmo Albanese;Cosenza;1;558;8,22;;34,86;;4,20;5,08;;58,80
18078114;San Demetrio Corone;Cosenza;1;3.022;17,07;;18,89;;4,53;1,00;2,78;37,12
18078115;San Donato di Ninea;Cosenza;1;1.066;16,09;;42,13;;7,63;7,44;7,23;71,95
18078118;San Giorgio Albanese;Cosenza;1;1.310;13,55;;33,96;;4,93;10,35;;51,90
18078119;San Giovanni in Fiore;Cosenza;1;15.706;;;35,64;;;2,06;0,22;39,06
18078120;San Lorenzo Bellizzi;Cosenza;1;509;7,52;;11,54;;;11,58;;23,94
18078121;San Lorenzo del Vallo;Cosenza;1;3.078;9,29;;30,65;;2,95;4,72;;43,33
18078123;San Marco Argentano;Cosenza;1;6.855;40,38;;10,87;;4,57;4,67;8,52;44,51
18078126;San Pietro in Amantea;Cosenza;1;469;26,55;;18,70;;2,56;9,82;;74,98
18078127;San Pietro in Guarano;Cosenza;1;3.336;22,58;;15,10;;10,72;3,58;0,72;46,44
18078128;San Sosti;Cosenza;1;1.856;8,38;;15,58;;0,39;8,56;0,68;51,33
18078135;San Vincenzo La Costa;Cosenza;1;1.964;12,15;;16,44;;3,76;6,53;5,66;40,38
18078117;Sangineto;Cosenza;1;1.221;13,15;;38,19;;3,24;12,36;2,43;67,99
18078130;Santa Domenica Talao;Cosenza;1;1.131;102,15;;;;;28,84;;61,61
18078132;Santa Maria del Cedro;Cosenza;1;5.093;34,90;;10,31;;7,49;3,86;;62,19
18078133;Santa Sofia d'Epiro;Cosenza;1;2.123;24,32;;;;2,97;17,89;;54,04
18078131;Sant'Agata di Esaro;Cosenza;1;1.666;46,15;;28,92;;3,62;4,08;10,01;63,28
18078134;Santo Stefano di Rogliano;Cosenza;1;1.749;8,49;;10,87;;1,67;23,57;;47,67
18078136;Saracena;Cosenza;1;3.363;18,14;;18,26;;4,67;4,25;3,40;49,24
18078138;Scalea;Cosenza;1;11.427;22,82;;30,15;;5,42;11,77;11,57;74,02
18078139;Scigliano;Cosenza;1;1.110;34,71;;18,16;;;10,21;1,88;43,54
18078140;Serra d'Aiello;Cosenza;1;534;80,29;;31,12;;3,39;8,15;;64,92
18078142;Spezzano Albanese;Cosenza;1;6.543;7,42;;8,13;;3,69;1,68;1,08;30,19
18078145;Tarsia;Cosenza;1;1.833;25,01;;37,38;;1,77;10,78;;63,13
18078146;Terranova da Sibari;Cosenza;1;4.549;30,51;;9,23;;6,02;1,69;;36,46
18078148;Torano Castello;Cosenza;1;4.301;6,30;;15,28;;1,62;11,22;2,21;46,06
18078149;Tortora;Cosenza;1;5.974;14,66;;19,80;;7,81;3,41;15,98;60,46
18078150;Trebisacce;Cosenza;1;8.633;7,17;;20,54;;4,83;6,92;0,85;36,77
18078152;Vaccarizzo Albanese;Cosenza;1;994;9,74;;9,79;;2,41;15,93;;39,03
18078154;Villapiana;Cosenza;1;5.479;43,80;;15,77;;1,59;16,94;0,36;50,40
18078155;Zumpano;Cosenza;1;2.605;51,97;;;;1,25;16,76;;44,70
03019001;Acquanegra Cremonese;Cremona;1;1.141;14,18;;5,84;;4,18;5,64;2,67;26,70
03019002;Agnadello;Cremona;1;3.889;8,50;;6,66;;2,01;7,42;4,47;28,27
03019003;Annicco;Cremona;1;1.966;3,63;;6,43;;1,41;3,39;3,45;22,81
03019004;Azzanello;Cremona;1;617;13,44;;12,33;;2,03;5,83;0,60;27,67
03019005;Bagnolo Cremasco;Cremona;1;4.999;3,19;;4,30;;1,83;5,14;3,00;20,96
03019006;Bonemerse;Cremona;1;1.462;9,40;;11,47;;1,89;8,82;4,71;31,41
03019007;Bordolano;Cremona;1;582;12,39;;11,01;;6,81;3,71;0,65;28,02
03019009;Calvatone;Cremona;1;1.154;16,04;;10,96;;1,01;6,41;0,62;26,54
03019010;Camisano;Cremona;1;1.243;7,28;;7,23;;1,05;7,37;7,70;29,91
03019011;Campagnola Cremasca;Cremona;1;651;3,56;;7,70;;1,39;13,58;3,21;31,19
03019012;Capergnanica;Cremona;1;2.140;5,01;;5,60;;0,41;4,19;2,99;20,97
03019013;Cappella Cantone;Cremona;1;545;7,72;;6,13;;2,51;12,60;1,07;29,54
03019014;Cappella de' Picenardi;Cremona;1;406;20,81;;14,08;;0,89;10,12;3,85;37,72
03019016;Casalbuttano ed Uniti;Cremona;1;3.728;7,78;;14,83;;4,11;4,26;0,68;28,24
03019017;Casale Cremasco-Vidolasco;Cremona;1;1.828;3,16;;6,37;;3,35;6,81;5,18;27,78
03019018;Casaletto Ceredano;Cremona;1;1.135;5,37;;6,13;;0,76;8,57;3,55;25,86
03019019;Casaletto di Sopra;Cremona;1;510;6,56;;6,12;;1,42;1,85;2,77;20,12
03019020;Casaletto Vaprio;Cremona;1;1.791;4,50;;5,54;;2,01;9,62;5,66;31,96
03019021;Casalmaggiore;Cremona;1;15.173;8,58;;15,55;;2,66;6,76;2,35;31,66
03019022;Casalmorano;Cremona;1;1.674;4,94;;5,51;;2,15;7,61;3,98;26,43
03019023;Casteldidone;Cremona;1;546;21,83;;15,93;;1,65;6,74;3,58;35,91
03019025;Castelleone;Cremona;1;9.319;3,92;;5,57;;1,56;5,53;3,33;22,29
03019026;Castelverde;Cremona;1;5.623;12,48;;13,88;;0,42;7,08;3,25;30,65
03019027;Castelvisconti;Cremona;1;314;13,65;;4,17;;2,19;3,23;0,83;20,65
03019028;Cella Dati;Cremona;1;478;8,86;;7,29;;1,71;5,56;1,52;24,29
03019029;Chieve;Cremona;1;2.280;5,16;;6,75;;1,90;8,64;4,97;26,93
03019030;Cicognolo;Cremona;1;921;12,14;;10,49;;0,73;4,09;6,75;28,62
03019031;Cingia de' Botti;Cremona;1;1.126;5,92;;14,80;;1,77;4,53;2,93;27,72
03019032;Corte de' Cortesi con Cignone;Cremona;1;1.057;8,39;;3,51;;0,44;3,85;0,87;16,94
03019033;Corte de' Frati;Cremona;1;1.333;11,97;;11,58;;0,92;4,08;0,58;22,70
03019034;Credera Rubbiano;Cremona;1;1.532;4,05;;6,77;;2,89;11,64;4,72;33,62
03019035;Crema;Cremona;1;33.920;3,40;;6,57;;2,78;5,43;4,52;24,90
03019036;Cremona;Cremona;1;71.094;11,63;;10,96;;4,44;6,70;3,28;31,68
03019037;Cremosano;Cremona;1;1.722;4,06;;6,28;;3,66;11,33;4,18;32,72
03019038;Crotta d'Adda;Cremona;1;616;8,06;;4,30;;1,42;7,26;0,81;21,80
03019039;Cumignano sul Naviglio;Cremona;1;402;8,27;;10,23;;3,59;6,03;4,44;33,19
03019040;Derovere;Cremona;1;278;10,20;;20,12;;1,72;7,54;8,55;41,46
03019041;Dovera;Cremona;1;3.766;2,98;;5,84;;1,87;15,82;5,11;36,21
03019043;Fiesco;Cremona;1;1.202;3,32;;5,48;;0,93;11,79;4,88;26,97
03019044;Formigara;Cremona;1;996;4,53;;7,77;;2,56;8,30;3,38;30,84
03019045;Gabbioneta-Binanuova;Cremona;1;853;13,58;;15,04;;3,35;15,98;7,34;50,19
03019046;Gadesco-Pieve Delmona;Cremona;1;1.896;10,37;;11,73;;0,28;4,18;1,41;23,89
03019047;Genivolta;Cremona;1;1.116;6,14;;7,44;;2,41;7,06;4,12;29,36
03019048;Gerre de' Caprioli;Cremona;1;1.322;8,19;;18,89;;0,90;5,57;2,29;30,22
03019049;Gombito;Cremona;1;620;4,91;;8,54;;0,79;8,72;5,13;28,93
03019050;Grontardo;Cremona;1;1.490;12,01;;16,43;;0,54;5,07;0,68;27,46
03019051;Grumello Cremonese ed Uniti;Cremona;1;1.694;12,99;;5,92;;1,78;5,65;1,14;23,99
03019052;Gussola;Cremona;1;2.651;21,16;;13,83;;0,81;6,05;0,59;29,23
03019053;Isola Dovarese;Cremona;1;1.071;26,60;;16,43;;;5,67;1,49;34,14
03019054;Izano;Cremona;1;1.954;3,86;;3,94;;3,59;11,12;4,04;30,64
03019055;Madignano;Cremona;1;2.773;3,18;;5,51;;2,14;2,84;5,53;22,55
03019056;Malagnino;Cremona;1;1.755;9,14;;16,42;;0,91;4,53;2,82;28,48
03019057;Martignana di Po;Cremona;1;2.016;30,18;;16,40;;;5,77;0,93;30,70
03019058;Monte Cremasco;Cremona;1;2.253;4,28;;4,70;;2,94;10,17;3,57;30,98
03019059;Montodine;Cremona;1;2.442;2,86;;5,72;;2,04;10,05;5,60;28,61
03019061;Motta Baluffi;Cremona;1;795;11,20;;14,78;;1,57;5,70;4,19;31,65
03019062;Offanengo;Cremona;1;5.971;3,17;;3,81;;1,50;8,46;3,72;24,32
03019063;Olmeneta;Cremona;1;902;19,18;;13,82;;0,53;4,98;0,71;27,40
03019064;Ostiano;Cremona;1;2.768;9,76;;11,47;;3,03;6,11;2,17;29,73
03019065;Paderno Ponchielli;Cremona;1;1.311;19,98;;14,51;;0,49;4,37;3,62;31,15
03019066;Palazzo Pignano;Cremona;1;3.813;10,65;;5,89;;0,74;3,94;3,15;21,65
03019067;Pandino;Cremona;1;8.916;3,59;;6,27;;2,87;11,11;4,62;31,75
03019068;Persico Dosimo;Cremona;1;3.269;12,45;;14,55;;0,85;4,32;0,76;26,17
03019069;Pescarolo ed Uniti;Cremona;1;1.521;12,82;;10,38;;2,57;8,67;2,61;29,52
03019070;Pessina Cremonese;Cremona;1;559;17,54;;13,07;;0,83;4,86;0,67;27,28
03019116;Piadena Drizzona;Cremona;1;4.002;11,77;;15,95;;2,85;6,52;2,04;31,70
03019072;Pianengo;Cremona;1;2.531;4,76;;5,79;;2,34;9,74;6,94;31,31
03019073;Pieranica;Cremona;1;1.107;4,10;;7,06;;0,87;8,57;4,73;27,46
03019074;Pieve d'Olmi;Cremona;1;1.225;26,56;;14,14;;0,70;4,26;4,18;32,20
03019075;Pieve San Giacomo;Cremona;1;1.635;15,36;;13,18;;3,31;4,48;3,45;31,87
03019076;Pizzighettone;Cremona;1;6.249;5,03;;4,52;;1,90;3,71;4,13;19,68
03019077;Pozzaglio ed Uniti;Cremona;1;1.435;9,67;;10,86;;2,53;4,60;3,36;26,27
03019078;Quintano;Cremona;1;920;3,89;;7,98;;2,04;10,05;3,53;30,28
03019079;Ricengo;Cremona;1;1.733;4,00;;5,74;;0,73;7,69;3,61;24,08
03019080;Ripalta Arpina;Cremona;1;1.052;4,83;;6,49;;0,95;8,29;3,09;26,02
03019081;Ripalta Cremasca;Cremona;1;3.445;3,68;;4,73;;2,93;12,33;7,61;34,57
03019082;Ripalta Guerina;Cremona;1;546;6,66;;6,89;;0,21;12,85;2,86;31,63
03019083;Rivarolo del Re ed Uniti;Cremona;1;1.830;16,57;;10,76;;1,13;4,37;1,01;24,84
03019084;Rivolta d'Adda;Cremona;1;8.243;9,56;;6,53;;4,76;1,47;2,21;21,38
03019085;Robecco d'Oglio;Cremona;1;2.261;10,81;;8,24;;1,67;7,97;1,79;29,32
03019086;Romanengo;Cremona;1;3.222;4,34;;6,70;;1,09;6,01;3,86;24,68
03019087;Salvirola;Cremona;1;1.132;9,34;;10,77;;0,53;26,67;7,07;60,86
03019088;San Bassano;Cremona;1;2.077;5,68;;4,41;;0,47;6,72;1,94;22,32
03019089;San Daniele Po;Cremona;1;1.256;11,43;;12,93;;2,67;9,01;1,00;30,98
03019090;San Giovanni in Croce;Cremona;1;1.918;5,21;;14,59;;0,11;3,77;0,70;22,99
03019091;San Martino del Lago;Cremona;1;381;13,54;;14,80;;;3,11;0,66;24,25
03019092;Scandolara Ravara;Cremona;1;1.291;17,10;;14,40;;1,31;4,66;2,99;29,19
03019093;Scandolara Ripa d'Oglio;Cremona;1;509;9,23;;17,70;;0,29;8,86;0,69;31,23
03019094;Sergnano;Cremona;1;3.473;3,33;;5,25;;2,44;7,70;4,53;25,12
03019095;Sesto ed Uniti;Cremona;1;3.229;8,57;;5,12;;2,13;6,34;2,07;25,43
03019096;Solarolo Rainerio;Cremona;1;929;7,88;;15,13;;;5,12;2,18;27,19
03019097;Soncino;Cremona;1;7.519;3,29;;6,16;;1,83;8,39;4,57;25,34
03019098;Soresina;Cremona;1;9.062;8,65;;8,04;;1,06;7,86;2,08;28,07
03019099;Sospiro;Cremona;1;3.042;5,68;;12,14;;0,82;4,17;1,93;21,56
03019100;Spinadesco;Cremona;1;1.432;10,56;;5,97;;0,57;7,88;1,31;25,44
03019101;Spineda;Cremona;1;601;10,92;;2,50;;0,52;1,95;1,33;10,39
03019102;Spino d'Adda;Cremona;1;7.005;40,47;;6,16;;1,02;7,98;3,68;32,93
03019103;Stagno Lombardo;Cremona;1;1.434;14,33;;14,94;;0,44;4,77;1,80;27,41
03019104;Ticengo;Cremona;1;442;4,86;;6,24;;4,98;2,06;2,87;22,31
03019105;Torlino Vimercati;Cremona;1;473;5,88;;6,39;;1,00;4,39;2,42;18,78
03019106;Tornata;Cremona;1;409;23,20;;13,45;;1,71;8,31;0,68;31,65
03019107;Torre de' Picenardi;Cremona;1;2.155;33,24;;13,86;;0,04;4,68;0,62;30,36
03019108;Torricella del Pizzo;Cremona;1;579;14,09;;13,28;;5,20;6,48;0,72;37,49
03019109;Trescore Cremasco;Cremona;1;2.850;5,81;;13,02;;3,11;4,41;2,38;26,82
03019111;Vaiano Cremasco;Cremona;1;3.525;4,87;;7,99;;3,01;7,66;4,91;30,79
03019112;Vailate;Cremona;1;4.633;3,51;;6,91;;2,26;7,87;2,92;25,77
03019114;Volongo;Cremona;1;455;10,56;;18,37;;4,47;20,34;4,79;52,18
03019115;Voltido;Cremona;1;331;10,36;;14,62;;;4,52;1,46;25,99
18101001;Belvedere di Spinello;Crotone;1;1.930;20,38;;7,65;;1,91;19,12;;46,85
18101003;Carfizzi;Crotone;1;501;51,06;;5,43;;1,16;4,22;;47,39
18101005;Castelsilano;Crotone;1;888;7,51;;;;;4,64;0,08;28,23
18101006;Cerenzia;Crotone;1;1.025;30,01;;3,11;;3,55;;;31,42
18101008;Ciro Marina;Crotone;1;14.143;19,24;;8,28;;6,08;8,48;;37,60
18101009;Cotronei;Crotone;1;5.195;12,87;;6,87;;0,69;6,14;3,20;45,05
18101010;Crotone;Crotone;1;58.294;7,52;;28,66;;4,68;6,99;1,07;44,18
18101011;Crucoli;Crotone;1;2.761;55,10;;12,92;;3,20;8,18;;51,06
18101012;Cutro;Crotone;1;9.358;26,23;;18,64;;10,59;1,93;;43,90
18101013;Isola di Capo Rizzuto;Crotone;1;17.673;7,91;;21,69;;1,06;3,32;3,83;34,30
18101014;Melissa;Crotone;1;3.229;20,95;;17,69;;2,02;1,13;;35,17
18101015;Mesoraca;Crotone;1;5.753;17,22;;8,93;;4,92;6,64;0,25;32,44
18101017;Petilia Policastro;Crotone;1;8.575;17,93;;18,36;;;1,74;0,33;35,74
18101022;Santa Severina;Crotone;1;1.883;17,57;;6,18;;;4,61;2,44;23,75
18101024;Scandale;Crotone;1;2.841;10,11;;14,12;;1,24;2,97;;25,43
18101025;Strongoli;Crotone;1;6.159;42,69;;4,89;;0,04;5,44;0,34;46,06
18101027;Verzino;Crotone;1;1.564;40,02;;27,34;;4,48;1,30;4,66;54,05
01004001;Acceglio;Cuneo;1;159;9,42;;24,36;;0,03;10,55;3,09;38,13
01004002;Aisone;Cuneo;1;213;15,35;;10,40;;0,86;5,03;1,02;27,17
01004003;Alba;Cuneo;1;31.154;5,35;;8,76;;4,24;4,12;3,03;26,98
01004004;Albaretto della Torre;Cuneo;1;215;5,39;;5,78;;2,33;9,03;2,03;32,27
01004005;Alto;Cuneo;1;152;3,71;;6,78;;;17,99;0,60;36,73
01004006;Argentera;Cuneo;1;80;37,58;;44,63;;14,23;39,30;3,75;105,99
01004007;Arguello;Cuneo;1;195;5,62;;7,05;;;14,07;1,86;37,00
01004008;Bagnasco;Cuneo;1;961;13,22;;11,84;;0,99;3,69;3,46;27,22
01004009;Bagnolo Piemonte;Cuneo;1;5.837;11,31;;14,25;;0,64;1,77;2,53;26,91
01004010;Baldissero d'Alba;Cuneo;1;1.064;25,02;;10,48;;1,81;10,09;3,23;38,22
01004011;Barbaresco;Cuneo;1;606;13,80;;5,19;;2,14;5,26;1,52;20,64
01004012;Barge;Cuneo;1;7.418;4,08;;10,37;;0,09;4,73;1,64;20,54
01004013;Barolo;Cuneo;1;614;9,55;;6,86;;5,17;5,90;1,92;24,99
01004014;Bastia Mondovi;Cuneo;1;624;4,63;;8,50;;2,45;8,16;3,74;34,41
01004015;Battifollo;Cuneo;1;247;6,99;;10,45;;1,71;5,24;1,71;32,25
01004016;Beinette;Cuneo;1;3.503;3,17;;14,16;;;6,22;1,30;25,69
01004017;Bellino;Cuneo;1;96;9,88;;26,06;;;20,57;2,46;46,62
01004018;Belvedere Langhe;Cuneo;1;347;4,62;;4,18;;3,47;6,78;2,58;36,96
01004019;Bene Vagienna;Cuneo;1;3.657;12,04;;15,15;;2,20;9,35;3,30;38,71
01004020;Benevello;Cuneo;1;453;6,77;;6,73;;;6,10;2,74;30,47
01004021;Bergolo;Cuneo;1;53;4,24;;3,96;;;18,77;1,07;33,72
01004022;Bernezzo;Cuneo;1;4.250;2,59;;8,05;;0,41;4,71;1,62;19,72
01004023;Bonvicino;Cuneo;1;98;3,23;;10,40;;0,40;14,45;5,62;44,91
01004025;Borgo San Dalmazzo;Cuneo;1;12.564;4,43;;12,25;;3,72;4,22;1,06;27,10
01004024;Borgomale;Cuneo;1;369;8,38;;7,28;;1,27;8,73;1,86;35,47
01004026;Bosia;Cuneo;1;170;5,99;;8,47;;3,68;8,64;7,37;39,93
01004027;Bossolasco;Cuneo;1;652;5,02;;4,54;;1,71;6,45;2,60;28,04
01004028;Boves;Cuneo;1;9.656;12,91;;13,86;;1,35;4,99;0,67;27,67
01004029;Bra;Cuneo;1;29.802;12,32;;6,90;;4,15;5,33;3,21;24,98
01004030;Briaglia;Cuneo;1;310;9,86;;12,36;;0,18;5,48;5,13;41,43
01004031;Briga Alta;Cuneo;1;41;4,81;;13,45;;;14,81;4,15;57,82
01004032;Brondello;Cuneo;1;264;20,34;;20,23;;3,06;8,97;2,75;41,21
01004033;Brossasco;Cuneo;1;991;13,43;;15,66;;0,13;3,30;2,28;26,63
01004034;Busca;Cuneo;1;10.159;11,03;;8,73;;0,93;4,83;2,14;24,25
01004035;Camerana;Cuneo;1;557;7,44;;6,36;;3,09;6,62;2,97;33,33
01004037;Canale;Cuneo;1;5.505;12,45;;12,23;;1,73;7,19;3,10;33,18
01004038;Canosio;Cuneo;1;76;9,54;;16,99;;5,14;20,20;6,91;54,83
01004039;Caprauna;Cuneo;1;82;6,21;;9,87;;;8,60;7,50;36,32
01004040;Caraglio;Cuneo;1;6.763;3,74;;11,71;;1,85;5,22;3,25;26,77
01004041;Caramagna Piemonte;Cuneo;1;3.018;7,20;;14,23;;0,65;8,78;2,44;31,16
01004042;Carde;Cuneo;1;1.133;12,51;;13,19;;2,77;6,66;2,28;30,78
01004043;Carru;Cuneo;1;4.417;6,75;;15,28;;1,70;6,73;4,07;36,32
01004044;Cartignano;Cuneo;1;164;8,04;;15,10;;0,02;4,09;0,28;23,94
01004045;Casalgrasso;Cuneo;1;1.447;6,72;;2,17;;;1,28;4,55;20,57
01004046;Castagnito;Cuneo;1;2.239;19,64;;8,38;;0,99;6,14;3,05;28,96
01004047;Casteldelfino;Cuneo;1;139;10,89;;30,03;;;32,66;1,91;61,23
01004049;Castelletto Stura;Cuneo;1;1.371;1,76;;15,57;;2,11;7,57;0,59;27,77
01004050;Castelletto Uzzone;Cuneo;1;299;7,00;;8,15;;9,30;6,08;2,56;40,07
01004051;Castellinaldo;Cuneo;1;894;28,23;;7,65;;0,04;6,34;5,27;29,91
01004052;Castellino Tanaro;Cuneo;1;269;6,40;;12,89;;0,61;13,13;4,10;46,27
01004053;Castelmagno;Cuneo;1;55;8,45;;17,25;;0,03;12,51;0,39;32,65
01004054;Castelnuovo di Ceva;Cuneo;1;103;14,45;;3,10;;;7,03;1,09;32,28
01004055;Castiglione Falletto;Cuneo;1;654;18,66;;6,73;;1,25;3,58;1,85;18,53
01004056;Castiglione Tinella;Cuneo;1;757;24,47;;11,69;;0,05;9,77;3,15;37,66
01004057;Castino;Cuneo;1;441;9,46;;8,23;;0,49;8,07;3,07;35,55
01004058;Cavallerleone;Cuneo;1;674;11,43;;18,32;;3,12;1,68;1,87;27,84
01004059;Cavallermaggiore;Cuneo;1;5.341;10,60;;8,43;;2,49;3,73;3,19;24,91
01004060;Celle di Macra;Cuneo;1;89;12,50;;28,83;;0,04;15,51;9,80;55,20
01004061;Centallo;Cuneo;1;6.946;11,75;;10,81;;1,81;4,24;2,70;27,15
01004062;Ceresole Alba;Cuneo;1;1.997;14,69;;6,83;;1,75;5,54;2,37;23,29
01004063;Cerretto Langhe;Cuneo;1;388;7,12;;9,25;;;4,93;2,36;34,92
01004064;Cervasca;Cuneo;1;5.178;2,34;;8,01;;0,61;4,87;1,38;20,35
01004065;Cervere;Cuneo;1;2.261;19,38;;7,31;;0,42;4,91;1,84;22,72
01004066;Ceva;Cuneo;1;5.852;5,92;;10,40;;1,95;5,17;2,87;27,86
01004067;Cherasco;Cuneo;1;9.552;13,58;;5,13;;3,15;4,03;3,04;27,99
01004068;Chiusa di Pesio;Cuneo;1;3.680;9,85;;13,15;;1,73;2,66;1,48;24,75
01004069;Ciglie;Cuneo;1;190;5,01;;8,07;;0,39;8,79;4,51;33,69
01004070;Cissone;Cuneo;1;79;3,68;;5,02;;0,70;4,39;2,10;24,51
01004071;Clavesana;Cuneo;1;793;9,63;;6,91;;0,32;11,24;1,56;32,54
01004072;Corneliano d'Alba;Cuneo;1;2.138;13,36;;11,52;;0,44;5,16;2,53;30,79
01004073;Cortemilia;Cuneo;1;2.152;9,93;;9,39;;2,38;6,94;1,54;29,41
01004074;Cossano Belbo;Cuneo;1;865;16,12;;6,31;;0,03;11,97;3,65;30,22
01004075;Costigliole Saluzzo;Cuneo;1;3.322;13,32;;10,88;;0,67;6,39;2,61;26,87
01004076;Cravanzana;Cuneo;1;351;6,13;;9,20;;1,77;10,83;2,21;39,08
01004077;Crissolo;Cuneo;1;149;10,64;;23,37;;2,10;18,75;1,81;46,83
01004078;Cuneo;Cuneo;1;56.008;10,03;;15,75;;3,61;4,06;1,98;31,27
01004079;Demonte;Cuneo;1;1.872;13,62;;10,18;;5,92;4,15;1,77;31,50
01004080;Diano d'Alba;Cuneo;1;3.561;12,08;;10,09;;1,00;5,33;2,41;28,40
01004081;Dogliani;Cuneo;1;4.621;11,11;;11,12;;0,75;4,57;2,10;28,08
01004082;Dronero;Cuneo;1;7.004;4,94;;10,28;;1,48;5,84;1,48;23,96
01004083;Elva;Cuneo;1;77;8,87;;18,54;;0,03;3,90;0,31;27,44
01004084;Entracque;Cuneo;1;751;6,14;;18,38;;;4,67;2,53;28,06
01004085;Envie;Cuneo;1;1.944;11,78;;12,24;;1,46;6,63;3,17;29,60
01004086;Farigliano;Cuneo;1;1.698;8,51;;5,97;;0,65;3,30;1,17;16,23
01004087;Faule;Cuneo;1;490;23,98;;2,30;;0,26;7,33;5,36;29,85
01004088;Feisoglio;Cuneo;1;297;10,24;;7,16;;1,79;5,88;2,48;34,52
01004089;Fossano;Cuneo;1;24.218;8,37;;10,50;;2,47;2,02;3,14;22,77
01004090;Frabosa Soprana;Cuneo;1;754;10,50;;16,35;;0,27;4,37;2,25;35,74
01004091;Frabosa Sottana;Cuneo;1;1.599;4,05;;15,28;;1,64;9,92;1,43;37,55
01004092;Frassino;Cuneo;1;257;7,33;;6,12;;;10,10;5,78;31,30
01004093;Gaiola;Cuneo;1;581;11,85;;6,49;;0,60;5,88;1,23;23,60
01004094;Gambasca;Cuneo;1;350;13,04;;15,34;;0,13;9,96;3,79;32,62
01004095;Garessio;Cuneo;1;2.832;8,71;;5,11;;;2,53;1,37;14,42
01004096;Genola;Cuneo;1;2.562;7,03;;10,81;;1,43;2,07;3,91;23,79
01004097;Gorzegno;Cuneo;1;250;8,74;;9,40;;;8,08;2,90;37,85
01004098;Gottasecca;Cuneo;1;126;7,19;;7,93;;0,65;12,94;4,11;43,56
01004099;Govone;Cuneo;1;2.231;17,17;;9,16;;1,81;5,89;4,31;28,14
01004100;Grinzane Cavour;Cuneo;1;1.970;17,00;;13,68;;3,92;8,44;2,45;36,24
01004101;Guarene;Cuneo;1;3.542;18,75;;3,70;;1,64;5,08;2,46;23,84
01004102;Igliano;Cuneo;1;66;3,67;;5,65;;4,47;13,08;1,08;34,91
01004103;Isasca;Cuneo;1;70;7,01;;12,45;;;13,29;4,54;38,05
01004105;La Morra;Cuneo;1;2.655;18,34;;3,84;;0,94;2,80;1,36;16,40
01004104;Lagnasco;Cuneo;1;1.400;10,24;;10,14;;0,73;2,81;0,84;20,71
01004106;Lequio Berria;Cuneo;1;435;6,62;;6,42;;1,62;8,03;1,13;33,67
01004107;Lequio Tanaro;Cuneo;1;708;8,28;;11,39;;0,41;6,06;3,50;29,64
01004108;Lesegno;Cuneo;1;847;4,91;;4,64;;1,69;3,85;2,84;21,69
01004109;Levice;Cuneo;1;195;7,15;;4,92;;;10,72;1,03;27,56
01004110;Limone Piemonte;Cuneo;1;1.338;5,74;;31,21;;0,99;8,41;10,05;45,16
01004111;Lisio;Cuneo;1;191;17,14;;7,75;;1,52;14,90;2,24;44,31
01004112;Macra;Cuneo;1;43;6,03;;14,44;;0,02;6,88;5,63;29,55
01004113;Magliano Alfieri;Cuneo;1;2.154;22,15;;4,44;;0,59;5,46;1,66;19,49
01004114;Magliano Alpi;Cuneo;1;2.161;23,82;;8,50;;0,18;4,10;1,50;24,53
01004116;Manta;Cuneo;1;3.789;15,58;;9,65;;1,50;2,16;2,24;23,56
01004117;Marene;Cuneo;1;3.339;13,25;;10,61;;1,16;5,55;2,91;27,64
01004118;Margarita;Cuneo;1;1.415;2,91;;14,24;;0,13;4,13;0,99;23,55
01004119;Marmora;Cuneo;1;58;5,92;;12,22;;4,87;12,04;6,11;40,44
01004120;Marsaglia;Cuneo;1;215;1,13;;5,65;;9,25;17,30;1,42;44,50
01004121;Martiniana Po;Cuneo;1;776;12,58;;9,40;;0,15;19,63;5,85;41,45
01004122;Melle;Cuneo;1;298;9,01;;16,15;;2,85;3,34;2,97;30,36
01004123;Moiola;Cuneo;1;222;16,23;;13,26;;3,39;9,38;1,81;38,92
01004124;Mombarcaro;Cuneo;1;266;4,60;;5,46;;2,74;6,48;1,89;30,34
01004125;Mombasiglio;Cuneo;1;593;6,86;;7,82;;0,62;8,33;2,96;30,85
01004126;Monastero di Vasco;Cuneo;1;1.266;30,97;;20,80;;0,39;11,26;7,96;54,71
01004127;Monasterolo Casotto;Cuneo;1;81;6,43;;13,82;;0,16;22,34;4,52;53,61
01004128;Monasterolo di Savigliano;Cuneo;1;1.320;12,82;;14,75;;0,24;3,47;3,90;26,51
01004129;Monchiero;Cuneo;1;572;21,18;;8,58;;5,11;8,63;3,72;36,39
01004130;Mondovi;Cuneo;1;22.068;8,47;;13,86;;2,35;4,36;3,87;31,94
01004131;Monesiglio;Cuneo;1;576;7,88;;8,07;;5,43;11,56;3,52;42,33
01004132;Monforte d'Alba;Cuneo;1;1.919;15,06;;10,85;;2,30;7,52;2,28;29,47
01004133;Monta;Cuneo;1;4.701;26,84;;9,31;;2,10;6,71;2,43;36,32
01004134;Montaldo di Mondovi;Cuneo;1;529;7,39;;16,39;;0,20;31,65;11,29;74,53
01004135;Montaldo Roero;Cuneo;1;877;18,06;;12,83;;6,57;11,87;5,33;47,05
01004136;Montanera;Cuneo;1;715;4,05;;20,53;;5,11;12,75;2,08;43,88
01004137;Montelupo Albese;Cuneo;1;474;19,14;;8,91;;0,46;8,64;2,64;27,74
01004138;Montemale di Cuneo;Cuneo;1;233;7,78;;20,92;;0,03;7,29;1,65;32,57
01004139;Monterosso Grana;Cuneo;1;536;5,45;;14,17;;0,02;12,72;1,20;32,48
01004140;Monteu Roero;Cuneo;1;1.600;23,25;;11,72;;1,01;11,03;3,67;39,73
01004141;Montezemolo;Cuneo;1;220;2,39;;7,26;;0,26;12,07;1,60;32,30
01004142;Monticello d'Alba;Cuneo;1;2.353;16,09;;7,14;;1,09;7,12;1,93;26,07
01004143;Moretta;Cuneo;1;4.085;10,46;;4,71;;3,51;3,86;3,94;23,30
01004144;Morozzo;Cuneo;1;2.013;4,09;;23,72;;4,35;12,73;2,12;45,03
01004145;Murazzano;Cuneo;1;872;4,04;;7,83;;0,35;12,01;1,87;56,83
01004146;Murello;Cuneo;1;925;9,11;;5,22;;0,37;4,97;5,55;23,13
01004147;Narzole;Cuneo;1;3.494;20,84;;16,85;;2,20;7,91;3,55;42,44
01004148;Neive;Cuneo;1;3.235;17,23;;10,84;;3,14;5,96;2,00;29,65
01004149;Neviglie;Cuneo;1;359;33,12;;9,74;;0,04;16,54;2,82;41,56
01004150;Niella Belbo;Cuneo;1;322;6,78;;6,67;;2,38;16,54;2,02;41,73
01004151;Niella Tanaro;Cuneo;1;939;3,79;;10,31;;3,25;6,50;2,03;30,01
01004152;Novello;Cuneo;1;947;18,42;;6,65;;0,83;3,98;2,13;21,63
01004153;Nucetto;Cuneo;1;378;7,48;;12,32;;0,93;8,65;4,68;37,87
01004154;Oncino;Cuneo;1;86;11,08;;41,68;;;3,15;2,93;36,08
01004155;Ormea;Cuneo;1;1.465;7,78;;24,08;;;3,77;7,42;38,33
01004156;Ostana;Cuneo;1;88;5,71;;8,59;;;23,33;2,54;39,35
01004157;Paesana;Cuneo;1;2.612;12,89;;7,80;;0,52;4,13;5,57;27,49
01004158;Pagno;Cuneo;1;579;14,30;;9,85;;0,15;9,39;2,06;27,56
01004159;Pamparato;Cuneo;1;255;7,92;;15,48;;0,19;22,13;11,62;64,34
01004160;Paroldo;Cuneo;1;178;6,52;;6,71;;3,21;16,97;2,92;41,19
01004161;Perletto;Cuneo;1;253;9,85;;5,45;;4,24;15,57;3,48;41,30
01004162;Perlo;Cuneo;1;107;15,03;;8,06;;0,12;15,98;1,22;44,19
01004163;Peveragno;Cuneo;1;5.494;7,17;;11,19;;0,53;3,14;1,15;21,96
01004164;Pezzolo Valle Uzzone;Cuneo;1;298;7,28;;5,81;;;9,25;1,38;31,87
01004165;Pianfei;Cuneo;1;2.094;3,04;;12,96;;1,43;6,50;0,90;25,90
01004166;Piasco;Cuneo;1;2.761;12,80;;10,88;;0,55;5,79;1,41;26,17
01004167;Pietraporzio;Cuneo;1;68;21,96;;23,40;;1,51;15,74;1,62;50,59
01004168;Piobesi d'Alba;Cuneo;1;1.444;15,33;;9,01;;1,00;5,48;3,81;26,70
01004169;Piozzo;Cuneo;1;984;15,69;;8,68;;0,16;5,00;3,04;26,56
01004170;Pocapaglia;Cuneo;1;3.311;17,46;;9,76;;2,63;5,54;3,14;28,94
01004171;Polonghera;Cuneo;1;1.124;14,92;;10,77;;0,38;5,67;2,00;25,72
01004172;Pontechianale;Cuneo;1;178;12,96;;23,86;;6,23;3,29;1,32;36,37
01004173;Pradleves;Cuneo;1;238;9,61;;20,15;;6,36;5,58;1,46;37,12
01004174;Prazzo;Cuneo;1;179;7,18;;17,70;;6,05;6,12;2,59;34,73
01004175;Priero;Cuneo;1;476;8,57;;8,76;;0,66;3,92;2,94;27,50
01004176;Priocca;Cuneo;1;2.076;15,73;;10,13;;1,13;38,45;2,58;59,55
01004177;Priola;Cuneo;1;627;10,34;;8,64;;0,23;3,98;3,82;24,74
01004178;Prunetto;Cuneo;1;393;10,18;;8,78;;;11,77;2,53;38,06
01004179;Racconigi;Cuneo;1;9.684;4,94;;12,19;;3,28;4,29;5,27;29,21
01004180;Revello;Cuneo;1;4.168;10,17;;7,73;;3,58;7,60;4,84;29,30
01004181;Rifreddo;Cuneo;1;1.039;16,28;;17,50;;0,12;0,51;1,61;19,64
01004182;Rittana;Cuneo;1;103;17,92;;17,91;;1,18;11,11;1,27;43,04
01004183;Roaschia;Cuneo;1;95;8,15;;37,29;;0,67;14,40;0,38;44,02
01004184;Roascio;Cuneo;1;91;2,06;;2,63;;2,08;11,70;4,98;39,44
01004185;Robilante;Cuneo;1;2.127;4,61;;14,61;;5,67;4,66;0,53;29,61
01004186;Roburent;Cuneo;1;477;4,51;;16,01;;0,14;22,13;11,52;57,27
01004188;Rocca Ciglie;Cuneo;1;121;3,37;;10,26;;0,39;15,33;5,83;42,49
01004189;Rocca de' Baldi;Cuneo;1;1.576;21,19;;11,96;;0,22;9,38;2,27;36,36
01004187;Roccabruna;Cuneo;1;1.532;6,67;;1,53;;1,10;2,59;0,11;12,47
01004190;Roccaforte Mondovi;Cuneo;1;2.131;12,12;;17,00;;;4,19;3,62;35,14
01004191;Roccasparvera;Cuneo;1;742;1,55;;15,84;;;4,68;1,77;23,22
01004192;Roccavione;Cuneo;1;2.602;7,14;;15,71;;5,45;4,84;2,68;33,81
01004193;Rocchetta Belbo;Cuneo;1;157;6,58;;6,04;;;3,58;1,02;24,02
01004194;Roddi;Cuneo;1;1.593;25,77;;6,95;;1,79;5,97;2,51;28,50
01004195;Roddino;Cuneo;1;412;15,61;;8,39;;2,95;8,97;2,26;30,28
01004196;Rodello;Cuneo;1;970;10,35;;8,65;;2,89;9,48;3,71;32,88
01004197;Rossana;Cuneo;1;823;10,69;;14,64;;;5,58;2,40;27,73
01004198;Ruffia;Cuneo;1;361;12,36;;13,12;;5,08;1,14;2,64;26,64
01004199;Sale delle Langhe;Cuneo;1;453;2,98;;9,10;;0,35;7,77;2,77;31,36
01004200;Sale San Giovanni;Cuneo;1;152;2,32;;8,65;;1,29;13,00;2,34;36,65
01004201;Saliceto;Cuneo;1;1.157;8,37;;9,41;;2,41;7,11;4,75;40,65
01004202;Salmour;Cuneo;1;719;22,91;;5,07;;1,38;4,15;6,06;23,94
01004203;Saluzzo;Cuneo;1;17.553;9,99;;8,35;;5,03;2,20;3,15;25,44
01004204;Sambuco;Cuneo;1;83;18,43;;20,85;;1,29;13,96;2,12;46,47
01004205;Sampeyre;Cuneo;1;1.001;8,93;;13,24;;0,31;8,19;2,81;30,07
01004206;San Benedetto Belbo;Cuneo;1;148;4,96;;6,19;;0,44;16,29;2,25;37,75
01004207;San Damiano Macra;Cuneo;1;413;9,12;;13,80;;0,54;1,00;0,29;22,90
01004210;San Michele Mondovi;Cuneo;1;1.858;24,70;;17,76;;0,02;5,66;4,07;42,97
01004208;Sanfre;Cuneo;1;3.061;20,65;;8,47;;0,56;5,10;1,83;25,43
01004209;Sanfront;Cuneo;1;2.252;11,80;;10,98;;2,31;3,68;1,85;25,45
01004212;Santa Vittoria d'Alba;Cuneo;1;2.897;21,90;;7,82;;2,56;6,43;2,88;28,85
01004211;Sant'Albano Stura;Cuneo;1;2.393;11,83;;8,60;;2,04;2,60;2,70;23,22
01004213;Santo Stefano Belbo;Cuneo;1;3.763;15,89;;10,44;;3,49;8,25;4,92;38,27
01004214;Santo Stefano Roero;Cuneo;1;1.328;23,43;;9,74;;3,35;8,83;4,33;38,89
01004215;Savigliano;Cuneo;1;21.767;9,66;;7,89;;4,21;3,65;3,86;26,28
01004216;Scagnello;Cuneo;1;172;15,39;;7,14;;1,76;24,99;1,07;55,18
01004217;Scarnafigi;Cuneo;1;2.105;13,72;;8,92;;0,28;5,32;3,96;26,03
01004218;Serralunga d'Alba;Cuneo;1;508;7,97;;5,40;;1,80;7,38;1,32;22,68
01004219;Serravalle Langhe;Cuneo;1;321;4,97;;6,62;;2,43;6,34;1,21;30,83
01004220;Sinio;Cuneo;1;482;21,84;;11,66;;2,63;7,93;3,51;37,04
01004221;Somano;Cuneo;1;304;6,48;;8,51;;0,27;6,72;3,36;35,58
01004222;Sommariva del Bosco;Cuneo;1;6.280;20,51;;10,75;;2,67;6,03;4,40;35,15
01004223;Sommariva Perno;Cuneo;1;2.677;15,12;;13,98;;0,24;6,32;3,49;32,74
01004224;Stroppo;Cuneo;1;110;3,60;;8,48;;5,04;9,51;0,92;29,72
01004225;Tarantasca;Cuneo;1;2.188;6,80;;7,88;;0,27;3,17;1,21;18,62
01004226;Torre Bormida;Cuneo;1;182;5,65;;4,80;;;3,80;1,78;23,71
01004227;Torre Mondovi;Cuneo;1;556;22,84;;14,32;;0,26;5,14;4,69;38,17
01004228;Torre San Giorgio;Cuneo;1;720;9,45;;7,77;;1,59;1,69;1,57;22,45
01004229;Torresina;Cuneo;1;47;6,08;;10,97;;8,49;22,99;1,97;55,81
01004230;Treiso;Cuneo;1;762;16,93;;11,35;;;12,47;2,96;38,58
01004231;Trezzo Tinella;Cuneo;1;283;27,39;;11,44;;19,34;14,79;7,56;65,06
01004232;Trinita;Cuneo;1;2.259;15,49;;17,53;;1,65;1,51;1,36;27,00
01004233;Valdieri;Cuneo;1;926;6,26;;17,96;;1,37;3,34;0,93;26,41
01004234;Valgrana;Cuneo;1;795;4,83;;11,10;;2,89;2,78;2,55;24,95
01004235;Valloriate;Cuneo;1;100;14,27;;15,19;;0,98;9,57;1,66;38,03
01004237;Venasca;Cuneo;1;1.334;11,19;;15,26;;0,22;4,16;2,05;27,29
01004238;Verduno;Cuneo;1;565;22,18;;4,09;;3,35;4,40;3,74;22,28
01004239;Vernante;Cuneo;1;1.077;7,03;;16,00;;5,36;4,98;3,93;35,00
01004240;Verzuolo;Cuneo;1;6.420;13,31;;9,95;;3,00;2,37;1,08;24,50
01004241;Vezza d'Alba;Cuneo;1;2.351;13,02;;9,84;;1,31;6,60;3,98;29,14
01004242;Vicoforte;Cuneo;1;3.146;19,99;;12,20;;0,23;5,91;4,43;33,83
01004243;Vignolo;Cuneo;1;2.685;2,59;;9,13;;0,67;3,13;1,53;19,65
01004244;Villafalletto;Cuneo;1;2.887;7,89;;8,03;;2,78;4,54;0,66;22,61
01004245;Villanova Mondovi;Cuneo;1;5.976;15,02;;12,11;;0,51;4,59;2,43;30,34
01004246;Villanova Solaro;Cuneo;1;737;15,11;;11,62;;0,75;13,83;1,75;34,83
01004247;Villar San Costanzo;Cuneo;1;1.575;7,06;;2,62;;0,51;1,65;1,31;16,06
01004248;Vinadio;Cuneo;1;575;8,15;;16,57;;1,21;3,94;1,24;26,36
01004249;Viola;Cuneo;1;379;7,48;;12,34;;7,16;24,01;1,28;57,74
01004250;Vottignasco;Cuneo;1;494;22,91;;12,87;;0,33;6,14;1,79;28,09
19086004;Barrafranca;Enna;1;11.617;15,51;;22,72;;11,24;12,23;2,42;59,30
19086005;Calascibetta;Enna;1;4.031;29,37;;38,39;;4,75;4,31;0,42;51,80
19086009;Enna;Enna;1;25.367;10,84;;29,77;;4,35;6,79;3,44;49,36
19086011;Leonforte;Enna;1;12.183;9,35;;15,01;;4,63;4,92;1,22;31,19
19086012;Nicosia;Enna;1;12.589;13,88;;21,05;;7,94;4,46;1,55;43,03
19086013;Nissoria;Enna;1;2.828;114,03;;;;;5,88;2,65;59,20
19086015;Pietraperzia;Enna;1;6.304;19,29;;46,85;;;10,31;2,51;50,48
11109001;Altidona;Fermo;1;3.564;5,91;;8,76;;3,17;2,11;2,65;21,10
11109003;Belmonte Piceno;Fermo;1;556;3,75;;6,21;;5,05;10,27;8,14;32,99
11109004;Campofilone;Fermo;1;1.907;7,57;;11,12;;2,80;2,67;1,11;20,56
11109005;Falerone;Fermo;1;3.143;8,57;;18,09;;2,84;1,66;1,42;28,94
11109006;Fermo;Fermo;1;35.893;7,07;;14,14;;2,21;5,79;3,92;26,37
11109007;Francavilla d'Ete;Fermo;1;903;5,73;;13,65;;18,69;6,36;7,14;50,69
11109008;Grottazzolina;Fermo;1;3.189;16,48;;12,76;;1,83;2,61;4,09;27,86
11109010;Magliano di Tenna;Fermo;1;1.421;14,69;;10,34;;4,80;1,61;0,17;23,05
11109016;Monte Giberto;Fermo;1;728;9,94;;15,71;;2,41;7,43;0,55;28,68
11109023;Monte San Pietrangeli;Fermo;1;2.206;18,26;;17,97;;3,39;4,62;0,88;32,99
11109024;Monte Urano;Fermo;1;7.856;9,30;;10,01;;2,22;5,85;2,35;25,89
11109025;Monte Vidon Combatte;Fermo;1;401;18,11;;12,91;;5,55;7,81;1,64;33,18
11109026;Monte Vidon Corrado;Fermo;1;683;8,03;;11,27;;8,57;0,68;;29,82
11109015;Montefortino;Fermo;1;1.037;5,05;;39,88;;2,29;3,71;2,25;32,51
11109017;Montegiorgio;Fermo;1;6.291;8,63;;13,04;;5,22;7,70;1,87;32,19
11109018;Montegranaro;Fermo;1;12.500;15,65;;13,84;;4,61;1,33;3,48;28,38
11109027;Montottone;Fermo;1;883;18,85;;21,52;;5,58;9,51;1,78;43,40
11109029;Ortezzano;Fermo;1;739;18,41;;13,07;;4,31;4,60;0,20;27,54
11109031;Petritoli;Fermo;1;2.161;21,10;;14,46;;1,86;4,77;0,71;27,91
11109032;Ponzano di Fermo;Fermo;1;1.628;13,32;;14,56;;3,16;7,37;;31,29
11109033;Porto San Giorgio;Fermo;1;15.617;12,31;;19,78;;5,70;3,14;6,92;41,95
11109034;Porto Sant'Elpidio;Fermo;1;25.932;9,83;;8,15;;1,49;6,86;4,22;28,54
11109037;Sant'Elpidio a Mare;Fermo;1;16.505;9,02;;15,65;;5,22;4,19;0,46;29,01
11109038;Servigliano;Fermo;1;2.176;16,23;;14,33;;0,89;0,72;0,48;21,65
11109039;Smerillo;Fermo;1;331;6,39;;16,55;;6,57;7,97;3,65;35,74
08038003;Bondeno;Ferrara;1;13.925;12,25;;18,49;;4,41;14,70;3,41;46,66
08038004;Cento;Ferrara;1;35.414;10,13;;18,00;;4,23;12,69;3,21;42,77
08038005;Codigoro;Ferrara;1;11.041;13,13;;24,34;;4,09;16,53;2,89;53,88
08038006;Comacchio;Ferrara;1;22.037;6,16;;17,20;;2,98;8,23;0,53;33,51
08038007;Copparo;Ferrara;1;15.717;13,42;;21,57;;3,33;15,86;2,79;49,98
08038008;Ferrara;Ferrara;1;129.555;16,28;;14,71;;3,42;3,78;2,42;33,99
08038027;Fiscaglia;Ferrara;1;8.413;12,47;;20,34;;2,93;14,91;2,62;46,75
08038025;Goro;Ferrara;1;3.436;12,55;;24,58;;10,20;17,10;2,95;60,42
08038010;Jolanda di Savoia;Ferrara;1;2.625;11,09;;21,15;;11,37;14,88;2,53;54,95
08038011;Lagosanto;Ferrara;1;4.655;12,38;;19,34;;4,75;14,26;2,51;46,80
08038012;Masi Torello;Ferrara;1;2.307;15,12;;27,92;;2,85;19,65;3,49;60,86
08038014;Mesola;Ferrara;1;6.395;13,54;;18,72;;3,03;14,31;2,52;45,06
08038017;Ostellato;Ferrara;1;5.590;9,87;;17,49;;3,76;12,58;2,20;40,63
08038018;Poggio Renatico;Ferrara;1;9.801;11,12;;16,30;;2,17;11,80;3,05;38,43
08038019;Portomaggiore;Ferrara;1;11.966;14,90;;20,04;;5,91;15,28;2,69;51,03
08038029;Riva del Po;Ferrara;1;7.432;18,77;;20,80;;3,82;16,36;2,93;52,48
08038028;Terre del Reno;Ferrara;1;10.156;14,34;;14,92;;2,18;12,34;2,96;38,32
08038030;Tresignana;Ferrara;1;6.946;17,86;;19,83;;2,82;15,38;2,81;49,00
08038022;Vigarano Mainarda;Ferrara;1;7.665;11,39;;14,04;;2,89;10,97;2,70;35,62
08038023;Voghiera;Ferrara;1;3.586;13,43;;16,98;;2,07;13,18;2,34;40,92
09048001;Bagno a Ripoli;Firenze;1;25.071;18,15;;26,15;;3,48;7,14;4,38;51,05
09048002;Barberino di Mugello;Firenze;1;10.971;16,30;;20,35;;3,34;7,07;5,24;45,01
09048054;Barberino Tavarnelle;Firenze;1;11.936;16,87;;14,33;;4,18;5,10;6,16;42,21
09048004;Borgo San Lorenzo;Firenze;1;18.323;22,85;;24,95;;5,60;6,85;34,74;83,31
09048005;Calenzano;Firenze;1;18.130;8,95;;16,24;;5,03;5,91;6,79;41,75
09048006;Campi Bisenzio;Firenze;1;47.561;10,89;;15,76;;4,28;4,93;5,04;37,54
09048008;Capraia e Limite;Firenze;1;7.826;38,86;;22,54;;5,61;6,85;10,92;59,52
09048010;Castelfiorentino;Firenze;1;17.293;28,69;;20,94;;5,05;6,17;9,84;53,61
09048011;Cerreto Guidi;Firenze;1;10.745;28,71;;17,05;;3,16;5,01;7,84;44,81
09048012;Certaldo;Firenze;1;15.635;35,93;;23,57;;5,77;7,05;11,24;61,26
09048014;Empoli;Firenze;1;49.003;23,96;;18,54;;4,43;5,41;8,63;47,04
09048015;Fiesole;Firenze;1;13.783;27,37;;34,67;;7,54;9,20;14,68;79,98
09048052;Figline e Incisa Valdarno;Firenze;1;23.158;18,48;;27,87;;5,27;6,66;5,06;51,85
09048017;Firenze;Firenze;1;363.837;7,79;;14,98;;8,62;5,66;6,45;46,36
09048018;Firenzuola;Firenze;1;4.428;6,70;;3,53;;2,38;2,87;9,55;31,12
09048019;Fucecchio;Firenze;1;22.808;30,41;;19,38;;4,76;5,82;9,28;50,56
09048020;Gambassi Terme;Firenze;1;4.846;41,34;;22,81;;5,71;6,97;11,12;60,58
09048021;Greve in Chianti;Firenze;1;13.345;15,03;;26,93;;6,83;5,88;5,35;51,34
09048022;Impruneta;Firenze;1;14.368;21,30;;35,78;;3,61;7,76;6,73;63,08
09048024;Lastra a Signa;Firenze;1;19.779;12,21;;20,57;;4,78;5,68;6,08;46,41
09048026;Marradi;Firenze;1;2.885;4,70;;1,90;;3,91;2,10;16,18;37,69
09048027;Montaione;Firenze;1;3.477;23,67;;19,94;;4,46;5,19;10,83;51,65
09048028;Montelupo Fiorentino;Firenze;1;14.308;31,24;;18,83;;4,66;5,69;9,08;49,48
09048030;Montespertoli;Firenze;1;13.174;29,28;;18,38;;4,29;6,81;5,67;50,13
09048031;Palazzuolo sul Senio;Firenze;1;1.081;2,94;;12,27;;1,46;3,86;11,86;34,53
09048033;Pontassieve;Firenze;1;20.232;8,03;;14,91;;4,60;6,50;5,06;38,96
09048036;Rignano sull'Arno;Firenze;1;8.563;20,17;;16,80;;6,34;10,44;7,35;53,59
09048038;San Casciano in Val di Pesa;Firenze;1;16.436;11,38;;23,02;;5,66;5,32;4,58;44,39
09048041;Scandicci;Firenze;1;49.403;11,37;;15,16;;6,79;5,61;8,57;46,40
09048053;Scarperia e San Piero;Firenze;1;11.979;25,11;;23,63;;5,46;6,67;10,64;57,99
09048043;Sesto Fiorentino;Firenze;1;49.147;15,45;;19,73;;5,43;5,74;4,02;44,67
09048044;Signa;Firenze;1;18.982;10,42;;19,06;;6,26;5,28;8,47;46,43
09048046;Vaglia;Firenze;1;5.231;22,06;;28,07;;4,05;7,34;7,71;58,95
09048049;Vicchio;Firenze;1;8.101;25,55;;27,23;;3,93;6,68;6,11;54,32
09048050;Vinci;Firenze;1;14.584;27,54;;18,78;;4,57;5,59;8,91;48,55
16071006;Biccari;Foggia;1;2.626;22,33;;20,25;;10,10;5,41;0,51;42,79
16071008;Cagnano Varano;Foggia;1;6.576;10,43;;27,41;;6,98;5,63;0,71;39,54
16071009;Candela;Foggia;1;2.504;8,59;;22,36;;8,82;10,81;0,48;56,19
16071012;Carpino;Foggia;1;3.776;40,52;;16,47;;8,27;7,78;2,55;47,42
16071020;Cerignola;Foggia;1;57.020;48,30;;12,85;;5,34;2,21;3,09;48,30
16071021;Chieuti;Foggia;1;1.494;7,26;;22,06;;9,32;7,38;2,51;43,87
16071024;Foggia;Foggia;1;145.723;7,71;;17,51;;7,37;3,98;1,76;30,83
16071025;Ischitella;Foggia;1;4.114;17,55;;37,34;;8,30;4,44;4,20;57,95
16071027;Lesina;Foggia;1;6.231;5,81;;22,11;;2,37;2,17;0,24;36,93
16071028;Lucera;Foggia;1;30.714;10,25;;29,06;;8,96;2,58;12,09;56,51
16071029;Manfredonia;Foggia;1;53.621;10,43;;21,08;;4,89;6,82;6,86;49,73
16071031;Mattinata;Foggia;1;5.931;9,90;;21,27;;7,58;2,80;8,69;52,87
16071033;Monte Sant'Angelo;Foggia;1;11.235;7,26;;52,33;;10,38;3,47;0,61;61,69
16071063;Ordona;Foggia;1;3.063;10,75;;42,48;;3,58;5,08;0,35;49,55
16071035;Orsara di Puglia;Foggia;1;2.493;19,48;;19,26;;9,39;4,11;4,85;53,02
16071036;Orta Nova;Foggia;1;16.641;7,36;;38,23;;6,15;2,37;2,19;58,80
16071037;Panni;Foggia;1;683;9,91;;18,03;;4,79;6,18;9,54;52,97
16071040;Poggio Imperiale;Foggia;1;2.488;10,57;;13,48;;6,01;1,90;14,89;46,69
16071042;Rocchetta Sant'Antonio;Foggia;1;1.657;15,11;;69,90;;6,15;1,18;0,60;68,30
16071043;Rodi Garganico;Foggia;1;3.330;10,64;;46,54;;11,01;15,35;12,84;76,33
16071046;San Giovanni Rotondo;Foggia;1;26.316;48,49;;14,54;;6,46;;;32,32
16071051;San Severo;Foggia;1;49.174;18,36;;13,73;;13,72;2,37;;41,28
16071053;Serracapriola;Foggia;1;3.609;16,73;;18,74;;8,84;3,85;0,48;53,83
16071058;Troia;Foggia;1;6.624;16,91;;16,95;;8,21;3,41;9,47;53,50
16071060;Vieste;Foggia;1;13.316;13,63;;11,37;;5,16;3,67;0,32;34,67
08040001;Bagno di Romagna;Forli'-Cesena;1;5.573;32,37;;8,48;;4,30;5,28;6,67;41,65
08040003;Bertinoro;Forli'-Cesena;1;11.106;11,69;;14,81;;3,11;6,09;4,83;34,11
08040004;Borghi;Forli'-Cesena;1;2.886;21,32;;7,13;;2,49;4,57;4,30;34,79
08040005;Castrocaro Terme e Terra del Sole;Forli'-Cesena;1;6.475;18,82;;17,55;;3,86;7,55;5,99;42,29
08040007;Cesena;Forli'-Cesena;1;96.145;16,46;;11,58;;2,01;2,32;2,94;27,48
08040008;Cesenatico;Forli'-Cesena;1;25.945;17,04;;6,62;;6,90;4,04;6,21;38,53
08040009;Civitella di Romagna;Forli'-Cesena;1;3.644;22,47;;24,31;;5,24;10,25;8,13;57,40
08040011;Dovadola;Forli'-Cesena;1;1.575;18,78;;20,55;;4,42;8,65;6,86;48,43
08040012;Forli;Forli'-Cesena;1;117.210;11,33;;15,86;;3,28;6,41;5,09;35,92
08040013;Forlimpopoli;Forli'-Cesena;1;13.105;17,84;;18,31;;3,98;7,78;6,17;43,56
08040014;Galeata;Forli'-Cesena;1;2.499;17,94;;16,99;;3,73;7,30;5,79;40,86
08040015;Gambettola;Forli'-Cesena;1;10.828;26,52;;7,62;;3,10;3,50;3,30;29,77
08040016;Gatteo;Forli'-Cesena;1;9.384;14,30;;7,81;;2,42;3,45;3,43;25,51
08040018;Longiano;Forli'-Cesena;1;7.273;10,56;;7,50;;2,12;5,01;2,60;26,79
08040019;Meldola;Forli'-Cesena;1;9.969;11,55;;19,57;;3,90;7,62;6,05;42,69
08040020;Mercato Saraceno;Forli'-Cesena;1;6.844;41,10;;2,94;;2,22;4,32;4,04;28,51
08040022;Modigliana;Forli'-Cesena;1;4.290;16,69;;20,31;;4,30;8,41;6,67;47,09
08040028;Montiano;Forli'-Cesena;1;1.688;26,41;;5,59;;0,26;5,91;4,08;26,88
08040031;Portico e San Benedetto;Forli'-Cesena;1;757;21,38;;31,67;;6,48;12,67;10,05;70,95
08040032;Predappio;Forli'-Cesena;1;6.308;14,89;;22,13;;4,52;8,85;7,02;49,55
08040033;Premilcuore;Forli'-Cesena;1;690;50,52;;8,06;;9,46;5,69;8,84;53,70
08040036;Rocca San Casciano;Forli'-Cesena;1;1.780;14,46;;17,63;;3,73;7,30;5,79;40,86
08040037;Roncofreddo;Forli'-Cesena;1;3.454;21,05;;3,80;;2,31;4,49;3,41;27,76
08040041;San Mauro Pascoli;Forli'-Cesena;1;12.286;16,39;;11,47;;4,13;3,90;5,41;35,71
08040043;Santa Sofia;Forli'-Cesena;1;4.027;62,02;;10,78;;7,11;4,61;6,72;49,15
08040044;Sarsina;Forli'-Cesena;1;3.345;45,65;;4,86;;5,52;5,01;6,65;44,38
08040045;Savignano sul Rubicone;Forli'-Cesena;1;17.954;14,57;;10,34;;2,76;3,26;3,48;29,95
08040046;Sogliano al Rubicone;Forli'-Cesena;1;3.166;19,13;;4,95;;1,97;3,17;5,18;26,52
08040049;Tredozio;Forli'-Cesena;1;1.120;25,01;;23,41;;5,15;10,07;7,99;56,37
08040050;Verghereto;Forli'-Cesena;1;1.739;28,23;;4,73;;2,44;4,54;7,41;37,67
12060002;Acuto;Frosinone;1;1.820;17,86;;24,79;;4,06;7,80;5,03;51,10
12060003;Alatri;Frosinone;1;27.639;7,56;;24,85;;3,13;3,40;3,31;40,58
12060005;Amaseno;Frosinone;1;4.087;13,63;;15,96;;1,39;16,78;1,29;41,69
12060006;Anagni;Frosinone;1;20.635;4,30;;32,15;;3,70;4,56;1,02;38,89
12060007;Aquino;Frosinone;1;4.908;17,45;;22,35;;4,62;9,64;;44,74
12060008;Arce;Frosinone;1;5.387;18,35;;32,80;;;13,90;17,00;71,30
12060009;Arnara;Frosinone;1;2.202;15,39;;19,33;;3,97;9,44;1,38;41,03
12060011;Atina;Frosinone;1;4.125;11,61;;25,49;;6,03;0,95;6,54;36,14
12060012;Ausonia;Frosinone;1;2.395;7,47;;18,93;;;3,26;2,43;41,40
12060013;Belmonte Castello;Frosinone;1;677;8,74;;18,22;;0,70;0,55;1,91;30,02
12060014;Boville Ernica;Frosinone;1;8.301;10,89;;10,69;;2,90;4,98;2,15;37,17
12060017;Casalattico;Frosinone;1;524;40,39;;;;18,86;32,15;;78,78
12060018;Casalvieri;Frosinone;1;2.442;10,28;;41,04;;6,91;11,76;0,44;54,58
12060019;Cassino;Frosinone;1;35.039;12,10;;21,56;;7,05;1,87;3,92;44,15
12060020;Castelliri;Frosinone;1;3.173;14,66;;19,97;;4,23;4,50;0,38;36,53
12060021;Castelnuovo Parano;Frosinone;1;845;82,08;;1,75;;0,76;25,59;3,10;73,32
12060022;Castrocielo;Frosinone;1;3.780;18,34;;18,08;;9,10;5,89;0,91;52,65
12060024;Ceccano;Frosinone;1;22.215;9,71;;21,53;;2,65;0,89;2,06;34,37
12060029;Colle San Magno;Frosinone;1;616;32,99;;22,96;;;18,24;5,39;55,59
12060028;Collepardo;Frosinone;1;883;59,42;;27,89;;0,49;;4,35;64,79
12060030;Coreno Ausonio;Frosinone;1;1.517;58,39;;14,38;;;8,24;8,18;50,35
12060033;Ferentino;Frosinone;1;20.068;20,95;;23,87;;5,20;;4,44;33,85
12060034;Filettino;Frosinone;1;535;16,16;;56,79;;4,66;20,40;15,20;94,65
12060035;Fiuggi;Frosinone;1;10.102;8,86;;22,40;;5,13;2,22;2,57;42,50
12060038;Frosinone;Frosinone;1;43.454;8,57;;12,07;;3,19;11,30;5,42;36,89
12060039;Fumone;Frosinone;1;1.947;39,41;;19,94;;;8,03;0,50;40,26
12060041;Giuliano di Roma;Frosinone;1;2.294;60,40;;20,77;;;1,30;;36,17
12060042;Guarcino;Frosinone;1;1.504;60,49;;16,15;;12,75;0,97;0,24;48,60
12060044;Monte San Giovanni Campano;Frosinone;1;11.982;11,85;;14,98;;1,69;2,09;5,13;33,18
12060045;Morolo;Frosinone;1;3.156;9,08;;38,25;;7,00;6,82;1,76;51,79
12060046;Paliano;Frosinone;1;7.880;9,95;;19,87;;7,35;3,54;9,05;46,70
12060048;Patrica;Frosinone;1;3.064;16,28;;21,32;;2,19;1,57;3,22;35,91
12060049;Pescosolido;Frosinone;1;1.401;10,05;;37,38;;1,94;4,74;2,14;41,07
12060051;Pico;Frosinone;1;2.621;9,16;;42,38;;;11,39;2,34;50,57
12060052;Piedimonte San Germano;Frosinone;1;6.304;5,77;;35,27;;3,31;5,70;3,20;47,26
12060053;Piglio;Frosinone;1;4.326;22,44;;32,75;;8,01;3,45;8,38;59,43
12060054;Pignataro Interamna;Frosinone;1;2.429;8,61;;49,56;;3,04;7,94;11,27;62,81
12060055;Pofi;Frosinone;1;3.873;25,55;;22,81;;1,42;6,08;0,78;44,02
12060057;Posta Fibreno;Frosinone;1;1.021;7,94;;54,34;;;10,69;0,84;46,71
12060058;Ripi;Frosinone;1;5.028;13,30;;28,90;;5,92;4,22;2,44;48,71
12060059;Rocca d'Arce;Frosinone;1;873;14,39;;44,96;;10,62;8,23;1,55;64,92
12060061;San Biagio Saracinisco;Frosinone;1;294;45,54;;27,02;;;2,22;;42,99
12060063;San Giorgio a Liri;Frosinone;1;2.972;7,36;;18,01;;5,83;0,67;0,37;30,57
12060064;San Giovanni Incarico;Frosinone;1;3.052;31,84;;9,72;;3,84;6,27;4,30;44,36
12060070;San Vittore del Lazio;Frosinone;1;2.353;21,01;;21,32;;0,86;1,88;;38,11
12060065;Sant'Ambrogio sul Garigliano;Frosinone;1;872;55,90;;16,99;;1,69;6,72;2,08;44,67
12060067;Sant'Apollinare;Frosinone;1;1.813;25,25;;;;2,52;6,87;3,27;44,67
12060068;Sant'Elia Fiumerapido;Frosinone;1;5.658;8,37;;27,78;;3,46;1,98;;40,47
12060071;Serrone;Frosinone;1;2.955;27,93;;30,19;;6,38;2,70;13,89;67,39
12060073;Sgurgola;Frosinone;1;2.367;12,18;;28,75;;7,53;5,01;2,76;55,82
12060075;Strangolagalli;Frosinone;1;2.277;7,00;;;;3,67;7,48;0,69;37,92
12060076;Supino;Frosinone;1;4.590;7,95;;21,04;;1,86;6,03;7,89;40,50
12060078;Torre Cajetani;Frosinone;1;1.301;7,21;;46,53;;;9,30;1,78;47,69
12060079;Torrice;Frosinone;1;4.679;11,09;;22,96;;2,66;0,56;4,76;34,64
12060081;Trivigliano;Frosinone;1;1.609;13,77;;36,65;;1,73;11,59;1,79;51,95
12060083;Vallemaio;Frosinone;1;894;27,36;;26,79;;2,83;9,96;4,64;53,68
12060084;Vallerotonda;Frosinone;1;1.386;3,27;;32,07;;;10,17;0,32;29,48
12060085;Veroli;Frosinone;1;19.532;10,86;;23,28;;3,36;2,89;5,19;39,72
12060087;Vico nel Lazio;Frosinone;1;2.072;33,75;;17,36;;3,00;6,32;2,36;43,23
12060088;Villa Latina;Frosinone;1;1.141;2,83;;21,34;;;16,57;;43,25
12060089;Villa Santa Lucia;Frosinone;1;2.477;16,21;;19,66;;0,79;13,40;2,58;40,53
12060090;Villa Santo Stefano;Frosinone;1;1.595;7,79;;8,73;;10,90;10,31;0,37;33,66
07010001;Arenzano;Genova;1;11.144;18,37;;17,15;;9,29;7,15;2,87;46,55
07010002;Avegno;Genova;1;2.561;26,35;;18,78;;0,92;7,52;1,11;42,59
07010003;Bargagli;Genova;1;2.529;3,14;;28,63;;1,09;2,63;2,63;30,88
07010004;Bogliasco;Genova;1;4.347;9,00;;8,80;;14,63;5,16;0,54;38,26
07010005;Borzonasca;Genova;1;1.808;14,12;;13,25;;;3,59;8,52;34,94
07010006;Busalla;Genova;1;5.108;11,10;;13,34;;2,53;7,19;3,44;32,53
07010008;Campo Ligure;Genova;1;2.826;18,21;;8,15;;2,41;6,24;0,36;29,92
07010009;Campomorone;Genova;1;6.461;14,20;;21,18;;4,62;4,51;3,07;43,70
07010010;Carasco;Genova;1;3.746;7,49;;11,90;;1,02;3,81;1,92;23,81
07010011;Casarza Ligure;Genova;1;6.732;4,61;;12,03;;1,20;3,36;1,50;23,34
07010012;Casella;Genova;1;3.071;7,39;;22,80;;0,67;0,86;4,95;33,85
07010013;Castiglione Chiavarese;Genova;1;1.570;9,90;;17,67;;;5,98;1,51;35,26
07010014;Ceranesi;Genova;1;3.595;25,47;;10,64;;0,15;8,19;3,68;37,51
07010016;Cicagna;Genova;1;2.249;6,90;;12,63;;2,44;2,64;9,77;31,24
07010017;Cogoleto;Genova;1;8.412;30,70;;21,03;;11,96;9,78;1,41;58,00
07010019;Coreglia Ligure;Genova;1;255;8,52;;19,07;;1,45;2,96;2,74;27,85
07010020;Crocefieschi;Genova;1;532;7,47;;44,85;;0,24;6,24;1,36;54,98
07010021;Davagna;Genova;1;1.828;8,70;;15,79;;0,85;8,14;3,42;40,40
07010022;Fascia;Genova;1;67;15,53;;12,79;;1,25;22,99;2,73;48,33
07010023;Favale di Malvaro;Genova;1;427;18,39;;28,33;;2,44;5,22;8,33;47,94
07010024;Fontanigorda;Genova;1;223;6,14;;17,97;;0,48;5,68;4,10;31,18
07010025;Genova;Genova;1;561.947;15,96;;23,05;;5,92;13,12;3,02;57,11
07010026;Gorreto;Genova;1;92;7,11;;25,33;;1,29;6,95;0,09;38,62
07010027;Isola del Cantone;Genova;1;1.385;6,92;;26,87;;2,90;5,97;2,34;42,08
07010028;Lavagna;Genova;1;12.308;6,82;;22,00;;11,45;5,57;8,60;52,86
07010029;Leivi;Genova;1;2.448;17,92;;15,77;;2,45;7,17;3,71;32,99
07010030;Lorsica;Genova;1;393;18,32;;33,18;;4,72;7,97;4,82;51,78
07010031;Lumarzo;Genova;1;1.423;5,73;;16,55;;1,12;6,34;3,06;29,66
07010032;Masone;Genova;1;3.308;30,37;;6,04;;1,34;5,67;1,66;29,89
07010033;Mele;Genova;1;2.521;18,74;;9,72;;;7,25;2,64;37,99
07010034;Mezzanego;Genova;1;1.528;15,20;;17,67;;0,92;4,91;10,20;42,23
07010035;Mignanego;Genova;1;3.550;35,25;;10,15;;0,16;7,87;14,14;49,59
07010036;Moconesi;Genova;1;2.408;13,24;;17,08;;2,19;6,36;3,70;36,53
07010037;Moneglia;Genova;1;2.516;10,51;;21,32;;4,54;5,26;7,02;43,83
07010038;Montebruno;Genova;1;201;9,99;;40,85;;1,20;20,33;3,77;63,56
07010039;Montoggio;Genova;1;1.997;5,71;;28,04;;;3,21;2,94;39,78
07010040;Ne;Genova;1;2.123;10,12;;19,78;;;8,31;2,22;45,54
07010042;Orero;Genova;1;491;10,13;;17,44;;5,99;3,36;5,10;35,02
07010043;Pieve Ligure;Genova;1;2.403;44,43;;25,63;;3,72;7,43;1,16;46,00
07010044;Portofino;Genova;1;361;27,37;;25,36;;10,38;5,89;0,25;49,92
07010045;Propata;Genova;1;113;10,67;;10,33;;1,08;20,74;0,27;42,45
07010047;Recco;Genova;1;9.358;23,55;;19,52;;4,58;5,44;4,04;42,81
07010048;Rezzoaglio;Genova;1;859;8,51;;33,08;;;3,69;8,62;46,00
07010049;Ronco Scrivia;Genova;1;4.167;4,76;;30,74;;1,89;2,98;2,26;40,86
07010050;Rondanina;Genova;1;59;7,63;;23,43;;6,99;9,39;0,02;43,92
07010051;Rossiglione;Genova;1;2.527;21,20;;7,49;;3,27;6,35;1,69;32,94
07010052;Rovegno;Genova;1;467;12,93;;30,07;;4,12;3,21;;43,59
07010053;San Colombano Certenoli;Genova;1;2.667;11,42;;20,00;;1,66;5,19;3,52;36,40
07010054;Santa Margherita Ligure;Genova;1;8.452;22,73;;13,12;;5,48;10,69;4,03;49,30
07010056;Santo Stefano d'Aveto;Genova;1;982;11,23;;29,39;;0,86;7,30;3,33;51,58
07010055;Sant'Olcese;Genova;1;5.561;12,39;;16,06;;0,82;6,06;5,62;35,20
07010057;Savignone;Genova;1;3.000;4,87;;22,96;;2,78;8,38;10,07;47,51
07010058;Serra Ricco;Genova;1;7.580;22,25;;16,66;;1,82;9,93;2,02;39,55
07010059;Sestri Levante;Genova;1;17.252;13,56;;18,57;;7,26;3,87;3,99;43,12
07010060;Sori;Genova;1;3.978;27,78;;24,14;;7,21;6,34;3,98;48,55
07010061;Tiglieto;Genova;1;450;5,16;;14,88;;;3,93;0,41;28,07
07010062;Torriglia;Genova;1;2.243;9,48;;35,51;;0,51;3,98;1,52;43,12
07010063;Tribogna;Genova;1;586;15,68;;25,82;;1,84;5,77;3,93;34,31
07010064;Uscio;Genova;1;2.143;10,31;;24,71;;2,16;5,19;5,25;37,25
07010065;Valbrevenna;Genova;1;752;4,94;;21,72;;3,59;7,07;7,69;48,07
07010066;Vobbia;Genova;1;378;4,98;;18,48;;;10,85;4,55;44,60
07010067;Zoagli;Genova;1;2.379;21,52;;7,74;;13,42;7,15;3,80;55,57
06031001;Capriva del Friuli;Gorizia;1;1.617;16,68;;8,91;;0,18;3,41;3,13;28,06
06031002;Cormons;Gorizia;1;7.135;17,06;;9,48;;3,23;2,37;3,65;30,86
06031003;Doberdo del Lago;Gorizia;1;1.327;24,37;;9,61;;;0,79;3,09;26,71
06031004;Dolegna del Collio;Gorizia;1;295;22,13;;11,94;;0,90;3,58;3,08;31,50
06031005;Farra d'Isonzo;Gorizia;1;1.671;24,95;;10,19;;0,88;3,47;3,36;30,63
06031006;Fogliano Redipuglia;Gorizia;1;2.978;18,04;;7,67;;0,24;2,24;2,44;27,63
06031007;Gorizia;Gorizia;1;33.728;14,71;;12,78;;4,88;3,48;3,48;35,45
06031008;Gradisca d'Isonzo;Gorizia;1;6.425;19,31;;8,62;;1,99;2,57;3,83;29,43
06031009;Grado;Gorizia;1;7.581;9,05;;18,94;;7,58;3,23;3,15;40,73
06031010;Mariano del Friuli;Gorizia;1;1.445;21,76;;9,25;;0,49;3,00;3,34;29,17
06031011;Medea;Gorizia;1;946;26,76;;9,43;;0,98;4,35;3,00;35,62
06031012;Monfalcone;Gorizia;1;30.103;13,89;;13,61;;4,07;2,12;1,97;34,78
06031013;Moraro;Gorizia;1;718;24,57;;8,02;;1,29;3,60;2,80;30,44
06031014;Mossa;Gorizia;1;1.518;21,37;;10,00;;1,36;5,00;2,73;33,90
06031015;Romans d'Isonzo;Gorizia;1;3.579;28,17;;11,00;;3,15;4,08;4,36;37,25
06031016;Ronchi dei Legionari;Gorizia;1;11.841;18,85;;9,52;;2,61;2,56;3,58;30,52
06031017;Sagrado;Gorizia;1;2.122;23,07;;10,55;;1,68;2,77;3,16;30,21
06031018;San Canzian d'Isonzo;Gorizia;1;6.020;20,32;;9,54;;1,91;6,28;5,06;34,64
06031019;San Floriano del Collio;Gorizia;1;736;22,25;;11,35;;1,75;3,63;2,23;31,81
06031020;San Lorenzo Isontino;Gorizia;1;1.491;21,18;;8,96;;1,31;2,43;3,57;29,76
06031021;San Pier d'Isonzo;Gorizia;1;1.943;23,58;;9,04;;0,03;3,00;2,92;27,92
06031022;Savogna d'Isonzo;Gorizia;1;1.697;18,76;;8,89;;0,61;3,04;2,30;26,31
06031023;Staranzano;Gorizia;1;7.139;17,43;;10,43;;1,79;1,98;2,39;33,72
06031024;Turriaco;Gorizia;1;2.770;25,98;;14,53;;0,03;5,32;2,82;38,16
06031025;Villesse;Gorizia;1;1.605;11,88;;6,63;;0,26;0,99;1,66;17,57
09053001;Arcidosso;Grosseto;1;4.255;27,46;;25,06;;9,91;5,68;11,59;61,02
09053002;Campagnatico;Grosseto;1;2.340;18,40;;27,70;;8,69;6,97;4,01;54,47
09053003;Capalbio;Grosseto;1;3.796;16,51;;10,58;;4,52;5,08;4,96;41,95
09053004;Castel del Piano;Grosseto;1;4.799;13,29;;14,61;;5,04;3,53;6,61;37,64
09053005;Castell'Azzara;Grosseto;1;1.294;13,99;;31,07;;8,71;9,44;5,83;62,20
09053006;Castiglione della Pescaia;Grosseto;1;7.152;20,88;;8,52;;7,52;3,24;2,77;43,93
09053007;Cinigiano;Grosseto;1;2.432;20,11;;41,67;;9,75;8,43;7,51;71,38
09053008;Civitella Paganico;Grosseto;1;2.914;19,73;;34,93;;6,59;8,45;4,73;63,55
09053009;Follonica;Grosseto;1;20.319;14,10;;22,32;;7,27;4,12;5,94;50,13
09053011;Grosseto;Grosseto;1;81.636;12,47;;10,88;;5,76;5,55;3,30;38,03
09053012;Isola del Giglio;Grosseto;1;1.284;9,21;;35,66;;11,18;5,59;2,96;54,56
09053013;Magliano in Toscana;Grosseto;1;3.271;46,03;;43,76;;8,13;10,07;6,78;82,99
09053014;Manciano;Grosseto;1;7.024;11,66;;20,87;;4,18;4,96;4,13;41,88
09053015;Massa Marittima;Grosseto;1;8.182;17,24;;19,51;;7,67;5,46;1,23;47,94
09053017;Montieri;Grosseto;1;1.173;18,76;;35,41;;5,31;3,22;1,66;50,23
09053018;Orbetello;Grosseto;1;14.186;17,35;;13,72;;10,03;3,60;3,65;47,43
09053019;Pitigliano;Grosseto;1;3.548;15,81;;31,84;;9,20;4,30;2,40;53,35
09053021;Roccastrada;Grosseto;1;8.792;14,16;;29,04;;4,54;6,30;4,92;50,66
09053022;Santa Fiora;Grosseto;1;2.496;19,24;;19,72;;8,44;4,96;5,78;53,48
09053023;Scansano;Grosseto;1;4.337;18,18;;39,84;;6,33;5,06;2,86;57,33
09053024;Scarlino;Grosseto;1;3.749;12,68;;17,78;;4,40;4,40;8,91;47,20
09053025;Seggiano;Grosseto;1;995;18,64;;8,83;;3,55;4,93;5,12;45,88
09053028;Semproniano;Grosseto;1;978;21,98;;41,26;;12,52;14,53;5,88;75,96
07008001;Airole;Imperia;1;370;2,66;;27,57;;14,83;14,61;23,00;79,45
07008003;Aquila d'Arroscia;Imperia;1;138;22,38;;24,59;;2,01;15,82;2,06;48,04
07008004;Armo;Imperia;1;120;18,03;;34,06;;13,16;9,07;2,44;58,74
07008005;Aurigo;Imperia;1;327;33,81;;8,52;;9,60;37,64;6,30;75,30
07008006;Badalucco;Imperia;1;1.078;7,22;;10,37;;12,28;11,21;0,39;45,82
07008007;Bajardo;Imperia;1;364;;;;;11,96;16,63;;41,61
07008008;Bordighera;Imperia;1;10.203;3,69;;33,69;;15,27;6,97;7,48;71,79
07008009;Borghetto d'Arroscia;Imperia;1;403;19,11;;38,20;;;10,55;13,63;58,73
07008010;Borgomaro;Imperia;1;818;14,71;;32,86;;7,42;10,62;2,01;52,51
07008011;Camporosso;Imperia;1;5.611;12,44;;14,47;;9,65;4,82;1,12;44,04
07008012;Caravonica;Imperia;1;245;21,67;;28,94;;8,44;12,07;2,95;55,66
07008014;Castellaro;Imperia;1;1.270;18,29;;19,10;;5,30;8,65;0,40;41,09
07008016;Ceriana;Imperia;1;1.075;4,38;;31,19;;11,08;11,82;3,21;58,15
07008017;Cervo;Imperia;1;1.075;8,60;;40,42;;9,47;9,69;2,98;64,86
07008018;Cesio;Imperia;1;258;2,80;;24,44;;13,15;7,84;51,78;97,70
07008020;Chiusavecchia;Imperia;1;510;10,92;;30,27;;3,02;13,20;2,96;47,96
07008021;Cipressa;Imperia;1;1.193;26,02;;31,71;;5,85;26,21;3,20;77,81
07008023;Cosio d'Arroscia;Imperia;1;174;9,28;;20,41;;6,65;24,01;1,41;53,51
07008024;Costarainera;Imperia;1;785;18,47;;41,71;;7,74;17,71;4,40;74,24
07008025;Diano Arentino;Imperia;1;699;6,44;;28,31;;6,79;14,86;1,95;52,62
07008026;Diano Castello;Imperia;1;2.233;7,10;;33,61;;7,74;12,31;2,87;60,90
07008027;Diano Marina;Imperia;1;5.563;5,80;;45,63;;8,64;7,33;13,82;70,23
07008028;Diano San Pietro;Imperia;1;1.095;11,52;;35,47;;9,48;5,63;0,23;61,71
07008029;Dolceacqua;Imperia;1;2.148;3,72;;15,58;;12,70;7,51;11,81;52,78
07008030;Dolcedo;Imperia;1;1.257;28,87;;46,89;;8,78;6,05;0,36;64,45
07008031;Imperia;Imperia;1;42.375;10,58;;37,88;;9,22;4,78;14,50;65,86
07008032;Isolabona;Imperia;1;677;4,44;;20,42;;9,33;9,56;8,54;53,61
07008033;Lucinasco;Imperia;1;311;19,54;;26,84;;;13,01;2,55;44,36
07008034;Mendatica;Imperia;1;161;17,52;;27,41;;8,81;11,02;4,18;51,80
07008035;Molini di Triora;Imperia;1;650;31,75;;34,02;;;5,42;14,04;59,65
07008068;Montalto Carpasio;Imperia;1;520;32,50;;21,05;;13,29;22,25;1,39;67,20
07008037;Montegrosso Pian Latte;Imperia;1;111;17,72;;48,65;;4,22;10,07;2,39;54,79
07008038;Olivetta San Michele;Imperia;1;197;1,52;;43,70;;14,78;12,40;8,42;66,89
07008039;Ospedaletti;Imperia;1;3.174;3,86;;32,30;;6,26;7,44;6,69;50,06
07008040;Perinaldo;Imperia;1;807;27,95;;18,47;;6,44;4,45;3,48;47,81
07008041;Pietrabruna;Imperia;1;414;;;;;0,04;5,78;;22,27
07008042;Pieve di Teco;Imperia;1;1.307;7,79;;23,77;;4,50;11,61;5,12;44,22
07008043;Pigna;Imperia;1;741;5,38;;23,03;;9,24;6,46;9,44;47,83
07008045;Pontedassio;Imperia;1;2.338;44,02;;2,86;;1,76;3,00;4,03;35,39
07008046;Pornassio;Imperia;1;649;15,76;;52,17;;8,47;9,18;4,82;64,77
07008047;Prela;Imperia;1;479;60,92;;51,23;;6,64;10,72;4,35;84,92
07008048;Ranzo;Imperia;1;559;81,01;;4,38;;2,58;6,40;1,62;45,45
07008049;Rezzo;Imperia;1;313;29,30;;30,72;;6,84;11,93;2,28;54,83
07008050;Riva Ligure;Imperia;1;2.787;13,84;;20,86;;9,16;10,44;3,78;48,77
07008052;San Bartolomeo al Mare;Imperia;1;2.960;4,54;;38,64;;7,42;4,95;9,99;59,75
07008053;San Biagio della Cima;Imperia;1;1.238;4,34;;25,11;;8,19;5,73;8,37;42,40
07008054;San Lorenzo al Mare;Imperia;1;1.215;30,35;;35,32;;9,91;3,60;7,26;65,35
07008055;Sanremo;Imperia;1;53.039;10,90;;39,52;;9,33;10,11;5,64;63,73
07008056;Santo Stefano al Mare;Imperia;1;2.004;24,73;;24,55;;5,25;11,25;0,51;51,78
07008057;Seborga;Imperia;1;278;1,44;;22,48;;10,24;9,58;4,47;46,59
07008058;Soldano;Imperia;1;974;5,44;;20,12;;6,98;7,22;8,83;44,75
07008059;Taggia;Imperia;1;13.766;12,09;;23,58;;8,64;3,61;2,87;44,80
07008060;Terzorio;Imperia;1;220;5,40;;8,97;;16,28;29,30;0,84;63,06
07008061;Triora;Imperia;1;396;21,62;;28,80;;15,76;19,76;2,73;71,29
07008062;Vallebona;Imperia;1;1.207;1,68;;11,54;;3,86;9,17;9,53;45,73
07008063;Vallecrosia;Imperia;1;6.751;0,96;;33,15;;6,68;5,45;4,09;39,24
07008064;Vasia;Imperia;1;361;23,18;;16,69;;7,34;6,13;0,29;43,92
07008065;Ventimiglia;Imperia;1;22.927;1,49;;60,57;;4,42;5,84;5,52;47,49
07008066;Vessalico;Imperia;1;255;25,33;;31,30;;2,61;7,87;3,35;51,57
07008067;Villa Faraldi;Imperia;1;448;13,11;;34,84;;9,66;13,49;0,24;64,18
14094003;Bagnoli del Trigno;Isernia;1;621;17,85;;35,00;;;8,18;0,58;41,31
14094006;Capracotta;Isernia;1;778;13,79;;33,83;;5,71;10,54;2,48;51,44
14094007;Carovilli;Isernia;1;1.242;10,48;;28,60;;1,36;7,68;2,60;40,73
14094009;Castel del Giudice;Isernia;1;301;5,01;;222,51;;;2,18;1,00;103,75
14094012;Castel San Vincenzo;Isernia;1;433;25,44;;20,40;;0,17;19,00;7,24;59,03
14094011;Castelpizzuto;Isernia;1;129;24,86;;;;;19,86;30,37;87,91
14094013;Castelverrino;Isernia;1;93;44,61;;105,40;;2,56;12,59;2,76;110,12
14094014;Cerro al Volturno;Isernia;1;1.123;6,45;;23,38;;0,64;5,60;1,71;27,73
14094015;Chiauci;Isernia;1;198;81,77;;4,98;;;22,43;6,81;58,39
14094016;Civitanova del Sannio;Isernia;1;877;15,70;;37,52;;1,25;6,35;1,42;45,93
14094019;Filignano;Isernia;1;561;7,17;;24,07;;;5,88;8,14;36,58
14094023;Isernia;Isernia;1;20.731;7,83;;12,92;;3,96;3,89;0,53;24,34
14094026;Macchiagodena;Isernia;1;1.626;12,46;;18,75;;2,65;4,68;3,93;33,31
14094027;Miranda;Isernia;1;933;13,49;;16,29;;;8,89;4,24;35,15
14094028;Montaquila;Isernia;1;2.273;6,06;;16,67;;0,72;6,19;4,26;31,05
14094032;Pescolanciano;Isernia;1;789;9,60;;31,52;;3,90;4,46;1,79;39,00
14094034;Pettoranello del Molise;Isernia;1;445;11,77;;28,71;;;13,16;0,93;39,82
14094035;Pietrabbondante;Isernia;1;597;18,11;;11,73;;7,51;12,05;6,96;45,51
14094041;Roccasicura;Isernia;1;476;36,79;;6,36;;6,90;10,64;6,69;46,10
14094042;Rocchetta a Volturno;Isernia;1;1.062;14,74;;10,58;;12,13;9,82;2,85;38,51
14094044;Sant'Agapito;Isernia;1;1.352;;;32,13;;7,74;8,84;;43,11
14094046;Sant'Angelo del Pesco;Isernia;1;322;61,26;;80,42;;;9,68;;80,68
14094047;Sant'Elena Sannita;Isernia;1;288;12,93;;24,44;;3,08;7,01;21,56;63,02
14094048;Scapoli;Isernia;1;588;16,70;;15,36;;5,14;10,99;0,72;60,49
14094049;Sessano del Molise;Isernia;1;679;6,80;;24,91;;1,79;3,10;10,96;33,09
14094051;Vastogirardi;Isernia;1;596;11,59;;49,85;;;12,64;1,73;51,97
14094052;Venafro;Isernia;1;10.786;8,98;;18,38;;3,67;6,90;0,60;37,45
07011001;Ameglia;La Spezia;1;4.302;12,77;;22,57;;10,64;14,60;11,50;66,93
07011004;Bolano;La Spezia;1;7.471;14,20;;25,97;;;5,39;2,27;41,79
07011005;Bonassola;La Spezia;1;778;15,03;;38,07;;14,35;5,91;2,47;62,08
07011006;Borghetto di Vara;La Spezia;1;879;35,38;;;;0,86;6,14;2,81;30,60
07011009;Carro;La Spezia;1;483;31,81;;59,29;;;9,82;3,36;74,70
07011010;Carrodano;La Spezia;1;464;;;34,06;;;11,48;4,51;56,85
07011011;Castelnuovo Magra;La Spezia;1;8.260;18,15;;20,66;;0,35;4,57;3,12;39,63
07011012;Deiva Marina;La Spezia;1;1.288;31,45;;25,33;;1,54;4,81;4,06;49,24
07011013;Follo;La Spezia;1;6.098;12,35;;19,81;;3,75;5,97;4,89;41,23
07011014;Framura;La Spezia;1;562;80,08;;37,47;;1,84;13,88;4,07;75,38
07011015;La Spezia;La Spezia;1;92.715;19,46;;16,00;;6,97;6,86;3,93;42,95
07011016;Lerici;La Spezia;1;9.365;15,62;;29,05;;9,06;7,43;3,05;54,21
07011017;Levanto;La Spezia;1;5.109;15,21;;17,42;;11,42;4,08;1,59;44,53
07011020;Luni;La Spezia;1;8.106;24,63;;24,53;;0,79;5,47;4,27;43,40
07011018;Maissana;La Spezia;1;592;49,18;;12,76;;;18,59;2,03;54,38
07011019;Monterosso al Mare;La Spezia;1;1.317;96,00;;33,90;;1,44;8,17;0,83;65,01
07011021;Pignone;La Spezia;1;525;15,81;;38,44;;12,11;17,42;7,73;76,75
07011022;Portovenere;La Spezia;1;3.254;8,96;;35,34;;16,89;11,60;8,36;72,26
07011024;Riomaggiore;La Spezia;1;1.311;12,24;;35,46;;18,67;7,76;4,30;65,74
07011025;Rocchetta di Vara;La Spezia;1;647;71,08;;32,04;;3,72;13,12;1,40;75,86
07011026;Santo Stefano di Magra;La Spezia;1;10.116;11,79;;15,59;;0,54;10,62;8,39;43,68
07011027;Sarzana;La Spezia;1;21.774;11,72;;25,16;;3,59;5,97;4,49;45,80
07011028;Sesta Godano;La Spezia;1;1.262;17,96;;35,62;;;8,81;5,63;52,72
07011030;Vernazza;La Spezia;1;708;13,15;;30,77;;7,18;4,53;12,52;56,66
07011031;Vezzano Ligure;La Spezia;1;7.162;14,91;;24,76;;5,31;7,31;10,10;57,10
13066001;Acciano;L'Aquila;1;256;23,61;;36,21;;;8,52;4,22;53,31
13066002;Aielli;L'Aquila;1;1.372;11,93;;13,64;;;5,89;1,05;26,75
13066003;Alfedena;L'Aquila;1;926;19,67;;18,44;;5,72;7,37;2,57;48,50
13066004;Anversa degli Abruzzi;L'Aquila;1;309;14,34;;38,81;;;8,81;4,14;55,49
13066005;Ateleta;L'Aquila;1;1.101;21,48;;31,00;;3,50;14,13;7,24;60,14
13066006;Avezzano;L'Aquila;1;40.881;12,34;;18,02;;3,76;5,95;0,67;35,52
13066007;Balsorano;L'Aquila;1;3.251;11,91;;22,41;;;8,62;4,47;42,05
13066009;Barisciano;L'Aquila;1;1.660;21,63;;30,87;;;8,91;3,85;49,34
13066010;Barrea;L'Aquila;1;704;8,94;;23,11;;6,40;10,11;5,85;49,39
13066012;Bugnara;L'Aquila;1;1.010;23,27;;28,63;;0,03;6,15;4,08;45,55
13066013;Cagnano Amiterno;L'Aquila;1;1.106;16,34;;67,83;;;10,83;7,33;67,84
13066015;Campo di Giove;L'Aquila;1;746;8,31;;33,47;;;2,63;3,93;41,58
13066016;Campotosto;L'Aquila;1;459;18,15;;24,59;;;2,97;1,58;38,49
13066024;Carapelle Calvisio;L'Aquila;1;78;26,77;;37,28;;;8,53;4,56;54,18
13066025;Carsoli;L'Aquila;1;4.987;24,11;;22,53;;;8,61;0,39;44,31
13066026;Castel del Monte;L'Aquila;1;422;18,14;;29,06;;;6,64;3,66;44,65
13066030;Castelvecchio Calvisio;L'Aquila;1;120;14,63;;36,86;;;7,60;3,86;49,13
13066035;Civitella Alfedena;L'Aquila;1;294;17,98;;39,93;;;8,35;1,70;52,84
13066036;Civitella Roveto;L'Aquila;1;3.000;8,85;;17,06;;2,45;7,04;1,60;35,70
13066037;Cocullo;L'Aquila;1;211;25,58;;89,03;;;15,58;7,38;103,28
13066039;Collelongo;L'Aquila;1;1.073;8,86;;19,84;;1,31;7,01;4,06;33,11
13066040;Collepietro;L'Aquila;1;199;17,28;;47,69;;;5,56;6,02;62,95
13066042;Fagnano Alto;L'Aquila;1;349;40,35;;71,05;;;10,92;7,54;89,94
13066043;Fontecchio;L'Aquila;1;288;19,40;;36,07;;;6,73;3,85;49,23
13066044;Fossa;L'Aquila;1;653;24,58;;51,93;;;8,34;5,25;66,87
13066045;Gagliano Aterno;L'Aquila;1;224;20,67;;29,21;;;7,46;3,66;46,62
13066046;Gioia dei Marsi;L'Aquila;1;1.712;36,24;;24,36;;0,64;9,84;1,48;46,86
13066047;Goriano Sicoli;L'Aquila;1;516;17,19;;17,24;;6,85;9,08;4,63;45,70
13066048;Introdacqua;L'Aquila;1;1.979;17,30;;31,18;;0,02;11,91;3,76;50,37
13066052;Lucoli;L'Aquila;1;836;19,30;;50,85;;;11,47;4,68;70,11
13066053;Magliano de' Marsi;L'Aquila;1;3.484;21,35;;18,93;;5,39;3,14;1,71;37,13
13066054;Massa d'Albe;L'Aquila;1;1.351;28,56;;31,30;;;9,25;1,32;53,21
13066055;Molina Aterno;L'Aquila;1;344;23,48;;34,00;;;7,17;4,74;53,87
13066056;Montereale;L'Aquila;1;2.193;23,79;;8,39;;;5,79;1,90;39,11
13066057;Morino;L'Aquila;1;1.302;11,21;;21,83;;;9,35;3,36;40,97
13066058;Navelli;L'Aquila;1;566;14,95;;37,30;;;10,49;4,17;56,63
13066059;Ocre;L'Aquila;1;1.097;17,97;;27,01;;;7,04;3,37;42,27
13066060;Ofena;L'Aquila;1;435;17,08;;34,96;;;7,57;3,60;47,01
13066062;Oricola;L'Aquila;1;1.278;17,61;;25,73;;1,53;8,80;0,32;44,84
13066063;Ortona dei Marsi;L'Aquila;1;386;22,73;;34,53;;;16,94;4,78;59,04
13066066;Pacentro;L'Aquila;1;1.079;16,65;;31,71;;0,03;6,95;3,91;48,16
13066067;Pereto;L'Aquila;1;637;15,55;;25,63;;4,53;9,88;0,39;50,52
13066068;Pescasseroli;L'Aquila;1;2.083;3,72;;23,52;;4,65;13,11;4,05;47,12
13066069;Pescina;L'Aquila;1;3.668;8,17;;18,46;;4,66;4,59;4,63;38,19
13066070;Pescocostanzo;L'Aquila;1;1.086;18,57;;15,42;;8,41;16,44;0,67;57,54
13066072;Pizzoli;L'Aquila;1;4.322;1,66;;12,60;;;16,52;1,62;33,41
13066073;Poggio Picenze;L'Aquila;1;994;22,80;;28,79;;;6,26;3,37;44,42
13066075;Pratola Peligna;L'Aquila;1;7.009;19,66;;17,96;;8,24;11,92;0,56;47,19
13066076;Prezza;L'Aquila;1;847;16,36;;27,10;;;7,61;3,37;43,92
13066077;Raiano;L'Aquila;1;2.621;10,37;;17,25;;;6,23;2,64;37,52
13066080;Rocca di Botte;L'Aquila;1;856;23,02;;23,36;;;8,71;2,88;46,39
13066081;Rocca di Cambio;L'Aquila;1;504;15,00;;42,62;;24,00;10,60;8,88;88,72
13066082;Rocca di Mezzo;L'Aquila;1;1.360;12,62;;36,42;;10,85;6,78;4,96;63,27
13066084;Roccaraso;L'Aquila;1;1.485;4,17;;22,16;;5,22;5,53;8,37;45,40
13066085;San Benedetto dei Marsi;L'Aquila;1;3.695;;;;;9,69;2,57;0,45;24,76
13066087;San Demetrio ne' Vestini;L'Aquila;1;1.955;18,18;;26,11;;;7,42;4,07;49,06
13066088;San Pio delle Camere;L'Aquila;1;649;26,18;;16,25;;3,30;13,47;4,06;44,51
13066092;San Vincenzo Valle Roveto;L'Aquila;1;2.076;13,19;;24,36;;4,77;9,35;1,91;47,20
13066091;Santo Stefano di Sessanio;L'Aquila;1;110;16,49;;31,26;;;7,31;3,46;44,52
13066093;Scanno;L'Aquila;1;1.695;17,36;;25,44;;;8,30;4,72;44,98
13066094;Scontrone;L'Aquila;1;538;19,61;;39,20;;;9,20;3,97;55,03
13066095;Scoppito;L'Aquila;1;3.791;16,92;;32,70;;;13,12;6,55;53,75
13066098;Sulmona;L'Aquila;1;21.944;9,52;;22,12;;6,25;2,68;3,56;38,81
13066099;Tagliacozzo;L'Aquila;1;6.431;7,14;;18,88;;3,98;7,90;6,14;41,72
13066101;Tornimparte;L'Aquila;1;2.765;26,19;;39,08;;;8,82;4,57;57,42
13066104;Villa Santa Lucia degli Abruzzi;L'Aquila;1;87;10,24;;29,23;;;4,92;2,84;35,73
13066105;Villa Sant'Angelo;L'Aquila;1;490;14,27;;21,71;;;5,92;2,99;36,73
13066103;Villalago;L'Aquila;1;501;18,66;;5,43;;;4,79;10,84;32,94
13066106;Villavallelonga;L'Aquila;1;825;8,29;;25,70;;1,59;6,87;3,85;36,92
12059001;Aprilia;Latina;1;74.572;12,83;;24,37;;3,77;5,53;2,98;43,88
12059002;Bassiano;Latina;1;1.430;24,39;;22,80;;8,45;2,61;0,60;44,64
12059003;Campodimele;Latina;1;564;27,28;;16,74;;0,29;3,71;3,23;51,09
12059006;Cori;Latina;1;10.461;9,34;;20,70;;6,93;2,62;;51,25
12059007;Fondi;Latina;1;39.709;12,67;;12,67;;2,06;2,44;2,86;36,52
12059008;Formia;Latina;1;36.937;6,98;;16,91;;4,88;6,76;10,31;51,39
12059009;Gaeta;Latina;1;19.332;18,92;;23,88;;4,87;4,87;9,28;56,41
12059010;Itri;Latina;1;10.425;11,40;;14,87;;6,06;3,52;7,36;38,89
12059011;Latina;Latina;1;127.486;12,96;;11,96;;5,76;5,83;13,80;55,23
12059012;Lenola;Latina;1;4.066;20,40;;21,33;;0,21;1,16;4,75;39,93
12059013;Maenza;Latina;1;2.929;18,32;;23,58;;4,17;3,43;0,45;42,21
12059014;Minturno;Latina;1;20.276;17,24;;11,47;;3,54;6,18;7,58;52,91
12059015;Monte San Biagio;Latina;1;6.053;20,33;;27,50;;0,87;1,33;1,50;43,86
12059016;Norma;Latina;1;3.669;18,40;;15,30;;1,50;5,39;3,28;34,69
12059017;Pontinia;Latina;1;15.075;16,31;;14,01;;3,39;2,41;2,47;32,64
12059018;Ponza;Latina;1;3.287;10,95;;78,01;;6,56;20,15;3,38;59,73
12059019;Priverno;Latina;1;13.794;10,82;;18,74;;2,64;0,99;8,43;37,82
12059020;Prossedi;Latina;1;1.146;29,04;;30,06;;4,92;2,43;0,24;41,03
12059022;Rocca Massima;Latina;1;1.081;42,17;;;;11,27;21,87;4,45;60,48
12059021;Roccagorga;Latina;1;4.150;16,60;;33,07;;4,00;4,26;1,09;49,28
12059023;Roccasecca dei Volsci;Latina;1;1.049;26,93;;11,73;;6,55;6,19;3,98;50,06
12059024;Sabaudia;Latina;1;19.415;10,51;;12,93;;5,17;7,10;1,77;37,92
12059026;Santi Cosma e Damiano;Latina;1;6.841;11,97;;16,35;;0,09;2,70;5,13;33,77
12059028;Sezze;Latina;1;23.735;27,78;;27,31;;;3,45;0,54;31,56
12059029;Sonnino;Latina;1;7.367;10,28;;27,66;;0,77;7,93;2,71;35,69
12059031;Spigno Saturnia;Latina;1;2.869;16,92;;25,87;;6,44;3,02;6,76;48,77
12059032;Terracina;Latina;1;44.651;11,24;;21,37;;4,07;2,98;2,78;38,30
12059033;Ventotene;Latina;1;692;11,68;;29,26;;6,78;4,22;1,71;46,74
16075002;Alessano;Lecce;1;6.047;12,48;;27,11;;5,43;5,04;5,87;49,73
16075003;Alezio;Lecce;1;5.668;18,50;;23,25;;5,42;1,99;1,02;40,27
16075004;Alliste;Lecce;1;6.399;12,23;;25,32;;5,98;5,49;1,20;47,20
16075005;Andrano;Lecce;1;4.502;7,30;;39,35;;;;;29,00
16075006;Aradeo;Lecce;1;8.833;8,05;;23,42;;5,77;5,36;0,55;42,16
16075008;Bagnolo del Salento;Lecce;1;1.752;14,63;;21,17;;1,89;5,55;7,18;38,62
16075009;Botrugno;Lecce;1;2.621;4,92;;32,78;;1,88;7,30;2,65;38,97
16075010;Calimera;Lecce;1;6.701;18,73;;14,23;;6,00;8,23;1,88;41,95
16075011;Campi Salentina;Lecce;1;9.720;6,52;;18,88;;4,61;10,33;0,53;47,66
16075014;Carmiano;Lecce;1;11.652;11,02;;25,32;;6,19;1,98;0,38;41,37
16075015;Carpignano Salentino;Lecce;1;3.627;7,99;;23,37;;3,48;4,87;9,08;43,93
16075016;Casarano;Lecce;1;19.132;13,02;;13,76;;3,57;3,47;3,60;35,11
16075018;Castrignano de' Greci;Lecce;1;3.629;11,40;;28,84;;6,30;2,81;2,24;43,06
16075019;Castrignano del Capo;Lecce;1;5.077;9,87;;29,72;;7,03;3,78;9,06;50,01
16075096;Castro;Lecce;1;2.352;5,81;;32,34;;2,69;2,27;7,72;37,57
16075020;Cavallino;Lecce;1;12.913;11,57;;12,28;;2,17;6,12;6,25;36,42
16075021;Collepasso;Lecce;1;5.554;8,83;;23,80;;7,25;5,35;6,08;51,10
16075022;Copertino;Lecce;1;22.949;11,28;;20,01;;10,21;3,04;0,55;41,57
16075023;Corigliano d'Otranto;Lecce;1;5.609;9,27;;15,55;;5,25;2,60;4,07;36,75
16075024;Corsano;Lecce;1;5.108;11,38;;20,45;;6,02;4,76;4,65;41,67
16075025;Cursi;Lecce;1;3.837;5,67;;61,66;;2,91;5,43;5,98;45,50
16075027;Diso;Lecce;1;2.801;4,92;;30,97;;3,06;4,83;4,17;40,03
16075028;Gagliano del Capo;Lecce;1;4.853;8,03;;17,72;;4,58;4,06;5,86;38,05
16075029;Galatina;Lecce;1;25.511;12,94;;21,78;;8,24;2,25;7,69;49,00
16075030;Galatone;Lecce;1;14.878;7,46;;20,52;;7,14;5,23;4,96;42,40
16075031;Gallipoli;Lecce;1;19.112;8,68;;24,53;;9,90;5,38;10,78;55,27
16075032;Giuggianello;Lecce;1;1.128;6,75;;33,09;;2,15;4,12;2,57;34,07
16075035;Lecce;Lecce;1;94.434;11,47;;12,89;;7,59;9,02;11,66;55,14
16075036;Lequile;Lecce;1;8.603;13,41;;19,73;;7,49;2,56;1,75;39,05
16075037;Leverano;Lecce;1;13.474;13,83;;21,92;;4,19;39,44;0,46;73,24
16075038;Lizzanello;Lecce;1;11.746;12,27;;14,08;;2,66;6,94;16,47;48,87
16075040;Martano;Lecce;1;8.503;19,84;;1,87;;3,66;15,87;4,20;45,00
16075042;Matino;Lecce;1;10.868;9,03;;16,38;;4,82;7,18;2,17;39,06
16075045;Melpignano;Lecce;1;2.091;17,62;;34,49;;2,17;12,48;11,25;80,76
16075046;Miggiano;Lecce;1;3.233;26,66;;18,26;;9,81;6,67;3,21;50,65
16075048;Monteroni di Lecce;Lecce;1;13.233;8,92;;21,88;;4,07;6,83;1,01;42,05
16075049;Montesano Salentino;Lecce;1;2.598;17,11;;7,35;;4,06;11,92;4,26;40,78
16075050;Morciano di Leuca;Lecce;1;3.048;12,80;;21,93;;4,81;1,96;6,95;39,52
16075052;Nardo;Lecce;1;30.761;9,77;;24,03;;6,33;3,39;7,43;49,46
16075059;Parabita;Lecce;1;8.678;9,79;;19,89;;5,56;8,14;3,63;46,50
16075060;Patu;Lecce;1;1.654;11,17;;27,69;;6,73;3,21;2,67;49,24
16075098;Presicce-Acquarica;Lecce;1;9.215;15,22;;16,34;;4,28;4,46;2,20;37,73
16075063;Racale;Lecce;1;10.715;9,57;;20,58;;4,56;3,88;1,72;38,19
16075064;Ruffano;Lecce;1;9.291;28,22;;11,69;;4,48;1,25;3,08;35,18
16075065;Salice Salentino;Lecce;1;7.718;11,77;;6,73;;;0,46;14,40;28,42
16075066;Salve;Lecce;1;4.561;11,92;;38,60;;5,68;2,76;8,14;58,29
16075068;San Cesario di Lecce;Lecce;1;7.889;14,25;;12,28;;1,20;9,75;7,07;39,65
16075069;San Donato di Lecce;Lecce;1;5.414;12,28;;11,95;;4,50;11,79;2,53;41,13
16075071;San Pietro in Lama;Lecce;1;3.375;10,73;;12,23;;3,69;7,10;2,87;35,44
16075070;Sannicola;Lecce;1;5.557;11,40;;29,86;;7,02;4,62;4,87;51,86
16075074;Secli;Lecce;1;1.819;15,52;;18,68;;4,58;5,75;4,75;44,17
16075075;Sogliano Cavour;Lecce;1;3.855;8,59;;32,55;;;4,08;5,96;46,57
16075079;Squinzano;Lecce;1;13.377;3,97;;12,90;;2,96;9,23;7,14;43,82
16075084;Taurisano;Lecce;1;11.240;7,21;;15,07;;2,68;1,68;0,96;27,27
16075085;Taviano;Lecce;1;11.435;7,06;;23,30;;5,07;2,42;1,48;35,73
16075086;Tiggiano;Lecce;1;2.798;9,61;;19,39;;6,54;6,89;2,68;38,62
16075088;Tricase;Lecce;1;16.998;11,37;;21,36;;4,15;2,91;7,34;41,98
16075090;Ugento;Lecce;1;11.998;;;;;1,05;2,32;2,03;47,86
16075092;Veglie;Lecce;1;13.215;14,03;;28,33;;5,41;3,84;1,29;49,43
03097001;Abbadia Lariana;Lecco;1;3.192;8,40;;6,17;;1,77;1,77;2,59;20,31
03097002;Airuno;Lecco;1;2.932;11,60;;6,53;;1,58;4,50;3,16;24,06
03097004;Ballabio;Lecco;1;4.205;10,45;;7,81;;3,85;3,89;3,92;29,50
03097005;Barzago;Lecco;1;2.363;9,94;;7,66;;3,57;4,45;5,37;30,72
03097006;Barzano;Lecco;1;5.035;11,99;;7,87;;0,62;3,58;3,48;24,32
03097007;Barzio;Lecco;1;1.267;4,74;;10,30;;5,77;4,33;4,51;32,84
03097009;Bosisio Parini;Lecco;1;3.256;7,43;;6,45;;1,00;2,42;4,22;23,10
03097010;Brivio;Lecco;1;4.443;8,60;;8,19;;4,82;4,69;4,88;29,78
03097011;Bulciago;Lecco;1;2.926;8,83;;4,83;;3,16;4,03;3,40;22,64
03097012;Calco;Lecco;1;5.426;8,15;;6,72;;0,57;4,99;4,14;26,21
03097013;Calolziocorte;Lecco;1;13.608;10,65;;8,00;;3,95;2,52;5,92;29,40
03097014;Carenno;Lecco;1;1.391;18,60;;13,07;;0,93;5,14;4,58;33,31
03097015;Casargo;Lecco;1;837;5,05;;5,58;;3,37;3,12;4,55;26,84
03097016;Casatenovo;Lecco;1;13.280;12,27;;7,61;;1,32;3,56;3,46;24,14
03097017;Cassago Brianza;Lecco;1;4.431;9,77;;5,23;;2,02;2,36;2,43;21,04
03097018;Cassina Valsassina;Lecco;1;541;3,70;;9,25;;12,29;7,76;2,40;37,92
03097019;Castello di Brianza;Lecco;1;2.618;14,06;;11,55;;2,01;4,86;4,99;32,99
03097020;Cernusco Lombardone;Lecco;1;3.851;21,27;;7,94;;1,93;1,38;4,10;24,33
03097021;Cesana Brianza;Lecco;1;2.343;7,09;;7,27;;1,85;2,05;2,25;20,96
03097022;Civate;Lecco;1;3.706;4,32;;7,00;;1,07;2,22;3,25;19,31
03097023;Colico;Lecco;1;8.170;11,64;;7,60;;1,44;2,54;2,27;22,48
03097024;Colle Brianza;Lecco;1;1.821;10,98;;6,91;;2,10;4,40;2,56;23,81
03097025;Cortenova;Lecco;1;1.154;15,11;;7,88;;0,88;3,58;2,43;23,65
03097026;Costa Masnaga;Lecco;1;4.766;5,18;;8,20;;0,47;6,63;5,06;27,78
03097027;Crandola Valsassina;Lecco;1;264;7,71;;7,47;;;9,54;3,48;31,40
03097028;Cremella;Lecco;1;1.664;14,73;;9,29;;3,32;4,60;2,94;29,10
03097029;Cremeno;Lecco;1;1.778;7,99;;11,31;;9,17;4,17;4,09;36,81
03097030;Dervio;Lecco;1;2.564;16,05;;7,35;;0,47;1,81;2,05;20,63
03097031;Dolzago;Lecco;1;2.559;8,51;;8,25;;2,91;4,21;2,95;26,67
03097032;Dorio;Lecco;1;330;8,88;;10,15;;1,55;5,88;0,44;24,78
03097033;Ello;Lecco;1;1.184;14,12;;9,45;;6,17;6,11;2,56;32,06
03097034;Erve;Lecco;1;675;29,16;;16,96;;0,34;7,01;4,88;39,17
03097035;Esino Lario;Lecco;1;751;18,42;;21,20;;1,09;4,43;8,17;45,88
03097036;Galbiate;Lecco;1;8.410;9,61;;8,29;;2,65;2,87;3,20;25,52
03097037;Garbagnate Monastero;Lecco;1;2.529;4,91;;7,29;;1,58;5,92;5,28;27,49
03097038;Garlate;Lecco;1;2.595;4,47;;8,53;;2,77;2,81;2,82;23,48
03097039;Imbersago;Lecco;1;2.484;4,75;;6,57;;2,12;3,55;3,07;22,10
03097040;Introbio;Lecco;1;1.948;8,78;;7,69;;2,36;4,20;3,43;26,58
03097092;La Valletta Brianza;Lecco;1;4.643;9,49;;7,78;;2,42;5,70;5,00;28,82
03097042;Lecco;Lecco;1;47.145;8,17;;11,52;;8,92;2,71;5,45;36,34
03097043;Lierna;Lecco;1;2.150;9,26;;6,83;;0,23;0,81;1,79;16,27
03097044;Lomagna;Lecco;1;5.038;11,69;;7,85;;2,52;5,11;3,90;28,44
03097045;Malgrate;Lecco;1;4.188;4,14;;6,38;;3,07;3,35;4,93;23,35
03097046;Mandello del Lario;Lecco;1;9.912;7,13;;8,64;;3,39;3,37;3,46;27,19
03097047;Margno;Lecco;1;391;7,42;;7,29;;4,84;8,29;2,77;33,73
03097048;Merate;Lecco;1;14.885;7,83;;8,74;;2,72;2,43;2,84;25,66
03097049;Missaglia;Lecco;1;8.906;8,08;;7,56;;1,01;2,96;3,30;23,95
03097050;Moggio;Lecco;1;496;4,42;;9,22;;11,36;0,54;2,60;30,50
03097051;Molteno;Lecco;1;3.525;3,87;;5,70;;0,89;4,48;3,02;21,65
03097052;Monte Marenzo;Lecco;1;1.817;18,48;;8,97;;0,75;3,77;3,62;25,92
03097053;Montevecchia;Lecco;1;2.679;13,90;;7,74;;1,81;5,01;4,34;26,93
03097054;Monticello Brianza;Lecco;1;4.117;8,01;;7,31;;2,78;4,02;3,85;25,08
03097056;Nibionno;Lecco;1;3.568;3,29;;13,70;;1,97;5,29;3,80;28,28
03097057;Oggiono;Lecco;1;9.149;7,64;;8,34;;1,60;3,12;2,59;23,72
03097058;Olgiate Molgora;Lecco;1;6.294;9,29;;6,43;;1,03;1,52;2,38;19,53
03097059;Olginate;Lecco;1;6.931;7,79;;8,35;;3,72;4,48;3,61;28,66
03097060;Oliveto Lario;Lecco;1;1.170;7,73;;19,34;;3,15;3,09;3,89;34,37
03097061;Osnago;Lecco;1;4.736;2,96;;6,18;;1,70;4,91;3,33;22,74
03097062;Paderno d'Adda;Lecco;1;3.873;16,32;;6,87;;0,95;2,34;2,77;20,80
03097063;Pagnona;Lecco;1;317;7,79;;16,62;;0,65;5,15;6,88;38,48
03097064;Parlasco;Lecco;1;138;2,81;;9,31;;1,58;7,48;2,31;25,67
03097065;Pasturo;Lecco;1;1.963;9,13;;8,03;;1,37;3,00;2,66;24,40
03097067;Perledo;Lecco;1;839;15,82;;10,10;;2,14;3,33;2,08;25,24
03097068;Pescate;Lecco;1;2.160;7,21;;8,58;;2,88;2,18;3,52;23,71
03097069;Premana;Lecco;1;2.168;12,33;;13,41;;1,42;4,70;3,83;32,01
03097070;Primaluna;Lecco;1;2.268;6,29;;6,59;;3,07;5,05;3,78;27,35
03097071;Robbiate;Lecco;1;6.316;12,15;;8,66;;1,93;8,31;8,03;35,45
03097072;Rogeno;Lecco;1;2.990;5,16;;6,24;;2,24;3,27;5,84;23,95
03097074;Santa Maria Hoe;Lecco;1;2.111;9,33;;7,56;;2,35;5,54;4,59;27,77
03097075;Sirone;Lecco;1;2.344;8,99;;7,49;;1,09;2,11;3,17;22,33
03097076;Sirtori;Lecco;1;2.770;7,35;;7,31;;0,51;2,53;4,16;21,89
03097077;Sueglio;Lecco;1;146;11,04;;8,55;;;2,70;3,37;27,86
03097078;Suello;Lecco;1;1.735;7,25;;8,37;;1,11;2,50;2,99;24,35
03097079;Taceno;Lecco;1;595;5,62;;5,43;;3,80;5,10;4,32;29,85
03097082;Valgreghentino;Lecco;1;3.365;6,91;;7,84;;1,59;2,91;2,67;22,43
03097083;Valmadrera;Lecco;1;11.311;6,95;;7,88;;4,68;1,60;3,96;25,64
03097093;Valvarrone;Lecco;1;489;15,36;;12,80;;0,76;4,38;4,77;35,22
03097084;Varenna;Lecco;1;681;5,52;;7,50;;8,05;1,68;4,67;37,50
03097086;Vercurago;Lecco;1;2.694;10,37;;8,39;;5,53;1,66;3,99;25,75
03097091;Verderio;Lecco;1;5.469;14,79;;9,10;;2,13;2,99;3,11;25,55
03097090;Vigano;Lecco;1;2.066;9,74;;7,50;;2,40;4,22;2,96;26,67
09049001;Bibbona;Livorno;1;3.202;3,73;;15,27;;4,91;3,78;3,47;30,24
09049002;Campiglia Marittima;Livorno;1;12.416;7,66;;16,52;;3,79;2,23;1,88;35,51
09049004;Capoliveri;Livorno;1;3.912;16,27;;36,33;;6,53;7,48;2,90;62,44
09049005;Capraia Isola;Livorno;1;372;43,10;;16,90;;2,31;10,21;1,83;66,99
09049006;Castagneto Carducci;Livorno;1;8.716;8,94;;20,21;;6,34;2,77;2,14;39,23
09049007;Cecina;Livorno;1;28.064;15,91;;11,84;;3,63;3,90;0,97;37,47
09049008;Collesalvetti;Livorno;1;16.407;18,88;;12,29;;2,57;5,51;5,07;44,78
09049009;Livorno;Livorno;1;153.186;8,40;;23,02;;6,55;4,83;5,67;42,58
09049010;Marciana;Livorno;1;2.060;20,77;;50,09;;11,57;13,56;3,22;88,42
09049011;Marciana Marina;Livorno;1;1.869;10,21;;26,89;;5,19;15,38;5,56;65,88
09049012;Piombino;Livorno;1;32.443;7,59;;11,99;;6,31;2,59;1,91;37,75
09049013;Porto Azzurro;Livorno;1;3.611;5,93;;38,88;;10,05;11,36;11,55;79,80
09049014;Portoferraio;Livorno;1;11.808;11,71;;27,82;;4,60;8,82;3,57;57,02
09049021;Rio;Livorno;1;3.381;14,42;;21,71;;19,92;6,95;12,41;82,91
09049017;Rosignano Marittimo;Livorno;1;30.043;20,47;;10,07;;3,27;4,35;2,03;40,25
09049018;San Vincenzo;Livorno;1;6.406;7,10;;15,41;;6,48;4,12;2,46;38,01
09049020;Suvereto;Livorno;1;2.933;28,29;;28,55;;4,66;5,02;6,26;55,85
03098004;Borghetto Lodigiano;Lodi;1;4.353;7,36;;7,57;;3,48;2,94;2,06;25,72
03098008;Casaletto Lodigiano;Lodi;1;2.997;8,62;;13,20;;1,66;19,06;2,10;45,52
03098009;Casalmaiocco;Lodi;1;3.195;14,20;;9,82;;2,23;4,23;5,94;30,45
03098010;Casalpusterlengo;Lodi;1;15.608;4,28;;13,62;;4,58;6,04;2,81;32,92
03098011;Caselle Landi;Lodi;1;1.453;4,19;;10,06;;5,90;5,81;3,07;31,04
03098012;Caselle Lurani;Lodi;1;3.068;7,26;;9,74;;1,39;3,59;1,75;25,61
03098062;Castelgerundo;Lodi;1;1.442;5,82;;9,35;;1,43;3,86;1,07;21,73
03098013;Castelnuovo Bocca d'Adda;Lodi;1;1.534;5,97;;8,92;;1,39;4,35;2,32;23,74
03098014;Castiglione d'Adda;Lodi;1;4.508;13,36;;9,13;;1,46;7,80;1,41;23,10
03098015;Castiraga Vidardo;Lodi;1;3.060;3,60;;8,23;;4,19;6,28;2,29;26,80
03098017;Cavenago d'Adda;Lodi;1;2.125;8,64;;9,30;;1,50;3,03;2,23;23,33
03098018;Cervignano d'Adda;Lodi;1;2.240;11,13;;10,77;;2,12;7,71;4,76;37,61
03098019;Codogno;Lodi;1;15.674;13,54;;10,45;;5,35;2,35;2,23;26,76
03098020;Comazzo;Lodi;1;2.341;8,00;;11,33;;1,86;2,34;1,38;24,76
03098021;Cornegliano Laudense;Lodi;1;2.843;6,92;;7,73;;2,88;9,16;2,77;27,81
03098022;Corno Giovine;Lodi;1;1.142;4,18;;14,11;;5,45;6,23;1,42;31,89
03098023;Cornovecchio;Lodi;1;197;3,65;;6,17;;15,47;6,29;4,26;39,31
03098026;Fombio;Lodi;1;2.259;7,69;;13,89;;2,70;5,99;1,51;30,26
03098027;Galgagnano;Lodi;1;1.327;13,34;;12,90;;1,63;8,17;1,13;30,87
03098031;Lodi;Lodi;1;45.192;11,67;;10,60;;6,19;9,14;8,01;41,05
03098032;Lodi Vecchio;Lodi;1;7.668;9,66;;8,32;;1,16;4,63;2,96;23,48
03098033;Maccastorna;Lodi;1;61;1,41;;3,35;;0,21;9,19;0,78;18,62
03098034;Mairago;Lodi;1;1.372;8,33;;9,62;;1,60;3,36;3,78;25,10
03098035;Maleo;Lodi;1;3.036;6,81;;10,97;;1,68;5,06;3,00;26,65
03098036;Marudo;Lodi;1;1.763;4,26;;8,63;;2,81;5,76;1,68;25,77
03098038;Meleti;Lodi;1;454;2,65;;15,96;;0,98;3,15;3,86;28,48
03098039;Merlino;Lodi;1;1.690;19,43;;12,33;;2,75;9,11;12,64;49,79
03098040;Montanaso Lombardo;Lodi;1;2.246;21,29;;6,39;;0,51;1,42;1,48;15,83
03098041;Mulazzano;Lodi;1;5.824;15,62;;11,61;;0,93;4,09;2,34;28,46
03098042;Orio Litta;Lodi;1;2.038;11,96;;9,69;;0,73;10,43;2,45;31,38
03098044;Ossago Lodigiano;Lodi;1;1.419;3,65;;6,66;;1,51;1,49;1,70;18,20
03098045;Pieve Fissiraga;Lodi;1;1.751;36,13;;13,51;;1,72;3,02;0,31;29,84
03098046;Salerano sul Lambro;Lodi;1;2.660;6,31;;10,40;;4,04;1,84;1,55;23,49
03098047;San Fiorano;Lodi;1;1.876;6,00;;9,38;;4,38;5,70;;21,91
03098049;San Rocco al Porto;Lodi;1;3.382;9,27;;11,55;;1,87;5,54;4,46;30,91
03098050;Sant'Angelo Lodigiano;Lodi;1;13.449;4,20;;8,80;;1,82;1,43;1,20;20,31
03098051;Santo Stefano Lodigiano;Lodi;1;1.843;5,86;;10,44;;5,70;3,74;4,46;32,17
03098052;Secugnago;Lodi;1;2.004;10,22;;7,26;;0,17;10,83;2,03;28,14
03098053;Senna Lodigiana;Lodi;1;1.803;4,94;;8,60;;1,85;2,98;2,01;27,37
03098055;Sordio;Lodi;1;3.431;7,62;;10,85;;1,90;4,78;3,35;26,94
03098057;Terranova dei Passerini;Lodi;1;935;9,39;;12,88;;5,84;12,61;1,54;33,23
03098058;Turano Lodigiano;Lodi;1;1.515;10,89;;14,01;;3,07;6,11;5,07;27,43
03098059;Valera Fratta;Lodi;1;1.752;4,54;;9,47;;3,99;9,24;2,07;31,40
03098060;Villanova del Sillaro;Lodi;1;1.877;11,22;;8,22;;4,72;10,95;3,91;37,08
03098061;Zelo Buon Persico;Lodi;1;7.429;4,77;;10,25;;4,89;8,00;0,67;30,37
09046001;Altopascio;Lucca;1;15.919;14,91;;17,12;;2,12;3,93;1,59;33,82
09046002;Bagni di Lucca;Lucca;1;5.616;20,17;;30,54;;2,90;12,72;9,37;60,22
09046003;Barga;Lucca;1;9.387;14,22;;22,14;;4,04;4,09;5,01;39,01
09046004;Borgo a Mozzano;Lucca;1;6.694;16,07;;23,33;;3,86;4,91;4,14;40,23
09046005;Camaiore;Lucca;1;31.860;12,66;;21,68;;2,30;7,65;1,66;40,37
09046006;Camporgiano;Lucca;1;2.004;29,65;;19,99;;1,56;6,64;10,53;55,06
09046007;Capannori;Lucca;1;46.343;21,68;;24,18;;1,18;7,93;4,35;45,07
09046008;Careggine;Lucca;1;504;19,87;;43,86;;3,12;6,79;5,62;50,08
09046009;Castelnuovo di Garfagnana;Lucca;1;5.609;46,35;;16,71;;4,54;6,31;9,55;61,87
09046010;Castiglione di Garfagnana;Lucca;1;1.718;27,78;;16,74;;;9,03;6,14;47,56
09046011;Coreglia Antelminelli;Lucca;1;5.066;17,64;;29,72;;0,40;10,04;2,89;44,33
09046036;Fabbriche di Vergemoli;Lucca;1;706;44,88;;87,57;;;12,22;1,62;95,13
09046013;Forte dei Marmi;Lucca;1;6.753;14,84;;26,41;;9,55;8,61;4,12;57,28
09046014;Fosciandora;Lucca;1;549;21,29;;21,20;;;8,13;14,00;55,44
09046015;Gallicano;Lucca;1;3.607;52,75;;11,52;;3,64;6,77;9,94;54,60
09046017;Lucca;Lucca;1;89.136;17,00;;16,89;;3,14;6,59;4,53;38,05
09046018;Massarosa;Lucca;1;21.857;21,58;;16,63;;1,21;5,57;6,85;42,33
09046019;Minucciano;Lucca;1;1.783;34,07;;17,42;;;8,13;7,14;52,04
09046020;Molazzana;Lucca;1;981;27,59;;20,14;;1,59;6,45;12,30;55,29
09046021;Montecarlo;Lucca;1;4.441;26,01;;25,07;;4,98;7,07;5,01;49,24
09046022;Pescaglia;Lucca;1;3.274;24,78;;24,07;;;5,24;3,96;41,70
09046023;Piazza al Serchio;Lucca;1;2.086;28,24;;20,72;;;6,66;6,42;48,92
09046024;Pietrasanta;Lucca;1;22.835;15,90;;23,84;;3,50;5,93;2,17;42,35
09046025;Pieve Fosciana;Lucca;1;2.227;61,80;;10,55;;1,30;5,28;7,96;48,14
09046026;Porcari;Lucca;1;8.836;13,63;;15,06;;1,63;3,64;3,57;30,84
09046027;San Romano in Garfagnana;Lucca;1;1.324;30,26;;14,30;;5,92;6,86;9,25;53,42
09046028;Seravezza;Lucca;1;12.453;21,80;;23,19;;1,54;4,95;3,74;40,91
09046037;Sillano Giuncugnano;Lucca;1;999;19,62;;77,86;;;7,54;1,33;70,00
09046030;Stazzema;Lucca;1;2.868;12,78;;20,97;;;12,92;4,72;62,34
09046031;Vagli Sotto;Lucca;1;790;21,83;;43,19;;;5,37;6,05;48,58
09046033;Viareggio;Lucca;1;60.793;16,03;;27,16;;4,72;4,84;2,00;44,80
09046034;Villa Basilica;Lucca;1;1.462;32,03;;60,77;;0,61;4,82;0,71;65,82
09046035;Villa Collemandina;Lucca;1;1.179;24,00;;27,74;;0,42;5,79;6,82;48,78
11043002;Apiro;Macerata;1;2.040;13,35;;12,60;;2,01;1,57;2,69;23,45
11043003;Appignano;Macerata;1;4.067;11,24;;8,31;;3,38;1,25;3,11;21,67
11043004;Belforte del Chienti;Macerata;1;1.851;14,82;;6,29;;;0,18;2,67;15,65
11043005;Bolognola;Macerata;1;141;;;1,39;;;0,11;1,60;8,71
11043006;Caldarola;Macerata;1;1.603;18,19;;9,87;;;0,03;2,38;19,09
11043007;Camerino;Macerata;1;6.099;12,62;;18,28;;1,56;2,71;3,65;30,16
11043008;Camporotondo di Fiastrone;Macerata;1;471;13,15;;14,19;;;2,57;3,60;26,42
11043009;Castelraimondo;Macerata;1;4.379;11,91;;20,01;;;3,76;3,99;30,85
11043010;Castelsantangelo sul Nera;Macerata;1;221;3,44;;49,53;;;5,68;4,14;37,55
11043011;Cessapalombo;Macerata;1;436;;;3,95;;;0,39;2,90;11,25
11043012;Cingoli;Macerata;1;9.575;10,76;;13,02;;3,59;2,18;3,48;26,91
11043013;Civitanova Marche;Macerata;1;42.000;8,47;;13,12;;4,01;2,18;3,38;26,99
11043014;Colmurano;Macerata;1;1.154;1,39;;3,75;;;0,60;2,63;10,89
11043015;Corridonia;Macerata;1;14.703;9,60;;9,05;;;1,57;3,13;19,27
11043016;Esanatoglia;Macerata;1;1.899;4,50;;14,28;;0,39;3,04;3,98;25,14
11043017;Fiastra;Macerata;1;608;;;2,83;;;0,41;2,60;10,86
11043019;Fiuminata;Macerata;1;1.258;11,74;;17,62;;;3,23;3,83;29,09
11043020;Gagliole;Macerata;1;518;6,67;;18,03;;;3,46;3,56;26,31
11043021;Gualdo;Macerata;1;718;16,85;;18,13;;;2,99;3,84;29,78
11043022;Loro Piceno;Macerata;1;2.149;11,03;;15,69;;;2,85;3,73;26,27
11043023;Macerata;Macerata;1;40.553;10,00;;19,99;;5,59;3,69;3,95;36,12
11043024;Matelica;Macerata;1;9.080;8,86;;11,67;;;2,02;3,26;21,38
11043025;Mogliano;Macerata;1;4.307;9,16;;11,37;;5,44;1,78;3,28;26,90
11043027;Monte Cavallo;Macerata;1;102;50,03;;10,78;;;1,80;2,72;34,24
11043031;Monte San Giusto;Macerata;1;7.467;18,29;;13,59;;;2,34;3,50;25,59
11043032;Monte San Martino;Macerata;1;689;13,29;;18,15;;;2,87;3,57;27,95
11043026;Montecassiano;Macerata;1;6.802;9,60;;11,58;;1,85;1,93;3,45;23,59
11043028;Montecosaro;Macerata;1;7.411;8,42;;9,45;;0,99;1,53;3,18;20,04
11043029;Montefano;Macerata;1;3.296;7,31;;15,42;;1,61;3,10;3,67;26,77
11043030;Montelupone;Macerata;1;3.367;12,47;;9,49;;3,45;1,50;3,35;23,79
11043033;Morrovalle;Macerata;1;9.837;10,87;;13,27;;4,87;2,21;3,52;28,97
11043034;Muccia;Macerata;1;801;1,74;;13,20;;;2,42;2,84;18,98
11043035;Penna San Giovanni;Macerata;1;927;14,24;;18,52;;;3,00;3,68;28,96
11043036;Petriolo;Macerata;1;1.827;8,38;;18,24;;;3,42;4,45;29,49
11043038;Pieve Torina;Macerata;1;1.226;2,12;;17,53;;;2,87;3,20;22,75
11043039;Pioraco;Macerata;1;957;11,33;;19,82;;2,33;3,13;3,94;34,32
11043040;Poggio San Vicino;Macerata;1;220;12,18;;3,66;;24,68;0,49;5,66;55,32
11043041;Pollenza;Macerata;1;6.204;9,72;;10,88;;4,44;1,94;3,40;25,64
11043042;Porto Recanati;Macerata;1;12.436;8,42;;16,09;;6,28;2,66;3,57;31,60
11043043;Potenza Picena;Macerata;1;15.503;9,13;;14,08;;3,29;2,39;3,59;27,46
11043044;Recanati;Macerata;1;20.696;10,84;;12,59;;3,25;2,23;3,42;25,93
11043045;Ripe San Ginesio;Macerata;1;800;15,46;;17,84;;;3,29;3,66;28,74
11043046;San Ginesio;Macerata;1;3.060;13,87;;11,26;;3,74;1,92;3,15;25,22
11043047;San Severino Marche;Macerata;1;11.893;9,95;;12,34;;4,61;3,43;3,16;27,67
11043048;Sant'Angelo in Pontano;Macerata;1;1.263;14,53;;20,14;;;2,72;4,13;31,41
11043049;Sarnano;Macerata;1;3.054;12,82;;20,05;;;3,23;3,83;30,12
11043050;Sefro;Macerata;1;455;19,90;;11,11;;;1,71;3,28;26,05
11043051;Serrapetrona;Macerata;1;888;39,05;;13,49;;;1,76;4,98;32,12
11043052;Serravalle di Chienti;Macerata;1;1.043;3,25;;17,20;;;2,52;3,55;23,75
11043053;Tolentino;Macerata;1;17.760;7,54;;14,53;;3,68;2,68;3,56;28,25
11043054;Treia;Macerata;1;9.096;9,72;;13,55;;5,14;2,48;3,60;29,16
11043055;Urbisaglia;Macerata;1;2.395;10,87;;10,78;;4,93;2,27;3,25;25,72
11043056;Ussita;Macerata;1;360;3,64;;40,99;;;4,92;4,72;36,73
11043058;Valfornace;Macerata;1;893;0,84;;3,56;;;0,57;2,56;10,43
11043057;Visso;Macerata;1;952;7,29;;27,79;;;3,13;8,60;42,52
03020001;Acquanegra sul Chiese;Mantova;1;2.691;5,27;;13,84;;1,28;4,51;4,78;32,48
03020002;Asola;Mantova;1;9.880;6,27;;11,09;;1,29;5,29;2,76;28,31
03020003;Bagnolo San Vito;Mantova;1;5.910;13,25;;8,82;;0,88;4,65;3,40;25,30
03020072;Borgo Mantovano;Mantova;1;5.261;12,12;;10,21;;0,35;8,47;2,21;29,51
03020071;Borgo Virgilio;Mantova;1;15.027;8,80;;13,13;;1,69;2,12;5,98;25,88
03020073;Borgocarbonara;Mantova;1;1.861;18,74;;7,86;;0,32;4,57;1,81;23,69
03020007;Bozzolo;Mantova;1;4.043;7,67;;11,26;;0,97;4,43;3,09;28,30
03020008;Canneto sull'Oglio;Mantova;1;4.318;23,74;;7,25;;3,12;3,72;2,89;23,10
03020010;Casalmoro;Mantova;1;2.206;9,13;;7,72;;;3,74;1,88;20,05
03020011;Casaloldo;Mantova;1;2.611;9,79;;10,38;;2,53;8,41;2,31;31,62
03020012;Casalromano;Mantova;1;1.489;16,19;;11,26;;1,18;7,75;2,28;31,15
03020014;Castel d'Ario;Mantova;1;4.652;13,74;;10,89;;1,41;6,02;2,26;29,36
03020015;Castel Goffredo;Mantova;1;12.793;8,32;;9,90;;1,14;4,43;2,49;26,45
03020013;Castelbelforte;Mantova;1;3.311;24,47;;9,67;;3,68;4,84;2,21;30,26
03020016;Castellucchio;Mantova;1;5.172;6,62;;8,31;;0,73;3,97;1,52;21,90
03020017;Castiglione delle Stiviere;Mantova;1;23.855;6,49;;13,32;;1,69;4,11;1,74;24,92
03020018;Cavriana;Mantova;1;3.722;5,03;;11,02;;2,13;5,59;5,04;26,17
03020019;Ceresara;Mantova;1;2.511;13,17;;10,32;;;8,63;2,64;28,88
03020020;Commessaggio;Mantova;1;1.051;20,66;;12,43;;0,37;5,10;3,29;25,98
03020021;Curtatone;Mantova;1;14.688;8,00;;12,57;;0,93;2,31;6,05;24,78
03020022;Dosolo;Mantova;1;3.176;37,99;;12,14;;0,07;2,58;1,85;22,50
03020024;Gazoldo degli Ippoliti;Mantova;1;3.042;18,86;;12,54;;0,39;3,24;2,66;25,12
03020025;Gazzuolo;Mantova;1;2.087;8,47;;10,12;;0,91;4,33;2,52;26,42
03020026;Goito;Mantova;1;10.050;13,08;;11,18;;1,63;4,61;2,57;28,30
03020027;Gonzaga;Mantova;1;8.696;12,31;;8,71;;1,60;4,20;5,47;27,54
03020028;Guidizzolo;Mantova;1;6.001;;;9,86;;2,85;3,49;1,94;26,89
03020029;Magnacavallo;Mantova;1;1.383;25,37;;13,20;;;5,26;2,27;30,32
03020030;Mantova;Mantova;1;49.218;19,95;;20,99;;9,43;6,84;6,36;52,78
03020031;Marcaria;Mantova;1;6.401;10,45;;9,91;;2,69;4,77;2,76;27,71
03020032;Mariana Mantovana;Mantova;1;820;11,24;;13,65;;1,04;5,10;4,25;31,27
03020033;Marmirolo;Mantova;1;7.646;10,52;;10,85;;0,63;4,65;3,95;28,58
03020034;Medole;Mantova;1;4.215;13,59;;11,49;;0,21;4,97;2,12;29,65
03020035;Moglia;Mantova;1;5.391;11,67;;9,16;;1,76;4,81;2,21;25,90
03020036;Monzambano;Mantova;1;4.803;9,74;;12,88;;0,09;4,34;1,39;25,63
03020037;Motteggiana;Mantova;1;2.419;18,66;;10,40;;1,14;8,37;2,60;32,46
03020038;Ostiglia;Mantova;1;6.690;18,27;;13,08;;3,00;4,66;4,28;30,76
03020039;Pegognaga;Mantova;1;6.876;13,15;;7,53;;2,26;3,72;3,65;25,08
03020041;Piubega;Mantova;1;1.732;17,78;;8,49;;0,90;2,86;2,75;18,47
03020042;Poggio Rusco;Mantova;1;6.447;8,98;;12,15;;1,13;6,18;3,02;30,61
03020043;Pomponesco;Mantova;1;1.711;11,06;;17,64;;0,63;9,21;6,80;42,56
03020044;Ponti sul Mincio;Mantova;1;2.342;15,80;;12,53;;1,29;5,20;2,32;29,59
03020045;Porto Mantovano;Mantova;1;16.667;15,72;;10,80;;2,18;6,07;2,52;31,91
03020046;Quingentole;Mantova;1;1.023;20,00;;9,01;;1,97;4,64;2,32;25,86
03020047;Quistello;Mantova;1;5.277;14,84;;11,46;;1,50;5,65;2,53;29,88
03020048;Redondesco;Mantova;1;1.214;14,80;;11,23;;1,60;4,78;6,35;32,64
03020050;Rivarolo Mantovano;Mantova;1;2.370;13,77;;11,94;;1,02;4,03;4,10;31,51
03020051;Rodigo;Mantova;1;5.171;;;7,67;;0,40;1,18;0,36;17,31
03020052;Roncoferraro;Mantova;1;6.899;15,23;;9,66;;1,05;4,37;2,15;25,67
03020053;Roverbella;Mantova;1;8.689;14,29;;9,05;;1,69;5,17;2,28;28,25
03020054;Sabbioneta;Mantova;1;4.097;14,34;;11,73;;0,70;5,42;2,34;29,74
03020055;San Benedetto Po;Mantova;1;6.688;19,73;;;;3,00;5,15;4,32;27,00
03020056;San Giacomo delle Segnate;Mantova;1;1.514;20,82;;7,87;;1,85;5,30;2,17;25,90
03020057;San Giorgio Bigarello (gia' di Mantova);Mantova;1;11.849;12,70;;11,59;;1,49;5,29;2,82;29,14
03020058;San Giovanni del Dosso;Mantova;1;1.246;22,97;;8,17;;0,48;8,81;3,26;30,51
03020059;San Martino dall'Argine;Mantova;1;1.582;16,69;;10,18;;3,51;6,50;2,26;31,63
03020060;Schivenoglia;Mantova;1;1.071;9,70;;10,13;;;4,09;6,78;29,11
03020061;Sermide;Mantova;1;7.089;13,36;;10,03;;2,30;4,88;2,99;28,98
03020062;Serravalle a Po;Mantova;1;1.424;31,67;;10,11;;;3,86;2,03;21,97
03020063;Solferino;Mantova;1;2.597;14,15;;10,11;;0,05;6,59;2,28;27,23
03020064;Sustinente;Mantova;1;1.925;28,76;;10,39;;;3,81;2,99;23,26
03020065;Suzzara;Mantova;1;21.157;19,10;;9,08;;2,32;4,36;2,78;27,40
03020066;Viadana;Mantova;1;19.944;12,99;;14,36;;1,80;3,54;0,70;24,50
03020068;Villimpenta;Mantova;1;2.132;28,79;;12,32;;3,07;5,33;2,77;29,48
03020070;Volta Mantovana;Mantova;1;7.228;13,80;;8,53;;0,66;4,17;2,42;24,09
09045001;Aulla;Massa-Carrara;1;10.655;21,77;;23,57;;4,13;6,63;3,69;43,97
09045002;Bagnone;Massa-Carrara;1;1.672;18,89;;21,86;;2,61;4,53;8,50;42,22
09045003;Carrara;Massa-Carrara;1;59.793;7,76;;9,99;;3,87;7,02;6,66;40,06
09045004;Casola in Lunigiana;Massa-Carrara;1;933;22,37;;21,28;;3,42;9,22;4,70;44,00
09045005;Comano;Massa-Carrara;1;665;7,43;;15,70;;4,99;5,32;4,59;34,13
09045006;Filattiera;Massa-Carrara;1;2.170;32,30;;24,91;;0,83;6,36;1,16;40,29
09045007;Fivizzano;Massa-Carrara;1;7.041;22,26;;29,09;;6,37;8,33;0,56;49,55
09045008;Fosdinovo;Massa-Carrara;1;4.593;23,20;;26,49;;5,95;5,87;0,50;43,93
09045009;Licciana Nardi;Massa-Carrara;1;4.725;23,08;;25,06;;4,63;3,63;4,36;43,30
09045010;Massa;Massa-Carrara;1;65.987;11,98;;13,86;;2,32;4,38;5,88;40,47
09045011;Montignoso;Massa-Carrara;1;10.058;15,85;;20,44;;2,82;6,29;2,39;39,52
09045012;Mulazzo;Massa-Carrara;1;2.292;17,63;;23,30;;2,36;6,08;2,77;39,07
09045013;Podenzana;Massa-Carrara;1;2.109;25,98;;24,45;;6,01;4,15;0,68;41,40
09045014;Pontremoli;Massa-Carrara;1;6.883;11,04;;17,95;;3,46;3,51;0,31;31,90
09045015;Tresana;Massa-Carrara;1;1.917;28,05;;25,11;;6,78;4,89;0,45;44,44
09045016;Villafranca in Lunigiana;Massa-Carrara;1;4.649;28,74;;24,38;;3,75;4,22;0,69;39,27
09045017;Zeri;Massa-Carrara;1;922;18,65;;18,23;;1,52;1,81;0,40;27,81
17077004;Calciano;Matera;1;655;23,28;;26,60;;3,88;3,51;1,34;45,33
17077008;Ferrandina;Matera;1;7.921;14,28;;14,71;;13,34;5,41;2,62;51,17
17077010;Gorgoglione;Matera;1;850;16,24;;;;;10,42;;45,47
17077013;Irsina;Matera;1;4.473;21,86;;27,49;;5,37;1,40;3,68;49,82
17077014;Matera;Matera;1;59.620;7,12;;29,36;;5,56;8,80;2,81;52,11
17077015;Miglionico;Matera;1;2.355;;;;;;3,22;;24,63
17077016;Montalbano Jonico;Matera;1;6.596;7,83;;25,10;;7,42;3,23;0,44;45,59
17077018;Nova Siri;Matera;1;6.805;3,99;;13,96;;4,60;1,43;5,28;35,59
17077021;Policoro;Matera;1;17.789;8,55;;20,69;;5,44;2,17;0,51;40,62
17077023;Rotondella;Matera;1;2.408;50,22;;17,25;;7,49;4,58;5,09;49,50
17077025;San Giorgio Lucano;Matera;1;1.013;11,80;;;;;2,12;0,30;40,94
17077027;Stigliano;Matera;1;3.513;46,08;;29,98;;4,79;6,97;1,33;72,33
17077028;Tricarico;Matera;1;4.703;20,60;;20,82;;7,04;5,71;2,95;41,58
19083107;Acquedolci;Messina;1;5.497;34,83;;;;;8,42;;27,42
19083002;Ali;Messina;1;630;89,10;;14,24;;10,04;45,07;0,97;132,45
19083003;Ali Terme;Messina;1;2.315;50,03;;6,20;;4,68;11,11;3,36;56,81
19083007;Brolo;Messina;1;5.739;8,68;;18,85;;4,78;4,23;4,13;44,51
19083009;Capo d'Orlando;Messina;1;13.105;19,56;;17,29;;3,55;4,37;4,53;43,22
19083011;Caronia;Messina;1;3.003;27,01;;24,16;;4,32;7,44;1,90;57,95
19083012;Casalvecchio Siculo;Messina;1;714;58,48;;;;10,30;2,49;3,44;48,09
19083013;Castel di Lucio;Messina;1;1.325;58,56;;2,96;;3,95;10,60;22,23;64,49
19083014;Castell'Umberto;Messina;1;2.817;46,96;;19,17;;5,46;8,43;1,90;57,32
19083020;Ficarra;Messina;1;1.288;93,56;;21,73;;;2,99;0,87;52,73
19083025;Francavilla di Sicilia;Messina;1;3.523;24,92;;26,81;;8,95;4,08;3,79;54,63
19083035;Gualtieri Sicamino;Messina;1;1.555;18,32;;9,62;;1,90;7,40;0,58;45,84
19083037;Leni;Messina;1;677;27,72;;93,50;;15,22;3,71;0,91;83,73
19083038;Letojanni;Messina;1;2.914;16,66;;8,55;;4,98;8,08;17,93;51,74
19083039;Librizzi;Messina;1;1.570;86,57;;;;2,33;7,88;0,35;46,15
19083041;Lipari;Messina;1;12.685;41,22;;;;4,64;9,37;1,96;63,41
19083042;Longi;Messina;1;1.301;248,53;;3,88;;0,13;4,21;1,72;43,38
19083046;Mazzarra  Sant'Andrea;Messina;1;1.399;28,06;;25,03;;1,98;7,33;;51,82
19083048;Messina;Messina;1;217.895;1,69;;33,88;;9,81;6,25;5,90;63,33
19083049;Milazzo;Messina;1;29.998;5,50;;20,55;;7,26;1,02;3,44;39,50
19083051;Mirto;Messina;1;872;435,60;;;;;3,52;3,36;51,48
19083052;Mistretta;Messina;1;4.315;21,25;;22,18;;2,71;10,61;5,94;55,26
19083056;Montagnareale;Messina;1;1.378;50,43;;13,23;;2,03;4,54;0,09;52,92
19083060;Naso;Messina;1;3.417;54,45;;17,31;;3,05;7,38;4,86;57,49
19083061;Nizza di Sicilia;Messina;1;3.528;49,28;;6,19;;4,66;11,38;5,65;44,78
19083065;Pagliara;Messina;1;1.116;132,82;;29,18;;9,07;10,14;4,42;81,55
19083066;Patti;Messina;1;12.699;17,74;;27,46;;3,88;1,70;1,86;44,56
19083072;Roccalumera;Messina;1;4.064;34,59;;5,68;;7,92;7,19;1,84;44,53
19083073;Roccavaldina;Messina;1;1.003;4,57;;28,50;;1,72;2,54;0,55;62,53
19083075;Rodi Milici;Messina;1;1.959;13,79;;19,94;;3,26;7,41;1,81;43,86
19083077;San Filippo del Mela;Messina;1;6.691;5,98;;5,26;;0,51;0,58;4,70;34,02
19083079;San Marco d'Alunzio;Messina;1;1.817;27,55;;22,23;;4,44;14,65;7,79;59,57
19083080;San Pier Niceto;Messina;1;2.583;5,28;;24,00;;4,13;3,15;12,96;54,32
19083081;San Piero Patti;Messina;1;2.593;20,76;;34,63;;3,16;4,65;0,52;51,40
19083082;San Salvatore di Fitalia;Messina;1;1.119;52,19;;40,70;;4,93;5,89;6,71;70,10
19083090;San Teodoro;Messina;1;1.251;19,72;;36,75;;0,55;2,46;5,74;52,57
19083086;Santa Lucia del Mela;Messina;1;4.374;4,30;;20,57;;3,01;4,77;4,14;44,61
19083087;Santa Marina Salina;Messina;1;858;15,84;;70,96;;8,90;7,58;6,13;70,84
19083089;Santa Teresa di Riva;Messina;1;9.266;29,94;;5,59;;4,53;18,25;0,98;49,77
19083091;Santo Stefano di Camastra;Messina;1;4.351;29,78;;17,86;;7,75;4,04;0,71;49,65
19083092;Saponara;Messina;1;3.670;27,23;;20,62;;4,48;1,84;1,58;42,79
19083094;Scaletta Zanclea;Messina;1;1.845;15,21;;36,78;;3,85;3,44;11,93;58,09
19083095;Sinagra;Messina;1;2.462;96,09;;19,89;;;3,48;1,63;46,06
19083096;Spadafora;Messina;1;4.648;19,38;;16,13;;4,02;0,83;1,42;32,79
19083097;Taormina;Messina;1;10.499;50,53;;13,95;;6,36;1,80;3,09;55,61
19083106;Terme Vigliatore;Messina;1;7.244;9,55;;17,20;;3,21;1,56;6,60;52,36
19083098;Torregrotta;Messina;1;7.297;9,85;;31,24;;1,28;2,26;0,60;48,44
19083099;Tortorici;Messina;1;5.629;33,92;;39,53;;0,92;9,68;;67,48
19083102;Ucria;Messina;1;876;46,52;;31,92;;;9,12;;60,28
19083103;Valdina;Messina;1;1.258;4,00;;22,15;;1,65;1,00;1,76;29,59
19083104;Venetico;Messina;1;3.969;4,48;;18,22;;2,78;3,40;3,16;37,32
19083105;Villafranca Tirrena;Messina;1;7.918;7,18;;13,17;;5,47;2,43;1,04;44,14
03015002;Abbiategrasso;Milano;1;32.629;13,76;;11,28;;5,82;8,34;3,59;36,09
03015005;Albairate;Milano;1;4.712;12,95;;8,81;;3,99;7,06;1,78;28,60
03015007;Arconate;Milano;1;6.824;10,26;;11,16;;4,96;10,00;1,45;35,38
03015009;Arese;Milano;1;19.562;5,78;;13,35;;5,54;5,79;6,51;37,54
03015011;Assago;Milano;1;9.238;9,03;;14,29;;4,70;2,64;4,11;28,57
03015250;Baranzate;Milano;1;11.849;5,71;;10,49;;4,49;4,03;5,15;32,01
03015012;Bareggio;Milano;1;17.177;6,66;;11,39;;4,58;4,16;1,66;29,70
03015014;Basiano;Milano;1;3.680;7,10;;8,69;;4,31;3,36;1,89;27,02
03015015;Basiglio;Milano;1;7.944;10,67;;17,26;;3,86;5,24;4,15;34,76
03015016;Bellinzago Lombardo;Milano;1;3.827;12,72;;10,64;;1,11;4,79;4,32;30,91
03015024;Binasco;Milano;1;7.093;8,39;;10,47;;4,54;1,51;1,81;26,71
03015026;Boffalora sopra Ticino;Milano;1;4.079;13,07;;15,26;;6,18;6,65;15,51;51,06
03015027;Bollate;Milano;1;36.320;4,84;;12,58;;3,54;6,23;1,33;28,19
03015032;Bresso;Milano;1;26.248;9,88;;4,18;;6,66;6,80;7,16;35,39
03015036;Buccinasco;Milano;1;26.664;7,00;;5,68;;4,47;2,62;3,01;22,80
03015038;Buscate;Milano;1;4.680;9,03;;15,82;;3,66;7,21;5,14;38,57
03015040;Bussero;Milano;1;8.328;21,00;;10,40;;2,82;5,87;5,00;35,43
03015044;Cambiago;Milano;1;7.223;7,57;;8,94;;1,93;2,46;2,21;22,14
03015046;Canegrate;Milano;1;12.565;11,98;;11,59;;2,10;5,88;3,82;29,62
03015050;Carpiano;Milano;1;4.142;9,92;;10,16;;5,45;6,70;11,82;43,15
03015051;Carugate;Milano;1;15.744;15,99;;3,88;;4,08;3,34;4,06;25,74
03015055;Casarile;Milano;1;3.951;6,10;;11,72;;3,50;6,41;3,24;30,48
03015058;Casorezzo;Milano;1;5.643;7,47;;9,89;;4,05;4,30;0,55;27,01
03015059;Cassano d'Adda;Milano;1;19.490;12,64;;9,40;;4,74;3,00;2,14;28,00
03015060;Cassina de' Pecchi;Milano;1;13.931;11,21;;9,80;;2,53;5,16;2,06;28,70
03015062;Castano Primo;Milano;1;10.860;9,74;;12,38;;3,62;5,43;4,19;33,54
03015070;Cernusco sul Naviglio;Milano;1;34.898;12,60;;9,47;;3,86;3,99;2,36;22,91
03015071;Cerro al Lambro;Milano;1;5.186;11,36;;10,98;;3,10;3,22;4,83;30,45
03015074;Cesano Boscone;Milano;1;23.395;13,50;;7,27;;4,80;2,44;2,54;25,14
03015076;Cesate;Milano;1;14.309;3,03;;4,74;;2,25;4,41;2,14;20,17
03015077;Cinisello Balsamo;Milano;1;74.946;10,68;;8,56;;5,73;6,10;2,60;31,30
03015081;Cologno Monzese;Milano;1;47.043;6,98;;18,04;;8,63;3,08;3,03;37,18
03015082;Colturano;Milano;1;2.045;12,80;;7,55;;4,08;3,79;2,52;27,84
03015086;Cormano;Milano;1;20.586;15,33;;4,28;;5,35;4,34;4,23;25,74
03015087;Cornaredo;Milano;1;20.672;8,74;;16,34;;6,51;5,61;2,88;36,06
03015093;Corsico;Milano;1;34.650;9,43;;8,54;;6,78;3,65;0,41;27,32
03015096;Cuggiono;Milano;1;8.079;8,03;;13,34;;1,48;5,83;4,95;32,20
03015098;Cusano Milanino;Milano;1;18.912;7,34;;7,90;;5,15;9,25;2,88;31,86
03015099;Dairago;Milano;1;6.384;15,75;;12,57;;3,17;5,37;1,89;29,52
03015101;Dresano;Milano;1;3.105;14,39;;6,27;;1,30;2,53;3,11;22,95
03015103;Gaggiano;Milano;1;9.350;4,71;;8,00;;5,02;7,58;1,76;28,41
03015105;Garbagnate Milanese;Milano;1;27.019;4,57;;6,22;;2,00;2,91;1,51;20,61
03015106;Gessate;Milano;1;8.787;7,07;;10,82;;2,47;3,05;3,60;28,50
03015108;Gorgonzola;Milano;1;21.216;10,81;;10,65;;3,87;5,14;3,34;32,01
03015110;Grezzago;Milano;1;3.184;13,90;;7,60;;1,75;1,66;2,18;23,05
03015112;Gudo Visconti;Milano;1;1.631;16,83;;13,80;;4,98;4,01;0,86;31,93
03015114;Inzago;Milano;1;11.338;17,90;;10,41;;2,01;1,72;2,91;26,64
03015116;Lainate;Milano;1;26.336;3,40;;9,90;;3,64;4,18;3,23;26,13
03015118;Legnano;Milano;1;60.443;13,42;;13,67;;5,75;6,43;6,98;40,77
03015122;Liscate;Milano;1;4.061;10,43;;10,30;;5,58;3,35;3,89;32,73
03015130;Magenta;Milano;1;24.598;8,67;;14,20;;4,61;4,53;2,49;31,50
03015131;Magnago;Milano;1;9.508;13,19;;12,34;;2,02;5,85;3,80;30,89
03015134;Marcallo con Casone;Milano;1;6.326;7,18;;13,65;;2,88;8,90;6,38;39,71
03015136;Masate;Milano;1;3.828;8,99;;8,10;;3,78;3,15;1,84;25,79
03015139;Mediglia;Milano;1;12.237;;;9,99;;1,25;17,75;1,73;37,34
03015140;Melegnano;Milano;1;17.962;6,46;;17,80;;8,79;2,16;2,92;36,96
03015142;Melzo;Milano;1;18.422;9,82;;9,16;;3,59;4,99;3,20;29,68
03015146;Milano;Milano;1;1.371.850;12,87;;10,56;;15,44;6,44;2,99;43,93
03015151;Motta Visconti;Milano;1;8.194;12,16;;9,32;;3,76;6,81;1,15;29,86
03015154;Nerviano;Milano;1;16.902;5,61;;10,99;;4,63;4,81;2,22;28,26
03015157;Novate Milanese;Milano;1;20.086;6,95;;4,05;;4,98;3,24;1,53;23,89
03015159;Opera;Milano;1;14.376;8,48;;13,33;;6,34;2,02;0,56;30,37
03015164;Ossona;Milano;1;4.319;9,15;;13,88;;1,87;4,13;4,33;30,57
03015166;Paderno Dugnano;Milano;1;47.403;5,91;;4,88;;4,20;3,26;2,67;22,73
03015167;Pantigliate;Milano;1;5.803;12,41;;11,14;;2,20;10,10;13,42;46,91
03015168;Parabiago;Milano;1;28.161;10,06;;13,40;;3,53;5,91;4,35;32,81
03015169;Paullo;Milano;1;11.128;19,50;;10,16;;4,61;5,53;3,66;31,90
03015170;Pero;Milano;1;11.774;7,85;;7,55;;4,72;3,09;1,39;24,27
03015171;Peschiera Borromeo;Milano;1;24.410;11,05;;9,56;;7,44;6,94;1,35;32,06
03015172;Pessano con Bornago;Milano;1;8.974;18,91;;10,16;;3,89;5,54;3,46;33,44
03015175;Pioltello;Milano;1;36.657;4,49;;2,34;;4,93;2,93;3,02;19,54
03015176;Pogliano Milanese;Milano;1;8.372;4,81;;11,19;;4,28;5,52;3,35;29,50
03015177;Pozzo d'Adda;Milano;1;6.696;29,81;;8,99;;0,73;4,76;9,68;36,13
03015178;Pozzuolo Martesana;Milano;1;8.613;7,95;;10,92;;1,66;4,19;2,97;27,67
03015179;Pregnana Milanese;Milano;1;7.304;4,10;;10,10;;3,80;10,09;4,02;34,26
03015181;Rescaldina;Milano;1;14.246;21,07;;9,46;;5,66;4,78;0,22;27,21
03015182;Rho;Milano;1;50.847;7,76;;10,86;;7,91;4,50;2,21;31,67
03015183;Robecchetto con Induno;Milano;1;4.795;24,76;;15,89;;1,15;6,49;2,20;36,04
03015184;Robecco sul Naviglio;Milano;1;6.790;18,54;;16,59;;5,40;2,50;7,34;39,21
03015185;Rodano;Milano;1;4.644;12,50;;9,30;;3,77;4,47;4,52;32,31
03015188;Rosate;Milano;1;5.708;6,39;;9,83;;4,21;5,39;1,48;29,53
03015191;San Colombano al Lambro;Milano;1;7.339;4,77;;11,17;;1,80;2,81;3,40;25,13
03015192;San Donato Milanese;Milano;1;32.296;11,94;;5,24;;6,77;4,02;2,61;30,46
03015194;San Giorgio su Legnano;Milano;1;6.740;14,49;;11,79;;4,18;6,39;4,93;33,63
03015195;San Giuliano Milanese;Milano;1;39.914;6,80;;7,66;;2,92;2,77;1,20;20,00
03015201;San Vittore Olona;Milano;1;8.341;8,86;;8,98;;4,31;4,67;3,24;27,76
03015202;San Zenone al Lambro;Milano;1;4.473;6,67;;10,12;;1,08;2,87;6,58;29,10
03015200;Santo Stefano Ticino;Milano;1;5.017;15,86;;16,53;;2,13;4,44;3,26;34,37
03015204;Sedriano;Milano;1;12.850;10,97;;13,56;;6,40;3,60;3,64;34,26
03015205;Segrate;Milano;1;37.088;10,09;;4,24;;4,65;4,31;4,12;26,04
03015206;Senago;Milano;1;21.517;4,26;;8,43;;4,11;2,71;3,55;24,72
03015209;Sesto San Giovanni;Milano;1;78.565;8,72;;12,53;;9,04;9,07;4,99;41,81
03015210;Settala;Milano;1;7.405;5,37;;11,14;;2,27;2,93;2,75;26,52
03015211;Settimo Milanese;Milano;1;19.935;12,52;;13,17;;5,73;5,81;3,83;35,27
03015213;Solaro;Milano;1;14.064;11,69;;7,35;;2,95;3,02;1,23;22,56
03015219;Trezzano Rosa;Milano;1;5.379;33,96;;9,31;;0,97;2,19;4,30;29,07
03015221;Trezzo sull'Adda;Milano;1;12.121;7,36;;8,83;;3,71;4,53;5,90;31,55
03015222;Tribiano;Milano;1;3.769;4,36;;12,27;;4,07;8,10;4,37;35,82
03015224;Truccazzano;Milano;1;5.850;12,30;;12,00;;3,77;3,49;2,55;30,21
03015226;Turbigo;Milano;1;7.106;13,21;;12,98;;3,56;4,04;1,87;29,51
03015229;Vanzago;Milano;1;9.372;2,67;;9,82;;5,44;5,52;9,35;34,93
03015230;Vaprio d'Adda;Milano;1;9.582;16,42;;10,37;;2,73;4,07;4,24;31,78
03015251;Vermezzo con Zelo;Milano;1;5.909;10,49;;7,67;;5,99;3,87;1,00;26,36
03015236;Vernate;Milano;1;3.419;7,07;;10,01;;8,34;3,83;2,79;30,16
03015237;Vignate;Milano;1;9.272;7,63;;10,81;;2,18;5,78;2,76;29,70
03015248;Villa Cortese;Milano;1;6.222;15,48;;11,47;;3,27;5,32;2,24;30,16
03015242;Vimodrone;Milano;1;16.820;13,68;;11,11;;4,50;2,83;3,27;30,56
03015244;Vizzolo Predabissi;Milano;1;3.868;5,89;;10,36;;2,84;3,60;1,31;25,22
03015247;Zibido San Giacomo;Milano;1;6.723;18,84;;9,49;;3,12;3,69;2,08;26,77
08036001;Bastiglia;Modena;1;4.215;31,66;;10,10;;0,38;2,74;3,63;26,31
08036002;Bomporto;Modena;1;10.267;35,76;;10,52;;1,15;1,30;3,43;26,32
08036003;Campogalliano;Modena;1;8.547;10,89;;7,95;;2,24;5,80;2,86;24,64
08036004;Camposanto;Modena;1;3.299;14,48;;9,55;;0,51;4,35;3,74;24,82
08036005;Carpi;Modena;1;72.525;10,77;;11,99;;3,22;6,32;4,10;33,40
08036006;Castelfranco Emilia;Modena;1;33.418;18,56;;12,56;;3,00;1,77;2,79;29,50
08036007;Castelnuovo Rangone;Modena;1;15.057;6,05;;7,38;;1,42;2,55;4,43;25,00
08036008;Castelvetro di Modena;Modena;1;11.061;6,23;;6,01;;0,68;2,11;2,39;16,05
08036009;Cavezzo;Modena;1;7.161;11,00;;9,59;;2,14;4,85;4,17;27,95
08036010;Concordia sulla Secchia;Modena;1;8.332;11,30;;10,14;;1,35;5,18;4,45;28,80
08036011;Fanano;Modena;1;2.973;10,55;;15,69;;3,16;3,14;6,66;34,99
08036012;Finale Emilia;Modena;1;15.140;18,77;;7,17;;2,43;8,43;0,78;24,87
08036013;Fiorano Modenese;Modena;1;16.744;11,43;;8,26;;1,90;3,26;3,58;26,29
08036014;Fiumalbo;Modena;1;1.175;8,58;;10,00;;1,96;3,91;8,79;35,97
08036015;Formigine;Modena;1;34.474;9,81;;10,01;;2,11;2,81;3,33;27,87
08036016;Frassinoro;Modena;1;1.720;14,45;;11,80;;;5,76;15,55;43,59
08036017;Guiglia;Modena;1;4.165;19,48;;7,92;;1,27;1,95;5,48;31,08
08036018;Lama Mocogno;Modena;1;2.645;11,85;;11,20;;0,61;3,71;7,74;32,81
08036019;Maranello;Modena;1;17.301;9,57;;8,35;;1,71;3,60;3,83;25,02
08036020;Marano sul Panaro;Modena;1;5.288;11,86;;12,13;;2,55;2,61;4,70;29,08
08036021;Medolla;Modena;1;6.446;14,62;;7,11;;0,32;3,77;3,24;20,37
08036022;Mirandola;Modena;1;24.415;11,51;;10,70;;3,02;5,72;4,90;32,75
08036023;Modena;Modena;1;185.009;11,53;;11,11;;3,81;3,56;3,66;32,58
08036024;Montecreto;Modena;1;942;9,01;;16,97;;0,79;8,10;7,48;38,15
08036025;Montefiorino;Modena;1;2.110;16,49;;13,24;;0,24;4,49;10,07;40,21
08036026;Montese;Modena;1;3.318;5,78;;17,43;;3,39;5,78;6,02;35,95
08036027;Nonantola;Modena;1;16.127;15,87;;12,19;;2,45;8,34;2,17;31,07
08036028;Novi di Modena;Modena;1;10.233;14,83;;10,68;;3,01;5,92;3,84;31,26
08036029;Palagano;Modena;1;2.036;11,85;;19,64;;0,86;4,38;10,65;41,13
08036030;Pavullo nel Frignano;Modena;1;18.233;7,95;;5,11;;1,62;2,67;5,86;25,56
08036031;Pievepelago;Modena;1;2.116;8,86;;10,70;;2,43;3,87;10,19;34,57
08036032;Polinago;Modena;1;1.578;11,37;;10,92;;1,20;4,35;10,04;36,38
08036033;Prignano sulla Secchia;Modena;1;3.816;6,84;;11,46;;;4,82;9,64;31,28
08036034;Ravarino;Modena;1;6.298;6,28;;8,26;;0,84;5,65;1,54;19,87
08036035;Riolunato;Modena;1;666;8,57;;11,28;;2,27;7,02;11,28;41,30
08036036;San Cesario sul Panaro;Modena;1;6.600;15,60;;6,24;;0,76;1,67;2,52;19,41
08036037;San Felice sul Panaro;Modena;1;10.824;12,82;;11,44;;;4,80;4,16;27,58
08036038;San Possidonio;Modena;1;3.501;15,60;;10,64;;0,49;4,22;3,63;25,42
08036039;San Prospero;Modena;1;6.160;17,10;;9,45;;0,30;4,77;4,10;26,03
08036040;Sassuolo;Modena;1;41.014;14,71;;10,93;;3,84;4,02;3,79;32,47
08036041;Savignano sul Panaro;Modena;1;9.591;5,33;;12,41;;0,36;3,52;4,32;24,17
08036042;Serramazzoni;Modena;1;8.795;11,35;;14,17;;2,42;2,50;8,55;34,95
08036043;Sestola;Modena;1;2.407;10,22;;15,46;;6,23;4,24;9,16;40,87
08036044;Soliera;Modena;1;15.598;11,39;;10,76;;2,95;5,80;3,76;30,61
08036045;Spilamberto;Modena;1;12.929;26,85;;8,14;;1,13;1,02;3,13;20,49
08036046;Vignola;Modena;1;26.013;18,56;;14,42;;2,02;2,45;2,72;29,36
08036047;Zocca;Modena;1;4.690;5,47;;7,73;;1,90;2,09;3,48;23,49
03108002;Aicurzio;Monza e della Brianza;1;2.063;5,64;;9,95;;4,70;3,46;4,08;29,55
03108003;Albiate;Monza e della Brianza;1;6.718;8,23;;10,81;;4,41;6,34;5,13;33,25
03108004;Arcore;Monza e della Brianza;1;17.859;14,82;;9,18;;3,58;3,58;2,00;27,43
03108005;Barlassina;Monza e della Brianza;1;6.907;6,28;;5,50;;1,60;3,09;1,76;18,55
03108006;Bellusco;Monza e della Brianza;1;7.459;24,01;;3,74;;2,20;4,38;4,60;25,74
03108007;Bernareggio;Monza e della Brianza;1;11.572;11,69;;10,03;;1,76;4,69;4,31;30,18
03108008;Besana in Brianza;Monza e della Brianza;1;15.453;9,43;;8,39;;2,82;4,44;1,60;25,55
03108009;Biassono;Monza e della Brianza;1;12.343;11,13;;11,11;;1,13;4,30;2,86;19,41
03108010;Bovisio-Masciago;Monza e della Brianza;1;16.892;11,73;;8,56;;5,13;5,45;4,22;30,64
03108011;Briosco;Monza e della Brianza;1;6.125;9,49;;8,58;;2,71;4,59;3,14;25,41
03108012;Brugherio;Monza e della Brianza;1;35.312;7,91;;12,18;;3,42;6,26;2,21;32,23
03108013;Burago di Molgora;Monza e della Brianza;1;4.257;7,57;;9,59;;5,00;4,82;3,71;32,22
03108051;Busnago;Monza e della Brianza;1;6.871;11,78;;8,45;;2,78;5,51;2,78;28,37
03108014;Camparada;Monza e della Brianza;1;2.134;19,78;;9,87;;2,03;4,68;7,70;36,89
03108052;Caponago;Monza e della Brianza;1;5.122;14,05;;8,88;;2,86;5,41;6,32;32,49
03108015;Carate Brianza;Monza e della Brianza;1;17.946;7,22;;6,51;;5,28;4,98;2,01;25,65
03108016;Carnate;Monza e della Brianza;1;7.844;7,86;;8,98;;1,75;5,86;3,23;28,75
03108017;Cavenago di Brianza;Monza e della Brianza;1;7.487;12,59;;8,76;;3,08;5,72;3,67;30,14
03108018;Ceriano Laghetto;Monza e della Brianza;1;6.658;8,20;;9,85;;2,99;4,40;1,77;25,57
03108019;Cesano Maderno;Monza e della Brianza;1;39.549;6,95;;8,49;;4,13;4,21;2,71;26,78
03108020;Cogliate;Monza e della Brianza;1;8.507;8,01;;6,82;;0,98;4,11;1,53;19,99
03108021;Concorezzo;Monza e della Brianza;1;15.973;9,22;;5,01;;2,34;2,74;3,78;23,47
03108053;Cornate d'Adda;Monza e della Brianza;1;10.945;7,15;;5,99;;2,00;3,19;2,52;21,98
03108022;Correzzana;Monza e della Brianza;1;3.205;8,46;;9,05;;1,57;6,90;1,69;27,62
03108023;Desio;Monza e della Brianza;1;41.609;9,24;;8,73;;3,74;4,14;4,44;28,07
03108024;Giussano;Monza e della Brianza;1;26.213;9,55;;8,38;;5,14;3,90;4,92;29,03
03108025;Lazzate;Monza e della Brianza;1;7.683;11,62;;4,91;;3,49;4,81;4,81;26,65
03108054;Lentate sul Seveso;Monza e della Brianza;1;15.841;6,46;;9,29;;4,11;3,84;0,65;23,65
03108026;Lesmo;Monza e della Brianza;1;8.359;13,80;;9,40;;1,79;3,76;4,45;29,13
03108027;Limbiate;Monza e della Brianza;1;35.069;9,99;;9,40;;4,21;4,71;3,99;29,60
03108028;Lissone;Monza e della Brianza;1;46.741;7,05;;10,32;;4,19;4,74;2,96;28,86
03108029;Macherio;Monza e della Brianza;1;7.594;12,47;;9,29;;1,03;2,95;3,24;25,88
03108030;Meda;Monza e della Brianza;1;23.493;12,36;;8,93;;5,30;5,84;1,64;28,71
03108031;Mezzago;Monza e della Brianza;1;4.476;14,62;;10,15;;1,98;4,94;5,72;33,68
03108032;Misinto;Monza e della Brianza;1;5.705;8,31;;8,77;;2,36;4,24;2,28;23,66
03108033;Monza;Monza e della Brianza;1;123.121;5,34;;12,88;;8,35;5,72;6,63;41,51
03108034;Muggio;Monza e della Brianza;1;23.665;7,62;;8,88;;7,13;1,41;0,79;18,58
03108035;Nova Milanese;Monza e della Brianza;1;23.144;4,54;;11,54;;4,99;2,12;1,16;26,25
03108036;Ornago;Monza e della Brianza;1;5.405;12,55;;11,23;;1,51;3,25;4,77;30,28
03108037;Renate;Monza e della Brianza;1;3.985;8,50;;9,87;;3,21;4,70;1,71;25,46
03108055;Roncello;Monza e della Brianza;1;4.799;9,74;;9,38;;1,01;3,53;3,02;25,58
03108038;Ronco Briantino;Monza e della Brianza;1;3.683;12,57;;8,39;;1,03;6,91;3,66;29,44
03108039;Seregno;Monza e della Brianza;1;45.009;7,73;;8,99;;5,38;4,85;3,02;29,04
03108040;Seveso;Monza e della Brianza;1;24.017;7,68;;7,35;;4,17;4,43;1,74;25,20
03108041;Sovico;Monza e della Brianza;1;8.317;8,36;;10,89;;5,47;6,40;4,43;33,17
03108042;Sulbiate;Monza e della Brianza;1;4.518;10,34;;8,42;;2,78;6,01;2,89;29,73
03108043;Triuggio;Monza e della Brianza;1;8.740;11,79;;11,91;;3,00;4,51;5,07;30,82
03108044;Usmate Velate;Monza e della Brianza;1;10.625;23,48;;8,12;;1,40;2,33;3,98;27,12
03108045;Varedo;Monza e della Brianza;1;13.903;5,94;;8,20;;4,17;6,17;1,87;26,79
03108046;Vedano al Lambro;Monza e della Brianza;1;7.472;13,58;;10,23;;3,31;4,18;6,32;34,25
03108047;Veduggio con Colzano;Monza e della Brianza;1;4.172;11,31;;8,39;;2,34;7,03;2,66;26,35
03108048;Verano Brianza;Monza e della Brianza;1;9.167;5,78;;9,11;;1,99;4,98;2,01;24,48
03108049;Villasanta;Monza e della Brianza;1;14.263;13,19;;9,86;;4,68;3,44;2,80;29,19
03108050;Vimercate;Monza e della Brianza;1;25.997;8,67;;8,97;;2,73;2,90;3,12;25,88
15063001;Acerra;Napoli;1;58.444;30,66;;8,89;;4,94;0,56;11,94;49,81
15063002;Afragola;Napoli;1;61.586;10,53;;37,13;;2,10;6,02;2,88;45,42
15063003;Agerola;Napoli;1;7.742;11,67;;35,32;;5,87;3,68;2,66;44,94
15063004;Anacapri;Napoli;1;6.821;57,15;;22,75;;11,55;12,96;2,68;69,64
15063006;Bacoli;Napoli;1;25.153;13,73;;5,87;;4,08;12,60;2,14;44,32
15063007;Barano d'Ischia;Napoli;1;9.999;18,42;;48,98;;2,43;6,74;8,76;56,08
15063008;Boscoreale;Napoli;1;25.893;22,33;;16,52;;2,38;3,13;1,08;39,20
15063009;Boscotrecase;Napoli;1;9.877;42,81;;10,23;;4,68;1,75;5,66;47,29
15063011;Caivano;Napoli;1;35.996;9,67;;42,21;;5,84;2,23;0,93;47,00
15063012;Calvizzano;Napoli;1;12.457;8,21;;20,83;;3,30;2,25;7,57;41,72
15063013;Camposano;Napoli;1;5.009;17,57;;10,36;;5,52;2,92;1,16;34,79
15063014;Capri;Napoli;1;6.786;21,37;;30,31;;8,87;5,72;0,90;50,90
15063015;Carbonara di Nola;Napoli;1;2.444;12,17;;15,66;;2,21;2,48;3,03;37,37
15063016;Cardito;Napoli;1;21.535;16,11;;13,98;;1,23;1,88;7,68;39,98
15063017;Casalnuovo di Napoli;Napoli;1;46.892;22,56;;15,63;;4,25;1,41;7,05;46,54
15063018;Casamarciano;Napoli;1;3.017;6,97;;10,83;;2,66;3,13;1,38;26,08
15063019;Casamicciola Terme;Napoli;1;7.588;36,42;;44,06;;5,12;10,29;6,08;78,56
15063020;Casandrino;Napoli;1;13.035;11,25;;28,02;;4,11;4,74;26,28;71,31
15063021;Casavatore;Napoli;1;18.174;11,90;;26,49;;6,50;0,73;2,04;43,35
15063022;Casola di Napoli;Napoli;1;3.636;25,48;;27,51;;;1,95;0,58;45,73
15063023;Casoria;Napoli;1;73.807;23,10;;31,79;;1,24;6,03;3,06;51,92
15063024;Castellammare di Stabia;Napoli;1;62.367;17,27;;30,43;;8,13;2,08;0,95;41,49
15063025;Castello di Cisterna;Napoli;1;7.793;10,37;;19,68;;2,60;2,64;7,06;46,34
15063027;Cicciano;Napoli;1;12.338;16,41;;11,68;;5,42;2,24;1,37;33,64
15063028;Cimitile;Napoli;1;6.880;17,74;;9,20;;1,34;5,21;2,72;41,43
15063029;Comiziano;Napoli;1;1.705;7,70;;15,07;;1,52;3,39;0,54;39,04
15063030;Crispano;Napoli;1;11.699;16,37;;13,55;;8,17;2,20;6,38;44,59
15063064;Ercolano;Napoli;1;49.726;8,15;;39,75;;7,79;4,00;21,94;72,68
15063031;Forio;Napoli;1;17.467;37,86;;28,32;;0,49;9,26;0,74;75,57
15063032;Frattamaggiore;Napoli;1;28.592;7,76;;24,90;;9,07;0,50;0,73;44,36
15063033;Frattaminore;Napoli;1;15.381;11,39;;26,08;;3,13;4,29;2,58;44,04
15063035;Gragnano;Napoli;1;27.806;19,89;;16,43;;1,87;3,45;3,47;40,91
15063037;Ischia;Napoli;1;19.594;17,66;;32,35;;3,63;4,87;1,14;48,49
15063038;Lacco Ameno;Napoli;1;4.520;14,30;;43,31;;;10,66;2,07;54,45
15063039;Lettere;Napoli;1;6.063;13,33;;18,49;;4,31;2,36;0,77;49,81
15063040;Liveri;Napoli;1;1.470;33,48;;32,86;;1,65;2,50;6,40;43,70
15063041;Marano di Napoli;Napoli;1;57.726;20,14;;22,04;;5,33;0,71;0,33;46,32
15063042;Mariglianella;Napoli;1;7.940;11,50;;24,23;;5,06;2,18;0,93;45,99
15063043;Marigliano;Napoli;1;29.243;13,86;;30,36;;3,45;1,00;;41,94
15063092;Massa di Somma;Napoli;1;4.976;34,81;;20,62;;10,04;10,14;2,58;62,65
15063044;Massa Lubrense;Napoli;1;14.186;19,21;;30,98;;6,32;0,21;1,39;40,80
15063045;Melito di Napoli;Napoli;1;36.306;5,22;;58,20;;5,73;0,69;0,30;39,47
15063046;Meta;Napoli;1;7.791;15,06;;48,49;;5,31;4,33;1,08;60,33
15063047;Monte di Procida;Napoli;1;11.832;50,93;;9,00;;4,07;0,23;2,58;38,63
15063048;Mugnano di Napoli;Napoli;1;35.122;6,42;;31,31;;3,91;3,83;2,40;43,03
15063049;Napoli;Napoli;1;911.697;10,90;;27,45;;7,53;3,94;2,48;45,83
15063050;Nola;Napoli;1;33.784;25,04;;19,95;;2,30;2,87;3,43;45,22
15063051;Ottaviano;Napoli;1;23.288;36,36;;17,67;;3,43;3,10;4,55;41,27
15063052;Palma Campania;Napoli;1;16.232;9,38;;15,44;;3,12;1,55;7,98;38,60
15063053;Piano di Sorrento;Napoli;1;12.302;6,31;;14,46;;5,52;15,10;1,26;47,22
15063054;Pimonte;Napoli;1;5.862;16,34;;13,77;;3,09;1,66;1,04;35,35
15063055;Poggiomarino;Napoli;1;22.405;17,56;;15,40;;4,01;0,72;3,84;37,11
15063056;Pollena Trocchia;Napoli;1;12.738;6,99;;21,35;;1,19;5,21;4,34;39,85
15063057;Pomigliano d'Arco;Napoli;1;39.788;19,38;;23,37;;5,54;7,18;3,52;52,02
15063059;Portici;Napoli;1;51.881;30,38;;35,04;;8,25;2,60;2,23;61,26
15063060;Pozzuoli;Napoli;1;76.211;11,30;;14,44;;4,11;11,82;5,97;45,17
15063061;Procida;Napoli;1;10.044;11,98;;39,83;;8,14;5,70;11,02;67,54
15063062;Qualiano;Napoli;1;24.576;9,25;;28,09;;3,20;2,83;0,69;39,33
15063063;Quarto;Napoli;1;41.324;7,12;;22,60;;2,88;1,89;3,18;38,78
15063065;Roccarainola;Napoli;1;6.565;55,42;;;;7,75;1,04;0,77;41,20
15063066;San Gennaro Vesuviano;Napoli;1;12.097;13,65;;22,33;;5,79;3,01;1,48;42,79
15063067;San Giorgio a Cremano;Napoli;1;42.147;18,18;;34,00;;9,25;2,39;1,20;55,79
15063068;San Giuseppe Vesuviano;Napoli;1;30.430;20,81;;14,05;;11,84;7,28;1,46;48,54
15063069;San Paolo Bel Sito;Napoli;1;3.370;6,37;;13,81;;2,30;2,38;3,48;37,07
15063070;San Sebastiano al Vesuvio;Napoli;1;8.626;25,73;;23,51;;5,27;3,92;11,29;59,96
15063075;San Vitaliano;Napoli;1;6.611;11,86;;16,06;;1,19;3,86;3,12;32,97
15063090;Santa Maria la Carita;Napoli;1;11.734;19,39;;9,52;;1,68;0,40;2,51;29,92
15063071;Sant'Agnello;Napoli;1;8.606;19,62;;19,53;;4,89;2,32;8,06;45,42
15063072;Sant'Anastasia;Napoli;1;26.187;9,87;;17,31;;2,32;2,55;1,97;32,39
15063077;Scisciano;Napoli;1;6.225;30,30;;29,97;;1,94;9,68;3,64;56,69
15063079;Somma Vesuviana;Napoli;1;33.622;23,87;;25,64;;6,19;2,63;1,61;56,33
15063080;Sorrento;Napoli;1;15.297;7,27;;15,48;;8,55;6,09;2,62;40,25
15063082;Terzigno;Napoli;1;17.271;15,14;;12,10;;6,18;6,36;16,67;56,62
15063083;Torre Annunziata;Napoli;1;40.051;20,50;;23,79;;5,78;6,52;11,22;60,29
15063084;Torre del Greco;Napoli;1;80.093;10,24;;42,67;;1,98;4,08;5,25;44,93
15063091;Trecase;Napoli;1;8.502;3,71;;16,78;;4,30;2,92;2,91;37,36
15063085;Tufino;Napoli;1;3.372;23,73;;22,77;;8,73;5,90;4,22;47,94
15063086;Vico Equense;Napoli;1;20.240;14,50;;20,90;;8,36;4,07;2,40;46,72
15063088;Visciano;Napoli;1;4.136;36,50;;22,47;;4,66;0,84;0,96;45,71
15063089;Volla;Napoli;1;25.664;15,38;;17,55;;3,92;7,04;7,30;49,92
01003001;Agrate Conturbia;Novara;1;1.552;9,93;;8,71;;1,18;5,59;0,67;21,84
01003002;Ameno;Novara;1;847;8,84;;14,90;;1,91;11,10;1,50;34,00
01003006;Armeno;Novara;1;2.088;10,97;;9,92;;0,25;14,34;1,67;31,54
01003008;Arona;Novara;1;13.757;9,71;;13,45;;2,92;6,79;2,88;30,85
01003012;Barengo;Novara;1;717;11,58;;18,62;;0,45;6,71;10,48;43,31
01003016;Bellinzago Novarese;Novara;1;9.433;7,98;;13,51;;1,57;2,45;5,81;28,47
01003018;Biandrate;Novara;1;1.340;5,69;;17,32;;4,66;4,20;5,96;36,00
01003019;Boca;Novara;1;1.150;12,55;;11,95;;2,23;9,17;1,23;30,61
01003021;Bogogno;Novara;1;1.307;9,39;;10,77;;1,50;10,80;0,83;28,54
01003022;Bolzano Novarese;Novara;1;1.142;10,61;;5,64;;0,44;8,10;2,00;22,10
01003025;Borgo Ticino;Novara;1;5.186;8,23;;9,93;;2,23;4,19;1,97;22,88
01003023;Borgolavezzaro;Novara;1;2.000;10,73;;12,22;;1,09;1,93;2,39;23,40
01003024;Borgomanero;Novara;1;21.270;12,71;;11,84;;2,93;4,31;3,24;28,31
01003026;Briga Novarese;Novara;1;2.783;6,80;;8,67;;0,11;7,28;2,70;22,88
01003027;Briona;Novara;1;1.134;12,14;;12,95;;0,28;6,18;5,56;31,18
01003030;Caltignaga;Novara;1;2.477;7,36;;16,68;;0,40;2,88;4,62;29,12
01003032;Cameri;Novara;1;10.718;7,00;;16,83;;1,95;3,59;2,93;28,50
01003036;Carpignano Sesia;Novara;1;2.467;15,02;;13,54;;4,22;6,41;2,69;33,66
01003037;Casalbeltrame;Novara;1;1.013;8,37;;15,60;;0,60;5,49;3,63;30,69
01003039;Casaleggio Novara;Novara;1;896;7,48;;12,26;;0,46;2,23;2,06;22,92
01003040;Casalino;Novara;1;1.512;7,39;;12,39;;0,99;2,18;2,00;22,86
01003041;Casalvolone;Novara;1;870;6,55;;15,50;;5,03;5,03;2,02;32,34
01003042;Castellazzo Novarese;Novara;1;329;12,26;;7,91;;0,15;3,39;0,94;18,30
01003043;Castelletto sopra Ticino;Novara;1;9.885;7,49;;6,46;;1,34;2,87;4,35;19,34
01003045;Cavaglio d'Agogna;Novara;1;1.136;17,65;;8,79;;2,91;10,49;1,04;31,07
01003047;Cavallirio;Novara;1;1.276;9,47;;7,73;;1,60;5,90;0,89;22,60
01003049;Cerano;Novara;1;6.757;9,68;;15,52;;3,71;3,13;2,77;31,91
01003052;Comignago;Novara;1;1.262;13,83;;15,27;;2,66;8,48;1,51;33,59
01003058;Cureggio;Novara;1;2.580;18,34;;9,15;;3,14;4,63;1,09;24,74
01003060;Divignano;Novara;1;1.438;15,06;;8,53;;1,83;9,75;1,02;27,41
01003062;Dormelletto;Novara;1;2.492;5,04;;6,79;;1,33;2,80;1,95;17,27
01003065;Fara Novarese;Novara;1;2.013;11,58;;8,46;;1,62;6,62;1,14;23,85
01003066;Fontaneto d'Agogna;Novara;1;2.607;18,84;;10,38;;1,35;8,48;1,13;28,06
01003068;Galliate;Novara;1;15.715;10,68;;12,71;;2,64;3,52;3,62;28,34
01003069;Garbagna Novarese;Novara;1;1.415;6,96;;16,64;;1,73;2,99;3,52;29,58
01003070;Gargallo;Novara;1;1.762;30,83;;14,48;;0,42;6,73;0,86;29,94
01003166;Gattico-Veruno;Novara;1;5.256;5,68;;10,49;;2,63;6,75;1,23;26,15
01003073;Ghemme;Novara;1;3.413;11,15;;11,14;;2,98;5,70;1,58;28,22
01003076;Gozzano;Novara;1;5.541;7,64;;9,32;;;9,93;1,61;26,03
01003077;Granozzo con Monticello;Novara;1;1.313;5,91;;16,15;;0,15;1,96;1,62;24,38
01003079;Grignasco;Novara;1;4.315;11,98;;9,12;;1,91;5,60;1,06;23,64
01003082;Invorio;Novara;1;4.275;8,64;;9,48;;1,07;8,89;2,75;27,67
01003083;Landiona;Novara;1;523;3,62;;12,55;;0,95;5,19;1,32;22,09
01003084;Lesa;Novara;1;2.149;11,82;;12,92;;3,99;13,90;6,63;42,59
01003088;Maggiora;Novara;1;1.633;19,19;;10,47;;2,15;4,09;0,41;23,70
01003090;Mandello Vitta;Novara;1;217;11,46;;19,63;;1,20;12,70;7,33;46,25
01003091;Marano Ticino;Novara;1;1.580;8,05;;13,26;;1,26;2,71;2,54;24,77
01003095;Meina;Novara;1;2.351;12,66;;18,03;;2,00;6,75;2,53;34,07
01003097;Mezzomerico;Novara;1;1.216;15,87;;12,61;;1,93;2,47;4,50;27,24
01003098;Miasino;Novara;1;812;22,28;;14,41;;2,69;14,32;1,69;39,75
01003100;Momo;Novara;1;2.391;13,15;;15,26;;0,32;2,75;4,06;28,27
01003103;Nebbiuno;Novara;1;1.838;11,55;;;;1,63;11,77;1,70;32,46
01003104;Nibbiola;Novara;1;828;8,67;;17,23;;5,11;5,30;2,90;35,93
01003106;Novara;Novara;1;102.518;13,86;;12,49;;4,17;10,73;4,73;38,48
01003108;Oleggio;Novara;1;14.249;9,33;;13,38;;1,77;3,29;4,42;28,96
01003109;Oleggio Castello;Novara;1;2.208;12,34;;14,56;;2,50;9,70;1,38;32,31
01003112;Orta San Giulio;Novara;1;1.111;10,80;;17,77;;6,51;15,06;2,15;45,67
01003114;Paruzzaro;Novara;1;2.145;14,33;;14,50;;2,44;7,53;3,15;32,71
01003116;Pettenasco;Novara;1;1.304;10,22;;11,72;;1,20;13,22;1,64;31,69
01003119;Pisano;Novara;1;795;7,48;;12,22;;6,23;15,53;1,27;39,09
01003120;Pogno;Novara;1;1.352;6,62;;8,35;;;10,43;4,04;27,72
01003121;Pombia;Novara;1;2.122;16,15;;9,60;;2,24;6,15;2,05;26,38
01003122;Prato Sesia;Novara;1;1.832;11,58;;7,86;;1,66;9,22;1,18;25,58
01003129;Recetto;Novara;1;1.001;10,52;;18,79;;2,53;3,89;6,45;38,29
01003130;Romagnano Sesia;Novara;1;3.706;10,94;;9,50;;2,71;6,20;0,97;25,49
01003131;Romentino;Novara;1;5.604;7,45;;13,61;;1,88;2,81;2,61;26,02
01003133;San Maurizio d'Opaglio;Novara;1;2.996;10,17;;11,65;;0,55;10,05;1,17;28,59
01003134;San Nazzaro Sesia;Novara;1;700;8,67;;17,55;;1,14;4,45;2,02;31,72
01003135;San Pietro Mosezzo;Novara;1;1.991;7,22;;15,55;;0,27;3,74;3,59;26,69
01003138;Sillavengo;Novara;1;546;7,75;;16,86;;1,69;2,89;2,62;27,85
01003139;Sizzano;Novara;1;1.367;16,31;;10,42;;1,86;8,33;1,07;28,67
01003140;Soriso;Novara;1;721;8,15;;6,81;;;8,99;1,90;24,11
01003141;Sozzago;Novara;1;1.111;5,42;;10,07;;1,10;2,41;2,41;21,09
01003143;Suno;Novara;1;2.678;9,69;;8,15;;2,06;4,13;1,17;21,67
01003144;Terdobbiate;Novara;1;448;10,18;;13,98;;2,36;4,36;1,42;28,13
01003146;Tornaco;Novara;1;852;11,30;;18,10;;1,48;3,13;2,68;29,44
01003149;Trecate;Novara;1;20.894;6,76;;13,30;;2,86;3,24;3,51;28,09
01003153;Vaprio d'Agogna;Novara;1;960;5,95;;13,21;;1,73;2,80;1,87;24,15
01003154;Varallo Pombia;Novara;1;4.980;12,68;;6,34;;2,41;6,66;1,10;21,89
01003158;Vespolate;Novara;1;2.039;13,57;;11,91;;0,72;2,24;5,21;25,89
01003159;Vicolungo;Novara;1;855;8,72;;26,18;;3,38;2,60;4,20;37,03
01003164;Vinzaglio;Novara;1;526;5,85;;10,76;;1,04;8,08;1,39;30,49
20091001;Aritzo;Nuoro [fino 2024];1;1.221;11,59;;23,37;;;4,86;6,23;37,09
20091003;Atzara;Nuoro [fino 2024];1;976;12,87;;25,95;;;5,27;4,60;38,73
20091004;Austis;Nuoro [fino 2024];1;749;12,56;;25,32;;;7,76;6,65;42,59
20091005;Bari Sardo;Nuoro [fino 2024];1;3.798;29,26;;33,35;;4,43;4,15;1,46;49,36
20091006;Baunei;Nuoro [fino 2024];1;3.401;10,28;;16,15;;;1,94;11,45;44,18
20091007;Belvi;Nuoro [fino 2024];1;550;19,24;;38,79;;;5,16;7,93;56,25
20091008;Birori;Nuoro [fino 2024];1;490;39,99;;39,79;;;2,93;;51,40
20091009;Bitti;Nuoro [fino 2024];1;2.543;42,02;;41,59;;;3,23;1,85;54,73
20091010;Bolotana;Nuoro [fino 2024];1;2.319;41,85;;32,59;;3,91;3,10;2,98;53,06
20091011;Borore;Nuoro [fino 2024];1;1.930;50,61;;32,37;;4,09;3,72;6,74;58,79
20091103;Cardedu;Nuoro [fino 2024];1;1.964;50,33;;25,62;;9,27;2,73;2,31;52,82
20091016;Desulo;Nuoro [fino 2024];1;2.037;12,30;;24,80;;;5,15;3,99;36,74
20091017;Dorgali;Nuoro [fino 2024];1;8.324;23,71;;23,35;;5,23;6,31;1,45;42,75
20091024;Fonni;Nuoro [fino 2024];1;3.614;14,22;;18,61;;4,91;8,97;2,58;43,27
20091025;Gadoni;Nuoro [fino 2024];1;655;14,28;;28,79;;;7,10;7,22;46,36
20091026;Gairo;Nuoro [fino 2024];1;1.264;49,49;;46,63;;;1,02;0,45;56,75
20091027;Galtelli;Nuoro [fino 2024];1;2.373;73,16;;17,55;;;3,19;3,46;36,09
20091032;Ilbono;Nuoro [fino 2024];1;1.967;39,10;;40,21;;;0,35;;45,43
20091033;Irgoli;Nuoro [fino 2024];1;2.199;75,68;;20,07;;;4,64;3,91;41,79
20091035;Jerzu;Nuoro [fino 2024];1;2.948;19,19;;26,90;;0,63;4,88;1,71;35,09
20091037;Lanusei;Nuoro [fino 2024];1;5.033;10,10;;15,71;;2,15;23,75;3,79;52,73
20091038;Lei;Nuoro [fino 2024];1;447;33,11;;42,41;;;11,52;6,82;66,08
20091040;Loculi;Nuoro [fino 2024];1;489;74,00;;20,49;;;11,28;5,41;50,20
20091043;Lula;Nuoro [fino 2024];1;1.246;35,60;;35,25;;;2,74;1,57;46,37
20091044;Macomer;Nuoro [fino 2024];1;9.193;7,48;;27,65;;5,61;7,53;1,99;44,28
20091047;Meana Sardo;Nuoro [fino 2024];1;1.583;10,85;;21,88;;;5,31;5,61;35,27
20091051;Nuoro;Nuoro [fino 2024];1;33.611;29,42;;18,00;;9,10;3,73;4,71;47,12
20091055;Oliena;Nuoro [fino 2024];1;6.522;19,42;;22,97;;3,84;11,37;0,99;45,44
20091058;Onani;Nuoro [fino 2024];1;354;49,00;;48,50;;;3,77;2,16;63,81
20091059;Onifai;Nuoro [fino 2024];1;722;76,19;;20,21;;;8,70;6,46;48,63
20091061;Orani;Nuoro [fino 2024];1;2.660;35,32;;26,06;;;1,65;;37,29
20091062;Orgosolo;Nuoro [fino 2024];1;3.901;30,24;;21,74;;4,10;7,77;2,82;48,25
20091063;Orosei;Nuoro [fino 2024];1;6.817;21,86;;13,26;;5,73;2,07;4,44;38,79
20091066;Ortueri;Nuoro [fino 2024];1;1.001;14,26;;28,75;;;5,27;7,43;46,17
20091067;Orune;Nuoro [fino 2024];1;2.105;52,72;;39,62;;4,59;13,91;9,14;77,17
20091068;Osidda;Nuoro [fino 2024];1;225;29,62;;25,25;;0,80;7,55;3,65;41,05
20091069;Osini;Nuoro [fino 2024];1;708;51,98;;25,19;;;18,30;0,58;56,45
20091070;Ottana;Nuoro [fino 2024];1;2.171;57,59;;37,65;;4,73;2,17;3,67;60,89
20091071;Ovodda;Nuoro [fino 2024];1;1.484;17,60;;21,44;;5,25;5,42;9,43;48,43
20091073;Posada;Nuoro [fino 2024];1;3.027;22,83;;19,82;;10,26;9,59;7,68;53,19
20091084;Sindia;Nuoro [fino 2024];1;1.586;4,80;;35,60;;1,70;8,02;2,24;43,05
20091085;Siniscola;Nuoro [fino 2024];1;11.135;21,90;;37,05;;9,59;5,14;2,30;55,04
20091086;Sorgono;Nuoro [fino 2024];1;1.463;12,21;;24,63;;5,03;3,68;10,19;46,31
20091089;Tertenia;Nuoro [fino 2024];1;3.857;7,41;;18,87;;1,31;3,09;3,68;31,78
20091090;Teti;Nuoro [fino 2024];1;589;16,86;;33,99;;8,83;5,17;7,20;59,03
20091093;Tonara;Nuoro [fino 2024];1;1.792;12,90;;26,01;;;4,67;4,86;38,47
20091095;Tortoli;Nuoro [fino 2024];1;10.976;24,44;;18,81;;6,24;3,67;5,42;40,56
20091097;Triei;Nuoro [fino 2024];1;1.058;15,94;;23,50;;1,39;8,67;;41,85
20095001;Abbasanta;Oristano [fino 2024];1;2.562;10,43;;17,17;;;6,48;6,47;42,79
20095002;Aidomaggiore;Oristano [fino 2024];1;386;7,68;;12,64;;;5,88;5,70;34,16
20095003;Albagiara;Oristano [fino 2024];1;229;42,60;;32,44;;;9,70;7,42;60,26
20095004;Ales;Oristano [fino 2024];1;1.250;42,32;;32,23;;;7,65;7,65;58,17
20095005;Allai;Oristano [fino 2024];1;349;24,67;;18,44;;3,70;4,81;2,67;39,72
20095006;Arborea;Oristano [fino 2024];1;3.723;65,15;;10,95;;7,89;1,85;;43,27
20095007;Ardauli;Oristano [fino 2024];1;760;20,05;;27,84;;2,50;6,47;2,79;50,90
20095008;Assolo;Oristano [fino 2024];1;328;42,07;;32,04;;;11,70;8,13;61,88
20095009;Asuni;Oristano [fino 2024];1;299;41,33;;31,48;;;9,95;10,01;61,84
20095010;Baradili;Oristano [fino 2024];1;80;37,43;;28,48;;;9,16;6,60;53,65
20095012;Baressa;Oristano [fino 2024];1;553;41,96;;31,95;;7,06;8,61;8,69;66,86
20095013;Bauladu;Oristano [fino 2024];1;613;14,88;;18,32;;2,31;5,66;0,23;32,08
20095014;Bidoni;Oristano [fino 2024];1;122;20,82;;28,90;;2,59;13,24;2,44;46,68
20095015;Bonarcado;Oristano [fino 2024];1;1.539;13,22;;16,28;;1,16;3,82;0,27;26,45
20095016;Boroneddu;Oristano [fino 2024];1;157;7,08;;11,65;;;6,77;6,39;33,99
20095079;Bosa;Oristano [fino 2024];1;7.400;5,66;;13,74;;14,92;8,03;2,97;50,82
20095017;Busachi;Oristano [fino 2024];1;1.131;20,30;;28,20;;2,53;5,83;2,25;38,34
20095018;Cabras;Oristano [fino 2024];1;8.821;10,94;;16,46;;4,02;3,34;0,95;32,89
20095019;Cuglieri;Oristano [fino 2024];1;2.441;25,95;;38,34;;2,26;3,04;1,68;56,17
20095077;Curcuris;Oristano [fino 2024];1;302;38,34;;29,21;;;14,25;7,77;60,87
20095020;Fordongianus;Oristano [fino 2024];1;815;20,33;;28,23;;2,69;6,18;2,24;38,87
20095021;Ghilarza;Oristano [fino 2024];1;4.126;22,91;;14,88;;1,37;6,62;10,40;44,80
20095022;Gonnoscodina;Oristano [fino 2024];1;427;41,23;;31,40;;;7,96;8,46;58,18
20095023;Gonnosno;Oristano [fino 2024];1;676;41,11;;31,31;;;10,66;8,50;60,80
20095082;Laconi;Oristano [fino 2024];1;1.646;27,01;;43,77;;;4,55;1,67;54,28
20095025;Marrubiu;Oristano [fino 2024];1;4.550;13,07;;13,33;;;8,43;1,14;36,63
20095027;Milis;Oristano [fino 2024];1;1.394;13,24;;16,31;;1,16;2,71;0,35;25,47
20095028;Mogorella;Oristano [fino 2024];1;403;41,72;;31,78;;;4,28;3,49;41,49
20095030;Morgongiori;Oristano [fino 2024];1;645;41,09;;31,30;;;8,13;7,54;58,06
20095031;Narbolia;Oristano [fino 2024];1;1.639;17,11;;35,45;;;4,84;1,81;48,77
20095032;Neoneli;Oristano [fino 2024];1;607;19,85;;27,57;;2,47;4,29;1,42;35,30
20095033;Norbello;Oristano [fino 2024];1;1.129;10,05;;16,54;;;8,14;5,29;42,73
20095034;Nughedu Santa Vittoria;Oristano [fino 2024];1;424;20,43;;28,38;;2,55;7,92;2,15;40,51
20095035;Nurachi;Oristano [fino 2024];1;1.660;15,27;;18,81;;1,34;1,72;1,85;29,42
20095036;Nureci;Oristano [fino 2024];1;309;38,48;;29,30;;2,69;8,67;9,77;61,94
20095037;Ollastra;Oristano [fino 2024];1;1.106;21,88;;16,79;;0,67;8,20;3,60;38,31
20095038;Oristano;Oristano [fino 2024];1;30.273;8,38;;17,80;;6,37;4,55;2,30;36,61
20095039;Palmas Arborea;Oristano [fino 2024];1;1.501;7,54;;15,84;;0,76;6,26;1,47;30,35
20095040;Pau;Oristano [fino 2024];1;270;33,72;;32,45;;;8,96;3,30;52,69
20095041;Paulilatino;Oristano [fino 2024];1;2.102;8,87;;12,85;;;3,93;6,35;38,75
20095043;Riola Sardo;Oristano [fino 2024];1;2.016;6,99;;21,79;;0,90;4,21;0,28;32,03
20095044;Ruinas;Oristano [fino 2024];1;586;42,91;;32,68;;15,87;9,06;8,03;76,44
20095045;Samugheo;Oristano [fino 2024];1;2.709;20,20;;28,06;;2,52;5,47;2,32;37,89
20095046;San Nicolo d'Arcidano;Oristano [fino 2024];1;2.456;11,44;;13,85;;;8,62;;34,24
20095050;San Vero Milis;Oristano [fino 2024];1;2.412;18,38;;24,35;;7,22;3,76;2,04;43,00
20095047;Santa Giusta;Oristano [fino 2024];1;4.602;7,77;;16,32;;0,78;6,10;0,09;29,49
20095049;Santu Lussurgiu;Oristano [fino 2024];1;2.198;17,15;;21,12;;7,07;2,20;0,31;37,11
20095051;Scano di Montiferro;Oristano [fino 2024];1;1.388;35,68;;24,79;;1,78;3,73;2,70;40,54
20095053;Seneghe;Oristano [fino 2024];1;1.623;15,19;;18,70;;1,33;2,00;0,27;27,98
20095054;Senis;Oristano [fino 2024];1;386;43,80;;33,36;;;8,64;4,45;57,46
20095055;Sennariolo;Oristano [fino 2024];1;153;26,76;;32,95;;2,34;11,08;0,48;56,84
20095056;Siamaggiore;Oristano [fino 2024];1;865;7,96;;16,71;;0,80;6,05;3,09;32,99
20095057;Siamanna;Oristano [fino 2024];1;753;21,61;;16,58;;;4,88;2,63;33,05
20095076;Siapiccia;Oristano [fino 2024];1;349;23,91;;18,35;;;7,60;6,12;41,97
20095059;Simaxis;Oristano [fino 2024];1;2.107;21,28;;16,33;;;7,70;1,39;34,23
20095060;Sini;Oristano [fino 2024];1;501;34,18;;29,07;;;17,06;7,58;62,64
20095078;Soddi;Oristano [fino 2024];1;121;7,66;;12,59;;;8,34;1,65;31,88
20095062;Solarussa;Oristano [fino 2024];1;2.250;7,87;;16,52;;0,79;6,44;0,87;30,90
20095063;Sorradile;Oristano [fino 2024];1;336;19,73;;27,40;;2,46;7,34;2,30;39,04
20095064;Tadasuni;Oristano [fino 2024];1;126;11,49;;18,90;;;12,45;2,40;48,63
20095065;Terralba;Oristano [fino 2024];1;9.649;7,97;;8,80;;0,74;8,40;;31,70
20095066;Tramatza;Oristano [fino 2024];1;918;15,01;;19,58;;1,31;1,91;0,40;28,58
20095068;Ula  Tirso;Oristano [fino 2024];1;448;21,11;;29,32;;2,63;8,19;1,72;41,37
20095069;Uras;Oristano [fino 2024];1;2.670;11,07;;13,50;;;8,07;;28,98
20095070;Usellus;Oristano [fino 2024];1;692;37,35;;28,45;;10,28;7,88;8,69;64,68
20095048;Villa Sant'Antonio;Oristano [fino 2024];1;328;40,41;;30,77;;;14,30;7,90;63,14
20095073;Villa Verde;Oristano [fino 2024];1;268;42,92;;32,69;;;15,89;9,95;69,32
20095071;Villanova Truschedu;Oristano [fino 2024];1;297;20,26;;15,55;;;7,74;2,36;34,04
20095072;Villaurbana;Oristano [fino 2024];1;1.446;7,80;;16,37;;0,78;6,42;2,47;32,27
20095074;Zeddiani;Oristano [fino 2024];1;1.124;13,49;;17,79;;1,18;4,79;0,24;28,80
20095075;Zerfaliu;Oristano [fino 2024];1;984;21,24;;16,30;;;6,78;3,53;35,40
05028001;Abano Terme;Padova;1;20.350;5,90;;10,21;;3,30;3,19;3,13;26,79
05028002;Agna;Padova;1;3.136;10,67;;11,49;;0,32;3,31;2,74;27,74
05028003;Albignasego;Padova;1;27.144;7,50;;10,51;;1,72;2,93;2,67;24,98
05028004;Anguillara Veneta;Padova;1;4.161;11,03;;10,19;;;3,16;2,64;26,27
05028005;Arqua  Petrarca;Padova;1;1.794;16,84;;15,75;;0,08;2,90;3,08;28,53
05028006;Arre;Padova;1;2.063;11,18;;10,47;;0,21;2,88;2,68;27,19
05028007;Arzergrande;Padova;1;4.815;10,95;;9,01;;0,06;2,53;2,24;24,29
05028008;Bagnoli di Sopra;Padova;1;3.369;15,86;;11,72;;0,52;2,83;2,41;28,56
05028009;Baone;Padova;1;3.077;16,18;;11,02;;0,02;2,83;1,79;24,29
05028010;Barbona;Padova;1;576;22,13;;15,97;;0,06;3,39;0,50;28,13
05028011;Battaglia Terme;Padova;1;3.786;13,81;;11,68;;2,89;3,25;2,28;27,97
05028012;Boara Pisani;Padova;1;2.354;19,41;;19,36;;;2,87;2,60;31,97
05028107;Borgo Veneto;Padova;1;7.050;13,20;;8,73;;0,11;2,26;2,27;21,28
05028014;Bovolenta;Padova;1;3.431;10,89;;11,80;;0,13;3,15;2,63;27,87
05028015;Brugine;Padova;1;7.105;12,44;;9,57;;0,74;3,05;2,44;25,15
05028021;Candiana;Padova;1;2.204;18,38;;12,14;;;3,50;3,10;29,95
05028022;Carceri;Padova;1;1.473;17,69;;12,67;;0,45;5,66;3,59;30,80
05028026;Cartura;Padova;1;4.579;14,10;;13,40;;0,29;4,75;3,04;32,93
05028027;Casale di Scodosia;Padova;1;4.641;10,57;;11,40;;0,36;3,51;2,76;26,23
05028028;Casalserugo;Padova;1;5.360;6,96;;10,02;;2,05;3,26;1,94;25,02
05028029;Castelbaldo;Padova;1;1.446;11,89;;10,15;;0,49;3,50;2,83;23,94
05028030;Cervarese Santa Croce;Padova;1;5.578;12,15;;11,11;;1,15;6,70;3,09;28,26
05028031;Cinto Euganeo;Padova;1;1.905;18,05;;17,97;;;3,34;3,31;31,36
05028033;Codevigo;Padova;1;6.250;13,35;;19,31;;0,11;3,27;4,18;36,29
05028034;Conselve;Padova;1;10.020;9,56;;10,69;;1,13;2,89;1,58;26,95
05028035;Correzzola;Padova;1;5.131;15,64;;15,24;;0,01;3,24;3,01;31,04
05028106;Due Carrare;Padova;1;9.007;10,01;;10,63;;0,48;3,24;2,79;28,35
05028037;Este;Padova;1;15.937;11,99;;8,59;;1,47;1,57;1,64;21,07
05028040;Galzignano Terme;Padova;1;4.283;12,27;;14,92;;1,30;6,78;4,15;32,43
05028043;Granze;Padova;1;1.888;9,25;;10,15;;;2,50;2,71;21,57
05028044;Legnaro;Padova;1;9.539;10,28;;10,20;;0,39;3,07;2,51;25,42
05028047;Lozzo Atestino;Padova;1;3.069;12,06;;12,91;;0,30;3,63;2,65;26,29
05028048;Masera  di Padova;Padova;1;9.247;9,41;;8,89;;0,82;2,84;1,39;24,22
05028049;Masi;Padova;1;1.783;15,68;;12,75;;0,22;3,32;2,74;26,59
05028052;Megliadino San Vitale;Padova;1;1.790;12,75;;12,03;;;2,75;1,75;24,32
05028053;Merlara;Padova;1;2.556;19,08;;13,68;;0,28;3,71;3,43;30,81
05028055;Monselice;Padova;1;17.185;12,46;;8,77;;1,73;2,82;1,68;23,42
05028056;Montagnana;Padova;1;9.010;6,66;;16,16;;1,74;3,50;3,04;28,87
05028058;Noventa Padovana;Padova;1;11.400;10,76;;12,62;;1,83;4,25;2,21;29,51
05028059;Ospedaletto Euganeo;Padova;1;5.570;11,79;;9,31;;1,41;2,07;1,11;21,58
05028060;Padova;Padova;1;207.301;9,49;;13,36;;4,77;5,48;4,44;37,13
05028061;Pernumia;Padova;1;3.754;12,58;;10,53;;0,66;2,77;2,49;24,63
05028062;Piacenza d'Adige;Padova;1;1.233;20,67;;23,78;;0,02;4,27;5,06;41,50
05028065;Piove di Sacco;Padova;1;20.166;12,34;;10,35;;1,52;3,94;1,11;24,86
05028066;Polverara;Padova;1;3.388;13,85;;9,19;;0,24;3,42;1,55;22,19
05028067;Ponso;Padova;1;2.418;14,45;;12,09;;0,60;2,83;2,72;25,77
05028069;Ponte San Nicolo;Padova;1;13.203;9,30;;11,69;;1,49;4,13;4,40;30,29
05028068;Pontelongo;Padova;1;3.655;11,47;;8,98;;0,30;2,45;1,14;21,55
05028070;Pozzonovo;Padova;1;3.403;12,04;;8,62;;0,04;3,33;2,21;23,20
05028071;Rovolon;Padova;1;4.882;13,99;;16,15;;0,25;7,96;6,11;36,92
05028073;Saccolongo;Padova;1;4.944;5,95;;9,71;;0,37;2,77;0,21;23,44
05028079;San Pietro Viminario;Padova;1;3.003;13,34;;12,29;;0,42;2,72;2,50;28,26
05028082;Sant'Angelo di Piove di Sacco;Padova;1;7.287;13,52;;11,08;;0,15;3,05;2,36;26,88
05028083;Sant'Elena;Padova;1;2.516;13,76;;17,91;;0,20;2,50;2,59;29,15
05028084;Sant'Urbano;Padova;1;1.899;14,25;;8,77;;0,07;1,73;1,13;13,49
05028086;Selvazzano Dentro;Padova;1;22.908;9,48;;8,22;;1,19;6,92;2,28;26,17
05028087;Solesino;Padova;1;6.721;12,64;;18,97;;0,20;2,59;2,42;31,15
05028088;Stanghella;Padova;1;4.124;13,64;;12,32;;0,08;3,66;2,64;26,25
05028089;Teolo;Padova;1;8.922;12,30;;13,64;;0,66;7,09;3,83;31,63
05028090;Terrassa Padovana;Padova;1;2.679;13,79;;11,95;;;4,57;3,05;30,11
05028094;Tribano;Padova;1;4.204;9,34;;11,14;;0,09;3,20;2,82;24,60
05028095;Urbana;Padova;1;2.011;13,44;;12,82;;0,90;3,01;2,92;26,99
05028096;Veggiano;Padova;1;4.799;6,17;;7,23;;0,25;5,04;2,25;19,42
05028097;Vescovana;Padova;1;1.681;15,39;;8,56;;2,03;2,81;1,06;21,43
05028098;Vighizzolo d'Este;Padova;1;870;10,43;;7,69;;0,45;3,03;2,66;20,70
05028102;Villa Estense;Padova;1;2.072;8,36;;8,04;;0,40;2,72;1,76;18,62
05028103;Villafranca Padovana;Padova;1;10.572;6,14;;9,28;;0,11;6,29;2,03;23,14
05028105;Vo';Padova;1;3.250;4,41;;9,18;;0,30;1,74;;16,73
19082001;Alia;Palermo;1;3.242;37,48;;21,82;;2,43;5,90;3,01;52,79
19082002;Alimena;Palermo;1;1.789;32,64;;20,49;;2,91;9,08;7,68;57,33
19082004;Altavilla Milicia;Palermo;1;8.818;5,56;;44,02;;7,59;1,03;3,01;57,09
19082005;Altofonte;Palermo;1;9.817;31,92;;65,22;;7,00;6,60;8,02;95,57
19082007;Balestrate;Palermo;1;6.257;12,06;;17,07;;2,13;5,65;24,27;54,64
19082009;Belmonte Mezzagno;Palermo;1;10.813;29,01;;26,09;;2,79;4,48;0,42;50,80
19082010;Bisacquino;Palermo;1;4.059;13,32;;25,93;;1,08;2,76;2,96;38,20
19082082;Blufi;Palermo;1;862;25,93;;16,85;;2,02;6,28;1,59;40,82
19082012;Bompietro;Palermo;1;1.153;39,28;;21,71;;2,52;8,10;2,23;56,14
19082013;Borgetto;Palermo;1;7.120;11,71;;22,76;;7,42;6,91;3,35;50,04
19082014;Caccamo;Palermo;1;7.612;1,38;;28,49;;2,47;3,47;1,86;44,44
19082015;Caltavuturo;Palermo;1;3.437;26,21;;24,50;;2,39;6,00;2,02;50,38
19082016;Campofelice di Fitalia;Palermo;1;436;114,25;;68,18;;8,42;26,12;6,62;169,87
19082017;Campofelice di Roccella;Palermo;1;7.744;5,25;;26,44;;3,97;3,31;0,93;35,55
19082019;Camporeale;Palermo;1;2.931;13,06;;48,19;;5,23;3,87;1,55;73,01
19082020;Capaci;Palermo;1;11.348;14,08;;33,08;;10,19;5,12;1,51;58,40
19082021;Carini;Palermo;1;40.150;13,84;;24,73;;3,12;4,79;1,71;39,15
19082022;Castelbuono;Palermo;1;8.016;29,62;;40,78;;4,08;10,91;1,88;68,84
19082023;Casteldaccia;Palermo;1;11.652;25,34;;32,04;;1,56;9,80;17,39;83,77
19082024;Castellana Sicula;Palermo;1;2.973;26,65;;18,36;;2,04;2,99;2,38;41,72
19082025;Castronovo di Sicilia;Palermo;1;2.786;26,69;;32,58;;4,99;3,31;2,96;60,64
19082026;Cefala  Diana;Palermo;1;976;13,15;;33,16;;4,71;14,20;51,19;119,45
19082027;Cefalu;Palermo;1;13.861;5,39;;17,71;;7,97;1,37;2,17;36,41
19082030;Ciminna;Palermo;1;3.353;14,49;;28,61;;6,08;3,75;5,42;52,60
19082031;Cinisi;Palermo;1;11.922;17,98;;27,70;;2,00;7,73;3,49;52,28
19082032;Collesano;Palermo;1;3.616;12,57;;30,00;;7,96;8,01;1,58;49,07
19082034;Corleone;Palermo;1;10.276;10,89;;25,19;;5,68;2,72;2,35;47,10
19082035;Ficarazzi;Palermo;1;12.827;10,98;;37,32;;6,73;9,35;12,10;71,05
19082036;Gangi;Palermo;1;6.013;34,29;;19,38;;2,35;4,56;2,72;46,14
19082037;Geraci Siculo;Palermo;1;1.697;25,29;;20,40;;2,17;5,76;2,67;46,93
19082038;Giardinello;Palermo;1;2.241;28,73;;43,25;;2,95;15,31;5,70;80,06
19082041;Gratteri;Palermo;1;850;19,38;;43,07;;28,31;13,68;4,69;90,34
19082042;Isnello;Palermo;1;1.285;24,04;;53,40;;18,05;6,23;1,98;77,47
19082043;Isola delle Femmine;Palermo;1;7.039;16,86;;26,42;;2,87;6,95;0,63;50,66
19082044;Lascari;Palermo;1;3.703;10,58;;12,70;;3,89;4,28;1,55;30,95
19082045;Lercara Friddi;Palermo;1;6.113;51,37;;33,09;;2,63;2,51;1,61;56,65
19082046;Marineo;Palermo;1;6.063;25,46;;19,50;;10,68;12,12;6,67;62,31
19082047;Mezzojuso;Palermo;1;2.578;23,35;;43,17;;4,85;5,98;6,77;74,61
19082049;Monreale;Palermo;1;38.776;25,45;;;;;6,93;8,69;39,49
19082050;Montelepre;Palermo;1;5.713;17,70;;26,66;;2,84;17,13;1,01;57,35
19082053;Palermo;Palermo;1;628.894;6,75;;46,45;;3,86;5,91;3,01;32,69
19082054;Partinico;Palermo;1;30.746;14,72;;;;7,68;3,74;7,47;58,06
19082055;Petralia Soprana;Palermo;1;2.908;36,62;;22,57;;2,64;14,14;5,56;64,51
19082056;Petralia Sottana;Palermo;1;2.415;31,51;;19,22;;7,67;10,56;6,67;62,39
19082057;Piana degli Albanesi;Palermo;1;5.451;109,64;;25,41;;;1,27;0,01;55,81
19082058;Polizzi Generosa;Palermo;1;2.851;24,51;;24,20;;2,32;5,80;1,99;50,98
19082059;Pollina;Palermo;1;2.822;10,98;;26,41;;3,50;3,12;7,76;53,99
19082060;Prizzi;Palermo;1;4.083;10,41;;26,34;;1,49;3,51;2,97;48,26
19082064;San Giuseppe Jato;Palermo;1;8.019;114,29;;24,60;;;0,75;3,94;50,78
19082065;San Mauro Castelverde;Palermo;1;1.316;42,76;;30,20;;3,27;7,96;3,92;71,49
19082081;Scillato;Palermo;1;587;14,90;;11,59;;1,40;3,30;1,21;32,52
19082069;Sclafani Bagni;Palermo;1;369;31,59;;20,04;;2,46;4,17;1,69;46,91
19082071;Terrasini;Palermo;1;12.961;9,92;;23,80;;1,64;6,32;2,85;42,75
19082072;Torretta;Palermo;1;4.367;19,66;;37,79;;7,59;7,04;10,32;78,43
19082073;Trabia;Palermo;1;10.616;6,42;;24,09;;7,10;2,55;3,75;47,57
19082074;Trappeto;Palermo;1;3.091;15,78;;27,90;;3,61;6,79;2,53;54,04
19082076;Valledolmo;Palermo;1;3.115;39,33;;16,32;;2,23;6,38;1,93;46,56
19082079;Villabate;Palermo;1;19.550;29,17;;28,51;;7,49;3,45;4,30;63,77
19082080;Villafrati;Palermo;1;3.104;29,32;;28,98;;5,46;2,10;20,44;72,16
08034001;Albareto;Parma;1;2.079;9,49;;6,48;;0,28;4,98;2,93;26,07
08034003;Bedonia;Parma;1;3.116;12,79;;18,43;;2,92;5,53;3,85;33,47
08034004;Berceto;Parma;1;1.965;17,33;;23,06;;1,38;4,39;3,77;34,57
08034006;Borgo Val di Taro;Parma;1;6.748;31,90;;10,52;;3,94;4,44;1,96;35,41
08034007;Busseto;Parma;1;6.841;17,47;;8,88;;3,07;5,94;4,32;30,81
08034008;Calestano;Parma;1;2.101;7,72;;10,70;;0,27;4,53;4,66;26,28
08034009;Collecchio;Parma;1;14.794;11,66;;5,80;;2,10;5,78;3,48;24,56
08034010;Colorno;Parma;1;9.091;17,51;;8,63;;0,61;6,43;4,17;27,78
08034012;Corniglio;Parma;1;1.748;9,59;;11,68;;2,81;8,06;4,94;33,51
08034013;Felino;Parma;1;9.176;18,71;;11,21;;1,61;2,59;4,76;28,96
08034014;Fidenza;Parma;1;27.282;5,95;;11,06;;3,17;6,78;3,89;28,31
08034015;Fontanellato;Parma;1;7.113;13,60;;10,11;;1,41;7,48;4,66;31,72
08034016;Fontevivo;Parma;1;5.485;14,00;;6,17;;0,08;4,40;3,76;22,04
08034017;Fornovo di Taro;Parma;1;5.969;87,95;;5,87;;0,23;9,32;0,08;39,93
08034018;Langhirano;Parma;1;10.872;6,90;;9,30;;1,44;2,89;5,96;26,06
08034020;Medesano;Parma;1;10.761;18,65;;10,93;;0,53;4,33;5,07;29,18
08034022;Monchio delle Corti;Parma;1;827;8,32;;18,04;;;12,42;8,13;42,24
08034023;Montechiarugolo;Parma;1;11.262;17,08;;5,53;;1,09;4,75;3,38;21,32
08034024;Neviano degli Arduini;Parma;1;3.450;7,04;;5,27;;;3,90;4,10;21,76
08034025;Noceto;Parma;1;13.300;10,17;;9,15;;0,85;1,54;5,84;25,21
08034026;Palanzano;Parma;1;1.015;9,96;;18,32;;0,78;6,07;10,41;39,18
08034027;Parma;Parma;1;198.496;17,76;;11,67;;4,76;5,29;5,63;35,66
08034028;Pellegrino Parmense;Parma;1;967;29,40;;12,42;;;5,26;1,08;38,41
08034050;Polesione Zibello;Parma;1;3.120;18,76;;10,65;;;2,47;4,80;26,20
08034030;Roccabianca;Parma;1;2.912;19,44;;8,56;;;4,63;4,42;25,71
08034031;Sala Baganza;Parma;1;5.954;12,49;;7,51;;2,00;5,79;3,89;27,49
08034032;Salsomaggiore Terme;Parma;1;20.305;13,56;;11,68;;2,71;4,21;6,76;33,17
08034033;San Secondo Parmense;Parma;1;5.873;18,92;;7,72;;0,52;8,18;3,40;27,82
08034049;Sissa Trecasali;Parma;1;7.907;15,92;;9,28;;0,03;2,78;4,27;24,49
08034035;Solignano;Parma;1;1.689;7,97;;15,11;;4,70;15,16;3,55;42,95
08034036;Soragna;Parma;1;4.754;11,11;;10,38;;0,71;3,67;4,59;27,05
08034051;Sorbolo Mezzani;Parma;1;12.989;21,70;;7,73;;1,53;6,74;4,96;29,96
08034038;Terenzo;Parma;1;1.147;9,11;;16,30;;;7,92;1,17;31,31
08034039;Tizzano Val Parma;Parma;1;2.169;8,02;;12,22;;0,19;4,12;4,08;25,81
08034040;Tornolo;Parma;1;890;22,52;;22,71;;;11,53;2,13;45,23
08034041;Torrile;Parma;1;7.733;9,67;;9,93;;1,69;4,88;7,31;29,60
08034042;Traversetolo;Parma;1;9.630;13,64;;6,95;;0,56;4,61;3,43;22,52
08034044;Valmozzola;Parma;1;537;14,74;;34,82;;;10,41;8,98;53,21
08034045;Varano de' Melegari;Parma;1;2.569;17,13;;15,72;;0,70;6,53;0,79;32,42
08034046;Varsi;Parma;1;1.129;30,50;;7,17;;;10,53;0,83;41,19
03018001;Alagna;Pavia;1;801;6,24;;21,81;;0,32;0,09;6,68;30,44
03018002;Albaredo Arnaboldi;Pavia;1;236;4,71;;13,25;;1,18;4,46;0,96;26,07
03018003;Albonese;Pavia;1;539;8,81;;14,54;;;0,57;0,18;27,79
03018004;Albuzzano;Pavia;1;3.628;8,52;;7,89;;0,85;2,81;1,46;21,96
03018005;Arena Po;Pavia;1;1.507;4,81;;13,58;;0,13;1,59;1,04;20,13
03018007;Bagnaria;Pavia;1;626;13,53;;16,27;;2,42;10,30;2,99;39,82
03018009;Bascape;Pavia;1;1.806;6,45;;15,95;;1,02;2,89;0,14;22,93
03018012;Battuda;Pavia;1;667;9,27;;9,08;;;3,70;1,18;20,27
03018013;Belgioioso;Pavia;1;6.407;4,58;;21,61;;2,23;0,85;1,38;19,23
03018014;Bereguardo;Pavia;1;2.878;9,28;;9,71;;2,33;4,94;3,79;27,06
03018015;Borgarello;Pavia;1;2.709;14,33;;17,04;;3,40;3,64;0,39;30,99
03018016;Borgo Priolo;Pavia;1;1.255;11,85;;15,35;;0,71;0,71;0,25;24,60
03018018;Borgo San Siro;Pavia;1;958;6,93;;19,19;;2,59;7,18;4,10;40,38
03018017;Borgoratto Mormorolo;Pavia;1;397;16,19;;13,54;;1,22;1,07;0,91;27,99
03018019;Bornasco;Pavia;1;2.665;9,29;;10,54;;2,85;5,48;0,07;25,87
03018020;Bosnasco;Pavia;1;641;5,66;;33,36;;1,81;2,17;2,36;28,67
03018022;Breme;Pavia;1;706;3,01;;26,50;;5,51;4,92;9,44;41,03
03018023;Bressana Bottarone;Pavia;1;3.454;14,39;;18,74;;0,26;2,45;1,68;31,97
03018024;Broni;Pavia;1;9.784;24,98;;16,59;;3,20;1,33;1,44;36,41
03018025;Calvignano;Pavia;1;108;39,92;;55,92;;;1,49;2,78;82,72
03018026;Campospinoso Albaredo;Pavia;1;1.117;4,09;;18,01;;1,21;3,13;1,16;26,07
03018027;Candia Lomellina;Pavia;1;1.498;7,27;;18,79;;4,91;6,88;1,98;37,11
03018030;Carbonara al Ticino;Pavia;1;1.440;5,46;;7,32;;3,13;3,82;0,61;24,50
03018035;Cassolnovo;Pavia;1;6.766;15,43;;7,04;;0,05;1,92;3,25;31,25
03018037;Casteggio;Pavia;1;6.478;16,74;;6,74;;3,19;4,34;1,10;31,23
03018039;Castello d'Agogna;Pavia;1;1.060;12,17;;17,07;;3,82;4,81;0,35;35,35
03018040;Castelnovetto;Pavia;1;502;7,81;;14,59;;5,16;4,23;2,96;34,84
03018042;Cecima;Pavia;1;247;4,87;;5,04;;2,65;5,90;2,87;25,08
03018044;Ceretto Lomellina;Pavia;1;191;3,68;;5,61;;1,74;4,97;2,50;23,26
03018045;Cergnago;Pavia;1;671;3,38;;15,88;;;1,55;5,48;21,71
03018046;Certosa di Pavia;Pavia;1;5.527;8,97;;7,67;;;5,48;3,53;23,66
03018050;Cilavegna;Pavia;1;5.340;4,88;;9,74;;1,94;3,24;2,19;23,30
03018051;Codevilla;Pavia;1;920;25,18;;12,01;;2,00;2,65;2,64;28,74
03018193;Colli Verdi;Pavia;1;1.021;7,78;;35,12;;1,32;5,93;1,75;34,67
03018053;Copiano;Pavia;1;1.725;5,79;;22,71;;1,01;1,15;1,53;24,84
03018054;Corana;Pavia;1;752;7,20;;5,56;;0,13;0,16;0,61;14,71
03018192;Corteolona e Genzone;Pavia;1;2.547;4,24;;6,46;;0,90;1,78;2,11;18,76
03018057;Corvino San Quirico;Pavia;1;964;8,08;;26,62;;;2,92;4,80;34,03
03018058;Costa de' Nobili;Pavia;1;355;7,71;;5,48;;;1,14;2,85;18,29
03018059;Cozzo;Pavia;1;344;2,72;;14,42;;;0,45;7,67;18,78
03018060;Cura Carpignano;Pavia;1;5.036;8,41;;9,36;;0,14;6,36;4,63;26,63
03018061;Dorno;Pavia;1;4.579;5,38;;12,08;;2,15;1,43;0,21;17,70
03018062;Ferrera Erbognone;Pavia;1;1.064;21,66;;4,37;;6,07;5,47;1,83;26,90
03018064;Fortunago;Pavia;1;360;14,58;;12,09;;;6,29;2,10;30,38
03018065;Frascarolo;Pavia;1;1.098;1,30;;15,48;;2,69;6,27;1,47;26,56
03018067;Gambarana;Pavia;1;192;13,51;;14,28;;1,18;3,75;1,94;31,01
03018068;Gambolo;Pavia;1;9.744;8,66;;10,68;;1,67;7,31;0,41;26,88
03018071;Gerenzago;Pavia;1;1.449;5,97;;11,56;;4,45;2,23;2,01;29,49
03018075;Gravellona Lomellina;Pavia;1;2.706;6,87;;8,95;;0,71;2,42;1,21;31,02
03018076;Gropello Cairoli;Pavia;1;4.278;8,79;;9,57;;4,89;5,80;0,96;28,40
03018077;Inverno e Monteleone;Pavia;1;1.465;4,84;;18,69;;3,09;4,02;3,40;26,51
03018078;Landriano;Pavia;1;6.517;6,48;;10,88;;6,03;3,34;3,43;29,85
03018079;Langosco;Pavia;1;372;20,31;;;;5,42;8,88;1,83;31,00
03018080;Lardirago;Pavia;1;1.178;15,84;;8,45;;7,48;10,27;3,25;41,15
03018083;Lomello;Pavia;1;2.040;3,79;;14,94;;0,81;2,07;4,57;32,62
03018084;Lungavilla;Pavia;1;2.423;25,84;;4,13;;2,03;5,38;1,10;28,83
03018085;Magherno;Pavia;1;1.786;2,66;;11,06;;3,98;0,81;2,94;20,81
03018087;Marzano;Pavia;1;1.706;8,61;;9,37;;;6,82;2,48;25,85
03018088;Mede;Pavia;1;6.066;11,39;;18,73;;2,86;7,15;3,79;40,12
03018089;Menconico;Pavia;1;339;8,33;;19,32;;;6,13;1,10;29,24
03018090;Mezzana Bigli;Pavia;1;1.052;6,53;;16,35;;1,21;1,49;0,41;25,87
03018091;Mezzana Rabattone;Pavia;1;458;19,03;;7,96;;0,27;8,69;7,74;33,73
03018093;Miradolo Terme;Pavia;1;3.840;13,79;;12,11;;0,90;5,59;1,46;23,44
03018095;Montebello della Battaglia;Pavia;1;1.444;22,03;;10,11;;0,72;3,93;2,06;26,67
03018096;Montecalvo Versiggia;Pavia;1;502;5,55;;19,38;;;0,82;1,34;21,15
03018100;Montu Beccaria;Pavia;1;1.608;6,22;;40,18;;;0,61;1,07;24,97
03018101;Mornico Losana;Pavia;1;598;7,17;;33,14;;;1,22;2,69;29,38
03018104;Olevano di Lomellina;Pavia;1;698;2,91;;29,97;;1,95;1,93;10,17;39,35
03018105;Oliva Gessi;Pavia;1;160;4,84;;41,20;;;2,49;1,66;30,45
03018106;Ottobiano;Pavia;1;1.072;12,79;;17,87;;0,88;3,70;0,39;29,71
03018107;Palestro;Pavia;1;1.816;5,41;;18,84;;;1,16;6,46;26,38
03018109;Parona;Pavia;1;1.850;5,07;;5,75;;2,52;4,26;0,10;17,50
03018110;Pavia;Pavia;1;71.383;10,68;;15,86;;3,65;6,36;6,20;36,86
03018112;Pieve Albignola;Pavia;1;809;6,23;;19,66;;0,90;1,43;8,68;37,17
03018113;Pieve del Cairo;Pavia;1;1.760;12,42;;10,83;;2,14;2,33;2,61;25,52
03018114;Pieve Porto Morone;Pavia;1;2.605;9,06;;10,26;;4,30;3,32;3,28;28,61
03018115;Pinarolo Po;Pavia;1;1.667;6,76;;15,95;;;2,23;0,94;24,06
03018116;Pizzale;Pavia;1;686;31,24;;5,09;;2,52;6,46;1,10;31,54
03018117;Ponte Nizza;Pavia;1;754;14,69;;15,34;;2,18;5,97;1,28;39,79
03018119;Rea;Pavia;1;394;6,59;;6,97;;0,99;3,88;0,88;23,17
03018120;Redavalle;Pavia;1;1.015;6,56;;30,71;;;1,61;1,17;26,78
03018121;Retorbido;Pavia;1;1.533;9,98;;14,44;;1,83;3,19;3,49;29,65
03018122;Rivanazzano Terme;Pavia;1;5.091;4,12;;9,05;;0,73;1,83;3,83;22,29
03018123;Robbio;Pavia;1;5.849;5,75;;9,49;;3,09;4,62;1,51;24,64
03018124;Robecco Pavese;Pavia;1;512;8,83;;16,08;;3,53;7,17;2,06;33,17
03018129;Roncaro;Pavia;1;1.591;9,74;;8,48;;0,51;4,50;2,20;23,11
03018130;Rosasco;Pavia;1;535;5,79;;13,51;;4,45;3,00;5,28;29,80
03018131;Rovescala;Pavia;1;811;7,52;;33,45;;0,74;1,75;2,10;29,39
03018133;San Cipriano Po;Pavia;1;448;4,85;;29,33;;5,78;3,42;0,62;30,18
03018134;San Damiano al Colle;Pavia;1;608;7,85;;19,37;;;2,76;1,22;27,57
03018135;San Genesio ed Uniti;Pavia;1;3.975;3,95;;9,70;;2,03;1,94;2,54;20,35
03018136;San Giorgio di Lomellina;Pavia;1;986;42,20;;;;4,41;7,80;5,21;35,56
03018137;San Martino Siccomario;Pavia;1;6.390;5,44;;4,91;;;6,53;2,30;21,79
03018145;San Zenone al Po;Pavia;1;572;8,58;;11,00;;0,37;1,52;1,99;24,08
03018138;Sannazzaro de' Burgondi;Pavia;1;5.112;8,85;;13,31;;3,59;2,31;;26,61
03018139;Santa Cristina e Bissone;Pavia;1;1.822;5,70;;10,82;;3,03;2,30;2,23;25,12
03018140;Santa Giuletta;Pavia;1;1.561;6,19;;24,51;;0,10;2,22;1,06;26,10
03018142;Santa Margherita di Staffora;Pavia;1;436;42,76;;26,75;;7,32;24,49;1,36;79,52
03018143;Santa Maria della Versa;Pavia;1;2.262;7,65;;30,80;;1,98;2,99;2,27;32,48
03018141;Sant'Alessio con Vialone;Pavia;1;1.037;7,23;;8,54;;1,57;1,77;1,82;19,55
03018144;Sant'Angelo Lomellina;Pavia;1;799;8,04;;20,68;;7,22;3,70;0,30;34,13
03018146;Sartirana Lomellina;Pavia;1;1.497;1,95;;20,55;;1,43;2,35;1,88;21,02
03018147;Scaldasole;Pavia;1;851;4,81;;11,64;;1,88;1,44;7,34;29,94
03018148;Semiana;Pavia;1;194;2,42;;14,23;;1,89;4,61;0,22;21,80
03018149;Silvano Pietra;Pavia;1;621;7,04;;7,51;;0,86;2,35;0,91;17,10
03018150;Siziano;Pavia;1;6.673;32,09;;;;1,86;8,22;0,97;27,35
03018151;Sommo;Pavia;1;1.142;12,76;;13,47;;4,39;5,08;2,31;29,50
03018153;Stradella;Pavia;1;11.461;24,02;;17,17;;7,61;0,81;1,47;35,06
03018154;Suardi;Pavia;1;577;5,33;;14,55;;1,84;2,50;0,65;30,78
03018155;Torrazza Coste;Pavia;1;1.597;11,65;;19,22;;1,23;5,83;1,47;32,33
03018156;Torre Beretti e Castellaro;Pavia;1;503;3,97;;13,42;;1,17;1,97;2,12;22,37
03018157;Torre d'Arese;Pavia;1;916;7,14;;10,53;;1,44;2,62;2,64;24,74
03018158;Torre de' Negri;Pavia;1;332;4,49;;9,27;;2,91;3,78;1,10;21,71
03018159;Torre d'Isola;Pavia;1;2.479;8,01;;14,50;;3,38;7,41;3,14;33,16
03018160;Torrevecchia Pia;Pavia;1;3.538;7,83;;12,45;;2,28;6,40;3,96;31,89
03018164;Tromello;Pavia;1;3.671;6,89;;19,67;;6,71;3,91;2,09;37,30
03018165;Trovo;Pavia;1;999;10,18;;8,92;;1,62;7,67;6,32;32,93
03018166;Val di Nizza;Pavia;1;563;8,63;;10,07;;5,24;8,31;1,26;34,62
03018167;Valeggio;Pavia;1;189;11,78;;11,52;;;1,71;0,31;21,53
03018168;Valle Lomellina;Pavia;1;2.115;7,25;;22,84;;0,37;0,37;5,08;29,07
03018169;Valle Salimbene;Pavia;1;1.460;10,94;;12,32;;0,14;1,92;2,46;23,87
03018171;Varzi;Pavia;1;3.046;9,73;;12,55;;2,58;6,78;2,34;32,76
03018172;Velezzo Lomellina;Pavia;1;88;0,31;;31,02;;;1,01;12,44;31,96
03018173;Vellezzo Bellini;Pavia;1;3.473;9,21;;13,27;;0,56;5,00;2,64;26,83
03018176;Vidigulfo;Pavia;1;6.764;7,36;;14,29;;5,73;4,31;2,82;32,41
03018177;Vigevano;Pavia;1;62.614;13,45;;15,46;;2,86;2,27;2,54;34,52
03018178;Villa Biscossi;Pavia;1;63;2,05;;19,87;;0,85;0,55;5,85;20,28
03018180;Villanterio;Pavia;1;3.378;4,40;;17,58;;0,93;1,41;1,51;19,82
03018181;Vistarino;Pavia;1;1.578;5,17;;8,58;;1,41;2,86;1,67;19,34
03018182;Voghera;Pavia;1;39.111;11,70;;17,90;;3,47;2,03;5,74;34,12
03018185;Zeccone;Pavia;1;1.687;4,28;;15,25;;3,82;1,36;1,64;23,70
03018186;Zeme;Pavia;1;982;8,85;;25,77;;0,12;5,28;9,45;43,12
03018187;Zenevredo;Pavia;1;491;5,00;;16,75;;;3,38;0,58;24,64
03018188;Zerbo;Pavia;1;386;7,70;;13,04;;0,30;7,08;3,67;30,27
03018189;Zerbolo;Pavia;1;1.647;5,21;;10,10;;0,67;4,05;2,18;24,11
03018190;Zinasco;Pavia;1;3.097;6,94;;7,45;;1,56;3,22;1,13;18,67
10054001;Assisi;Perugia;1;27.549;1,49;;24,34;;4,15;13,87;3,56;49,92
10054002;Bastia Umbra;Perugia;1;21.311;7,39;;15,84;;2,89;6,37;6,89;44,22
10054003;Bettona;Perugia;1;4.251;19,18;;29,42;;3,67;11,44;6,36;64,05
10054004;Bevagna;Perugia;1;4.760;5,39;;31,07;;3,39;9,13;2,22;43,78
10054005;Campello sul Clitunno;Perugia;1;2.317;0,51;;14,26;;;3,51;1,09;21,62
10054006;Cannara;Perugia;1;4.170;10,32;;20,22;;1,69;3,78;6,91;38,97
10054007;Cascia;Perugia;1;2.973;13,35;;21,85;;;6,37;3,57;35,35
10054008;Castel Ritaldi;Perugia;1;3.047;3,89;;14,22;;3,68;7,58;2,28;34,56
10054009;Castiglione del Lago;Perugia;1;15.134;7,02;;23,18;;3,03;6,86;6,24;46,58
10054010;Cerreto di Spoleto;Perugia;1;971;9,47;;11,85;;;2,82;2,37;25,75
10054011;Citerna;Perugia;1;3.372;10,15;;17,09;;2,18;5,37;4,33;34,88
10054012;Citta  della Pieve;Perugia;1;7.407;4,20;;25,85;;4,37;7,06;6,54;44,49
10054013;Citta  di Castello;Perugia;1;38.195;8,38;;13,06;;3,19;3,61;6,06;32,50
10054014;Collazzone;Perugia;1;3.302;10,85;;21,95;;4,68;5,49;6,60;44,25
10054015;Corciano;Perugia;1;21.597;3,80;;16,80;;1,88;6,43;6,62;37,12
10054016;Costacciaro;Perugia;1;1.040;11,96;;52,13;;2,81;10,51;9,14;62,61
10054017;Deruta;Perugia;1;9.481;9,01;;20,33;;3,04;9,43;7,28;47,95
10054018;Foligno;Perugia;1;55.296;4,09;;20,00;;3,06;7,43;1,90;34,44
10054019;Fossato di Vico;Perugia;1;2.604;13,12;;31,98;;3,09;1,71;4,66;44,13
10054020;Fratta Todina;Perugia;1;1.870;10,68;;22,66;;1,05;2,30;8,72;36,93
10054021;Giano dell'Umbria;Perugia;1;3.661;13,70;;15,45;;;7,29;1,49;30,38
10054022;Gualdo Cattaneo;Perugia;1;5.628;15,06;;25,18;;3,30;6,44;2,27;41,29
10054023;Gualdo Tadino;Perugia;1;14.281;12,57;;20,94;;3,25;5,00;7,20;42,19
10054024;Gubbio;Perugia;1;30.358;10,73;;16,07;;2,66;3,61;8,15;37,15
10054025;Lisciano Niccone;Perugia;1;616;19,29;;22,65;;7,11;7,66;5,02;46,83
10054026;Magione;Perugia;1;14.660;6,85;;23,36;;3,01;6,50;7,58;48,22
10054027;Marsciano;Perugia;1;18.018;11,07;;14,75;;2,73;13,21;8,73;48,81
10054028;Massa Martana;Perugia;1;3.621;13,17;;24,64;;2,68;4,73;5,25;41,74
10054029;Monte Castello di Vibio;Perugia;1;1.416;21,20;;32,94;;;3,15;9,80;45,36
10054032;Monte Santa Maria Tiberina;Perugia;1;1.084;5,32;;39,75;;1,73;2,98;10,23;46,34
10054030;Montefalco;Perugia;1;5.326;6,20;;38,50;;2,34;3,36;2,01;38,00
10054031;Monteleone di Spoleto;Perugia;1;552;11,60;;11,92;;;2,02;4,06;30,24
10054033;Montone;Perugia;1;1.546;8,15;;19,77;;2,89;10,99;7,76;45,17
10054034;Nocera Umbra;Perugia;1;5.526;6,00;;30,68;;2,44;5,59;2,65;34,99
10054035;Norcia;Perugia;1;4.509;14,39;;19,48;;0,98;4,64;3,90;35,88
10054036;Paciano;Perugia;1;942;6,26;;26,76;;5,75;5,81;5,79;47,51
10054037;Panicale;Perugia;1;5.321;6,33;;25,69;;2,96;8,52;10,16;52,99
10054038;Passignano sul Trasimeno;Perugia;1;5.700;5,38;;19,11;;3,38;4,31;7,22;42,73
10054039;Perugia;Perugia;1;162.527;7,23;;15,66;;3,79;11,90;11,71;52,57
10054040;Piegaro;Perugia;1;3.356;7,54;;28,42;;5,74;6,06;11,17;54,62
10054041;Pietralunga;Perugia;1;1.977;7,59;;25,50;;1,16;1,89;8,52;38,96
10054042;Poggiodomo;Perugia;1;91;22,38;;;;4,11;1,19;5,84;43,45
10054043;Preci;Perugia;1;699;5,61;;36,06;;;2,09;1,77;27,25
10054044;San Giustino;Perugia;1;11.097;18,62;;19,74;;2,97;5,21;6,43;40,95
10054045;Sant'Anatolia di Narco;Perugia;1;487;11,90;;1,10;;;3,75;2,25;20,62
10054047;Scheggino;Perugia;1;436;5,79;;4,11;;;4,19;2,30;23,08
10054048;Sellano;Perugia;1;964;4,22;;1,45;;;3,03;1,66;16,33
10054049;Sigillo;Perugia;1;2.312;11,11;;34,28;;1,89;2,85;4,95;43,14
10054050;Spello;Perugia;1;8.281;1,94;;24,49;;4,27;6,62;2,54;37,32
10054051;Spoleto;Perugia;1;36.186;3,93;;20,51;;2,56;4,44;2,04;31,31
10054052;Todi;Perugia;1;15.588;7,20;;21,03;;3,76;8,51;6,11;48,04
10054053;Torgiano;Perugia;1;6.612;;;14,22;;2,21;6,65;5,37;38,28
10054054;Trevi;Perugia;1;7.972;4,49;;18,22;;1,51;4,12;1,41;28,03
10054055;Tuoro sul Trasimeno;Perugia;1;3.736;4,05;;28,42;;1,80;4,52;6,27;39,72
10054056;Umbertide;Perugia;1;16.310;10,33;;14,05;;4,05;5,26;6,95;36,48
10054057;Valfabbrica;Perugia;1;3.226;3,82;;16,51;;6,10;19,04;5,47;52,78
10054058;Vallo di Nera;Perugia;1;328;5,73;;2,81;;;3,24;2,53;21,01
10054059;Valtopina;Perugia;1;1.288;4,68;;30,62;;0,80;2,92;1,90;28,59
11041001;Acqualagna;Pesaro e Urbino;1;4.167;11,44;;8,41;;1,66;4,09;7,36;27,57
11041002;Apecchio;Pesaro e Urbino;1;1.695;17,75;;14,43;;2,01;4,49;2,41;30,46
11041005;Belforte all'Isauro;Pesaro e Urbino;1;745;22,98;;;;9,49;17,98;12,86;70,60
11041006;Borgo Pace;Pesaro e Urbino;1;525;17,96;;;;5,13;6,40;5,52;42,92
11041007;Cagli;Pesaro e Urbino;1;7.951;18,99;;17,40;;4,16;5,46;3,96;38,83
11041008;Cantiano;Pesaro e Urbino;1;1.991;22,77;;18,95;;3,04;4,59;2,94;39,58
11041009;Carpegna;Pesaro e Urbino;1;1.738;47,57;;10,62;;3,93;4,15;3,29;33,90
11041013;Fano;Pesaro e Urbino;1;59.963;11,85;;12,41;;5,47;9,91;5,65;39,49
11041014;Fermignano;Pesaro e Urbino;1;8.245;11,31;;8,49;;3,87;3,50;3,32;25,30
11041016;Fratte Rosa;Pesaro e Urbino;1;855;22,63;;12,92;;6,11;6,16;6,85;41,40
11041017;Frontino;Pesaro e Urbino;1;297;21,42;;20,82;;5,22;9,04;7,18;50,28
11041018;Frontone;Pesaro e Urbino;1;1.214;12,85;;14,59;;3,40;4,92;3,00;31,55
11041019;Gabicce Mare;Pesaro e Urbino;1;5.461;5,22;;12,05;;7,20;4,07;11,29;37,74
11041020;Gradara;Pesaro e Urbino;1;4.889;14,95;;18,54;;6,25;6,95;4,88;43,02
11041022;Lunano;Pesaro e Urbino;1;1.426;18,78;;13,35;;1,41;4,74;2,97;31,08
11041023;Macerata Feltria;Pesaro e Urbino;1;1.900;16,09;;17,57;;2,06;6,63;6,50;38,98
11041025;Mercatello sul Metauro;Pesaro e Urbino;1;1.322;13,87;;12,44;;1,41;5,16;5,13;30,17
11041026;Mercatino Conca;Pesaro e Urbino;1;1.045;15,78;;19,26;;3,70;12,94;2,97;45,31
11041027;Mombaroccio;Pesaro e Urbino;1;2.093;27,01;;13,54;;2,09;6,86;5,33;36,39
11041028;Mondavio;Pesaro e Urbino;1;3.623;12,76;;15,63;;2,40;6,73;2,57;33,92
11041031;Monte Cerignone;Pesaro e Urbino;1;588;19,76;;19,82;;1,02;8,09;2,37;37,98
11041035;Monte Grimano Terme;Pesaro e Urbino;1;1.127;22,69;;22,99;;3,57;7,92;12,57;54,48
11041030;Montecalvo in Foglia;Pesaro e Urbino;1;2.748;8,27;;14,96;;1,40;9,18;9,14;41,00
11041036;Montelabbate;Pesaro e Urbino;1;7.092;11,85;;9,62;;0,93;4,14;5,09;26,66
11041041;Peglio;Pesaro e Urbino;1;645;21,03;;19,99;;0,59;9,86;8,81;49,24
11041044;Pesaro;Pesaro e Urbino;1;95.580;13,73;;13,39;;3,99;5,97;4,90;34,82
11041045;Petriano;Pesaro e Urbino;1;2.833;12,47;;7,37;;2,54;5,35;7,10;31,44
11041047;Piandimeleto;Pesaro e Urbino;1;2.017;40,21;;9,82;;1,74;7,71;2,50;31,71
11041048;Pietrarubbia;Pesaro e Urbino;1;583;24,63;;21,22;;6,21;11,63;7,71;55,99
11041049;Piobbico;Pesaro e Urbino;1;1.807;25,68;;19,08;;2,54;6,09;2,73;39,12
11041051;San Costanzo;Pesaro e Urbino;1;4.561;7,67;;10,22;;2,68;12,79;5,21;38,24
11041057;Sant'Angelo in Vado;Pesaro e Urbino;1;3.889;16,22;;13,24;;1,56;4,51;6,07;33,67
11041071;Sassocorvaro Auditore;Pesaro e Urbino;1;4.916;16,09;;16,26;;2,94;3,79;4,43;35,54
11041061;Serra Sant'Abbondio;Pesaro e Urbino;1;882;21,45;;23,15;;3,59;5,14;3,33;42,26
11041064;Tavoleto;Pesaro e Urbino;1;831;29,40;;16,43;;0,72;9,58;31,26;70,72
11041065;Tavullia;Pesaro e Urbino;1;7.935;15,31;;8,99;;1,96;5,10;2,38;27,31
11041066;Urbania;Pesaro e Urbino;1;6.898;19,66;;13,20;;3,32;6,75;3,75;35,62
11041067;Urbino;Pesaro e Urbino;1;13.839;11,79;;15,72;;8,32;4,75;6,38;40,68
11041068;Vallefoglia;Pesaro e Urbino;1;15.051;8,34;;9,49;;2,28;4,10;3,54;24,97
13068002;Alanno;Pescara;1;3.328;6,78;;21,32;;1,81;3,34;0,99;34,08
13068003;Bolognano;Pescara;1;1.002;12,68;;34,07;;3,45;3,49;;47,52
13068004;Brittoli;Pescara;1;249;130,44;;;;;;;74,95
13068007;Caramanico Terme;Pescara;1;1.760;47,68;;61,43;;0,86;;;55,94
13068008;Carpineto della Nora;Pescara;1;529;66,45;;;;2,35;5,58;;64,31
13068009;Castiglione a Casauria;Pescara;1;707;26,85;;60,01;;;11,76;5,28;72,11
13068011;Cepagatti;Pescara;1;10.969;6,45;;8,59;;2,79;5,78;4,93;30,05
13068012;Citta  Sant'Angelo;Pescara;1;14.872;7,34;;17,46;;5,13;4,45;3,17;35,09
13068016;Corvara;Pescara;1;212;25,42;;;;1,18;30,29;;73,28
13068017;Cugnoli;Pescara;1;1.340;7,70;;8,53;;2,87;15,52;7,41;40,95
13068019;Farindola;Pescara;1;1.328;2,00;;;;2,57;2,76;;56,17
13068020;Lettomanoppello;Pescara;1;2.663;6,34;;12,80;;4,01;6,67;2,01;32,77
13068021;Loreto Aprutino;Pescara;1;7.049;14,78;;22,34;;5,38;2,87;1,93;41,43
13068022;Manoppello;Pescara;1;6.744;4,89;;15,81;;2,03;3,46;0,90;28,86
13068023;Montebello di Bertona;Pescara;1;839;486,58;;;;4,82;7,21;;74,11
13068024;Montesilvano;Pescara;1;53.565;;;;;;6,74;7,82;25,64
13068025;Moscufo;Pescara;1;3.072;18,97;;15,96;;0,91;2,98;0,64;28,81
13068026;Nocciano;Pescara;1;1.689;9,22;;10,46;;3,50;6,08;0,60;27,60
13068027;Penne;Pescara;1;11.147;7,38;;15,47;;5,47;9,69;3,71;40,59
13068028;Pescara;Pescara;1;118.634;13,27;;16,15;;5,63;4,40;3,69;41,60
13068030;Pianella;Pescara;1;8.502;7,67;;12,14;;3,84;8,76;2,28;35,44
13068032;Pietranico;Pescara;1;432;17,39;;;;;15,11;2,51;51,00
13068033;Popoli;Pescara;1;4.674;4,88;;13,38;;4,21;3,40;2,35;28,13
13068038;San Valentino in Abruzzo Citeriore;Pescara;1;1.807;6,49;;10,80;;3,32;21,73;1,14;45,10
13068039;Scafa;Pescara;1;3.461;9,71;;21,73;;2,23;2,94;0,71;31,75
13068041;Spoltore;Pescara;1;19.072;10,06;;15,30;;3,07;3,42;3,87;32,18
13068042;Tocco da Casauria;Pescara;1;2.367;10,02;;24,43;;4,51;2,46;1,91;40,31
13068043;Torre de' Passeri;Pescara;1;2.844;28,67;;10,97;;2,06;4,01;0,55;27,77
13068044;Turrivalignani;Pescara;1;800;6,89;;19,51;;;3,70;6,67;35,56
13068046;Villa Celiera;Pescara;1;543;46,17;;63,01;;4,86;14,67;;86,00
08033001;Agazzano;Piacenza;1;2.009;11,58;;16,43;;0,27;2,00;3,56;28,74
08033002;Alseno;Piacenza;1;4.726;9,86;;13,54;;0,45;4,37;7,43;31,49
08033049;Alta Val Tidone;Piacenza;1;2.934;8,66;;14,63;;1,60;4,63;3,58;28,42
08033003;Besenzone;Piacenza;1;950;13,52;;13,37;;0,19;5,89;3,23;29,42
08033004;Bettola;Piacenza;1;2.647;12,43;;15,65;;0,20;6,21;3,31;30,94
08033005;Bobbio;Piacenza;1;3.422;8,27;;19,44;;2,24;4,72;4,35;32,87
08033006;Borgonovo Val Tidone;Piacenza;1;8.236;10,13;;14,59;;1,71;4,52;5,71;31,74
08033007;Cadeo;Piacenza;1;6.003;9,17;;14,44;;0,28;3,41;4,69;27,84
08033008;Calendasco;Piacenza;1;2.413;8,32;;15,94;;0,05;5,05;4,41;29,54
08033010;Caorso;Piacenza;1;4.775;10,14;;13,61;;0,13;3,73;2,95;25,87
08033011;Carpaneto Piacentino;Piacenza;1;7.694;23,37;;11,33;;1,42;4,61;4,92;30,13
08033013;Castel San Giovanni;Piacenza;1;14.219;9,38;;5,23;;1,15;1,02;1,43;13,23
08033012;Castell'Arquato;Piacenza;1;4.661;7,78;;16,88;;0,38;8,49;3,15;33,26
08033014;Castelvetro Piacentino;Piacenza;1;5.355;13,13;;11,66;;0,15;2,97;2,16;23,50
08033015;Cerignale;Piacenza;1;123;38,50;;61,15;;;11,18;1,70;61,09
08033016;Coli;Piacenza;1;843;;;5,96;;;19,73;1,09;29,28
08033017;Corte Brugnatella;Piacenza;1;518;21,44;;9,10;;0,88;13,95;1,80;43,83
08033018;Cortemaggiore;Piacenza;1;4.662;27,79;;11,61;;1,35;2,93;4,81;29,28
08033019;Farini;Piacenza;1;1.035;9,37;;8,54;;;14,33;4,83;34,58
08033020;Ferriere;Piacenza;1;1.112;11,36;;13,00;;1,61;23,16;1,74;45,75
08033021;Fiorenzuola d'Arda;Piacenza;1;14.964;9,83;;11,08;;3,03;4,40;4,16;28,43
08033022;Gazzola;Piacenza;1;2.135;7,92;;13,04;;;3,41;3,88;25,81
08033023;Gossolengo;Piacenza;1;5.691;10,23;;15,58;;0,51;4,76;4,72;30,45
08033024;Gragnano Trebbiense;Piacenza;1;4.595;10,63;;11,55;;0,24;2,84;3,39;23,89
08033025;Gropparello;Piacenza;1;2.166;9,48;;14,82;;0,84;7,83;3,95;31,63
08033026;Lugagnano Val d'Arda;Piacenza;1;3.931;9,42;;10,91;;1,59;5,43;4,71;28,96
08033027;Monticelli d'Ongina;Piacenza;1;5.166;11,11;;10,67;;0,86;4,17;2,96;24,55
08033028;Morfasso;Piacenza;1;857;9,55;;14,22;;;14,33;3,19;35,75
08033030;Ottone;Piacenza;1;422;11,11;;21,28;;4,80;7,66;2,57;37,50
08033032;Piacenza;Piacenza;1;103.121;9,73;;11,85;;4,31;3,48;7,52;33,57
08033033;Pianello Val Tidone;Piacenza;1;2.173;8,25;;13,12;;0,66;4,11;3,74;26,70
08033034;Piozzano;Piacenza;1;579;6,39;;8,90;;;6,77;1,88;21,89
08033035;Podenzano;Piacenza;1;9.103;23,18;;10,89;;0,92;1,51;3,86;25,02
08033036;Ponte dell'Olio;Piacenza;1;4.670;9,89;;14,58;;1,16;4,38;3,58;29,39
08033037;Pontenure;Piacenza;1;6.643;10,87;;12,77;;0,99;3,79;4,40;28,02
08033038;Rivergaro;Piacenza;1;7.130;10,39;;11,44;;1,30;3,28;4,14;27,29
08033039;Rottofreno;Piacenza;1;12.281;11,49;;15,26;;0,37;4,12;4,74;30,26
08033040;San Giorgio Piacentino;Piacenza;1;5.555;24,79;;10,51;;0,25;2,27;3,44;24,25
08033041;San Pietro in Cerro;Piacenza;1;764;24,43;;10,85;;0,01;8,71;3,15;29,91
08033042;Sarmato;Piacenza;1;2.960;18,42;;14,99;;0,61;3,66;6,43;33,91
08033043;Travo;Piacenza;1;2.224;7,97;;11,32;;;3,91;3,95;24,56
08033044;Vernasca;Piacenza;1;2.009;7,23;;16,42;;;13,01;4,03;33,11
08033045;Vigolzone;Piacenza;1;4.165;10,28;;13,90;;2,03;3,86;4,03;29,60
08033046;Villanova sull'Arda;Piacenza;1;1.653;8,96;;14,42;;1,46;4,99;2,80;28,59
08033047;Zerba;Piacenza;1;72;;;;;;62,57;0,05;68,31
08033048;Ziano Piacentino;Piacenza;1;2.476;11,81;;14,01;;0,36;3,18;3,19;27,05
09050002;Buti;Pisa;1;5.525;8,26;;26,67;;1,42;3,96;3,24;42,91
09050003;Calci;Pisa;1;6.310;9,08;;15,02;;0,14;4,45;4,42;38,80
09050004;Calcinaia;Pisa;1;12.822;13,90;;13,28;;0,61;2,59;2,29;31,37
09050006;Casale Marittimo;Pisa;1;1.076;26,51;;7,87;;3,09;10,36;1,35;43,61
09050040;Casciana Terme Lari;Pisa;1;12.200;13,48;;27,11;;3,96;2,68;6,05;50,21
09050008;Cascina;Pisa;1;44.814;7,91;;16,08;;0,50;3,26;3,15;34,23
09050010;Castellina Marittima;Pisa;1;1.840;13,44;;8,31;;0,01;4,44;1,83;32,61
09050011;Castelnuovo di Val di Cecina;Pisa;1;2.083;8,07;;37,82;;12,79;5,64;0,93;46,41
09050012;Chianni;Pisa;1;1.318;8,45;;7,18;;;2,03;3,32;25,87
09050041;Crespina Lorenzana;Pisa;1;5.442;23,93;;18,63;;3,86;6,21;2,02;62,18
09050015;Guardistallo;Pisa;1;1.180;39,48;;13,30;;3,47;12,68;0,94;49,51
09050016;Lajatico;Pisa;1;1.280;23,46;;34,79;;2,17;0,82;5,97;47,58
09050019;Montecatini Val di Cecina;Pisa;1;1.687;18,33;;32,06;;3,74;6,36;0,14;42,28
09050020;Montescudaio;Pisa;1;2.183;24,32;;8,17;;2,95;4,35;1,68;35,37
09050021;Monteverdi Marittimo;Pisa;1;794;56,06;;1,88;;6,45;6,86;1,97;70,54
09050022;Montopoli in Val d'Arno;Pisa;1;11.265;15,20;;26,85;;3,39;2,99;1,95;45,76
09050023;Orciano Pisano;Pisa;1;639;61,49;;13,12;;0,07;4,52;1,19;31,67
09050024;Palaia;Pisa;1;4.564;5,42;;24,59;;3,88;2,82;6,79;46,16
09050026;Pisa;Pisa;1;89.371;6,49;;25,40;;6,18;4,52;7,07;52,12
09050027;Pomarance;Pisa;1;5.285;14,80;;46,57;;6,49;9,17;0,80;60,28
09050028;Ponsacco;Pisa;1;15.593;6,84;;14,27;;0,76;2,83;3,46;33,05
09050029;Pontedera;Pisa;1;29.670;7,51;;17,97;;6,08;3,51;3,54;41,81
09050030;Riparbella;Pisa;1;1.623;25,25;;26,48;;2,83;7,74;9,08;55,22
09050031;San Giuliano Terme;Pisa;1;30.762;8,73;;17,37;;1,85;3,96;4,47;39,64
09050032;San Miniato;Pisa;1;27.807;6,54;;16,27;;0,48;2,80;4,05;33,94
09050033;Santa Croce sull'Arno;Pisa;1;14.790;8,06;;18,88;;4,29;3,43;2,81;40,98
09050034;Santa Luce;Pisa;1;1.619;8,51;;6,24;;0,75;11,94;10,35;66,02
09050036;Terricciola;Pisa;1;4.372;4,26;;10,15;;2,65;2,63;7,06;30,41
09050037;Vecchiano;Pisa;1;11.807;10,31;;21,75;;1,77;2,76;3,25;42,80
09050038;Vicopisano;Pisa;1;8.573;8,09;;19,74;;1,46;4,56;7,75;41,94
09050039;Volterra;Pisa;1;9.484;10,11;;23,01;;7,17;6,57;1,87;43,35
09047023;Abetone Cutigliano;Pistoia;1;1.817;6,00;;29,82;;7,00;7,26;9,99;49,20
09047002;Agliana;Pistoia;1;17.960;13,79;;16,90;;2,24;4,95;5,43;38,66
09047003;Buggiano;Pistoia;1;8.776;24,75;;23,44;;2,22;4,53;5,14;43,34
09047022;Chiesina Uzzanese;Pistoia;1;4.488;14,87;;16,06;;2,45;3,83;5,67;34,62
09047005;Lamporecchio;Pistoia;1;7.412;30,19;;18,08;;3,37;5,15;4,14;42,02
09047006;Larciano;Pistoia;1;6.294;25,02;;14,74;;2,35;4,27;7,31;38,62
09047007;Marliana;Pistoia;1;3.257;4,40;;13,67;;3,36;7,78;6,02;37,74
09047008;Massa e Cozzile;Pistoia;1;7.773;17,85;;19,87;;2,10;4,29;5,05;39,70
09047009;Monsummano Terme;Pistoia;1;20.821;29,23;;20,41;;4,96;6,05;9,65;52,59
09047010;Montale;Pistoia;1;10.545;14,98;;22,45;;2,73;5,80;4,66;45,34
09047011;Montecatini-Terme;Pistoia;1;21.180;15,07;;28,91;;6,43;5,77;10,69;62,12
09047012;Pescia;Pistoia;1;19.253;5,23;;22,91;;3,44;4,76;10,07;43,57
09047013;Pieve a Nievole;Pistoia;1;9.131;23,61;;21,64;;2,45;5,44;4,47;43,53
09047014;Pistoia;Pistoia;1;89.116;9,80;;15,99;;3,79;6,39;6,77;48,64
09047016;Ponte Buggianese;Pistoia;1;8.785;23,18;;21,00;;2,38;4,19;4,84;41,88
09047017;Quarrata;Pistoia;1;26.899;14,08;;19,87;;2,65;5,79;6,06;43,65
09047018;Sambuca Pistoiese;Pistoia;1;1.441;5,27;;20,40;;1,64;11,36;9,66;49,10
09047024;San Marcello Piteglio;Pistoia;1;7.617;6,45;;15,75;;3,56;4,51;7,84;38,66
09047020;Serravalle Pistoiese;Pistoia;1;11.835;25,49;;18,94;;2,40;5,42;8,52;45,69
09047021;Uzzano;Pistoia;1;5.642;24,21;;25,02;;2,79;6,07;7,13;49,55
06093002;Arba;Pordenone;1;1.290;9,81;;7,47;;0,01;12,02;4,83;32,73
06093004;Aviano;Pordenone;1;8.986;15,68;;15,41;;0,56;1,65;0,81;21,40
06093005;Azzano Decimo;Pordenone;1;15.750;6,41;;4,44;;0,54;7,48;3,69;23,15
06093006;Barcis;Pordenone;1;227;12,71;;24,48;;;7,39;;29,43
06093007;Brugnera;Pordenone;1;9.271;6,86;;4,65;;0,31;7,85;3,06;22,49
06093008;Budoia;Pordenone;1;2.520;22,98;;15,76;;0,35;0,77;;21,89
06093009;Caneva;Pordenone;1;6.235;14,89;;8,94;;3,29;1,05;0,10;17,78
06093010;Casarsa della Delizia;Pordenone;1;8.297;9,34;;4,52;;0,89;7,50;4,13;23,93
06093011;Castelnovo del Friuli;Pordenone;1;829;7,34;;6,63;;;9,97;4,16;28,16
06093012;Cavasso Nuovo;Pordenone;1;1.498;11,88;;11,59;;;3,01;2,81;25,75
06093013;Chions;Pordenone;1;5.047;14,41;;5,15;;0,46;8,51;4,18;25,29
06093015;Claut;Pordenone;1;873;12,74;;19,90;;0,05;6,55;;28,81
06093016;Clauzetto;Pordenone;1;373;16,11;;28,16;;;4,71;;32,29
06093017;Cordenons;Pordenone;1;17.829;16,22;;8,93;;1,43;1,57;1,45;20,88
06093018;Cordovado;Pordenone;1;2.737;12,79;;5,96;;0,11;10,56;7,34;31,43
06093019;Erto e Casso;Pordenone;1;362;7,75;;22,69;;0,23;15,07;;36,65
06093021;Fiume Veneto;Pordenone;1;11.837;6,92;;4,35;;0,03;7,61;4,19;24,16
06093022;Fontanafredda;Pordenone;1;12.906;8,29;;5,33;;0,20;7,66;3,79;23,47
06093024;Frisanco;Pordenone;1;588;17,14;;19,08;;;3,23;;24,12
06093025;Maniago;Pordenone;1;11.487;11,40;;16,49;;1,12;1,49;;23,48
06093026;Meduno;Pordenone;1;1.494;6,20;;18,43;;0,08;1,37;;18,66
06093027;Montereale Valcellina;Pordenone;1;4.231;13,90;;7,27;;1,17;2,63;2,00;17,86
06093028;Morsano al Tagliamento;Pordenone;1;2.681;7,30;;5,30;;0,08;8,06;7,90;28,88
06093029;Pasiano di Pordenone;Pordenone;1;7.891;10,17;;5,36;;0,03;8,78;7,71;30,60
06093030;Pinzano al Tagliamento;Pordenone;1;1.516;6,16;;7,50;;;10,34;4,41;30,01
06093031;Polcenigo;Pordenone;1;3.110;5,86;;6,25;;0,67;9,46;6,49;31,49
06093032;Porcia;Pordenone;1;14.945;8,45;;4,84;;0,11;7,11;3,36;22,59
06093033;Pordenone;Pordenone;1;52.344;15,83;;8,53;;3,33;3,97;1,95;27,10
06093034;Prata di Pordenone;Pordenone;1;8.304;15,91;;5,41;;0,25;1,34;1,07;14,29
06093035;Pravisdomini;Pordenone;1;3.482;8,74;;4,88;;0,44;8,35;3,32;23,80
06093036;Roveredo in Piano;Pordenone;1;5.813;12,94;;7,10;;1,20;2,01;1,06;17,44
06093037;Sacile;Pordenone;1;20.047;7,93;;6,09;;0,81;8,71;5,06;28,11
06093038;San Giorgio della Richinvelda;Pordenone;1;4.557;5,28;;4,63;;0,12;6,75;2,92;21,56
06093039;San Martino al Tagliamento;Pordenone;1;1.477;11,03;;5,80;;0,50;9,98;7,52;31,09
06093040;San Quirino;Pordenone;1;4.277;19,04;;8,79;;0,45;2,49;2,19;21,56
06093041;San Vito al Tagliamento;Pordenone;1;15.231;6,78;;4,49;;1,62;7,00;4,34;24,83
06093042;Sequals;Pordenone;1;2.200;4,52;;11,17;;0,08;1,68;;14,83
06093043;Sesto al Reghena;Pordenone;1;6.310;10,22;;3,93;;0,71;6,51;4,02;21,02
06093044;Spilimbergo;Pordenone;1;11.793;5,72;;5,99;;1,73;8,29;4,19;28,52
06093045;Tramonti di Sopra;Pordenone;1;266;10,93;;35,69;;;6,16;;35,27
06093046;Tramonti di Sotto;Pordenone;1;333;14,16;;20,86;;;2,91;;25,86
06093047;Travesio;Pordenone;1;1.827;7,04;;15,77;;;4,05;;25,73
06093052;Vajont;Pordenone;1;1.636;9,95;;15,11;;;1,87;;24,81
06093053;Valvasone Arzene;Pordenone;1;3.949;12,85;;4,87;;0,63;8,42;4,18;25,49
06093049;Vito d'Asio;Pordenone;1;721;7,75;;26,92;;;2,80;;27,02
06093050;Vivaro;Pordenone;1;1.331;9,26;;16,43;;0,05;1,46;;20,08
06093051;Zoppola;Pordenone;1;8.375;9,14;;5,37;;0,33;8,71;4,81;26,81
17076002;Acerenza;Potenza;1;2.071;18,80;;0,94;;2,68;3,77;0,85;14,55
17076005;Armento;Potenza;1;550;52,02;;34,72;;16,34;3,81;2,05;68,68
17076006;Atella;Potenza;1;3.631;11,20;;50,40;;2,88;1,66;1,65;40,74
17076007;Avigliano;Potenza;1;10.548;22,88;;27,51;;8,98;18,29;4,11;60,69
17076008;Balvano;Potenza;1;1.690;15,27;;21,05;;5,16;14,47;3,32;60,18
17076009;Banzi;Potenza;1;1.166;22,94;;4,24;;10,94;17,75;3,08;58,23
17076011;Barile;Potenza;1;2.562;48,45;;9,50;;6,74;13,38;1,23;45,52
17076012;Bella;Potenza;1;4.657;13,50;;27,59;;;6,36;2,56;43,01
17076013;Brienza;Potenza;1;3.879;82,59;;;;3,08;3,39;0,67;45,20
17076015;Calvello;Potenza;1;1.790;12,16;;40,37;;8,32;11,07;2,35;66,88
17076016;Calvera;Potenza;1;355;22,15;;38,17;;;2,46;0,98;50,81
17076018;Cancellara;Potenza;1;1.131;13,24;;2,03;;3,27;3,46;0,97;16,08
17076021;Castelgrande;Potenza;1;805;28,79;;34,89;;32,50;19,97;12,26;96,16
17076022;Castelluccio Inferiore;Potenza;1;1.915;22,73;;33,19;;7,08;5,91;6,37;60,50
17076023;Castelluccio Superiore;Potenza;1;702;63,84;;;;;2,51;6,30;52,22
17076026;Castronuovo di Sant'Andrea;Potenza;1;862;49,03;;20,89;;6,03;7,26;1,74;83,40
17076028;Chiaromonte;Potenza;1;1.710;49,02;;6,94;;;;0,47;41,74
17076030;Episcopia;Potenza;1;1.281;62,02;;19,08;;5,83;1,94;1,54;46,93
17076033;Forenza;Potenza;1;1.791;19,58;;9,94;;11,82;16,93;19,18;78,17
17076034;Francavilla in Sinni;Potenza;1;3.890;14,38;;17,20;;;3,65;3,96;41,59
17076035;Gallicchio;Potenza;1;800;35,05;;35,25;;4,69;2,30;5,04;47,38
17076036;Genzano di Lucania;Potenza;1;5.180;12,93;;8,02;;9,84;15,78;3,00;57,10
17076037;Grumento Nova;Potenza;1;1.537;51,75;;18,66;;6,40;;8,95;62,11
17076042;Lauria;Potenza;1;11.775;31,18;;28,54;;8,31;4,04;4,85;63,46
17076043;Lavello;Potenza;1;12.944;16,80;;25,13;;3,66;4,66;9,30;56,10
17076044;Maratea;Potenza;1;4.642;11,98;;32,09;;6,27;2,06;4,42;51,25
17076045;Marsico Nuovo;Potenza;1;3.775;8,46;;17,57;;6,58;3,01;8,72;49,15
17076046;Marsicovetere;Potenza;1;5.663;69,72;;;;0,01;1,04;1,48;33,51
17076047;Maschito;Potenza;1;1.449;20,46;;0,03;;12,81;18,25;3,44;59,82
17076048;Melfi;Potenza;1;17.031;8,89;;6,92;;3,04;5,64;5,58;29,20
17076049;Missanello;Potenza;1;482;27,16;;;;14,55;13,55;4,06;75,89
17076050;Moliterno;Potenza;1;3.533;32,65;;;;6,63;5,66;1,81;39,95
17076051;Montemilone;Potenza;1;1.371;17,87;;12,62;;11,53;16,86;3,18;62,96
17076052;Montemurro;Potenza;1;1.059;21,09;;36,40;;;24,49;2,26;71,88
17076054;Nemoli;Potenza;1;1.375;12,75;;36,34;;10,64;10,71;23,80;95,70
17076056;Oppido Lucano;Potenza;1;3.513;15,27;;17,31;;11,10;18,60;14,01;76,84
17076057;Palazzo San Gervasio;Potenza;1;4.371;14,27;;12,88;;;12,76;0,61;45,94
17076058;Pescopagano;Potenza;1;1.643;12,69;;;;0,62;6,32;2,44;47,02
17076060;Pietragalla;Potenza;1;3.810;16,65;;12,42;;11,11;4,20;11,15;52,87
17076061;Pietrapertosa;Potenza;1;874;10,04;;;;5,75;2,94;0,39;43,17
17076064;Rapolla;Potenza;1;4.148;8,74;;8,44;;9,29;12,99;6,75;44,55
17076067;Ripacandida;Potenza;1;1.572;146,72;;4,77;;14,66;16,43;19,15;96,75
17076068;Rivello;Potenza;1;2.518;9,62;;28,50;;5,52;9,26;2,44;50,30
17076069;Roccanova;Potenza;1;1.283;14,05;;50,80;;5,24;6,22;4,62;63,73
17076070;Rotonda;Potenza;1;3.173;41,22;;3,84;;1,99;12,78;3,58;52,68
17076071;Ruoti;Potenza;1;3.227;58,80;;21,51;;;3,56;1,78;76,26
17076072;Ruvo del Monte;Potenza;1;974;44,02;;16,06;;;7,70;;37,43
17076073;San Chirico Nuovo;Potenza;1;1.140;21,00;;1,21;;13,04;29,16;4,78;74,05
17076074;San Chirico Raparo;Potenza;1;919;9,69;;72,80;;0,75;7,54;1,02;42,60
17076076;San Fele;Potenza;1;2.535;42,98;;41,04;;13,29;2,66;;69,34
17076077;San Martino d'Agri;Potenza;1;646;30,61;;;;;0,57;4,04;62,93
17076020;San Paolo Albanese;Potenza;1;215;14,82;;53,81;;3,59;14,73;0,72;59,28
17076078;San Severino Lucano;Potenza;1;1.349;40,46;;15,62;;2,16;23,31;;77,06
17076080;Sant'Arcangelo;Potenza;1;5.958;15,12;;29,51;;2,22;1,84;2,17;35,23
17076082;Sasso di Castalda;Potenza;1;725;9,79;;66,98;;;5,95;0,17;53,39
17076088;Terranova di Pollino;Potenza;1;1.003;6,31;;37,37;;10,66;;;42,63
17076090;Tolve;Potenza;1;2.926;14,81;;20,76;;11,67;14,03;3,17;63,88
17076093;Trivigno;Potenza;1;582;15,82;;;;0,22;14,70;2,58;57,93
17076095;Venosa;Potenza;1;10.782;11,98;;10,44;;7,29;13,50;2,05;47,98
17076098;Viggiano;Potenza;1;3.201;11,83;;43,96;;6,05;4,44;1,92;43,69
09100001;Cantagallo;Prato;1;3.131;9,07;;18,52;;0,65;3,45;7,25;36,04
09100002;Carmignano;Prato;1;14.705;11,51;;19,56;;1,92;5,13;7,51;43,34
09100003;Montemurlo;Prato;1;19.107;9,21;;13,28;;2,95;4,40;7,19;34,57
09100004;Poggio a Caiano;Prato;1;9.940;13,76;;18,10;;3,57;5,01;4,06;39,49
09100005;Prato;Prato;1;198.034;8,64;;15,90;;5,06;4,90;9,78;43,27
09100006;Vaiano;Prato;1;9.889;9,19;;16,84;;2,63;5,11;6,57;38,24
09100007;Vernio;Prato;1;6.166;11,30;;23,28;;2,71;5,01;5,94;43,72
19088001;Acate;Ragusa;1;10.458;19,41;;21,90;;3,89;3,18;7,40;50,72
19088002;Chiaramonte Gulfi;Ragusa;1;8.019;23,24;;11,75;;5,53;13,91;2,83;56,24
19088003;Comiso;Ragusa;1;30.092;19,47;;0,96;;9,19;5,62;1,62;38,56
19088004;Giarratana;Ragusa;1;2.907;22,28;;36,45;;6,74;17,05;6,52;79,32
19088006;Modica;Ragusa;1;53.442;13,81;;26,46;;5,02;8,61;1,81;55,10
19088008;Pozzallo;Ragusa;1;18.900;12,99;;13,20;;10,01;8,54;1,83;46,98
19088009;Ragusa;Ragusa;1;73.684;13,29;;17,42;;5,20;10,21;17,93;66,94
19088011;Scicli;Ragusa;1;26.786;7,33;;5,85;;4,81;7,66;6,36;45,16
08039001;Alfonsine;Ravenna;1;11.600;31,90;;15,09;;3,11;4,41;4,78;40,79
08039002;Bagnacavallo;Ravenna;1;16.483;24,80;;12,36;;2,72;4,47;4,30;35,50
08039003;Bagnara di Romagna;Ravenna;1;2.396;21,71;;14,05;;3,73;5,35;3,13;39,35
08039004;Brisighella;Ravenna;1;7.173;7,75;;7,68;;3,69;4,73;4,38;28,99
08039005;Casola Valsenio;Ravenna;1;2.541;9,40;;4,99;;5,01;3,85;3,00;24,83
08039006;Castel Bolognese;Ravenna;1;9.531;21,40;;7,89;;3,76;4,31;5,28;34,75
08039007;Cervia;Ravenna;1;28.824;22,00;;7,31;;6,63;2,84;6,08;34,80
08039008;Conselice;Ravenna;1;9.623;14,27;;9,27;;2,23;3,22;3,17;26,55
08039009;Cotignola;Ravenna;1;7.371;18,86;;10,22;;3,36;3,52;3,54;32,12
08039010;Faenza;Ravenna;1;58.844;11,18;;13,62;;5,43;5,32;4,41;38,65
08039011;Fusignano;Ravenna;1;8.144;16,02;;8,95;;2,61;3,90;3,63;27,76
08039012;Lugo;Ravenna;1;32.267;17,61;;13,01;;4,23;3,58;5,04;36,30
08039013;Massa Lombarda;Ravenna;1;10.768;13,52;;4,91;;1,46;1,95;1,88;15,07
08039014;Ravenna;Ravenna;1;156.345;10,68;;12,71;;5,38;3,56;4,21;33,29
08039015;Riolo Terme;Ravenna;1;5.797;13,27;;10,60;;4,90;4,91;4,41;33,23
08039016;Russi;Ravenna;1;12.297;16,28;;9,51;;2,37;4,11;3,51;29,96
08039017;Sant'Agata sul Santerno;Ravenna;1;2.849;21,94;;9,20;;2,99;3,26;3,96;30,06
08039018;Solarolo;Ravenna;1;4.420;6,81;;3,51;;3,20;3,59;2,43;20,67
18080001;Africo;Reggio di Calabria;1;2.710;12,60;;44,86;;6,11;2,53;3,27;51,35
18080002;Agnana Calabra;Reggio di Calabria;1;455;22,52;;73,14;;4,23;10,64;2,32;68,30
18080003;Anoia;Reggio di Calabria;1;2.019;;;12,87;;1,06;1,92;;31,07
18080005;Ardore;Reggio di Calabria;1;4.845;31,97;;15,89;;2,20;1,79;3,73;40,57
18080008;Benestare;Reggio di Calabria;1;2.477;17,39;;13,94;;6,85;14,49;3,82;74,45
18080009;Bianco;Reggio di Calabria;1;4.241;30,87;;4,71;;1,42;0,22;4,34;39,41
18080010;Bivongi;Reggio di Calabria;1;1.166;;;29,85;;6,36;4,52;;45,79
18080011;Bova;Reggio di Calabria;1;429;41,91;;;;;14,77;;54,62
18080013;Bova Marina;Reggio di Calabria;1;4.056;9,80;;20,15;;4,14;1,87;4,60;35,25
18080012;Bovalino;Reggio di Calabria;1;8.669;48,57;;24,40;;1,23;2,09;2,08;45,10
18080014;Brancaleone;Reggio di Calabria;1;3.236;40,36;;63,78;;10,36;4,81;13,54;108,47
18080015;Bruzzano Zeffirio;Reggio di Calabria;1;1.022;10,34;;34,70;;4,93;7,70;1,02;54,46
18080016;Calanna;Reggio di Calabria;1;752;20,65;;90,61;;5,52;4,36;11,47;80,87
18080018;Campo Calabro;Reggio di Calabria;1;4.468;6,97;;23,45;;;2,13;3,25;32,06
18080019;Candidoni;Reggio di Calabria;1;419;0,56;;1,01;;;3,80;;22,15
18080022;Cardeto;Reggio di Calabria;1;1.282;25,86;;;;;0,71;4,78;64,97
18080023;Careri;Reggio di Calabria;1;2.088;23,20;;;;;11,71;;62,62
18080027;Cinquefrondi;Reggio di Calabria;1;6.222;18,13;;24,41;;1,47;1,48;0,92;39,21
18080028;Cittanova;Reggio di Calabria;1;9.676;23,58;;8,13;;5,33;0,37;0,10;33,96
18080031;Delianuova;Reggio di Calabria;1;3.051;14,45;;54,44;;3,75;2,53;0,23;52,07
18080032;Feroleto della Chiesa;Reggio di Calabria;1;1.511;57,04;;33,16;;0,36;0,06;0,20;61,90
18080035;Galatro;Reggio di Calabria;1;1.428;29,33;;9,39;;3,39;1,62;1,50;39,38
18080036;Gerace;Reggio di Calabria;1;2.313;14,82;;18,45;;1,40;8,53;;41,06
18080038;Gioia Tauro;Reggio di Calabria;1;19.236;1,83;;28,81;;1,98;3,65;;32,10
18080039;Gioiosa Ionica;Reggio di Calabria;1;6.816;13,74;;5,84;;4,96;5,52;4,61;34,42
18080041;Laganadi;Reggio di Calabria;1;335;39,23;;;;;1,68;7,64;63,82
18080042;Laureana di Borrello;Reggio di Calabria;1;4.583;13,77;;25,81;;7,32;4,36;;45,58
18080043;Locri;Reggio di Calabria;1;11.850;9,94;;23,09;;10,64;9,50;;52,22
18080044;Mammola;Reggio di Calabria;1;2.422;23,23;;1,12;;17,27;5,85;1,57;52,04
18080045;Marina di Gioiosa Ionica;Reggio di Calabria;1;6.304;19,88;;;;0,55;11,63;4,42;49,15
18080048;Melicucca;Reggio di Calabria;1;824;50,14;;25,83;;0,55;0,55;0,16;54,24
18080049;Melicucco;Reggio di Calabria;1;4.858;23,62;;9,79;;3,51;5,47;0,77;33,31
18080050;Melito di Porto Salvo;Reggio di Calabria;1;10.436;15,04;;44,36;;4,00;2,66;;46,97
18080051;Molochio;Reggio di Calabria;1;2.189;12,60;;30,71;;12,81;;1,61;47,61
18080052;Monasterace;Reggio di Calabria;1;3.304;22,99;;14,76;;;16,79;3,54;54,95
18080053;Montebello Ionico;Reggio di Calabria;1;5.605;12,58;;62,33;;1,61;2,04;4,41;48,76
18080055;Oppido Mamertina;Reggio di Calabria;1;4.740;2,87;;31,54;;1,59;7,85;9,65;49,28
18080057;Palmi;Reggio di Calabria;1;18.099;18,53;;9,79;;4,60;5,07;0,80;40,20
18080060;Plati;Reggio di Calabria;1;3.690;14,70;;28,36;;0,44;1,58;1,62;50,64
18080061;Polistena;Reggio di Calabria;1;9.901;2,29;;14,62;;1,48;4,48;0,46;29,55
18080062;Portigliola;Reggio di Calabria;1;1.021;56,55;;104,08;;21,00;27,82;;145,39
18080063;Reggio di Calabria;Reggio di Calabria;1;169.795;4,09;;35,99;;10,72;8,74;49,80;106,80
18080064;Riace;Reggio di Calabria;1;1.789;13,78;;26,54;;2,06;6,64;2,76;45,36
18080065;Rizziconi;Reggio di Calabria;1;7.675;15,64;;20,14;;4,38;2,24;2,80;42,60
18080068;Roghudi;Reggio di Calabria;1;930;7,98;;43,99;;;9,20;3,56;61,19
18080070;Samo;Reggio di Calabria;1;703;16,67;;;;2,43;13,64;4,61;71,77
18080097;San Ferdinando;Reggio di Calabria;1;4.309;16,73;;94,00;;5,79;1,83;1,23;64,56
18080071;San Giorgio Morgeto;Reggio di Calabria;1;2.933;23,28;;12,11;;3,87;1,53;;42,44
18080077;San Roberto;Reggio di Calabria;1;1.516;24,20;;90,70;;5,04;9,14;1,74;71,84
18080078;Santa Cristina d'Aspromonte;Reggio di Calabria;1;737;19,92;;40,96;;5,75;3,25;1,34;55,56
18080079;Sant'Agata del Bianco;Reggio di Calabria;1;561;;;70,14;;14,51;;;54,31
18080080;Sant'Alessio in Aspromonte;Reggio di Calabria;1;325;22,07;;;;3,70;11,08;0,41;51,73
18080082;Sant'Ilario dello Ionio;Reggio di Calabria;1;1.348;13,56;;31,85;;2,53;3,05;4,18;51,73
18080084;Scido;Reggio di Calabria;1;790;2,66;;5,28;;8,67;3,21;0,26;38,29
18080086;Seminara;Reggio di Calabria;1;2.452;16,43;;16,96;;6,14;0,66;0,14;52,58
18080089;Sinopoli;Reggio di Calabria;1;1.862;4,49;;47,50;;0,52;10,67;0,44;49,92
18080090;Staiti;Reggio di Calabria;1;174;16,16;;;;;6,86;13,11;56,45
18080093;Taurianova;Reggio di Calabria;1;14.788;7,99;;11,53;;3,77;14,80;;46,99
18080096;Villa San Giovanni;Reggio di Calabria;1;12.720;9,36;;44,81;;6,57;0,33;;47,32
08035001;Albinea;Reggio nell'Emilia;1;8.892;22,39;;6,49;;0,72;1,34;5,08;22,61
08035002;Bagnolo in Piano;Reggio nell'Emilia;1;9.589;15,08;;13,12;;1,10;2,26;8,10;31,44
08035003;Baiso;Reggio nell'Emilia;1;3.217;3,61;;12,07;;1,44;7,80;5,14;27,50
08035004;Bibbiano;Reggio nell'Emilia;1;10.221;16,69;;8,61;;1,10;3,47;6,45;26,35
08035005;Boretto;Reggio nell'Emilia;1;5.301;13,36;;4,99;;1,60;3,51;3,51;22,13
08035006;Brescello;Reggio nell'Emilia;1;5.574;13,71;;5,00;;1,68;2,84;3,12;21,83
08035008;Cadelbosco di Sopra;Reggio nell'Emilia;1;10.719;16,07;;11,01;;0,31;1,35;6,52;26,02
08035009;Campagnola Emilia;Reggio nell'Emilia;1;5.555;20,11;;10,60;;0,20;2,87;6,35;27,44
08035010;Campegine;Reggio nell'Emilia;1;5.352;16,46;;5,47;;0,26;2,30;3,83;16,95
08035018;Canossa;Reggio nell'Emilia;1;3.779;3,85;;11,91;;0,87;7,37;5,35;27,36
08035011;Carpineti;Reggio nell'Emilia;1;3.918;5,06;;13,37;;0,59;11,27;6,67;34,16
08035012;Casalgrande;Reggio nell'Emilia;1;18.953;5,42;;8,29;;0,31;5,28;4,48;21,98
08035013;Casina;Reggio nell'Emilia;1;4.550;8,59;;11,97;;1,32;5,41;6,58;30,16
08035014;Castellarano;Reggio nell'Emilia;1;15.254;5,68;;11,88;;1,26;3,20;6,66;26,11
08035015;Castelnovo di Sotto;Reggio nell'Emilia;1;8.627;16,25;;7,94;;0,71;1,57;5,15;21,39
08035016;Castelnovo ne' Monti;Reggio nell'Emilia;1;10.348;8,63;;12,25;;2,34;12,21;7,89;40,22
08035017;Cavriago;Reggio nell'Emilia;1;9.902;15,07;;4,59;;0,80;1,88;4,75;20,81
08035020;Correggio;Reggio nell'Emilia;1;25.166;23,61;;6,83;;0,80;1,49;6,21;22,41
08035022;Gattatico;Reggio nell'Emilia;1;5.718;16,78;;10,17;;2,07;5,77;7,84;33,71
08035023;Gualtieri;Reggio nell'Emilia;1;6.292;12,49;;6,84;;1,98;3,50;3,20;23,34
08035024;Guastalla;Reggio nell'Emilia;1;14.630;14,06;;6,27;;2,08;3,59;2,84;23,74
08035026;Luzzara;Reggio nell'Emilia;1;8.600;10,08;;4,88;;2,13;2,80;2,55;20,06
08035027;Montecchio Emilia;Reggio nell'Emilia;1;10.458;16,34;;9,02;;1,30;2,81;6,71;26,91
08035028;Novellara;Reggio nell'Emilia;1;13.291;14,29;;4,88;;2,52;3,54;3,16;22,27
08035029;Poviglio;Reggio nell'Emilia;1;7.097;14,32;;3,79;;1,43;3,38;3,18;20,01
08035033;Reggio nell'Emilia;Reggio nell'Emilia;1;171.342;23,15;;12,76;;4,70;5,36;7,80;38,47
08035032;Reggiolo;Reggio nell'Emilia;1;9.276;10,57;;4,63;;1,41;2,80;2,59;19,18
08035034;Rio Saliceto;Reggio nell'Emilia;1;6.039;22,84;;9,69;;0,46;2,40;6,04;26,42
08035035;Rolo;Reggio nell'Emilia;1;4.001;31,45;;5,86;;0,29;1,27;5,19;19,04
08035036;Rubiera;Reggio nell'Emilia;1;14.757;17,23;;6,82;;0,68;2,42;4,56;19,42
08035037;San Martino in Rio;Reggio nell'Emilia;1;8.246;15,18;;10,36;;0,55;4,27;7,35;29,76
08035038;San Polo d'Enza;Reggio nell'Emilia;1;6.139;19,93;;6,37;;0,34;2,01;6,09;22,61
08035039;Sant'Ilario d'Enza;Reggio nell'Emilia;1;11.390;20,49;;8,36;;1,04;4,70;5,77;27,43
08035040;Scandiano;Reggio nell'Emilia;1;25.877;20,02;;8,19;;1,11;6,33;5,01;28,32
08035041;Toano;Reggio nell'Emilia;1;4.154;3,91;;13,75;;1,08;8,19;6,04;30,48
08035046;Ventasso;Reggio nell'Emilia;1;3.903;2,79;;11,84;;1,36;15,13;4,35;33,52
08035043;Vezzano sul Crostolo;Reggio nell'Emilia;1;4.386;10,98;;10,53;;0,07;3,37;11,49;32,26
08035044;Viano;Reggio nell'Emilia;1;3.418;5,80;;11,91;;0,24;4,51;5,49;25,63
08035045;Villa Minozzo;Reggio nell'Emilia;1;3.509;4,68;;11,18;;0,85;17,53;5,08;38,22
12057001;Accumoli;Rieti;1;516;11,21;;115,71;;1,26;10,52;1,22;41,65
12057002;Amatrice;Rieti;1;2.215;21,76;;842,95;;2,13;7,32;2,04;51,47
12057003;Antrodoco;Rieti;1;2.306;13,13;;30,85;;2,60;7,21;8,75;52,62
12057004;Ascrea;Rieti;1;205;15,86;;46,73;;23,46;16,43;4,10;92,46
12057006;Borbona;Rieti;1;573;12,04;;1,41;;4,96;3,74;7,45;37,47
12057008;Borgo Velino;Rieti;1;915;8,94;;19,29;;4,80;7,37;8,91;46,77
12057007;Borgorose;Rieti;1;4.202;30,12;;22,09;;2,04;1,57;1,67;40,81
12057010;Cantalupo in Sabina;Rieti;1;1.662;16,53;;21,17;;4,17;5,19;2,24;35,05
12057013;Castel di Tora;Rieti;1;274;13,00;;28,84;;;10,81;2,72;48,98
12057015;Castel Sant'Angelo;Rieti;1;1.187;12,14;;26,78;;7,52;8,96;6,15;54,03
12057016;Cittaducale;Rieti;1;6.411;11,90;;21,84;;2,62;9,19;12,46;52,19
12057017;Cittareale;Rieti;1;395;15,33;;9,34;;;5,91;0,87;34,76
12057018;Collalto Sabino;Rieti;1;382;151,30;;;;13,85;4,16;;71,76
12057019;Colle di Tora;Rieti;1;371;6,93;;24,97;;;19,48;9,49;57,12
12057020;Collegiove;Rieti;1;123;18,06;;80,71;;15,30;29,83;45,13;144,08
12057021;Collevecchio;Rieti;1;1.593;31,72;;15,15;;;5,77;4,18;35,48
12057023;Concerviano;Rieti;1;278;28,64;;28,56;;2,72;7,46;1,81;60,73
12057029;Forano;Rieti;1;3.259;18,16;;29,90;;;9,59;2,22;48,15
12057033;Leonessa;Rieti;1;2.085;7,87;;20,64;;2,46;5,45;0,31;35,67
12057035;Magliano Sabina;Rieti;1;3.443;21,55;;17,72;;0,96;7,23;3,24;37,23
12057036;Marcetelli;Rieti;1;57;25,42;;;;32,58;27,48;30,52;142,41
12057037;Micigliano;Rieti;1;112;40,17;;;;10,16;;;60,88
12057038;Mompeo;Rieti;1;518;17,98;;20,33;;0,92;4,05;2,75;35,42
12057040;Montebuono;Rieti;1;801;12,93;;33,21;;10,60;10,91;7,93;65,46
12057045;Morro Reatino;Rieti;1;340;14,59;;36,01;;;8,12;6,34;51,56
12057046;Nespolo;Rieti;1;199;;;74,42;;29,50;6,08;;94,32
12057048;Paganico Sabino;Rieti;1;156;6,27;;53,42;;18,91;7,36;2,46;63,83
12057049;Pescorocchiano;Rieti;1;1.827;17,84;;38,45;;6,74;7,30;17,24;71,68
12057051;Poggio Bustone;Rieti;1;1.968;17,60;;59,38;;;2,79;1,44;56,43
12057056;Poggio San Lorenzo;Rieti;1;550;24,09;;41,25;;;7,72;3,76;58,78
12057057;Posta;Rieti;1;555;18,48;;43,94;;0,82;6,29;5,04;54,26
12057059;Rieti;Rieti;1;45.273;10,92;;25,10;;5,35;4,86;4,82;46,80
12057060;Rivodutri;Rieti;1;1.152;12,39;;21,78;;;4,01;3,58;35,43
12057062;Rocca Sinibalda;Rieti;1;778;7,68;;41,85;;11,33;3,83;8,20;62,08
12057063;Salisano;Rieti;1;481;19,30;;36,39;;12,94;7,84;7,89;68,48
12057065;Selci;Rieti;1;1.144;16,50;;35,63;;5,97;9,80;4,13;57,90
12057066;Stimigliano;Rieti;1;2.192;30,34;;16,47;;10,70;7,18;2,65;51,37
12057067;Tarano;Rieti;1;1.386;22,35;;29,18;;4,73;8,40;11,93;60,97
12057070;Torri in Sabina;Rieti;1;1.223;9,75;;24,44;;;9,49;2,63;39,24
08099001;Bellaria-Igea Marina;Rimini;1;19.478;8,97;;17,13;;5,88;3,49;4,16;38,71
08099002;Cattolica;Rimini;1;16.620;19,48;;19,83;;6,68;3,49;2,14;42,96
08099003;Coriano;Rimini;1;10.466;25,65;;16,25;;1,04;2,11;2,55;32,78
08099004;Gemmano;Rimini;1;1.143;8,56;;10,53;;2,18;3,93;4,60;24,64
08099022;Maiolo;Rimini;1;801;13,05;;9,59;;7,01;4,45;1,44;30,76
08099005;Misano Adriatico;Rimini;1;14.136;17,43;;13,58;;4,18;1,72;2,24;32,93
08099006;Mondaino;Rimini;1;1.344;8,75;;13,78;;1,75;2,95;4,77;27,21
08099030;Montecopiolo;Rimini;1;1.047;11,08;;22,06;;1,50;6,08;3,83;33,83
08099008;Montefiore Conca;Rimini;1;2.313;7,68;;12,97;;0,86;2,41;3,27;22,55
08099009;Montegridolfo;Rimini;1;981;8,08;;12,41;;1,95;6,11;4,06;29,15
08099029;Montescudo-Monte Colombo;Rimini;1;6.909;5,79;;8,55;;0,16;1,39;1,62;15,67
08099011;Morciano di Romagna;Rimini;1;7.171;21,80;;10,50;;3,08;4,76;1,62;32,10
08099028;Poggio Torriana;Rimini;1;5.142;2,76;;5,42;;;1,65;3,28;17,06
08099013;Riccione;Rimini;1;34.431;11,66;;20,56;;7,09;5,85;4,37;48,67
08099014;Rimini;Rimini;1;150.272;9,06;;17,73;;6,45;4,38;4,96;41,41
08099015;Saludecio;Rimini;1;3.153;2,64;;3,29;;0,58;2,59;5,59;18,85
08099016;San Clemente;Rimini;1;5.805;5,93;;5,77;;0,38;2,95;3,79;18,85
08099017;San Giovanni in Marignano;Rimini;1;9.416;11,02;;8,54;;3,73;2,26;2,44;27,97
08099018;Santarcangelo di Romagna;Rimini;1;22.254;10,89;;10,99;;1,97;3,27;2,40;26,89
08099031;Sassofeltrio;Rimini;1;1.372;16,14;;18,17;;3,61;6,51;6,13;38,86
08099020;Verucchio;Rimini;1;10.052;11,63;;10,46;;3,99;3,19;4,42;31,59
12058001;Affile;Roma;1;1.410;14,15;;18,10;;3,33;4,95;8,98;49,40
12058003;Albano Laziale;Roma;1;39.753;21,79;;23,09;;1,93;7,11;8,40;50,21
12058004;Allumiere;Roma;1;3.745;58,84;;15,04;;;0,75;0,36;33,49
12058005;Anguillara Sabazia;Roma;1;19.089;11,33;;19,59;;4,57;6,61;0,78;42,49
12058008;Arcinazzo Romano;Roma;1;1.218;11,80;;;;5,27;11,63;1,80;40,97
12058117;Ardea;Roma;1;50.116;24,99;;10,30;;3,07;1,29;10,14;39,65
12058009;Ariccia;Roma;1;17.997;8,19;;25,18;;3,88;4,16;2,28;43,19
12058011;Artena;Roma;1;13.638;6,45;;27,67;;3,86;10,49;7,25;52,84
12058012;Bellegra;Roma;1;2.626;30,21;;26,44;;10,50;13,09;5,51;66,63
12058014;Camerata Nuova;Roma;1;413;6,23;;77,43;;3,45;42,61;22,24;112,18
12058016;Canale Monterano;Roma;1;4.151;20,16;;28,06;;2,95;5,52;1,26;48,89
12058017;Canterano;Roma;1;370;7,14;;32,81;;13,72;16,42;2,53;64,78
12058018;Capena;Roma;1;10.860;7,42;;14,12;;4,14;3,50;5,37;34,74
12058019;Capranica Prenestina;Roma;1;316;15,46;;19,68;;7,25;26,30;0,66;74,59
12058020;Carpineto Romano;Roma;1;3.999;39,05;;30,98;;13,79;8,51;1,32;87,94
12058021;Casape;Roma;1;612;143,08;;;;;;;51,53
12058022;Castel Gandolfo;Roma;1;8.651;44,41;;18,16;;4,81;7,12;0,91;41,70
12058025;Castel San Pietro Romano;Roma;1;848;23,57;;33,89;;6,45;12,08;5,13;70,21
12058026;Cave;Roma;1;10.822;16,21;;23,72;;4,09;3,20;2,53;43,41
12058027;Cerreto Laziale;Roma;1;1.073;8,70;;49,62;;5,49;5,26;2,05;63,12
12058028;Cervara di Roma;Roma;1;461;;;35,86;;9,96;15,57;1,23;54,24
12058029;Cerveteri;Roma;1;37.950;18,52;;17,61;;6,41;5,27;3,38;41,83
12058118;Ciampino;Roma;1;38.774;21,64;;21,10;;4,55;3,84;7,67;46,86
12058030;Ciciliano;Roma;1;1.250;18,71;;24,32;;4,65;20,58;3,68;59,05
12058033;Civitella San Paolo;Roma;1;1.998;22,31;;34,73;;5,95;1,72;;60,69
12058034;Colleferro;Roma;1;20.487;24,56;;21,41;;9,22;6,31;1,00;51,93
12058035;Colonna;Roma;1;4.248;21,60;;28,25;;5,56;5,52;10,58;61,93
12058036;Fiano Romano;Roma;1;16.467;6,25;;13,48;;2,39;5,13;0,68;29,58
12058120;Fiumicino;Roma;1;82.506;12,45;;15,31;;8,67;3,86;7,04;43,95
12058122;Fonte Nuova;Roma;1;32.752;17,20;;27,27;;3,30;5,50;16,82;61,63
12058038;Formello;Roma;1;13.765;8,85;;23,36;;7,39;5,43;0,76;42,32
12058039;Frascati;Roma;1;22.849;16,12;;26,72;;4,04;18,81;2,83;48,84
12058040;Gallicano nel Lazio;Roma;1;6.492;15,19;;24,27;;4,44;5,84;6,51;50,96
12058041;Gavignano;Roma;1;1.875;13,25;;33,36;;8,48;4,73;0,81;46,22
12058042;Genazzano;Roma;1;5.669;25,15;;22,29;;9,54;5,59;1,00;51,67
12058043;Genzano di Roma;Roma;1;22.724;17,62;;23,61;;4,89;3,40;3,30;45,19
12058045;Gorga;Roma;1;654;30,53;;34,09;;13,30;9,43;2,33;89,64
12058046;Grottaferrata;Roma;1;20.429;21,71;;18,15;;3,49;3,38;7,51;46,89
12058047;Guidonia Montecelio;Roma;1;89.411;11,01;;20,89;;4,95;9,79;4,07;50,31
12058048;Jenne;Roma;1;321;14,19;;57,35;;7,78;2,50;3,08;47,37
12058049;Labico;Roma;1;6.448;16,97;;17,60;;7,08;11,78;3,56;57,72
12058116;Ladispoli;Roma;1;40.876;5,01;;16,71;;6,03;5,38;2,87;38,20
12058050;Lanuvio;Roma;1;12.900;20,83;;48,92;;4,02;1,96;8,82;58,15
12058115;Lariano;Roma;1;13.187;14,93;;17,81;;2,53;2,75;2,18;33,50
12058052;Magliano Romano;Roma;1;1.383;14,32;;34,16;;8,84;6,71;2,76;57,18
12058054;Manziana;Roma;1;7.765;22,67;;18,42;;3,02;4,17;5,30;42,11
12058055;Marano Equo;Roma;1;771;41,44;;23,47;;;;1,67;42,08
12058056;Marcellina;Roma;1;7.035;18,18;;9,10;;3,21;4,55;1,81;41,20
12058057;Marino;Roma;1;46.514;12,71;;16,74;;6,83;8,14;6,21;47,45
12058058;Mazzano Romano;Roma;1;2.932;10,70;;24,99;;14,80;7,03;14,10;57,00
12058059;Mentana;Roma;1;22.686;19,47;;17,57;;2,89;5,68;7,68;44,75
12058060;Monte Compatri;Roma;1;11.824;15,82;;16,56;;5,24;12,75;1,75;46,28
12058064;Monte Porzio Catone;Roma;1;8.581;11,73;;33,52;;4,25;1,78;4,42;36,82
12058061;Monteflavio;Roma;1;1.164;16,58;;26,47;;8,15;10,55;2,59;59,26
12058062;Montelanico;Roma;1;2.030;6,86;;26,97;;14,63;9,92;0,83;56,01
12058063;Montelibretti;Roma;1;5.139;18,88;;16,67;;2,86;7,28;5,35;42,71
12058065;Monterotondo;Roma;1;41.191;25,57;;20,12;;8,28;0,95;5,22;47,99
12058066;Montorio Romano;Roma;1;1.920;16,67;;26,04;;12,24;12,36;5,15;64,71
12058067;Moricone;Roma;1;2.440;20,91;;26,66;;6,86;7,04;5,77;58,24
12058068;Morlupo;Roma;1;8.513;16,38;;22,42;;8,71;3,22;3,37;44,47
12058070;Nemi;Roma;1;1.851;15,18;;11,96;;5,34;6,96;0,51;45,48
12058071;Nerola;Roma;1;1.898;21,67;;31,77;;7,64;7,46;2,12;65,93
12058072;Nettuno;Roma;1;48.297;16,20;;25,38;;5,64;9,04;0,66;44,97
12058073;Olevano Romano;Roma;1;6.374;25,67;;36,20;;6,94;2,33;2,10;48,40
12058074;Palestrina;Roma;1;22.158;26,63;;19,76;;4,57;4,09;14,45;59,88
12058075;Palombara Sabina;Roma;1;12.997;11,49;;28,57;;8,77;3,89;11,54;57,89
12058078;Poli;Roma;1;2.202;21,47;;31,87;;6,00;2,00;4,77;44,77
12058079;Pomezia;Roma;1;64.617;8,74;;21,63;;9,49;4,38;3,20;46,76
12058080;Ponzano Romano;Roma;1;1.270;24,56;;36,38;;6,94;6,54;6,00;62,27
12058081;Riano;Roma;1;10.419;6,61;;14,27;;4,60;1,31;2,32;29,60
12058082;Rignano Flaminio;Roma;1;10.103;9,42;;13,52;;3,80;0,97;2,23;30,53
12058085;Rocca di Cave;Roma;1;360;12,10;;87,39;;6,74;4,51;44,43;129,98
12058086;Rocca di Papa;Roma;1;17.833;11,56;;13,69;;2,85;4,03;9,79;39,25
12058088;Rocca Priora;Roma;1;12.024;26,84;;23,45;;7,21;2,93;0,50;48,48
12058089;Rocca Santo Stefano;Roma;1;912;79,84;;9,88;;7,24;5,35;0,92;51,36
12058090;Roiate;Roma;1;633;11,60;;88,40;;9,40;5,50;;81,83
12058091;Roma;Roma;1;2.754.719;9,82;;24,98;;7,99;5,45;4,84;46,93
12058092;Roviano - Dato aggregazione Unione dei Comuni del Medaniene;Roma;6;4.956;10,03;;32,35;;0,27;;1,78;37,40
12058093;Sacrofano;Roma;1;7.410;17,77;;21,55;;8,16;9,34;10,30;58,28
12058094;Sambuci;Roma;1;832;61,39;;20,58;;3,73;3,96;1,43;62,31
12058119;San Cesareo;Roma;1;16.241;13,46;;18,40;;3,57;3,18;3,16;38,69
12058095;San Gregorio da Sassola;Roma;1;1.428;68,24;;26,15;;;18,62;4,02;69,88
12058096;San Polo dei Cavalieri;Roma;1;2.775;8,92;;25,85;;5,76;15,57;1,63;61,31
12058100;San Vito Romano;Roma;1;3.062;21,15;;24,23;;5,18;2,56;2,31;46,63
12058097;Santa Marinella;Roma;1;18.471;8,82;;8,81;;5,88;12,75;5,32;45,36
12058098;Sant'Angelo Romano;Roma;1;4.983;25,37;;24,34;;5,67;5,97;6,97;54,43
12058099;Sant'Oreste;Roma;1;3.445;8,81;;17,25;;6,15;4,38;3,64;38,69
12058102;Segni;Roma;1;8.972;8,34;;94,39;;7,52;6,35;1,38;50,15
12058103;Subiaco;Roma;1;8.533;9,66;;24,66;;4,64;2,14;9,67;45,72
12058104;Tivoli;Roma;1;55.201;12,52;;25,24;;7,98;6,14;3,90;50,87
12058105;Tolfa;Roma;1;4.716;20,30;;16,40;;2,92;1,26;0,29;40,45
12058107;Trevignano Romano;Roma;1;5.833;12,39;;8,92;;4,79;1,33;0,92;30,23
12058109;Vallinfreda;Roma;1;292;14,13;;74,75;;3,35;12,90;5,09;101,20
12058110;Valmontone;Roma;1;15.755;12,98;;21,48;;3,88;5,43;4,32;47,34
12058111;Velletri;Roma;1;52.898;22,51;;21,50;;1,51;3,77;5,71;41,85
12058112;Vicovaro - Dato aggregazione UNIONE DEI COMUNI DELLA VALLE USTICA;Roma;5;5.800;8,91;;21,42;;;3,84;0,37;30,54
12058114;Zagarolo;Roma;1;18.630;16,19;;23,34;;4,45;4,57;7,55;51,70
05029001;Adria;Rovigo;1;18.581;15,15;;8,06;;4,35;5,98;6,44;33,70
05029002;Ariano nel Polesine;Rovigo;1;3.860;11,73;;12,91;;1,09;9,74;4,70;35,52
05029003;Arqua  Polesine;Rovigo;1;2.570;13,69;;10,77;;0,33;5,73;4,37;29,22
05029004;Badia Polesine;Rovigo;1;10.209;15,36;;13,60;;1,86;7,25;6,19;38,12
05029005;Bagnolo di Po;Rovigo;1;1.217;25,14;;16,48;;2,39;9,31;7,95;48,95
05029006;Bergantino;Rovigo;1;2.385;17,08;;12,74;;1,81;7,04;6,01;36,99
05029007;Bosaro;Rovigo;1;1.412;14,21;;9,28;;1,16;9,45;7,24;35,38
05029008;Calto;Rovigo;1;682;15,08;;13,18;;1,81;7,05;6,02;37,05
05029009;Canaro;Rovigo;1;2.533;15,00;;13,89;;0,95;7,28;7,65;36,69
05029010;Canda;Rovigo;1;823;18,04;;17,35;;2,33;9,08;7,76;47,75
05029011;Castelguglielmo;Rovigo;1;1.536;25,31;;14,32;;2,13;8,28;7,08;43,55
05029012;Castelmassa;Rovigo;1;3.992;18,61;;11,50;;1,69;6,56;5,61;34,50
05029013;Castelnovo Bariano;Rovigo;1;2.565;28,44;;12,30;;1,89;7,37;6,30;38,77
05029014;Ceneselli;Rovigo;1;1.554;40,69;;18,44;;3,56;18,37;14,06;74,12
05029015;Ceregnano;Rovigo;1;3.387;13,65;;10,70;;1,17;8,73;6,17;34,05
05029017;Corbola;Rovigo;1;2.224;7,65;;11,48;;0,56;6,86;7,92;33,51
05029018;Costa di Rovigo;Rovigo;1;2.455;10,89;;8,52;;;8,16;4,57;29,48
05029019;Crespino;Rovigo;1;1.754;21,86;;12,65;;0,67;8,35;4,16;34,28
05029021;Ficarolo;Rovigo;1;2.167;8,66;;15,37;;1,73;6,74;5,75;35,42
05029022;Fiesso Umbertiano;Rovigo;1;3.882;21,82;;12,20;;1,67;7,07;6,04;37,02
05029023;Frassinelle Polesine;Rovigo;1;1.314;21,02;;10,19;;0,83;9,67;7,48;35,60
05029024;Fratta Polesine;Rovigo;1;2.439;14,64;;13,68;;0,71;7,92;9,11;40,08
05029025;Gaiba;Rovigo;1;964;30,18;;13,88;;2,12;8,26;7,06;43,43
05029026;Gavello;Rovigo;1;1.452;27,38;;10,62;;0,40;9,48;4,21;35,01
05029027;Giacciano con Baruchella;Rovigo;1;2.061;21,48;;16,74;;2,35;9,17;7,83;48,19
05029028;Guarda Veneta;Rovigo;1;1.105;14,19;;10,16;;0,86;6,81;9,85;36,61
05029029;Lendinara;Rovigo;1;11.460;17,54;;13,09;;1,86;7,23;6,17;38,00
05029031;Lusia;Rovigo;1;3.278;13,04;;11,51;;0,36;6,65;4,39;31,70
05029032;Melara;Rovigo;1;1.681;20,20;;15,71;;2,21;8,61;7,35;45,25
05029033;Occhiobello;Rovigo;1;12.059;18,63;;11,90;;1,73;6,75;5,77;35,51
05029034;Papozze;Rovigo;1;1.389;11,89;;17,71;;1,70;8,47;8,40;42,37
05029035;Pettorazza Grimani;Rovigo;1;1.430;18,53;;9,92;;1,17;6,36;4,51;29,08
05029036;Pincara;Rovigo;1;1.080;21,49;;17,24;;2,41;9,38;8,02;49,34
05029037;Polesella;Rovigo;1;3.609;14,64;;12,89;;0,26;7,70;7,44;35,99
05029038;Pontecchio Polesine;Rovigo;1;2.215;18,69;;8,80;;;7,51;4,15;29,81
05029039;Porto Tolle;Rovigo;1;8.877;11,41;;10,72;;3,20;6,22;7,11;37,06
05029052;Porto Viro;Rovigo;1;13.757;9,95;;11,54;;2,00;5,46;6,61;32,99
05029040;Rosolina;Rovigo;1;6.182;5,86;;17,15;;0,79;7,01;5,09;34,02
05029041;Rovigo;Rovigo;1;50.099;17,26;;11,31;;1,64;6,39;5,46;33,60
05029042;Salara;Rovigo;1;1.026;23,98;;15,81;;2,29;8,92;7,62;46,91
05029043;San Bellino;Rovigo;1;1.048;14,68;;11,51;;1,01;7,67;4,98;34,58
05029044;San Martino di Venezze;Rovigo;1;3.738;11,33;;11,43;;0,77;7,96;5,46;32,64
05029045;Stienta;Rovigo;1;3.095;19,51;;12,75;;1,85;7,21;6,16;37,91
05029046;Taglio di Po;Rovigo;1;7.866;9,70;;8,23;;2,08;6,55;6,54;31,19
05029047;Trecenta;Rovigo;1;2.566;12,14;;15,77;;1,96;7,64;6,53;40,17
05029048;Villadose;Rovigo;1;4.657;10,78;;10,49;;1,96;7,14;5,78;33,32
05029049;Villamarzana;Rovigo;1;1.131;13,12;;9,58;;;9,46;7,40;36,58
05029050;Villanova del Ghebbo;Rovigo;1;1.983;10,85;;12,40;;2,48;7,49;5,86;35,43
05029051;Villanova Marchesana;Rovigo;1;901;12,24;;15,59;;0,68;7,68;5,05;35,07
15065002;Agropoli;Salerno;1;21.349;6,92;;22,71;;7,84;6,67;18,83;62,64
15065003;Albanella;Salerno;1;6.283;62,13;;15,83;;3,29;1,49;0,95;43,20
15065004;Alfano;Salerno;1;931;26,62;;;;17,34;1,09;;36,76
15065005;Altavilla Silentina;Salerno;1;7.018;27,71;;26,18;;3,38;4,66;6,08;58,68
15065006;Amalfi;Salerno;1;4.644;36,07;;27,99;;5,73;8,91;1,38;62,11
15065007;Angri;Salerno;1;34.132;10,13;;14,12;;3,23;4,55;1,58;34,52
15065008;Aquara;Salerno;1;1.299;38,49;;;;5,53;4,09;;40,37
15065009;Ascea;Salerno;1;5.828;12,85;;19,68;;;5,78;3,48;37,87
15065011;Atrani;Salerno;1;792;43,94;;38,63;;7,23;7,57;10,99;85,44
15065012;Auletta;Salerno;1;2.147;16,16;;25,82;;1,84;4,17;5,54;47,25
15065013;Baronissi;Salerno;1;16.887;17,14;;15,04;;4,05;4,17;8,89;39,69
15065014;Battipaglia;Salerno;1;49.635;;;29,06;;2,89;4,69;11,88;51,32
15065158;Bellizzi;Salerno;1;13.302;13,51;;12,08;;6,16;4,02;1,44;37,30
15065015;Bellosguardo;Salerno;1;681;18,48;;18,65;;2,11;2,80;0,34;38,48
15065016;Bracigliano;Salerno;1;5.322;5,48;;46,22;;3,85;23,25;;68,78
15065017;Buccino;Salerno;1;4.513;12,89;;27,48;;0,77;7,30;6,52;49,32
15065018;Buonabitacolo;Salerno;1;2.430;3,58;;11,18;;7,14;6,29;5,41;38,09
15065019;Caggiano;Salerno;1;2.502;13,40;;12,40;;0,20;4,55;0,77;36,66
15065020;Calvanico;Salerno;1;1.394;;;;;;;;111,82
15065022;Campagna;Salerno;1;16.759;13,75;;17,03;;1,81;3,21;2,69;41,03
15065023;Campora;Salerno;1;312;37,90;;15,56;;3,49;14,53;;64,73
15065024;Cannalonga;Salerno;1;938;128,79;;;;;;;33,70
15065025;Capaccio;Salerno;1;22.364;8,53;;22,92;;3,16;3,29;0,25;39,29
15065028;Casal Velino;Salerno;1;5.382;19,01;;12,99;;2,31;5,13;1,71;33,49
15065027;Casaletto Spartano;Salerno;1;1.262;14,21;;14,63;;6,57;2,73;9,61;51,44
15065029;Caselle in Pittari;Salerno;1;1.869;9,92;;17,61;;2,43;1,09;9,41;39,44
15065034;Castel San Giorgio;Salerno;1;13.738;15,75;;25,20;;2,67;8,52;33,31;81,37
15065035;Castel San Lorenzo;Salerno;1;2.206;21,03;;16,28;;7,58;3,60;2,82;47,49
15065030;Castelcivita;Salerno;1;1.394;7,70;;19,71;;5,21;1,43;0,59;38,09
15065031;Castellabate;Salerno;1;8.662;16,80;;15,47;;8,19;3,90;13,09;51,26
15065033;Castelnuovo di Conza;Salerno;1;506;34,71;;19,36;;;10,07;9,47;60,38
15065036;Castiglione del Genovesi;Salerno;1;1.282;102,28;;1,91;;3,60;19,82;1,83;70,23
15065037;Cava de' Tirreni;Salerno;1;50.191;13,97;;17,29;;10,13;3,89;2,73;46,33
15065038;Celle di Bulgheria;Salerno;1;1.711;16,47;;31,26;;;7,34;6,94;55,06
15065039;Centola;Salerno;1;4.958;14,07;;31,77;;7,62;4,20;0,42;56,98
15065040;Ceraso;Salerno;1;2.223;29,43;;20,24;;2,46;7,16;16,39;74,33
15065041;Cetara;Salerno;1;1.937;107,51;;0,79;;16,37;4,07;0,36;58,15
15065042;Cicerale;Salerno;1;1.180;20,30;;47,65;;7,39;5,67;5,68;73,50
15065043;Colliano;Salerno;1;3.403;14,96;;18,57;;4,26;2,41;6,17;44,33
15065044;Conca dei Marini;Salerno;1;648;23,40;;42,91;;6,37;1,64;6,00;68,77
15065045;Controne;Salerno;1;764;98,42;;16,63;;10,76;0,28;41,39;94,25
15065046;Contursi Terme;Salerno;1;3.167;24,12;;21,57;;5,82;1,78;7,36;43,29
15065047;Corbara;Salerno;1;2.484;20,68;;16,97;;1,78;4,60;3,93;44,97
15065048;Corleto Monforte;Salerno;1;485;22,56;;29,24;;3,05;9,30;0,41;60,85
15065049;Cuccaro Vetere;Salerno;1;521;16,55;;11,61;;3,94;35,48;;65,62
15065050;Eboli;Salerno;1;37.601;9,40;;22,70;;7,87;5,76;7,68;49,43
15065051;Felitto;Salerno;1;1.153;196,71;;26,59;;14,61;1,17;2,39;89,63
15065052;Fisciano;Salerno;1;14.129;34,79;;16,79;;6,62;10,66;29,78;94,37
15065053;Furore;Salerno;1;683;43,61;;20,68;;1,49;23,07;7,44;72,44
15065054;Futani;Salerno;1;1.071;19,07;;33,92;;1,46;6,18;;46,76
15065055;Giffoni Sei Casali;Salerno;1;4.934;37,75;;17,64;;1,05;2,99;6,93;58,11
15065058;Giungano;Salerno;1;1.298;164,82;;;;7,48;1,73;0,77;52,42
15065059;Ispani;Salerno;1;963;32,25;;38,88;;15,74;2,01;6,59;86,98
15065060;Laureana Cilento;Salerno;1;1.237;19,84;;39,57;;3,57;3,27;3,10;62,51
15065061;Laurino;Salerno;1;1.245;32,22;;32,75;;;1,22;6,43;61,59
15065063;Laviano;Salerno;1;1.308;13,45;;17,85;;11,59;2,29;2,87;34,63
15065064;Lustra;Salerno;1;1.013;;;14,95;;0,40;11,57;5,11;34,96
15065067;Mercato San Severino;Salerno;1;21.493;27,38;;;;7,28;5,32;20,73;66,30
15065068;Minori;Salerno;1;2.587;32,96;;31,59;;5,64;6,46;12,82;69,12
15065069;Moio della Civitella;Salerno;1;1.804;;;;;;15,80;;40,63
15065070;Montano Antilia;Salerno;1;1.674;90,63;;73,17;;11,16;1,62;;109,85
15065075;Monte San Giacomo;Salerno;1;1.406;17,87;;26,73;;10,42;2,62;1,21;53,95
15065071;Montecorice;Salerno;1;2.563;221,31;;;;12,94;4,68;3,36;82,58
15065072;Montecorvino Pugliano;Salerno;1;11.126;11,38;;22,99;;3,35;5,18;0,65;42,43
15065073;Montecorvino Rovella;Salerno;1;12.309;31,79;;19,72;;13,64;7,96;2,67;53,36
15065076;Montesano sulla Marcellana;Salerno;1;6.221;23,12;;13,33;;9,22;3,55;0,36;48,58
15065077;Morigerati;Salerno;1;597;20,86;;33,42;;2,17;24,66;2,58;70,44
15065078;Nocera Inferiore;Salerno;1;43.808;33,33;;27,18;;6,68;2,25;3,67;67,41
15065079;Nocera Superiore;Salerno;1;23.589;23,29;;20,01;;15,63;2,70;5,88;51,72
15065080;Novi Velia;Salerno;1;2.338;14,24;;46,84;;4,10;0,86;0,25;52,82
15065081;Ogliastro Cilento;Salerno;1;2.273;12,50;;12,54;;10,78;12,38;0,66;43,30
15065082;Olevano sul Tusciano;Salerno;1;6.559;32,46;;28,44;;3,13;2,52;3,72;47,63
15065084;Omignano;Salerno;1;1.639;12,32;;6,45;;3,17;16,68;1,94;41,69
15065085;Orria;Salerno;1;954;27,44;;39,82;;6,67;2,68;2,49;65,41
15065086;Ottati;Salerno;1;580;131,26;;;;14,13;;6,43;57,94
15065087;Padula;Salerno;1;4.805;15,54;;21,43;;4,89;11,42;0,81;41,67
15065089;Palomonte;Salerno;1;3.709;28,88;;10,99;;4,62;1,05;3,57;41,93
15065090;Pellezzano;Salerno;1;10.894;37,38;;19,84;;5,14;5,22;1,24;50,47
15065091;Perdifumo;Salerno;1;1.809;160,33;;10,50;;5,58;2,60;5,08;62,61
15065093;Pertosa;Salerno;1;656;7,66;;71,80;;3,42;1,52;1,72;61,73
15065094;Petina;Salerno;1;992;36,30;;34,21;;3,93;1,20;;48,64
15065095;Piaggine;Salerno;1;1.114;36,17;;25,17;;27,86;6,86;5,42;92,96
15065096;Pisciotta;Salerno;1;2.427;17,73;;19,23;;2,55;7,95;;33,41
15065097;Polla;Salerno;1;5.103;5,78;;;;2,05;4,32;14,43;48,31
15065099;Pontecagnano Faiano;Salerno;1;26.408;9,83;;17,85;;2,67;4,31;8,62;42,14
15065100;Positano;Salerno;1;3.719;23,59;;18,44;;4,83;1,07;5,93;40,96
15065101;Postiglione;Salerno;1;1.978;15,52;;42,08;;4,19;8,86;4,90;47,74
15065102;Praiano;Salerno;1;1.970;39,53;;39,55;;11,75;3,30;2,67;66,72
15065103;Prignano Cilento;Salerno;1;1.095;;;48,56;;;1,31;4,78;50,91
15065104;Ravello;Salerno;1;2.372;38,23;;18,05;;16,14;1,68;3,65;46,68
15065105;Ricigliano;Salerno;1;1.064;49,19;;14,25;;5,05;15,02;5,17;55,98
15065106;Roccadaspide;Salerno;1;6.889;65,80;;;;11,31;6,73;3,36;46,72
15065107;Roccagloriosa;Salerno;1;1.560;6,12;;20,09;;3,85;4,44;8,08;51,26
15065109;Rofrano;Salerno;1;1.258;24,02;;52,57;;3,13;7,34;8,45;81,33
15065111;Roscigno;Salerno;1;594;48,68;;;;;10,69;3,68;52,80
15065112;Rutino;Salerno;1;767;9,23;;16,45;;1,56;16,77;2,41;44,30
15065113;Sacco;Salerno;1;432;16,61;;32,04;;6,92;2,07;1,55;46,79
15065114;Sala Consilina;Salerno;1;12.188;9,13;;15,61;;5,44;2,84;13,27;69,62
15065115;Salento;Salerno;1;1.759;8,31;;10,16;;;18,07;0,58;36,63
15065116;Salerno;Salerno;1;126.625;5,61;;45,25;;14,43;2,38;15,68;74,74
15065118;San Cipriano Picentino;Salerno;1;6.583;10,79;;27,36;;8,52;2,65;3,84;52,47
15065119;San Giovanni a Piro;Salerno;1;3.592;14,00;;19,21;;8,67;4,72;4,35;46,45
15065120;San Gregorio Magno;Salerno;1;3.886;33,41;;20,79;;4,86;3,06;15,48;55,87
15065121;San Mango Piemonte;Salerno;1;2.624;5,36;;10,75;;3,00;13,09;8,11;43,93
15065122;San Marzano sul Sarno;Salerno;1;10.202;14,13;;21,49;;4,89;1,95;20,74;60,33
15065124;San Mauro la Bruca;Salerno;1;537;90,85;;;;4,88;20,02;0,56;68,82
15065125;San Pietro al Tanagro;Salerno;1;1.648;6,13;;13,16;;;10,85;0,31;32,36
15065126;San Rufo;Salerno;1;1.597;15,14;;22,37;;;15,01;10,64;55,10
15065132;San Valentino Torio;Salerno;1;10.916;14,79;;19,28;;1,35;6,30;0,48;42,93
15065128;Sant'Angelo a Fasanella;Salerno;1;489;18,34;;23,55;;1,55;25,41;7,18;73,07
15065129;Sant'Arsenio;Salerno;1;2.641;42,49;;2,99;;2,59;6,37;6,77;36,28
15065130;Sant'Egidio del Monte Albino;Salerno;1;8.750;16,20;;7,76;;7,79;2,67;8,10;40,81
15065131;Santomenna;Salerno;1;387;57,93;;32,79;;1,60;9,31;116,39;192,35
15065133;Sanza;Salerno;1;2.338;27,04;;14,70;;3,36;1,93;15,84;49,73
15065135;Sarno;Salerno;1;30.636;26,25;;16,15;;7,03;3,67;0,81;40,74
15065136;Sassano;Salerno;1;4.657;21,65;;16,41;;6,02;4,92;0,33;47,83
15065137;Scafati;Salerno;1;47.940;5,48;;18,30;;1,73;7,76;13,03;49,57
15065138;Scala;Salerno;1;1.497;32,05;;23,41;;4,46;4,00;2,84;47,12
15065139;Serramezzana;Salerno;1;271;325,42;;;;;6,30;39,28;150,19
15065141;Sessa Cilento;Salerno;1;1.134;11,69;;11,54;;5,79;9,78;0,67;43,46
15065142;Siano;Salerno;1;9.374;15,83;;25,53;;5,55;7,55;7,06;53,23
15065143;Sicignano degli Alburni;Salerno;1;3.043;25,33;;17,68;;13,85;4,73;6,29;67,63
15065144;Stella Cilento;Salerno;1;630;32,08;;33,89;;3,70;2,63;0,61;55,09
15065145;Stio;Salerno;1;776;47,67;;34,57;;;2,73;3,48;70,50
15065146;Teggiano;Salerno;1;7.030;21,14;;12,11;;8,29;3,93;15,15;57,58
15065147;Torchiara;Salerno;1;1.877;18,20;;11,39;;14,54;2,86;4,91;45,74
15065148;Torraca;Salerno;1;1.197;63,16;;23,97;;;2,12;;51,68
15065149;Torre Orsaia;Salerno;1;1.946;82,20;;;;11,93;;0,23;40,01
15065150;Tortorella;Salerno;1;476;8,49;;16,60;;1,15;1,09;0,23;40,06
15065151;Tramonti;Salerno;1;4.153;27,57;;17,37;;3,44;8,41;30,53;70,31
15065152;Trentinara;Salerno;1;1.564;25,06;;20,36;;2,19;1,45;1,70;40,21
15065153;Valle dell'Angelo;Salerno;1;229;94,13;;;;;2,93;0,45;86,76
15065154;Vallo della Lucania;Salerno;1;7.953;13,84;;21,72;;6,49;6,26;4,20;44,53
15065155;Valva;Salerno;1;1.536;11,53;;8,64;;0,73;0,10;7,89;42,70
15065156;Vibonati;Salerno;1;3.211;44,80;;14,65;;9,10;2,46;4,48;59,66
15065157;Vietri sul Mare;Salerno;1;7.098;10,06;;29,35;;10,18;5,27;7,12;60,57
20090001;Aggius;Sassari [fino 2024];1;1.415;6,39;;12,16;;0,88;5,27;3,63;25,84
20090062;Aglientu;Sassari [fino 2024];1;1.183;24,64;;42,28;;5,73;3,76;2,29;62,11
20090004;Anela;Sassari [fino 2024];1;561;36,97;;31,51;;0,89;8,98;5,44;51,56
20090005;Ardara;Sassari [fino 2024];1;716;8,63;;18,36;;0,30;9,15;3,10;34,18
20090006;Arzachena;Sassari [fino 2024];1;13.407;20,67;;19,86;;4,05;1,76;19,34;51,76
20090081;Badesi;Sassari [fino 2024];1;1.838;14,43;;33,07;;8,75;5,93;15,62;73,88
20090008;Benetutti;Sassari [fino 2024];1;1.664;31,81;;27,12;;0,87;7,49;6,19;45,74
20090009;Berchidda;Sassari [fino 2024];1;2.581;10,61;;19,25;;2,59;4,92;4,20;38,84
20090012;Bono;Sassari [fino 2024];1;3.290;15,89;;13,92;;2,27;1,95;2,16;24,88
20090014;Bortigiadas;Sassari [fino 2024];1;709;2,66;;9,07;;0,34;2,66;1,20;18,08
20090016;Bottidda;Sassari [fino 2024];1;654;40,57;;34,58;;;9,48;4,67;53,93
20090091;Budoni;Sassari [fino 2024];1;5.522;30,02;;20,78;;6,42;1,95;0,85;39,84
20090018;Bultei;Sassari [fino 2024];1;805;46,55;;39,68;;0,94;7,71;8,09;62,40
20090019;Bulzi;Sassari [fino 2024];1;458;20,10;;31,95;;0,88;12,34;7,22;55,93
20090020;Burgos;Sassari [fino 2024];1;834;9,72;;;;0,82;6,42;2,14;44,28
20090021;Calangianus;Sassari [fino 2024];1;3.795;7,73;;9,75;;3,67;4,17;2,64;23,81
20090023;Castelsardo;Sassari [fino 2024];1;5.617;37,33;;16,82;;5,32;2,15;7,89;40,10
20090026;Codrongianos;Sassari [fino 2024];1;1.261;56,36;;18,46;;;2,50;0,82;36,75
20090088;Erula;Sassari [fino 2024];1;685;17,40;;27,65;;0,76;3,49;1,54;36,50
20090028;Esporlatu;Sassari [fino 2024];1;368;32,68;;27,85;;0,81;5,65;2,79;41,30
20090029;Florinas;Sassari [fino 2024];1;1.442;36,35;;16,90;;;3,97;1,68;34,95
20090031;Illorai;Sassari [fino 2024];1;732;46,35;;39,51;;0,94;4,93;;52,13
20090032;Ittireddu;Sassari [fino 2024];1;463;10,01;;19,41;;;14,28;1,48;39,49
20090035;La Maddalena;Sassari [fino 2024];1;10.573;15,15;;28,74;;10,21;5,43;8,63;60,85
20090034;Laerru;Sassari [fino 2024];1;823;20,69;;32,87;;;1,14;0,39;36,29
20090084;Loiri Porto San Paolo;Sassari [fino 2024];1;3.734;27,88;;29,69;;3,38;5,55;1,13;47,87
20090036;Luogosanto;Sassari [fino 2024];1;1.798;5,48;;13,19;;1,35;2,70;1,15;20,28
20090037;Luras;Sassari [fino 2024];1;2.368;4,63;;9,32;;0,65;2,45;1,45;17,08
20090038;Mara;Sassari [fino 2024];1;528;8,09;;28,34;;;4,16;3,73;42,30
20090040;Monteleone Rocca Doria;Sassari [fino 2024];1;102;6,82;;23,88;;;3,51;3,14;35,64
20090041;Monti;Sassari [fino 2024];1;2.346;15,48;;16,93;;2,99;1,62;3,41;30,64
20090042;Mores;Sassari [fino 2024];1;1.696;10,42;;15,74;;4,51;8,32;0,99;35,35
20090044;Nughedu San Nicolo;Sassari [fino 2024];1;724;9,35;;19,90;;;8,43;1,36;33,22
20090045;Nule;Sassari [fino 2024];1;1.287;40,42;;25,41;;0,82;6,75;3,24;42,96
20090047;Olbia;Sassari [fino 2024];1;61.495;8,23;;22,84;;8,07;7,85;5,03;46,97
20090049;Oschiri;Sassari [fino 2024];1;2.969;9,61;;31,03;;4,82;2,55;4,72;43,27
20090050;Osilo;Sassari [fino 2024];1;2.788;17,73;;28,18;;0,78;5,90;3,44;41,41
20090052;Ozieri;Sassari [fino 2024];1;9.775;9,07;;16,80;;5,79;7,56;0,45;34,69
20090053;Padria;Sassari [fino 2024];1;582;7,27;;25,28;;;3,72;3,33;37,79
20090090;Padru;Sassari [fino 2024];1;2.098;10,93;;16,88;;2,29;8,11;5,76;40,01
20090054;Palau;Sassari [fino 2024];1;4.100;17,25;;16,24;;4,88;13,64;2,04;45,01
20090055;Pattada;Sassari [fino 2024];1;2.827;8,28;;17,62;;4,30;6,67;1,05;32,77
20090057;Ploaghe;Sassari [fino 2024];1;4.255;47,71;;14,55;;;1,02;0,78;28,97
20090058;Porto Torres;Sassari [fino 2024];1;21.020;8,32;;18,01;;7,03;12,52;1,74;49,91
20090061;Romana;Sassari [fino 2024];1;475;8,13;;28,36;;;2,04;;34,11
20090092;San Teodoro;Sassari [fino 2024];1;5.108;7,65;;13,16;;8,98;3,38;7,67;42,37
20090063;Santa Teresa Gallura;Sassari [fino 2024];1;5.044;9,93;;34,80;;8,94;8,04;8,11;67,05
20090085;Sant'Antonio di Gallura;Sassari [fino 2024];1;1.431;76,23;;26,96;;6,67;2,05;2,49;53,99
20090064;Sassari;Sassari [fino 2024];1;120.875;9,34;;11,40;;9,13;8,15;10,39;50,43
20090065;Sedini;Sassari [fino 2024];1;1.221;15,53;;9,67;;0,99;3,35;0,75;18,81
20090067;Sennori;Sassari [fino 2024];1;6.842;8,40;;22,85;;5,58;4,06;2,11;38,81
20090069;Sorso;Sassari [fino 2024];1;14.393;26,94;;22,38;;3,10;2,55;1,18;40,58
20090089;Stintino;Sassari [fino 2024];1;1.538;16,33;;20,67;;14,23;4,36;12,03;56,27
20090080;Telti;Sassari [fino 2024];1;2.215;37,70;;19,24;;1,48;12,50;0,97;50,45
20090070;Tempio Pausania;Sassari [fino 2024];1;13.120;8,00;;11,34;;6,60;2,95;4,23;32,74
20090074;Trinita d'Agultu e Vignola;Sassari [fino 2024];1;2.365;8,18;;20,38;;5,21;8,59;0,41;45,01
20090075;Tula;Sassari [fino 2024];1;1.427;8,21;;14,52;;1,98;7,93;2,14;30,52
20090079;Valledoria;Sassari [fino 2024];1;4.317;20,52;;12,06;;1,15;2,57;0,93;25,22
20090082;Viddalba;Sassari [fino 2024];1;1.593;18,61;;10,98;;1,41;5,09;2,13;25,04
20090078;Villanova Monteleone;Sassari [fino 2024];1;2.076;7,08;;24,80;;3,74;3,64;3,26;40,75
07009001;Alassio;Savona;1;10.064;18,37;;30,12;;7,92;5,01;8,29;52,88
07009002;Albenga;Savona;1;23.538;11,15;;16,04;;6,80;4,41;7,83;40,58
07009004;Albisola Superiore;Savona;1;9.616;11,06;;15,07;;9,31;9,01;4,04;44,99
07009003;Albissola Marina;Savona;1;5.145;22,14;;27,85;;9,35;6,47;4,94;56,76
07009005;Altare;Savona;1;1.931;9,18;;17,27;;9,74;18,17;2,12;50,23
07009006;Andora;Savona;1;7.258;7,17;;29,02;;7,69;6,83;1,92;55,69
07009007;Arnasco;Savona;1;553;25,01;;38,68;;4,07;14,52;1,69;57,00
07009008;Balestrino;Savona;1;528;34,43;;39,73;;4,33;17,43;26,55;94,15
07009009;Bardineto;Savona;1;761;6,89;;21,14;;4,00;2,67;3,35;33,65
07009010;Bergeggi;Savona;1;1.047;16,59;;18,74;;10,89;10,39;7,65;65,64
07009011;Boissano;Savona;1;2.534;23,27;;28,02;;1,20;6,33;3,97;43,79
07009012;Borghetto Santo Spirito;Savona;1;4.618;8,80;;30,89;;7,34;5,63;6,40;47,69
07009013;Borgio Verezzi;Savona;1;2.102;13,95;;39,12;;10,03;6,75;3,94;52,62
07009014;Bormida;Savona;1;327;12,93;;35,93;;;15,09;1,89;50,85
07009015;Cairo Montenotte;Savona;1;12.766;15,98;;16,29;;6,17;9,58;2,87;40,43
07009017;Calizzano;Savona;1;1.439;10,74;;24,16;;2,82;4,03;5,70;34,95
07009018;Carcare;Savona;1;5.305;21,53;;16,60;;3,62;0,05;0,53;30,58
07009019;Casanova Lerrone;Savona;1;739;18,05;;21,66;;1,58;7,51;1,72;42,40
07009020;Castelbianco;Savona;1;321;45,10;;19,87;;3,74;8,85;6,73;48,91
07009021;Castelvecchio di Rocca Barbena;Savona;1;127;29,41;;34,33;;;8,40;3,56;49,43
07009022;Celle Ligure;Savona;1;4.832;25,84;;33,00;;11,06;9,23;5,66;64,85
07009023;Cengio;Savona;1;3.308;3,91;;11,19;;2,65;8,57;4,41;37,09
07009024;Ceriale;Savona;1;5.326;17,78;;20,63;;7,22;7,21;8,33;49,99
07009025;Cisano sul Neva;Savona;1;2.123;13,19;;26,72;;0,54;3,01;1,65;31,53
07009026;Cosseria;Savona;1;1.035;22,78;;24,14;;;24,16;22,16;78,59
07009027;Dego;Savona;1;1.796;18,16;;22,70;;0,39;5,78;4,86;39,96
07009028;Erli;Savona;1;217;18,39;;23,90;;;11,77;0,51;38,19
07009029;Finale Ligure;Savona;1;11.064;14,15;;31,42;;7,75;6,07;3,66;50,50
07009030;Garlenda;Savona;1;1.379;23,56;;34,03;;2,52;5,53;3,90;45,18
07009031;Giustenice;Savona;1;1.015;29,87;;22,82;;2,40;8,15;1,54;39,01
07009032;Giusvalla;Savona;1;395;9,04;;21,35;;;5,27;0,69;28,30
07009033;Laigueglia;Savona;1;1.710;18,78;;19,02;;19,23;17,84;5,15;66,53
07009035;Magliolo;Savona;1;968;12,29;;16,76;;;7,98;1,26;31,31
07009036;Mallare;Savona;1;1.070;6,30;;24,62;;1,01;7,93;0,13;28,72
07009037;Massimino;Savona;1;103;16,08;;89,54;;;11,90;0,44;68,82
07009038;Millesimo;Savona;1;3.259;5,96;;12,25;;5,39;8,11;6,26;38,71
07009039;Mioglia;Savona;1;510;17,55;;12,12;;;6,52;2,01;30,08
07009041;Nasino;Savona;1;164;33,24;;19,83;;1,42;6,47;22,82;57,96
07009042;Noli;Savona;1;2.454;24,03;;24,41;;8,52;6,48;8,49;59,95
07009043;Onzo;Savona;1;216;45,43;;56,77;;7,80;2,78;5,45;79,51
07009044;Orco Feglino;Savona;1;920;19,23;;26,28;;;7,82;2,42;40,63
07009045;Ortovero;Savona;1;1.694;22,46;;19,75;;0,82;4,67;4,75;31,69
07009046;Osiglia;Savona;1;428;15,59;;17,64;;;15,22;1,65;38,19
07009047;Pallare;Savona;1;851;11,04;;20,62;;;7,88;0,83;35,13
07009048;Piana Crixia;Savona;1;733;21,17;;28,50;;;14,17;8,44;57,38
07009049;Pietra Ligure;Savona;1;8.278;8,17;;16,45;;7,58;3,43;3,98;37,98
07009050;Plodio;Savona;1;623;3,45;;17,34;;0,76;11,58;1,90;34,33
07009051;Pontinvrea;Savona;1;797;73,67;;2,66;;11,78;9,47;0,37;59,12
07009052;Quiliano;Savona;1;6.863;12,06;;12,07;;3,10;4,87;4,39;30,85
07009053;Rialto;Savona;1;532;21,54;;6,81;;;10,75;2,13;31,30
07009054;Roccavignale;Savona;1;761;11,85;;22,57;;8,64;6,43;0,61;42,72
07009055;Sassello;Savona;1;1.678;16,75;;22,92;;;6,11;0,12;35,84
07009056;Savona;Savona;1;58.620;16,32;;22,19;;3,66;13,24;2,56;45,80
07009057;Spotorno;Savona;1;3.397;14,38;;20,63;;6,69;7,38;9,16;55,25
07009058;Stella;Savona;1;2.971;15,12;;23,72;;0,97;4,51;0,29;30,92
07009059;Stellanello;Savona;1;848;5,60;;17,59;;4,68;4,06;0,34;25,26
07009061;Toirano;Savona;1;2.709;54,09;;7,01;;0,54;6,47;0,73;28,75
07009062;Tovo San Giacomo;Savona;1;2.524;26,60;;18,20;;;4,33;1,54;33,60
07009063;Urbe;Savona;1;647;33,28;;34,80;;;9,47;0,18;49,59
07009064;Vado Ligure;Savona;1;8.005;12,01;;24,99;;5,71;4,21;6,36;39,14
07009065;Varazze;Savona;1;12.539;13,36;;16,25;;8,23;7,41;6,74;50,00
07009066;Vendone;Savona;1;341;29,45;;28,39;;10,18;21,53;0,61;72,01
07009067;Vezzi Portio;Savona;1;788;6,41;;9,93;;0,32;4,21;1,96;22,24
07009068;Villanova d'Albenga;Savona;1;2.779;44,63;;14,30;;4,49;3,96;0,69;29,28
07009069;Zuccarello;Savona;1;284;32,32;;28,63;;8,49;26,17;0,81;72,86
09052001;Abbadia San Salvatore;Siena;1;6.139;17,55;;24,47;;6,19;5,54;4,50;51,85
09052002;Asciano;Siena;1;6.814;14,82;;19,14;;4,24;7,29;3,40;48,20
09052003;Buonconvento;Siena;1;2.976;16,42;;11,86;;5,13;5,26;4,26;41,15
09052004;Casole d'Elsa;Siena;1;3.715;7,15;;17,64;;3,71;2,92;3,34;32,66
09052006;Castelnuovo Berardenga;Siena;1;8.961;12,76;;14,22;;4,19;5,55;6,21;40,51
09052007;Castiglione d'Orcia;Siena;1;2.125;8,99;;16,17;;9,64;5,97;4,17;38,17
09052009;Chianciano Terme;Siena;1;6.989;11,24;;12,60;;5,63;5,08;9,84;44,68
09052010;Chiusdino;Siena;1;1.713;10,14;;22,31;;4,43;2,59;1,44;39,42
09052011;Chiusi;Siena;1;8.176;13,24;;18,40;;4,11;3,49;5,21;44,16
09052012;Colle di Val d'Elsa;Siena;1;21.621;14,77;;13,59;;5,53;3,94;4,59;40,69
09052037;Montalcino;Siena;1;5.622;13,20;;20,30;;7,61;3,74;4,13;44,48
09052015;Montepulciano;Siena;1;13.237;8,51;;17,77;;8,08;4,62;5,31;44,66
09052016;Monteriggioni;Siena;1;10.027;6,32;;12,83;;1,80;3,59;3,69;27,84
09052017;Monteroni d'Arbia;Siena;1;9.060;14,35;;13,74;;4,81;6,82;7,17;43,11
09052018;Monticiano;Siena;1;1.651;39,01;;17,54;;2,20;4,29;5,77;40,60
09052019;Murlo;Siena;1;2.488;16,23;;17,42;;6,80;3,21;5,94;49,16
09052020;Piancastagnaio;Siena;1;3.859;14,88;;11,91;;4,38;3,77;2,04;40,93
09052021;Pienza;Siena;1;1.966;13,09;;34,69;;8,18;6,12;3,79;55,68
09052022;Poggibonsi;Siena;1;28.191;19,81;;12,81;;4,90;3,54;3,83;41,45
09052024;Radicofani;Siena;1;1.051;16,87;;18,26;;5,69;3,84;4,72;35,77
09052026;Rapolano Terme;Siena;1;5.114;10,95;;17,17;;2,52;3,45;3,18;35,38
09052027;San Casciano dei Bagni;Siena;1;1.452;17,20;;29,30;;13,11;6,43;12,04;76,50
09052028;San Gimignano;Siena;1;7.490;11,42;;13,00;;7,23;3,64;4,50;40,37
09052030;San Quirico d'Orcia;Siena;1;2.600;8,70;;8,91;;5,30;2,52;2,30;30,98
09052031;Sarteano;Siena;1;4.480;14,47;;15,66;;3,76;4,25;9,13;45,43
09052032;Siena;Siena;1;53.011;16,89;;16,79;;8,15;4,95;3,58;43,26
09052033;Sinalunga;Siena;1;12.016;12,95;;16,77;;4,38;4,97;3,65;39,06
09052034;Sovicille;Siena;1;9.924;15,27;;21,12;;1,86;5,68;2,28;42,74
09052035;Torrita di Siena;Siena;1;6.968;15,42;;16,53;;5,12;4,23;3,15;41,74
19089001;Augusta;Siracusa;1;34.618;10,70;;36,27;;9,32;1,02;2,08;53,22
19089003;Buccheri;Siracusa;1;1.725;12,87;;7,03;;;17,12;4,66;34,52
19089004;Buscemi;Siracusa;1;949;33,67;;16,87;;0,48;2,95;3,98;43,37
19089005;Canicattini Bagni;Siracusa;1;6.488;17,20;;18,17;;0,65;2,10;;33,31
19089006;Carlentini;Siracusa;1;17.029;7,36;;24,37;;2,13;2,35;0,97;39,82
19089007;Cassaro;Siracusa;1;719;28,26;;26,68;;;6,16;7,06;60,47
19089008;Ferla;Siracusa;1;2.259;26,02;;23,01;;0,08;6,19;;38,23
19089009;Floridia;Siracusa;1;21.243;7,49;;15,46;;4,84;1,76;2,78;48,12
19089010;Francofonte;Siracusa;1;11.676;6,47;;44,46;;9,25;3,05;;47,67
19089011;Lentini;Siracusa;1;21.423;21,16;;15,11;;11,62;2,48;0,97;48,49
19089012;Melilli;Siracusa;1;13.184;16,87;;30,28;;8,66;12,15;25,37;83,63
19089015;Palazzolo Acreide;Siracusa;1;8.049;4,91;;14,47;;3,41;9,30;2,29;47,43
19089020;Portopalo di Capo Passero;Siracusa;1;3.826;38,32;;14,00;;5,17;4,40;2,26;51,04
19089021;Priolo Gargallo;Siracusa;1;11.198;69,26;;10,96;;14,08;17,43;;102,17
19089016;Rosolini;Siracusa;1;20.580;13,97;;17,12;;3,85;5,46;2,51;47,56
19089017;Siracusa;Siracusa;1;116.051;29,20;;17,30;;5,79;3,43;3,57;48,71
19089018;Solarino;Siracusa;1;7.536;10,52;;31,99;;9,91;;2,25;47,00
19089019;Sortino;Siracusa;1;8.147;19,94;;20,11;;7,42;3,72;1,03;40,06
03014001;Albaredo per San Marco;Sondrio;1;298;9,11;;20,01;;1,52;7,05;1,69;39,92
03014002;Albosaggia;Sondrio;1;3.001;10,91;;12,34;;;3,84;2,47;31,92
03014003;Andalo Valtellino;Sondrio;1;592;10,32;;12,97;;0,06;5,22;2,10;34,29
03014004;Aprica;Sondrio;1;1.467;16,03;;26,07;;1,74;3,79;8,46;49,79
03014005;Ardenno;Sondrio;1;3.228;9,39;;12,73;;1,07;3,94;2,17;33,34
03014006;Bema;Sondrio;1;115;38,16;;35,93;;11,69;15,17;2,54;87,92
03014007;Berbenno di Valtellina;Sondrio;1;4.063;8,40;;12,31;;0,38;2,44;4,72;31,46
03014008;Bianzone;Sondrio;1;1.268;11,14;;13,72;;;4,74;2,49;32,29
03014009;Bormio;Sondrio;1;3.938;9,38;;12,33;;4,31;3,56;3,04;39,17
03014010;Buglio in Monte;Sondrio;1;2.013;10,58;;20,59;;;7,18;0,58;43,87
03014012;Campodolcino;Sondrio;1;942;21,28;;12,93;;0,15;0,92;1,72;31,38
03014013;Caspoggio;Sondrio;1;1.340;25,04;;13,27;;3,78;3,89;2,28;37,82
03014014;Castello dell'Acqua;Sondrio;1;605;16,27;;4,22;;1,95;25,62;3,98;56,74
03014015;Castione Andevenno;Sondrio;1;1.574;9,42;;11,83;;0,02;5,32;3,02;31,25
03014016;Cedrasco;Sondrio;1;418;7,62;;9,18;;2,53;4,87;1,90;23,34
03014017;Cercino;Sondrio;1;797;2,99;;4,83;;0,42;9,10;1,82;28,71
03014018;Chiavenna;Sondrio;1;7.257;14,18;;8,97;;2,83;2,77;2,03;33,08
03014019;Chiesa in Valmalenco;Sondrio;1;2.281;25,04;;13,27;;3,78;3,89;2,28;37,82
03014020;Chiuro;Sondrio;1;2.442;11,09;;13,39;;1,19;2,76;4,36;34,37
03014021;Cino;Sondrio;1;350;5,42;;2,98;;5,86;3,73;1,43;26,56
03014022;Civo;Sondrio;1;1.108;17,13;;56,58;;1,18;14,28;3,11;62,38
03014023;Colorina;Sondrio;1;1.320;12,38;;19,31;;0,08;2,80;2,00;32,88
03014024;Cosio Valtellino;Sondrio;1;5.561;8,63;;9,79;;1,62;4,11;3,06;32,37
03014025;Dazio;Sondrio;1;512;22,45;;19,39;;3,46;3,28;1,84;42,48
03014026;Delebio;Sondrio;1;3.310;10,33;;13,97;;0,06;2,73;1,93;30,69
03014027;Dubino;Sondrio;1;3.798;9,45;;5,91;;0,01;2,19;2,03;26,38
03014028;Faedo Valtellino;Sondrio;1;498;52,26;;32,06;;;;;53,97
03014029;Forcola;Sondrio;1;766;14,50;;17,89;;0,02;5,44;2,29;35,51
03014030;Fusine;Sondrio;1;551;5,13;;7,99;;1,02;2,55;1,97;26,93
03014031;Gerola Alta;Sondrio;1;165;26,29;;17,60;;;1,08;1,02;36,84
03014032;Gordona;Sondrio;1;1.966;2,25;;7,84;;1,94;3,56;1,87;23,12
03014033;Grosio;Sondrio;1;4.293;9,19;;7,70;;0,31;1,72;2,64;26,63
03014034;Grosotto;Sondrio;1;1.641;10,80;;5,36;;2,64;3,21;3,89;30,62
03014036;Lanzada;Sondrio;1;1.258;25,04;;13,27;;3,78;3,89;2,28;37,82
03014037;Livigno;Sondrio;1;6.802;25,25;;9,83;;0,12;2,15;3,92;37,77
03014038;Lovero;Sondrio;1;617;2,18;;6,29;;0,64;2,95;3,34;24,30
03014035;Madesimo;Sondrio;1;515;;;6,55;;2,22;6,08;4,67;57,91
03014039;Mantello;Sondrio;1;748;12,38;;11,54;;;2,22;1,91;29,67
03014040;Mazzo di Valtellina;Sondrio;1;1.019;12,61;;11,76;;2,72;3,83;1,63;31,98
03014041;Mello;Sondrio;1;936;11,33;;30,39;;0,83;5,03;2,02;42,41
03014043;Mese;Sondrio;1;1.857;9,00;;7,11;;0,30;3,15;1,63;23,55
03014045;Morbegno;Sondrio;1;12.282;7,79;;9,12;;0,52;1,89;1,73;23,88
03014047;Pedesina;Sondrio;1;35;43,34;;33,90;;;18,27;5,68;77,69
03014048;Piantedo;Sondrio;1;1.442;10,21;;11,08;;0,02;3,72;2,39;31,15
03014049;Piateda;Sondrio;1;2.064;13,73;;7,23;;0,08;3,21;1,82;28,12
03014050;Piuro;Sondrio;1;1.910;31,46;;14,56;;0,89;4,17;2,30;37,04
03014052;Ponte in Valtellina;Sondrio;1;2.196;9,07;;16,90;;0,20;2,06;1,66;29,42
03014054;Prata Camportaccio;Sondrio;1;2.925;13,70;;4,53;;0,26;3,11;1,54;23,82
03014055;Rasura;Sondrio;1;288;28,12;;17,81;;5,55;9,97;1,72;54,89
03014056;Rogolo;Sondrio;1;570;15,82;;14,42;;3,47;4,42;3,65;39,84
03014057;Samolaco;Sondrio;1;2.881;12,52;;21,40;;0,81;8,12;1,95;41,37
03014058;San Giacomo Filippo;Sondrio;1;364;21,24;;29,07;;3,00;5,33;4,05;50,83
03014059;Sernio;Sondrio;1;486;16,08;;9,10;;0,26;6,21;1,98;36,21
03014060;Sondalo;Sondrio;1;3.860;14,57;;11,71;;2,02;3,34;2,35;34,58
03014061;Sondrio;Sondrio;1;21.244;23,60;;19,96;;0,89;2,38;3,32;41,66
03014063;Talamona;Sondrio;1;4.600;6,08;;8,03;;0,06;2,40;1,89;25,13
03014064;Tartano;Sondrio;1;207;21,07;;55,98;;3,69;6,01;2,21;61,63
03014066;Tirano;Sondrio;1;8.848;12,27;;16,81;;1,38;2,03;2,26;34,10
03014068;Tovo di Sant'Agata;Sondrio;1;609;15,20;;2,36;;4,38;5,36;1,88;34,58
03014069;Traona;Sondrio;1;2.874;10,88;;14,21;;1,35;4,67;1,69;32,20
03014070;Tresivio;Sondrio;1;2.040;11,58;;19,59;;0,81;3,63;1,88;34,90
03014074;Val Masino;Sondrio;1;830;15,34;;23,61;;0,99;5,20;1,95;38,32
03014071;Valdidentro;Sondrio;1;4.179;16,19;;13,63;;0,81;4,73;2,00;33,70
03014072;Valdisotto;Sondrio;1;3.569;22,48;;19,84;;0,47;2,25;2,15;35,34
03014075;Verceia;Sondrio;1;1.080;16,29;;14,45;;;14,05;4,43;49,22
03014076;Vervio;Sondrio;1;201;26,80;;19,36;;1,13;9,88;2,06;52,98
03014077;Villa di Chiavenna;Sondrio;1;953;17,81;;12,90;;;2,57;4,12;36,48
03014078;Villa di Tirano;Sondrio;1;2.996;10,36;;8,68;;0,87;3,64;1,67;27,23
20111001;Arbus;Sud Sardegna [fino 2024];1;5.650;17,24;;31,13;;0,70;4,73;2,72;41,61
20111004;Barrali;Sud Sardegna [fino 2024];1;1.099;15,57;;9,34;;3,07;4,36;0,26;25,03
20111005;Barumini;Sud Sardegna [fino 2024];1;1.136;18,01;;23,09;;0,62;3,48;1,71;41,60
20111007;Burcei;Sud Sardegna [fino 2024];1;2.612;39,53;;45,64;;4,75;7,84;5,11;72,19
20111008;Calasetta;Sud Sardegna [fino 2024];1;2.808;11,12;;16,12;;5,33;7,63;1,51;37,03
20111009;Carbonia;Sud Sardegna [fino 2024];1;25.990;10,59;;17,66;;6,59;3,83;7,60;43,46
20111010;Carloforte;Sud Sardegna [fino 2024];1;5.899;27,93;;24,74;;8,18;5,90;3,13;48,05
20111012;Collinas;Sud Sardegna [fino 2024];1;752;14,72;;18,87;;0,51;2,84;1,76;34,36
20111013;Decimoputzu;Sud Sardegna [fino 2024];1;4.169;13,74;;12,32;;1,12;3,75;16,74;40,96
20111014;Dolianova;Sud Sardegna [fino 2024];1;9.401;21,32;;17,76;;2,73;3,58;0,25;35,25
20111017;Donori;Sud Sardegna [fino 2024];1;1.955;21,30;;15,35;;1,22;3,34;0,25;30,00
20111018;Escalaplano;Sud Sardegna [fino 2024];1;2.055;27,57;;41,54;;;4,11;1,96;52,24
20111019;Escolca;Sud Sardegna [fino 2024];1;539;19,63;;29,57;;;4,10;1,81;38,77
20111020;Esterzili;Sud Sardegna [fino 2024];1;559;27,01;;40,69;;;9,20;1,86;56,28
20111022;Furtei;Sud Sardegna [fino 2024];1;1.500;16,06;;20,58;;0,55;3,10;1,52;37,08
20111023;Genoni;Sud Sardegna [fino 2024];1;744;29,87;;44,99;;;5,01;1,45;56,46
20111024;Genuri;Sud Sardegna [fino 2024];1;299;13,68;;17,54;;0,47;2,64;1,29;31,59
20111025;Gergei;Sud Sardegna [fino 2024];1;1.104;46,05;;12,78;;;4,68;3,18;42,74
20111026;Gesico;Sud Sardegna [fino 2024];1;729;26,08;;26,26;;;4,06;2,57;39,64
20111027;Gesturi;Sud Sardegna [fino 2024];1;1.135;15,63;;20,04;;0,54;3,02;1,48;36,10
20111028;Giba;Sud Sardegna [fino 2024];1;1.909;20,59;;16,63;;1,08;4,94;1,08;24,63
20111031;Gonnosfanadiga;Sud Sardegna [fino 2024];1;6.101;3,23;;19,27;;7,96;2,74;3,73;38,82
20111033;Guasila;Sud Sardegna [fino 2024];1;2.473;25,93;;23,43;;4,44;4,36;2,39;42,08
20111034;Guspini;Sud Sardegna [fino 2024];1;10.851;10,66;;20,65;;7,45;5,28;1,70;41,68
20111035;Iglesias;Sud Sardegna [fino 2024];1;24.903;10,89;;17,26;;8,70;4,72;4,60;41,79
20111036;Isili;Sud Sardegna [fino 2024];1;2.443;18,28;;27,54;;;3,76;2,78;37,15
20111037;Las Plassas;Sud Sardegna [fino 2024];1;205;15,70;;20,14;;0,54;3,03;1,49;36,27
20111038;Lunamatrona;Sud Sardegna [fino 2024];1;1.594;17,92;;22,98;;0,62;3,46;1,70;41,40
20111039;Mandas;Sud Sardegna [fino 2024];1;1.979;83,09;;3,30;;;4,22;2,04;28,31
20111040;Masainas;Sud Sardegna [fino 2024];1;1.201;20,35;;12,28;;;5,31;0,86;27,51
20111041;Monastir;Sud Sardegna [fino 2024];1;4.744;6,29;;12,00;;3,78;2,37;2,19;24,28
20111042;Muravera;Sud Sardegna [fino 2024];1;5.078;59,09;;28,75;;1,10;3,08;0,46;43,26
20111045;Nuragus;Sud Sardegna [fino 2024];1;816;29,47;;44,39;;;6,25;2,96;58,54
20111046;Nurallao;Sud Sardegna [fino 2024];1;1.129;29,36;;44,22;;;5,37;1,36;55,87
20111047;Nuraminis;Sud Sardegna [fino 2024];1;2.322;6,07;;10,00;;4,35;2,12;2,12;22,38
20111048;Nurri;Sud Sardegna [fino 2024];1;2.015;28,07;;42,28;;4,21;4,55;3,31;59,06
20111049;Nuxis;Sud Sardegna [fino 2024];1;1.421;14,48;;25,74;;2,11;13,50;;49,94
20111050;Orroli;Sud Sardegna [fino 2024];1;1.949;29,65;;44,67;;;4,75;2,86;57,25
20111051;Ortacesus;Sud Sardegna [fino 2024];1;875;25,30;;23,76;;;4,53;2,36;37,13
20111052;Pabillonis;Sud Sardegna [fino 2024];1;2.447;11,77;;20,22;;6,26;1,28;3,94;42,93
20111053;Pauli Arbarei;Sud Sardegna [fino 2024];1;546;15,67;;20,09;;0,54;3,02;1,48;36,18
20111054;Perdaxius;Sud Sardegna [fino 2024];1;1.298;20,20;;17,08;;;3,17;4,99;37,48
20111055;Pimentel;Sud Sardegna [fino 2024];1;1.102;26,21;;24,35;;;4,41;2,34;37,80
20111056;Piscinas;Sud Sardegna [fino 2024];1;772;20,29;;19,35;;;4,36;1,87;34,24
20111058;Sadali;Sud Sardegna [fino 2024];1;809;31,73;;47,11;;;7,51;3,48;63,46
20111060;Samatzai;Sud Sardegna [fino 2024];1;1.522;6,74;;12,49;;;2,46;2,05;21,23
20111062;San Gavino Monreale;Sud Sardegna [fino 2024];1;7.975;10,28;;8,30;;1,73;5,23;2,44;36,88
20111063;San Giovanni Suergiu;Sud Sardegna [fino 2024];1;5.601;14,63;;18,51;;5,88;2,81;0,67;36,52
20111065;San Sperate;Sud Sardegna [fino 2024];1;8.487;28,86;;17,52;;2,61;5,07;4,63;38,75
20111066;San Vito;Sud Sardegna [fino 2024];1;3.421;100,20;;15,83;;;1,97;0,37;43,09
20111067;Sanluri;Sud Sardegna [fino 2024];1;8.081;21,41;;28,07;;0,75;4,21;2,06;50,33
20111068;Santadi;Sud Sardegna [fino 2024];1;3.104;11,52;;26,98;;3,25;2,27;2,34;38,55
20111070;Sant'Anna Arresi;Sud Sardegna [fino 2024];1;2.637;9,63;;24,29;;2,99;15,94;9,75;56,73
20111071;Sant'Antioco;Sud Sardegna [fino 2024];1;10.570;8,69;;13,98;;7,47;4,27;0,96;32,93
20111072;Sardara;Sud Sardegna [fino 2024];1;3.773;13,80;;10,29;;5,55;3,07;1,22;29,55
20111073;Segariu;Sud Sardegna [fino 2024];1;1.103;14,96;;19,18;;0,51;2,89;1,42;34,56
20111074;Selegas;Sud Sardegna [fino 2024];1;1.273;25,81;;24,24;;;4,18;2,43;37,47
20111076;Serdiana;Sud Sardegna [fino 2024];1;2.642;20,50;;18,12;;2,55;2,75;0,25;33,99
20111077;Serramanna;Sud Sardegna [fino 2024];1;8.491;14,74;;14,24;;2,10;5,69;4,71;38,26
20111078;Serrenti;Sud Sardegna [fino 2024];1;4.496;8,42;;13,44;;3,68;5,37;6,42;33,32
20111079;Serri;Sud Sardegna [fino 2024];1;602;18,21;;26,13;;;5,61;2,68;37,55
20111080;Setzu;Sud Sardegna [fino 2024];1;125;13,97;;16,71;;0,45;2,55;1,25;30,52
20111081;Seui;Sud Sardegna [fino 2024];1;1.138;22,93;;34,54;;;4,01;1,36;43,76
20111082;Seulo;Sud Sardegna [fino 2024];1;775;20,41;;30,74;;;5,84;1,36;41,37
20111083;Siddi;Sud Sardegna [fino 2024];1;559;16,36;;20,97;;0,56;3,16;1,55;37,78
20111084;Siliqua;Sud Sardegna [fino 2024];1;3.528;27,64;;31,17;;0,63;3,07;0,49;35,75
20111086;Siurgus Donigala;Sud Sardegna [fino 2024];1;1.824;25,95;;24,36;;;3,45;2,40;36,86
20111087;Soleminis;Sud Sardegna [fino 2024];1;1.874;21,56;;16,76;;3,63;3,20;1,55;34,67
20111088;Suelli;Sud Sardegna [fino 2024];1;1.084;25,26;;23,72;;;4,85;2,35;37,40
20111089;Teulada;Sud Sardegna [fino 2024];1;3.214;30,59;;23,82;;6,75;2,60;0,95;44,34
20111090;Tratalias;Sud Sardegna [fino 2024];1;987;39,39;;20,16;;2,33;6,75;1,36;44,58
20111091;Tuili;Sud Sardegna [fino 2024];1;916;17,08;;21,90;;0,59;3,30;1,62;39,45
20111092;Turri;Sud Sardegna [fino 2024];1;373;14,83;;19,02;;0,51;2,86;1,40;34,25
20111094;Ussaramanna;Sud Sardegna [fino 2024];1;477;17,83;;22,87;;0,61;3,44;1,69;41,19
20111095;Vallermosa;Sud Sardegna [fino 2024];1;1.797;8,18;;18,45;;0,15;8,41;1,54;34,83
20111096;Villacidro;Sud Sardegna [fino 2024];1;13.105;12,67;;18,06;;4,12;4,34;6,91;39,56
20111097;Villamar;Sud Sardegna [fino 2024];1;2.421;17,86;;22,89;;0,61;3,45;1,69;41,24
20111098;Villamassargia;Sud Sardegna [fino 2024];1;3.334;12,85;;20,01;;1,77;4,97;0,22;33,87
20111099;Villanova Tulo;Sud Sardegna [fino 2024];1;1.004;29,10;;43,83;;;4,31;2,67;55,69
20111100;Villanovaforru;Sud Sardegna [fino 2024];1;672;13,81;;17,58;;0,47;2,65;1,30;31,72
20111101;Villanovafranca;Sud Sardegna [fino 2024];1;1.161;16,71;;21,42;;0,57;3,23;1,58;38,59
20111102;Villaperuccio;Sud Sardegna [fino 2024];1;998;37,64;;13,70;;0,74;2,50;3,23;35,53
20111103;Villaputzu;Sud Sardegna [fino 2024];1;4.437;89,54;;31,99;;8,85;5,82;1,07;62,24
20111105;Villasimius;Sud Sardegna [fino 2024];1;3.720;11,55;;22,41;;5,06;4,41;5,47;40,55
20111106;Villasor;Sud Sardegna [fino 2024];1;6.592;8,20;;15,56;;1,21;;2,44;24,36
20111107;Villaspeciosa;Sud Sardegna [fino 2024];1;2.618;16,89;;;;5,68;3,31;1,86;35,58
16073001;Avetrana;Taranto;1;6.199;11,30;;20,15;;1,29;7,45;3,36;44,82
16073002;Carosino;Taranto;1;6.532;7,47;;13,39;;0,72;5,15;7,50;37,46
16073003;Castellaneta;Taranto;1;16.100;10,81;;24,05;;6,83;3,93;3,85;44,41
16073004;Crispiano;Taranto;1;13.033;10,82;;16,47;;3,80;5,09;9,46;43,52
16073007;Ginosa;Taranto;1;21.783;20,79;;10,72;;3,92;3,19;0,32;32,49
16073008;Grottaglie;Taranto;1;30.454;8,27;;22,60;;6,57;4,24;1,62;44,76
16073009;Laterza;Taranto;1;14.753;12,07;;33,86;;5,28;3,86;4,54;49,76
16073010;Leporano;Taranto;1;8.234;32,03;;19,45;;7,92;3,98;1,59;59,43
16073011;Lizzano;Taranto;1;9.527;9,24;;18,98;;5,51;3,31;4,00;41,64
16073012;Manduria;Taranto;1;29.773;11,17;;19,78;;5,41;2,69;0,27;35,37
16073013;Martina Franca;Taranto;1;46.858;19,74;;20,24;;5,37;3,80;3,67;42,51
16073015;Massafra;Taranto;1;31.949;11,28;;14,50;;2,02;2,52;2,13;34,40
16073016;Monteiasi;Taranto;1;5.277;41,52;;9,55;;2,06;2,49;5,32;41,39
16073020;Palagianello;Taranto;1;7.542;12,81;;19,15;;8,06;3,36;6,00;44,49
16073021;Palagiano;Taranto;1;15.726;8,77;;18,64;;1,72;4,21;4,35;40,91
16073026;Sava;Taranto;1;15.223;5,11;;14,24;;3,63;5,85;5,64;40,22
16073029;Statte;Taranto;1;12.800;11,61;;17,39;;9,49;2,51;9,28;50,57
16073028;Torricella;Taranto;1;4.120;6,73;;17,06;;5,37;3,78;1,81;39,69
13067001;Alba Adriatica;Teramo;1;13.059;6,17;;14,40;;4,58;4,48;2,66;34,99
13067002;Ancarano;Teramo;1;1.855;7,97;;14,60;;3,29;4,17;1,83;33,78
13067003;Arsita;Teramo;1;733;21,27;;24,82;;0,78;8,01;1,80;49,53
13067005;Basciano;Teramo;1;2.319;11,20;;25,22;;3,07;1,47;0,85;31,58
13067006;Bellante;Teramo;1;6.816;8,92;;25,28;;1,96;5,89;2,76;41,63
13067007;Bisenti;Teramo;1;1.672;20,07;;25,49;;1,92;8,94;1,10;51,68
13067008;Campli;Teramo;1;6.556;15,37;;30,02;;5,27;7,88;1,52;50,71
13067011;Castellalto;Teramo;1;7.247;6,79;;14,18;;1,58;5,17;8,27;38,26
13067013;Castiglione Messer Raimondo;Teramo;1;1.994;25,50;;24,87;;0,81;11,03;0,38;45,12
13067014;Castilenti;Teramo;1;1.311;9,23;;22,49;;0,57;2,68;11,61;41,72
13067016;Cermignano;Teramo;1;1.445;11,49;;35,53;;1,43;2,15;10,27;50,98
13067017;Civitella del Tronto;Teramo;1;4.563;11,37;;40,26;;;9,68;2,63;48,65
13067018;Colledara;Teramo;1;2.075;8,54;;31,66;;0,39;5,23;6,08;46,01
13067019;Colonnella;Teramo;1;3.666;4,14;;12,96;;4,09;3,18;2,56;29,70
13067020;Controguerra;Teramo;1;2.219;5,21;;19,28;;2,26;4,97;4,33;34,94
13067021;Corropoli;Teramo;1;5.094;4,55;;14,38;;2,22;5,06;4,99;33,38
13067022;Cortino;Teramo;1;572;15,84;;67,10;;;2,65;7,58;63,44
13067023;Crognaleto;Teramo;1;1.058;30,43;;102,79;;;;10,55;95,19
13067024;Fano Adriano;Teramo;1;262;31,01;;130,73;;12,71;5,08;3,84;125,71
13067025;Giulianova;Teramo;1;23.475;6,47;;16,21;;6,49;5,37;8,28;40,25
13067026;Isola del Gran Sasso d'Italia;Teramo;1;4.474;8,82;;23,24;;2,24;6,38;2,13;38,69
13067047;Martinsicuro;Teramo;1;16.365;6,45;;10,26;;1,35;3,65;2,61;30,52
13067029;Morro d'Oro;Teramo;1;3.537;5,41;;11,74;;2,39;4,33;4,87;31,16
13067030;Mosciano Sant'Angelo;Teramo;1;9.168;8,69;;17,19;;3,07;2,51;8,15;37,52
13067031;Nereto;Teramo;1;5.322;6,10;;12,73;;3,50;4,43;1,17;31,64
13067032;Notaresco;Teramo;1;6.292;9,48;;22,79;;2,70;15,64;0,83;47,28
13067033;Penna Sant'Andrea;Teramo;1;1.667;7,06;;16,15;;1,60;4,62;2,88;32,78
13067037;Roseto degli Abruzzi;Teramo;1;25.640;9,66;;15,83;;8,59;5,94;6,61;45,00
13067038;Sant'Egidio alla Vibrata;Teramo;1;9.796;6,59;;12,81;;2,25;5,41;1,94;31,13
13067039;Sant'Omero;Teramo;1;5.168;5,06;;14,93;;4,00;7,84;4,83;39,95
13067040;Silvi;Teramo;1;15.442;14,93;;13,51;;5,30;5,06;6,00;41,57
13067041;Teramo;Teramo;1;51.526;15,05;;28,59;;2,84;7,31;2,31;47,90
13067042;Torano Nuovo;Teramo;1;1.460;10,07;;16,48;;;4,15;1,85;33,82
13067044;Tortoreto;Teramo;1;11.852;6,85;;13,15;;3,75;5,90;1,59;35,94
13067045;Tossicia;Teramo;1;1.218;18,83;;31,25;;2,37;12,51;2,68;60,09
10055001;Acquasparta;Terni;1;4.383;12,97;;19,79;;4,28;7,17;1,06;40,26
10055002;Allerona;Terni;1;1.687;14,64;;30,55;;11,48;8,44;1,45;56,14
10055003;Alviano;Terni;1;1.344;20,48;;28,02;;5,17;8,96;11,03;60,66
10055006;Attigliano;Terni;1;1.988;18,35;;22,62;;1,88;6,24;2,13;48,69
10055033;Avigliano Umbro;Terni;1;2.353;23,50;;28,66;;3,08;8,50;0,70;50,74
10055007;Baschi;Terni;1;2.554;19,23;;31,15;;5,79;7,92;0,79;51,67
10055008;Calvi dell'Umbria;Terni;1;1.676;31,15;;22,22;;10,31;10,27;1,30;50,53
10055009;Castel Giorgio;Terni;1;1.998;11,44;;25,39;;4,27;6,72;2,52;42,76
10055010;Castel Viscardo;Terni;1;2.647;20,70;;32,61;;3,70;9,09;1,27;52,39
10055011;Fabro;Terni;1;2.592;12,54;;27,39;;3,18;6,16;4,02;45,33
10055013;Ficulle;Terni;1;1.544;15,26;;24,86;;9,46;8,09;0,89;50,60
10055016;Lugnano in Teverina;Terni;1;1.406;24,82;;20,70;;7,15;7,83;1,80;47,64
10055021;Monteleone d'Orvieto;Terni;1;1.356;20,32;;29,37;;4,27;8,72;2,17;53,04
10055022;Narni;Terni;1;17.904;13,75;;24,39;;5,78;10,41;3,42;50,84
10055023;Orvieto;Terni;1;19.367;11,00;;22,91;;2,00;6,19;4,46;41,71
10055024;Otricoli;Terni;1;1.691;24,92;;23,46;;8,77;10,07;1,24;51,29
10055025;Parrano;Terni;1;478;25,95;;29,33;;2,89;11,68;6,89;58,62
10055028;Porano;Terni;1;1.852;20,17;;28,91;;3,50;6,21;1,41;54,71
10055029;San Gemini;Terni;1;4.691;15,82;;25,59;;3,29;8,20;2,11;47,57
10055030;San Venanzo;Terni;1;2.158;10,64;;22,75;;4,78;4,21;5,86;42,01
10055032;Terni;Terni;1;106.677;11,42;;22,36;;3,52;12,05;5,19;50,39
01001001;Aglie';Torino;1;2.603;13,19;;15,83;;0,66;4,35;2,57;29,04
01001002;Airasca;Torino;1;3.686;9,39;;7,75;;0,81;4,90;3,67;27,21
01001003;Ala di Stura;Torino;1;473;4,37;;12,87;;1,02;3,70;0,01;16,42
01001004;Albiano d'Ivrea;Torino;1;1.619;26,76;;12,57;;2,19;5,67;2,46;32,56
01001006;Almese;Torino;1;6.323;17,64;;11,49;;2,11;2,88;2,66;27,61
01001007;Alpette;Torino;1;247;13,21;;45,74;;;15,42;6,62;55,94
01001008;Alpignano;Torino;1;16.609;13,42;;14,29;;6,03;1,90;6,65;37,06
01001009;Andezeno;Torino;1;2.011;9,37;;8,14;;0,78;6,94;8,06;30,61
01001010;Andrate;Torino;1;467;20,74;;18,26;;;14,76;2,14;44,55
01001011;Angrogna;Torino;1;804;5,80;;10,06;;6,26;9,61;7,41;40,31
01001012;Arignano;Torino;1;1.075;8,02;;13,37;;;8,14;5,81;31,25
01001013;Avigliana;Torino;1;12.228;12,71;;11,51;;2,39;4,04;9,03;33,77
01001014;Azeglio;Torino;1;1.244;16,97;;12,46;;;6,56;4,18;30,63
01001015;Bairo;Torino;1;785;10,33;;12,49;;1,99;5,45;1,21;25,54
01001016;Balangero;Torino;1;3.062;18,98;;11,05;;1,56;5,70;0,02;25,27
01001017;Baldissero Canavese;Torino;1;507;10,37;;12,10;;;6,23;6,17;29,05
01001018;Baldissero Torinese;Torino;1;3.752;12,48;;11,73;;3,98;5,66;6,76;32,57
01001019;Balme;Torino;1;100;2,77;;5,88;;0,55;2,00;0,01;8,88
01001020;Banchette;Torino;1;3.111;27,96;;17,89;;3,28;6,69;6,27;45,84
01001021;Barbania;Torino;1;1.561;28,40;;13,49;;1,98;7,22;0,02;32,00
01001022;Bardonecchia;Torino;1;2.980;11,93;;20,77;;4,79;4,09;6,36;42,35
01001023;Barone Canavese;Torino;1;556;39,47;;7,84;;;9,56;1,91;27,09
01001024;Beinasco;Torino;1;17.462;6,24;;15,42;;4,13;5,93;7,43;35,80
01001025;Bibiana;Torino;1;3.328;4,64;;10,15;;0,74;6,79;4,23;28,91
01001026;Bobbio Pellice;Torino;1;536;5,23;;17,37;;1,89;10,42;9,95;42,52
01001027;Bollengo;Torino;1;2.118;17,78;;17,07;;1,93;7,14;4,13;38,24
01001028;Borgaro Torinese;Torino;1;11.723;23,20;;19,32;;3,69;3,51;7,38;41,18
01001029;Borgiallo;Torino;1;588;18,84;;33,54;;;17,42;0,68;52,39
01001030;Borgofranco d'Ivrea;Torino;1;3.474;20,21;;15,06;;;5,47;2,83;32,25
01001031;Borgomasino;Torino;1;765;13,88;;8,44;;;5,35;6,02;25,50
01001032;Borgone Susa;Torino;1;2.205;16,37;;13,11;;2,89;1,64;2,77;29,24
01001033;Bosconero;Torino;1;3.075;13,06;;12,39;;;3,38;0,91;22,68
01001034;Brandizzo;Torino;1;8.691;19,51;;15,29;;4,98;4,38;6,77;38,15
01001035;Bricherasio;Torino;1;4.615;9,81;;8,75;;1,40;6,84;4,78;35,22
01001036;Brosso;Torino;1;390;17,30;;26,30;;;7,77;1,74;37,20
01001037;Brozolo;Torino;1;446;17,74;;14,78;;0,13;8,07;4,68;34,65
01001038;Bruino;Torino;1;8.433;11,81;;14,88;;1,45;7,13;4,29;33,43
01001039;Brusasco;Torino;1;1.494;17,86;;16,85;;3,17;3,51;7,05;37,45
01001040;Bruzolo;Torino;1;1.485;16,61;;16,03;;;4,42;1,23;30,73
01001041;Buriasco;Torino;1;1.321;6,58;;11,26;;0,89;5,17;3,82;28,77
01001042;Burolo;Torino;1;1.118;14,32;;7,64;;0,43;4,66;1,66;19,92
01001044;Bussoleno;Torino;1;5.714;13,09;;18,01;;1,87;4,02;3,62;34,58
01001045;Buttigliera Alta;Torino;1;6.203;13,86;;11,21;;0,51;5,87;1,59;27,43
01001046;Cafasse;Torino;1;3.302;11,54;;13,57;;1,60;5,83;0,02;25,87
01001047;Caluso;Torino;1;7.374;17,36;;13,08;;1,76;4,49;5,06;32,04
01001048;Cambiano;Torino;1;5.891;6,90;;8,98;;4,39;6,81;11,52;36,96
01001049;Campiglione Fenile;Torino;1;1.310;4,99;;4,36;;0,86;4,25;2,39;17,97
01001050;Candia Canavese;Torino;1;1.190;19,87;;9,32;;;7,15;4,51;28,16
01001051;Candiolo;Torino;1;5.616;14,10;;10,53;;1,95;4,28;7,37;31,31
01001052;Canischio;Torino;1;269;16,56;;27,28;;;5,77;0,54;37,99
01001053;Cantalupa;Torino;1;2.599;4,56;;9,74;;1,40;6,26;3,60;27,97
01001054;Cantoira;Torino;1;625;5,76;;9,80;;1,01;3,68;0,01;16,30
01001055;Caprie;Torino;1;2.022;15,08;;12,83;;1,86;3,77;0,85;27,41
01001056;Caravino;Torino;1;887;19,33;;10,98;;2,82;7,13;2,26;30,90
01001057;Carema;Torino;1;733;16,79;;15,20;;;6,56;2,80;32,17
01001058;Carignano;Torino;1;9.131;8,24;;10,60;;2,48;3,85;3,90;27,08
01001059;Carmagnola;Torino;1;28.126;8,63;;8,18;;3,17;4,94;3,36;24,00
01001060;Casalborgone;Torino;1;1.890;17,88;;16,11;;0,44;2,95;4,46;30,43
01001061;Cascinette d'Ivrea;Torino;1;1.525;24,34;;15,53;;1,31;6,61;2,99;36,62
01001062;Caselette;Torino;1;3.027;13,82;;11,25;;1,21;2,23;0,86;22,75
01001063;Caselle Torinese;Torino;1;13.801;18,94;;26,23;;5,64;4,00;8,08;48,54
01001064;Castagneto Po;Torino;1;1.777;17,84;;20,52;;3,34;4,82;6,00;40,67
01001065;Castagnole Piemonte;Torino;1;2.207;8,08;;12,13;;0,50;5,76;4,15;28,48
01001068;Castiglione Torinese;Torino;1;6.517;17,18;;32,06;;4,12;4,48;9,38;52,16
01001069;Cavagnolo;Torino;1;2.314;17,82;;15,47;;0,72;2,84;3,61;29,88
01001070;Cavour;Torino;1;5.422;7,57;;10,50;;0,69;6,12;4,32;31,25
01001071;Cercenasco;Torino;1;1.762;8,04;;10,58;;2,47;5,12;8,12;36,45
01001072;Ceres;Torino;1;1.001;8,08;;12,85;;1,36;4,95;0,02;21,96
01001074;Cesana Torinese;Torino;1;893;11,74;;38,58;;5,08;5,45;1,62;47,99
01001075;Chialamberto;Torino;1;335;2,85;;8,53;;0,67;2,43;0,01;10,79
01001076;Chianocco;Torino;1;1.515;14,52;;13,86;;;4,19;0,89;26,88
01001077;Chiaverano;Torino;1;1.970;27,11;;15,01;;;7,60;4,08;37,36
01001078;Chieri;Torino;1;35.947;8,60;;9,66;;4,65;6,77;6,58;33,27
01001079;Chiesanuova;Torino;1;226;14,50;;23,20;;;7,27;0,47;34,48
01001080;Chiomonte;Torino;1;857;12,43;;27,22;;2,10;3,27;1,49;38,49
01001081;Chiusa di San Michele;Torino;1;1.514;15,76;;13,02;;1,34;5,81;2,91;31,58
01001082;Chivasso;Torino;1;26.201;18,03;;24,94;;7,29;4,33;10,37;51,78
01001084;Cintano;Torino;1;246;12,21;;30,51;;;7,75;0,47;38,61
01001085;Cinzano;Torino;1;340;17,34;;34,53;;2,75;5,65;9,69;53,94
01001086;Cirie;Torino;1;18.124;13,59;;11,07;;1,45;5,30;0,02;23,49
01001087;Claviere;Torino;1;211;12,88;;29,46;;9,26;10,74;1,27;56,00
01001088;Coassolo Torinese;Torino;1;1.465;7,66;;13,48;;1,37;4,99;0,02;22,11
01001089;Coazze;Torino;1;3.269;13,81;;11,48;;0,64;6,70;2,28;31,97
01001090;Collegno;Torino;1;48.161;13,72;;14,06;;5,88;1,92;2,71;33,31
01001092;Colleretto Giacosa;Torino;1;581;14,03;;7,12;;0,89;4,34;2,06;19,70
01001093;Condove;Torino;1;4.455;16,31;;13,42;;3,31;3,27;2,27;31,09
01001094;Corio;Torino;1;3.044;7,62;;15,50;;1,47;5,38;0,02;23,84
01001095;Cossano Canavese;Torino;1;426;13,86;;12,58;;4,98;7,90;6,01;37,75
01001096;Cuceglio;Torino;1;914;21,63;;8,65;;1,52;3,95;6,22;27,44
01001097;Cumiana;Torino;1;7.846;5,64;;11,63;;1,16;5,71;3,90;29,37
01001098;Cuorgne;Torino;1;9.566;15,85;;32,07;;1,97;7,37;1,72;42,74
01001099;Druento;Torino;1;9.015;11,00;;13,14;;5,33;1,33;1,97;28,62
01001100;Exilles;Torino;1;244;10,77;;31,80;;1,70;10,80;6,08;51,13
01001101;Favria;Torino;1;5.007;19,65;;26,83;;0,13;8,92;2,09;42,75
01001103;Fenestrelle;Torino;1;476;6,65;;15,08;;6,97;16,40;4,86;49,03
01001104;Fiano;Torino;1;2.659;12,00;;11,41;;1,44;5,24;0,02;23,23
01001105;Fiorano Canavese;Torino;1;730;27,42;;13,32;;;8,10;5,67;37,19
01001106;Foglizzo;Torino;1;2.241;18,89;;25,77;;0,98;3,19;5,11;40,45
01001107;Forno Canavese;Torino;1;3.167;27,19;;33,40;;;9,23;5,52;52,69
01001108;Frassinetto;Torino;1;270;9,80;;39,17;;;10,68;1,00;41,33
01001109;Front;Torino;1;1.583;12,46;;14,93;;1,75;6,38;0,02;28,30
01001110;Frossasco;Torino;1;2.827;3,69;;8,28;;1,35;4,24;4,73;25,03
01001111;Garzigliana;Torino;1;538;3,92;;8,93;;;6,24;2,98;26,09
01001112;Gassino Torinese;Torino;1;9.269;18,13;;32,12;;5,40;4,70;8,94;53,48
01001113;Germagnano;Torino;1;1.114;12,31;;14,23;;1,69;6,15;0,02;27,29
01001114;Giaglione;Torino;1;595;14,25;;15,79;;1,45;1,89;4,34;31,45
01001115;Giaveno;Torino;1;16.333;11,28;;11,36;;;7,50;6,18;32,59
01001116;Givoletto;Torino;1;4.106;22,56;;9,75;;1,45;5,29;0,02;23,46
01001117;Gravere;Torino;1;659;12,06;;19,17;;1,59;7,74;1,14;36,43
01001118;Groscavallo;Torino;1;202;3,85;;7,39;;0,72;2,63;0,01;11,67
01001119;Grosso;Torino;1;994;15,14;;11,98;;1,58;5,77;0,02;25,60
01001120;Grugliasco;Torino;1;36.764;14,70;;12,90;;5,63;2,36;2,70;32,78
01001122;Inverso Pinasca;Torino;1;687;7,06;;9,26;;1,14;9,31;5,75;37,17
01001123;Isolabella;Torino;1;363;11,97;;27,93;;;3,72;14,62;48,17
01001125;Ivrea;Torino;1;22.484;14,94;;15,92;;4,11;5,88;3,33;36,86
01001126;La Cassa;Torino;1;1.772;13,66;;13,74;;1,70;6,20;0,02;27,51
01001127;La Loggia;Torino;1;8.724;5,88;;13,08;;1,85;4,64;9,60;34,64
01001128;Lanzo Torinese;Torino;1;4.951;12,01;;9,76;;1,28;4,67;0,01;20,72
01001129;Lauriano;Torino;1;1.402;17,62;;19,47;;0,32;1,74;14,19;42,16
01001130;Leini;Torino;1;16.322;15,61;;19,86;;3,67;1,68;6,98;38,18
01001131;Lemie;Torino;1;157;3,55;;9,65;;0,79;2,90;0,01;12,86
01001132;Lessolo;Torino;1;1.742;20,13;;11,11;;2,57;5,04;2,50;29,12
01001133;Levone;Torino;1;454;26,75;;29,58;;;14,76;0,73;52,87
01001135;Lombardore;Torino;1;1.719;18,53;;23,26;;2,43;2,58;6,68;40,64
01001136;Lombriasco;Torino;1;1.075;8,95;;11,96;;1,07;4,75;5,26;28,37
01001137;Loranze;Torino;1;1.142;17,57;;13,65;;;6,12;1,56;29,13
01001139;Luserna San Giovanni;Torino;1;7.162;4,38;;10,49;;1,17;4,36;4,02;26,45
01001140;Lusernetta;Torino;1;504;3,42;;13,60;;;7,07;6,82;32,72
01001142;Macello;Torino;1;1.177;8,54;;9,15;;1,50;5,05;5,37;30,59
01001143;Maglione;Torino;1;421;16,63;;10,05;;5,41;4,59;3,43;30,29
01001316;Mappano;Torino;1;7.319;18,51;;20,00;;3,19;2,97;11,53;43,66
01001144;Marentino;Torino;1;1.287;9,32;;14,44;;5,24;11,17;14,96;50,56
01001145;Massello;Torino;1;57;8,51;;14,40;;;21,33;9,67;52,45
01001146;Mathi;Torino;1;3.724;18,60;;12,44;;1,71;6,23;0,02;27,64
01001147;Mattie;Torino;1;683;12,75;;17,48;;;6,13;0,98;31,95
01001148;Mazze;Torino;1;4.269;25,37;;14,32;;1,00;6,14;3,90;35,42
01001149;Meana di Susa;Torino;1;818;13,52;;15,72;;0,34;5,91;1,01;31,14
01001150;Mercenasco;Torino;1;1.327;14,37;;9,28;;;3,16;1,68;20,15
01001152;Mezzenile;Torino;1;721;8,08;;20,08;;1,73;6,32;0,02;28,04
01001153;Mombello di Torino;Torino;1;408;7,70;;14,51;;;12,17;6,49;36,85
01001154;Mompantero;Torino;1;613;16,08;;17,16;;;6,42;1,10;33,59
01001155;Monastero di Lanzo;Torino;1;321;7,63;;19,06;;1,64;5,99;0,02;26,54
01001156;Moncalieri;Torino;1;55.923;6,10;;14,01;;3,86;4,72;6,03;32,60
01001157;Moncenisio;Torino;1;49;9,06;;27,47;;;13,99;1,57;42,12
01001158;Montaldo Torinese;Torino;1;707;6,71;;13,69;;2,66;8,81;10,18;39,54
01001159;Montalenghe;Torino;1;969;18,52;;14,14;;1,47;9,04;3,22;36,06
01001160;Montalto Dora;Torino;1;3.324;20,63;;17,36;;0,25;6,18;3,25;36,33
01001161;Montanaro;Torino;1;5.056;17,95;;24,17;;4,72;5,09;8,19;47,07
01001162;Monteu da Po;Torino;1;844;17,97;;19,53;;0,15;8,11;7,34;41,42
01001163;Moriondo Torinese;Torino;1;837;8,68;;18,60;;4,26;6,74;8,49;42,78
01001164;Nichelino;Torino;1;46.098;6,52;;11,77;;4,26;5,30;8,45;34,86
01001166;Nole;Torino;1;6.705;21,03;;11,27;;1,62;5,90;0,02;26,18
01001167;Nomaglio;Torino;1;273;18,42;;13,22;;;18,11;2,51;41,85
01001168;None;Torino;1;7.703;7,05;;6,80;;3,50;5,29;4,49;26,30
01001169;Novalesa;Torino;1;517;7,15;;20,78;;;3,59;2,11;27,61
01001170;Oglianico;Torino;1;1.443;15,83;;25,41;;;7,30;2,11;37,78
01001171;Orbassano;Torino;1;23.025;6,15;;13,46;;2,64;4,18;8,86;33,02
01001172;Orio Canavese;Torino;1;743;17,32;;9,88;;0,90;6,91;1,23;25,84
01001173;Osasco;Torino;1;1.157;3,99;;7,41;;0,25;4,95;2,60;21,21
01001174;Osasio;Torino;1;923;8,81;;10,32;;1,17;3,66;7,87;28,27
01001175;Oulx;Torino;1;3.283;10,70;;19,40;;3,51;2,48;3,12;33,51
01001177;Palazzo Canavese;Torino;1;835;19,02;;12,06;;;3,58;1,46;25,04
01001178;Pancalieri;Torino;1;1.975;6,01;;10,33;;1,17;3,57;3,18;23,39
01001179;Parella;Torino;1;424;18,78;;9,59;;1,92;3,65;6,13;27,77
01001180;Pavarolo;Torino;1;1.165;12,25;;19,24;;0,57;5,54;4,45;34,00
01001181;Pavone Canavese;Torino;1;3.589;22,83;;12,46;;1,41;5,33;3,89;32,01
01001183;Pecetto Torinese;Torino;1;4.021;8,97;;13,64;;4,58;5,89;7,11;35,83
01001184;Perosa Argentina;Torino;1;3.070;16,25;;9,70;;0,61;10,64;4,87;38,37
01001185;Perosa Canavese;Torino;1;503;17,12;;12,88;;;9,40;2,30;32,13
01001186;Perrero;Torino;1;557;4,89;;12,54;;0,27;14,16;5,41;38,33
01001188;Pessinetto;Torino;1;593;6,01;;15,63;;1,32;4,81;0,01;21,33
01001189;Pianezza;Torino;1;15.485;13,37;;14,16;;5,98;2,36;4,05;34,60
01001190;Pinasca;Torino;1;2.784;8,58;;9,56;;1,09;5,67;3,97;31,03
01001191;Pinerolo;Torino;1;35.469;8,23;;13,41;;4,98;11,60;14,27;56,94
01001192;Pino Torinese;Torino;1;8.445;11,03;;12,49;;4,48;5,33;10,00;37,68
01001193;Piobesi Torinese;Torino;1;3.756;12,93;;11,79;;1,82;4,41;7,09;31,44
01001194;Piossasco;Torino;1;18.000;6,87;;14,68;;1,81;5,73;8,52;35,10
01001195;Piscina;Torino;1;3.273;10,64;;9,03;;10,45;13,74;3,80;49,70
01001196;Piverone;Torino;1;1.272;14,48;;13,38;;;5,61;2,43;28,00
01001197;Poirino;Torino;1;10.197;12,93;;15,44;;1,78;9,09;5,78;37,68
01001198;Pomaretto;Torino;1;970;7,83;;8,04;;1,22;4,26;7,48;30,73
01001200;Porte;Torino;1;1.126;4,46;;10,69;;;5,60;3,84;25,71
01001201;Pragelato;Torino;1;744;9,76;;48,20;;0,20;15,22;5,87;66,84
01001202;Prali;Torino;1;256;1,36;;14,37;;1,20;14,03;3,84;42,19
01001203;Pralormo;Torino;1;1.889;11,18;;18,22;;;7,71;5,73;35,81
01001204;Pramollo;Torino;1;221;3,83;;8,42;;;18,39;2,70;36,07
01001205;Prarostino;Torino;1;1.257;4,89;;12,77;;0,42;5,68;4,27;29,76
01001206;Prascorsano;Torino;1;697;28,68;;44,18;;7,90;13,06;0,98;67,79
01001207;Pratiglione;Torino;1;459;11,61;;25,29;;;7,97;1,79;34,02
01001208;Quagliuzzo;Torino;1;336;22,16;;9,39;;;5,73;1,23;23,90
01001209;Quassolo;Torino;1;332;22,47;;9,11;;5,29;5,33;1,21;28,40
01001210;Quincinetto;Torino;1;983;21,29;;11,17;;1,56;5,57;2,21;28,68
01001211;Reano;Torino;1;1.744;13,74;;12,26;;6,27;1,87;5,08;34,74
01001215;Riva presso Chieri;Torino;1;4.751;12,94;;11,66;;1,84;10,09;8,27;37,66
01001213;Rivalba;Torino;1;1.148;17,13;;22,14;;0,29;3,71;3,91;32,91
01001214;Rivalta di Torino;Torino;1;20.250;6,69;;11,43;;1,91;4,22;8,24;30,13
01001216;Rivara;Torino;1;2.497;18,41;;23,52;;3,37;4,35;0,53;36,99
01001218;Rivarossa;Torino;1;1.552;13,90;;32,34;;1,10;6,29;0,53;38,15
01001219;Rivoli;Torino;1;46.937;12,87;;14,17;;5,83;4,99;2,34;35,48
01001220;Robassomero;Torino;1;3.088;16,25;;12,55;;1,67;6,08;0,02;26,97
01001221;Rocca Canavese;Torino;1;1.743;12,84;;15,73;;1,83;6,67;0,02;29,59
01001222;Roletto;Torino;1;1.978;3,63;;7,95;;0,74;3,47;5,00;22,49
01001223;Romano Canavese;Torino;1;2.666;23,55;;14,62;;0,15;7,89;3,54;36,02
01001225;Rondissone;Torino;1;1.921;15,00;;16,68;;0,29;1,20;7,83;32,40
01001226;Rora;Torino;1;218;2,30;;6,88;;0,02;10,68;2,27;32,18
01001228;Rosta;Torino;1;5.106;12,73;;11,63;;5,14;1,70;5,25;31,29
01001227;Roure;Torino;1;758;8,50;;14,21;;0,01;5,45;4,55;31,07
01001229;Rubiana;Torino;1;2.431;15,36;;12,46;;1,13;2,23;1,70;25,78
01001231;Salassa;Torino;1;1.841;17,79;;31,23;;1,47;6,99;1,94;42,43
01001232;Salbertrand;Torino;1;628;11,42;;21,37;;1,25;6,75;7,34;41,91
01001233;Salerano Canavese;Torino;1;455;14,14;;9,04;;3,70;5,08;1,08;24,80
01001234;Salza di Pinerolo;Torino;1;71;6,59;;18,42;;;19,93;13,84;54,14
01001235;Samone;Torino;1;1.511;22,38;;11,86;;;6,61;2,52;29,61
01001236;San Benigno Canavese;Torino;1;6.107;25,37;;23,14;;4,53;2,68;5,10;43,57
01001237;San Carlo Canavese;Torino;1;4.031;10,36;;12,59;;1,47;5,36;0,02;23,75
01001238;San Colombano Belmonte;Torino;1;360;14,14;;26,31;;;7,47;0,50;35,80
01001239;San Didero;Torino;1;505;10,20;;14,10;;1,12;2,67;2,81;26,15
01001240;San Francesco al Campo;Torino;1;4.835;30,33;;11,88;;1,80;6,55;0,02;29,02
01001242;San Germano Chisone;Torino;1;1.733;5,01;;10,55;;0,61;6,91;5,40;30,34
01001243;San Gillio;Torino;1;3.258;7,06;;13,33;;4,07;4,21;7,68;34,93
01001244;San Giorgio Canavese;Torino;1;2.489;16,75;;15,59;;2,34;4,63;3,51;33,68
01001245;San Giorio di Susa;Torino;1;972;7,79;;18,43;;;4,71;0,73;25,69
01001246;San Giusto Canavese;Torino;1;3.262;15,21;;12,60;;0,28;4,97;2,40;27,09
01001247;San Martino Canavese;Torino;1;810;24,76;;11,45;;;6,10;5,50;31,94
01001248;San Maurizio Canavese;Torino;1;10.266;13,62;;10,42;;1,39;5,06;0,02;22,45
01001249;San Mauro Torinese;Torino;1;18.597;21,99;;26,09;;8,53;2,89;8,23;51,58
01001250;San Pietro Val Lemina;Torino;1;1.458;3,94;;8,44;;0,50;7,09;2,66;24,41
01001252;San Raffaele Cimena;Torino;1;3.146;17,14;;27,73;;1,72;7,26;5,64;45,71
01001253;San Sebastiano da Po;Torino;1;1.892;17,83;;17,84;;0,15;2,64;5,22;32,29
01001254;San Secondo di Pinerolo;Torino;1;3.647;3,26;;8,99;;0,80;5,82;2,74;24,30
01001241;Sangano;Torino;1;3.688;17,37;;12,53;;5,17;3,37;3,98;34,07
01001255;Sant'Ambrogio di Torino;Torino;1;4.556;14,56;;14,85;;3,69;2,75;2,69;31,96
01001256;Sant'Antonino di Susa;Torino;1;4.090;19,18;;14,08;;1,97;2,97;6,56;35,25
01001257;Santena;Torino;1;10.480;8,76;;7,54;;2,22;9,33;4,76;29,35
01001258;Sauze di Cesana;Torino;1;228;13,77;;26,02;;5,08;10,33;4,29;58,46
01001259;Sauze d'Oulx;Torino;1;1.024;13,83;;35,43;;8,13;5,79;4,48;56,39
01001260;Scalenghe;Torino;1;3.208;6,23;;9,90;;0,87;5,51;5,55;31,12
01001261;Scarmagno;Torino;1;788;13,10;;12,83;;;5,52;2,55;26,84
01001262;Sciolze;Torino;1;1.419;23,41;;25,69;;2,52;6,30;6,53;47,87
01001263;Sestriere;Torino;1;907;14,62;;28,95;;5,80;5,18;2,34;49,88
01001264;Settimo Rottaro;Torino;1;468;17,15;;12,26;;;14,03;2,31;36,06
01001265;Settimo Torinese;Torino;1;45.798;17,09;;21,29;;4,77;3,80;7,85;43,31
01001266;Settimo Vittone;Torino;1;1.508;15,42;;11,50;;;4,88;3,74;26,90
01001268;Strambinello;Torino;1;249;20,32;;9,85;;0,32;5,84;1,99;25,07
01001269;Strambino;Torino;1;6.059;18,13;;13,88;;2,44;6,38;3,22;33,93
01001270;Susa;Torino;1;5.905;13,41;;17,03;;3,63;4,21;7,77;39,92
01001271;Tavagnasco;Torino;1;745;19,26;;11,60;;1,74;6,96;3,57;31,73
01001272;Torino;Torino;1;846.926;11,97;;16,39;;6,20;8,44;8,28;48,15
01001273;Torrazza Piemonte;Torino;1;3.009;20,41;;3,73;;0,10;0,68;1,04;8,39
01001274;Torre Canavese;Torino;1;619;15,13;;12,68;;2,79;6,21;2,96;31,44
01001275;Torre Pellice;Torino;1;4.634;4,98;;10,30;;2,70;5,68;6,10;31,44
01001276;Trana;Torino;1;3.771;14,93;;13,24;;5,92;3,23;3,86;35,03
01001279;Traves;Torino;1;511;7,23;;29,46;;1,92;7,00;0,02;31,04
01001280;Trofarello;Torino;1;10.611;8,92;;13,43;;1,91;4,13;7,31;32,32
01001281;Usseaux;Torino;1;174;8,47;;16,79;;0,18;9,61;3,81;35,65
01001282;Usseglio;Torino;1;191;3,32;;8,99;;0,74;2,71;0,01;12,02
01001283;Vaie;Torino;1;1.368;14,60;;9,89;;1,60;2,03;0,72;21,41
01001284;Val della Torre;Torino;1;3.976;10,12;;7,24;;0,98;3,58;0,01;15,85
01001285;Valgioie;Torino;1;957;9,29;;16,94;;;7,32;8,31;38,62
01001286;Vallo Torinese;Torino;1;780;10,02;;17,18;;1,76;6,42;0,02;28,47
01001287;Valperga;Torino;1;2.960;14,19;;27,31;;0,71;6,50;4,24;39,60
01001289;Varisella;Torino;1;843;6,66;;13,26;;1,27;4,65;0,01;20,61
01001290;Vauda Canavese;Torino;1;1.423;23,06;;10,77;;1,58;5,78;0,02;25,61
01001292;Venaria Reale;Torino;1;32.160;13,02;;19,95;;7,35;2,28;6,48;43,32
01001291;Venaus;Torino;1;840;7,15;;19,73;;0,07;4,16;1,98;26,74
01001293;Verolengo;Torino;1;4.835;19,55;;18,76;;0,37;2,63;6,28;34,75
01001294;Verrua Savoia;Torino;1;1.329;17,78;;20,05;;0,16;2,74;7,94;37,62
01001295;Vestigne;Torino;1;745;20,34;;17,81;;0,29;8,71;3,51;39,52
01001296;Vialfre;Torino;1;258;18,81;;10,52;;;5,18;2,69;25,83
01001299;Vigone;Torino;1;5.025;6,94;;10,28;;1,91;9,01;4,29;32,06
01001300;Villafranca Piemonte;Torino;1;4.604;5,82;;9,99;;0,46;5,30;3,81;25,16
01001301;Villanova Canavese;Torino;1;1.208;13,90;;7,93;;1,13;4,10;0,01;18,20
01001303;Villar Dora;Torino;1;2.809;14,89;;12,43;;2,09;1,67;1,00;25,01
01001305;Villar Focchiardo;Torino;1;1.928;19,03;;8,72;;;4,03;1,75;22,12
01001306;Villar Pellice;Torino;1;1.057;5,60;;13,70;;1,16;9,52;6,60;36,24
01001307;Villar Perosa;Torino;1;3.859;5,15;;11,60;;0,76;8,57;4,86;31,73
01001302;Villarbasse;Torino;1;3.559;18,29;;12,79;;0,37;7,51;4,33;34,68
01001304;Villareggia;Torino;1;996;17,83;;10,06;;;9,53;2,08;28,75
01001308;Villastellone;Torino;1;4.374;8,90;;12,15;;1,91;5,66;6,48;32,39
01001309;Vinovo;Torino;1;15.356;9,44;;12,49;;0,72;4,52;4,82;28,77
01001310;Virle Piemonte;Torino;1;1.152;7,37;;12,81;;0,09;4,92;10,17;33,84
01001311;Vische;Torino;1;1.184;19,11;;10,32;;0,67;4,54;4,80;27,76
01001313;Viu;Torino;1;1.117;6,29;;12,97;;1,23;4,47;0,01;19,83
01001314;Volpiano;Torino;1;15.146;18,53;;21,34;;4,49;2,89;6,69;41,69
01001315;Volvera;Torino;1;8.436;9,42;;9,35;;6,92;7,09;10,36;45,46
19081001;Alcamo;Trapani;1;44.683;27,35;;9,81;;3,91;5,34;21,27;64,11
19081002;Buseto Palizzolo;Trapani;1;2.758;45,13;;29,58;;1,53;11,87;3,57;69,03
19081003;Calatafimi-Segesta;Trapani;1;6.056;43,13;;29,86;;2,92;11,43;0,59;61,89
19081004;Campobello di Mazara;Trapani;1;11.340;31,60;;17,65;;9,83;8,14;4,32;62,26
19081005;Castellammare del Golfo;Trapani;1;14.660;25,83;;19,47;;6,09;3,33;4,05;44,83
19081007;Custonaci;Trapani;1;5.268;19,74;;16,50;;0,34;7,55;8,87;51,61
19081009;Favignana;Trapani;1;4.513;19,61;;29,13;;7,21;7,67;6,84;61,68
19081010;Gibellina;Trapani;1;3.684;11,67;;31,89;;5,32;6,59;13,80;67,95
19081011;Marsala;Trapani;1;79.833;17,54;;21,48;;4,17;7,65;5,16;47,92
19081012;Mazara del Vallo;Trapani;1;50.117;23,37;;18,41;;4,88;6,00;0,75;42,00
19081013;Paceco;Trapani;1;10.676;13,43;;21,15;;4,45;8,90;2,71;54,55
19081014;Pantelleria;Trapani;1;7.282;17,30;;35,86;;2,75;4,05;1,33;51,35
19081015;Partanna;Trapani;1;9.822;25,76;;23,99;;;7,04;;43,34
19081024;Petrosino;Trapani;1;7.907;74,68;;22,78;;5,89;4,63;0,76;52,36
19081017;Salaparuta;Trapani;1;1.547;27,09;;29,76;;1,11;2,33;2,11;47,74
19081018;Salemi;Trapani;1;9.974;23,52;;23,15;;2,99;9,49;3,73;53,47
19081020;San Vito Lo Capo;Trapani;1;4.801;11,53;;26,78;;4,97;4,90;0,83;46,82
19081019;Santa Ninfa;Trapani;1;4.728;26,15;;25,13;;1,13;3,77;9,61;50,26
19081021;Trapani;Trapani;1;55.218;15,08;;19,73;;4,70;11,44;10,99;58,94
19081022;Valderice;Trapani;1;11.389;12,51;;21,28;;3,68;6,52;5,07;47,09
19081023;Vita;Trapani;1;1.761;25,28;;32,23;;2,67;6,59;0,38;53,68
04022001;Ala;Trento;1;8.794;14,09;;13,95;;2,70;3,66;0,74;29,99
04022002;Albiano;Trento;1;1.523;16,80;;8,86;;1,16;12,40;5,73;36,14
04022003;Aldeno;Trento;1;3.274;11,70;;8,90;;1,06;8,83;2,74;28,03
04022235;Altavalle;Trento;1;1.632;15,58;;8,35;;3,59;14,67;7,90;42,88
04022236;Altopiano Della Vigolana;Trento;1;5.116;10,76;;5,24;;5,21;8,46;2,98;28,91
04022005;Andalo;Trento;1;1.143;9,95;;6,92;;3,70;6,13;3,65;25,96
04022006;Arco;Trento;1;17.763;10,99;;8,10;;0,30;0,87;0,24;24,62
04022007;Avio;Trento;1;4.134;14,18;;11,61;;2,16;3,19;1,68;27,30
04022009;Baselga di Pine;Trento;1;5.209;10,59;;5,15;;5,35;8,32;2,93;28,67
04022011;Bedollo;Trento;1;1.491;10,64;;5,18;;5,74;8,37;2,95;29,19
04022013;Besenello;Trento;1;2.800;17,54;;13,51;;1,82;2,13;0,47;27,68
04022022;Borgo Valsugana - Dato aggregazione COMUNITA VALSUGANA E TESINO / SETTORE AMBIENTE;Trento;18;27.085;22,90;;22,30;;3,14;2,42;0,99;35,32
04022025;Brentonico;Trento;1;4.124;14,10;;14,34;;1,33;3,75;0,98;29,74
04022032;Calceranica al Lago;Trento;1;1.395;10,76;;5,24;;5,10;8,46;2,98;28,82
04022033;Caldes;Trento;1;1.106;17,97;;9,16;;5,39;7,14;3,08;34,35
04022034;Caldonazzo;Trento;1;3.962;10,64;;5,17;;4,01;8,36;2,95;27,44
04022035;Calliano;Trento;1;2.038;14,17;;15,32;;1,14;4,18;1,26;31,19
04022036;Campitello di Fassa;Trento;1;700;6,25;;10,54;;4,32;2,04;8,61;28,80
04022039;Canazei;Trento;1;1.832;7,59;;8,16;;4,63;1,75;1,93;22,76
04022052;Cavedago;Trento;1;576;14,14;;10,39;;4,87;16,82;4,15;43,67
04022053;Cavedine;Trento;1;3.073;12,94;;7,11;;0,99;5,32;5,02;26,07
04022054;Cavizzana;Trento;1;234;28,13;;6,21;;4,14;5,69;2,90;28,55
04022241;Cembra Lisignago;Trento;1;2.346;11,00;;6,50;;1,79;8,35;3,26;26,11
04022058;Cimone;Trento;1;729;23,27;;13,41;;5,35;12,52;4,00;45,86
04022061;Civezzano;Trento;1;4.211;10,53;;5,12;;4,58;8,28;2,92;27,77
04022062;Cles - Dato aggregazione COMUNITA' DELLA VAL DI NON;Trento;23;39.864;20,37;;9,63;;4,22;6,30;1,59;30,80
04022064;Commezzadura;Trento;1;1.014;18,37;;6,66;;2,28;4,47;2,13;23,78
04022068;Croviana;Trento;1;688;21,07;;7,29;;2,28;5,40;4,50;28,57
04022233;Dimaro Folgarida;Trento;1;2.092;17,82;;8,92;;2,91;6,67;3,60;32,68
04022078;Drena;Trento;1;598;19,29;;5,25;;0,47;2,12;0,23;20,49
04022079;Dro;Trento;1;5.061;8,28;;8,19;;0,74;2,33;0,20;24,13
04022081;Fai della Paganella;Trento;1;933;22,44;;9,10;;2,82;9,52;3,50;31,87
04022085;Fierozzo;Trento;1;464;10,84;;5,27;;5,28;8,52;3,00;29,16
04022087;Folgaria;Trento;1;3.175;14,45;;14,13;;2,28;5,26;2,18;34,30
04022089;Fornace;Trento;1;1.336;10,63;;5,17;;2,74;8,36;2,95;26,17
04022090;Frassilongo;Trento;1;352;10,37;;5,05;;8,67;8,16;2,87;31,52
04022091;Garniga Terme;Trento;1;408;29,44;;14,26;;4,76;11,88;3,32;42,68
04022092;Giovo;Trento;1;2.509;12,52;;7,47;;1,67;11,07;3,69;31,76
04022098;Isera;Trento;1;2.803;14,23;;12,13;;1,97;1,99;2,61;26,76
04022102;Lavarone;Trento;1;1.203;16,91;;15,75;;1,80;4,96;0,76;35,43
04022103;Lavis;Trento;1;9.171;11,28;;7,58;;2,86;8,07;3,99;30,07
04022229;Ledro;Trento;1;5.395;22,87;;12,71;;1,98;3,96;0,29;36,21
04022104;Levico Terme;Trento;1;8.264;10,67;;5,19;;;8,39;2,96;23,50
04022108;Lona-Lases;Trento;1;863;13,96;;8,05;;4,79;7,44;12,35;39,27
04022109;Luserna;Trento;1;267;9,12;;13,52;;0,36;3,41;2,34;25,52
04022243;Madruzzo;Trento;1;2.991;13,40;;7,40;;3,13;6,56;4,80;29,30
04022110;Male;Trento;1;2.266;17,19;;7,96;;1,86;5,12;2,07;26,29
04022113;Mazzin;Trento;1;604;7,27;;15,91;;8,64;8,35;16,16;51,81
04022114;Mezzana;Trento;1;877;14,47;;7,92;;3,35;6,00;4,59;30,16
04022116;Mezzocorona;Trento;1;5.511;9,78;;8,23;;2,74;8,84;3,74;31,66
04022117;Mezzolombardo;Trento;1;7.667;9,49;;8,31;;1,84;8,34;3,39;28,39
04022118;Moena;Trento;1;2.537;5,75;;3,81;;2,75;1,70;1,06;14,60
04022120;Molveno;Trento;1;1.119;10,51;;8,03;;5,77;7,94;4,65;32,67
04022123;Mori;Trento;1;10.208;16,97;;15,81;;1,46;2,64;1,17;30,22
04022124;Nago-Torbole;Trento;1;2.758;16,79;;13,42;;3,39;1,15;0,51;53,33
04022127;Nogaredo;Trento;1;2.071;12,92;;15,18;;1,23;4,57;0,41;30,86
04022128;Nomi;Trento;1;1.352;15,55;;18,96;;1,22;5,35;;36,56
04022131;Ossana;Trento;1;833;26,75;;9,32;;2,73;5,36;4,05;33,00
04022133;Palu del Fersina;Trento;1;159;10,92;;5,31;;14,00;8,58;3,02;38,05
04022136;Peio;Trento;1;1.794;14,63;;7,18;;1,94;4,63;7,84;32,43
04022137;Pellizzano;Trento;1;800;10,50;;7,26;;2,67;4,37;2,01;24,31
04022139;Pergine Valsugana;Trento;1;21.684;10,71;;5,21;;5,60;8,42;2,97;29,20
04022144;Pomarolo;Trento;1;2.449;14,63;;18,74;;3,00;4,80;0,58;36,53
04022245;Primiero San Martino Di Castrozza - Dato aggregazione Comunita Primiero;Trento;5;9.384;5,58;;9,31;;6,53;3,96;3,26;29,53
04022150;Rabbi;Trento;1;1.372;10,68;;8,84;;3,98;5,37;2,04;27,09
04022153;Riva del Garda;Trento;1;17.858;14,08;;7,72;;4,82;0,91;0,29;34,87
04022135;Ronzo-Chienis;Trento;1;1.002;15,52;;16,14;;0,92;4,65;1,71;34,30
04022160;Rovere della Luna;Trento;1;1.637;11,31;;9,97;;0,80;8,68;3,76;30,15
04022161;Rovereto;Trento;1;40.047;14,51;;14,63;;3,38;7,62;4,20;39,12
04022167;San Michele all'Adige;Trento;1;4.101;8,75;;8,73;;1,32;7,07;2,83;25,65
04022168;Sant'Orsola Terme;Trento;1;1.104;10,84;;5,28;;3,11;8,52;3,00;26,99
04022172;Segonzano;Trento;1;1.357;11,43;;6,96;;2,12;7,66;5,73;28,92
04022250;Sen Jan di Fassa-San Giovanni di Fassa;Trento;1;3.581;9,99;;10,06;;2,26;4,62;2,01;25,62
04022176;Soraga;Trento;1;718;9,20;;7,54;;2,46;2,02;5,97;24,37
04022177;Sover;Trento;1;786;9,35;;6,30;;2,36;14,80;5,56;34,93
04022180;Spormaggiore;Trento;1;1.248;17,31;;9,80;;0,81;9,66;4,19;32,62
04022190;Tenna;Trento;1;1.065;10,69;;5,20;;7,17;8,41;2,96;30,72
04022191;Tenno;Trento;1;2.039;13,49;;5,34;;1,10;2,53;1,99;29,59
04022193;Terragnolo;Trento;1;705;16,24;;16,91;;1,96;6,02;3,34;41,00
04022251;Terre d'Adige;Trento;1;3.095;6,79;;6,48;;1,25;8,44;2,78;24,20
04022195;Terzolas;Trento;1;643;21,86;;6,70;;2,07;5,24;6,14;28,89
04022199;Tione di Trento - Dato aggregazione COMUNITA' DELLE GIUDICARIE;Trento;25;36.860;16,57;;17,04;;2,90;1,22;0,44;30,98
04022203;Trambileno;Trento;1;1.473;14,06;;18,42;;3,22;4,84;2,16;38,77
04022205;Trento;Trento;1;118.886;17,89;;17,43;;3,15;7,49;4,58;40,39
04022210;Vallarsa;Trento;1;1.392;14,10;;15,98;;4,04;7,15;;37,48
04022248;Vallelaghi;Trento;1;5.256;14,42;;8,37;;3,97;10,82;8,56;40,20
04022213;Vermiglio;Trento;1;1.783;19,44;;8,84;;1,81;4,88;3,25;30,11
04022216;Vignola-Falesina;Trento;1;199;10,28;;5,01;;2,78;8,10;2,85;25,47
04022222;Villa Lagarina;Trento;1;3.893;18,00;;9,89;;3,82;5,05;0,34;27,65
04022224;Volano;Trento;1;3.121;17,37;;12,42;;3,74;4,03;1,60;30,55
05026001;Altivole;Treviso;1;7.060;15,89;;16,26;;2,65;5,13;5,64;35,31
05026002;Arcade;Treviso;1;4.496;17,41;;15,08;;2,49;4,81;5,29;33,16
05026003;Asolo;Treviso;1;8.985;15,84;;16,20;;2,64;5,11;5,62;35,19
05026004;Borso del Grappa;Treviso;1;5.928;15,78;;15,12;;2,47;4,79;5,27;33,01
05026005;Breda di Piave;Treviso;1;7.676;18,41;;15,60;;2,58;4,99;5,48;34,36
05026006;Caerano di San Marco;Treviso;1;7.788;16,39;;15,76;;2,58;4,99;5,49;34,40
05026008;Carbonera;Treviso;1;11.219;15,81;;16,88;;2,74;5,30;5,83;36,53
05026009;Casale sul Sile;Treviso;1;13.092;10,64;;16,17;;2,53;4,90;5,39;33,79
05026010;Casier;Treviso;1;11.436;11,73;;15,78;;2,51;4,85;5,33;33,42
05026011;Castelcucco;Treviso;1;2.333;16,41;;13,90;;2,29;4,44;4,88;30,60
05026012;Castelfranco Veneto;Treviso;1;33.103;10,03;;15,52;;2,43;4,70;5,16;32,36
05026013;Castello di Godego;Treviso;1;7.020;14,97;;19,86;;3,16;6,11;6,72;42,13
05026014;Cavaso del Tomba;Treviso;1;2.930;11,71;;15,63;;2,48;4,81;5,29;33,13
05026021;Conegliano - Dato aggregazione Consiglio di Bacino Sinistra Piave;Treviso;44;297.303;218,73;;29,89;;9,97;107,61;19,41;233,69
05026023;Cornuda;Treviso;1;6.068;11,00;;14,36;;2,29;4,43;4,87;30,51
05026025;Crocetta del Montello;Treviso;1;5.990;11,86;;16,83;;2,66;5,14;5,66;35,45
05026029;Fonte;Treviso;1;6.045;13,22;;14,91;;2,41;4,66;5,12;32,11
05026032;Giavera del Montello;Treviso;1;5.119;15,57;;17,03;;2,76;5,34;5,87;36,78
05026035;Istrana;Treviso;1;9.126;14,68;;17,55;;2,82;5,46;6,00;37,60
05026036;Loria;Treviso;1;9.246;17,57;;19,48;;3,15;6,10;6,71;42,02
05026039;Maser;Treviso;1;5.096;20,09;;14,32;;2,39;4,63;5,09;31,87
05026040;Maserada sul Piave;Treviso;1;9.123;14,49;;15,78;;2,56;4,95;5,44;34,09
05026043;Mogliano Veneto;Treviso;1;27.922;14,34;;9,62;;3,94;3,99;4,63;32,29
05026044;Monastier di Treviso;Treviso;1;4.406;6,78;;12,95;;1,97;3,81;4,19;26,28
05026045;Monfumo;Treviso;1;1.297;22,36;;16,61;;2,77;5,35;5,89;36,89
05026046;Montebelluna;Treviso;1;31.281;11,40;;14,66;;2,34;4,53;4,98;31,19
05026047;Morgano;Treviso;1;4.438;16,39;;15,72;;2,57;4,98;5,47;34,31
05026050;Nervesa della Battaglia;Treviso;1;6.518;14,34;;15,07;;2,45;4,74;5,21;32,67
05026055;Paese;Treviso;1;22.147;13,50;;16,41;;2,63;5,09;5,60;35,10
05026056;Pederobba;Treviso;1;7.354;9,65;;14,43;;2,27;4,39;4,82;30,22
05026096;Pieve del Grappa;Treviso;1;6.656;12,49;;16,33;;2,60;5,03;5,54;34,69
05026059;Ponzano Veneto;Treviso;1;12.999;14,29;;15,57;;2,52;4,88;5,37;33,63
05026061;Possagno;Treviso;1;2.296;17,82;;16,93;;2,77;5,37;5,90;36,98
05026062;Povegliano;Treviso;1;5.079;16,86;;15,84;;2,60;5,03;5,53;34,64
05026063;Preganziol;Treviso;1;16.808;14,57;;16,50;;2,66;5,16;5,67;35,53
05026064;Quinto di Treviso;Treviso;1;10.058;14,03;;15,28;;2,48;4,79;5,27;33,02
05026066;Resana;Treviso;1;9.352;15,54;;18,39;;2,96;5,72;6,29;39,43
05026068;Riese Pio X;Treviso;1;10.944;15,54;;17,14;;2,77;5,37;5,90;36,99
05026069;Roncade;Treviso;1;14.638;12,24;;14,26;;2,30;4,45;4,89;30,63
05026071;San Biagio di Callalta;Treviso;1;12.681;15,46;;15,58;;2,54;4,92;5,41;33,88
05026077;San Zenone degli Ezzelini;Treviso;1;7.311;17,34;;18,20;;2,96;5,73;6,30;39,45
05026081;Silea;Treviso;1;10.488;8,55;;11,91;;1,88;3,65;4,01;25,14
05026082;Spresiano;Treviso;1;12.350;11,82;;15,51;;2,47;4,78;5,26;32,94
05026083;Susegana;Treviso;1;11.747;11,08;;15,23;;2,41;4,67;5,14;32,19
05026085;Trevignano;Treviso;1;10.723;17,62;;17,35;;2,83;5,49;6,03;37,80
05026086;Treviso;Treviso;1;85.282;10,17;;17,44;;2,69;5,21;5,73;35,92
05026089;Vedelago;Treviso;1;16.543;15,20;;19,22;;3,07;5,94;6,54;40,96
05026091;Villorba;Treviso;1;17.610;10,05;;14,24;;2,25;4,35;4,79;30,00
05026093;Volpago del Montello;Treviso;1;10.050;13,11;;15,26;;2,46;4,76;5,23;32,77
05026094;Zenson di Piave;Treviso;1;1.742;19,62;;12,99;;2,18;4,21;4,63;29,03
05026095;Zero Branco;Treviso;1;11.643;14,96;;17,51;;2,82;5,46;6,00;37,59
06032001;Duino-Aurisina;Trieste;1;8.208;9,73;;13,77;;0,98;2,43;1,93;27,73
06032002;Monrupino;Trieste;1;840;10,45;;19,45;;0,10;3,08;2,22;33,91
06032003;Muggia;Trieste;1;12.839;11,81;;15,97;;2,92;3,20;1,88;31,78
06032004;San Dorligo della Valle-Dolina;Trieste;1;5.682;14,63;;0,23;;0,46;4,98;0,87;27,10
06032005;Sgonico;Trieste;1;1.983;12,26;;11,59;;1,07;3,18;2,12;29,18
06032006;Trieste;Trieste;1;199.400;9,33;;14,52;;6,64;4,23;4,99;38,23
06030001;Aiello del Friuli;Udine;1;2.129;4,59;;10,40;;0,20;1,25;2,09;20,73
06030004;Aquileia;Udine;1;3.150;3,80;;9,49;;0,70;1,77;2,02;20,84
06030006;Artegna;Udine;1;2.880;10,57;;2,06;;1,36;5,20;0,51;28,43
06030007;Attimis;Udine;1;1.642;13,21;;16,49;;;3,12;2,71;33,60
06030008;Bagnaria Arsa;Udine;1;3.456;4,40;;5,80;;0,24;0,22;1,48;14,69
06030009;Basiliano;Udine;1;5.150;15,15;;1,12;;0,88;5,70;0,61;26,73
06030010;Bertiolo;Udine;1;2.345;19,67;;1,58;;0,77;5,67;1,75;31,64
06030011;Bicinicco;Udine;1;1.792;4,48;;5,98;;0,90;2,39;1,17;17,10
06030012;Bordano;Udine;1;699;11,68;;2,93;;1,56;5,88;0,71;33,21
06030013;Buja;Udine;1;6.337;13,17;;5,35;;0,84;3,33;2,99;20,16
06030014;Buttrio;Udine;1;3.926;13,05;;1,57;;0,70;4,66;0,48;24,66
06030015;Camino al Tagliamento;Udine;1;1.533;9,37;;1,54;;0,36;4,55;0,59;27,91
06030016;Campoformido;Udine;1;7.869;14,99;;1,59;;0,46;5,89;0,63;27,88
06030138;Campolongo Tapogliano;Udine;1;1.102;4,43;;6,35;;0,09;2,48;1,58;17,24
06030018;Carlino;Udine;1;2.629;4,21;;8,33;;0,43;2,99;3,33;22,12
06030019;Cassacco;Udine;1;2.794;13,72;;7,02;;;4,16;3,69;22,30
06030020;Castions di Strada;Udine;1;3.667;4,56;;7,27;;0,02;2,58;1,60;19,00
06030023;Cervignano del Friuli;Udine;1;13.666;10,74;;9,02;;1,84;5,12;2,59;26,62
06030024;Chiopris-Viscone;Udine;1;703;4,27;;9,16;;0,74;0,94;4,35;21,20
06030025;Chiusaforte;Udine;1;593;7,62;;17,61;;0,99;14,03;4,53;43,75
06030026;Cividale del Friuli;Udine;1;10.772;5,54;;9,72;;2,40;2,15;4,34;26,40
06030027;Codroipo;Udine;1;15.906;9,79;;1,60;;1,20;4,61;2,94;28,69
06030028;Colloredo di Monte Albano;Udine;1;2.177;11,84;;4,21;;0,91;7,00;0,59;32,06
06030030;Corno di Rosazzo;Udine;1;3.143;16,90;;1,59;;1,74;6,37;0,62;29,03
06030031;Coseano;Udine;1;2.014;12,96;;1,46;;0,29;4,06;0,56;24,70
06030032;Dignano;Udine;1;2.233;11,91;;1,75;;0,46;5,03;0,69;27,53
06030033;Dogna;Udine;1;150;6,59;;11,96;;2,95;6,44;0,50;39,27
06030034;Drenchia;Udine;1;101;20,30;;15,40;;;4,36;5,90;38,21
06030036;Faedis;Udine;1;2.761;12,62;;16,28;;;3,97;3,75;34,06
06030037;Fagagna;Udine;1;5.993;8,69;;1,75;;1,29;4,08;0,98;25,93
06030190;Fiumicello Villa Vicentina;Udine;1;6.301;4,96;;8,91;;1,03;2,50;0,53;20,20
06030039;Flaibano;Udine;1;1.086;10,14;;1,57;;3,24;5,02;2,92;32,16
06030137;Forgaria nel Friuli;Udine;1;1.689;11,13;;3,38;;1,21;9,82;2,35;38,36
06030043;Gemona del Friuli;Udine;1;10.520;11,12;;1,73;;0,40;5,65;0,70;30,33
06030044;Gonars;Udine;1;4.530;4,01;;6,37;;0,46;1,19;1,95;18,11
06030046;Latisana;Udine;1;13.196;11,84;;6,27;;1,95;3,06;1,61;20,68
06030048;Lestizza;Udine;1;3.611;15,77;;1,64;;0,68;7,01;0,65;29,43
06030051;Lusevera;Udine;1;600;10,94;;1,39;;;3,45;0,45;26,78
06030052;Magnano in Riviera;Udine;1;2.253;11,37;;1,99;;0,11;5,17;0,34;32,73
06030053;Majano;Udine;1;5.747;10,81;;1,56;;1,61;3,61;1,10;25,98
06030054;Malborghetto Valbruna;Udine;1;896;5,68;;12,69;;1,50;4,25;2,90;27,16
06030055;Manzano;Udine;1;6.343;5,61;;6,84;;0,28;2,42;1,94;20,01
06030056;Marano Lagunare;Udine;1;1.686;9,87;;6,83;;0,03;5,20;2,77;24,50
06030057;Martignacco;Udine;1;6.862;12,53;;1,47;;0,82;5,11;0,52;24,38
06030058;Mereto di Tomba;Udine;1;2.518;7,31;;6,04;;0,35;2,52;2,00;18,21
06030059;Moggio Udinese;Udine;1;1.613;6,30;;4,45;;1,97;5,65;0,52;29,87
06030060;Moimacco;Udine;1;1.602;23,90;;1,42;;0,83;6,80;0,77;34,33
06030061;Montenars;Udine;1;483;8,47;;3,38;;3,57;5,91;2,14;32,32
06030062;Mortegliano;Udine;1;4.801;9,58;;1,37;;1,55;5,62;1,22;26,80
06030063;Moruzzo;Udine;1;2.406;11,75;;1,36;;0,53;4,38;0,55;24,59
06030064;Muzzana del Turgnano;Udine;1;2.352;5,64;;8,47;;0,54;3,27;3,66;24,11
06030065;Nimis;Udine;1;2.614;9,56;;1,45;;0,48;3,20;0,53;24,84
06030066;Osoppo;Udine;1;2.781;10,28;;2,45;;0,27;4,24;0,46;25,54
06030068;Pagnacco;Udine;1;5.067;13,52;;3,73;;1,37;4,36;0,45;26,35
06030069;Palazzolo dello Stella;Udine;1;2.814;5,03;;8,16;;1,17;2,09;3,08;21,85
06030070;Palmanova;Udine;1;5.334;3,61;;8,77;;4,07;2,33;2,85;26,50
06030072;Pasian di Prato;Udine;1;9.241;13,58;;1,73;;1,17;5,57;0,62;29,04
06030073;Paularo;Udine;1;2.340;;;1,55;;3,21;1,08;0,92;29,59
06030074;Pavia di Udine;Udine;1;5.480;8,98;;1,53;;0,35;3,76;1,20;21,91
06030075;Pocenia;Udine;1;2.367;4,92;;6,79;;0,16;2,16;1,84;17,29
06030076;Pontebba;Udine;1;1.279;8,40;;22,35;;1,00;5,43;1,92;32,58
06030077;Porpetto;Udine;1;2.475;4,68;;9,19;;0,82;3,65;2,98;23,79
06030078;Povoletto;Udine;1;5.429;7,84;;6,69;;0,59;2,05;4,75;21,77
06030079;Pozzuolo del Friuli;Udine;1;6.878;14,82;;1,56;;0,25;6,55;0,62;27,52
06030080;Pradamano;Udine;1;3.536;10,33;;1,14;;0,23;3,93;0,41;19,26
06030082;Precenicco;Udine;1;1.427;5,27;;8,90;;0,57;1,48;1,45;18,79
06030083;Premariacco;Udine;1;3.916;16,06;;1,53;;0,37;6,46;0,60;26,99
06030085;Prepotto;Udine;1;703;10,39;;9,67;;;1,69;2,80;24,93
06030086;Pulfero;Udine;1;830;14,58;;11,76;;;1,52;4,23;32,70
06030087;Ragogna;Udine;1;2.820;11,78;;1,41;;0,71;5,10;1,03;26,78
06030090;Reana del Rojale;Udine;1;4.638;21,54;;1,26;;0,99;3,37;1,17;23,85
06030091;Remanzacco;Udine;1;6.015;16,09;;1,69;;0,36;3,99;1,61;26,08
06030092;Resia;Udine;1;917;11,91;;14,35;;0,57;9,18;6,97;38,93
06030093;Resiutta;Udine;1;267;7,75;;2,15;;;2,61;0,51;22,86
06030095;Rive d'Arcano;Udine;1;2.367;13,65;;1,79;;0,50;5,36;0,47;26,18
06030188;Rivignano Teor;Udine;1;6.251;10,08;;2,55;;1,09;4,28;0,83;23,26
06030097;Ronchis;Udine;1;1.911;4,90;;10,57;;1,03;3,31;2,07;19,94
06030098;Ruda;Udine;1;2.791;5,13;;10,03;;0,64;2,86;2,57;22,44
06030099;San Daniele del Friuli;Udine;1;7.923;9,45;;1,58;;1,39;4,78;0,52;25,23
06030100;San Giorgio di Nogaro;Udine;1;7.279;4,90;;8,56;;0,95;1,66;1,89;20,10
06030101;San Giovanni al Natisone;Udine;1;6.007;15,75;;2,04;;;5,25;0,63;30,12
06030102;San Leonardo;Udine;1;1.018;28,44;;11,63;;;2,14;3,26;31,09
06030103;San Pietro al Natisone;Udine;1;2.086;12,13;;12,76;;0,02;6,69;1,76;29,40
06030105;San Vito al Torre;Udine;1;1.218;5,24;;14,40;;0,43;1,40;2,03;24,20
06030106;San Vito di Fagagna;Udine;1;1.668;15,58;;1,66;;;6,78;0,67;28,92
06030104;Santa Maria la Longa;Udine;1;2.299;5,01;;5,86;;0,12;0,88;2,35;17,35
06030189;Sappada;Udine;1;1.311;;;0,46;;1,59;2,36;4,79;30,72
06030108;Savogna;Udine;1;352;9,99;;15,00;;;6,28;3,02;32,85
06030109;Sedegliano;Udine;1;3.688;19,82;;1,61;;0,42;3,86;0,52;26,17
06030111;Stregna;Udine;1;284;13,87;;1,62;;;4,74;15,81;35,90
06030113;Taipana;Udine;1;568;8,91;;1,44;;0,21;5,54;0,65;26,93
06030114;Talmassons;Udine;1;3.821;2,95;;7,80;;0,32;2,56;1,56;18,22
06030116;Tarcento;Udine;1;8.842;7,75;;9,55;;0,82;3,40;4,69;24,43
06030117;Tarvisio;Udine;1;3.944;7,00;;12,93;;2,76;4,60;2,99;29,70
06030118;Tavagnacco;Udine;1;14.629;8,39;;13,28;;1,84;2,25;3,54;28,15
06030120;Terzo d'Aquileia;Udine;1;2.706;3,39;;7,58;;0,23;3,78;2,00;21,36
06030122;Torreano;Udine;1;2.035;11,24;;15,57;;;2,26;0,68;27,49
06030123;Torviscosa;Udine;1;2.585;6,03;;9,67;;0,56;1,23;3,37;22,74
06030124;Trasaghis;Udine;1;2.084;10,04;;2,00;;0,71;4,46;2,40;29,27
06030126;Treppo Grande;Udine;1;1.715;10,21;;7,12;;1,88;4,68;3,74;36,06
06030191;Treppo Ligosullo;Udine;1;679;;;0,33;;1,04;;0,61;26,20
06030127;Tricesimo;Udine;1;7.571;9,92;;6,39;;0,43;3,83;3,25;20,76
06030128;Trivignano Udinese;Udine;1;1.540;7,65;;8,32;;0,04;1,44;3,18;20,83
06030129;Udine;Udine;1;98.430;6,22;;9,57;;1,81;1,75;4,30;25,43
06030130;Varmo;Udine;1;2.645;14,90;;1,66;;0,51;6,73;0,66;30,22
06030131;Venzone;Udine;1;1.924;12,55;;1,64;;;4,71;0,53;25,21
06030135;Visco;Udine;1;830;2,81;;6,99;;0,39;0,28;0,44;14,42
03012001;Agra;Varese;1;400;4,04;;8,46;;5,39;4,85;4,14;27,96
03012002;Albizzate;Varese;1;5.135;15,35;;14,76;;3,23;5,88;0,79;30,97
03012003;Angera;Varese;1;5.356;14,86;;7,53;;2,79;6,03;2,51;27,72
03012004;Arcisate;Varese;1;9.847;7,10;;5,48;;1,96;3,38;;22,74
03012005;Arsago Seprio;Varese;1;4.732;8,28;;8,76;;2,23;6,72;3,22;25,73
03012006;Azzate;Varese;1;4.617;14,83;;13,90;;2,38;6,64;2,87;31,83
03012007;Azzio;Varese;1;770;16,42;;8,94;;0,31;7,09;3,05;28,23
03012008;Barasso;Varese;1;1.672;8,81;;5,92;;1,89;8,37;1,27;26,57
03012144;BARDELLO CON MALGESSO E BREGANO;Varese;1;3.634;18,81;;13,32;;2,31;2,49;3,53;27,82
03012010;Bedero Valcuvia;Varese;1;660;4,12;;13,13;;4,17;5,03;1,58;25,84
03012011;Besano;Varese;1;2.514;8,26;;15,11;;0,68;4,09;1,73;25,22
03012012;Besnate;Varese;1;5.465;16,02;;15,22;;1,90;9,75;0,88;34,32
03012013;Besozzo;Varese;1;8.772;13,32;;5,26;;2,16;5,04;2,20;23,09
03012014;Biandronno;Varese;1;3.178;19,61;;12,04;;0,35;4,02;0,80;23,37
03012015;Bisuschio;Varese;1;4.276;8,66;;8,09;;0,50;3,79;0,38;15,89
03012016;Bodio Lomnago;Varese;1;2.253;14,55;;13,91;;4,55;9,02;1,21;34,67
03012019;Brenta;Varese;1;1.732;9,39;;9,05;;3,98;4,45;4,04;29,36
03012020;Brezzo di Bedero;Varese;1;1.204;5,58;;10,61;;2,93;9,49;5,62;35,98
03012021;Brinzio;Varese;1;772;19,91;;10,99;;3,69;6,53;3,14;35,13
03012022;Brissago-Valtravaglia;Varese;1;1.312;23,37;;9,82;;4,26;5,14;9,55;39,02
03012023;Brunello;Varese;1;918;11,98;;12,01;;6,85;11,42;;37,64
03012024;Brusimpiano;Varese;1;1.179;3,37;;7,98;;7,89;5,17;2,29;27,59
03012025;Buguggiate;Varese;1;3.112;13,72;;13,23;;1,42;10,00;0,97;31,27
03012026;Busto Arsizio;Varese;1;83.439;18,56;;15,75;;5,90;4,58;8,55;43,74
03012027;Cadegliano-Viconago;Varese;1;2.173;8,31;;15,59;;7,87;10,92;0,51;38,32
03012143;Cadrezzate con Osmate;Varese;1;2.674;11,27;;6,08;;0,40;6,11;1,01;25,28
03012029;Cairate;Varese;1;7.822;8,45;;7,86;;0,53;6,65;3,39;25,30
03012030;Cantello;Varese;1;4.774;8,06;;8,33;;1,06;9,70;0,55;22,96
03012031;Caravate;Varese;1;2.537;11,04;;9,45;;0,40;4,27;1,85;24,27
03012032;Cardano al Campo;Varese;1;14.753;13,92;;10,50;;1,98;4,26;3,92;27,34
03012033;Carnago;Varese;1;6.605;11,60;;11,68;;1,08;3,50;;23,39
03012034;Caronno Pertusella;Varese;1;18.284;9,56;;7,26;;6,11;7,02;1,76;28,64
03012035;Caronno Varesino;Varese;1;4.833;9,66;;9,45;;;4,85;0,83;21,77
03012036;Casale Litta;Varese;1;2.757;14,55;;14,03;;4,88;9,04;0,81;34,76
03012037;Casalzuigno;Varese;1;1.360;8,38;;9,59;;3,37;6,40;1,29;28,50
03012038;Casciago;Varese;1;3.587;13,58;;8,24;;2,42;12,18;6,33;38,36
03012039;Casorate Sempione;Varese;1;5.609;9,04;;9,60;;0,14;3,32;1,39;21,56
03012040;Cassano Magnago;Varese;1;21.328;7,80;;10,02;;3,30;7,16;4,42;31,18
03012041;Cassano Valcuvia;Varese;1;657;17,16;;10,66;;6,54;6,18;17,42;51,05
03012042;Castellanza;Varese;1;13.883;4,24;;7,72;;3,65;5,42;5,61;28,92
03012043;Castello Cabiaglio;Varese;1;571;25,56;;10,46;;0,37;13,72;4,13;39,40
03012044;Castelseprio;Varese;1;1.331;11,50;;6,46;;1,33;5,52;0,83;21,79
03012045;Castelveccana;Varese;1;1.833;7,51;;11,02;;2,35;9,96;3,77;35,09
03012046;Castiglione Olona;Varese;1;7.453;13,15;;12,42;;1,26;7,76;0,72;27,52
03012047;Castronno;Varese;1;5.019;18,06;;15,00;;5,34;10,36;0,83;38,10
03012048;Cavaria con Premezzo;Varese;1;5.698;12,69;;11,99;;2,14;7,64;0,69;27,65
03012049;Cazzago Brabbia;Varese;1;786;17,93;;17,29;;1,74;10,60;0,99;38,01
03012050;Cislago;Varese;1;10.420;4,97;;7,45;;2,92;3,72;3,67;23,54
03012051;Cittiglio;Varese;1;3.824;12,18;;10,07;;2,61;4,75;3,53;29,99
03012052;Clivio;Varese;1;1.988;35,12;;25,24;;9,13;15,76;;106,01
03012053;Cocquio-Trevisago;Varese;1;4.631;11,53;;9,64;;1,14;7,25;3,58;30,17
03012054;Comabbio;Varese;1;1.179;5,39;;13,44;;7,43;5,36;6,28;37,89
03012055;Comerio;Varese;1;2.818;12,36;;12,94;;3,08;5,16;2,79;30,56
03012056;Cremenaga;Varese;1;791;4,85;;8,56;;3,19;10,17;0,36;26,59
03012057;Crosio della Valle;Varese;1;637;17,60;;16,73;;6,77;12,73;3,03;46,47
03012058;Cuasso al Monte;Varese;1;3.541;5,00;;12,14;;1,12;4,54;2,56;27,80
03012059;Cugliate-Fabiasco;Varese;1;3.100;10,62;;8,18;;0,19;3,96;2,41;24,93
03012060;Cunardo;Varese;1;2.895;9,15;;8,67;;2,10;4,69;0,74;26,16
03012061;Curiglia con Monteviasco;Varese;1;153;4,55;;11,20;;12,40;7,59;5,76;42,97
03012062;Cuveglio;Varese;1;3.341;9,37;;9,87;;2,25;5,09;1,29;26,78
03012063;Cuvio;Varese;1;1.657;8,13;;9,55;;2,36;5,33;1,56;26,53
03012064;Daverio;Varese;1;3.069;17,47;;14,20;;1,68;9,49;0,81;32,73
03012065;Dumenza;Varese;1;1.436;9,43;;10,16;;6,90;6,32;3,71;35,57
03012066;Duno;Varese;1;154;12,45;;12,22;;7,79;28,71;11,31;70,48
03012067;Fagnano Olona;Varese;1;12.478;15,79;;10,37;;0,63;4,41;4,88;30,33
03012068;Ferno;Varese;1;6.665;2,73;;;;3,92;2,59;2,59;21,81
03012069;Ferrera di Varese;Varese;1;683;24,23;;10,85;;2,20;6,94;0,62;31,61
03012070;Gallarate;Varese;1;53.257;8,93;;11,90;;3,66;5,55;2,42;29,39
03012071;Galliate Lombardo;Varese;1;1.024;15,73;;15,15;;4,32;13,07;0,87;39,90
03012072;Gavirate;Varese;1;9.170;7,72;;8,11;;3,96;2,89;3,70;25,53
03012073;Gazzada Schianno;Varese;1;4.613;84,89;;;;2,30;3,71;5,36;29,96
03012074;Gemonio;Varese;1;2.838;13,54;;9,11;;3,80;2,23;2,98;23,70
03012075;Gerenzano;Varese;1;10.887;3,27;;6,13;;2,11;3,35;0,65;20,38
03012076;Germignaga;Varese;1;3.708;8,86;;10,10;;2,09;3,87;0,49;24,45
03012077;Golasecca;Varese;1;2.623;12,70;;10,36;;3,38;5,01;0,22;26,68
03012079;Gorla Minore;Varese;1;8.120;4,70;;8,05;;2,75;3,31;1,86;20,94
03012080;Gornate Olona;Varese;1;2.179;9,26;;12,82;;1,04;2,85;1,88;24,85
03012081;Grantola;Varese;1;1.225;7,18;;9,28;;0,28;4,14;0,66;21,35
03012082;Inarzo;Varese;1;1.062;13,09;;12,39;;3,29;8,10;0,71;29,85
03012083;Induno Olona;Varese;1;10.360;10,30;;8,10;;3,55;3,23;0,69;25,33
03012084;Ispra;Varese;1;5.312;14,62;;9,79;;1,34;3,01;2,71;22,76
03012085;Jerago con Orago;Varese;1;5.161;12,58;;11,72;;1,19;7,48;0,68;26,18
03012086;Lavena Ponte Tresa;Varese;1;5.669;2,34;;3,31;;6,90;3,66;5,89;26,09
03012087;Laveno-Mombello;Varese;1;8.360;12,65;;11,82;;1,61;5,36;5,30;36,31
03012088;Leggiuno;Varese;1;3.553;14,27;;5,05;;2,77;7,56;2,69;28,55
03012089;Lonate Ceppino;Varese;1;5.084;12,59;;7,74;;;4,25;2,30;22,83
03012092;Luino;Varese;1;14.190;3,88;;8,59;;4,18;3,51;2,99;24,63
03012093;Luvinate;Varese;1;1.341;13,17;;7,11;;1,95;8,58;1,64;29,61
03012142;Maccagno con Pino e Veddasca;Varese;1;2.361;5,63;;12,48;;0,34;4,73;4,66;29,18
03012096;Malnate;Varese;1;16.513;8,10;;11,58;;4,00;3,28;0,53;24,65
03012097;Marchirolo;Varese;1;3.589;9,98;;11,43;;5,64;4,67;1,23;29,33
03012098;Marnate;Varese;1;8.111;6,33;;9,86;;2,55;6,09;5,46;30,27
03012099;Marzio;Varese;1;304;5,26;;14,92;;8,27;7,99;4,08;41,73
03012100;Masciago Primo;Varese;1;291;10,91;;11,71;;3,42;14,68;2,20;41,81
03012101;Mercallo;Varese;1;1.805;16,57;;11,30;;2,08;2,61;2,36;25,26
03012102;Mesenzana;Varese;1;1.735;6,59;;9,51;;1,50;4,27;3,95;26,34
03012103;Montegrino Valtravaglia;Varese;1;1.503;12,18;;10,20;;4,45;9,78;1,76;35,37
03012104;Monvalle;Varese;1;1.941;15,59;;6,67;;0,93;9,13;6,72;34,30
03012105;Morazzone;Varese;1;4.307;12,38;;11,64;;1,18;7,27;0,67;25,81
03012106;Mornago;Varese;1;4.877;13,33;;9,84;;4,79;4,39;2,18;27,14
03012107;Oggiona con Santo Stefano;Varese;1;4.336;11,51;;11,00;;3,58;7,03;0,63;26,98
03012108;Olgiate Olona;Varese;1;12.751;4,78;;6,32;;1,06;4,99;0,15;21,02
03012109;Origgio;Varese;1;8.000;9,80;;6,67;;4,21;3,21;2,94;27,00
03012110;Orino;Varese;1;833;22,55;;10,15;;0,36;10,82;2,73;34,35
03012113;Porto Ceresio;Varese;1;2.869;10,05;;10,00;;3,15;2,90;1,18;25,68
03012114;Porto Valtravaglia;Varese;1;2.271;9,18;;11,26;;4,71;6,70;3,54;35,47
03012115;Rancio Valcuvia;Varese;1;924;18,15;;10,29;;5,85;9,94;12,61;48,31
03012116;Ranco;Varese;1;1.241;13,97;;8,51;;1,70;5,28;1,71;23,96
03012117;Saltrio;Varese;1;2.989;17,42;;9,13;;0,50;5,22;1,67;23,56
03012118;Samarate;Varese;1;16.109;4,72;;4,65;;3,44;7,89;;21,65
03012141;Sangiano;Varese;1;1.434;9,74;;5,68;;0,58;5,87;0,06;21,82
03012119;Saronno;Varese;1;38.591;8,02;;4,80;;7,26;4,25;5,94;29,17
03012120;Sesto Calende;Varese;1;10.977;8,21;;11,15;;3,56;2,27;0,25;22,32
03012121;Solbiate Arno;Varese;1;4.009;19,72;;13,08;;1,89;11,82;1,08;36,85
03012122;Solbiate Olona;Varese;1;5.422;6,75;;9,81;;3,57;4,58;0,98;24,62
03012123;Somma Lombardo;Varese;1;17.784;12,72;;11,34;;3,97;2,30;3,16;26,04
03012124;Sumirago;Varese;1;6.006;15,78;;15,14;;1,53;9,46;0,87;33,49
03012125;Taino;Varese;1;3.612;29,12;;11,13;;2,87;3,05;1,72;24,82
03012126;Ternate;Varese;1;2.489;4,00;;9,56;;0,84;2,17;2,08;20,30
03012127;Tradate;Varese;1;18.978;30,97;;7,96;;3,45;5,00;3,60;31,94
03012128;Travedona-Monate;Varese;1;3.896;8,06;;5,73;;2,62;5,28;3,95;24,26
03012129;Tronzano Lago Maggiore;Varese;1;233;6,04;;9,36;;5,24;7,83;6,21;35,37
03012130;Uboldo;Varese;1;10.875;7,32;;10,76;;2,28;8,28;0,84;29,68
03012131;Valganna;Varese;1;1.596;5,70;;13,34;;5,72;8,34;0,46;32,69
03012132;Varano Borghi;Varese;1;2.488;6,24;;7,22;;0,20;4,39;3,59;26,98
03012133;Varese;Varese;1;78.819;9,85;;15,19;;6,59;6,04;5,69;37,90
03012134;Vedano Olona;Varese;1;7.413;13,07;;12,66;;5,42;8,09;0,85;32,36
03012136;Venegono Inferiore;Varese;1;5.981;16,05;;14,92;;5,09;10,01;0,84;37,17
03012137;Venegono Superiore;Varese;1;7.346;6,00;;8,46;;2,44;3,78;2,34;24,28
03012138;Vergiate;Varese;1;8.615;7,98;;6,14;;1,22;5,46;3,80;27,70
03012139;Viggiu;Varese;1;5.187;12,02;;10,98;;0,87;4,09;1,73;23,83
03012140;Vizzola Ticino;Varese;1;588;5,25;;11,09;;1,31;4,13;1,50;22,11
05027001;Annone Veneto;Venezia;1;3.815;15,04;;10,18;;0,85;4,91;2,80;30,51
05027002;Campagna Lupia;Venezia;1;7.191;18,27;;8,91;;3,89;5,47;4,85;33,27
05027003;Campolongo Maggiore;Venezia;1;10.740;22,42;;10,74;;4,71;5,82;5,25;37,42
05027004;Camponogara;Venezia;1;13.000;17,66;;9,99;;4,25;5,29;4,39;33,86
05027005;Caorle;Venezia;1;11.096;18,20;;15,28;;8,84;9,39;5,70;54,94
05027044;Cavallino-Treporti;Venezia;1;13.246;12,15;;9,48;;3,75;3,93;1,55;26,88
05027006;Cavarzere;Venezia;1;12.272;15,02;;12,39;;4,82;4,41;4,88;36,20
05027007;Ceggia;Venezia;1;6.164;33,09;;8,21;;3,93;4,23;5,79;30,20
05027008;Chioggia;Venezia;1;47.570;15,79;;19,35;;6,66;9,36;8,84;56,79
05027009;Cinto Caomaggiore;Venezia;1;3.201;13,00;;9,70;;0,21;3,91;2,84;26,74
05027010;Cona;Venezia;1;2.732;20,86;;7,94;;3,61;3,28;10,40;34,77
05027011;Concordia Sagittaria;Venezia;1;10.255;13,76;;8,42;;3,03;5,30;2,34;30,26
05027012;Dolo;Venezia;1;14.926;17,68;;11,96;;4,89;5,63;7,47;39,96
05027013;Eraclea;Venezia;1;11.984;18,83;;12,87;;5,25;4,91;3,98;36,65
05027014;Fiesso d'Artico;Venezia;1;8.535;17,95;;12,27;;5,00;5,81;5,29;38,55
05027015;Fossalta di Piave;Venezia;1;4.204;27,54;;5,98;;2,90;2,82;5,07;25,56
05027016;Fossalta di Portogruaro;Venezia;1;5.743;13,03;;9,38;;0,78;4,39;2,12;27,24
05027017;Fosso;Venezia;1;7.069;19,43;;9,59;;4,18;5,45;4,17;33,60
05027018;Gruaro;Venezia;1;2.712;11,80;;6,83;;0,89;4,24;2,99;27,11
05027019;Jesolo;Venezia;1;26.861;14,02;;15,93;;5,63;5,81;5,29;41,43
05027020;Marcon;Venezia;1;17.725;20,07;;9,89;;4,32;4,07;4,04;32,01
05027021;Martellago;Venezia;1;21.244;13,71;;5,71;;2,56;3,57;3,24;24,50
05027022;Meolo;Venezia;1;6.182;26,79;;9,65;;4,42;4,34;5,25;33,56
05027023;Mira;Venezia;1;37.618;31,61;;12,08;;5,49;5,21;6,11;39,40
05027024;Mirano;Venezia;1;27.107;11,94;;6,13;;2,65;3,10;4,06;26,14
05027025;Musile di Piave;Venezia;1;11.417;13,52;;7,54;;3,21;2,81;4,01;26,98
05027026;Noale;Venezia;1;16.183;14,37;;6,58;;2,91;4,34;2,78;26,06
05027027;Noventa di Piave;Venezia;1;6.974;10,39;;5,25;;3,13;2,09;3,71;22,60
05027028;Pianiga;Venezia;1;12.208;16,98;;10,39;;4,34;4,05;3,43;31,92
05027029;Portogruaro;Venezia;1;24.356;7,54;;10,58;;2,15;4,74;2,24;29,88
05027030;Pramaggiore;Venezia;1;4.752;12,49;;9,40;;0,24;3,85;2,52;26,50
05027031;Quarto d'Altino;Venezia;1;8.061;20,51;;11,29;;4,83;4,09;4,47;34,51
05027032;Salzano;Venezia;1;12.813;22,72;;11,80;;5,10;7,07;5,35;39,67
05027033;San Dona  di Piave;Venezia;1;41.883;30,01;;10,12;;4,68;4,49;4,48;33,84
05027034;San Michele al Tagliamento;Venezia;1;11.347;12,06;;12,41;;5,01;5,35;4,28;40,56
05027036;San Stino di Livenza;Venezia;1;12.728;14,83;;8,47;;2,04;4,22;2,37;28,37
05027035;Santa Maria di Sala;Venezia;1;17.380;15,82;;5,47;;2,52;4,60;3,09;25,02
05027037;Scorze;Venezia;1;19.111;12,42;;4,52;;2,07;2,31;2,05;18,67
05027038;Spinea;Venezia;1;27.720;15,40;;6,44;;2,89;3,61;3,18;26,42
05027039;Stra;Venezia;1;7.556;17,47;;11,19;;4,63;7,71;6,38;39,43
05027040;Teglio Veneto;Venezia;1;2.253;17,89;;8,21;;2,08;6,31;2,69;32,10
05027041;Torre di Mosto;Venezia;1;4.793;14,98;;8,82;;3,72;3,78;2,62;27,84
05027042;Venezia;Venezia;1;250.369;21,33;;28,29;;9,47;9,80;7,67;63,07
05027043;Vigonovo;Venezia;1;9.844;18,15;;11,70;;4,84;6,01;4,93;37,92
01103001;Antrona Schieranco;Verbano-Cusio-Ossola;1;399;12,75;;34,50;;;6,49;10,86;55,70
01103002;Anzola d'Ossola;Verbano-Cusio-Ossola;1;376;15,36;;31,85;;1,97;8,57;6,44;48,90
01103003;Arizzano;Verbano-Cusio-Ossola;1;1.975;20,32;;18,64;;6,69;4,54;6,30;43,43
01103004;Arola;Verbano-Cusio-Ossola;1;243;13,84;;21,93;;2,95;17,32;4,08;50,98
01103005;Aurano;Verbano-Cusio-Ossola;1;102;12,87;;56,99;;;4,89;8,15;60,47
01103006;Baceno;Verbano-Cusio-Ossola;1;872;8,93;;34,85;;;6,20;8,22;45,00
01103007;Bannio Anzino;Verbano-Cusio-Ossola;1;442;11,15;;35,82;;;7,49;5,02;43,83
01103008;Baveno;Verbano-Cusio-Ossola;1;4.629;14,58;;19,59;;15,00;4,84;6,14;50,85
01103009;Bee;Verbano-Cusio-Ossola;1;773;17,85;;16,14;;6,09;4,13;4,82;39,09
01103010;Belgirate;Verbano-Cusio-Ossola;1;479;16,19;;31,76;;14,58;6,96;14,74;70,86
01103011;Beura-Cardezza;Verbano-Cusio-Ossola;1;1.410;16,65;;23,35;;;4,39;5,97;38,88
01103012;Bognanco;Verbano-Cusio-Ossola;1;192;18,47;;56,89;;;10,46;17,03;74,53
01103078;Borgomezzavalle;Verbano-Cusio-Ossola;1;290;11,62;;32,97;;;7,64;7,01;49,73
01103013;Brovello-Carpugnino;Verbano-Cusio-Ossola;1;791;23,62;;25,57;;2,67;6,82;4,77;46,89
01103014;Calasca-Castiglione;Verbano-Cusio-Ossola;1;596;17,93;;48,73;;;8,40;8,20;58,51
01103015;Cambiasca;Verbano-Cusio-Ossola;1;1.581;10,13;;13,90;;3,25;2,75;3,67;32,99
01103016;Cannero Riviera;Verbano-Cusio-Ossola;1;920;22,60;;31,15;;6,14;4,91;6,65;52,87
01103017;Cannobio;Verbano-Cusio-Ossola;1;5.038;16,64;;19,25;;9,09;3,58;5,26;43,12
01103018;Caprezzo;Verbano-Cusio-Ossola;1;175;7,52;;35,73;;;2,71;33,40;69,10
01103019;Casale Corte Cerro;Verbano-Cusio-Ossola;1;3.345;10,67;;13,87;;1,05;3,43;3,94;28,29
01103021;Ceppo Morelli;Verbano-Cusio-Ossola;1;292;19,18;;54,92;;;12,70;6,82;68,68
01103022;Cesara;Verbano-Cusio-Ossola;1;611;12,19;;49,76;;2,80;16,85;4,56;66,52
01103023;Cossogno;Verbano-Cusio-Ossola;1;686;19,88;;37,58;;1,79;18,14;13,84;72,32
01103024;Craveggia;Verbano-Cusio-Ossola;1;822;20,12;;38,09;;12,38;11,04;9,31;71,58
01103025;Crevoladossola;Verbano-Cusio-Ossola;1;4.492;22,73;;21,46;;0,56;5,72;5,46;39,41
01103026;Crodo;Verbano-Cusio-Ossola;1;1.436;5,37;;25,46;;;5,88;7,24;35,24
01103028;Domodossola;Verbano-Cusio-Ossola;1;17.727;10,76;;19,22;;4,56;4,46;5,68;38,04
01103029;Druogno;Verbano-Cusio-Ossola;1;1.036;31,73;;52,22;;4,45;9,60;9,76;76,77
01103031;Formazza;Verbano-Cusio-Ossola;1;433;8,52;;28,85;;;9,00;5,10;43,93
01103032;Germagno;Verbano-Cusio-Ossola;1;185;15,96;;29,42;;;10,31;5,50;48,83
01103033;Ghiffa;Verbano-Cusio-Ossola;1;2.255;17,42;;24,75;;2,45;6,04;5,16;43,73
01103034;Gignese;Verbano-Cusio-Ossola;1;1.060;33,15;;29,82;;4,25;5,70;15,10;63,11
01103035;Gravellona Toce;Verbano-Cusio-Ossola;1;7.579;18,41;;14,48;;3,39;3,08;4,72;32,45
01103036;Gurro;Verbano-Cusio-Ossola;1;177;21,27;;59,97;;0,41;13,67;28,51;97,48
01103037;Intragna;Verbano-Cusio-Ossola;1;95;10,29;;51,88;;;3,62;92,64;139,60
01103038;Loreglia;Verbano-Cusio-Ossola;1;210;12,17;;36,83;;;17,42;4,84;55,81
01103039;Macugnaga;Verbano-Cusio-Ossola;1;505;9,26;;45,04;;;19,22;14,08;66,21
01103040;Madonna del Sasso;Verbano-Cusio-Ossola;1;359;10,30;;23,03;;4,61;9,96;4,61;44,26
01103041;Malesco;Verbano-Cusio-Ossola;1;1.343;21,86;;34,04;;3,04;6,49;7,59;54,43
01103042;Masera;Verbano-Cusio-Ossola;1;1.452;22,86;;27,27;;1,66;6,88;5,43;46,84
01103043;Massiola;Verbano-Cusio-Ossola;1;109;14,56;;33,22;;;19,84;6,94;61,07
01103044;Mergozzo;Verbano-Cusio-Ossola;1;2.149;13,90;;16,01;;5,81;4,00;9,44;41,72
01103045;Miazzina;Verbano-Cusio-Ossola;1;362;28,42;;39,20;;10,66;16,43;5,02;83,53
01103046;Montecrestese;Verbano-Cusio-Ossola;1;1.259;28,06;;25,22;;;8,87;9,21;50,69
01103047;Montescheno;Verbano-Cusio-Ossola;1;369;11,23;;30,03;;;6,12;14,99;54,15
01103048;Nonio;Verbano-Cusio-Ossola;1;827;10,76;;22,14;;6,35;7,93;4,78;43,66
01103049;Oggebbio;Verbano-Cusio-Ossola;1;838;11,91;;36,11;;3,38;8,16;5,25;52,19
01103050;Omegna;Verbano-Cusio-Ossola;1;14.246;11,91;;7,62;;2,87;2,28;2,22;19,40
01103051;Ornavasso;Verbano-Cusio-Ossola;1;3.309;19,80;;17,31;;2,45;4,01;3,75;35,15
01103052;Pallanzeno;Verbano-Cusio-Ossola;1;1.091;15,88;;21,13;;0,16;3,61;3,76;34,41
01103053;Piedimulera;Verbano-Cusio-Ossola;1;1.443;20,66;;16,21;;;5,00;4,40;32,97
01103054;Pieve Vergonte;Verbano-Cusio-Ossola;1;2.409;19,78;;26,12;;0,97;3,90;4,86;41,48
01103055;Premeno;Verbano-Cusio-Ossola;1;774;41,16;;16,09;;5,03;11,30;5,48;50,03
01103056;Premia;Verbano-Cusio-Ossola;1;548;6,98;;24,79;;;5,14;5,05;34,30
01103057;Premosello-Chiovenda;Verbano-Cusio-Ossola;1;1.845;16,99;;30,64;;0,96;6,29;10,59;50,84
01103058;Quarna Sopra;Verbano-Cusio-Ossola;1;235;12,58;;27,96;;3,54;10,24;6,09;49,28
01103059;Quarna Sotto;Verbano-Cusio-Ossola;1;376;14,32;;29,53;;5,42;11,87;5,04;53,03
01103060;Re;Verbano-Cusio-Ossola;1;716;29,47;;47,55;;;7,41;12,42;68,94
01103061;San Bernardino Verbano;Verbano-Cusio-Ossola;1;1.259;9,50;;20,26;;2,28;8,73;7,61;42,83
01103062;Santa Maria Maggiore;Verbano-Cusio-Ossola;1;1.311;12,40;;23,22;;2,56;4,47;6,46;39,98
01103064;Stresa;Verbano-Cusio-Ossola;1;4.657;17,67;;24,95;;10,67;3,60;8,12;53,60
01103065;Toceno;Verbano-Cusio-Ossola;1;739;7,92;;28,46;;10,70;10,65;6,54;53,21
01103066;Trarego Viggiona;Verbano-Cusio-Ossola;1;398;17,38;;22,85;;2,06;3,89;5,73;46,45
01103067;Trasquera;Verbano-Cusio-Ossola;1;179;10,17;;39,07;;;16,60;11,38;70,74
01103068;Trontano;Verbano-Cusio-Ossola;1;1.677;32,35;;30,57;;0,14;5,63;5,93;51,75
01103079;Valle Cannobina;Verbano-Cusio-Ossola;1;452;12,39;;42,78;;;17,55;8,66;67,30
01103069;Valstrona;Verbano-Cusio-Ossola;1;1.155;12,89;;33,93;;;11,10;6,73;50,50
01103070;Vanzone con San Carlo;Verbano-Cusio-Ossola;1;383;11,47;;50,67;;1,52;10,14;7,61;58,76
01103071;Varzo;Verbano-Cusio-Ossola;1;1.947;14,33;;37,18;;;7,04;5,74;46,74
01103072;Verbania;Verbano-Cusio-Ossola;1;30.016;13,21;;14,48;;5,58;2,69;4,95;33,82
01103074;Vignone;Verbano-Cusio-Ossola;1;1.184;31,86;;23,10;;4,27;7,12;37,05;81,87
01103075;Villadossola;Verbano-Cusio-Ossola;1;6.238;12,95;;22,42;;2,95;3,99;7,45;40,34
01103076;Villette;Verbano-Cusio-Ossola;1;277;6,45;;18,88;;;5,34;6,75;31,84
01103077;Vogogna;Verbano-Cusio-Ossola;1;1.684;28,05;;26,74;;;6,40;16,89;57,20
01002002;Alagna Valsesia;Vercelli;1;694;10,00;;29,40;;4,72;9,60;0,47;45,00
01002003;Albano Vercellese;Vercelli;1;309;11,32;;25,12;;1,61;8,54;20,34;60,43
01002004;Alice Castello;Vercelli;1;2.511;10,65;;21,51;;4,04;4,36;;32,91
01002170;Alto Sermenza;Vercelli;1;140;9,35;;26,41;;0,29;14,49;0,56;41,71
01002006;Arborio;Vercelli;1;841;11,06;;28,24;;2,11;4,52;3,66;41,89
01002007;Asigliano Vercellese;Vercelli;1;1.365;15,23;;22,60;;4,52;4,73;3,62;44,26
01002008;Balmuccia;Vercelli;1;115;9,19;;21,79;;2,26;7,82;;33,69
01002009;Balocco;Vercelli;1;214;12,41;;22,20;;2,29;11,43;1,76;43,63
01002011;Bianze;Vercelli;1;1.870;11,21;;16,82;;1,45;4,58;;29,05
01002014;Boccioleto;Vercelli;1;161;7,44;;39,28;;1,53;13,20;;43,89
01002015;Borgo d'Ale;Vercelli;1;2.195;9,08;;24,26;;1,81;5,64;;33,78
01002017;Borgo Vercelli;Vercelli;1;2.234;10,91;;30,44;;5,89;4,53;0,59;45,20
01002021;Buronzo;Vercelli;1;865;12,82;;25,61;;4,04;10,62;;45,53
01002025;Campertogno;Vercelli;1;226;6,14;;20,15;;0,07;8,17;;27,99
01002029;Carcoforo;Vercelli;1;75;13,18;;38,15;;0,13;20,47;12,58;65,68
01002031;Caresanablot;Vercelli;1;1.084;7,66;;13,03;;5,95;2,05;0,85;26,01
01002032;Carisio;Vercelli;1;759;14,07;;13,61;;7,46;8,39;;37,22
01002033;Casanova Elvo;Vercelli;1;219;11,95;;27,11;;2,87;30,24;;63,26
01002171;Cellio con Breia;Vercelli;1;936;9,45;;22,87;;0,56;12,50;;41,11
01002041;Cervatto;Vercelli;1;47;6,47;;41,83;;0,64;26,78;;49,01
01002042;Cigliano;Vercelli;1;4.256;16,58;;19,59;;3,22;2,84;;31,63
01002043;Civiasco;Vercelli;1;223;8,80;;14,96;;10,98;7,78;0,51;39,78
01002045;Collobiano;Vercelli;1;74;21,54;;47,68;;9,59;40,27;;101,70
01002048;Cravagliana;Vercelli;1;248;9,77;;30,23;;1,22;27,10;;54,13
01002049;Crescentino;Vercelli;1;7.641;21,28;;20,47;;1,81;4,34;3,66;40,34
01002052;Crova;Vercelli;1;350;14,47;;25,07;;8,69;6,56;12,21;59,86
01002054;Desana;Vercelli;1;1.096;11,21;;23,59;;6,73;6,71;2,64;43,80
01002057;Fobello;Vercelli;1;184;16,50;;25,56;;1,85;7,68;;43,78
01002058;Fontanetto Po;Vercelli;1;1.040;17,22;;24,09;;4,40;2,14;;36,98
01002059;Formigliana;Vercelli;1;491;10,70;;27,88;;2,36;22,82;;56,25
01002061;Gattinara;Vercelli;1;7.517;12,54;;12,40;;1,46;2,02;1,06;21,78
01002062;Ghislarengo;Vercelli;1;808;6,94;;24,89;;3,70;4,27;9,27;44,59
01002065;Greggio;Vercelli;1;325;11,07;;11,04;;1,58;2,58;3,18;23,25
01002066;Guardabosone;Vercelli;1;324;18,82;;37,13;;3,58;5,66;;49,93
01002067;Lamporo;Vercelli;1;484;15,22;;25,13;;1,83;2,48;;38,75
01002068;Lenta;Vercelli;1;769;13,13;;22,51;;2,68;5,94;2,46;39,69
01002070;Lignana;Vercelli;1;535;12,98;;35,83;;3,49;2,45;;42,52
01002071;Livorno Ferraris;Vercelli;1;4.212;12,68;;25,61;;2,36;4,53;;37,52
01002072;Lozzolo;Vercelli;1;759;13,02;;20,03;;1,92;3,68;7,85;38,77
01002078;Mollia;Vercelli;1;99;9,97;;30,84;;2,17;13,85;;45,24
01002079;Moncrivello;Vercelli;1;1.368;12,21;;18,57;;1,46;3,23;;33,04
01002088;Olcenengo;Vercelli;1;784;11,25;;23,68;;6,22;7,80;9,61;50,49
01002089;Oldenico;Vercelli;1;231;12,75;;30,37;;2,98;9,08;;46,71
01002090;Palazzolo Vercellese;Vercelli;1;1.097;14,30;;23,10;;5,53;3,00;8,78;46,28
01002096;Pila;Vercelli;1;139;20,60;;27,48;;10,02;28,18;3,40;76,40
01002097;Piode;Vercelli;1;188;8,52;;32,06;;10,96;15,80;0,19;54,91
01002102;Postua;Vercelli;1;534;9,57;;20,14;;2,90;3,52;0,67;30,76
01002104;Prarolo;Vercelli;1;734;9,09;;30,37;;2,39;6,52;1,94;42,94
01002107;Quarona;Vercelli;1;3.762;18,73;;20,71;;5,97;2,37;;35,59
01002108;Quinto Vercellese;Vercelli;1;386;12,10;;25,68;;6,99;20,52;;57,27
01002110;Rassa;Vercelli;1;68;10,80;;24,48;;2,26;11,60;;38,61
01002113;Rimella;Vercelli;1;133;19,33;;20,65;;0,15;14,99;2,69;47,32
01002115;Rive;Vercelli;1;445;10,73;;24,30;;4,75;5,37;4,11;41,61
01002116;Roasio;Vercelli;1;2.226;11,89;;23,97;;1,84;4,81;1,30;35,51
01002118;Ronsecco;Vercelli;1;562;10,11;;20,82;;2,66;3,30;;31,83
01002121;Rossa;Vercelli;1;163;12,05;;16,25;;4,48;9,45;;36,64
01002122;Rovasenda;Vercelli;1;894;14,94;;17,69;;3,13;4,41;3,31;36,97
01002126;Salasco;Vercelli;1;210;13,91;;22,24;;4,08;4,85;;38,86
01002127;Sali Vercellese;Vercelli;1;95;15,52;;19,34;;4,43;4,59;3,89;38,70
01002128;Saluggia;Vercelli;1;3.792;9,45;;21,71;;1,83;4,49;1,01;32,99
01002131;San Germano Vercellese;Vercelli;1;1.580;15,08;;25,73;;5,08;10,28;;46,79
01002035;San Giacomo Vercellese;Vercelli;1;264;10,74;;25,91;;7,85;13,51;14,21;65,61
01002133;Santhia;Vercelli;1;8.045;11,78;;17,16;;0,65;5,30;2,67;32,89
01002134;Scopa;Vercelli;1;371;10,83;;30,03;;0,10;14,76;;44,78
01002135;Scopello;Vercelli;1;365;7,81;;28,01;;6,14;12,66;2,46;45,74
01002137;Serravalle Sesia;Vercelli;1;4.725;14,04;;19,63;;1,84;5,93;2,45;37,15
01002147;Tricerro;Vercelli;1;662;10,19;;30,75;;3,15;13,20;;48,19
01002148;Trino;Vercelli;1;6.649;22,71;;26,83;;3,21;4,02;10,12;52,59
01002150;Tronzano Vercellese;Vercelli;1;3.282;14,65;;19,73;;3,60;2,67;;32,88
01002152;Valduggia;Vercelli;1;1.838;9,96;;28,40;;6,59;4,03;0,62;39,52
01002156;Varallo;Vercelli;1;6.856;97,00;;95,74;;22,55;48,53;45,69;265,31
01002158;Vercelli;Vercelli;1;45.635;16,18;;13,96;;3,67;7,84;6,29;38,83
01002163;Villarboit;Vercelli;1;372;9,67;;19,57;;1,79;2,93;;28,68
01002164;Villata;Vercelli;1;1.512;10,22;;13,41;;0,88;5,27;4,04;29,94
01002166;Vocca;Vercelli;1;158;11,81;;27,38;;8,31;23,37;;60,94
05023001;Affi;Verona;1;2.453;7,87;;9,15;;1,59;4,51;2,78;22,98
05023002;Albaredo d'Adige;Verona;1;5.268;11,08;;9,15;;1,24;3,55;3,33;24,98
05023003;Angiari;Verona;1;2.503;11,55;;21,18;;0,42;4,25;0,25;32,85
05023004;Arcole;Verona;1;6.422;9,42;;11,25;;2,92;2,56;0,42;21,60
05023005;Badia Calavena;Verona;1;2.644;18,85;;20,48;;0,22;6,25;1,46;36,21
05023006;Bardolino;Verona;1;6.931;9,81;;7,17;;3,55;2,29;0,81;20,64
05023007;Belfiore;Verona;1;3.366;12,88;;20,47;;0,86;5,53;0,23;35,95
05023008;Bevilacqua;Verona;1;1.789;19,29;;18,67;;3,82;4,45;0,22;36,04
05023009;Bonavigo;Verona;1;1.916;11,49;;8,97;;0,16;2,36;1,05;18,78
05023010;Boschi Sant'Anna;Verona;1;1.380;10,15;;15,45;;1,25;5,03;4,78;34,98
05023011;Bosco Chiesanuova;Verona;1;3.533;26,67;;11,34;;1,60;4,69;0,71;41,69
05023012;Bovolone;Verona;1;16.164;16,97;;8,45;;1,57;3,94;1,62;22,55
05023013;Brentino Belluno;Verona;1;1.347;16,74;;10,98;;0,65;3,11;3,05;26,17
05023014;Brenzone sul Garda;Verona;1;2.435;22,97;;19,59;;3,84;6,08;2,96;40,90
05023015;Bussolengo;Verona;1;20.874;10,95;;9,77;;3,35;3,92;2,95;27,84
05023016;Buttapietra;Verona;1;7.011;12,84;;9,58;;1,79;3,58;2,57;25,70
05023017;Caldiero;Verona;1;8.034;10,12;;10,69;;1,28;3,41;1,67;24,54
05023018;Caprino Veronese;Verona;1;8.683;10,40;;10,37;;1,52;3,16;1,14;23,80
05023019;Casaleone;Verona;1;5.599;21,80;;13,86;;0,35;4,48;0,24;26,93
05023020;Castagnaro;Verona;1;3.533;9,82;;9,38;;0,86;4,84;0,86;21,41
05023021;Castel d'Azzano;Verona;1;12.095;9,94;;12,00;;2,97;3,64;1,38;27,20
05023022;Castelnuovo del Garda;Verona;1;13.244;6,47;;10,05;;1,35;3,74;0,67;21,30
05023023;Cavaion Veronese;Verona;1;6.108;7,36;;10,77;;5,03;5,45;1,63;28,98
05023024;Cazzano di Tramigna;Verona;1;1.486;9,08;;9,67;;0,30;4,35;1,61;22,76
05023025;Cerea;Verona;1;16.915;9,63;;9,47;;1,55;3,22;2,91;22,32
05023026;Cerro Veronese;Verona;1;2.681;36,35;;17,26;;1,59;3,27;0,82;41,23
05023027;Cologna Veneta;Verona;1;8.434;9,23;;7,18;;1,59;4,14;2,81;24,17
05023028;Colognola ai Colli;Verona;1;8.750;9,61;;10,14;;0,70;3,00;0,72;21,41
05023029;Concamarise;Verona;1;1.069;12,60;;18,39;;0,69;4,03;0,18;29,02
05023030;Costermano;Verona;1;3.973;8,91;;15,30;;1,92;5,35;4,05;32,16
05023031;Dolce;Verona;1;2.533;11,36;;11,19;;0,47;6,61;3,47;29,04
05023032;Erbe;Verona;1;1.909;49,49;;22,63;;3,28;4,98;0,22;44,27
05023033;Erbezzo;Verona;1;834;12,37;;6,41;;0,49;3,10;0,35;24,99
05023034;Ferrara di Monte Baldo;Verona;1;271;24,21;;3,83;;;12,74;4,79;50,53
05023035;Fumane;Verona;1;4.171;10,96;;8,93;;1,09;3,27;1,75;20,97
05023036;Garda;Verona;1;4.113;9,00;;13,75;;5,72;4,03;1,96;30,62
05023037;Gazzo Veronese;Verona;1;5.158;22,90;;16,22;;8,12;4,65;0,33;37,42
05023038;Grezzana;Verona;1;10.718;8,66;;15,54;;4,69;3,48;0,49;30,05
05023039;Illasi;Verona;1;5.142;9,21;;13,50;;1,93;3,98;2,58;29,95
05023040;Isola della Scala;Verona;1;11.637;25,26;;13,24;;2,28;4,77;0,27;26,12
05023041;Isola Rizza;Verona;1;3.273;23,80;;17,31;;3,81;4,58;0,20;36,03
05023042;Lavagno;Verona;1;8.632;14,49;;11,34;;1,32;4,60;0,56;26,04
05023043;Lazise;Verona;1;6.879;5,38;;10,19;;3,83;2,49;1,54;21,40
05023044;Legnago;Verona;1;25.615;9,53;;10,54;;3,55;2,67;3,16;26,89
05023045;Malcesine;Verona;1;3.576;10,85;;13,15;;3,91;3,14;4,03;29,57
05023046;Marano di Valpolicella;Verona;1;3.110;13,81;;15,65;;1,90;6,35;3,56;34,76
05023047;Mezzane di Sotto;Verona;1;2.550;5,41;;14,47;;1,12;4,86;0,82;26,65
05023048;Minerbe;Verona;1;4.589;9,80;;9,61;;0,80;3,29;2,43;23,94
05023049;Montecchia di Crosara;Verona;1;4.296;11,27;;15,42;;0,21;3,79;2,84;31,00
05023050;Monteforte d'Alpone;Verona;1;8.933;11,77;;11,31;;0,88;3,73;0,84;25,12
05023051;Mozzecane;Verona;1;8.155;9,38;;12,39;;1,67;3,36;1,32;26,04
05023052;Negrar;Verona;1;16.508;13,04;;12,91;;2,46;4,76;1,89;29,22
05023053;Nogara;Verona;1;8.300;24,78;;14,33;;4,40;4,49;0,30;31,95
05023054;Nogarole Rocca;Verona;1;3.873;14,05;;14,77;;4,12;3,98;0,21;32,23
05023055;Oppeano;Verona;1;10.388;21,80;;14,61;;0,02;4,45;0,22;27,92
05023056;Palu;Verona;1;1.195;13,50;;17,75;;0,31;4,18;0,19;29,54
05023057;Pastrengo;Verona;1;3.027;10,36;;11,81;;0,07;3,37;2,58;26,07
05023058;Pescantina;Verona;1;17.521;9,80;;9,26;;1,87;3,54;1,78;24,26
05023059;Peschiera del Garda;Verona;1;11.007;5,49;;8,80;;3,58;3,06;0,98;21,38
05023060;Povegliano Veronese;Verona;1;7.400;8,15;;7,97;;1,72;5,27;3,17;25,51
05023061;Pressana;Verona;1;2.477;12,68;;9,47;;0,08;2,67;2,57;22,43
05023062;Rivoli Veronese;Verona;1;2.272;11,72;;10,83;;2,04;5,33;2,03;29,13
05023063;Ronca;Verona;1;3.770;14,39;;16,66;;0,38;5,77;1,95;33,06
05023064;Ronco all'Adige;Verona;1;6.013;24,73;;14,56;;0,24;4,66;0,22;28,27
05023065;Roverchiara;Verona;1;2.580;18,72;;17,08;;0,58;4,97;0,24;32,16
05023067;Rovere Veronese;Verona;1;2.115;30,29;;7,26;;0,89;6,37;2,97;53,41
05023066;Roveredo di Gua;Verona;1;1.623;11,76;;9,64;;0,09;4,49;2,49;25,05
05023068;Salizzole;Verona;1;3.782;21,38;;16,73;;0,13;5,79;0,29;32,42
05023069;San Bonifacio;Verona;1;21.498;13,16;;9,04;;3,90;3,31;1,38;21,14
05023070;San Giovanni Ilarione;Verona;1;4.853;11,72;;12,25;;0,28;3,31;0,99;24,61
05023071;San Giovanni Lupatoto;Verona;1;25.295;13,07;;21,71;;0,29;0,51;0,96;27,30
05023073;San Martino Buon Albergo;Verona;1;16.402;7,20;;8,79;;2,71;4,59;0,99;26,43
05023074;San Mauro di Saline;Verona;1;593;17,69;;10,35;;0,35;5,90;0,92;41,63
05023075;San Pietro di Morubio;Verona;1;3.068;10,03;;15,35;;0,74;4,33;0,23;28,45
05023076;San Pietro in Cariano;Verona;1;13.000;14,60;;8,03;;1,84;3,76;3,84;25,55
05023079;San Zeno di Montagna;Verona;1;1.466;12,40;;11,44;;2,86;8,91;2,06;32,50
05023072;Sanguinetto;Verona;1;4.200;8,46;;10,44;;1,65;3,38;2,21;24,72
05023077;Sant'Ambrogio di Valpolicella;Verona;1;11.908;11,92;;8,91;;3,03;3,54;1,65;24,48
05023078;Sant'Anna d'Alfaedo;Verona;1;2.601;8,42;;9,06;;;3,76;0,64;28,01
05023080;Selva di Progno;Verona;1;897;19,48;;22,01;;2,26;7,95;1,29;39,69
05023081;Soave;Verona;1;7.191;9,59;;9,69;;1,44;2,57;1,58;22,35
05023082;Sommacampagna;Verona;1;14.437;4,86;;6,69;;3,07;3,82;2,63;24,71
05023083;Sona;Verona;1;17.602;7,89;;9,15;;1,23;4,43;2,42;24,80
05023084;Sorga;Verona;1;2.924;45,21;;15,63;;1,32;5,21;0,29;36,94
05023085;Terrazzo;Verona;1;2.180;23,34;;16,95;;6,45;4,71;0,29;40,49
05023086;Torri del Benaco;Verona;1;2.909;14,06;;21,73;;5,33;6,20;1,40;37,75
05023087;Tregnago;Verona;1;5.041;9,13;;11,11;;0,18;2,77;1,77;22,86
05023088;Trevenzuolo;Verona;1;2.734;22,55;;16,18;;5,45;5,03;0,32;35,41
05023089;Valeggio sul Mincio;Verona;1;16.096;14,85;;9,71;;2,46;3,15;1,48;25,00
05023090;Velo Veronese;Verona;1;778;17,04;;7,25;;0,62;4,62;0,98;36,98
05023091;Verona;Verona;1;255.643;6,91;;11,46;;6,02;8,74;3,75;38,58
05023092;Veronella;Verona;1;5.131;9,21;;9,71;;0,14;3,26;2,50;23,06
05023093;Vestenanova;Verona;1;2.499;15,73;;16,36;;1,32;7,33;1,01;34,67
05023094;Vigasio;Verona;1;10.308;15,38;;15,01;;1,18;4,94;0,20;28,63
05023095;Villa Bartolomea;Verona;1;5.857;10,78;;10,34;;0,85;2,99;2,50;21,73
05023096;Villafranca di Verona;Verona;1;32.993;11,03;;12,29;;4,39;3,03;4,75;32,10
05023097;Zevio;Verona;1;15.676;5,71;;10,45;;1,51;2,87;1,70;22,78
05023098;Zimella;Verona;1;4.866;8,63;;7,54;;0,09;4,19;2,34;21,22
18102005;Capistrano;Vibo Valentia;1;955;;;;;;10,81;;37,92
18102006;Cessaniti;Vibo Valentia;1;2.942;34,04;;12,41;;0,88;0,29;;21,26
18102012;Filandari;Vibo Valentia;1;1.749;41,59;;7,31;;1,92;22,06;0,19;61,32
18102013;Filogaso;Vibo Valentia;1;1.329;28,95;;19,41;;0,70;4,55;;57,62
18102016;Gerocarne;Vibo Valentia;1;1.935;14,33;;15,53;;6,65;6,56;6,31;49,00
18102017;Ionadi;Vibo Valentia;1;4.592;14,99;;;;;4,52;5,80;36,38
18102019;Limbadi;Vibo Valentia;1;3.217;15,99;;17,12;;8,20;1,86;2,25;44,73
18102020;Maierato;Vibo Valentia;1;2.125;20,81;;16,71;;;4,55;7,63;57,16
18102022;Mongiana;Vibo Valentia;1;613;26,03;;16,81;;0,31;2,71;3,22;36,72
18102024;Nardodipace;Vibo Valentia;1;1.065;53,05;;20,18;;6,08;10,22;;51,12
18102025;Nicotera;Vibo Valentia;1;6.557;2,81;;15,42;;3,90;11,84;;36,76
18102026;Parghelia;Vibo Valentia;1;1.292;7,42;;29,61;;1,33;7,54;7,42;53,62
18102031;Rombiolo;Vibo Valentia;1;4.266;10,73;;15,62;;0,35;4,00;0,08;41,67
18102032;San Calogero;Vibo Valentia;1;3.820;29,18;;16,08;;8,74;12,40;8,90;67,51
18102035;San Nicola da Crissa;Vibo Valentia;1;1.204;8,09;;16,11;;;2,50;;25,85
18102037;Serra San Bruno;Vibo Valentia;1;6.266;1,67;;17,64;;6,20;3,01;3,13;51,11
18102039;Sorianello;Vibo Valentia;1;1.093;9,54;;18,28;;2,61;5,24;2,10;43,46
18102042;Spilinga;Vibo Valentia;1;1.361;13,33;;16,78;;2,02;5,74;0,47;49,22
18102043;Stefanaconi;Vibo Valentia;1;2.284;9,06;;22,37;;0,48;5,33;0,68;40,65
18102044;Tropea;Vibo Valentia;1;5.783;5,47;;15,75;;5,40;1,14;;32,73
18102045;Vallelonga;Vibo Valentia;1;771;23,42;;23,76;;3,79;2,71;;59,85
18102047;Vibo Valentia;Vibo Valentia;1;31.032;10,14;;27,09;;5,61;4,51;4,22;45,42
18102049;Zambrone;Vibo Valentia;1;1.771;13,32;;17,68;;;1,78;0,02;27,67
05024002;Albettone;Vicenza;1;1.994;16,99;;6,94;;0,52;2,69;2,72;21,30
05024003;Alonte;Vicenza;1;1.568;32,99;;8,60;;2,76;1,76;4,18;25,37
05024004;Altavilla Vicentina;Vicenza;1;11.814;11,88;;11,02;;2,49;3,36;3,02;26,23
05024005;Altissimo;Vicenza;1;2.168;16,73;;21,16;;2,71;4,89;1,62;36,04
05024006;Arcugnano;Vicenza;1;7.652;28,75;;7,89;;2,52;2,47;2,91;23,07
05024007;Arsiero;Vicenza;1;3.041;7,63;;9,82;;3,24;4,04;4,99;27,24
05024008;Arzignano;Vicenza;1;25.603;15,81;;14,95;;3,23;3,42;2,51;31,25
05024010;Asigliano Veneto;Vicenza;1;842;;;16,79;;2,50;3,47;0,89;25,98
05024012;Bassano del Grappa - Dato aggregazione ETRA Spa;Vicenza;52;450.539;78,01;;88,13;;11,33;64,63;35,37;266,57
05024013;Bolzano Vicentino;Vicenza;1;6.508;24,63;;14,07;;0,87;4,44;1,66;28,99
05024014;Breganze;Vicenza;1;8.380;15,66;;10,53;;1,18;3,95;2,45;24,15
05024015;Brendola;Vicenza;1;6.744;18,09;;12,46;;1,60;5,73;2,02;29,88
05024016;Bressanvido;Vicenza;1;3.140;13,73;;12,15;;0,32;4,23;1,69;24,67
05024017;Brogliano;Vicenza;1;4.042;27,63;;11,20;;0,24;5,64;4,26;30,20
05024018;Caldogno;Vicenza;1;11.348;12,73;;9,71;;2,23;4,26;3,05;26,08
05024019;Caltrano;Vicenza;1;2.524;9,01;;7,87;;1,02;3,23;4,08;21,93
05024020;Calvene;Vicenza;1;1.277;7,47;;9,81;;1,50;4,80;3,16;24,83
05024021;Camisano Vicentino;Vicenza;1;11.165;16,16;;11,47;;0,71;3,80;1,64;24,93
05024022;Campiglia dei Berici;Vicenza;1;1.667;12,80;;13,01;;1,18;3,63;0,53;21,53
05024024;Carre;Vicenza;1;3.459;10,02;;10,69;;1,40;3,70;4,04;26,28
05024027;Castegnero;Vicenza;1;2.845;19,59;;13,46;;0,20;5,59;1,75;28,35
05024028;Castelgomberto;Vicenza;1;6.109;19,66;;11,12;;1,24;3,88;2,77;26,77
05024029;Chiampo;Vicenza;1;12.540;14,55;;12,40;;0,80;3,58;5,98;29,63
05024030;Chiuppano;Vicenza;1;2.520;11,12;;9,70;;3,61;4,31;2,07;25,99
05024032;Cogollo del Cengio;Vicenza;1;3.114;11,44;;8,95;;2,75;5,94;2,69;26,63
05024126;Colceresa;Vicenza;1;5.912;26,37;;8,67;;;1,36;1,89;22,43
05024034;Cornedo Vicentino;Vicenza;1;11.690;19,37;;11,50;;1,61;3,30;2,74;26,25
05024035;Costabissara;Vicenza;1;7.605;67,54;;;;2,54;5,52;0,89;21,74
05024036;Creazzo;Vicenza;1;11.207;15,35;;12,98;;1,25;4,92;3,63;29,67
05024037;Crespadoro;Vicenza;1;1.214;20,24;;17,26;;3,03;9,35;3,00;40,89
05024038;Dueville;Vicenza;1;13.610;11,78;;11,21;;1,34;3,67;3,37;26,20
05024040;Fara Vicentino;Vicenza;1;3.710;10,57;;9,74;;2,27;3,38;2,94;24,38
05024043;Gambellara;Vicenza;1;3.460;16,07;;12,91;;0,30;3,41;0,98;25,51
05024044;Gambugliano;Vicenza;1;848;35,18;;21,73;;;4,02;1,93;35,88
05024046;Grisignano di Zocco;Vicenza;1;4.336;17,12;;11,82;;0,31;3,48;1,43;23,97
05024047;Grumolo delle Abbadesse;Vicenza;1;3.890;14,87;;10,61;;0,75;3,92;1,44;23,53
05024048;Isola Vicentina;Vicenza;1;10.336;14,04;;9,70;;0,43;4,09;3,59;24,47
05024049;Laghi;Vicenza;1;127;67,51;;10,53;;7,75;12,76;2,27;57,49
05024050;Lastebasse;Vicenza;1;183;31,68;;12,02;;2,01;6,52;5,04;38,06
05024051;Longare;Vicenza;1;5.481;10,82;;10,16;;0,78;5,84;1,34;23,93
05024052;Lonigo;Vicenza;1;15.992;29,90;;7,42;;2,40;1,79;1,42;20,59
05024053;Lugo di Vicenza;Vicenza;1;3.532;12,49;;9,42;;1,16;2,13;2,38;21,24
05024055;Malo;Vicenza;1;14.740;13,55;;9,47;;1,16;3,79;2,33;23,50
05024056;Marano Vicentino;Vicenza;1;9.284;20,90;;10,16;;1,96;4,67;2,87;26,94
05024057;Marostica;Vicenza;1;14.033;9,83;;8,13;;2,23;1,12;0,79;18,72
05024063;Monte di Malo;Vicenza;1;2.819;11,65;;9,12;;1,64;4,66;2,97;24,45
05024060;Montebello Vicentino;Vicenza;1;6.340;15,52;;12,15;;1,45;3,62;1,96;26,62
05024061;Montecchio Maggiore;Vicenza;1;23.591;12,53;;14,59;;3,96;3,68;3,38;32,10
05024062;Montecchio Precalcino;Vicenza;1;4.914;8,89;;9,80;;0,62;4,03;4,69;25,29
05024064;Montegalda;Vicenza;1;3.358;13,89;;11,62;;1,88;5,44;1,45;27,03
05024065;Montegaldella;Vicenza;1;1.798;22,46;;11,27;;0,13;4,71;1,56;25,26
05024066;Monteviale;Vicenza;1;2.781;28,60;;14,80;;0,59;4,78;3,80;33,34
05024067;Monticello Conte Otto;Vicenza;1;9.096;11,81;;10,56;;0,95;4,28;3,42;25,92
05024068;Montorso Vicentino;Vicenza;1;3.037;18,19;;13,47;;0,90;3,85;2,65;28,64
05024071;Nanto;Vicenza;1;3.078;24,82;;5,92;;1,21;2,82;1,77;19,56
05024072;Nogarole Vicentino;Vicenza;1;1.230;23,08;;14,41;;2,80;10,95;1,29;38,34
05024074;Noventa Vicentina;Vicenza;1;9.102;44,89;;7,83;;1,28;1,34;1,40;19,05
05024075;Orgiano;Vicenza;1;3.014;11,11;;11,12;;1,10;1,49;2,76;19,27
05024076;Pedemonte;Vicenza;1;664;8,01;;12,02;;1,15;4,99;4,39;29,28
05024077;Pianezze;Vicenza;1;2.195;19,86;;10,96;;;1,25;1,13;21,46
05024078;Piovene Rocchette;Vicenza;1;8.267;13,53;;8,80;;1,25;5,65;5,16;27,44
05024079;Pojana Maggiore;Vicenza;1;4.258;15,67;;7,88;;1,09;2,01;0,91;19,66
05024080;Posina;Vicenza;1;572;6,84;;10,00;;1,40;14,38;5,17;35,46
05024083;Quinto Vicentino;Vicenza;1;5.810;12,58;;12,50;;0,66;4,76;1,62;26,40
05024086;Romano d'Ezzelino;Vicenza;1;14.193;7,62;;9,20;;0,51;6,94;4,02;26,17
05024087;Rosa;Vicenza;1;14.662;8,47;;7,82;;0,42;7,29;3,63;24,65
05024088;Rossano Veneto;Vicenza;1;8.257;7,33;;6,08;;0,41;4,72;2,98;19,85
05024090;Salcedo;Vicenza;1;1.012;8,61;;10,32;;2,51;7,10;4,47;29,08
05024094;San Pietro Mussolino;Vicenza;1;1.520;20,13;;20,75;;1,60;7,01;3,05;39,77
05024096;San Vito di Leguzzano;Vicenza;1;3.544;16,71;;8,30;;1,67;3,74;2,50;22,90
05024091;Sandrigo;Vicenza;1;8.297;12,41;;10,77;;1,14;6,50;1,82;26,70
05024095;Santorso;Vicenza;1;5.590;12,14;;11,38;;2,22;5,66;3,14;28,83
05024097;Sarcedo;Vicenza;1;5.281;16,70;;9,52;;1,88;4,02;3,54;25,38
05024098;Sarego;Vicenza;1;6.775;21,27;;11,40;;1,01;2,60;2,03;25,18
05024100;Schio;Vicenza;1;38.848;21,28;;10,87;;1,97;3,60;3,73;27,37
05024102;Sossano;Vicenza;1;4.138;11,65;;9,70;;1,02;2,14;0,49;17,46
05024103;Sovizzo;Vicenza;1;7.422;30,17;;11,46;;1,01;4,39;1,56;27,80
05024105;Thiene;Vicenza;1;23.961;11,38;;9,97;;1,55;3,54;4,15;26,22
05024107;Torrebelvicino;Vicenza;1;5.840;13,21;;9,48;;1,27;2,14;2,55;22,35
05024108;Torri di Quartesolo;Vicenza;1;11.769;16,20;;13,83;;1,41;3,77;1,70;27,73
05024110;Trissino;Vicenza;1;8.670;20,48;;12,41;;1,15;3,98;2,49;27,73
05024123;Val Liona;Vicenza;1;3.062;29,15;;7,89;;2,52;3,09;7,25;28,08
05024111;Valdagno;Vicenza;1;25.765;17,21;;13,90;;3,82;6,04;5,27;36,44
05024112;Valdastico;Vicenza;1;1.167;8,46;;10,77;;1,30;5,08;3,23;27,03
05024113;Valli del Pasubio;Vicenza;1;3.066;4,36;;16,09;;1,77;8,91;2,72;31,59
05024116;Vicenza;Vicenza;1;110.830;10,28;;7,47;;6,61;2,21;5,19;33,13
05024117;Villaga;Vicenza;1;1.874;25,34;;8,99;;2,27;3,42;3,59;24,05
05024118;Villaverla;Vicenza;1;5.964;21,44;;8,54;;1,20;4,75;3,74;25,55
05024119;Zane;Vicenza;1;6.558;12,36;;8,68;;1,26;3,06;3,59;23,41
05024120;Zermeghedo;Vicenza;1;1.335;13,10;;18,70;;1,50;7,03;1,95;33,60
05024121;Zovencedo;Vicenza;1;823;27,96;;10,79;;3,25;2,61;1,17;27,35
05024122;Zugliano;Vicenza;1;6.909;12,85;;8,70;;2,25;4,59;2,93;25,38
12056001;Acquapendente;Viterbo;1;5.308;19,03;;13,96;;6,67;2,98;5,22;42,68
12056002;Arlena di Castro;Viterbo;1;820;56,63;;15,44;;5,72;6,73;8,20;53,54
12056004;Barbarano Romano;Viterbo;1;1.004;11,28;;33,08;;9,55;8,24;2,46;52,36
12056006;Bassano in Teverina;Viterbo;1;1.283;15,73;;39,71;;12,03;7,57;1,61;55,78
12056005;Bassano Romano;Viterbo;1;4.641;20,61;;23,23;;3,63;5,02;4,59;45,99
12056007;Blera;Viterbo;1;2.903;23,78;;;;;2,33;0,31;38,81
12056008;Bolsena;Viterbo;1;3.671;24,16;;7,86;;7,77;5,08;1,16;32,65
12056009;Bomarzo;Viterbo;1;1.691;5,85;;22,22;;5,37;5,33;5,21;43,39
12056010;Calcata;Viterbo;1;913;4,65;;11,97;;1,84;16,63;5,57;44,41
12056011;Canepina;Viterbo;1;2.920;15,33;;25,14;;14,17;4,38;4,18;51,74
12056012;Canino;Viterbo;1;5.005;20,15;;19,00;;7,03;9,11;2,69;44,49
12056013;Capodimonte;Viterbo;1;1.671;27,50;;17,92;;;6,01;5,95;40,90
12056014;Capranica;Viterbo;1;6.374;29,70;;23,14;;2,92;7,39;2,14;39,93
12056015;Caprarola;Viterbo;1;5.153;29,19;;24,45;;3,58;3,60;1,90;40,87
12056016;Carbognano;Viterbo;1;1.956;57,77;;9,16;;14,19;3,66;2,04;50,46
12056019;Celleno;Viterbo;1;1.307;15,08;;19,94;;;3,24;3,22;33,57
12056021;Civita Castellana;Viterbo;1;15.175;13,82;;28,43;;4,32;3,64;3,00;49,51
12056022;Civitella d'Agliano;Viterbo;1;1.450;24,62;;10,49;;;1,58;0,22;26,33
12056023;Corchiano;Viterbo;1;3.570;14,29;;18,66;;9,60;5,36;2,42;48,13
12056024;Fabrica di Roma;Viterbo;1;8.199;13,00;;16,16;;2,74;4,75;19,86;59,25
12056027;Gallese;Viterbo;1;2.568;31,41;;30,88;;9,94;4,30;0,16;62,07
12056028;Gradoli;Viterbo;1;1.239;25,31;;22,86;;0,72;6,68;9,41;45,40
12056029;Graffignano;Viterbo;1;2.088;26,92;;10,33;;8,97;32,07;8,83;69,65
12056030;Grotte di Castro;Viterbo;1;2.400;43,38;;27,32;;8,32;7,62;5,72;61,71
12056032;Latera;Viterbo;1;762;21,99;;11,25;;10,46;7,42;9,02;53,99
12056033;Lubriano;Viterbo;1;851;21,83;;19,68;;;4,85;26,82;63,68
12056034;Marta;Viterbo;1;3.226;11,23;;16,43;;4,97;2,90;1,71;31,92
12056035;Montalto di Castro;Viterbo;1;8.712;8,92;;26,56;;6,24;3,31;3,48;42,76
12056037;Monte Romano;Viterbo;1;1.889;16,00;;29,12;;5,75;4,84;6,50;51,02
12056038;Monterosi;Viterbo;1;4.790;5,48;;20,36;;;;;24,70
12056039;Nepi;Viterbo;1;9.471;24,24;;12,60;;4,86;8,49;5,08;41,92
12056040;Onano;Viterbo;1;884;37,58;;28,58;;7,01;14,95;0,19;57,91
12056043;Piansano;Viterbo;1;2.003;13,53;;19,88;;1,08;3,36;2,82;33,76
12056044;Proceno;Viterbo;1;536;8,63;;13,68;;36,25;9,66;10,06;89,30
12056045;Ronciglione;Viterbo;1;8.449;;;;;;1,82;2,80;15,77
12056047;San Lorenzo Nuovo;Viterbo;1;2.020;17,80;;12,10;;7,86;4,21;2,51;38,49
12056048;Soriano nel Cimino;Viterbo;1;7.917;3,76;;23,25;;6,65;4,60;1,60;41,50
12056049;Sutri;Viterbo;1;6.750;22,31;;17,22;;3,41;2,86;5,93;48,99
12056050;Tarquinia;Viterbo;1;15.985;4,90;;14,88;;3,70;8,39;4,59;38,43
12056052;Tuscania;Viterbo;1;8.208;9,77;;8,96;;6,06;3,59;4,59;41,30
12056053;Valentano;Viterbo;1;2.783;25,10;;14,80;;5,71;5,24;6,63;43,81
12056054;Vallerano;Viterbo;1;2.390;8,73;;26,26;;15,50;4,09;2,97;60,01
12056055;Vasanello;Viterbo;1;3.986;7,49;;23,22;;3,26;4,67;5,50;54,34
12056056;Vejano;Viterbo;1;2.138;16,22;;23,48;;4,31;5,29;3,67;42,76
12056057;Vetralla;Viterbo;1;13.361;27,97;;18,92;;6,26;10,13;9,41;55,99
12056058;Vignanello;Viterbo;1;4.299;6,01;;13,56;;11,05;1,89;0,69;39,40
12056046;Villa San Giovanni in Tuscia;Viterbo;1;1.231;62,11;;3,96;;10,30;5,27;2,08;39,99
12056059;Viterbo;Viterbo;1;66.241;7,45;;24,07;;5,10;5,74;6,37;43,73
12056060;Vitorchiano;Viterbo;1;5.255;11,72;;16,01;;6,56;11,14;16,51;58,13
NB: i dati riportati in tabella si riferiscono esclusivamente ai costi sostenuti dagli enti locali per il servizio di gestione dei rifiuti urbani e assimilati e non tengono, pertanto, conto dei proventi ottenuti dalla vendita di materiali e di energia derivanti dai rifiuti.;;;;;;;;;;;;
Legenda: codifiche delle voci di costo riportate nelle tabelle dal 2020;;;;;;;;;;;;
CRT ab: Costi di raccolta e trasporto dei rifiuti urbani indifferenziati (euro/abitante x anno);;;;;;;;;;;;
CTS ab: Costi di trattamento e smaltimento dei rifiuti urbani indifferenziati (euro/abitante x anno);;;;;;;;;;;;
CRD ab:	Costi di raccolta e trasporto dei rifiuti urbani differenziati (euro/abitante x anno);;;;;;;;;;;;
CTR ab: Costi di trattamento e riciclo dei rifiuti urbani differenziati (euro/abitante x anno);;;;;;;;;;;;
CSL ab: Costi di spazzamento e lavaggio delle strade (euro/abitante x anno);;;;;;;;;;;;
CC ab: Costi comuni (euro/abitante x anno);;;;;;;;;;;;
CK ab: Costi di remunerazione del capitale (euro/abitante x anno);;;;;;;;;;;;
Altri costi: Altri costi (euro/abitante x anno);;;;;;;;;;;;
CTOT ab: Costi totali di gestione del servizio di igiene urbana (euro/abitante x anno);;;;;;;;;;;;
CRT kg: Costi di raccolta e trasporto dei rifiuti urbani indifferenziati (eurocentesimi/kg);;;;;;;;;;;;
CRD kg: Costi di raccolta e trasporto dei rifiuti urbani differenziati (eurocentesimi/kg);;;;;;;;;;;;
CSL kg:	Costi di spazzamento e lavaggio delle strade (eurocentesimi/kg);;;;;;;;;;;;
CC kg: Costi comuni (eurocentesimi/kg);;;;;;;;;;;;
CK kg:Costi di remunerazione del capitale (eurocentesimi/kg);;;;;;;;;;;;
CTOT kg:Costi totali di gestione del servizio di igiene urbana (eurocentesimi/kg);;;;;;;;;;;;
Legenda: codifiche delle voci di costo riportate nelle tabelle fino al 2019;;;;;;;;;;;;
CRT ab: Costi di raccolta e trasporto dei rifiuti urbani indifferenziati (euro/abitante x anno);;;;;;;;;;;;
CTS ab: Costi di trattamento e smaltimento dei rifiuti urbani indifferenziati (euro/abitante x anno);;;;;;;;;;;;
CAC ab:	Altri costi di gestione dei rifiuti urbani indifferenziati (euro/abitante x anno);;;;;;;;;;;;
CGIND ab: Costi totale di gestione dei rifiuti urbani indifferenziati (euro/abitante x anno);;;;;;;;;;;;
CRD ab:	Costi di raccolta e trasporto dei rifiuti urbani differenziati (euro/abitante x anno);;;;;;;;;;;;
CTR ab: Costi di trattamento e riciclo dei rifiuti urbani differenziati (euro/abitante x anno);;;;;;;;;;;;
CGD ab:	Costi totali di gestione  dei rifiuti urbani differenziati (euro/abitante x anno);;;;;;;;;;;;
CSL ab: Costi di spazzamento e lavaggio delle strade (euro/abitante x anno);;;;;;;;;;;;
CC ab: Costi comuni (euro/abitante x anno);;;;;;;;;;;;
CK ab: Costi di remunerazione del capitale (euro/abitante x anno);;;;;;;;;;;;
CTOT ab: Costi totali di gestione del servizio di igiene urbana (euro/abitante x anno);;;;;;;;;;;;
CRT kg: Costi di raccolta e trasporto dei rifiuti urbani indifferenziati (eurocentesimi/kg);;;;;;;;;;;;
CTS kg:	Costi di trattamento e smaltimento dei rifiuti urbani indifferenziati (eurocentesimi/kg);;;;;;;;;;;;
CAC kg:	Altri costi di gestione dei rifiuti urbani indifferenziati (eurocentesimi/kg);;;;;;;;;;;;
CGIND kg: Costi totale di gestione dei rifiuti urbani indifferenziati (eurocentesimi/kg);;;;;;;;;;;;
CRD kg: Costi di raccolta e trasporto dei rifiuti urbani differenziati (eurocentesimi/kg);;;;;;;;;;;;
CTR kg:	Costi di trattamento e riciclo dei rifiuti urbani differenziati (eurocentesimi/kg);;;;;;;;;;;;
CGD kg:	Costi totali di gestione  dei rifiuti urbani differenziati (eurocentesimi/kg);;;;;;;;;;;;
CSL kg:	Costi di spazzamento e lavaggio delle strade (eurocentesimi/kg);;;;;;;;;;;;
CC kg: Costi comuni (eurocentesimi/kg);;;;;;;;;;;;
CK kg:Costi di remunerazione del capitale (eurocentesimi/kg);;;;;;;;;;;;
CTOT kg:Costi totali di gestione del servizio di igiene urbana (eurocentesimi/kg);;;;;;;;;;;;
