istat_comune;comune;provincia;numero_comuni;popolazione;crt;cts;crd;ctr;csl;cc;ck;ctot
19084001;Agrigento;Agrigento;1;55.636;10,19;;22,47;;4,02;11,16;9,84;57,51
19084004;Bivona;Agrigento;1;3.226;4,60;;10,00;;;6,55;;31,28
19084007;Caltabellotta;Agrigento;1;3.221;11,66;;17,69;;;6,23;3,75;40,58
19084010;Campobello di Licata;Agrigento;1;9.093;20,37;;20,46;;5,96;14,90;29,70;82,73
19084015;Cianciana;Agrigento;1;3.099;6,41;;29,21;;2,47;3,98;8,91;46,92
19084017;Favara;Agrigento;1;31.601;17,36;;23,77;;12,25;5,89;2,49;58,25
19084018;Grotte;Agrigento;1;5.223;27,74;;17,26;;3,94;14,86;11,36;72,37
19084021;Licata;Agrigento;1;34.341;8,73;;20,90;;2,15;8,19;3,13;38,71
19084024;Montallegro;Agrigento;1;2.369;7,23;;78,50;;8,30;3,54;3,54;76,44
19084025;Montevago;Agrigento;1;2.713;20,76;;10,53;;0,59;2,44;;28,95
19084029;Racalmuto;Agrigento;1;7.512;10,09;;22,77;;6,99;5,85;0,40;32,07
19084030;Raffadali;Agrigento;1;12.140;4,66;;27,04;;3,47;5,52;4,56;37,79
19084035;San Biagio Platani;Agrigento;1;2.878;20,39;;41,92;;;4,73;;55,54
19084036;San Giovanni Gemini;Agrigento;1;7.532;19,03;;17,48;;2,84;3,86;;34,30
19084037;Santa Elisabetta;Agrigento;1;2.137;11,82;;26,67;;1,31;3,68;1,59;40,40
19084038;Santa Margherita di Belice;Agrigento;1;6.004;18,84;;22,55;;0,43;2,24;;33,97
19084041;Sciacca;Agrigento;1;39.115;12,66;;9,89;;2,28;2,45;0,69;36,42
01006003;Alessandria - Dato aggregazione CONSORZIO DI BACINO ALESSANDRINO;Alessandria;30;142.265;10,77;;14,46;;5,33;5,33;2,82;36,95
01006039;Casale Monferrato;Alessandria;1;32.520;13,36;;23,56;;4,53;6,28;3,58;42,86
01006114;Novi Ligure - Dato aggregazione CONSORZIO SERVIZI RIFIUTI DEL NOVESE, TORTONESE, ACQUESE ED OVADESE;Alessandria;115;199.636;18,30;;14,60;;3,59;7,37;5,13;40,54
11042001;Agugliano;Ancona;1;4.696;7,56;;17,11;;4,48;3,43;2,15;32,99
11042002;Ancona;Ancona;1;98.664;12,69;;13,09;;5,14;9,17;4,71;40,33
11042004;Barbara;Ancona;1;1.267;13,68;;19,08;;2,04;6,14;0,97;34,69
11042005;Belvedere Ostrense;Ancona;1;2.101;11,88;;17,52;;1,93;5,30;1,69;32,63
11042006;Camerano;Ancona;1;7.108;14,25;;10,53;;3,21;4,36;1,66;26,52
11042007;Camerata Picena;Ancona;1;2.501;7,00;;15,01;;3,59;4,69;1,43;29,21
11042010;Castelfidardo;Ancona;1;18.458;12,54;;11,23;;1,89;4,59;2,66;27,14
11042011;Castelleone di Suasa;Ancona;1;1.587;66,16;;1,36;;4,48;1,01;;28,53
11042014;Chiaravalle;Ancona;1;14.266;9,72;;12,09;;4,13;5,79;2,93;32,22
11042016;Cupramontana;Ancona;1;4.397;19,57;;12,97;;5,25;5,64;2,08;38,85
11042018;Falconara Marittima;Ancona;1;25.637;14,88;;12,43;;7,35;10,19;2,81;41,32
11042019;Filottrano;Ancona;1;8.980;16,23;;16,36;;3,06;5,00;1,79;33,13
11042020;Genga;Ancona;1;1.662;9,97;;28,98;;7,64;5,12;3,06;45,31
11042021;Jesi;Ancona;1;39.183;8,51;;10,59;;6,22;1,04;1,05;27,62
11042030;Monte San Vito;Ancona;1;6.710;13,00;;12,46;;2,04;5,81;3,26;29,74
11042026;Montecarotto;Ancona;1;1.850;15,38;;12,00;;4,38;6,57;2,77;38,52
11042027;Montemarciano;Ancona;1;9.844;11,93;;13,85;;3,01;4,31;1,35;29,01
11042032;Numana;Ancona;1;3.749;2,25;;17,26;;3,30;4,73;1,86;30,27
11042033;Offagna;Ancona;1;2.039;9,43;;19,21;;1,23;5,29;1,44;32,18
11042034;Osimo;Ancona;1;34.741;11,07;;16,45;;4,70;6,13;3,25;37,67
11042035;Ostra;Ancona;1;6.387;8,67;;11,05;;2,30;4,61;2,99;28,87
11042036;Ostra Vetere;Ancona;1;3.127;14,70;;13,70;;2,25;8,76;4,18;36,37
11042038;Polverigi;Ancona;1;4.584;7,94;;16,79;;5,30;3,46;2,51;35,08
11042043;Santa Maria Nuova;Ancona;1;3.976;7,05;;18,39;;4,01;4,46;1,04;31,84
11042044;Sassoferrato;Ancona;1;6.858;11,54;;12,66;;2,33;7,01;5,72;33,62
11042045;Senigallia;Ancona;1;44.088;7,94;;14,05;;6,11;3,35;1,63;29,48
11042046;Serra de' Conti;Ancona;1;3.593;6,09;;12,49;;2,23;5,16;3,31;29,31
11042047;Serra San Quirico;Ancona;1;2.559;12,62;;19,91;;6,70;5,59;1,88;45,28
11042048;Sirolo;Ancona;1;4.095;13,25;;14,63;;5,14;4,05;1,44;31,40
11042050;Trecastelli;Ancona;1;7.444;56,52;;;;0,32;1,19;;26,94
02007020;"Chatillon - Dato aggregazione SUB-ATO D ""EVANCON-MONT CERVIN""";Aosta;21;27.243;11,51;;10,86;;1,27;5,30;9,63;34,73
02007030;Gignod - Dato aggregazione CM3: Grand Combin;Aosta;11;5.586;4,30;;16,16;;1,75;5,25;16,22;42,15
02007036;Issime - Dato aggregazione UNITE' DES COMMUNES VALDOTAINES WALSER;Aosta;4;1.926;16,21;;16,88;;1,17;4,59;4,55;36,50
02007040;La Salle - Dato aggregazione CM1: Valdigne - Mont Blanc;Aosta;5;8.522;12,46;;15,27;;3,86;5,84;4,70;42,24
02007052;Pont-Saint-Martin - Dato aggregazione CM7: Mont Rose;Aosta;9;9.033;11,68;;24,48;;1,96;3,64;1,34;37,53
02007054;Quart - Dato aggregazione CM4: Mont Emilius;Aosta;10;22.588;4,26;;9,14;;1,34;3,57;7,28;28,39
02007074;Villeneuve - Dato aggregazione CM2: Grand Paradis;Aosta;13;15.384;8,09;;8,88;;1,46;3,25;3,11;23,75
09051001;Anghiari;Arezzo;1;5.396;6,44;;7,14;;5,15;4,05;0,97;28,22
09051002;Arezzo;Arezzo;1;96.672;7,57;;10,16;;4,88;2,61;5,08;34,73
09051003;Badia Tedalda;Arezzo;1;973;12,55;;22,71;;1,06;5,01;1,17;37,79
09051004;Bibbiena;Arezzo;1;11.811;6,18;;10,06;;5,26;2,26;1,63;29,23
09051007;Caprese Michelangelo;Arezzo;1;1.350;30,38;;4,37;;;3,24;3,90;38,78
09051008;Castel Focognano;Arezzo;1;2.954;7,38;;16,71;;8,33;3,27;1,20;35,56
09051010;Castel San Niccolo;Arezzo;1;2.505;8,38;;18,64;;5,12;4,26;1,76;36,21
09051040;Castelfranco Piandisco;Arezzo;1;9.839;14,00;;19,15;;2,17;5,18;2,95;37,56
09051013;Cavriglia;Arezzo;1;9.446;5,14;;7,21;;2,98;2,18;0,76;23,81
09051014;Chitignano;Arezzo;1;866;6,12;;8,75;;6,05;3,21;2,69;33,38
09051015;Chiusi della Verna;Arezzo;1;1.892;7,27;;10,55;;5,79;3,27;1,44;32,59
09051016;Civitella in Val di Chiana;Arezzo;1;8.824;11,98;;9,58;;3,37;3,30;2,74;28,41
09051017;Cortona;Arezzo;1;21.299;9,22;;15,87;;2,81;4,93;3,13;35,03
09051018;Foiano della Chiana;Arezzo;1;9.105;7,39;;10,85;;5,55;3,73;4,03;38,33
09051042;Laterina Pergine Valdarno;Arezzo;1;6.442;5,98;;15,38;;2,36;3,32;2,53;31,73
09051020;Loro Ciuffenna;Arezzo;1;5.839;10,23;;11,69;;2,55;3,74;5,65;37,78
09051021;Lucignano;Arezzo;1;3.383;9,39;;17,41;;5,96;5,21;2,38;36,49
09051022;Marciano della Chiana;Arezzo;1;3.452;9,28;;19,37;;7,28;3,82;2,71;40,64
09051023;Montemignaio;Arezzo;1;522;6,97;;14,10;;3,58;7,16;2,04;32,68
09051026;Montevarchi;Arezzo;1;24.058;8,21;;11,99;;4,09;3,65;3,64;35,27
09051027;Ortignano Raggiolo;Arezzo;1;848;7,44;;4,79;;3,22;3,62;1,07;20,45
09051030;Pieve Santo Stefano;Arezzo;1;2.985;7,59;;10,57;;4,00;5,27;3,18;34,33
09051041;Pratovecchio Stia;Arezzo;1;5.421;5,74;;9,93;;6,26;4,98;1,01;32,28
09051035;Sestino;Arezzo;1;1.216;5,50;;9,32;;2,27;4,97;0,61;21,22
09051037;Subbiano;Arezzo;1;6.252;15,59;;12,84;;2,93;4,10;3,57;35,13
09051038;Talla;Arezzo;1;969;7,54;;26,07;;10,44;5,80;2,06;43,94
09051039;Terranuova Bracciolini;Arezzo;1;12.010;12,39;;14,99;;5,13;7,45;2,93;40,31
11044001;Acquasanta Terme - Dato aggregazione UNIONE MONTANA DEL TRONTO E VALFLUVIONE;Ascoli Piceno;8;12.210;7,38;;15,40;;1,33;4,37;6,43;34,39
11044002;Acquaviva Picena;Ascoli Piceno;1;3.668;10,04;;9,45;;6,00;3,71;6,54;33,98
11044007;Ascoli Piceno;Ascoli Piceno;1;46.079;9,96;;15,53;;13,28;6,76;3,04;42,59
11044010;Carassai;Ascoli Piceno;1;977;9,74;;20,24;;4,52;6,29;8,85;54,24
11044011;Castel di Lama;Ascoli Piceno;1;8.397;10,43;;15,26;;0,93;1,37;;21,85
11044013;Castorano;Ascoli Piceno;1;2.266;8,09;;14,79;;0,34;4,47;8,01;37,62
11044014;Colli del Tronto;Ascoli Piceno;1;3.618;7,99;;6,34;;0,55;2,40;5,63;24,70
11044015;Comunanza;Ascoli Piceno;1;2.941;;;0,12;;2,07;1,55;7,09;19,64
11044016;Cossignano;Ascoli Piceno;1;860;23,49;;11,75;;0,77;12,42;8,20;44,16
11044017;Cupra Marittima;Ascoli Piceno;1;5.405;6,63;;11,06;;3,43;2,92;5,92;30,06
11044020;Folignano;Ascoli Piceno;1;8.857;11,21;;12,24;;0,51;5,54;4,43;29,97
11044021;Force;Ascoli Piceno;1;1.154;9,83;;5,53;;6,24;10,20;;28,10
11044023;Grottammare;Ascoli Piceno;1;15.901;5,66;;8,76;;5,53;3,73;6,24;31,69
11044027;Maltignano;Ascoli Piceno;1;2.267;9,68;;10,54;;0,92;4,58;7,32;31,03
11044029;Massignano;Ascoli Piceno;1;1.640;9,65;;14,38;;0,58;2,75;7,38;38,73
11044031;Monsampolo del Tronto;Ascoli Piceno;1;4.425;7,87;;11,06;;3,27;3,42;7,19;31,74
11044032;Montalto delle Marche;Ascoli Piceno;1;1.938;18,42;;16,17;;6,31;8,41;2,10;41,86
11044034;Montedinove;Ascoli Piceno;1;477;11,51;;13,27;;4,45;5,86;10,41;48,29
11044036;Montefiore dell'Aso;Ascoli Piceno;1;1.979;;;;;3,47;0,98;1,39;13,44
11044044;Montemonaco;Ascoli Piceno;1;528;19,53;;11,01;;1,66;4,27;6,73;42,22
11044054;Offida;Ascoli Piceno;1;4.713;4,90;;8,15;;3,85;4,44;4,72;31,33
11044063;Ripatransone;Ascoli Piceno;1;4.047;10,32;;15,88;;2,30;5,40;8,52;39,46
11044065;Rotella;Ascoli Piceno;1;815;5,37;;18,17;;4,49;11,20;9,02;45,05
11044066;San Benedetto del Tronto;Ascoli Piceno;1;47.040;9,33;;11,60;;5,40;4,43;6,84;35,02
11044071;Spinetoli;Ascoli Piceno;1;7.234;5,85;;10,31;;2,49;2,53;7,45;28,57
01005005;Asti - Dato aggregazione CONSORZIO DI BACINO DEI RIFIUTI DELL'ASTIGIANO;Asti;115;204.120;13,59;;13,86;;4,01;6,92;3,46;38,24
01005069;Moncalvo;Asti;1;2.745;8,11;;14,29;;3,02;5,61;3,59;31,24
15064001;Aiello del Sabato;Avellino;1;3.988;20,86;;23,01;;4,45;3,78;1,54;46,75
15064002;Altavilla Irpina;Avellino;1;3.960;19,03;;15,19;;6,90;3,11;7,43;44,21
15064003;Andretta;Avellino;1;1.658;24,20;;24,72;;;27,49;0,73;62,09
15064004;Aquilonia;Avellino;1;1.493;23,53;;8,47;;4,58;4,88;25,01;59,06
15064006;Atripalda;Avellino;1;10.440;21,16;;20,99;;8,68;4,32;1,24;47,87
15064007;Avella;Avellino;1;7.561;102,24;;1,41;;6,09;2,75;;34,29
15064008;Avellino;Avellino;1;52.568;24,68;;21,53;;15,32;4,46;15,30;71,38
15064011;Bisaccia;Avellino;1;3.561;13,58;;21,38;;2,83;15,64;5,92;54,29
15064012;Bonito;Avellino;1;2.212;11,33;;13,03;;;0,90;0,27;25,48
15064015;Calitri;Avellino;1;4.274;10,06;;7,36;;3,45;11,88;5,71;43,49
15064016;Candida;Avellino;1;1.085;29,17;;24,44;;;4,30;2,94;47,03
15064017;Caposele;Avellino;1;3.263;14,70;;48,95;;5,46;1,77;;51,52
15064018;Capriglia Irpina;Avellino;1;2.241;8,40;;41,52;;3,23;1,89;;38,70
15064019;Carife;Avellino;1;1.291;13,76;;15,47;;7,44;14,20;29,88;80,04
15064020;Casalbore;Avellino;1;1.595;34,46;;10,66;;6,32;0,96;9,27;47,92
15064021;Cassano Irpino;Avellino;1;932;30,77;;30,57;;8,01;9,03;;59,02
15064022;Castel Baronia;Avellino;1;1.063;32,16;;39,62;;2,57;11,49;1,35;66,79
15064023;Castelfranci;Avellino;1;1.802;31,77;;30,07;;3,73;4,16;16,64;66,99
15064024;Castelvetere sul Calore;Avellino;1;1.503;29,62;;29,83;;5,72;5,14;8,34;61,88
15064025;Cervinara;Avellino;1;8.776;11,38;;17,41;;3,36;3,13;5,79;38,01
15064026;Cesinali;Avellino;1;2.558;62,55;;6,85;;1,75;1,06;10,56;35,72
15064027;Chianche;Avellino;1;460;;;6,46;;7,98;21,77;;55,74
15064028;Chiusano di San Domenico;Avellino;1;2.093;7,93;;15,50;;0,98;3,45;4,85;36,58
15064029;Contrada;Avellino;1;2.941;20,78;;23,16;;1,46;8,68;8,72;54,11
15064031;Domicella;Avellino;1;1.838;415,56;;9,16;;;0,84;4,36;21,80
15064033;Fontanarosa;Avellino;1;2.863;30,83;;30,41;;3,74;5,39;7,26;58,98
15064034;Forino;Avellino;1;5.174;17,20;;16,43;;2,93;2,84;5,19;41,87
15064035;Frigento;Avellino;1;3.433;29,78;;38,29;;8,63;0,15;;52,03
15064036;Gesualdo;Avellino;1;3.256;36,85;;28,70;;5,55;2,85;7,47;60,18
15064038;Grottaminarda;Avellino;1;7.665;20,12;;22,11;;1,32;1,06;5,96;43,54
15064039;Grottolella;Avellino;1;1.800;19,58;;16,70;;;6,90;4,75;40,86
15064041;Lacedonia;Avellino;1;2.071;7,57;;;;4,20;0,71;5,51;35,88
15064042;Lapio;Avellino;1;1.432;26,67;;13,73;;0,86;0,28;11,10;32,45
15064043;Lauro;Avellino;1;3.282;29,10;;38,74;;19,30;13,78;;81,66
15064044;Lioni;Avellino;1;5.976;22,33;;16,19;;4,34;2,28;1,35;35,29
15064045;Luogosano;Avellino;1;1.095;31,57;;33,55;;6,43;2,71;11,80;65,91
15064046;Manocalzati;Avellino;1;3.024;19,34;;18,45;;0,48;9,29;7,23;48,59
15064048;Melito Irpino;Avellino;1;1.780;23,34;;27,52;;8,04;1,94;16,61;94,28
15064049;Mercogliano;Avellino;1;11.590;19,95;;;;7,53;4,64;;50,34
15064052;Montecalvo Irpino;Avellino;1;3.355;36,21;;39,21;;7,06;6,26;;65,14
15064054;Monteforte Irpino;Avellino;1;11.377;23,10;;18,11;;2,93;2,59;;42,26
15064056;Montefusco;Avellino;1;1.213;203,11;;;;;5,10;;46,41
15064057;Montella;Avellino;1;7.311;19,42;;16,77;;4,17;3,49;1,46;36,66
15064058;Montemarano;Avellino;1;2.622;25,97;;52,86;;2,22;0,32;;52,05
15064060;Monteverde;Avellino;1;714;32,91;;34,60;;;2,66;0,54;49,59
15064121;Montoro;Avellino;1;19.248;16,85;;13,74;;6,42;0,29;;37,35
15064066;Nusco;Avellino;1;3.907;30,31;;33,04;;3,85;5,27;4,80;62,35
15064067;Ospedaletto d'Alpinolo;Avellino;1;2.080;31,78;;30,37;;9,71;6,54;14,39;74,36
15064068;Pago del Vallo di Lauro;Avellino;1;1.769;17,70;;23,87;;8,87;1,74;;44,35
15064069;Parolise;Avellino;1;639;24,49;;20,70;;6,23;2,67;0,99;44,66
15064070;Paternopoli;Avellino;1;2.142;27,35;;29,20;;8,22;2,83;7,66;59,33
15064071;Petruro Irpino;Avellino;1;293;25,14;;43,91;;0,72;1,27;;43,05
15064073;Pietrastornina;Avellino;1;1.447;29,27;;30,14;;8,47;3,30;1,95;55,33
15064074;Prata di Principato Ultra;Avellino;1;2.727;21,58;;19,84;;7,75;2,91;6,41;50,95
15064075;Pratola Serra;Avellino;1;3.625;21,69;;14,51;;;15,37;0,01;47,46
15064077;Quindici;Avellino;1;1.844;17,26;;23,75;;4,58;2,03;0,58;44,04
15064079;Rocca San Felice;Avellino;1;796;45,06;;11,75;;7,94;10,51;;57,97
15064078;Roccabascerana;Avellino;1;2.327;15,20;;19,19;;0,79;0,53;;29,57
15064080;Rotondi;Avellino;1;3.424;38,02;;;;5,07;8,50;15,50;57,89
15064081;Salza Irpina;Avellino;1;721;40,31;;26,51;;8,03;8,71;3,76;67,70
15064082;San Mango sul Calore;Avellino;1;1.076;15,75;;29,44;;5,91;14,70;;60,88
15064084;San Michele di Serino;Avellino;1;2.426;18,38;;18,84;;0,17;2,72;;29,70
15064085;San Nicola Baronia;Avellino;1;757;29,51;;33,62;;5,18;3,91;13,67;67,77
15064086;San Potito Ultra;Avellino;1;1.457;15,28;;13,79;;9,70;7,22;12,86;57,75
15064087;San Sossio Baronia;Avellino;1;1.517;32,57;;39,55;;4,18;4,10;22,86;81,20
15064088;Santa Lucia di Serino;Avellino;1;1.396;29,59;;22,65;;2,56;11,74;;53,71
15064093;Santa Paolina;Avellino;1;1.166;23,88;;18,79;;;1,58;;35,50
15064089;Sant'Andrea di Conza;Avellino;1;1.353;98,82;;7,53;;4,74;1,25;2,28;43,45
15064091;Sant'Angelo a Scala;Avellino;1;693;22,59;;27,10;;6,30;1,48;;46,20
15064090;Sant'Angelo all'Esca;Avellino;1;741;30,26;;31,04;;2,98;3,50;;51,42
15064092;Sant'Angelo dei Lombardi;Avellino;1;3.876;50,48;;;;2,13;;;44,15
15064095;Santo Stefano del Sole;Avellino;1;2.060;23,26;;24,56;;0,91;9,80;4,54;54,31
15064096;Savignano Irpino;Avellino;1;1.008;39,64;;44,58;;;4,26;;60,83
15064097;Scampitella;Avellino;1;1.042;51,77;;14,69;;3,63;9,48;;56,80
15064098;Senerchia;Avellino;1;750;11,53;;9,54;;4,34;0,85;8,50;41,60
15064101;Solofra;Avellino;1;12.051;19,62;;22,82;;5,18;5,16;7,78;52,60
15064102;Sorbo Serpico;Avellino;1;532;84,25;;38,55;;8,93;8,46;10,97;90,92
15064105;Summonte;Avellino;1;1.488;24,19;;26,99;;10,40;5,31;4,55;60,51
15064106;Taurano;Avellino;1;1.477;113,13;;;;6,28;6,33;;38,98
15064107;Taurasi;Avellino;1;2.174;35,88;;34,35;;5,06;8,31;5,18;66,12
15064108;Teora;Avellino;1;1.455;21,50;;26,27;;15,37;4,06;18,26;74,89
15064109;Torella dei Lombardi;Avellino;1;1.959;113,88;;;;0,46;0,22;2,69;58,41
15064112;Trevico;Avellino;1;865;27,60;;9,26;;0,76;2,74;4,07;37,33
15064113;Tufo;Avellino;1;793;18,75;;17,42;;9,29;10,08;4,10;54,90
15064116;Venticano;Avellino;1;2.275;52,33;;;;;1,92;;39,39
15064119;Volturara Irpina;Avellino;1;3.003;24,79;;11,47;;1,81;3,13;5,29;52,48
15064120;Zungoli;Avellino;1;972;50,45;;30,47;;5,68;2,86;0,03;54,50
16072001;Acquaviva delle Fonti;Bari;1;20.047;9,49;;17,21;;6,99;2,13;2,40;38,73
16072003;Alberobello;Bari;1;10.280;11,21;;19,89;;5,85;7,05;8,57;50,70
16072006;Bari;Bari;1;316.140;5,87;;18,33;;5,53;11,73;3,71;41,68
16072008;Binetto;Bari;1;2.139;33,86;;17,66;;5,38;8,99;2,15;53,56
16072010;Bitetto;Bari;1;11.765;10,01;;13,94;;4,58;5,19;1,47;31,88
16072011;Bitonto;Bari;1;53.226;2,14;;35,07;;6,58;7,45;0,35;40,96
16072015;Casamassima;Bari;1;19.401;4,46;;1,65;;6,36;12,69;;35,82
16072019;Conversano;Bari;1;25.733;5,95;;15,32;;6,86;4,86;3,62;41,75
16072020;Corato;Bari;1;47.024;8,36;;19,34;;4,07;5,33;7,14;43,66
16072021;Gioia del Colle;Bari;1;26.690;11,55;;20,31;;6,12;7,84;2,06;43,83
16072023;Gravina in Puglia;Bari;1;42.821;27,60;;17,19;;5,57;2,95;7,20;44,91
16072024;Grumo Appula;Bari;1;12.214;30,43;;22,68;;10,08;0,19;;39,09
16072025;Locorotondo;Bari;1;13.944;22,09;;15,76;;7,52;8,11;1,91;44,93
16072027;Modugno;Bari;1;36.471;12,88;;21,55;;8,76;3,59;4,07;45,39
16072028;Mola di Bari;Bari;1;24.567;6,17;;24,56;;6,83;3,91;1,62;41,14
16072029;Molfetta;Bari;1;57.510;12,71;;12,85;;5,95;4,65;1,47;35,54
16072032;Noicattaro;Bari;1;25.977;25,59;;14,30;;6,79;0,71;0,25;38,81
16072033;Palo del Colle;Bari;1;20.691;10,49;;15,07;;6,15;12,91;0,65;47,37
16072034;Poggiorsini;Bari;1;1.298;36,97;;21,45;;7,48;4,82;;44,40
16072035;Polignano a Mare;Bari;1;17.680;7,51;;21,11;;4,78;4,92;3,36;30,25
16072036;Putignano;Bari;1;25.924;8,48;;15,83;;5,57;9,32;4,67;43,72
16072037;Rutigliano;Bari;1;18.255;17,09;;12,31;;4,56;5,56;3,21;34,66
16072038;Ruvo di Puglia;Bari;1;24.465;8,21;;18,82;;4,83;5,22;2,94;37,74
16072039;Sammichele di Bari;Bari;1;6.058;13,67;;18,24;;7,01;6,29;0,88;39,06
16072041;Santeramo in Colle;Bari;1;25.772;10,31;;21,60;;7,44;5,17;1,45;42,75
16072043;Terlizzi;Bari;1;26.159;9,45;;22,68;;5,06;7,01;;37,58
16072046;Triggiano;Bari;1;26.065;4,13;;27,00;;7,60;3,64;0,70;41,81
16110001;Andria;Barletta-Andria-Trani;1;97.173;6,87;;17,45;;5,44;3,76;0,67;24,20
16110002;Barletta;Barletta-Andria-Trani;1;92.466;11,23;;15,82;;7,09;3,50;4,73;40,29
16110003;Bisceglie;Barletta-Andria-Trani;1;53.581;11,45;;20,80;;8,13;1,69;3,17;49,77
16110004;Canosa di Puglia;Barletta-Andria-Trani;1;28.061;7,73;;15,79;;3,36;3,62;1,69;34,21
16110005;Margherita di Savoia;Barletta-Andria-Trani;1;11.263;8,75;;41,18;;7,19;7,46;1,32;51,99
16110007;San Ferdinando di Puglia;Barletta-Andria-Trani;1;13.643;10,21;;17,77;;8,47;2,44;0,05;25,90
16110008;Spinazzola;Barletta-Andria-Trani;1;6.003;16,41;;26,93;;8,22;5,42;6,98;58,95
16110009;Trani;Barletta-Andria-Trani;1;54.838;47,17;;6,59;;4,64;4,03;0,95;37,49
16110010;Trinitapoli;Barletta-Andria-Trani;1;13.915;5,62;;22,43;;6,21;2,09;5,11;40,65
05025001;Agordo - Dato aggregazione Unione Montana Agordina;Belluno;16;18.479;39,97;;15,76;;0,06;5,50;4,13;33,52
05025002;Alano di Piave;Belluno;1;2.641;27,36;;16,35;;0,63;4,10;2,33;33,43
05025004;Arsie;Belluno;1;2.180;22,18;;13,16;;0,14;2,48;0,64;25,77
05025006;Belluno;Belluno;1;35.436;16,13;;8,75;;3,17;7,18;3,00;29,52
05025007;Borca di Cadore - Dato aggregazione UNIONE MONTANA DELLA VALLE DEL BOITE;Belluno;5;5.792;16,09;;13,92;;2,24;5,23;1,92;31,63
05025074;Borgo Valbelluna;Belluno;1;13.441;12,70;;7,67;;1,60;4,50;2,86;22,74
05025008;Calalzo di Cadore - Dato aggregazione UNIONE MONTANA CENTRO CADORE;Belluno;8;14.493;14,53;;11,07;;3,17;6,45;3,86;29,87
05025011;Cesiomaggiore;Belluno;1;3.910;20,84;;10,33;;0,37;3,55;1,36;21,64
05025012;Chies d'Alpago - Dato aggregazione Unione Montana Alpago;Belluno;3;9.135;4,39;;5,09;;0,94;2,47;3,29;21,34
05025016;Cortina d'Ampezzo;Belluno;1;5.682;15,87;;16,92;;8,44;1,05;;43,62
05025021;Feltre;Belluno;1;20.321;10,67;;4,79;;1,71;4,15;2,94;19,92
05025022;Fonzaso;Belluno;1;3.044;12,58;;15,37;;0,58;1,77;0,19;25,44
05025026;Lamon;Belluno;1;2.651;;;21,03;;0,64;2,27;2,35;28,61
05025029;Limana;Belluno;1;5.340;11,60;;8,17;;1,63;4,86;3,87;25,25
05025071;Longarone - Dato aggregazione UNIONE MONTANA CADORE-LONGARONESE-ZOL;Belluno;5;8.732;13,60;;9,88;;2,95;5,92;4,49;28,99
05025036;Pedavena;Belluno;1;4.332;28,24;;9,94;;0,84;2,24;1,43;23,48
05025040;Ponte nelle Alpi;Belluno;1;7.903;13,72;;16,00;;2,09;12,12;3,50;37,94
05025070;Quero Vas;Belluno;1;3.120;42,92;;10,43;;0,86;2,39;3,86;26,80
05025045;San Gregorio nelle Alpi;Belluno;1;1.546;43,85;;10,86;;2,03;2,76;4,27;28,40
05025048;Santa Giustina;Belluno;1;6.632;27,92;;13,74;;0,98;2,93;1,82;30,00
05025050;Santo Stefano di Cadore - Dato aggregazione UNIONE MONTANA COMELICO;Belluno;5;6.818;14,24;;12,77;;3,30;2,65;2,62;32,05
05025053;Sedico;Belluno;1;10.155;17,98;;12,96;;0,93;4,26;2,93;25,45
05025055;Seren del Grappa;Belluno;1;2.376;20,23;;11,55;;;2,95;1,25;24,93
05025056;Sospirolo;Belluno;1;3.047;36,62;;7,58;;1,07;4,01;3,54;23,65
05025058;Sovramonte;Belluno;1;1.312;29,69;;26,21;;1,31;3,81;1,44;41,98
15062001;Airola;Benevento;1;8.098;20,06;;25,47;;8,51;11,65;;59,29
15062003;Apice;Benevento;1;5.330;9,04;;18,36;;2,26;7,37;0,79;37,42
15062004;Apollosa;Benevento;1;2.492;25,74;;24,66;;2,89;1,46;0,55;38,02
15062005;Arpaia;Benevento;1;1.987;69,37;;;;;0,33;8,10;30,58
15062007;Baselice;Benevento;1;2.095;25,79;;11,56;;4,79;5,55;;38,67
15062008;Benevento;Benevento;1;56.939;24,47;;32,07;;4,56;4,24;3,84;57,77
15062009;Bonea;Benevento;1;1.361;21,26;;21,71;;4,82;;8,91;46,00
15062010;Bucciano;Benevento;1;1.985;60,91;;1,39;;;;0,26;26,67
15062013;Campolattaro;Benevento;1;968;249,47;;;;21,12;4,96;;64,29
15062014;Campoli del Monte Taburno;Benevento;1;1.581;38,30;;2,43;;0,67;23,51;;48,41
15062015;Casalduni;Benevento;1;1.227;11,72;;26,71;;;11,52;2,01;47,17
15062016;Castelfranco in Miscano;Benevento;1;820;27,24;;35,62;;12,60;8,55;10,81;82,09
15062017;Castelpagano;Benevento;1;1.358;41,75;;19,03;;9,11;6,24;4,40;64,46
15062018;Castelpoto;Benevento;1;1.122;18,53;;24,29;;6,21;11,28;3,54;58,56
15062020;Castelvetere in Val Fortore;Benevento;1;1.009;37,06;;31,35;;6,54;11,73;;64,19
15062021;Cautano;Benevento;1;1.899;11,01;;3,05;;3,37;5,29;;35,43
15062022;Ceppaloni;Benevento;1;3.179;56,93;;2,66;;2,57;3,91;;40,49
15062023;Cerreto Sannita;Benevento;1;3.599;19,43;;18,44;;4,19;3,50;0,27;39,43
15062024;Circello;Benevento;1;2.160;24,50;;18,75;;3,67;2,13;3,96;42,48
15062026;Cusano Mutri;Benevento;1;3.766;69,46;;18,78;;3,75;0,79;15,23;54,88
15062028;Durazzano;Benevento;1;2.108;19,47;;10,81;;2,13;6,94;;29,72
15062030;Foglianise;Benevento;1;3.199;14,38;;24,34;;2,33;7,23;;41,05
15062031;Foiano di Val Fortore;Benevento;1;1.334;6,63;;;;11,45;15,35;;41,26
15062032;Forchia;Benevento;1;1.184;57,32;;16,61;;1,34;3,27;;41,00
15062033;Fragneto l'Abate;Benevento;1;963;70,12;;;;8,11;18,19;;52,02
15062034;Fragneto Monforte;Benevento;1;1.678;45,86;;19,77;;10,15;2,01;;58,59
15062035;Frasso Telesino;Benevento;1;2.053;19,16;;18,22;;3,23;0,91;;36,51
15062036;Ginestra degli Schiavoni;Benevento;1;415;94,96;;30,42;;12,41;6,81;;78,84
15062037;Guardia Sanframondi;Benevento;1;4.631;42,59;;28,09;;3,86;0,16;1,43;42,48
15062038;Limatola;Benevento;1;4.041;50,53;;;;1,59;10,94;;32,73
15062039;Melizzano;Benevento;1;1.693;34,11;;6,77;;4,62;32,83;;54,33
15062040;Moiano;Benevento;1;4.037;15,91;;12,17;;5,01;2,09;4,84;41,73
15062042;Montefalcone di Val Fortore;Benevento;1;1.325;9,54;;11,83;;3,55;4,50;;38,39
15062043;Montesarchio;Benevento;1;12.959;16,02;;15,29;;9,72;9,70;2,41;54,30
15062044;Morcone;Benevento;1;4.497;22,67;;14,95;;8,24;;0,49;38,55
15062045;Paduli;Benevento;1;3.625;54,76;;29,41;;3,59;1,84;1,04;44,69
15062046;Pago Veiano;Benevento;1;2.275;10,22;;7,93;;;1,28;6,05;33,79
15062048;Paolisi;Benevento;1;2.000;13,08;;7,69;;6,31;2,14;;37,00
15062050;Pesco Sannita;Benevento;1;1.851;18,62;;16,88;;3,02;4,10;;34,80
15062051;Pietraroja;Benevento;1;509;9,74;;5,43;;1,46;25,41;2,52;54,10
15062052;Pietrelcina;Benevento;1;2.885;80,70;;1,78;;2,85;7,45;0,44;34,49
15062053;Ponte;Benevento;1;2.428;8,04;;13,58;;3,21;;;14,63
15062054;Pontelandolfo;Benevento;1;1.989;4,46;;11,38;;;7,95;0,18;30,73
15062055;Puglianello;Benevento;1;1.286;31,30;;27,76;;;0,55;1,08;39,64
15062056;Reino;Benevento;1;1.106;45,23;;16,24;;6,12;5,63;;44,18
15062057;San Bartolomeo in Galdo;Benevento;1;4.403;39,81;;15,66;;4,23;8,33;;55,06
15062058;San Giorgio del Sannio;Benevento;1;9.730;24,70;;23,46;;3,93;4,67;2,52;44,51
15062059;San Giorgio La Molara;Benevento;1;2.789;52,94;;35,00;;9,70;9,76;;72,61
15062060;San Leucio del Sannio;Benevento;1;2.920;16,08;;15,85;;;1,42;2,41;32,75
15062062;San Lorenzo Maggiore;Benevento;1;1.914;28,50;;23,24;;4,23;;;28,21
15062063;San Lupo;Benevento;1;722;14,93;;2,91;;;2,95;13,70;36,68
15062064;San Marco dei Cavoti;Benevento;1;3.012;10,17;;14,58;;6,78;3,18;;34,47
15062065;San Martino Sannita;Benevento;1;1.161;14,78;;21,59;;;;0,40;30,81
15062066;San Nazzaro;Benevento;1;855;55,94;;;;1,03;15,12;;46,70
15062067;San Nicola Manfredi;Benevento;1;3.502;8,22;;10,00;;5,89;16,61;1,20;49,53
15062069;Santa Croce del Sannio;Benevento;1;857;;;51,72;;;3,51;;49,33
15062070;Sant'Agata de' Goti;Benevento;1;10.280;7,00;;33,57;;7,19;5,99;1,24;55,71
15062071;Sant'Angelo a Cupolo;Benevento;1;4.082;13,62;;15,87;;7,08;6,95;;46,43
15062078;Sant'Arcangelo Trimonte;Benevento;1;480;48,45;;74,42;;7,57;;4,57;91,53
15062072;Sassinoro;Benevento;1;628;98,80;;9,02;;8,31;7,76;1,90;64,52
15062073;Solopaca;Benevento;1;3.498;10,19;;14,54;;2,85;12,58;;33,69
15062074;Telese Terme;Benevento;1;7.638;11,20;;19,15;;5,59;4,85;46,47;85,80
15062075;Tocco Caudio;Benevento;1;1.414;31,09;;;;;16,23;;41,42
15062076;Torrecuso;Benevento;1;3.236;15,40;;11,07;;3,12;2,44;;30,29
15062077;Vitulano;Benevento;1;2.722;61,01;;1,25;;3,91;10,99;;35,42
03016001;Adrara San Martino;Bergamo;1;2.162;14,35;;8,75;;1,94;2,56;1,97;22,54
03016002;Adrara San Rocco;Bergamo;1;805;20,19;;12,28;;0,06;4,36;4,62;26,47
03016003;Albano Sant'Alessandro;Bergamo;1;8.257;7,76;;8,74;;2,56;5,79;0,96;23,91
03016004;Albino;Bergamo;1;17.492;5,53;;6,80;;1,85;1,63;1,00;15,78
03016248;Algua;Bergamo;1;656;11,66;;12,33;;5,52;5,81;1,57;31,12
03016005;Alme;Bergamo;1;5.495;10,45;;6,30;;2,86;2,66;3,64;26,45
03016006;Almenno San Bartolomeo;Bergamo;1;6.491;4,23;;5,39;;2,48;3,12;1,44;15,34
03016007;Almenno San Salvatore;Bergamo;1;5.527;10,48;;7,82;;0,73;4,49;1,00;19,82
03016008;Alzano Lombardo;Bergamo;1;13.393;8,68;;10,05;;2,84;3,56;0,81;18,35
03016009;Ambivere;Bergamo;1;2.360;4,10;;6,79;;1,61;5,36;5,37;22,54
03016010;Antegnate;Bergamo;1;3.215;5,65;;11,79;;5,67;4,07;2,39;31,29
03016011;Arcene;Bergamo;1;4.807;9,00;;8,96;;1,20;2,37;2,37;21,53
03016012;Ardesio;Bergamo;1;3.337;8,74;;8,70;;1,71;2,70;3,57;20,87
03016013;Arzago d'Adda;Bergamo;1;2.744;6,78;;10,61;;3,05;3,15;1,42;23,72
03016014;Averara;Bergamo;1;173;10,41;;25,51;;8,23;6,35;1,00;40,06
03016015;Aviatico;Bergamo;1;575;10,47;;14,20;;9,93;6,53;4,14;42,36
03016016;Azzano San Paolo;Bergamo;1;7.591;11,77;;6,83;;2,20;1,43;1,78;17,56
03016017;Azzone;Bergamo;1;374;5,68;;12,59;;5,38;4,49;1,35;30,35
03016018;Bagnatica;Bergamo;1;4.420;16,47;;7,77;;3,44;2,96;4,74;24,80
03016019;Barbata;Bergamo;1;698;2,05;;15,37;;2,75;4,14;5,20;37,20
03016020;Bariano;Bergamo;1;4.243;7,15;;6,67;;3,91;2,45;2,14;20,28
03016021;Barzana;Bergamo;1;2.000;5,02;;6,59;;4,22;3,24;1,11;21,94
03016022;Bedulita;Bergamo;1;705;7,88;;14,10;;;10,53;1,27;27,18
03016023;Berbenno;Bergamo;1;2.430;17,49;;6,96;;0,25;1,22;0,78;15,56
03016024;Bergamo;Bergamo;1;120.207;16,41;;10,15;;7,35;2,78;3,41;31,57
03016025;Berzo San Fermo;Bergamo;1;1.425;28,97;;10,02;;0,12;4,00;2,33;24,24
03016026;Bianzano;Bergamo;1;597;37,44;;30,54;;0,88;7,63;6,10;50,86
03016027;Blello;Bergamo;1;72;27,82;;79,11;;0,96;5,08;3,06;71,72
03016028;Bolgare;Bergamo;1;6.524;6,48;;6,54;;1,53;2,11;1,69;16,79
03016029;Boltiere;Bergamo;1;6.187;21,34;;9,14;;3,46;2,40;2,31;22,30
03016030;Bonate Sopra;Bergamo;1;10.229;8,44;;8,88;;1,04;3,90;0,23;18,29
03016031;Bonate Sotto;Bergamo;1;6.615;7,15;;11,14;;2,72;2,65;2,17;22,22
03016032;Borgo di Terzo - Dato aggregazione Unione Media Val Cavallina;Bergamo;3;3.353;16,56;;8,75;;0,92;2,11;1,82;19,18
03016033;Bossico;Bergamo;1;974;8,94;;12,25;;2,22;3,38;3,55;28,69
03016034;Bottanuco;Bergamo;1;5.059;7,39;;9,14;;1,38;1,31;1,46;17,50
03016035;Bracca;Bergamo;1;723;11,63;;13,10;;4,74;6,15;2,55;31,90
03016036;Branzi;Bergamo;1;666;3,13;;65,60;;;3,70;0,66;43,95
03016037;Brembate;Bergamo;1;8.488;9,53;;8,11;;2,40;3,86;1,46;22,58
03016038;Brembate di Sopra;Bergamo;1;7.904;5,61;;9,33;;1,63;3,96;1,22;19,55
03016040;Brignano Gera d'Adda;Bergamo;1;6.069;1,67;;9,45;;2,95;2,47;3,23;21,08
03016041;Brumano;Bergamo;1;122;32,40;;;;9,29;7,16;;26,09
03016042;Brusaporto;Bergamo;1;5.609;7,65;;9,41;;1,90;1,12;1,13;18,73
03016043;Calcinate;Bergamo;1;6.098;17,04;;8,61;;1,60;3,36;1,34;18,00
03016044;Calcio;Bergamo;1;5.410;16,67;;9,17;;2,98;1,43;1,75;21,99
03016046;Calusco d'Adda;Bergamo;1;8.240;8,29;;6,58;;4,06;1,60;1,63;18,53
03016047;Calvenzano;Bergamo;1;4.271;5,58;;12,43;;4,57;3,90;1,59;26,64
03016048;Camerata Cornello;Bergamo;1;558;9,00;;16,47;;7,83;2,85;2,42;31,82
03016049;Canonica d'Adda;Bergamo;1;4.214;7,82;;10,15;;3,22;5,09;2,93;27,47
03016050;Capizzone;Bergamo;1;1.209;5,89;;10,43;;0,24;2,99;3,97;21,50
03016051;Capriate San Gervasio;Bergamo;1;8.170;5,10;;7,44;;1,72;4,00;3,08;23,66
03016052;Caprino Bergamasco;Bergamo;1;3.021;5,62;;6,04;;1,14;1,19;1,09;14,50
03016053;Caravaggio;Bergamo;1;16.085;16,19;;7,06;;3,22;9,86;2,26;29,13
03016055;Carobbio degli Angeli;Bergamo;1;4.772;15,72;;9,38;;0,83;2,85;3,12;22,17
03016056;Carona;Bergamo;1;286;5,87;;10,52;;16,89;27,07;0,66;59,86
03016057;Carvico;Bergamo;1;4.632;11,23;;7,77;;4,06;-2,06;4,66;18,15
03016058;Casazza;Bergamo;1;3.823;15,60;;11,97;;0,71;3,54;3,01;24,71
03016059;Casirate d'Adda;Bergamo;1;4.090;7,67;;9,58;;3,83;2,40;1,32;22,74
03016060;Casnigo;Bergamo;1;3.071;2,88;;4,32;;2,12;1,83;1,07;16,05
03016061;Cassiglio;Bergamo;1;110;13,69;;18,67;;2,75;2,75;7,46;35,19
03016063;Castel Rozzone;Bergamo;1;2.771;9,21;;7,32;;2,45;2,35;1,88;19,31
03016062;Castelli Calepio;Bergamo;1;10.400;5,59;;8,85;;0,38;3,47;0,98;18,08
03016064;Castione della Presolana;Bergamo;1;3.348;4,60;;9,15;;4,93;2,41;2,09;22,28
03016065;Castro;Bergamo;1;1.238;8,25;;1,14;;3,40;4,75;1,34;25,44
03016066;Cavernago;Bergamo;1;2.731;4,87;;7,56;;1,88;2,45;2,48;18,88
03016067;Cazzano Sant'Andrea;Bergamo;1;1.634;3,62;;10,36;;0,70;1,43;1,31;18,99
03016068;Cenate Sopra;Bergamo;1;2.502;26,84;;12,20;;1,87;4,20;5,56;30,06
03016069;Cenate Sotto;Bergamo;1;3.946;21,74;;6,89;;1,54;2,77;1,22;17,57
03016070;Cene;Bergamo;1;4.086;25,85;;;;2,50;5,31;1,41;19,65
03016071;Cerete;Bergamo;1;1.586;4,87;;7,86;;4,74;6,46;2,89;27,87
03016072;Chignolo d'Isola;Bergamo;1;3.352;5,17;;11,62;;1,39;2,76;1,26;24,07
03016073;Chiuduno;Bergamo;1;6.047;18,18;;9,60;;1,36;2,67;2,34;21,12
03016074;Cisano Bergamasco;Bergamo;1;6.151;7,46;;10,67;;2,00;2,36;1,69;21,41
03016075;Ciserano;Bergamo;1;5.477;7,50;;7,10;;8,87;2,29;4,31;29,84
03016076;Cividate al Piano;Bergamo;1;5.012;19,02;;8,18;;2,57;2,89;1,95;21,37
03016077;Clusone;Bergamo;1;8.498;4,59;;6,79;;5,51;2,43;1,71;22,05
03016078;Colere;Bergamo;1;1.110;4,51;;12,36;;;17,79;5,71;39,05
03016079;Cologno al Serio;Bergamo;1;11.026;16,33;;9,10;;2,50;2,44;3,54;22,81
03016080;Colzate;Bergamo;1;1.612;8,68;;14,68;;2,86;3,35;1,76;38,77
03016081;Comun Nuovo;Bergamo;1;4.375;3,86;;8,27;;3,74;2,17;1,17;21,05
03016082;Corna Imagna;Bergamo;1;933;15,03;;25,26;;;3,43;1,89;25,21
03016249;Cornalba;Bergamo;1;296;22,67;;5,56;;;19,54;1,16;37,26
03016083;Cortenuova;Bergamo;1;1.948;8,81;;10,87;;5,15;4,48;;27,47
03016084;Costa di Mezzate;Bergamo;1;3.313;6,42;;14,16;;1,48;2,53;1,10;21,88
03016247;Costa Serina;Bergamo;1;869;11,58;;11,17;;2,80;3,40;4,78;28,21
03016085;Costa Valle Imagna;Bergamo;1;546;7,65;;9,94;;;7,21;1,05;23,30
03016086;Costa Volpino;Bergamo;1;8.926;7,24;;11,77;;1,48;5,97;5,15;28,85
03016087;Covo;Bergamo;1;4.192;23,65;;7,61;;2,18;2,46;2,64;20,16
03016088;Credaro;Bergamo;1;3.539;6,88;;7,94;;1,48;1,74;3,49;19,20
03016089;Curno;Bergamo;1;7.473;10,55;;7,46;;1,84;1,27;1,02;17,11
03016090;Cusio;Bergamo;1;210;;;30,98;;;8,94;0,63;35,98
03016091;Dalmine;Bergamo;1;23.221;2,91;;4,33;;3,26;2,62;0,23;12,79
03016092;Dossena;Bergamo;1;882;10,68;;17,90;;1,48;12,51;2,64;37,16
03016093;Endine Gaiano;Bergamo;1;3.363;12,28;;11,57;;1,45;3,72;2,40;28,68
03016094;Entratico;Bergamo;1;1.980;24,82;;12,79;;0,95;4,90;2,57;33,91
03016096;Fara Gera d'Adda;Bergamo;1;7.954;5,61;;8,02;;2,86;2,48;1,50;19,86
03016097;Fara Olivana con Sola;Bergamo;1;1.314;9,83;;7,42;;5,97;2,34;1,40;24,71
03016098;Filago;Bergamo;1;3.108;5,53;;10,66;;1,46;3,68;1,68;20,87
03016099;Fino del Monte;Bergamo;1;1.141;5,96;;7,34;;6,56;6,15;1,26;26,11
03016100;Fiorano al Serio;Bergamo;1;2.952;2,15;;6,23;;3,03;1,54;0,40;15,50
03016101;Fontanella;Bergamo;1;4.760;9,52;;12,62;;2,46;2,67;2,19;32,94
03016102;Fonteno;Bergamo;1;566;25,94;;12,34;;5,80;10,13;2,60;35,13
03016103;Foppolo;Bergamo;1;167;31,24;;29,50;;16,57;51,37;26,48;132,93
03016104;Foresto Sparso;Bergamo;1;3.046;9,64;;9,84;;;3,76;1,10;20,57
03016105;Fornovo San Giovanni;Bergamo;1;3.392;6,28;;11,00;;3,98;3,04;1,89;23,88
03016106;Fuipiano Valle Imagna;Bergamo;1;207;20,76;;13,48;;3,72;6,00;3,64;34,83
03016107;Gandellino;Bergamo;1;961;10,30;;8,95;;4,51;6,93;3,40;29,12
03016108;Gandino;Bergamo;1;5.157;9,76;;10,33;;2,70;2,22;0,25;20,75
03016109;Gandosso;Bergamo;1;1.444;10,43;;15,37;;2,35;4,57;1,12;27,50
03016110;Gaverina Terme;Bergamo;1;867;16,30;;20,48;;4,47;3,53;3,79;34,95
03016111;Gazzaniga;Bergamo;1;4.907;6,31;;10,21;;4,15;4,52;2,31;26,36
03016113;Ghisalba;Bergamo;1;6.134;8,22;;8,89;;2,77;4,16;2,12;23,30
03016114;Gorlago;Bergamo;1;5.111;15,56;;8,17;;1,50;1,74;1,27;18,89
03016115;Gorle;Bergamo;1;6.575;7,56;;9,35;;4,15;1,26;1,24;18,15
03016116;Gorno;Bergamo;1;1.484;4,35;;12,80;;7,64;5,79;3,22;40,26
03016117;Grassobbio;Bergamo;1;6.430;4,04;;7,39;;2,70;1,48;1,54;17,93
03016118;Gromo;Bergamo;1;1.133;6,53;;9,13;;1,26;8,55;1,35;24,30
03016119;Grone;Bergamo;1;863;5,10;;14,57;;4,95;8,18;4,09;34,59
03016120;Grumello del Monte;Bergamo;1;7.423;3,01;;8,00;;0,75;2,11;2,01;17,59
03016121;Isola di Fondra;Bergamo;1;171;9,78;;22,95;;2,28;4,34;12,72;41,77
03016122;Isso;Bergamo;1;619;5,87;;7,34;;5,62;3,22;1,26;23,20
03016123;Lallio;Bergamo;1;4.131;5,73;;5,10;;3,17;2,45;1,22;18,33
03016124;Leffe;Bergamo;1;4.301;10,55;;8,71;;5,14;2,64;0,08;24,61
03016125;Lenna;Bergamo;1;553;17,36;;15,80;;0,50;6,58;1,45;31,07
03016126;Levate;Bergamo;1;3.737;4,49;;4,52;;1,72;2,52;2,74;21,66
03016127;Locatello;Bergamo;1;816;9,14;;14,47;;;2,07;1,73;22,46
03016128;Lovere;Bergamo;1;4.999;12,27;;16,92;;3,98;6,69;4,74;35,56
03016129;Lurano;Bergamo;1;2.811;7,09;;10,71;;1,46;5,06;1,74;26,90
03016131;Madone;Bergamo;1;4.040;8,80;;8,59;;1,18;3,23;2,87;19,55
03016132;Mapello;Bergamo;1;6.869;6,33;;9,60;;2,89;2,32;2,15;20,84
03016133;Martinengo;Bergamo;1;10.744;5,62;;7,82;;1,61;2,37;3,96;21,19
03016250;Medolago;Bergamo;1;2.348;12,34;;5,94;;1,17;6,25;1,55;19,27
03016134;Mezzoldo;Bergamo;1;164;33,80;;17,12;;1,37;2,69;6,12;40,63
03016135;Misano di Gera d'Adda;Bergamo;1;2.944;7,16;;8,63;;4,33;3,00;1,85;23,14
03016136;Moio de' Calvi;Bergamo;1;195;53,72;;10,12;;;12,49;0,39;45,84
03016137;Monasterolo del Castello;Bergamo;1;1.144;14,62;;11,22;;4,37;4,65;2,65;29,07
03016139;Montello;Bergamo;1;3.186;5,64;;5,41;;0,33;1,84;1,09;16,17
03016140;Morengo;Bergamo;1;2.477;12,97;;8,21;;2,47;5,69;2,56;24,50
03016141;Mornico al Serio;Bergamo;1;2.909;8,20;;8,57;;0,69;1,99;1,51;15,56
03016142;Mozzanica;Bergamo;1;4.347;8,13;;9,15;;1,48;2,73;2,21;21,74
03016143;Mozzo;Bergamo;1;7.293;12,22;;7,76;;2,63;1,97;1,05;19,35
03016144;Nembro;Bergamo;1;11.194;7,04;;8,30;;4,07;5,33;0,68;19,33
03016145;Olmo al Brembo;Bergamo;1;486;;;27,28;;3,96;2,38;4,75;29,94
03016146;Oltre il Colle;Bergamo;1;976;6,64;;19,08;;8,12;5,59;2,00;36,64
03016147;Oltressenda Alta;Bergamo;1;144;25,52;;21,91;;;4,63;2,66;35,56
03016148;Oneta;Bergamo;1;570;4,81;;15,95;;0,01;9,38;1,95;28,34
03016149;Onore;Bergamo;1;919;2,92;;5,28;;4,45;17,18;0,81;33,98
03016150;Orio al Serio;Bergamo;1;1.742;6,69;;10,22;;0,57;7,80;0,95;26,63
03016151;Ornica;Bergamo;1;145;13,06;;19,52;;6,04;1,60;0,63;30,19
03016152;Osio Sopra;Bergamo;1;5.199;6,20;;4,31;;0,95;4,40;3,10;17,48
03016153;Osio Sotto;Bergamo;1;12.460;4,12;;8,65;;2,91;2,69;3,16;21,86
03016154;Pagazzano;Bergamo;1;2.099;8,70;;8,48;;2,03;2,36;6,17;23,67
03016156;Palazzago;Bergamo;1;4.465;4,48;;5,67;;3,09;2,08;1,18;16,59
03016157;Palosco;Bergamo;1;5.738;11,86;;4,59;;1,80;4,53;2,78;19,15
03016158;Parre;Bergamo;1;2.687;4,89;;7,93;;0,91;3,24;1,81;20,77
03016159;Parzanica;Bergamo;1;345;14,10;;14,30;;4,27;4,64;1,56;31,35
03016160;Pedrengo;Bergamo;1;5.896;21,50;;9,97;;1,85;3,61;5,37;26,44
03016161;Peia;Bergamo;1;1.710;14,38;;13,47;;1,77;4,11;3,24;25,99
03016162;Pianico;Bergamo;1;1.446;21,59;;12,19;;1,03;5,15;2,73;25,15
03016163;Piario;Bergamo;1;1.007;3,75;;8,17;;2,08;2,45;1,18;19,98
03016164;Piazza Brembana;Bergamo;1;1.193;23,21;;10,28;;5,45;1,51;;24,37
03016165;Piazzatorre;Bergamo;1;389;27,15;;7,60;;4,61;5,68;0,80;36,64
03016166;Piazzolo;Bergamo;1;87;24,20;;24,48;;5,35;1,76;0,52;38,45
03016167;Pognano;Bergamo;1;1.584;6,09;;13,04;;8,77;3,17;1,24;31,50
03016168;Ponte Nossa;Bergamo;1;1.716;3,54;;12,72;;2,75;2,72;1,49;21,70
03016170;Ponte San Pietro;Bergamo;1;11.456;6,17;;10,62;;4,81;3,21;1,90;25,91
03016169;Ponteranica;Bergamo;1;6.673;13,75;;6,34;;1,12;6,22;0,49;19,79
03016172;Pontirolo Nuovo;Bergamo;1;4.937;5,29;;9,80;;1,85;2,59;1,65;19,42
03016173;Pradalunga;Bergamo;1;4.510;13,08;;5,56;;2,92;1,20;0,58;14,27
03016174;Predore;Bergamo;1;1.853;10,54;;9,88;;1,75;4,60;2,23;24,54
03016175;Premolo;Bergamo;1;1.058;6,43;;14,89;;;3,99;1,94;21,60
03016176;Presezzo;Bergamo;1;4.797;3,76;;5,35;;2,07;5,49;1,23;16,23
03016177;Pumenengo;Bergamo;1;1.686;5,11;;9,94;;2,32;1,74;3,02;21,23
03016178;Ranica;Bergamo;1;5.861;10,16;;11,51;;5,95;2,23;1,00;21,83
03016179;Ranzanico;Bergamo;1;1.226;13,33;;14,31;;3,35;3,86;4,08;31,53
03016180;Riva di Solto;Bergamo;1;881;16,11;;11,98;;0,52;2,76;2,38;21,13
03016182;Rogno;Bergamo;1;3.878;14,52;;7,64;;0,99;2,21;2,26;18,53
03016183;Romano di Lombardia;Bergamo;1;20.548;4,80;;7,35;;4,19;2,20;1,19;20,58
03016184;Roncobello;Bergamo;1;420;12,36;;18,07;;1,54;2,15;8,85;33,56
03016185;Roncola;Bergamo;1;876;4,88;;12,93;;10,53;4,79;4,75;34,23
03016186;Rota d'Imagna;Bergamo;1;892;32,65;;8,71;;4,64;3,96;1,66;35,65
03016187;Rovetta;Bergamo;1;4.091;6,29;;9,56;;5,69;3,40;1,63;24,56
03016188;San Giovanni Bianco;Bergamo;1;4.611;39,37;;10,43;;;3,14;2,55;29,52
03016189;San Paolo d'Argon;Bergamo;1;5.914;8,07;;8,25;;1,94;2,11;1,51;18,42
03016190;San Pellegrino Terme;Bergamo;1;4.697;4,20;;9,69;;4,12;3,17;2,01;24,01
03016191;Santa Brigida;Bergamo;1;522;36,67;;9,00;;2,03;5,69;0,47;35,49
03016252;Sant'Omobono Terme;Bergamo;1;3.839;7,34;;10,54;;1,16;1,81;1,49;21,04
03016193;Sarnico;Bergamo;1;6.750;9,84;;11,43;;4,70;3,75;2,45;27,36
03016194;Scanzorosciate;Bergamo;1;9.851;10,53;;6,58;;1,64;3,96;1,34;19,71
03016195;Schilpario;Bergamo;1;1.137;3,20;;12,60;;5,11;2,67;1,28;22,38
03016196;Sedrina;Bergamo;1;2.422;5,92;;11,24;;0,87;2,43;1,18;20,15
03016197;Selvino;Bergamo;1;1.990;7,49;;6,33;;6,10;4,52;2,61;24,46
03016198;Seriate;Bergamo;1;25.109;3,48;;3,31;;2,59;2,54;1,70;16,05
03016199;Serina;Bergamo;1;2.035;16,24;;16,09;;0,73;6,80;8,53;37,35
03016251;Solza;Bergamo;1;1.984;8,34;;9,43;;2,67;3,45;2,12;22,11
03016201;Songavazzo;Bergamo;1;696;5,54;;8,92;;2,96;7,10;0,96;42,00
03016202;Sorisole;Bergamo;1;8.869;7,39;;9,06;;1,77;2,79;2,31;22,45
03016203;Sotto il Monte Giovanni XXIII;Bergamo;1;4.390;6,00;;7,20;;0,81;5,48;2,00;18,99
03016204;Sovere;Bergamo;1;5.227;13,70;;16,18;;1,02;3,62;3,70;26,95
03016205;Spinone al Lago;Bergamo;1;960;11,04;;16,78;;3,69;9,13;2,15;33,89
03016206;Spirano;Bergamo;1;5.594;11,90;;10,78;;4,71;1,88;1,34;23,25
03016207;Stezzano;Bergamo;1;13.331;6,00;;6,07;;0,83;0,81;1,75;14,05
03016208;Strozza;Bergamo;1;1.073;20,57;;7,69;;1,53;4,51;2,56;24,28
03016209;Suisio;Bergamo;1;3.767;9,06;;9,08;;2,17;1,91;4,58;22,05
03016210;Taleggio;Bergamo;1;540;12,86;;14,97;;;3,95;1,35;25,79
03016211;Tavernola Bergamasca;Bergamo;1;1.959;7,83;;11,24;;3,60;5,18;1,66;28,61
03016212;Telgate;Bergamo;1;4.997;11,64;;8,44;;2,28;1,54;1,91;18,37
03016213;Terno d'Isola;Bergamo;1;8.003;19,36;;10,54;;2,88;2,70;0,58;27,68
03016214;Torre Boldone;Bergamo;1;8.586;5,92;;8,21;;1,67;1,85;0,22;15,91
03016215;Torre de' Busi;Bergamo;1;2.174;2,93;;9,58;;0,06;2,51;4,15;22,72
03016216;Torre de' Roveri;Bergamo;1;2.528;8,33;;8,56;;1,01;2,21;3,91;20,78
03016217;Torre Pallavicina;Bergamo;1;1.116;3,62;;25,86;;1,58;7,13;5,28;39,20
03016218;Trescore Balneario;Bergamo;1;9.660;17,05;;7,53;;1,98;3,61;2,89;22,78
03016219;Treviglio;Bergamo;1;30.669;5,99;;6,59;;6,66;2,42;1,32;21,74
03016220;Treviolo;Bergamo;1;10.855;10,37;;5,40;;2,28;3,93;2,47;19,25
03016221;Ubiale Clanezzo;Bergamo;1;1.346;8,54;;11,03;;0,66;3,25;2,04;22,26
03016222;Urgnano;Bergamo;1;9.821;9,93;;5,82;;1,47;1,88;0,73;15,43
03016253;Val Brembilla;Bergamo;1;4.141;7,02;;11,33;;2,26;1,94;3,09;22,98
03016223;Valbondione;Bergamo;1;972;6,13;;10,62;;;5,90;4,47;24,99
03016224;Valbrembo;Bergamo;1;4.344;4,68;;9,03;;3,40;4,55;2,04;22,56
03016225;Valgoglio;Bergamo;1;586;3,13;;15,15;;4,22;2,84;1,53;23,69
03016226;Valleve;Bergamo;1;127;42,24;;15,62;;9,20;98,40;11,84;156,34
03016227;Valnegra;Bergamo;1;215;26,36;;16,38;;1,68;31,32;1,25;56,44
03016229;Valtorta;Bergamo;1;249;5,23;;52,54;;3,08;3,88;0,73;39,16
03016230;Vedeseta;Bergamo;1;185;18,66;;20,05;;0,64;3,42;7,65;39,60
03016232;Verdellino;Bergamo;1;7.495;0,95;;8,71;;6,72;1,52;1,74;19,58
03016233;Verdello;Bergamo;1;8.137;3,94;;6,29;;3,76;2,11;4,97;21,43
03016234;Vertova;Bergamo;1;4.437;4,05;;10,21;;2,96;2,41;0,73;20,51
03016235;Viadanica;Bergamo;1;1.127;14,72;;10,37;;;4,39;3,67;24,89
03016237;Vigolo;Bergamo;1;574;13,52;;18,08;;14,09;5,82;4,68;49,53
03016238;Villa d'Adda;Bergamo;1;4.570;8,65;;8,71;;0,97;2,48;1,60;18,13
03016239;Villa d'Alme;Bergamo;1;6.564;10,35;;6,50;;3,85;2,78;3,78;22,67
03016240;Villa di Serio;Bergamo;1;6.612;10,88;;3,99;;1,29;2,54;1,19;13,71
03016241;Villa d'Ogna;Bergamo;1;1.766;3,88;;6,33;;0,38;5,78;1,33;21,16
03016242;Villongo;Bergamo;1;8.060;8,72;;9,42;;1,12;1,11;1,67;17,77
03016243;Vilminore di Scalve;Bergamo;1;1.439;13,66;;11,91;;6,32;5,95;1,63;33,71
03016244;Zandobbio;Bergamo;1;2.656;7,98;;7,93;;1,60;2,81;1,81;19,43
03016245;Zanica;Bergamo;1;8.633;15,34;;7,46;;1,84;2,39;3,72;22,27
03016246;Zogno;Bergamo;1;8.580;0,41;;7,96;;4,85;1,90;;19,57
01096002;Andorno Micca;Biella;1;3.027;18,71;;17,18;;;1,23;0,67;19,76
01096003;Benna;Biella;1;1.141;16,22;;16,56;;1,13;1,01;0,63;22,52
01096004;Biella;Biella;1;42.761;21,65;;8,38;;4,22;10,87;4,38;34,42
01096005;Bioglio;Biella;1;903;27,87;;11,68;;;2,36;1,65;27,90
01096008;Callabiana;Biella;1;147;14,55;;2,64;;0,11;0,56;1,99;21,38
01096010;Camburzano;Biella;1;1.115;10,84;;11,57;;;1,45;0,57;14,14
01096086;Campiglia Cervo;Biella;1;522;34,91;;22,58;;;0,57;0,43;30,51
01096012;Candelo;Biella;1;7.248;17,52;;13,44;;4,33;3,60;0,41;23,84
01096013;Caprile;Biella;1;196;22,99;;12,84;;;1,60;0,36;21,78
01096014;Casapinta;Biella;1;396;37,43;;8,73;;0,10;2,19;0,53;20,85
01096015;Castelletto Cervo;Biella;1;790;18,07;;13,82;;;5,73;0,43;24,67
01096016;Cavaglia;Biella;1;3.535;9,18;;13,13;;1,42;3,44;0,43;17,31
01096018;Cerrione;Biella;1;2.806;8,56;;4,01;;;1,68;0,45;9,93
01096019;Coggiola;Biella;1;1.644;26,48;;11,85;;;1,37;0,78;22,55
01096020;Cossato;Biella;1;13.996;21,94;;7,08;;4,28;7,48;4,09;30,71
01096023;Curino;Biella;1;458;21,21;;10,22;;;1,05;0,45;19,87
01096024;Donato;Biella;1;709;11,95;;7,00;;;2,13;0,43;12,98
01096025;Dorzano;Biella;1;528;14,87;;3,78;;;1,23;0,21;10,69
01096026;Gaglianico;Biella;1;3.729;20,56;;6,44;;1,81;5,54;5,14;24,86
01096027;Gifflenga;Biella;1;104;5,28;;6,21;;;2,97;0,28;9,92
01096028;Graglia;Biella;1;1.456;16,23;;15,61;;;4,01;0,56;21,97
01096085;lessona;Biella;1;2.624;13,23;;11,78;;;0,88;0,41;14,98
01096030;Magnano;Biella;1;366;30,71;;3,06;;;0,41;0,33;13,85
01096031;Massazza;Biella;1;565;21,33;;6,06;;;3,51;0,40;16,23
01096032;Masserano;Biella;1;1.892;17,12;;11,95;;;4,00;0,44;19,11
01096033;Mezzana Mortigliengo;Biella;1;493;17,41;;20,60;;0,12;2,39;0,55;22,60
01096034;Miagliano;Biella;1;546;15,58;;20,02;;;1,59;0,52;21,47
01096035;Mongrando;Biella;1;3.656;22,25;;10,27;;2,27;0,93;0,60;18,92
01096037;Mottalciata;Biella;1;1.321;15,88;;15,57;;;0,83;0,52;18,97
01096038;Muzzano;Biella;1;577;25,31;;20,20;;;1,79;0,54;26,84
01096039;Netro;Biella;1;939;13,98;;5,20;;;0,98;0,52;12,38
01096041;Occhieppo Superiore;Biella;1;2.635;11,55;;11,79;;0,28;0,65;0,56;15,21
01096042;Pettinengo;Biella;1;1.458;21,94;;17,84;;0,16;2,35;1,66;25,22
01096043;Piatto;Biella;1;477;14,46;;5,67;;;1,86;0,52;14,89
01096044;Piedicavallo;Biella;1;174;15,62;;10,38;;;0,45;0,24;15,57
01096046;Pollone;Biella;1;2.036;11,57;;9,70;;;0,90;0,92;14,13
01096047;Ponderano;Biella;1;3.731;8,32;;13,55;;0,69;0,51;0,38;15,36
01096048;Portula;Biella;1;1.117;32,64;;25,18;;;1,65;1,39;35,42
01096049;Pralungo;Biella;1;2.277;16,79;;23,05;;;0,59;0,97;25,32
01096050;Pray;Biella;1;1.997;18,82;;16,54;;;0,99;0,73;23,20
01096087;Quaregna Cerreto;Biella;1;2.031;15,72;;5,66;;;0,55;0,26;11,77
01096053;Ronco Biellese;Biella;1;1.431;27,94;;25,52;;;1,50;0,69;31,97
01096055;Rosazza;Biella;1;104;47,99;;10,28;;;5,21;0,27;37,26
01096056;Sagliano Micca;Biella;1;1.537;18,30;;17,70;;;1,46;0,64;20,84
01096057;Sala Biellese;Biella;1;570;7,45;;14,49;;;0,77;0,34;12,59
01096058;Salussola;Biella;1;1.862;17,57;;23,67;;;0,83;0,89;25,84
01096059;Sandigliano;Biella;1;2.556;10,16;;10,76;;;0,80;0,40;13,94
01096063;Sordevolo;Biella;1;1.293;9,17;;15,43;;;0,70;0,54;14,04
01096064;Sostegno;Biella;1;738;32,78;;8,66;;;1,23;0,41;24,54
01096065;Strona;Biella;1;962;18,41;;21,45;;;1,57;0,73;24,99
01096066;Tavigliano;Biella;1;937;26,79;;13,92;;;0,98;0,60;29,53
01096067;Ternengo;Biella;1;259;40,57;;14,50;;;2,69;0,80;30,78
01096068;Tollegno;Biella;1;2.369;17,97;;18,27;;;0,83;1,10;22,92
01096069;Torrazzo;Biella;1;204;40,82;;3,68;;;0,65;0,35;17,20
01096071;Valdengo;Biella;1;2.388;13,67;;12,96;;;0,92;0,97;17,44
01096088;Valdilana;Biella;1;10.181;21,31;;11,70;;3,79;1,26;0,69;21,93
01096072;Vallanzengo;Biella;1;206;13,98;;14,29;;0,20;3,33;0,53;20,07
01096074;Valle San Nicolao;Biella;1;881;25,37;;13,10;;0,20;3,02;2,48;25,11
01096076;Verrone;Biella;1;1.177;11,58;;9,94;;0,69;0,71;0,20;15,26
01096077;Vigliano Biellese;Biella;1;7.559;43,88;;7,51;;3,26;8,52;4,41;34,28
01096078;Villa del Bosco;Biella;1;315;20,35;;12,85;;;0,86;0,53;21,36
01096079;Villanova Biellese;Biella;1;182;7,13;;11,47;;;1,99;0,31;13,09
01096080;Viverone;Biella;1;1.347;12,12;;16,80;;;0,61;0,35;17,09
01096081;Zimone;Biella;1;391;19,09;;9,38;;;2,67;0,31;16,62
01096082;Zubiena;Biella;1;1.110;27,69;;5,78;;;0,96;0,51;15,89
08037062;Alto Reno Terme;Bologna;1;6.905;6,61;;17,08;;4,99;14,27;5,28;51,90
08037001;Anzola dell'Emilia;Bologna;1;12.288;24,82;;8,77;;1,93;3,40;0,76;20,53
08037002;Argelato;Bologna;1;9.714;18,94;;11,93;;2,79;4,82;2,52;30,44
08037003;Baricella;Bologna;1;6.981;11,64;;16,08;;2,24;3,32;5,13;33,64
08037005;Bentivoglio;Bologna;1;5.804;8,73;;12,97;;1,13;1,85;2,23;24,37
08037006;Bologna;Bologna;1;392.203;10,31;;19,14;;8,52;4,93;7,90;46,65
08037007;Borgo Tossignano;Bologna;1;3.241;3,59;;12,27;;0,53;2,64;8,15;26,18
08037008;Budrio;Bologna;1;18.309;10,45;;15,68;;3,06;3,26;3,53;32,31
08037009;Calderara di Reno;Bologna;1;13.452;17,53;;9,56;;1,77;4,96;0,82;25,16
08037010;Camugnano;Bologna;1;1.809;19,60;;26,19;;2,07;7,77;4,28;52,82
08037011;Casalecchio di Reno;Bologna;1;35.877;10,67;;18,32;;3,70;6,74;2,89;36,54
08037012;Casalfiumanese;Bologna;1;3.361;3,27;;7,26;;0,52;2,93;7,56;22,05
08037013;Castel d'Aiano;Bologna;1;1.883;9,44;;10,66;;1,68;6,24;2,70;34,47
08037014;Castel del Rio;Bologna;1;1.203;1,94;;8,81;;0,49;2,57;8,47;24,47
08037015;Castel di Casio;Bologna;1;3.307;1,79;;6,60;;4,02;20,22;2,66;47,49
08037016;Castel Guelfo di Bologna;Bologna;1;4.543;9,48;;10,65;;1,36;4,18;2,25;25,95
08037019;Castel Maggiore;Bologna;1;18.544;17,98;;16,70;;2,91;6,66;7,78;47,08
08037020;Castel San Pietro Terme;Bologna;1;20.674;6,65;;9,17;;2,07;2,61;2,85;22,59
08037017;Castello d'Argile;Bologna;1;6.557;6,24;;13,08;;0,24;5,51;5,01;29,97
08037021;Castenaso;Bologna;1;15.991;8,53;;9,39;;2,54;3,08;2,27;24,35
08037022;Castiglione dei Pepoli;Bologna;1;5.363;10,83;;14,59;;1,88;5,88;6,76;37,45
08037024;Crevalcore;Bologna;1;13.566;16,09;;13,51;;2,69;5,27;11,95;52,60
08037025;Dozza;Bologna;1;6.563;32,15;;13,34;;1,36;2,09;2,32;28,46
08037026;Fontanelice;Bologna;1;1.929;0,36;;4,61;;2,84;2,65;13,74;29,24
08037027;Gaggio Montano;Bologna;1;4.805;2,93;;5,06;;2,10;15,04;3,51;37,62
08037028;Galliera;Bologna;1;5.539;9,17;;18,34;;2,09;3,40;2,01;31,69
08037030;Granarolo dell'Emilia;Bologna;1;12.661;10,49;;8,79;;1,51;1,44;3,83;22,63
08037031;Grizzana Morandi;Bologna;1;3.882;8,53;;14,34;;2,39;7,32;4,25;42,13
08037032;Imola;Bologna;1;69.592;7,33;;9,62;;3,34;2,74;3,34;24,98
08037033;Lizzano in Belvedere;Bologna;1;2.174;7,93;;10,53;;2,78;13,64;7,41;49,03
08037034;Loiano;Bologna;1;4.365;11,70;;12,94;;2,54;7,34;3,36;39,29
08037035;Malalbergo;Bologna;1;9.055;7,71;;6,91;;2,06;3,38;2,64;23,42
08037036;Marzabotto;Bologna;1;6.788;5,79;;9,34;;1,85;12,51;2,30;38,88
08037037;Medicina;Bologna;1;16.676;10,60;;8,57;;1,49;2,28;3,56;23,41
08037038;Minerbio;Bologna;1;8.858;9,48;;11,35;;1,48;2,48;4,28;26,64
08037039;Molinella;Bologna;1;15.660;7,29;;13,30;;1,72;2,95;4,54;31,32
08037040;Monghidoro;Bologna;1;3.731;17,79;;14,74;;2,12;6,46;3,47;41,88
08037042;Monte San Pietro;Bologna;1;10.751;17,59;;17,11;;1,34;3,19;2,72;31,45
08037041;Monterenzio;Bologna;1;6.118;8,42;;16,01;;1,97;3,88;4,15;30,21
08037044;Monzuno;Bologna;1;6.337;10,96;;15,13;;2,45;9,85;5,24;46,23
08037045;Mordano;Bologna;1;4.598;26,95;;7,89;;1,41;1,93;2,45;20,38
08037046;Ozzano dell'Emilia;Bologna;1;13.947;8,22;;8,29;;2,23;4,24;4,90;30,26
08037047;Pianoro;Bologna;1;17.541;7,05;;10,57;;1,49;2,80;3,42;23,46
08037048;Pieve di Cento;Bologna;1;7.153;8,58;;13,96;;1,98;2,78;3,77;29,27
08037050;Sala Bolognese;Bologna;1;8.481;14,43;;12,92;;1,79;4,10;2,49;31,89
08037051;San Benedetto Val di Sambro;Bologna;1;4.205;17,20;;18,49;;3,07;4,30;2,91;42,43
08037052;San Giorgio di Piano;Bologna;1;9.183;10,19;;14,98;;3,49;2,36;4,24;30,85
08037053;San Giovanni in Persiceto;Bologna;1;27.842;21,81;;8,92;;2,36;4,76;2,02;25,55
08037054;San Lazzaro di Savena;Bologna;1;32.638;7,25;;13,27;;2,30;5,60;3,88;32,14
08037055;San Pietro in Casale;Bologna;1;12.701;10,86;;16,36;;2,42;2,43;3,18;30,13
08037056;Sant'Agata Bolognese;Bologna;1;7.350;13,81;;10,02;;2,11;4,42;2,93;26,31
08037057;Sasso Marconi;Bologna;1;14.746;10,67;;19,34;;1,83;3,79;2,21;32,56
08037061;Valsamoggia;Bologna;1;31.620;8,76;;14,79;;2,11;4,02;4,71;31,73
08037059;Vergato;Bologna;1;7.503;2,82;;2,15;;2,11;16,79;2,82;38,83
08037060;Zola Predosa;Bologna;1;19.134;11,27;;19,43;;2,74;4,25;2,90;34,92
04021001;Aldino;Bolzano;1;1.640;9,58;;9,15;;3,97;2,27;;20,53
04021002;Andriano;Bolzano;1;1.014;9,48;;0,42;;0,93;0,63;0,31;7,06
04021003;Anterivo;Bolzano;1;400;10,52;;7,80;;4,73;4,74;;29,34
04021004;Appiano sulla strada del vino;Bolzano;1;14.805;0,33;;12,92;;2,48;4,44;;18,00
04021005;Avelengo;Bolzano;1;804;5,60;;9,17;;;4,46;;14,59
04021006;Badia;Bolzano;1;3.680;7,35;;21,42;;1,72;0,57;0,14;23,94
04021007;Barbiano;Bolzano;1;1.738;14,35;;9,34;;1,23;;0,04;21,09
04021008;Bolzano;Bolzano;1;107.025;28,43;;10,49;;8,76;4,40;2,47;35,06
04021009;Braies;Bolzano;1;692;8,62;;17,63;;2,18;0,15;0,65;25,52
04021010;Brennero;Bolzano;1;2.322;15,13;;10,00;;3,32;2,31;;25,23
04021011;Bressanone;Bolzano;1;22.817;11,17;;10,82;;7,35;10,55;2,19;35,43
04021012;Bronzolo;Bolzano;1;2.752;9,53;;8,29;;0,02;3,51;;15,86
04021013;Brunico;Bolzano;1;17.079;15,56;;7,22;;2,52;8,75;0,87;27,57
04021014;Caines;Bolzano;1;387;9,97;;8,93;;0,76;0,71;;18,80
04021015;Caldaro sulla strada del vino;Bolzano;1;8.185;6,85;;2,68;;3,82;0,98;;13,37
04021016;Campo di Trens;Bolzano;1;2.719;14,70;;5,83;;2,36;2,13;;23,84
04021017;Campo Tures;Bolzano;1;5.684;7,78;;15,48;;0,49;1,73;;20,99
04021018;Castelbello-Ciardes;Bolzano;1;2.362;4,15;;7,19;;2,16;2,53;0,63;19,44
04021019;Castelrotto;Bolzano;1;7.026;20,78;;3,41;;4,38;1,47;0,62;23,16
04021020;Cermes;Bolzano;1;1.595;5,38;;11,96;;1,67;3,42;;17,06
04021021;Chienes;Bolzano;1;2.990;10,48;;8,43;;1,28;2,67;0,75;18,89
04021022;Chiusa;Bolzano;1;5.215;12,08;;5,33;;2,25;1,40;;16,20
04021023;Cornedo all'Isarco;Bolzano;1;3.426;11,95;;;;4,34;0,18;;26,79
04021024;Cortaccia sulla strada del vino;Bolzano;1;2.203;7,63;;2,50;;0,36;2,03;0,17;11,77
04021025;Cortina sulla strada del vino;Bolzano;1;663;5,92;;;;1,29;9,35;;26,25
04021027;Curon Venosta;Bolzano;1;2.335;13,09;;12,08;;2,87;3,63;;28,61
04021028;Dobbiaco;Bolzano;1;3.388;8,88;;6,80;;4,64;1,61;;27,51
04021029;Egna;Bolzano;1;5.473;8,85;;0,25;;2,18;10,33;2,54;21,03
04021030;Falzes;Bolzano;1;2.986;12,05;;2,17;;3,07;0,90;;15,46
04021031;Fie allo Sciliar;Bolzano;1;3.646;12,66;;;;5,27;1,19;0,33;16,88
04021032;Fortezza;Bolzano;1;1.078;17,69;;5,08;;0,49;2,24;5,96;28,58
04021033;Funes;Bolzano;1;2.550;15,40;;7,12;;2,72;1,49;;21,29
04021034;Gais;Bolzano;1;3.225;15,40;;8,13;;0,54;1,30;0,50;16,15
04021035;Gargazzone;Bolzano;1;1.827;10,65;;6,01;;2,22;1,60;0,23;16,77
04021036;Glorenza;Bolzano;1;923;8,89;;1,94;;5,72;0,12;1,21;18,76
04021117;La Valle;Bolzano;1;1.402;32,76;;17,12;;4,30;1,69;;39,95
04021037;Laces;Bolzano;1;5.249;5,89;;12,15;;2,51;2,25;;23,99
04021038;Lagundo;Bolzano;1;5.096;42,64;;2,64;;2,51;1,54;;23,10
04021039;Laion;Bolzano;1;2.730;14,95;;7,12;;3,56;1,73;;23,77
04021040;Laives;Bolzano;1;18.311;28,59;;5,98;;2,99;4,55;2,39;31,95
04021041;Lana;Bolzano;1;12.485;33,45;;1,40;;0,89;;0,18;19,95
04021042;Lasa;Bolzano;1;4.087;8,98;;1,48;;3,62;3,37;0,91;24,42
04021043;Lauregno;Bolzano;1;325;9,04;;2,76;;5,46;15,49;;34,13
04021044;Luson;Bolzano;1;1.550;11,87;;8,61;;1,79;2,12;;22,19
04021045;Magre sulla strada del vino;Bolzano;1;1.319;9,88;;11,77;;3,85;0,35;0,26;15,58
04021046;Malles Venosta;Bolzano;1;5.153;7,33;;5,55;;4,35;7,39;;31,02
04021047;Marebbe;Bolzano;1;3.203;10,75;;10,80;;0,38;0,75;;24,48
04021048;Marlengo;Bolzano;1;2.870;8,75;;4,76;;1,23;7,30;;21,63
04021049;Martello;Bolzano;1;827;7,98;;9,25;;1,63;3,82;1,12;21,18
04021050;Meltina;Bolzano;1;1.703;14,97;;7,91;;1,27;2,03;;22,03
04021051;Merano;Bolzano;1;40.994;21,68;;;;7,07;6,57;4,48;44,64
04021052;Monguelfo-Tesido;Bolzano;1;2.887;10,72;;7,62;;2,86;0,50;;19,88
04021053;Montagna;Bolzano;1;1.702;15,29;;3,24;;0,57;1,99;;16,96
04021054;Moso in Passiria;Bolzano;1;2.040;3,17;;3,26;;1,54;4,12;;15,21
04021055;Nalles;Bolzano;1;2.134;8,45;;3,13;;2,99;4,58;;18,77
04021056;Naturno;Bolzano;1;6.080;9,11;;8,75;;1,17;0,21;;17,17
04021057;Naz-Sciaves;Bolzano;1;3.320;10,57;;5,85;;0,52;3,86;1,12;17,92
04021058;Nova Levante;Bolzano;1;2.033;11,57;;6,97;;0,72;0,47;;17,79
04021059;Nova Ponente;Bolzano;1;4.068;14,96;;6,64;;8,52;0,69;;26,04
04021060;Ora;Bolzano;1;3.912;14,59;;2,44;;1,56;0,34;0,64;19,54
04021061;Ortisei;Bolzano;1;4.875;10,62;;1,03;;2,88;1,59;;14,55
04021062;Parcines;Bolzano;1;3.903;;;10,75;;3,05;0,15;0,66;14,67
04021063;Perca;Bolzano;1;1.659;15,39;;13,06;;4,88;1,49;;22,71
04021064;Plaus;Bolzano;1;739;12,07;;3,53;;0,28;0,55;1,07;15,29
04021065;Ponte Gardena;Bolzano;1;204;5,94;;3,87;;;0,01;;8,69
04021066;Postal;Bolzano;1;1.996;9,70;;7,03;;3,41;1,81;;20,72
04021067;Prato allo Stelvio;Bolzano;1;3.703;13,43;;1,39;;1,14;0,03;;12,03
04021068;Predoi;Bolzano;1;528;3,89;;3,53;;3,68;0,34;;33,01
04021069;Proves;Bolzano;1;258;6,38;;;;2,01;9,09;;16,72
04021070;Racines;Bolzano;1;4.625;11,05;;9,58;;0,73;0,24;0,84;19,44
04021071;Rasun-Anterselva;Bolzano;1;2.924;8,22;;5,08;;0,33;4,28;;17,07
04021072;Renon;Bolzano;1;8.067;7,51;;6,61;;1,32;3,26;1,34;16,99
04021073;Rifiano;Bolzano;1;1.358;9,95;;9,53;;0,72;0,87;;19,33
04021074;Rio di Pusteria;Bolzano;1;3.206;13,29;;5,07;;5,81;1,33;0,04;20,14
04021075;Rodengo;Bolzano;1;1.256;16,81;;2,49;;5,40;0,78;;19,80
04021076;Salorno;Bolzano;1;3.778;11,88;;7,48;;1,75;2,53;;16,39
04021077;San Candido;Bolzano;1;3.451;16,07;;6,89;;3,87;4,35;;29,70
04021079;San Genesio Atesino;Bolzano;1;3.057;12,47;;5,42;;2,32;0,77;0,01;14,94
04021080;San Leonardo in Passiria;Bolzano;1;3.604;8,02;;8,17;;1,12;2,36;;19,07
04021081;San Lorenzo di Sebato;Bolzano;1;3.868;8,15;;10,72;;1,56;1,74;;19,47
04021082;San Martino in Badia;Bolzano;1;1.747;5,82;;4,22;;;1,16;0,42;11,23
04021083;San Martino in Passiria;Bolzano;1;3.222;8,49;;5,40;;0,30;2,05;;16,81
04021084;San Pancrazio;Bolzano;1;1.516;16,09;;8,39;;0,91;2,17;;24,05
04021086;Sarentino;Bolzano;1;7.168;23,26;;;;2,33;1,00;1,48;27,98
04021087;Scena;Bolzano;1;3.076;7,59;;7,10;;;4,42;;14,90
04021088;Selva dei Molini;Bolzano;1;1.395;6,05;;4,13;;0,32;3,19;;14,65
04021089;Selva di Val Gardena;Bolzano;1;2.738;4,78;;5,46;;0,35;2,87;;11,28
04021091;Senales;Bolzano;1;1.287;8,46;;11,08;;0,70;6,61;0,90;23,35
04021118;Senale-San Felice;Bolzano;1;779;8,32;;0,21;;2,35;4,61;;16,37
04021092;Sesto;Bolzano;1;1.878;11,95;;14,87;;1,53;0,68;;28,20
04021093;Silandro;Bolzano;1;6.324;7,12;;12,14;;4,52;;;18,92
04021094;Sluderno;Bolzano;1;1.822;8,33;;1,22;;1,96;1,69;;20,37
04021095;Stelvio;Bolzano;1;1.181;14,28;;10,13;;;9,51;2,56;38,69
04021096;Terento;Bolzano;1;1.772;23,61;;5,51;;1,48;7,93;;20,53
04021097;Terlano;Bolzano;1;4.864;6,80;;9,72;;6,46;0,24;0,31;23,26
04021098;Termeno sulla strada del vino;Bolzano;1;3.439;8,30;;4,87;;0,73;2,82;;14,42
04021099;Tesimo;Bolzano;1;1.977;9,37;;2,08;;7,47;1,19;;20,67
04021100;Tires;Bolzano;1;1.002;10,51;;15,27;;1,08;1,17;;24,86
04021101;Tirolo;Bolzano;1;2.562;8,02;;3,25;;;9,53;0,20;19,81
04021102;Trodena nel parco naturale;Bolzano;1;1.042;8,46;;6,30;;0,28;7,19;;22,53
04021103;Tubre;Bolzano;1;961;14,16;;7,92;;3,65;0,54;;25,22
04021104;Ultimo;Bolzano;1;2.883;12,41;;6,92;;0,97;3,57;;22,90
04021105;Vadena;Bolzano;1;1.127;16,74;;11,63;;0,27;0,43;0,61;22,88
04021107;Val di Vizze;Bolzano;1;3.063;20,37;;6,34;;0,51;1,53;;18,40
04021106;Valdaora;Bolzano;1;3.191;11,63;;8,52;;0,74;1,14;2,57;19,36
04021108;Valle Aurina;Bolzano;1;5.997;26,44;;10,65;;2,52;0,87;;20,01
04021109;Valle di Casies;Bolzano;1;2.340;6,62;;6,16;;0,21;3,40;;14,41
04021110;Vandoies;Bolzano;1;3.296;13,96;;7,92;;1,94;0,74;;14,78
04021111;Varna;Bolzano;1;4.943;22,03;;7,22;;;0,09;0,16;22,31
04021116;Velturno;Bolzano;1;3.059;11,17;;5,49;;0,94;2,09;;18,36
04021112;Verano;Bolzano;1;980;9,37;;9,11;;1,10;3,72;1,50;22,54
04021113;Villabassa;Bolzano;1;1.574;8,29;;14,41;;;10,09;;34,11
04021114;Villandro;Bolzano;1;1.877;16,80;;7,52;;3,09;0,70;;20,33
04021115;Vipiteno;Bolzano;1;6.976;16,78;;9,64;;5,00;1,24;;23,75
03017001;Acquafredda;Brescia;1;1.522;18,27;;6,25;;1,15;5,06;1,15;19,24
03017002;Adro;Brescia;1;7.150;7,90;;11,77;;0,76;4,69;0,98;22,52
03017003;Agnosine;Brescia;1;1.618;12,42;;13,22;;2,16;4,85;5,35;35,12
03017004;Alfianello;Brescia;1;2.364;31,70;;14,46;;0,30;1,45;2,51;27,99
03017005;Anfo;Brescia;1;448;18,63;;14,42;;;10,29;6,93;43,46
03017006;Angolo Terme;Brescia;1;2.298;15,48;;18,01;;4,84;5,31;4,85;38,04
03017007;Artogne;Brescia;1;3.577;8,46;;15,54;;1,98;6,61;2,68;30,25
03017008;Azzano Mella;Brescia;1;3.397;26,02;;10,51;;0,30;6,88;2,29;27,03
03017009;Bagnolo Mella;Brescia;1;12.499;32,93;;9,01;;2,42;4,24;5,29;38,04
03017010;Bagolino;Brescia;1;3.747;10,66;;19,47;;;4,28;3,32;34,27
03017011;Barbariga;Brescia;1;2.328;10,87;;12,24;;3,03;5,73;1,12;27,03
03017012;Barghe;Brescia;1;1.133;22,63;;9,45;;1,72;3,69;3,57;26,56
03017014;Bedizzole;Brescia;1;12.277;9,06;;10,37;;1,15;2,16;1,58;22,46
03017015;Berlingo;Brescia;1;2.731;6,90;;11,52;;0,45;6,91;1,79;25,75
03017016;Berzo Demo;Brescia;1;1.527;21,56;;2,18;;2,83;6,39;2,20;23,53
03017017;Berzo Inferiore;Brescia;1;2.447;11,59;;15,68;;2,35;4,00;2,18;29,09
03017018;Bienno;Brescia;1;3.750;13,67;;12,57;;3,67;4,49;6,96;32,46
03017019;Bione;Brescia;1;1.312;15,97;;13,05;;1,00;3,88;4,77;37,26
03017020;Borgo San Giacomo;Brescia;1;5.334;9,57;;8,07;;1,36;2,44;1,21;19,94
03017021;Borgosatollo;Brescia;1;9.079;3,66;;7,93;;0,94;0,62;2,06;14,93
03017022;Borno;Brescia;1;2.480;16,05;;15,48;;4,02;2,98;1,83;29,86
03017023;Botticino;Brescia;1;10.678;10,06;;10,26;;1,28;4,42;1,70;22,63
03017024;Bovegno;Brescia;1;2.019;7,15;;18,54;;;2,50;3,15;25,11
03017025;Bovezzo;Brescia;1;7.337;8,66;;11,66;;4,83;2,90;3,75;27,40
03017026;Brandico;Brescia;1;1.754;22,30;;6,53;;0,27;8,68;1,50;25,43
03017027;Braone;Brescia;1;683;30,66;;13,99;;2,20;6,17;1,71;32,11
03017028;Breno;Brescia;1;4.635;20,42;;13,35;;0,94;2,62;4,42;28,24
03017029;Brescia;Brescia;1;196.850;11,69;;15,48;;7,39;2,68;4,39;36,70
03017030;Brione;Brescia;1;735;12,36;;11,54;;;3,73;1,57;23,58
03017031;Caino;Brescia;1;2.141;9,47;;18,27;;2,90;4,49;3,52;29,34
03017032;Calcinato;Brescia;1;12.936;7,13;;5,31;;0,71;9,11;2,64;22,79
03017033;Calvagese della Riviera;Brescia;1;3.645;10,41;;6,28;;0,42;11,48;3,90;28,44
03017034;Calvisano;Brescia;1;8.352;12,28;;14,35;;1,69;7,28;2,31;31,12
03017035;Capo di Ponte;Brescia;1;2.321;26,71;;16,68;;3,13;4,38;1,91;32,64
03017036;Capovalle;Brescia;1;344;9,42;;13,03;;3,31;2,99;4,71;28,48
03017037;Capriano del Colle;Brescia;1;4.623;15,19;;10,26;;1,39;2,06;4,03;26,83
03017038;Capriolo;Brescia;1;9.421;5,66;;8,63;;1,04;2,65;2,29;19,30
03017039;Carpenedolo;Brescia;1;13.000;7,14;;9,05;;1,44;6,32;6,07;26,73
03017040;Castegnato;Brescia;1;8.309;6,16;;9,26;;1,32;3,92;1,74;22,73
03017042;Castel Mella;Brescia;1;11.006;8,88;;9,13;;1,12;3,32;1,20;19,53
03017041;Castelcovati;Brescia;1;6.751;15,45;;4,64;;1,61;5,46;4,04;31,66
03017043;Castenedolo;Brescia;1;11.585;9,29;;11,64;;3,16;7,27;3,82;31,00
03017044;Casto;Brescia;1;1.623;16,79;;12,48;;0,50;2,06;3,96;26,20
03017045;Castrezzato;Brescia;1;7.467;8,96;;11,52;;0,59;1,62;3,69;21,89
03017046;Cazzago San Martino;Brescia;1;10.780;5,81;;8,66;;0,59;4,21;2,05;20,68
03017047;Cedegolo;Brescia;1;1.090;23,48;;19,30;;2,28;6,26;2,06;34,72
03017048;Cellatica;Brescia;1;4.869;12,77;;15,48;;1,60;3,52;8,69;36,10
03017049;Cerveno;Brescia;1;656;22,84;;15,03;;2,38;7,08;4,12;35,04
03017050;Ceto;Brescia;1;1.784;11,35;;16,41;;1,10;4,69;3,78;27,76
03017051;Cevo;Brescia;1;819;13,06;;19,00;;2,59;7,50;1,98;35,52
03017052;Chiari;Brescia;1;19.127;10,20;;9,43;;2,56;3,76;2,36;22,71
03017054;Cimbergo;Brescia;1;542;5,71;;19,26;;2,66;10,41;1,76;32,99
03017055;Cividate Camuno;Brescia;1;2.652;18,96;;13,19;;0,50;3,07;1,68;25,08
03017056;Coccaglio;Brescia;1;8.734;11,61;;9,10;;2,33;3,55;3,35;23,95
03017057;Collebeato;Brescia;1;4.475;12,29;;11,55;;2,24;7,37;2,94;31,32
03017058;Collio;Brescia;1;2.027;0,23;;35,74;;5,84;2,91;1,51;28,94
03017059;Cologne;Brescia;1;7.552;10,52;;11,31;;2,57;1,82;2,88;23,14
03017060;Comezzano-Cizzago;Brescia;1;4.011;6,13;;13,30;;0,97;2,89;3,63;29,31
03017061;Concesio;Brescia;1;15.585;6,10;;8,36;;3,44;3,39;4,55;29,05
03017062;Corte Franca;Brescia;1;7.139;4,72;;9,94;;1,37;2,09;2,40;20,36
03017063;Corteno Golgi;Brescia;1;1.913;10,71;;25,65;;2,44;4,69;2,28;33,84
03017064;Corzano;Brescia;1;1.430;6,83;;12,87;;0,34;1,66;6,37;35,91
03017065;Darfo Boario Terme;Brescia;1;15.557;13,90;;14,97;;1,27;2,10;3,09;33,23
03017067;Desenzano del Garda;Brescia;1;29.226;5,92;;6,36;;0,99;11,61;2,68;27,58
03017068;Edolo;Brescia;1;4.408;13,26;;13,50;;2,55;1,82;3,05;26,62
03017070;Esine;Brescia;1;5.119;11,03;;12,45;;2,34;3,95;4,33;29,49
03017071;Fiesse;Brescia;1;2.010;13,64;;9,54;;2,88;4,45;1,56;24,15
03017072;Flero;Brescia;1;8.866;11,49;;11,57;;1,61;3,73;2,91;23,79
03017073;Gambara;Brescia;1;4.506;7,09;;7,35;;0,34;2,68;0,88;16,60
03017074;Gardone Riviera;Brescia;1;2.626;13,05;;9,36;;3,52;22,48;4,08;46,61
03017075;Gardone Val Trompia;Brescia;1;11.355;16,88;;17,59;;4,28;7,16;4,86;52,29
03017076;Gargnano;Brescia;1;2.744;6,20;;7,97;;1,12;13,93;5,28;34,08
03017077;Gavardo;Brescia;1;12.202;16,56;;11,57;;2,73;4,84;3,27;32,65
03017078;Ghedi;Brescia;1;18.496;6,55;;9,42;;2,48;7,01;1,81;26,48
03017079;Gianico;Brescia;1;2.115;23,46;;14,05;;0,51;3,52;2,02;26,11
03017080;Gottolengo;Brescia;1;4.935;9,19;;10,79;;1,63;0,78;1,72;20,10
03017081;Gussago;Brescia;1;16.452;6,05;;7,67;;1,31;2,94;2,44;22,17
03017082;Idro;Brescia;1;1.865;16,03;;18,68;;1,75;2,76;5,80;37,18
03017083;Incudine;Brescia;1;344;11,98;;14,14;;15,68;14,82;2,43;52,46
03017084;Irma;Brescia;1;136;8,55;;32,42;;;15,62;7,90;51,22
03017085;Iseo;Brescia;1;8.938;9,24;;12,14;;5,31;1,40;3,29;27,12
03017086;Isorella;Brescia;1;4.038;8,62;;11,60;;0,65;5,29;2,53;25,61
03017087;Lavenone;Brescia;1;487;15,69;;20,52;;;6,46;9,92;45,06
03017088;Leno;Brescia;1;14.231;17,06;;4,95;;2,97;3,71;6,18;23,72
03017089;Limone sul Garda;Brescia;1;1.168;5,57;;7,01;;1,96;13,16;1,97;28,80
03017090;Lodrino;Brescia;1;1.624;7,17;;20,03;;0,18;7,20;2,58;30,66
03017091;Lograto;Brescia;1;3.821;4,01;;10,70;;1,19;2,29;4,06;23,19
03017092;Lonato del Garda;Brescia;1;16.886;15,81;;4,83;;0,76;10,11;3,74;26,27
03017094;Losine;Brescia;1;626;45,91;;14,56;;0,68;9,25;1,91;36,56
03017095;Lozio;Brescia;1;354;9,80;;24,25;;0,80;9,38;2,52;39,43
03017096;Lumezzane;Brescia;1;21.424;5,03;;10,45;;2,72;5,45;4,78;29,66
03017097;Maclodio;Brescia;1;1.477;9,39;;7,20;;2,51;1,67;2,15;22,48
03017098;Magasa;Brescia;1;107;10,61;;5,08;;;15,18;1,56;27,48
03017099;Mairano;Brescia;1;3.489;13,09;;13,60;;1,59;3,76;5,48;38,72
03017100;Malegno;Brescia;1;1.960;14,74;;15,36;;1,66;5,46;3,77;32,01
03017101;Malonno;Brescia;1;3.023;9,44;;15,81;;4,06;3,04;2,11;28,13
03017102;Manerba del Garda;Brescia;1;5.447;8,34;;6,37;;1,82;12,11;3,24;29,53
03017103;Manerbio;Brescia;1;13.382;4,78;;6,38;;0,46;9,33;2,72;24,25
03017104;Marcheno;Brescia;1;4.187;7,17;;11,57;;1,33;6,39;4,76;28,49
03017106;Marone;Brescia;1;3.108;15,31;;13,11;;1,86;2,81;2,65;32,39
03017107;Mazzano;Brescia;1;12.516;0,58;;12,66;;2,51;4,31;4,09;25,66
03017108;Milzano;Brescia;1;1.739;19,25;;14,74;;1,00;0,71;2,57;26,54
03017109;Moniga del Garda;Brescia;1;2.608;7,22;;8,17;;2,87;11,96;2,13;30,41
03017110;Monno;Brescia;1;515;16,75;;24,44;;3,82;8,43;2,11;43,00
03017111;Monte Isola;Brescia;1;1.628;8,48;;18,41;;4,27;0,70;3,74;33,49
03017112;Monticelli Brusati;Brescia;1;4.570;6,60;;17,20;;;8,15;4,61;42,88
03017113;Montichiari;Brescia;1;26.150;8,01;;8,08;;2,15;5,81;1,43;22,59
03017114;Montirone;Brescia;1;5.067;13,06;;10,72;;1,53;7,21;2,26;27,00
03017115;Mura;Brescia;1;773;11,61;;18,89;;10,84;5,26;10,76;56,45
03017116;Muscoline;Brescia;1;2.676;12,66;;9,31;;0,65;4,06;5,34;28,37
03017117;Nave;Brescia;1;10.630;5,04;;10,66;;3,74;3,28;3,94;28,68
03017118;Niardo;Brescia;1;1.967;26,06;;12,48;;0,46;5,50;1,96;27,17
03017119;Nuvolento;Brescia;1;3.864;9,60;;13,42;;4,05;5,46;6,49;33,40
03017120;Nuvolera;Brescia;1;4.693;8,74;;11,49;;3,13;5,39;7,58;31,77
03017121;Odolo;Brescia;1;1.917;12,97;;12,55;;0,45;6,33;6,60;33,37
03017122;Offlaga;Brescia;1;4.098;9,09;;10,12;;0,23;1,24;3,46;25,36
03017123;Ome;Brescia;1;3.146;3,61;;18,22;;0,86;1,94;2,44;21,54
03017124;Ono San Pietro;Brescia;1;966;36,00;;16,20;;2,94;7,85;2,39;38,55
03017125;Orzinuovi;Brescia;1;12.373;6,98;;11,37;;3,33;1,41;1,52;23,31
03017126;Orzivecchi;Brescia;1;2.416;5,88;;12,40;;1,87;1,35;1,71;22,99
03017127;Ospitaletto;Brescia;1;14.637;3,74;;5,52;;1,57;5,51;2,58;17,66
03017128;Ossimo;Brescia;1;1.450;23,86;;17,09;;2,30;5,91;4,45;36,66
03017129;Padenghe sul Garda;Brescia;1;4.761;8,76;;7,06;;4,67;12,02;13,43;43,74
03017130;Paderno Franciacorta;Brescia;1;3.612;6,23;;10,21;;0,85;5,05;2,52;25,74
03017131;Paisco Loveno;Brescia;1;176;16,79;;17,40;;;29,67;3,49;58,73
03017132;Paitone;Brescia;1;2.169;17,65;;11,15;;;8,45;6,06;38,87
03017133;Palazzolo sull'Oglio;Brescia;1;19.895;9,46;;9,27;;2,69;;1,94;18,99
03017134;Paratico;Brescia;1;4.880;8,37;;14,18;;2,40;2,71;4,54;29,22
03017135;Paspardo;Brescia;1;578;6,85;;19,91;;1,29;8,07;2,05;31,36
03017136;Passirano;Brescia;1;6.894;8,28;;9,47;;1,04;4,22;1,68;21,42
03017137;Pavone del Mella;Brescia;1;2.726;5,54;;11,66;;0,72;2,08;1,92;22,05
03017139;Pertica Alta;Brescia;1;559;11,83;;10,95;;4,83;7,83;6,58;43,22
03017140;Pertica Bassa;Brescia;1;575;8,26;;9,87;;;5,87;5,66;29,49
03017141;Pezzaze;Brescia;1;1.442;4,19;;18,60;;;3,96;3,11;25,13
03017142;Pian Camuno;Brescia;1;4.707;15,10;;13,31;;1,31;2,32;2,50;26,73
03017206;Piancogno;Brescia;1;4.708;14,88;;15,38;;0,86;3,57;1,96;26,75
03017143;Pisogne;Brescia;1;7.821;7,28;;9,12;;2,77;0,95;5,52;23,35
03017144;Polaveno;Brescia;1;2.469;12,94;;12,44;;0,76;5,00;1,23;23,72
03017145;Polpenazze del Garda;Brescia;1;2.700;7,74;;9,87;;0,24;14,04;4,11;33,44
03017146;Pompiano;Brescia;1;3.740;9,97;;8,33;;0,35;5,40;4,39;23,79
03017147;Poncarale;Brescia;1;5.165;12,56;;11,88;;2,02;3,50;4,52;27,98
03017148;Ponte di Legno;Brescia;1;1.761;13,10;;13,91;;9,84;5,25;6,79;42,62
03017149;Pontevico;Brescia;1;7.027;4,79;;3,61;;0,50;8,47;1,03;18,53
03017150;Pontoglio;Brescia;1;6.874;17,05;;13,87;;2,78;4,15;5,01;40,09
03017151;Pozzolengo;Brescia;1;3.554;4,77;;6,25;;1,64;11,40;2,66;26,37
03017152;Pralboino;Brescia;1;2.834;10,05;;9,30;;0,51;3,36;0,79;19,59
03017153;Preseglie;Brescia;1;1.469;16,48;;13,00;;0,09;3,41;3,97;34,19
03017155;Prevalle;Brescia;1;6.818;10,44;;9,30;;0,46;4,27;1,12;19,51
03017156;Provaglio d'Iseo;Brescia;1;7.159;9,12;;10,07;;0,25;6,03;1,01;21,86
03017157;Provaglio Val Sabbia;Brescia;1;884;7,24;;9,53;;4,92;4,28;5,05;31,42
03017158;Puegnago sul Garda;Brescia;1;3.462;4,30;;4,76;;0,40;8,54;6,90;25,80
03017159;Quinzano d'Oglio;Brescia;1;6.175;22,54;;7,82;;1,63;1,58;1,85;20,66
03017160;Remedello;Brescia;1;3.353;21,83;;12,15;;2,43;8,32;3,16;33,55
03017161;Rezzato;Brescia;1;13.339;8,26;;15,65;;2,64;3,28;1,43;27,68
03017162;Roccafranca;Brescia;1;4.824;3,81;;8,66;;1,49;2,61;1,93;18,66
03017163;Rodengo Saiano;Brescia;1;9.799;6,01;;12,66;;1,87;2,44;2,33;29,01
03017164;Roe Volciano;Brescia;1;4.354;23,99;;12,71;;0,38;4,32;5,73;36,16
03017165;Roncadelle;Brescia;1;9.279;4,71;;11,23;;1,83;3,58;2,21;22,56
03017166;Rovato;Brescia;1;19.267;4,75;;9,93;;2,91;2,98;1,85;22,97
03017167;Rudiano;Brescia;1;5.859;25,73;;6,39;;1,22;10,54;3,68;30,90
03017168;Sabbio Chiese;Brescia;1;3.915;11,54;;12,18;;1,54;3,65;2,68;26,68
03017169;Sale Marasino;Brescia;1;3.281;16,43;;10,89;;2,72;3,01;2,52;26,39
03017170;Salo;Brescia;1;10.445;9,88;;6,90;;1,89;13,68;2,03;30,50
03017171;San Felice del Benaco;Brescia;1;3.478;7,93;;7,44;;0,85;14,68;4,59;34,18
03017172;San Gervasio Bresciano;Brescia;1;2.667;19,55;;11,24;;0,03;1,96;2,93;26,00
03017138;San Paolo;Brescia;1;4.436;6,56;;7,77;;2,22;2,51;1,86;18,85
03017173;San Zeno Naviglio;Brescia;1;4.733;4,16;;9,85;;2,77;4,85;2,87;27,42
03017174;Sarezzo;Brescia;1;13.153;7,08;;10,93;;2,84;4,01;3,31;25,51
03017175;Saviore dell'Adamello;Brescia;1;802;10,27;;31,72;;4,05;9,97;2,51;43,98
03017176;Sellero;Brescia;1;1.397;14,00;;21,72;;2,53;6,07;1,94;35,38
03017178;Serle;Brescia;1;3.038;23,13;;16,06;;;4,48;0,81;28,70
03017179;Sirmione;Brescia;1;8.351;7,40;;6,33;;4,28;4,04;2,96;23,76
03017180;Soiano del Lago;Brescia;1;1.930;6,54;;8,94;;0,35;14,70;1,73;31,05
03017181;Sonico;Brescia;1;1.207;17,74;;15,29;;3,66;4,82;2,17;31,57
03017182;Sulzano;Brescia;1;1.933;12,14;;16,69;;2,07;2,76;2,78;34,64
03017184;Temu;Brescia;1;1.105;10,08;;15,81;;3,28;3,34;2,27;29,34
03017185;Tignale;Brescia;1;1.163;6,58;;8,61;;4,88;14,25;1,65;34,94
03017186;Torbole Casaglia;Brescia;1;6.432;5,39;;10,28;;0,23;4,86;1,49;21,17
03017187;Toscolano-Maderno;Brescia;1;7.473;9,69;;6,90;;1,39;15,57;3,13;33,08
03017188;Travagliato;Brescia;1;13.723;3,48;;9,27;;1,95;6,17;0,34;20,73
03017189;Tremosine sul Garda;Brescia;1;2.044;6,86;;7,04;;1,81;12,73;2,14;31,59
03017190;Trenzano;Brescia;1;5.465;13,12;;8,68;;2,56;6,27;5,99;27,10
03017191;Treviso Bresciano;Brescia;1;511;11,92;;8,70;;;10,47;8,62;40,33
03017192;Urago d'Oglio;Brescia;1;3.713;31,20;;19,51;;1,24;4,03;4,07;47,04
03017193;Vallio Terme;Brescia;1;1.408;47,22;;10,72;;0,14;4,12;8,41;40,62
03017194;Valvestino;Brescia;1;173;10,11;;5,30;;3,21;14,15;1,65;32,12
03017195;Verolanuova;Brescia;1;8.050;1,95;;6,24;;0,69;7,93;0,90;19,11
03017197;Vestone;Brescia;1;4.174;18,32;;12,77;;0,04;3,73;5,26;32,96
03017198;Vezza d'Oglio;Brescia;1;1.474;13,95;;14,13;;3,24;4,90;1,78;30,03
03017199;Villa Carcina;Brescia;1;10.690;8,44;;16,28;;1,23;4,45;2,56;33,77
03017200;Villachiara;Brescia;1;1.356;13,65;;11,61;;2,03;4,98;3,92;26,82
03017201;Villanuova sul Clisi;Brescia;1;5.822;18,16;;10,60;;1,54;3,68;3,52;28,79
03017202;Vione;Brescia;1;622;24,69;;18,12;;9,93;10,02;3,27;54,00
03017203;Visano;Brescia;1;1.987;11,83;;9,82;;1,92;6,03;4,49;29,10
03017204;Vobarno;Brescia;1;8.259;19,79;;10,74;;0,55;2,81;5,34;30,81
03017205;Zone;Brescia;1;1.031;17,06;;20,26;;;5,99;3,30;40,60
16074001;Brindisi;Brindisi;1;83.169;9,72;;28,86;;8,71;12,25;;48,56
16074002;Carovigno;Brindisi;1;16.784;6,39;;18,37;;4,85;0,81;;30,71
16074004;Cellino San Marco;Brindisi;1;6.134;31,05;;7,68;;4,28;4,91;5,90;47,54
16074005;Cisternino;Brindisi;1;11.216;28,47;;18,38;;5,82;3,87;2,46;41,07
16074007;Fasano;Brindisi;1;38.800;13,38;;16,87;;2,03;12,37;4,23;48,43
16074008;Francavilla Fontana;Brindisi;1;35.135;8,94;;15,14;;3,92;22,32;7,51;57,43
16074010;Mesagne;Brindisi;1;25.986;38,75;;10,09;;4,68;1,31;0,54;36,28
16074013;San Donaci;Brindisi;1;6.214;12,85;;27,94;;8,59;4,32;4,58;60,23
16074016;San Pietro Vernotico;Brindisi;1;13.110;9,12;;25,47;;3,77;5,65;0,55;45,02
16074018;Torchiarolo;Brindisi;1;5.211;8,33;;21,45;;7,19;5,58;1,42;46,25
16074019;Torre Santa Susanna;Brindisi;1;10.115;11,04;;13,05;;5,41;10,88;1,12;41,60
20092003;Assemini;Cagliari [fino 2024];1;25.944;29,11;;19,96;;4,66;4,67;4,20;51,96
20092009;Cagliari;Cagliari [fino 2024];1;148.881;20,99;;23,80;;12,32;6,01;12,14;65,16
20092015;Decimomannu;Cagliari [fino 2024];1;8.293;8,06;;6,16;;1,73;13,47;;31,87
20092108;Elmas;Cagliari [fino 2024];1;9.358;11,76;;15,63;;3,96;5,06;2,23;28,18
20092037;Maracalagonis;Cagliari [fino 2024];1;7.873;28,89;;24,31;;4,41;3,81;5,88;47,17
20092109;Monserrato;Cagliari [fino 2024];1;19.037;16,00;;16,85;;8,05;4,22;4,20;41,25
20092050;Pula;Cagliari [fino 2024];1;7.054;21,88;;21,87;;4,80;13,31;2,53;42,51
20092105;Quartucciu;Cagliari [fino 2024];1;12.756;6,85;;16,03;;6,16;5,81;2,49;35,29
20092066;Sarroch;Cagliari [fino 2024];1;5.033;7,28;;28,28;;6,44;9,67;7,67;56,03
20092074;Sestu;Cagliari [fino 2024];1;20.676;12,23;;13,74;;4,12;5,86;2,09;36,78
20092080;Sinnai;Cagliari [fino 2024];1;17.172;9,71;;18,64;;5,50;2,76;1,61;34,81
20092090;Uta;Cagliari [fino 2024];1;8.596;16,56;;14,81;;1,61;2,00;3,43;33,71
20092099;Villa San Pietro;Cagliari [fino 2024];1;2.155;11,55;;8,25;;1,93;11,60;2,67;33,64
19085003;Butera;Caltanissetta;1;4.163;81,45;;11,65;;8,74;15,68;;63,83
19085004;Caltanissetta - Dato aggregazione SOCIETA' REGOLAMENTAZIONE RIFIUTI CALTANISSETTA PROVINCIA NORD;Caltanissetta;15;117.693;14,92;;19,99;;3,97;7,04;1,86;43,23
19085007;Gela;Caltanissetta;1;71.708;25,27;;10,39;;3,92;0,01;1,26;22,01
19085015;Riesi;Caltanissetta;1;10.532;13,33;;13,33;;10,36;2,90;1,07;34,72
14070001;Acquaviva Collecroce;Campobasso;1;583;37,78;;36,54;;6,86;2,14;2,78;53,76
14070002;Baranello;Campobasso;1;2.484;11,20;;;;0,15;0,45;;39,41
14070004;Bonefro;Campobasso;1;1.197;14,07;;;;4,67;1,76;;17,05
14070005;Busso;Campobasso;1;1.163;24,51;;18,47;;0,86;2,13;;34,72
14070006;Campobasso;Campobasso;1;47.334;6,05;;32,64;;3,46;5,77;3,18;38,65
14070007;Campochiaro;Campobasso;1;594;7,70;;25,24;;;11,26;0,59;32,66
14070008;Campodipietra;Campobasso;1;2.431;14,36;;10,11;;0,39;0,39;0,28;39,12
14070009;Campolieto;Campobasso;1;796;29,50;;8,75;;8,30;5,39;;40,28
14070012;Casalciprano;Campobasso;1;471;37,99;;42,62;;3,03;5,23;;56,78
14070013;Castelbottaccio;Campobasso;1;250;25,88;;19,96;;11,84;6,32;3,35;46,39
14070015;Castelmauro;Campobasso;1;1.217;99,52;;2,61;;17,67;2,25;;44,78
14070016;Castropignano;Campobasso;1;873;6,01;;12,65;;1,55;5,40;5,58;26,93
14070017;Cercemaggiore;Campobasso;1;3.589;17,97;;16,29;;4,05;3,93;0,47;32,12
14070018;Cercepiccola;Campobasso;1;610;23,40;;28,02;;6,87;12,30;;51,07
14070019;Civitacampomarano;Campobasso;1;305;8,50;;22,59;;2,42;16,96;4,52;49,74
14070020;Colle d'Anchise;Campobasso;1;731;6,64;;35,47;;6,93;11,30;;41,07
14070021;Colletorto;Campobasso;1;1.682;12,46;;11,24;;7,83;4,73;3,76;32,87
14070022;Duronia;Campobasso;1;393;25,46;;;;;3,45;9,00;37,73
14070023;Ferrazzano;Campobasso;1;3.189;34,57;;31,98;;3,33;2,59;6,47;51,23
14070024;Fossalto;Campobasso;1;1.171;5,67;;17,93;;9,58;2,65;6,61;40,94
14070026;Gildone;Campobasso;1;750;10,57;;9,63;;5,06;8,24;2,41;48,63
14070027;Guardialfiera;Campobasso;1;957;27,66;;2,40;;5,52;4,06;3,68;30,49
14070028;Guardiaregia;Campobasso;1;712;2,95;;7,10;;3,64;15,02;6,88;66,12
14070030;Jelsi;Campobasso;1;1.628;8,94;;10,24;;4,26;9,25;0,11;44,09
14070031;Larino - Dato aggregazione UNIONE DEI COMUNI DEL BASSO BIFERNO;Campobasso;9;35.855;9,11;;21,11;;;1,70;2,92;27,41
14070032;Limosano;Campobasso;1;698;17,16;;;;0,54;9,28;7,29;77,05
14070033;Lucito;Campobasso;1;628;6,03;;7,26;;7,31;2,39;;22,93
14070034;Lupara;Campobasso;1;414;15,64;;14,03;;5,18;3,70;9,61;50,29
14070035;Macchia Valfortore;Campobasso;1;490;93,31;;;;;12,49;0,99;64,19
14070036;Mafalda;Campobasso;1;1.090;15,88;;32,84;;1,21;4,87;;36,32
14070037;Matrice;Campobasso;1;1.048;22,93;;23,02;;6,46;;;29,46
14070038;Mirabello Sannitico;Campobasso;1;2.029;;;32,83;;2,07;8,91;6,79;52,90
14070039;Molise;Campobasso;1;157;6,44;;;;;5,79;5,19;17,63
14070040;Monacilioni;Campobasso;1;476;11,09;;7,50;;5,81;19,20;;41,11
14070043;Montefalcone nel Sannio;Campobasso;1;1.386;35,89;;23,72;;2,43;5,44;0,72;38,96
14070044;Montelongo;Campobasso;1;316;;;67,30;;;3,16;0,54;42,45
14070045;Montemitro;Campobasso;1;299;45,03;;21,66;;13,85;28,48;3,55;81,77
14070047;Montorio nei Frentani;Campobasso;1;362;43,12;;51,89;;;10,03;4,21;68,02
14070048;Morrone del Sannio;Campobasso;1;531;;;41,96;;;0,80;0,30;32,24
14070049;Oratino;Campobasso;1;1.610;35,44;;15,55;;2,75;2,94;;37,75
14070050;Palata;Campobasso;1;1.563;8,27;;13,90;;2,11;2,83;0,22;24,10
14070052;Petrella Tifernina;Campobasso;1;1.040;2,46;;13,99;;2,22;4,59;;22,70
14070053;Pietracatella;Campobasso;1;1.243;11,99;;18,39;;1,31;6,82;;32,76
14070056;Provvidenti;Campobasso;1;105;;;74,80;;;4,72;0,56;58,38
14070057;Riccia;Campobasso;1;4.897;14,47;;24,13;;2,85;5,40;3,41;42,30
14070058;Ripabottoni;Campobasso;1;450;46,70;;;;4,00;7,18;;45,29
14070060;Roccavivara;Campobasso;1;636;33,94;;;;1,84;15,24;;34,43
14070061;Rotello;Campobasso;1;1.109;16,70;;17,70;;0,71;9,46;1,41;33,06
14070063;San Biase;Campobasso;1;133;156,10;;;;38,35;24,34;;126,73
14070066;San Giovanni in Galdo;Campobasso;1;537;19,95;;18,89;;;4,38;0,68;68,19
14070067;San Giuliano del Sannio;Campobasso;1;952;17,45;;24,66;;5,58;4,44;;38,43
14070068;San Giuliano di Puglia;Campobasso;1;965;;;21,43;;0,69;1,09;;20,33
14070069;San Martino in Pensilis;Campobasso;1;4.530;20,64;;17,58;;3,92;3,99;0,60;33,62
14070071;San Polo Matese;Campobasso;1;474;4,65;;64,01;;;4,60;1,67;30,89
14070072;Santa Croce di Magliano;Campobasso;1;3.967;12,96;;17,19;;4,99;4,59;0,73;37,49
14070073;Sant'Angelo Limosano;Campobasso;1;317;26,74;;14,91;;5,90;29,58;2,97;62,94
14070074;Sant'Elia a Pianisi;Campobasso;1;1.569;11,65;;26,69;;4,35;7,53;;38,08
14070076;Spinete;Campobasso;1;1.183;8,67;;27,50;;1,79;1,79;;32,72
14070077;Tavenna;Campobasso;1;599;50,53;;7,74;;0,31;9,75;;43,12
14070078;Termoli;Campobasso;1;32.351;7,50;;16,69;;4,57;3,94;4,58;34,16
14070080;Toro;Campobasso;1;1.238;3,15;;6,36;;7,16;9,12;1,44;31,16
14070081;Trivento;Campobasso;1;4.428;10,88;;20,17;;4,67;4,45;1,22;40,58
14070082;Tufara;Campobasso;1;795;24,96;;13,84;;2,85;18,54;;47,10
14070084;Vinchiaturo;Campobasso;1;3.282;6,34;;25,39;;2,75;0,26;;28,74
15061001;Ailano;Caserta;1;1.207;21,65;;30,46;;2,13;3,36;8,31;52,19
15061003;Alvignano;Caserta;1;4.512;10,88;;28,55;;0,80;0,72;5,10;43,04
15061005;Aversa;Caserta;1;50.221;18,36;;21,72;;4,87;2,13;6,45;49,98
15061006;Baia e Latina;Caserta;1;2.026;19,06;;19,28;;4,16;2,31;;36,55
15061007;Bellona;Caserta;1;5.939;23,72;;14,93;;0,73;3,89;0,55;42,65
15061009;Caiazzo;Caserta;1;5.166;23,46;;21,08;;;0,93;;33,74
15061011;Camigliano;Caserta;1;1.980;16,81;;;;1,47;2,05;5,58;28,34
15061012;Cancello ed Arnone;Caserta;1;5.467;13,55;;15,47;;8,78;2,34;;39,20
15061013;Capodrise;Caserta;1;10.059;42,40;;7,55;;3,87;2,71;0,86;35,51
15061014;Capriati a Volturno;Caserta;1;1.468;10,19;;5,30;;14,87;5,80;14,31;54,35
15061015;Capua;Caserta;1;17.573;19,12;;23,87;;5,20;5,33;3,40;48,76
15061016;Carinaro;Caserta;1;7.130;11,81;;13,83;;1,92;1,16;3,71;31,32
15061018;Casagiove;Caserta;1;12.993;65,62;;0,39;;0,05;0,29;3,10;42,99
15061019;Casal di Principe;Caserta;1;21.115;15,88;;8,88;;3,06;1,15;0,78;30,98
15061103;Casapesenna;Caserta;1;6.772;8,16;;15,97;;3,67;2,81;0,31;33,37
15061021;Casapulla;Caserta;1;8.301;58,23;;;;7,57;1,69;2,69;48,13
15061022;Caserta;Caserta;1;73.068;11,20;;;;6,87;5,79;15,85;50,13
15061023;Castel Campagnano;Caserta;1;1.473;13,36;;27,88;;2,46;5,58;10,51;56,73
15061024;Castel di Sasso;Caserta;1;1.046;13,90;;35,50;;;4,90;;41,70
15061026;Castel Morrone;Caserta;1;3.620;55,27;;;;0,64;6,57;0,90;39,07
15061027;Castel Volturno;Caserta;1;27.695;21,88;;11,34;;2,27;3,47;;40,34
15061025;Castello del Matese;Caserta;1;1.400;;;13,48;;2,05;4,00;;32,75
15061028;Cervino;Caserta;1;4.776;81,56;;12,08;;6,45;0,36;3,73;52,87
15061029;Cesa;Caserta;1;9.369;27,07;;;;2,91;4,05;3,32;32,74
15061030;Ciorlano;Caserta;1;371;26,65;;30,37;;1,56;2,54;1,96;52,97
15061031;Conca della Campania;Caserta;1;1.166;35,68;;27,28;;;2,77;14,11;57,92
15061032;Curti;Caserta;1;6.684;13,07;;12,19;;1,96;6,76;2,28;39,24
15061033;Dragoni;Caserta;1;1.957;45,02;;8,78;;1,20;3,69;3,67;45,65
15061101;Falciano del Massico;Caserta;1;3.344;66,68;;;;7,72;0,65;0,14;47,43
15061035;Formicola;Caserta;1;1.371;34,63;;10,65;;;2,43;;34,32
15061036;Francolise;Caserta;1;4.613;10,56;;9,97;;5,38;1,65;0,93;30,14
15061037;Frignano;Caserta;1;8.878;5,50;;14,84;;2,10;2,67;13,16;44,97
15061039;Galluccio;Caserta;1;2.011;21,16;;24,42;;2,63;5,99;4,13;47,61
15061041;Gioia Sannitica;Caserta;1;3.284;8,95;;0,80;;;1,35;7,63;22,77
15061044;Letino;Caserta;1;640;10,72;;5,73;;;12,10;2,60;36,08
15061046;Lusciano;Caserta;1;15.687;19,34;;17,05;;1,99;1,73;;36,34
15061047;Macerata Campania;Caserta;1;9.961;8,06;;12,42;;5,06;2,42;2,23;36,61
15061048;Maddaloni;Caserta;1;36.942;12,61;;30,31;;8,90;0,45;0,23;43,78
15061049;Marcianise;Caserta;1;38.476;9,93;;13,49;;2,94;8,38;1,38;44,36
15061050;Marzano Appio;Caserta;1;1.983;21,85;;42,85;;2,31;1,14;14,00;64,10
15061052;Mondragone;Caserta;1;28.373;9,45;;22,12;;3,83;0,91;;36,15
15061053;Orta di Atella;Caserta;1;27.113;6,60;;39,75;;6,64;4,74;4,64;50,35
15061054;Parete;Caserta;1;12.099;39,51;;8,46;;0,82;1,94;;35,88
15061055;Pastorano;Caserta;1;2.915;21,36;;20,35;;0,91;0,44;;23,41
15061057;Piedimonte Matese;Caserta;1;10.282;53,72;;19,82;;8,17;1,19;8,40;62,70
15061058;Pietramelara;Caserta;1;4.475;;;;;;3,17;2,79;19,68
15061059;Pietravairano;Caserta;1;2.856;7,37;;6,14;;0,19;2,08;;23,89
15061060;Pignataro Maggiore;Caserta;1;5.735;;;;;;1,78;;16,66
15061061;Pontelatone;Caserta;1;1.523;22,48;;17,13;;2,64;1,28;5,54;42,46
15061062;Portico di Caserta;Caserta;1;7.733;28,21;;8,34;;;2,61;;32,30
15061063;Prata Sannita;Caserta;1;1.371;27,37;;38,00;;0,80;4,74;0,18;54,44
15061064;Pratella;Caserta;1;1.430;6,57;;22,72;;0,66;2,23;6,03;28,80
15061066;Raviscanina;Caserta;1;1.180;6,44;;3,53;;;17,37;;31,15
15061067;Recale;Caserta;1;7.583;9,56;;18,79;;1,81;1,49;2,51;35,66
15061068;Riardo;Caserta;1;2.228;;;;;;22,82;;39,46
15061070;Roccamonfina;Caserta;1;3.182;36,94;;18,51;;3,50;12,48;2,18;53,98
15061071;Roccaromana;Caserta;1;839;17,21;;36,38;;5,11;3,98;1,38;50,92
15061072;Rocchetta e Croce;Caserta;1;451;155,37;;13,23;;;10,71;18,54;101,93
15061074;San Cipriano d'Aversa;Caserta;1;13.049;8,15;;17,53;;1,60;1,43;0,17;29,51
15061075;San Felice a Cancello;Caserta;1;16.824;23,15;;19,13;;2,18;6,01;1,66;47,64
15061076;San Gregorio Matese;Caserta;1;887;34,23;;24,02;;;;3,70;43,23
15061077;San Marcellino;Caserta;1;14.399;5,83;;20,25;;2,53;4,05;2,54;34,95
15061104;San Marco Evangelista;Caserta;1;6.421;11,96;;26,42;;2,71;4,17;4,81;47,67
15061078;San Nicola la Strada;Caserta;1;22.073;7,21;;37,97;;3,92;1,18;3,23;45,47
15061081;San Prisco;Caserta;1;11.946;9,87;;20,18;;3,99;1,56;1,27;41,56
15061085;San Tammaro;Caserta;1;5.668;8,05;;16,62;;2,23;0,83;3,32;32,62
15061082;Santa Maria a Vico;Caserta;1;14.106;59,31;;6,29;;5,63;2,03;0,31;35,84
15061083;Santa Maria Capua Vetere;Caserta;1;31.930;11,03;;35,72;;4,94;2,89;2,32;45,51
15061084;Santa Maria la Fossa;Caserta;1;2.525;12,37;;21,02;;3,05;5,69;6,29;39,80
15061086;Sant'Angelo d'Alife;Caserta;1;2.077;11,64;;18,04;;1,50;12,17;;40,77
15061087;Sant'Arpino;Caserta;1;14.922;15,41;;;;3,23;9,19;;32,85
15061088;Sessa Aurunca;Caserta;1;20.279;20,48;;26,14;;4,79;20,29;;60,18
15061092;Teverola;Caserta;1;14.523;6,46;;12,45;;2,53;0,66;;26,57
15061093;Tora e Piccilli;Caserta;1;786;11,11;;36,89;;2,31;13,26;1,64;55,23
15061094;Trentola-Ducenta;Caserta;1;20.087;;;18,48;;0,45;1,91;;30,99
15061098;Villa di Briano;Caserta;1;7.267;17,23;;2,40;;2,18;3,23;1,55;30,33
15061099;Villa Literno;Caserta;1;12.078;16,52;;;;2,21;0,13;;30,77
15061100;Vitulazio;Caserta;1;7.581;10,22;;25,40;;5,03;0,65;;24,62
19087001;Aci Bonaccorsi;Catania;1;3.490;20,80;;13,63;;2,87;2,16;;29,62
19087002;Aci Castello;Catania;1;17.890;7,76;;27,01;;11,42;9,37;10,88;58,92
19087005;Aci Sant'Antonio;Catania;1;17.864;5,58;;21,82;;2,86;3,83;;31,68
19087004;Acireale;Catania;1;50.417;35,62;;13,55;;5,52;2,17;6,59;45,22
19087006;Adrano;Catania;1;33.745;18,60;;33,38;;5,74;1,62;;50,98
19087007;Belpasso;Catania;1;27.605;13,63;;17,07;;3,80;2,89;1,61;35,44
19087008;Biancavilla;Catania;1;22.855;9,17;;24,78;;9,65;6,27;0,11;50,37
19087009;Bronte;Catania;1;18.230;15,86;;26,41;;9,77;5,65;;47,22
19087011;Caltagirone;Catania;1;35.890;7,33;;23,73;;5,96;4,63;3,16;42,62
19087012;Camporotondo Etneo;Catania;1;5.172;7,34;;11,28;;11,35;4,93;;35,22
19087013;Castel di Iudica;Catania;1;4.312;9,48;;18,33;;3,47;3,33;1,89;33,90
19087014;Castiglione di Sicilia;Catania;1;2.911;;;;;;58,04;;70,17
19087015;Catania;Catania;1;298.324;7,98;;58,33;;3,33;6,98;1,11;35,93
19087016;Fiumefreddo di Sicilia;Catania;1;9.013;11,14;;26,85;;10,33;4,10;0,14;42,02
19087018;Grammichele;Catania;1;12.422;16,97;;14,45;;3,74;6,63;2,49;36,83
19087019;Gravina di Catania;Catania;1;24.963;24,12;;9,16;;4,32;6,59;1,00;48,80
19087020;Licodia Eubea;Catania;1;2.753;18,48;;19,56;;2,89;4,98;2,96;40,20
19087021;Linguaglossa;Catania;1;5.068;12,32;;23,93;;7,43;4,81;;40,22
19087022;Maletto;Catania;1;3.563;13,65;;16,53;;2,48;1,58;0,33;31,57
19087057;Maniace;Catania;1;3.753;53,13;;3,93;;;0,50;0,31;51,25
19087023;Mascali;Catania;1;14.147;70,52;;19,36;;;17,71;;71,05
19087024;Mascalucia;Catania;1;31.756;5,06;;13,28;;2,50;10,60;0,61;39,13
19087056;Mazzarrone;Catania;1;3.937;13,50;;13,86;;2,06;9,33;2,11;36,55
19087025;Militello in Val di Catania;Catania;1;6.728;9,40;;20,97;;5,84;5,25;3,51;42,47
19087026;Milo;Catania;1;1.036;12,06;;26,79;;8,39;11,07;;51,37
19087027;Mineo;Catania;1;4.847;14,36;;26,42;;7,30;6,42;2,97;48,14
19087028;Mirabella Imbaccari;Catania;1;4.196;11,60;;16,11;;3,95;5,00;2,51;36,80
19087029;Misterbianco;Catania;1;48.784;10,15;;22,17;;6,77;7,69;1,15;42,94
19087030;Motta Sant'Anastasia;Catania;1;12.008;10,15;;29,14;;4,28;6,84;;45,07
19087031;Nicolosi;Catania;1;7.612;9,77;;22,61;;1,72;2,09;;32,20
19087032;Palagonia;Catania;1;15.649;9,65;;20,62;;4,62;6,15;2,93;41,58
19087033;Paterno;Catania;1;45.070;19,80;;19,60;;3,37;9,10;0,91;43,05
19087034;Pedara;Catania;1;14.807;8,35;;25,94;;2,53;2,94;;39,34
19087035;Piedimonte Etneo;Catania;1;3.880;29,21;;21,60;;11,63;4,39;1,50;50,22
19087036;Raddusa;Catania;1;2.806;10,24;;18,80;;3,25;4,67;2,02;34,73
19087037;Ramacca;Catania;1;10.270;6,33;;13,96;;1,90;3,04;1,77;28,88
19087038;Randazzo;Catania;1;10.291;13,58;;21,66;;3,01;11,02;3,63;44,51
19087039;Riposto;Catania;1;13.902;2,92;;18,27;;9,74;;;31,91
19087040;San Cono;Catania;1;2.397;14,14;;22,33;;6,46;5,22;3,76;45,81
19087041;San Giovanni la Punta;Catania;1;23.458;3,57;;23,00;;3,89;9,12;0,88;44,21
19087042;San Gregorio di Catania;Catania;1;11.450;7,56;;21,00;;6,11;5,30;1,21;36,44
19087043;San Michele di Ganzaria;Catania;1;2.875;16,69;;21,16;;4,11;6,54;3,22;44,23
19087044;San Pietro Clarenza;Catania;1;8.227;6,33;;14,98;;10,70;3,56;;37,26
19087048;Santa Venerina;Catania;1;8.321;64,47;;1,69;;;5,08;1,91;24,57
19087045;Sant'Agata li Battiati;Catania;1;9.330;9,81;;12,38;;7,61;2,52;;33,36
19087049;Scordia;Catania;1;16.138;8,40;;18,07;;4,83;4,26;2,71;38,50
19087050;Trecastagni;Catania;1;11.135;17,79;;9,18;;2,41;12,47;0,08;37,02
19087051;Tremestieri Etneo;Catania;1;19.668;8,17;;36,44;;2,28;1,63;;38,84
19087053;Viagrande;Catania;1;8.670;9,17;;18,72;;6,01;5,21;;38,80
18079004;Amato;Catanzaro;1;789;34,73;;;;1,02;16,10;3,24;39,57
18079007;Argusto;Catanzaro;1;459;25,19;;25,19;;3,80;0,33;;39,53
18079008;Badolato;Catanzaro;1;2.812;6,27;;29,76;;8,50;2,83;;43,82
18079011;Borgia;Catanzaro;1;7.202;26,84;;12,64;;2,42;3,54;;32,87
18079018;Cardinale;Catanzaro;1;1.785;8,43;;3,40;;;0,29;;18,03
18079020;Carlopoli;Catanzaro;1;1.388;20,36;;10,33;;1,99;7,09;;40,67
18079023;Catanzaro;Catanzaro;1;85.544;8,16;;14,45;;3,50;12,85;;36,87
18079025;Centrache;Catanzaro;1;343;21,94;;13,91;;8,79;;;36,23
18079027;Cerva - Dato aggregazione COMUNE DI CERVA;Catanzaro;3;4.154;2,04;;2,13;;0,06;0,38;;5,07
18079029;Chiaravalle Centrale;Catanzaro;1;5.115;11,55;;20,30;;;2,24;;27,47
18079030;Cicala;Catanzaro;1;893;12,43;;26,05;;;4,00;1,10;36,95
18079034;Cortale;Catanzaro;1;1.891;;;17,38;;11,11;6,61;0,76;60,95
18079036;Cropani;Catanzaro;1;4.611;33,12;;7,13;;1,02;0,49;;27,85
18079043;Decollatura;Catanzaro;1;2.873;9,46;;8,71;;;16,50;;34,53
18079047;Falerna;Catanzaro;1;3.774;28,91;;13,41;;2,24;2,92;4,22;35,77
18079048;Feroleto Antico;Catanzaro;1;1.954;6,71;;34,43;;0,66;0,81;;29,22
18079056;Gasperina;Catanzaro;1;1.876;70,21;;;;1,48;11,60;;39,69
18079058;Gimigliano;Catanzaro;1;3.011;75,63;;16,13;;8,63;4,82;1,13;46,73
18079060;Gizzeria;Catanzaro;1;5.019;3,46;;;;5,09;10,81;0,28;32,28
18079061;Guardavalle;Catanzaro;1;4.169;;;39,22;;4,90;;;40,43
18079063;Isca sullo Ionio;Catanzaro;1;1.476;7,02;;24,64;;8,03;1,83;;42,39
18079160;Lamezia Terme;Catanzaro;1;67.110;16,38;;26,25;;4,38;1,80;;37,00
18079069;Maida;Catanzaro;1;4.417;36,95;;1,19;;0,94;18,50;;39,37
18079074;Martirano Lombardo;Catanzaro;1;984;80,76;;;;12,51;17,81;;71,08
18079077;Miglierina;Catanzaro;1;729;29,60;;13,57;;3,07;11,39;;41,86
18079080;Montauro;Catanzaro;1;1.747;17,97;;5,45;;3,67;7,94;;39,09
18079081;Montepaone;Catanzaro;1;5.551;7,49;;18,39;;;2,49;;30,98
18079083;Motta Santa Lucia;Catanzaro;1;788;34,06;;25,56;;4,51;3,03;;44,91
18079088;Olivadi;Catanzaro;1;482;4,95;;14,26;;;2,04;;28,07
18079092;Pentone - Dato aggregazione UNIONE DEI COMUNI DELLA PRESILA CATANZARESE;Catanzaro;2;2.508;21,31;;;;1,76;1,58;2,08;33,87
18079096;Pianopoli;Catanzaro;1;2.527;20,78;;9,48;;2,04;1,88;0,43;22,05
18079108;San Floro;Catanzaro;1;692;25,30;;14,30;;;3,19;;26,20
18079114;San Pietro a Maida;Catanzaro;1;3.748;66,03;;11,18;;1,73;3,84;0,47;36,88
18079115;San Pietro Apostolo;Catanzaro;1;1.553;4,84;;1,15;;0,93;5,85;1,43;27,70
18079116;San Sostene;Catanzaro;1;1.408;12,60;;21,93;;9,02;2,74;;43,50
18079122;San Vito sullo Ionio;Catanzaro;1;1.608;12,46;;;;;9,78;;33,85
18079118;Sant'Andrea Apostolo dello Ionio;Catanzaro;1;1.739;8,30;;31,46;;1,35;11,50;;49,71
18079123;Satriano;Catanzaro;1;3.331;16,82;;9,67;;3,31;7,29;0,21;29,36
18079129;Serrastretta;Catanzaro;1;2.927;24,57;;23,77;;3,58;3,26;;39,33
18079131;Settingiano;Catanzaro;1;3.187;52,59;;7,76;;3,69;5,42;;38,35
18079133;Simeri Crichi;Catanzaro;1;4.562;4,95;;10,77;;1,33;1,09;;28,88
18079138;Soveria Mannelli;Catanzaro;1;2.884;13,39;;;;;5,50;;27,27
18079139;Soveria Simeri;Catanzaro;1;1.454;27,83;;22,94;;3,01;11,06;;43,55
18079146;Taverna;Catanzaro;1;2.514;13,74;;25,29;;4,20;7,86;;42,91
18079147;Tiriolo;Catanzaro;1;3.581;25,25;;14,44;;7,90;10,88;;34,75
18079148;Torre di Ruggiero;Catanzaro;1;960;46,42;;;;19,39;0,65;;54,71
18079151;Vallefiorita;Catanzaro;1;1.519;63,70;;;;0,34;6,91;3,63;53,62
18079157;Zagarise;Catanzaro;1;1.473;38,37;;43,67;;3,49;4,38;;56,06
13069002;Archi;Chieti;1;2.023;14,11;;40,76;;0,13;2,43;0,56;49,08
13069003;Ari;Chieti;1;1.059;135,93;;21,73;;1,20;23,34;5,56;86,17
13069004;Arielli;Chieti;1;1.063;5,64;;15,99;;2,11;1,67;6,49;31,29
13069005;Atessa;Chieti;1;10.432;7,66;;15,83;;2,63;3,89;7,32;61,34
13069006;Bomba;Chieti;1;721;12,54;;33,45;;3,62;20,95;9,82;74,82
13069007;Borrello;Chieti;1;305;26,64;;24,28;;0,14;13,08;2,74;59,36
13069008;Bucchianico;Chieti;1;4.954;15,75;;21,77;;1,84;13,22;6,95;51,58
13069010;Canosa Sannita;Chieti;1;1.268;17,23;;17,39;;3,64;12,49;3,11;44,68
13069014;Casalanguida;Chieti;1;833;46,40;;;;9,63;6,41;;43,34
13069015;Casalbordino;Chieti;1;5.812;9,24;;15,68;;2,75;6,19;7,74;60,98
13069016;Casalincontrada;Chieti;1;2.995;13,89;;21,04;;0,40;11,45;2,33;42,02
13069017;Casoli;Chieti;1;5.209;7,27;;22,02;;1,92;6,70;2,87;39,81
13069018;Castel Frentano;Chieti;1;4.236;15,56;;17,00;;1,57;4,82;2,43;33,38
13069021;Celenza sul Trigno;Chieti;1;796;14,97;;21,62;;5,96;7,34;5,71;57,15
13069024;Civitella Messer Raimondo;Chieti;1;790;19,37;;24,94;;0,06;16,44;1,68;54,81
13069026;Colledimezzo;Chieti;1;431;21,93;;30,01;;0,17;4,12;14,73;76,43
13069028;Cupello;Chieti;1;4.721;6,26;;25,58;;2,54;9,48;0,14;41,12
13069030;Fara Filiorum Petri;Chieti;1;1.964;9,12;;17,23;;0,48;9,31;2,26;35,35
13069031;Fara San Martino;Chieti;1;1.289;4,63;;9,94;;1,02;1,74;1,21;38,53
13069032;Filetto;Chieti;1;872;19,15;;24,25;;0,08;6,07;6,33;45,31
13069034;Fraine;Chieti;1;274;7,80;;34,59;;5,37;4,89;;53,57
13069035;Francavilla al Mare;Chieti;1;25.635;7,16;;13,95;;4,21;12,78;1,53;40,67
13069036;Fresagrandinaria;Chieti;1;901;8,56;;18,48;;5,37;5,24;9,82;42,91
13069037;Frisa;Chieti;1;1.613;39,60;;26,42;;7,18;5,96;3,45;59,61
13069038;Furci;Chieti;1;819;15,04;;16,63;;0,74;3,44;1,84;35,64
13069039;Gamberale;Chieti;1;278;22,82;;25,89;;0,13;2,46;7,87;48,06
13069040;Gessopalena;Chieti;1;1.233;14,59;;29,22;;3,71;6,18;11,35;75,78
13069041;Gissi;Chieti;1;2.486;6,38;;27,89;;5,90;3,34;2,63;39,71
13069042;Giuliano Teatino;Chieti;1;1.132;13,94;;24,42;;1,63;9,89;4,40;43,62
13069043;Guardiagrele;Chieti;1;8.566;12,97;;20,42;;3,66;3,57;2,90;44,58
13069044;Guilmi - Dato aggregazione UNIONE DI COMUNI DEL SINELLO;Chieti;9;4.675;16,63;;33,32;;0,06;10,56;7,44;53,20
13069045;Lama dei Peligni;Chieti;1;1.079;16,12;;34,72;;4,42;4,53;0,78;55,08
13069046;Lanciano;Chieti;1;34.153;9,20;;16,14;;3,31;2,65;3,63;39,64
13069047;Lentella;Chieti;1;639;4,95;;21,36;;3,97;13,02;9,03;56,87
13069049;Liscia;Chieti;1;647;14,96;;24,60;;0,55;2,16;0,45;33,78
13069050;Miglianico;Chieti;1;4.625;11,43;;5,68;;7,35;10,16;4,05;37,24
13069009;Montebello sul Sangro;Chieti;1;74;11,37;;20,90;;5,58;13,81;16,61;68,44
13069052;Monteferrante;Chieti;1;111;17,22;;42,58;;1,42;5,73;0,62;62,35
13069053;Montelapiano;Chieti;1;77;4,96;;28,02;;19,08;5,88;1,07;57,57
13069054;Montenerodomo;Chieti;1;603;20,14;;45,19;;2,94;24,77;0,88;118,25
13069056;Mozzagrogna;Chieti;1;2.426;6,22;;12,79;;0,51;12,74;1,40;42,28
13069057;Orsogna;Chieti;1;3.656;9,09;;19,61;;2,20;8,11;3,98;42,76
13069058;Ortona;Chieti;1;22.242;5,55;;15,30;;3,27;2,31;2,77;32,69
13069059;Paglieta;Chieti;1;4.148;6,35;;17,13;;2,68;5,55;8,06;41,07
13069060;Palena;Chieti;1;1.242;27,49;;11,55;;5,27;22,54;0,12;49,16
13069062;Palombaro;Chieti;1;960;12,11;;36,35;;4,81;6,94;0,70;55,41
13069063;Pennadomo;Chieti;1;216;22,91;;37,24;;5,88;14,96;2,75;78,44
13069064;Pennapiedimonte;Chieti;1;423;13,93;;46,75;;3,84;31,29;15,23;99,15
13069065;Perano;Chieti;1;1.509;6,71;;8,15;;8,59;9,52;9,74;44,40
13069103;Pietraferrazzana;Chieti;1;130;36,67;;74,80;;5,91;13,13;0,67;153,38
13069066;Pizzoferrato;Chieti;1;976;9,83;;27,85;;4,17;10,25;6,58;53,91
13069067;Poggiofiorito;Chieti;1;824;11,13;;31,71;;2,28;3,19;0,43;59,11
13069068;Pollutri;Chieti;1;2.040;12,46;;23,39;;2,91;6,77;6,68;57,89
13069069;Pretoro;Chieti;1;859;11,76;;29,86;;1,23;19,56;1,10;56,65
13069071;Rapino;Chieti;1;1.197;15,05;;20,85;;0,95;15,44;3,69;47,46
13069072;Ripa Teatina;Chieti;1;3.982;15,05;;12,85;;2,68;9,07;5,89;27,06
13069074;Rocca San Giovanni;Chieti;1;2.282;11,78;;13,25;;2,25;8,06;5,68;34,34
13069075;Roccascalegna;Chieti;1;1.049;13,37;;32,87;;2,13;8,83;4,61;67,42
13069076;Roccaspinalveti;Chieti;1;1.186;4,41;;16,29;;2,86;7,48;5,60;35,88
13069077;Roio del Sangro;Chieti;1;97;8,38;;13,78;;2,97;15,44;0,48;45,87
13069078;Rosello;Chieti;1;182;9,21;;24,87;;4,11;13,82;0,77;54,20
13069079;San Buono;Chieti;1;866;15,59;;26,38;;1,16;3,91;1,77;43,87
13069082;San Martino sulla Marrucina;Chieti;1;831;12,78;;18,06;;1,12;14,68;3,92;44,06
13069083;San Salvo;Chieti;1;19.444;5,07;;14,72;;2,34;2,67;4,00;29,75
13069086;San Vito Chietino;Chieti;1;5.149;14,51;;15,63;;2,93;5,17;2,23;37,72
13069084;Santa Maria Imbaro;Chieti;1;2.022;11,54;;11,78;;1,21;6,80;1,02;30,20
13069085;Sant'Eusanio del Sangro;Chieti;1;2.279;10,38;;24,78;;4,52;2,60;0,36;40,16
13069087;Scerni;Chieti;1;3.005;36,19;;20,49;;2,26;2,63;2,02;36,77
13069088;Schiavi di Abruzzo;Chieti;1;676;16,32;;;;4,69;1,93;13,48;44,72
13069089;Taranta Peligna;Chieti;1;326;17,03;;29,90;;0,14;3,93;0,64;46,56
13069090;Tollo;Chieti;1;3.910;20,74;;16,54;;0,94;6,88;4,86;38,59
13069091;Torino di Sangro;Chieti;1;2.924;6,22;;17,85;;1,54;3,03;1,31;36,27
13069092;Tornareccio;Chieti;1;1.665;10,22;;22,93;;0,83;9,82;15,98;71,92
13069094;Torrevecchia Teatina;Chieti;1;4.176;9,96;;17,34;;0,75;7,79;4,26;39,13
13069095;Torricella Peligna;Chieti;1;1.152;10,28;;18,37;;3,00;8,02;4,64;38,80
13069096;Treglio;Chieti;1;1.716;4,47;;12,43;;0,66;5,01;4,08;30,00
13069098;Vacri;Chieti;1;1.506;15,65;;21,98;;3,82;18,42;5,41;55,54
13069099;Vasto;Chieti;1;40.436;12,95;;14,11;;5,38;5,80;2,37;31,96
13069102;Villa Santa Maria;Chieti;1;1.111;49,31;;28,62;;1,82;4,57;3,30;48,54
13069101;Villamagna;Chieti;1;2.154;14,40;;17,60;;2,66;11,36;5,35;46,26
03013005;Albiolo;Como;1;2.704;10,12;;8,08;;1,77;6,90;3,85;26,31
03013007;Alzate Brianza - Dato aggregazione Il Cilindro;Como;7;21.877;21,17;;11,90;;0,85;5,59;2,09;28,33
03013010;Appiano Gentile;Como;1;7.675;4,73;;8,39;;3,22;5,00;1,30;22,88
03013011;Argegno;Como;1;684;17,34;;23,77;;3,60;15,86;1,50;51,60
03013013;Asso;Como;1;3.515;10,11;;15,36;;3,54;1,95;;29,62
03013015;Barni;Como;1;558;6,98;;18,49;;4,70;7,50;;32,11
03013250;Bellagio;Como;1;3.589;11,59;;7,72;;4,15;1,57;;24,94
03013021;Bene Lario;Como;1;330;7,26;;13,54;;8,70;8,39;;35,15
03013022;Beregazzo con Figliaro;Como;1;2.778;10,04;;10,24;;0,53;2,62;1,58;22,55
03013023;Binago;Como;1;4.798;6,57;;7,00;;0,67;5,11;2,42;21,91
03013025;Blessagno;Como;1;290;9,36;;3,16;;;2,65;5,07;25,78
03013026;Blevio - Dato aggregazione Unione dei Comuni Lombarda Lario e Monti;Como;2;2.175;9,69;;9,44;;;;;16,13
03013028;Bregnano;Como;1;6.378;7,94;;8,49;;1,51;2,39;2,45;20,56
03013034;Bulgarograsso;Como;1;4.002;6,91;;8,07;;0,56;2,88;0,76;19,59
03013035;Cabiate;Como;1;7.408;7,62;;8,12;;4,39;7,51;3,58;30,30
03013036;Cadorago;Como;1;7.917;9,25;;9,57;;1,59;3,33;1,10;21,22
03013037;Caglio;Como;1;475;6,45;;12,43;;8,57;3,01;;29,80
03013041;Cantu;Como;1;39.340;5,28;;8,02;;3,64;3,07;0,79;21,57
03013042;Canzo;Como;1;5.107;7,96;;8,78;;1,34;2,04;;19,82
03013044;Carate Urio;Como;1;1.102;21,56;;20,42;;9,79;11,32;3,32;49,86
03013045;Carbonate;Como;1;2.872;5,51;;15,86;;2,73;2,94;1,09;24,31
03013046;Carimate;Como;1;4.414;15,37;;7,25;;2,04;3,40;0,55;22,45
03013052;Caslino d'Erba;Como;1;1.654;17,29;;12,83;;0,62;1,20;;23,33
03013053;Casnate con Bernate;Como;1;5.012;8,04;;13,75;;1,85;6,00;1,98;29,82
03013055;Cassina Rizzardi;Como;1;3.305;6,99;;6,84;;2,12;7,55;7,97;30,56
03013058;Castelmarte;Como;1;1.259;9,53;;5,96;;;3,91;;19,68
03013059;Castelnuovo Bozzente;Como;1;905;9,45;;14,43;;2,28;2,01;1,90;23,27
03013062;Cavargna;Como;1;189;4,17;;12,99;;9,86;7,31;0,07;35,57
03013254;Centro Valle Intelvi;Como;1;3.589;6,94;;41,42;;1,68;2,63;6,74;31,14
03013063;Cerano d'Intelvi;Como;1;570;12,27;;9,57;;;0,99;0,61;20,28
03013064;Cermenate;Como;1;9.249;6,43;;10,39;;1,38;2,08;2,07;22,49
03013065;Cernobbio;Como;1;6.396;5,19;;15,83;;9,18;4,07;1,98;35,37
03013074;Colonno;Como;1;447;51,87;;26,83;;3,68;15,71;2,25;66,71
03013251;Colverde;Como;1;5.437;16,76;;10,16;;;6,72;0,38;26,28
03013075;Como;Como;1;83.626;9,12;;11,87;;6,20;2,61;3,74;29,75
03013077;Corrido;Como;1;845;8,81;;6,68;;2,10;2,42;1,00;21,49
03013083;Cremia;Como;1;692;7,74;;9,54;;5,80;7,36;;27,92
03013084;Cucciago;Como;1;3.460;8,31;;8,80;;1,57;6,20;3,40;30,30
03013085;Cusino;Como;1;218;9,98;;0,72;;19,23;20,36;;55,18
03013089;Domaso;Como;1;1.441;10,34;;0,49;;1,18;1,22;1,98;17,70
03013090;Dongo;Como;1;3.243;9,51;;3,55;;1,01;3,59;1,68;19,37
03013092;Dosso del Liro;Como;1;236;46,23;;151,65;;84,21;102,91;;306,51
03013097;Eupilio;Como;1;2.577;9,27;;13,40;;;0,55;;21,83
03013098;Faggeto Lario;Como;1;1.147;16,80;;10,21;;0,95;4,44;;26,91
03013100;Fenegro - Dato aggregazione Fenegro-Cirimido;Como;2;5.313;6,80;;12,81;;2,40;4,34;0,40;21,28
03013101;Figino Serenza;Como;1;4.965;11,78;;12,32;;1,91;4,93;1,80;27,96
03013102;Fino Mornasco;Como;1;9.827;6,49;;8,01;;2,56;2,77;1,15;20,25
03013106;Garzeno;Como;1;676;10,04;;14,98;;0,65;1,64;;15,82
03013107;Gera Lario;Como;1;1.058;53,75;;19,25;;;3,49;;60,08
03013110;Grandate;Como;1;2.812;20,79;;8,69;;1,08;5,45;1,30;19,99
03013111;Grandola ed Uniti;Como;1;1.294;6,68;;4,05;;4,08;6,42;3,83;27,70
03013249;Gravedona ed Uniti;Como;1;4.079;0,29;;0,58;;1,61;3,47;;20,26
03013113;Griante;Como;1;594;26,19;;4,10;;7,57;1,39;0,11;34,02
03013114;Guanzate;Como;1;5.788;5,45;;9,80;;3,13;4,21;1,43;23,44
03013118;Inverigo;Como;1;9.112;6,21;;9,68;;1,94;5,47;2,19;24,67
03013119;Laglio;Como;1;894;15,30;;7,98;;1,80;1,64;;15,27
03013120;Laino;Como;1;546;14,69;;11,13;;7,41;14,07;1,23;42,30
03013121;Lambrugo;Como;1;2.529;10,68;;12,29;;1,08;2,73;1,65;22,35
03013123;Lasnigo;Como;1;454;4,62;;8,25;;2,85;6,24;5,37;29,57
03013126;Lezzeno;Como;1;1.969;16,82;;9,61;;;1,49;0,85;26,33
03013128;Limido Comasco;Como;1;3.862;7,82;;13,15;;2,19;3,93;5,27;28,07
03013133;Lomazzo;Como;1;9.942;7,92;;6,86;;4,64;4,02;1,94;25,82
03013135;Luisago;Como;1;2.728;12,42;;9,45;;2,03;2,93;1,15;22,99
03013137;Lurago Marinone;Como;1;2.543;7,96;;10,15;;1,21;3,56;;22,84
03013138;Lurate Caccivio;Como;1;9.696;6,61;;11,59;;2,31;2,18;1,94;24,78
03013139;Magreglio;Como;1;686;6,34;;20,96;;1,86;3,93;;27,54
03013144;Maslianico;Como;1;3.115;6,39;;16,72;;4,35;5,02;1,80;30,86
03013145;Menaggio;Como;1;3.035;25,05;;4,63;;6,81;6,61;;51,69
03013152;Moltrasio;Como;1;1.553;9,67;;21,84;;4,84;7,58;1,04;36,82
03013154;Montano Lucino;Como;1;5.349;18,05;;11,00;;3,44;4,95;3,26;33,83
03013155;Montemezzo;Como;1;220;15,41;;1,57;;4,69;5,12;2,42;36,78
03013160;Musso;Como;1;931;6,42;;25,85;;0,65;2,30;0,13;20,05
03013163;Novedrate;Como;1;2.885;9,52;;16,54;;2,48;4,46;5,26;36,57
03013165;Olgiate Comasco;Como;1;11.779;6,36;;7,81;;1,84;3,69;1,40;18,45
03013169;Oltrona di San Mamette;Como;1;2.367;4,84;;17,87;;0,50;4,93;1,56;26,03
03013178;Peglio;Como;1;189;18,29;;2,34;;;17,91;1,33;37,65
03013183;Pianello del Lario;Como;1;1.036;9,76;;7,08;;0,77;3,53;;21,19
03013184;Pigra;Como;1;248;3,75;;40,74;;;9,82;0,76;33,92
03013185;Plesio;Como;1;818;6,23;;8,98;;4,44;9,53;;29,03
03013186;Pognana Lario;Como;1;666;2,23;;11,43;;0,93;0,88;;16,82
03013187;Ponna;Como;1;229;6,07;;31,53;;1,72;4,00;5,53;27,58
03013188;Ponte Lambro;Como;1;4.233;9,92;;12,38;;0,52;4,27;0,40;24,76
03013189;Porlezza;Como;1;4.861;4,96;;12,09;;1,46;3,55;0,70;21,21
03013192;Proserpio;Como;1;941;14,67;;9,91;;1,14;2,55;;21,64
03013193;Pusiano;Como;1;1.331;4,73;;7,90;;3,93;2,70;2,75;27,11
03013195;Rezzago;Como;1;303;10,09;;10,26;;2,60;2,40;;25,51
03013197;Rodero;Como;1;1.242;10,47;;8,27;;1,94;8,97;3,19;27,17
03013201;Rovellasca;Como;1;7.914;13,04;;5,89;;2,15;5,02;0,96;20,59
03013202;Rovello Porro;Como;1;6.199;7,19;;6,65;;1,25;3,40;0,93;17,92
03013203;Sala Comacina;Como;1;478;32,81;;20,78;;6,69;6,66;0,53;50,05
03013206;San Fermo della Battaglia;Como;1;7.789;13,20;;12,58;;1,01;1,67;1,28;23,68
03013207;San Nazzaro Val Cavargna;Como;1;278;15,34;;14,39;;2,13;11,88;0,06;39,95
03013248;San Siro;Como;1;1.705;16,37;;0,58;;2,64;2,07;;25,18
03013211;Schignano;Como;1;879;38,30;;13,05;;6,17;5,77;;54,25
03013212;Senna Comasco;Como;1;3.163;5,01;;11,52;;1,94;5,59;2,64;31,21
03013255;Solbiate con Cagno;Como;1;4.626;5,02;;5,05;;1,65;6,20;1,23;20,42
03013216;Sorico;Como;1;1.240;8,71;;14,20;;2,08;2,76;;23,12
03013217;Sormano;Como;1;642;11,70;;13,23;;4,03;4,68;0,92;31,20
03013218;Stazzona;Como;1;613;14,86;;16,01;;4,85;2,03;;29,00
03013222;Tavernerio - Dato aggregazione Service 24 Ambiente;Como;12;87.451;8,23;;12,11;;1,20;3,04;1,38;24,95
03013252;Tremezzina;Como;1;4.982;20,22;;20,84;;4,77;7,36;1,00;40,72
03013226;Trezzone;Como;1;237;19,03;;2,65;;4,50;1,37;1,66;24,58
03013227;Turate;Como;1;9.549;5,18;;7,36;;4,73;3,56;2,35;22,82
03013228;Uggiate-Trevano - Dato aggregazione Unione dei Comuni Lombarda Terre di Frontiera;Como;4;13.185;8,88;;11,21;;0,35;2,03;4,31;23,01
03013233;Val Rezzo;Como;1;162;20,99;;6,27;;6,40;14,12;;48,22
03013229;Valbrona;Como;1;2.623;10,34;;;;0,16;1,88;;21,35
03013232;Valmorea;Como;1;2.589;29,34;;10,30;;0,09;3,96;2,46;25,75
03013234;Valsolda;Como;1;1.449;16,54;;6,18;;13,42;4,37;1,87;33,25
03013238;Veniano;Como;1;3.078;7,96;;10,15;;0,83;0,17;0,33;19,37
03013239;Vercana;Como;1;742;8,66;;4,71;;1,28;3,81;2,94;25,50
03013242;Vertemate con Minoprio;Como;1;4.120;11,09;;6,96;;2,07;2,95;1,53;20,24
03013245;Villa Guardia;Como;1;7.868;16,23;;8,12;;2,06;8,04;1,30;27,31
18078003;Acri;Cosenza;1;19.125;17,14;;13,05;;;8,40;0,47;35,30
18078004;Aiello Calabro;Cosenza;1;1.398;35,93;;46,90;;;4,09;;57,28
18078013;Belmonte Calabro;Cosenza;1;1.753;25,02;;7,01;;4,01;4,47;2,00;39,90
18078017;Bisignano;Cosenza;1;9.494;12,24;;25,45;;0,91;4,90;1,16;44,60
18078018;Bocchigliero;Cosenza;1;1.096;17,25;;40,39;;;7,44;2,38;54,34
18078020;Buonvicino;Cosenza;1;2.011;60,33;;15,99;;6,44;2,23;1,64;55,43
18078021;Calopezzati;Cosenza;1;1.326;44,85;;1,07;;;11,33;;51,84
18078022;Caloveto;Cosenza;1;1.122;18,94;;19,71;;0,70;5,70;;45,31
18078023;Campana;Cosenza;1;1.503;7,67;;18,94;;15,24;14,54;1,93;57,91
18078025;Cariati;Cosenza;1;7.387;139,52;;28,92;;0,03;;;61,56
18078156;Casali del Manco;Cosenza;1;9.555;5,91;;10,80;;2,69;0,47;;15,98
18078029;Cassano all'Ionio;Cosenza;1;16.540;10,60;;18,21;;7,26;;4,07;45,67
18078030;Castiglione Cosentino;Cosenza;1;2.616;15,28;;16,26;;2,67;8,45;;40,40
18078031;Castrolibero;Cosenza;1;9.277;15,94;;8,69;;2,76;2,78;11,75;48,38
18078032;Castroregio;Cosenza;1;239;3,28;;;;4,29;9,05;;43,69
18078033;Castrovillari;Cosenza;1;20.814;8,92;;28,81;;3,12;2,39;;35,03
18078034;Celico;Cosenza;1;2.521;8,27;;11,06;;1,10;17,14;0,10;41,26
18078037;Cerisano;Cosenza;1;2.916;87,45;;4,51;;2,51;12,51;;48,24
18078038;Cervicati;Cosenza;1;779;51,16;;30,44;;;10,34;;62,25
18078039;Cerzeto;Cosenza;1;1.209;16,57;;2,10;;0,55;13,44;;33,70
18078040;Cetraro;Cosenza;1;9.398;14,71;;35,61;;2,84;5,14;11,41;63,15
18078041;Civita;Cosenza;1;813;50,19;;2,41;;15,69;6,36;2,12;50,47
18078157;Corigliano-Rossano;Cosenza;1;73.920;15,09;;19,82;;5,26;0,38;0,52;38,75
18078045;Cosenza;Cosenza;1;63.713;8,47;;32,06;;11,92;6,15;;55,50
18078046;Cropalati;Cosenza;1;997;26,87;;6,83;;1,91;36,18;;56,54
18078047;Crosia;Cosenza;1;9.643;83,22;;1,76;;2,43;1,57;4,94;53,25
18078050;Domanico;Cosenza;1;902;36,98;;17,30;;;17,63;;57,57
18078051;Fagnano Castello;Cosenza;1;3.425;9,67;;17,95;;2,55;17,74;1,29;52,40
18078055;Fiumefreddo Bruzio;Cosenza;1;2.761;62,58;;3,46;;7,09;5,93;;54,89
18078056;Francavilla Marittima;Cosenza;1;2.781;;;78,19;;;13,24;;55,74
18078057;Frascineto;Cosenza;1;1.919;2,20;;7,73;;;7,21;0,71;23,24
18078058;Fuscaldo;Cosenza;1;7.844;10,91;;16,58;;3,60;5,03;1,71;34,46
18078062;Lago;Cosenza;1;2.280;4,54;;11,41;;4,26;10,23;7,41;39,63
18078065;Lappano;Cosenza;1;886;23,74;;7,96;;5,44;10,18;0,57;48,76
18078066;Lattarico;Cosenza;1;3.741;11,29;;26,63;;;7,65;0,97;42,90
18078067;Longobardi;Cosenza;1;2.301;7,69;;4,68;;3,71;8,85;;56,85
18078068;Longobucco;Cosenza;1;2.696;5,78;;10,79;;7,18;26,34;0,90;54,79
18078070;Luzzi;Cosenza;1;8.707;10,17;;17,36;;;7,83;;27,79
18078072;Malito;Cosenza;1;744;37,19;;21,07;;;2,83;;54,40
18078073;Malvito;Cosenza;1;1.658;12,37;;15,43;;;19,77;;45,69
18078075;Mangone;Cosenza;1;1.878;7,51;;8,10;;0,77;1,65;;18,89
18078076;Marano Marchesato;Cosenza;1;3.314;6,95;;21,36;;;6,44;;27,40
18078077;Marano Principato;Cosenza;1;3.032;76,07;;0,97;;;5,58;0,43;45,78
18078080;Mongrassano;Cosenza;1;1.466;42,19;;41,42;;0,37;5,51;8,65;71,74
18078081;Montalto Uffugo;Cosenza;1;20.045;4,16;;7,18;;2,38;8,39;2,49;32,89
18078082;Montegiordano;Cosenza;1;1.591;30,88;;7,19;;;8,83;;38,52
18078083;Morano Calabro;Cosenza;1;3.941;35,72;;;;2,77;19,79;2,06;41,84
18078084;Mormanno;Cosenza;1;2.640;23,56;;21,93;;;20,35;;54,08
18078087;Oriolo;Cosenza;1;1.883;39,42;;19,16;;;4,44;;36,33
18078089;Paludi;Cosenza;1;944;38,01;;10,33;;6,23;12,90;;48,64
18078090;Panettieri;Cosenza;1;316;4,75;;22,16;;3,11;11,36;11,36;47,32
18078091;Paola;Cosenza;1;14.751;47,60;;13,84;;13,53;1,89;0,38;51,86
18078092;Papasidero;Cosenza;1;633;10,46;;;;0,13;27,50;;41,08
18078093;Parenti;Cosenza;1;2.019;16,10;;11,99;;3,59;6,37;;31,18
18078094;Paterno Calabro;Cosenza;1;1.338;77,31;;2,33;;0,60;;1,36;54,18
18078096;Pedivigliano;Cosenza;1;743;11,76;;2,35;;0,99;18,16;2,23;51,94
18078097;Piane Crati;Cosenza;1;1.369;24,45;;22,92;;5,40;1,64;;30,54
18078101;Praia a Mare;Cosenza;1;6.353;25,35;;14,67;;6,14;13,64;11,36;72,88
18078102;Rende;Cosenza;1;36.051;2,88;;5,49;;7,58;4,16;8,69;38,63
18078103;Rocca Imperiale;Cosenza;1;3.224;11,95;;10,48;;9,81;0,37;0,14;31,16
18078105;Rogliano;Cosenza;1;5.347;19,02;;26,35;;4,48;2,86;0,04;45,98
18078106;Rose;Cosenza;1;4.165;26,05;;15,50;;0,90;2,76;0,18;38,72
18078107;Roseto Capo Spulico;Cosenza;1;1.859;4,13;;10,67;;5,25;12,40;;33,45
18078109;Rota Greca;Cosenza;1;942;7,08;;40,99;;0,81;1,58;;37,72
18078111;San Basile;Cosenza;1;955;16,94;;7,33;;13,53;6,53;;45,10
18078112;San Benedetto Ullano;Cosenza;1;1.376;14,35;;7,18;;2,35;11,94;;32,56
18078113;San Cosmo Albanese;Cosenza;1;577;13,89;;31,86;;;10,82;;48,32
18078114;San Demetrio Corone;Cosenza;1;3.111;15,74;;15,82;;3,95;0,87;2,42;32,13
18078115;San Donato di Ninea;Cosenza;1;1.106;14,40;;36,68;;10,21;6,54;6,06;64,52
18078116;San Fili;Cosenza;1;2.506;10,36;;21,87;;;7,83;;36,02
18078118;San Giorgio Albanese;Cosenza;1;1.331;;;22,25;;;10,80;;41,22
18078119;San Giovanni in Fiore;Cosenza;1;16.060;52,18;;6,26;;;2,35;;33,06
18078120;San Lorenzo Bellizzi;Cosenza;1;552;7,33;;14,37;;;12,48;;25,78
18078121;San Lorenzo del Vallo;Cosenza;1;3.070;9,93;;25,14;;2,61;4,18;;38,39
18078123;San Marco Argentano;Cosenza;1;7.004;36,12;;17,36;;6,82;8,00;3,47;44,61
18078126;San Pietro in Amantea;Cosenza;1;476;29,92;;11,00;;2,55;9,79;;74,68
18078127;San Pietro in Guarano;Cosenza;1;3.386;11,26;;;;11,31;1,86;;33,27
18078128;San Sosti;Cosenza;1;1.911;25,08;;25,05;;;3,27;;43,93
18078135;San Vincenzo La Costa;Cosenza;1;2.006;15,61;;;;6,21;6,68;;25,28
18078117;Sangineto;Cosenza;1;1.218;13,96;;31,34;;3,09;16,95;5,77;69,72
18078132;Santa Maria del Cedro;Cosenza;1;4.901;30,94;;8,08;;6,90;3,34;;48,39
18078136;Saracena;Cosenza;1;3.418;27,41;;14,76;;2,63;1,68;2,90;37,53
18078137;Scala Coeli;Cosenza;1;822;;;13,14;;;36,86;;46,05
18078138;Scalea;Cosenza;1;11.069;25,05;;24,02;;5,28;11,47;11,28;72,13
18078139;Scigliano - Dato aggregazione CONSORZIO INTERCOMUNALE VALLE BISIRICO;Cosenza;4;3.653;3,55;;11,39;;;17,44;;26,54
18078140;Serra d'Aiello;Cosenza;1;510;16,17;;18,21;;10,84;36,89;;69,92
18078142;Spezzano Albanese;Cosenza;1;6.622;8,01;;8,46;;3,89;1,86;;28,11
18078143;Spezzano della Sila;Cosenza;1;4.273;3,12;;13,46;;5,44;7,99;2,12;38,90
18078146;Terranova da Sibari;Cosenza;1;4.607;38,56;;7,80;;2,90;6,49;;27,08
18078147;Terravecchia;Cosenza;1;593;7,10;;;;;45,55;;47,94
18078148;Torano Castello;Cosenza;1;4.291;6,97;;18,32;;1,98;12,63;1,24;36,26
18078149;Tortora;Cosenza;1;5.893;20,49;;19,55;;8,49;4,30;0,63;41,97
18078150;Trebisacce;Cosenza;1;8.616;11,45;;14,75;;4,32;5,86;;30,83
18078152;Vaccarizzo Albanese;Cosenza;1;1.025;11,82;;7,37;;0,73;19,47;2,39;41,25
18078154;Villapiana;Cosenza;1;5.418;91,58;;38,27;;0,37;;;78,44
03019001;Acquanegra Cremonese;Cremona;1;1.125;45,08;;6,65;;2,03;6,03;0,83;26,18
03019002;Agnadello;Cremona;1;3.807;10,95;;7,35;;2,65;4,96;4,13;24,85
03019003;Annicco;Cremona;1;1.968;5,69;;7,24;;0,97;4,60;2,50;20,62
03019004;Azzanello;Cremona;1;608;16,16;;13,75;;3,81;9,65;0,85;33,80
03019005;Bagnolo Cremasco;Cremona;1;4.921;3,62;;4,59;;0,62;6,21;2,32;18,03
03019006;Bonemerse;Cremona;1;1.463;11,64;;11,46;;1,48;4,86;4,04;27,40
03019007;Bordolano;Cremona;1;560;36,32;;13,40;;;4,40;0,83;29,71
03019009;Calvatone;Cremona;1;1.171;33,80;;9,64;;1,27;3,20;2,03;22,96
03019010;Camisano;Cremona;1;1.229;8,62;;7,21;;1,64;6,21;3,36;23,50
03019012;Capergnanica;Cremona;1;2.155;5,88;;6,27;;0,45;5,52;3,27;20,95
03019013;Cappella Cantone;Cremona;1;543;7,58;;8,12;;2,23;13,52;0,86;31,21
03019014;Cappella de' Picenardi;Cremona;1;419;21,14;;10,34;;0,08;8,45;0,97;27,87
03019015;Capralba;Cremona;1;2.262;5,33;;7,41;;3,19;8,51;5,18;30,26
03019016;Casalbuttano ed Uniti;Cremona;1;3.644;10,05;;12,48;;3,63;4,22;0,69;25,88
03019017;Casale Cremasco-Vidolasco;Cremona;1;1.810;4,24;;7,48;;3,60;6,81;4,57;27,95
03019018;Casaletto Ceredano;Cremona;1;1.152;5,63;;7,30;;0,59;11,24;2,16;26,38
03019019;Casaletto di Sopra;Cremona;1;514;6,48;;8,26;;1,50;1,80;1,49;18,46
03019020;Casaletto Vaprio;Cremona;1;1.747;4,49;;5,67;;0,32;5,82;2,83;20,60
03019021;Casalmaggiore;Cremona;1;14.982;9,87;;11,50;;2,37;5,61;1,98;25,43
03019022;Casalmorano;Cremona;1;1.615;6,05;;6,83;;3,57;5,78;4,61;26,28
03019024;Castel Gabbiano;Cremona;1;456;5,52;;9,02;;1,34;12,13;4,33;31,32
03019023;Casteldidone;Cremona;1;567;28,00;;11,58;;1,64;5,81;3,93;29,72
03019025;Castelleone;Cremona;1;9.248;5,30;;6,44;;1,58;6,33;2,92;23,51
03019026;Castelverde;Cremona;1;5.561;14,75;;13,39;;0,50;4,99;4,14;28,69
03019027;Castelvisconti;Cremona;1;318;11,28;;5,54;;0,52;4,45;0,23;19,91
03019028;Cella Dati;Cremona;1;486;10,73;;8,79;;5,19;4,99;0,70;24,52
03019029;Chieve;Cremona;1;2.241;5,61;;7,08;;2,04;7,43;3,11;24,96
03019030;Cicognolo;Cremona;1;917;19,05;;9,03;;0,23;3,13;3,47;21,72
03019031;Cingia de' Botti;Cremona;1;1.146;9,94;;15,04;;;4,72;1,45;25,61
03019032;Corte de' Cortesi con Cignone;Cremona;1;1.051;7,40;;5,55;;0,48;2,48;2,85;19,11
03019033;Corte de' Frati;Cremona;1;1.303;13,90;;12,11;;0,56;6,24;0,76;24,64
03019034;Credera Rubbiano;Cremona;1;1.542;3,87;;6,66;;2,21;6,23;3,42;24,09
03019035;Crema;Cremona;1;34.020;4,42;;7,81;;2,17;9,20;5,48;29,36
03019036;Cremona;Cremona;1;70.943;9,05;;11,17;;4,18;6,68;3,05;30,42
03019037;Cremosano;Cremona;1;1.725;4,63;;7,32;;3,80;10,94;4,42;31,30
03019038;Crotta d'Adda;Cremona;1;617;6,73;;5,66;;1,49;6,96;1,39;22,51
03019039;Cumignano sul Naviglio;Cremona;1;407;9,52;;9,05;;5,34;8,54;1,08;30,30
03019040;Derovere;Cremona;1;286;13,07;;16,38;;4,14;8,40;10,13;43,10
03019043;Fiesco;Cremona;1;1.184;8,41;;9,42;;0,64;10,24;4,12;29,22
03019044;Formigara;Cremona;1;1.003;5,50;;6,65;;1,75;5,10;1,53;20,72
03019045;Gabbioneta-Binanuova;Cremona;1;861;12,29;;11,48;;1,98;22,67;4,94;50,52
03019046;Gadesco-Pieve Delmona;Cremona;1;1.873;10,25;;12,07;;;3,97;0,69;22,04
03019047;Genivolta;Cremona;1;1.116;6,70;;7,95;;2,41;8,41;2,19;27,33
03019048;Gerre de' Caprioli;Cremona;1;1.305;10,38;;14,76;;0,78;4,86;3,62;27,76
03019049;Gombito;Cremona;1;611;6,85;;8,75;;2,12;8,93;4,28;29,24
03019050;Grontardo;Cremona;1;1.484;16,98;;14,31;;0,56;8,06;0,88;29,81
03019051;Grumello Cremonese ed Uniti;Cremona;1;1.679;11,57;;6,88;;1,74;12,54;0,94;29,60
03019053;Isola Dovarese;Cremona;1;1.097;39,59;;14,71;;;5,73;1,59;33,39
03019054;Izano;Cremona;1;1.940;4,74;;5,55;;0,24;10,41;5,48;26,62
03019055;Madignano;Cremona;1;2.749;4,82;;6,63;;2,80;7,87;3,09;25,79
03019056;Malagnino;Cremona;1;1.723;12,61;;14,50;;0,93;4,56;1,28;25,37
03019057;Martignana di Po;Cremona;1;2.028;29,17;;15,62;;;5,60;1,16;28,29
03019058;Monte Cremasco;Cremona;1;2.241;5,30;;5,21;;3,35;8,32;2,24;24,93
03019059;Montodine;Cremona;1;2.436;3,60;;6,63;;1,34;9,47;7,42;28,37
03019061;Motta Baluffi;Cremona;1;794;20,34;;14,42;;;5,45;4,21;29,76
03019062;Offanengo;Cremona;1;5.930;3,64;;4,65;;1,11;11,16;2,94;23,77
03019063;Olmeneta;Cremona;1;908;21,10;;13,44;;0,50;7,68;0,81;28,86
03019064;Ostiano;Cremona;1;2.681;11,64;;11,31;;2,15;6,49;2,34;28,12
03019065;Paderno Ponchielli;Cremona;1;1.339;12,59;;13,28;;1,37;4,16;3,08;27,50
03019067;Pandino;Cremona;1;8.888;4,28;;7,39;;2,07;9,32;4,85;28,41
03019068;Persico Dosimo;Cremona;1;3.280;13,36;;13,20;;0,84;4,49;1,42;24,78
03019069;Pescarolo ed Uniti;Cremona;1;1.517;14,52;;11,14;;0,14;11,37;1,99;33,94
03019070;Pessina Cremonese;Cremona;1;563;25,59;;11,95;;0,96;4,48;0,83;26,75
03019116;Piadena Drizzona;Cremona;1;3.955;9,87;;15,05;;4,08;6,89;3,07;32,79
03019072;Pianengo;Cremona;1;2.522;5,26;;7,10;;2,07;9,44;8,40;31,58
03019073;Pieranica;Cremona;1;1.115;4,97;;8,26;;2,05;5,15;2,90;22,97
03019074;Pieve d'Olmi;Cremona;1;1.227;33,72;;12,67;;;4,68;3,23;29,05
03019075;Pieve San Giacomo;Cremona;1;1.585;19,82;;11,54;;3,11;4,49;1,45;27,29
03019076;Pizzighettone;Cremona;1;6.259;5,15;;8,26;;2,31;5,49;3,57;26,65
03019077;Pozzaglio ed Uniti;Cremona;1;1.437;35,55;;11,42;;3,52;7,20;0,66;33,21
03019078;Quintano;Cremona;1;893;4,12;;7,23;;5,20;6,79;3,71;27,28
03019079;Ricengo;Cremona;1;1.740;4,04;;7,40;;0,47;7,34;9,77;36,13
03019080;Ripalta Arpina;Cremona;1;1.001;5,06;;6,51;;0,67;7,19;2,91;22,06
03019081;Ripalta Cremasca;Cremona;1;3.413;58,85;;0,08;;0,79;12,51;;26,70
03019082;Ripalta Guerina;Cremona;1;529;7,63;;4,11;;3,56;4,58;4,87;20,05
03019083;Rivarolo del Re ed Uniti;Cremona;1;1.832;30,75;;7,30;;0,97;3,61;2,36;20,35
03019084;Rivolta d'Adda;Cremona;1;8.108;8,67;;;;4,61;1,56;1,96;14,29
03019085;Robecco d'Oglio;Cremona;1;2.252;26,05;;3,17;;3,93;5,78;1,13;26,41
03019086;Romanengo;Cremona;1;3.179;5,24;;7,64;;0,70;6,64;3,48;23,66
03019087;Salvirola;Cremona;1;1.161;5,62;;6,73;;0,07;8,72;2,09;23,78
03019088;San Bassano;Cremona;1;2.092;4,54;;4,87;;0,38;5,88;2,81;20,36
03019089;San Daniele Po;Cremona;1;1.286;11,23;;10,16;;0,58;9,08;1,30;26,38
03019090;San Giovanni in Croce;Cremona;1;1.899;4,71;;12,57;;;3,48;1,45;20,43
03019091;San Martino del Lago;Cremona;1;394;18,47;;13,54;;;4,45;0,73;24,10
03019092;Scandolara Ravara;Cremona;1;1.286;16,07;;13,66;;1,31;4,61;3,32;27,71
03019093;Scandolara Ripa d'Oglio;Cremona;1;531;16,32;;14,75;;0,75;8,70;0,83;30,17
03019094;Sergnano;Cremona;1;3.463;3,95;;6,36;;2,10;8,92;3,13;25,74
03019095;Sesto ed Uniti;Cremona;1;3.188;8,07;;5,63;;1,82;6,44;1,04;21,98
03019096;Solarolo Rainerio;Cremona;1;903;8,23;;13,53;;0,12;3,78;4,86;26,55
03019097;Soncino;Cremona;1;7.505;4,80;;6,22;;1,38;7,53;3,51;23,13
03019098;Soresina;Cremona;1;8.758;15,79;;9,93;;0,77;7,28;1,54;30,28
03019099;Sospiro;Cremona;1;3.046;6,69;;13,16;;0,80;3,60;1,48;20,97
03019100;Spinadesco;Cremona;1;1.471;8,31;;6,78;;0,93;5,32;0,66;20,83
03019101;Spineda;Cremona;1;599;24,23;;7,49;;1,51;5,68;4,09;28,21
03019103;Stagno Lombardo;Cremona;1;1.421;17,06;;12,31;;0,48;4,45;0,67;23,53
03019104;Ticengo;Cremona;1;417;5,42;;6,00;;3,98;4,21;0,90;21,56
03019106;Tornata;Cremona;1;426;28,54;;11,87;;2,11;3,90;2,20;27,00
03019107;Torre de' Picenardi;Cremona;1;2.105;38,03;;13,37;;;4,66;1,27;29,24
03019108;Torricella del Pizzo;Cremona;1;561;78,80;;9,69;;0,13;3,16;7,12;33,14
03019109;Trescore Cremasco;Cremona;1;2.792;7,39;;13,54;;0,56;3,97;1,05;23,41
03019110;Trigolo;Cremona;1;1.630;5,12;;8,21;;3,29;5,32;5,58;26,46
03019111;Vaiano Cremasco;Cremona;1;3.546;5,03;;9,39;;3,19;7,50;3,81;28,35
03019112;Vailate;Cremona;1;4.605;4,43;;8,27;;2,38;8,25;3,91;27,42
03019113;Vescovato;Cremona;1;3.781;15,44;;9,83;;0,86;0,75;0,71;18,39
03019114;Volongo;Cremona;1;463;11,68;;16,96;;0,69;18,52;1,37;40,95
03019115;Voltido;Cremona;1;328;9,94;;11,73;;;3,68;0,62;19,93
18101001;Belvedere di Spinello;Crotone;1;1.899;16,48;;7,61;;1,75;17,50;;42,88
18101003;Carfizzi;Crotone;1;512;19,55;;13,76;;0,98;1,91;;38,55
18101005;Castelsilano;Crotone;1;897;16,14;;;;;3,27;;33,72
18101006;Cerenzia;Crotone;1;1.040;28,35;;2,62;;3,14;;;27,78
18101008;Ciro Marina;Crotone;1;13.840;3,62;;20,62;;5,40;7,54;;31,18
18101009;Cotronei;Crotone;1;5.221;6,97;;12,18;;2,00;4,29;3,71;33,71
18101010;Crotone;Crotone;1;58.478;4,30;;26,78;;3,34;5,94;0,39;34,70
18101011;Crucoli;Crotone;1;2.747;17,74;;24,03;;2,68;6,85;;42,74
18101014;Melissa;Crotone;1;3.213;54,69;;3,05;;1,14;1,06;;19,77
18101015;Mesoraca;Crotone;1;5.919;7,01;;18,22;;3,42;1,98;1,72;30,25
18101016;Pallagorio;Crotone;1;999;19,75;;14,34;;;4,51;1,51;38,04
18101017;Petilia Policastro;Crotone;1;8.678;15,91;;15,83;;;2,20;0,29;26,90
18101022;Santa Severina;Crotone;1;1.917;20,23;;5,89;;;4,60;1,87;23,17
18101023;Savelli;Crotone;1;1.034;4,34;;58,25;;0,73;;;37,35
18101024;Scandale;Crotone;1;2.811;11,58;;5,92;;2,62;2,16;;19,61
18101025;Strongoli;Crotone;1;6.136;16,57;;27,21;;0,18;5,78;;38,85
18101027;Verzino;Crotone;1;1.585;32,22;;28,94;;4,28;0,99;5,92;49,99
01004003;Alba - Dato aggregazione CO.A.B.SE.R.;Cuneo;54;170.553;11,30;;7,96;;2,62;5,21;2,65;26,06
01004078;Cuneo - Dato aggregazione CONSORZIO ECOLOGICO CUNEESE;Cuneo;54;162.794;9,47;;12,40;;2,70;4,38;1,71;27,96
01004130;Mondovi - Dato aggregazione AZIENDA CONSORTILE ECOLOGICA MONREGALESE (A.C.E.M.);Cuneo;87;89.900;36,33;;12,68;;;1,12;0,02;21,53
01004203;Saluzzo - Dato aggregazione C.S.E.A. CONSORZIO SERVIZI ECOLOGIA ED AMBIENTE;Cuneo;53;167.688;9,46;;12,22;;2,42;3,98;2,91;30,17
19086001;Agira;Enna;1;7.680;17,48;;25,63;;5,02;3,02;0,25;41,57
19086004;Barrafranca;Enna;1;11.887;10,79;;32,88;;11,15;9,42;1,33;53,80
19086005;Calascibetta;Enna;1;4.500;25,59;;38,28;;4,42;4,32;0,38;48,85
19086009;Enna;Enna;1;25.775;10,25;;32,00;;4,55;6,51;2,37;53,68
19086011;Leonforte;Enna;1;12.476;5,76;;18,68;;6,65;3,97;;31,93
19086012;Nicosia;Enna;1;12.819;17,65;;23,07;;9,59;3,01;;46,34
19086013;Nissoria;Enna;1;2.821;28,90;;45,48;;3,93;6,37;;55,93
19086014;Piazza Armerina;Enna;1;20.749;33,85;;18,43;;11,33;3,22;1,19;49,80
19086015;Pietraperzia;Enna;1;6.369;6,57;;17,24;;;21,60;4,94;46,36
11109001;Altidona;Fermo;1;3.516;5,69;;8,79;;3,14;2,09;2,74;21,03
11109002;Amandola;Fermo;1;3.311;31,89;;2,57;;0,40;;;15,83
11109003;Belmonte Piceno;Fermo;1;585;23,47;;11,23;;4,00;9,85;5,17;48,15
11109004;Campofilone;Fermo;1;1.909;6,27;;12,39;;2,44;2,16;2,28;21,12
11109005;Falerone;Fermo;1;3.130;15,45;;10,75;;4,01;6,41;0,94;28,91
11109006;Fermo;Fermo;1;35.932;11,33;;14,60;;2,83;6,05;4,00;31,24
11109007;Francavilla d'Ete;Fermo;1;935;5,89;;18,56;;14,33;15,22;0,93;51,78
11109008;Grottazzolina;Fermo;1;3.218;14,20;;11,49;;1,05;6,37;2,43;27,55
11109009;Lapedona;Fermo;1;1.162;13,54;;12,79;;0,75;2,81;4,13;25,88
11109010;Magliano di Tenna;Fermo;1;1.434;4,10;;7,69;;2,31;2,40;5,43;26,22
11109011;Massa Fermana;Fermo;1;877;78,45;;18,47;;5,48;6,61;1,72;54,84
11109012;Monsampietro Morico;Fermo;1;621;22,86;;17,05;;2,26;5,51;9,84;50,63
11109013;Montappone;Fermo;1;1.581;89,73;;;;4,37;0,71;0,71;33,63
11109016;Monte Giberto;Fermo;1;739;7,21;;16,44;;2,23;7,53;4,54;35,73
11109021;Monte Rinaldo;Fermo;1;323;17,68;;14,61;;6,14;18,25;4,51;50,57
11109023;Monte San Pietrangeli;Fermo;1;2.292;14,00;;13,29;;2,82;6,05;2,48;29,73
11109024;Monte Urano;Fermo;1;7.890;12,89;;10,76;;1,27;4,69;2,62;25,31
11109025;Monte Vidon Combatte;Fermo;1;400;;;20,46;;10,29;6,46;3,38;38,94
11109026;Monte Vidon Corrado;Fermo;1;683;7,41;;10,27;;7,43;5,54;1,05;28,31
11109014;Montefalcone Appennino;Fermo;1;374;2,41;;15,26;;2,54;5,04;0,36;20,74
11109015;Montefortino;Fermo;1;1.089;4,04;;19,47;;1,17;3,26;3,08;24,18
11109017;Montegiorgio;Fermo;1;6.393;10,33;;16,98;;4,85;7,46;2,38;41,38
11109018;Montegranaro;Fermo;1;12.517;20,19;;8,67;;2,25;1,39;2,17;26,16
11109019;Monteleone di Fermo;Fermo;1;357;14,38;;16,22;;1,41;9,31;;33,09
11109020;Montelparo;Fermo;1;713;82,10;;8,27;;;4,88;0,82;43,91
11109022;Monterubbiano;Fermo;1;2.054;1,75;;23,20;;3,48;6,24;15,35;47,61
11109027;Montottone;Fermo;1;881;22,99;;17,80;;2,13;5,63;2,47;37,76
11109028;Moresco;Fermo;1;528;11,24;;17,83;;1,81;2,13;0,82;25,77
11109029;Ortezzano;Fermo;1;746;8,76;;10,13;;1,06;5,78;2,92;24,20
11109030;Pedaso;Fermo;1;2.800;18,73;;17,58;;3,79;1,35;;24,33
11109032;Ponzano di Fermo;Fermo;1;1.640;4,24;;18,07;;3,11;5,49;;23,91
11109033;Porto San Giorgio;Fermo;1;15.670;10,40;;17,92;;4,89;2,64;4,58;33,70
11109034;Porto Sant'Elpidio;Fermo;1;25.918;9,79;;8,53;;3,14;7,04;4,41;31,08
11109035;Rapagnano;Fermo;1;1.924;7,23;;21,22;;2,42;4,60;1,09;31,49
11109037;Sant'Elpidio a Mare;Fermo;1;16.574;12,65;;12,29;;2,68;6,97;1,31;28,07
11109038;Servigliano;Fermo;1;2.181;11,18;;17,56;;1,03;0,41;1,78;25,84
11109039;Smerillo;Fermo;1;335;4,97;;11,26;;4,83;7,63;0,43;27,09
11109040;Torre San Patrizio;Fermo;1;1.884;15,34;;12,31;;1,11;7,98;1,16;27,13
08038001;Argenta;Ferrara;1;21.029;10,75;;10,75;;2,07;5,20;5,06;32,14
08038003;Bondeno;Ferrara;1;13.872;24,91;;20,00;;4,25;13,74;4,22;59,03
08038004;Cento;Ferrara;1;35.176;17,99;;20,46;;4,84;11,25;4,00;51,32
08038005;Codigoro;Ferrara;1;11.175;17,71;;24,51;;3,29;15,15;3,18;55,92
08038006;Comacchio;Ferrara;1;22.162;8,65;;19,29;;3,94;9,40;0,63;40,79
08038007;Copparo;Ferrara;1;15.742;18,24;;23,33;;2,87;14,67;3,14;53,92
08038008;Ferrara;Ferrara;1;131.091;18,99;;17,07;;4,09;3,82;2,52;36,34
08038027;Fiscaglia;Ferrara;1;8.349;16,57;;23,06;;3,47;14,25;2,98;52,58
08038025;Goro;Ferrara;1;3.523;13,91;;24,75;;7,16;14,25;2,96;56,54
08038010;Jolanda di Savoia;Ferrara;1;2.623;16,06;;24,38;;9,32;14,71;3,04;64,72
08038011;Lagosanto;Ferrara;1;4.729;18,44;;21,84;;3,65;13,97;2,93;51,16
08038012;Masi Torello;Ferrara;1;2.319;21,99;;28,65;;2,58;17,93;3,78;66,05
08038014;Mesola;Ferrara;1;6.475;15,17;;21,17;;2,79;13,05;2,74;48,14
08038017;Ostellato;Ferrara;1;5.723;12,76;;19,16;;2,69;11,62;2,43;42,69
08038018;Poggio Renatico;Ferrara;1;9.714;29,68;;19,34;;2,79;11,85;4,25;51,85
08038019;Portomaggiore;Ferrara;1;11.553;18,20;;22,07;;4,63;14,04;2,94;51,56
08038029;Riva del Po;Ferrara;1;7.503;24,61;;23,78;;2,97;15,85;3,33;58,53
08038028;Terre del Reno;Ferrara;1;9.879;30,76;;16,93;;2,52;10,75;2,54;44,46
08038030;Tresignana;Ferrara;1;6.905;24,40;;23,37;;2,77;15,52;3,28;56,70
08038022;Vigarano Mainarda;Ferrara;1;7.559;23,66;;15,71;;3,38;9,05;3,43;42,31
08038023;Voghiera;Ferrara;1;3.654;18,14;;18,56;;1,91;12,25;2,58;45,19
09048001;Bagno a Ripoli;Firenze;1;25.313;19,93;;23,30;;3,24;6,26;3,08;59,83
09048002;Barberino di Mugello;Firenze;1;10.884;18,76;;21,69;;3,27;6,28;4,96;48,36
09048054;Barberino Tavarnelle;Firenze;1;11.912;7,05;;10,06;;3,26;3,96;5,37;35,38
09048004;Borgo San Lorenzo;Firenze;1;18.203;19,69;;20,77;;3,71;6,54;7,80;56,18
09048005;Calenzano;Firenze;1;18.319;8,85;;9,96;;4,01;4,30;6,22;38,14
09048006;Campi Bisenzio;Firenze;1;48.068;10,62;;12,24;;5,04;5,00;4,35;44,57
09048008;Capraia e Limite;Firenze;1;7.851;28,38;;17,88;;3,86;5,45;2,89;51,25
09048010;Castelfiorentino;Firenze;1;17.372;21,32;;18,36;;2,64;4,61;8,58;54,04
09048011;Cerreto Guidi;Firenze;1;10.803;22,57;;17,47;;3,01;5,19;7,74;44,35
09048012;Certaldo;Firenze;1;15.474;31,39;;20,72;;3,97;5,75;7,19;59,51
09048013;Dicomano;Firenze;1;5.429;20,91;;18,61;;5,27;8,47;3,46;44,27
09048014;Empoli;Firenze;1;48.600;19,12;;18,52;;5,99;4,99;8,77;56,29
09048015;Fiesole;Firenze;1;13.763;20,73;;26,00;;9,58;9,48;8,56;83,46
09048052;Figline e Incisa Valdarno;Firenze;1;23.240;21,63;;13,54;;5,46;7,22;4,21;44,22
09048017;Firenze;Firenze;1;367.150;7,20;;15,69;;8,49;5,85;5,00;49,78
09048018;Firenzuola;Firenze;1;4.436;6,62;;6,51;;2,23;2,93;11,80;33,33
09048019;Fucecchio;Firenze;1;22.836;23,40;;18,04;;3,50;5,25;8,83;54,41
09048020;Gambassi Terme;Firenze;1;4.784;31,81;;21,00;;3,30;5,54;12,95;63,68
09048021;Greve in Chianti;Firenze;1;13.336;14,44;;24,75;;5,99;4,73;4,72;47,29
09048022;Impruneta;Firenze;1;14.424;15,15;;26,92;;2,22;5,48;4,56;54,81
09048024;Lastra a Signa;Firenze;1;19.656;6,77;;27,21;;4,33;5,59;4,39;53,72
09048025;Londa;Firenze;1;1.815;21,80;;17,99;;4,42;7,09;3,79;47,65
09048026;Marradi;Firenze;1;2.883;4,37;;3,33;;3,41;4,50;17,33;36,85
09048027;Montaione;Firenze;1;3.493;19,38;;19,03;;4,20;4,61;15,44;54,88
09048028;Montelupo Fiorentino;Firenze;1;14.240;23,59;;16,58;;4,23;4,79;5,38;41,25
09048030;Montespertoli;Firenze;1;13.205;26,75;;21,95;;6,66;5,25;5,23;65,95
09048031;Palazzuolo sul Senio;Firenze;1;1.108;3,90;;13,52;;2,35;5,07;14,55;37,81
09048032;Pelago;Firenze;1;7.764;9,43;;10,91;;3,48;4,58;2,80;31,00
09048033;Pontassieve;Firenze;1;20.387;7,61;;11,43;;4,75;5,24;4,38;33,59
09048035;Reggello;Firenze;1;16.512;9,63;;18,34;;5,22;6,11;5,49;41,23
09048036;Rignano sull'Arno;Firenze;1;8.560;15,57;;9,51;;5,06;6,00;6,30;39,88
09048038;San Casciano in Val di Pesa;Firenze;1;16.620;12,31;;21,09;;6,28;4,88;5,00;50,83
09048039;San Godenzo;Firenze;1;1.047;16,16;;15,52;;3,02;9,01;4,15;40,80
09048041;Scandicci;Firenze;1;49.996;13,22;;11,39;;6,02;5,48;9,56;44,01
09048053;Scarperia e San Piero;Firenze;1;12.003;19,55;;19,25;;3,72;6,77;10,50;52,24
09048043;Sesto Fiorentino;Firenze;1;49.157;10,78;;8,01;;3,61;3,81;2,44;26,76
09048044;Signa;Firenze;1;19.099;10,07;;19,33;;5,90;6,50;8,34;54,25
09048046;Vaglia;Firenze;1;5.197;19,99;;24,50;;3,41;6,71;4,48;55,30
09048049;Vicchio;Firenze;1;8.015;25,06;;28,63;;3,76;6,35;6,83;71,35
09048050;Vinci;Firenze;1;14.654;23,01;;16,65;;3,32;4,65;4,09;40,99
16071009;Candela;Foggia;1;2.528;7,93;;19,70;;7,90;5,31;1,13;37,06
16071012;Carpino;Foggia;1;3.847;15,54;;;;7,96;2,80;1,28;41,95
16071016;Castelluccio Valmaggiore;Foggia;1;1.209;12,10;;34,29;;11,02;3,97;9,27;51,18
16071017;Castelnuovo della Daunia;Foggia;1;1.270;6,05;;42,59;;3,96;2,71;;44,29
16071024;Foggia;Foggia;1;146.379;3,67;;18,73;;8,27;4,18;3,21;38,89
16071027;Lesina;Foggia;1;6.234;6,65;;38,63;;3,20;1,94;;23,25
16071028;Lucera;Foggia;1;31.403;13,01;;32,46;;8,88;3,35;9,11;46,79
16071031;Mattinata;Foggia;1;5.985;11,05;;28,44;;6,37;3,38;58,92;96,77
16071033;Monte Sant'Angelo;Foggia;1;11.477;20,53;;35,40;;11,03;6,32;3,04;60,75
16071035;Orsara di Puglia;Foggia;1;2.506;26,36;;21,46;;9,55;4,19;11,48;61,77
16071037;Panni;Foggia;1;710;7,72;;2.352,76;;2,08;3,69;5,23;35,26
16071040;Poggio Imperiale;Foggia;1;2.524;13,56;;15,97;;7,33;3,33;;41,79
16071043;Rodi Garganico;Foggia;1;3.361;15,85;;22,03;;9,54;13,29;8,88;63,86
16071046;San Giovanni Rotondo;Foggia;1;26.349;56,31;;13,58;;6,46;;;32,30
16071047;San Marco in Lamis;Foggia;1;12.789;6,65;;46,94;;4,30;4,41;0,19;40,48
16071052;Sant'Agata di Puglia;Foggia;1;1.818;5,20;;13,00;;6,11;;;15,81
16071053;Serracapriola;Foggia;1;3.693;82,30;;20,50;;11,37;4,39;52,76;106,41
16071058;Troia;Foggia;1;6.729;26,04;;27,16;;6,69;1,15;19,31;60,57
08040001;Bagno di Romagna;Forli'-Cesena;1;5.609;11,58;;12,67;;2,99;3,86;5,50;35,89
08040003;Bertinoro;Forli'-Cesena;1;10.968;8,97;;20,35;;4,91;10,53;8,56;53,99
08040004;Borghi;Forli'-Cesena;1;2.862;12,76;;11,85;;1,72;3,33;4,96;34,69
08040005;Castrocaro Terme e Terra del Sole;Forli'-Cesena;1;6.277;15,69;;16,98;;4,65;9,98;8,11;51,18
08040007;Cesena;Forli'-Cesena;1;96.307;14,27;;13,48;;1,42;1,99;3,09;26,56
08040008;Cesenatico;Forli'-Cesena;1;25.921;10,24;;16,30;;4,80;3,63;6,94;39,79
08040009;Civitella di Romagna;Forli'-Cesena;1;3.644;23,49;;25,72;;7,04;15,10;12,27;77,42
08040011;Dovadola;Forli'-Cesena;1;1.552;12,09;;21,78;;5,51;11,83;9,62;60,66
08040012;Forli;Forli'-Cesena;1;116.861;9,24;;15,56;;3,99;8,56;6,96;43,86
08040013;Forlimpopoli;Forli'-Cesena;1;13.077;14,91;;18,59;;5,00;10,73;8,72;55,00
08040014;Galeata;Forli'-Cesena;1;2.432;17,27;;17,83;;4,91;10,54;8,57;54,05
08040015;Gambettola;Forli'-Cesena;1;10.619;13,88;;9,93;;2,34;2,28;3,48;29,43
08040016;Gatteo;Forli'-Cesena;1;9.315;12,74;;9,53;;1,75;3,01;2,66;24,98
08040018;Longiano;Forli'-Cesena;1;7.220;7,48;;6,32;;1,18;3,28;1,94;21,70
08040019;Meldola;Forli'-Cesena;1;9.852;12,48;;20,10;;5,19;11,14;9,06;57,12
08040020;Mercato Saraceno;Forli'-Cesena;1;6.785;9,74;;3,42;;1,31;2,03;3,03;20,71
08040022;Modigliana;Forli'-Cesena;1;4.336;13,74;;20,71;;5,41;11,61;9,44;59,52
08040028;Montiano;Forli'-Cesena;1;1.677;7,55;;9,16;;0,21;4,96;3,56;26,01
08040031;Portico e San Benedetto;Forli'-Cesena;1;734;18,81;;32,70;;8,33;17,88;14,54;91,67
08040032;Predappio;Forli'-Cesena;1;6.234;14,17;;22,12;;5,75;8,06;10,02;58,94
08040033;Premilcuore;Forli'-Cesena;1;707;6,68;;25,60;;9,18;2,89;5,74;38,11
08040036;Rocca San Casciano;Forli'-Cesena;1;1.793;14,39;;16,84;;4,57;9,80;7,97;50,24
08040037;Roncofreddo;Forli'-Cesena;1;3.384;7,20;;6,27;;1,66;3,02;3,20;25,09
08040041;San Mauro Pascoli;Forli'-Cesena;1;12.228;9,52;;13,17;;2,71;2,24;4,99;30,21
08040043;Santa Sofia;Forli'-Cesena;1;4.029;10,72;;15,03;;4,11;2,63;5,30;35,44
08040044;Sarsina;Forli'-Cesena;1;3.289;13,46;;8,53;;3,81;3,43;4,82;37,19
08040045;Savignano sul Rubicone;Forli'-Cesena;1;17.803;7,64;;10,66;;1,63;1,77;2,65;22,76
08040046;Sogliano al Rubicone;Forli'-Cesena;1;3.129;8,66;;8,47;;1,69;3,68;5,77;30,43
08040049;Tredozio;Forli'-Cesena;1;1.125;20,98;;23,15;;6,33;13,58;11,04;69,61
08040050;Verghereto;Forli'-Cesena;1;1.755;10,22;;10,28;;1,75;3,06;8,89;35,89
12060002;Acuto;Frosinone;1;1.873;17,44;;28,22;;4,43;5,78;7,42;45,75
12060004;Alvito - Dato aggregazione Unione Valle Del Comino;Frosinone;5;7.014;25,87;;15,68;;;4,29;;35,07
12060005;Amaseno;Frosinone;1;4.041;27,71;;9,32;;1,45;19,06;1,32;45,49
12060006;Anagni;Frosinone;1;20.735;5,18;;36,56;;2,76;1,00;;30,16
12060007;Aquino;Frosinone;1;4.944;18,31;;20,69;;8,07;1,65;0,51;39,91
12060008;Arce;Frosinone;1;5.383;14,13;;44,56;;;3,77;7,67;54,70
12060009;Arnara;Frosinone;1;2.177;10,71;;19,62;;0,71;10,36;1,75;40,89
12060010;Arpino;Frosinone;1;6.777;15,59;;23,66;;5,89;10,20;;47,15
12060012;Ausonia;Frosinone;1;2.423;7,60;;28,91;;;4,31;;36,28
12060013;Belmonte Castello;Frosinone;1;692;7,20;;37,51;;0,68;0,02;1,84;28,78
12060014;Boville Ernica;Frosinone;1;8.278;9,68;;29,81;;;6,02;1,13;35,23
12060017;Casalattico;Frosinone;1;539;37,97;;;;17,71;30,15;;72,01
12060018;Casalvieri;Frosinone;1;2.355;10,08;;34,02;;5,43;13,76;;50,01
12060019;Cassino;Frosinone;1;35.300;;;;;;0,70;5,75;15,31
12060020;Castelliri;Frosinone;1;3.202;14,17;;29,37;;1,13;5,82;2,34;41,72
12060021;Castelnuovo Parano;Frosinone;1;853;12,46;;4,73;;0,18;17,61;2,24;48,86
12060022;Castrocielo;Frosinone;1;3.825;12,11;;25,39;;8,28;4,31;0,92;44,75
12060024;Ceccano;Frosinone;1;22.423;11,37;;19,23;;2,41;1,20;2,93;31,83
12060025;Ceprano;Frosinone;1;8.282;7,43;;16,03;;4,06;1,53;2,24;30,71
12060026;Cervaro;Frosinone;1;7.759;;;9,26;;10,14;12,22;4,35;44,86
12060027;Colfelice;Frosinone;1;1.799;6,99;;26,52;;;2,45;0,98;32,94
12060029;Colle San Magno;Frosinone;1;634;22,95;;27,56;;2,32;10,73;0,94;55,92
12060028;Collepardo;Frosinone;1;890;21,29;;12,22;;2,09;8,91;4,32;49,76
12060030;Coreno Ausonio;Frosinone;1;1.524;64,82;;;;;8,19;0,62;48,12
12060031;Esperia;Frosinone;1;3.607;3,52;;33,99;;3,16;9,86;4,16;45,14
12060032;Falvaterra;Frosinone;1;508;63,90;;63,04;;;0,62;;64,03
12060033;Ferentino;Frosinone;1;20.100;11,49;;15,73;;2,75;11,14;4,96;44,79
12060034;Filettino;Frosinone;1;518;10,34;;87,48;;3,36;15,29;19,29;106,02
12060035;Fiuggi;Frosinone;1;10.055;9,76;;23,55;;5,47;2,89;2,88;44,11
12060036;Fontana Liri;Frosinone;1;2.752;19,23;;;;;;7,48;27,13
12060039;Fumone;Frosinone;1;1.995;42,87;;25,84;;4,96;3,96;0,94;49,71
12060041;Giuliano di Roma;Frosinone;1;2.332;;;38,10;;;1,92;;34,76
12060042;Guarcino;Frosinone;1;1.506;22,96;;46,01;;5,49;0,98;7,73;38,07
12060044;Monte San Giovanni Campano;Frosinone;1;12.086;21,85;;21,19;;1,26;5,01;1,36;37,98
12060045;Morolo;Frosinone;1;3.147;9,89;;39,54;;7,39;7,58;0,91;61,50
12060046;Paliano;Frosinone;1;7.937;11,50;;21,15;;8,83;2,90;8,72;53,98
12060047;Pastena;Frosinone;1;1.260;;;;;;11,28;0,24;25,62
12060048;Patrica;Frosinone;1;3.067;50,20;;4,77;;2,12;4,14;5,32;35,59
12060049;Pescosolido;Frosinone;1;1.448;10,76;;167,35;;2,69;4,89;8,48;73,85
12060051;Pico;Frosinone;1;2.636;3,93;;15,15;;;3,20;0,21;13,61
12060052;Piedimonte San Germano;Frosinone;1;6.299;15,22;;17,11;;5,75;3,47;1,00;39,29
12060053;Piglio;Frosinone;1;4.365;20,13;;36,81;;8,45;3,53;7,05;59,66
12060054;Pignataro Interamna;Frosinone;1;2.400;56,33;;;;;5,80;0,10;42,68
12060055;Pofi;Frosinone;1;3.928;21,62;;2,79;;0,71;3,87;;39,04
12060056;Pontecorvo;Frosinone;1;12.361;2,46;;81,83;;4,50;2,57;;30,16
12060057;Posta Fibreno;Frosinone;1;1.060;4,15;;27,34;;;3,17;6,01;31,41
12060058;Ripi;Frosinone;1;5.054;8,97;;30,18;;3,11;5,21;0,54;37,48
12060060;Roccasecca;Frosinone;1;6.910;6,12;;17,98;;1,91;2,02;4,62;31,88
12060061;San Biagio Saracinisco;Frosinone;1;302;4,82;;24,86;;;6,15;;30,99
12060063;San Giorgio a Liri;Frosinone;1;3.016;6,39;;25,53;;7,01;0,80;0,44;36,75
12060064;San Giovanni Incarico;Frosinone;1;3.080;31,07;;8,97;;3,31;6,11;;41,53
12060070;San Vittore del Lazio;Frosinone;1;2.469;10,61;;37,20;;0,82;3,94;;43,08
12060065;Sant'Ambrogio sul Garigliano;Frosinone;1;876;58,40;;19,65;;1,31;21,13;4,64;56,92
12060067;Sant'Apollinare;Frosinone;1;1.831;32,70;;10,70;;3,04;2,10;0,38;40,55
12060068;Sant'Elia Fiumerapido;Frosinone;1;5.639;6,86;;24,99;;3,55;3,53;;36,21
12060069;Santopadre;Frosinone;1;1.203;19,68;;5,84;;;15,82;;48,72
12060071;Serrone;Frosinone;1;2.983;33,33;;28,97;;1,70;6,50;3,22;53,33
12060073;Sgurgola;Frosinone;1;2.369;14,89;;34,51;;3,54;6,93;6,95;62,72
12060075;Strangolagalli;Frosinone;1;2.251;9,32;;32,49;;4,78;3,78;0,85;38,42
12060076;Supino;Frosinone;1;4.621;6,41;;22,14;;1,48;4,22;4,83;35,47
12060077;Terelle;Frosinone;1;305;7,29;;23,37;;1,54;5,65;;32,87
12060078;Torre Cajetani;Frosinone;1;1.290;6,81;;37,57;;3,83;6,77;0,97;43,29
12060079;Torrice;Frosinone;1;4.724;9,31;;18,39;;2,49;8,39;5,89;48,74
12060080;Trevi nel Lazio;Frosinone;1;1.721;20,92;;16,65;;4,03;4,56;4,63;62,62
12060081;Trivigliano;Frosinone;1;1.616;14,29;;37,20;;1,63;7,24;;49,49
12060083;Vallemaio;Frosinone;1;887;18,84;;40,67;;1,08;8,61;0,97;56,84
12060084;Vallerotonda;Frosinone;1;1.400;5,41;;;;1,44;4,91;0,21;29,68
12060085;Veroli;Frosinone;1;19.720;11,33;;29,73;;3,35;4,58;0,87;39,99
12060087;Vico nel Lazio;Frosinone;1;2.056;24,56;;20,50;;2,64;6,72;1,14;48,84
12060089;Villa Santa Lucia;Frosinone;1;2.507;18,98;;20,06;;2,59;22,63;0,05;53,07
12060090;Villa Santo Stefano;Frosinone;1;1.632;7,37;;7,20;;11,05;8,92;0,07;30,53
07010001;Arenzano;Genova;1;11.176;3,51;;31,63;;8,47;10,64;1,42;49,74
07010002;Avegno;Genova;1;2.516;55,52;;12,81;;;0,35;;30,54
07010003;Bargagli;Genova;1;2.541;2,67;;22,19;;0,83;2,20;2,27;23,15
07010004;Bogliasco;Genova;1;4.369;8,03;;16,85;;14,65;5,29;0,97;36,34
07010005;Borzonasca;Genova;1;1.800;11,03;;14,16;;;3,89;2,02;33,77
07010006;Busalla;Genova;1;5.146;24,50;;11,17;;;8,38;3,59;36,18
07010007;Camogli;Genova;1;5.050;21,74;;22,23;;1,09;4,90;1,61;37,21
07010008;Campo Ligure;Genova;1;2.793;22,00;;7,93;;;6,13;1,82;31,13
07010009;Campomorone;Genova;1;6.476;10,56;;24,20;;;7,22;4,08;43,09
07010010;Carasco;Genova;1;3.744;8,65;;10,57;;0,97;3,35;1,64;21,03
07010011;Casarza Ligure;Genova;1;6.712;7,32;;12,55;;1,03;4,43;0,69;23,12
07010012;Casella;Genova;1;3.119;4,71;;25,06;;;2,43;3,33;28,88
07010013;Castiglione Chiavarese;Genova;1;1.571;9,46;;19,41;;;4,78;0,78;30,19
07010014;Ceranesi;Genova;1;3.628;19,81;;16,50;;;8,24;3,62;46,15
07010016;Cicagna;Genova;1;2.238;7,23;;14,51;;2,46;4,28;2,19;25,61
07010017;Cogoleto;Genova;1;8.589;23,44;;29,23;;10,55;8,83;1,02;55,22
07010018;Cogorno;Genova;1;5.699;9,00;;20,32;;1,66;5,04;3,71;32,73
07010019;Coreglia Ligure;Genova;1;267;8,64;;15,89;;1,29;2,15;2,19;22,57
07010020;Crocefieschi;Genova;1;520;4,17;;59,35;;3,34;6,48;;41,61
07010021;Davagna;Genova;1;1.831;3,09;;10,57;;;8,19;2,07;30,28
07010022;Fascia;Genova;1;73;11,76;;38,44;;1,70;30,75;1,52;68,33
07010023;Favale di Malvaro;Genova;1;431;15,85;;25,15;;2,15;12,81;3,63;47,90
07010024;Fontanigorda;Genova;1;244;6,48;;39,93;;0,49;10,13;2,47;39,81
07010025;Genova;Genova;1;560.688;20,30;;19,87;;5,35;13,31;4,44;56,60
07010026;Gorreto;Genova;1;94;4,84;;55,10;;0,95;7,78;0,48;35,01
07010027;Isola del Cantone;Genova;1;1.389;3,73;;41,65;;;10,03;0,39;36,05
07010028;Lavagna;Genova;1;12.233;7,33;;16,55;;6,46;9,66;4,78;42,55
07010029;Leivi;Genova;1;2.395;18,80;;19,16;;1,49;6,36;3,13;34,13
07010032;Masone;Genova;1;3.439;25,79;;7,20;;;5,20;3,05;31,05
07010033;Mele;Genova;1;2.583;13,13;;7,11;;;5,06;2,45;25,91
07010034;Mezzanego;Genova;1;1.468;12,10;;17,05;;0,92;1,83;8,64;36,29
07010035;Mignanego;Genova;1;3.475;24,33;;15,05;;;10,04;8,73;53,19
07010037;Moneglia;Genova;1;2.584;11,88;;19,88;;5,84;3,93;1,43;40,63
07010038;Montebruno;Genova;1;208;7,11;;85,44;;0,69;13,47;2,10;56,73
07010039;Montoggio;Genova;1;1.985;3,43;;40,57;;;5,06;3,56;34,34
07010040;Ne;Genova;1;2.116;5,67;;20,89;;0,14;9,41;3,39;44,49
07010041;Neirone;Genova;1;831;11,67;;25,29;;1,78;2,91;0,83;36,11
07010042;Orero;Genova;1;502;10,82;;19,87;;4,78;4,41;2,86;33,72
07010043;Pieve Ligure;Genova;1;2.429;46,16;;23,64;;4,08;7,35;1,29;46,55
07010044;Portofino;Genova;1;376;32,20;;36,52;;14,67;5,00;;61,06
07010045;Propata;Genova;1;114;7,67;;33,60;;1,19;26,93;;54,16
07010046;Rapallo;Genova;1;28.999;8,11;;14,75;;13,66;5,18;4,41;51,02
07010047;Recco;Genova;1;9.448;18,19;;23,23;;8,56;6,72;1,48;47,58
07010048;Rezzoaglio;Genova;1;874;7,33;;29,18;;;2,63;10,10;41,40
07010049;Ronco Scrivia;Genova;1;4.161;2,36;;45,81;;;4,51;1,12;33,48
07010051;Rossiglione;Genova;1;2.573;27,60;;8,97;;;6,62;1,49;34,93
07010052;Rovegno;Genova;1;493;8,19;;55,38;;0,40;4,85;0,46;43,39
07010053;San Colombano Certenoli;Genova;1;2.546;10,02;;18,15;;1,49;2,86;2,48;28,45
07010054;Santa Margherita Ligure;Genova;1;8.566;5,76;;20,39;;5,56;8,64;3,91;52,43
07010056;Santo Stefano d'Aveto;Genova;1;981;9,78;;40,89;;1,00;6,75;3,28;60,51
07010055;Sant'Olcese;Genova;1;5.569;10,14;;25,18;;;7,69;3,94;41,74
07010057;Savignone;Genova;1;3.036;3,50;;26,78;;;14,41;0,98;53,89
07010058;Serra Ricco;Genova;1;7.591;17,14;;23,30;;2,02;9,56;7,53;54,99
07010059;Sestri Levante;Genova;1;17.619;10,48;;18,75;;6,18;2,53;1,55;35,92
07010060;Sori;Genova;1;4.012;27,60;;19,31;;7,48;5,88;7,71;48,78
07010061;Tiglieto;Genova;1;475;10,51;;7,50;;;3,58;1,10;20,84
07010062;Torriglia;Genova;1;2.186;5,35;;78,79;;0,15;5,55;0,30;36,71
07010063;Tribogna;Genova;1;564;12,92;;16,70;;1,51;5,01;4,52;31,65
07010064;Uscio;Genova;1;2.127;5,51;;21,85;;3,82;3,30;0,62;28,70
07010065;Valbrevenna;Genova;1;758;2,76;;23,13;;;6,95;4,62;38,42
07010066;Vobbia;Genova;1;365;2,00;;19,83;;;9,73;1,27;34,83
07010067;Zoagli;Genova;1;2.308;11,34;;13,39;;12,55;8,04;8,18;54,48
06031001;Capriva del Friuli;Gorizia;1;1.605;23,82;;7,00;;2,25;2,91;2,04;28,89
06031002;Cormons;Gorizia;1;7.229;25,25;;7,65;;3,43;2,94;2,93;34,39
06031003;Doberdo del Lago;Gorizia;1;1.311;35,56;;7,69;;0,73;4,86;2,14;29,14
06031004;Dolegna del Collio;Gorizia;1;316;35,19;;10,51;;0,53;3,92;2,84;38,41
06031005;Farra d'Isonzo;Gorizia;1;1.695;29,20;;8,43;;2,00;3,99;2,39;32,20
06031006;Fogliano Redipuglia;Gorizia;1;2.981;21,73;;7,53;;0,56;4,83;2,74;28,54
06031007;Gorizia;Gorizia;1;33.837;25,89;;9,34;;5,95;3,06;3,40;37,88
06031008;Gradisca d'Isonzo;Gorizia;1;6.346;25,54;;7,41;;2,41;3,40;2,25;32,09
06031009;Grado;Gorizia;1;7.776;11,25;;16,90;;7,94;5,77;3,88;50,15
06031010;Mariano del Friuli;Gorizia;1;1.464;25,19;;7,51;;1,02;3,19;2,36;28,82
06031011;Medea;Gorizia;1;949;26,45;;6,95;;1,26;3,29;2,24;30,82
06031012;Monfalcone;Gorizia;1;29.637;20,10;;11,34;;4,61;2,44;2,22;33,81
06031013;Moraro;Gorizia;1;696;35,70;;6,50;;1,86;3,09;2,16;29,05
06031014;Mossa;Gorizia;1;1.515;32,24;;7,34;;2,03;3,99;2,26;34,79
06031015;Romans d'Isonzo;Gorizia;1;3.667;32,99;;7,94;;3,48;3,50;2,61;32,93
06031016;Ronchi dei Legionari;Gorizia;1;11.807;29,00;;7,56;;3,79;3,25;2,22;34,42
06031017;Sagrado;Gorizia;1;2.167;29,53;;8,37;;0,45;4,79;2,24;30,74
06031018;San Canzian d'Isonzo;Gorizia;1;6.027;27,48;;7,97;;2,55;8,79;3,12;38,03
06031019;San Floriano del Collio;Gorizia;1;744;33,02;;9,39;;2,99;3,72;2,50;35,50
06031020;San Lorenzo Isontino;Gorizia;1;1.521;27,45;;6,88;;1,54;3,27;2,12;29,15
06031021;San Pier d'Isonzo;Gorizia;1;1.985;21,49;;7,24;;0,84;2,93;2,08;26,99
06031022;Savogna d'Isonzo;Gorizia;1;1.723;25,24;;8,31;;0,11;4,99;2,15;29,58
06031023;Staranzano;Gorizia;1;7.184;25,44;;8,09;;1,92;4,88;2,88;32,22
06031024;Turriaco;Gorizia;1;2.814;31,29;;8,08;;0,60;3,93;2,41;32,43
06031025;Villesse;Gorizia;1;1.670;16,53;;11,49;;2,02;2,09;1,98;31,25
09053001;Arcidosso;Grosseto;1;4.261;27,06;;16,82;;7,31;4,96;6,16;58,20
09053003;Capalbio;Grosseto;1;3.887;7,30;;18,99;;3,13;7,34;1,75;36,59
09053004;Castel del Piano;Grosseto;1;4.816;20,05;;15,18;;4,69;4,85;4,41;51,08
09053005;Castell'Azzara;Grosseto;1;1.309;18,64;;27,26;;7,98;11,89;4,65;59,27
09053007;Cinigiano;Grosseto;1;2.391;12,88;;17,56;;9,30;7,18;7,63;50,47
09053008;Civitella Paganico;Grosseto;1;3.011;13,55;;20,69;;5,66;7,96;4,83;48,80
09053009;Follonica;Grosseto;1;20.542;15,18;;19,25;;6,96;5,42;5,08;46,95
09053011;Grosseto;Grosseto;1;81.440;10,83;;11,81;;5,04;6,45;1,26;38,07
09053012;Isola del Giglio;Grosseto;1;1.338;14,13;;28,81;;11,53;10,05;2,54;57,05
09053013;Magliano in Toscana;Grosseto;1;3.324;33,64;;30,11;;7,17;13,45;4,56;67,04
09053014;Manciano;Grosseto;1;7.109;11,20;;18,44;;2,72;9,48;4,09;45,15
09053016;Monte Argentario;Grosseto;1;11.994;13,07;;37,79;;6,02;4,41;4,36;49,11
09053017;Montieri;Grosseto;1;1.177;21,57;;39,14;;6,96;5,56;4,15;64,02
09053018;Orbetello;Grosseto;1;14.360;8,46;;20,92;;7,79;4,46;2,41;41,54
09053019;Pitigliano;Grosseto;1;3.592;13,19;;22,39;;8,01;4,88;2,09;44,36
09053021;Roccastrada;Grosseto;1;8.749;12,94;;15,22;;3,92;9,72;4,89;42,61
09053022;Santa Fiora;Grosseto;1;2.485;12,48;;15,88;;4,72;4,43;1,93;39,30
09053023;Scansano;Grosseto;1;4.241;17,18;;29,37;;4,45;7,84;2,73;51,12
09053024;Scarlino;Grosseto;1;3.812;12,48;;18,68;;4,71;7,90;8,60;48,93
09053025;Seggiano;Grosseto;1;1.016;9,36;;21,63;;2,52;5,24;3,14;36,21
09053028;Semproniano;Grosseto;1;982;18,29;;33,48;;11,93;14,96;5,61;77,26
09053026;Sorano;Grosseto;1;3.091;13,01;;22,62;;3,98;7,73;3,39;44,63
07008001;Airole;Imperia;1;368;18,18;;11,54;;21,20;13,65;4,69;66,61
07008002;Apricale;Imperia;1;611;4,90;;10,44;;13,00;6,04;0,55;39,16
07008003;Aquila d'Arroscia;Imperia;1;145;23,90;;26,75;;2,77;15,57;2,38;59,73
07008004;Armo;Imperia;1;119;12,77;;23,89;;5,16;8,06;1,94;51,68
07008006;Badalucco;Imperia;1;1.057;8,06;;3,84;;6,33;6,15;0,59;30,45
07008007;Bajardo;Imperia;1;337;24,47;;39,39;;1,36;35,48;77,91;160,83
07008008;Bordighera;Imperia;1;10.171;10,85;;25,72;;17,58;8,12;1,33;58,50
07008009;Borghetto d'Arroscia;Imperia;1;408;26,10;;40,98;;;13,17;11,62;76,32
07008010;Borgomaro;Imperia;1;823;11,01;;25,33;;7,46;15,93;1,94;66,50
07008011;Camporosso;Imperia;1;5.516;9,29;;10,27;;7,18;4,66;1,24;33,67
07008012;Caravonica;Imperia;1;265;63,40;;22,28;;5,10;18,27;;62,01
07008015;Castel Vittorio;Imperia;1;258;14,84;;18,91;;8,82;16,21;13,78;67,90
07008014;Castellaro;Imperia;1;1.247;15,26;;25,79;;6,07;5,62;0,87;39,96
07008016;Ceriana;Imperia;1;1.070;7,21;;15,48;;4,67;9,35;1,31;36,53
07008017;Cervo;Imperia;1;1.113;6,15;;44,81;;7,28;3,91;4,51;49,71
07008019;Chiusanico;Imperia;1;593;2,43;;44,98;;5,14;4,98;1,48;35,75
07008020;Chiusavecchia;Imperia;1;514;15,26;;24,91;;3,45;16,27;2,31;66,87
07008021;Cipressa;Imperia;1;1.177;11,72;;28,18;;8,71;21,04;4,70;79,67
07008022;Civezza;Imperia;1;626;14,40;;21,52;;15,44;10,92;2,26;62,75
07008023;Cosio d'Arroscia;Imperia;1;175;5,77;;19,28;;9,12;15,94;1,32;53,90
07008024;Costarainera;Imperia;1;773;25,99;;26,44;;5,43;16,40;14,60;70,79
07008025;Diano Arentino;Imperia;1;680;6,11;;43,01;;9,82;18,47;2,46;63,82
07008026;Diano Castello;Imperia;1;2.252;4,06;;58,63;;9,05;9,68;10,87;59,96
07008027;Diano Marina;Imperia;1;5.595;3,45;;63,21;;8,58;4,18;5,64;52,47
07008028;Diano San Pietro;Imperia;1;1.086;2,77;;42,12;;6,30;4,97;;36,57
07008029;Dolceacqua;Imperia;1;2.137;8,65;;11,76;;7,96;5,05;8,72;52,51
07008030;Dolcedo;Imperia;1;1.258;13,56;;23,29;;11,17;4,35;6,99;92,67
07008031;Imperia;Imperia;1;42.060;11,06;;37,55;;8,18;6,00;17,40;68,76
07008032;Isolabona;Imperia;1;683;11,61;;6,05;;6,89;7,16;26,14;64,12
07008033;Lucinasco;Imperia;1;291;18,71;;18,69;;;12,41;2,15;47,93
07008034;Mendatica;Imperia;1;161;14,25;;44,63;;9,93;20,57;3,12;84,16
07008035;Molini di Triora;Imperia;1;624;33,47;;36,37;;9,36;4,28;9,64;64,14
07008068;Montalto Carpasio;Imperia;1;501;45,22;;27,32;;;23,30;59,00;122,83
07008037;Montegrosso Pian Latte;Imperia;1;120;;;24,18;;;17,21;;58,44
07008038;Olivetta San Michele;Imperia;1;203;7,67;;9,60;;9,31;7,84;7,53;46,14
07008040;Perinaldo;Imperia;1;841;7,93;;22,60;;6,73;6,72;3,28;41,85
07008041;Pietrabruna;Imperia;1;451;21,86;;25,35;;7,37;8,57;2,85;56,39
07008042;Pieve di Teco;Imperia;1;1.311;6,41;;18,49;;4,47;12,70;1,23;42,79
07008043;Pigna;Imperia;1;761;12,43;;20,09;;8,86;6,47;13,96;45,17
07008044;Pompeiana;Imperia;1;850;23,23;;26,87;;12,98;14,44;6,56;70,57
07008045;Pontedassio;Imperia;1;2.329;8,43;;26,68;;1,82;3,93;6,39;38,24
07008046;Pornassio;Imperia;1;652;14,89;;33,00;;7,66;9,63;4,11;60,45
07008047;Prela;Imperia;1;480;38,07;;45,69;;6,31;12,42;32,10;104,21
07008048;Ranzo;Imperia;1;558;15,53;;26,11;;1,03;4,39;3,09;42,10
07008049;Rezzo;Imperia;1;308;37,69;;24,16;;10,15;16,93;1,87;65,50
07008050;Riva Ligure;Imperia;1;2.812;15,58;;17,16;;8,81;10,38;5,54;51,21
07008052;San Bartolomeo al Mare;Imperia;1;2.929;3,47;;62,77;;7,85;4,18;4,49;52,64
07008053;San Biagio della Cima;Imperia;1;1.222;42,02;;;;;;16,41;44,63
07008054;San Lorenzo al Mare;Imperia;1;1.214;24,16;;31,59;;13,27;8,90;10,59;75,07
07008055;Sanremo;Imperia;1;53.154;3,60;;19,31;;14,45;7,52;10,16;55,94
07008056;Santo Stefano al Mare;Imperia;1;2.032;13,71;;26,25;;7,47;5,93;4,87;50,95
07008057;Seborga;Imperia;1;279;8,82;;17,82;;6,86;2,51;;33,17
07008058;Soldano;Imperia;1;991;19,13;;13,06;;6,71;7,16;5,15;48,55
07008059;Taggia;Imperia;1;13.767;5,66;;18,68;;6,89;5,84;3,66;38,36
07008060;Terzorio;Imperia;1;235;14,15;;10,83;;9,06;25,49;1,11;57,61
07008061;Triora;Imperia;1;360;22,09;;27,74;;15,43;15,25;1,70;65,94
07008062;Vallebona;Imperia;1;1.235;7,21;;10,57;;4,80;6,21;9,28;40,76
07008063;Vallecrosia;Imperia;1;6.660;7,16;;19,32;;4,27;2,47;1,44;32,19
07008064;Vasia;Imperia;1;366;7,60;;36,88;;11,45;4,24;2,94;51,94
07008066;Vessalico;Imperia;1;239;11,68;;33,82;;3,93;7,88;3,59;53,21
07008067;Villa Faraldi;Imperia;1;449;8,19;;31,74;;9,11;10,06;6,93;55,42
14094001;Acquaviva d'Isernia;Isernia;1;378;20,31;;27,61;;19,46;25,98;1,10;83,74
14094003;Bagnoli del Trigno;Isernia;1;647;7,90;;23,27;;5,01;8,23;3,08;34,85
14094006;Capracotta;Isernia;1;811;17,91;;31,83;;3,76;8,38;1,63;46,71
14094007;Carovilli;Isernia;1;1.278;9,57;;21,39;;2,62;7,52;;34,75
14094008;Carpinone;Isernia;1;1.027;14,18;;12,06;;7,71;7,53;0,48;35,86
14094009;Castel del Giudice;Isernia;1;320;47,25;;77,81;;4,24;13,98;;79,65
14094010;Castelpetroso;Isernia;1;1.539;33,57;;10,05;;3,15;6,69;0,26;33,24
14094014;Cerro al Volturno;Isernia;1;1.155;5,39;;37,26;;3,85;8,82;;32,10
14094015;Chiauci;Isernia;1;205;133,62;;14,89;;;6,49;1,02;72,02
14094016;Civitanova del Sannio;Isernia;1;889;12,27;;30,70;;;3,93;0,79;35,84
14094019;Filignano;Isernia;1;581;6,82;;25,18;;;5,69;4,35;32,66
14094020;Forli del Sannio;Isernia;1;632;7,20;;33,51;;7,72;7,96;0,66;42,82
14094023;Isernia;Isernia;1;20.771;8,33;;12,07;;3,95;3,71;0,90;24,51
14094026;Macchiagodena;Isernia;1;1.636;5,76;;10,15;;5,46;2,44;0,38;20,94
14094028;Montaquila;Isernia;1;2.282;4,85;;14,84;;0,48;4,90;3,96;26,08
14094029;Montenero Val Cocchiara;Isernia;1;502;14,49;;27,11;;1,26;15,84;0,93;52,15
14094033;Pescopennataro;Isernia;1;233;13,72;;38,43;;;4,05;2,11;45,60
14094035;Pietrabbondante;Isernia;1;633;18,00;;10,06;;14,59;7,99;0,73;42,01
14094041;Roccasicura;Isernia;1;492;42,16;;8,01;;10,56;12,90;0,30;51,70
14094045;Santa Maria del Molise;Isernia;1;655;13,72;;30,58;;1,75;1,75;;30,77
14094046;Sant'Angelo del Pesco;Isernia;1;322;52,43;;68,73;;;8,28;;69,00
14094047;Sant'Elena Sannita;Isernia;1;269;15,89;;;;27,35;0,02;;58,88
14094048;Scapoli;Isernia;1;579;11,29;;35,38;;3,61;3,91;0,48;28,28
14094049;Sessano del Molise;Isernia;1;658;7,70;;35,76;;2,20;0,68;15,97;40,98
14094051;Vastogirardi;Isernia;1;632;13,87;;30,87;;;2,78;0,78;35,46
14094052;Venafro;Isernia;1;10.944;38,82;;10,68;;5,25;7,89;1,38;41,49
07011001;Ameglia;La Spezia;1;4.292;26,92;;31,51;;4,22;5,50;2,32;53,31
07011003;Beverino;La Spezia;1;2.251;35,07;;41,97;;;6,41;5,33;60,64
07011004;Bolano;La Spezia;1;7.437;13,23;;23,12;;0,23;4,52;2,13;40,87
07011005;Bonassola;La Spezia;1;817;22,06;;56,17;;11,40;7,84;2,89;76,54
07011007;Brugnato;La Spezia;1;1.280;12,40;;29,73;;1,11;5,05;3,69;43,00
07011008;Calice al Cornoviglio;La Spezia;1;1.039;21,27;;60,28;;;20,83;4,65;77,76
07011011;Castelnuovo Magra;La Spezia;1;8.331;12,32;;18,86;;0,28;5,22;4,61;34,30
07011012;Deiva Marina;La Spezia;1;1.304;14,05;;38,95;;7,04;3,39;5,25;54,62
07011014;Framura;La Spezia;1;598;78,90;;44,13;;2,34;15,73;2,24;81,39
07011015;La Spezia;La Spezia;1;92.216;27,50;;17,89;;6,84;7,26;2,70;46,91
07011017;Levanto;La Spezia;1;5.188;13,88;;19,14;;12,26;4,15;2,07;46,51
07011020;Luni;La Spezia;1;8.211;28,54;;25,30;;0,56;5,66;3,62;44,36
07011018;Maissana;La Spezia;1;584;9,53;;44,44;;;5,97;3,03;60,73
07011019;Monterosso al Mare;La Spezia;1;1.365;53,06;;45,00;;6,44;3,90;6,17;79,94
07011021;Pignone;La Spezia;1;521;21,40;;43,13;;15,40;20,01;9,03;89,00
07011022;Portovenere;La Spezia;1;3.294;9,93;;36,91;;17,77;14,55;11,78;81,68
07011023;Ricco del Golfo di Spezia;La Spezia;1;3.595;27,88;;26,03;;;5,61;4,65;45,58
07011024;Riomaggiore;La Spezia;1;1.349;23,42;;70,05;;22,54;12,87;4,04;97,39
07011025;Rocchetta di Vara;La Spezia;1;674;26,30;;57,03;;0,38;9,42;8,75;76,23
07011026;Santo Stefano di Magra;La Spezia;1;9.813;12,83;;15,28;;0,60;9,44;7,26;41,14
07011027;Sarzana;La Spezia;1;21.611;12,35;;25,78;;3,44;5,24;2,77;43,59
07011028;Sesta Godano;La Spezia;1;1.270;23,75;;38,50;;6,00;10,86;3,57;62,87
07011031;Vezzano Ligure;La Spezia;1;7.193;20,12;;24,74;;4,86;6,07;7,67;53,00
07011032;Zignago;La Spezia;1;472;31,63;;29,75;;3,58;7,55;0,81;47,48
13066002;Aielli;L'Aquila;1;1.422;16,95;;13,35;;;6,72;1,20;30,51
13066003;Alfedena;L'Aquila;1;925;16,15;;17,38;;4,92;6,79;3,86;42,79
13066005;Ateleta;L'Aquila;1;1.078;29,27;;39,71;;5,76;7,10;7,55;67,23
13066006;Avezzano;L'Aquila;1;40.872;6,85;;16,17;;3,28;5,89;2,86;33,62
13066010;Barrea;L'Aquila;1;718;39,58;;15,08;;;3,15;4,36;41,56
13066013;Cagnano Amiterno;L'Aquila;1;1.146;1,88;;28,21;;;6,47;4,33;35,72
13066016;Campotosto;L'Aquila;1;470;7,53;;;;4,05;12,58;0,61;47,42
13066021;Capitignano;L'Aquila;1;618;33,52;;15,51;;4,65;17,98;5,90;65,49
13066023;Cappadocia;L'Aquila;1;552;49,69;;42,04;;;15,51;1,93;76,82
13066025;Carsoli;L'Aquila;1;5.052;19,18;;17,96;;;9,93;0,87;36,89
13066032;Celano;L'Aquila;1;10.276;12,83;;23,46;;6,92;3,65;1,52;39,25
13066036;Civitella Roveto;L'Aquila;1;3.054;9,80;;19,70;;;4,70;3,53;34,33
13066039;Collelongo;L'Aquila;1;1.113;2,79;;8,61;;1,09;4,75;1,07;21,12
13066046;Gioia dei Marsi;L'Aquila;1;1.710;37,83;;23,33;;0,63;9,66;1,45;45,93
13066049;L'Aquila;L'Aquila;1;69.508;15,76;;22,29;;1,67;8,76;1,69;39,99
13066051;Luco dei Marsi;L'Aquila;1;5.982;8,04;;12,34;;4,73;12,56;1,60;39,38
13066052;Lucoli;L'Aquila;1;871;37,70;;65,67;;2,55;4,64;;74,07
13066053;Magliano de' Marsi;L'Aquila;1;3.499;5,52;;6,02;;0,09;15,54;5,25;35,58
13066054;Massa d'Albe;L'Aquila;1;1.337;21,14;;21,13;;;10,62;1,56;40,47
13066056;Montereale;L'Aquila;1;2.189;13,09;;8,91;;;3,14;4,80;29,60
13066057;Morino;L'Aquila;1;1.303;10,57;;19,73;;;6,51;5,45;37,69
13066062;Oricola;L'Aquila;1;1.250;12,37;;18,74;;1,51;9,63;1,33;36,05
13066063;Ortona dei Marsi;L'Aquila;1;436;28,95;;30,38;;;16,84;4,75;58,69
13066067;Pereto;L'Aquila;1;635;13,53;;28,19;;4,18;13,61;2,84;50,64
13066068;Pescasseroli;L'Aquila;1;2.078;20,93;;29,68;;6,37;3,13;0,50;52,66
13066069;Pescina;L'Aquila;1;3.759;8,43;;18,62;;4,97;4,40;5,99;40,05
13066070;Pescocostanzo;L'Aquila;1;1.087;26,35;;8,21;;6,08;9,77;;61,33
13066072;Pizzoli;L'Aquila;1;4.323;9,66;;22,45;;1,24;6,77;7,09;41,36
13066075;Pratola Peligna;L'Aquila;1;7.125;12,80;;8,10;;8,51;4,67;;28,24
13066078;Rivisondoli;L'Aquila;1;672;11,60;;47,11;;40,51;25,13;9,20;132,02
13066080;Rocca di Botte;L'Aquila;1;861;23,27;;22,30;;;11,84;2,30;43,94
13066084;Roccaraso;L'Aquila;1;1.524;7,61;;41,70;;9,70;20,16;8,46;82,89
13066085;San Benedetto dei Marsi;L'Aquila;1;3.758;4,31;;7,38;;0,10;16,77;2,84;35,56
13066088;San Pio delle Camere;L'Aquila;1;653;15,12;;18,72;;0,96;9,44;1,80;37,93
13066092;San Vincenzo Valle Roveto;L'Aquila;1;2.084;10,04;;25,89;;1,24;5,88;3,62;40,98
13066098;Sulmona - Dato aggregazione COGESA S.P.A.;L'Aquila;35;48.908;17,16;;21,88;;2,73;;;35,83
13066099;Tagliacozzo;L'Aquila;1;6.397;7,21;;18,69;;4,61;10,44;2,08;41,62
13066102;Trasacco;L'Aquila;1;5.902;3,24;;11,00;;1,36;8,18;0,47;26,14
13066106;Villavallelonga;L'Aquila;1;836;3,33;;11,90;;1,23;8,69;6,82;33,65
13066107;Villetta Barrea;L'Aquila;1;589;26,66;;17,77;;10,21;5,18;7,29;66,55
12059001;Aprilia;Latina;1;73.887;12,06;;17,72;;3,62;4,48;4,06;37,74
12059002;Bassiano;Latina;1;1.447;18,19;;30,39;;10,25;1,12;4,97;45,77
12059003;Campodimele;Latina;1;560;;;27,62;;;6,77;;46,01
12059004;Castelforte;Latina;1;4.139;73,94;;;;;7,51;0,86;55,61
12059005;Cisterna di Latina;Latina;1;36.502;9,68;;14,83;;3,16;6,45;1,79;42,40
12059006;Cori;Latina;1;10.396;27,72;;18,40;;6,50;3,88;1,83;43,06
12059007;Fondi;Latina;1;39.377;9,68;;12,73;;2,33;2,72;1,16;36,41
12059009;Gaeta;Latina;1;19.630;11,52;;22,23;;11,13;6,56;2,08;49,04
12059010;Itri;Latina;1;10.276;10,85;;18,14;;6,59;3,22;7,27;41,59
12059011;Latina;Latina;1;127.221;7,64;;14,50;;4,65;4,59;2,46;35,23
12059012;Lenola;Latina;1;4.053;13,45;;11,65;;0,21;10,17;2,46;36,32
12059013;Maenza;Latina;1;2.958;44,23;;;;1,59;6,85;;26,52
12059014;Minturno;Latina;1;19.954;17,57;;10,87;;3,44;1,97;5,21;43,98
12059015;Monte San Biagio;Latina;1;6.052;20,69;;26,41;;0,85;1,57;1,43;43,16
12059017;Pontinia;Latina;1;14.934;20,32;;13,85;;2,34;1,13;;29,20
12059018;Ponza;Latina;1;3.320;14,68;;77,58;;6,69;6,12;1,74;52,95
12059019;Priverno;Latina;1;13.683;11,83;;17,90;;2,63;0,92;8,26;37,50
12059020;Prossedi;Latina;1;1.166;;;30,76;;;5,60;;33,07
12059022;Rocca Massima;Latina;1;1.076;27,56;;1,85;;10,99;25,55;3,13;56,92
12059021;Roccagorga;Latina;1;4.159;19,16;;29,67;;4,24;4,85;;47,37
12059023;Roccasecca dei Volsci;Latina;1;1.028;27,55;;11,72;;6,61;3,10;3,15;43,52
12059024;Sabaudia;Latina;1;19.880;8,40;;19,10;;4,98;4,17;;32,98
12059025;San Felice Circeo;Latina;1;10.078;7,97;;12,17;;2,57;2,08;2,27;25,25
12059027;Sermoneta;Latina;1;10.023;9,51;;18,18;;3,24;2,07;2,49;31,00
12059028;Sezze;Latina;1;23.629;18,52;;31,86;;;1,19;1,10;38,95
12059029;Sonnino;Latina;1;7.413;6,41;;30,89;;;6,99;;36,10
12059031;Spigno Saturnia;Latina;1;2.832;19,99;;20,11;;5,45;2,55;1,92;37,49
12059032;Terracina;Latina;1;44.623;10,45;;18,83;;3,64;3,32;1,33;37,43
12059033;Ventotene;Latina;1;699;3,48;;14,40;;9,14;9,98;;46,85
16075002;Alessano;Lecce;1;6.039;2,17;;2,80;;;3,94;1,68;18,71
16075003;Alezio;Lecce;1;5.597;21,58;;20,75;;5,30;2,39;2,29;40,14
16075004;Alliste;Lecce;1;6.423;16,02;;24,38;;6,13;4,14;3,22;54,15
16075006;Aradeo;Lecce;1;8.851;8,50;;20,22;;5,40;;;31,11
16075007;Arnesano;Lecce;1;3.911;19,18;;21,30;;9,06;5,26;1,77;53,25
16075009;Botrugno;Lecce;1;2.617;6,20;;53,80;;3,43;11,62;2,34;52,86
16075010;Calimera;Lecce;1;6.753;8,01;;16,69;;1,97;7,37;4,10;39,17
16075014;Carmiano;Lecce;1;11.655;13,34;;26,29;;5,09;3,51;5,26;54,96
16075015;Carpignano Salentino;Lecce;1;3.654;8,13;;21,20;;3,31;4,64;7,99;41,16
16075019;Castrignano del Capo;Lecce;1;5.113;5,38;;42,27;;6,26;3,50;4,83;46,24
16075096;Castro;Lecce;1;2.350;7,23;;14,67;;2,83;15,71;;41,73
16075021;Collepasso;Lecce;1;5.653;11,83;;21,77;;6,14;4,05;4,21;56,83
16075022;Copertino;Lecce;1;23.077;11,72;;20,94;;10,59;3,59;7,21;50,36
16075024;Corsano;Lecce;1;5.191;5,45;;25,26;;5,25;3,55;3,18;38,09
16075025;Cursi;Lecce;1;3.855;4,69;;65,44;;2,81;7,74;3,28;43,33
16075027;Diso;Lecce;1;2.833;6,15;;39,28;;3,49;6,91;1,68;42,71
16075029;Galatina;Lecce;1;25.806;19,21;;18,03;;3,77;12,59;7,11;52,73
16075030;Galatone;Lecce;1;15.021;6,66;;13,98;;3,47;6,61;4,87;36,01
16075031;Gallipoli;Lecce;1;19.445;10,98;;28,44;;8,94;4,89;7,64;54,41
16075032;Giuggianello;Lecce;1;1.141;9,79;;19,74;;1,27;11,12;;38,72
16075035;Lecce;Lecce;1;95.253;12,43;;14,22;;7,73;10,76;10,73;58,76
16075037;Leverano;Lecce;1;13.695;19,21;;15,47;;10,11;2,77;1,02;40,65
16075038;Lizzanello;Lecce;1;11.821;2,96;;28,85;;2,48;9,05;10,51;50,84
16075043;Melendugno;Lecce;1;9.969;5,01;;19,15;;3,86;9,13;6,33;45,72
16075044;Melissano;Lecce;1;6.720;21,04;;24,65;;3,62;3,40;1,35;46,04
16075045;Melpignano;Lecce;1;2.099;12,43;;24,01;;7,11;6,76;6,94;50,71
16075046;Miggiano;Lecce;1;3.273;2,18;;24,16;;6,82;3,66;7,46;38,39
16075050;Morciano di Leuca;Lecce;1;3.018;6,61;;32,49;;4,49;4,21;5,29;48,20
16075052;Nardo;Lecce;1;30.700;9,37;;24,15;;6,28;3,11;9,52;53,79
16075059;Parabita;Lecce;1;8.674;2,51;;20,52;;10,51;2,93;7,81;49,08
16075060;Patu;Lecce;1;1.687;7,26;;;;7,15;3,79;12,01;54,28
16075061;Poggiardo;Lecce;1;5.821;5,66;;42,23;;2,76;6,83;5,94;46,52
16075098;Presicce-Acquarica;Lecce;1;9.335;15,73;;18,45;;4,70;4,94;2,22;41,47
16075063;Racale;Lecce;1;10.630;13,35;;23,82;;5,07;3,94;0,98;46,38
16075066;Salve;Lecce;1;4.476;6,18;;33,21;;7,43;1,66;2,94;43,24
16075068;San Cesario di Lecce;Lecce;1;7.874;3,77;;10,97;;3,93;9,93;6,32;40,74
16075069;San Donato di Lecce;Lecce;1;5.463;11,31;;22,46;;7,12;3,79;2,34;44,99
16075071;San Pietro in Lama;Lecce;1;3.379;2,35;;10,63;;5,79;7,56;0,28;32,72
16075070;Sannicola;Lecce;1;5.680;11,21;;27,24;;6,58;4,49;7,46;50,65
16075074;Secli;Lecce;1;1.821;6,58;;22,50;;5,35;8,06;10,14;53,00
16075076;Soleto;Lecce;1;5.207;13,22;;32,91;;4,88;3,53;5,61;46,62
16075077;Specchia;Lecce;1;4.563;4,98;;43,53;;5,20;6,11;9,14;50,39
16075079;Squinzano;Lecce;1;13.394;4,04;;12,06;;2,84;8,84;6,84;41,96
16075080;Sternatia;Lecce;1;2.173;11,91;;28,18;;4,25;5,90;3,76;45,99
16075083;Surbo;Lecce;1;14.600;4,39;;17,37;;2,28;11,47;0,26;38,97
16075084;Taurisano;Lecce;1;11.232;34,13;;10,59;;5,10;6,04;5,32;55,25
16075085;Taviano;Lecce;1;11.487;10,98;;30,14;;5,69;3,86;2,63;44,27
16075086;Tiggiano;Lecce;1;2.720;6,51;;29,31;;7,07;4,38;5,51;41,76
16075088;Tricase;Lecce;1;17.079;7,89;;28,27;;4,74;3,07;3,63;41,56
16075090;Ugento;Lecce;1;11.970;10,08;;29,35;;7,83;6,66;4,66;63,44
03097001;Abbadia Lariana;Lecco;1;3.198;7,50;;7,44;;1,71;1,91;2,69;23,07
03097002;Airuno;Lecco;1;2.835;10,33;;9,81;;1,87;4,59;3,30;33,96
03097003;Annone di Brianza;Lecco;1;2.279;4,88;;8,88;;2,12;5,42;0,68;27,20
03097004;Ballabio;Lecco;1;4.139;6,22;;9,80;;3,38;3,75;3,17;28,24
03097005;Barzago;Lecco;1;2.413;6,27;;7,87;;1,28;3,26;2,84;22,63
03097006;Barzano;Lecco;1;4.990;10,37;;8,45;;1,13;3,81;3,31;26,34
03097007;Barzio;Lecco;1;1.260;9,53;;12,71;;1,23;1,02;4,11;34,97
03097008;Bellano;Lecco;1;3.418;15,89;;10,79;;3,30;4,34;3,01;30,91
03097009;Bosisio Parini;Lecco;1;3.295;3,58;;7,28;;0,92;4,79;;21,17
03097010;Brivio;Lecco;1;4.448;7,43;;11,49;;4,68;5,28;3,96;31,96
03097011;Bulciago;Lecco;1;2.866;5,67;;6,78;;2,63;5,57;4,51;26,61
03097012;Calco;Lecco;1;5.351;5,34;;5,80;;0,48;4,65;3,01;23,09
03097013;Calolziocorte;Lecco;1;13.481;8,30;;9,91;;3,68;2,58;5,15;33,05
03097014;Carenno;Lecco;1;1.375;14,79;;12,08;;0,55;8,06;4,90;38,81
03097015;Casargo;Lecco;1;837;5,85;;6,46;;3,66;4,49;4,39;30,48
03097016;Casatenovo;Lecco;1;13.152;7,95;;8,68;;1,79;3,98;2,37;25,61
03097018;Cassina Valsassina;Lecco;1;528;9,49;;11,44;;13,48;7,11;1,79;40,63
03097019;Castello di Brianza;Lecco;1;2.604;8,73;;11,65;;1,83;4,95;3,13;28,33
03097020;Cernusco Lombardone;Lecco;1;3.808;8,13;;7,04;;1,46;4,34;2,47;23,77
03097021;Cesana Brianza;Lecco;1;2.382;6,64;;7,65;;1,62;2,24;;18,90
03097022;Civate;Lecco;1;3.708;4,79;;11,89;;2,09;3,08;2,97;26,42
03097023;Colico;Lecco;1;8.020;8,26;;8,84;;1,19;2,73;2,25;22,15
03097024;Colle Brianza;Lecco;1;1.763;11,34;;7,25;;2,56;4,85;;22,36
03097025;Cortenova;Lecco;1;1.142;19,27;;9,38;;1,07;4,57;2,24;27,89
03097026;Costa Masnaga;Lecco;1;4.753;5,09;;9,22;;0,49;7,31;3,78;29,26
03097027;Crandola Valsassina;Lecco;1;269;5,73;;8,10;;0,05;11,00;2,66;28,71
03097028;Cremella;Lecco;1;1.674;8,94;;9,27;;2,95;3,97;1,88;23,53
03097029;Cremeno;Lecco;1;1.653;8,32;;11,97;;8,56;2,78;2,28;31,60
03097030;Dervio;Lecco;1;2.582;8,97;;8,80;;0,67;3,20;2,30;23,79
03097031;Dolzago;Lecco;1;2.512;8,75;;8,43;;1,09;8,06;;25,98
03097033;Ello;Lecco;1;1.209;18,00;;7,90;;4,41;4,72;1,86;26,56
03097034;Erve;Lecco;1;686;20,16;;27,47;;0,31;7,08;5,96;55,09
03097036;Galbiate;Lecco;1;8.451;3,62;;2,99;;0,59;1,46;1,05;10,90
03097037;Garbagnate Monastero;Lecco;1;2.526;5,50;;7,32;;1,26;5,07;4,14;25,27
03097038;Garlate;Lecco;1;2.664;5,31;;9,12;;1,02;2,50;3,95;23,87
03097039;Imbersago;Lecco;1;2.478;6,31;;6,31;;0,30;2,65;3,75;22,88
03097040;Introbio;Lecco;1;1.909;8,73;;7,42;;2,37;2,34;5,42;26,77
03097092;La Valletta Brianza;Lecco;1;4.674;10,66;;8,29;;2,42;5,48;4,57;30,72
03097042;Lecco;Lecco;1;47.060;6,82;;13,58;;9,29;3,36;5,72;39,02
03097043;Lierna;Lecco;1;2.161;10,00;;8,38;;0,78;1,92;1,72;23,34
03097044;Lomagna;Lecco;1;5.021;6,73;;8,28;;2,20;6,81;3,02;29,33
03097045;Malgrate;Lecco;1;4.295;6,73;;8,39;;3,39;3,88;6,04;30,48
03097047;Margno;Lecco;1;376;15,49;;10,56;;5,82;5,07;2,73;35,09
03097048;Merate;Lecco;1;14.665;5,63;;9,26;;2,60;2,72;3,28;27,47
03097049;Missaglia;Lecco;1;8.750;5,91;;7,88;;0,63;2,71;1,51;22,70
03097050;Moggio;Lecco;1;467;9,76;;10,86;;12,48;3,84;2,76;36,82
03097051;Molteno;Lecco;1;3.524;4,55;;7,84;;1,01;4,19;3,55;24,05
03097052;Monte Marenzo;Lecco;1;1.860;15,00;;11,34;;1,07;4,43;4,01;29,35
03097053;Montevecchia;Lecco;1;2.674;9,52;;8,65;;0,73;8,58;1,97;26,09
03097054;Monticello Brianza;Lecco;1;4.160;7,67;;9,65;;2,59;2,79;3,37;27,77
03097056;Nibionno;Lecco;1;3.603;5,09;;11,21;;2,15;8,91;2,81;32,15
03097057;Oggiono;Lecco;1;9.059;8,55;;8,45;;2,32;3,17;2,68;28,03
03097058;Olgiate Molgora;Lecco;1;6.361;6,23;;7,26;;1,18;2,10;3,13;22,50
03097059;Olginate;Lecco;1;6.935;5,77;;9,87;;2,93;5,41;2,90;29,58
03097060;Oliveto Lario;Lecco;1;1.193;7,90;;24,32;;3,67;3,57;4,02;40,63
03097061;Osnago;Lecco;1;4.734;2,64;;7,16;;2,50;7,23;2,92;27,43
03097062;Paderno d'Adda;Lecco;1;3.854;11,23;;8,88;;1,35;2,96;1,54;23,84
03097063;Pagnona;Lecco;1;326;6,62;;20,72;;1,53;5,26;6,10;39,48
03097064;Parlasco;Lecco;1;136;3,32;;13,61;;1,89;7,56;2,70;29,66
03097065;Pasturo;Lecco;1;1.939;7,92;;7,67;;1,46;3,49;2,27;24,37
03097067;Perledo;Lecco;1;861;12,44;;10,60;;2,17;3,33;2,01;25,25
03097068;Pescate;Lecco;1;2.142;7,37;;11,06;;2,70;2,82;3,93;30,15
03097069;Premana;Lecco;1;2.174;11,38;;14,63;;0,80;5,41;3,76;34,21
03097070;Primaluna;Lecco;1;2.240;6,78;;8,83;;2,41;4,69;3,28;31,11
03097071;Robbiate;Lecco;1;6.245;11,89;;8,39;;1,02;4,90;11,72;35,00
03097072;Rogeno;Lecco;1;3.059;5,65;;6,80;;1,00;6,11;5,62;27,49
03097074;Santa Maria Hoe;Lecco;1;2.127;10,48;;8,12;;2,38;5,37;4,48;30,13
03097075;Sirone;Lecco;1;2.306;5,74;;8,72;;1,82;1,84;2,51;23,29
03097076;Sirtori;Lecco;1;2.772;7,53;;7,66;;0,59;2,30;4,70;25,67
03097077;Sueglio;Lecco;1;138;11,08;;11,21;;0,03;2,91;4,40;34,87
03097078;Suello;Lecco;1;1.763;5,92;;8,35;;1,06;2,39;2,86;24,42
03097079;Taceno;Lecco;1;539;4,38;;6,18;;3,13;7,91;3,56;30,72
03097082;Valgreghentino;Lecco;1;3.396;5,40;;9,04;;1,66;3,93;2,18;25,13
03097083;Valmadrera;Lecco;1;11.146;6,88;;9,63;;4,11;2,01;2,41;27,63
03097093;Valvarrone;Lecco;1;507;15,03;;15,82;;1,05;5,32;3,71;41,29
03097084;Varenna;Lecco;1;723;9,39;;7,69;;3,71;8,52;6,59;40,58
03097086;Vercurago;Lecco;1;2.726;10,03;;13,17;;5,05;2,80;3,09;42,64
03097091;Verderio;Lecco;1;5.502;10,04;;8,44;;2,54;4,13;3,07;27,96
03097090;Vigano;Lecco;1;2.091;8,09;;6,81;;2,31;6,15;2,17;25,31
09049001;Bibbona;Livorno;1;3.166;7,00;;14,48;;5,48;3,89;3,95;35,19
09049004;Capoliveri;Livorno;1;3.901;12,62;;36,56;;7,14;9,29;3,30;71,73
09049005;Capraia Isola;Livorno;1;377;36,36;;21,08;;2,29;8,98;0,88;64,75
09049006;Castagneto Carducci;Livorno;1;8.811;8,47;;17,53;;5,80;3,45;1,41;35,50
09049007;Cecina;Livorno;1;27.890;6,72;;19,32;;4,48;4,01;0,87;35,02
09049008;Collesalvetti;Livorno;1;16.330;5,23;;9,58;;2,03;3,06;5,22;30,50
09049009;Livorno;Livorno;1;154.177;9,83;;21,01;;6,49;4,34;7,80;45,21
09049012;Piombino;Livorno;1;32.144;6,25;;11,23;;5,59;2,62;1,28;30,01
09049013;Porto Azzurro;Livorno;1;3.662;6,02;;8,01;;1,10;8,76;1,29;52,54
09049014;Portoferraio;Livorno;1;11.843;9,71;;24,47;;5,12;6,94;3,29;55,50
09049021;Rio;Livorno;1;3.325;19,08;;29,60;;10,02;13,47;2,20;90,69
09049017;Rosignano Marittimo;Livorno;1;30.053;7,41;;11,65;;3,27;3,45;1,46;37,29
09049018;San Vincenzo;Livorno;1;6.488;8,55;;17,26;;9,10;5,62;1,53;43,15
09049020;Suvereto;Livorno;1;2.971;17,48;;30,49;;4,49;9,14;2,86;53,76
03098001;Abbadia Cerreto - Dato aggregazione OltreAdda Lodigiano;Lodi;4;5.705;8,26;;12,16;;1,34;5,20;2,80;26,28
03098002;Bertonico;Lodi;1;1.059;17,20;;3,32;;3,27;4,48;0,19;17,75
03098004;Borghetto Lodigiano;Lodi;1;4.259;7,74;;5,62;;2,80;2,37;1,39;20,41
03098005;Borgo San Giovanni;Lodi;1;2.447;8,06;;10,66;;0,94;2,51;1,39;20,30
03098006;Brembio;Lodi;1;2.686;7,68;;5,88;;1,18;6,29;2,60;23,86
03098008;Casaletto Lodigiano;Lodi;1;2.948;10,54;;9,75;;1,57;3,27;2,38;23,40
03098009;Casalmaiocco;Lodi;1;3.203;14,57;;9,60;;2,54;4,35;5,15;27,44
03098010;Casalpusterlengo;Lodi;1;15.329;5,91;;10,19;;3,58;4,73;2,08;27,71
03098011;Caselle Landi;Lodi;1;1.490;7,43;;14,57;;4,12;5,29;3,39;42,30
03098012;Caselle Lurani;Lodi;1;3.023;6,31;;8,52;;1,63;3,89;2,62;22,34
03098062;Castelgerundo;Lodi;1;1.473;5,91;;8,48;;1,34;3,65;0,98;19,93
03098013;Castelnuovo Bocca d'Adda;Lodi;1;1.538;16,84;;14,53;;1,11;5,17;2,97;42,58
03098014;Castiglione d'Adda;Lodi;1;4.471;15,11;;9,04;;2,72;6,04;0,15;21,79
03098017;Cavenago d'Adda;Lodi;1;2.097;12,66;;2,25;;1,71;6,63;0,16;20,14
03098018;Cervignano d'Adda;Lodi;1;2.163;6,26;;9,51;;1,80;6,39;5,65;29,52
03098019;Codogno;Lodi;1;15.486;9,01;;10,90;;4,41;2,01;1,87;23,83
03098020;Comazzo;Lodi;1;2.251;7,77;;12,43;;2,32;8,40;2,58;31,40
03098021;Cornegliano Laudense;Lodi;1;2.826;7,44;;8,94;;2,34;6,05;1,74;24,27
03098023;Cornovecchio;Lodi;1;207;2,71;;9,73;;;16,39;2,99;34,06
03098026;Fombio;Lodi;1;2.236;7,77;;13,95;;2,67;7,35;3,50;32,42
03098027;Galgagnano;Lodi;1;1.315;12,46;;15,44;;1,55;0,13;0,28;21,25
03098028;Graffignana;Lodi;1;2.568;3,60;;8,33;;2,46;8,72;2,72;27,06
03098030;Livraga;Lodi;1;2.427;5,77;;7,99;;1,47;3,77;1,82;23,12
03098031;Lodi;Lodi;1;44.793;10,11;;11,20;;5,51;9,88;7,64;40,37
03098032;Lodi Vecchio;Lodi;1;7.524;20,56;;6,48;;1,06;7,00;4,43;27,95
03098033;Maccastorna;Lodi;1;61;6,37;;15,71;;;5,66;1,21;29,78
03098035;Maleo;Lodi;1;2.995;16,70;;10,66;;2,10;5,51;2,92;32,82
03098036;Marudo;Lodi;1;1.765;3,97;;6,08;;2,50;4,56;1,30;20,70
03098037;Massalengo;Lodi;1;4.398;27,56;;2,54;;2,83;8,55;2,36;27,44
03098038;Meleti;Lodi;1;441;4,87;;17,19;;1,56;3,63;3,99;33,31
03098039;Merlino;Lodi;1;1.723;11,71;;10,78;;3,05;10,43;6,11;38,23
03098040;Montanaso Lombardo;Lodi;1;2.250;18,01;;12,69;;2,27;2,07;1,19;33,57
03098041;Mulazzano;Lodi;1;5.852;10,61;;10,14;;1,14;4,06;3,22;24,83
03098042;Orio Litta;Lodi;1;2.002;10,71;;9,66;;0,71;9,95;2,22;42,94
03098043;Ospedaletto Lodigiano;Lodi;1;1.966;6,00;;8,45;;2,49;2,92;1,33;22,84
03098044;Ossago Lodigiano;Lodi;1;1.415;3,70;;8,33;;1,19;1,46;1,72;18,46
03098046;Salerano sul Lambro;Lodi;1;2.586;6,99;;7,80;;2,77;5,76;2,89;21,19
03098047;San Fiorano;Lodi;1;1.849;8,58;;13,53;;4,80;2,87;1,16;25,68
03098049;San Rocco al Porto;Lodi;1;3.340;7,71;;16,97;;1,18;7,01;4,58;36,80
03098050;Sant'Angelo Lodigiano;Lodi;1;13.294;3,64;;8,44;;2,19;2,76;6,04;24,54
03098051;Santo Stefano Lodigiano;Lodi;1;1.843;7,42;;14,26;;;2,66;1,13;24,97
03098052;Secugnago;Lodi;1;1.934;8,92;;6,69;;0,15;9,97;1,73;25,63
03098053;Senna Lodigiana;Lodi;1;1.747;4,85;;7,85;;1,74;3,74;1,71;26,17
03098054;Somaglia;Lodi;1;3.825;3,70;;10,46;;6,69;8,13;0,44;30,61
03098056;Tavazzano con Villavesco;Lodi;1;5.893;5,74;;9,17;;3,36;4,46;2,86;27,36
03098057;Terranova dei Passerini;Lodi;1;931;9,91;;12,57;;2,30;3,48;1,30;20,25
03098058;Turano Lodigiano;Lodi;1;1.497;4,89;;5,76;;1,29;21,08;1,39;29,31
03098059;Valera Fratta;Lodi;1;1.734;3,85;;8,73;;2,54;7,33;0,99;24,38
03098060;Villanova del Sillaro;Lodi;1;1.841;9,84;;7,24;;0,39;6,88;3,00;32,84
03098061;Zelo Buon Persico;Lodi;1;7.378;4,56;;8,73;;4,28;6,97;0,51;26,49
09046001;Altopascio;Lucca;1;15.623;12,39;;20,54;;1,76;4,11;4,78;40,55
09046002;Bagni di Lucca;Lucca;1;5.573;12,95;;19,73;;3,69;18,73;11,11;61,30
09046003;Barga;Lucca;1;9.488;17,74;;22,14;;4,61;3,62;4,66;41,58
09046004;Borgo a Mozzano;Lucca;1;6.655;14,98;;20,65;;3,88;4,09;3,05;41,00
09046005;Camaiore;Lucca;1;31.615;14,10;;25,97;;2,96;7,63;2,18;43,33
09046006;Camporgiano;Lucca;1;2.042;20,30;;29,51;;1,60;6,10;12,64;55,10
09046007;Capannori;Lucca;1;46.296;19,29;;22,95;;1,20;6,70;1,98;41,18
09046008;Careggine;Lucca;1;508;12,55;;51,78;;1,27;9,46;5,13;45,80
09046009;Castelnuovo di Garfagnana;Lucca;1;5.635;25,97;;21,28;;3,84;5,11;8,69;50,89
09046010;Castiglione di Garfagnana;Lucca;1;1.687;16,67;;23,46;;1,21;7,86;5,36;43,20
09046011;Coreglia Antelminelli;Lucca;1;5.065;24,98;;33,69;;4,71;8,92;4,12;65,16
09046036;Fabbriche di Vergemoli;Lucca;1;708;39,01;;114,42;;0,34;8,39;0,12;140,42
09046013;Forte dei Marmi;Lucca;1;7.162;15,01;;23,38;;9,99;10,71;3,14;57,28
09046014;Fosciandora;Lucca;1;558;13,97;;28,72;;;7,45;15,17;50,04
09046015;Gallicano;Lucca;1;3.574;33,54;;16,95;;2,73;7,15;9,51;50,98
09046017;Lucca;Lucca;1;89.219;13,79;;17,00;;3,06;6,33;4,19;37,36
09046018;Massarosa;Lucca;1;21.807;17,22;;16,24;;1,10;8,98;3,90;39,29
09046019;Minucciano;Lucca;1;1.816;21,04;;25,19;;;6,25;6,67;45,88
09046020;Molazzana;Lucca;1;1.002;15,14;;35,82;;1,39;5,12;10,29;46,50
09046021;Montecarlo;Lucca;1;4.326;21,12;;28,35;;4,99;8,49;1,12;49,69
09046022;Pescaglia;Lucca;1;3.286;23,15;;23,25;;;6,49;4,27;41,21
09046023;Piazza al Serchio;Lucca;1;2.142;18,10;;28,09;;;7,35;7,34;46,94
09046024;Pietrasanta;Lucca;1;23.013;14,00;;21,98;;2,97;6,55;2,36;40,88
09046025;Pieve Fosciana;Lucca;1;2.280;25,83;;12,96;;0,73;3,63;6,21;34,78
09046026;Porcari;Lucca;1;8.768;11,74;;15,97;;1,52;3,55;2,96;30,29
09046027;San Romano in Garfagnana;Lucca;1;1.347;18,40;;19,17;;5,52;5,71;10,15;48,27
09046028;Seravezza;Lucca;1;12.367;14,91;;17,91;;1,51;6,04;2,87;35,86
09046037;Sillano Giuncugnano;Lucca;1;987;19,71;;76,24;;0,21;5,92;1,57;76,51
09046030;Stazzema;Lucca;1;2.876;8,84;;30,61;;;10,43;4,68;51,64
09046031;Vagli Sotto;Lucca;1;839;12,85;;56,68;;;3,99;5,33;40,42
09046033;Viareggio;Lucca;1;60.936;17,48;;26,84;;5,29;4,92;1,50;45,58
09046034;Villa Basilica;Lucca;1;1.482;16,64;;35,97;;0,38;3,90;3,98;45,43
09046035;Villa Collemandina;Lucca;1;1.208;14,85;;39,10;;0,87;6,04;5,42;43,94
11043002;Apiro - Dato aggregazione COSMARI;Macerata;56;318.125;12,31;;14,62;;2,68;;;22,21
03020001;Acquanegra sul Chiese;Mantova;1;2.739;3,70;;9,77;;1,20;3,93;2,49;23,67
03020002;Asola;Mantova;1;9.983;4,23;;8,72;;1,12;5,08;2,23;23,84
03020003;Bagnolo San Vito;Mantova;1;5.818;12,83;;8,67;;0,92;2,85;3,05;28,89
03020072;Borgo Mantovano;Mantova;1;5.298;10,20;;9,48;;1,99;4,43;2,72;26,03
03020071;Borgo Virgilio;Mantova;1;14.766;17,07;;15,13;;2,97;4,73;5,38;42,90
03020073;Borgocarbonara;Mantova;1;1.901;15,08;;7,64;;0,53;5,22;1,66;24,13
03020007;Bozzolo;Mantova;1;4.043;7,93;;7,95;;1,19;1,90;2,58;26,47
03020008;Canneto sull'Oglio;Mantova;1;4.242;36,01;;10,46;;2,31;2,85;1,91;26,98
03020010;Casalmoro;Mantova;1;2.213;8,50;;7,00;;;4,97;1,64;19,23
03020011;Casaloldo;Mantova;1;2.654;5,70;;8,41;;0,26;9,28;1,86;28,00
03020012;Casalromano;Mantova;1;1.470;10,83;;7,99;;0,87;5,92;1,75;28,50
03020014;Castel d'Ario;Mantova;1;4.566;11,35;;9,68;;1,73;4,30;2,85;26,45
03020015;Castel Goffredo;Mantova;1;12.554;7,59;;7,78;;1,38;4,24;2,09;21,19
03020013;Castelbelforte;Mantova;1;3.230;10,45;;7,30;;1,63;6,11;1,07;23,27
03020016;Castellucchio;Mantova;1;5.172;9,97;;6,88;;0,61;3,71;1,30;18,32
03020017;Castiglione delle Stiviere;Mantova;1;23.400;5,45;;13,30;;1,97;3,84;1,98;25,53
03020018;Cavriana;Mantova;1;3.762;7,68;;15,89;;0,07;2,00;3,79;28,59
03020019;Ceresara;Mantova;1;2.554;11,10;;8,98;;0,01;8,13;2,16;25,78
03020020;Commessaggio;Mantova;1;1.093;16,56;;15,62;;2,00;2,79;3,13;29,90
03020021;Curtatone;Mantova;1;14.674;13,72;;15,60;;1,55;3,26;5,04;40,77
03020022;Dosolo;Mantova;1;3.255;29,26;;11,09;;0,61;2,65;1,69;23,88
03020024;Gazoldo degli Ippoliti;Mantova;1;3.029;17,51;;12,16;;0,44;2,83;2,38;25,25
03020025;Gazzuolo;Mantova;1;2.064;9,19;;8,44;;1,66;4,52;1,81;23,69
03020026;Goito;Mantova;1;10.050;10,25;;8,92;;1,41;4,80;2,24;25,12
03020027;Gonzaga;Mantova;1;8.646;11,65;;6,51;;1,22;2,49;3,44;24,02
03020028;Guidizzolo;Mantova;1;5.957;;;7,09;;3,01;3,47;1,84;22,62
03020029;Magnacavallo;Mantova;1;1.422;20,58;;11,42;;0,09;4,82;1,85;26,56
03020030;Mantova;Mantova;1;48.648;20,38;;16,84;;7,75;5,56;5,58;47,75
03020031;Marcaria;Mantova;1;6.356;6,77;;9,02;;2,64;5,67;2,73;27,69
03020032;Mariana Mantovana;Mantova;1;803;14,28;;11,01;;1,19;4,47;1,71;24,83
03020033;Marmirolo;Mantova;1;7.586;10,61;;8,51;;0,67;4,22;3,35;26,77
03020034;Medole;Mantova;1;4.088;8,98;;9,03;;0,18;3,84;4,21;24,39
03020035;Moglia;Mantova;1;5.347;13,01;;7,74;;1,49;4,28;1,76;21,80
03020036;Monzambano;Mantova;1;4.872;8,00;;9,30;;0,92;3,51;0,83;21,33
03020037;Motteggiana;Mantova;1;2.423;15,34;;8,08;;0,90;6,16;2,04;30,27
03020038;Ostiglia;Mantova;1;6.585;16,19;;11,03;;4,03;2,77;3,75;28,34
03020039;Pegognaga;Mantova;1;6.875;11,39;;6,53;;1,85;4,21;2,76;22,60
03020041;Piubega;Mantova;1;1.708;12,94;;14,34;;0,85;2,26;2,09;26,68
03020042;Poggio Rusco;Mantova;1;6.382;10,26;;10,22;;1,09;6,08;2,62;27,30
03020043;Pomponesco;Mantova;1;1.669;13,74;;13,70;;0,46;6,69;2,50;29,52
03020044;Ponti sul Mincio;Mantova;1;2.280;10,49;;11,56;;1,30;3,86;4,51;27,12
03020045;Porto Mantovano;Mantova;1;16.478;8,43;;8,97;;1,81;5,44;2,32;28,31
03020046;Quingentole;Mantova;1;1.061;17,74;;9,08;;1,79;5,01;2,13;25,97
03020047;Quistello;Mantova;1;5.272;10,02;;9,43;;1,23;5,65;2,09;25,87
03020048;Redondesco;Mantova;1;1.219;11,26;;8,46;;0,21;5,23;1,38;22,48
03020050;Rivarolo Mantovano;Mantova;1;2.408;9,22;;8,81;;0,83;4,56;2,43;25,09
03020051;Rodigo;Mantova;1;5.160;;;5,86;;0,56;1,49;0,50;15,07
03020052;Roncoferraro;Mantova;1;6.802;16,53;;7,98;;0,85;5,02;1,71;22,90
03020053;Roverbella;Mantova;1;8.723;8,68;;7,72;;1,91;5,10;2,06;25,01
03020054;Sabbioneta;Mantova;1;4.089;15,03;;8,30;;1,17;3,51;1,12;21,68
03020055;San Benedetto Po;Mantova;1;6.680;18,84;;7,01;;;;;17,01
03020056;San Giacomo delle Segnate;Mantova;1;1.463;16,45;;8,61;;2,81;4,46;2,18;26,09
03020057;San Giorgio Bigarello (gia' di Mantova);Mantova;1;11.807;8,05;;8,34;;1,18;3,27;2,26;26,55
03020058;San Giovanni del Dosso;Mantova;1;1.239;21,38;;6,21;;0,58;7,53;2,51;24,50
03020059;San Martino dall'Argine;Mantova;1;1.602;16,46;;8,57;;3,22;6,87;2,04;30,26
03020060;Schivenoglia;Mantova;1;1.091;9,74;;10,69;;1,77;5,38;1,49;27,86
03020061;Sermide;Mantova;1;7.184;14,50;;9,10;;2,17;5,29;2,43;27,23
03020062;Serravalle a Po;Mantova;1;1.444;22,50;;11,53;;0,01;2,14;1,90;19,60
03020063;Solferino;Mantova;1;2.607;8,78;;7,37;;0,87;5,91;2,05;26,09
03020064;Sustinente;Mantova;1;1.994;28,54;;9,52;;;2,67;2,71;21,55
03020065;Suzzara;Mantova;1;20.897;18,59;;7,81;;1,94;4,64;2,59;24,80
03020066;Viadana;Mantova;1;19.782;8,34;;12,65;;1,64;2,85;1,12;20,91
03020068;Villimpenta;Mantova;1;2.085;43,61;;12,29;;9,42;3,37;2,69;42,08
03020070;Volta Mantovana;Mantova;1;7.176;7,94;;7,02;;0,69;3,87;2,16;24,16
09045001;Aulla;Massa-Carrara;1;10.720;24,72;;24,46;;4,39;5,81;3,75;45,88
09045002;Bagnone;Massa-Carrara;1;1.692;21,03;;28,48;;3,29;3,23;;42,75
09045003;Carrara;Massa-Carrara;1;60.434;7,21;;10,86;;4,52;7,81;4,43;41,99
09045004;Casola in Lunigiana;Massa-Carrara;1;968;28,95;;40,46;;6,02;15,13;8,32;78,57
09045005;Comano;Massa-Carrara;1;657;8,84;;28,50;;7,84;7,20;6,00;54,25
09045006;Filattiera;Massa-Carrara;1;2.201;37,09;;29,76;;0,98;7,52;0,60;47,62
09045007;Fivizzano;Massa-Carrara;1;7.169;24,93;;29,16;;6,60;8,70;0,37;53,68
09045008;Fosdinovo;Massa-Carrara;1;4.597;28,23;;28,78;;6,65;6,78;0,52;52,00
09045009;Licciana Nardi;Massa-Carrara;1;4.737;24,56;;28,23;;5,14;4,22;5,46;49,44
09045010;Massa;Massa-Carrara;1;66.423;8,90;;9,03;;3,46;4,22;5,48;42,65
09045011;Montignoso;Massa-Carrara;1;10.031;15,02;;22,65;;2,20;12,40;3,41;48,74
09045012;Mulazzo;Massa-Carrara;1;2.254;21,62;;24,73;;2,56;6,17;2,55;42,97
09045013;Podenzana;Massa-Carrara;1;2.119;31,89;;32,42;;7,83;5,71;0,66;56,99
09045014;Pontremoli;Massa-Carrara;1;6.877;12,32;;21,99;;4,14;8,68;;45,56
09045015;Tresana;Massa-Carrara;1;1.949;31,31;;28,61;;7,69;5,30;0,21;51,04
09045016;Villafranca in Lunigiana;Massa-Carrara;1;4.598;27,18;;28,86;;4,25;4,32;0,83;44,14
09045017;Zeri;Massa-Carrara;1;969;19,27;;32,13;;2,27;2,20;0,69;41,74
17077007;Craco;Matera;1;639;22,18;;12,35;;1,39;5,01;;36,44
17077008;Ferrandina;Matera;1;8.061;22,92;;16,48;;5,01;2,73;5,26;48,88
17077010;Gorgoglione;Matera;1;866;9,93;;;;;15,03;;43,37
17077013;Irsina;Matera;1;4.427;24,62;;22,39;;6,20;3,75;3,83;50,68
17077014;Matera;Matera;1;59.869;17,09;;22,47;;5,49;7,95;2,19;50,39
17077015;Miglionico;Matera;1;2.356;;;;;;3,02;;23,09
17077016;Montalbano Jonico;Matera;1;6.781;5,46;;19,55;;5,38;3,63;1,15;37,50
17077018;Nova Siri;Matera;1;6.691;2,58;;15,84;;2,63;3,71;7,15;37,61
17077020;Pisticci;Matera;1;16.832;11,32;;12,11;;3,82;3,75;1,28;34,34
17077023;Rotondella;Matera;1;2.441;34,53;;18,31;;4,63;4,99;6,83;39,61
17077025;San Giorgio Lucano;Matera;1;1.070;11,63;;;;;1,42;0,19;35,39
17077031;Scanzano Jonico;Matera;1;7.556;24,51;;24,41;;6,93;3,23;0,46;45,44
17077027;Stigliano;Matera;1;3.680;43,37;;28,33;;5,17;6,73;1,42;70,95
17077028;Tricarico;Matera;1;4.835;17,78;;10,99;;2,96;2,93;4,53;38,45
17077030;Valsinni;Matera;1;1.365;3,52;;13,95;;0,54;12,78;1,97;40,20
19083107;Acquedolci;Messina;1;5.467;7,19;;17,54;;;15,03;;41,47
19083002;Ali;Messina;1;685;45,60;;20,53;;7,20;9,14;;67,77
19083003;Ali Terme;Messina;1;2.368;30,93;;6,18;;6,68;13,42;1,53;47,35
19083004;Antillo;Messina;1;840;24,93;;29,51;;0,61;5,90;2,38;45,06
19083005;Barcellona Pozzo di Gotto;Messina;1;39.839;15,25;;20,06;;4,35;7,31;7,44;45,88
19083007;Brolo;Messina;1;5.725;5,74;;21,34;;4,56;1,24;;29,90
19083009;Capo d'Orlando;Messina;1;13.043;12,06;;22,49;;6,67;5,84;;39,40
19083012;Casalvecchio Siculo;Messina;1;733;53,53;;;;16,34;;;49,13
19083013;Castel di Lucio;Messina;1;1.177;114,20;;30,19;;0,64;8,82;0,78;57,38
19083017;Cesaro;Messina;1;2.179;10,75;;67,93;;1,54;5,22;0,76;54,11
19083020;Ficarra;Messina;1;1.317;46,41;;31,16;;;2,74;;50,37
19083021;Fiumedinisi;Messina;1;1.264;62,74;;6,95;;5,39;12,12;0,89;54,57
19083024;Forza d'Agro;Messina;1;844;94,67;;2,80;;26,91;8,91;;84,16
19083027;Furci Siculo;Messina;1;3.199;23,03;;4,66;;5,03;10,42;12,23;49,25
19083030;Galati Mamertino;Messina;1;2.313;34,05;;26,65;;0,90;4,25;;45,74
19083031;Gallodoro;Messina;1;334;11,76;;45,05;;0,62;1,79;;47,11
19083032;Giardini-Naxos;Messina;1;9.063;32,85;;73,21;;2,10;4,72;8,62;77,27
19083037;Leni;Messina;1;681;61,80;;;;;20,50;;67,64
19083039;Librizzi;Messina;1;1.570;13,63;;21,46;;1,60;6,75;;29,83
19083041;Lipari;Messina;1;12.434;34,24;;48,87;;4,43;4,07;0,49;69,50
19083042;Longi;Messina;1;1.345;58,66;;17,61;;;3,03;1,31;40,13
19083043;Malfa;Messina;1;974;33,72;;30,66;;6,93;21,47;3,83;71,76
19083045;Mandanici;Messina;1;531;47,70;;9,88;;8,55;7,69;;44,33
19083046;Mazzarra  Sant'Andrea;Messina;1;1.390;76,17;;5,27;;;6,06;;33,66
19083049;Milazzo;Messina;1;30.314;15,82;;32,68;;8,58;1,06;;43,75
19083051;Mirto;Messina;1;909;282,24;;2,62;;1,51;1,58;9,74;45,31
19083052;Mistretta;Messina;1;4.374;30,36;;22,64;;3,27;8,42;5,41;54,44
19083056;Montagnareale;Messina;1;1.404;22,17;;17,08;;9,30;1,62;;38,47
19083059;Motta d'Affermo;Messina;1;671;18,23;;39,85;;13,64;19,57;;75,85
19083060;Naso;Messina;1;3.472;44,74;;16,31;;2,80;6,67;2,49;48,65
19083061;Nizza di Sicilia;Messina;1;3.521;76,76;;3,91;;;7,85;4,06;49,19
19083065;Pagliara;Messina;1;1.118;56,63;;2,58;;17,83;25,74;;76,72
19083067;Pettineo;Messina;1;1.228;23,29;;30,12;;13,33;6,12;1,17;58,22
19083068;Piraino;Messina;1;3.788;10,86;;22,99;;3,21;5,72;;34,44
19083071;Roccafiorita;Messina;1;182;42,06;;2,29;;5,02;6,19;;26,76
19083072;Roccalumera;Messina;1;3.899;38,23;;11,09;;7,32;8,26;5,48;52,37
19083073;Roccavaldina;Messina;1;987;3,36;;64,80;;1,93;0,68;;32,19
19083075;Rodi Milici;Messina;1;1.931;10,94;;32,91;;3,44;1,69;;35,05
19083079;San Marco d'Alunzio;Messina;1;1.821;78,27;;9,40;;;7,11;7,99;48,36
19083080;San Pier Niceto;Messina;1;2.596;10,23;;30,53;;1,24;3,02;4,88;42,46
19083081;San Piero Patti;Messina;1;2.604;10,36;;76,05;;3,09;4,64;0,73;93,59
19083082;San Salvatore di Fitalia;Messina;1;1.146;27,63;;54,98;;4,77;1,92;4,03;60,17
19083090;San Teodoro;Messina;1;1.226;22,96;;36,88;;;5,45;;45,47
19083086;Santa Lucia del Mela;Messina;1;4.403;13,69;;3,81;;2,05;12,81;1,32;31,54
19083087;Santa Marina Salina;Messina;1;848;32,78;;40,23;;;8,42;;51,93
19083089;Santa Teresa di Riva;Messina;1;9.313;28,93;;5,71;;4,81;18,44;0,68;47,23
19083091;Santo Stefano di Camastra;Messina;1;4.370;23,76;;20,04;;2,62;6,05;;41,69
19083092;Saponara;Messina;1;3.685;18,79;;8,90;;4,95;8,68;9,50;47,91
19083094;Scaletta Zanclea;Messina;1;1.863;29,47;;2,15;;14,25;7,38;1,21;47,61
19083095;Sinagra;Messina;1;2.489;79,48;;;;;10,20;;37,98
19083096;Spadafora;Messina;1;4.642;12,42;;22,34;;6,13;1,61;;33,76
19083106;Terme Vigliatore;Messina;1;7.169;9,10;;21,61;;3,71;10,79;;33,66
19083098;Torregrotta;Messina;1;7.229;5,59;;37,93;;1,40;1,58;;28,38
19083099;Tortorici;Messina;1;5.788;8,03;;49,63;;3,25;7,59;;48,36
19083102;Ucria;Messina;1;923;40,58;;35,84;;;8,74;;57,78
19083103;Valdina;Messina;1;1.266;2,44;;70,87;;1,74;2,97;;27,34
19083104;Venetico;Messina;1;3.875;2,15;;33,81;;2,40;1,88;0,15;26,89
19083105;Villafranca Tirrena;Messina;1;8.123;8,66;;14,32;;5,72;3,04;0,63;30,03
03015002;Abbiategrasso;Milano;1;32.681;14,38;;13,17;;6,85;9,13;3,56;41,55
03015007;Arconate;Milano;1;6.751;9,52;;11,14;;4,76;9,57;1,97;34,63
03015009;Arese;Milano;1;19.552;3,92;;11,03;;3,44;5,00;5,61;29,53
03015011;Assago;Milano;1;9.251;8,20;;13,72;;4,24;6,78;4,52;40,53
03015250;Baranzate;Milano;1;11.861;9,07;;8,08;;3,20;3,69;3,68;29,27
03015012;Bareggio;Milano;1;17.137;13,98;;11,31;;4,05;4,29;3,21;36,87
03015014;Basiano;Milano;1;3.641;6,84;;9,50;;3,58;3,24;1,77;24,42
03015015;Basiglio;Milano;1;7.970;12,97;;14,67;;3,37;1,38;;26,40
03015016;Bellinzago Lombardo;Milano;1;3.812;10,58;;11,86;;1,26;3,13;3,07;27,40
03015024;Binasco;Milano;1;7.101;7,77;;10,18;;4,22;3,91;;25,87
03015026;Boffalora sopra Ticino;Milano;1;4.099;13,14;;14,33;;5,59;5,53;14,05;44,85
03015027;Bollate;Milano;1;36.232;5,52;;15,00;;3,89;0,02;1,23;23,83
03015032;Bresso;Milano;1;26.118;9,54;;7,89;;6,58;9,02;2,74;34,68
03015036;Buccinasco;Milano;1;26.960;9,77;;10,28;;5,61;0,80;4,09;32,98
03015038;Buscate;Milano;1;4.606;6,80;;11,45;;4,05;8,57;1,42;29,84
03015040;Bussero;Milano;1;8.332;25,56;;10,52;;3,05;5,02;3,14;30,44
03015044;Cambiago;Milano;1;7.126;8,33;;10,57;;2,47;3,17;2,05;23,42
03015046;Canegrate;Milano;1;12.488;12,35;;9,15;;2,96;5,88;3,36;27,80
03015050;Carpiano;Milano;1;4.168;13,11;;10,12;;6,18;5,82;6,31;35,68
03015051;Carugate;Milano;1;15.635;17,54;;9,36;;4,07;3,97;1,56;25,84
03015055;Casarile;Milano;1;3.996;8,00;;8,45;;3,24;7,54;4,16;30,24
03015058;Casorezzo;Milano;1;5.523;15,46;;10,33;;4,36;3,24;1,08;25,14
03015059;Cassano d'Adda;Milano;1;19.181;13,46;;10,69;;5,02;2,70;1,80;26,35
03015060;Cassina de' Pecchi;Milano;1;13.960;14,44;;9,68;;2,83;5,14;1,61;26,20
03015070;Cernusco sul Naviglio;Milano;1;35.053;13,82;;10,03;;4,25;3,56;2,26;26,28
03015071;Cerro al Lambro;Milano;1;5.082;16,36;;11,33;;3,42;2,89;1,86;25,55
03015072;Cerro Maggiore;Milano;1;14.938;13,29;;11,73;;1,82;3,19;2,12;25,22
03015074;Cesano Boscone;Milano;1;23.479;10,20;;7,42;;5,05;3,22;3,54;28,34
03015076;Cesate;Milano;1;14.188;6,84;;10,69;;2,15;2,32;0,48;20,10
03015077;Cinisello Balsamo;Milano;1;74.534;11,01;;9,67;;5,36;7,82;1,33;32,40
03015081;Cologno Monzese;Milano;1;46.790;12,36;;15,75;;7,18;7,58;1,72;43,97
03015082;Colturano;Milano;1;2.033;15,85;;10,26;;2,92;3,97;1,72;25,48
03015086;Cormano;Milano;1;20.284;16,47;;5,92;;5,96;7,22;1,35;31,65
03015087;Cornaredo;Milano;1;20.554;7,73;;10,75;;4,90;4,49;5,18;31,56
03015096;Cuggiono;Milano;1;8.110;9,43;;11,38;;1,49;5,51;4,86;28,99
03015098;Cusano Milanino;Milano;1;18.860;7,94;;8,27;;4,94;8,24;1,98;29,15
03015099;Dairago;Milano;1;6.354;15,33;;10,38;;2,66;5,92;1,70;26,79
03015101;Dresano;Milano;1;3.032;19,78;;10,89;;1,56;3,22;2,21;25,33
03015103;Gaggiano;Milano;1;9.233;5,70;;6,05;;4,95;6,86;1,68;26,94
03015105;Garbagnate Milanese;Milano;1;26.777;5,23;;6,80;;3,53;2,68;1,69;21,00
03015106;Gessate;Milano;1;8.774;6,86;;10,83;;3,01;3,84;4,23;28,47
03015108;Gorgonzola;Milano;1;20.976;21,15;;12,08;;3,06;4,21;3,22;30,47
03015110;Grezzago;Milano;1;3.063;26,85;;9,48;;2,08;2,84;2,39;25,34
03015112;Gudo Visconti;Milano;1;1.628;9,08;;10,71;;4,80;4,25;1,48;27,27
03015114;Inzago;Milano;1;11.255;12,50;;11,14;;2,38;2,53;1,50;23,44
03015115;Lacchiarella;Milano;1;9.080;5,52;;7,09;;4,34;6,09;1,86;26,75
03015116;Lainate;Milano;1;26.189;3,45;;8,58;;3,32;4,30;3,52;23,49
03015118;Legnano;Milano;1;59.816;9,73;;12,71;;5,68;5,66;5,47;34,98
03015122;Liscate;Milano;1;4.017;6,67;;10,31;;5,84;3,13;2,45;28,12
03015130;Magenta;Milano;1;24.210;8,87;;13,49;;4,48;4,43;2,00;29,16
03015131;Magnago;Milano;1;9.331;12,71;;9,47;;1,99;5,28;2,91;26,87
03015134;Marcallo con Casone;Milano;1;6.170;10,40;;12,16;;3,13;9,28;1,32;31,40
03015136;Masate;Milano;1;3.671;8,85;;9,20;;3,21;3,02;1,76;23,90
03015139;Mediglia;Milano;1;12.257;9,73;;8,05;;3,36;7,32;1,51;28,59
03015140;Melegnano;Milano;1;17.938;5,68;;11,99;;9,42;8,28;2,56;37,35
03015142;Melzo;Milano;1;18.531;12,75;;9,71;;4,01;5,19;2,94;29,31
03015146;Milano;Milano;1;1.371.498;13,91;;12,20;;15,58;6,13;2,76;45,90
03015151;Motta Visconti;Milano;1;8.089;8,21;;9,55;;4,43;2,69;1,16;24,89
03015154;Nerviano;Milano;1;16.901;3,89;;9,80;;4,46;5,57;2,77;25,58
03015157;Novate Milanese;Milano;1;19.959;11,59;;5,65;;4,93;3,80;1,73;25,80
03015158;Noviglio;Milano;1;4.496;7,45;;7,19;;2,72;8,14;3,04;28,15
03015159;Opera;Milano;1;14.225;3,50;;10,89;;5,71;4,15;0,99;26,53
03015164;Ossona;Milano;1;4.343;10,41;;13,61;;1,29;5,05;4,47;29,43
03015166;Paderno Dugnano;Milano;1;47.084;7,15;;7,83;;3,82;3,91;2,72;28,90
03015167;Pantigliate;Milano;1;5.687;14,95;;11,91;;2,43;10,47;7,96;40,19
03015168;Parabiago;Milano;1;27.786;8,85;;12,04;;3,72;5,82;3,73;30,24
03015169;Paullo;Milano;1;11.085;14,32;;12,15;;6,20;7,46;2,62;35,28
03015170;Pero;Milano;1;11.545;6,37;;9,60;;4,50;3,73;1,17;26,25
03015171;Peschiera Borromeo;Milano;1;24.165;10,45;;11,14;;8,33;6,13;1,30;36,51
03015172;Pessano con Bornago;Milano;1;9.001;20,34;;10,59;;4,13;6,87;3,15;32,54
03015175;Pioltello;Milano;1;36.051;7,34;;3,57;;4,22;2,78;4,07;22,83
03015176;Pogliano Milanese;Milano;1;8.380;4,50;;9,37;;3,71;5,22;3,79;25,47
03015177;Pozzo d'Adda;Milano;1;6.464;35,05;;9,17;;0,83;4,81;12,82;37,09
03015178;Pozzuolo Martesana;Milano;1;8.558;7,86;;10,28;;2,10;4,15;1,66;24,33
03015179;Pregnana Milanese;Milano;1;7.311;2,23;;8,20;;2,82;10,52;2,57;27,91
03015181;Rescaldina;Milano;1;14.149;12,56;;4,08;;4,77;7,39;0,56;26,90
03015182;Rho;Milano;1;50.604;6,85;;14,11;;7,76;6,56;2,58;38,54
03015183;Robecchetto con Induno;Milano;1;4.765;21,72;;15,25;;0,50;7,11;1,12;32,60
03015184;Robecco sul Naviglio;Milano;1;6.716;17,25;;12,84;;5,40;4,08;2,37;32,38
03015185;Rodano;Milano;1;4.644;16,38;;9,21;;4,02;4,22;2,38;27,28
03015188;Rosate;Milano;1;5.762;6,87;;6,84;;5,59;4,41;1,76;24,82
03015191;San Colombano al Lambro;Milano;1;7.218;3,97;;13,31;;2,05;4,14;3,64;27,59
03015192;San Donato Milanese;Milano;1;32.249;9,93;;5,40;;6,26;5,01;2,69;30,37
03015194;San Giorgio su Legnano;Milano;1;6.683;16,20;;11,05;;4,19;6,73;4,83;34,11
03015195;San Giuliano Milanese;Milano;1;39.320;5,81;;11,53;;3,55;2,23;3,71;25,95
03015201;San Vittore Olona;Milano;1;8.283;7,62;;8,86;;4,10;3,56;6,17;29,21
03015202;San Zenone al Lambro;Milano;1;4.465;6,47;;10,42;;1,60;2,56;2,46;21,91
03015200;Santo Stefano Ticino;Milano;1;4.924;12,27;;13,26;;2,16;5,05;3,14;29,75
03015204;Sedriano;Milano;1;12.512;8,18;;9,49;;3,72;5,41;3,46;27,41
03015205;Segrate;Milano;1;36.655;9,94;;6,23;;4,41;4,02;3,65;52,79
03015206;Senago;Milano;1;21.304;5,19;;7,79;;4,42;2,23;2,77;23,33
03015209;Sesto San Giovanni;Milano;1;79.732;8,48;;10,79;;12,92;9,87;2,26;44,24
03015210;Settala;Milano;1;7.295;7,59;;11,78;;3,72;2,23;1,26;25,70
03015211;Settimo Milanese;Milano;1;20.137;16,11;;8,40;;4,26;4,10;2,75;26,98
03015213;Solaro;Milano;1;13.884;5,93;;8,25;;2,59;2,73;0,79;20,76
03015219;Trezzano Rosa;Milano;1;5.396;38,78;;9,25;;1,08;2,09;4,81;26,27
03015220;Trezzano sul Naviglio;Milano;1;21.528;7,93;;9,03;;7,80;4,34;5,80;36,56
03015221;Trezzo sull'Adda;Milano;1;11.939;7,48;;8,97;;4,01;3,61;4,54;26,52
03015222;Tribiano;Milano;1;3.667;4,05;;12,03;;3,89;7,75;4,19;34,30
03015224;Truccazzano;Milano;1;5.855;13,18;;12,67;;4,08;3,65;3,00;29,42
03015226;Turbigo;Milano;1;7.079;10,82;;9,92;;3,17;4,07;1,27;24,49
03015229;Vanzago;Milano;1;9.284;2,73;;6,58;;3,14;5,22;6,13;25,03
03015230;Vaprio d'Adda;Milano;1;9.419;16,41;;9,62;;3,24;3,82;2,71;26,53
03015251;Vermezzo con Zelo;Milano;1;5.824;7,15;;7,72;;4,54;3,85;2,36;26,05
03015236;Vernate;Milano;1;3.332;6,63;;7,73;;0,54;4,50;3,75;21,98
03015237;Vignate;Milano;1;9.291;10,18;;10,23;;2,37;3,71;14,13;37,22
03015248;Villa Cortese;Milano;1;6.165;15,57;;11,07;;2,79;5,30;1,42;26,53
03015242;Vimodrone;Milano;1;16.770;12,19;;11,91;;5,30;3,19;2,68;30,09
03015244;Vizzolo Predabissi;Milano;1;3.832;8,90;;11,63;;1,73;5,00;4,26;28,00
03015247;Zibido San Giacomo;Milano;1;6.802;10,35;;11,29;;1,69;4,53;1,86;25,41
08036001;Bastiglia;Modena;1;4.121;37,19;;11,43;;0,37;2,77;3,54;27,95
08036002;Bomporto;Modena;1;10.158;41,83;;13,04;;1,04;1,90;3,14;27,41
08036003;Campogalliano;Modena;1;8.559;6,32;;9,21;;1,47;1,98;3,02;20,60
08036006;Castelfranco Emilia;Modena;1;33.022;23,18;;16,65;;3,26;3,40;2,83;34,87
08036007;Castelnuovo Rangone;Modena;1;15.041;6,89;;13,24;;1,37;2,93;4,13;26,93
08036008;Castelvetro di Modena;Modena;1;11.202;6,83;;5,95;;0,68;1,94;2,37;16,08
08036011;Fanano;Modena;1;2.945;11,92;;19,95;;3,34;3,40;5,95;37,16
08036012;Finale Emilia;Modena;1;14.999;27,23;;9,74;;2,92;4,11;2,08;26,64
08036013;Fiorano Modenese;Modena;1;16.923;6,41;;13,10;;1,69;3,03;3,78;25,49
08036014;Fiumalbo;Modena;1;1.169;9,51;;20,03;;1,94;5,26;8,76;37,17
08036015;Formigine;Modena;1;34.446;8,77;;14,27;;1,81;2,29;3,14;26,94
08036016;Frassinoro;Modena;1;1.755;14,64;;24,44;;;5,25;16,59;47,20
08036017;Guiglia;Modena;1;4.033;16,56;;13,29;;1,23;2,23;5,02;29,27
08036018;Lama Mocogno;Modena;1;2.672;13,48;;16,87;;0,59;3,70;7,87;36,84
08036019;Maranello;Modena;1;17.315;8,54;;11,11;;1,59;3,73;3,64;26,10
08036020;Marano sul Panaro;Modena;1;5.322;12,47;;13,10;;2,23;3,14;4,13;30,62
08036022;Mirandola - Dato aggregazione AIMAG SPA;Modena;11;166.129;13,02;;11,93;;2,71;5,86;4,98;35,07
08036023;Modena;Modena;1;185.644;8,71;;15,80;;3,34;3,35;2,75;30,50
08036024;Montecreto;Modena;1;918;11,31;;18,10;;0,69;6,80;9,93;40,86
08036025;Montefiorino;Modena;1;2.076;15,75;;29,23;;0,25;3,48;8,44;42,74
08036026;Montese;Modena;1;3.217;6,98;;21,15;;4,27;5,33;5,19;38,69
08036027;Nonantola;Modena;1;16.042;18,85;;10,65;;2,09;5,19;2,04;28,25
08036029;Palagano;Modena;1;2.058;11,41;;35,85;;0,80;5,92;11,73;46,61
08036030;Pavullo nel Frignano;Modena;1;18.031;9,12;;11,14;;1,51;2,73;5,83;27,40
08036031;Pievepelago;Modena;1;2.183;10,79;;18,69;;2,67;5,47;12,37;43,40
08036032;Polinago;Modena;1;1.575;11,76;;19,79;;1,11;4,26;10,54;39,53
08036033;Prignano sulla Secchia;Modena;1;3.759;6,38;;14,52;;;4,12;9,85;34,58
08036034;Ravarino;Modena;1;6.226;18,37;;10,02;;1,07;4,23;1,90;23,87
08036035;Riolunato;Modena;1;660;11,09;;18,23;;2,37;7,85;12,31;44,00
08036036;San Cesario sul Panaro;Modena;1;6.594;17,52;;10,63;;0,87;2,31;2,86;24,30
08036040;Sassuolo;Modena;1;40.544;10,01;;16,42;;3,21;3,34;3,07;32,12
08036041;Savignano sul Panaro;Modena;1;9.418;5,70;;12,76;;0,34;3,54;5,01;25,44
08036042;Serramazzoni;Modena;1;8.481;14,02;;24,95;;2,47;4,05;11,15;46,64
08036043;Sestola;Modena;1;2.452;11,03;;17,64;;5,74;4,37;8,15;41,29
08036045;Spilamberto;Modena;1;12.870;34,56;;14,56;;1,86;2,91;4,97;33,92
08036046;Vignola;Modena;1;25.670;24,55;;17,16;;2,06;4,21;2,50;34,70
08036047;Zocca;Modena;1;4.558;6,18;;14,62;;2,13;2,88;3,94;28,86
03108001;Agrate Brianza;Monza e della Brianza;1;15.505;18,25;;9,18;;4,11;4,54;3,84;28,39
03108002;Aicurzio;Monza e della Brianza;1;2.072;6,15;;10,94;;5,28;3,10;4,15;27,72
03108003;Albiate;Monza e della Brianza;1;6.582;9,03;;11,01;;4,12;5,94;3,16;29,16
03108004;Arcore;Monza e della Brianza;1;17.773;17,05;;10,61;;4,04;3,88;1,78;27,24
03108005;Barlassina;Monza e della Brianza;1;6.853;6,32;;6,87;;1,21;2,33;2,45;21,71
03108006;Bellusco;Monza e della Brianza;1;7.365;63,73;;9,09;;2,45;4,44;2,73;36,47
03108007;Bernareggio;Monza e della Brianza;1;11.411;14,85;;10,02;;2,00;4,61;2,77;26,37
03108008;Besana in Brianza;Monza e della Brianza;1;15.441;12,38;;8,61;;2,74;4,34;1,47;24,51
03108009;Biassono;Monza e della Brianza;1;12.177;3,48;;10,13;;3,62;3,53;;18,40
03108010;Bovisio-Masciago;Monza e della Brianza;1;16.735;16,26;;9,42;;5,41;4,97;3,35;30,07
03108011;Briosco;Monza e della Brianza;1;6.080;17,90;;7,52;;2,89;4,09;3,48;24,53
03108012;Brugherio;Monza e della Brianza;1;34.845;7,63;;11,94;;3,77;2,61;3,57;27,46
03108013;Burago di Molgora;Monza e della Brianza;1;4.223;11,89;;6,64;;4,57;3,64;2,99;23,92
03108051;Busnago;Monza e della Brianza;1;6.769;12,75;;9,04;;1,63;11,03;1,26;29,41
03108014;Camparada;Monza e della Brianza;1;2.152;21,30;;7,90;;2,25;4,15;3,58;26,26
03108052;Caponago;Monza e della Brianza;1;5.112;18,91;;8,68;;3,22;5,16;1,89;25,28
03108015;Carate Brianza;Monza e della Brianza;1;17.756;10,94;;7,91;;5,47;3,14;1,50;25,32
03108016;Carnate;Monza e della Brianza;1;7.594;8,45;;9,36;;2,05;5,50;3,07;26,48
03108017;Cavenago di Brianza;Monza e della Brianza;1;7.402;12,81;;9,22;;3,56;6,33;3,53;28,95
03108018;Ceriano Laghetto;Monza e della Brianza;1;6.627;8,04;;11,55;;3,02;4,13;1,46;24,80
03108019;Cesano Maderno;Monza e della Brianza;1;39.118;9,15;;8,99;;3,99;4,04;2,84;26,22
03108020;Cogliate;Monza e della Brianza;1;8.403;8,87;;8,98;;0,62;3,10;1,31;20,98
03108021;Concorezzo;Monza e della Brianza;1;15.800;5,80;;9,49;;2,59;2,58;1,83;22,45
03108053;Cornate d'Adda;Monza e della Brianza;1;10.753;8,53;;10,30;;2,05;3,35;2,26;24,16
03108022;Correzzana;Monza e della Brianza;1;3.095;8,46;;10,02;;3,26;6,38;1,36;27,02
03108023;Desio;Monza e della Brianza;1;41.635;11,04;;8,82;;3,72;3,72;4,33;27,12
03108024;Giussano;Monza e della Brianza;1;25.988;13,15;;9,06;;5,14;2,93;4,19;28,40
03108025;Lazzate;Monza e della Brianza;1;7.679;15,14;;8,11;;1,62;4,52;3,36;27,37
03108054;Lentate sul Seveso;Monza e della Brianza;1;15.733;6,14;;9,34;;4,40;2,93;1,15;22,90
03108026;Lesmo;Monza e della Brianza;1;8.407;18,10;;8,18;;1,59;3,81;2,01;22,63
03108027;Limbiate;Monza e della Brianza;1;34.718;16,24;;9,54;;3,92;4,10;4,74;29,26
03108028;Lissone;Monza e della Brianza;1;46.142;9,90;;10,17;;3,98;4,59;2,63;27,13
03108029;Macherio;Monza e della Brianza;1;7.412;15,32;;9,35;;1,17;3,36;2,53;23,26
03108030;Meda;Monza e della Brianza;1;23.370;9,37;;7,55;;5,65;3,58;2,61;28,11
03108031;Mezzago;Monza e della Brianza;1;4.472;30,18;;9,82;;2,31;5,20;3,83;28,91
03108032;Misinto;Monza e della Brianza;1;5.654;18,36;;11,79;;2,25;2,55;1,38;24,27
03108033;Monza;Monza e della Brianza;1;122.099;6,88;;14,69;;7,79;5,70;6,48;38,98
03108034;Muggio;Monza e della Brianza;1;23.593;8,13;;9,96;;4,77;2,22;2,92;26,68
03108035;Nova Milanese;Monza e della Brianza;1;23.125;6,79;;8,93;;3,63;2,65;1,81;22,51
03108036;Ornago;Monza e della Brianza;1;5.253;13,14;;10,23;;1,69;3,02;6,94;28,11
03108037;Renate;Monza e della Brianza;1;4.009;11,78;;10,48;;2,45;4,53;1,44;24,93
03108055;Roncello;Monza e della Brianza;1;4.780;8,54;;9,39;;1,47;3,20;2,56;23,12
03108038;Ronco Briantino;Monza e della Brianza;1;3.576;16,02;;8,93;;1,25;6,97;2,51;26,53
03108039;Seregno;Monza e della Brianza;1;44.832;9,91;;8,63;;5,02;4,37;3,06;27,25
03108040;Seveso;Monza e della Brianza;1;23.797;11,59;;7,54;;4,00;4,40;2,20;24,52
03108041;Sovico;Monza e della Brianza;1;8.297;12,88;;11,20;;6,20;4,88;4,37;35,03
03108042;Sulbiate;Monza e della Brianza;1;4.394;23,30;;8,30;;3,24;5,76;2,36;26,97
03108043;Triuggio;Monza e della Brianza;1;8.642;17,73;;12,52;;3,60;3,59;5,04;31,43
03108044;Usmate Velate;Monza e della Brianza;1;10.527;26,86;;8,24;;1,60;2,40;2,94;23,35
03108045;Varedo;Monza e della Brianza;1;13.627;7,99;;9,53;;4,36;5,65;1,55;27,35
03108046;Vedano al Lambro;Monza e della Brianza;1;7.515;12,66;;10,68;;3,60;3,27;9,56;35,28
03108047;Veduggio con Colzano;Monza e della Brianza;1;4.205;8,04;;7,23;;0,47;8,13;1,54;21,46
03108048;Verano Brianza;Monza e della Brianza;1;9.146;8,47;;9,64;;2,02;4,16;2,91;24,16
03108049;Villasanta;Monza e della Brianza;1;14.059;19,19;;10,07;;4,08;3,84;2,32;27,54
03108050;Vimercate;Monza e della Brianza;1;25.783;12,50;;8,98;;3,58;2,92;1,44;23,80
15063001;Acerra;Napoli;1;58.152;26,32;;11,44;;9,06;0,35;6,41;50,94
15063002;Afragola;Napoli;1;61.881;10,98;;28,84;;1,68;5,50;8,38;49,07
15063003;Agerola;Napoli;1;7.651;42,19;;2,03;;1,91;2,54;1,20;30,56
15063004;Anacapri;Napoli;1;6.854;57,82;;25,34;;13,80;12,18;4,15;72,32
15063005;Arzano;Napoli;1;32.265;16,80;;51,17;;7,88;5,70;0,04;53,03
15063006;Bacoli;Napoli;1;25.258;5,90;;7,53;;3,35;12,82;;41,74
15063007;Barano d'Ischia;Napoli;1;9.876;21,57;;28,54;;0,87;11,75;4,06;56,02
15063008;Boscoreale;Napoli;1;26.043;15,49;;25,22;;2,56;3,49;2,14;47,95
15063009;Boscotrecase;Napoli;1;9.671;;;1,32;;;1,68;;14,75
15063011;Caivano;Napoli;1;35.587;8,60;;39,62;;4,25;4,38;;42,80
15063012;Calvizzano;Napoli;1;12.115;20,70;;;;4,30;1,50;5,12;35,38
15063013;Camposano;Napoli;1;5.089;20,43;;14,32;;0,82;3,70;0,74;33,77
15063014;Capri;Napoli;1;6.869;29,89;;40,87;;11,37;9,31;1,48;73,47
15063016;Cardito;Napoli;1;21.312;;;;;;6,84;8,27;30,33
15063017;Casalnuovo di Napoli;Napoli;1;47.019;5,29;;26,13;;3,70;3,06;0,35;35,48
15063018;Casamarciano;Napoli;1;3.044;10,29;;14,58;;4,12;;;23,49
15063020;Casandrino;Napoli;1;13.470;10,46;;22,31;;3,65;7,28;24,34;68,58
15063021;Casavatore;Napoli;1;18.077;12,61;;28,28;;6,40;1,08;2,10;42,53
15063022;Casola di Napoli;Napoli;1;3.640;16,45;;23,79;;2,46;2,23;5,79;46,64
15063023;Casoria;Napoli;1;73.492;10,21;;30,64;;3,31;7,57;2,38;47,05
15063026;Cercola;Napoli;1;16.926;3,89;;24,75;;7,44;2,99;0,47;25,58
15063028;Cimitile;Napoli;1;6.890;74,23;;16,25;;1,50;5,54;0,07;37,25
15063029;Comiziano;Napoli;1;1.680;7,92;;4,20;;3,97;5,83;3,80;29,13
15063031;Forio;Napoli;1;17.348;38,23;;39,11;;0,58;13,23;0,01;74,09
15063032;Frattamaggiore;Napoli;1;28.517;24,56;;;;11,01;0,22;;22,51
15063033;Frattaminore;Napoli;1;15.317;12,06;;19,32;;2,24;2,06;0,73;33,86
15063034;Giugliano in Campania;Napoli;1;122.935;6,10;;33,30;;4,59;0,60;0,33;25,54
15063035;Gragnano;Napoli;1;28.024;18,71;;16,93;;1,86;4,35;2,82;40,16
15063036;Grumo Nevano;Napoli;1;17.106;34,37;;25,76;;8,25;2,23;;40,69
15063037;Ischia;Napoli;1;19.451;16,79;;34,74;;5,38;6,87;1,23;57,45
15063038;Lacco Ameno;Napoli;1;4.584;38,82;;48,57;;;3,63;1,45;48,63
15063039;Lettere;Napoli;1;6.033;12,11;;13,78;;5,06;6,88;;50,79
15063040;Liveri;Napoli;1;1.490;30,13;;26,72;;1,37;2,98;5,20;37,71
15063041;Marano di Napoli;Napoli;1;57.514;19,06;;17,82;;4,76;4,70;1,42;42,09
15063042;Mariglianella;Napoli;1;7.778;8,52;;16,18;;9,64;2,93;7,82;49,28
15063092;Massa di Somma;Napoli;1;4.990;32,14;;17,09;;6,98;6,76;3,60;54,40
15063044;Massa Lubrense;Napoli;1;14.046;50,08;;21,54;;1,97;1,65;0,61;44,40
15063045;Melito di Napoli;Napoli;1;35.878;7,46;;36,89;;6,20;0,34;;33,74
15063046;Meta;Napoli;1;7.796;5,45;;29,06;;13,33;;0,42;43,44
15063047;Monte di Procida;Napoli;1;11.825;71,37;;14,00;;4,44;0,01;2,87;39,46
15063048;Mugnano di Napoli;Napoli;1;34.150;7,34;;27,72;;3,90;3,11;0,53;26,44
15063049;Napoli;Napoli;1;914.758;10,18;;31,08;;7,70;3,28;6,10;49,67
15063051;Ottaviano;Napoli;1;22.901;43,40;;13,83;;3,86;2,71;1,82;35,41
15063053;Piano di Sorrento;Napoli;1;12.381;6,44;;19,30;;7,64;6,78;;42,18
15063054;Pimonte;Napoli;1;5.808;5,39;;20,72;;2,37;4,18;;35,37
15063055;Poggiomarino;Napoli;1;21.887;21,18;;12,75;;4,14;0,75;;31,98
15063057;Pomigliano d'Arco;Napoli;1;39.683;21,09;;24,09;;6,27;5,17;8,62;53,45
15063060;Pozzuoli;Napoli;1;76.290;12,61;;12,17;;4,35;12,32;4,59;43,07
15063061;Procida;Napoli;1;10.091;15,21;;32,45;;7,39;3,98;2,77;51,41
15063062;Qualiano;Napoli;1;24.532;5,57;;28,52;;3,38;3,44;1,75;39,36
15063065;Roccarainola;Napoli;1;6.561;34,40;;12,03;;7,63;1,50;;39,92
15063066;San Gennaro Vesuviano;Napoli;1;12.297;5,93;;27,81;;;3,78;1,37;32,25
15063067;San Giorgio a Cremano;Napoli;1;42.784;16,42;;23,07;;2,09;3,94;14,45;53,41
15063069;San Paolo Bel Sito;Napoli;1;3.327;21,49;;17,07;;4,73;11,72;;34,88
15063070;San Sebastiano al Vesuvio;Napoli;1;8.650;81,11;;;;1,16;3,30;13,98;66,74
15063075;San Vitaliano;Napoli;1;6.351;30,59;;12,50;;2,73;3,93;;31,78
15063071;Sant'Agnello;Napoli;1;8.659;21,69;;20,95;;5,30;0,85;4,50;45,92
15063074;Sant'Antonio Abate;Napoli;1;19.070;30,89;;7,78;;3,09;6,37;1,84;36,07
15063076;Saviano;Napoli;1;15.925;9,09;;13,04;;3,34;1,45;9,83;39,16
15063077;Scisciano;Napoli;1;6.111;13,23;;12,76;;2,04;4,89;3,05;33,90
15063078;Serrara Fontana;Napoli;1;3.020;;;68,11;;;4,15;;53,55
15063079;Somma Vesuviana;Napoli;1;33.677;18,72;;22,13;;4,52;2,25;0,63;40,44
15063080;Sorrento;Napoli;1;15.574;9,24;;13,12;;11,41;6,67;;43,78
15063081;Striano;Napoli;1;8.672;23,63;;16,26;;5,53;1,54;5,40;43,88
15063083;Torre Annunziata;Napoli;1;40.320;23,96;;32,02;;5,19;3,96;0,48;53,15
15063084;Torre del Greco;Napoli;1;80.825;11,53;;33,36;;1,99;5,12;3,14;42,17
15063091;Trecase;Napoli;1;8.562;5,96;;13,05;;6,64;9,48;0,22;36,80
15063086;Vico Equense;Napoli;1;20.239;20,03;;20,33;;8,51;1,73;1,81;46,93
15063087;Villaricca;Napoli;1;30.962;5,33;;15,11;;1,31;6,27;0,31;35,08
15063088;Visciano;Napoli;1;4.171;5,89;;20,62;;6,99;0,95;7,69;42,85
15063089;Volla;Napoli;1;25.085;17,70;;18,38;;5,34;1,36;;32,50
01003001;Agrate Conturbia;Novara;1;1.515;10,86;;8,15;;1,19;4,85;1,16;21,88
01003002;Ameno;Novara;1;834;9,95;;15,96;;5,71;11,39;0,85;38,16
01003006;Armeno;Novara;1;2.093;6,48;;12,24;;1,58;10,72;0,91;32,24
01003008;Arona;Novara;1;13.674;20,72;;14,17;;2,79;6,71;1,48;34,97
01003019;Boca;Novara;1;1.119;13,22;;23,43;;2,29;2,04;;31,88
01003021;Bogogno;Novara;1;1.296;12,84;;10,50;;1,50;16,81;0,79;42,41
01003022;Bolzano Novarese;Novara;1;1.146;11,44;;3,96;;0,53;8,82;0,91;20,91
01003025;Borgo Ticino;Novara;1;5.135;21,41;;11,09;;2,50;3,93;2,27;29,76
01003024;Borgomanero;Novara;1;21.276;19,56;;12,34;;2,73;6,32;1,43;33,92
01003026;Briga Novarese;Novara;1;2.744;7,01;;9,15;;0,05;5,85;2,74;21,31
01003036;Carpignano Sesia;Novara;1;2.443;21,23;;12,94;;4,50;6,02;2,45;30,01
01003043;Castelletto sopra Ticino;Novara;1;9.813;13,97;;8,00;;1,60;4,56;4,83;28,45
01003047;Cavallirio;Novara;1;1.301;14,80;;8,13;;1,61;6,19;0,84;27,40
01003052;Comignago;Novara;1;1.218;16,91;;14,60;;2,39;9,09;1,31;36,70
01003055;Cressa;Novara;1;1.609;13,32;;8,79;;1,45;10,80;0,75;29,29
01003058;Cureggio;Novara;1;2.573;22,44;;10,10;;3,30;4,99;1,07;29,19
01003060;Divignano;Novara;1;1.423;20,09;;8,55;;1,82;10,04;0,92;29,59
01003062;Dormelletto;Novara;1;2.568;10,58;;6,97;;1,34;3,08;1,30;18,94
01003065;Fara Novarese;Novara;1;1.991;17,13;;8,41;;1,63;6,16;1,11;26,36
01003066;Fontaneto d'Agogna;Novara;1;2.586;19,54;;11,26;;2,22;10,12;1,16;35,73
01003070;Gargallo;Novara;1;1.758;14,06;;8,23;;0,39;8,87;1,56;24,74
01003166;Gattico-Veruno;Novara;1;5.219;11,68;;13,02;;2,13;6,59;1,10;29,57
01003073;Ghemme;Novara;1;3.369;14,19;;10,69;;2,41;6,19;1,64;29,83
01003076;Gozzano;Novara;1;5.451;8,71;;7,81;;2,65;7,53;0,92;25,14
01003079;Grignasco;Novara;1;4.330;19,56;;8,99;;1,84;5,68;0,96;27,36
01003082;Invorio;Novara;1;4.310;7,65;;12,36;;1,49;7,46;2,18;26,85
01003084;Lesa;Novara;1;2.150;16,77;;13,08;;4,80;18,83;0,64;43,48
01003088;Maggiora;Novara;1;1.602;19,40;;8,91;;2,02;3,76;1,06;25,57
01003093;Massino Visconti;Novara;1;1.120;68,01;;;;19,95;;;32,76
01003095;Meina;Novara;1;2.371;7,82;;11,23;;3,36;9,61;0,87;30,99
01003098;Miasino;Novara;1;809;25,35;;14,91;;3,21;16,63;0,81;42,99
01003103;Nebbiuno;Novara;1;1.766;21,27;;13,02;;0,79;10,27;0,93;31,96
01003106;Novara - Dato aggregazione CONSORZIO AREA VASTA BASSO NOVARESE;Novara;39;220.098;9,63;;14,34;;3,16;6,63;4,01;34,32
01003109;Oleggio Castello;Novara;1;2.201;17,40;;14,31;;2,33;12,19;1,20;42,00
01003112;Orta San Giulio;Novara;1;1.136;4,89;;22,05;;5,90;16,04;0,46;47,48
01003114;Paruzzaro;Novara;1;2.153;20,73;;14,64;;2,35;5,49;4,13;34,27
01003116;Pettenasco;Novara;1;1.326;8,83;;13,24;;;12,93;0,81;31,58
01003119;Pisano;Novara;1;779;9,88;;12,05;;7,09;15,73;0,88;40,77
01003120;Pogno;Novara;1;1.338;3,61;;6,54;;0,19;9,34;0,90;21,46
01003121;Pombia;Novara;1;2.112;19,30;;9,94;;2,04;4,72;3,07;28,67
01003122;Prato Sesia;Novara;1;1.836;20,73;;10,02;;1,99;6,62;1,43;28,09
01003130;Romagnano Sesia;Novara;1;3.670;13,57;;10,51;;2,77;7,22;0,98;31,28
01003133;San Maurizio d'Opaglio;Novara;1;2.989;4,42;;12,57;;0,81;7,33;0,74;24,70
01003139;Sizzano;Novara;1;1.355;13,44;;7,64;;1,71;7,59;0,84;27,99
01003140;Soriso;Novara;1;720;7,30;;4,08;;0,23;8,62;2,62;24,47
01003143;Suno;Novara;1;2.701;17,28;;12,69;;2,01;7,15;1,10;39,66
01003154;Varallo Pombia;Novara;1;4.930;22,61;;7,64;;2,98;5,05;4,81;32,33
20091005;Bari Sardo;Nuoro [fino 2024];1;3.830;28,08;;30,80;;4,12;4,22;1,55;47,85
20091006;Baunei;Nuoro [fino 2024];1;3.442;7,25;;20,62;;;1,91;6,64;37,61
20091008;Birori;Nuoro [fino 2024];1;500;27,76;;27,57;;;2,36;;37,56
20091009;Bitti - Dato aggregazione ASSOCIAZIONE DEI COMUNI DI BITTI, LULA, ONANI' - ENTE CAPOFILA COMUNE DI BITTI;Nuoro [fino 2024];3;4.231;14,75;;20,30;;;5,32;7,13;37,01
20091010;Bolotana;Nuoro [fino 2024];1;2.403;38,73;;32,34;;3,80;1,75;3,08;42,85
20091011;Borore;Nuoro [fino 2024];1;1.982;44,93;;30,90;;3,83;3,05;2,33;52,36
20091103;Cardedu;Nuoro [fino 2024];1;1.923;51,31;;23,30;;8,30;0,53;0,68;45,49
20091017;Dorgali;Nuoro [fino 2024];1;8.299;24,56;;24,05;;4,69;5,78;1,58;46,41
20091018;Dualchi;Nuoro [fino 2024];1;577;33,68;;32,43;;;4,01;3,34;55,24
20091024;Fonni;Nuoro [fino 2024];1;3.696;22,64;;14,91;;2,63;6,52;3,34;38,94
20091026;Gairo;Nuoro [fino 2024];1;1.293;26,78;;38,69;;;3,55;;45,94
20091033;Irgoli - Dato aggregazione ASSOCIAZIONE DEI COMUNI DI IRGOLI, ONIFAI, LOCULI, GALTELLI' - ENTE CAPOFILA COMUNE DI IRGOLI;Nuoro [fino 2024];4;5.786;44,11;;12,80;;;9,79;1,78;43,23
20091035;Jerzu;Nuoro [fino 2024];1;3.034;17,70;;24,25;;0,57;3,82;2,18;36,20
20091044;Macomer;Nuoro [fino 2024];1;9.410;8,02;;26,44;;5,64;6,12;2,48;43,71
20091051;Nuoro;Nuoro [fino 2024];1;34.105;30,50;;22,63;;6,75;1,98;0,24;41,51
20091055;Oliena;Nuoro [fino 2024];1;6.640;21,61;;21,17;;3,34;5,96;5,08;43,50
20091061;Orani;Nuoro [fino 2024];1;2.706;21,01;;21,04;;;1,16;;31,79
20091062;Orgosolo;Nuoro [fino 2024];1;3.950;30,15;;16,35;;3,56;6,01;3,58;42,76
20091063;Orosei;Nuoro [fino 2024];1;6.765;23,99;;16,64;;7,12;2,32;4,76;37,67
20091069;Osini;Nuoro [fino 2024];1;725;51,08;;27,87;;;17,08;3,33;53,21
20091070;Ottana;Nuoro [fino 2024];1;2.195;50,34;;35,93;;4,41;1,55;2,68;49,16
20091071;Ovodda;Nuoro [fino 2024];1;1.521;19,69;;23,87;;5,46;6,11;;42,29
20091073;Posada;Nuoro [fino 2024];1;2.974;26,15;;19,30;;10,30;10,50;5,92;53,02
20091083;Silanus;Nuoro [fino 2024];1;2.005;24,57;;28,21;;;4,17;3,98;42,39
20091084;Sindia;Nuoro [fino 2024];1;1.605;7,62;;23,59;;1,60;11,33;1,31;41,94
20091085;Siniscola;Nuoro [fino 2024];1;11.159;26,47;;35,28;;9,54;5,11;2,28;54,73
20091086;Sorgono - Dato aggregazione COMUNITA' MONTANA GENNARGENTU MANDROLISAI;Nuoro [fino 2024];11;12.987;17,33;;33,48;;;5,12;3,62;45,86
20091089;Tertenia;Nuoro [fino 2024];1;3.801;8,27;;20,07;;0,63;2,69;4,29;32,84
20091095;Tortoli;Nuoro [fino 2024];1;10.986;19,80;;18,84;;6,12;4,85;3,02;37,76
20091097;Triei;Nuoro [fino 2024];1;1.047;9,54;;19,00;;1,05;11,61;2,06;39,67
20091099;Urzulei;Nuoro [fino 2024];1;1.114;36,28;;21,23;;;10,27;2,22;50,63
20091100;Ussassai;Nuoro [fino 2024];1;472;50,35;;13,55;;1,26;6,95;;30,10
20091101;Villagrande Strisaili;Nuoro [fino 2024];1;2.947;35,25;;37,60;;4,41;7,33;3,92;60,65
20095001;Abbasanta - Dato aggregazione UNIONE DEI COMUNI DEL GUILCIER;Oristano [fino 2024];9;12.776;7,72;;14,78;;;3,08;0,28;28,24
20095004;Ales - Dato aggregazione UNIONE DI COMUNI ALTA MARMILLA;Oristano [fino 2024];19;8.821;32,91;;32,77;;;1,62;;43,58
20095079;Bosa;Oristano [fino 2024];1;7.465;5,65;;14,08;;16,95;6,93;5,27;49,74
20095017;Busachi - Dato aggregazione UNIONE DEI COMUNI DEL BARIGADU;Oristano [fino 2024];9;7.570;14,84;;34,59;;2,36;2,78;0,96;49,30
20095018;Cabras - Dato aggregazione UNIONE DEI COMUNI COSTA DEL SINIS TERRA DEI GIGANTI;Oristano [fino 2024];2;9.966;9,21;;16,24;;2,88;3,37;1,05;27,98
20095027;Milis - Dato aggregazione UNIONE DEI COMUNI MONTIFERRU - SINIS;Oristano [fino 2024];10;13.815;11,83;;24,78;;1,34;3,35;1,94;36,34
20095029;Mogoro - Dato aggregazione UNIONE DEI COMUNI PARTE MONTIS;Oristano [fino 2024];6;6.481;14,55;;20,20;;4,88;1,34;1,02;32,49
20095031;Narbolia;Oristano [fino 2024];1;1.690;15,73;;36,51;;;2,65;4,27;47,49
20095038;Oristano;Oristano [fino 2024];1;30.541;6,26;;14,01;;5,72;4,46;4,55;36,39
20095039;Palmas Arborea - Dato aggregazione UNIONE DI COMUNI DEI FENICI;Oristano [fino 2024];6;12.802;12,97;;11,98;;0,24;1,88;1,23;21,78
20095046;San Nicolo d'Arcidano - Dato aggregazione UNIONE DEI COMUNI TERRALBESE;Oristano [fino 2024];5;23.254;9,33;;10,27;;;9,56;;28,86
20095050;San Vero Milis;Oristano [fino 2024];1;2.416;14,89;;22,32;;;5,30;2,28;39,86
20095059;Simaxis - Dato aggregazione UNIONE DEI COMUNI DELLA BASSA VALLE DEL TIRSO E DEL GRIGHINE;Oristano [fino 2024];7;6.019;19,49;;15,62;;;3,74;;20,39
05028001;Abano Terme;Padova;1;20.108;5,82;;13,62;;4,13;3,23;4,24;39,79
05028002;Agna;Padova;1;3.150;13,06;;13,14;;1,06;2,56;3,25;27,86
05028003;Albignasego;Padova;1;26.571;9,78;;13,16;;1,04;0,98;1,01;24,27
05028004;Anguillara Veneta;Padova;1;4.147;10,90;;12,97;;1,01;2,44;3,11;27,23
05028005;Arqua  Petrarca;Padova;1;1.803;7,16;;13,79;;0,94;2,27;2,83;25,19
05028006;Arre;Padova;1;2.106;9,14;;13,79;;1,01;2,44;2,88;27,53
05028007;Arzergrande;Padova;1;4.855;10,14;;10,44;;0,84;2,02;3,66;23,30
05028008;Bagnoli di Sopra;Padova;1;3.358;10,01;;12,25;;0,95;2,29;3,20;25,68
05028009;Baone;Padova;1;3.055;9,86;;9,82;;0,80;1,92;1,71;23,45
05028010;Barbona;Padova;1;608;25,38;;18,89;;0,52;4,52;1,69;33,19
05028011;Battaglia Terme;Padova;1;3.774;11,61;;13,45;;1,06;2,54;3,18;27,33
05028012;Boara Pisani;Padova;1;2.394;9,53;;11,36;;0,89;2,13;3,28;23,88
05028107;Borgo Veneto;Padova;1;7.046;8,99;;10,25;;0,81;1,94;2,61;24,27
05028014;Bovolenta;Padova;1;3.462;8,29;;14,31;;1,01;2,44;2,79;27,24
05028015;Brugine;Padova;1;7.186;10,62;;11,58;;0,95;2,28;2,88;24,56
05028021;Candiana;Padova;1;2.223;14,46;;14,38;;1,17;2,81;3,74;30,86
05028022;Carceri;Padova;1;1.497;13,64;;14,79;;1,18;2,83;4,66;31,36
05028026;Cartura;Padova;1;4.570;9,22;;14,18;;1,04;2,50;3,05;27,65
05028027;Casale di Scodosia;Padova;1;4.743;10,39;;13,13;;1,01;2,43;3,52;27,25
05028028;Casalserugo;Padova;1;5.361;5,28;;12,13;;1,56;0,53;1,00;22,37
05028029;Castelbaldo;Padova;1;1.421;13,20;;13,93;;1,12;2,69;4,43;30,12
05028031;Cinto Euganeo;Padova;1;1.922;8,23;;17,18;;;2,58;3,82;28,69
05028033;Codevigo;Padova;1;6.334;11,28;;15,35;;1,16;2,79;4,43;31,75
05028034;Conselve;Padova;1;10.034;8,76;;13,68;;1,00;2,40;2,32;26,34
05028035;Correzzola;Padova;1;5.057;10,79;;14,35;;1,09;2,62;4,65;29,95
05028106;Due Carrare;Padova;1;8.974;8,76;;15,07;;1,07;2,57;2,98;29,25
05028037;Este;Padova;1;15.969;8,61;;9,82;;0,77;1,86;1,54;20,55
05028043;Granze;Padova;1;1.947;8,04;;10,71;;0,81;1,96;3,10;22,11
05028044;Legnaro;Padova;1;9.375;10,81;;12,48;;0,97;2,34;3,00;25,83
05028047;Lozzo Atestino;Padova;1;2.973;9,40;;12,90;;0,97;2,34;3,61;27,22
05028048;Masera  di Padova;Padova;1;9.069;8,60;;11,58;;0,88;2,11;1,87;24,00
05028049;Masi;Padova;1;1.775;11,67;;12,84;;1,02;2,45;3,10;26,36
05028052;Megliadino San Vitale;Padova;1;1.823;9,42;;13,52;;;2,26;3,21;25,55
05028053;Merlara;Padova;1;2.518;10,22;;13,16;;1,01;2,43;4,35;27,87
05028055;Monselice;Padova;1;17.262;7,58;;11,62;;0,85;2,05;2,21;25,41
05028056;Montagnana;Padova;1;8.905;11,74;;15,95;;1,21;2,90;3,44;32,32
05028059;Ospedaletto Euganeo;Padova;1;5.530;10,05;;10,82;;0,86;2,08;2,16;22,13
05028060;Padova;Padova;1;208.732;9,12;;13,09;;5,01;6,24;5,01;38,03
05028061;Pernumia;Padova;1;3.750;9,96;;11,26;;0,89;2,14;2,72;23,59
05028062;Piacenza d'Adige;Padova;1;1.237;16,77;;11,77;;1,01;2,81;5,78;30,31
05028065;Piove di Sacco;Padova;1;20.112;15,20;;10,94;;1,86;1,84;3,68;24,33
05028066;Polverara;Padova;1;3.374;9,17;;10,34;;0,82;1,96;2,42;22,02
05028067;Ponso;Padova;1;2.399;11,36;;12,05;;0,96;2,32;4,08;26,41
05028069;Ponte San Nicolo;Padova;1;13.266;8,72;;12,49;;1,30;4,16;3,54;28,97
05028068;Pontelongo;Padova;1;3.625;11,30;;14,28;;1,10;2,64;1,68;25,46
05028070;Pozzonovo;Padova;1;3.473;9,46;;9,80;;0,79;1,90;2,60;21,15
05028073;Saccolongo;Padova;1;4.884;8,72;;14,79;;0,32;0,81;0,09;27,15
05028079;San Pietro Viminario;Padova;1;3.053;10,46;;11,73;;0,93;2,23;2,70;24,45
05028082;Sant'Angelo di Piove di Sacco;Padova;1;7.263;8,48;;10,89;;0,82;1,98;2,57;22,71
05028083;Sant'Elena;Padova;1;2.521;7,42;;11,12;;0,82;1,97;3,82;23,99
05028084;Sant'Urbano;Padova;1;1.921;15,16;;10,15;;0,11;1,60;;13,23
05028087;Solesino;Padova;1;6.793;11,40;;10,75;;0,88;2,12;3,05;24,64
05028088;Stanghella;Padova;1;4.149;11,62;;11,14;;0,91;2,19;3,50;24,42
05028090;Terrassa Padovana;Padova;1;2.669;12,25;;14,83;;1,15;2,77;4,76;31,68
05028094;Tribano;Padova;1;4.229;12,18;;12,54;;1,01;2,43;3,55;26,70
05028095;Urbana;Padova;1;2.029;10,09;;12,85;;0,99;2,37;4,25;25,78
05028097;Vescovana;Padova;1;1.726;14,22;;8,68;;0,95;2,33;1,17;19,49
05028098;Vighizzolo d'Este;Padova;1;894;8,05;;10,34;;0,79;1,91;2,84;21,59
05028102;Villa Estense;Padova;1;2.096;7,16;;10,71;;0,79;1,90;3,15;19,80
05028105;Vo';Padova;1;3.270;4,31;;11,65;;0,30;1,28;;18,46
19082005;Altofonte;Palermo;1;9.857;22,85;;56,32;;5,99;8,06;5,46;75,96
19082006;Bagheria;Palermo;1;52.705;14,74;;19,19;;3,20;3,61;0,15;40,27
19082008;Baucina;Palermo;1;1.839;9,55;;19,33;;9,43;13,16;3,43;54,03
19082009;Belmonte Mezzagno;Palermo;1;10.927;15,68;;27,52;;2,49;1,79;;43,67
19082010;Bisacquino;Palermo;1;4.155;14,88;;30,41;;1,25;3,19;1,39;41,70
19082011;Bolognetta;Palermo;1;4.028;153,48;;;;3,13;5,39;;79,97
19082013;Borgetto;Palermo;1;7.051;51,65;;17,96;;3,02;5,62;;48,33
19082014;Caccamo;Palermo;1;7.725;10,71;;18,40;;7,62;3,99;1,03;44,11
19082016;Campofelice di Fitalia;Palermo;1;466;16,39;;41,37;;7,17;11,33;0,84;70,29
19082017;Campofelice di Roccella;Palermo;1;7.545;7,10;;26,79;;4,61;7,40;0,46;41,25
19082019;Camporeale;Palermo;1;2.983;4,05;;45,53;;3,34;2,86;2,73;54,83
19082020;Capaci;Palermo;1;11.262;18,74;;30,62;;1,98;2,12;9,60;55,63
19082021;Carini;Palermo;1;38.850;20,76;;19,72;;2,95;4,23;;39,89
19082022;Castelbuono;Palermo;1;8.177;26,13;;20,19;;3,71;1,66;0,70;44,93
19082023;Casteldaccia;Palermo;1;11.568;33,51;;13,88;;1,94;4,01;12,01;69,88
19082024;Castellana Sicula - Dato aggregazione AMA - RIFIUTO E' RISORSA S.C.A R.L.;Palermo;15;35.721;37,20;;26,59;;2,32;1,69;1,90;41,55
19082025;Castronovo di Sicilia;Palermo;1;2.844;16,36;;23,31;;3,36;3,26;;43,17
19082026;Cefala  Diana;Palermo;1;986;11,99;;36,18;;8,81;3,75;41,48;99,25
19082027;Cefalu;Palermo;1;13.878;4,63;;22,62;;7,80;2,31;;38,10
19082030;Ciminna;Palermo;1;3.443;15,39;;33,06;;6,86;6,01;1,45;53,64
19082031;Cinisi;Palermo;1;11.846;7,98;;28,24;;1,82;6,37;7,30;55,20
19082032;Collesano;Palermo;1;3.720;13,10;;28,84;;3,79;10,59;;42,26
19082034;Corleone;Palermo;1;10.422;10,55;;23,11;;5,29;2,67;6,78;47,44
19082035;Ficarazzi;Palermo;1;12.776;39,27;;22,34;;4,24;11,06;8,52;82,23
19082038;Giardinello;Palermo;1;2.275;43,66;;41,12;;2,67;10,61;7,33;77,95
19082041;Gratteri;Palermo;1;867;33,30;;57,99;;18,93;14,77;;90,07
19082042;Isnello;Palermo;1;1.329;29,11;;53,84;;11,75;7,28;;70,67
19082043;Isola delle Femmine;Palermo;1;7.001;13,14;;18,45;;2,11;6,79;0,81;38,96
19082044;Lascari;Palermo;1;3.652;13,75;;19,29;;4,55;5,03;0,87;35,73
19082045;Lercara Friddi;Palermo;1;6.191;50,68;;26,28;;4,57;0,14;;47,03
19082046;Marineo;Palermo;1;6.187;79,98;;23,93;;4,70;5,62;8,75;56,54
19082047;Mezzojuso;Palermo;1;2.678;15,60;;43,24;;11,44;5,57;;64,56
19082048;Misilmeri;Palermo;1;28.648;24,95;;30,75;;1,52;12,14;0,73;60,16
19082049;Monreale;Palermo;1;38.351;52,93;;5,08;;3,57;29,65;;70,03
19082051;Montemaggiore Belsito - Dato aggregazione EMA RIFIUTO E RISORSA S.C.R.L.;Palermo;2;4.064;17,45;;41,39;;;5,81;0,40;54,24
19082052;Palazzo Adriano;Palermo;1;1.838;23,17;;31,83;;4,43;3,18;;36,13
19082053;Palermo;Palermo;1;630.828;6,55;;57,47;;4,04;5,90;2,35;34,27
19082054;Partinico;Palermo;1;30.556;14,79;;24,32;;7,55;6,62;;53,20
19082057;Piana degli Albanesi;Palermo;1;5.588;49,50;;19,97;;;1,50;4,20;41,85
19082059;Pollina;Palermo;1;2.837;12,46;;19,69;;3,83;6,16;3,39;41,11
19082060;Prizzi;Palermo;1;4.305;11,00;;23,35;;2,18;2,84;2,50;42,97
19082063;San Cipirello;Palermo;1;4.972;117,01;;2,95;;0,44;24,46;;49,24
19082064;San Giuseppe Jato;Palermo;1;8.115;257,53;;8,44;;3,37;2,40;;43,57
19082066;Santa Cristina Gela;Palermo;1;987;46,00;;42,88;;;5,51;;60,14
19082068;Sciara;Palermo;1;2.530;17,05;;22,94;;7,55;16,05;;56,97
19082070;Termini Imerese;Palermo;1;25.030;24,82;;18,59;;3,47;10,67;6,29;63,29
19082071;Terrasini;Palermo;1;12.605;32,47;;22,56;;2,53;3,99;7,69;53,38
19082072;Torretta;Palermo;1;4.141;10,51;;14,43;;3,26;11,39;20,32;64,83
19082073;Trabia;Palermo;1;10.391;5,96;;27,77;;7,51;3,54;;50,05
19082074;Trappeto;Palermo;1;3.030;9,78;;23,36;;2,89;13,01;0,59;51,97
08034001;Albareto;Parma;1;2.063;6,36;;8,29;;0,17;4,79;1,54;27,57
08034003;Bedonia;Parma;1;3.141;11,06;;15,91;;3,38;4,04;3,75;30,65
08034004;Berceto;Parma;1;1.971;18,05;;24,18;;1,46;3,87;3,35;34,94
08034006;Borgo Val di Taro;Parma;1;6.680;39,33;;7,36;;4,06;4,58;;37,41
08034007;Busseto;Parma;1;6.778;18,21;;12,05;;3,39;7,95;5,84;42,54
08034008;Calestano;Parma;1;2.054;8,26;;;;0,32;5,59;3,87;29,89
08034009;Collecchio;Parma;1;14.637;11,65;;9,74;;2,29;5,10;3,81;29,90
08034010;Colorno;Parma;1;8.964;17,84;;10,64;;1,40;4,90;5,18;31,51
08034011;Compiano;Parma;1;1.054;38,40;;7,38;;;5,82;4,18;38,41
08034012;Corniglio;Parma;1;1.739;7,72;;16,78;;2,83;6,37;3,87;33,61
08034013;Felino;Parma;1;9.186;16,94;;13,09;;1,64;3,68;3,52;30,54
08034014;Fidenza;Parma;1;27.008;19,89;;15,12;;4,00;7,26;2,24;33,56
08034015;Fontanellato;Parma;1;6.997;15,15;;12,68;;2,24;5,18;7,46;38,44
08034016;Fontevivo;Parma;1;5.600;14,36;;11,29;;0,52;3,49;7,55;36,31
08034017;Fornovo di Taro;Parma;1;5.881;83,28;;6,93;;2,10;4,43;2,68;50,14
08034018;Langhirano;Parma;1;10.714;6,99;;10,49;;1,58;3,28;5,19;27,40
08034019;Lesignano de' Bagni;Parma;1;5.040;10,66;;12,42;;0,89;1,26;5,35;29,37
08034020;Medesano;Parma;1;10.674;20,40;;12,77;;1,15;3,70;5,97;34,11
08034022;Monchio delle Corti;Parma;1;840;12,29;;21,51;;;10,23;7,27;45,29
08034023;Montechiarugolo;Parma;1;11.149;18,59;;11,78;;1,54;4,11;5,76;34,39
08034024;Neviano degli Arduini;Parma;1;3.413;6,42;;6,99;;;3,45;3,86;21,83
08034025;Noceto;Parma;1;13.107;13,76;;9,93;;0,57;3,10;3,59;26,38
08034026;Palanzano;Parma;1;1.052;11,03;;22,31;;0,98;7,29;11,63;48,35
08034027;Parma;Parma;1;196.655;22,04;;12,04;;5,05;4,97;7,90;42,54
08034028;Pellegrino Parmense;Parma;1;958;14,47;;46,93;;;7,49;0,94;47,59
08034050;Polesione Zibello;Parma;1;3.090;18,22;;11,87;;0,29;3,69;4,00;29,21
08034030;Roccabianca;Parma;1;2.877;19,38;;12,38;;;5,51;4,57;31,55
08034031;Sala Baganza;Parma;1;5.819;14,18;;10,01;;3,34;3,87;2,92;30,13
08034032;Salsomaggiore Terme;Parma;1;19.863;11,54;;12,29;;2,26;4,51;7,24;40,56
08034033;San Secondo Parmense;Parma;1;5.792;20,65;;7,33;;1,02;3,82;6,00;27,05
08034049;Sissa Trecasali;Parma;1;7.816;17,26;;10,70;;0,03;1,90;5,27;28,09
08034035;Solignano;Parma;1;1.704;10,59;;3,13;;8,91;13,93;5,18;49,90
08034036;Soragna;Parma;1;4.773;11,46;;11,67;;0,56;3,26;4,88;29,78
08034051;Sorbolo Mezzani;Parma;1;12.703;22,50;;12,28;;1,61;4,32;5,96;35,18
08034038;Terenzo;Parma;1;1.155;12,09;;6,88;;;9,88;1,13;31,69
08034039;Tizzano Val Parma;Parma;1;2.118;8,00;;15,16;;0,20;4,34;3,96;28,85
08034040;Tornolo;Parma;1;900;15,74;;31,50;;1,06;9,35;2,42;44,16
08034041;Torrile;Parma;1;7.689;9,50;;13,25;;2,07;7,69;6,50;37,86
08034042;Traversetolo;Parma;1;9.451;14,90;;9,63;;0,64;4,38;4,74;28,21
08034044;Valmozzola;Parma;1;528;14,36;;11,19;;;9,72;10,71;44,05
08034045;Varano de' Melegari;Parma;1;2.586;22,81;;12,90;;0,76;4,87;1,05;33,53
08034046;Varsi;Parma;1;1.132;40,32;;7,48;;;4,17;1,11;34,41
03018002;Albaredo Arnaboldi;Pavia;1;225;2,88;;12,06;;1,07;2,73;2,00;22,88
03018003;Albonese;Pavia;1;535;4,08;;10,29;;0,57;2,20;1,37;15,41
03018004;Albuzzano;Pavia;1;3.563;7,20;;14,52;;1,15;3,86;2,37;30,62
03018005;Arena Po;Pavia;1;1.504;2,82;;29,47;;0,96;0,68;1,04;22,37
03018007;Bagnaria;Pavia;1;632;16,05;;28,76;;;13,19;4,83;51,50
03018008;Barbianello;Pavia;1;874;;;;;;;;16,49
03018009;Bascape;Pavia;1;1.758;7,60;;16,03;;1,03;4,20;2,76;31,65
03018012;Battuda;Pavia;1;683;3,52;;4,68;;0,17;;;6,16
03018013;Belgioioso;Pavia;1;6.253;2,49;;15,41;;1,69;3,28;2,04;23,00
03018014;Bereguardo;Pavia;1;2.852;11,02;;21,10;;0,14;8,95;2,55;35,46
03018015;Borgarello;Pavia;1;2.657;12,47;;14,41;;0,82;17,23;2,99;53,38
03018016;Borgo Priolo;Pavia;1;1.319;12,87;;6,75;;0,06;3,60;1,51;25,83
03018018;Borgo San Siro;Pavia;1;953;10,77;;16,81;;2,81;7,12;1,04;35,03
03018017;Borgoratto Mormorolo;Pavia;1;417;16,34;;4,88;;;5,60;1,41;29,12
03018019;Bornasco;Pavia;1;2.656;8,05;;12,37;;2,81;5,16;1,94;31,08
03018020;Bosnasco;Pavia;1;636;3,44;;32,97;;1,83;1,75;1,14;25,09
03018022;Breme;Pavia;1;713;6,91;;15,30;;3,44;3,55;1,59;26,82
03018023;Bressana Bottarone;Pavia;1;3.427;13,48;;21,05;;0,40;1,98;4,83;39,50
03018024;Broni;Pavia;1;9.602;13,03;;18,28;;3,20;0,82;0,99;31,19
03018026;Campospinoso Albaredo;Pavia;1;1.088;2,65;;17,44;;1,14;2,15;1,66;23,20
03018027;Candia Lomellina;Pavia;1;1.441;7,30;;14,39;;4,54;6,49;0,27;29,10
03018030;Carbonara al Ticino;Pavia;1;1.418;25,60;;;;1,04;7,47;;23,49
03018031;Casanova Lonati;Pavia;1;451;3,23;;21,34;;2,64;1,79;0,93;22,41
03018032;Casatisma;Pavia;1;865;5,57;;4,27;;0,01;5,96;1,09;20,60
03018039;Castello d'Agogna;Pavia;1;1.054;12,22;;16,01;;4,90;5,35;0,33;32,57
03018040;Castelnovetto;Pavia;1;525;8,60;;15,83;;5,87;3,45;2,37;32,79
03018041;Cava Manara;Pavia;1;6.640;9,05;;14,35;;2,15;3,17;1,28;26,09
03018042;Cecima;Pavia;1;244;14,33;;5,52;;0,02;10,47;1,20;30,88
03018043;Ceranova;Pavia;1;2.270;7,96;;14,64;;0,90;3,89;1,96;31,72
03018044;Ceretto Lomellina;Pavia;1;179;10,75;;15,50;;2,95;10,26;2,07;35,97
03018045;Cergnago;Pavia;1;680;13,44;;20,18;;;7,93;2,54;33,92
03018046;Certosa di Pavia;Pavia;1;5.448;6,56;;13,95;;0,60;4,76;2,27;25,33
03018047;Cervesina;Pavia;1;1.132;13,26;;;;;10,84;;20,17
03018048;Chignolo Po;Pavia;1;3.912;2,65;;12,32;;0,88;0,90;1,32;15,45
03018051;Codevilla;Pavia;1;940;59,77;;;;1,48;3,73;;16,73
03018193;Colli Verdi;Pavia;1;1.014;3,54;;25,69;;1,88;3,87;1,12;24,43
03018053;Copiano;Pavia;1;1.701;3,28;;23,79;;0,99;1,38;1,81;22,72
03018054;Corana;Pavia;1;765;6,10;;3,66;;1,19;4,60;1,32;20,50
03018191;Cornale e Bastida;Pavia;1;820;7,88;;7,43;;0,66;3,98;1,15;22,41
03018192;Corteolona e Genzone;Pavia;1;2.534;1,86;;14,95;;0,77;0,36;2,33;10,08
03018057;Corvino San Quirico;Pavia;1;972;2,88;;28,70;;;5,05;1,00;23,39
03018059;Cozzo;Pavia;1;355;2,59;;21,60;;6,38;1,36;0,18;25,34
03018060;Cura Carpignano;Pavia;1;4.905;7,37;;16,61;;0,20;6,30;3,13;29,47
03018061;Dorno;Pavia;1;4.519;14,26;;11,12;;1,81;4,81;3,91;35,20
03018063;Filighera;Pavia;1;820;4,57;;16,04;;3,98;5,51;1,63;27,42
03018064;Fortunago;Pavia;1;348;14,16;;7,70;;;8,48;1,00;32,92
03018065;Frascarolo;Pavia;1;1.085;12,90;;9,44;;4,21;6,04;3,76;31,98
03018067;Gambarana;Pavia;1;199;10,49;;14,15;;1,52;3,10;2,45;29,20
03018068;Gambolo;Pavia;1;9.617;6,48;;17,45;;3,01;7,84;3,82;29,11
03018071;Gerenzago;Pavia;1;1.415;5,84;;10,49;;4,22;2,11;1,91;27,93
03018072;Giussago;Pavia;1;5.214;17,51;;9,12;;2,33;1,28;;21,96
03018073;Godiasco Salice Terme;Pavia;1;3.176;12,55;;6,23;;1,90;0,38;;18,58
03018076;Gropello Cairoli;Pavia;1;4.236;8,57;;8,86;;4,58;5,43;0,90;26,90
03018077;Inverno e Monteleone;Pavia;1;1.435;3,31;;18,62;;3,40;4,46;1,62;24,54
03018078;Landriano;Pavia;1;6.436;30,21;;1,48;;0,61;;;14,54
03018079;Langosco;Pavia;1;382;33,98;;;;10,41;5,05;;32,17
03018080;Lardirago;Pavia;1;1.137;10,56;;14,91;;;12,74;2,24;36,64
03018084;Lungavilla;Pavia;1;2.451;5,86;;4,28;;0,07;5,62;1,32;20,55
03018085;Magherno;Pavia;1;1.733;3,62;;10,19;;4,98;2,01;3,75;25,57
03018086;Marcignago;Pavia;1;2.431;15,52;;18,27;;4,58;9,22;4,15;48,97
03018088;Mede;Pavia;1;6.195;17,41;;13,27;;1,59;7,45;4,19;37,77
03018089;Menconico;Pavia;1;353;12,98;;7,29;;;7,22;1,15;29,76
03018090;Mezzana Bigli;Pavia;1;1.038;8,97;;10,58;;0,89;7,63;1,97;26,65
03018091;Mezzana Rabattone;Pavia;1;466;13,23;;12,17;;;7,74;4,13;30,68
03018093;Miradolo Terme;Pavia;1;3.642;6,27;;8,44;;0,64;8,65;1,49;21,38
03018094;Montalto Pavese;Pavia;1;857;4,76;;61,61;;0,07;1,07;1,12;32,87
03018095;Montebello della Battaglia;Pavia;1;1.476;10,15;;5,93;;0,04;3,14;0,84;21,97
03018096;Montecalvo Versiggia;Pavia;1;516;2,43;;16,17;;;3,20;1,04;17,08
03018098;Montesegale;Pavia;1;259;8,80;;5,21;;;10,09;1,11;26,69
03018099;Monticelli Pavese;Pavia;1;629;10,96;;16,63;;2,03;10,20;1,63;36,63
03018101;Mornico Losana;Pavia;1;589;4,31;;37,21;;;2,15;1,01;26,57
03018103;Nicorvo;Pavia;1;276;22,14;;8,48;;6,13;5,05;0,40;30,09
03018105;Oliva Gessi;Pavia;1;171;2,89;;29,77;;;0,36;0,90;22,23
03018106;Ottobiano;Pavia;1;1.083;9,29;;13,55;;3,48;5,99;3,39;38,04
03018107;Palestro;Pavia;1;1.778;45,15;;;;8,96;;;27,25
03018108;Pancarana;Pavia;1;315;16,25;;;;;13,15;;22,87
03018109;Parona;Pavia;1;1.831;3,58;;10,91;;2,25;1,96;3,40;19,64
03018110;Pavia;Pavia;1;71.159;9,36;;15,44;;5,01;5,51;6,62;37,13
03018113;Pieve del Cairo;Pavia;1;1.734;6,46;;15,73;;;1,25;0,13;11,68
03018115;Pinarolo Po;Pavia;1;1.684;4,07;;20,20;;;1,86;0,98;22,85
03018116;Pizzale;Pavia;1;692;8,61;;6,01;;0,08;8,62;1,40;26,61
03018117;Ponte Nizza;Pavia;1;772;10,56;;12,82;;1,05;4,17;1,74;27,62
03018119;Rea;Pavia;1;390;3,94;;8,55;;;5,68;0,76;24,08
03018120;Redavalle;Pavia;1;1.061;3,94;;31,83;;0,09;2,65;1,04;26,18
03018121;Retorbido;Pavia;1;1.529;17,43;;9,29;;1,47;3,64;1,50;27,39
03018122;Rivanazzano Terme;Pavia;1;5.120;4,78;;3,24;;0,77;3,73;1,26;18,04
03018123;Robbio;Pavia;1;5.742;4,78;;7,91;;6,60;3,22;0,66;24,12
03018124;Robecco Pavese;Pavia;1;516;11,26;;16,34;;0,10;6,10;3,54;32,56
03018126;Rocca Susella;Pavia;1;228;14,65;;13,70;;0,04;5,38;1,76;29,50
03018128;Romagnese;Pavia;1;581;18,37;;3,09;;7,40;3,45;;34,96
03018130;Rosasco;Pavia;1;547;8,77;;21,09;;5,57;5,17;1,09;36,10
03018131;Rovescala;Pavia;1;844;4,52;;34,51;;0,80;0,97;1,89;25,74
03018133;San Cipriano Po;Pavia;1;463;2,90;;28,67;;9,69;4,14;1,06;34,36
03018134;San Damiano al Colle;Pavia;1;629;3,93;;39,22;;;2,31;1,14;25,61
03018137;San Martino Siccomario;Pavia;1;6.340;1,33;;7,40;;2,90;3,38;;20,24
03018145;San Zenone al Po;Pavia;1;539;15,10;;20,53;;0,97;4,39;3,29;46,61
03018140;Santa Giuletta;Pavia;1;1.558;3,72;;25,75;;0,57;0,50;1,45;24,13
03018142;Santa Margherita di Staffora;Pavia;1;449;31,56;;28,89;;;23,81;1,90;71,40
03018143;Santa Maria della Versa;Pavia;1;2.244;4,60;;28,77;;;3,61;1,25;26,77
03018144;Sant'Angelo Lomellina;Pavia;1;817;8,49;;20,76;;2,60;6,91;2,97;39,17
03018146;Sartirana Lomellina;Pavia;1;1.442;3,19;;12,05;;2,10;1,58;3,02;20,84
03018148;Semiana;Pavia;1;197;5,09;;7,59;;1,40;3,21;1,21;17,17
03018149;Silvano Pietra;Pavia;1;629;6,59;;7,72;;0,67;1,66;0,97;18,78
03018151;Sommo;Pavia;1;1.141;9,21;;12,05;;3,42;4,29;2,34;26,80
03018153;Stradella;Pavia;1;11.430;11,87;;24,31;;7,84;2,88;1,46;36,40
03018155;Torrazza Coste;Pavia;1;1.561;22,85;;10,22;;0,03;7,26;1,67;38,04
03018157;Torre d'Arese;Pavia;1;928;5,02;;10,66;;1,18;2,16;2,17;19,18
03018158;Torre de' Negri;Pavia;1;312;2,43;;11,42;;1,72;3,95;1,15;21,80
03018159;Torre d'Isola;Pavia;1;2.388;22,22;;15,85;;6,28;6,51;3,22;42,99
03018162;Travaco Siccomario;Pavia;1;4.381;147,25;;;;3,20;3,26;;23,27
03018163;Trivolzio;Pavia;1;2.358;10,96;;15,25;;1,20;3,98;4,10;30,34
03018164;Tromello;Pavia;1;3.658;10,77;;19,32;;3,82;3,67;5,88;37,94
03018165;Trovo;Pavia;1;1.014;7,65;;14,01;;2,03;6,25;3,58;29,99
03018166;Val di Nizza;Pavia;1;575;8,73;;3,87;;0,07;17,16;1,37;36,10
03018167;Valeggio;Pavia;1;199;13,43;;8,89;;;3,26;2,02;22,81
03018168;Valle Lomellina;Pavia;1;2.069;9,75;;16,11;;1,61;5,33;2,06;28,61
03018169;Valle Salimbene;Pavia;1;1.451;12,11;;15,66;;;3,60;1,98;30,20
03018171;Varzi;Pavia;1;3.012;10,45;;6,59;;3,10;7,28;1,31;29,77
03018173;Vellezzo Bellini;Pavia;1;3.310;8,61;;13,60;;0,69;4,41;4,27;27,32
03018175;Verrua Po;Pavia;1;1.170;2,04;;9,83;;;0,98;0,73;11,15
03018177;Vigevano;Pavia;1;62.384;12,94;;14,46;;2,27;1,19;1,43;27,08
03018180;Villanterio;Pavia;1;3.300;2,86;;15,82;;0,91;2,03;1,49;20,35
03018182;Voghera;Pavia;1;38.455;17,17;;12,91;;3,41;3,34;6,95;34,63
03018185;Zeccone;Pavia;1;1.690;4,68;;6,38;;0,78;4,29;2,82;19,36
03018187;Zenevredo;Pavia;1;477;3,00;;14,25;;;4,96;1,02;23,10
03018188;Zerbo;Pavia;1;396;9,86;;26,38;;;4,96;1,94;34,33
03018189;Zerbolo;Pavia;1;1.635;6,69;;14,98;;0,94;3,85;2,54;26,70
03018190;Zinasco;Pavia;1;3.064;8,45;;9,39;;1,29;2,60;0,96;18,51
10054001;Assisi;Perugia;1;27.862;5,69;;26,45;;5,02;12,26;2,01;50,86
10054002;Bastia Umbra;Perugia;1;21.204;0,68;;2,37;;3,26;20,80;5,55;43,41
10054003;Bettona;Perugia;1;4.276;1,14;;2,94;;2,90;28,92;5,11;51,01
10054006;Cannara;Perugia;1;4.202;9,99;;24,95;;2,60;8,43;4,16;48,24
10054009;Castiglione del Lago;Perugia;1;15.186;4,25;;21,46;;3,06;6,78;4,27;44,31
10054011;Citerna;Perugia;1;3.409;11,88;;14,60;;1,07;4,00;1,00;28,31
10054012;Citta  della Pieve;Perugia;1;7.517;3,56;;25,64;;4,81;7,34;6,66;49,19
10054013;Citta  di Castello;Perugia;1;38.465;10,46;;16,58;;4,23;5,23;2,71;34,85
10054014;Collazzone;Perugia;1;3.366;15,46;;22,85;;3,30;5,91;3,99;43,32
10054015;Corciano;Perugia;1;21.432;3,91;;23,31;;2,26;7,10;7,11;46,20
10054016;Costacciaro;Perugia;1;1.112;25,09;;27,15;;2,31;10,33;3,75;52,82
10054017;Deruta;Perugia;1;9.439;16,21;;17,13;;2,77;7,56;12,31;50,56
10054019;Fossato di Vico;Perugia;1;2.650;13,95;;21,42;;3,22;2,27;;34,50
10054020;Fratta Todina;Perugia;1;1.815;11,27;;22,95;;1,11;6,02;4,96;40,42
10054023;Gualdo Tadino;Perugia;1;14.258;14,52;;18,79;;1,09;8,83;1,24;36,01
10054024;Gubbio;Perugia;1;30.604;13,49;;3,50;;2,92;9,23;5,33;35,12
10054025;Lisciano Niccone;Perugia;1;589;1,42;;16,82;;9,25;20,67;5,01;52,23
10054026;Magione;Perugia;1;14.574;3,58;;29,47;;3,20;7,95;6,54;49,10
10054027;Marsciano;Perugia;1;18.026;11,01;;16,94;;3,05;10,72;8,31;47,37
10054028;Massa Martana;Perugia;1;3.629;18,19;;23,96;;2,86;6,52;4,88;44,17
10054029;Monte Castello di Vibio;Perugia;1;1.433;30,53;;28,42;;0,09;9,22;12,79;61,21
10054032;Monte Santa Maria Tiberina;Perugia;1;1.097;8,11;;17,10;;0,52;10,36;0,70;33,00
10054033;Montone;Perugia;1;1.568;20,29;;22,89;;5,87;11,74;3,79;52,76
10054036;Paciano;Perugia;1;952;5,49;;23,86;;6,19;7,53;9,76;51,32
10054037;Panicale;Perugia;1;5.327;5,44;;24,44;;3,10;11,24;11,65;55,97
10054038;Passignano sul Trasimeno;Perugia;1;5.647;3,79;;17,87;;3,52;6,58;4,65;41,86
10054039;Perugia;Perugia;1;163.598;0,66;;2,37;;4,07;24,24;10,79;52,83
10054040;Piegaro;Perugia;1;3.379;7,15;;20,23;;6,39;9,51;9,48;56,16
10054041;Pietralunga;Perugia;1;1.981;13,76;;19,73;;7,03;9,33;3,58;45,80
10054044;San Giustino;Perugia;1;10.923;17,62;;7,72;;2,65;4,21;1,90;33,02
10054046;Scheggia e Pascelupo;Perugia;1;1.268;16,76;;17,77;;2,57;17,29;3,71;54,91
10054049;Sigillo;Perugia;1;2.302;13,61;;22,88;;2,30;2,69;0,93;36,65
10054051;Spoleto - Dato aggregazione VALLE UMBRA SERVIZI S.P.A.;Perugia;22;152.454;4,11;;16,98;;2,58;6,53;4,38;31,86
10054052;Todi;Perugia;1;15.805;0,72;;6,23;;3,53;26,36;5,29;51,96
10054053;Torgiano;Perugia;1;6.659;0,75;;3,42;;4,53;15,69;3,74;40,16
10054055;Tuoro sul Trasimeno;Perugia;1;3.735;3,85;;27,17;;2,24;10,06;2,89;44,50
10054056;Umbertide;Perugia;1;16.351;19,94;;2,22;;1,43;16,71;4,03;31,72
10054057;Valfabbrica;Perugia;1;3.224;6,04;;18,07;;4,34;11,11;4,11;43,02
11041001;Acqualagna;Pesaro e Urbino;1;4.160;17,42;;12,00;;1,84;6,07;7,74;36,72
11041002;Apecchio;Pesaro e Urbino;1;1.735;23,14;;16,05;;1,95;5,34;2,57;35,25
11041005;Belforte all'Isauro;Pesaro e Urbino;1;749;25,18;;18,85;;7,85;22,27;9,54;69,08
11041006;Borgo Pace;Pesaro e Urbino;1;531;38,82;;16,67;;4,73;7,86;5,01;48,86
11041007;Cagli;Pesaro e Urbino;1;8.056;16,81;;19,94;;3,14;5,30;2,47;38,53
11041008;Cantiano;Pesaro e Urbino;1;2.004;24,02;;21,43;;2,56;6,38;2,90;45,06
11041009;Carpegna;Pesaro e Urbino;1;1.622;18,24;;18,42;;3,55;5,31;2,99;36,22
11041013;Fano;Pesaro e Urbino;1;59.835;17,20;;10,72;;5,23;8,75;5,76;38,51
11041014;Fermignano;Pesaro e Urbino;1;8.243;14,20;;7,84;;3,42;4,23;4,71;28,31
11041015;Fossombrone;Pesaro e Urbino;1;9.046;14,03;;12,31;;4,97;12,69;3,88;40,37
11041016;Fratte Rosa;Pesaro e Urbino;1;854;26,15;;15,94;;7,22;7,75;6,91;48,05
11041017;Frontino;Pesaro e Urbino;1;285;23,53;;15,55;;6,12;12,91;2,66;48,72
11041018;Frontone;Pesaro e Urbino;1;1.202;28,96;;22,44;;3,26;6,06;3,56;51,50
11041019;Gabicce Mare;Pesaro e Urbino;1;5.534;9,73;;15,06;;6,07;8,77;9,47;50,36
11041020;Gradara;Pesaro e Urbino;1;4.889;28,38;;10,81;;5,76;8,12;6,23;43,18
11041022;Lunano;Pesaro e Urbino;1;1.431;30,75;;10,59;;1,67;6,31;2,67;32,58
11041023;Macerata Feltria;Pesaro e Urbino;1;1.901;18,10;;13,91;;1,54;7,07;6,45;37,57
11041025;Mercatello sul Metauro;Pesaro e Urbino;1;1.303;33,63;;14,70;;1,52;6,14;3,88;37,57
11041026;Mercatino Conca;Pesaro e Urbino;1;1.008;17,73;;17,07;;3,36;13,50;2,91;45,45
11041027;Mombaroccio;Pesaro e Urbino;1;2.061;29,16;;13,89;;2,09;7,35;6,46;40,76
11041028;Mondavio;Pesaro e Urbino;1;3.643;16,01;;15,19;;2,88;15,17;3,22;42,94
11041029;Mondolfo;Pesaro e Urbino;1;14.296;11,54;;16,29;;3,30;1,12;1,48;25,93
11041031;Monte Cerignone;Pesaro e Urbino;1;617;24,23;;18,33;;0,77;9,75;2,85;40,64
11041035;Monte Grimano Terme;Pesaro e Urbino;1;1.066;24,36;;21,83;;3,35;11,58;14,98;61,41
11041038;Monte Porzio;Pesaro e Urbino;1;2.778;12,20;;10,43;;1,06;10,55;4,28;33,46
11041030;Montecalvo in Foglia;Pesaro e Urbino;1;2.695;24,32;;14,43;;0,88;10,25;9,67;45,82
11041033;Montecopiolo;Pesaro e Urbino;1;1.034;10,29;;23,01;;1,18;7,91;5,09;39,71
11041034;Montefelcino;Pesaro e Urbino;1;2.504;14,17;;13,33;;1,13;12,05;3,85;36,70
11041036;Montelabbate;Pesaro e Urbino;1;6.976;14,35;;7,25;;0,66;4,79;5,87;25,77
11041041;Peglio;Pesaro e Urbino;1;649;25,92;;17,71;;5,44;13,69;2,72;53,81
11041044;Pesaro;Pesaro e Urbino;1;95.753;10,68;;13,41;;3,87;6,35;4,59;35,66
11041045;Petriano;Pesaro e Urbino;1;2.739;25,28;;11,28;;2,58;8,08;7,56;42,91
11041047;Piandimeleto;Pesaro e Urbino;1;2.054;32,85;;11,24;;3,48;8,92;2,08;34,47
11041048;Pietrarubbia;Pesaro e Urbino;1;601;30,67;;15,71;;5,44;11,36;7,35;52,49
11041049;Piobbico;Pesaro e Urbino;1;1.802;20,72;;19,41;;2,60;5,24;2,56;39,49
11041054;San Lorenzo in Campo;Pesaro e Urbino;1;3.178;11,58;;22,83;;1,51;4,26;4,12;38,42
11041057;Sant'Angelo in Vado;Pesaro e Urbino;1;3.914;25,26;;11,94;;1,31;5,84;4,77;34,73
11041071;Sassocorvaro Auditore;Pesaro e Urbino;1;4.864;18,10;;14,83;;3,86;5,82;3,49;37,55
11041060;Sassofeltrio;Pesaro e Urbino;1;1.363;17,66;;18,54;;3,14;10,54;3,68;42,22
11041061;Serra Sant'Abbondio;Pesaro e Urbino;1;918;29,84;;21,72;;3,46;8,33;3,02;50,89
11041064;Tavoleto;Pesaro e Urbino;1;827;24,81;;12,89;;0,19;9,54;21,05;56,08
11041065;Tavullia;Pesaro e Urbino;1;7.867;16,88;;9,68;;1,59;3,64;2,16;25,15
11041070;Terre Roveresche;Pesaro e Urbino;1;5.128;103,35;;1,74;;0,78;7,15;2,03;33,41
11041066;Urbania;Pesaro e Urbino;1;6.853;20,49;;12,26;;1,79;8,14;4,67;36,93
11041067;Urbino;Pesaro e Urbino;1;13.954;18,82;;16,72;;7,47;4,54;5,79;45,29
11041068;Vallefoglia;Pesaro e Urbino;1;14.904;12,58;;9,68;;1,98;4,76;2,30;26,06
13068002;Alanno;Pescara;1;3.381;67,98;;7,63;;0,53;;;33,91
13068003;Bolognano;Pescara;1;1.017;9,51;;22,39;;2,91;2,95;4,02;37,73
13068008;Carpineto della Nora;Pescara;1;554;59,23;;;;;7,39;;51,50
13068010;Catignano;Pescara;1;1.235;17,13;;5,45;;1,79;5,99;;33,20
13068011;Cepagatti;Pescara;1;10.897;4,63;;8,74;;3,30;6,32;6,02;30,59
13068012;Citta  Sant'Angelo;Pescara;1;14.791;10,33;;27,31;;5,48;6,09;7,82;70,12
13068013;Civitaquana;Pescara;1;1.141;13,61;;23,29;;1,41;21,20;2,54;51,18
13068016;Corvara;Pescara;1;207;20,30;;;;1,65;21,40;;58,19
13068017;Cugnoli;Pescara;1;1.341;10,75;;12,71;;8,86;16,48;1,15;45,90
13068021;Loreto Aprutino;Pescara;1;7.123;13,43;;19,76;;3,10;5,42;14,31;49,49
13068023;Montebello di Bertona;Pescara;1;880;16,36;;26,65;;3,84;11,86;2,54;52,88
13068024;Montesilvano;Pescara;1;53.174;2,41;;14,13;;1,76;9,53;6,54;37,79
13068025;Moscufo;Pescara;1;3.086;16,22;;16,38;;0,90;1,79;0,75;19,94
13068026;Nocciano;Pescara;1;1.705;59,54;;2,84;;0,95;16,01;1,85;44,90
13068027;Penne;Pescara;1;11.325;17,56;;22,95;;5,76;8,18;0,33;42,94
13068028;Pescara;Pescara;1;119.406;12,40;;15,95;;5,41;4,08;2,13;36,61
13068030;Pianella;Pescara;1;8.501;5,28;;7,66;;2,42;11,91;3,88;34,72
13068032;Pietranico;Pescara;1;434;10,31;;;;9,49;9,55;;37,61
13068033;Popoli;Pescara;1;4.753;8,13;;19,65;;5,69;5,90;5,25;55,92
13068038;San Valentino in Abruzzo Citeriore;Pescara;1;1.851;5,08;;9,83;;2,07;16,37;1,13;36,41
13068039;Scafa;Pescara;1;3.504;9,92;;20,15;;4,65;4,30;0,65;28,50
13068041;Spoltore;Pescara;1;18.909;10,24;;14,69;;3,18;2,53;4,24;33,72
13068042;Tocco da Casauria;Pescara;1;2.412;8,90;;18,68;;5,03;3,19;1,07;34,70
13068043;Torre de' Passeri;Pescara;1;2.872;28,61;;10,10;;1,94;3,77;0,51;26,12
13068044;Turrivalignani;Pescara;1;788;6,96;;21,29;;1,28;7,13;0,53;38,72
13068046;Villa Celiera;Pescara;1;553;33,87;;46,13;;;6,45;4,11;68,75
08033001;Agazzano;Piacenza;1;1.973;10,32;;14,47;;0,27;1,80;2,68;28,07
08033002;Alseno;Piacenza;1;4.678;9,15;;12,35;;0,46;3,70;5,53;30,93
08033049;Alta Val Tidone;Piacenza;1;2.898;8,91;;13,88;;1,82;4,68;2,53;30,11
08033003;Besenzone;Piacenza;1;937;11,65;;14,35;;0,21;6,27;2,79;32,97
08033004;Bettola;Piacenza;1;2.594;11,78;;14,38;;0,21;5,38;3,04;31,45
08033005;Bobbio;Piacenza;1;3.397;8,25;;19,56;;2,17;4,35;3,03;35,65
08033006;Borgonovo Val Tidone;Piacenza;1;7.996;11,17;;13,97;;1,90;4,37;5,96;37,87
08033007;Cadeo;Piacenza;1;5.970;8,49;;14,15;;0,30;2,90;4,00;29,09
08033008;Calendasco;Piacenza;1;2.404;9,18;;14,98;;;4,96;3,13;32,12
08033010;Caorso;Piacenza;1;4.689;9,90;;14,08;;0,15;3,63;2,56;28,88
08033011;Carpaneto Piacentino;Piacenza;1;7.614;22,04;;10,89;;1,54;4,55;3,65;31,78
08033013;Castel San Giovanni;Piacenza;1;14.066;9,06;;6,66;;1,65;1,33;1,97;19,36
08033012;Castell'Arquato;Piacenza;1;4.570;7,61;;15,79;;0,40;6,95;2,54;36,90
08033014;Castelvetro Piacentino;Piacenza;1;5.235;12,33;;13,02;;0,18;1,67;3,21;30,03
08033015;Cerignale;Piacenza;1;117;38,83;;56,03;;;6,92;1,42;58,85
08033016;Coli;Piacenza;1;823;;;5,83;;;18,30;2,33;30,97
08033017;Corte Brugnatella;Piacenza;1;532;18,52;;8,60;;0,77;10,98;1,86;40,42
08033018;Cortemaggiore;Piacenza;1;4.658;23,39;;12,23;;1,28;4,07;6,24;38,45
08033019;Farini;Piacenza;1;1.068;9,79;;9,49;;;14,31;4,45;39,74
08033020;Ferriere;Piacenza;1;1.115;11,11;;13,41;;1,61;22,23;1,63;47,74
08033021;Fiorenzuola d'Arda;Piacenza;1;14.862;9,32;;10,58;;3,09;3,88;3,04;29,42
08033022;Gazzola;Piacenza;1;2.096;9,46;;11,12;;0,20;3,77;4,68;34,98
08033023;Gossolengo;Piacenza;1;5.705;10,16;;15,58;;0,56;4,02;5,02;33,59
08033024;Gragnano Trebbiense;Piacenza;1;4.529;10,65;;11,57;;0,27;3,86;3,21;27,84
08033025;Gropparello;Piacenza;1;2.110;9,63;;12,60;;0,69;6,34;3,64;31,16
08033026;Lugagnano Val d'Arda;Piacenza;1;3.872;8,18;;11,99;;1,57;5,78;3,33;30,26
08033027;Monticelli d'Ongina;Piacenza;1;5.075;10,62;;8,34;;0,59;3,43;2,92;22,63
08033028;Morfasso;Piacenza;1;875;9,18;;15,36;;;12,05;2,74;36,41
08033030;Ottone;Piacenza;1;443;10,53;;16,44;;4,25;6,20;2,12;35,60
08033032;Piacenza;Piacenza;1;102.902;9,41;;10,44;;4,35;3,26;5,09;33,57
08033033;Pianello Val Tidone;Piacenza;1;2.170;8,62;;13,00;;1,71;4,51;2,29;29,79
08033034;Piozzano;Piacenza;1;580;7,15;;7,87;;3,35;4,49;1,59;28,97
08033035;Podenzano;Piacenza;1;9.090;23,52;;9,38;;1,52;2,30;3,07;27,90
08033036;Ponte dell'Olio;Piacenza;1;4.601;9,89;;10,09;;0,47;3,53;2,54;25,42
08033037;Pontenure;Piacenza;1;6.529;11,31;;13,83;;;4,66;4,19;32,20
08033038;Rivergaro;Piacenza;1;7.014;9,77;;10,49;;1,34;2,73;3,34;27,67
08033039;Rottofreno;Piacenza;1;12.223;11,38;;14,15;;0,39;3,48;4,04;30,97
08033040;San Giorgio Piacentino;Piacenza;1;5.599;25,14;;9,87;;0,29;2,27;3,11;27,09
08033041;San Pietro in Cerro;Piacenza;1;792;19,35;;11,82;;;6,90;2,60;30,59
08033042;Sarmato;Piacenza;1;2.939;16,40;;13,80;;0,60;2,52;6,08;35,10
08033043;Travo;Piacenza;1;2.154;7,95;;10,80;;;3,43;3,46;25,67
08033044;Vernasca;Piacenza;1;2.001;9,12;;13,80;;;11,37;3,63;36,60
08033045;Vigolzone;Piacenza;1;4.197;10,09;;14,39;;0,49;3,60;3,66;30,97
08033046;Villanova sull'Arda;Piacenza;1;1.685;10,38;;13,30;;1,47;4,83;4,45;33,51
08033047;Zerba;Piacenza;1;70;;;;;;60,69;0,63;67,16
08033048;Ziano Piacentino;Piacenza;1;2.442;12,73;;13,79;;0,38;2,99;3,91;30,84
09050001;Bientina;Pisa;1;8.528;12,30;;14,80;;3,39;5,35;7,64;44,65
09050002;Buti;Pisa;1;5.542;11,49;;21,09;;1,67;5,54;4,25;41,62
09050003;Calci;Pisa;1;6.293;10,06;;11,27;;0,28;3,80;2,43;31,46
09050004;Calcinaia;Pisa;1;12.697;18,30;;11,78;;2,20;2,75;2,67;31,89
09050005;Capannoli;Pisa;1;6.408;9,07;;14,06;;4,92;5,16;1,33;40,00
09050006;Casale Marittimo;Pisa;1;1.058;67,94;;5,18;;4,63;13,12;4,46;66,79
09050040;Casciana Terme Lari;Pisa;1;12.129;10,34;;22,43;;3,72;2,78;3,05;40,96
09050008;Cascina;Pisa;1;44.775;10,23;;14,04;;1,66;4,12;2,06;33,55
09050009;Castelfranco di Sotto;Pisa;1;13.426;9,94;;16,56;;3,55;2,74;1,22;39,88
09050010;Castellina Marittima;Pisa;1;1.838;8,84;;9,96;;0,04;5,78;1,86;31,53
09050011;Castelnuovo di Val di Cecina;Pisa;1;2.106;6,49;;31,87;;6,86;7,60;1,53;44,01
09050012;Chianni;Pisa;1;1.296;9,30;;4,34;;2,24;1,11;2,39;28,57
09050041;Crespina Lorenzana;Pisa;1;5.445;6,22;;10,82;;2,69;4,33;1,00;33,02
09050014;Fauglia;Pisa;1;3.660;10,05;;26,15;;4,44;5,47;2,18;47,88
09050015;Guardistallo;Pisa;1;1.162;55,52;;11,63;;4,63;16,36;10,03;85,13
09050016;Lajatico;Pisa;1;1.282;8,29;;13,03;;3,65;1,19;0,08;26,02
09050019;Montecatini Val di Cecina;Pisa;1;1.665;19,06;;28,15;;4,34;8,32;1,45;46,07
09050020;Montescudaio;Pisa;1;2.164;5,33;;18,64;;4,12;4,81;1,78;43,65
09050021;Monteverdi Marittimo;Pisa;1;746;8,99;;23,67;;4,85;1,45;0,31;31,13
09050022;Montopoli in Val d'Arno;Pisa;1;11.080;9,94;;13,89;;3,53;4,31;0,36;37,55
09050023;Orciano Pisano;Pisa;1;633;28,04;;8,32;;;6,44;1,01;53,38
09050024;Palaia;Pisa;1;4.521;10,78;;22,62;;4,26;3,44;6,34;53,25
09050026;Pisa;Pisa;1;89.828;7,93;;21,79;;6,62;4,91;3,92;48,93
09050027;Pomarance;Pisa;1;5.402;18,87;;36,56;;5,84;8,60;1,26;57,64
09050028;Ponsacco;Pisa;1;15.501;8,28;;12,39;;2,24;3,48;2,28;32,23
09050029;Pontedera;Pisa;1;29.288;9,67;;15,77;;5,70;3,28;4,62;41,33
09050030;Riparbella;Pisa;1;1.563;34,73;;26,17;;3,69;10,88;13,81;75,03
09050031;San Giuliano Terme;Pisa;1;30.805;10,26;;13,75;;1,77;3,54;2,09;33,36
09050032;San Miniato;Pisa;1;27.711;10,59;;15,76;;1,51;4,06;6,70;40,17
09050033;Santa Croce sull'Arno;Pisa;1;14.557;9,96;;15,10;;2,64;3,51;1,73;36,04
09050034;Santa Luce;Pisa;1;1.623;26,09;;;;2,14;1,58;;33,48
09050036;Terricciola;Pisa;1;4.436;4,81;;7,65;;2,37;0,73;0,06;25,81
09050037;Vecchiano;Pisa;1;11.882;13,12;;17,37;;1,82;2,81;2,03;37,32
09050038;Vicopisano;Pisa;1;8.537;10,82;;15,80;;2,14;4,21;6,55;38,77
09050039;Volterra;Pisa;1;9.712;9,98;;21,68;;6,41;7,70;2,77;44,08
09047023;Abetone Cutigliano;Pistoia;1;1.914;4,98;;24,15;;7,37;9,86;6,99;48,64
09047002;Agliana;Pistoia;1;17.976;11,42;;16,31;;1,75;4,87;4,45;35,06
09047003;Buggiano;Pistoia;1;8.707;27,56;;24,17;;2,10;4,54;5,09;44,16
09047022;Chiesina Uzzanese;Pistoia;1;4.454;18,09;;18,50;;2,67;4,78;4,79;43,26
09047005;Lamporecchio;Pistoia;1;7.372;27,55;;17,33;;2,80;4,44;3,14;41,22
09047006;Larciano;Pistoia;1;6.279;22,05;;16,69;;2,32;4,26;8,59;45,39
09047007;Marliana;Pistoia;1;3.124;3,58;;12,40;;3,74;10,10;3,39;37,67
09047008;Massa e Cozzile;Pistoia;1;7.663;17,01;;21,00;;2,35;5,78;4,43;40,89
09047009;Monsummano Terme;Pistoia;1;20.805;23,36;;17,46;;3,79;5,26;5,47;49,88
09047010;Montale;Pistoia;1;10.587;11,44;;16,84;;1,90;5,00;2,91;35,42
09047011;Montecatini-Terme;Pistoia;1;20.558;7,18;;31,99;;5,10;7,16;6,26;51,95
09047012;Pescia;Pistoia;1;19.196;13,27;;14,74;;2,93;5,49;8,72;48,58
09047013;Pieve a Nievole;Pistoia;1;9.143;31,17;;26,17;;2,36;6,52;3,76;59,74
09047014;Pistoia;Pistoia;1;89.501;7,14;;16,18;;3,45;4,71;4,62;46,11
09047016;Ponte Buggianese;Pistoia;1;8.781;21,15;;20,65;;1,82;3,86;4,15;38,62
09047017;Quarrata;Pistoia;1;26.852;10,95;;19,17;;1,47;5,73;5,03;39,13
09047018;Sambuca Pistoiese;Pistoia;1;1.412;3,47;;15,07;;1,72;14,57;4,38;50,90
09047024;San Marcello Piteglio;Pistoia;1;7.640;5,12;;13,18;;3,65;6,26;5,43;36,20
09047020;Serravalle Pistoiese;Pistoia;1;11.695;23,31;;19,52;;2,37;5,61;7,83;55,68
09047021;Uzzano;Pistoia;1;5.597;25,77;;25,07;;2,63;6,81;5,58;48,13
06093001;Andreis;Pordenone;1;242;11,12;;13,76;;;4,52;3,00;25,29
06093002;Arba;Pordenone;1;1.276;6,58;;8,89;;1,60;11,81;6,27;35,94
06093004;Aviano;Pordenone;1;8.866;10,05;;11,82;;0,51;2,31;3,96;27,43
06093005;Azzano Decimo;Pordenone;1;15.688;5,03;;5,62;;0,40;8,27;5,52;27,21
06093006;Barcis;Pordenone;1;224;10,99;;19,58;;;5,75;4,02;33,33
06093007;Brugnera;Pordenone;1;9.255;5,28;;5,29;;0,58;8,19;4,01;25,16
06093008;Budoia;Pordenone;1;2.495;14,59;;10,73;;0,17;1,66;2,83;21,88
06093009;Caneva;Pordenone;1;6.319;8,56;;6,93;;3,94;2,85;0,88;20,15
06093010;Casarsa della Delizia;Pordenone;1;8.218;5,84;;4,93;;0,77;7,49;5,22;24,76
06093011;Castelnovo del Friuli;Pordenone;1;827;5,70;;6,71;;;9,16;7,45;29,67
06093012;Cavasso Nuovo;Pordenone;1;1.497;6,20;;10,23;;0,06;2,40;4,00;23,17
06093013;Chions;Pordenone;1;5.082;8,70;;5,98;;1,11;10,29;4,85;29,18
06093014;Cimolais;Pordenone;1;343;8,10;;13,68;;;2,09;3,19;26,47
06093015;Claut;Pordenone;1;879;7,86;;19,45;;0,13;6,25;4,18;37,59
06093016;Clauzetto;Pordenone;1;370;4,83;;21,03;;;4,36;2,89;25,09
06093017;Cordenons;Pordenone;1;17.856;12,55;;7,23;;1,18;2,66;2,25;21,83
06093018;Cordovado;Pordenone;1;2.722;9,19;;6,99;;1,80;11,12;5,58;33,81
06093019;Erto e Casso;Pordenone;1;372;7,26;;14,90;;1,21;3,26;4,26;34,62
06093020;Fanna;Pordenone;1;1.477;9,33;;11,24;;0,03;4,33;3,44;29,17
06093021;Fiume Veneto;Pordenone;1;11.759;5,32;;5,09;;1,04;8,21;4,75;26,47
06093022;Fontanafredda;Pordenone;1;12.763;6,45;;6,22;;0,22;9,10;4,75;26,69
06093024;Frisanco;Pordenone;1;557;13,15;;16,94;;;3,10;3,55;28,80
06093025;Maniago;Pordenone;1;11.571;8,25;;13,44;;1,20;1,41;4,25;27,95
06093026;Meduno;Pordenone;1;1.512;4,28;;6,74;;;3,99;2,05;16,46
06093027;Montereale Valcellina;Pordenone;1;4.326;10,92;;8,54;;1,35;1,91;1,81;18,08
06093028;Morsano al Tagliamento;Pordenone;1;2.679;5,12;;6,11;;0,98;9,21;4,45;29,73
06093029;Pasiano di Pordenone;Pordenone;1;7.789;7,38;;6,46;;0,43;9,75;12,09;35,42
06093030;Pinzano al Tagliamento;Pordenone;1;1.494;5,68;;7,63;;;10,18;5,39;30,36
06093031;Polcenigo;Pordenone;1;3.124;4,44;;6,73;;0,69;11,17;4,60;35,17
06093032;Porcia;Pordenone;1;14.992;6,98;;5,24;;0,09;7,27;4,19;23,84
06093033;Pordenone;Pordenone;1;51.818;19,95;;7,73;;3,01;5,02;4,73;28,02
06093034;Prata di Pordenone;Pordenone;1;8.416;12,88;;6,03;;0,24;1,03;1,72;17,47
06093035;Pravisdomini;Pordenone;1;3.376;6,30;;5,51;;0,55;8,64;4,29;25,50
06093036;Roveredo in Piano;Pordenone;1;5.876;8,42;;6,95;;0,86;2,49;1,68;18,45
06093037;Sacile;Pordenone;1;19.982;6,22;;7,08;;1,03;9,03;6,43;30,81
06093038;San Giorgio della Richinvelda;Pordenone;1;4.736;4,22;;5,73;;0,41;6,86;4,04;24,20
06093039;San Martino al Tagliamento;Pordenone;1;1.432;7,63;;6,38;;0,24;10,04;5,01;29,96
06093040;San Quirino;Pordenone;1;4.212;9,51;;6,01;;0,70;2,12;1,58;24,26
06093042;Sequals;Pordenone;1;2.154;2,67;;7,71;;0,82;2,70;3,38;21,57
06093043;Sesto al Reghena;Pordenone;1;6.293;6,62;;4,45;;0,48;8,96;3,62;23,20
06093044;Spilimbergo;Pordenone;1;11.867;4,83;;6,34;;1,80;8,52;4,51;28,89
06093045;Tramonti di Sopra;Pordenone;1;271;11,56;;18,80;;;4,16;4,27;32,18
06093046;Tramonti di Sotto;Pordenone;1;338;8,13;;17,86;;;2,44;3,71;29,45
06093047;Travesio;Pordenone;1;1.776;5,86;;12,53;;;3,54;3,07;24,66
06093052;Vajont;Pordenone;1;1.678;9,10;;11,89;;;1,64;3,24;25,67
06093053;Valvasone Arzene;Pordenone;1;3.901;7,11;;5,44;;0,73;8,45;5,36;26,81
06093049;Vito d'Asio;Pordenone;1;712;6,17;;18,64;;;3,01;3,25;24,56
06093050;Vivaro;Pordenone;1;1.295;6,42;;11,55;;0,17;1,40;2,99;21,65
06093051;Zoppola;Pordenone;1;8.350;6,19;;5,89;;0,48;8,71;4,78;26,90
17076002;Acerenza - Dato aggregazione Unione comuni Alto Bradano;Potenza;12;37.750;59,34;;28,46;;1,46;;;45,09
17076004;Anzi;Potenza;1;1.555;25,65;;6,76;;;2,66;1,30;38,03
17076006;Atella;Potenza;1;3.679;;;65,25;;4,96;0,62;2,22;34,26
17076007;Avigliano;Potenza;1;10.708;55,80;;12,64;;0,91;5,69;2,22;56,53
17076008;Balvano;Potenza;1;1.726;6,23;;20,42;;3,41;6,31;2,88;35,59
17076010;Baragiano;Potenza;1;2.516;7,94;;17,27;;4,75;3,25;0,57;34,85
17076011;Barile;Potenza;1;2.607;33,13;;5,22;;4,68;19,34;4,38;48,52
17076012;Bella;Potenza;1;4.711;12,84;;23,80;;0,29;11,19;3,16;46,56
17076014;Brindisi Montagna;Potenza;1;811;19,70;;6,21;;6,88;11,47;;90,04
17076015;Calvello;Potenza;1;1.749;14,56;;36,51;;8,30;10,57;8,56;77,55
17076021;Castelgrande;Potenza;1;810;35,51;;44,20;;21,27;5,76;;82,01
17076022;Castelluccio Inferiore;Potenza;1;1.934;21,38;;38,10;;7,37;7,62;0,51;63,43
17076025;Castelsaraceno;Potenza;1;1.196;24,10;;40,84;;2,52;9,04;1,80;60,58
17076026;Castronuovo di Sant'Andrea;Potenza;1;928;54,08;;;;5,52;27,32;11,15;85,05
17076027;Cersosimo;Potenza;1;539;15,73;;58,01;;3,90;4,40;;68,42
17076028;Chiaromonte;Potenza;1;1.743;15,14;;4,95;;4,40;1,57;;32,27
17076029;Corleto Perticara;Potenza;1;2.319;17,96;;2,10;;12,34;11,71;;42,81
17076030;Episcopia;Potenza;1;1.273;13,39;;9,05;;2,26;13,57;;39,85
17076034;Francavilla in Sinni;Potenza;1;3.965;139,76;;;;;3,70;4,49;56,51
17076099;Ginestra;Potenza;1;708;11,30;;32,31;;2,22;38,53;;84,03
17076037;Grumento Nova;Potenza;1;1.559;33,45;;27,39;;;;27,27;75,54
17076039;Lagonegro;Potenza;1;5.127;;;48,97;;;1,67;;41,08
17076040;Latronico;Potenza;1;4.104;25,16;;33,25;;1,29;1,68;6,20;53,69
17076041;Laurenzana;Potenza;1;1.606;56,90;;7,96;;2,10;1,87;1,77;49,18
17076042;Lauria;Potenza;1;11.993;71,65;;25,08;;5,38;2,50;4,81;60,09
17076043;Lavello;Potenza;1;12.996;15,77;;21,98;;3,29;4,19;8,40;50,43
17076045;Marsico Nuovo;Potenza;1;3.839;17,27;;17,21;;1,60;10,30;0,76;40,64
17076046;Marsicovetere;Potenza;1;5.545;82,14;;;;3,06;1,28;;36,48
17076048;Melfi;Potenza;1;17.108;14,39;;11,31;;6,43;7,39;8,53;46,50
17076049;Missanello;Potenza;1;480;9,03;;117,38;;0,17;24,86;;60,05
17076053;Muro Lucano;Potenza;1;4.910;26,99;;23,06;;4,92;8,25;;47,37
17076100;Paterno;Potenza;1;3.036;28,00;;1,01;;;7,77;;40,38
17076058;Pescopagano;Potenza;1;1.689;16,73;;18,38;;0,97;8,29;1,46;44,39
17076060;Pietragalla;Potenza;1;3.858;20,09;;17,54;;2,05;10,55;0,86;44,64
17076063;Potenza;Potenza;1;64.786;34,04;;29,84;;4,00;7,97;2,34;56,44
17076064;Rapolla;Potenza;1;4.154;12,02;;8,18;;10,92;17,85;3,87;43,26
17076065;Rapone;Potenza;1;877;5,26;;;;3,04;13,92;;35,33
17076066;Rionero in Vulture;Potenza;1;12.620;11,08;;20,82;;6,77;1,53;1,92;42,53
17076067;Ripacandida;Potenza;1;1.586;23,13;;12,59;;11,31;19,54;10,79;81,55
17076069;Roccanova;Potenza;1;1.311;27,49;;;;0,87;3,57;6,79;47,76
17076070;Rotonda;Potenza;1;3.227;9,67;;41,98;;2,28;5,97;6,02;42,76
17076071;Ruoti;Potenza;1;3.322;8,48;;50,94;;;4,23;1,37;43,78
17076072;Ruvo del Monte;Potenza;1;964;278,36;;11,51;;;;;26,24
17076074;San Chirico Raparo;Potenza;1;946;3,84;;83,16;;0,05;21,31;1,10;42,48
17076075;San Costantino Albanese;Potenza;1;621;4,59;;;;2,70;0,49;;39,56
17076076;San Fele;Potenza;1;2.615;4.648,42;;;;;4,63;1,97;118,74
17076077;San Martino d'Agri;Potenza;1;687;25,06;;;;1,92;1,25;;53,77
17076020;San Paolo Albanese;Potenza;1;219;17,25;;36,59;;3,26;13,03;;52,61
17076078;San Severino Lucano;Potenza;1;1.398;38,92;;13,31;;0,89;20,46;;66,95
17076079;Sant'Angelo Le Fratte;Potenza;1;1.316;39,59;;2,86;;2,25;9,49;14,53;71,00
17076080;Sant'Arcangelo;Potenza;1;5.996;22,35;;11,27;;7,35;0,83;;33,76
17076082;Sasso di Castalda;Potenza;1;745;13,76;;;;0,54;14,88;;45,54
17076083;Satriano di Lucania;Potenza;1;2.242;58,24;;32,11;;3,05;7,20;;59,60
17076084;Savoia di Lucania;Potenza;1;1.012;6,35;;6,85;;;14,28;;38,01
17076092;Trecchina;Potenza;1;2.149;7,33;;30,22;;2,32;6,43;0,68;41,77
17076094;Vaglio Basilicata;Potenza;1;1.871;8,52;;39,83;;0,66;1,69;;38,04
09100001;Cantagallo;Prato;1;3.089;8,27;;19,07;;0,71;5,41;4,74;39,69
09100003;Montemurlo;Prato;1;19.496;8,72;;9,69;;2,24;3,24;5,46;26,54
09100004;Poggio a Caiano;Prato;1;10.115;11,55;;16,43;;3,21;4,89;2,80;36,16
09100005;Prato;Prato;1;200.762;7,57;;13,17;;4,59;4,06;7,34;37,01
09100006;Vaiano;Prato;1;9.949;7,75;;15,96;;2,39;4,85;5,33;39,23
09100007;Vernio;Prato;1;6.034;10,17;;26,11;;2,53;6,28;5,32;48,68
19088001;Acate;Ragusa;1;10.544;17,17;;28,89;;2,80;4,90;5,95;45,07
19088003;Comiso;Ragusa;1;29.837;14,38;;14,52;;7,65;5,91;4,24;43,38
19088004;Giarratana;Ragusa;1;2.797;24,88;;35,09;;11,06;5,55;;57,89
19088005;Ispica;Ragusa;1;16.033;22,91;;16,89;;7,00;0,67;;37,22
19088007;Monterosso Almo;Ragusa;1;2.823;13,27;;33,13;;12,01;2,29;;51,26
19088008;Pozzallo;Ragusa;1;18.914;14,48;;13,23;;9,45;8,50;0,98;43,73
19088009;Ragusa;Ragusa;1;72.690;10,94;;14,23;;4,46;9,31;9,79;48,29
19088010;Santa Croce Camerina;Ragusa;1;10.944;14,79;;16,50;;6,85;11,68;3,41;48,07
19088012;Vittoria;Ragusa;1;62.332;31,76;;6,66;;12,10;6,44;0,49;45,78
08039001;Alfonsine;Ravenna;1;11.526;10,55;;20,83;;2,03;2,13;3,90;34,70
08039002;Bagnacavallo;Ravenna;1;16.349;9,96;;16,16;;1,74;2,32;3,13;30,21
08039003;Bagnara di Romagna;Ravenna;1;2.406;10,55;;15,82;;3,97;2,07;3,18;33,29
08039004;Brisighella;Ravenna;1;7.204;9,46;;9,91;;3,20;3,75;5,00;31,98
08039005;Casola Valsenio;Ravenna;1;2.534;8,12;;10,58;;4,83;3,34;3,60;29,36
08039006;Castel Bolognese;Ravenna;1;9.572;10,60;;14,04;;2,78;3,19;3,63;33,50
08039007;Cervia;Ravenna;1;28.829;12,93;;12,93;;5,75;2,50;5,63;37,42
08039008;Conselice;Ravenna;1;9.471;10,27;;9,46;;1,37;1,59;2,10;21,35
08039009;Cotignola;Ravenna;1;7.365;13,31;;15,90;;2,67;2,15;3,12;33,59
08039010;Faenza;Ravenna;1;59.055;9,64;;16,55;;3,63;3,38;3,23;34,34
08039011;Fusignano;Ravenna;1;8.030;8,69;;11,05;;1,89;2,29;2,87;25,34
08039012;Lugo;Ravenna;1;31.918;10,13;;16,97;;3,06;2,38;3,53;33,09
08039013;Massa Lombarda;Ravenna;1;10.554;9,50;;6,97;;1,28;1,41;1,88;17,09
08039014;Ravenna;Ravenna;1;156.080;7,67;;14,29;;3,98;2,46;3,66;29,98
08039015;Riolo Terme;Ravenna;1;5.745;12,80;;10,93;;3,86;4,03;5,49;33,24
08039016;Russi;Ravenna;1;12.099;6,59;;10,28;;1,36;2,78;1,92;22,05
08039017;Sant'Agata sul Santerno;Ravenna;1;2.860;12,27;;14,97;;3,42;2,08;3,78;33,17
08039018;Solarolo;Ravenna;1;4.410;6,80;;9,25;;3,16;3,36;2,82;26,10
18080001;Africo;Reggio di Calabria;1;2.748;;;81,51;;0,76;;;34,39
18080002;Agnana Calabra;Reggio di Calabria;1;471;16,35;;35,03;;2,57;11,31;;49,58
18080005;Ardore;Reggio di Calabria;1;4.775;8,87;;20,05;;;6,87;;30,02
18080007;Bagnara Calabra;Reggio di Calabria;1;9.378;29,90;;6,54;;;4,35;;38,02
18080008;Benestare;Reggio di Calabria;1;2.458;17,20;;4,26;;6,73;18,38;1,37;84,46
18080009;Bianco;Reggio di Calabria;1;4.168;26,15;;;;3,70;0,95;1,60;40,58
18080010;Bivongi;Reggio di Calabria;1;1.167;7,53;;10,97;;0,14;3,75;6,38;40,12
18080011;Bova;Reggio di Calabria;1;398;10,54;;27,98;;2,50;11,34;1,76;47,53
18080012;Bovalino;Reggio di Calabria;1;8.662;4,18;;27,29;;0,64;4,25;1,60;42,92
18080016;Calanna;Reggio di Calabria;1;782;13,84;;177,59;;;45,69;;97,15
18080018;Campo Calabro;Reggio di Calabria;1;4.440;16,59;;21,55;;1,91;5,37;3,49;39,72
18080019;Candidoni;Reggio di Calabria;1;413;0,52;;1,15;;;3,78;;18,72
18080020;Canolo;Reggio di Calabria;1;701;10,75;;;;2,49;10,59;12,38;51,52
18080021;Caraffa del Bianco;Reggio di Calabria;1;454;9,37;;33,84;;;15,47;7,34;64,39
18080022;Cardeto;Reggio di Calabria;1;1.325;19,75;;;;;2,60;1,34;43,59
18080027;Cinquefrondi;Reggio di Calabria;1;6.213;7,82;;;;6,78;1,88;;39,38
18080028;Cittanova;Reggio di Calabria;1;9.782;;;6,81;;4,24;4,87;0,59;30,61
18080030;Cosoleto;Reggio di Calabria;1;796;21,23;;34,82;;8,40;1,40;;49,11
18080031;Delianuova;Reggio di Calabria;1;3.110;6,02;;22,96;;7,51;4,80;0,09;44,37
18080032;Feroleto della Chiesa;Reggio di Calabria;1;1.496;42,57;;10,30;;;;0,36;26,03
18080035;Galatro;Reggio di Calabria;1;1.408;5,23;;48,20;;4,10;2,17;;43,43
18080036;Gerace;Reggio di Calabria;1;2.391;12,58;;27,04;;2,26;7,71;;44,15
18080038;Gioia Tauro;Reggio di Calabria;1;19.089;0,07;;52,91;;;2,55;10,75;34,16
18080039;Gioiosa Ionica;Reggio di Calabria;1;6.712;15,36;;;;4,70;5,07;1,95;33,84
18080042;Laureana di Borrello;Reggio di Calabria;1;4.652;32,28;;24,05;;7,29;1,74;;49,54
18080043;Locri;Reggio di Calabria;1;11.810;20,87;;11,24;;11,48;4,21;0,52;51,91
18080044;Mammola;Reggio di Calabria;1;2.462;7,14;;13,18;;0,30;14,98;3,86;53,03
18080046;Maropati;Reggio di Calabria;1;1.378;24,71;;44,73;;0,34;9,67;2,85;56,34
18080048;Melicucca;Reggio di Calabria;1;855;46,94;;;;0,53;2,45;;40,70
18080050;Melito di Porto Salvo;Reggio di Calabria;1;10.553;14,90;;44,27;;3,97;2,50;;42,69
18080051;Molochio;Reggio di Calabria;1;2.241;6,21;;46,16;;;1,65;8,44;52,56
18080053;Montebello Ionico;Reggio di Calabria;1;5.609;25,00;;61,71;;1,69;9,43;2,00;60,51
18080055;Oppido Mamertina;Reggio di Calabria;1;4.831;4,41;;17,07;;1,53;13,50;7,52;44,35
18080056;Palizzi;Reggio di Calabria;1;2.015;3,80;;33,73;;;15,66;;37,94
18080061;Polistena;Reggio di Calabria;1;9.924;7,45;;26,55;;1,65;1,92;0,28;37,29
18080063;Reggio di Calabria;Reggio di Calabria;1;171.800;5,99;;37,65;;8,54;8,23;22,82;72,13
18080067;Roccella Ionica;Reggio di Calabria;1;6.074;13,94;;8,62;;0,85;;;23,31
18080068;Roghudi;Reggio di Calabria;1;943;6,12;;69,04;;;14,13;1,63;52,12
18080097;San Ferdinando;Reggio di Calabria;1;4.420;28,85;;7,81;;;0,17;;40,18
18080071;San Giorgio Morgeto;Reggio di Calabria;1;2.948;18,07;;17,42;;5,53;2,96;;41,33
18080075;San Pietro di Carida;Reggio di Calabria;1;1.008;6,91;;59,80;;5,04;3,39;;50,90
18080077;San Roberto;Reggio di Calabria;1;1.529;51,00;;41,60;;1,49;11,35;;72,18
18080078;Santa Cristina d'Aspromonte;Reggio di Calabria;1;771;14,55;;41,27;;;0,44;;43,92
18080079;Sant'Agata del Bianco;Reggio di Calabria;1;590;22,77;;;;;4,72;;45,15
18080081;Sant'Eufemia d'Aspromonte;Reggio di Calabria;1;3.756;5,82;;62,34;;2,57;3,07;1,04;43,73
18080082;Sant'Ilario dello Ionio;Reggio di Calabria;1;1.348;17,54;;29,42;;2,31;2,94;5,67;43,37
18080084;Scido;Reggio di Calabria;1;843;11,70;;15,08;;1,23;6,15;;30,38
18080086;Seminara;Reggio di Calabria;1;2.443;;;344,70;;;7,71;;38,55
18080087;Serrata;Reggio di Calabria;1;789;;;52,29;;;5,89;;78,30
18080089;Sinopoli;Reggio di Calabria;1;1.875;4,11;;70,23;;0,54;5,35;7,42;53,45
18080090;Staiti;Reggio di Calabria;1;186;16,27;;;;5,30;9,57;25,79;69,74
18080091;Stignano;Reggio di Calabria;1;1.212;28,30;;54,51;;2,65;;5,30;78,22
18080093;Taurianova;Reggio di Calabria;1;14.837;3,30;;10,96;;2,74;10,24;0,84;35,80
18080095;Varapodio;Reggio di Calabria;1;1.989;8,64;;55,63;;4,72;4,01;1,17;43,31
18080096;Villa San Giovanni;Reggio di Calabria;1;12.852;11,51;;38,76;;7,25;0,73;;44,09
08035001;Albinea;Reggio nell'Emilia;1;8.763;22,27;;8,13;;0,71;1,79;4,74;26,89
08035002;Bagnolo in Piano;Reggio nell'Emilia;1;9.528;15,49;;12,61;;1,06;1,29;6,51;30,11
08035003;Baiso;Reggio nell'Emilia;1;3.209;3,36;;12,14;;0,95;6,04;5,14;27,26
08035004;Bibbiano;Reggio nell'Emilia;1;10.154;20,09;;9,87;;0,87;3,27;6,07;29,76
08035005;Boretto;Reggio nell'Emilia;1;5.208;14,86;;6,30;;1,08;2,47;1,15;18,20
08035006;Brescello;Reggio nell'Emilia;1;5.623;13,63;;6,01;;1,57;1,81;0,89;17,22
08035008;Cadelbosco di Sopra;Reggio nell'Emilia;1;10.631;15,31;;11,35;;0,31;0,44;5,30;25,71
08035009;Campagnola Emilia;Reggio nell'Emilia;1;5.479;17,10;;11,22;;0,25;1,64;6,52;28,02
08035010;Campegine;Reggio nell'Emilia;1;5.312;12,16;;9,89;;0,58;2,65;4,92;26,30
08035018;Canossa;Reggio nell'Emilia;1;3.697;3,89;;10,79;;0,80;5,70;4,42;25,45
08035011;Carpineti;Reggio nell'Emilia;1;3.865;5,74;;13,56;;0,62;9,90;5,12;34,34
08035012;Casalgrande;Reggio nell'Emilia;1;18.840;6,13;;7,96;;0,50;3,68;3,90;21,30
08035013;Casina;Reggio nell'Emilia;1;4.497;11,50;;11,17;;1,24;3,75;5,41;29,73
08035014;Castellarano;Reggio nell'Emilia;1;15.306;6,26;;11,35;;1,15;1,95;4,57;24,21
08035015;Castelnovo di Sotto;Reggio nell'Emilia;1;8.396;16,71;;9,05;;0,80;1,02;4,61;23,44
08035016;Castelnovo ne' Monti;Reggio nell'Emilia;1;10.301;8,08;;12,05;;2,28;9,47;6,00;36,75
08035017;Cavriago;Reggio nell'Emilia;1;9.817;14,66;;7,37;;0,67;0,11;4,22;21,87
08035020;Correggio;Reggio nell'Emilia;1;25.039;21,46;;6,76;;0,77;0,82;4,61;21,19
08035021;Fabbrico;Reggio nell'Emilia;1;6.590;17,18;;11,33;;0,70;-1,05;5,79;24,78
08035022;Gattatico;Reggio nell'Emilia;1;5.692;15,48;;9,95;;1,80;4,62;6,62;32,49
08035023;Gualtieri;Reggio nell'Emilia;1;6.268;12,01;;7,04;;2,17;2,94;1,35;20,76
08035024;Guastalla;Reggio nell'Emilia;1;14.653;8,69;;6,23;;2,01;2,37;1,11;17,74
08035026;Luzzara;Reggio nell'Emilia;1;8.387;7,53;;5,76;;1,69;2,24;1,04;17,00
08035027;Montecchio Emilia;Reggio nell'Emilia;1;10.380;16,29;;9,77;;1,35;2,36;5,71;27,81
08035028;Novellara;Reggio nell'Emilia;1;13.341;11,72;;6,19;;2,45;2,69;1,23;19,11
08035029;Poviglio;Reggio nell'Emilia;1;7.062;6,14;;4,90;;1,20;2,67;1,20;17,24
08035030;Quattro Castella;Reggio nell'Emilia;1;13.079;27,68;;9,34;;0,49;-1,21;5,69;23,77
08035033;Reggio nell'Emilia;Reggio nell'Emilia;1;169.029;22,89;;12,86;;4,66;3,33;7,91;39,32
08035032;Reggiolo;Reggio nell'Emilia;1;9.097;9,36;;4,90;;1,64;1,90;0,90;15,07
08035034;Rio Saliceto;Reggio nell'Emilia;1;5.976;13,37;;9,99;;0,43;1,34;6,74;27,59
08035035;Rolo;Reggio nell'Emilia;1;4.032;28,02;;7,24;;0,34;1,06;5,38;24,70
08035036;Rubiera;Reggio nell'Emilia;1;14.776;17,15;;8,70;;0,85;2,47;4,73;23,73
08035037;San Martino in Rio;Reggio nell'Emilia;1;8.184;12,37;;9,62;;0,50;3,24;5,75;26,93
08035038;San Polo d'Enza;Reggio nell'Emilia;1;6.150;8,23;;7,16;;0,33;0,65;5,12;22,41
08035039;Sant'Ilario d'Enza;Reggio nell'Emilia;1;11.182;19,37;;8,51;;0,96;3,36;4,98;27,03
08035040;Scandiano;Reggio nell'Emilia;1;25.705;19,54;;8,68;;1,15;5,13;5,28;31,26
08035041;Toano;Reggio nell'Emilia;1;4.106;4,03;;14,39;;1,31;7,47;4,88;31,12
08035046;Ventasso;Reggio nell'Emilia;1;3.953;2,91;;9,90;;1,27;13,77;3,78;32,42
08035042;Vetto;Reggio nell'Emilia;1;1.777;3,08;;7,91;;1,95;6,70;2,42;24,73
08035043;Vezzano sul Crostolo;Reggio nell'Emilia;1;4.293;6,29;;11,56;;0,72;2,22;5,14;25,32
08035044;Viano;Reggio nell'Emilia;1;3.338;5,89;;13,42;;0,25;3,66;4,79;26,82
08035045;Villa Minozzo;Reggio nell'Emilia;1;3.478;4,29;;11,74;;0,96;14,13;3,76;35,29
12057003;Antrodoco;Rieti;1;2.349;;;72,25;;2,30;1,35;;48,95
12057005;Belmonte in Sabina;Rieti;1;644;8,27;;26,05;;1,98;13,69;4,29;45,73
12057006;Borbona;Rieti;1;594;11,46;;;;;6,06;;28,22
12057008;Borgo Velino;Rieti;1;941;7,76;;16,95;;4,63;4,07;3,32;34,04
12057007;Borgorose;Rieti;1;4.222;8,48;;6,34;;;16,25;3,36;32,80
12057009;Cantalice;Rieti;1;2.431;;;24,55;;5,04;6,88;3,14;45,84
12057010;Cantalupo in Sabina;Rieti;1;1.639;14,25;;22,81;;6,41;9,37;5,61;54,13
12057012;Casperia;Rieti;1;1.213;12,76;;29,11;;5,71;7,91;7,59;51,69
12057015;Castel Sant'Angelo;Rieti;1;1.199;15,08;;23,21;;2,26;7,40;9,11;48,99
12057014;Castelnuovo di Farfa - Dato aggregazione UNIONE DEI COMUNI VALLE DELL'OLIO;Rieti;3;3.244;25,89;;;;4,44;2,29;;59,72
12057016;Cittaducale;Rieti;1;6.423;11,81;;21,75;;2,60;8,47;13,19;52,04
12057017;Cittareale;Rieti;1;411;12,90;;2,94;;;2,63;2,68;27,80
12057018;Collalto Sabino;Rieti;1;393;18,21;;27,30;;13,82;11,34;9,18;68,70
12057019;Colle di Tora;Rieti;1;363;11,10;;45,24;;9,49;12,93;;57,88
12057020;Collegiove;Rieti;1;132;2,32;;54,47;;;37,35;;85,19
12057022;Colli sul Velino;Rieti;1;456;16,78;;30,69;;;18,39;11,00;64,82
12057023;Concerviano;Rieti;1;277;26,65;;46,50;;4,31;7,09;1,84;60,58
12057024;Configni;Rieti;1;583;15,00;;34,14;;0,89;17,04;5,02;57,93
12057025;Contigliano;Rieti;1;3.759;13,33;;24,00;;0,56;2,53;3,76;43,19
12057026;Cottanello;Rieti;1;517;17,21;;39,36;;4,75;13,65;7,63;77,62
12057027;Fara in Sabina;Rieti;1;13.816;8,11;;19,45;;2,92;3,71;1,80;33,05
12057029;Forano;Rieti;1;3.078;19,35;;36,47;;3,51;10,52;2,74;61,17
12057030;Frasso Sabino;Rieti;1;731;18,88;;25,14;;9,73;6,76;3,87;52,76
12057032;Labro;Rieti;1;368;14,86;;26,84;;;17,02;7,18;56,43
12057033;Leonessa;Rieti;1;2.138;8,52;;;;2,42;6,25;;34,87
12057035;Magliano Sabina;Rieti;1;3.487;18,67;;17,69;;1,40;2,44;40,77;70,83
12057036;Marcetelli;Rieti;1;69;37,30;;;;;70,33;;129,40
12057040;Montebuono;Rieti;1;819;11,85;;30,52;;10,66;25,55;21,19;121,50
12057044;Montopoli di Sabina;Rieti;1;3.953;14,61;;35,69;;1,48;7,40;2,78;63,10
12057045;Morro Reatino;Rieti;1;329;17,47;;31,54;;;7,04;5,38;46,44
12057046;Nespolo;Rieti;1;193;76,34;;5,44;;2,00;22,17;4,14;67,55
12057051;Poggio Bustone;Rieti;1;1.960;8,63;;8,18;;0,03;3,63;1,54;26,50
12057052;Poggio Catino;Rieti;1;1.236;16,00;;31,32;;9,79;8,24;5,52;63,59
12057056;Poggio San Lorenzo;Rieti;1;519;21,79;;29,32;;6,60;3,50;11,32;57,81
12057057;Posta;Rieti;1;568;;;;;13,97;1,80;;47,75
12057059;Rieti;Rieti;1;45.624;11,70;;25,31;;5,62;5,12;4,77;46,38
12057060;Rivodutri;Rieti;1;1.142;13,36;;23,30;;;2,59;2,08;33,34
12057061;Roccantica;Rieti;1;537;14,68;;35,62;;15,55;10,57;2,95;69,49
12057063;Salisano;Rieti;1;499;12,89;;29,54;;13,86;17,25;5,97;70,21
12057065;Selci;Rieti;1;1.107;19,22;;34,04;;4,95;8,00;5,53;56,12
12057066;Stimigliano;Rieti;1;2.190;25,08;;44,61;;15,33;14,10;5,17;76,39
12057067;Tarano;Rieti;1;1.376;0,99;;2,52;;0,65;1,47;0,56;5,85
12057070;Torri in Sabina;Rieti;1;1.174;12,38;;37,17;;1,68;8,21;50,07;135,66
12057072;Vacone;Rieti;1;223;15,80;;27,78;;9,06;10,68;20,91;91,94
08099001;Bellaria-Igea Marina;Rimini;1;19.505;11,55;;16,17;;6,59;4,14;3,26;38,59
08099002;Cattolica;Rimini;1;16.526;19,39;;19,67;;7,23;3,90;1,60;42,04
08099003;Coriano;Rimini;1;10.438;14,50;;18,30;;1,05;2,42;2,14;31,38
08099004;Gemmano;Rimini;1;1.112;10,24;;10,31;;3,07;6,84;5,98;33,02
08099022;Maiolo;Rimini;1;784;17,03;;18,39;;4,61;2,43;1,98;34,24
08099005;Misano Adriatico;Rimini;1;13.858;17,59;;13,88;;4,77;1,33;1,94;31,92
08099006;Mondaino;Rimini;1;1.318;9,92;;10,37;;1,97;3,13;4,74;29,57
08099008;Montefiore Conca;Rimini;1;2.239;8,61;;10,78;;1,01;3,40;3,42;24,89
08099009;Montegridolfo;Rimini;1;989;8,53;;9,16;;1,45;8,10;2,68;29,73
08099029;Montescudo-Monte Colombo;Rimini;1;6.760;5,79;;8,17;;0,21;1,68;11,23;27,98
08099011;Morciano di Romagna;Rimini;1;7.161;24,14;;13,44;;4,50;4,18;1,36;34,36
08099028;Poggio Torriana;Rimini;1;5.151;3,26;;6,99;;0,40;3,19;4,66;21,50
08099013;Riccione;Rimini;1;34.704;11,91;;19,87;;7,44;7,85;3,97;45,18
08099014;Rimini;Rimini;1;150.051;10,64;;16,99;;6,57;4,02;3,89;38,39
08099015;Saludecio;Rimini;1;3.036;2,25;;2,50;;1,38;3,94;8,50;24,79
08099016;San Clemente;Rimini;1;5.656;10,24;;7,65;;0,45;3,76;4,53;25,28
08099017;San Giovanni in Marignano;Rimini;1;9.421;15,99;;10,39;;3,69;2,51;2,00;27,30
08099026;Sant'Agata Feltria;Rimini;1;1.996;30,76;;6,42;;1,59;4,88;0,40;62,46
08099018;Santarcangelo di Romagna;Rimini;1;22.260;9,63;;11,25;;2,10;4,68;1,88;28,28
08099020;Verucchio;Rimini;1;10.064;13,35;;10,30;;4,33;5,95;4,65;33,54
12058001;Affile;Roma;1;1.426;15,13;;30,52;;4,38;7,18;3,40;49,30
12058003;Albano Laziale;Roma;1;39.466;34,01;;19,59;;2,83;8,50;5,02;50,32
12058004;Allumiere;Roma;1;3.788;13,14;;20,82;;11,91;0,72;0,46;35,06
12058005;Anguillara Sabazia;Roma;1;19.027;16,99;;5,77;;2,59;7,37;1,83;26,76
12058006;Anticoli Corrado - Dato aggregazione Unione dei Comuni del Medaniene;Roma;6;4.924;7,16;;36,75;;0,47;2,29;0,44;40,20
12058007;Anzio;Roma;1;58.247;10,31;;21,90;;4,21;1,10;0,34;33,87
12058008;Arcinazzo Romano;Roma;1;1.243;12,17;;;;5,33;11,74;1,82;41,44
12058117;Ardea;Roma;1;48.372;19,17;;14,02;;5,97;1,76;0,98;47,79
12058009;Ariccia;Roma;1;18.014;5,78;;6,16;;1,44;21,52;5,12;41,65
12058011;Artena;Roma;1;13.551;6,59;;26,42;;3,76;4,08;1,24;39,19
12058012;Bellegra;Roma;1;2.693;74,81;;1,93;;9,65;18,43;;67,86
12058013;Bracciano;Roma;1;18.468;9,61;;17,71;;6,31;8,00;6,23;48,64
12058014;Camerata Nuova;Roma;1;410;6,77;;67,17;;8,09;47,27;;104,38
12058016;Canale Monterano;Roma;1;4.147;14,65;;9,35;;2,32;13,45;5,52;40,39
12058017;Canterano;Roma;1;345;7,38;;24,56;;12,87;13,70;;57,45
12058018;Capena;Roma;1;10.678;10,19;;13,09;;5,16;3,90;1,68;30,99
12058019;Capranica Prenestina;Roma;1;313;24,54;;6,72;;17,16;30,16;;85,85
12058020;Carpineto Romano;Roma;1;4.078;16,45;;75,86;;8,77;;0,29;45,87
12058022;Castel Gandolfo;Roma;1;8.616;10,13;;23,90;;3,38;6,68;0,86;40,55
12058025;Castel San Pietro Romano;Roma;1;841;42,29;;41,69;;2,33;18,62;4,79;84,43
12058026;Cave;Roma;1;10.723;21,45;;25,89;;1,62;4,94;3,34;44,16
12058027;Cerreto Laziale;Roma;1;1.099;8,50;;30,91;;;13,51;;57,79
12058028;Cervara di Roma;Roma;1;441;;;43,96;;15,43;6,96;;60,07
12058029;Cerveteri;Roma;1;37.251;21,26;;13,57;;8,28;3,07;11,77;49,28
12058118;Ciampino;Roma;1;38.589;27,58;;25,14;;1,44;4,31;10,21;44,55
12058030;Ciciliano;Roma;1;1.248;23,39;;29,08;;3,30;23,51;;71,24
12058032;Civitavecchia;Roma;1;51.824;21,27;;31,89;;8,34;19,19;0,79;56,54
12058033;Civitella San Paolo;Roma;1;2.003;29,70;;27,17;;4,24;2,40;;46,35
12058034;Colleferro;Roma;1;20.665;14,42;;16,90;;12,43;6,54;2,12;48,17
12058035;Colonna;Roma;1;4.217;34,72;;32,36;;1,84;8,53;2,36;57,31
12058036;Fiano Romano;Roma;1;16.006;6,54;;18,93;;3,02;6,49;0,86;37,48
12058037;Filacciano;Roma;1;457;13,08;;24,54;;;;1,20;28,60
12058120;Fiumicino;Roma;1;80.625;11,02;;15,81;;9,94;4,05;7,37;46,10
12058038;Formello;Roma;1;13.372;8,00;;22,21;;3,82;1,30;;29,68
12058039;Frascati;Roma;1;22.650;11,82;;31,72;;3,98;21,66;2,59;51,02
12058040;Gallicano nel Lazio;Roma;1;6.412;22,27;;29,74;;1,50;2,53;3,19;36,16
12058041;Gavignano;Roma;1;1.920;12,21;;99,43;;2,28;3,11;;51,56
12058042;Genazzano;Roma;1;5.667;18,30;;32,91;;5,14;7,37;;52,38
12058043;Genzano di Roma;Roma;1;22.975;13,88;;21,59;;5,46;3,12;2,34;41,30
12058045;Gorga;Roma;1;688;25,93;;73,85;;14,08;4,48;;91,36
12058046;Grottaferrata;Roma;1;20.428;5,95;;24,74;;6,42;7,84;3,69;48,46
12058047;Guidonia Montecelio;Roma;1;88.237;16,36;;17,91;;2,55;8,90;2,49;41,68
12058048;Jenne;Roma;1;334;40,65;;;;2,32;;;43,66
12058049;Labico;Roma;1;6.384;15,53;;27,64;;1,78;12,90;3,75;95,64
12058116;Ladispoli;Roma;1;40.390;8,92;;21,52;;6,74;1,05;2,01;38,80
12058050;Lanuvio;Roma;1;12.828;17,68;;32,71;;2,74;1,43;9,99;45,39
12058115;Lariano;Roma;1;13.167;14,33;;17,29;;2,45;2,67;2,28;33,02
12058052;Magliano Romano;Roma;1;1.408;14,66;;22,17;;9,02;4,59;12,79;60,91
12058054;Manziana;Roma;1;7.696;12,55;;18,64;;3,92;2,04;4,17;42,56
12058055;Marano Equo;Roma;1;784;;;47,11;;0,61;22,05;;56,33
12058056;Marcellina;Roma;1;7.072;7,84;;22,84;;4,74;2,49;2,00;39,51
12058057;Marino;Roma;1;45.900;14,68;;17,90;;8,54;5,71;6,23;49,65
12058058;Mazzano Romano;Roma;1;2.931;11,92;;20,54;;2,29;10,67;11,07;51,56
12058059;Mentana;Roma;1;22.587;19,22;;18,73;;2,94;14,32;2,94;45,58
12058060;Monte Compatri;Roma;1;11.898;7,21;;18,55;;4,65;6,35;0,54;26,91
12058064;Monte Porzio Catone;Roma;1;8.547;9,10;;21,45;;9,33;6,17;7,35;51,14
12058061;Monteflavio;Roma;1;1.190;16,61;;24,77;;7,33;6,39;3,65;49,19
12058062;Montelanico;Roma;1;2.050;7,22;;21,89;;13,01;1,49;2,38;36,72
12058063;Montelibretti;Roma;1;5.102;10,46;;25,45;;3,23;6,10;5,01;45,01
12058065;Monterotondo;Roma;1;41.020;28,40;;22,45;;9,22;1,97;4,30;44,06
12058066;Montorio Romano;Roma;1;1.965;11,31;;25,68;;11,42;7,14;0,49;57,61
12058067;Moricone;Roma;1;2.473;15,23;;22,90;;3,53;4,28;0,94;39,37
12058070;Nemi;Roma;1;1.882;24,48;;6,73;;8,38;4,07;2,04;44,73
12058071;Nerola;Roma;1;1.889;11,64;;29,68;;5,00;6,60;1,67;47,95
12058072;Nettuno;Roma;1;47.965;10,49;;24,16;;5,54;12,92;;43,48
12058073;Olevano Romano;Roma;1;6.405;22,23;;30,53;;5,91;1,98;5,58;45,00
12058074;Palestrina;Roma;1;21.949;23,92;;25,42;;1,68;4,19;11,88;54,85
12058075;Palombara Sabina;Roma;1;12.860;10,90;;22,97;;7,42;5,33;4,94;47,53
12058078;Poli;Roma;1;2.244;29,22;;34,91;;8,15;8,96;5,89;71,50
12058079;Pomezia;Roma;1;63.612;14,42;;16,74;;8,82;4,61;1,55;40,16
12058080;Ponzano Romano;Roma;1;1.179;18,53;;33,49;;6,08;5,47;5,47;60,10
12058082;Rignano Flaminio;Roma;1;10.050;9,86;;16,06;;4,23;2,82;3,16;30,42
12058086;Rocca di Papa;Roma;1;17.263;13,38;;13,93;;2,88;5,17;9,58;44,86
12058088;Rocca Priora;Roma;1;11.983;27,00;;27,44;;5,00;2,26;0,39;42,95
12058089;Rocca Santo Stefano;Roma;1;942;57,60;;9,94;;6,38;9,62;;45,77
12058090;Roiate;Roma;1;650;;;64,61;;7,94;4,63;;68,89
12058091;Roma;Roma;1;2.761.632;10,30;;26,14;;8,11;5,85;4,39;47,59
12058093;Sacrofano;Roma;1;7.293;39,16;;26,30;;5,88;8,78;5,95;60,18
12058119;San Cesareo;Roma;1;15.881;17,96;;25,17;;1,25;3,56;1,73;42,29
12058096;San Polo dei Cavalieri;Roma;1;2.763;8,78;;29,23;;5,32;18,93;;52,28
12058097;Santa Marinella;Roma;1;18.439;3,20;;14,13;;4,10;14,91;5,56;44,08
12058099;Sant'Oreste;Roma;1;3.483;8,79;;15,28;;5,76;2,99;4,49;35,49
12058102;Segni;Roma;1;8.922;13,88;;94,04;;5,52;6,22;;46,65
12058103;Subiaco;Roma;1;8.490;76,49;;;;5,02;1,98;;47,09
12058104;Tivoli;Roma;1;54.900;19,73;;23,97;;6,21;7,47;4,97;53,30
12058105;Tolfa;Roma;1;4.657;19,83;;14,59;;2,67;0,96;;27,63
12058107;Trevignano Romano;Roma;1;5.778;12,34;;8,37;;4,57;1,27;0,88;28,82
12058109;Vallinfreda;Roma;1;296;13,41;;42,56;;2,94;8,50;7,27;57,01
12058110;Valmontone;Roma;1;15.652;25,78;;30,87;;1,62;7,16;8,14;53,70
12058111;Velletri;Roma;1;52.151;29,34;;17,61;;2,10;4,60;3,18;38,91
12058112;Vicovaro - Dato aggregazione UNIONE DEI COMUNI DELLA VALLE USTICA;Roma;5;5.849;12,75;;26,81;;;5,23;0,51;39,15
12058114;Zagarolo;Roma;1;18.193;21,83;;27,96;;1,43;5,74;5,88;50,81
05029041;Rovigo - Dato aggregazione Consiglio di Bacino Rovigo;Rovigo;50;229.097;7,43;;12,59;;1,50;7,13;6,34;37,95
15065003;Albanella;Salerno;1;6.219;135,35;;;;3,45;1,89;9,94;43,23
15065004;Alfano;Salerno;1;963;22,64;;2,65;;19,86;1,09;;37,40
15065005;Altavilla Silentina;Salerno;1;6.923;79,56;;11,64;;11,30;3,78;2,76;57,07
15065006;Amalfi;Salerno;1;4.824;20,59;;48,22;;23,30;3,93;;78,35
15065008;Aquara;Salerno;1;1.351;22,34;;30,31;;1,82;3,74;;42,68
15065010;Atena Lucana;Salerno;1;2.402;25,18;;;;1,72;2,05;2,67;26,94
15065011;Atrani;Salerno;1;801;74,62;;23,15;;12,59;4,18;;71,75
15065012;Auletta;Salerno;1;2.140;16,48;;17,87;;5,95;3,36;11,88;51,07
15065013;Baronissi;Salerno;1;16.762;20,99;;17,60;;;4,19;9,71;40,89
15065014;Battipaglia;Salerno;1;49.644;;;35,55;;2,32;6,25;2,09;47,06
15065158;Bellizzi;Salerno;1;13.249;10,32;;13,98;;6,78;0,66;0,16;32,57
15065016;Bracigliano;Salerno;1;5.324;27,06;;22,21;;6,23;4,05;6,94;52,83
15065017;Buccino;Salerno;1;4.648;13,61;;26,89;;1,46;6,02;1,04;41,54
15065018;Buonabitacolo;Salerno;1;2.403;4,08;;11,17;;7,45;6,57;0,41;34,51
15065021;Camerota;Salerno;1;6.889;22,06;;12,43;;6,33;2,20;;34,87
15065022;Campagna;Salerno;1;16.489;16,96;;17,09;;7,02;2,77;1,78;44,93
15065023;Campora;Salerno;1;343;5,20;;75,79;;5,73;0,57;;59,98
15065025;Capaccio;Salerno;1;22.303;11,80;;18,10;;4,37;2,12;;36,53
15065028;Casal Velino;Salerno;1;5.342;27,69;;31,46;;3,75;4,13;;57,62
15065026;Casalbuono;Salerno;1;1.051;;;20,91;;;0,71;;47,56
15065029;Caselle in Pittari;Salerno;1;1.851;90,03;;1,42;;0,98;3,44;;39,65
15065034;Castel San Giorgio;Salerno;1;13.637;15,21;;24,82;;2,58;4,41;11,22;58,69
15065035;Castel San Lorenzo;Salerno;1;2.240;22,12;;16,48;;6,11;3,30;5,64;49,13
15065030;Castelcivita;Salerno;1;1.472;8,10;;19,66;;6,84;1,16;0,66;41,06
15065033;Castelnuovo di Conza;Salerno;1;523;63,74;;19,96;;;10,59;;51,98
15065036;Castiglione del Genovesi;Salerno;1;1.308;26,10;;26,83;;12,94;11,82;8,28;84,43
15065037;Cava de' Tirreni;Salerno;1;50.797;16,70;;17,36;;10,00;2,75;1,78;44,86
15065038;Celle di Bulgheria;Salerno;1;1.748;;;9,49;;7,07;15,86;;40,67
15065039;Centola;Salerno;1;4.978;81,58;;18,66;;7,85;10,53;2,82;65,28
15065040;Ceraso;Salerno;1;2.262;46,47;;16,45;;;1,30;18,07;67,16
15065042;Cicerale;Salerno;1;1.163;19,52;;49,58;;7,51;5,77;5,77;84,63
15065043;Colliano;Salerno;1;3.414;14,56;;18,06;;4,15;2,35;5,50;42,62
15065047;Corbara;Salerno;1;2.484;14,49;;25,55;;3,58;3,07;2,55;35,45
15065048;Corleto Monforte;Salerno;1;522;26,30;;25,89;;2,89;8,97;1,11;58,44
15065049;Cuccaro Vetere;Salerno;1;535;9,72;;29,53;;4,26;44,32;;71,94
15065050;Eboli;Salerno;1;37.623;20,51;;17,99;;6,72;1,97;0,25;44,74
15065051;Felitto;Salerno;1;1.154;270,82;;;;3,07;1,21;6,02;62,74
15065052;Fisciano;Salerno;1;13.871;33,69;;34,28;;6,27;6,61;27,56;84,74
15065053;Furore;Salerno;1;693;140,36;;;;10,97;17,43;;85,46
15065054;Futani;Salerno;1;1.091;33,81;;2,41;;4,99;13,46;;41,49
15065055;Giffoni Sei Casali;Salerno;1;4.950;39,76;;14,84;;6,22;2,42;5,17;38,70
15065057;Gioi;Salerno;1;1.124;9,18;;10,66;;4,84;20,02;;46,27
15065058;Giungano;Salerno;1;1.285;470,56;;;;9,56;2,21;0,99;66,96
15065059;Ispani;Salerno;1;970;36,17;;49,40;;;1,40;28,70;99,17
15065060;Laureana Cilento;Salerno;1;1.212;26,64;;27,41;;5,16;8,20;8,40;64,34
15065062;Laurito;Salerno;1;712;41,56;;8,47;;3,44;3,61;;30,09
15065063;Laviano;Salerno;1;1.318;19,35;;1,75;;13,46;1,49;8,86;54,94
15065064;Lustra;Salerno;1;978;;;51,96;;0,44;10,00;;50,30
15065066;Maiori;Salerno;1;5.374;25,72;;41,55;;4,36;5,18;;63,57
15065067;Mercato San Severino;Salerno;1;21.635;43,14;;;;7,30;3,41;12,04;59,46
15065068;Minori;Salerno;1;2.583;21,65;;41,11;;8,30;2,69;2,42;65,62
15065069;Moio della Civitella;Salerno;1;1.807;;;4,86;;;15,63;;35,69
15065070;Montano Antilia;Salerno;1;1.713;180,43;;40,90;;13,06;11,63;;104,92
15065075;Monte San Giacomo;Salerno;1;1.414;31,20;;33,42;;5,10;3,91;19,55;68,01
15065071;Montecorice;Salerno;1;2.534;91,52;;31,88;;9,43;8,12;0,94;63,17
15065072;Montecorvino Pugliano;Salerno;1;11.067;9,52;;29,31;;3,63;0,70;12,27;50,00
15065073;Montecorvino Rovella;Salerno;1;12.235;17,96;;12,23;;2,77;20,88;1,95;53,99
15065074;Monteforte Cilento;Salerno;1;539;41,20;;25,41;;6,32;8,01;;56,97
15065076;Montesano sulla Marcellana;Salerno;1;6.253;;;;;3,51;22,70;0,30;52,87
15065077;Morigerati;Salerno;1;611;;;6,54;;;17,02;;28,63
15065078;Nocera Inferiore;Salerno;1;44.169;25,12;;22,44;;5,81;2,07;2,16;52,63
15065079;Nocera Superiore;Salerno;1;23.763;26,23;;22,11;;13,15;2,36;12,69;62,07
15065082;Olevano sul Tusciano;Salerno;1;6.468;33,75;;27,32;;3,05;2,29;2,39;44,91
15065084;Omignano;Salerno;1;1.589;6,02;;10,62;;2,78;13,58;;37,18
15065085;Orria;Salerno;1;991;11,24;;36,71;;5,24;9,94;;51,14
15065086;Ottati;Salerno;1;631;28,87;;11,40;;10,90;39,35;;78,70
15065087;Padula;Salerno;1;4.907;5,56;;33,39;;;8,68;;45,04
15065088;Pagani;Salerno;1;34.203;12,31;;42,50;;1,54;7,06;2,12;46,15
15065089;Palomonte;Salerno;1;3.742;23,04;;;;;9,16;7,80;42,69
15065090;Pellezzano;Salerno;1;10.912;6,10;;25,51;;9,37;3,87;2,34;58,13
15065092;Perito;Salerno;1;829;19,44;;11,04;;16,57;2,03;3,64;46,91
15065093;Pertosa;Salerno;1;652;29,97;;13,94;;1,94;11,64;;62,35
15065094;Petina;Salerno;1;993;29,66;;;;20,32;2,25;0,34;50,39
15065096;Pisciotta;Salerno;1;2.442;18,19;;18,69;;2,51;7,86;;39,29
15065097;Polla;Salerno;1;5.138;45,87;;;;3,00;20,19;;52,20
15065098;Pollica;Salerno;1;2.183;22,79;;;;2,59;7,59;;33,32
15065099;Pontecagnano Faiano;Salerno;1;25.793;8,87;;19,37;;2,77;2,55;10,30;47,06
15065102;Praiano;Salerno;1;2.001;47,57;;42,73;;15,87;4,64;;81,30
15065103;Prignano Cilento;Salerno;1;1.054;;;21,81;;;31,75;;65,30
15065104;Ravello;Salerno;1;2.386;36,68;;22,63;;18,52;1,58;3,85;63,45
15065105;Ricigliano;Salerno;1;1.067;23,28;;26,86;;6,38;7,22;5,95;53,47
15065106;Roccadaspide;Salerno;1;6.907;6,50;;1,95;;24,44;3,39;2,34;48,04
15065107;Roccagloriosa;Salerno;1;1.565;21,00;;4,66;;21,43;5,25;4,53;52,29
15065109;Rofrano;Salerno;1;1.281;65,22;;42,48;;10,92;;;75,51
15065112;Rutino;Salerno;1;766;17,55;;29,79;;4,97;16,74;1,60;57,23
15065114;Sala Consilina;Salerno;1;11.878;8,64;;11,51;;4,67;1,75;0,12;29,96
15065115;Salento;Salerno;1;1.804;155,19;;;;;11,82;;52,97
15065116;Salerno;Salerno;1;128.105;7,02;;41,76;;10,68;2,20;12,63;65,96
15065118;San Cipriano Picentino;Salerno;1;6.474;9,42;;23,58;;3,26;2,35;7,42;45,48
15065119;San Giovanni a Piro;Salerno;1;3.593;16,46;;;;10,68;1,11;;42,24
15065121;San Mango Piemonte;Salerno;1;2.601;5,54;;10,88;;9,51;3,91;13,35;48,32
15065122;San Marzano sul Sarno;Salerno;1;10.261;14,84;;20,93;;4,86;1,87;23,25;62,49
15065123;San Mauro Cilento;Salerno;1;861;145,51;;24,39;;3,69;;0,23;69,63
15065124;San Mauro la Bruca;Salerno;1;543;101,42;;;;5,56;22,84;0,64;78,52
15065125;San Pietro al Tanagro;Salerno;1;1.656;21,36;;;;2,15;2,62;3,40;32,03
15065126;San Rufo;Salerno;1;1.605;5,42;;17,14;;6,72;14,22;8,53;60,25
15065127;Santa Marina;Salerno;1;3.191;13,83;;3,14;;8,16;12,33;;34,54
15065128;Sant'Angelo a Fasanella;Salerno;1;513;22,39;;34,20;;;1,93;6,06;61,22
15065129;Sant'Arsenio;Salerno;1;2.693;7,63;;9,46;;2,38;4,69;3,81;29,96
15065130;Sant'Egidio del Monte Albino;Salerno;1;8.833;12,35;;7,89;;0,72;4,15;10,72;41,58
15065131;Santomenna;Salerno;1;403;30,72;;22,33;;3,17;0,52;50,30;102,43
15065133;Sanza;Salerno;1;2.366;13,60;;32,86;;3,17;3,78;;48,88
15065135;Sarno;Salerno;1;30.489;20,87;;16,20;;9,46;;;36,76
15065136;Sassano;Salerno;1;4.589;128,43;;0,34;;;4,51;;46,12
15065137;Scafati;Salerno;1;48.197;5,54;;19,78;;1,88;7,77;5,26;49,68
15065138;Scala;Salerno;1;1.493;32,06;;25,55;;7,88;8,71;;63,86
15065141;Sessa Cilento;Salerno;1;1.201;8,23;;11,65;;5,30;8,96;0,61;39,83
15065142;Siano;Salerno;1;9.455;13,89;;23,40;;1,00;;;35,82
15065143;Sicignano degli Alburni;Salerno;1;3.077;36,54;;24,35;;15,16;3,82;0,38;55,70
15065144;Stella Cilento;Salerno;1;685;37,93;;17,04;;3,27;16,38;;53,91
15065145;Stio;Salerno;1;773;60,62;;37,69;;14,38;3,73;16,88;96,55
15065146;Teggiano;Salerno;1;7.154;37,56;;;;4,08;4,94;7,04;41,18
15065147;Torchiara;Salerno;1;1.808;236,85;;;;9,62;3,66;5,50;46,42
15065149;Torre Orsaia;Salerno;1;1.961;60,01;;;;9,89;2,63;;33,64
15065150;Tortorella;Salerno;1;475;7,82;;9,65;;;13,23;;35,29
15065151;Tramonti;Salerno;1;4.053;17,77;;21,54;;3,27;5,27;;41,24
15065152;Trentinara;Salerno;1;1.560;60,29;;14,97;;0,75;3,48;;41,14
15065154;Vallo della Lucania;Salerno;1;8.021;17,92;;30,11;;7,92;2,75;7,16;53,79
15065155;Valva;Salerno;1;1.522;21,96;;17,53;;1,56;0,37;;34,19
15065156;Vibonati;Salerno;1;3.151;17,79;;36,00;;4,60;8,34;;54,91
15065157;Vietri sul Mare;Salerno;1;7.278;9,56;;29,86;;8,24;4,43;14,24;62,70
20090062;Aglientu;Sassari [fino 2024];1;1.154;21,35;;40,05;;6,01;5,09;1,33;60,12
20090003;Alghero;Sassari [fino 2024];1;42.352;5,53;;8,87;;2,72;18,58;5,15;40,67
20090006;Arzachena;Sassari [fino 2024];1;13.331;19,76;;21,89;;4,26;1,94;12,67;49,79
20090009;Berchidda;Sassari [fino 2024];1;2.630;8,77;;14,46;;1,98;4,40;0,84;29,19
20090012;Bono - Dato aggregazione COMUNITA' MONTANA DEL GOCEANO;Sassari [fino 2024];10;10.600;36,84;;33,23;;0,78;6,14;2,05;47,97
20090017;Budduso - Dato aggregazione ASSOCIAZIONE COMUNI BUDDUSO' ALA' DEI SARDI;Sassari [fino 2024];2;5.386;20,04;;33,30;;3,05;6,06;2,98;52,06
20090091;Budoni;Sassari [fino 2024];1;5.298;27,51;;22,54;;4,17;2,81;;35,12
20090023;Castelsardo;Sassari [fino 2024];1;5.651;35,29;;17,45;;5,41;2,71;9,86;43,71
20090088;Erula;Sassari [fino 2024];1;690;12,15;;21,52;;;4,52;1,72;31,01
20090029;Florinas - Dato aggregazione ASSOCIAZIONE ARO AMBITO DI RECUPERO OTTIMALE - COMUNI DI FLORINAS, CODRONGIANOS E PLOAGHE;Sassari [fino 2024];3;7.069;67,93;;14,80;;;1,80;0,93;34,66
20090033;Ittiri - Dato aggregazione UNIONE DEI COMUNI DEL COROS;Sassari [fino 2024];9;29.170;21,84;;25,06;;0,79;4,59;1,66;39,24
20090035;La Maddalena;Sassari [fino 2024];1;10.617;13,54;;22,47;;5,99;3,81;7,31;48,09
20090034;Laerru;Sassari [fino 2024];1;859;85,12;;;;;1,77;;43,38
20090084;Loiri Porto San Paolo;Sassari [fino 2024];1;3.641;29,96;;31,02;;3,75;3,52;0,67;47,82
20090039;Martis;Sassari [fino 2024];1;471;15,25;;27,03;;;2,22;0,25;31,71
20090041;Monti;Sassari [fino 2024];1;2.331;8,82;;17,52;;2,86;1,17;5,65;31,45
20090047;Olbia;Sassari [fino 2024];1;60.385;11,18;;21,66;;8,44;5,26;5,05;46,52
20090049;Oschiri;Sassari [fino 2024];1;3.037;10,85;;27,05;;4,46;2,33;0,68;36,78
20090050;Osilo;Sassari [fino 2024];1;2.826;11,43;;20,10;;2,13;6,52;2,41;34,23
20090052;Ozieri - Dato aggregazione UNIONE DEI COMUNI DEL LOGUDORO;Sassari [fino 2024];7;17.926;9,48;;16,44;;3,95;5,19;0,80;30,18
20090090;Padru;Sassari [fino 2024];1;2.040;29,98;;27,43;;1,76;3,34;1,05;89,33
20090054;Palau;Sassari [fino 2024];1;4.034;9,41;;24,31;;6,05;5,49;4,16;45,62
20090058;Porto Torres;Sassari [fino 2024];1;21.224;11,64;;24,56;;10,53;6,98;2,86;45,67
20090061;Romana;Sassari [fino 2024];1;496;34,54;;7,60;;;19,53;3,25;50,97
20090092;San Teodoro;Sassari [fino 2024];1;4.941;15,12;;19,45;;5,34;2,98;2,63;57,82
20090064;Sassari;Sassari [fino 2024];1;121.657;6,80;;15,90;;7,28;7,87;9,56;43,44
20090067;Sennori;Sassari [fino 2024];1;6.910;10,64;;24,47;;5,96;4,10;6,57;44,69
20090069;Sorso;Sassari [fino 2024];1;14.383;21,22;;21,41;;2,82;2,15;0,56;36,29
20090089;Stintino;Sassari [fino 2024];1;1.535;17,72;;21,56;;16,00;5,47;8,70;57,51
20090080;Telti;Sassari [fino 2024];1;2.222;22,79;;15,96;;1,74;12,16;8,11;41,28
20090070;Tempio Pausania - Dato aggregazione UNIONE DEI COMUNI ALTA GALLURA;Sassari [fino 2024];8;30.260;9,34;;19,04;;5,85;2,51;2,91;34,86
20090086;Tergu;Sassari [fino 2024];1;605;15,65;;28,32;;3,33;10,62;8,02;52,42
20090079;Valledoria - Dato aggregazione ASSOCIAZIONE DEI COMUNI VALLEDORIA VIDDALBA SEDINI;Sassari [fino 2024];3;7.074;31,24;;15,43;;2,06;2,44;13,82;39,38
20090078;Villanova Monteleone - Dato aggregazione Unione Comuni del Villanova;Sassari [fino 2024];4;3.370;4,59;;27,38;;2,21;3,49;1,52;36,05
07009001;Alassio;Savona;1;10.185;11,86;;33,92;;8,40;4,76;8,59;53,10
07009002;Albenga;Savona;1;23.555;18,48;;12,24;;9,89;5,80;3,78;42,55
07009004;Albisola Superiore;Savona;1;9.579;10,53;;14,64;;9,47;9,21;2,34;43,11
07009003;Albissola Marina;Savona;1;5.250;17,15;;25,37;;12,72;9,42;4,51;57,68
07009005;Altare;Savona;1;1.928;10,93;;13,21;;8,61;14,96;4,13;47,25
07009006;Andora;Savona;1;7.216;2,89;;33,38;;4,26;5,37;3,84;38,37
07009007;Arnasco;Savona;1;572;23,54;;25,28;;3,13;7,02;0,12;37,16
07009008;Balestrino;Savona;1;526;42,20;;50,58;;;5,37;3,88;64,48
07009009;Bardineto;Savona;1;746;7,39;;26,48;;4,87;2,88;1,73;38,61
07009010;Bergeggi;Savona;1;1.069;16,23;;29,72;;12,01;10,96;5,98;65,60
07009012;Borghetto Santo Spirito;Savona;1;4.601;9,42;;32,07;;7,72;7,87;9,16;55,34
07009013;Borgio Verezzi;Savona;1;2.075;13,64;;37,19;;9,65;4,88;2,92;50,35
07009014;Bormida;Savona;1;343;15,05;;12,66;;;10,01;4,06;31,55
07009015;Cairo Montenotte;Savona;1;12.651;18,72;;11,73;;7,87;8,58;1,86;37,64
07009017;Calizzano;Savona;1;1.424;11,24;;27,29;;2,62;2,79;1,02;37,46
07009019;Casanova Lerrone;Savona;1;726;13,82;;24,08;;1,45;5,67;3,56;38,55
07009020;Castelbianco;Savona;1;305;44,50;;18,01;;1,60;7,67;0,62;37,52
07009021;Castelvecchio di Rocca Barbena;Savona;1;131;142,40;;;;;5,66;;46,01
07009022;Celle Ligure;Savona;1;4.914;25,59;;31,05;;9,03;9,42;6,18;62,21
07009023;Cengio;Savona;1;3.295;11,20;;8,42;;1,81;7,41;0,94;36,70
07009024;Ceriale;Savona;1;5.334;9,47;;23,24;;6,83;5,24;9,81;48,19
07009025;Cisano sul Neva;Savona;1;2.111;16,11;;23,93;;0,60;2,12;0,62;28,56
07009026;Cosseria;Savona;1;1.052;13,77;;15,04;;;19,73;19,45;70,39
07009027;Dego;Savona;1;1.854;15,26;;14,10;;0,80;7,36;9,19;39,34
07009028;Erli;Savona;1;214;18,46;;23,84;;;6,82;;34,25
07009029;Finale Ligure;Savona;1;11.160;9,01;;21,19;;10,27;6,95;4,45;47,62
07009030;Garlenda;Savona;1;1.345;20,50;;23,06;;2,16;4,97;2,13;34,98
07009032;Giusvalla;Savona;1;400;13,41;;13,66;;;2,20;1,89;23,79
07009033;Laigueglia;Savona;1;1.683;21,51;;23,22;;19,59;19,58;5,81;74,29
07009034;Loano;Savona;1;10.784;15,12;;21,50;;5,49;4,01;1,17;37,82
07009035;Magliolo;Savona;1;938;30,31;;41,40;;;13,67;5,50;85,84
07009036;Mallare;Savona;1;1.055;28,48;;;;0,44;6,35;;26,59
07009037;Massimino;Savona;1;97;11,45;;57,43;;;18,86;;53,62
07009038;Millesimo;Savona;1;3.200;6,16;;12,05;;6,63;7,20;0,68;42,91
07009039;Mioglia;Savona;1;490;20,81;;15,13;;;6,53;4,27;35,61
07009041;Nasino;Savona;1;174;34,11;;19,73;;1,49;7,30;0,23;35,71
07009042;Noli;Savona;1;2.435;35,76;;29,07;;5,74;7,42;8,43;62,44
07009043;Onzo;Savona;1;216;29,29;;25,78;;;3,87;3,86;39,33
07009044;Orco Feglino;Savona;1;919;22,37;;24,99;;;6,97;1,39;39,27
07009045;Ortovero;Savona;1;1.586;177,75;;0,13;;0,77;2,17;10,31;36,71
07009046;Osiglia;Savona;1;442;12,10;;20,74;;;15,98;2,34;42,27
07009047;Pallare;Savona;1;899;13,39;;16,06;;;4,67;2,41;32,73
07009048;Piana Crixia;Savona;1;758;12,39;;18,68;;;8,56;5,63;40,30
07009049;Pietra Ligure;Savona;1;8.303;10,36;;14,58;;5,27;3,86;1,50;34,17
07009050;Plodio;Savona;1;622;9,41;;15,96;;0,49;8,98;0,15;26,81
07009051;Pontinvrea;Savona;1;822;52,51;;8,76;;9,28;9,75;;45,04
07009052;Quiliano;Savona;1;6.881;17,24;;14,47;;2,28;5,21;1,29;31,47
07009053;Rialto;Savona;1;546;16,05;;28,71;;;6,78;8,25;77,57
07009054;Roccavignale;Savona;1;735;10,03;;22,05;;10,81;7,57;0,38;44,66
07009055;Sassello;Savona;1;1.746;18,63;;16,42;;;5,19;3,32;31,23
07009056;Savona;Savona;1;58.563;7,94;;27,14;;4,20;9,68;2,55;42,82
07009057;Spotorno;Savona;1;3.509;13,05;;16,55;;10,69;8,73;10,45;53,94
07009058;Stella;Savona;1;2.919;15,10;;23,95;;0,95;4,65;0,90;30,40
07009059;Stellanello;Savona;1;852;18,50;;12,31;;1,74;3,39;3,81;37,57
07009061;Toirano;Savona;1;2.627;18,39;;27,42;;1,33;6,29;;38,53
07009062;Tovo San Giacomo;Savona;1;2.465;22,60;;30,42;;;10,98;4,02;56,95
07009063;Urbe;Savona;1;653;26,16;;36,83;;;3,06;1,48;40,49
07009064;Vado Ligure;Savona;1;8.137;13,37;;22,70;;9,70;5,16;4,98;40,99
07009065;Varazze;Savona;1;12.572;12,93;;16,18;;9,33;10,27;7,04;50,46
07009066;Vendone;Savona;1;367;29,57;;30,98;;8,50;19,33;4,41;75,68
07009067;Vezzi Portio;Savona;1;789;3,16;;15,68;;;4,02;2,27;21,51
07009068;Villanova d'Albenga;Savona;1;2.757;34,27;;9,40;;4,35;5,25;4,27;35,89
07009069;Zuccarello;Savona;1;286;174,24;;;;15,63;6,87;41,82;99,81
09052001;Abbadia San Salvatore;Siena;1;6.048;8,81;;14,01;;5,04;5,62;2,96;41,32
09052002;Asciano;Siena;1;6.812;9,84;;11,93;;3,90;6,78;3,10;36,83
09052003;Buonconvento;Siena;1;3.002;9,40;;11,20;;4,48;3,40;1,41;74,25
09052006;Castelnuovo Berardenga;Siena;1;8.958;13,06;;12,46;;3,94;6,88;3,14;40,72
09052007;Castiglione d'Orcia;Siena;1;2.146;11,53;;13,12;;9,72;10,06;3,32;55,44
09052008;Cetona;Siena;1;2.496;9,83;;13,71;;2,58;8,59;1,97;40,93
09052009;Chianciano Terme;Siena;1;6.823;16,71;;15,97;;6,58;7,47;5,17;51,09
09052010;Chiusdino;Siena;1;1.765;9,61;;17,72;;4,61;3,81;1,55;36,60
09052011;Chiusi;Siena;1;8.073;12,21;;15,77;;4,45;6,17;4,15;41,63
09052012;Colle di Val d'Elsa;Siena;1;21.664;6,80;;11,37;;4,83;3,15;3,21;35,10
09052037;Montalcino;Siena;1;5.646;9,61;;13,32;;7,12;5,53;2,42;39,90
09052015;Montepulciano;Siena;1;13.362;9,26;;16,14;;8,14;7,12;4,84;50,55
09052016;Monteriggioni;Siena;1;10.087;5,79;;9,00;;2,07;3,96;2,65;29,13
09052017;Monteroni d'Arbia;Siena;1;8.978;15,47;;11,46;;5,13;8,51;3,16;42,64
09052021;Pienza;Siena;1;2.012;9,02;;20,70;;11,17;8,06;3,12;51,05
09052022;Poggibonsi;Siena;1;28.663;6,53;;15,61;;4,21;3,32;2,95;36,08
09052023;Radda in Chianti;Siena;1;1.493;6,34;;13,22;;0,56;8,48;3,06;38,05
09052025;Radicondoli;Siena;1;921;10,46;;24,22;;6,68;10,90;4,12;51,93
09052027;San Casciano dei Bagni;Siena;1;1.518;14,03;;17,00;;10,16;16,97;4,62;69,68
09052028;San Gimignano;Siena;1;7.528;8,60;;21,17;;4,27;4,18;3,59;40,72
09052030;San Quirico d'Orcia;Siena;1;2.613;7,04;;10,61;;4,64;4,79;2,73;33,58
09052032;Siena;Siena;1;53.724;12,38;;14,86;;9,51;5,28;4,12;47,90
09052033;Sinalunga;Siena;1;12.127;17,45;;15,83;;4,64;7,48;3,77;46,91
09052034;Sovicille;Siena;1;9.888;14,42;;15,88;;2,10;6,95;1,67;38,94
09052035;Torrita di Siena;Siena;1;7.001;20,67;;14,04;;5,10;5,58;3,28;43,11
09052036;Trequanda;Siena;1;1.196;13,10;;22,46;;12,25;10,74;1,18;59,71
19089001;Augusta;Siracusa;1;34.681;6,57;;29,29;;5,71;9,36;3,83;43,02
19089003;Buccheri;Siracusa;1;1.745;13,55;;7,63;;;21,11;1,44;49,95
19089004;Buscemi;Siracusa;1;967;31,22;;15,11;;2,55;2,39;3,92;35,67
19089005;Canicattini Bagni;Siracusa;1;6.566;13,78;;12,87;;2,90;5,43;;26,90
19089006;Carlentini;Siracusa;1;17.040;7,21;;21,81;;4,41;2,56;0,89;31,27
19089007;Cassaro;Siracusa;1;723;6,66;;10,13;;;25,48;2,20;46,06
19089008;Ferla;Siracusa;1;2.311;20,32;;27,15;;0,04;4,21;;35,94
19089009;Floridia;Siracusa;1;21.258;76,07;;15,36;;3,28;2,83;3,18;41,86
19089010;Francofonte;Siracusa;1;11.776;6,39;;45,75;;8,41;2,51;0,12;44,27
19089011;Lentini;Siracusa;1;21.778;15,88;;34,10;;12,61;0,24;;43,79
19089012;Melilli;Siracusa;1;13.102;78,28;;16,85;;8,42;10,73;1,29;71,93
19089014;Pachino;Siracusa;1;21.504;;;;;;1,10;;10,67
19089015;Palazzolo Acreide;Siracusa;1;8.193;5,99;;14,77;;2,61;13,89;4,01;44,78
19089021;Priolo Gargallo;Siracusa;1;11.408;34,11;;9,41;;13,28;16,44;;63,24
19089016;Rosolini;Siracusa;1;20.545;11,07;;15,97;;3,65;1,55;1,14;21,93
19089017;Siracusa;Siracusa;1;116.447;28,71;;17,38;;5,76;3,41;3,54;48,42
19089018;Solarino;Siracusa;1;7.516;25,12;;25,01;;8,94;4,19;2,03;49,93
19089019;Sortino;Siracusa;1;8.310;14,77;;21,09;;5,51;2,94;;37,08
03014001;Albaredo per San Marco;Sondrio;1;291;5,13;;18,11;;0,96;5,52;8,02;42,15
03014002;Albosaggia;Sondrio;1;3.012;9,48;;10,58;;;3,36;2,54;28,17
03014003;Andalo Valtellino;Sondrio;1;597;9,32;;11,21;;;2,06;2,02;28,62
03014004;Aprica;Sondrio;1;1.503;17,65;;20,98;;1,53;2,49;2,17;38,78
03014005;Ardenno;Sondrio;1;3.209;9,44;;11,62;;0,66;3,29;2,35;30,71
03014006;Bema;Sondrio;1;117;31,52;;9,39;;8,01;11,31;2,08;54,95
03014007;Berbenno di Valtellina;Sondrio;1;4.046;8,38;;11,67;;0,04;1,80;4,87;29,81
03014008;Bianzone;Sondrio;1;1.263;11,39;;13,27;;1,30;3,31;2,13;31,82
03014009;Bormio;Sondrio;1;3.991;12,98;;19,65;;4,88;1,67;0,79;51,55
03014010;Buglio in Monte;Sondrio;1;1.946;7,16;;8,56;;;4,01;0,34;24,31
03014012;Campodolcino;Sondrio;1;927;21,43;;13,68;;1,84;9,16;;40,36
03014014;Castello dell'Acqua;Sondrio;1;614;17,45;;2,91;;2,55;14,04;1,90;38,62
03014015;Castione Andevenno;Sondrio;1;1.528;9,92;;10,95;;0,91;4,04;1,98;29,56
03014016;Cedrasco;Sondrio;1;422;6,88;;5,90;;1,97;3,28;1,90;18,29
03014017;Cercino;Sondrio;1;776;21,64;;5,41;;;2,01;0,40;25,90
03014018;Chiavenna;Sondrio;1;7.161;13,14;;6,46;;3,51;2,20;2,21;31,11
03014019;Chiesa in Valmalenco - Dato aggregazione Unione dei Comuni Lombarda della Valmalenco;Sondrio;3;4.926;19,31;;12,16;;2,05;4,85;1,57;33,91
03014020;Chiuro;Sondrio;1;2.406;10,25;;10,57;;0,94;2,14;3,61;27,94
03014021;Cino;Sondrio;1;331;22,19;;8,10;;;4,27;;32,22
03014022;Civo;Sondrio;1;1.111;26,50;;49,96;;0,07;5,86;2,32;61,19
03014023;Colorina;Sondrio;1;1.376;11,53;;16,36;;0,21;1,93;1,86;29,34
03014024;Cosio Valtellino;Sondrio;1;5.445;7,86;;8,39;;1,82;2,79;2,88;28,70
03014025;Dazio;Sondrio;1;482;20,99;;28,11;;1,48;3,14;2,44;53,87
03014026;Delebio;Sondrio;1;3.310;10,21;;12,32;;0,57;1,81;2,07;28,43
03014027;Dubino;Sondrio;1;3.723;8,23;;4,49;;;1,50;2,09;22,22
03014028;Faedo Valtellino;Sondrio;1;503;24,55;;12,68;;;11,47;;40,54
03014029;Forcola;Sondrio;1;762;19,35;;18,21;;0,44;3,63;2,10;37,27
03014030;Fusine;Sondrio;1;552;4,36;;6,90;;1,34;2,71;;21,24
03014031;Gerola Alta;Sondrio;1;161;28,35;;16,58;;1,29;5,25;2,06;43,47
03014032;Gordona;Sondrio;1;1.925;2,48;;11,86;;2,87;2,53;3,10;25,59
03014033;Grosio;Sondrio;1;4.356;9,98;;9,89;;0,51;0,44;1,02;36,40
03014034;Grosotto;Sondrio;1;1.642;10,52;;7,98;;3,08;2,06;2,64;37,75
03014037;Livigno;Sondrio;1;6.904;35,12;;17,62;;0,24;1,79;9,12;69,95
03014038;Lovero;Sondrio;1;625;12,03;;4,18;;2,51;0,83;1,38;23,36
03014039;Mantello;Sondrio;1;754;12,00;;10,28;;0,06;1,32;1,97;26,40
03014040;Mazzo di Valtellina;Sondrio;1;1.024;11,69;;10,97;;2,11;2,58;;27,70
03014041;Mello;Sondrio;1;928;11,33;;14,17;;1,10;2,81;2,41;31,60
03014043;Mese;Sondrio;1;1.798;8,36;;4,96;;0,11;3,35;1,65;21,52
03014045;Morbegno;Sondrio;1;12.206;7,77;;9,58;;0,42;1,33;2,24;24,80
03014046;Novate Mezzola;Sondrio;1;1.881;15,61;;12,82;;1,14;2,65;2,20;35,40
03014047;Pedesina;Sondrio;1;35;43,44;;34,98;;;30,01;1,81;82,05
03014048;Piantedo;Sondrio;1;1.412;10,80;;11,97;;0,42;2,28;2,65;33,11
03014049;Piateda;Sondrio;1;2.066;13,06;;5,76;;0,06;2,04;3,02;25,42
03014050;Piuro;Sondrio;1;1.873;35,20;;14,36;;0,50;1,44;2,51;37,35
03014052;Ponte in Valtellina;Sondrio;1;2.250;9,59;;14,80;;0,10;1,03;1,89;26,94
03014055;Rasura;Sondrio;1;291;38,10;;17,04;;4,45;16,01;2,27;63,98
03014056;Rogolo;Sondrio;1;561;11,96;;15,17;;1,31;6,89;2,32;32,49
03014057;Samolaco;Sondrio;1;2.860;11,02;;13,54;;3,10;7,06;1,95;36,34
03014058;San Giacomo Filippo;Sondrio;1;369;21,27;;21,06;;1,77;3,44;1,75;39,15
03014059;Sernio;Sondrio;1;476;14,22;;9,29;;2,09;2,13;2,23;32,07
03014060;Sondalo;Sondrio;1;3.897;13,92;;10,70;;3,86;1,96;2,61;34,68
03014061;Sondrio;Sondrio;1;21.180;22,76;;17,58;;0,65;1,24;2,61;36,98
03014063;Talamona;Sondrio;1;4.620;7,36;;4,18;;0,77;;0,46;18,92
03014064;Tartano;Sondrio;1;196;19,53;;58,55;;3,58;5,82;2,18;59,69
03014066;Tirano;Sondrio;1;8.788;12,14;;14,07;;1,12;1,27;2,68;34,77
03014067;Torre di Santa Maria - Dato aggregazione Unione comuni Spriana-Torre di Santa Maria;Sondrio;2;823;21,49;;13,60;;0,02;;;24,59
03014068;Tovo di Sant'Agata;Sondrio;1;626;14,09;;5,18;;4,98;2,49;2,93;32,42
03014069;Traona;Sondrio;1;2.815;10,88;;14,53;;3,14;4,20;1,99;34,10
03014070;Tresivio;Sondrio;1;1.994;11,00;;17,34;;1,33;2,21;1,97;31,91
03014074;Val Masino;Sondrio;1;839;21,23;;18,18;;0,91;3,83;;35,83
03014071;Valdidentro;Sondrio;1;4.129;16,18;;13,93;;0,37;;0,81;27,59
03014072;Valdisotto;Sondrio;1;3.595;24,93;;16,70;;0,49;0,74;;32,18
03014073;Valfurva;Sondrio;1;2.508;34,11;;20,92;;2,89;2,37;3,10;50,69
03014075;Verceia;Sondrio;1;1.059;15,04;;13,90;;0,91;6,04;5,45;48,57
03014076;Vervio;Sondrio;1;202;24,85;;13,50;;0,99;1,78;1,85;35,61
03014077;Villa di Chiavenna;Sondrio;1;968;15,28;;10,71;;0,44;1,35;3,12;33,49
03014078;Villa di Tirano;Sondrio;1;2.973;10,74;;10,66;;0,86;1,69;1,93;31,43
20111007;Burcei;Sud Sardegna [fino 2024];1;2.646;26,43;;40,03;;3,85;7,57;5,20;61,94
20111008;Calasetta;Sud Sardegna [fino 2024];1;2.773;10,14;;17,67;;4,52;9,51;3,05;40,94
20111009;Carbonia;Sud Sardegna [fino 2024];1;26.390;10,42;;17,59;;6,55;2,87;8,07;41,13
20111010;Carloforte;Sud Sardegna [fino 2024];1;5.953;18,32;;25,46;;7,92;5,71;3,16;47,09
20111011;Castiadas;Sud Sardegna [fino 2024];1;1.651;53,48;;14,11;;;2,34;;26,21
20111013;Decimoputzu;Sud Sardegna [fino 2024];1;4.164;10,16;;7,85;;0,73;3,35;6,97;25,60
20111014;Dolianova - Dato aggregazione UNIONE DEI COMUNI DEL PARTEOLLA E BASSO CAMPIDANO;Sud Sardegna [fino 2024];6;23.795;8,60;;13,31;;1,33;2,24;0,22;24,04
20111016;Domusnovas;Sud Sardegna [fino 2024];1;5.886;19,50;;16,71;;;4,44;;31,77
20111025;Gergei;Sud Sardegna [fino 2024];1;1.129;14,62;;6,95;;;2,34;;11,10
20111028;Giba;Sud Sardegna [fino 2024];1;1.889;16,66;;14,62;;0,96;2,04;0,27;32,37
20111031;Gonnosfanadiga;Sud Sardegna [fino 2024];1;6.185;17,07;;13,63;;1,94;3,77;3,58;31,59
20111033;Guasila - Dato aggregazione UNIONE DEI COMUNI DELLA TREXENTA;Sud Sardegna [fino 2024];7;9.464;24,34;;21,96;;;4,25;1,53;34,35
20111034;Guspini;Sud Sardegna [fino 2024];1;11.060;11,93;;19,99;;7,31;3,87;3,01;39,12
20111035;Iglesias;Sud Sardegna [fino 2024];1;25.288;10,87;;17,88;;8,00;3,94;3,57;41,80
20111036;Isili - Dato aggregazione COMUNITA' MONTANA DEL SARCIDANO BARBAGIA DI SEULO;Sud Sardegna [fino 2024];15;18.673;34,44;;33,11;;;5,88;2,39;48,34
20111039;Mandas;Sud Sardegna [fino 2024];1;2.009;67,16;;3,46;;;5,16;2,00;29,25
20111040;Masainas;Sud Sardegna [fino 2024];1;1.217;12,39;;24,17;;1,82;;;31,36
20111042;Muravera;Sud Sardegna [fino 2024];1;5.131;48,55;;18,13;;3,54;4,31;6,96;47,10
20111049;Nuxis;Sud Sardegna [fino 2024];1;1.434;12,19;;25,22;;1,83;5,35;;38,70
20111052;Pabillonis;Sud Sardegna [fino 2024];1;2.510;10,37;;12,43;;1,81;9,32;1,69;33,71
20111054;Perdaxius;Sud Sardegna [fino 2024];1;1.310;18,21;;14,93;;0,68;5,99;;28,86
20111056;Piscinas;Sud Sardegna [fino 2024];1;816;20,97;;19,40;;2,73;3,79;0,62;35,98
20111057;Portoscuso;Sud Sardegna [fino 2024];1;4.859;15,41;;16,85;;4,43;4,71;2,74;34,11
20111059;Samassi;Sud Sardegna [fino 2024];1;4.817;12,80;;12,70;;;6,03;0,74;26,67
20111062;San Gavino Monreale;Sud Sardegna [fino 2024];1;8.119;8,36;;7,34;;1,50;4,51;0,96;30,96
20111063;San Giovanni Suergiu;Sud Sardegna [fino 2024];1;5.673;16,12;;19,53;;6,24;2,55;0,98;31,86
20111064;San Nicolo Gerrei - Dato aggregazione UNIONE DEI COMUNI DEL GERREI;Sud Sardegna [fino 2024];8;7.215;18,72;;36,40;;;0,99;;39,65
20111065;San Sperate;Sud Sardegna [fino 2024];1;8.352;20,99;;15,52;;2,24;4,55;2,01;31,58
20111066;San Vito;Sud Sardegna [fino 2024];1;3.436;51,93;;12,02;;;9,99;0,97;40,10
20111068;Santadi;Sud Sardegna [fino 2024];1;3.156;11,53;;25,81;;3,15;2,19;2,45;37,37
20111070;Sant'Anna Arresi;Sud Sardegna [fino 2024];1;2.628;9,12;;21,89;;2,79;14,76;4,33;47,58
20111071;Sant'Antioco;Sud Sardegna [fino 2024];1;10.670;13,53;;13,40;;6,98;4,45;1,07;32,71
20111072;Sardara;Sud Sardegna [fino 2024];1;3.824;16,61;;7,35;;1,08;8,32;0,84;33,60
20111077;Serramanna;Sud Sardegna [fino 2024];1;8.614;11,60;;10,55;;3,53;4,55;6,51;37,39
20111078;Serrenti;Sud Sardegna [fino 2024];1;4.557;12,82;;16,60;;;4,22;2,62;30,86
20111084;Siliqua;Sud Sardegna [fino 2024];1;3.586;11,17;;17,50;;0,29;3,01;0,54;33,23
20111089;Teulada;Sud Sardegna [fino 2024];1;3.293;20,12;;23,53;;5,24;6,42;5,19;57,16
20111090;Tratalias;Sud Sardegna [fino 2024];1;993;34,18;;28,45;;0,28;5,61;1,01;46,08
20111096;Villacidro;Sud Sardegna [fino 2024];1;13.216;13,25;;20,90;;4,79;3,62;5,78;40,85
20111097;Villamar - Dato aggregazione UNIONE COMUNI MARMILLA;Sud Sardegna [fino 2024];18;23.392;12,40;;15,19;;0,40;3,21;1,83;31,64
20111102;Villaperuccio;Sud Sardegna [fino 2024];1;1.007;41,25;;13,78;;0,74;1,17;1,62;30,88
20111103;Villaputzu;Sud Sardegna [fino 2024];1;4.473;33,61;;28,71;;6,71;5,17;0,97;52,17
20111105;Villasimius;Sud Sardegna [fino 2024];1;3.685;14,52;;26,47;;6,04;5,64;11,69;63,78
20111106;Villasor - Dato aggregazione CONSORZIO INTERCOMUNALE DI SALVAGUARDIA AMBIENTALE;Sud Sardegna [fino 2024];4;14.858;10,26;;18,91;;3,66;2,47;2,22;33,72
20111107;Villaspeciosa;Sud Sardegna [fino 2024];1;2.519;17,72;;20,85;;1,59;0,50;3,28;32,27
16073001;Avetrana;Taranto;1;6.278;25,24;;14,13;;2,41;6,85;5,35;41,54
16073002;Carosino;Taranto;1;6.603;9,85;;15,09;;1,29;3,85;4,52;34,21
16073003;Castellaneta;Taranto;1;16.365;24,06;;17,25;;6,86;3,94;0,90;41,64
16073004;Crispiano;Taranto;1;13.211;13,28;;20,44;;4,70;6,00;2,83;41,63
16073007;Ginosa;Taranto;1;21.829;29,02;;10,29;;4,05;3,32;0,72;31,99
16073008;Grottaglie;Taranto;1;30.781;;;;;;0,81;5,98;19,71
16073009;Laterza;Taranto;1;14.865;4,17;;11,07;;2,94;13,80;6,61;38,40
16073011;Lizzano;Taranto;1;9.575;6,48;;20,89;;5,07;3,02;3,63;38,87
16073013;Martina Franca;Taranto;1;47.070;12,51;;11,96;;6,11;4,21;12,72;40,44
16073014;Maruggio;Taranto;1;5.245;27,14;;16,53;;0,07;0,40;;30,76
16073015;Massafra;Taranto;1;32.032;15,08;;11,74;;2,02;3,30;2,09;31,80
16073016;Monteiasi;Taranto;1;5.370;83,30;;;;1,33;1,98;8,70;39,80
16073017;Montemesola;Taranto;1;3.587;22,25;;14,95;;5,44;7,14;3,50;42,89
16073020;Palagianello;Taranto;1;7.642;;;;;;2,19;4,19;15,47
16073021;Palagiano;Taranto;1;15.736;8,94;;14,71;;1,48;3,47;4,46;34,57
16073024;San Giorgio Ionico;Taranto;1;14.310;5,13;;15,25;;7,42;0,71;0,27;21,17
16073026;Sava;Taranto;1;15.337;5,61;;15,46;;3,95;5,37;4,93;41,52
16073029;Statte;Taranto;1;13.015;12,20;;16,11;;8,83;2,92;3,32;39,23
16073027;Taranto;Taranto;1;189.171;8,25;;32,61;;5,44;6,00;0,87;26,64
16073028;Torricella;Taranto;1;4.139;67,97;;;;3,64;1,36;;44,14
13067004;Atri;Teramo;1;10.071;16,57;;22,78;;5,73;17,92;;66,27
13067005;Basciano;Teramo;1;2.336;9,97;;24,18;;1,84;3,14;1,40;39,92
13067006;Bellante;Teramo;1;6.837;18,27;;17,21;;1,99;4,22;4,12;36,90
13067008;Campli;Teramo;1;6.569;16,95;;26,95;;5,25;7,59;1,46;48,25
13067010;Castel Castagna;Teramo;1;448;14,70;;17,46;;6,40;12,79;0,38;35,30
13067011;Castellalto;Teramo;1;7.331;7,84;;10,58;;1,42;4,29;9,23;36,95
13067012;Castelli;Teramo;1;982;14,59;;57,77;;1,00;4,56;;51,55
13067013;Castiglione Messer Raimondo - Dato aggregazione CONSORZIO PIOMBAFINO;Teramo;4;5.849;8,87;;25,56;;1,34;5,66;5,73;42,79
13067016;Cermignano;Teramo;1;1.448;9,88;;33,67;;1,04;;4,15;41,24
13067018;Colledara;Teramo;1;2.091;8,74;;25,91;;;8,49;;37,98
13067022;Cortino;Teramo;1;600;25,39;;51,68;;;6,46;;56,97
13067023;Crognaleto;Teramo;1;1.131;31,77;;83,35;;;;4,03;72,26
13067024;Fano Adriano;Teramo;1;257;30,34;;;;;10,21;2,73;31,60
13067025;Giulianova;Teramo;1;23.423;14,23;;17,46;;5,85;4,32;2,17;39,57
13067026;Isola del Gran Sasso d'Italia;Teramo;1;4.426;9,74;;;;2,27;6,48;2,16;18,22
13067029;Morro d'Oro;Teramo;1;3.554;5,56;;11,46;;2,37;4,30;4,29;30,40
13067030;Mosciano Sant'Angelo;Teramo;1;9.123;13,97;;23,11;;4,78;5,51;7,15;52,32
13067032;Notaresco;Teramo;1;6.326;9,40;;21,30;;2,57;14,90;0,90;44,71
13067033;Penna Sant'Andrea;Teramo;1;1.638;9,60;;25,77;;1,64;3,66;;31,99
13067034;Pietracamela;Teramo;1;220;226,71;;;;16,02;0,74;;103,19
13067035;Pineto;Teramo;1;14.470;27,78;;13,39;;17,36;4,80;0,01;48,18
13067037;Roseto degli Abruzzi;Teramo;1;25.511;10,96;;20,00;;9,17;8,49;14,05;69,82
13067039;Sant'Omero - Dato aggregazione UNIONE DI COMUNI CITTA TERRITORIO VAL VIBRATA;Teramo;12;79.976;7,81;;10,60;;2,66;5,84;3,73;34,08
13067040;Silvi;Teramo;1;15.309;4,51;;2,05;;0,38;23,90;;37,01
13067041;Teramo;Teramo;1;51.891;15,00;;27,90;;3,54;7,63;3,73;49,02
13067043;Torricella Sicura;Teramo;1;2.446;14,85;;41,37;;3,95;1,27;;42,90
10055002;Allerona;Terni;1;1.673;12,43;;25,06;;10,02;6,93;2,76;49,42
10055003;Alviano;Terni;1;1.396;19,41;;27,97;;6,88;7,85;4,92;56,96
10055005;Arrone;Terni;1;2.550;11,60;;14,81;;4,70;6,12;4,57;36,96
10055008;Calvi dell'Umbria;Terni;1;1.703;27,01;;21,21;;8,90;8,31;4,50;50,24
10055009;Castel Giorgio;Terni;1;2.023;11,14;;27,54;;4,64;8,55;3,85;48,24
10055010;Castel Viscardo;Terni;1;2.725;14,71;;20,66;;5,67;9,61;3,33;43,28
10055011;Fabro;Terni;1;2.630;9,12;;26,20;;2,20;1,33;2,55;37,32
10055013;Ficulle;Terni;1;1.566;33,22;;32,03;;10,89;9,03;;62,80
10055016;Lugnano in Teverina;Terni;1;1.426;21,34;;35,90;;4,94;7,67;10,13;66,92
10055018;Montecchio;Terni;1;1.558;18,36;;31,99;;5,01;5,70;5,61;52,29
10055019;Montefranco;Terni;1;1.239;7,46;;14,12;;5,80;5,58;8,72;37,83
10055021;Monteleone d'Orvieto;Terni;1;1.365;17,91;;30,86;;5,89;6,15;7,79;62,16
10055022;Narni;Terni;1;18.193;10,80;;20,23;;4,38;7,37;4,24;42,82
10055023;Orvieto;Terni;1;19.788;10,97;;21,15;;3,02;9,29;;39,26
10055024;Otricoli;Terni;1;1.715;20,98;;19,21;;6,61;7,21;3,76;41,51
10055028;Porano;Terni;1;1.894;14,98;;23,36;;4,47;6,74;7,74;49,79
10055030;San Venanzo;Terni;1;2.175;15,61;;21,48;;2,95;7,30;5,92;43,92
10055032;Terni;Terni;1;107.314;7,18;;16,20;;3,06;11,16;2,62;38,49
01001058;Carignano - Dato aggregazione CONSORZIO DI AREA VASTA COVAR14;Torino;19;254.110;6,42;;13,34;;2,76;5,30;8,28;34,52
01001078;Chieri - Dato aggregazione CONSORZIO CHIERESE PER I SERVIZI;Torino;19;122.112;7,95;;11,36;;3,48;8,44;2,40;30,43
01001086;Cirie - Dato aggregazione CONSORZIO INTERCOMUNALE DI SERVIZI PER L'AMBIENTE;Torino;38;96.412;10,16;;14,25;;1,42;5,26;0,03;24,85
01001125;Ivrea - Dato aggregazione SOCIETA CANAVESANA SERVIZI SPA;Torino;57;104.513;15,69;;13,59;;1,89;6,56;3,14;32,16
01001191;Pinerolo - Dato aggregazione CONSORZIO ACEA PINEROLESE;Torino;47;141.945;5,89;;11,03;;2,60;7,41;5,77;34,32
01001219;Rivoli - Dato aggregazione CONSORZIO AMBIENTE DORA SANGONE;Torino;54;334.903;13,30;;15,66;;4,26;3,49;4,26;34,12
01001272;Torino;Torino;1;848.885;11,73;;17,83;;6,36;9,30;8,32;52,05
19081001;Alcamo;Trapani;1;44.599;25,65;;9,79;;3,82;5,23;11,21;53,66
19081002;Buseto Palizzolo;Trapani;1;2.802;49,35;;35,50;;1,81;5,72;6,30;60,75
19081003;Calatafimi-Segesta;Trapani;1;6.196;26,13;;32,09;;2,66;11,33;0,68;56,18
19081004;Campobello di Mazara;Trapani;1;11.413;15,45;;31,51;;6,58;9,22;3,38;58,80
19081005;Castellammare del Golfo;Trapani;1;14.474;19,03;;18,04;;8,94;2,44;4,12;51,77
19081006;Castelvetrano;Trapani;1;29.398;34,65;;14,96;;3,70;7,78;3,16;46,37
19081007;Custonaci;Trapani;1;5.258;19,02;;18,78;;0,72;3,76;8,64;47,66
19081009;Favignana;Trapani;1;4.448;15,67;;32,53;;7,84;6,87;6,62;59,30
19081010;Gibellina;Trapani;1;3.767;15,62;;17,49;;4,20;8,02;6,92;52,71
19081011;Marsala;Trapani;1;80.071;18,81;;20,20;;4,52;5,69;3,50;45,86
19081012;Mazara del Vallo;Trapani;1;50.129;12,31;;19,31;;5,70;4,21;2,40;42,12
19081013;Paceco;Trapani;1;10.824;12,47;;24,26;;4,97;6,50;2,46;48,81
19081014;Pantelleria;Trapani;1;7.335;7,23;;33,59;;2,91;2,63;2,90;46,32
19081015;Partanna;Trapani;1;9.892;17,71;;24,29;;0,26;3,71;;44,05
19081024;Petrosino;Trapani;1;7.924;38,98;;22,65;;3,01;4,09;2,66;50,15
19081016;Poggioreale;Trapani;1;1.349;20,00;;26,07;;1,60;2,45;2,36;44,72
19081017;Salaparuta;Trapani;1;1.584;24,44;;38,52;;1,55;2,34;1,55;58,95
19081018;Salemi;Trapani;1;9.989;15,49;;22,16;;2,65;7,61;1,51;46,41
19081020;San Vito Lo Capo;Trapani;1;4.801;13,19;;30,78;;5,74;5,81;1,90;51,73
19081019;Santa Ninfa;Trapani;1;4.829;22,26;;21,97;;1,30;6,97;;43,79
19081021;Trapani;Trapani;1;64.486;16,25;;21,39;;3,69;7,41;14,82;58,37
19081022;Valderice;Trapani;1;11.524;11,31;;24,07;;3,99;7,15;1,35;46,37
19081023;Vita;Trapani;1;1.799;16,54;;24,09;;0,94;5,53;;44,15
04022001;Ala;Trento;1;8.775;9,12;;15,11;;1,72;2,17;1,80;26,12
04022007;Avio;Trento;1;4.104;10,71;;11,89;;1,80;1,89;2,00;24,08
04022013;Besenello;Trento;1;2.749;10,26;;14,41;;1,72;3,50;0,28;25,93
04022022;Borgo Valsugana - Dato aggregazione COMUNITA' VALSUGANA E TESINO;Trento;19;27.283;8,78;;20,78;;2,48;3,61;0,80;28,04
04022025;Brentonico;Trento;1;4.046;12,14;;15,21;;1,07;3,76;0,63;28,05
04022035;Calliano;Trento;1;2.018;15,21;;12,97;;1,54;3,74;2,75;29,90
04022036;Campitello di Fassa;Trento;1;706;9,53;;6,82;;4,93;3,88;4,49;26,71
04022039;Canazei;Trento;1;2.006;10,62;;8,80;;5,06;3,67;1,76;28,68
04022050;Cavalese - Dato aggregazione FIEMME SERVIZI SPA;Trento;9;20.097;12,08;;7,29;;2,28;10,91;2,43;29,34
04022062;Cles - Dato aggregazione COMUNITA' DELLA VAL DI NON;Trento;24;40.311;14,20;;6,43;;3,61;8,20;1,38;27,26
04022087;Folgaria;Trento;1;3.167;11,48;;15,75;;2,15;4,24;1,85;32,43
04022098;Isera;Trento;1;2.771;14,36;;3,24;;;6,91;2,11;24,80
04022102;Lavarone;Trento;1;1.192;5,34;;16,32;;1,53;3,40;1,37;23,90
04022103;Lavis - Dato aggregazione ASIA - AZIENDA SPECIALE PER L'IGIENE AMBIENTALE;Trento;24;62.415;8,48;;9,05;;2,54;7,62;3,86;28,40
04022110;Male - Dato aggregazione COMUNITA' MONTANA DELLA VALLE DI SOLE;Trento;13;15.529;20,05;;8,73;;2,86;7,20;6,05;36,92
04022113;Mazzin;Trento;1;590;17,13;;8,73;;;15,34;9,79;54,44
04022123;Mori;Trento;1;10.045;11,99;;14,06;;;3,11;0,55;24,46
04022127;Nogaredo;Trento;1;2.049;10,12;;13,09;;;3,74;;22,74
04022128;Nomi;Trento;1;1.300;11,04;;16,66;;;4,78;0,03;28,50
04022139;Pergine Valsugana - Dato aggregazione AMNU S.P.A.;Trento;15;55.353;6,65;;6,08;;2,70;6,74;2,76;24,52
04022144;Pomarolo;Trento;1;2.448;12,42;;13,77;;;3,23;0,43;23,83
04022245;Primiero San Martino Di Castrozza - Dato aggregazione COMUNITA' DI PRIMIERO;Trento;5;9.483;6,34;;10,98;;;;;16,19
04022153;Riva del Garda - Dato aggregazione COMUNITA' ALTO GARDA E LEDRO;Trento;7;51.117;9,30;;13,54;;1,92;1,09;0,32;21,36
04022135;Ronzo-Chienis;Trento;1;992;12,39;;15,11;;;4,11;0,91;28,48
04022161;Rovereto;Trento;1;39.819;14,92;;13,11;;2,81;6,42;4,12;34,83
04022250;Sen Jan di Fassa-San Giovanni di Fassa;Trento;1;3.677;15,06;;12,04;;4,13;2,16;4,42;31,63
04022176;Soraga;Trento;1;693;14,20;;9,00;;5,01;4,55;3,69;32,22
04022193;Terragnolo;Trento;1;703;8,36;;15,38;;;5,19;0,23;26,53
04022199;Tione di Trento - Dato aggregazione COMUNITA DELLE GIUDICARIE;Trento;25;36.855;8,83;;18,07;;2,77;3,34;1,03;31,22
04022203;Trambileno;Trento;1;1.455;5,88;;15,03;;;3,13;0,03;20,40
04022205;Trento;Trento;1;118.509;23,44;;16,11;;2,96;6,54;4,63;38,67
04022210;Vallarsa;Trento;1;1.351;8,47;;14,68;;;6,57;0,28;26,78
04022222;Villa Lagarina;Trento;1;3.873;15,01;;12,17;;;5,43;0,16;26,13
04022224;Volano;Trento;1;3.061;11,48;;13,76;;;3,93;0,83;25,33
05026021;Conegliano - Dato aggregazione Consiglio di Bacino Sinistra Piave;Treviso;44;297.374;29,77;;3,30;;1,21;13,09;3,06;29,56
05026043;Mogliano Veneto;Treviso;1;27.592;18,33;;9,65;;1,95;3,49;5,80;30,52
05026091;Villorba - Dato aggregazione Consiglio di Bacino Priula;Treviso;49;551.789;13,94;;13,12;;2,73;5,88;6,03;34,39
06032001;Duino-Aurisina;Trieste;1;8.456;11,07;;14,18;;1,34;2,64;1,59;28,02
06032002;Monrupino;Trieste;1;859;16,30;;16,33;;0,19;2,58;1,83;35,27
06032003;Muggia;Trieste;1;12.925;11,31;;14,61;;2,90;4,32;2,75;31,37
06032004;San Dorligo della Valle-Dolina;Trieste;1;5.786;8,78;;22,88;;0,10;9,62;0,49;39,56
06032005;Sgonico;Trieste;1;2.003;11,75;;14,68;;1,36;3,92;2,08;32,45
06032006;Trieste;Trieste;1;200.594;9,78;;15,29;;6,80;8,18;3,73;40,89
06030002;Amaro;Udine;1;840;12,48;;20,50;;3,09;4,42;;40,16
06030003;Ampezzo;Udine;1;920;9,93;;22,50;;2,44;5,51;0,94;42,89
06030004;Aquileia;Udine;1;3.147;3,63;;9,33;;0,56;3,06;2,48;21,55
06030005;Arta Terme;Udine;1;2.039;13,74;;18,46;;2,93;6,82;0,17;42,25
06030006;Artegna;Udine;1;2.869;8,45;;17,82;;0,86;7,96;;31,01
06030007;Attimis;Udine;1;1.667;12,32;;11,90;;;4,35;4,41;28,32
06030008;Bagnaria Arsa;Udine;1;3.449;4,26;;8,16;;0,30;2,46;1,47;19,17
06030009;Basiliano;Udine;1;5.213;10,77;;16,19;;1,21;6,37;0,84;29,20
06030010;Bertiolo;Udine;1;2.369;8,46;;17,70;;0,77;6,80;;28,19
06030011;Bicinicco;Udine;1;1.811;5,75;;7,22;;1,04;2,57;3,90;26,21
06030012;Bordano;Udine;1;704;8,10;;16,76;;;6,80;0,35;26,88
06030013;Buja;Udine;1;6.320;10,17;;5,70;;0,80;5,32;3,17;22,55
06030014;Buttrio;Udine;1;3.876;14,01;;16,72;;0,68;9,70;3,92;48,12
06030015;Camino al Tagliamento;Udine;1;1.542;8,41;;21,19;;0,29;3,95;0,81;29,76
06030016;Campoformido;Udine;1;7.835;11,89;;19,04;;0,42;8,99;0,96;32,20
06030138;Campolongo Tapogliano;Udine;1;1.118;4,44;;6,71;;;5,11;1,56;19,76
06030018;Carlino;Udine;1;2.691;5,16;;8,58;;0,19;5,09;2,15;23,64
06030019;Cassacco;Udine;1;2.809;9,38;;5,97;;0,22;2,68;3,18;18,76
06030020;Castions di Strada;Udine;1;3.695;4,93;;7,49;;0,17;4,42;2,34;22,37
06030021;Cavazzo Carnico;Udine;1;933;13,38;;17,91;;1,13;4,47;;35,75
06030022;Cercivento;Udine;1;650;17,27;;20,46;;0,47;5,76;0,87;40,68
06030023;Cervignano del Friuli;Udine;1;13.557;7,04;;7,50;;2,08;5,40;2,41;28,69
06030024;Chiopris-Viscone;Udine;1;685;3,28;;8,68;;1,32;3,86;6,30;29,68
06030025;Chiusaforte;Udine;1;613;10,99;;25,13;;;24,66;3,16;56,42
06030026;Cividale del Friuli;Udine;1;10.877;4,19;;10,84;;2,49;4,35;4,09;27,95
06030027;Codroipo;Udine;1;15.850;8,94;;18,53;;1,24;4,66;1,91;29,40
06030028;Colloredo di Monte Albano;Udine;1;2.185;10,69;;19,08;;0,51;5,78;;29,63
06030029;Comeglians;Udine;1;438;9,23;;14,49;;3,92;3,87;1,50;34,61
06030031;Coseano;Udine;1;2.048;9,49;;18,19;;0,39;3,84;;25,21
06030032;Dignano;Udine;1;2.272;9,16;;18,10;;0,61;4,76;;26,08
06030033;Dogna;Udine;1;152;4,74;;22,76;;;4,47;;27,35
06030034;Drenchia;Udine;1;97;9,66;;9,80;;;15,82;3,69;40,30
06030035;Enemonzo;Udine;1;1.259;13,92;;19,15;;0,39;4,78;0,76;38,53
06030036;Faedis;Udine;1;2.756;10,04;;11,92;;;5,61;4,87;29,45
06030037;Fagagna;Udine;1;5.998;8,57;;17,93;;0,78;4,04;;25,60
06030190;Fiumicello Villa Vicentina;Udine;1;6.292;4,14;;9,29;;;3,10;1,65;19,70
06030039;Flaibano;Udine;1;1.092;9,07;;21,31;;0,17;10,06;;34,33
06030137;Forgaria nel Friuli;Udine;1;1.703;8,09;;18,22;;2,36;8,91;;32,26
06030040;Forni Avoltri;Udine;1;513;10,82;;19,78;;0,87;5,46;0,88;41,49
06030041;Forni di Sopra;Udine;1;921;6,87;;13,04;;2,27;2,53;0,52;29,14
06030042;Forni di Sotto;Udine;1;548;10,29;;22,72;;1,29;4,89;0,86;41,77
06030043;Gemona del Friuli;Udine;1;10.543;9,79;;19,05;;0,35;11,23;1,33;40,38
06030044;Gonars;Udine;1;4.543;4,85;;6,40;;0,45;3,77;1,68;20,53
06030045;Grimacco;Udine;1;292;9,64;;14,23;;;12,57;2,49;35,26
06030046;Latisana;Udine;1;13.212;7,80;;7,68;;2,23;4,86;1,95;23,88
06030047;Lauco;Udine;1;654;14,51;;23,62;;4,41;6,98;1,08;50,78
06030048;Lestizza;Udine;1;3.654;12,62;;20,50;;0,67;8,34;0,99;33,87
06030051;Lusevera;Udine;1;585;8,19;;20,80;;;2,92;0,68;32,35
06030052;Magnano in Riviera;Udine;1;2.258;7,29;;25,20;;0,88;4,67;;45,44
06030053;Majano;Udine;1;5.818;8,96;;15,13;;1,19;3,58;0,52;23,54
06030054;Malborghetto Valbruna;Udine;1;909;4,81;;18,65;;0,72;9,88;2,54;34,33
06030055;Manzano;Udine;1;6.244;4,62;;7,02;;0,52;4,60;4,95;25,61
06030056;Marano Lagunare;Udine;1;1.753;4,90;;14,13;;1,43;5,14;3,38;32,88
06030057;Martignacco;Udine;1;6.872;9,93;;17,61;;0,59;6,42;0,82;27,81
06030058;Mereto di Tomba;Udine;1;2.524;6,78;;5,82;;0,49;1,07;3,05;18,20
06030059;Moggio Udinese;Udine;1;1.613;6,91;;17,14;;1,96;5,49;;29,92
06030060;Moimacco;Udine;1;1.645;23,14;;22,52;;0,71;5,51;1,12;41,39
06030061;Montenars;Udine;1;480;8,38;;15,34;;;7,29;;29,38
06030062;Mortegliano;Udine;1;4.815;10,18;;18,64;;2,13;5,24;2,28;27,71
06030063;Moruzzo;Udine;1;2.443;10,78;;20,24;;0,36;4,82;;27,54
06030064;Muzzana del Turgnano;Udine;1;2.352;5,04;;7,77;;1,13;4,10;2,67;21,94
06030065;Nimis;Udine;1;2.550;9,04;;22,16;;0,50;3,24;0,17;28,52
06030066;Osoppo;Udine;1;2.842;8,43;;18,85;;;3,92;;25,25
06030067;Ovaro;Udine;1;1.745;12,08;;13,90;;0,53;3,76;0,60;29,96
06030068;Pagnacco;Udine;1;5.107;12,11;;16,19;;0,47;3,26;;24,51
06030069;Palazzolo dello Stella;Udine;1;2.878;4,31;;8,36;;0,36;3,89;3,50;23,60
06030070;Palmanova;Udine;1;5.298;2,92;;7,25;;3,62;4,07;1,91;24,06
06030072;Pasian di Prato;Udine;1;9.245;10,23;;18,20;;1,06;5,55;0,88;27,92
06030073;Paularo;Udine;1;2.355;10,50;;16,35;;3,03;5,08;1,60;36,64
06030074;Pavia di Udine;Udine;1;5.525;8,12;;14,26;;0,68;3,63;1,03;24,32
06030075;Pocenia;Udine;1;2.350;5,67;;7,76;;0,25;3,32;1,97;19,68
06030076;Pontebba;Udine;1;1.324;12,61;;25,31;;1,47;14,02;3,26;49,13
06030077;Porpetto;Udine;1;2.469;4,66;;10,98;;0,84;5,80;3,13;29,50
06030078;Povoletto;Udine;1;5.399;7,39;;6,20;;0,25;5,03;6,73;29,82
06030079;Pozzuolo del Friuli;Udine;1;6.896;12,07;;19,54;;0,17;8,34;0,96;32,52
06030080;Pradamano;Udine;1;3.518;9,43;;21,07;;0,57;5,25;0,85;32,01
06030081;Prato Carnico;Udine;1;846;13,30;;18,15;;0,46;5,06;0,77;37,59
06030082;Precenicco;Udine;1;1.432;3,70;;10,01;;0,48;3,60;2,74;23,01
06030083;Premariacco;Udine;1;3.968;12,46;;17,48;;0,32;7,52;0,92;29,01
06030084;Preone;Udine;1;251;9,11;;16,39;;2,18;3,73;0,68;34,57
06030085;Prepotto;Udine;1;710;6,25;;10,13;;;6,36;5,58;33,50
06030086;Pulfero;Udine;1;854;11,28;;13,20;;;5,21;2,56;31,33
06030087;Ragogna;Udine;1;2.799;9,39;;18,50;;0,82;4,64;0,01;26,43
06030088;Ravascletto;Udine;1;493;11,86;;20,64;;0,52;5,86;0,93;44,33
06030090;Reana del Rojale;Udine;1;4.731;8,10;;16,78;;0,78;4,69;0,42;24,88
06030091;Remanzacco;Udine;1;6.043;8,67;;18,10;;0,28;3,15;2,07;25,94
06030092;Resia;Udine;1;929;13,77;;20,16;;;8,25;4,57;40,57
06030093;Resiutta;Udine;1;259;5,57;;20,07;;;4,30;;26,76
06030094;Rigolato;Udine;1;368;10,72;;15,77;;5,36;4,86;0,84;40,83
06030095;Rive d'Arcano;Udine;1;2.353;11,03;;17,34;;0,20;4,91;;25,27
06030188;Rivignano Teor;Udine;1;6.158;5,10;;12,02;;0,79;2,71;0,65;17,90
06030097;Ronchis;Udine;1;1.930;4,48;;10,64;;1,17;4,07;2,05;23,61
06030098;Ruda;Udine;1;2.778;5,17;;9,73;;0,51;5,85;1,79;24,31
06030099;San Daniele del Friuli;Udine;1;7.901;8,73;;17,79;;1,18;4,92;;26,46
06030100;San Giorgio di Nogaro;Udine;1;7.306;3,73;;8,21;;0,56;3,43;3,26;23,11
06030101;San Giovanni al Natisone;Udine;1;6.095;10,14;;18,01;;1,89;4,64;0,40;29,48
06030102;San Leonardo;Udine;1;1.034;15,04;;8,29;;;4,49;2,95;27,48
06030103;San Pietro al Natisone;Udine;1;2.099;12,11;;12,97;;0,07;4,10;2,51;28,82
06030105;San Vito al Torre;Udine;1;1.198;3,76;;13,02;;0,42;3,13;3,81;25,53
06030106;San Vito di Fagagna;Udine;1;1.668;13,15;;22,81;;;8,22;1,04;34,27
06030104;Santa Maria la Longa;Udine;1;2.303;4,22;;4,68;;0,18;4,13;2,18;19,56
06030189;Sappada;Udine;1;1.300;13,10;;13,34;;;14,87;;39,54
06030107;Sauris;Udine;1;389;5,83;;15,87;;2,20;2,50;0,55;31,11
06030108;Savogna;Udine;1;348;8,29;;16,32;;;6,02;3,23;31,64
06030109;Sedegliano;Udine;1;3.692;9,83;;17,07;;0,42;7,84;0,77;39,55
06030110;Socchieve;Udine;1;858;11,20;;18,63;;1,41;4,34;0,78;37,86
06030111;Stregna;Udine;1;304;12,62;;17,61;;;9,14;3,29;37,35
06030112;Sutrio;Udine;1;1.231;10,92;;12,03;;0,29;2,68;0,37;27,44
06030113;Taipana;Udine;1;562;8,94;;26,02;;0,31;9,25;;39,21
06030114;Talmassons;Udine;1;3.859;4,02;;6,52;;0,36;3,70;2,55;19,16
06030116;Tarcento;Udine;1;8.814;7,27;;8,19;;1,08;5,20;3,63;24,99
06030117;Tarvisio;Udine;1;4.027;11,22;;11,43;;3,83;6,84;4,70;39,33
06030120;Terzo d'Aquileia;Udine;1;2.727;4,38;;7,87;;0,89;5,03;1,79;22,58
06030121;Tolmezzo;Udine;1;9.893;8,09;;13,62;;1,07;3,42;;27,50
06030122;Torreano;Udine;1;2.069;7,36;;12,04;;;2,56;3,10;25,20
06030123;Torviscosa;Udine;1;2.639;4,74;;9,05;;1,23;4,64;2,05;22,81
06030124;Trasaghis;Udine;1;2.085;9,95;;20,41;;0,31;3,91;;27,31
06030126;Treppo Grande;Udine;1;1.689;8,67;;22,42;;0,56;6,66;;32,27
06030191;Treppo Ligosullo;Udine;1;681;16,36;;19,54;;;5,63;;39,51
06030127;Tricesimo;Udine;1;7.584;16,72;;4,26;;0,56;4,10;2,14;20,40
06030128;Trivignano Udinese;Udine;1;1.550;5,70;;5,56;;0,16;3,86;3,11;19,94
06030129;Udine;Udine;1;97.761;5,69;;5,24;;2,02;3,74;6,01;28,50
06030130;Varmo;Udine;1;2.630;12,22;;19,59;;0,35;8,67;0,98;32,69
06030131;Venzone;Udine;1;1.936;10,14;;16,36;;;6,95;0,80;32,21
06030132;Verzegnis;Udine;1;836;12,22;;15,97;;1,87;4,28;;34,60
06030135;Visco;Udine;1;816;4,13;;7,45;;0,13;2,46;1,60;20,53
06030136;Zuglio;Udine;1;551;12,93;;19,87;;1,18;6,13;0,74;39,97
03012002;Albizzate;Varese;1;5.200;7,11;;8,57;;3,70;3,33;0,85;21,20
03012004;Arcisate;Varese;1;9.956;6,75;;5,12;;1,29;5,93;4,90;24,59
03012005;Arsago Seprio;Varese;1;4.780;11,35;;12,20;;2,50;5,87;3,45;34,55
03012006;Azzate;Varese;1;4.610;7,81;;9,30;;1,67;5,07;2,10;23,35
03012008;Barasso;Varese;1;1.615;10,85;;15,51;;1,58;2,98;2,10;30,27
03012010;Bedero Valcuvia;Varese;1;666;5,24;;35,19;;;11,11;1,40;41,53
03012011;Besano;Varese;1;2.508;19,01;;22,42;;1,27;2,43;1,32;33,74
03012012;Besnate;Varese;1;5.483;8,40;;10,22;;0,56;3,39;1,24;21,08
03012013;Besozzo;Varese;1;8.709;15,32;;9,41;;2,79;3,48;1,58;28,32
03012014;Biandronno;Varese;1;3.154;21,34;;9,31;;0,39;2,84;1,26;21,52
03012015;Bisuschio;Varese;1;4.268;16,57;;6,04;;0,95;3,44;1,05;21,47
03012016;Bodio Lomnago;Varese;1;2.234;7,66;;9,18;;4,23;3,66;2,47;24,68
03012017;Brebbia;Varese;1;3.142;13,76;;11,37;;2,75;4,06;1,37;26,60
03012018;Bregano - Dato aggregazione Unione Ovest Lago Varese;Varese;3;3.625;26,16;;13,68;;2,06;4,40;1,56;29,32
03012023;Brunello;Varese;1;933;11,21;;13,64;;6,59;11,24;1,35;40,38
03012024;Brusimpiano;Varese;1;1.165;4,21;;9,26;;8,29;4,91;2,85;28,22
03012025;Buguggiate;Varese;1;3.068;6,51;;7,89;;2,65;5,69;1,69;22,30
03012026;Busto Arsizio;Varese;1;82.981;22,83;;12,38;;5,03;7,23;7,68;43,61
03012027;Cadegliano-Viconago;Varese;1;2.131;6,43;;23,39;;8,71;6,30;1,01;38,36
03012143;Cadrezzate con Osmate;Varese;1;2.649;7,45;;6,91;;0,07;7,59;0,21;26,35
03012029;Cairate;Varese;1;7.720;8,86;;9,63;;1,55;7,93;1,03;26,39
03012030;Cantello;Varese;1;4.751;5,90;;4,73;;1,27;4,30;1,93;19,12
03012032;Cardano al Campo;Varese;1;14.739;12,02;;;;1,79;5,87;3,62;32,27
03012033;Carnago;Varese;1;6.579;6,44;;7,82;;0,83;3,28;1,21;17,48
03012034;Caronno Pertusella;Varese;1;18.078;6,49;;7,40;;5,46;3,87;4,06;27,70
03012035;Caronno Varesino;Varese;1;4.772;8,25;;8,98;;;5,36;0,69;22,16
03012036;Casale Litta;Varese;1;2.743;7,61;;9,26;;3,62;3,69;1,30;23,00
03012038;Casciago;Varese;1;3.610;8,88;;8,09;;3,26;12,44;6,18;36,72
03012039;Casorate Sempione;Varese;1;5.663;6,95;;7,28;;0,11;1,83;1,62;19,31
03012040;Cassano Magnago;Varese;1;21.360;11,64;;12,63;;1,71;4,19;0,92;27,92
03012042;Castellanza;Varese;1;14.149;5,34;;12,94;;7,18;6,56;1,18;29,17
03012046;Castiglione Olona;Varese;1;7.555;7,15;;7,39;;3,35;4,01;1,34;20,30
03012047;Castronno;Varese;1;5.031;8,67;;8,67;;3,19;3,32;1,19;21,88
03012048;Cavaria con Premezzo;Varese;1;5.614;6,68;;8,00;;2,51;2,94;1,22;19,15
03012049;Cazzago Brabbia;Varese;1;807;8,78;;10,53;;6,73;6,11;1,55;30,82
03012050;Cislago;Varese;1;10.382;5,17;;7,90;;3,10;4,11;4,11;25,27
03012052;Clivio;Varese;1;1.928;14,44;;12,91;;1,41;12,63;6,62;40,17
03012053;Cocquio-Trevisago;Varese;1;4.616;13,76;;11,46;;0,74;3,39;1,35;21,80
03012054;Comabbio;Varese;1;1.223;7,41;;11,33;;5,60;5,56;2,20;30,66
03012055;Comerio;Varese;1;2.833;4,56;;8,74;;0,60;9,63;3,01;23,79
03012056;Cremenaga;Varese;1;765;10,60;;12,98;;4,87;7,17;0,91;32,91
03012057;Crosio della Valle;Varese;1;601;8,69;;10,21;;5,39;6,88;1,60;29,87
03012058;Cuasso al Monte;Varese;1;3.567;4,99;;12,51;;1,17;5,84;1,08;24,17
03012059;Cugliate-Fabiasco;Varese;1;3.059;9,54;;10,29;;0,17;5,77;2,71;25,16
03012060;Cunardo;Varese;1;2.887;9,51;;10,39;;0,24;8,87;2,26;28,53
03012064;Daverio;Varese;1;3.084;9,57;;9,26;;0,61;4,15;0,90;20,50
03012067;Fagnano Olona;Varese;1;12.432;15,61;;8,83;;0,62;10,88;1,63;35,12
03012068;Ferno;Varese;1;6.752;4,53;;8,85;;1,38;0,25;0,38;12,25
03012070;Gallarate;Varese;1;52.826;9,19;;10,92;;3,61;5,23;2,40;27,86
03012071;Galliate Lombardo;Varese;1;990;8,32;;10,13;;3,20;6,97;3,55;29,46
03012072;Gavirate;Varese;1;9.101;8,59;;6,63;;2,90;3,96;3,46;23,36
03012073;Gazzada Schianno;Varese;1;4.560;8,38;;10,19;;4,42;5,10;5,45;30,83
03012074;Gemonio;Varese;1;2.849;14,94;;10,65;;2,73;3,96;1,39;24,29
03012075;Gerenzano;Varese;1;10.753;5,38;;7,66;;0,65;3,16;3,22;21,56
03012077;Golasecca;Varese;1;2.637;10,97;;9,65;;0,10;6,89;0,89;23,74
03012078;Gorla Maggiore;Varese;1;4.877;7,25;;9,67;;3,49;3,36;0,34;18,97
03012079;Gorla Minore;Varese;1;8.083;5,39;;6,68;;3,28;3,61;2,05;21,03
03012080;Gornate Olona;Varese;1;2.175;8,99;;9,68;;2,57;1,94;1,19;21,49
03012082;Inarzo;Varese;1;1.054;6,78;;8,16;;2,80;3,06;1,34;19,91
03012083;Induno Olona;Varese;1;10.258;5,26;;7,65;;2,73;4,91;3,22;20,96
03012084;Ispra;Varese;1;5.223;15,60;;10,81;;0,81;3,83;4,67;24,63
03012085;Jerago con Orago;Varese;1;5.275;6,41;;7,68;;2,14;2,30;2,37;18,93
03012086;Lavena Ponte Tresa;Varese;1;5.767;3,30;;10,13;;6,65;3,12;4,24;29,10
03012088;Leggiuno;Varese;1;3.601;10,66;;8,53;;0,64;6,62;1,14;23,43
03012089;Lonate Ceppino;Varese;1;5.022;9,75;;6,84;;;5,39;0,55;20,16
03012090;Lonate Pozzolo;Varese;1;11.369;25,15;;15,06;;2,03;1,23;2,34;31,20
03012091;Lozza;Varese;1;1.203;10,18;;5,83;;11,00;15,87;2,96;45,15
03012092;Luino - Dato aggregazione Ambito Valli del Verbano;Varese;30;61.775;6,66;;11,53;;2,64;4,92;4,15;30,49
03012093;Luvinate;Varese;1;1.295;8,71;;12,14;;0,10;1,95;0,78;20,19
03012096;Malnate;Varese;1;16.357;9,48;;13,43;;2,88;4,30;0,97;31,51
03012097;Marchirolo;Varese;1;3.508;9,17;;11,22;;3,92;4,45;1,52;27,07
03012098;Marnate;Varese;1;8.027;7,22;;10,67;;2,81;5,44;4,04;27,87
03012099;Marzio;Varese;1;309;5,03;;18,27;;7,57;11,85;;41,55
03012101;Mercallo;Varese;1;1.790;10,05;;9,01;;0,63;2,31;;19,60
03012104;Monvalle;Varese;1;1.924;7,26;;10,02;;0,82;5,75;1,07;23,75
03012105;Morazzone;Varese;1;4.271;7,83;;6,95;;1,96;3,19;3,71;20,16
03012106;Mornago;Varese;1;4.909;6,19;;7,52;;4,32;2,93;1,15;20,10
03012107;Oggiona con Santo Stefano;Varese;1;4.332;10,87;;7,29;;2,47;2,67;2,53;20,23
03012108;Olgiate Olona;Varese;1;12.600;3,51;;7,66;;1,81;3,52;0,14;17,48
03012109;Origgio;Varese;1;7.958;11,76;;9,16;;3,43;4,34;1,47;28,65
03012113;Porto Ceresio;Varese;1;2.830;25,02;;3,93;;0,37;1,58;0,53;20,66
03012116;Ranco;Varese;1;1.223;21,91;;9,11;;2,49;4,53;1,16;29,04
03012117;Saltrio;Varese;1;2.983;18,35;;10,68;;0,64;8,49;1,92;29,63
03012118;Samarate;Varese;1;16.065;4,71;;6,16;;2,35;6,17;0,91;20,09
03012141;Sangiano;Varese;1;1.454;5,83;;9,43;;1,09;2,21;0,60;19,69
03012119;Saronno;Varese;1;38.658;11,25;;7,10;;6,43;4,06;1,95;26,64
03012120;Sesto Calende;Varese;1;11.002;7,30;;9,64;;2,30;2,47;1,10;21,10
03012121;Solbiate Arno;Varese;1;4.012;9,22;;11,00;;2,69;3,58;1,82;25,59
03012122;Solbiate Olona;Varese;1;5.323;7,22;;10,36;;3,68;3,97;1,55;25,45
03012123;Somma Lombardo;Varese;1;17.727;21,70;;12,09;;4,37;6,07;1,03;29,87
03012124;Sumirago;Varese;1;5.984;7,52;;9,25;;0,49;4,64;1,39;20,78
03012125;Taino;Varese;1;3.585;26,66;;11,84;;1,88;4,10;2,89;24,85
03012126;Ternate;Varese;1;2.494;3,38;;7,95;;0,61;1,09;2,15;19,49
03012127;Tradate;Varese;1;18.852;35,23;;7,59;;3,51;5,74;1,45;29,64
03012128;Travedona-Monate;Varese;1;3.928;24,01;;10,57;;2,03;4,40;1,28;31,42
03012130;Uboldo;Varese;1;10.707;7,40;;12,24;;4,24;6,34;2,24;29,39
03012131;Valganna;Varese;1;1.567;5,04;;18,68;;4,10;5,97;1,04;31,94
03012132;Varano Borghi;Varese;1;2.450;4,85;;8,64;;0,71;2,26;1,66;20,31
03012133;Varese;Varese;1;78.875;7,32;;9,52;;2,38;12,82;5,47;36,05
03012134;Vedano Olona;Varese;1;7.272;9,33;;8,19;;3,96;3,05;2,87;23,20
03012136;Venegono Inferiore;Varese;1;5.930;8,19;;9,96;;3,83;3,91;8,76;31,73
03012137;Venegono Superiore;Varese;1;7.247;8,90;;8,94;;1,73;3,88;0,96;21,44
03012138;Vergiate;Varese;1;8.634;8,52;;7,29;;1,44;8,02;3,94;28,72
03012139;Viggiu;Varese;1;5.150;12,88;;11,24;;0,79;6,00;1,88;29,49
03012140;Vizzola Ticino;Varese;1;584;5,63;;9,36;;2,65;5,23;0,18;22,02
05027001;Annone Veneto;Venezia;1;3.811;12,95;;10,86;;1,20;4,60;2,29;28,30
05027002;Campagna Lupia;Venezia;1;7.134;16,85;;18,04;;1,05;5,15;3,59;33,42
05027003;Campolongo Maggiore;Venezia;1;10.726;20,12;;19,96;;1,18;4,95;3,50;35,05
05027004;Camponogara;Venezia;1;12.971;15,64;;19,15;;1,25;4,94;3,52;34,12
05027005;Caorle;Venezia;1;11.166;15,78;;15,08;;5,89;7,39;5,87;52,91
05027044;Cavallino-Treporti;Venezia;1;13.366;15,32;;7,39;;4,66;3,86;2,09;28,61
05027006;Cavarzere;Venezia;1;12.861;11,70;;12,81;;4,48;5,31;4,10;34,14
05027007;Ceggia;Venezia;1;6.133;37,56;;9,44;;1,83;4,64;6,14;29,77
05027008;Chioggia;Venezia;1;48.054;14,19;;19,88;;5,76;7,15;7,78;49,63
05027009;Cinto Caomaggiore;Venezia;1;3.107;12,84;;9,97;;0,50;4,13;2,85;26,31
05027010;Cona;Venezia;1;2.780;11,86;;15,57;;1,73;4,83;8,42;34,72
05027011;Concordia Sagittaria;Venezia;1;10.200;12,16;;8,87;;3,55;6,02;2,59;30,60
05027012;Dolo;Venezia;1;14.937;15,52;;19,69;;4,10;5,91;3,45;40,28
05027013;Eraclea;Venezia;1;11.997;19,17;;14,94;;1,86;4,68;3,87;34,55
05027014;Fiesso d'Artico;Venezia;1;8.419;14,35;;20,96;;2,39;5,71;5,04;39,83
05027015;Fossalta di Piave;Venezia;1;4.135;14,23;;10,57;;0,51;2,79;7,91;27,45
05027016;Fossalta di Portogruaro;Venezia;1;5.721;10,82;;10,74;;0,01;4,30;2,84;26,68
05027017;Fosso;Venezia;1;7.080;16,90;;16,92;;1,64;5,12;3,29;33,00
05027018;Gruaro;Venezia;1;2.731;11,58;;8,68;;0,91;4,32;2,68;26,89
05027019;Jesolo;Venezia;1;26.554;19,46;;12,88;;3,16;5,98;5,35;41,87
05027020;Marcon;Venezia;1;17.548;16,20;;17,23;;0,99;4,03;2,01;31,96
05027021;Martellago;Venezia;1;21.181;9,49;;6,46;;2,78;3,23;3,32;22,66
05027022;Meolo;Venezia;1;6.223;16,73;;17,08;;0,85;4,01;4,80;32,25
05027023;Mira;Venezia;1;37.538;22,34;;20,55;;1,83;5,39;6,37;40,86
05027024;Mirano;Venezia;1;27.133;8,17;;7,25;;3,03;3,18;3,55;25,35
05027025;Musile di Piave;Venezia;1;11.309;8,31;;7,89;;3,71;2,58;3,63;24,85
05027026;Noale;Venezia;1;16.083;9,84;;6,66;;3,50;4,07;2,62;24,26
05027027;Noventa di Piave;Venezia;1;6.972;9,59;;5,81;;1,94;2,81;4,67;22,53
05027028;Pianiga;Venezia;1;12.215;14,86;;15,09;;1,62;3,95;3,27;31,39
05027029;Portogruaro;Venezia;1;24.438;9,07;;12,13;;2,67;5,33;1,83;31,41
05027030;Pramaggiore;Venezia;1;4.692;13,93;;9,23;;0,25;4,29;2,09;24,44
05027031;Quarto d'Altino;Venezia;1;7.976;17,89;;19,24;;1,21;4,23;4,61;36,69
05027032;Salzano;Venezia;1;12.809;17,34;;21,04;;2,36;6,55;4,09;39,74
05027033;San Dona  di Piave;Venezia;1;41.703;16,31;;14,37;;3,44;4,21;4,95;32,95
05027034;San Michele al Tagliamento;Venezia;1;11.582;11,08;;11,91;;4,93;5,67;3,96;38,53
05027036;San Stino di Livenza;Venezia;1;12.740;13,10;;9,09;;2,11;4,13;2,15;27,18
05027035;Santa Maria di Sala;Venezia;1;17.439;12,71;;6,66;;2,61;4,47;2,55;23,43
05027037;Scorze;Venezia;1;19.001;8,65;;6,69;;2,51;2,84;2,88;22,19
05027038;Spinea;Venezia;1;27.760;10,59;;7,77;;3,33;3,59;2,16;24,28
05027039;Stra;Venezia;1;7.578;14,47;;18,82;;4,09;7,00;5,57;40,38
05027040;Teglio Veneto;Venezia;1;2.250;16,05;;9,33;;1,94;4,95;2,74;34,06
05027041;Torre di Mosto;Venezia;1;4.764;18,58;;9,91;;2,12;3,69;2,27;26,88
05027042;Venezia;Venezia;1;254.661;35,03;;17,86;;12,17;10,55;8,06;66,43
05027043;Vigonovo;Venezia;1;9.918;14,26;;20,54;;2,28;5,88;3,60;38,05
01103072;Verbania - Dato aggregazione CONSORZIO RIFIUTI DEL VERBANO CUSIO OSSOLA;Verbano-Cusio-Ossola;74;154.233;16,76;;18,92;;3,76;4,44;3,65;37,29
01002133;Santhia  - Dato aggregazione CONSORZIO OBBLIGATORIO COMUNI DEL VERCELLESE E DELLA VALSESIA PER LA GESTIONE DEI RIFIUTI URBANI;Vercelli;79;106.914;12,57;;23,74;;2,39;3,38;1,98;34,23
01002156;Varallo;Vercelli;1;6.923;13,55;;18,63;;5,53;1,86;4,00;35,05
01002158;Vercelli;Vercelli;1;45.141;11,35;;8,35;;2,73;8,66;4,62;31,10
05023002;Albaredo d'Adige;Verona;1;5.368;7,93;;9,92;;1,77;4,00;2,57;25,40
05023003;Angiari;Verona;1;2.461;13,66;;14,70;;0,82;3,69;1,07;25,77
05023004;Arcole;Verona;1;6.337;7,73;;10,41;;1,36;3,45;0,24;22,64
05023007;Belfiore;Verona;1;3.360;8,86;;11,78;;1,30;4,54;0,64;23,57
05023008;Bevilacqua;Verona;1;1.766;10,91;;10,61;;2,46;2,77;1,02;22,25
05023009;Bonavigo;Verona;1;1.995;6,64;;8,31;;0,34;2,95;0,88;18,32
05023010;Boschi Sant'Anna;Verona;1;1.342;8,10;;14,19;;0,40;4,03;3,31;27,82
05023012;Bovolone;Verona;1;16.031;9,62;;10,66;;0,79;4,75;1,77;23,25
05023015;Bussolengo - Dato aggregazione Consorzio Verona Due del Quadrilatero;Verona;57;406.825;10,09;;10,78;;2,09;3,86;1,80;26,40
05023019;Casaleone;Verona;1;5.549;9,98;;13,01;;0,76;4,09;0,58;22,77
05023020;Castagnaro;Verona;1;3.585;15,91;;11,85;;1,64;0,63;1,01;21,64
05023025;Cerea;Verona;1;16.764;6,79;;9,64;;2,24;3,59;2,72;22,21
05023027;Cologna Veneta;Verona;1;8.408;7,03;;7,96;;2,20;3,86;2,37;23,75
05023029;Concamarise;Verona;1;1.082;11,14;;10,42;;1,21;5,20;1,98;23,09
05023032;Erbe;Verona;1;1.902;15,89;;15,85;;1,52;4,08;0,58;26,51
05023037;Gazzo Veronese;Verona;1;5.143;11,17;;13,15;;6,03;3,88;2,08;30,26
05023040;Isola della Scala;Verona;1;11.712;9,53;;12,77;;3,46;4,12;0,58;23,34
05023041;Isola Rizza;Verona;1;3.255;21,94;;13,86;;1,74;4,09;0,60;24,29
05023044;Legnago;Verona;1;25.416;7,77;;10,01;;3,59;3,97;2,75;26,63
05023048;Minerbe;Verona;1;4.566;4,92;;9,35;;1,24;3,45;2,11;22,47
05023053;Nogara;Verona;1;8.357;8,42;;12,65;;4,90;3,63;1,05;26,35
05023054;Nogarole Rocca;Verona;1;3.893;7,99;;10,48;;3,34;3,73;1,08;22,80
05023055;Oppeano;Verona;1;10.303;11,01;;11,80;;0,25;4,15;1,20;22,70
05023056;Palu;Verona;1;1.220;11,57;;13,49;;0,82;4,63;1,34;23,83
05023061;Pressana - Dato aggregazione UNIONE COMUNI ADIGE GUA';Verona;4;14.098;6,78;;8,89;;0,43;3,68;1,72;21,65
05023064;Ronco all'Adige;Verona;1;5.959;8,33;;12,48;;0,73;3,44;0,57;22,08
05023065;Roverchiara;Verona;1;2.627;9,55;;12,62;;0,60;4,04;1,17;23,56
05023068;Salizzole;Verona;1;3.776;8,49;;13,76;;0,66;6,21;1,87;27,03
05023071;San Giovanni Lupatoto;Verona;1;25.423;8,31;;10,03;;3,07;3,80;0,99;22,74
05023075;San Pietro di Morubio;Verona;1;3.040;7,49;;13,64;;2,84;4,20;0,60;25,43
05023072;Sanguinetto;Verona;1;4.051;6,08;;9,54;;1,15;4,76;2,01;23,63
05023082;Sommacampagna;Verona;1;14.659;4,88;;6,68;;2,41;4,19;2,42;24,67
05023084;Sorga;Verona;1;2.938;7,53;;14,11;;1,84;3,95;0,58;24,41
05023085;Terrazzo;Verona;1;2.139;5,77;;14,84;;4,15;4,03;1,17;28,29
05023088;Trevenzuolo;Verona;1;2.772;7,19;;15,18;;4,25;4,05;1,17;29,74
05023091;Verona;Verona;1;257.274;6,92;;10,12;;5,73;7,65;3,81;37,71
05023094;Vigasio;Verona;1;10.255;6,76;;10,50;;1,51;4,17;1,21;21,92
05023095;Villa Bartolomea;Verona;1;5.773;5,22;;9,08;;1,32;2,83;2,48;19,58
05023097;Zevio;Verona;1;15.684;10,20;;7,62;;0,49;4,86;1,05;21,24
18102001;Acquaro;Vibo Valentia;1;1.896;25,60;;9,81;;4,97;4,10;0,07;40,58
18102004;Brognaturo;Vibo Valentia;1;650;13,61;;11,53;;0,29;7,08;;43,93
18102005;Capistrano;Vibo Valentia;1;975;10,09;;;;;10,55;;27,09
18102006;Cessaniti;Vibo Valentia;1;2.959;27,23;;10,18;;0,74;0,24;;16,95
18102007;Dasa;Vibo Valentia;1;1.100;22,43;;16,70;;0,23;9,44;4,34;38,38
18102008;Dinami;Vibo Valentia;1;1.790;16,94;;28,86;;8,80;9,09;0,41;64,12
18102012;Filandari;Vibo Valentia;1;1.746;44,02;;6,98;;8,58;5,41;;48,30
18102013;Filogaso;Vibo Valentia;1;1.313;22,17;;9,93;;2,10;3,28;1,02;34,40
18102019;Limbadi;Vibo Valentia;1;3.283;3,61;;14,48;;3,53;9,81;;30,96
18102020;Maierato;Vibo Valentia;1;2.043;15,20;;17,04;;;2,74;7,24;49,73
18102022;Mongiana;Vibo Valentia;1;649;5,40;;19,81;;0,39;12,52;3,75;40,45
18102023;Monterosso Calabro;Vibo Valentia;1;1.542;5,51;;;;;15,50;;18,60
18102024;Nardodipace;Vibo Valentia;1;1.090;73,10;;42,14;;10,32;17,36;;86,82
18102031;Rombiolo;Vibo Valentia;1;4.337;8,03;;17,63;;3,44;0,99;;30,48
18102032;San Calogero;Vibo Valentia;1;3.894;7,35;;30,87;;5,34;14,76;;50,62
18102035;San Nicola da Crissa;Vibo Valentia;1;1.209;6,54;;9,27;;;2,19;;22,65
18102037;Serra San Bruno;Vibo Valentia;1;6.303;4,11;;41,81;;5,89;2,66;0,91;53,49
18102038;Simbario;Vibo Valentia;1;909;8,75;;;;2,86;1,75;;20,97
18102039;Sorianello;Vibo Valentia;1;1.086;38,15;;4,62;;1,88;;0,13;24,23
18102040;Soriano Calabro;Vibo Valentia;1;2.279;10,87;;20,96;;6,39;4,73;0,70;48,77
18102042;Spilinga;Vibo Valentia;1;1.363;64,10;;;;1,96;3,58;;50,89
18102044;Tropea;Vibo Valentia;1;5.956;10,90;;4,25;;5,93;7,62;;41,86
18102045;Vallelonga;Vibo Valentia;1;745;13,47;;21,82;;3,12;1,95;;43,40
18102046;Vazzano;Vibo Valentia;1;963;22,42;;9,37;;4,03;;;28,08
18102047;Vibo Valentia;Vibo Valentia;1;31.407;6,52;;16,04;;7,99;6,21;;46,68
18102048;Zaccanopoli;Vibo Valentia;1;672;18,97;;44,58;;;25,39;;76,24
18102049;Zambrone;Vibo Valentia;1;1.754;7,01;;7,59;;6,01;7,63;;28,21
18102050;Zungri;Vibo Valentia;1;1.846;35,07;;1,02;;3,38;12,85;;43,07
05024002;Albettone;Vicenza;1;1.970;19,37;;6,89;;3,55;3,50;1,62;21,59
05024003;Alonte;Vicenza;1;1.594;13,69;;3,56;;0,89;6,09;0,34;18,95
05024004;Altavilla Vicentina;Vicenza;1;11.832;11,40;;10,23;;2,42;3,15;2,60;24,81
05024005;Altissimo;Vicenza;1;2.139;11,54;;14,52;;1,05;5,00;1,44;28,09
05024006;Arcugnano;Vicenza;1;7.772;16,52;;2,38;;0,13;6,93;1,63;20,07
05024007;Arsiero;Vicenza;1;3.007;8,68;;12,23;;3,55;4,05;6,20;29,62
05024008;Arzignano;Vicenza;1;25.210;6,66;;10,64;;2,46;2,71;0,94;23,90
05024010;Asigliano Veneto;Vicenza;1;843;16,51;;9,09;;1,31;5,23;0,40;22,82
05024124;Barbarano Mossano;Vicenza;1;6.190;24,35;;8,08;;1,32;2,89;0,78;20,52
05024012;Bassano del Grappa - Dato aggregazione ETRA Spa;Vicenza;61;542.971;8,59;;11,07;;1,22;6,84;2,58;28,55
05024013;Bolzano Vicentino;Vicenza;1;6.520;12,88;;8,30;;0,98;4,94;2,76;22,84
05024014;Breganze;Vicenza;1;8.379;8,57;;8,93;;0,98;3,68;2,77;20,15
05024015;Brendola;Vicenza;1;6.661;8,23;;11,54;;1,94;4,09;4,87;30,01
05024016;Bressanvido;Vicenza;1;3.188;13,60;;9,58;;0,84;3,97;1,15;22,10
05024017;Brogliano;Vicenza;1;4.007;8,02;;12,51;;1,04;3,31;2,88;25,14
05024018;Caldogno;Vicenza;1;11.305;11,55;;7,92;;1,87;4,00;2,50;24,70
05024019;Caltrano;Vicenza;1;2.519;7,68;;11,16;;1,17;4,26;4,67;24,90
05024020;Calvene;Vicenza;1;1.285;7,98;;11,12;;1,24;3,73;4,34;23,49
05024021;Camisano Vicentino;Vicenza;1;11.153;13,62;;9,06;;1,00;3,52;1,10;21,46
05024022;Campiglia dei Berici;Vicenza;1;1.669;15,28;;9,28;;1,44;4,17;0,41;21,12
05024024;Carre;Vicenza;1;3.510;5,81;;9,77;;0,95;3,89;4,17;22,31
05024027;Castegnero;Vicenza;1;2.841;16,65;;8,34;;0,32;5,74;0,96;23,20
05024028;Castelgomberto;Vicenza;1;6.145;6,89;;10,33;;2,16;3,09;0,86;22,02
05024029;Chiampo;Vicenza;1;12.518;5,46;;12,35;;1,02;2,80;3,91;24,82
05024030;Chiuppano;Vicenza;1;2.492;6,71;;8,84;;3,71;3,97;3,35;23,66
05024032;Cogollo del Cengio;Vicenza;1;3.153;9,08;;10,61;;2,03;5,53;3,68;26,62
05024126;Colceresa;Vicenza;1;5.913;22,32;;10,32;;;1,24;2,70;24,50
05024034;Cornedo Vicentino;Vicenza;1;11.699;7,85;;11,91;;1,14;2,94;2,00;24,85
05024035;Costabissara;Vicenza;1;7.712;22,08;;11,74;;2,98;2,17;0,24;19,59
05024036;Creazzo;Vicenza;1;11.272;8,82;;12,35;;1,54;5,22;2,46;28,27
05024037;Crespadoro;Vicenza;1;1.284;11,92;;17,64;;4,67;9,17;1,78;38,72
05024038;Dueville;Vicenza;1;13.740;9,29;;11,06;;1,18;3,28;2,52;23,66
05024040;Fara Vicentino;Vicenza;1;3.723;7,81;;9,97;;2,20;3,30;2,12;21,15
05024043;Gambellara;Vicenza;1;3.417;4,92;;11,67;;0,50;2,73;0,81;20,29
05024044;Gambugliano;Vicenza;1;829;8,62;;16,31;;0,16;3,25;1,39;30,81
05024046;Grisignano di Zocco;Vicenza;1;4.312;11,51;;10,46;;0,45;4,03;1,00;23,32
05024047;Grumolo delle Abbadesse;Vicenza;1;3.809;17,54;;9,15;;0,72;3,65;1,05;22,30
05024048;Isola Vicentina;Vicenza;1;10.305;13,69;;7,72;;0,67;3,53;3,28;21,33
05024049;Laghi;Vicenza;1;120;69,26;;5,31;;5,14;13,40;2,91;50,25
05024050;Lastebasse;Vicenza;1;187;17,64;;15,39;;1,76;4,45;4,61;35,24
05024051;Longare;Vicenza;1;5.597;11,19;;8,71;;0,78;5,78;0,94;22,49
05024052;Lonigo;Vicenza;1;15.771;11,57;;6,36;;3,13;1,61;1,67;20,27
05024053;Lugo di Vicenza;Vicenza;1;3.555;8,31;;8,93;;2,25;4,99;2,09;22,01
05024055;Malo;Vicenza;1;14.677;8,75;;9,36;;1,07;3,39;2,51;20,74
05024056;Marano Vicentino;Vicenza;1;9.326;18,42;;10,73;;1,72;4,83;2,23;25,50
05024057;Marostica;Vicenza;1;13.978;11,14;;7,42;;1,32;1,55;2,17;18,66
05024063;Monte di Malo;Vicenza;1;2.790;10,47;;10,72;;1,32;3,48;2,61;21,79
05024060;Montebello Vicentino;Vicenza;1;6.351;7,52;;14,14;;1,64;3,14;1,87;25,76
05024061;Montecchio Maggiore;Vicenza;1;23.206;5,81;;12,55;;4,23;2,77;2,46;26,85
05024062;Montecchio Precalcino;Vicenza;1;4.893;9,88;;6,68;;0,57;3,90;4,20;21,22
05024064;Montegalda;Vicenza;1;3.384;13,48;;8,04;;2,13;3,72;1,44;21,98
05024065;Montegaldella;Vicenza;1;1.785;28,49;;9,01;;0,21;4,35;1,50;23,17
05024066;Monteviale;Vicenza;1;2.800;9,26;;10,10;;0,92;3,40;7,25;27,33
05024067;Monticello Conte Otto;Vicenza;1;9.073;13,70;;8,44;;0,63;4,00;2,51;22,06
05024068;Montorso Vicentino;Vicenza;1;3.051;5,91;;14,99;;0,66;2,78;4,61;28,92
05024071;Nanto;Vicenza;1;3.098;14,28;;8,67;;0,97;3,05;0,88;20,11
05024072;Nogarole Vicentino;Vicenza;1;1.220;15,59;;11,83;;;13,67;1,25;34,70
05024074;Noventa Vicentina;Vicenza;1;8.925;15,74;;8,82;;0,66;1,79;0,85;17,87
05024075;Orgiano;Vicenza;1;3.010;22,08;;;;0,19;4,00;2,10;17,33
05024076;Pedemonte;Vicenza;1;698;4,68;;11,67;;0,93;4,42;5,76;25,41
05024077;Pianezze;Vicenza;1;2.163;16,56;;7,65;;;2,63;1,08;21,46
05024078;Piovene Rocchette;Vicenza;1;8.140;11,69;;10,25;;1,22;5,40;4,58;26,18
05024079;Pojana Maggiore;Vicenza;1;4.274;13,74;;7,05;;0,86;2,65;0,29;16,45
05024080;Posina;Vicenza;1;554;7,21;;9,59;;1,19;8,68;3,32;25,61
05024083;Quinto Vicentino;Vicenza;1;5.894;13,95;;7,79;;0,35;3,62;0,98;19,75
05024084;Recoaro Terme;Vicenza;1;6.081;9,72;;11,89;;1,35;3,58;1,79;24,49
05024090;Salcedo;Vicenza;1;1.017;10,65;;12,46;;2,39;8,20;5,90;32,00
05024094;San Pietro Mussolino;Vicenza;1;1.559;8,60;;20,67;;0,91;7,76;2,35;36,72
05024096;San Vito di Leguzzano;Vicenza;1;3.570;10,94;;9,46;;1,67;3,61;1,93;21,21
05024091;Sandrigo;Vicenza;1;8.199;14,56;;10,13;;1,12;3,50;2,66;23,75
05024095;Santorso;Vicenza;1;5.521;7,59;;8,90;;1,43;6,16;3,59;23,78
05024097;Sarcedo;Vicenza;1;5.346;18,10;;12,39;;1,67;2,09;2,44;23,64
05024098;Sarego;Vicenza;1;6.693;32,89;;6,42;;;2,27;2,10;21,17
05024100;Schio;Vicenza;1;38.528;18,52;;12,19;;1,76;3,46;4,11;27,25
05024102;Sossano;Vicenza;1;4.168;34,97;;1,48;;1,83;3,24;0,48;18,09
05024103;Sovizzo;Vicenza;1;7.501;6,65;;8,44;;1,47;2,99;1,68;21,00
05024106;Tonezza del Cimone;Vicenza;1;500;7,87;;14,26;;3,57;4,77;8,20;33,01
05024108;Torri di Quartesolo;Vicenza;1;11.755;14,54;;12,01;;1,61;2,86;0,99;24,81
05024110;Trissino;Vicenza;1;8.656;6,49;;10,82;;1,46;2,58;1,71;21,92
05024123;Val Liona;Vicenza;1;3.072;42,34;;5,70;;0,28;3,50;2,30;22,63
05024111;Valdagno;Vicenza;1;25.667;10,07;;10,39;;3,93;5,68;2,37;28,15
05024116;Vicenza;Vicenza;1;110.675;10,49;;7,32;;5,78;2,26;5,47;30,39
05024117;Villaga;Vicenza;1;1.859;18,64;;7,82;;0,71;5,85;1,39;23,05
05024118;Villaverla;Vicenza;1;6.069;15,49;;10,10;;1,14;4,41;2,59;23,74
05024119;Zane;Vicenza;1;6.597;9,84;;10,29;;1,19;3,00;3,21;22,34
05024120;Zermeghedo;Vicenza;1;1.350;5,07;;15,23;;2,08;5,97;0,76;31,50
05024121;Zovencedo;Vicenza;1;797;16,82;;4,07;;0,76;9,31;0,44;24,43
05024122;Zugliano;Vicenza;1;6.749;9,13;;9,91;;2,19;4,34;2,26;23,06
12056001;Acquapendente;Viterbo;1;5.309;24,54;;14,25;;8,79;4,06;2,84;45,73
12056003;Bagnoregio;Viterbo;1;3.463;2,08;;12,85;;3,17;4,51;13,98;33,78
12056004;Barbarano Romano;Viterbo;1;993;15,45;;11,65;;6,06;2,91;0,27;31,73
12056006;Bassano in Teverina;Viterbo;1;1.255;17,70;;39,15;;1,27;5,18;3,73;45,02
12056005;Bassano Romano;Viterbo;1;4.592;17,33;;20,01;;3,26;4,41;5,67;39,99
12056007;Blera;Viterbo;1;3.012;13,98;;;;;3,54;3,54;40,97
12056008;Bolsena;Viterbo;1;3.728;27,89;;4,63;;8,01;4,42;1,04;32,68
12056009;Bomarzo;Viterbo;1;1.676;20,06;;18,68;;5,68;4,04;5,86;46,73
12056010;Calcata;Viterbo;1;911;5,38;;10,77;;1,13;17,25;5,41;43,01
12056012;Canino;Viterbo;1;5.074;18,29;;10,73;;12,07;8,71;2,75;46,09
12056013;Capodimonte;Viterbo;1;1.658;;;45,30;;0,48;9,69;;41,21
12056014;Capranica;Viterbo;1;6.292;9,53;;14,90;;4,78;12,36;10,24;48,47
12056015;Caprarola;Viterbo;1;5.227;29,82;;16,01;;3,61;3,63;5,27;38,90
12056016;Carbognano;Viterbo;1;1.934;6,42;;15,70;;5,33;;;27,16
12056017;Castel Sant'Elia;Viterbo;1;2.438;24,61;;7,02;;4,14;4,75;5,10;33,66
12056019;Celleno;Viterbo;1;1.309;10,59;;20,07;;8,67;7,23;2,04;43,16
12056021;Civita Castellana;Viterbo;1;15.283;32,89;;23,67;;;4,30;2,57;45,51
12056023;Corchiano;Viterbo;1;3.562;16,29;;23,97;;9,32;5,76;;46,08
12056024;Fabrica di Roma;Viterbo;1;8.128;14,59;;12,28;;1,34;7,12;7,29;34,45
12056025;Faleria;Viterbo;1;1.986;7,23;;15,69;;6,17;8,78;2,68;36,69
12056026;Farnese;Viterbo;1;1.366;;;52,70;;;12,84;;58,70
12056027;Gallese;Viterbo;1;2.603;37,47;;33,44;;4,86;5,99;3,91;57,80
12056028;Gradoli;Viterbo;1;1.266;38,88;;20,74;;7,79;5,15;5,22;44,22
12056029;Graffignano;Viterbo;1;2.124;40,80;;16,96;;8,68;26,24;6,03;79,70
12056031;Ischia di Castro;Viterbo;1;2.191;9,80;;10,59;;0,54;7,21;;26,32
12056033;Lubriano;Viterbo;1;881;17,89;;;;;4,62;13,67;36,23
12056034;Marta;Viterbo;1;3.235;15,50;;13,12;;7,22;3,93;0,93;31,98
12056035;Montalto di Castro;Viterbo;1;8.790;13,21;;22,44;;5,95;3,90;1,45;53,16
12056037;Monte Romano;Viterbo;1;1.900;27,11;;21,06;;5,08;5,82;2,29;53,16
12056038;Monterosi;Viterbo;1;4.734;5,37;;23,95;;6,30;5,91;;81,83
12056039;Nepi;Viterbo;1;9.236;53,31;;43,32;;5,85;8,13;31,92;90,90
12056040;Onano;Viterbo;1;913;30,37;;18,92;;9,54;4,78;13,47;55,61
12056044;Proceno;Viterbo;1;523;28,92;;35,09;;12,89;6,93;4,65;63,17
12056047;San Lorenzo Nuovo;Viterbo;1;1.982;48,28;;12,67;;8,16;4,24;1,97;37,55
12056048;Soriano nel Cimino;Viterbo;1;7.980;13,89;;11,58;;4,99;10,73;4,64;41,03
12056049;Sutri;Viterbo;1;6.548;8,67;;20,00;;3,47;3,75;3,70;51,38
12056050;Tarquinia;Viterbo;1;16.046;;;47,88;;;0,73;1,74;31,20
12056052;Tuscania;Viterbo;1;8.228;3,20;;18,63;;3,58;3,05;0,93;26,90
12056053;Valentano;Viterbo;1;2.718;26,74;;13,77;;3,06;6,86;1,36;37,47
12056054;Vallerano;Viterbo;1;2.425;9,86;;30,71;;6,05;0,27;;40,01
12056056;Vejano;Viterbo;1;2.154;11,34;;21,20;;3,69;4,81;2,04;37,22
12056057;Vetralla;Viterbo;1;13.325;16,12;;4,66;;4,18;16,22;8,39;64,02
12056058;Vignanello;Viterbo;1;4.267;5,34;;15,01;;9,35;2,52;8,32;43,22
12056046;Villa San Giovanni in Tuscia;Viterbo;1;1.195;57,03;;2,73;;15,47;6,47;;46,45
12056059;Viterbo;Viterbo;1;65.987;6,06;;20,12;;7,59;6,70;5,10;43,65
12056060;Vitorchiano;Viterbo;1;5.255;13,91;;18,52;;6,72;5,52;4,95;44,67
NB: i dati riportati in tabella si riferiscono esclusivamente ai costi sostenuti dagli enti locali per il servizio di gestione dei rifiuti urbani e assimilati e non tengono, pertanto, conto dei proventi ottenuti dalla vendita di materiali e di energia derivanti dai rifiuti.;;;;;;;;;;;;
Legenda: codifiche delle voci di costo riportate nelle tabelle dal 2020;;;;;;;;;;;;
CRT ab: Costi di raccolta e trasporto dei rifiuti urbani indifferenziati (euro/abitante x anno);;;;;;;;;;;;
CTS ab: Costi di trattamento e smaltimento dei rifiuti urbani indifferenziati (euro/abitante x anno);;;;;;;;;;;;
CRD ab:	Costi di raccolta e trasporto dei rifiuti urbani differenziati (euro/abitante x anno);;;;;;;;;;;;
CTR ab: Costi di trattamento e riciclo dei rifiuti urbani differenziati (euro/abitante x anno);;;;;;;;;;;;
CSL ab: Costi di spazzamento e lavaggio delle strade (euro/abitante x anno);;;;;;;;;;;;
CC ab: Costi comuni (euro/abitante x anno);;;;;;;;;;;;
CK ab: Costi di remunerazione del capitale (euro/abitante x anno);;;;;;;;;;;;
Altri costi: Altri costi (euro/abitante x anno);;;;;;;;;;;;
CTOT ab: Costi totali di gestione del servizio di igiene urbana (euro/abitante x anno);;;;;;;;;;;;
CRT kg: Costi di raccolta e trasporto dei rifiuti urbani indifferenziati (eurocentesimi/kg);;;;;;;;;;;;
CRD kg: Costi di raccolta e trasporto dei rifiuti urbani differenziati (eurocentesimi/kg);;;;;;;;;;;;
CSL kg:	Costi di spazzamento e lavaggio delle strade (eurocentesimi/kg);;;;;;;;;;;;
CC kg: Costi comuni (eurocentesimi/kg);;;;;;;;;;;;
CK kg:Costi di remunerazione del capitale (eurocentesimi/kg);;;;;;;;;;;;
CTOT kg:Costi totali di gestione del servizio di igiene urbana (eurocentesimi/kg);;;;;;;;;;;;
Legenda: codifiche delle voci di costo riportate nelle tabelle fino al 2019;;;;;;;;;;;;
CRT ab: Costi di raccolta e trasporto dei rifiuti urbani indifferenziati (euro/abitante x anno);;;;;;;;;;;;
CTS ab: Costi di trattamento e smaltimento dei rifiuti urbani indifferenziati (euro/abitante x anno);;;;;;;;;;;;
CAC ab:	Altri costi di gestione dei rifiuti urbani indifferenziati (euro/abitante x anno);;;;;;;;;;;;
CGIND ab: Costi totale di gestione dei rifiuti urbani indifferenziati (euro/abitante x anno);;;;;;;;;;;;
CRD ab:	Costi di raccolta e trasporto dei rifiuti urbani differenziati (euro/abitante x anno);;;;;;;;;;;;
CTR ab: Costi di trattamento e riciclo dei rifiuti urbani differenziati (euro/abitante x anno);;;;;;;;;;;;
CGD ab:	Costi totali di gestione  dei rifiuti urbani differenziati (euro/abitante x anno);;;;;;;;;;;;
CSL ab: Costi di spazzamento e lavaggio delle strade (euro/abitante x anno);;;;;;;;;;;;
CC ab: Costi comuni (euro/abitante x anno);;;;;;;;;;;;
CK ab: Costi di remunerazione del capitale (euro/abitante x anno);;;;;;;;;;;;
CTOT ab: Costi totali di gestione del servizio di igiene urbana (euro/abitante x anno);;;;;;;;;;;;
CRT kg: Costi di raccolta e trasporto dei rifiuti urbani indifferenziati (eurocentesimi/kg);;;;;;;;;;;;
CTS kg:	Costi di trattamento e smaltimento dei rifiuti urbani indifferenziati (eurocentesimi/kg);;;;;;;;;;;;
CAC kg:	Altri costi di gestione dei rifiuti urbani indifferenziati (eurocentesimi/kg);;;;;;;;;;;;
CGIND kg: Costi totale di gestione dei rifiuti urbani indifferenziati (eurocentesimi/kg);;;;;;;;;;;;
CRD kg: Costi di raccolta e trasporto dei rifiuti urbani differenziati (eurocentesimi/kg);;;;;;;;;;;;
CTR kg:	Costi di trattamento e riciclo dei rifiuti urbani differenziati (eurocentesimi/kg);;;;;;;;;;;;
CGD kg:	Costi totali di gestione  dei rifiuti urbani differenziati (eurocentesimi/kg);;;;;;;;;;;;
CSL kg:	Costi di spazzamento e lavaggio delle strade (eurocentesimi/kg);;;;;;;;;;;;
CC kg: Costi comuni (eurocentesimi/kg);;;;;;;;;;;;
CK kg:Costi di remunerazione del capitale (eurocentesimi/kg);;;;;;;;;;;;
CTOT kg:Costi totali di gestione del servizio di igiene urbana (eurocentesimi/kg);;;;;;;;;;;;
