istat_comune;comune;provincia;numero_comuni;popolazione;crt;cts;crd;ctr;csl;cc;ck;ctot
19084001;Agrigento;Agrigento;1;55.512;9,34;;20,44;;4,43;10,60;11,81;57,65
19084002;Alessandria della Rocca;Agrigento;1;2.452;19,90;;59,46;;;39,74;;97,89
19084004;Bivona;Agrigento;1;3.214;7,29;;16,48;;;3,07;0,25;31,02
19084007;Caltabellotta;Agrigento;1;3.194;6,39;;14,92;;4,86;6,04;5,55;45,25
19084010;Campobello di Licata;Agrigento;1;9.062;18,51;;23,59;;8,21;17,86;10,98;72,53
19084014;Cattolica Eraclea;Agrigento;1;3.300;11,26;;26,01;;2,44;;;34,35
19084015;Cianciana;Agrigento;1;3.103;19,91;;29,98;;0,37;4,63;1,62;44,83
19084017;Favara;Agrigento;1;31.593;12,95;;25,36;;10,19;8,38;2,62;53,25
19084019;Joppolo Giancaxio;Agrigento;1;1.082;19,65;;1,57;;2,86;8,86;1,85;28,25
19084021;Licata;Agrigento;1;34.287;10,57;;8,41;;2,68;7,71;2,59;43,38
19084023;Menfi;Agrigento;1;11.814;23,82;;16,67;;0,49;2,96;;29,73
19084025;Montevago;Agrigento;1;2.695;24,08;;13,45;;0,73;3,05;;36,24
19084027;Palma di Montechiaro;Agrigento;1;21.373;15,40;;47,54;;7,31;5,08;5,13;45,42
19084030;Raffadali;Agrigento;1;12.008;8,34;;22,25;;4,04;7,38;1,92;40,64
19084033;Ribera;Agrigento;1;17.836;15,85;;37,75;;0,86;4,29;1,15;50,68
19084035;San Biagio Platani;Agrigento;1;2.860;19,87;;43,61;;;4,81;;54,29
19084036;San Giovanni Gemini;Agrigento;1;7.517;14,74;;19,33;;2,43;4,88;4,34;40,54
19084038;Santa Margherita di Belice;Agrigento;1;6.056;67,62;;4,47;;0,06;;;33,40
19084040;Santo Stefano Quisquina;Agrigento;1;4.070;9,40;;26,46;;1,74;5,48;0,21;41,61
19084041;Sciacca;Agrigento;1;38.967;12,89;;10,68;;1,93;3,37;2,49;30,66
01006001;Acqui Terme - Dato aggregazione CSR - CONSORZIO SERVIZI RIFIUTI DEL NOVESE, TORTONESE, ACQUESE E OVADESE;Alessandria;35;60.691;38,40;;20,87;;5,06;8,07;5,43;50,04
01006002;Albera Ligure;Alessandria;1;303;8,73;;5,27;;;3,78;2,34;29,86
01006003;Alessandria;Alessandria;1;91.059;11,52;;9,97;;5,74;5,40;1,04;22,99
01006192;Alluvioni Piovera;Alessandria;1;1.618;11,71;;19,54;;2,34;9,27;7,70;46,99
01006007;Altavilla Monferrato;Alessandria;1;393;15,91;;9,05;;2,61;8,72;5,92;36,14
01006008;Alzano Scrivia;Alessandria;1;348;12,55;;22,67;;;11,13;3,57;43,67
01006009;Arquata Scrivia;Alessandria;1;6.256;8,43;;10,10;;0,78;4,03;3,45;32,67
01006010;Avolasca;Alessandria;1;258;10,71;;7,08;;;3,40;16,59;50,57
01006012;Basaluzzo;Alessandria;1;2.007;14,06;;14,83;;0,25;2,85;5,42;32,99
01006013;Bassignana;Alessandria;1;1.529;15,71;;16,12;;4,17;8,86;4,52;40,20
01006015;Bergamasco;Alessandria;1;694;18,85;;9,00;;5,94;8,45;3,79;36,45
01006016;Berzano di Tortona;Alessandria;1;153;6,97;;6,85;;;6,04;3,08;30,96
01006018;Borghetto di Borbera;Alessandria;1;1.923;7,24;;9,63;;1,23;4,66;2,62;31,47
01006019;Borgoratto Alessandrino;Alessandria;1;546;13,95;;9,60;;7,07;6,29;1,62;33,67
01006021;Bosco Marengo;Alessandria;1;2.204;17,36;;9,19;;1,91;6,60;5,88;35,92
01006024;Brignano-Frascata;Alessandria;1;423;8,38;;7,31;;1,42;4,77;4,30;34,83
01006025;Cabella Ligure;Alessandria;1;468;18,22;;4,63;;3,64;5,08;1,88;41,95
01006028;Cantalupo Ligure;Alessandria;1;445;8,56;;5,06;;;4,77;3,84;32,93
01006029;Capriata d'Orba;Alessandria;1;1.764;28,23;;17,14;;0,28;5,61;8,27;43,11
01006030;Carbonara Scrivia;Alessandria;1;1.128;5,02;;14,56;;;3,92;10,83;33,99
01006031;Carentino;Alessandria;1;330;16,42;;10,47;;0,54;13,71;4,53;36,85
01006032;Carezzano;Alessandria;1;428;16,84;;26,28;;;7,43;8,16;47,52
01006034;Carrega Ligure;Alessandria;1;86;25,98;;9,63;;;8,11;9,60;84,96
01006035;Carrosio;Alessandria;1;487;32,40;;12,62;;;10,46;10,35;42,14
01006036;Cartosio;Alessandria;1;724;64,20;;21,17;;;16,77;4,50;62,46
01006037;Casal Cermelli;Alessandria;1;1.192;8,82;;9,30;;4,41;5,40;2,54;28,48
01006039;Casale Monferrato;Alessandria;1;32.204;13,39;;20,15;;4,57;5,73;5,06;41,59
01006040;Casalnoceto;Alessandria;1;976;8,88;;10,06;;;4,75;1,69;30,45
01006041;Casasco;Alessandria;1;114;9,65;;7,57;;;8,73;3,18;38,15
01006191;Cassano Spinola;Alessandria;1;1.803;12,71;;17,10;;0,18;5,77;5,17;34,18
01006045;Castellania;Alessandria;1;87;14,54;;7,73;;;15,42;9,65;56,61
01006046;Castellar Guidobono;Alessandria;1;401;31,36;;11,15;;;3,99;3,80;27,22
01006047;Castellazzo Bormida;Alessandria;1;4.461;11,33;;22,03;;0,89;5,85;6,49;44,04
01006050;Castelletto Merli;Alessandria;1;456;18,65;;8,17;;0,73;7,86;3,40;26,70
01006051;Castelletto Monferrato;Alessandria;1;1.469;14,28;;20,75;;4,29;10,83;2,20;44,43
01006052;Castelnuovo Bormida;Alessandria;1;626;14,73;;9,52;;1,26;8,08;5,41;34,36
01006053;Castelnuovo Scrivia;Alessandria;1;4.862;30,61;;14,01;;4,37;8,88;3,71;49,62
01006054;Castelspina;Alessandria;1;394;21,15;;8,30;;4,04;8,85;0,99;29,63
01006055;Cavatore;Alessandria;1;262;47,14;;18,84;;5,15;14,53;4,48;71,52
01006056;Cella Monte;Alessandria;1;465;22,37;;14,70;;;16,96;7,07;46,36
01006057;Cereseto;Alessandria;1;389;24,79;;14,72;;1,08;12,49;6,80;47,07
01006058;Cerreto Grue;Alessandria;1;291;31,95;;5,48;;;14,15;2,59;55,80
01006059;Cerrina Monferrato;Alessandria;1;1.312;13,65;;16,53;;;11,41;10,14;46,15
01006060;Coniolo;Alessandria;1;444;15,75;;3,33;;0,81;3,67;2,79;15,04
01006061;Conzano;Alessandria;1;932;16,23;;10,39;;2,92;10,46;2,78;35,19
01006062;Costa Vescovato;Alessandria;1;316;9,59;;6,33;;3,02;4,06;1,60;33,62
01006065;Denice;Alessandria;1;170;69,43;;28,45;;16,29;44,24;6,91;121,99
01006066;Dernice;Alessandria;1;178;9,80;;9,17;;;8,51;1,75;39,05
01006067;Fabbrica Curone;Alessandria;1;570;12,99;;11,19;;1,76;6,93;5,34;56,77
01006068;Felizzano;Alessandria;1;2.106;16,02;;11,34;;4,33;9,49;8,94;43,91
01006069;Fraconalto;Alessandria;1;302;9,21;;6,89;;;5,05;9,45;29,67
01006070;Francavilla Bisio;Alessandria;1;524;40,92;;16,02;;;1,88;5,51;35,01
01006071;Frascaro;Alessandria;1;424;13,10;;9,98;;2,73;6,48;4,55;32,22
01006073;Frassineto Po;Alessandria;1;1.364;17,64;;12,13;;;11,53;5,65;38,11
01006074;Fresonara;Alessandria;1;627;33,26;;18,20;;0,21;4,38;7,56;42,33
01006075;Frugarolo;Alessandria;1;1.869;17,45;;9,95;;1,36;7,35;2,88;31,18
01006076;Fubine;Alessandria;1;1.586;16,35;;9,91;;1,55;13,10;4,20;38,32
01006077;Gabiano;Alessandria;1;1.027;18,07;;18,13;;;12,19;8,48;47,85
01006078;Gamalero;Alessandria;1;802;18,71;;10,31;;5,70;8,35;4,60;36,38
01006079;Garbagna;Alessandria;1;609;9,79;;7,82;;2,71;4,55;1,73;34,96
01006081;Gavi;Alessandria;1;4.415;40,48;;9,74;;4,39;5,53;6,36;54,87
01006082;Giarole;Alessandria;1;688;15,45;;15,91;;;12,64;6,81;41,56
01006083;Gremiasco;Alessandria;1;280;11,09;;9,10;;;5,47;2,59;39,76
01006085;Grondona;Alessandria;1;472;32,34;;6,27;;;13,62;15,41;72,99
01006086;Guazzora;Alessandria;1;290;11,75;;22,86;;2,68;2,82;3,82;39,13
01006087;Isola Sant'Antonio;Alessandria;1;619;7,71;;14,44;;1,47;6,82;5,71;35,42
01006193;Lu e Cuccaro Monferrato;Alessandria;1;1.306;20,63;;10,76;;4,94;7,84;5,88;38,04
01006091;Masio;Alessandria;1;1.237;25,37;;10,75;;3,43;9,63;3,85;36,78
01006092;Melazzo;Alessandria;1;1.219;76,16;;16,71;;2,67;10,32;4,32;54,00
01006093;Merana;Alessandria;1;186;55,32;;20,14;;0,75;12,78;4,59;58,67
01006096;Molino dei Torti;Alessandria;1;568;7,44;;18,30;;2,93;8,75;6,84;44,90
01006097;Mombello Monferrato;Alessandria;1;911;18,75;;21,62;;2,00;23,37;9,10;66,77
01006098;Momperone;Alessandria;1;201;16,07;;9,86;;;8,28;2,52;48,52
01006100;Mongiardino Ligure;Alessandria;1;151;33,43;;5,63;;;6,03;2,53;54,89
01006101;Monleale;Alessandria;1;562;36,59;;5,70;;;5,82;5,58;56,87
01006102;Montacuto;Alessandria;1;248;11,03;;9,96;;;10,12;3,30;48,24
01006105;Montecastello;Alessandria;1;285;22,78;;12,56;;17,12;11,23;8,39;61,01
01006106;Montechiaro d'Acqui;Alessandria;1;504;41,30;;17,45;;6,03;11,23;4,90;56,91
01006107;Montegioco;Alessandria;1;281;6,49;;7,85;;;3,82;2,97;28,04
01006108;Montemarzino;Alessandria;1;306;10,83;;7,71;;;5,11;3,17;38,40
01006110;Morbello;Alessandria;1;381;43,04;;25,36;;6,31;21,89;7,24;95,92
01006114;Novi Ligure;Alessandria;1;27.252;29,21;;19,60;;1,34;7,54;3,32;48,10
01006115;Occimiano;Alessandria;1;1.228;12,25;;8,33;;;7,69;4,46;27,73
01006117;Odalengo Piccolo;Alessandria;1;222;15,70;;16,12;;4,49;16,62;6,07;52,62
01006122;Oviglio;Alessandria;1;1.193;16,14;;8,19;;1,53;6,72;5,92;30,31
01006124;Paderna;Alessandria;1;193;8,27;;7,08;;0,55;4,01;7,72;36,29
01006125;Pareto;Alessandria;1;498;24,67;;25,61;;4,79;18,28;5,86;75,54
01006126;Parodi Ligure;Alessandria;1;604;32,11;;24,77;;0,90;28,24;19,23;84,33
01006127;Pasturana;Alessandria;1;1.289;42,64;;16,37;;0,16;3,36;5,86;36,57
01006128;Pecetto di Valenza;Alessandria;1;1.183;11,85;;10,06;;1,35;14,11;5,02;35,33
01006129;Pietra Marazzi;Alessandria;1;889;39,21;;10,36;;5,52;13,61;1,98;41,79
01006131;Pomaro Monferrato;Alessandria;1;301;34,14;;17,83;;3,51;21,58;8,39;61,49
01006132;Pontecurone;Alessandria;1;3.457;10,51;;17,86;;0,90;7,60;6,25;40,89
01006134;Ponti;Alessandria;1;514;44,33;;21,90;;6,82;13,93;4,91;67,28
01006137;Pozzol Groppo;Alessandria;1;295;13,67;;9,76;;;9,85;2,33;48,13
01006138;Pozzolo Formigaro;Alessandria;1;4.506;23,36;;11,46;;2,26;2,79;4,50;29,76
01006140;Predosa;Alessandria;1;1.899;18,32;;9,89;;0,02;2,24;4,33;23,82
01006141;Quargnento;Alessandria;1;1.346;19,97;;10,40;;4,86;8,08;1,22;35,15
01006142;Quattordio;Alessandria;1;1.461;16,39;;6,20;;0,48;11,61;1,61;31,01
01006145;Rivarone;Alessandria;1;393;21,45;;23,50;;13,90;11,27;5,58;59,61
01006146;Roccaforte Ligure;Alessandria;1;129;16,09;;6,57;;0,27;4,66;4,41;46,68
01006148;Rocchetta Ligure;Alessandria;1;223;5,99;;4,65;;;4,66;2,38;24,06
01006150;Sala Monferrato;Alessandria;1;332;17,54;;9,52;;;11,35;6,80;33,98
01006151;Sale;Alessandria;1;3.880;9,21;;19,71;;2,97;7,39;6,37;43,63
01006153;San Giorgio Monferrato;Alessandria;1;1.205;17,16;;14,87;;3,09;10,39;6,38;43,47
01006154;San Salvatore Monferrato;Alessandria;1;3.998;11,52;;17,91;;5,34;9,83;8,61;48,40
01006155;San Sebastiano Curone;Alessandria;1;536;8,01;;6,47;;2,54;2,66;5,10;33,79
01006156;Sant'Agata Fossili;Alessandria;1;365;6,37;;6,91;;;2,44;1,22;29,34
01006157;Sardigliano;Alessandria;1;380;12,86;;23,32;;;4,82;9,72;41,23
01006158;Sarezzano;Alessandria;1;1.108;30,18;;3,97;;0,55;5,14;5,93;43,69
01006160;Serravalle Scrivia;Alessandria;1;5.871;10,01;;16,86;;5,43;9,38;6,70;45,71
01006161;Sezzadio;Alessandria;1;1.151;19,28;;9,50;;4,24;7,66;1,13;31,60
01006163;Solero;Alessandria;1;1.572;14,58;;11,56;;1,87;8,63;4,35;36,12
01006165;Spigno Monferrato;Alessandria;1;898;54,11;;23,17;;2,34;19,23;5,79;74,79
01006166;Spineto Scrivia;Alessandria;1;380;42,91;;19,06;;;3,22;7,01;40,67
01006167;Stazzano;Alessandria;1;2.299;19,38;;7,23;;1,91;5,51;3,17;47,78
01006170;Tassarolo;Alessandria;1;589;33,60;;18,03;;0,94;2,51;8,01;40,18
01006174;Tortona;Alessandria;1;26.432;23,79;;11,15;;4,22;4,45;5,11;37,57
01006175;Treville;Alessandria;1;261;17,02;;19,29;;;21,29;9,41;55,83
01006177;Valenza;Alessandria;1;18.025;6,50;;16,83;;4,58;6,86;4,99;41,90
01006179;Vignale Monferrato;Alessandria;1;907;14,20;;10,19;;;7,52;4,66;28,05
01006180;Vignole Borbera;Alessandria;1;2.032;33,07;;5,09;;2,44;9,04;5,57;47,72
01006181;Viguzzolo;Alessandria;1;3.036;12,91;;17,01;;0,18;8,17;6,44;39,39
01006182;Villadeati;Alessandria;1;483;10,07;;12,48;;1,40;7,88;5,34;33,80
01006183;Villalvernia;Alessandria;1;870;6,42;;6,06;;;2,67;3,81;23,96
01006184;Villamiroglio;Alessandria;1;294;18,28;;20,84;;3,85;13,76;12,96;61,57
01006185;Villanova Monferrato;Alessandria;1;1.718;18,38;;14,65;;;4,38;5,32;33,53
01006186;Villaromagnano;Alessandria;1;647;16,48;;18,78;;0,13;3,51;6,84;37,41
01006188;Volpedo;Alessandria;1;1.150;6,86;;7,54;;;3,69;6,60;33,16
01006189;Volpeglino;Alessandria;1;132;13,68;;12,39;;;16,41;2,53;49,84
01006190;Voltaggio;Alessandria;1;657;41,64;;14,67;;0,09;13,33;16,85;56,98
11042001;Agugliano;Ancona;1;4.645;8,88;;18,06;;3,82;3,02;2,00;31,54
11042002;Ancona;Ancona;1;98.356;13,69;;12,51;;5,18;9,18;6,07;41,97
11042004;Barbara;Ancona;1;1.271;11,57;;20,86;;2,20;5,65;1,58;35,27
11042006;Camerano;Ancona;1;7.084;18,32;;14,52;;2,94;3,21;0,37;27,38
11042007;Camerata Picena;Ancona;1;2.486;8,25;;16,57;;3,02;4,01;3,11;31,43
11042010;Castelfidardo;Ancona;1;18.419;11,96;;10,35;;2,19;5,36;2,55;26,99
11042014;Chiaravalle;Ancona;1;14.289;11,88;;13,05;;4,14;6,01;3,48;33,42
11042018;Falconara Marittima;Ancona;1;25.530;16,67;;13,25;;7,05;10,64;4,47;45,07
11042019;Filottrano;Ancona;1;8.917;15,44;;16,49;;3,57;5,81;1,69;34,84
11042021;Jesi;Ancona;1;39.137;8,73;;11,94;;6,57;1,06;0,94;30,46
11042030;Monte San Vito;Ancona;1;6.704;13,47;;11,42;;2,38;6,09;3,22;30,72
11042027;Montemarciano;Ancona;1;9.762;14,84;;14,28;;3,12;6,40;1,69;30,66
11042032;Numana;Ancona;1;3.741;1,63;;17,43;;2,95;3,86;1,61;27,73
11042033;Offagna;Ancona;1;2.047;10,57;;21,22;;1,08;4,50;1,97;32,66
11042034;Osimo;Ancona;1;34.687;11,55;;17,09;;4,28;5,46;2,65;35,35
11042035;Ostra;Ancona;1;6.282;8,20;;14,20;;2,30;3,64;2,85;29,57
11042036;Ostra Vetere;Ancona;1;3.110;13,55;;16,77;;2,54;7,27;4,24;37,50
11042038;Polverigi;Ancona;1;4.582;9,45;;18,54;;4,37;3,11;1,32;31,87
11042043;Santa Maria Nuova;Ancona;1;3.942;8,16;;20,61;;3,58;3,60;1,17;32,67
11042044;Sassoferrato;Ancona;1;6.841;10,64;;14,68;;2,37;6,92;4,50;33,70
11042045;Senigallia;Ancona;1;44.019;7,86;;13,10;;5,79;3,17;1,45;27,82
11042046;Serra de' Conti;Ancona;1;3.559;6,45;;13,01;;2,32;4,89;2,76;26,22
11042048;Sirolo;Ancona;1;4.097;17,22;;15,04;;5,41;4,04;1,23;33,35
02007002;Antey-Saint-Andre;Aosta;1;538;10,04;;7,93;;0,36;5,63;7,76;27,59
02007003;Aosta;Aosta;1;33.093;12,00;;11,02;;8,80;8,59;1,25;37,97
02007005;Arvier;Aosta;1;822;11,42;;10,18;;0,59;4,28;9,30;32,81
02007006;Avise;Aosta;1;301;11,42;;10,18;;1,16;5,68;3,59;32,75
02007008;Aymavilles;Aosta;1;2.096;11,42;;10,18;;0,55;4,03;13,92;37,14
02007009;Bard;Aosta;1;108;16,58;;30,35;;0,63;9,04;14,82;62,16
02007011;Brissogne - Dato aggregazione CM4: Mont Emilius;Aosta;10;22.561;5,47;;10,05;;1,12;3,69;5,82;26,34
02007015;Chambave;Aosta;1;875;3,43;;2,71;;;1,90;2,30;9,20
02007016;Chamois;Aosta;1;108;19,01;;15,02;;;5,35;11,25;41,20
02007018;Champorcher;Aosta;1;362;14,65;;26,82;;2,19;4,03;3,90;43,40
02007020;Chatillon;Aosta;1;4.358;7,37;;5,29;;0,74;2,03;3,32;15,24
02007021;Cogne;Aosta;1;1.320;11,42;;10,18;;3,34;5,29;3,46;36,33
02007022;Courmayeur;Aosta;1;2.602;35,59;;19,07;;8,05;11,58;11,03;85,40
02007023;Donnas;Aosta;1;2.420;13,00;;21,75;;0,45;3,74;4,58;36,12
02007028;Fontainemore;Aosta;1;418;16,41;;29,07;;0,95;5,01;4,53;46,74
02007029;Gaby;Aosta;1;423;12,08;;12,48;;0,71;8,00;1,60;31,13
02007030;Gignod - Dato aggregazione CM3: Grand Combin;Aosta;11;5.601;6,08;;15,47;;2,03;7,47;23,73;52,92
02007032;Gressoney-La-Trinite;Aosta;1;322;12,11;;12,13;;0,93;7,86;3,25;31,48
02007033;Gressoney-Saint-Jean;Aosta;1;775;11,70;;12,42;;1,30;7,85;5,43;33,80
02007034;Hone;Aosta;1;1.140;14,64;;26,80;;0,56;4,98;2,36;41,16
02007035;Introd;Aosta;1;648;11,42;;10,18;;1,53;4,67;5,71;35,48
02007036;Issime;Aosta;1;365;13,81;;12,67;;1,23;8,12;3,00;32,31
02007039;La Magdeleine;Aosta;1;104;8,51;;6,72;;0,88;2,00;12,81;27,34
02007040;La Salle;Aosta;1;2.017;35,59;;19,07;;5,02;12,67;40,32;100,33
02007041;La Thuile;Aosta;1;790;35,59;;19,07;;3,96;18,70;5,00;83,38
02007042;Lillianes;Aosta;1;425;15,14;;26,48;;0,69;4,23;8,17;46,18
02007044;Morgex;Aosta;1;2.053;35,59;;19,07;;8,96;12,93;7,23;86,02
02007048;Perloz;Aosta;1;459;14,68;;26,26;;0,54;4,49;9,58;47,17
02007050;Pontboset;Aosta;1;172;18,80;;31,74;;0,66;5,87;3,99;50,38
02007051;Pontey;Aosta;1;790;5,36;;4,23;;0,15;2,87;3,91;14,05
02007052;Pont-Saint-Martin;Aosta;1;3.527;12,58;;23,03;;1,85;3,32;1,03;34,78
02007053;Pre-Saint-Didier;Aosta;1;980;35,60;;19,07;;6,99;17,09;28,27;94,67
02007055;Rhemes-Notre-Dame;Aosta;1;79;11,42;;10,18;;1,18;5,47;9,38;34,68
02007056;Rhemes-Saint-Georges;Aosta;1;163;11,42;;10,18;;3,19;4,26;7,38;33,99
02007059;Saint-Denis;Aosta;1;359;4,85;;3,83;;;1,32;6,60;14,07
02007061;Saint-Nicolas;Aosta;1;327;11,42;;10,18;;1,42;5,17;1,90;31,66
02007063;Saint-Pierre;Aosta;1;3.256;11,42;;10,18;;0,21;3,85;10,73;33,44
02007065;Saint-Vincent;Aosta;1;4.448;5,79;;4,58;;1,54;2,59;3,34;15,88
02007066;Sarre;Aosta;1;4.821;11,42;;10,18;;2,65;3,84;9,68;34,82
02007067;Torgnon;Aosta;1;557;24,55;;19,39;;;8,67;14,51;52,20
02007068;Valgrisenche;Aosta;1;191;11,42;;10,18;;0,21;5,98;3,54;31,26
02007070;Valsavarenche;Aosta;1;161;11,42;;10,18;;1,32;3,92;4,70;29,99
02007071;Valtournenche;Aosta;1;2.178;25,06;;19,80;;3,25;6,23;15,38;56,66
02007072;Verrayes;Aosta;1;1.293;3,53;;2,79;;;0,91;5,10;10,74
02007073;Verres - Dato aggregazione SubATO D: UC Mont Cervin - UC Evan??on;Aosta;10;11.287;18,42;;15,80;;0,99;5,50;12,42;42,84
02007074;Villeneuve;Aosta;1;1.262;11,50;;10,18;;0,75;3,99;3,09;29,57
09051001;Anghiari;Arezzo;1;5.384;9,83;;8,58;;2,69;2,43;3,65;32,17
09051002;Arezzo;Arezzo;1;96.260;9,70;;13,84;;4,83;2,56;3,69;35,95
09051003;Badia Tedalda;Arezzo;1;970;12,25;;24,42;;1,53;2,95;3,17;40,94
09051004;Bibbiena;Arezzo;1;11.833;7,18;;12,35;;4,27;2,94;2,55;33,84
09051005;Bucine;Arezzo;1;9.929;7,36;;10,68;;2,16;3,45;3,70;30,15
09051006;Capolona;Arezzo;1;5.209;26,09;;19,83;;3,28;4,73;5,88;45,44
09051007;Caprese Michelangelo;Arezzo;1;1.341;11,82;;24,36;;;5,60;3,59;35,84
09051008;Castel Focognano;Arezzo;1;2.963;9,08;;22,20;;7,58;3,81;1,58;40,76
09051010;Castel San Niccolo;Arezzo;1;2.487;9,54;;18,42;;3,94;4,24;2,43;37,79
09051040;Castelfranco Piandisco;Arezzo;1;9.774;14,82;;22,33;;2,20;2,70;2,51;39,28
09051011;Castiglion Fibocchi;Arezzo;1;2.093;14,43;;18,25;;6,19;4,90;2,73;41,83
09051012;Castiglion Fiorentino;Arezzo;1;12.918;10,48;;18,93;;3,58;3,98;3,38;38,00
09051013;Cavriglia;Arezzo;1;9.414;6,76;;10,12;;1,28;1,77;2,20;27,28
09051014;Chitignano;Arezzo;1;852;8,48;;12,06;;7,21;2,79;3,82;41,37
09051016;Civitella in Val di Chiana;Arezzo;1;8.748;10,52;;12,50;;2,77;2,64;2,69;31,27
09051017;Cortona;Arezzo;1;21.133;10,88;;18,91;;3,19;3,50;3,31;40,04
09051018;Foiano della Chiana;Arezzo;1;9.019;18,36;;16,36;;5,04;3,32;4,37;46,98
09051042;Laterina Pergine Valdarno;Arezzo;1;6.366;8,54;;16,32;;3,32;1,88;3,97;36,36
09051022;Marciano della Chiana;Arezzo;1;3.431;7,26;;20,97;;4,24;2,42;1,07;34,66
09051025;Monte San Savino;Arezzo;1;8.550;12,26;;18,51;;4,46;2,76;3,90;37,52
09051023;Montemignaio;Arezzo;1;517;9,11;;17,27;;2,35;7,44;3,72;46,06
09051024;Monterchi;Arezzo;1;1.694;13,04;;9,80;;1,79;2,02;3,79;38,25
09051026;Montevarchi;Arezzo;1;24.081;9,88;;11,00;;5,69;1,86;3,74;34,40
09051030;Pieve Santo Stefano;Arezzo;1;2.965;9,37;;11,28;;4,09;4,77;4,15;37,92
09051033;San Giovanni Valdarno;Arezzo;1;16.571;11,16;;13,32;;5,97;4,21;3,10;38,37
09051035;Sestino;Arezzo;1;1.201;5,49;;11,70;;3,08;4,01;0,80;21,25
09051037;Subbiano;Arezzo;1;6.281;19,91;;15,61;;2,62;3,34;5,11;37,75
09051038;Talla;Arezzo;1;984;7,42;;28,45;;10,51;6,29;3,42;48,42
09051039;Terranuova Bracciolini;Arezzo;1;11.959;14,96;;20,71;;4,42;5,92;2,66;43,43
11044002;Acquaviva Picena;Ascoli Piceno;1;3.654;9,73;;10,80;;5,64;3,76;5,79;34,33
11044010;Carassai;Ascoli Piceno;1;977;8,84;;16,44;;4,68;6,78;6,47;42,29
11044011;Castel di Lama;Ascoli Piceno;1;8.395;13,06;;17,30;;1,64;2,47;;26,61
11044013;Castorano;Ascoli Piceno;1;2.223;9,99;;16,18;;0,40;4,76;4,82;34,30
11044014;Colli del Tronto;Ascoli Piceno;1;3.653;8,51;;7,59;;0,61;2,83;1,95;20,65
11044015;Comunanza;Ascoli Piceno;1;2.915;6,79;;;;2,37;1,29;0,01;10,78
11044016;Cossignano;Ascoli Piceno;1;865;21,54;;15,01;;6,65;4,04;4,53;41,35
11044017;Cupra Marittima;Ascoli Piceno;1;5.441;6,92;;8,41;;3,36;2,96;3,87;26,07
11044020;Folignano;Ascoli Piceno;1;8.734;12,62;;8,15;;0,37;5,31;2,57;27,02
11044021;Force;Ascoli Piceno;1;1.132;9,86;;7,68;;7,91;12,92;;35,59
11044023;Grottammare;Ascoli Piceno;1;15.814;7,73;;10,55;;7,53;4,29;7,37;37,69
11044027;Maltignano;Ascoli Piceno;1;2.205;9,21;;12,65;;1,08;5,40;5,06;32,51
11044029;Massignano;Ascoli Piceno;1;1.602;7,10;;14,41;;0,57;2,83;1,92;27,64
11044031;Monsampolo del Tronto;Ascoli Piceno;1;4.418;8,83;;11,06;;3,35;4,58;4,26;31,85
11044032;Montalto delle Marche;Ascoli Piceno;1;1.893;19,13;;19,71;;7,15;3,70;1,55;37,06
11044034;Montedinove;Ascoli Piceno;1;460;13,20;;14,18;;4,49;5,82;4,85;35,23
11044045;Monteprandone;Ascoli Piceno;1;12.896;10,63;;10,14;;1,70;3,09;5,11;29,14
11044054;Offida;Ascoli Piceno;1;4.647;6,03;;7,36;;4,13;4,79;3,08;28,61
11044063;Ripatransone;Ascoli Piceno;1;4.072;9,76;;14,35;;3,49;6,24;7,00;38,32
11044065;Rotella;Ascoli Piceno;1;803;7,11;;15,33;;4,31;11,84;4,09;42,46
11044066;San Benedetto del Tronto;Ascoli Piceno;1;46.957;6,61;;11,19;;4,90;4,24;5,17;34,62
11044071;Spinetoli;Ascoli Piceno;1;7.213;9,45;;9,42;;2,72;2,91;5,27;29,07
01005001;Agliano Terme;Asti;1;1.558;10,52;;8,50;;3,97;5,62;2,45;30,80
01005002;Albugnano;Asti;1;496;5,61;;11,19;;3,65;6,54;4,89;37,52
01005003;Antignano;Asti;1;940;11,53;;17,56;;7,00;15,97;5,67;54,48
01005004;Aramengo;Asti;1;575;9,41;;12,94;;5,79;7,11;2,71;37,45
01005005;Asti;Asti;1;73.421;14,51;;13,61;;5,12;8,39;5,63;43,74
01005006;Azzano d'Asti;Asti;1;389;12,52;;13,70;;4,59;5,48;3,82;37,78
01005007;Baldichieri d'Asti;Asti;1;1.113;7,69;;11,59;;5,16;6,75;2,67;36,30
01005008;Belveglio;Asti;1;308;15,62;;10,16;;6,52;4,62;1,17;32,50
01005009;Berzano di San Pietro;Asti;1;421;9,54;;10,51;;3,95;3,90;4,93;32,42
01005010;Bruno;Asti;1;299;14,50;;36,75;;5,79;13,73;9,45;66,89
01005011;Bubbio;Asti;1;808;2,66;;20,08;;15,82;5,14;1,34;46,87
01005012;Buttigliera d'Asti;Asti;1;2.532;11,55;;8,74;;2,17;3,59;5,72;30,96
01005013;Calamandrana;Asti;1;1.654;14,80;;15,00;;2,87;4,04;16,77;47,90
01005014;Calliano;Asti;1;1.203;15,43;;18,54;;2,22;3,37;1,90;35,29
01005015;Calosso;Asti;1;1.120;21,18;;17,31;;5,40;6,00;14,27;51,63
01005016;Camerano Casasco;Asti;1;399;13,30;;19,27;;11,96;6,10;4,81;51,57
01005017;Canelli;Asti;1;10.021;17,37;;18,25;;2,28;2,82;5,87;38,84
01005018;Cantarana;Asti;1;981;16,44;;10,36;;5,62;3,29;3,45;30,66
01005019;Capriglio;Asti;1;307;15,04;;12,80;;0,94;7,01;9,91;39,17
01005020;Casorzo;Asti;1;595;16,73;;21,01;;10,16;8,12;2,15;51,32
01005021;Cassinasco;Asti;1;558;4,07;;16,97;;2,17;1,07;1,01;25,36
01005022;Castagnole delle Lanze;Asti;1;3.661;10,53;;14,52;;1,27;8,02;3,90;35,96
01005023;Castagnole Monferrato;Asti;1;1.108;18,54;;22,84;;3,97;2,91;1,39;40,06
01005024;Castel Boglione;Asti;1;581;3,13;;14,64;;0,85;4,75;1,98;33,19
01005032;Castel Rocchero;Asti;1;379;2,38;;17,86;;5,58;8,37;36,51;73,27
01005025;Castell'Alfero;Asti;1;2.610;10,95;;17,25;;3,52;4,92;5,02;38,71
01005026;Castellero;Asti;1;278;10,94;;13,66;;22,53;4,47;1,46;51,49
01005027;Castelletto Molina;Asti;1;141;17,94;;26,80;;7,46;17,05;10,27;68,02
01005028;Castello di Annone;Asti;1;1.822;16,93;;17,91;;2,35;2,23;1,43;33,29
01005029;Castelnuovo Belbo;Asti;1;822;14,43;;22,63;;2,44;8,36;3,14;45,59
01005030;Castelnuovo Calcea;Asti;1;690;6,80;;9,16;;2,08;2,21;3,49;25,22
01005031;Castelnuovo Don Bosco;Asti;1;3.119;9,37;;10,55;;2,48;2,25;9,49;36,42
01005033;Cellarengo;Asti;1;712;9,64;;9,55;;4,19;8,05;1,80;32,10
01005034;Celle Enomondo;Asti;1;440;6,04;;17,06;;2,41;9,79;5,90;44,23
01005035;Cerreto d'Asti;Asti;1;217;16,22;;15,54;;;8,43;21,46;57,16
01005036;Cerro Tanaro;Asti;1;587;18,58;;20,47;;2,57;2,66;3,54;36,40
01005037;Cessole;Asti;1;358;3,60;;13,56;;2,45;7,07;1,11;32,92
01005038;Chiusano d'Asti;Asti;1;250;13,89;;13,32;;;4,66;7,82;34,94
01005039;Cinaglio;Asti;1;410;14,95;;15,39;;6,82;7,58;1,09;41,75
01005040;Cisterna d'Asti;Asti;1;1.207;12,38;;17,36;;1,79;6,44;3,67;36,77
01005041;Coazzolo;Asti;1;292;10,47;;20,75;;2,74;12,35;1,04;43,56
01005042;Cocconato;Asti;1;1.422;10,27;;18,68;;2,47;7,13;6,84;44,65
01005044;Corsione;Asti;1;201;31,91;;17,45;;;25,65;1,63;58,28
01005045;Cortandone;Asti;1;307;9,95;;13,53;;5,51;6,28;1,03;36,07
01005046;Cortanze;Asti;1;261;13,40;;12,67;;8,87;3,52;1,13;37,56
01005047;Cortazzone;Asti;1;583;13,08;;12,99;;;5,95;3,93;31,41
01005048;Cortiglione;Asti;1;527;12,60;;16,75;;3,94;7,46;7,11;43,72
01005049;Cossombrato;Asti;1;517;15,42;;15,31;;6,79;2,75;3,66;38,94
01005050;Costigliole d'Asti;Asti;1;5.630;9,72;;13,19;;1,75;5,25;4,03;32,31
01005051;Cunico;Asti;1;428;13,81;;15,99;;1,78;3,26;2,28;32,42
01005052;Dusino San Michele;Asti;1;1.057;7,05;;10,57;;1,76;3,13;2,96;27,10
01005053;Ferrere;Asti;1;1.505;9,90;;13,20;;4,77;8,24;3,80;37,78
01005054;Fontanile;Asti;1;486;14,22;;20,57;;7,36;10,17;31,26;79,20
01005055;Frinco;Asti;1;739;13,75;;13,11;;1,98;5,00;3,21;32,80
01005056;Grana;Asti;1;509;13,57;;23,28;;6,34;5,09;13,31;59,12
01005057;Grazzano Badoglio;Asti;1;572;16,49;;21,16;;7,84;8,48;1,74;48,26
01005058;Incisa Scapaccino;Asti;1;2.019;11,59;;25,12;;5,86;5,00;2,52;45,35
01005059;Isola d'Asti;Asti;1;1.939;19,91;;16,17;;3,69;3,52;2,40;34,87
01005060;Loazzolo;Asti;1;295;2,90;;11,77;;5,96;13,20;0,89;39,23
01005061;Maranzana;Asti;1;228;12,96;;38,98;;16,08;22,27;1,26;77,68
01005062;Maretto;Asti;1;372;8,24;;13,54;;6,02;4,30;1,01;31,90
01005063;Moasca;Asti;1;535;9,29;;10,86;;2,99;5,26;5,94;33,38
01005065;Mombaruzzo;Asti;1;952;9,54;;13,40;;4,59;2,34;0,68;31,62
01005066;Mombercelli;Asti;1;2.087;15,50;;11,17;;1,90;2,54;3,26;29,68
01005067;Monale;Asti;1;979;9,36;;12,80;;8,04;4,12;1,02;35,51
01005068;Monastero Bormida;Asti;1;861;3,12;;7,06;;1,70;7,21;2,37;26,66
01005069;Moncalvo;Asti;1;2.730;8,07;;12,91;;2,95;5,03;4,56;30,67
01005070;Moncucco Torinese;Asti;1;880;11,26;;15,37;;;13,71;4,77;38,58
01005071;Mongardino;Asti;1;854;18,70;;21,41;;4,31;6,49;1,48;42,38
01005072;Montabone;Asti;1;319;2,42;;15,12;;4,76;8,61;3,41;36,46
01005073;Montafia;Asti;1;938;11,31;;15,76;;3,01;4,08;4,98;37,75
01005074;Montaldo Scarampi;Asti;1;694;10,01;;10,07;;3,09;3,27;3,63;30,38
01005075;Montechiaro d'Asti;Asti;1;1.229;12,16;;12,44;;4,97;3,01;2,18;33,12
01005076;Montegrosso d'Asti;Asti;1;2.311;8,60;;14,78;;2,61;5,47;1,11;32,45
01005077;Montemagno;Asti;1;1.034;9,05;;22,14;;4,38;5,41;0,90;38,07
01005121;Montiglio Monferrato;Asti;1;1.496;10,62;;20,57;;2,96;4,22;4,59;41,76
01005079;Moransengo;Asti;1;184;13,17;;15,78;;3,00;16,77;2,69;47,07
01005080;Nizza Monferrato;Asti;1;10.101;10,47;;16,16;;1,60;1,45;3,67;35,16
01005081;Olmo Gentile;Asti;1;73;32,06;;14,37;;0,86;21,38;1,08;66,12
01005082;Passerano Marmorito;Asti;1;443;9,65;;21,17;;11,13;5,37;5,17;50,42
01005083;Penango;Asti;1;436;13,62;;2,00;;3,08;4,43;3,94;43,13
01005084;Piea;Asti;1;511;11,86;;12,99;;6,01;4,01;0,97;32,51
01005085;Pino d'Asti;Asti;1;213;11,30;;14,64;;2,64;7,73;7,52;41,93
01005086;Piova  Massaia;Asti;1;575;19,43;;20,78;;7,39;8,81;4,71;53,90
01005087;Portacomaro;Asti;1;1.901;11,40;;20,48;;4,80;4,82;3,83;42,49
01005088;Quaranti;Asti;1;148;36,11;;0,97;;5,07;17,65;2,05;79,86
01005089;Refrancore;Asti;1;1.574;16,08;;23,04;;3,36;2,49;1,30;40,15
01005090;Revigliasco d'Asti;Asti;1;733;13,04;;15,95;;2,30;8,57;3,13;39,06
01005091;Roatto;Asti;1;367;15,50;;21,43;;12,64;13,49;3,53;58,79
01005092;Robella;Asti;1;436;20,89;;3,09;;;8,37;4,92;48,78
01005093;Rocca d'Arazzo;Asti;1;926;10,34;;13,18;;2,91;5,46;4,30;36,13
01005094;Roccaverano;Asti;1;374;2,89;;10,95;;2,80;4,49;0,96;28,71
01005095;Rocchetta Palafea;Asti;1;338;;;15,28;;7,14;5,12;0,84;36,19
01005096;Rocchetta Tanaro;Asti;1;1.348;15,56;;20,36;;4,10;4,87;3,46;43,44
01005097;San Damiano d'Asti;Asti;1;8.056;13,75;;15,10;;0,51;2,25;2,25;27,65
01005098;San Giorgio Scarampi;Asti;1;94;3,43;;16,07;;6,11;12,51;1,25;41,99
01005099;San Martino Alfieri;Asti;1;677;11,87;;15,09;;2,78;6,30;4,54;38,11
01005100;San Marzano Oliveto;Asti;1;998;16,64;;19,03;;3,16;2,60;1,84;34,95
01005101;San Paolo Solbrito;Asti;1;1.159;13,91;;14,92;;5,62;7,61;3,57;39,74
01005103;Scurzolengo;Asti;1;506;15,72;;21,74;;6,56;6,92;3,95;45,53
01005104;Serole;Asti;1;101;4,01;;11,96;;0,85;20,40;0,92;42,82
01005105;Sessame;Asti;1;241;3,88;;18,09;;28,79;1,28;13,93;68,93
01005106;Settime;Asti;1;547;10,29;;0,62;;8,58;6,42;1,72;41,36
01005107;Soglio;Asti;1;139;23,74;;10,12;;7,30;7,57;4,84;41,96
01005108;Tigliole;Asti;1;1.709;9,93;;13,08;;0,51;3,19;2,36;28,18
01005109;Tonco;Asti;1;743;16,51;;3,12;;4,03;3,60;2,38;43,59
01005110;Tonengo;Asti;1;210;5,47;;22,90;;2,76;9,72;10,92;56,04
01005111;Vaglio Serra;Asti;1;266;19,78;;19,19;;2,18;6,82;1,58;39,93
01005112;Valfenera;Asti;1;2.402;8,99;;7,14;;3,31;7,09;4,83;31,21
01005113;Vesime;Asti;1;601;3,08;;13,62;;0,81;8,15;0,77;30,68
01005114;Viale;Asti;1;242;17,59;;21,66;;;8,18;1,51;42,79
01005115;Viarigi;Asti;1;851;16,61;;23,87;;8,02;12,62;11,25;65,81
01005116;Vigliano d'Asti;Asti;1;815;38,43;;14,88;;4,73;6,18;4,12;41,08
01005119;Villa San Secondo;Asti;1;368;15,66;;15,72;;12,22;9,77;1,46;50,00
01005117;Villafranca d'Asti;Asti;1;2.932;18,36;;11,34;;1,39;5,25;1,37;29,22
01005118;Villanova d'Asti;Asti;1;5.487;19,60;;18,20;;3,46;4,73;4,67;44,71
01005120;Vinchio;Asti;1;546;15,51;;13,87;;5,38;3,46;3,45;34,61
15064001;Aiello del Sabato;Avellino;1;4.000;19,62;;21,15;;4,12;3,51;1,43;43,31
15064002;Altavilla Irpina;Avellino;1;3.945;11,81;;9,54;;9,20;0,37;10,49;41,38
15064005;Ariano Irpino;Avellino;1;21.023;30,79;;29,23;;2,94;4,40;11,12;64,54
15064006;Atripalda;Avellino;1;10.367;20,25;;23,05;;8,73;3,02;3,97;51,43
15064007;Avella;Avellino;1;7.516;42,82;;11,50;;6,29;1,26;;41,89
15064008;Avellino;Avellino;1;52.198;19,01;;23,00;;14,95;4,18;11,49;65,39
15064009;Bagnoli Irpino;Avellino;1;3.027;95,78;;;;4,17;0,82;;52,06
15064010;Baiano;Avellino;1;4.443;22,45;;8,27;;6,40;1,84;1,97;35,11
15064011;Bisaccia;Avellino;1;3.534;15,67;;17,15;;2,31;14,93;4,68;50,49
15064012;Bonito;Avellino;1;2.217;20,74;;15,27;;6,70;3,19;30,15;74,29
15064014;Calabritto;Avellino;1;2.148;;;;;0,24;13,73;11,84;60,39
15064015;Calitri;Avellino;1;4.243;11,32;;6,63;;0,18;16,58;8,83;46,59
15064016;Candida;Avellino;1;1.101;26,86;;25,56;;4,91;2,26;1,68;50,38
15064017;Caposele;Avellino;1;3.245;14,74;;55,04;;5,38;1,60;;53,13
15064018;Capriglia Irpina;Avellino;1;2.262;19,47;;23,01;;2,04;1,86;4,45;44,25
15064019;Carife;Avellino;1;1.272;17,69;;17,10;;0,29;19,89;28,60;83,05
15064020;Casalbore;Avellino;1;1.574;28,38;;2,98;;8,00;1,91;5,99;45,48
15064021;Cassano Irpino;Avellino;1;945;25,68;;31,60;;7,35;3,83;1,85;55,49
15064022;Castel Baronia;Avellino;1;1.062;29,33;;37,83;;4,19;6,63;2,47;63,44
15064023;Castelfranci;Avellino;1;1.766;35,33;;;;3,36;6,76;12,16;72,17
15064024;Castelvetere sul Calore;Avellino;1;1.486;29,95;;37,76;;;2,14;1,21;54,42
15064025;Cervinara;Avellino;1;8.680;14,64;;17,22;;4,00;3,66;2,99;42,28
15064026;Cesinali;Avellino;1;2.552;34,76;;15,61;;1,68;0,60;4,85;48,05
15064027;Chianche;Avellino;1;478;;;;;22,67;26,30;6,51;78,20
15064029;Contrada;Avellino;1;2.950;19,93;;23,28;;3,22;9,66;20,80;70,37
15064031;Domicella;Avellino;1;1.849;19,29;;7,42;;;2,02;3,08;23,09
15064032;Flumeri;Avellino;1;2.506;39,32;;49,50;;1,55;8,46;7,39;76,28
15064033;Fontanarosa;Avellino;1;2.870;30,16;;31,09;;2,75;3,39;;50,02
15064034;Forino;Avellino;1;5.179;15,47;;16,90;;2,86;2,72;3,98;40,77
15064035;Frigento;Avellino;1;3.462;37,19;;31,81;;7,90;;;47,64
15064036;Gesualdo;Avellino;1;3.234;28,24;;26,91;;2,11;2,09;3,62;52,67
15064038;Grottaminarda;Avellino;1;7.711;21,31;;22,21;;0,98;2,17;5,34;44,30
15064039;Grottolella;Avellino;1;1.793;22,11;;21,58;;1,42;7,55;9,50;53,49
15064040;Guardia Lombardi;Avellino;1;1.515;35,92;;41,09;;;8,69;8,93;67,34
15064041;Lacedonia;Avellino;1;2.048;7,11;;18,72;;2,71;2,14;8,96;39,76
15064042;Lapio;Avellino;1;1.428;7,48;;26,57;;0,15;0,48;0,23;34,30
15064044;Lioni;Avellino;1;5.934;22,27;;18,54;;3,68;2,21;3,31;40,11
15064045;Luogosano;Avellino;1;1.082;32,19;;36,84;;2,33;3,61;17,30;71,12
15064046;Manocalzati;Avellino;1;3.019;33,64;;16,39;;4,54;4,62;12,07;56,19
15064049;Mercogliano;Avellino;1;11.492;22,28;;21,86;;7,49;3,64;4,45;51,60
15064052;Montecalvo Irpino;Avellino;1;3.324;36,92;;41,41;;7,13;3,29;3,44;68,75
15064054;Monteforte Irpino;Avellino;1;11.229;23,77;;20,12;;4,28;4,70;8,18;55,27
15064056;Montefusco;Avellino;1;1.192;70,96;;20,27;;4,10;3,61;0,98;48,78
15064057;Montella;Avellino;1;7.291;17,05;;17,07;;5,82;2,62;1,98;39,37
15064058;Montemarano;Avellino;1;2.610;101,46;;;;2,41;1,55;;60,85
15064059;Montemiletto;Avellino;1;5.070;24,51;;29,57;;;2,65;18,84;63,52
15064060;Monteverde;Avellino;1;695;40,90;;40,29;;;3,33;1,39;61,04
15064121;Montoro;Avellino;1;19.347;15,84;;14,99;;7,67;0,46;6,95;44,45
15064063;Morra De Sanctis;Avellino;1;1.124;24,44;;;;;4,35;18,28;49,16
15064066;Nusco;Avellino;1;3.899;30,10;;36,40;;5,57;3,60;8,13;65,07
15064067;Ospedaletto d'Alpinolo;Avellino;1;2.024;26,78;;30,67;;8,30;6,01;8,73;65,51
15064068;Pago del Vallo di Lauro;Avellino;1;1.710;24,31;;34,70;;1,75;0,34;;46,41
15064069;Parolise;Avellino;1;637;28,28;;30,88;;7,26;3,12;1,63;58,30
15064070;Paternopoli;Avellino;1;2.143;26,38;;31,23;;6,06;2,68;1,88;54,97
15064071;Petruro Irpino;Avellino;1;302;14,48;;22,99;;0,68;3,51;0,34;41,33
15064073;Pietrastornina;Avellino;1;1.449;28,59;;30,80;;1,36;8,69;76,21;130,54
15064074;Prata di Principato Ultra;Avellino;1;2.696;26,43;;23,98;;6,17;5,97;5,09;56,50
15064075;Pratola Serra;Avellino;1;3.592;8,84;;15,36;;14,77;2,85;7,41;56,99
15064077;Quindici;Avellino;1;1.790;16,94;;24,90;;4,30;4,84;6,10;58,88
15064079;Rocca San Felice;Avellino;1;781;50,49;;22,45;;8,63;4,39;36,00;96,98
15064078;Roccabascerana;Avellino;1;2.308;11,91;;18,54;;4,11;6,61;1,16;39,54
15064081;Salza Irpina;Avellino;1;720;23,77;;35,38;;4,61;7,05;5,68;62,23
15064082;San Mango sul Calore;Avellino;1;1.093;27,01;;35,72;;3,48;16,36;8,47;69,48
15064084;San Michele di Serino;Avellino;1;2.414;18,17;;20,73;;;1,30;0,72;35,14
15064085;San Nicola Baronia;Avellino;1;762;36,48;;35,11;;10,13;5,67;10,90;77,73
15064086;San Potito Ultra;Avellino;1;1.477;14,83;;15,28;;9,73;4,14;1,16;43,84
15064087;San Sossio Baronia;Avellino;1;1.490;33,95;;39,08;;3,71;3,09;19,92;78,57
15064093;Santa Paolina;Avellino;1;1.157;30,57;;23,05;;9,88;16,21;1,35;67,53
15064089;Sant'Andrea di Conza;Avellino;1;1.406;115,37;;7,82;;5,78;4,83;3,14;49,68
15064091;Sant'Angelo a Scala;Avellino;1;703;28,44;;31,00;;7,63;3,21;4,97;61,70
15064090;Sant'Angelo all'Esca;Avellino;1;730;28,41;;31,49;;2,84;2,73;9,82;60,29
15064092;Sant'Angelo dei Lombardi;Avellino;1;3.832;51,66;;;;2,23;;;45,72
15064095;Santo Stefano del Sole;Avellino;1;2.055;22,57;;22,68;;10,19;2,02;15,91;66,72
15064096;Savignano Irpino;Avellino;1;1.004;57,69;;61,39;;0,14;5,25;6,76;92,15
15064097;Scampitella;Avellino;1;1.036;60,89;;18,97;;4,19;6,98;22,57;79,48
15064098;Senerchia;Avellino;1;733;51,80;;8,67;;;0,45;5,05;29,59
15064101;Solofra;Avellino;1;12.053;21,98;;24,14;;5,16;6,22;11,58;62,23
15064102;Sorbo Serpico;Avellino;1;530;66,46;;44,18;;8,68;6,97;9,52;88,58
15064105;Summonte;Avellino;1;1.518;24,40;;27,37;;10,52;5,12;1,59;58,22
15064107;Taurasi;Avellino;1;2.161;36,34;;36,21;;5,25;3,91;26,16;86,80
15064108;Teora;Avellino;1;1.447;15,50;;29,62;;14,03;2,76;26,94;79,60
15064109;Torella dei Lombardi;Avellino;1;1.952;109,83;;;;0,49;0,23;2,90;62,82
15064110;Torre Le Nocelle;Avellino;1;1.201;29,57;;;;;5,97;0,88;34,46
15064112;Trevico;Avellino;1;842;15,77;;15,85;;12,51;5,34;21,62;72,04
15064113;Tufo;Avellino;1;772;16,70;;19,34;;12,18;6,31;6,93;58,55
15064117;Villamaina;Avellino;1;911;36,96;;41,44;;3,15;6,79;11,82;78,03
15064118;Villanova del Battista;Avellino;1;1.472;33,15;;36,04;;2,56;2,71;1,13;55,24
15064119;Volturara Irpina;Avellino;1;2.963;14,07;;12,30;;0,71;3,63;15,73;54,04
15064120;Zungoli;Avellino;1;942;62,54;;31,32;;13,54;2,30;10,73;77,62
16072001;Acquaviva delle Fonti;Bari;1;19.938;9,21;;18,66;;7,35;2,24;5,05;43,24
16072002;Adelfia;Bari;1;16.494;17,29;;15,73;;6,00;4,32;6,45;41,76
16072003;Alberobello;Bari;1;10.248;9,92;;19,60;;5,58;6,64;9,63;49,75
16072006;Bari;Bari;1;316.015;7,46;;21,58;;7,48;3,78;1,39;36,30
16072008;Binetto;Bari;1;2.128;26,75;;16,28;;7,00;9,33;0,34;47,90
16072010;Bitetto;Bari;1;11.767;11,37;;16,03;;5,87;5,41;2,78;39,56
16072011;Bitonto;Bari;1;53.168;9,57;;12,86;;10,29;1,16;2,13;35,45
16072012;Bitritto;Bari;1;11.315;36,68;;14,84;;6,97;2,50;1,18;38,76
16072015;Casamassima;Bari;1;19.294;0,78;;7,59;;27,40;0,13;;42,65
16072018;Cellamare;Bari;1;5.810;4,25;;15,09;;;4,44;4,15;36,56
16072019;Conversano;Bari;1;25.779;9,37;;16,03;;8,83;4,15;3,63;49,23
16072020;Corato;Bari;1;47.033;9,26;;20,41;;6,62;2,23;5,45;40,33
16072021;Gioia del Colle;Bari;1;26.562;11,65;;19,61;;5,73;7,72;2,89;45,24
16072023;Gravina in Puglia;Bari;1;42.703;10,92;;18,36;;6,42;6,86;5,12;44,78
16072024;Grumo Appula;Bari;1;12.141;19,64;;28,19;;12,46;6,64;3,38;59,22
16072025;Locorotondo;Bari;1;13.930;20,29;;15,70;;7,33;6,75;8,71;49,45
16072027;Modugno;Bari;1;36.224;12,88;;25,21;;9,71;3,02;3,39;48,65
16072028;Mola di Bari;Bari;1;24.416;9,92;;24,15;;5,66;2,43;2,99;43,15
16072029;Molfetta;Bari;1;57.329;15,97;;;;6,56;7,34;2,57;40,71
16072030;Monopoli;Bari;1;47.996;;;;;;3,16;4,66;17,48
16072031;Noci;Bari;1;18.361;8,48;;16,95;;4,22;8,06;1,98;37,77
16072032;Noicattaro;Bari;1;25.885;14,95;;16,36;;6,53;2,99;1,31;36,23
16072033;Palo del Colle;Bari;1;20.575;12,85;;23,71;;7,78;4,22;0,44;46,63
16072034;Poggiorsini;Bari;1;1.273;41,74;;25,81;;8,56;6,08;;49,93
16072035;Polignano a Mare;Bari;1;17.531;5,91;;18,80;;7,03;1,10;4,60;42,27
16072036;Putignano;Bari;1;25.935;6,83;;23,77;;6,51;7,60;9,36;52,51
16072037;Rutigliano;Bari;1;18.293;19,75;;15,15;;5,97;6,29;1,10;37,76
16072038;Ruvo di Puglia;Bari;1;24.347;10,68;;19,51;;5,89;1,92;2,15;41,03
16072039;Sammichele di Bari;Bari;1;6.022;9,05;;22,17;;5,20;7,21;0,42;41,98
16072041;Santeramo in Colle;Bari;1;25.713;11,22;;21,67;;7,61;5,29;2,10;44,36
16072043;Terlizzi;Bari;1;26.112;9,55;;20,59;;7,77;2,53;1,14;39,92
16072047;Turi;Bari;1;12.971;12,81;;16,10;;5,12;2,61;4,60;41,82
16110001;Andria;Barletta-Andria-Trani;1;97.146;7,34;;19,94;;5,56;4,16;3,62;39,69
16110002;Barletta;Barletta-Andria-Trani;1;92.427;9,07;;16,19;;6,81;3,56;0,92;39,76
16110003;Bisceglie;Barletta-Andria-Trani;1;53.534;11,96;;18,81;;3,92;1,29;4,03;40,38
16110004;Canosa di Puglia;Barletta-Andria-Trani;1;27.943;5,69;;24,81;;5,49;3,32;0,36;39,68
16110005;Margherita di Savoia;Barletta-Andria-Trani;1;11.161;7,17;;36,16;;6,09;5,55;1,99;44,79
16110008;Spinazzola;Barletta-Andria-Trani;1;5.934;18,25;;33,14;;12,33;3,41;0,82;62,28
16110009;Trani;Barletta-Andria-Trani;1;54.941;21,82;;5,69;;2,52;12,73;2,63;38,91
16110010;Trinitapoli;Barletta-Andria-Trani;1;13.844;5,20;;24,37;;6,07;4,32;1,69;43,79
05025001;Agordo - Dato aggregazione Unione Montana Agordina;Belluno;16;18.229;23,39;;14,58;;1,12;5,42;3,72;32,53
05025002;Alano di Piave;Belluno;1;2.701;27,86;;18,44;;2,32;4,73;2,86;39,53
05025072;Alpago;Belluno;1;6.612;5,68;;4,58;;1,43;1,80;2,21;19,08
05025004;Arsie;Belluno;1;2.192;20,10;;15,57;;1,36;2,70;0,43;28,46
05025005;Auronzo di Cadore;Belluno;1;3.063;15,30;;19,49;;4,64;6,57;4,69;41,24
05025006;Belluno;Belluno;1;35.529;18,18;;8,89;;3,19;7,70;2,77;30,03
05025007;Borca di Cadore;Belluno;1;842;11,50;;21,65;;5,97;7,77;0,18;41,78
05025074;Borgo Valbelluna;Belluno;1;13.410;34,27;;5,32;;1,74;4,94;3,71;24,43
05025008;Calalzo di Cadore;Belluno;1;1.841;19,84;;9,67;;2,13;6,07;4,74;29,21
05025011;Cesiomaggiore;Belluno;1;3.923;21,49;;14,60;;1,17;4,24;1,24;28,89
05025012;Chies d'Alpago;Belluno;1;1.251;4,20;;4,55;;1,11;2,97;2,74;20,11
05025013;Cibiana di Cadore;Belluno;1;331;21,73;;37,83;;1,69;4,92;;54,06
05025015;Comelico Superiore;Belluno;1;2.080;6,60;;13,01;;2,00;5,56;5,91;31,56
05025016;Cortina d'Ampezzo;Belluno;1;5.546;15,35;;14,60;;7,08;2,47;4,22;42,90
05025017;Danta di Cadore;Belluno;1;433;5,63;;11,18;;0,76;6,36;7,27;31,06
05025018;Domegge di Cadore;Belluno;1;2.234;17,86;;9,75;;2,41;5,66;3,18;27,11
05025021;Feltre;Belluno;1;20.369;14,15;;6,15;;2,37;4,03;3,35;22,96
05025022;Fonzaso;Belluno;1;3.012;12,14;;16,26;;1,30;1,00;;25,74
05025026;Lamon;Belluno;1;2.629;32,55;;14,48;;1,64;1,89;1,45;30,51
05025029;Limana;Belluno;1;5.355;11,48;;8,98;;2,18;6,47;5,74;30,37
05025071;Longarone;Belluno;1;5.022;9,71;;12,89;;3,84;7,75;2,83;32,42
05025032;Lorenzago di Cadore;Belluno;1;568;13,49;;11,80;;2,79;5,88;4,82;31,37
05025033;Lozzo di Cadore;Belluno;1;1.255;19,66;;10,18;;1,49;5,93;4,36;27,89
05025035;Ospitale di Cadore;Belluno;1;261;20,60;;17,44;;;13,81;7,20;48,10
05025036;Pedavena;Belluno;1;4.304;42,08;;12,60;;0,81;2,07;1,12;26,18
05025037;Perarolo di Cadore;Belluno;1;373;11,25;;11,13;;22,15;4,24;6,15;48,74
05025039;Pieve di Cadore;Belluno;1;3.650;12,44;;12,85;;5,78;6,58;2,91;34,39
05025040;Ponte nelle Alpi;Belluno;1;7.901;14,38;;19,69;;1,41;13,99;1,81;41,69
05025070;Quero Vas;Belluno;1;3.059;27,46;;7,85;;2,66;5,12;4,70;28,37
05025045;San Gregorio nelle Alpi;Belluno;1;1.563;48,07;;12,61;;2,72;5,56;5,51;35,14
05025046;San Nicolo di Comelico;Belluno;1;389;4,62;;13,28;;3,42;6,59;10,08;37,24
05025047;San Pietro di Cadore;Belluno;1;1.495;5,34;;14,55;;6,53;5,67;6,14;36,90
05025051;San Vito di Cadore;Belluno;1;1.938;8,72;;18,02;;;0,06;;16,71
05025048;Santa Giustina;Belluno;1;6.615;24,02;;14,06;;1,49;7,05;2,36;33,13
05025050;Santo Stefano di Cadore;Belluno;1;2.340;8,16;;15,36;;1,16;4,01;5,44;31,07
05025053;Sedico;Belluno;1;10.116;22,97;;14,25;;1,57;6,73;2,87;31,79
05025055;Seren del Grappa;Belluno;1;2.326;24,97;;8,72;;0,70;6,89;1,47;26,59
05025056;Sospirolo;Belluno;1;3.072;21,68;;6,27;;1,30;4,57;5,75;24,79
05025057;Soverzene;Belluno;1;368;20,68;;11,28;;2,08;4,63;3,00;28,00
05025058;Sovramonte;Belluno;1;1.296;27,90;;26,47;;2,67;4,88;1,03;42,52
05025060;Tambre;Belluno;1;1.297;7,04;;7,59;;2,14;3,45;3,50;31,29
05025073;Val Di Zoldo;Belluno;1;2.745;15,32;;13,10;;1,98;5,46;5,61;33,35
05025063;Valle di Cadore;Belluno;1;1.849;19,58;;23,67;;;1,97;0,42;32,88
05025065;Vigo di Cadore;Belluno;1;1.349;16,04;;12,08;;2,67;5,84;2,79;29,66
05025066;Vodo Cadore;Belluno;1;823;17,14;;22,50;;1,81;5,00;;34,37
05025069;Zoppe di Cadore;Belluno;1;195;12,81;;14,93;;;4,87;3,45;30,79
15062001;Airola;Benevento;1;8.106;13,56;;19,23;;6,32;6,21;13,37;56,82
15062002;Amorosi;Benevento;1;2.619;19,94;;20,41;;9,24;3,16;2,91;42,92
15062003;Apice;Benevento;1;5.286;31,74;;10,47;;2,38;1,88;0,74;26,93
15062004;Apollosa;Benevento;1;2.462;25,85;;22,11;;2,65;1,34;0,50;34,90
15062005;Arpaia;Benevento;1;1.989;66,06;;6,17;;;0,89;0,87;27,71
15062006;Arpaise;Benevento;1;735;32,63;;37,77;;;10,02;0,29;65,69
15062007;Baselice;Benevento;1;2.094;20,26;;11,07;;5,41;2,17;1,41;36,93
15062008;Benevento;Benevento;1;56.201;24,69;;32,97;;4,66;4,33;3,92;62,54
15062009;Bonea;Benevento;1;1.382;26,67;;18,42;;6,78;3,48;4,50;45,80
15062010;Bucciano;Benevento;1;1.968;50,42;;1,47;;;;0,26;24,56
15062011;Buonalbergo;Benevento;1;1.525;70,72;;4,71;;3,67;7,61;0,89;45,55
15062013;Campolattaro;Benevento;1;971;17,43;;6,00;;11,99;7,25;1,14;49,49
15062014;Campoli del Monte Taburno;Benevento;1;1.531;41,90;;1,38;;;21,89;0,29;54,95
15062015;Casalduni;Benevento;1;1.211;46,09;;15,29;;;9,97;3,81;44,69
15062016;Castelfranco in Miscano;Benevento;1;794;31,28;;29,92;;13,36;1,57;10,37;69,22
15062017;Castelpagano;Benevento;1;1.330;32,31;;13,77;;6,89;9,10;3,54;48,91
15062018;Castelpoto;Benevento;1;1.109;22,39;;26,63;;7,21;11,95;4,15;71,73
15062020;Castelvetere in Val Fortore;Benevento;1;986;31,42;;33,02;;2,93;16,96;0,74;59,67
15062021;Cautano;Benevento;1;1.928;62,25;;5,18;;5,78;2,05;0,48;41,55
15062022;Ceppaloni;Benevento;1;3.168;68,78;;3,83;;2,55;3,56;1,20;44,45
15062023;Cerreto Sannita;Benevento;1;3.607;20,76;;18,46;;3,95;3,31;0,25;38,68
15062024;Circello;Benevento;1;2.174;22,10;;17,80;;3,45;2,00;3,72;39,92
15062025;Colle Sannita;Benevento;1;2.167;;;;;;36,16;;40,80
15062026;Cusano Mutri;Benevento;1;3.763;243,89;;;;3,89;2,53;6,38;55,96
15062028;Durazzano;Benevento;1;2.102;20,43;;10,34;;1,53;4,77;;23,95
15062030;Foglianise;Benevento;1;3.120;17,93;;24,95;;2,44;9,03;2,75;46,29
15062031;Foiano di Val Fortore;Benevento;1;1.320;9,80;;;;11,80;11,50;;39,78
15062033;Fragneto l'Abate;Benevento;1;959;54,30;;;;8,17;18,32;;52,39
15062034;Fragneto Monforte;Benevento;1;1.668;15,38;;22,13;;9,31;4,64;;46,84
15062036;Ginestra degli Schiavoni;Benevento;1;402;35,25;;32,98;;17,14;6,23;18,22;102,07
15062037;Guardia Sanframondi;Benevento;1;4.558;31,30;;16,93;;2,35;4,92;10,05;45,16
15062038;Limatola;Benevento;1;4.155;50,02;;;;;1,72;;30,22
15062040;Moiano;Benevento;1;4.013;23,96;;22,80;;3,14;6,11;0,61;36,00
15062041;Molinara;Benevento;1;1.453;34,09;;11,19;;8,25;4,49;1,04;41,72
15062042;Montefalcone di Val Fortore;Benevento;1;1.298;8,33;;16,38;;4,25;0,90;1,81;32,89
15062043;Montesarchio;Benevento;1;12.959;19,69;;17,15;;8,16;11,65;2,18;52,09
15062044;Morcone;Benevento;1;4.515;18,51;;16,36;;9,65;1,98;0,68;41,29
15062045;Paduli;Benevento;1;3.602;144,50;;;;;1,60;3,67;52,21
15062046;Pago Veiano;Benevento;1;2.269;38,49;;25,38;;;0,33;;37,46
15062048;Paolisi;Benevento;1;1.965;71,51;;0,96;;1,99;3,15;3,00;32,13
15062049;Paupisi;Benevento;1;1.444;12,82;;14,85;;4,20;4,30;;22,75
15062051;Pietraroja;Benevento;1;507;23,24;;13,08;;2,96;17,12;3,98;53,43
15062052;Pietrelcina;Benevento;1;2.878;7,11;;13,25;;2,35;1,59;5,65;33,74
15062053;Ponte;Benevento;1;2.419;8,00;;9,65;;2,97;16,15;;28,11
15062054;Pontelandolfo;Benevento;1;2.014;13,44;;6,29;;1,54;1,86;2,95;29,89
15062055;Puglianello;Benevento;1;1.304;13,00;;29,15;;4,22;0,66;0,98;36,34
15062056;Reino;Benevento;1;1.103;140,18;;;;;5,26;6,36;91,54
15062057;San Bartolomeo in Galdo;Benevento;1;4.362;24,90;;21,85;;3,18;9,74;1,06;54,11
15062058;San Giorgio del Sannio;Benevento;1;9.727;11,48;;25,68;;3,08;3,96;10,51;49,04
15062059;San Giorgio La Molara;Benevento;1;2.779;95,11;;29,04;;9,11;9,18;8,06;80,46
15062060;San Leucio del Sannio;Benevento;1;2.934;30,48;;15,28;;;12,11;0,62;31,49
15062061;San Lorenzello;Benevento;1;2.101;10,59;;21,29;;4,01;4,66;1,65;40,30
15062062;San Lorenzo Maggiore;Benevento;1;1.879;28,80;;10,78;;2,49;8,32;;34,25
15062063;San Lupo;Benevento;1;713;22,41;;0,47;;;23,56;0,84;39,69
15062064;San Marco dei Cavoti;Benevento;1;2.982;76,96;;;;6,75;2,14;1,09;36,59
15062065;San Martino Sannita;Benevento;1;1.180;52,32;;;;;0,24;7,25;31,89
15062066;San Nazzaro;Benevento;1;840;21,64;;16,22;;1,89;12,27;4,16;49,34
15062067;San Nicola Manfredi;Benevento;1;3.482;48,76;;;;5,79;0,85;13,19;42,86
15062068;San Salvatore Telesino;Benevento;1;3.854;6,29;;15,28;;;3,26;6,56;37,34
15062069;Santa Croce del Sannio;Benevento;1;869;33,72;;29,85;;;3,70;;45,23
15062071;Sant'Angelo a Cupolo;Benevento;1;4.068;14,55;;13,39;;4,48;5,10;1,39;49,40
15062072;Sassinoro;Benevento;1;647;6,77;;20,46;;1,22;4,91;24,75;61,72
15062073;Solopaca;Benevento;1;3.447;19,64;;20,95;;3,63;3,94;4,00;32,78
15062074;Telese Terme;Benevento;1;7.613;8,20;;14,75;;;6,44;7,84;42,71
15062075;Tocco Caudio;Benevento;1;1.435;44,27;;;;;18,84;0,30;46,92
15062076;Torrecuso;Benevento;1;3.237;42,85;;18,82;;3,40;3,11;;36,41
15062077;Vitulano;Benevento;1;2.732;44,04;;1,42;;4,38;14,11;1,20;36,86
03016001;Adrara San Martino;Bergamo;1;2.169;10,49;;8,46;;2,71;3,27;2,60;25,15
03016002;Adrara San Rocco;Bergamo;1;806;18,74;;12,89;;0,32;5,80;5,79;32,05
03016003;Albano Sant'Alessandro;Bergamo;1;8.264;5,67;;8,43;;2,62;6,21;1,38;24,49
03016004;Albino;Bergamo;1;17.449;4,23;;6,23;;1,31;1,77;1,32;15,05
03016248;Algua;Bergamo;1;675;9,99;;10,95;;5,95;6,66;2,77;32,77
03016005;Alme;Bergamo;1;5.496;6,83;;6,64;;3,34;3,03;4,75;25,70
03016006;Almenno San Bartolomeo;Bergamo;1;6.557;2,80;;9,11;;2,67;3,04;1,07;18,82
03016007;Almenno San Salvatore;Bergamo;1;5.521;9,32;;9,28;;0,79;5,60;1,13;21,78
03016008;Alzano Lombardo;Bergamo;1;13.334;9,10;;10,01;;2,88;3,59;1,78;19,46
03016009;Ambivere;Bergamo;1;2.342;5,43;;7,39;;1,71;4,90;7,03;24,55
03016010;Antegnate;Bergamo;1;3.214;5,61;;7,15;;4,06;2,31;2,34;20,41
03016011;Arcene;Bergamo;1;4.928;17,24;;8,10;;0,68;4,30;1,97;23,61
03016012;Ardesio;Bergamo;1;3.313;9,68;;9,67;;1,56;3,33;3,54;23,25
03016013;Arzago d'Adda;Bergamo;1;2.725;9,17;;9,18;;2,85;3,95;1,33;24,00
03016014;Averara;Bergamo;1;180;36,10;;12,78;;8,77;2,71;0,94;43,54
03016015;Aviatico;Bergamo;1;568;6,52;;25,24;;7,62;7,77;4,65;43,50
03016016;Azzano San Paolo;Bergamo;1;7.577;9,34;;6,43;;1,84;2,38;1,81;18,37
03016017;Azzone;Bergamo;1;359;7,22;;16,46;;5,56;5,78;1,29;32,76
03016018;Bagnatica;Bergamo;1;4.472;11,05;;6,17;;3,60;3,05;4,57;22,89
03016019;Barbata;Bergamo;1;695;2,32;;10,18;;1,96;3,77;0,72;19,07
03016020;Bariano;Bergamo;1;4.209;5,70;;7,64;;4,24;2,67;1,30;21,50
03016021;Barzana;Bergamo;1;2.015;3,31;;6,20;;3,83;1,68;1,00;17,33
03016022;Bedulita;Bergamo;1;702;6,32;;20,18;;;5,21;1,72;25,28
03016023;Berbenno;Bergamo;1;2.440;11,29;;6,62;;0,49;2,49;1,29;15,64
03016024;Bergamo;Bergamo;1;119.534;15,27;;10,53;;7,88;3,16;5,23;34,85
03016025;Berzo San Fermo;Bergamo;1;1.404;32,33;;12,52;;0,41;3,84;1,90;26,01
03016026;Bianzano;Bergamo;1;611;23,64;;34,38;;0,90;7,86;6,28;52,37
03016027;Blello;Bergamo;1;71;18,52;;65,71;;0,81;5,00;6,19;63,11
03016028;Bolgare;Bergamo;1;6.606;4,21;;9,13;;1,90;2,17;2,62;21,02
03016029;Boltiere;Bergamo;1;6.244;17,41;;9,77;;3,44;3,97;2,28;24,96
03016030;Bonate Sopra;Bergamo;1;10.356;9,48;;9,81;;1,41;3,97;0,46;20,54
03016031;Bonate Sotto;Bergamo;1;6.650;11,09;;7,29;;2,74;3,76;2,30;22,64
03016032;Borgo di Terzo;Bergamo;1;1.194;14,03;;9,45;;0,91;3,44;2,27;25,35
03016033;Bossico;Bergamo;1;966;9,56;;11,02;;1,91;2,46;2,44;23,28
03016034;Bottanuco;Bergamo;1;5.097;7,52;;5,92;;1,41;1,32;1,39;15,19
03016035;Bracca;Bergamo;1;723;9,77;;11,16;;3,34;6,03;11,38;38,09
03016036;Branzi;Bergamo;1;644;12,96;;17,59;;;10,53;9,48;46,19
03016037;Brembate;Bergamo;1;8.557;10,01;;6,85;;2,23;3,40;1,20;20,83
03016038;Brembate di Sopra;Bergamo;1;7.927;5,63;;10,59;;1,84;4,25;2,03;21,93
03016040;Brignano Gera d'Adda;Bergamo;1;6.091;0,12;;8,61;;3,61;3,88;2,93;22,04
03016041;Brumano;Bergamo;1;124;9,31;;11,49;;;10,62;3,85;28,36
03016042;Brusaporto;Bergamo;1;5.651;5,74;;9,47;;1,77;1,94;1,57;19,98
03016043;Calcinate;Bergamo;1;6.124;14,35;;8,56;;2,75;2,51;2,14;19,50
03016044;Calcio;Bergamo;1;5.411;11,49;;8,55;;3,22;3,72;2,36;23,81
03016046;Calusco d'Adda;Bergamo;1;8.238;9,57;;7,31;;4,79;2,67;0,63;21,73
03016047;Calvenzano;Bergamo;1;4.317;6,46;;9,96;;3,76;3,51;1,16;22,36
03016048;Camerata Cornello;Bergamo;1;558;17,55;;13,26;;3,52;4,43;3,34;35,70
03016049;Canonica d'Adda;Bergamo;1;4.217;14,45;;10,75;;0,35;5,58;2,41;26,90
03016050;Capizzone;Bergamo;1;1.211;9,06;;12,65;;0,25;5,42;5,06;30,84
03016051;Capriate San Gervasio;Bergamo;1;8.144;4,00;;7,29;;1,63;2,60;2,53;17,23
03016052;Caprino Bergamasco;Bergamo;1;3.035;8,57;;6,44;;1,26;1,50;1,22;17,94
03016053;Caravaggio;Bergamo;1;16.142;16,16;;5,42;;3,75;4,65;3,26;24,57
03016055;Carobbio degli Angeli;Bergamo;1;4.828;14,04;;9,50;;1,15;3,31;3,02;23,37
03016056;Carona;Bergamo;1;285;28,68;;27,52;;14,82;8,02;0,92;72,80
03016057;Carvico;Bergamo;1;4.651;11,17;;6,52;;3,79;1,91;3,50;19,70
03016058;Casazza;Bergamo;1;3.767;17,89;;14,11;;0,81;3,33;3,41;28,15
03016059;Casirate d'Adda;Bergamo;1;4.055;11,88;;13,01;;2,37;1,47;;28,51
03016060;Casnigo;Bergamo;1;3.049;3,78;;6,57;;2,30;2,72;1,71;18,36
03016061;Cassiglio;Bergamo;1;110;20,09;;13,02;;2,38;2,62;5,25;34,80
03016063;Castel Rozzone;Bergamo;1;2.787;11,93;;9,28;;2,90;2,62;1,78;23,49
03016062;Castelli Calepio;Bergamo;1;10.295;6,86;;7,79;;1,80;2,63;2,52;21,00
03016064;Castione della Presolana;Bergamo;1;3.313;4,96;;11,25;;5,12;2,24;7,42;29,93
03016065;Castro;Bergamo;1;1.206;8,43;;0,13;;3,21;5,22;2,47;25,56
03016066;Cavernago;Bergamo;1;2.820;3,86;;7,41;;1,33;5,02;2,36;22,38
03016067;Cazzano Sant'Andrea;Bergamo;1;1.656;4,81;;10,63;;0,79;1,92;1,36;18,70
03016068;Cenate Sopra;Bergamo;1;2.510;28,12;;13,70;;1,40;3,34;3,83;29,66
03016069;Cenate Sotto;Bergamo;1;3.915;16,84;;4,92;;2,56;3,29;2,76;19,56
03016070;Cene;Bergamo;1;4.059;5,65;;5,86;;2,89;6,18;3,43;22,29
03016071;Cerete;Bergamo;1;1.614;6,44;;8,54;;4,67;8,19;2,74;30,80
03016072;Chignolo d'Isola;Bergamo;1;3.352;4,23;;9,97;;2,09;2,25;1,26;21,89
03016073;Chiuduno;Bergamo;1;6.105;8,48;;8,40;;1,43;3,51;4,11;22,72
03016074;Cisano Bergamasco;Bergamo;1;6.199;8,56;;9,96;;1,59;2,25;1,62;21,66
03016075;Ciserano;Bergamo;1;5.501;6,30;;6,76;;9,33;2,62;4,31;31,46
03016076;Cividate al Piano;Bergamo;1;4.987;14,08;;8,10;;3,90;2,98;3,97;24,85
03016077;Clusone;Bergamo;1;8.537;5,03;;10,28;;6,40;4,46;1,80;28,32
03016078;Colere;Bergamo;1;1.107;4,51;;30,27;;6,69;5,29;3,19;38,01
03016079;Cologno al Serio;Bergamo;1;11.066;12,07;;8,18;;1,22;3,18;4,00;21,59
03016080;Colzate;Bergamo;1;1.605;6,18;;10,91;;6,17;7,19;2,54;45,32
03016081;Comun Nuovo;Bergamo;1;4.360;6,48;;5,23;;2,17;2,35;2,21;16,94
03016082;Corna Imagna;Bergamo;1;916;7,29;;16,35;;2,29;5,17;1,91;27,64
03016249;Cornalba;Bergamo;1;304;16,55;;20,47;;;4,81;5,60;39,87
03016083;Cortenuova;Bergamo;1;1.948;9,36;;10,03;;0,09;8,61;;26,70
03016084;Costa di Mezzate;Bergamo;1;3.389;5,44;;15,16;;1,33;2,18;3,21;23,74
03016247;Costa Serina;Bergamo;1;879;9,19;;9,62;;2,76;4,22;6,80;29,66
03016085;Costa Valle Imagna;Bergamo;1;557;6,05;;12,16;;0,44;6,05;1,52;24,85
03016086;Costa Volpino;Bergamo;1;8.783;8,46;;14,21;;1,52;7,12;4,10;31,91
03016087;Covo;Bergamo;1;4.243;17,59;;6,48;;1,64;2,32;2,38;17,99
03016088;Credaro;Bergamo;1;3.511;5,62;;9,44;;2,22;2,92;1,85;21,46
03016089;Curno;Bergamo;1;7.492;10,73;;5,57;;1,19;1,56;1,35;14,59
03016090;Cusio;Bergamo;1;210;19,50;;17,34;;3,26;4,31;0,87;41,23
03016091;Dalmine;Bergamo;1;23.316;3,08;;5,47;;3,06;1,28;0,40;13,53
03016092;Dossena;Bergamo;1;885;8,13;;18,36;;1,41;11,64;2,61;37,14
03016093;Endine Gaiano;Bergamo;1;3.421;13,16;;9,51;;1,48;7,77;1,73;31,73
03016094;Entratico;Bergamo;1;1.977;26,74;;13,35;;0,57;4,23;1,75;27,95
03016096;Fara Gera d'Adda;Bergamo;1;7.987;7,81;;7,13;;3,61;2,04;1,73;21,38
03016097;Fara Olivana con Sola;Bergamo;1;1.332;7,49;;8,23;;5,86;1,69;0,75;22,25
03016098;Filago;Bergamo;1;3.068;5,05;;11,44;;1,57;4,96;1,97;23,30
03016099;Fino del Monte;Bergamo;1;1.163;8,13;;11,60;;7,19;9,70;4,16;38,16
03016100;Fiorano al Serio;Bergamo;1;2.945;1,98;;6,20;;3,21;3,03;1,23;17,41
03016101;Fontanella;Bergamo;1;4.771;11,17;;10,71;;3,30;3,21;2,85;26,12
03016102;Fonteno;Bergamo;1;562;27,23;;12,89;;5,51;8,30;1,60;32,60
03016103;Foppolo;Bergamo;1;157;22,57;;29,00;;15,19;42,71;7,57;110,34
03016104;Foresto Sparso;Bergamo;1;3.062;7,03;;10,11;;0,89;2,13;2,03;21,87
03016105;Fornovo San Giovanni;Bergamo;1;3.383;5,67;;10,61;;4,08;3,74;1,49;25,30
03016106;Fuipiano Valle Imagna;Bergamo;1;203;15,58;;14,37;;4,31;7,28;2,10;36,62
03016107;Gandellino;Bergamo;1;966;7,96;;10,77;;6,91;5,62;1,82;30,21
03016108;Gandino;Bergamo;1;5.121;12,89;;8,39;;1,99;1,83;0,11;17,97
03016109;Gandosso;Bergamo;1;1.465;7,22;;11,10;;4,30;4,54;1,61;26,00
03016110;Gaverina Terme;Bergamo;1;873;18,37;;23,29;;4,73;3,30;3,64;37,50
03016111;Gazzaniga;Bergamo;1;4.888;;;9,78;;3,83;9,49;0,82;25,52
03016113;Ghisalba;Bergamo;1;6.169;7,21;;10,07;;2,78;4,50;2,85;26,52
03016114;Gorlago;Bergamo;1;5.149;11,98;;8,22;;1,68;2,75;2,16;21,05
03016115;Gorle;Bergamo;1;6.578;7,62;;6,64;;4,42;3,48;1,13;18,52
03016116;Gorno;Bergamo;1;1.489;3,18;;5,50;;7,36;3,25;4,61;30,07
03016117;Grassobbio;Bergamo;1;6.450;3,02;;7,73;;2,19;2,55;1,86;19,78
03016118;Gromo;Bergamo;1;1.141;4,52;;9,20;;1,06;7,14;1,34;21,98
03016119;Grone;Bergamo;1;865;5,44;;14,56;;0,11;7,20;7,49;32,64
03016120;Grumello del Monte;Bergamo;1;7.401;2,76;;7,95;;1,27;2,13;2,37;19,11
03016121;Isola di Fondra;Bergamo;1;177;17,75;;21,23;;2,25;5,37;10,33;49,76
03016122;Isso;Bergamo;1;598;7,76;;9,66;;6,10;3,82;2,09;27,84
03016123;Lallio;Bergamo;1;4.133;12,85;;5,09;;3,89;2,37;1,57;19,75
03016124;Leffe;Bergamo;1;4.303;14,65;;7,64;;4,34;2,58;1,14;22,87
03016125;Lenna;Bergamo;1;554;5,76;;20,00;;0,80;3,37;7,48;36,82
03016126;Levate;Bergamo;1;3.715;5,86;;6,77;;1,97;5,17;2,60;22,94
03016127;Locatello;Bergamo;1;814;9,08;;10,40;;0,26;3,07;2,18;22,69
03016128;Lovere;Bergamo;1;4.964;14,08;;18,49;;4,85;8,46;4,21;41,13
03016129;Lurano;Bergamo;1;2.847;7,18;;11,04;;1,28;4,73;1,75;24,09
03016130;Luzzana;Bergamo;1;886;12,44;;7,79;;0,76;3,10;1,43;22,77
03016131;Madone;Bergamo;1;4.082;7,31;;7,70;;1,21;4,39;4,77;21,53
03016132;Mapello;Bergamo;1;6.909;9,77;;8,57;;3,46;2,94;1,42;22,18
03016133;Martinengo;Bergamo;1;10.731;6,69;;7,34;;2,15;2,63;5,63;24,34
03016250;Medolago;Bergamo;1;2.323;8,85;;7,29;;1,25;7,69;1,48;18,26
03016134;Mezzoldo;Bergamo;1;164;2,83;;14,04;;2,02;2,83;6,21;42,84
03016135;Misano di Gera d'Adda;Bergamo;1;2.950;6,32;;12,13;;2,34;3,47;1,62;24,63
03016136;Moio de' Calvi;Bergamo;1;206;35,75;;27,36;;5,97;4,42;9,63;52,47
03016137;Monasterolo del Castello;Bergamo;1;1.135;14,18;;12,10;;4,54;5,52;2,61;31,58
03016139;Montello;Bergamo;1;3.216;4,87;;4,08;;0,95;4,77;0,18;19,80
03016140;Morengo;Bergamo;1;2.488;7,64;;9,37;;4,55;5,54;2,38;27,17
03016141;Mornico al Serio;Bergamo;1;2.923;6,47;;8,06;;1,01;2,56;2,07;18,20
03016142;Mozzanica;Bergamo;1;4.380;6,67;;8,93;;1,29;2,88;1,79;19,86
03016143;Mozzo;Bergamo;1;7.283;12,95;;8,21;;2,41;2,86;1,78;22,03
03016144;Nembro;Bergamo;1;11.210;7,43;;8,08;;3,74;4,41;0,63;17,98
03016145;Olmo al Brembo;Bergamo;1;474;15,85;;15,50;;2,40;2,24;3,17;33,15
03016146;Oltre il Colle;Bergamo;1;954;10,31;;24,79;;0,19;4,65;2,91;38,44
03016147;Oltressenda Alta;Bergamo;1;135;16,86;;8,33;;;7,58;2,73;28,06
03016148;Oneta;Bergamo;1;566;3,46;;20,27;;;7,85;1,98;29,73
03016149;Onore;Bergamo;1;922;3,84;;7,52;;5,67;12,68;1,59;32,65
03016150;Orio al Serio;Bergamo;1;1.642;3,66;;8,89;;0,47;4,99;1,47;20,20
03016151;Ornica;Bergamo;1;137;21,29;;16,66;;5,77;1,99;0,72;38,07
03016152;Osio Sopra;Bergamo;1;5.210;9,16;;7,81;;0,82;3,07;1,53;18,76
03016153;Osio Sotto;Bergamo;1;12.592;3,32;;8,98;;3,09;3,67;3,29;24,16
03016154;Pagazzano;Bergamo;1;2.104;9,94;;9,08;;1,84;2,89;5,47;25,16
03016155;Paladina;Bergamo;1;3.958;8,02;;3,25;;0,37;8,87;;16,80
03016156;Palazzago;Bergamo;1;4.511;2,99;;4,81;;3,18;1,92;0,98;15,13
03016157;Palosco;Bergamo;1;5.739;6,10;;3,01;;;0,32;0,31;9,09
03016158;Parre;Bergamo;1;2.674;4,75;;7,36;;0,91;3,24;1,29;17,50
03016159;Parzanica;Bergamo;1;328;12,28;;22,45;;9,76;6,20;2,51;47,87
03016160;Pedrengo;Bergamo;1;5.912;17,53;;7,57;;2,17;2,84;5,16;22,83
03016161;Peia;Bergamo;1;1.709;14,13;;12,98;;2,49;3,49;3,00;28,38
03016162;Pianico;Bergamo;1;1.434;22,43;;12,12;;0,81;4,16;1,68;22,90
03016163;Piario;Bergamo;1;994;2,99;;7,05;;2,26;4,62;1,42;19,84
03016164;Piazza Brembana;Bergamo;1;1.189;13,74;;11,37;;6,45;3,45;;26,84
03016165;Piazzatorre;Bergamo;1;391;6,83;;6,34;;5,27;6,86;0,90;42,12
03016166;Piazzolo;Bergamo;1;85;41,95;;12,99;;4,75;2,24;1,08;45,08
03016167;Pognano;Bergamo;1;1.550;4,42;;13,08;;7,41;4,54;2,79;32,74
03016168;Ponte Nossa;Bergamo;1;1.697;4,81;;8,47;;2,66;3,21;1,15;18,85
03016170;Ponte San Pietro;Bergamo;1;11.660;6,12;;9,85;;5,04;3,51;1,63;25,64
03016169;Ponteranica;Bergamo;1;6.675;14,30;;6,69;;1,17;6,55;0,40;20,88
03016171;Pontida;Bergamo;1;3.233;9,22;;8,45;;;3,92;2,34;21,47
03016172;Pontirolo Nuovo;Bergamo;1;4.886;10,21;;8,03;;1,99;2,32;1,42;19,29
03016173;Pradalunga;Bergamo;1;4.530;11,88;;5,85;;3,03;2,29;1,16;16,77
03016174;Predore;Bergamo;1;1.850;4,97;;10,70;;2,53;3,90;2,14;23,11
03016175;Premolo;Bergamo;1;1.059;9,01;;10,69;;;3,73;1,04;21,48
03016176;Presezzo;Bergamo;1;4.767;5,45;;6,01;;2,08;3,61;1,30;19,57
03016177;Pumenengo;Bergamo;1;1.696;5,11;;11,10;;2,69;2,81;3,22;25,55
03016178;Ranica;Bergamo;1;5.893;10,85;;10,18;;6,32;2,87;2,28;23,24
03016179;Ranzanico;Bergamo;1;1.224;14,29;;13,63;;1,49;5,47;1,89;27,27
03016180;Riva di Solto;Bergamo;1;869;16,52;;14,35;;0,35;3,29;2,23;23,63
03016182;Rogno;Bergamo;1;3.862;19,20;;8,16;;0,94;2,44;1,51;19,77
03016183;Romano di Lombardia;Bergamo;1;20.575;5,30;;6,60;;4,26;3,09;1,46;21,69
03016184;Roncobello;Bergamo;1;434;31,80;;17,08;;1,65;4,29;9,98;49,97
03016185;Roncola;Bergamo;1;861;3,70;;14,54;;7,07;5,03;3,95;31,55
03016186;Rota d'Imagna;Bergamo;1;908;11,46;;11,61;;1,06;6,57;1,60;27,71
03016187;Rovetta;Bergamo;1;4.101;6,70;;10,84;;6,33;4,34;1,35;27,33
03016188;San Giovanni Bianco;Bergamo;1;4.599;19,90;;9,86;;1,04;4,69;3,10;28,01
03016189;San Paolo d'Argon;Bergamo;1;5.840;6,36;;7,70;;2,61;2,61;2,04;20,21
03016190;San Pellegrino Terme;Bergamo;1;4.641;6,30;;10,49;;1,44;3,34;1,57;21,21
03016191;Santa Brigida;Bergamo;1;524;24,32;;13,79;;3,48;6,45;4,97;40,46
03016252;Sant'Omobono Terme;Bergamo;1;3.874;4,97;;9,48;;2,55;1,93;2,66;22,30
03016193;Sarnico;Bergamo;1;6.745;8,07;;11,17;;5,33;4,63;2,77;29,59
03016195;Schilpario;Bergamo;1;1.131;3,37;;13,81;;4,96;2,31;1,13;22,28
03016196;Sedrina;Bergamo;1;2.316;4,82;;10,79;;1,08;3,20;1,66;22,19
03016197;Selvino;Bergamo;1;1.997;7,94;;6,88;;4,85;3,43;1,18;22,11
03016198;Seriate;Bergamo;1;25.264;5,87;;5,18;;1,61;0,93;1,56;13,42
03016199;Serina;Bergamo;1;2.037;13,37;;20,58;;0,77;4,06;9,81;39,72
03016251;Solza;Bergamo;1;1.970;10,83;;10,16;;3,09;3,95;2,02;25,26
03016201;Songavazzo;Bergamo;1;709;7,75;;6,99;;13,58;5,47;2,29;44,25
03016202;Sorisole;Bergamo;1;8.862;10,39;;9,61;;1,72;1,90;1,73;21,61
03016203;Sotto il Monte Giovanni XXIII;Bergamo;1;4.368;5,10;;8,56;;1,02;6,51;2,75;22,17
03016204;Sovere;Bergamo;1;5.238;16,24;;18,05;;1,03;3,45;2,93;28,59
03016205;Spinone al Lago;Bergamo;1;981;17,28;;10,30;;4,01;12,19;1,13;34,97
03016206;Spirano;Bergamo;1;5.640;12,83;;12,52;;1,24;3,23;1,86;24,30
03016207;Stezzano;Bergamo;1;13.484;6,82;;7,17;;0,88;1,05;1,07;15,04
03016208;Strozza;Bergamo;1;1.112;9,90;;10,80;;0,13;2,87;6,46;27,98
03016209;Suisio;Bergamo;1;3.782;8,67;;8,79;;2,18;2,73;4,21;22,81
03016210;Taleggio;Bergamo;1;531;10,39;;15,84;;;2,88;2,26;26,06
03016211;Tavernola Bergamasca;Bergamo;1;1.929;5,32;;9,04;;1,85;6,10;1,90;26,41
03016212;Telgate;Bergamo;1;4.994;12,62;;7,84;;2,11;2,85;2,61;20,94
03016213;Terno d'Isola;Bergamo;1;7.993;17,31;;14,07;;2,29;4,42;2,16;28,71
03016214;Torre Boldone;Bergamo;1;8.694;6,34;;8,46;;1,75;1,93;0,22;16,63
03016215;Torre de' Busi;Bergamo;1;2.224;3,44;;7,35;;;2,51;3,23;19,27
03016216;Torre de' Roveri;Bergamo;1;2.552;5,83;;8,26;;1,74;2,63;5,95;24,17
03016217;Torre Pallavicina;Bergamo;1;1.136;1,72;;12,62;;2,16;4,31;3,53;21,36
03016218;Trescore Balneario;Bergamo;1;9.788;17,46;;7,71;;1,95;2,59;2,54;20,67
03016219;Treviglio;Bergamo;1;30.683;6,85;;7,54;;7,42;1,49;2,61;25,20
03016220;Treviolo;Bergamo;1;10.781;11,94;;5,54;;2,50;6,36;2,02;22,28
03016221;Ubiale Clanezzo;Bergamo;1;1.328;10,46;;9,32;;0,69;4,08;2,64;25,00
03016222;Urgnano;Bergamo;1;9.890;6,29;;4,89;;1,49;1,90;0,48;13,98
03016253;Val Brembilla;Bergamo;1;4.135;5,48;;10,71;;1,94;3,24;3,90;24,75
03016223;Valbondione;Bergamo;1;962;9,41;;12,40;;;2,51;4,51;23,53
03016224;Valbrembo;Bergamo;1;4.304;4,91;;9,91;;3,37;3,27;2,72;23,26
03016225;Valgoglio;Bergamo;1;578;2,32;;18,04;;3,77;2,74;1,02;23,37
03016226;Valleve;Bergamo;1;124;2,95;;51,54;;45,63;50,96;15,02;144,49
03016227;Valnegra;Bergamo;1;210;43,41;;18,65;;1,92;34,35;0,75;65,74
03016229;Valtorta;Bergamo;1;243;2,80;;17,51;;7,12;4,14;0,79;41,18
03016230;Vedeseta;Bergamo;1;192;10,33;;16,54;;;6,06;11,86;38,70
03016232;Verdellino;Bergamo;1;7.535;17,95;;1,81;;5,94;2,27;1,94;20,88
03016233;Verdello;Bergamo;1;8.108;3,23;;6,19;;3,75;3,30;3,99;22,17
03016234;Vertova;Bergamo;1;4.396;3,88;;11,52;;2,93;2,74;1,52;21,17
03016235;Viadanica;Bergamo;1;1.123;12,30;;10,59;;0,50;5,49;3,50;26,85
03016236;Vigano San Martino;Bergamo;1;1.338;14,70;;9,34;;0,90;3,87;1,71;25,11
03016237;Vigolo;Bergamo;1;572;12,75;;20,86;;13,49;6,37;5,28;53,50
03016238;Villa d'Adda;Bergamo;1;4.624;11,38;;8,32;;0,99;2,86;1,08;18,76
03016239;Villa d'Alme;Bergamo;1;6.499;14,76;;6,66;;4,12;2,93;4,71;25,23
03016240;Villa di Serio;Bergamo;1;6.632;11,09;;4,90;;1,33;1,08;1,85;14,05
03016241;Villa d'Ogna;Bergamo;1;1.760;3,66;;7,55;;0,70;4,50;2,47;20,34
03016242;Villongo;Bergamo;1;8.082;7,44;;8,61;;1,24;2,16;1,77;19,28
03016243;Vilminore di Scalve;Bergamo;1;1.433;15,64;;12,62;;6,11;6,81;1,87;32,21
03016244;Zandobbio;Bergamo;1;2.712;5,89;;5,61;;2,16;3,98;3,01;22,09
03016245;Zanica;Bergamo;1;8.686;17,26;;5,98;;1,37;2,94;3,47;18,83
03016246;Zogno;Bergamo;1;8.539;9,21;;11,92;;5,84;2,47;;26,86
01096001;Ailoche;Biella;1;307;23,09;;4,27;;0,83;4,75;0,10;27,75
01096002;Andorno Micca;Biella;1;3.033;19,11;;18,86;;5,50;7,20;0,89;38,05
01096003;Benna;Biella;1;1.133;16,18;;15,06;;2,06;2,40;2,50;29,33
01096004;Biella;Biella;1;42.619;20,83;;8,43;;4,41;11,60;7,83;39,26
01096005;Bioglio;Biella;1;895;30,35;;12,10;;;10,91;0,03;42,71
01096006;Borriana;Biella;1;861;26,80;;12,21;;0,54;4,43;1,44;28,66
01096007;Brusnengo;Biella;1;1.955;24,47;;27,16;;0,28;5,06;0,13;37,49
01096008;Callabiana;Biella;1;141;17,06;;1,64;;0,10;2,94;0,01;30,38
01096009;Camandona;Biella;1;309;23,58;;19,77;;1,31;5,28;2,59;40,15
01096010;Camburzano;Biella;1;1.108;11,90;;11,59;;1,15;7,15;0,08;26,16
01096086;Campiglia Cervo;Biella;1;514;33,28;;21,51;;;5,42;6,43;47,47
01096012;Candelo;Biella;1;7.228;17,76;;14,19;;2,96;5,45;4,20;33,13
01096013;Caprile;Biella;1;192;28,05;;14,34;;1,59;8,09;0,11;42,04
01096014;Casapinta;Biella;1;379;45,06;;8,22;;5,87;6,42;0,06;35,60
01096015;Castelletto Cervo;Biella;1;775;16,70;;13,10;;;12,89;0,07;34,92
01096016;Cavaglia;Biella;1;3.497;9,10;;8,84;;2,18;4,31;0,11;19,65
01096018;Cerrione;Biella;1;2.763;8,77;;3,30;;0,62;3,02;0,09;15,10
01096019;Coggiola;Biella;1;1.625;28,51;;11,73;;1,18;4,50;0,14;32,70
01096020;Cossato;Biella;1;13.929;23,05;;8,03;;4,88;8,59;4,57;34,79
01096021;Crevacuore;Biella;1;1.376;22,18;;11,01;;2,92;4,74;0,82;33,50
01096023;Curino;Biella;1;473;20,72;;10,94;;;7,41;0,06;36,03
01096024;Donato;Biella;1;702;22,53;;4,50;;3,35;6,78;1,94;28,53
01096025;Dorzano;Biella;1;527;17,47;;3,59;;;6,77;0,03;24,47
01096026;Gaglianico;Biella;1;3.782;21,16;;7,04;;1,99;6,13;4,54;26,12
01096027;Gifflenga;Biella;1;101;11,05;;6,03;;;7,39;0,07;24,73
01096028;Graglia;Biella;1;1.464;16,57;;16,52;;1,84;7,88;1,63;37,02
01096085;lessona;Biella;1;2.610;15,21;;11,08;;;2,26;0,07;19,93
01096030;Magnano;Biella;1;354;48,29;;3,23;;2,50;6,82;0,05;33,56
01096031;Massazza;Biella;1;572;23,15;;5,78;;;6,37;0,06;23,10
01096032;Masserano;Biella;1;1.908;17,76;;12,81;;0,65;6,91;0,45;28,15
01096033;Mezzana Mortigliengo;Biella;1;474;17,98;;18,20;;0,12;15,46;;41,56
01096034;Miagliano;Biella;1;532;14,94;;18,44;;0,48;3,82;1,97;28,68
01096035;Mongrando;Biella;1;3.598;22,10;;9,50;;2,17;3,95;0,10;23,56
01096037;Mottalciata;Biella;1;1.304;14,23;;16,48;;1,13;2,61;0,25;25,68
01096038;Muzzano;Biella;1;578;26,90;;18,91;;;10,12;1,29;42,90
01096039;Netro;Biella;1;933;13,79;;5,23;;;7,09;2,82;26,73
01096040;Occhieppo Inferiore;Biella;1;3.757;7,11;;10,23;;0,18;3,16;0,11;19,35
01096041;Occhieppo Superiore;Biella;1;2.592;11,84;;13,39;;1,97;3,21;0,09;24,99
01096042;Pettinengo;Biella;1;1.442;22,90;;17,53;;0,51;5,74;;34,70
01096043;Piatto;Biella;1;468;14,23;;6,58;;;18,73;0,08;40,45
01096044;Piedicavallo;Biella;1;169;15,57;;10,18;;;3,43;1,54;31,22
01096046;Pollone;Biella;1;2.006;12,57;;12,54;;1,21;5,45;0,07;30,48
01096047;Ponderano;Biella;1;3.713;8,88;;14,82;;0,94;3,78;1,95;27,78
01096048;Portula;Biella;1;1.120;37,47;;25,12;;0,65;7,67;1,63;47,90
01096049;Pralungo;Biella;1;2.267;17,07;;24,47;;0,38;2,42;1,00;33,34
01096050;Pray;Biella;1;1.999;19,94;;17,97;;1,02;4,61;0,18;32,95
01096087;Quaregna Cerreto;Biella;1;2.036;20,34;;7,89;;1,43;2,74;0,06;25,82
01096053;Ronco Biellese;Biella;1;1.406;30,55;;25,71;;0,67;4,57;0,11;40,11
01096054;Roppolo;Biella;1;840;19,93;;6,22;;3,75;2,93;0,09;26,12
01096055;Rosazza;Biella;1;100;45,74;;9,32;;2,76;16,52;0,81;59,08
01096056;Sagliano Micca;Biella;1;1.544;21,79;;17,56;;1,34;7,20;0,94;33,17
01096057;Sala Biellese;Biella;1;562;7,90;;12,61;;;6,88;1,26;26,93
01096058;Salussola;Biella;1;1.870;18,75;;26,73;;0,66;5,35;0,10;38,05
01096059;Sandigliano;Biella;1;2.559;10,51;;12,01;;0,36;3,69;0,07;21,82
01096063;Sordevolo;Biella;1;1.296;9,80;;16,57;;2,11;4,84;1,27;32,35
01096064;Sostegno;Biella;1;734;38,85;;7,05;;1,20;3,96;0,12;31,44
01096065;Strona;Biella;1;950;20,70;;22,21;;;7,44;0,11;38,61
01096066;Tavigliano;Biella;1;930;28,45;;14,43;;3,05;6,28;0,08;38,04
01096067;Ternengo;Biella;1;256;34,07;;15,11;;0,42;9,86;0,14;44,30
01096068;Tollegno;Biella;1;2.348;18,41;;13,22;;0,58;2,87;0,15;23,68
01096069;Torrazzo;Biella;1;203;46,14;;3,60;;0,60;17,94;2,63;46,44
01096071;Valdengo;Biella;1;2.387;13,83;;12,69;;1,16;3,12;2,79;25,37
01096088;Valdilana;Biella;1;10.096;22,53;;12,96;;4,15;3,62;0,02;33,88
01096072;Vallanzengo;Biella;1;203;15,48;;15,54;;9,87;13,34;3,99;47,44
01096074;Valle San Nicolao;Biella;1;856;25,22;;14,30;;0,68;5,39;;35,70
01096075;Veglio;Biella;1;461;10,61;;26,55;;0,17;9,77;;43,75
01096076;Verrone;Biella;1;1.166;12,29;;10,58;;0,74;2,87;0,21;21,88
01096077;Vigliano Biellese;Biella;1;7.566;45,85;;8,74;;3,80;9,94;5,95;40,54
01096078;Villa del Bosco;Biella;1;309;21,44;;14,43;;;18,70;0,55;52,19
01096079;Villanova Biellese;Biella;1;177;6,43;;11,65;;1,05;7,32;0,17;33,50
01096080;Viverone;Biella;1;1.357;12,33;;15,83;;0,69;3,35;0,33;25,16
01096081;Zimone;Biella;1;393;28,96;;8,84;;2,76;8,37;4,10;38,50
01096082;Zubiena;Biella;1;1.157;47,46;;5,32;;0,90;4,84;3,30;32,08
01096083;Zumaglia;Biella;1;977;38,48;;25,28;;0,91;10,29;0,10;47,06
08037062;Alto Reno Terme;Bologna;1;6.951;7,34;;1,12;;4,78;8,65;5,97;37,15
08037001;Anzola dell'Emilia;Bologna;1;12.377;25,05;;8,11;;1,91;3,88;1,66;20,82
08037002;Argelato;Bologna;1;9.635;18,48;;11,96;;2,90;5,50;3,30;31,44
08037003;Baricella;Bologna;1;7.068;13,00;;14,35;;2,38;5,28;3,85;33,76
08037005;Bentivoglio;Bologna;1;5.704;8,74;;10,78;;1,15;1,63;2,69;23,73
08037006;Bologna;Bologna;1;387.971;12,74;;17,74;;8,27;5,02;7,27;45,78
08037007;Borgo Tossignano;Bologna;1;3.198;3,76;;12,59;;1,31;2,60;6,78;24,98
08037008;Budrio;Bologna;1;18.226;11,25;;16,70;;3,15;2,72;3,11;31,84
08037009;Calderara di Reno;Bologna;1;13.502;28,96;;7,68;;1,53;5,86;0,71;22,92
08037010;Camugnano;Bologna;1;1.818;18,58;;;;2,00;5,58;4,63;39,39
08037011;Casalecchio di Reno;Bologna;1;35.414;11,88;;17,41;;3,88;5,86;4,31;38,12
08037012;Casalfiumanese;Bologna;1;3.333;3,60;;6,20;;0,86;1,97;6,96;20,44
08037013;Castel d'Aiano;Bologna;1;1.895;10,10;;1,17;;1,67;4,08;2,94;26,29
08037014;Castel del Rio;Bologna;1;1.200;2,25;;7,06;;0,50;2,21;7,19;22,58
08037015;Castel di Casio;Bologna;1;3.305;0,56;;;;3,15;12,91;3,31;33,12
08037016;Castel Guelfo di Bologna;Bologna;1;4.496;9,59;;8,94;;1,27;2,07;2,49;21,60
08037019;Castel Maggiore;Bologna;1;18.462;17,52;;11,77;;2,19;5,37;3,48;29,85
08037020;Castel San Pietro Terme;Bologna;1;20.737;7,04;;8,64;;2,05;1,83;4,08;23,99
08037017;Castello d'Argile;Bologna;1;6.641;6,57;;12,68;;0,28;5,12;4,70;28,04
08037021;Castenaso;Bologna;1;16.145;9,21;;7,52;;2,54;2,91;2,51;24,52
08037022;Castiglione dei Pepoli;Bologna;1;5.431;11,80;;0,18;;1,87;4,80;6,83;35,76
08037024;Crevalcore;Bologna;1;13.706;11,38;;13,10;;2,71;7,34;1,00;31,38
08037025;Dozza;Bologna;1;6.582;32,45;;12,11;;1,41;1,26;2,11;27,92
08037026;Fontanelice;Bologna;1;1.913;0,45;;5,06;;2,98;2,35;11,46;26,34
08037027;Gaggio Montano;Bologna;1;4.801;;;;;2,66;11,77;5,52;35,86
08037028;Galliera;Bologna;1;5.595;10,69;;15,60;;2,18;2,79;2,03;29,97
08037030;Granarolo dell'Emilia;Bologna;1;12.757;10,96;;6,69;;1,71;0,73;2,95;21,44
08037031;Grizzana Morandi;Bologna;1;3.887;9,42;;;;2,57;4,81;4,98;32,50
08037032;Imola;Bologna;1;69.121;7,87;;8,69;;3,51;2,10;2,74;24,72
08037033;Lizzano in Belvedere;Bologna;1;2.152;6,37;;;;2,54;9,37;4,62;34,29
08037034;Loiano;Bologna;1;4.416;12,62;;;;2,58;4,41;4,80;31,22
08037035;Malalbergo;Bologna;1;9.130;8,28;;4,67;;1,95;2,99;2,77;21,41
08037036;Marzabotto;Bologna;1;6.856;6,24;;0,01;;1,83;7,16;2,64;26,97
08037037;Medicina;Bologna;1;16.625;11,84;;6,60;;1,54;1,81;3,20;23,38
08037038;Minerbio;Bologna;1;8.870;9,69;;9,46;;1,53;2,29;3,47;24,91
08037039;Molinella;Bologna;1;15.636;8,21;;10,37;;1,19;7,15;3,99;32,12
08037040;Monghidoro;Bologna;1;3.804;19,52;;0,41;;2,25;3,04;5,05;32,29
08037042;Monte San Pietro;Bologna;1;10.725;17,09;;16,26;;1,31;2,23;2,32;29,86
08037041;Monterenzio;Bologna;1;6.090;9,06;;14,13;;1,97;4,36;2,82;28,02
08037044;Monzuno;Bologna;1;6.398;13,06;;0,24;;2,62;7,01;4,82;36,88
08037045;Mordano;Bologna;1;4.593;28,14;;8,95;;1,58;1,60;2,32;22,98
08037046;Ozzano dell'Emilia;Bologna;1;14.053;13,33;;7,21;;2,38;3,56;6,25;29,37
08037048;Pieve di Cento;Bologna;1;7.255;9,27;;13,87;;2,50;1,74;2,30;26,63
08037050;Sala Bolognese;Bologna;1;8.407;15,71;;12,53;;1,52;3,62;2,69;27,73
08037051;San Benedetto Val di Sambro;Bologna;1;4.189;18,33;;2,71;;3,68;2,43;3,14;31,53
08037052;San Giorgio di Piano;Bologna;1;9.376;9,76;;10,64;;3,06;1,21;2,10;23,14
08037053;San Giovanni in Persiceto;Bologna;1;27.720;21,96;;9,35;;2,54;5,81;2,12;27,24
08037054;San Lazzaro di Savena;Bologna;1;32.614;7,64;;9,36;;2,13;5,54;4,35;28,82
08037055;San Pietro in Casale;Bologna;1;12.834;11,21;;13,69;;2,47;1,86;2,35;26,65
08037056;Sant'Agata Bolognese;Bologna;1;7.285;15,29;;8,06;;1,71;5,17;1,28;22,28
08037057;Sasso Marconi;Bologna;1;14.747;11,70;;15,48;;1,79;3,20;2,04;30,05
08037061;Valsamoggia;Bologna;1;31.610;8,25;;10,95;;1,95;2,93;3,50;26,49
08037059;Vergato;Bologna;1;7.544;3,21;;;;1,95;11,92;4,04;31,67
08037060;Zola Predosa;Bologna;1;19.207;13,21;;16,58;;2,87;3,76;3,70;35,31
04021001;Aldino;Bolzano;1;1.629;15,35;;9,51;;2,60;4,53;;26,88
04021002;Andriano;Bolzano;1;1.025;13,68;;2,55;;2,78;1,58;0,73;20,34
04021003;Anterivo;Bolzano;1;393;14,02;;12,96;;6,70;4,53;;35,49
04021004;Appiano sulla strada del vino;Bolzano;1;14.800;0,36;;13,81;;2,65;3,72;;20,07
04021005;Avelengo;Bolzano;1;796;7,52;;10,35;;;4,49;;16,81
04021006;Badia;Bolzano;1;3.532;5,87;;20,85;;1,08;0,44;0,11;21,15
04021007;Barbiano;Bolzano;1;1.737;18,70;;11,36;;1,03;1,28;;26,16
04021008;Bolzano;Bolzano;1;106.107;20,18;;7,96;;6,77;6,56;2,97;35,89
04021009;Braies;Bolzano;1;683;9,46;;23,57;;2,10;0,14;;24,06
04021010;Brennero;Bolzano;1;2.328;14,48;;10,53;;3,40;2,21;;24,18
04021011;Bressanone;Bolzano;1;22.816;12,38;;11,47;;7,51;8,27;3,76;36,56
04021012;Bronzolo;Bolzano;1;2.724;12,91;;4,88;;0,16;4,04;;15,58
04021013;Brunico;Bolzano;1;16.978;16,20;;7,53;;4,34;6,22;1,43;26,66
04021014;Caines;Bolzano;1;386;12,50;;11,25;;0,58;0,96;;21,69
04021015;Caldaro sulla strada del vino;Bolzano;1;8.137;9,03;;3,67;;4,13;1,05;;15,29
04021016;Campo di Trens;Bolzano;1;2.674;17,59;;5,69;;1,91;0,39;;22,80
04021017;Campo Tures;Bolzano;1;5.717;10,33;;19,76;;0,83;2,07;;26,29
04021018;Castelbello-Ciardes;Bolzano;1;2.335;7,41;;7,91;;0,34;3,07;0,70;20,18
04021019;Castelrotto;Bolzano;1;6.967;20,94;;5,63;;3,09;2,35;;20,47
04021020;Cermes;Bolzano;1;1.576;9,22;;4,66;;2,39;0,56;;14,54
04021021;Chienes;Bolzano;1;3.018;12,73;;6,72;;0,70;2,45;;16,41
04021022;Chiusa;Bolzano;1;5.196;15,13;;5,50;;2,13;1,56;;17,90
04021023;Cornedo all'Isarco;Bolzano;1;3.468;11,36;;15,16;;3,70;0,31;;25,86
04021024;Cortaccia sulla strada del vino;Bolzano;1;2.194;8,69;;4,04;;0,44;1,30;0,37;14,58
04021025;Cortina sulla strada del vino;Bolzano;1;677;15,22;;10,99;;1,22;0,93;;19,58
04021026;Corvara in Badia;Bolzano;1;1.396;7,21;;19,94;;1,26;0,84;0,28;26,54
04021027;Curon Venosta;Bolzano;1;2.376;11,97;;10,64;;2,92;2,85;;25,06
04021028;Dobbiaco;Bolzano;1;3.363;8,02;;7,75;;3,01;1,78;;24,73
04021029;Egna;Bolzano;1;5.460;11,22;;0,10;;1,02;7,97;4,23;19,72
04021030;Falzes;Bolzano;1;3.077;23,18;;2,64;;1,48;0,75;;16,17
04021031;Fie allo Sciliar;Bolzano;1;3.626;17,46;;7,79;;5,79;1,46;1,25;24,11
04021032;Fortezza;Bolzano;1;1.086;16,66;;9,08;;0,50;7,04;0,68;29,56
04021033;Funes;Bolzano;1;2.550;21,35;;7,71;;2,83;1,43;;24,49
04021034;Gais;Bolzano;1;3.205;14,21;;9,41;;0,46;1,75;0,50;17,16
04021035;Gargazzone;Bolzano;1;1.767;11,29;;4,23;;2,65;1,90;0,10;14,15
04021036;Glorenza;Bolzano;1;937;17,89;;1,60;;3,00;0,11;1,09;19,23
04021117;La Valle;Bolzano;1;1.398;20,55;;17,38;;3,06;1,84;0,55;33,13
04021037;Laces;Bolzano;1;5.177;6,87;;7,11;;2,52;5,78;1,48;19,94
04021038;Lagundo;Bolzano;1;4.964;35,18;;3,26;;1,78;;;19,45
04021039;Laion;Bolzano;1;2.769;25,93;;6,78;;6,07;2,18;;28,35
04021040;Laives;Bolzano;1;18.162;29,45;;8,98;;3,98;5,08;2,36;31,35
04021041;Lana;Bolzano;1;12.477;21,17;;0,88;;0,78;3,82;;16,02
04021042;Lasa;Bolzano;1;4.094;9,83;;2,18;;2,91;3,71;1,06;24,41
04021043;Lauregno;Bolzano;1;317;7,93;;4,56;;4,75;8,93;;25,94
04021044;Luson;Bolzano;1;1.580;13,29;;12,23;;1,48;4,23;;28,51
04021045;Magre sulla strada del vino;Bolzano;1;1.300;9,05;;19,99;;3,66;0,41;0,34;19,01
04021046;Malles Venosta;Bolzano;1;5.246;8,12;;6,87;;1,61;7,86;;30,33
04021047;Marebbe;Bolzano;1;3.162;12,95;;8,85;;0,58;0,93;;23,44
04021048;Marlengo;Bolzano;1;2.838;13,75;;2,84;;1,39;7,83;;23,10
04021049;Martello;Bolzano;1;831;8,19;;7,03;;1,77;3,71;1,14;20,37
04021050;Meltina;Bolzano;1;1.723;14,19;;10,20;;1,30;2,38;;25,45
04021051;Merano;Bolzano;1;41.071;31,00;;;;7,83;8,15;5,11;53,05
04021052;Monguelfo-Tesido;Bolzano;1;2.902;14,81;;6,11;;1,94;0,47;;21,57
04021053;Montagna;Bolzano;1;1.704;14,31;;4,86;;0,70;2,19;;17,80
04021054;Moso in Passiria;Bolzano;1;2.034;12,79;;10,06;;0,64;1,74;0,09;17,75
04021055;Nalles;Bolzano;1;2.067;8,87;;2,59;;3,20;4,40;;18,79
04021056;Naturno;Bolzano;1;6.066;9,41;;10,74;;1,35;0,22;;17,58
04021057;Naz-Sciaves;Bolzano;1;3.354;10,65;;6,47;;0,29;3,90;0,70;18,91
04021058;Nova Levante;Bolzano;1;2.034;12,56;;6,58;;0,64;0,41;;18,06
04021059;Nova Ponente;Bolzano;1;4.034;21,76;;1,42;;6,50;1,04;;24,48
04021060;Ora;Bolzano;1;3.866;17,69;;4,33;;2,08;0,58;;21,85
04021061;Ortisei;Bolzano;1;4.793;14,33;;1,50;;2,21;1,78;;15,85
04021062;Parcines;Bolzano;1;3.876;;;11,61;;3,23;0,28;0,61;17,15
04021063;Perca;Bolzano;1;1.691;22,22;;11,17;;4,86;1,90;;22,53
04021064;Plaus;Bolzano;1;751;11,81;;4,85;;0,24;0,43;1,05;17,28
04021065;Ponte Gardena;Bolzano;1;200;5,50;;4,68;;;0,01;;10,78
04021066;Postal;Bolzano;1;1.995;10,46;;6,28;;3,68;2,54;;22,05
04021067;Prato allo Stelvio;Bolzano;1;3.803;13,88;;1,28;;1,39;0,03;;14,84
04021068;Predoi;Bolzano;1;522;5,72;;2,50;;3,25;0,27;;31,13
04021069;Proves;Bolzano;1;254;8,76;;0,80;;;11,96;;21,07
04021070;Racines;Bolzano;1;4.593;19,24;;8,67;;0,66;0,21;0,22;20,70
04021071;Rasun-Anterselva;Bolzano;1;2.909;10,76;;5,17;;0,37;4,45;0,39;20,44
04021072;Renon;Bolzano;1;8.052;8,32;;6,89;;1,27;3,49;1,23;18,00
04021073;Rifiano;Bolzano;1;1.365;11,59;;10,63;;0,84;1,10;;20,99
04021074;Rio di Pusteria;Bolzano;1;3.164;16,01;;3,57;;3,82;2,03;0,07;19,31
04021075;Rodengo;Bolzano;1;1.277;23,58;;1,75;;6,18;0,83;;23,74
04021076;Salorno;Bolzano;1;3.766;15,74;;1,17;;1,84;1,50;;17,18
04021077;San Candido;Bolzano;1;3.384;16,44;;8,76;;4,70;2,33;;26,77
04021079;San Genesio Atesino;Bolzano;1;3.027;27,67;;5,05;;2,59;0,92;0,01;19,04
04021080;San Leonardo in Passiria;Bolzano;1;3.614;8,47;;8,42;;1,61;2,76;;20,62
04021081;San Lorenzo di Sebato;Bolzano;1;3.836;10,83;;9,60;;1,39;1,07;;18,26
04021082;San Martino in Badia;Bolzano;1;1.760;6,35;;0,87;;;9,48;0,65;18,69
04021083;San Martino in Passiria;Bolzano;1;3.254;9,70;;5,69;;0,39;2,10;;17,83
04021084;San Pancrazio;Bolzano;1;1.527;17,37;;10,26;;2,40;1,83;;28,49
04021085;Santa Cristina Valgardena;Bolzano;1;1.982;;;;;0,32;4,18;;14,86
04021086;Sarentino;Bolzano;1;7.181;30,38;;8,14;;1,84;1,89;1,64;24,92
04021087;Scena;Bolzano;1;3.030;8,42;;7,69;;;4,43;;15,51
04021088;Selva dei Molini;Bolzano;1;1.402;10,51;;4,69;;0,44;4,21;;19,15
04021089;Selva di Val Gardena;Bolzano;1;2.602;5,55;;5,52;;0,25;2,41;;11,08
04021091;Senales;Bolzano;1;1.237;8,02;;9,59;;0,61;2,96;2,00;18,88
04021118;Senale-San Felice;Bolzano;1;774;8,40;;1,04;;2,54;0,94;;13,79
04021092;Sesto;Bolzano;1;1.838;10,90;;14,33;;1,85;0,69;0,16;23,51
04021093;Silandro;Bolzano;1;6.273;7,50;;22,91;;5,16;;;29,36
04021094;Sluderno;Bolzano;1;1.837;8,70;;1,29;;3,09;3,18;;22,77
04021095;Stelvio;Bolzano;1;1.136;10,48;;9,61;;;8,27;1,54;27,06
04021096;Terento;Bolzano;1;1.775;26,09;;5,53;;1,02;7,47;1,11;23,60
04021097;Terlano;Bolzano;1;4.830;7,55;;8,08;;4,05;0,62;0,32;17,38
04021098;Termeno sulla strada del vino;Bolzano;1;3.360;13,97;;6,16;;1,56;0,02;;13,20
04021099;Tesimo;Bolzano;1;1.978;8,72;;1,70;;7,05;0,17;;24,59
04021100;Tires;Bolzano;1;997;15,63;;15,31;;1,11;0,86;;25,40
04021101;Tirolo;Bolzano;1;2.459;8,27;;2,98;;0,20;7,25;0,18;18,27
04021102;Trodena nel parco naturale;Bolzano;1;1.031;17,14;;6,40;;0,05;7,18;;21,03
04021103;Tubre;Bolzano;1;950;22,63;;9,61;;2,91;4,72;;34,52
04021104;Ultimo;Bolzano;1;2.880;15,52;;4,00;;0,69;1,39;;18,22
04021105;Vadena;Bolzano;1;1.094;17,47;;13,92;;0,52;1,01;0,71;27,27
04021107;Val di Vizze;Bolzano;1;3.093;20,38;;5,75;;0,81;1,67;;17,94
04021106;Valdaora;Bolzano;1;3.177;10,08;;8,30;;0,73;1,85;1,64;18,64
04021108;Valle Aurina;Bolzano;1;5.948;33,81;;10,70;;2,30;0,88;;20,82
04021109;Valle di Casies;Bolzano;1;2.320;6,82;;4,72;;0,20;1,09;;10,91
04021110;Vandoies;Bolzano;1;3.317;21,54;;8,12;;2,23;1,53;;18,07
04021111;Varna;Bolzano;1;4.993;23,81;;2,35;;;0,10;2,19;22,87
04021116;Velturno;Bolzano;1;3.032;15,61;;9,36;;1,17;1,90;;21,12
04021112;Verano;Bolzano;1;991;10,47;;8,31;;0,85;3,42;1,08;21,75
04021113;Villabassa;Bolzano;1;1.612;12,07;;23,15;;;3,40;2,13;35,58
04021114;Villandro;Bolzano;1;1.904;20,76;;10,57;;3,71;1,28;;25,62
04021115;Vipiteno;Bolzano;1;6.915;16,63;;9,04;;5,49;1,20;;22,83
03017001;Acquafredda;Brescia;1;1.518;16,55;;9,17;;0,71;5,05;1,00;19,78
03017002;Adro;Brescia;1;7.127;6,89;;11,69;;0,68;5,44;1,07;24,87
03017003;Agnosine;Brescia;1;1.652;9,98;;9,98;;2,59;7,20;5,62;30,69
03017004;Alfianello;Brescia;1;2.327;28,67;;15,94;;0,33;1,56;2,70;30,11
03017005;Anfo;Brescia;1;447;12,91;;12,73;;;10,02;4,07;31,07
03017006;Angolo Terme;Brescia;1;2.302;15,80;;14,02;;5,15;4,74;5,15;36,16
03017007;Artogne;Brescia;1;3.568;9,04;;15,16;;3,14;4,88;3,30;33,34
03017008;Azzano Mella;Brescia;1;3.413;25,18;;11,01;;0,45;4,03;2,85;25,45
03017009;Bagnolo Mella;Brescia;1;12.446;14,87;;6,90;;1,67;3,27;3,20;19,37
03017010;Bagolino;Brescia;1;3.761;11,25;;18,68;;;4,06;1,92;26,76
03017011;Barbariga;Brescia;1;2.336;8,57;;14,10;;3,19;4,06;0,75;26,66
03017012;Barghe;Brescia;1;1.137;21,53;;8,72;;1,61;6,08;3,62;27,76
03017014;Bedizzole;Brescia;1;12.206;9,59;;7,77;;1,82;2,32;2,22;18,55
03017015;Berlingo;Brescia;1;2.749;9,46;;14,69;;0,53;3,71;1,63;26,82
03017016;Berzo Demo;Brescia;1;1.502;15,59;;17,29;;6,64;7,47;2,13;42,36
03017017;Berzo Inferiore;Brescia;1;2.451;10,79;;14,78;;2,04;4,09;1,84;30,65
03017018;Bienno;Brescia;1;3.767;12,58;;13,04;;3,83;3,32;5,79;33,23
03017019;Bione;Brescia;1;1.302;10,32;;9,21;;1,20;4,87;3,78;25,93
03017020;Borgo San Giacomo;Brescia;1;5.412;7,99;;7,66;;1,53;2,32;2,80;20,74
03017021;Borgosatollo;Brescia;1;9.047;5,66;;8,67;;1,37;0,78;2,96;19,02
03017022;Borno;Brescia;1;2.423;11,19;;12,10;;4,84;2,21;2,70;29,20
03017023;Botticino;Brescia;1;10.703;6,03;;12,97;;1,68;4,44;0,55;24,29
03017024;Bovegno;Brescia;1;2.014;5,22;;22,87;;;5,76;7,60;34,74
03017025;Bovezzo;Brescia;1;7.291;5,78;;12,23;;6,08;3,51;5,15;31,38
03017026;Brandico;Brescia;1;1.731;10,58;;7,25;;0,24;5,94;3,20;22,76
03017027;Braone;Brescia;1;691;20,82;;10,96;;2,34;5,12;1,39;28,12
03017028;Breno;Brescia;1;4.639;19,07;;11,74;;2,02;2,44;4,31;29,21
03017029;Brescia;Brescia;1;196.446;9,22;;16,13;;8,13;2,94;3,99;34,24
03017030;Brione;Brescia;1;750;13,50;;13,19;;;4,65;1,46;26,52
03017031;Caino;Brescia;1;2.157;7,20;;17,14;;3,02;5,78;2,88;30,19
03017032;Calcinato;Brescia;1;12.862;9,76;;7,42;;0,27;3,46;1,90;18,37
03017033;Calvagese della Riviera;Brescia;1;3.666;12,21;;10,40;;1,10;4,47;4,11;27,22
03017034;Calvisano;Brescia;1;8.369;10,27;;12,71;;1,65;7,74;4,62;30,70
03017035;Capo di Ponte;Brescia;1;2.317;26,81;;11,48;;3,40;4,29;1,62;30,59
03017036;Capovalle;Brescia;1;338;9,52;;8,02;;;13,26;2,86;28,93
03017037;Capriano del Colle;Brescia;1;4.710;20,20;;10,73;;1,74;2,28;1,94;24,60
03017038;Capriolo;Brescia;1;9.389;4,39;;8,93;;1,16;2,67;3,99;23,21
03017039;Carpenedolo;Brescia;1;12.945;7,06;;11,40;;1,20;6,53;3,94;25,88
03017040;Castegnato;Brescia;1;8.341;5,67;;9,47;;1,17;2,13;1,96;20,76
03017042;Castel Mella;Brescia;1;10.894;8,76;;9,25;;1,13;3,40;1,04;21,07
03017041;Castelcovati;Brescia;1;6.864;6,11;;6,13;;1,81;7,12;1,82;22,56
03017043;Castenedolo;Brescia;1;11.572;6,62;;8,98;;2,33;4,78;2,25;20,39
03017044;Casto;Brescia;1;1.607;13,50;;9,64;;0,78;4,20;5,35;26,24
03017045;Castrezzato;Brescia;1;7.579;18,15;;10,45;;0,58;2,46;4,31;23,47
03017046;Cazzago San Martino;Brescia;1;10.675;5,81;;9,83;;1,07;5,41;2,33;25,12
03017047;Cedegolo;Brescia;1;1.091;16,44;;15,26;;0,99;5,41;1,92;32,26
03017049;Cerveno;Brescia;1;659;20,56;;9,67;;2,28;7,29;1,90;30,98
03017050;Ceto;Brescia;1;1.772;12,52;;12,83;;0,85;4,78;1,54;27,12
03017051;Cevo;Brescia;1;817;8,00;;13,67;;11,73;3,71;1,84;36,57
03017052;Chiari;Brescia;1;19.164;10,88;;9,87;;1,77;4,03;1,87;22,98
03017053;Cigole;Brescia;1;1.449;6,24;;9,68;;0,32;0,40;0,78;18,83
03017054;Cimbergo;Brescia;1;533;4,65;;18,07;;2,75;7,95;1,64;28,52
03017055;Cividate Camuno;Brescia;1;2.651;18,22;;11,68;;0,45;3,17;1,85;25,58
03017056;Coccaglio;Brescia;1;8.749;6,75;;9,74;;3,00;3,32;3,33;24,93
03017057;Collebeato;Brescia;1;4.455;11,22;;10,17;;2,14;6,17;2,07;27,47
03017058;Collio;Brescia;1;1.988;12,70;;41,94;;1,36;4,98;;30,12
03017059;Cologne;Brescia;1;7.581;6,60;;12,75;;2,48;2,94;3,58;26,67
03017060;Comezzano-Cizzago;Brescia;1;4.080;5,68;;12,95;;1,29;1,79;2,34;22,78
03017061;Concesio;Brescia;1;15.680;6,13;;4,99;;3,60;4,25;4,28;23,27
03017062;Corte Franca;Brescia;1;7.139;4,42;;9,29;;1,97;2,28;2,11;21,84
03017063;Corteno Golgi;Brescia;1;1.910;9,49;;20,72;;6,77;5,02;2,15;37,47
03017064;Corzano;Brescia;1;1.427;7,40;;8,57;;0,31;2,50;7,26;21,94
03017065;Darfo Boario Terme;Brescia;1;15.598;16,09;;13,62;;1,74;2,61;2,18;29,74
03017066;Dello;Brescia;1;5.605;8,48;;15,05;;1,58;2,56;0,16;25,78
03017067;Desenzano del Garda;Brescia;1;29.106;11,25;;12,01;;2,34;4,13;2,48;26,58
03017068;Edolo;Brescia;1;4.375;12,64;;12,50;;2,81;1,84;1,64;27,41
03017070;Esine;Brescia;1;5.043;8,76;;12,38;;2,11;2,89;3,55;28,48
03017071;Fiesse;Brescia;1;1.999;14,16;;10,39;;2,48;4,32;0,90;25,10
03017072;Flero;Brescia;1;8.698;11,82;;11,30;;1,53;3,30;3,05;23,88
03017073;Gambara;Brescia;1;4.524;6,58;;7,64;;0,46;2,65;0,84;17,76
03017074;Gardone Riviera;Brescia;1;2.626;17,10;;16,43;;6,97;8,34;6,57;44,69
03017075;Gardone Val Trompia;Brescia;1;11.360;9,24;;12,51;;3,27;6,22;5,35;30,87
03017076;Gargnano;Brescia;1;2.680;13,08;;19,16;;2,57;5,78;6,82;38,84
03017077;Gavardo;Brescia;1;12.253;13,47;;9,65;;2,73;5,34;6,04;30,19
03017078;Ghedi;Brescia;1;18.497;7,36;;7,34;;1,63;7,68;1,56;23,86
03017079;Gianico;Brescia;1;2.128;21,49;;10,17;;0,61;2,80;1,55;24,67
03017080;Gottolengo;Brescia;1;4.969;10,45;;12,54;;1,90;1,06;1,98;23,76
03017081;Gussago;Brescia;1;16.517;12,74;;9,10;;1,33;2,15;2,03;21,44
03017082;Idro;Brescia;1;1.880;13,06;;12,71;;1,45;5,28;5,66;30,48
03017083;Incudine;Brescia;1;344;9,69;;13,34;;16,04;8,71;1,66;45,34
03017084;Irma;Brescia;1;132;8,13;;24,53;;;15,38;9,03;47,16
03017085;Iseo;Brescia;1;8.973;8,37;;12,57;;5,27;3,18;3,77;29,74
03017086;Isorella;Brescia;1;4.054;8,65;;13,02;;0,50;5,45;2,04;24,57
03017087;Lavenone;Brescia;1;486;13,78;;17,21;;;8,82;6,58;35,88
03017088;Leno;Brescia;1;14.338;15,56;;6,02;;2,48;5,74;2,40;22,18
03017089;Limone sul Garda;Brescia;1;1.130;11,48;;9,80;;3,41;4,04;4,49;26,68
03017090;Lodrino;Brescia;1;1.615;10,49;;21,60;;0,24;8,31;4,48;34,54
03017091;Lograto;Brescia;1;3.784;6,36;;10,52;;1,46;3,34;5,82;29,06
03017092;Lonato del Garda;Brescia;1;16.911;17,36;;8,72;;1,30;4,96;3,39;25,83
03017093;Longhena;Brescia;1;549;22,39;;12,98;;0,68;2,60;0,65;20,21
03017094;Losine;Brescia;1;624;48,43;;9,00;;0,90;9,49;1,75;36,21
03017095;Lozio;Brescia;1;352;7,91;;23,18;;0,20;10,48;3,30;40,73
03017096;Lumezzane;Brescia;1;21.424;3,65;;12,32;;2,79;5,79;5,04;29,38
03017097;Maclodio;Brescia;1;1.484;18,20;;6,60;;4,89;2,22;1,04;22,99
03017098;Magasa;Brescia;1;106;16,74;;8,01;;;5,57;;28,58
03017099;Mairano;Brescia;1;3.508;9,82;;7,65;;1,69;3,87;7,66;27,13
03017100;Malegno;Brescia;1;1.923;13,99;;13,54;;2,31;5,31;3,01;31,40
03017101;Malonno;Brescia;1;3.003;9,40;;11,20;;4,16;1,20;3,31;26,13
03017102;Manerba del Garda;Brescia;1;5.377;16,82;;9,58;;2,24;4,31;5,22;28,74
03017103;Manerbio;Brescia;1;13.319;8,24;;11,88;;1,06;3,40;2,90;25,06
03017104;Marcheno;Brescia;1;4.150;6,34;;11,89;;1,39;7,74;5,47;31,80
03017105;Marmentino;Brescia;1;658;7,28;;30,83;;;2,99;3,99;32,41
03017106;Marone;Brescia;1;3.101;12,91;;11,28;;2,01;2,56;2,50;23,88
03017107;Mazzano;Brescia;1;12.635;5,22;;9,52;;2,77;5,92;2,76;29,12
03017108;Milzano;Brescia;1;1.743;17,13;;12,28;;0,74;2,12;2,27;25,24
03017109;Moniga del Garda;Brescia;1;2.614;10,43;;11,59;;4,41;4,66;2,44;30,01
03017110;Monno;Brescia;1;512;12,04;;16,20;;2,22;6,67;1,91;31,95
03017112;Monticelli Brusati;Brescia;1;4.591;10,42;;10,23;;0,51;6,64;3,60;29,04
03017113;Montichiari;Brescia;1;26.116;6,53;;6,59;;2,05;5,99;1,22;20,95
03017114;Montirone;Brescia;1;5.061;14,40;;10,73;;1,59;6,70;1,26;26,84
03017115;Mura;Brescia;1;777;9,29;;14,86;;8,08;6,66;5,55;38,10
03017116;Muscoline;Brescia;1;2.691;9,56;;8,26;;0,50;5,39;4,66;24,56
03017117;Nave;Brescia;1;10.552;6,18;;11,86;;4,23;4,07;4,43;29,70
03017118;Niardo;Brescia;1;1.941;26,52;;8,61;;0,39;4,43;1,30;22,80
03017119;Nuvolento;Brescia;1;3.864;9,11;;14,24;;3,41;8,68;3,70;37,15
03017120;Nuvolera;Brescia;1;4.709;5,72;;13,43;;2,76;7,89;3,37;33,51
03017121;Odolo;Brescia;1;1.914;8,81;;10,10;;0,62;7,13;5,55;28,50
03017122;Offlaga;Brescia;1;4.078;17,20;;13,27;;2,12;3,66;0,18;28,82
03017123;Ome;Brescia;1;3.153;6,46;;25,57;;5,48;3,21;2,04;30,00
03017124;Ono San Pietro;Brescia;1;965;25,54;;15,37;;3,07;7,81;4,19;40,28
03017125;Orzinuovi;Brescia;1;12.388;5,98;;12,19;;3,44;2,37;1,47;24,21
03017126;Orzivecchi;Brescia;1;2.449;8,42;;13,78;;2,32;1,22;2,03;24,50
03017127;Ospitaletto;Brescia;1;14.694;3,56;;8,14;;1,99;5,53;2,84;21,52
03017128;Ossimo;Brescia;1;1.458;25,42;;14,13;;1,50;4,20;6,55;37,06
03017129;Padenghe sul Garda;Brescia;1;4.828;7,29;;10,54;;4,70;4,97;1,44;30,30
03017130;Paderno Franciacorta;Brescia;1;3.635;6,27;;10,98;;1,24;5,31;1,04;23,56
03017131;Paisco Loveno;Brescia;1;172;35,02;;17,13;;;28,38;4,19;62,40
03017132;Paitone;Brescia;1;2.176;13,63;;9,66;;;7,13;6,48;30,55
03017133;Palazzolo sull'Oglio;Brescia;1;20.106;9,32;;10,15;;2,53;4,28;2,20;25,28
03017134;Paratico;Brescia;1;4.959;3,59;;11,18;;1,75;4,17;3,06;23,63
03017135;Paspardo;Brescia;1;579;6,88;;8,36;;1,24;6,07;3,09;27,21
03017136;Passirano;Brescia;1;6.889;8,59;;10,62;;1,05;3,26;1,58;22,94
03017137;Pavone del Mella;Brescia;1;2.660;5,55;;14,67;;1,16;2,50;1,21;22,34
03017139;Pertica Alta;Brescia;1;553;9,84;;9,07;;6,90;5,87;4,40;31,11
03017140;Pertica Bassa;Brescia;1;555;7,08;;8,83;;;6,92;4,18;24,43
03017141;Pezzaze;Brescia;1;1.445;4,78;;20,86;;;4,47;3,51;28,36
03017142;Pian Camuno;Brescia;1;4.759;15,45;;11,87;;2,15;2,44;2,91;26,93
03017206;Piancogno;Brescia;1;4.774;12,46;;13,54;;1,89;4,70;1,64;29,31
03017143;Pisogne;Brescia;1;7.858;9,70;;9,93;;3,19;1,71;5,02;26,36
03017144;Polaveno;Brescia;1;2.459;3,99;;13,65;;0,64;4,91;3,01;25,55
03017145;Polpenazze del Garda;Brescia;1;2.710;13,03;;19,51;;0,74;4,57;2,49;34,28
03017146;Pompiano;Brescia;1;3.707;9,21;;11,03;;0,62;1,69;3,13;22,80
03017147;Poncarale;Brescia;1;5.184;12,90;;15,19;;1,61;6,29;3,36;29,12
03017148;Ponte di Legno;Brescia;1;1.745;14,53;;11,84;;16,40;9,71;1,74;48,57
03017149;Pontevico;Brescia;1;6.978;6,81;;9,96;;1,30;3,19;0,85;20,17
03017150;Pontoglio;Brescia;1;6.943;15,64;;9,34;;3,49;3,51;5,95;26,54
03017151;Pozzolengo;Brescia;1;3.582;8,91;;14,58;;2,09;5,46;1,24;28,22
03017152;Pralboino;Brescia;1;2.778;9,21;;9,78;;0,58;3,23;0,88;21,17
03017153;Preseglie;Brescia;1;1.475;11,54;;10,17;;0,08;4,63;4,04;24,66
03017155;Prevalle;Brescia;1;6.781;15,13;;12,64;;0,56;3,24;0,11;23,76
03017156;Provaglio d'Iseo;Brescia;1;7.122;9,73;;10,59;;0,47;5,83;1,68;24,23
03017157;Provaglio Val Sabbia;Brescia;1;872;6,05;;9,10;;1,97;6,57;4,09;26,37
03017158;Puegnago sul Garda;Brescia;1;3.447;9,73;;11,91;;0,62;3,78;3,59;26,03
03017159;Quinzano d'Oglio;Brescia;1;6.194;7,81;;6,89;;1,69;2,57;3,18;20,77
03017160;Remedello;Brescia;1;3.374;16,43;;11,07;;1,91;7,44;3,27;27,62
03017161;Rezzato;Brescia;1;13.337;8,15;;10,27;;2,67;4,92;2,38;26,44
03017162;Roccafranca;Brescia;1;4.854;3,31;;9,57;;2,13;1,99;2,32;21,78
03017163;Rodengo Saiano;Brescia;1;9.865;9,51;;13,76;;2,72;2,26;0,06;23,52
03017164;Roe Volciano;Brescia;1;4.342;19,60;;10,69;;0,50;5,52;6,31;30,51
03017165;Roncadelle;Brescia;1;9.201;5,76;;8,24;;1,52;1,07;0,66;15,82
03017166;Rovato;Brescia;1;19.277;4,78;;10,32;;2,88;3,36;1,99;23,87
03017168;Sabbio Chiese;Brescia;1;4.001;10,10;;10,32;;0,25;5,07;4,03;25,07
03017169;Sale Marasino;Brescia;1;3.255;17,65;;10,75;;3,30;4,75;0,71;26,53
03017170;Salo;Brescia;1;10.417;22,63;;11,91;;3,78;4,47;4,02;32,68
03017171;San Felice del Benaco;Brescia;1;3.461;8,58;;12,08;;2,92;6,32;1,56;28,03
03017172;San Gervasio Bresciano;Brescia;1;2.676;17,39;;12,08;;0,33;1,83;7,16;32,25
03017138;San Paolo;Brescia;1;4.406;3,56;;7,97;;2,87;3,02;1,49;19,67
03017173;San Zeno Naviglio;Brescia;1;4.671;8,27;;12,69;;3,11;5,40;2,77;27,11
03017174;Sarezzo;Brescia;1;13.129;8,24;;11,20;;2,98;4,42;2,91;25,27
03017175;Saviore dell'Adamello;Brescia;1;795;7,57;;14,85;;13,96;7,72;1,69;42,34
03017176;Sellero;Brescia;1;1.388;10,60;;13,31;;6,08;3,30;1,69;31,00
03017178;Serle;Brescia;1;3.081;19,00;;10,95;;;5,80;4,65;28,34
03017179;Sirmione;Brescia;1;8.248;6,41;;6,44;;4,06;4,36;1,72;21,90
03017180;Soiano del Lago;Brescia;1;1.911;18,83;;13,96;;1,11;5,41;1,90;30,81
03017181;Sonico;Brescia;1;1.204;15,17;;14,93;;0,49;6,46;3,82;33,15
03017182;Sulzano;Brescia;1;1.932;14,00;;16,08;;2,79;3,91;3,30;31,53
03017184;Temu;Brescia;1;1.132;7,38;;10,51;;4,62;7,15;1,84;30,12
03017185;Tignale;Brescia;1;1.154;8,00;;14,26;;7,19;4,38;1,68;31,65
03017186;Torbole Casaglia;Brescia;1;6.426;;;13,69;;0,22;4,15;1,58;23,06
03017187;Toscolano-Maderno;Brescia;1;7.546;15,88;;12,74;;3,09;6,18;3,51;33,11
03017188;Travagliato;Brescia;1;13.753;4,77;;8,99;;2,12;6,99;0,25;22,17
03017189;Tremosine sul Garda;Brescia;1;2.066;13,67;;12,32;;1,68;5,41;2,68;34,25
03017190;Trenzano;Brescia;1;5.476;17,54;;13,21;;3,87;4,88;1,54;28,61
03017191;Treviso Bresciano;Brescia;1;511;8,92;;7,37;;;10,05;2,72;24,93
03017192;Urago d'Oglio;Brescia;1;3.744;22,62;;11,36;;0,41;1,07;6,80;25,45
03017193;Vallio Terme;Brescia;1;1.402;24,71;;8,90;;3,50;6,45;3,43;29,99
03017194;Valvestino;Brescia;1;167;19,31;;7,77;;3,71;6,81;7,03;41,24
03017195;Verolanuova;Brescia;1;8.050;9,49;;8,80;;0,60;3,03;0,31;16,97
03017196;Verolavecchia;Brescia;1;3.810;8,75;;9,44;;0,16;2,09;0,89;19,90
03017197;Vestone;Brescia;1;4.142;14,40;;10,63;;0,09;5,45;4,19;26,55
03017198;Vezza d'Oglio;Brescia;1;1.463;14,07;;16,38;;2,07;4,28;2,39;33,01
03017199;Villa Carcina;Brescia;1;10.603;5,88;;14,32;;0,38;1,92;4,62;23,66
03017200;Villachiara;Brescia;1;1.360;14,14;;12,62;;2,38;5,09;2,25;27,49
03017201;Villanuova sul Clisi;Brescia;1;5.816;16,35;;10,26;;0,88;4,17;4,16;26,21
03017202;Vione;Brescia;1;625;31,71;;16,31;;10,65;10,61;3,06;58,29
03017203;Visano;Brescia;1;1.980;15,26;;12,51;;2,13;6,73;2,89;28,85
03017204;Vobarno;Brescia;1;8.240;14,16;;8,82;;0,52;4,27;4,53;25,53
03017205;Zone;Brescia;1;1.023;23,59;;16,24;;;4,70;;28,53
16074001;Brindisi;Brindisi;1;82.694;10,89;;27,12;;11,70;1,67;4,00;51,55
16074002;Carovigno;Brindisi;1;16.917;4,08;;23,29;;5,60;2,69;3,39;38,38
16074003;Ceglie Messapica;Brindisi;1;18.680;11,68;;21,85;;2,58;5,18;1,29;39,58
16074004;Cellino San Marco;Brindisi;1;6.088;10,04;;19,48;;1,66;3,69;8,27;45,74
16074005;Cisternino;Brindisi;1;11.139;30,20;;19,70;;6,31;2,96;1,99;41,31
16074007;Fasano;Brindisi;1;38.745;19,05;;27,88;;3,02;2,62;1,12;39,42
16074010;Mesagne;Brindisi;1;26.148;12,05;;24,09;;5,90;2,26;0,35;36,58
16074013;San Donaci;Brindisi;1;6.180;13,03;;26,73;;8,48;5,14;0,44;50,60
16074015;San Pancrazio Salentino;Brindisi;1;9.281;5,71;;10,83;;4,44;7,70;0,43;36,00
16074016;San Pietro Vernotico;Brindisi;1;13.022;6,89;;25,32;;3,42;5,12;0,50;40,77
16074017;San Vito dei Normanni;Brindisi;1;18.103;5,91;;13,89;;6,37;3,98;0,33;35,29
16074018;Torchiarolo;Brindisi;1;5.266;7,29;;20,39;;6,82;5,71;1,48;43,46
16074019;Torre Santa Susanna;Brindisi;1;10.114;5,67;;10,29;;4,33;9,12;0,80;39,30
20092003;Assemini;Cagliari [fino 2024];1;25.835;29,62;;14,45;;5,09;2,97;5,16;38,41
20092009;Cagliari;Cagliari [fino 2024];1;148.117;15,51;;22,02;;13,24;6,32;12,56;62,93
20092011;Capoterra;Cagliari [fino 2024];1;23.186;16,05;;8,14;;4,21;1,25;2,66;21,48
20092015;Decimomannu;Cagliari [fino 2024];1;8.373;7,90;;6,49;;1,79;13,53;;30,36
20092108;Elmas;Cagliari [fino 2024];1;9.406;11,77;;15,87;;4,01;5,12;2,53;28,80
20092037;Maracalagonis;Cagliari [fino 2024];1;7.918;39,15;;14,26;;4,34;3,62;6,82;39,86
20092109;Monserrato;Cagliari [fino 2024];1;18.924;21,48;;17,83;;7,76;4,72;4,70;44,91
20092050;Pula;Cagliari [fino 2024];1;7.125;19,93;;18,96;;4,21;3,26;3,30;37,29
20092105;Quartucciu;Cagliari [fino 2024];1;12.830;8,26;;14,20;;6,65;6,45;1,40;36,23
20092066;Sarroch;Cagliari [fino 2024];1;5.028;7,78;;25,32;;6,13;8,92;8,32;53,19
20092068;Selargius;Cagliari [fino 2024];1;28.447;18,78;;15,94;;6,49;1,96;6,47;42,74
20092074;Sestu;Cagliari [fino 2024];1;20.773;16,20;;12,60;;6,07;3,67;4,21;36,25
20092080;Sinnai;Cagliari [fino 2024];1;17.161;18,40;;16,44;;4,62;10,44;0,87;43,56
20092090;Uta;Cagliari [fino 2024];1;8.796;16,00;;11,75;;2,24;4,27;2,08;27,47
20092099;Villa San Pietro;Cagliari [fino 2024];1;2.140;21,57;;11,71;;3,59;5,23;4,50;34,37
19085001;Acquaviva Platani;Caltanissetta;1;869;0,21;;0,19;;0,06;0,17;0,11;0,71
19085002;Bompensiere;Caltanissetta;1;491;9,22;;16,13;;2,26;20,52;21,46;71,62
19085003;Butera;Caltanissetta;1;4.164;85,75;;11,28;;6,16;15,44;3,93;55,16
19085004;Caltanissetta;Caltanissetta;1;58.532;4,20;;23,04;;4,09;8,77;3,68;45,63
19085005;Campofranco;Caltanissetta;1;2.656;11,06;;21,58;;;5,56;1,75;36,70
19085006;Delia;Caltanissetta;1;3.858;28,29;;7,91;;3,74;8,83;9,74;40,44
19085008;Marianopoli;Caltanissetta;1;1.600;10,13;;12,94;;6,91;14,79;9,60;53,42
19085010;Milena;Caltanissetta;1;2.700;10,95;;20,45;;2,73;7,18;1,95;46,79
19085011;Montedoro;Caltanissetta;1;1.379;13,11;;14,76;;7,30;6,87;1,05;42,38
19085012;Mussomeli;Caltanissetta;1;9.913;6,66;;15,65;;1,46;3,24;0,81;28,32
19085013;Niscemi;Caltanissetta;1;24.934;7,93;;17,91;;5,14;3,16;1,00;31,20
19085014;Resuttano;Caltanissetta;1;1.752;10,75;;19,02;;0,22;2,70;1,59;30,94
19085015;Riesi;Caltanissetta;1;10.502;15,65;;15,68;;8,50;1,86;1,10;35,18
19085016;San Cataldo;Caltanissetta;1;20.939;18,68;;25,78;;8,10;12,08;0,97;56,49
19085017;Santa Caterina Villarmosa;Caltanissetta;1;4.673;10,42;;19,95;;3,32;6,81;4,20;42,98
19085018;Serradifalco;Caltanissetta;1;5.493;8,65;;14,75;;8,27;5,20;1,56;40,00
19085019;Sommatino;Caltanissetta;1;6.397;38,46;;8,09;;0,39;3,72;1,35;30,93
19085020;Sutera;Caltanissetta;1;1.178;12,41;;16,69;;4,25;14,29;1,96;47,31
19085021;Vallelunga Pratameno;Caltanissetta;1;3.113;6,37;;11,72;;1,62;7,46;11,90;47,01
19085022;Villalba;Caltanissetta;1;1.407;12,03;;11,44;;3,59;5,06;3,97;35,93
14070001;Acquaviva Collecroce;Campobasso;1;566;39,45;;38,27;;7,18;2,24;2,91;56,28
14070004;Bonefro;Campobasso;1;1.201;14,28;;17,98;;4,99;2,97;0,81;33,34
14070005;Busso;Campobasso;1;1.171;17,53;;27,87;;0,38;2,58;0,76;39,07
14070006;Campobasso;Campobasso;1;47.075;3,39;;31,88;;4,11;5,60;5,11;41,12
14070008;Campodipietra;Campobasso;1;2.433;12,22;;12,28;;1,01;0,49;0,15;39,18
14070009;Campolieto;Campobasso;1;841;11,41;;13,82;;2,25;3,82;0,40;31,53
14070012;Casalciprano;Campobasso;1;462;23,33;;48,66;;1,99;4,76;0,71;50,52
14070013;Castelbottaccio;Campobasso;1;245;25,01;;22,18;;12,46;6,67;2,30;47,35
14070015;Castelmauro;Campobasso;1;1.183;24,76;;17,57;;1,80;3,62;6,39;43,17
14070016;Castropignano;Campobasso;1;863;25,73;;;;;1,89;10,05;28,40
14070017;Cercemaggiore;Campobasso;1;3.601;17,72;;18,20;;4,06;5,85;0,67;35,14
14070018;Cercepiccola;Campobasso;1;622;24,19;;31,58;;7,51;12,41;0,76;55,70
14070019;Civitacampomarano;Campobasso;1;302;15,06;;27,63;;9,45;3,52;;42,74
14070020;Colle d'Anchise;Campobasso;1;722;12,60;;37,46;;6,02;10,70;1,53;43,76
14070021;Colletorto;Campobasso;1;1.661;10,66;;10,92;;7,62;7,42;1,02;32,54
14070022;Duronia;Campobasso;1;404;25,83;;;;;3,61;9,41;39,47
14070026;Gildone;Campobasso;1;749;10,15;;9,86;;5,26;10,17;2,51;49,30
14070030;Jelsi;Campobasso;1;1.618;12,30;;9,61;;4,31;12,65;0,20;52,10
14070032;Limosano;Campobasso;1;694;16,49;;;;0,55;9,44;7,41;37,87
14070033;Lucito;Campobasso;1;631;6,77;;6,82;;7,18;2,07;;22,25
14070034;Lupara;Campobasso;1;412;15,56;;9,39;;4,10;2,93;7,61;39,82
14070035;Macchia Valfortore;Campobasso;1;484;26,86;;25,44;;11,02;18,83;;63,54
14070036;Mafalda;Campobasso;1;1.080;15,97;;31,40;;1,19;4,79;;35,20
14070037;Matrice;Campobasso;1;1.032;22,51;;25,28;;1,49;24,78;;51,05
14070039;Molise;Campobasso;1;147;16,71;;;;;14,19;0,29;17,78
14070040;Monacilioni;Campobasso;1;466;12,24;;8,13;;6,34;20,96;;44,89
14070043;Montefalcone nel Sannio;Campobasso;1;1.382;55,71;;21,84;;2,46;0,49;1,23;34,75
14070044;Montelongo;Campobasso;1;307;;;55,05;;;2,79;0,48;36,58
14070047;Montorio nei Frentani;Campobasso;1;360;11,27;;50,48;;2,19;7,83;4,08;53,71
14070049;Oratino;Campobasso;1;1.676;17,32;;26,90;;3,29;2,63;0,61;39,05
14070050;Palata;Campobasso;1;1.535;8,65;;15,15;;2,28;3,05;0,78;26,69
14070052;Petrella Tifernina;Campobasso;1;1.042;1,57;;11,12;;1,94;4,05;0,06;21,08
14070053;Pietracatella;Campobasso;1;1.240;12,85;;21,91;;1,48;7,72;;37,06
14070058;Ripabottoni;Campobasso;1;443;47,70;;;;4,10;7,37;;46,46
14070060;Roccavivara;Campobasso;1;622;36,81;;4,75;;6,20;7,02;8,42;36,54
14070061;Rotello;Campobasso;1;1.098;15,34;;24,98;;0,60;8,37;;33,60
14070063;San Biase;Campobasso;1;129;157,55;;;;42,18;26,91;26,03;164,54
14070064;San Felice del Molise;Campobasso;1;551;15,41;;14,04;;1,04;2,66;5,09;27,08
14070066;San Giovanni in Galdo;Campobasso;1;518;15,54;;16,72;;11,97;5,93;1,07;64,28
14070068;San Giuliano di Puglia;Campobasso;1;982;;;25,27;;1,51;1,19;0,14;24,32
14070069;San Martino in Pensilis;Campobasso;1;4.497;20,87;;19,04;;4,20;4,27;0,65;36,00
14070070;San Massimo;Campobasso;1;817;4,85;;53,30;;;6,46;4,15;32,37
14070072;Santa Croce di Magliano;Campobasso;1;3.960;13,05;;17,14;;5,13;2,91;1,63;32,27
14070076;Spinete;Campobasso;1;1.168;16,67;;26,09;;2,68;8,80;3,17;51,27
14070077;Tavenna;Campobasso;1;601;62,24;;8,68;;0,36;10,69;;48,64
14070078;Termoli;Campobasso;1;32.235;7,03;;15,83;;4,69;4,39;5,78;35,85
14070079;Torella del Sannio;Campobasso;1;708;20,95;;4,66;;2,87;3,31;0,80;26,00
14070080;Toro;Campobasso;1;1.250;1,58;;5,77;;8,58;12,43;1,75;38,25
14070081;Trivento;Campobasso;1;4.353;14,38;;23,53;;1,32;1,30;2,34;32,15
14070082;Tufara;Campobasso;1;793;35,00;;6,78;;;14,83;1,53;45,71
14070084;Vinchiaturo;Campobasso;1;3.368;7,43;;25,38;;6,21;0,43;1,24;32,97
15061001;Ailano;Caserta;1;1.198;60,11;;23,49;;4,38;3,78;9,29;61,45
15061002;Alife;Caserta;1;7.376;9,21;;33,93;;3,67;;;41,27
15061003;Alvignano;Caserta;1;4.507;7,93;;27,39;;2,25;3,76;6,00;43,63
15061004;Arienzo;Caserta;1;5.307;28,89;;29,86;;5,42;3,53;3,93;54,34
15061005;Aversa;Caserta;1;49.612;24,15;;16,52;;5,11;2,20;6,26;52,41
15061006;Baia e Latina;Caserta;1;2.006;25,83;;21,49;;5,12;3,66;1,23;46,06
15061007;Bellona;Caserta;1;5.988;23,75;;15,59;;2,67;0,32;3,97;42,51
15061008;Caianello;Caserta;1;1.752;23,99;;8,94;;3,68;1,80;5,60;37,89
15061009;Caiazzo;Caserta;1;5.205;26,13;;19,44;;3,49;3,50;0,68;38,29
15061010;Calvi Risorta;Caserta;1;5.469;11,40;;18,74;;6,55;3,63;0,35;44,81
15061011;Camigliano;Caserta;1;1.993;;;8,93;;5,43;4,09;0,33;32,74
15061013;Capodrise;Caserta;1;10.007;40,71;;8,41;;4,21;2,53;2,81;39,63
15061014;Capriati a Volturno;Caserta;1;1.440;11,33;;5,27;;15,40;6,01;14,82;56,28
15061015;Capua;Caserta;1;17.609;6,27;;35,43;;6,66;3,54;3,91;52,44
15061016;Carinaro;Caserta;1;7.094;5,18;;17,89;;2,09;3,11;1,63;32,95
15061017;Carinola;Caserta;1;7.154;4,77;;37,30;;2,10;4,41;16,61;62,44
15061018;Casagiove;Caserta;1;13.013;17,25;;22,94;;3,82;1,09;6,86;49,88
15061019;Casal di Principe;Caserta;1;21.298;5,32;;26,03;;0,31;0,36;1,06;33,96
15061103;Casapesenna;Caserta;1;6.883;7,32;;15,00;;3,35;2,57;0,28;30,26
15061021;Casapulla;Caserta;1;8.253;11,77;;26,99;;4,26;2,61;11,47;57,27
15061022;Caserta;Caserta;1;72.805;6,31;;27,06;;11,13;5,36;4,26;54,22
15061023;Castel Campagnano;Caserta;1;1.458;13,91;;27,81;;2,49;5,64;2,28;45,16
15061024;Castel di Sasso;Caserta;1;1.051;21,51;;21,21;;1,76;3,14;1,97;37,74
15061026;Castel Morrone;Caserta;1;3.587;29,65;;11,58;;7,25;1,94;0,38;41,94
15061027;Castel Volturno;Caserta;1;28.436;9,54;;35,63;;1,64;3,38;1,89;40,55
15061102;Cellole;Caserta;1;8.133;9,54;;21,49;;2,95;1,77;3,21;37,29
15061029;Cesa;Caserta;1;9.571;61,17;;23,55;;2,48;3,39;1,27;60,19
15061030;Ciorlano;Caserta;1;370;26,39;;33,00;;1,58;2,56;;51,42
15061031;Conca della Campania;Caserta;1;1.154;40,78;;24,14;;;2,81;13,23;54,51
15061032;Curti;Caserta;1;6.694;13,89;;11,72;;1,97;6,81;2,36;39,46
15061033;Dragoni;Caserta;1;1.973;8,62;;28,47;;4,19;4,35;13,64;55,73
15061101;Falciano del Massico;Caserta;1;3.363;80,17;;;;2,75;5,22;4,34;58,26
15061035;Formicola;Caserta;1;1.367;15,63;;17,46;;4,10;4,91;1,39;35,33
15061036;Francolise;Caserta;1;4.640;10,64;;11,05;;5,72;1,75;0,99;32,05
15061038;Gallo Matese;Caserta;1;479;10,14;;6,29;;4,28;16,68;;51,73
15061039;Galluccio;Caserta;1;2.036;19,45;;25,70;;2,69;6,14;7,42;51,99
15061042;Grazzanise;Caserta;1;6.723;23,75;;20,96;;6,28;0,68;0,13;46,41
15061044;Letino;Caserta;1;631;66,49;;9,40;;7,51;2,07;;46,82
15061045;Liberi;Caserta;1;1.083;8,42;;21,84;;2,67;0,63;13,30;45,58
15061046;Lusciano;Caserta;1;16.040;22,51;;17,68;;2,14;1,87;;36,20
15061048;Maddaloni;Caserta;1;36.834;11,57;;42,72;;2,16;3,34;1,62;44,65
15061049;Marcianise;Caserta;1;38.335;10,48;;10,74;;2,46;6,43;2,26;35,32
15061050;Marzano Appio;Caserta;1;1.974;17,65;;38,17;;4,33;2,98;;48,67
15061051;Mignano Monte Lungo;Caserta;1;3.004;26,64;;9,24;;3,48;5,33;3,83;36,85
15061053;Orta di Atella;Caserta;1;27.203;11,67;;33,44;;4,92;2,52;5,63;49,61
15061054;Parete;Caserta;1;12.354;16,01;;18,15;;1,64;1,32;1,62;35,00
15061055;Pastorano;Caserta;1;2.884;22,00;;21,68;;0,95;2,92;9,41;50,07
15061056;Piana di Monte Verna;Caserta;1;2.066;9,20;;26,22;;3,51;3,80;1,52;45,68
15061057;Piedimonte Matese;Caserta;1;10.158;51,48;;17,15;;7,34;1,03;16,65;65,64
15061058;Pietramelara;Caserta;1;4.495;10,18;;;;1,67;4,23;2,43;25,09
15061059;Pietravairano;Caserta;1;2.830;7,61;;5,58;;0,18;1,98;;22,79
15061060;Pignataro Maggiore;Caserta;1;5.733;19,29;;33,90;;2,78;8,71;1,15;59,46
15061062;Portico di Caserta;Caserta;1;7.732;14,54;;7,81;;3,50;2,48;;32,84
15061063;Prata Sannita;Caserta;1;1.362;50,02;;37,21;;0,90;5,32;0,20;61,14
15061064;Pratella;Caserta;1;1.408;8,28;;35,48;;0,79;1,34;0,12;35,28
15061068;Riardo;Caserta;1;2.238;9,27;;20,75;;1,91;3,31;0,61;36,47
15061070;Roccamonfina;Caserta;1;3.174;35,40;;20,40;;3,69;13,17;2,31;56,98
15061071;Roccaromana;Caserta;1;819;36,28;;7,77;;11,18;4,02;15,63;63,87
15061072;Rocchetta e Croce;Caserta;1;447;62,55;;21,65;;2,90;18,39;7,84;70,62
15061074;San Cipriano d'Aversa;Caserta;1;13.136;8,52;;18,11;;1,66;1,48;0,17;30,59
15061075;San Felice a Cancello;Caserta;1;16.842;18,17;;29,68;;1,77;5,66;7,65;47,11
15061077;San Marcellino;Caserta;1;14.717;11,18;;16,53;;1,83;5,57;7,64;45,85
15061104;San Marco Evangelista;Caserta;1;6.419;12,35;;26,76;;2,76;4,26;4,91;48,61
15061081;San Prisco;Caserta;1;12.110;16,51;;16,05;;4,07;2,13;6,98;44,21
15061085;San Tammaro;Caserta;1;5.717;10,06;;20,91;;2,80;2,61;0,57;36,63
15061082;Santa Maria a Vico;Caserta;1;14.277;58,63;;7,11;;8,33;2,38;0,70;36,40
15061083;Santa Maria Capua Vetere;Caserta;1;31.906;0,01;;35,84;;5,03;2,15;2,36;44,67
15061086;Sant'Angelo d'Alife;Caserta;1;2.065;11,74;;17,41;;1,46;11,87;;39,76
15061087;Sant'Arpino;Caserta;1;14.986;12,10;;15,53;;3,51;0,25;1,05;34,98
15061088;Sessa Aurunca;Caserta;1;20.209;19,86;;34,79;;2,83;3,70;21,75;71,03
15061090;Succivo;Caserta;1;8.722;7,42;;17,85;;3,29;2,69;2,56;35,61
15061094;Trentola-Ducenta;Caserta;1;20.331;12,56;;8,54;;1,23;2,89;0,15;30,30
15061095;Vairano Patenora;Caserta;1;6.327;44,27;;;;0,31;2,46;6,87;30,40
15061097;Valle di Maddaloni;Caserta;1;2.638;7,06;;23,67;;;7,07;0,83;36,29
15061098;Villa di Briano;Caserta;1;7.338;6,03;;20,85;;2,58;2,42;1,40;36,67
15061100;Vitulazio;Caserta;1;7.646;10,01;;27,23;;5,19;6,52;;50,75
19087001;Aci Bonaccorsi;Catania;1;3.499;10,19;;20,07;;5,26;12,53;3,82;47,90
19087002;Aci Castello;Catania;1;17.852;7,52;;23,47;;10,24;8,55;10,35;55,38
19087003;Aci Catena;Catania;1;27.790;15,20;;5,92;;4,10;3,12;1,82;35,31
19087005;Aci Sant'Antonio;Catania;1;17.995;5,19;;18,96;;3,05;4,11;0,21;30,26
19087004;Acireale;Catania;1;50.515;34,73;;14,26;;5,64;2,05;14,71;61,57
19087007;Belpasso;Catania;1;27.977;13,54;;17,47;;3,77;2,37;3,86;40,09
19087008;Biancavilla;Catania;1;22.918;8,88;;22,56;;9,81;5,34;2,17;52,00
19087009;Bronte;Catania;1;18.220;14,34;;28,61;;10,00;0,95;3,43;49,32
19087011;Caltagirone;Catania;1;35.765;7,76;;24,24;;5,91;4,33;2,56;42,24
19087012;Camporotondo Etneo;Catania;1;5.214;16,15;;18,67;;2,17;3,01;1,71;34,08
19087013;Castel di Iudica;Catania;1;4.269;15,08;;17,24;;3,65;6,47;0,32;33,03
19087014;Castiglione di Sicilia;Catania;1;2.903;;;;;;56,06;;74,12
19087015;Catania;Catania;1;298.762;3,98;;47,73;;2,96;5,26;2,94;43,86
19087016;Fiumefreddo di Sicilia;Catania;1;9.073;21,06;;20,06;;2,81;3,29;3,12;46,83
19087018;Grammichele;Catania;1;12.407;17,79;;15,76;;3,85;6,17;2,08;35,05
19087019;Gravina di Catania;Catania;1;25.185;4,89;;27,63;;4,56;9,22;1,28;43,29
19087020;Licodia Eubea;Catania;1;2.731;19,23;;22,30;;3,09;4,56;5,14;41,60
19087021;Linguaglossa;Catania;1;5.003;9,87;;23,32;;6,96;4,06;;47,44
19087022;Maletto;Catania;1;3.599;14,59;;15,64;;2,49;1,75;0,46;30,31
19087023;Mascali;Catania;1;14.330;40,69;;13,41;;;;;35,28
19087024;Mascalucia;Catania;1;31.964;14,86;;23,22;;3,37;1,96;1,29;37,35
19087056;Mazzarrone;Catania;1;3.965;13,51;;15,55;;2,16;7,64;3,59;34,91
19087025;Militello in Val di Catania;Catania;1;6.765;10,05;;23,06;;6,09;4,80;2,63;40,75
19087026;Milo;Catania;1;1.039;22,20;;25,98;;9,52;6,54;0,50;51,95
19087027;Mineo;Catania;1;4.486;18,32;;30,90;;8,73;8,93;0,57;53,15
19087028;Mirabella Imbaccari;Catania;1;4.217;13,29;;18,26;;4,29;4,81;4,41;37,71
19087030;Motta Sant'Anastasia;Catania;1;12.081;13,07;;19,53;;2,20;10,21;1,84;43,89
19087031;Nicolosi;Catania;1;7.594;11,67;;19,00;;3,17;1,67;1,11;32,92
19087032;Palagonia;Catania;1;15.784;10,55;;23,11;;4,92;5,81;5,06;42,98
19087033;Paterno;Catania;1;45.162;6,50;;25,29;;2,93;11,61;2,91;47,15
19087034;Pedara;Catania;1;15.058;13,88;;17,74;;6,39;2,49;0,30;34,79
19087035;Piedimonte Etneo;Catania;1;3.898;35,10;;18,09;;14,18;6,64;0,89;61,77
19087036;Raddusa;Catania;1;2.812;26,81;;14,77;;4,49;5,95;0,34;35,99
19087037;Ramacca;Catania;1;10.211;6,47;;14,13;;1,85;2,15;2,86;26,12
19087038;Randazzo;Catania;1;10.186;14,61;;21,27;;3,08;11,26;3,70;45,46
19087040;San Cono;Catania;1;2.416;16,99;;24,06;;6,78;4,21;3,05;43,06
19087041;San Giovanni la Punta;Catania;1;23.725;5,98;;22,89;;3,94;7,88;1,03;49,15
19087042;San Gregorio di Catania;Catania;1;11.485;8,39;;20,51;;6,23;5,41;;35,95
19087043;San Michele di Ganzaria;Catania;1;2.878;16,90;;24,20;;4,41;5,88;2,80;43,33
19087044;San Pietro Clarenza;Catania;1;8.297;16,50;;21,65;;1,68;3,38;0,80;42,26
19087047;Santa Maria di Licodia;Catania;1;7.482;9,11;;18,67;;5,99;4,04;1,20;36,26
19087048;Santa Venerina;Catania;1;8.452;11,70;;25,13;;1,56;4,11;5,74;45,29
19087045;Sant'Agata li Battiati;Catania;1;9.351;6,49;;19,84;;2,27;2,45;;31,18
19087046;Sant'Alfio;Catania;1;1.509;11,97;;23,04;;7,52;4,44;0,39;44,24
19087049;Scordia;Catania;1;16.042;9,36;;19,85;;5,09;3,01;2,29;34,86
19087050;Trecastagni;Catania;1;11.265;11,09;;14,53;;3,24;2,44;3,32;35,61
19087051;Tremestieri Etneo;Catania;1;19.557;12,92;;25,97;;3,61;1,80;;41,80
19087053;Viagrande;Catania;1;8.861;5,40;;13,09;;3,08;9,16;3,67;37,46
19087054;Vizzini;Catania;1;5.702;9,45;;25,35;;5,96;6,68;0,40;40,75
19087055;Zafferana Etnea;Catania;1;9.324;11,11;;19,47;;3,08;6,02;4,69;45,75
18079002;Albi;Catanzaro;1;790;52,75;;49,71;;6,06;4,31;1,58;70,13
18079004;Amato;Catanzaro;1;793;44,49;;5,40;;4,98;15,30;;45,12
18079007;Argusto;Catanzaro;1;444;31,32;;32,06;;3,76;0,42;;53,38
18079008;Badolato;Catanzaro;1;2.843;5,80;;26,78;;1,42;9,43;;39,09
18079009;Belcastro;Catanzaro;1;1.231;19,27;;16,66;;2,59;5,02;0,70;37,06
18079011;Borgia;Catanzaro;1;7.158;15,53;;16,83;;2,62;2,90;0,46;38,37
18079017;Caraffa di Catanzaro;Catanzaro;1;1.743;20,69;;17,94;;1,90;1,16;;32,04
18079020;Carlopoli;Catanzaro;1;1.385;20,92;;2,79;;1,04;3,69;;21,13
18079023;Catanzaro;Catanzaro;1;84.670;18,70;;14,43;;7,09;7,19;0,88;40,54
18079025;Centrache;Catanzaro;1;342;25,72;;11,47;;13,53;3,77;0,73;47,04
18079027;Cerva;Catanzaro;1;1.086;8,10;;8,35;;0,45;3,66;3,17;26,12
18079029;Chiaravalle Centrale;Catanzaro;1;5.098;11,25;;10,96;;5,93;7,14;;28,05
18079030;Cicala;Catanzaro;1;887;24,24;;20,74;;;2,90;2,51;43,76
18079034;Cortale;Catanzaro;1;1.866;53,82;;10,78;;8,06;4,71;;40,31
18079036;Cropani;Catanzaro;1;4.674;8,80;;14,00;;0,45;0,95;0,21;31,11
18079039;Curinga;Catanzaro;1;6.501;31,16;;;;5,73;5,78;0,29;39,24
18079043;Decollatura;Catanzaro;1;2.855;22,51;;;;;2,86;;46,50
18079047;Falerna;Catanzaro;1;3.786;25,40;;8,23;;1,08;3,65;;33,75
18079048;Feroleto Antico;Catanzaro;1;1.955;7,01;;37,13;;0,70;0,86;;30,98
18079056;Gasperina;Catanzaro;1;1.884;11,68;;28,72;;5,19;0,93;0,48;39,47
18079058;Gimigliano;Catanzaro;1;2.985;87,57;;15,93;;8,01;4,43;;39,52
18079060;Gizzeria;Catanzaro;1;5.065;3,18;;3,50;;4,76;10,37;;30,52
18079061;Guardavalle;Catanzaro;1;4.117;;;40,18;;5,12;;;44,32
18079063;Isca sullo Ionio;Catanzaro;1;1.441;6,70;;22,22;;1,13;7,71;;36,02
18079065;Jacurso;Catanzaro;1;549;14,31;;15,22;;0,79;1,29;0,23;21,83
18079160;Lamezia Terme;Catanzaro;1;67.026;17,16;;28,36;;4,83;1,47;;38,23
18079068;Magisano;Catanzaro;1;1.106;30,26;;30,04;;4,89;5,37;0,97;50,17
18079069;Maida;Catanzaro;1;4.396;8,86;;16,02;;1,03;21,06;0,26;42,85
18079071;Marcedusa;Catanzaro;1;380;25,73;;36,57;;6,32;10,82;;68,04
18079077;Miglierina;Catanzaro;1;722;30,13;;16,26;;3,49;12,93;0,17;48,18
18079080;Montauro;Catanzaro;1;1.773;19,87;;6,20;;4,14;8,95;;44,07
18079081;Montepaone;Catanzaro;1;5.656;9,85;;18,09;;1,40;6,30;;34,01
18079088;Olivadi;Catanzaro;1;488;5,01;;16,68;;;2,19;;30,08
18079089;Palermiti;Catanzaro;1;1.057;51,86;;;;;11,71;;34,05
18079092;Pentone - Dato aggregazione UNIONE DEI COMUNI DELLA PRESILA CATANZARESE;Catanzaro;3;3.199;24,26;;24,48;;1,52;5,48;0,73;44,62
18079094;Petrizzi;Catanzaro;1;1.010;4,86;;29,60;;4,57;6,98;4,50;45,64
18079095;Petrona;Catanzaro;1;2.365;11,71;;39,99;;1,63;10,16;2,87;57,50
18079096;Pianopoli;Catanzaro;1;2.484;8,22;;19,89;;;1,62;;21,01
18079108;San Floro;Catanzaro;1;670;23,02;;13,07;;;2,91;;23,91
18079114;San Pietro a Maida;Catanzaro;1;3.772;9,67;;15,72;;2,39;5,51;0,22;37,88
18079115;San Pietro Apostolo;Catanzaro;1;1.520;7,97;;8,62;;1,61;8,58;;27,97
18079116;San Sostene;Catanzaro;1;1.401;11,88;;24,13;;1,37;10,94;;46,37
18079122;San Vito sullo Ionio;Catanzaro;1;1.613;23,15;;;;;10,72;;36,83
18079117;Santa Caterina dello Ionio;Catanzaro;1;1.923;6,76;;33,19;;1,48;9,45;;38,75
18079118;Sant'Andrea Apostolo dello Ionio;Catanzaro;1;1.701;7,64;;31,26;;1,74;10,56;;44,61
18079123;Satriano;Catanzaro;1;3.364;21,34;;9,76;;3,57;7,86;0,23;31,68
18079131;Settingiano;Catanzaro;1;3.260;50,66;;7,27;;6,75;6,08;;42,77
18079133;Simeri Crichi;Catanzaro;1;4.722;2,36;;0,74;;1,41;4,87;0,33;15,56
18079139;Soveria Simeri;Catanzaro;1;1.439;39,19;;17,93;;2,51;9,08;1,25;45,79
18079142;Squillace;Catanzaro;1;3.511;23,44;;10,74;;4,57;3,12;0,96;32,68
18079146;Taverna;Catanzaro;1;2.522;15,32;;24,76;;4,43;6,70;;44,95
18079147;Tiriolo;Catanzaro;1;3.581;27,22;;14,63;;8,08;9,41;;41,83
18079148;Torre di Ruggiero;Catanzaro;1;951;51,41;;;;22,95;0,77;;88,46
18079151;Vallefiorita;Catanzaro;1;1.503;148,45;;;;;;5,01;70,58
18079157;Zagarise;Catanzaro;1;1.425;42,35;;38,98;;3,35;4,21;;53,83
13069001;Altino;Chieti;1;3.067;6,00;;14,17;;0,63;3,05;2,36;28,38
13069002;Archi;Chieti;1;1.999;11,70;;33,84;;2,83;6,91;2,10;49,39
13069003;Ari;Chieti;1;1.071;13,89;;14,21;;0,79;16,70;4,00;40,64
13069004;Arielli;Chieti;1;1.074;7,01;;20,07;;1,83;2,27;1,00;31,78
13069005;Atessa;Chieti;1;10.338;4,99;;11,33;;1,81;2,55;6,11;36,22
13069006;Bomba;Chieti;1;719;11,18;;20,83;;3,28;15,82;14,32;60,56
13069007;Borrello;Chieti;1;338;23,26;;19,58;;8,14;4,91;3,11;45,31
13069008;Bucchianico;Chieti;1;4.953;10,60;;21,16;;3,89;10,80;10,07;52,10
13069010;Canosa Sannita;Chieti;1;1.268;9,37;;16,59;;4,51;8,57;4,52;42,84
13069013;Casacanditella;Chieti;1;1.169;11,20;;20,49;;2,06;16,74;3,90;49,41
13069014;Casalanguida;Chieti;1;818;17,42;;4,78;;8,16;15,80;4,61;48,05
13069015;Casalbordino;Chieti;1;5.791;11,32;;20,01;;1,38;5,63;9,09;44,28
13069016;Casalincontrada;Chieti;1;3.019;9,25;;21,15;;0,93;9,14;7,08;45,15
13069017;Casoli;Chieti;1;5.154;4,56;;13,09;;1,83;6,68;2,84;31,46
13069018;Castel Frentano;Chieti;1;4.264;11,74;;15,62;;2,59;2,72;4,70;31,49
13069019;Castelguidone;Chieti;1;294;22,33;;24,89;;;6,79;5,12;41,10
13069020;Castiglione Messer Marino;Chieti;1;1.518;10,45;;27,34;;3,84;3,92;2,19;42,19
13069021;Celenza sul Trigno;Chieti;1;781;19,46;;25,20;;7,86;6,43;1,82;42,96
13069022;Chieti;Chieti;1;48.455;4,56;;15,70;;7,60;3,01;4,40;35,94
13069023;Civitaluparella;Chieti;1;281;19,19;;40,20;;;2,92;1,20;49,76
13069024;Civitella Messer Raimondo;Chieti;1;769;20,10;;39,65;;;3,53;3,19;51,84
13069025;Colledimacine;Chieti;1;158;22,61;;50,41;;0,53;2,69;1,36;59,11
13069026;Colledimezzo;Chieti;1;440;15,42;;23,81;;;4,62;3,01;39,15
13069028;Cupello;Chieti;1;4.751;10,14;;34,01;;4,82;3,33;0,58;43,49
13069104;Fallo;Chieti;1;119;11,98;;24,63;;3,00;1,75;4,40;36,28
13069030;Fara Filiorum Petri;Chieti;1;1.942;12,63;;16,77;;1,55;7,93;8,98;44,77
13069031;Fara San Martino;Chieti;1;1.289;1,49;;3,56;;0,14;1,32;1,79;13,63
13069032;Filetto;Chieti;1;854;18,11;;24,38;;5,88;7,68;6,51;52,95
13069033;Fossacesia;Chieti;1;6.280;6,66;;10,22;;1,27;2,79;0,99;23,71
13069035;Francavilla al Mare;Chieti;1;25.622;6,97;;14,19;;4,23;12,82;1,53;40,80
13069036;Fresagrandinaria;Chieti;1;923;8,38;;19,03;;1,10;4,81;10,54;41,04
13069037;Frisa;Chieti;1;1.620;12,28;;27,55;;2,69;5,42;1,64;39,69
13069038;Furci;Chieti;1;806;9,64;;21,19;;5,49;3,80;4,97;41,94
13069039;Gamberale;Chieti;1;277;19,02;;20,28;;0,71;3,53;3,03;36,56
13069040;Gessopalena;Chieti;1;1.208;15,23;;28,60;;2,22;6,15;4,88;49,39
13069041;Gissi;Chieti;1;2.479;6,40;;29,54;;6,00;2,58;2,08;39,46
13069042;Giuliano Teatino;Chieti;1;1.146;13,95;;25,79;;4,32;8,79;2,91;44,86
13069043;Guardiagrele;Chieti;1;8.420;8,65;;14,16;;2,35;2,03;8,10;34,55
13069045;Lama dei Peligni;Chieti;1;1.057;12,99;;25,26;;4,02;4,99;1,80;43,61
13069046;Lanciano;Chieti;1;33.944;8,88;;13,88;;3,12;2,92;6,50;34,88
13069047;Lentella;Chieti;1;649;10,06;;22,75;;2,86;14,99;5,93;53,14
13069048;Lettopalena;Chieti;1;320;14,33;;27,79;;;3,19;3,51;41,37
13069050;Miglianico;Chieti;1;4.633;11,05;;6,04;;7,66;10,58;4,21;38,79
13069009;Montebello sul Sangro;Chieti;1;81;13,18;;27,58;;5,54;9,50;2,82;51,38
13069052;Monteferrante;Chieti;1;106;5,73;;14,57;;3,71;7,78;1,40;34,38
13069053;Montelapiano;Chieti;1;75;3,27;;16,22;;12,53;13,38;1,21;45,87
13069054;Montenerodomo;Chieti;1;600;14,89;;34,28;;2,17;5,06;1,80;46,95
13069055;Monteodorisio;Chieti;1;2.333;7,86;;14,67;;3,44;3,84;7,16;34,58
13069056;Mozzagrogna;Chieti;1;2.392;6,48;;14,43;;0,29;5,08;3,01;31,36
13069057;Orsogna;Chieti;1;3.660;8,49;;18,12;;2,28;5,68;4,79;37,36
13069058;Ortona;Chieti;1;22.209;5,93;;14,77;;3,16;3,69;3,73;34,81
13069059;Paglieta;Chieti;1;4.155;8,65;;20,58;;3,03;4,19;2,81;37,65
13069060;Palena;Chieti;1;1.234;45,32;;18,55;;6,81;4,32;0,20;42,20
13069063;Pennadomo;Chieti;1;211;23,64;;38,58;;5,06;10,57;0,87;62,52
13069064;Pennapiedimonte;Chieti;1;411;13,28;;41,77;;;25,30;3,03;95,36
13069065;Perano;Chieti;1;1.504;9,74;;9,99;;0,61;8,70;8,69;35,44
13069103;Pietraferrazzana;Chieti;1;129;28,37;;27,71;;2,30;11,38;2,07;55,28
13069066;Pizzoferrato;Chieti;1;970;15,41;;41,44;;;8,82;2,26;55,58
13069067;Poggiofiorito;Chieti;1;798;12,09;;30,16;;2,59;3,53;4,71;49,22
13069068;Pollutri;Chieti;1;2.036;10,37;;25,57;;2,45;4,09;8,66;47,66
13069069;Pretoro;Chieti;1;856;6,24;;30,95;;1,52;17,78;6,92;54,97
13069070;Quadri;Chieti;1;699;9,01;;25,55;;1,35;2,22;1,13;36,09
13069071;Rapino;Chieti;1;1.171;11,53;;22,96;;2,86;12,60;5,65;50,27
13069072;Ripa Teatina;Chieti;1;3.923;8,18;;16,12;;0,33;5,25;10,76;39,36
13069074;Rocca San Giovanni;Chieti;1;2.276;10,81;;12,55;;2,85;1,69;0,70;17,65
13069073;Roccamontepiano;Chieti;1;1.560;9,07;;22,47;;0,28;4,04;2,98;33,91
13069075;Roccascalegna;Chieti;1;1.039;11,33;;25,71;;2,01;7,87;5,53;45,87
13069076;Roccaspinalveti;Chieti;1;1.177;10,48;;18,73;;3,85;7,13;6,86;43,02
13069077;Roio del Sangro;Chieti;1;102;9,80;;20,51;;8,14;7,87;5,41;48,71
13069078;Rosello;Chieti;1;163;12,51;;28,24;;2,99;10,06;3,54;51,88
13069079;San Buono;Chieti;1;861;10,61;;26,48;;1,63;3,57;0,26;35,42
13069081;San Giovanni Teatino;Chieti;1;14.331;29,10;;13,29;;5,03;2,07;;37,97
13069082;San Martino sulla Marrucina;Chieti;1;832;8,82;;18,99;;6,40;11,54;5,78;48,40
13069083;San Salvo;Chieti;1;19.688;5,35;;16,37;;2,54;3,06;1,77;29,34
13069086;San Vito Chietino;Chieti;1;5.162;11,47;;12,68;;2,40;4,57;2,30;30,10
13069084;Santa Maria Imbaro;Chieti;1;2.010;14,66;;8,24;;0,86;4,50;1,97;28,07
13069085;Sant'Eusanio del Sangro;Chieti;1;2.265;9,36;;22,54;;3,75;2,46;0,90;35,71
13069088;Schiavi di Abruzzo;Chieti;1;640;21,15;;;;4,00;3,26;20,61;55,46
13069089;Taranta Peligna;Chieti;1;309;20,97;;26,22;;;1,45;1,31;36,66
13069090;Tollo;Chieti;1;3.899;14,13;;13,65;;2,46;5,22;3,41;36,64
13069091;Torino di Sangro;Chieti;1;2.885;4,44;;14,31;;1,10;2,51;1,36;25,72
13069092;Tornareccio;Chieti;1;1.650;11,48;;21,21;;0,64;4,33;3,39;35,41
13069094;Torrevecchia Teatina;Chieti;1;4.212;7,66;;15,53;;0,69;6,74;6,97;36,47
13069095;Torricella Peligna;Chieti;1;1.118;20,31;;34,75;;1,66;9,77;1,04;56,41
13069096;Treglio;Chieti;1;1.737;6,12;;12,76;;0,68;5,82;2,84;30,74
13069098;Vacri;Chieti;1;1.518;11,66;;26,44;;1,45;12,83;3,50;48,27
13069099;Vasto;Chieti;1;40.692;9,47;;17,32;;3,99;4,03;2,35;34,19
13069102;Villa Santa Maria;Chieti;1;1.136;30,23;;20,00;;2,03;2,05;3,31;34,22
13069101;Villamagna;Chieti;1;2.161;8,84;;18,74;;0,93;9,47;7,66;42,25
03013005;Albiolo;Como;1;2.713;10,69;;8,76;;1,69;7,98;0,81;28,62
03013006;Alserio;Como;1;1.371;5,60;;10,54;;1,85;4,23;0,37;24,10
03013253;Alta Valle Intelvi;Como;1;3.098;24,63;;20,28;;2,16;3,09;0,60;32,04
03013007;Alzate Brianza;Como;1;4.822;14,62;;11,50;;0,20;10,29;0,99;34,82
03013010;Appiano Gentile;Como;1;7.686;5,06;;7,76;;1,56;5,82;1,58;22,73
03013011;Argegno;Como;1;691;10,75;;16,45;;5,40;8,45;1,55;35,50
03013013;Asso;Como;1;3.541;9,81;;15,41;;2,53;3,34;;30,33
03013015;Barni;Como;1;576;7,59;;18,64;;7,66;6,32;0,62;34,81
03013250;Bellagio;Como;1;3.566;11,05;;5,68;;3,77;1,54;0,56;22,57
03013021;Bene Lario;Como;1;351;3,78;;8,55;;2,95;7,84;0,05;31,99
03013022;Beregazzo con Figliaro;Como;1;2.808;9,08;;9,81;;0,54;3,78;1,29;22,72
03013023;Binago;Como;1;4.829;16,13;;9,12;;1,48;4,70;2,43;22,51
03013025;Blessagno;Como;1;296;9,11;;39,14;;;5,86;9,85;38,82
03013028;Bregnano;Como;1;6.390;6,95;;9,08;;1,40;2,85;1,72;20,79
03013029;Brenna;Como;1;2.180;46,09;;10,80;;0,04;8,13;7,04;36,06
03013035;Cabiate;Como;1;7.327;8,87;;8,40;;4,36;8,32;3,75;33,67
03013036;Cadorago;Como;1;7.983;6,57;;9,20;;0,97;3,97;0,82;20,55
03013037;Caglio;Como;1;492;6,81;;12,36;;8,61;4,22;;31,31
03013041;Cantu;Como;1;39.715;6,35;;8,55;;3,69;3,62;1,10;22,96
03013042;Canzo;Como;1;5.062;6,97;;7,73;;2,15;1,34;0,56;19,49
03013044;Carate Urio;Como;1;1.126;12,51;;22,03;;9,70;13,51;4,56;48,50
03013045;Carbonate;Como;1;2.898;4,87;;15,33;;4,10;4,59;0,74;26,13
03013046;Carimate;Como;1;4.363;12,28;;6,79;;1,20;2,60;1,80;20,22
03013052;Caslino d'Erba;Como;1;1.653;12,54;;11,76;;1,96;1,71;;23,45
03013053;Casnate con Bernate;Como;1;5.009;15,78;;12,90;;2,18;5,27;1,57;32,64
03013055;Cassina Rizzardi;Como;1;3.294;6,34;;7,53;;2,80;3,81;11,62;33,05
03013058;Castelmarte;Como;1;1.247;9,66;;6,19;;;4,02;;20,27
03013062;Cavargna;Como;1;182;4,28;;12,53;;9,89;7,34;0,07;35,68
03013254;Centro Valle Intelvi;Como;1;3.658;14,18;;20,93;;1,58;2,48;6,37;29,44
03013063;Cerano d'Intelvi;Como;1;590;17,65;;27,85;;6,67;12,61;0,35;50,87
03013064;Cermenate;Como;1;9.378;7,09;;12,42;;1,53;2,23;1,40;22,96
03013065;Cernobbio;Como;1;6.356;4,81;;11,43;;8,63;4,97;2,57;32,23
03013068;Cirimido;Como;1;2.091;15,64;;9,05;;3,09;2,21;1,01;23,62
03013074;Colonno;Como;1;452;44,81;;21,63;;7,14;21,75;2,30;67,59
03013251;Colverde;Como;1;5.456;15,09;;10,17;;;7,40;0,39;25,01
03013075;Como;Como;1;83.184;9,30;;14,48;;6,95;3,81;5,52;35,42
03013077;Corrido;Como;1;845;3,84;;10,34;;2,57;5,57;0,55;25,76
03013083;Cremia;Como;1;684;1,99;;4,48;;3,27;13,14;0,06;20,97
03013084;Cucciago;Como;1;3.446;11,17;;10,12;;1,04;3,38;5,31;30,79
03013085;Cusino;Como;1;230;3,25;;14,94;;15,68;17,17;0,05;50,43
03013087;Dizzasco;Como;1;635;4,80;;45,23;;4,36;17,07;5,18;42,35
03013089;Domaso;Como;1;1.448;1,96;;6,69;;1,49;4,88;0,06;18,18
03013090;Dongo;Como;1;3.194;2,34;;17,78;;2,14;4,37;2,92;21,92
03013092;Dosso del Liro;Como;1;238;16,48;;7,64;;0,18;5,12;0,03;27,15
03013097;Eupilio;Como;1;2.562;9,36;;14,08;;;0,60;;23,43
03013098;Faggeto Lario;Como;1;1.139;12,49;;11,20;;1,55;2,68;;23,98
03013100;Fenegro;Como;1;3.246;6,70;;1,16;;2,28;6,90;1,93;23,93
03013101;Figino Serenza;Como;1;4.912;9,15;;15,66;;1,85;4,16;2,22;34,39
03013102;Fino Mornasco;Como;1;9.940;4,68;;7,33;;2,14;2,50;1,26;18,40
03013106;Garzeno;Como;1;661;3,03;;14,51;;0,55;7,12;0,09;17,00
03013107;Gera Lario;Como;1;1.061;2,14;;8,81;;0,34;3,97;0,06;19,42
03013110;Grandate;Como;1;2.845;13,39;;8,09;;1,11;6,74;3,52;21,13
03013111;Grandola ed Uniti;Como;1;1.291;3,84;;8,41;;4,17;8,63;2,01;30,13
03013249;Gravedona ed Uniti;Como;1;4.041;8,63;;6,37;;0,85;14,17;0,08;46,45
03013113;Griante;Como;1;583;20,85;;3,44;;6,53;1,34;0,15;32,26
03013114;Guanzate;Como;1;5.732;6,46;;15,69;;3,63;3,67;2,16;30,32
03013118;Inverigo;Como;1;9.218;6,40;;14,51;;1,99;5,26;2,96;25,76
03013119;Laglio;Como;1;886;11,43;;8,56;;4,31;4,01;1,87;20,04
03013120;Laino;Como;1;540;32,87;;10,15;;9,39;18,01;1,32;52,70
03013121;Lambrugo;Como;1;2.506;15,16;;14,38;;1,14;2,40;2,95;23,98
03013123;Lasnigo;Como;1;463;4,60;;9,06;;;1,83;4,42;22,08
03013126;Lezzeno;Como;1;1.923;12,65;;7,70;;1,82;1,85;;22,90
03013128;Limido Comasco;Como;1;3.861;6,44;;14,03;;1,92;4,83;4,63;29,15
03013133;Lomazzo;Como;1;9.903;7,31;;7,63;;4,50;4,68;2,12;24,86
03013134;Longone al Segrino;Como;1;1.942;8,51;;10,93;;3,26;3,04;1,38;22,90
03013135;Luisago;Como;1;2.759;11,42;;9,54;;2,15;3,38;1,84;24,41
03013136;Lurago d'Erba;Como;1;5.421;8,06;;13,41;;1,14;4,01;0,77;25,11
03013137;Lurago Marinone;Como;1;2.576;8,28;;9,91;;1,33;3,16;;22,06
03013139;Magreglio;Como;1;684;17,53;;12,32;;1,24;4,36;;28,35
03013144;Maslianico;Como;1;3.154;7,05;;16,25;;4,17;5,21;2,18;30,96
03013145;Menaggio;Como;1;3.040;14,29;;11,93;;1,19;10,58;3,18;35,19
03013147;Merone;Como;1;4.086;13,44;;13,37;;0,07;7,37;2,26;26,59
03013152;Moltrasio;Como;1;1.509;6,20;;19,33;;6,53;7,10;6,03;39,42
03013153;Monguzzo;Como;1;2.355;11,45;;12,93;;0,80;2,81;0,35;23,59
03013154;Montano Lucino;Como;1;5.387;16,01;;10,13;;3,68;3,17;4,12;27,54
03013155;Montemezzo;Como;1;210;1,66;;35,70;;4,92;11,93;0,06;23,74
03013159;Mozzate;Como;1;8.749;2,53;;10,71;;3,07;3,52;1,54;18,30
03013160;Musso;Como;1;941;2,63;;16,61;;1,13;5,78;0,15;22,82
03013163;Novedrate;Como;1;2.900;11,10;;18,36;;2,72;6,12;1,65;34,47
03013165;Olgiate Comasco;Como;1;11.862;6,79;;10,25;;1,99;6,20;1,02;27,17
03013169;Oltrona di San Mamette;Como;1;2.327;3,90;;18,07;;1,52;4,59;1,38;27,34
03013178;Peglio;Como;1;186;11,13;;15,33;;0,25;11,49;0,06;24,69
03013183;Pianello del Lario;Como;1;1.063;3,01;;7,57;;2,98;7,21;0,14;25,33
03013184;Pigra;Como;1;238;20,10;;32,52;;;12,90;19,12;61,15
03013185;Plesio;Como;1;820;3,78;;8,40;;4,75;10,42;0,04;30,20
03013186;Pognana Lario;Como;1;667;9,36;;12,03;;2,07;1,13;;22,03
03013188;Ponte Lambro;Como;1;4.228;9,17;;10,81;;2,21;1,99;1,24;23,47
03013189;Porlezza;Como;1;4.858;4,90;;11,94;;1,45;3,51;0,69;20,95
03013192;Proserpio;Como;1;948;20,04;;7,91;;1,30;2,92;;23,60
03013195;Rezzago;Como;1;303;9,83;;9,87;;5,84;5,32;;28,89
03013197;Rodero;Como;1;1.266;16,17;;8,56;;1,34;11,66;3,47;33,49
03013201;Rovellasca;Como;1;7.959;7,61;;6,41;;2,74;3,08;2,35;20,89
03013202;Rovello Porro;Como;1;6.264;9,10;;6,24;;1,30;3,51;1,00;20,05
03013203;Sala Comacina;Como;1;482;39,75;;22,82;;4,99;5,08;0,53;47,84
03013204;San Bartolomeo Val Cavargna;Como;1;963;2,93;;14,97;;4,16;5,41;0,04;25,73
03013206;San Fermo della Battaglia;Como;1;7.790;12,70;;13,69;;1,06;1,75;1,35;24,83
03013207;San Nazzaro Val Cavargna;Como;1;276;15,74;;20,66;;2,37;13,26;0,06;44,59
03013248;San Siro;Como;1;1.672;7,62;;8,59;;1,78;6,71;0,07;21,46
03013211;Schignano;Como;1;870;24,02;;42,90;;;8,08;1,44;46,72
03013255;Solbiate con Cagno;Como;1;4.631;8,61;;9,01;;2,02;5,24;0,88;20,25
03013216;Sorico;Como;1;1.240;2,34;;12,66;;1,17;6,13;0,17;25,79
03013217;Sormano;Como;1;648;6,96;;14,42;;5,42;10,84;;35,67
03013218;Stazzona;Como;1;599;11,72;;12,36;;4,01;8,79;0,11;31,67
03013252;Tremezzina;Como;1;4.993;12,60;;20,74;;2,40;9,70;5,77;42,12
03013226;Trezzone;Como;1;236;5,29;;12,67;;0,24;8,09;0,04;21,92
03013227;Turate;Como;1;9.693;6,57;;11,47;;3,17;2,85;1,94;24,92
03013233;Val Rezzo;Como;1;169;24,49;;7,38;;11,22;16,04;;59,96
03013232;Valmorea;Como;1;2.579;8,68;;8,31;;4,03;5,08;3,50;27,65
03013234;Valsolda;Como;1;1.394;3,06;;4,02;;;1,34;0,15;14,93
03013238;Veniano;Como;1;3.071;8,08;;9,87;;0,96;1,93;0,33;21,02
03013239;Vercana;Como;1;744;1,85;;18,90;;1,59;7,02;0,33;23,92
03013242;Vertemate con Minoprio;Como;1;4.121;8,32;;6,27;;1,42;2,31;2,29;18,96
03013245;Villa Guardia;Como;1;7.847;19,78;;8,93;;2,42;4,24;4,51;28,91
18078003;Acri;Cosenza;1;18.836;27,13;;23,63;;;2,83;13,98;58,05
18078004;Aiello Calabro;Cosenza;1;1.406;47,48;;33,13;;;6,56;4,23;59,84
18078009;Altomonte;Cosenza;1;4.019;14,04;;16,71;;;14,03;0,38;44,31
18078013;Belmonte Calabro;Cosenza;1;1.749;69,27;;;;0,78;2,58;2,89;46,06
18078016;Bianchi;Cosenza;1;1.183;33,32;;15,54;;;8,88;;36,49
18078017;Bisignano;Cosenza;1;9.501;28,09;;21,64;;0,50;1,81;3,41;42,00
18078018;Bocchigliero;Cosenza;1;1.047;15,34;;49,02;;;2,47;11,01;60,38
18078020;Buonvicino;Cosenza;1;1.999;50,26;;15,66;;6,01;2,08;1,53;51,71
18078021;Calopezzati;Cosenza;1;1.272;94,04;;;;0,14;2,12;2,90;51,64
18078022;Caloveto;Cosenza;1;1.107;31,41;;25,92;;0,85;3,15;0,13;55,16
18078023;Campana;Cosenza;1;1.462;34,90;;4,49;;12,80;1,47;0,38;43,06
18078025;Cariati;Cosenza;1;7.478;107,63;;40,34;;0,03;;;69,35
18078156;Casali del Manco;Cosenza;1;9.517;17,60;;23,09;;2,10;0,34;;31,73
18078029;Cassano all'Ionio;Cosenza;1;16.507;13,51;;23,83;;3,25;1,73;1,73;35,14
18078030;Castiglione Cosentino;Cosenza;1;2.674;16,27;;14,72;;2,02;5,75;;47,13
18078031;Castrolibero;Cosenza;1;9.212;17,19;;9,39;;2,98;3,00;12,68;52,97
18078032;Castroregio;Cosenza;1;234;4,30;;;;5,63;11,87;;57,32
18078033;Castrovillari;Cosenza;1;20.821;8,56;;20,64;;3,93;12,85;0,70;46,11
18078034;Celico;Cosenza;1;2.512;;;12,42;;1,17;13,69;0,11;39,34
18078035;Cellara;Cosenza;1;485;9,37;;21,94;;6,40;9,81;0,06;44,56
18078037;Cerisano;Cosenza;1;2.911;82,06;;4,81;;2,61;13,04;;50,27
18078038;Cervicati;Cosenza;1;783;53,43;;32,57;;;8,42;;66,14
18078039;Cerzeto;Cosenza;1;1.199;13,92;;2,38;;1,63;10,07;3,50;37,90
18078040;Cetraro;Cosenza;1;9.391;17,01;;33,16;;2,67;4,02;12,85;60,90
18078042;Cleto;Cosenza;1;1.181;28,88;;27,09;;;16,43;5,51;62,19
18078043;Colosimi;Cosenza;1;1.122;40,14;;29,00;;;10,71;;49,48
18078157;Corigliano-Rossano;Cosenza;1;74.066;14,00;;15,17;;6,38;1,17;1,16;37,42
18078045;Cosenza;Cosenza;1;63.760;6,53;;30,43;;12,18;7,23;2,35;60,03
18078046;Cropalati;Cosenza;1;1.005;20,46;;7,72;;1,93;37,98;;58,61
18078047;Crosia;Cosenza;1;9.675;17,83;;20,97;;5,57;1,67;6,90;51,56
18078048;Diamante;Cosenza;1;5.040;25,14;;9,54;;1,85;0,96;17,90;44,10
18078050;Domanico;Cosenza;1;922;16,66;;24,65;;;19,63;1,28;62,48
18078051;Fagnano Castello;Cosenza;1;3.393;65,98;;2,86;;3,33;11,64;1,09;51,81
18078053;Figline Vegliaturo;Cosenza;1;1.124;35,80;;16,88;;;4,62;0,49;39,27
18078055;Fiumefreddo Bruzio;Cosenza;1;2.839;14,90;;15,42;;7,92;13,69;0,83;48,08
18078056;Francavilla Marittima;Cosenza;1;2.773;4,01;;16,93;;1,17;9,72;16,41;49,73
18078057;Frascineto;Cosenza;1;1.882;61,46;;6,11;;;6,77;1,11;24,90
18078058;Fuscaldo;Cosenza;1;7.788;5,10;;20,28;;3,35;3,14;5,63;40,87
18078062;Lago;Cosenza;1;2.262;20,36;;16,98;;1,97;3,78;14,72;52,43
18078063;Laino Borgo;Cosenza;1;1.705;7,51;;29,68;;3,22;10,50;1,07;46,91
18078065;Lappano;Cosenza;1;860;23,44;;7,25;;3,45;11,41;;49,40
18078066;Lattarico;Cosenza;1;3.728;17,58;;34,02;;;4,36;0,29;44,24
18078067;Longobardi;Cosenza;1;2.512;26,02;;3,78;;4,92;4,61;0,04;54,73
18078068;Longobucco;Cosenza;1;2.614;6,45;;11,34;;7,67;28,12;1,72;59,40
18078072;Malito;Cosenza;1;729;24,32;;18,81;;;10,25;2,87;43,86
18078074;Mandatoriccio;Cosenza;1;2.453;16,20;;18,18;;4,24;7,45;13,02;58,13
18078076;Marano Marchesato;Cosenza;1;3.330;6,21;;12,46;;;2,48;0,29;28,19
18078077;Marano Principato;Cosenza;1;3.042;76,39;;2,25;;;5,63;0,45;49,13
18078078;Marzi;Cosenza;1;954;6,56;;16,35;;1,57;10,64;;40,46
18078081;Montalto Uffugo;Cosenza;1;20.095;9,90;;15,94;;3,19;2,31;1,93;40,28
18078083;Morano Calabro;Cosenza;1;3.882;25,33;;;;2,68;19,49;2,25;42,02
18078085;Mottafollone;Cosenza;1;1.069;31,36;;;;9,91;0,40;3,14;43,96
18078090;Panettieri;Cosenza;1;311;9,08;;4,69;;0,91;14,85;;34,22
18078091;Paola;Cosenza;1;14.709;16,79;;15,98;;12,03;1,82;0,81;56,27
18078092;Papasidero;Cosenza;1;630;12,12;;;;0,15;30,51;;45,58
18078093;Parenti;Cosenza;1;2.013;24,46;;3,10;;1,81;6,35;;30,75
18078094;Paterno Calabro;Cosenza;1;1.351;41,33;;2,09;;0,57;22,81;0,27;51,78
18078096;Pedivigliano;Cosenza;1;737;14,75;;2,31;;1,06;19,39;2,38;55,47
18078097;Piane Crati;Cosenza;1;1.367;11,49;;23,58;;4,06;1,27;0,29;38,54
18078099;Pietrapaola;Cosenza;1;1.002;15,28;;43,76;;6,47;7,40;11,98;68,98
18078101;Praia a Mare;Cosenza;1;6.364;23,29;;15,31;;2,77;8,04;10,14;46,40
18078102;Rende;Cosenza;1;36.434;6,66;;16,85;;7,79;3,73;3,62;43,53
18078103;Rocca Imperiale;Cosenza;1;3.204;10,59;;12,95;;8,81;0,73;;35,02
18078104;Roggiano Gravina;Cosenza;1;6.745;28,40;;1,75;;;1,62;5,48;31,59
18078105;Rogliano;Cosenza;1;5.195;72,44;;;;3,66;2,94;0,39;44,94
18078106;Rose;Cosenza;1;4.133;27,88;;16,69;;0,96;2,97;0,19;41,61
18078107;Roseto Capo Spulico;Cosenza;1;1.887;4,70;;9,58;;9,11;12,06;;36,54
18078110;Rovito;Cosenza;1;2.987;18,38;;4,36;;5,24;7,23;1,23;36,35
18078112;San Benedetto Ullano;Cosenza;1;1.370;22,70;;6,76;;2,29;9,10;3,54;40,95
18078114;San Demetrio Corone;Cosenza;1;3.059;17,48;;17,17;;4,32;0,95;2,65;35,14
18078115;San Donato di Ninea;Cosenza;1;1.101;14,37;;38,16;;6,87;6,71;9,78;69,40
18078116;San Fili;Cosenza;1;2.488;6,65;;14,66;;;10,25;0,32;39,42
18078118;San Giorgio Albanese;Cosenza;1;1.311;12,64;;32,21;;4,66;9,22;;48,61
18078119;San Giovanni in Fiore;Cosenza;1;15.906;0,54;;31,45;;;1,60;0,20;35,07
18078120;San Lorenzo Bellizzi;Cosenza;1;538;7,64;;9,85;;;10,87;;22,47
18078121;San Lorenzo del Vallo;Cosenza;1;3.100;9,80;;27,49;;2,78;4,45;;40,82
18078123;San Marco Argentano;Cosenza;1;6.923;47,40;;8,38;;3,74;5,68;4,86;38,93
18078126;San Pietro in Amantea;Cosenza;1;485;28,47;;11,47;;2,48;9,52;;72,67
18078127;San Pietro in Guarano;Cosenza;1;3.372;18,06;;15,72;;11,05;4,48;3,04;47,20
18078135;San Vincenzo La Costa;Cosenza;1;1.984;15,71;;14,21;;3,62;6,29;5,45;38,88
18078132;Santa Maria del Cedro;Cosenza;1;5.002;30,48;;10,17;;7,22;3,72;;55,91
18078134;Santo Stefano di Rogliano;Cosenza;1;1.723;9,05;;12,82;;3,23;20,46;6,18;51,86
18078136;Saracena;Cosenza;1;3.387;15,19;;15,94;;3,34;4,79;3,74;47,38
18078139;Scigliano;Cosenza;1;1.097;37,97;;16,82;;;9,87;1,82;41,87
18078140;Serra d'Aiello;Cosenza;1;528;20,73;;19,65;;12,26;41,72;;79,08
18078142;Spezzano Albanese;Cosenza;1;6.581;7,59;;7,91;;3,65;1,65;1,10;30,41
18078143;Spezzano della Sila;Cosenza;1;4.218;11,46;;20,14;;9,35;1,88;2,09;56,45
18078146;Terranova da Sibari;Cosenza;1;4.564;39,32;;;;3,03;6,80;;28,36
18078147;Terravecchia;Cosenza;1;580;8,81;;;;;44,22;;46,54
18078148;Torano Castello;Cosenza;1;4.342;5,80;;14,57;;1,41;10,42;2,21;46,73
18078149;Tortora;Cosenza;1;6.009;14,83;;15,93;;6,71;2,96;14,12;52,57
18078150;Trebisacce;Cosenza;1;8.577;7,93;;18,84;;4,74;6,80;0,42;35,67
18078152;Vaccarizzo Albanese;Cosenza;1;992;6,86;;12,38;;2,70;15,29;;43,55
18078154;Villapiana;Cosenza;1;5.457;31,93;;18,44;;1,66;10,13;0,37;45,13
18078155;Zumpano;Cosenza;1;2.634;47,05;;;;0,93;8,32;;43,41
03019001;Acquanegra Cremonese;Cremona;1;1.120;12,25;;7,37;;2,20;9,52;1,10;28,19
03019002;Agnadello;Cremona;1;3.857;8,64;;6,72;;2,03;7,50;4,51;28,56
03019003;Annicco;Cremona;1;1.974;3,56;;6,60;;1,43;3,44;3,38;23,11
03019004;Azzanello;Cremona;1;616;15,23;;13,16;;2,11;6,06;6,11;34,55
03019005;Bagnolo Cremasco;Cremona;1;4.942;3,08;;4,84;;2,08;5,17;3,55;22,84
03019006;Bonemerse;Cremona;1;1.454;8,76;;11,12;;1,85;7,95;4,48;29,63
03019007;Bordolano;Cremona;1;551;11,14;;12,81;;7,82;4,19;0,77;30,94
03019009;Calvatone;Cremona;1;1.159;28,00;;10,83;;1,69;4,81;2,49;28,09
03019010;Camisano;Cremona;1;1.239;7,32;;7,52;;1,09;8,26;4,34;27,97
03019011;Campagnola Cremasca;Cremona;1;657;3,35;;8,52;;1,49;15,03;2,44;32,89
03019012;Capergnanica;Cremona;1;2.146;5,23;;5,86;;0,43;4,38;3,13;21,95
03019013;Cappella Cantone;Cremona;1;555;6,12;;7,42;;2,73;13,88;2,71;33,20
03019014;Cappella de' Picenardi;Cremona;1;422;8,86;;13,89;;0,83;12,22;1,72;33,75
03019015;Capralba;Cremona;1;2.296;4,65;;7,16;;3,96;8,46;5,71;32,04
03019016;Casalbuttano ed Uniti;Cremona;1;3.606;9,91;;13,57;;4,00;4,29;0,75;27,94
03019017;Casale Cremasco-Vidolasco;Cremona;1;1.809;3,39;;6,67;;3,30;6,83;5,13;28,19
03019018;Casaletto Ceredano;Cremona;1;1.154;5,31;;6,45;;0,79;8,94;3,56;26,80
03019019;Casaletto di Sopra;Cremona;1;507;6,75;;6,02;;1,48;1,92;3,12;20,85
03019020;Casaletto Vaprio;Cremona;1;1.768;4,82;;5,18;;1,86;9,15;5,00;29,86
03019021;Casalmaggiore;Cremona;1;14.974;10,10;;14,71;;2,64;6,71;2,39;31,35
03019022;Casalmorano;Cremona;1;1.645;5,02;;6,04;;2,22;7,68;4,58;28,17
03019024;Castel Gabbiano;Cremona;1;476;4,88;;9,19;;1,78;7,49;7,65;34,78
03019023;Casteldidone;Cremona;1;559;26,03;;12,59;;1,43;5,08;2,32;28,82
03019025;Castelleone;Cremona;1;9.228;4,07;;5,61;;1,58;5,37;3,19;22,18
03019026;Castelverde;Cremona;1;5.560;15,00;;14,03;;0,43;5,44;3,46;29,84
03019027;Castelvisconti;Cremona;1;295;9,96;;4,92;;2,40;3,24;0,90;21,96
03019028;Cella Dati;Cremona;1;494;8,22;;7,48;;1,73;5,62;1,02;24,00
03019029;Chieve;Cremona;1;2.278;4,73;;7,03;;2,22;8,62;4,89;27,34
03019030;Cicognolo;Cremona;1;920;19,70;;8,85;;1,23;4,57;5,39;26,82
03019031;Cingia de' Botti;Cremona;1;1.113;6,62;;14,43;;1,84;4,31;5,37;30,03
03019032;Corte de' Cortesi con Cignone;Cremona;1;1.055;5,98;;4,93;;0,40;3,65;0,78;16,29
03019033;Corte de' Frati;Cremona;1;1.306;13,50;;11,97;;0,99;5,58;0,66;24,90
03019034;Credera Rubbiano;Cremona;1;1.532;3,71;;7,25;;3,05;12,25;4,73;35,16
03019035;Crema;Cremona;1;33.786;3,49;;6,74;;2,86;5,80;4,41;25,56
03019036;Cremona;Cremona;1;70.637;11,87;;12,19;;4,82;7,23;3,69;34,40
03019037;Cremosano;Cremona;1;1.709;4,20;;5,94;;3,37;10,35;3,83;30,59
03019038;Crotta d'Adda;Cremona;1;610;5,55;;4,61;;1,54;6,59;0,74;21,15
03019039;Cumignano sul Naviglio;Cremona;1;406;7,53;;10,40;;3,59;6,03;3,65;32,41
03019040;Derovere;Cremona;1;285;14,24;;18,76;;2,35;7,41;8,07;41,11
03019043;Fiesco;Cremona;1;1.217;3,12;;6,03;;1,00;12,21;5,33;28,50
03019044;Formigara;Cremona;1;997;4,93;;7,82;;2,61;7,79;3,27;30,65
03019045;Gabbioneta-Binanuova;Cremona;1;842;12,66;;14,37;;1,40;15,99;6,67;46,10
03019046;Gadesco-Pieve Delmona;Cremona;1;1.891;11,24;;11,69;;0,28;4,10;2,85;25,03
03019047;Genivolta;Cremona;1;1.112;6,04;;7,36;;2,39;6,55;3,94;28,47
03019048;Gerre de' Caprioli;Cremona;1;1.310;10,54;;18,40;;0,95;5,89;1,75;31,06
03019049;Gombito;Cremona;1;625;6,03;;8,28;;0,81;8,35;5,03;28,69
03019050;Grontardo;Cremona;1;1.484;17,08;;14,78;;0,56;6,90;0,74;29,70
03019051;Grumello Cremonese ed Uniti;Cremona;1;1.674;9,58;;6,21;;1,84;7,12;1,03;24,16
03019052;Gussola;Cremona;1;2.624;36,17;;13,13;;0,83;6,20;0,63;29,57
03019053;Isola Dovarese;Cremona;1;1.065;38,04;;14,42;;;5,68;1,58;33,74
03019054;Izano;Cremona;1;1.940;3,73;;4,16;;3,74;11,55;4,02;31,70
03019055;Madignano;Cremona;1;2.762;3,37;;5,09;;2,69;7,93;4,91;26,72
03019056;Malagnino;Cremona;1;1.740;11,30;;15,15;;0,92;4,49;4,81;30,06
03019057;Martignana di Po;Cremona;1;1.976;28,89;;16,06;;;5,63;1,00;29,67
03019058;Monte Cremasco;Cremona;1;2.235;4,25;;4,48;;2,48;9,45;4,29;29,90
03019059;Montodine;Cremona;1;2.449;2,94;;5,65;;2,03;9,52;5,65;28,06
03019061;Motta Baluffi;Cremona;1;786;12,85;;13,97;;1,67;5,75;3,70;30,44
03019062;Offanengo;Cremona;1;5.954;3,20;;3,95;;1,53;8,53;3,68;24,84
03019063;Olmeneta;Cremona;1;909;24,33;;13,27;;0,54;6,64;0,77;28,89
03019064;Ostiano;Cremona;1;2.710;11,74;;11,78;;2,91;6,55;2,34;30,88
03019065;Paderno Ponchielli;Cremona;1;1.312;20,40;;13,13;;0,46;4,07;2,98;28,18
03019066;Palazzo Pignano;Cremona;1;3.789;10,51;;6,26;;0,77;5,04;3,92;25,32
03019067;Pandino;Cremona;1;8.856;3,24;;6,57;;2,93;11,34;4,72;32,34
03019068;Persico Dosimo;Cremona;1;3.256;14,16;;14,35;;0,90;4,24;3,99;29,29
03019069;Pescarolo ed Uniti;Cremona;1;1.516;12,74;;10,81;;2,62;8,76;2,63;30,18
03019070;Pessina Cremonese;Cremona;1;564;23,58;;11,72;;0,83;4,88;0,73;26,98
03019116;Piadena Drizzona;Cremona;1;3.979;13,52;;15,64;;2,90;6,63;2,07;32,10
03019072;Pianengo;Cremona;1;2.533;4,61;;6,21;;2,47;10,28;7,32;33,06
03019073;Pieranica;Cremona;1;1.101;4,17;;7,86;;1,27;9,41;5,20;30,46
03019074;Pieve d'Olmi;Cremona;1;1.236;35,47;;13,24;;0,73;4,35;4,98;33,21
03019075;Pieve San Giacomo;Cremona;1;1.592;21,10;;11,97;;3,39;4,53;4,10;32,32
03019076;Pizzighettone;Cremona;1;6.259;5,09;;5,78;;2,30;5,69;4,91;24,81
03019077;Pozzaglio ed Uniti;Cremona;1;1.428;10,71;;5,38;;1,66;2,45;1,97;16,80
03019078;Quintano;Cremona;1;907;4,00;;8,05;;2,02;10,13;3,40;30,40
03019079;Ricengo;Cremona;1;1.730;4,06;;6,91;;0,85;8,91;4,18;27,91
03019080;Ripalta Arpina;Cremona;1;1.026;4,88;;6,09;;0,90;7,35;3,06;24,27
03019081;Ripalta Cremasca;Cremona;1;3.433;3,54;;4,25;;0,73;3,32;3,16;17,85
03019082;Ripalta Guerina;Cremona;1;551;6,43;;7,60;;0,23;11,73;2,97;31,93
03019083;Rivarolo del Re ed Uniti;Cremona;1;1.816;29,12;;9,87;;1,16;4,39;5,01;28,71
03019084;Rivolta d'Adda;Cremona;1;8.199;8,18;;6,93;;4,89;1,51;2,27;21,95
03019085;Robecco d'Oglio;Cremona;1;2.239;8,48;;7,77;;2,52;8,08;1,38;29,39
03019086;Romanengo;Cremona;1;3.218;4,75;;6,75;;1,18;6,08;3,81;25,13
03019087;Salvirola;Cremona;1;1.150;4,80;;5,92;;0,29;14,18;3,65;32,56
03019088;San Bassano;Cremona;1;2.094;4,56;;4,73;;0,45;6,76;1,93;22,17
03019089;San Daniele Po;Cremona;1;1.253;11,61;;12,73;;2,69;7,71;1,75;30,32
03019090;San Giovanni in Croce;Cremona;1;1.900;5,37;;13,39;;0,11;3,60;0,73;21,70
03019091;San Martino del Lago;Cremona;1;387;14,64;;14,58;;;3,12;0,72;24,06
03019092;Scandolara Ravara;Cremona;1;1.306;17,22;;13,73;;1,48;4,88;2,82;28,78
03019093;Scandolara Ripa d'Oglio;Cremona;1;514;16,03;;15,19;;0,30;9,18;0,76;31,92
03019094;Sergnano;Cremona;1;3.526;3,03;;5,35;;2,63;7,56;4,24;24,86
03019095;Sesto ed Uniti;Cremona;1;3.232;6,56;;5,08;;2,07;5,90;1,62;23,36
03019096;Solarolo Rainerio;Cremona;1;899;8,96;;14,81;;;4,21;2,32;26,43
03019097;Soncino;Cremona;1;7.490;3,25;;5,88;;1,74;8,06;4,20;24,09
03019098;Soresina;Cremona;1;8.816;6,70;;8,77;;1,04;7,42;2,39;28,50
03019099;Sospiro;Cremona;1;3.034;5,60;;11,60;;0,82;4,21;1,88;20,71
03019100;Spinadesco;Cremona;1;1.449;7,68;;5,86;;0,60;7,06;1,20;22,96
03019101;Spineda;Cremona;1;612;23,36;;8,36;;1,63;5,34;12,30;39,25
03019102;Spino d'Adda;Cremona;1;6.870;4,26;;6,22;;1,04;8,12;3,56;26,33
03019103;Stagno Lombardo;Cremona;1;1.413;16,17;;13,42;;0,43;4,51;1,95;26,05
03019104;Ticengo;Cremona;1;420;4,70;;6,27;;4,98;2,17;2,75;22,23
03019105;Torlino Vimercati;Cremona;1;480;5,98;;6,72;;1,04;4,34;2,43;19,27
03019106;Tornata;Cremona;1;417;32,58;;13,57;;2,70;5,45;0,70;30,82
03019107;Torre de' Picenardi;Cremona;1;2.119;44,94;;12,73;;0,04;4,65;0,64;29,76
03019108;Torricella del Pizzo;Cremona;1;554;30,93;;10,25;;4,50;5,61;0,68;32,49
03019109;Trescore Cremasco;Cremona;1;2.827;6,10;;12,68;;3,02;3,74;2,10;26,09
03019110;Trigolo;Cremona;1;1.626;2,86;;5,62;;2,96;10,99;7,28;30,88
03019111;Vaiano Cremasco;Cremona;1;3.519;4,84;;8,11;;3,00;7,95;4,76;31,08
03019112;Vailate;Cremona;1;4.623;3,56;;7,53;;2,42;8,41;4,11;28,60
03019113;Vescovato;Cremona;1;3.849;14,83;;10,90;;0,78;0,86;1,05;20,36
03019114;Volongo;Cremona;1;467;11,55;;17,87;;3,69;16,48;8,15;50,41
03019115;Voltido;Cremona;1;337;10,62;;13,38;;;3,95;1,41;23,86
18101001;Belvedere di Spinello;Crotone;1;1.915;16,08;;7,78;;1,75;17,54;;42,97
18101002;Caccuri;Crotone;1;1.538;33,17;;24,97;;3,31;4,86;0,90;47,66
18101003;Carfizzi;Crotone;1;519;41,07;;;;1,03;1,52;;38,24
18101004;Casabona;Crotone;1;2.312;0,53;;21,22;;0,89;10,66;0,24;39,00
18101005;Castelsilano;Crotone;1;893;8,67;;;;;5,31;0,06;34,28
18101006;Cerenzia;Crotone;1;1.015;29,98;;3,09;;3,54;;;31,30
18101008;Ciro Marina;Crotone;1;14.030;3,80;;18,93;;5,55;8,40;;34,99
18101009;Cotronei;Crotone;1;5.252;8,89;;18,51;;1,78;2,18;11,88;42,59
18101010;Crotone;Crotone;1;58.445;5,08;;24,56;;3,82;5,75;1,22;36,90
18101011;Crucoli;Crotone;1;2.762;46,11;;12,70;;3,01;7,70;;48,04
18101014;Melissa;Crotone;1;3.246;12,54;;19,90;;1,96;1,10;;35,26
18101015;Mesoraca;Crotone;1;5.814;15,94;;8,33;;4,58;5,36;0,23;21,12
18101017;Petilia Policastro;Crotone;1;8.614;16,74;;16,55;;2,07;2,31;0,30;30,26
18101018;Roccabernarda;Crotone;1;3.133;18,41;;9,88;;;3,31;0,64;32,92
18101020;San Mauro Marchesato;Crotone;1;1.914;6,29;;16,64;;2,68;3,62;4,32;31,53
18101022;Santa Severina;Crotone;1;1.906;19,73;;7,26;;;5,34;2,17;26,88
18101024;Scandale;Crotone;1;2.864;8,93;;10,97;;1,03;;;11,92
18101025;Strongoli;Crotone;1;6.137;34,38;;3,45;;0,04;8,64;0,33;42,11
18101027;Verzino;Crotone;1;1.586;35,46;;32,81;;4,81;1,39;5,01;58,00
01004001;Acceglio;Cuneo;1;157;10,01;;19,41;;0,03;10,17;2,69;36,16
01004002;Aisone;Cuneo;1;211;14,81;;9,46;;0,81;4,71;1,03;25,53
01004004;Albaretto della Torre;Cuneo;1;218;5,53;;6,49;;2,50;9,67;1,44;33,82
01004005;Alto;Cuneo;1;149;4,15;;8,26;;;20,80;0,70;42,48
01004006;Argentera;Cuneo;1;81;36,01;;45,47;;13,94;38,48;3,92;104,02
01004007;Arguello;Cuneo;1;200;6,01;;7,63;;;15,15;1,99;39,83
01004008;Bagnasco;Cuneo;1;965;15,60;;11,26;;1,05;3,91;3,75;28,11
01004014;Bastia Mondovi;Cuneo;1;628;4,18;;7,57;;2,20;7,32;2,80;30,30
01004015;Battifollo;Cuneo;1;225;7,11;;10,73;;1,75;4,95;1,57;32,38
01004016;Beinette;Cuneo;1;3.483;3,32;;13,90;;;6,20;1,15;25,48
01004018;Belvedere Langhe;Cuneo;1;330;4,27;;4,13;;3,39;6,62;2,62;36,19
01004020;Benevello;Cuneo;1;470;6,85;;6,74;;;6,15;2,74;30,68
01004021;Bergolo;Cuneo;1;56;4,38;;4,23;;;19,78;1,12;35,52
01004022;Bernezzo;Cuneo;1;4.215;2,60;;8,45;;0,43;4,90;1,38;20,18
01004023;Bonvicino;Cuneo;1;97;3,08;;9,34;;0,37;13,37;5,53;41,90
01004025;Borgo San Dalmazzo;Cuneo;1;12.510;4,26;;12,06;;3,64;4,13;1,07;26,56
01004024;Borgomale;Cuneo;1;376;7,96;;7,40;;1,25;8,59;1,81;34,88
01004026;Bosia;Cuneo;1;169;6,71;;9,19;;4,07;9,55;8,13;44,12
01004027;Bossolasco;Cuneo;1;648;5,36;;4,94;;1,85;6,95;2,80;30,22
01004028;Boves;Cuneo;1;9.615;13,48;;14,48;;1,41;5,21;0,64;28,85
01004030;Briaglia;Cuneo;1;313;7,24;;14,21;;0,17;5,11;4,84;38,68
01004031;Briga Alta;Cuneo;1;42;2,55;;15,58;;;10,15;2,14;38,93
01004034;Busca;Cuneo;1;10.144;11,25;;9,37;;0,98;5,11;2,29;25,68
01004035;Camerana;Cuneo;1;572;7,06;;6,48;;3,05;6,54;2,92;32,90
01004038;Canosio;Cuneo;1;78;9,12;;15,96;;4,98;19,55;6,05;52,17
01004039;Caprauna;Cuneo;1;88;7,47;;11,54;;;10,24;9,00;43,30
01004040;Caraglio;Cuneo;1;6.747;3,87;;11,86;;1,88;5,32;3,33;27,28
01004043;Carru;Cuneo;1;4.371;6,69;;14,46;;1,68;6,68;3,99;35,49
01004044;Cartignano;Cuneo;1;171;8,25;;14,79;;0,03;3,97;0,34;24,14
01004049;Castelletto Stura;Cuneo;1;1.365;1,75;;13,01;;1,89;6,78;0,55;24,90
01004050;Castelletto Uzzone;Cuneo;1;303;7,55;;8,04;;7,85;6,73;2,28;39,79
01004052;Castellino Tanaro;Cuneo;1;267;4,86;;11,54;;0,51;11,00;3,89;39,20
01004053;Castelmagno;Cuneo;1;58;9,55;;17,73;;0,03;13,78;0,12;35,38
01004054;Castelnuovo di Ceva;Cuneo;1;106;13,56;;3,32;;;6,41;1,13;31,84
01004057;Castino;Cuneo;1;449;8,72;;8,33;;0,48;7,80;2,94;34,33
01004060;Celle di Macra;Cuneo;1;88;10,92;;26,46;;0,04;14,58;9,31;51,11
01004061;Centallo;Cuneo;1;6.859;11,77;;10,64;;1,79;4,19;2,35;26,53
01004063;Cerretto Langhe;Cuneo;1;397;6,43;;9,42;;;4,68;2,22;33,13
01004064;Cervasca;Cuneo;1;5.159;2,28;;7,50;;0,58;4,60;1,32;19,23
01004066;Ceva;Cuneo;1;5.695;6,27;;10,23;;1,96;5,21;2,92;28,07
01004068;Chiusa di Pesio;Cuneo;1;3.586;11,22;;12,95;;1,78;2,73;1,47;25,39
01004069;Ciglie;Cuneo;1;184;3,98;;9,93;;0,41;9,19;5,09;35,58
01004070;Cissone;Cuneo;1;81;3,32;;5,47;;0,68;4,26;2,03;23,82
01004071;Clavesana;Cuneo;1;795;8,23;;6,86;;0,30;9,81;1,74;30,19
01004073;Cortemilia;Cuneo;1;2.152;11,26;;9,82;;2,55;7,43;1,67;31,49
01004076;Cravanzana;Cuneo;1;364;5,83;;9,48;;1,74;10,65;1,51;37,78
01004078;Cuneo;Cuneo;1;55.744;10,42;;15,75;;3,65;4,11;2,05;31,69
01004079;Demonte;Cuneo;1;1.857;12,78;;10,20;;5,74;4,02;1,82;30,60
01004081;Dogliani;Cuneo;1;4.603;9,44;;11,17;;0,72;4,29;2,45;27,52
01004082;Dronero;Cuneo;1;6.986;5,23;;10,49;;1,52;6,01;1,55;24,67
01004083;Elva;Cuneo;1;78;7,17;;18,99;;0,03;3,31;0,34;24,64
01004084;Entracque;Cuneo;1;762;6,48;;17,58;;;4,69;2,49;28,12
01004086;Farigliano;Cuneo;1;1.682;9,39;;5,51;;0,65;3,28;1,43;16,10
01004088;Feisoglio;Cuneo;1;287;8,81;;7,58;;1,73;5,69;2,37;33,39
01004090;Frabosa Soprana;Cuneo;1;689;10,33;;16,43;;0,27;4,34;2,32;35,57
01004091;Frabosa Sottana;Cuneo;1;1.605;3,99;;14,80;;1,64;9,53;1,48;36,92
01004093;Gaiola;Cuneo;1;571;13,13;;6,56;;0,63;6,19;1,36;24,89
01004095;Garessio;Cuneo;1;2.841;9,04;;6,30;;;2,76;1,69;17,04
01004097;Gorzegno;Cuneo;1;262;5,79;;8,22;;;5,76;2,23;28,80
01004098;Gottasecca;Cuneo;1;128;6,70;;8,73;;0,66;13,03;4,12;43,84
01004102;Igliano;Cuneo;1;68;2,68;;5,10;;3,76;11,01;1,11;29,60
01004106;Lequio Berria;Cuneo;1;422;6,20;;6,69;;1,61;7,97;1,10;33,39
01004107;Lequio Tanaro;Cuneo;1;743;8,15;;10,28;;0,40;5,89;3,44;28,25
01004108;Lesegno;Cuneo;1;788;5,08;;4,39;;1,64;3,75;2,40;20,72
01004109;Levice;Cuneo;1;200;7,53;;5,57;;;11,81;1,12;30,33
01004110;Limone Piemonte;Cuneo;1;1.351;5,75;;29,95;;0,98;8,30;9,87;44,51
01004111;Lisio;Cuneo;1;193;15,83;;7,98;;1,51;14,75;1,47;43,12
01004112;Macra;Cuneo;1;42;6,21;;13,81;;0,02;7,23;5,97;30,64
01004114;Magliano Alpi;Cuneo;1;2.115;25,02;;7,90;;0,18;4,14;1,57;24,28
01004118;Margarita;Cuneo;1;1.417;2,97;;15,35;;0,14;4,38;0,75;24,68
01004119;Marmora;Cuneo;1;54;5,22;;11,60;;4,83;11,90;6,08;39,38
01004120;Marsaglia;Cuneo;1;219;1,23;;5,98;;9,94;18,60;1,67;47,98
01004123;Moiola;Cuneo;1;213;16,00;;13,14;;3,35;9,27;1,15;37,82
01004124;Mombarcaro;Cuneo;1;261;4,57;;6,23;;2,91;6,89;1,99;32,23
01004125;Mombasiglio;Cuneo;1;618;6,47;;7,82;;0,61;8,17;2,92;30,27
01004126;Monastero di Vasco;Cuneo;1;1.261;31,92;;21,30;;0,40;11,55;8,31;56,27
01004127;Monasterolo Casotto;Cuneo;1;81;5,73;;13,21;;0,15;20,53;4,20;49,32
01004130;Mondovi;Cuneo;1;22.040;10,31;;13,39;;2,42;4,50;4,09;33,01
01004131;Monesiglio;Cuneo;1;585;8,12;;7,94;;5,48;11,66;4,01;43,14
01004134;Montaldo di Mondovi;Cuneo;1;541;5,65;;16,42;;0,17;26,85;8,50;62,13
01004136;Montanera;Cuneo;1;699;4,01;;20,46;;5,09;12,69;1,47;43,07
01004138;Montemale di Cuneo;Cuneo;1;222;7,16;;18,22;;0,02;6,55;1,54;29,34
01004139;Monterosso Grana;Cuneo;1;517;5,13;;12,46;;0,02;11,86;0,78;29,82
01004141;Montezemolo;Cuneo;1;229;2,69;;7,93;;0,29;12,50;2,04;35,20
01004144;Morozzo;Cuneo;1;2.007;4,02;;24,21;;4,38;12,83;1,40;44,65
01004145;Murazzano;Cuneo;1;866;3,86;;7,09;;0,32;12,70;2,02;54,39
01004150;Niella Belbo;Cuneo;1;326;6,66;;7,11;;2,44;16,98;2,84;43,62
01004151;Niella Tanaro;Cuneo;1;960;4,03;;10,87;;3,44;6,89;2,40;32,00
01004153;Nucetto;Cuneo;1;387;8,11;;13,26;;1,00;9,35;4,17;40,03
01004155;Ormea;Cuneo;1;1.478;8,13;;25,20;;;3,94;7,07;39,40
01004159;Pamparato;Cuneo;1;266;6,51;;15,06;;0,17;19,60;9,32;56,02
01004160;Paroldo;Cuneo;1;190;5,68;;7,05;;3,19;16,84;2,19;40,16
01004161;Perletto;Cuneo;1;254;9,60;;5,75;;4,35;15,97;3,55;42,35
01004162;Perlo;Cuneo;1;106;16,59;;6,60;;0,13;17,12;1,33;46,53
01004163;Peveragno;Cuneo;1;5.466;7,64;;11,97;;0,57;3,35;1,18;23,40
01004164;Pezzolo Valle Uzzone;Cuneo;1;305;6,38;;5,73;;;8,65;1,28;29,79
01004165;Pianfei;Cuneo;1;2.085;2,90;;13,44;;1,45;6,60;0,94;26,29
01004167;Pietraporzio;Cuneo;1;71;20,31;;21,96;;1,40;14,64;1,64;47,18
01004169;Piozzo;Cuneo;1;990;15,96;;8,80;;0,16;5,07;3,14;27,00
01004173;Pradleves;Cuneo;1;238;9,83;;19,67;;6,37;5,58;1,53;37,24
01004174;Prazzo;Cuneo;1;177;7,66;;16,75;;6,28;6,35;2,36;35,48
01004175;Priero;Cuneo;1;498;7,90;;9,00;;0,66;3,89;2,45;26,83
01004177;Priola;Cuneo;1;650;10,53;;8,63;;0,24;4,22;4,10;25,82
01004178;Prunetto;Cuneo;1;392;10,26;;9,33;;;12,21;2,59;39,44
01004182;Rittana;Cuneo;1;105;20,96;;16,32;;1,24;11,65;1,45;45,26
01004183;Roaschia;Cuneo;1;93;9,44;;45,37;;0,79;17,01;0,50;52,04
01004184;Roascio;Cuneo;1;90;1,36;;1,22;;1,71;9,64;4,25;31,93
01004185;Robilante;Cuneo;1;2.129;4,51;;15,11;;5,70;4,69;0,49;29,72
01004186;Roburent;Cuneo;1;474;5,02;;17,15;;0,15;24,34;11,59;61,92
01004188;Rocca Ciglie;Cuneo;1;122;3,33;;11,00;;0,40;15,80;6,38;44,15
01004189;Rocca de' Baldi;Cuneo;1;1.552;20,73;;11,03;;0,22;9,32;2,33;35,52
01004187;Roccabruna;Cuneo;1;1.522;6,56;;1,06;;0,83;1,97;0,09;9,50
01004190;Roccaforte Mondovi;Cuneo;1;2.064;14,12;;16,83;;;4,39;3,84;36,85
01004191;Roccasparvera;Cuneo;1;744;1,62;;17,22;;;5,01;1,92;24,86
01004192;Roccavione;Cuneo;1;2.621;7,44;;15,92;;5,59;4,96;2,69;34,59
01004193;Rocchetta Belbo;Cuneo;1;158;6,16;;6,51;;;3,60;1,01;24,12
01004199;Sale delle Langhe;Cuneo;1;467;2,87;;10,01;;0,36;7,99;3,17;32,59
01004200;Sale San Giovanni;Cuneo;1;149;1,94;;8,36;;1,16;11,64;2,34;33,04
01004201;Saliceto;Cuneo;1;1.162;8,12;;9,78;;2,41;7,12;4,74;40,69
01004204;Sambuco;Cuneo;1;87;18,19;;19,40;;1,25;13,48;1,46;44,26
01004206;San Benedetto Belbo;Cuneo;1;151;5,20;;6,46;;0,46;17,05;2,34;39,49
01004207;San Damiano Macra;Cuneo;1;411;8,16;;14,01;;0,34;0,97;0,33;21,93
01004210;San Michele Mondovi;Cuneo;1;1.803;21,41;;17,52;;0,02;5,44;3,94;41,28
01004216;Scagnello;Cuneo;1;173;15,58;;7,49;;1,81;24,76;1,13;55,91
01004219;Serravalle Langhe;Cuneo;1;316;4,75;;7,20;;2,45;6,40;1,21;31,11
01004221;Somano;Cuneo;1;302;5,84;;9,06;;0,27;6,50;3,23;34,37
01004224;Stroppo;Cuneo;1;101;3,44;;7,70;;4,82;9,08;0,51;27,90
01004225;Tarantasca;Cuneo;1;2.185;7,21;;8,70;;0,30;3,46;1,34;20,36
01004226;Torre Bormida;Cuneo;1;168;5,95;;5,23;;;4,08;1,90;25,45
01004227;Torre Mondovi;Cuneo;1;515;17,95;;15,63;;0,26;5,11;4,75;38,02
01004229;Torresina;Cuneo;1;49;5,39;;11,01;;8,14;22,05;2,35;53,98
01004233;Valdieri;Cuneo;1;907;6,59;;22,69;;1,57;3,84;1,00;30,31
01004234;Valgrana;Cuneo;1;809;4,36;;10,29;;2,73;2,61;2,26;23,15
01004235;Valloriate;Cuneo;1;96;16,35;;13,92;;1,02;10,00;1,83;39,84
01004239;Vernante;Cuneo;1;1.100;7,19;;16,98;;5,60;5,20;4,04;36,50
01004242;Vicoforte;Cuneo;1;3.174;21,32;;14,03;;0,26;6,67;5,09;38,24
01004243;Vignolo;Cuneo;1;2.680;2,73;;9,78;;0,72;3,34;1,65;20,99
01004245;Villanova Mondovi;Cuneo;1;5.845;17,20;;11,85;;0,53;4,70;2,56;31,14
01004247;Villar San Costanzo;Cuneo;1;1.549;7,00;;2,33;;0,48;1,54;1,08;14,85
01004248;Vinadio;Cuneo;1;585;8,96;;18,79;;1,34;4,36;0,89;28,71
01004249;Viola;Cuneo;1;371;7,23;;13,89;;7,31;24,53;1,33;58,99
19086001;Agira;Enna;1;7.671;24,79;;27,90;;5,21;2,43;2,94;48,72
19086005;Calascibetta;Enna;1;4.062;29,31;;37,27;;4,67;4,56;0,81;52,41
19086009;Enna;Enna;1;25.512;10,27;;30,61;;4,36;6,80;3,42;49,33
19086011;Leonforte;Enna;1;12.331;47,96;;7,57;;2,64;4,23;;31,33
19086012;Nicosia;Enna;1;12.686;14,18;;24,06;;8,48;4,78;1,69;47,90
19086013;Nissoria;Enna;1;2.844;114,35;;;;;5,90;2,95;58,91
19086014;Piazza Armerina;Enna;1;20.642;11,78;;36,74;;4,53;2,86;2,40;49,89
19086015;Pietraperzia;Enna;1;6.303;5,93;;40,68;;4,92;4,81;;38,26
11109001;Altidona;Fermo;1;3.538;5,91;;;;3,25;2,17;2,84;21,78
11109003;Belmonte Piceno;Fermo;1;574;4,15;;4,98;;3,85;9,37;7,74;30,93
11109005;Falerone;Fermo;1;3.124;8,46;;18,55;;2,87;1,62;0,33;28,04
11109006;Fermo;Fermo;1;35.789;6,05;;13,83;;2,87;5,60;4,14;26,65
11109007;Francavilla d'Ete;Fermo;1;926;7,68;;15,79;;13,08;4,47;6,28;41,81
11109008;Grottazzolina;Fermo;1;3.174;16,35;;13,04;;1,86;2,57;4,24;28,23
11109012;Monsampietro Morico;Fermo;1;607;26,94;;17,82;;6,85;6,51;2,18;35,70
11109016;Monte Giberto;Fermo;1;723;9,94;;16,00;;2,44;7,02;0,58;28,57
11109023;Monte San Pietrangeli;Fermo;1;2.241;10,74;;12,84;;3,21;8,22;2,01;31,17
11109024;Monte Urano;Fermo;1;7.812;8,72;;10,36;;2,25;5,93;2,42;26,26
11109025;Monte Vidon Combatte;Fermo;1;393;19,61;;14,31;;8,41;5,01;1,12;36,25
11109026;Monte Vidon Corrado;Fermo;1;678;6,48;;13,51;;7,25;2,89;3,34;30,33
11109015;Montefortino;Fermo;1;1.047;5,46;;27,75;;1,96;3,31;0,71;27,88
11109018;Montegranaro;Fermo;1;12.523;15,20;;14,24;;4,68;1,26;1,97;27,16
11109020;Montelparo;Fermo;1;702;22,88;;21,55;;6,64;4,03;2,07;34,80
11109029;Ortezzano;Fermo;1;740;10,69;;10,22;;1,13;6,19;3,12;25,88
11109032;Ponzano di Fermo;Fermo;1;1.632;12,70;;20,94;;;2,05;;25,34
11109033;Porto San Giorgio;Fermo;1;15.618;12,43;;19,67;;5,56;3,19;6,45;40,09
11109034;Porto Sant'Elpidio;Fermo;1;25.600;10,01;;8,57;;3,18;7,11;4,45;31,40
11109037;Sant'Elpidio a Mare;Fermo;1;16.503;9,47;;16,66;;5,54;4,45;0,34;30,62
11109038;Servigliano;Fermo;1;2.171;16,57;;13,89;;0,85;0,53;0,31;20,13
08038003;Bondeno;Ferrara;1;13.738;15,83;;18,09;;4,60;16,02;4,02;49,72
08038004;Cento;Ferrara;1;35.231;13,86;;17,66;;4,49;14,86;3,82;47,02
08038005;Codigoro;Ferrara;1;11.072;13,82;;22,08;;3,45;18,67;3,11;54,62
08038006;Comacchio;Ferrara;1;22.017;7,39;;16,80;;4,17;8,65;0,56;33,93
08038007;Copparo;Ferrara;1;15.673;14,02;;20,13;;3,62;17,59;2,98;51,71
08038008;Ferrara;Ferrara;1;129.340;16,73;;15,72;;3,36;3,68;2,34;34,18
08038027;Fiscaglia;Ferrara;1;8.371;15,78;;19,60;;2,22;17,70;3,00;50,60
08038025;Goro;Ferrara;1;3.475;10,96;;20,00;;8,74;16,41;2,73;53,55
08038010;Jolanda di Savoia;Ferrara;1;2.630;12,00;;19,93;;10,64;16,83;2,78;56,50
08038011;Lagosanto;Ferrara;1;4.718;12,22;;18,87;;4,64;15,77;2,74;48,48
08038012;Masi Torello;Ferrara;1;2.292;17,32;;25,40;;2,71;21,96;3,75;62,96
08038014;Mesola;Ferrara;1;6.454;12,16;;18,78;;2,91;15,87;2,74;46,73
08038017;Ostellato;Ferrara;1;5.604;8,91;;15,90;;5,29;13,18;2,20;41,21
08038018;Poggio Renatico;Ferrara;1;9.709;15,55;;15,56;;2,27;13,50;3,58;41,58
08038019;Portomaggiore;Ferrara;1;11.780;14,80;;18,78;;5,71;16,77;2,84;51,72
08038029;Riva del Po;Ferrara;1;7.388;19,06;;19,12;;3,83;17,95;3,05;52,99
08038028;Terre del Reno;Ferrara;1;9.962;19,36;;14,26;;2,26;13,35;3,47;40,65
08038030;Tresignana;Ferrara;1;6.947;17,70;;18,68;;2,64;17,20;2,96;50,05
08038022;Vigarano Mainarda;Ferrara;1;7.600;16,48;;13,07;;4,36;12,07;3,12;39,05
08038023;Voghiera;Ferrara;1;3.559;13,83;;16,16;;1,96;14,73;2,51;42,32
09048001;Bagno a Ripoli;Firenze;1;25.156;16,81;;26,13;;3,32;7,18;3,64;49,09
09048002;Barberino di Mugello;Firenze;1;10.920;17,80;;21,25;;3,44;6,50;5,59;46,20
09048054;Barberino Tavarnelle;Firenze;1;11.901;15,11;;15,51;;4,24;5,25;6,39;43,44
09048004;Borgo San Lorenzo;Firenze;1;18.102;21,33;;22,26;;3,83;6,93;8,72;52,14
09048005;Calenzano;Firenze;1;18.084;8,57;;11,70;;3,81;10,06;5,53;37,85
09048006;Campi Bisenzio;Firenze;1;47.462;11,13;;14,21;;3,88;4,56;4,58;34,50
09048008;Capraia e Limite;Firenze;1;7.870;35,13;;20,20;;4,05;5,89;3,85;46,81
09048010;Castelfiorentino;Firenze;1;17.220;24,84;;19,18;;2,94;5,21;10,19;48,47
09048011;Cerreto Guidi;Firenze;1;10.678;27,48;;16,01;;2,91;4,65;7,00;41,42
09048012;Certaldo;Firenze;1;15.515;34,56;;20,89;;4,05;5,71;8,57;50,82
09048013;Dicomano;Firenze;1;5.454;25,84;;19,98;;4,20;9,07;3,37;45,83
09048014;Empoli;Firenze;1;48.844;23,13;;18,50;;5,91;5,41;10,21;49,84
09048015;Fiesole;Firenze;1;13.659;27,06;;48,83;;10,33;9,49;11,34;85,38
09048052;Figline e Incisa Valdarno;Firenze;1;23.051;18,72;;29,55;;5,38;6,89;5,15;53,57
09048017;Firenze;Firenze;1;360.930;7,48;;14,27;;7,98;5,34;5,91;43,36
09048018;Firenzuola;Firenze;1;4.394;7,36;;4,04;;2,27;2,53;8,82;28,22
09048019;Fucecchio;Firenze;1;22.630;28,34;;19,41;;3,98;5,37;9,90;49,86
09048020;Gambassi Terme;Firenze;1;4.839;34,88;;14,75;;2,83;4,41;11,40;43,30
09048021;Greve in Chianti;Firenze;1;13.322;14,87;;27,93;;6,79;5,93;5,38;51,66
09048022;Impruneta;Firenze;1;14.379;20,87;;35,66;;3,49;7,61;7,05;62,23
09048024;Lastra a Signa;Firenze;1;19.589;11,01;;20,08;;4,49;5,40;5,54;43,86
09048025;Londa;Firenze;1;1.833;23,32;;20,29;;3,85;8,29;1,53;42,68
09048026;Marradi;Firenze;1;2.907;4,97;;3,71;;3,61;1,89;14,83;34,12
09048027;Montaione;Firenze;1;3.492;22,62;;19,13;;4,17;4,88;25,40;64,01
09048028;Montelupo Fiorentino;Firenze;1;14.187;28,19;;17,36;;5,12;5,29;6,17;44,53
09048030;Montespertoli;Firenze;1;13.250;29,70;;16,46;;3,83;5,24;5,75;44,90
09048031;Palazzuolo sul Senio;Firenze;1;1.111;3,86;;12,39;;1,86;4,36;11,18;33,38
09048032;Pelago;Firenze;1;7.788;8,51;;11,71;;3,27;4,96;3,25;31,51
09048033;Pontassieve;Firenze;1;20.198;8,20;;13,45;;4,30;6,20;5,31;37,31
09048035;Reggello;Firenze;1;16.485;13,06;;19,39;;4,55;7,45;6,64;45,35
09048036;Rignano sull'Arno;Firenze;1;8.504;19,25;;18,68;;6,67;11,40;7,58;57,17
09048038;San Casciano in Val di Pesa;Firenze;1;16.456;11,00;;25,06;;5,74;5,46;4,58;45,44
09048039;San Godenzo;Firenze;1;1.049;15,60;;16,49;;2,88;7,65;5,88;42,12
09048041;Scandicci;Firenze;1;49.390;10,81;;15,57;;6,71;5,59;8,26;45,85
09048053;Scarperia e San Piero;Firenze;1;12.001;20,53;;18,59;;3,83;9,76;10,50;53,64
09048043;Sesto Fiorentino;Firenze;1;48.742;15,29;;11,66;;3,51;3,95;2,32;29,11
09048044;Signa;Firenze;1;18.874;10,35;;16,07;;5,41;4,65;7,17;40,34
09048046;Vaglia;Firenze;1;5.164;22,77;;27,46;;3,92;7,55;7,06;57,66
09048049;Vicchio;Firenze;1;8.023;25,36;;27,98;;3,91;7,14;5,88;54,96
09048050;Vinci;Firenze;1;14.438;24,80;;16,38;;3,72;4,74;4,99;40,20
16071004;Apricena;Foggia;1;12.575;68,33;;14,17;;3,91;3,43;0,03;40,86
16071005;Ascoli Satriano;Foggia;1;5.863;6,06;;24,70;;5,71;6,68;3,43;39,48
16071009;Candela;Foggia;1;2.487;8,79;;21,89;;8,77;10,74;0,48;55,84
16071012;Carpino;Foggia;1;3.811;15,36;;;;8,25;2,90;1,32;43,49
16071016;Castelluccio Valmaggiore;Foggia;1;1.207;22,27;;25,70;;11,89;4,70;12,90;63,46
16071024;Foggia;Foggia;1;145.348;5,99;;12,67;;7,00;1,88;1,32;22,36
16071027;Lesina;Foggia;1;6.204;4,77;;26,01;;2,26;2,06;0,23;33,14
16071028;Lucera;Foggia;1;30.975;10,11;;28,16;;8,77;2,47;10,76;52,24
16071031;Mattinata;Foggia;1;5.976;12,95;;25,69;;6,63;3,52;61,30;100,68
16071033;Monte Sant'Angelo;Foggia;1;11.353;6,97;;51,73;;10,11;3,23;0,59;59,15
16071035;Orsara di Puglia;Foggia;1;2.507;18,51;;18,59;;9,02;3,94;4,05;50,19
16071036;Orta Nova;Foggia;1;16.783;6,47;;37,17;;5,75;2,21;1,22;54,10
16071037;Panni;Foggia;1;693;8,12;;21,22;;4,84;6,24;9,64;53,50
16071038;Peschici;Foggia;1;4.283;15,72;;51,49;;10,45;1,61;0,60;59,22
16071040;Poggio Imperiale;Foggia;1;2.471;10,82;;12,57;;5,80;1,84;14,04;44,74
16071042;Rocchetta Sant'Antonio;Foggia;1;1.687;14,84;;44,56;;4,65;0,89;0,44;51,69
16071043;Rodi Garganico;Foggia;1;3.302;12,01;;28,29;;9,65;13,46;11,29;66,96
16071046;San Giovanni Rotondo;Foggia;1;26.235;61,68;;17,21;;7,83;;;39,15
16071053;Serracapriola;Foggia;1;3.656;15,52;;17,61;;8,27;3,61;0,89;50,04
16071054;Stornara;Foggia;1;5.772;7,15;;36,47;;6,79;0,39;13,42;46,13
16071058;Troia;Foggia;1;6.689;18,46;;16,19;;8,16;3,39;9,42;53,17
16071060;Vieste;Foggia;1;13.405;15,25;;10,59;;5,59;3,98;0,35;37,01
08040001;Bagno di Romagna;Forli'-Cesena;1;5.592;8,00;;;;2,64;4,20;5,04;27,61
08040003;Bertinoro;Forli'-Cesena;1;11.026;11,00;;15,83;;3,28;5,93;6,14;36,54
08040004;Borghi;Forli'-Cesena;1;2.871;23,44;;1,67;;2,03;4,95;6,25;35,53
08040005;Castrocaro Terme e Terra del Sole;Forli'-Cesena;1;6.352;19,01;;19,76;;4,32;7,79;8,08;48,04
08040007;Cesena;Forli'-Cesena;1;95.778;14,04;;10,34;;1,40;2,30;3,22;25,98
08040008;Cesenatico;Forli'-Cesena;1;25.921;12,92;;2,64;;4,51;3,07;4,70;30,12
08040009;Civitella di Romagna;Forli'-Cesena;1;3.639;30,98;;26,98;;6,03;10,88;11,28;67,09
08040011;Dovadola;Forli'-Cesena;1;1.573;16,62;;19,84;;4,25;7,67;7,95;47,26
08040012;Forli;Forli'-Cesena;1;116.440;11,79;;17,10;;3,54;6,39;6,63;39,41
08040013;Forlimpopoli;Forli'-Cesena;1;13.047;19,42;;20,04;;4,38;7,91;8,20;48,76
08040014;Galeata;Forli'-Cesena;1;2.433;19,85;;20,40;;4,46;8,06;8,35;49,66
08040015;Gambettola;Forli'-Cesena;1;10.682;25,24;;4,23;;2,43;3,11;3,72;28,33
08040016;Gatteo;Forli'-Cesena;1;9.325;12,91;;7,93;;1,87;3,40;3,38;26,01
08040018;Longiano;Forli'-Cesena;1;7.215;7,58;;2,99;;1,21;3,96;2,07;19,25
08040019;Meldola;Forli'-Cesena;1;9.879;13,07;;20,70;;4,22;7,61;7,89;46,93
08040020;Mercato Saraceno;Forli'-Cesena;1;6.797;22,01;;;;1,50;3,64;3,50;21,83
08040022;Modigliana;Forli'-Cesena;1;4.288;16,55;;19,74;;4,23;7,63;7,91;47,02
08040028;Montiano;Forli'-Cesena;1;1.705;30,04;;1,31;;0,23;6,72;4,73;28,06
08040031;Portico e San Benedetto;Forli'-Cesena;1;723;13,17;;29,06;;5,50;9,92;10,28;61,15
08040032;Predappio;Forli'-Cesena;1;6.296;17,95;;21,73;;4,64;8,38;8,68;51,64
08040033;Premilcuore;Forli'-Cesena;1;692;4,18;;;;5,11;3,68;6,37;30,74
08040036;Rocca San Casciano;Forli'-Cesena;1;1.798;17,52;;19,20;;4,16;7,52;7,79;46,32
08040037;Roncofreddo;Forli'-Cesena;1;3.422;14,65;;;;1,82;4,40;3,40;24,96
08040041;San Mauro Pascoli;Forli'-Cesena;1;12.186;16,40;;8,09;;2,91;3,52;5,65;32,08
08040043;Santa Sofia;Forli'-Cesena;1;4.030;11,40;;0,19;;4,07;3,42;6,00;31,54
08040044;Sarsina;Forli'-Cesena;1;3.308;51,23;;;;4,62;5,03;7,47;42,81
08040045;Savignano sul Rubicone;Forli'-Cesena;1;17.842;13,56;;5,88;;1,82;2,98;3,27;24,77
08040046;Sogliano al Rubicone;Forli'-Cesena;1;3.126;20,46;;0,68;;1,87;3,71;6,55;29,31
08040049;Tredozio;Forli'-Cesena;1;1.110;26,20;;26,08;;5,73;10,35;10,72;63,78
08040050;Verghereto;Forli'-Cesena;1;1.772;2,01;;;;1,63;3,59;6,45;25,64
12060002;Acuto;Frosinone;1;1.835;16,07;;23,10;;3,75;7,14;4,03;46,44
12060003;Alatri;Frosinone;1;27.693;7,61;;21,46;;2,82;3,40;3,20;34,77
12060005;Amaseno;Frosinone;1;4.094;11,50;;17,46;;1,39;16,75;1,28;41,46
12060006;Anagni;Frosinone;1;20.734;4,55;;31,04;;3,70;4,38;1,45;38,58
12060009;Arnara;Frosinone;1;2.192;14,36;;19,47;;3,89;9,25;0,68;39,52
12060012;Ausonia;Frosinone;1;2.409;8,31;;28,65;;;4,44;3,31;56,38
12060015;Broccostella;Frosinone;1;2.681;9,66;;15,73;;;;;24,63
12060017;Casalattico;Frosinone;1;534;38,27;;;;14,05;23,92;;57,14
12060018;Casalvieri;Frosinone;1;2.436;11,62;;41,00;;6,15;10,48;0,50;54,03
12060019;Cassino;Frosinone;1;35.092;9,10;;18,87;;6,30;1,45;6,73;39,50
12060020;Castelliri;Frosinone;1;3.183;14,49;;17,34;;3,79;4,04;0,35;32,77
12060021;Castelnuovo Parano;Frosinone;1;858;71,51;;2,65;;0,41;25,81;3,22;75,30
12060022;Castrocielo;Frosinone;1;3.776;12,29;;30,17;;7,97;5,33;0,91;47,55
12060024;Ceccano;Frosinone;1;22.320;10,35;;20,68;;2,64;2,13;2,11;35,52
12060025;Ceprano;Frosinone;1;8.116;8,70;;16,72;;3,17;1,94;4,29;33,53
12060026;Cervaro;Frosinone;1;7.780;6,69;;27,89;;0,39;;;31,62
12060027;Colfelice;Frosinone;1;1.780;7,91;;30,20;;;4,45;0,18;34,09
12060028;Collepardo;Frosinone;1;884;43,84;;16,30;;3,73;2,53;3,89;51,34
12060030;Coreno Ausonio;Frosinone;1;1.525;58,63;;13,83;;;7,71;3,79;44,45
12060031;Esperia;Frosinone;1;3.549;3,69;;34,40;;2,67;7,26;1,78;41,44
12060032;Falvaterra;Frosinone;1;514;74,24;;74,96;;;0,68;;75,39
12060033;Ferentino;Frosinone;1;20.048;15,43;;13,37;;2,81;11,39;5,07;45,77
12060034;Filettino;Frosinone;1;516;13,52;;71,12;;4,39;19,22;14,32;91,97
12060035;Fiuggi;Frosinone;1;10.082;9,32;;23,27;;5,35;2,83;2,81;43,08
12060036;Fontana Liri;Frosinone;1;2.693;18,21;;;;;;7,81;29,63
12060038;Frosinone;Frosinone;1;43.417;8,50;;11,82;;3,14;11,10;5,35;36,27
12060039;Fumone;Frosinone;1;1.965;40,55;;19,83;;4,07;3,25;0,77;40,82
12060041;Giuliano di Roma;Frosinone;1;2.317;49,98;;17,05;;;0,83;0,17;31,61
12060044;Monte San Giovanni Campano;Frosinone;1;12.009;8,62;;18,87;;1,14;1,87;1,07;31,74
12060045;Morolo;Frosinone;1;3.195;8,90;;38,38;;6,95;7,46;1,77;51,31
12060046;Paliano;Frosinone;1;7.901;10,70;;21,67;;9,15;4,67;6,39;48,15
12060048;Patrica;Frosinone;1;3.071;16,05;;21,05;;2,15;1,41;3,32;34,76
12060049;Pescosolido;Frosinone;1;1.424;10,33;;54,43;;2,46;6,12;2,29;51,67
12060051;Pico;Frosinone;1;2.634;5,29;;38,39;;;8,73;2,47;36,28
12060053;Piglio;Frosinone;1;4.375;17,58;;34,02;;7,68;3,27;8,25;56,82
12060054;Pignataro Interamna;Frosinone;1;2.425;8,80;;50,90;;3,12;8,13;11,54;64,37
12060055;Pofi;Frosinone;1;3.920;23,67;;20,03;;1,37;6,74;1,65;41,63
12060057;Posta Fibreno;Frosinone;1;1.021;17,74;;24,73;;;13,79;0,89;45,08
12060058;Ripi;Frosinone;1;5.006;4,77;;17,83;;3,48;6,34;0,24;37,90
12060060;Roccasecca;Frosinone;1;6.866;6,15;;18,48;;1,95;2,91;4,52;26,28
12060063;San Giorgio a Liri;Frosinone;1;3.005;6,29;;22,14;;6,35;0,70;0,50;35,78
12060064;San Giovanni Incarico;Frosinone;1;3.049;30,37;;9,39;;4,54;6,22;2,59;47,88
12060065;Sant'Ambrogio sul Garigliano;Frosinone;1;876;58,09;;20,66;;1,85;8,00;2,54;52,63
12060066;Sant'Andrea del Garigliano;Frosinone;1;1.292;94,46;;14,11;;0,92;3,50;2,03;43,78
12060067;Sant'Apollinare;Frosinone;1;1.814;12,93;;21,46;;3,82;4,55;2,71;43,35
12060068;Sant'Elia Fiumerapido;Frosinone;1;5.690;8,01;;26,45;;3,74;3,97;;39,86
12060069;Santopadre;Frosinone;1;1.186;11,79;;12,08;;1,01;7,62;2,02;34,83
12060071;Serrone;Frosinone;1;2.996;26,38;;22,81;;5,82;3,83;6,80;57,50
12060073;Sgurgola;Frosinone;1;2.370;13,81;;26,48;;7,46;4,96;2,76;55,30
12060075;Strangolagalli;Frosinone;1;2.306;27,35;;27,35;;0,33;7,39;0,68;46,15
12060076;Supino;Frosinone;1;4.602;7,01;;21,85;;1,82;5,91;7,72;39,64
12060078;Torre Cajetani;Frosinone;1;1.293;6,90;;47,93;;;7,28;1,73;44,52
12060079;Torrice;Frosinone;1;4.692;11,46;;22,60;;2,65;0,56;4,75;34,63
12060080;Trevi nel Lazio;Frosinone;1;1.718;43,55;;6,21;;4,31;5,99;18,44;82,50
12060081;Trivigliano;Frosinone;1;1.613;13,91;;31,78;;1,59;10,62;4,22;50,22
12060082;Vallecorsa;Frosinone;1;2.407;110,82;;21,13;;5,96;4,23;4,70;65,39
12060083;Vallemaio;Frosinone;1;892;28,14;;26,14;;2,89;10,78;3,57;53,72
12060084;Vallerotonda;Frosinone;1;1.396;3,32;;23,04;;;10,32;0,32;29,90
12060085;Veroli;Frosinone;1;19.602;11,33;;22,66;;3,37;2,91;5,21;39,88
12060087;Vico nel Lazio;Frosinone;1;2.058;33,44;;18,08;;2,96;5,71;0,58;41,77
12060090;Villa Santo Stefano;Frosinone;1;1.612;7,74;;8,37;;10,59;10,02;0,36;32,71
07010001;Arenzano;Genova;1;11.074;3,81;;27,17;;7,95;8,87;1,51;45,79
07010003;Bargagli;Genova;1;2.556;2,95;;19,47;;0,93;1,12;2,37;25,34
07010004;Bogliasco;Genova;1;4.418;11,03;;6,10;;13,62;4,58;0,52;34,81
07010005;Borzonasca;Genova;1;1.824;12,52;;10,18;;;2,72;6,88;28,14
07010006;Busalla;Genova;1;5.091;11,61;;12,18;;2,73;7,31;3,43;32,58
07010007;Camogli;Genova;1;4.977;19,28;;18,61;;6,41;3,09;0,27;39,74
07010008;Campo Ligure;Genova;1;2.777;6,64;;10,37;;1,42;4,66;0,84;26,22
07010009;Campomorone;Genova;1;6.476;10,92;;22,91;;3,12;3,42;2,81;38,55
07010010;Carasco;Genova;1;3.726;8,05;;10,33;;0,94;0,86;1,89;13,61
07010011;Casarza Ligure;Genova;1;6.687;4,92;;10,73;;1,12;3,16;2,83;23,34
07010012;Casella;Genova;1;3.098;8,63;;19,29;;1,80;2,70;4,13;33,11
07010013;Castiglione Chiavarese;Genova;1;1.586;10,35;;10,69;;;5,56;1,42;27,00
07010014;Ceranesi;Genova;1;3.591;22,12;;15,45;;;5,15;5,25;35,06
07010016;Cicagna;Genova;1;2.199;7,02;;11,13;;2,45;2,47;4,79;24,66
07010017;Cogoleto;Genova;1;8.453;26,09;;29,02;;10,84;8,40;0,88;55,92
07010018;Cogorno;Genova;1;5.673;9,72;;19,64;;1,56;2,99;4,30;32,88
07010020;Crocefieschi;Genova;1;518;8,82;;42,55;;4,26;8,91;0,35;54,09
07010021;Davagna;Genova;1;1.838;3,80;;13,03;;;7,27;8,10;41,41
07010022;Fascia;Genova;1;70;14,74;;15,16;;1,18;26,27;0,28;47,46
07010023;Favale di Malvaro;Genova;1;428;16,59;;28,11;;2,35;10,20;4,74;48,33
07010024;Fontanigorda;Genova;1;233;7,08;;15,57;;0,47;5,55;4,00;30,46
07010025;Genova;Genova;1;558.745;13,76;;21,39;;5,97;13,17;4,59;56,42
07010026;Gorreto;Genova;1;92;7,01;;32,34;;0,99;8,52;1,63;37,98
07010027;Isola del Cantone;Genova;1;1.385;7,47;;27,59;;3,08;11,37;0,71;43,43
07010028;Lavagna;Genova;1;12.296;6,52;;19,94;;10,38;7,73;5,51;46,70
07010029;Leivi;Genova;1;2.426;17,13;;14,14;;2,25;6,31;3,25;29,45
07010032;Masone;Genova;1;3.358;10,00;;7,77;;1,16;3,74;2,05;25,08
07010033;Mele;Genova;1;2.522;6,49;;12,43;;;5,67;4,43;31,31
07010034;Mezzanego;Genova;1;1.513;15,83;;13,36;;0,77;3,01;7,87;34,03
07010035;Mignanego;Genova;1;3.529;33,01;;15,22;;;6,62;9,90;43,32
07010036;Moconesi;Genova;1;2.428;14,05;;16,21;;2,10;6,14;3,75;35,45
07010037;Moneglia;Genova;1;2.528;11,09;;19,15;;6,32;4,66;4,37;41,60
07010038;Montebruno;Genova;1;200;9,58;;46,36;;0,65;13,39;3,56;55,49
07010039;Montoggio;Genova;1;1.998;7,17;;28,08;;;6,39;3,22;40,89
07010040;Ne;Genova;1;2.128;10,26;;13,76;;;4,79;1,74;36,54
07010041;Neirone;Genova;1;848;11,05;;24,43;;1,86;4,43;4,84;40,51
07010042;Orero;Genova;1;497;10,66;;13,93;;5,28;2,91;4,33;30,35
07010043;Pieve Ligure;Genova;1;2.402;42,37;;28,31;;4,41;8,81;1,43;53,62
07010044;Portofino;Genova;1;355;16,50;;25,08;;11,92;5,73;7,38;52,25
07010045;Propata;Genova;1;118;10,16;;13,36;;0,90;19,22;0,17;40,03
07010047;Recco;Genova;1;9.399;23,62;;22,58;;4,79;5,92;2,17;46,48
07010048;Rezzoaglio;Genova;1;862;7,59;;32,01;;;3,40;7,88;42,13
07010049;Ronco Scrivia;Genova;1;4.151;5,50;;32,31;;2,34;6,83;0,83;44,55
07010051;Rossiglione;Genova;1;2.523;10,60;;13,44;;3,11;5,50;;35,69
07010052;Rovegno;Genova;1;486;12,65;;50,08;;0,47;2,52;;44,44
07010053;San Colombano Certenoli;Genova;1;2.625;11,65;;20,75;;1,71;2,39;3,86;35,22
07010054;Santa Margherita Ligure;Genova;1;8.515;21,47;;15,92;;5,32;9,73;4,47;51,27
07010056;Santo Stefano d'Aveto;Genova;1;998;10,69;;22,54;;0,76;4,72;1,67;41,59
07010055;Sant'Olcese;Genova;1;5.567;11,01;;14,04;;0,63;4,52;;25,18
07010057;Savignone;Genova;1;3.015;4,25;;17,54;;2,46;10,04;8,85;45,27
07010058;Serra Ricco;Genova;1;7.533;17,58;;;;1,34;7,27;5,08;19,81
07010059;Sestri Levante;Genova;1;17.349;11,05;;16,99;;6,71;3,42;1,43;35,68
07010060;Sori;Genova;1;3.992;36,08;;19,66;;6,62;5,63;3,78;44,18
07010061;Tiglieto;Genova;1;473;4,18;;8,64;;;2,69;1,23;18,16
07010063;Tribogna;Genova;1;580;16,01;;18,47;;1,46;4,24;3,08;26,84
07010064;Uscio;Genova;1;2.119;11,58;;16,13;;2,98;5,32;3,12;31,80
07010065;Valbrevenna;Genova;1;742;3,57;;10,91;;;5,27;6,23;27,86
07010066;Vobbia;Genova;1;373;5,39;;16,83;;;13,71;1,02;43,10
07010067;Zoagli;Genova;1;2.317;18,81;;11,99;;7,03;3,01;3,12;33,94
06031001;Capriva del Friuli;Gorizia;1;1.639;14,48;;10,72;;0,19;2,85;2,44;28,26
06031002;Cormons;Gorizia;1;7.135;15,56;;9,71;;2,96;2,29;2,60;28,55
06031003;Doberdo del Lago;Gorizia;1;1.340;21,48;;11,51;;0,72;2,37;3,05;30,98
06031004;Dolegna del Collio;Gorizia;1;306;21,27;;15,93;;1,11;4,07;4,15;37,42
06031005;Farra d'Isonzo;Gorizia;1;1.678;22,80;;11,73;;;3,56;3,08;32,69
06031006;Fogliano Redipuglia;Gorizia;1;2.995;16,37;;10,17;;0,57;3,21;3,29;30,75
06031007;Gorizia;Gorizia;1;33.506;14,39;;15,79;;5,44;2,77;3,26;37,78
06031008;Gradisca d'Isonzo;Gorizia;1;6.430;16,81;;11,38;;2,60;2,84;3,20;32,66
06031009;Grado;Gorizia;1;7.658;8,31;;19,33;;6,39;3,01;4,73;39,77
06031010;Mariano del Friuli;Gorizia;1;1.450;18,46;;10,07;;;2,37;2,85;28,09
06031011;Medea;Gorizia;1;948;21,76;;10,83;;1,06;3,62;3,59;34,86
06031012;Monfalcone;Gorizia;1;29.479;13,93;;14,67;;4,28;0,72;2,47;33,30
06031013;Moraro;Gorizia;1;702;23,00;;10,63;;1,60;3,06;3,85;34,19
06031014;Mossa;Gorizia;1;1.526;20,80;;11,31;;0,15;3,38;3,32;31,76
06031015;Romans d'Isonzo;Gorizia;1;3.622;24,72;;12,91;;3,49;3,09;5,21;38,52
06031016;Ronchi dei Legionari;Gorizia;1;11.780;16,56;;11,53;;2,47;1,74;3,57;31,03
06031017;Sagrado;Gorizia;1;2.166;20,19;;13,09;;0,26;3,18;3,22;32,73
06031018;San Canzian d'Isonzo;Gorizia;1;6.013;17,98;;10,06;;2,23;8,53;3,99;37,44
06031019;San Floriano del Collio;Gorizia;1;729;21,77;;13,59;;2,00;4,02;2,85;34,97
06031020;San Lorenzo Isontino;Gorizia;1;1.514;18,47;;10,76;;1,29;2,76;3,15;31,04
06031021;San Pier d'Isonzo;Gorizia;1;1.969;19,61;;10,13;;0,57;2,02;2,73;30,06
06031022;Savogna d'Isonzo;Gorizia;1;1.694;17,86;;10,97;;0,71;2,77;2,91;28,70
06031023;Staranzano;Gorizia;1;7.136;16,95;;11,50;;1,92;1,33;3,00;32,97
06031024;Turriaco;Gorizia;1;2.754;22,91;;15,66;;0,03;3,51;3,23;35,70
06031025;Villesse;Gorizia;1;1.615;11,86;;10,75;;0,05;1,26;1,57;23,99
09053001;Arcidosso;Grosseto;1;4.165;45,18;;19,01;;9,54;5,71;10,26;58,28
09053002;Campagnatico;Grosseto;1;2.345;18,85;;21,29;;9,49;7,46;3,96;51,91
09053003;Capalbio;Grosseto;1;3.838;14,05;;14,21;;4,11;4,77;3,48;44,95
09053004;Castel del Piano;Grosseto;1;4.733;19,44;;13,74;;4,20;3,39;5,43;39,44
09053005;Castell'Azzara;Grosseto;1;1.307;14,88;;36,21;;6,40;9,05;2,22;58,58
09053006;Castiglione della Pescaia;Grosseto;1;7.121;12,46;;14,29;;6,38;2,79;2,02;38,66
09053007;Cinigiano;Grosseto;1;2.384;19,61;;24,07;;8,38;6,84;5,85;54,73
09053008;Civitella Paganico;Grosseto;1;2.900;16,54;;32,01;;5,81;7,01;4,03;55,21
09053009;Follonica;Grosseto;1;20.399;13,16;;22,15;;6,89;3,83;4,98;46,80
09053011;Grosseto;Grosseto;1;81.321;10,90;;11,89;;5,18;2,56;2,57;34,82
09053012;Isola del Giglio;Grosseto;1;1.330;8,83;;33,68;;7,89;4,93;2,11;48,60
09053013;Magliano in Toscana;Grosseto;1;3.286;42,51;;40,72;;7,59;9,19;4,55;73,53
09053015;Massa Marittima;Grosseto;1;8.139;16,82;;19,52;;7,61;5,41;1,22;47,55
09053027;Monterotondo Marittimo;Grosseto;1;1.283;34,59;;34,16;;7,41;5,13;1,93;58,22
09053017;Montieri;Grosseto;1;1.194;15,86;;30,14;;4,72;3,45;1,67;44,29
09053020;Roccalbegna;Grosseto;1;918;23,52;;24,05;;8,38;7,21;4,85;55,52
09053021;Roccastrada;Grosseto;1;8.747;12,40;;24,66;;4,09;5,76;4,59;46,42
09053022;Santa Fiora;Grosseto;1;2.490;18,05;;12,43;;6,51;4,00;3,97;42,94
09053023;Scansano;Grosseto;1;4.310;16,91;;39,28;;8,20;5,14;2,33;56,19
09053024;Scarlino;Grosseto;1;3.746;11,57;;20,20;;4,40;4,30;8,60;48,74
09053025;Seggiano;Grosseto;1;970;16,37;;10,30;;3,49;4,72;4,51;44,24
09053028;Semproniano;Grosseto;1;962;23,39;;25,70;;10,78;12,48;4,82;62,62
09053026;Sorano;Grosseto;1;3.038;14,53;;31,43;;3,29;5,59;4,26;45,95
07008003;Aquila d'Arroscia;Imperia;1;142;24,63;;21,67;;1,85;14,57;1,89;44,23
07008004;Armo;Imperia;1;117;13,67;;21,69;;8,71;6,00;1,71;40,08
07008006;Badalucco;Imperia;1;1.072;6,74;;34,33;;3,21;8,05;0,28;30,30
07008007;Bajardo;Imperia;1;382;;;;;11,34;15,77;;43,40
07008009;Borghetto d'Arroscia;Imperia;1;400;17,36;;42,73;;;10,96;14,19;62,82
07008010;Borgomaro;Imperia;1;815;15,16;;31,88;;7,34;10,50;2,10;54,75
07008012;Caravonica;Imperia;1;254;24,25;;29,71;;16,95;13,69;3,23;67,42
07008014;Castellaro;Imperia;1;1.286;15,17;;19,10;;4,95;8,08;0,37;40,30
07008017;Cervo;Imperia;1;1.086;7,99;;39,57;;9,09;8,93;2,78;66,04
07008020;Chiusavecchia;Imperia;1;513;13,30;;34,68;;3,54;15,46;3,60;59,88
07008021;Cipressa;Imperia;1;1.201;27,04;;32,77;;6,05;27,24;2,57;80,01
07008022;Civezza;Imperia;1;620;49,29;;29,86;;7,33;18,38;0,63;69,17
07008023;Cosio d'Arroscia;Imperia;1;171;7,82;;20,98;;6,46;23,31;1,45;54,50
07008026;Diano Castello;Imperia;1;2.252;6,02;;34,22;;7,34;12,60;4,55;60,58
07008027;Diano Marina;Imperia;1;5.542;4,45;;47,96;;7,72;6,55;12,35;62,75
07008028;Diano San Pietro;Imperia;1;1.081;5,92;;32,79;;7,22;4,25;0,18;50,77
07008031;Imperia;Imperia;1;42.060;9,85;;37,99;;9,30;5,67;15,85;66,25
07008033;Lucinasco;Imperia;1;295;23,44;;28,43;;;14,21;2,93;48,57
07008035;Molini di Triora;Imperia;1;613;30,12;;32,17;;;5,13;13,39;56,56
07008068;Montalto Carpasio;Imperia;1;510;23,81;;20,61;;11,90;20,03;1,25;63,94
07008037;Montegrosso Pian Latte;Imperia;1;112;29,24;;44,61;;4,92;11,72;2,95;65,70
07008041;Pietrabruna;Imperia;1;456;;;;;0,04;5,78;;22,27
07008042;Pieve di Teco;Imperia;1;1.300;8,02;;22,68;;4,43;11,43;5,13;45,66
07008045;Pontedassio;Imperia;1;2.356;9,01;;21,39;;1,64;2,14;4,30;34,88
07008047;Prela;Imperia;1;471;51,73;;50,27;;8,57;11,87;4,15;80,59
07008048;Ranzo;Imperia;1;562;19,29;;26,95;;0,92;4,38;3,02;38,14
07008049;Rezzo;Imperia;1;313;31,58;;30,72;;6,95;12,11;2,45;56,59
07008050;Riva Ligure;Imperia;1;2.805;14,25;;21,78;;9,53;11,17;4,72;50,50
07008052;San Bartolomeo al Mare;Imperia;1;2.950;5,66;;40,96;;8,03;7,02;5,12;61,50
07008054;San Lorenzo al Mare;Imperia;1;1.211;30,93;;31,74;;9,19;14,24;7,82;72,01
07008055;Sanremo;Imperia;1;52.787;16,18;;24,82;;9,12;11,95;6,26;59,00
07008056;Santo Stefano al Mare;Imperia;1;2.008;24,62;;23,95;;5,15;11,06;0,50;52,65
07008059;Taggia;Imperia;1;13.760;12,00;;18,23;;7,34;5,45;9,07;46,86
07008060;Terzorio;Imperia;1;230;3,24;;6,94;;11,42;20,71;0,59;46,26
07008061;Triora;Imperia;1;373;19,79;;20,79;;12,49;15,66;2,16;50,74
07008064;Vasia;Imperia;1;371;;;;;8,04;3,85;0,22;34,83
07008066;Vessalico;Imperia;1;255;24,92;;33,99;;2,78;8,38;3,71;57,20
07008067;Villa Faraldi;Imperia;1;446;12,26;;39,07;;10,34;14,09;5,88;73,81
14094003;Bagnoli del Trigno;Isernia;1;637;5,44;;37,45;;5,09;8,65;3,12;36,38
14094006;Capracotta;Isernia;1;799;24,50;;31,34;;6,73;11,98;1,99;55,35
14094007;Carovilli;Isernia;1;1.243;12,36;;38,45;;1,12;6,79;1,08;34,20
14094008;Carpinone;Isernia;1;1.036;10,54;;17,28;;10,19;5,75;3,63;40,87
14094012;Castel San Vincenzo;Isernia;1;440;25,56;;20,47;;;19,25;7,27;59,29
14094011;Castelpizzuto;Isernia;1;131;23,93;;;;;19,12;29,24;84,64
14094013;Castelverrino;Isernia;1;98;35,23;;145,07;;27,65;20,04;;147,08
14094014;Cerro al Volturno;Isernia;1;1.145;5,49;;30,35;;3,71;8,50;;30,93
14094015;Chiauci;Isernia;1;198;78,90;;5,56;;;23,95;7,27;62,34
14094016;Civitanova del Sannio;Isernia;1;879;9,84;;36,73;;0,65;4,22;1,10;35,40
14094019;Filignano;Isernia;1;574;6,13;;25,41;;;5,43;4,16;31,19
14094020;Forli del Sannio;Isernia;1;620;7,73;;27,88;;5,26;5,93;8,37;42,28
14094021;Fornelli;Isernia;1;1.804;;;24,35;;10,31;5,52;0,40;33,85
14094023;Isernia;Isernia;1;20.617;8,19;;12,91;;4,05;3,80;0,92;25,11
14094026;Macchiagodena;Isernia;1;1.648;10,51;;27,69;;2,85;4,74;1,86;30,74
14094027;Miranda;Isernia;1;952;10,24;;10,65;;10,97;12,76;1,85;41,81
14094028;Montaquila;Isernia;1;2.280;5,25;;15,68;;0,51;5,22;4,22;28,14
14094032;Pescolanciano;Isernia;1;788;9,68;;32,44;;3,98;4,54;1,89;39,78
14094033;Pescopennataro;Isernia;1;239;10,93;;33,60;;2,71;5,23;1,55;41,32
14094035;Pietrabbondante;Isernia;1;606;18,28;;11,55;;8,33;8,54;6,32;40,89
14094038;Pozzilli;Isernia;1;2.190;4,18;;19,00;;0,25;2,54;1,48;17,86
14094041;Roccasicura;Isernia;1;485;42,93;;7,40;;7,89;10,97;7,62;52,33
14094042;Rocchetta a Volturno;Isernia;1;1.092;19,62;;11,99;;14,37;11,64;3,38;45,63
14094046;Sant'Angelo del Pesco;Isernia;1;326;16,25;;47,17;;4,43;19,72;3,61;73,63
14094047;Sant'Elena Sannita;Isernia;1;292;5,06;;;;20,65;94,86;1,08;118,25
14094048;Scapoli;Isernia;1;586;7,87;;37,12;;3,94;8,24;0,50;33,52
14094049;Sessano del Molise;Isernia;1;666;7,04;;24,58;;1,84;3,19;11,24;34,04
14094050;Sesto Campano;Isernia;1;2.148;7,06;;13,79;;4,93;3,49;5,10;30,97
14094051;Vastogirardi;Isernia;1;627;10,30;;44,46;;;9,08;3,73;46,28
14094052;Venafro;Isernia;1;10.852;11,58;;19,58;;4,14;7,79;0,63;42,07
07011001;Ameglia;La Spezia;1;4.293;19,97;;22,89;;9,57;12,39;10,23;63,08
07011002;Arcola;La Spezia;1;10.147;20,67;;21,28;;2,93;6,37;7,10;48,25
07011003;Beverino;La Spezia;1;2.263;32,21;;44,63;;;7,09;4,09;62,60
07011004;Bolano;La Spezia;1;7.433;13,45;;24,71;;;5,12;2,15;39,71
07011005;Bonassola;La Spezia;1;794;17,82;;42,23;;13,84;8,06;8,40;73,02
07011007;Brugnato;La Spezia;1;1.283;10,84;;25,62;;0,24;5,58;7,08;42,88
07011009;Carro;La Spezia;1;485;21,62;;56,71;;;12,87;2,77;67,14
07011011;Castelnuovo Magra;La Spezia;1;8.262;14,39;;20,62;;0,36;5,72;3,46;37,95
07011012;Deiva Marina;La Spezia;1;1.268;33,73;;25,37;;1,59;4,99;4,22;51,04
07011013;Follo;La Spezia;1;6.087;10,75;;15,34;;5,06;5,06;4,48;36,65
07011014;Framura;La Spezia;1;577;56,06;;31,60;;1,49;11,25;3,30;61,11
07011015;La Spezia;La Spezia;1;92.119;21,50;;16,72;;8,55;7,90;4,03;48,84
07011017;Levanto;La Spezia;1;5.140;12,40;;18,00;;12,14;4,08;3,30;44,36
07011020;Luni;La Spezia;1;8.120;28,26;;21,13;;0,64;5,50;5,55;42,89
07011018;Maissana;La Spezia;1;576;43,07;;13,26;;;18,31;2,64;54,20
07011019;Monterosso al Mare;La Spezia;1;1.350;109,60;;36,26;;1,57;8,87;1,93;71,68
07011021;Pignone;La Spezia;1;514;22,96;;;;13,29;19,01;8,41;50,69
07011024;Riomaggiore;La Spezia;1;1.326;11,47;;30,47;;20,02;7,73;3,90;77,58
07011025;Rocchetta di Vara;La Spezia;1;663;89,09;;26,58;;3,83;12,53;1,19;72,39
07011028;Sesta Godano;La Spezia;1;1.275;20,13;;31,67;;4,79;9,04;6,55;57,58
07011030;Vernazza;La Spezia;1;729;11,96;;23,94;;7,68;4,26;8,27;59,01
07011031;Vezzano Ligure;La Spezia;1;7.131;18,29;;22,53;;5,19;7,35;9,78;56,32
13066002;Aielli;L'Aquila;1;1.395;14,93;;13,03;;;6,30;1,12;28,64
13066003;Alfedena;L'Aquila;1;944;21,43;;19,44;;5,29;5,30;3,67;47,77
13066005;Ateleta;L'Aquila;1;1.103;20,56;;35,51;;3,26;14,71;8,19;64,72
13066006;Avezzano;L'Aquila;1;40.661;12,96;;18,01;;3,80;6,03;0,68;35,37
13066007;Balsorano;L'Aquila;1;3.265;11,13;;22,36;;;8,45;4,38;41,22
13066010;Barrea;L'Aquila;1;710;18,72;;42,15;;9,42;19,70;10,88;90,97
13066013;Cagnano Amiterno;L'Aquila;1;1.125;1,82;;39,80;;;7,65;5,13;42,24
13066016;Campotosto;L'Aquila;1;458;50,21;;2,30;;1,95;2,93;2,04;51,71
13066021;Capitignano;L'Aquila;1;621;21,56;;22,10;;4,15;15,37;3,49;56,81
13066023;Cappadocia;L'Aquila;1;575;42,66;;61,81;;;15,17;1,89;75,12
13066025;Carsoli;L'Aquila;1;5.007;19,34;;18,09;;;10,01;0,88;37,18
13066032;Celano;L'Aquila;1;10.186;11,99;;25,34;;7,15;3,77;1,79;40,84
13066036;Civitella Roveto;L'Aquila;1;3.016;10,71;;18,90;;;4,98;1,44;31,39
13066039;Collelongo;L'Aquila;1;1.108;9,17;;19,84;;1,33;7,07;4,10;33,38
13066046;Gioia dei Marsi;L'Aquila;1;1.680;40,06;;24,25;;0,65;10,10;1,52;47,99
13066049;L'Aquila;L'Aquila;1;69.558;15,72;;22,28;;1,61;9,05;1,11;39,42
13066052;Lucoli;L'Aquila;1;839;17,73;;47,97;;;9,99;4,63;65,08
13066053;Magliano de' Marsi;L'Aquila;1;3.513;23,82;;18,91;;0,78;1,83;2,74;33,01
13066054;Massa d'Albe;L'Aquila;1;1.345;21,01;;21,75;;;10,79;1,59;41,11
13066056;Montereale;L'Aquila;1;2.197;22,88;;10,87;;;6,46;2,15;40,92
13066057;Morino;L'Aquila;1;1.303;11,04;;21,43;;;8,56;4,04;40,35
13066062;Oricola;L'Aquila;1;1.250;12,05;;19,13;;1,52;9,67;1,34;36,21
13066063;Ortona dei Marsi;L'Aquila;1;408;42,15;;48,49;;;26,15;7,38;91,12
13066065;Ovindoli;L'Aquila;1;1.167;8,65;;22,68;;1,52;1,51;2,04;31,65
13066067;Pereto;L'Aquila;1;639;14,72;;28,24;;4,32;14,06;2,93;52,30
13066068;Pescasseroli;L'Aquila;1;2.068;4,09;;24,03;;4,94;13,94;3,75;50,10
13066069;Pescina;L'Aquila;1;3.724;8,84;;19,55;;5,22;4,61;6,28;42,04
13066070;Pescocostanzo;L'Aquila;1;1.081;16,64;;16,12;;8,05;15,32;0,62;55,03
13066072;Pizzoli;L'Aquila;1;4.270;2,40;;14,96;;;21,25;3,21;42,48
13066075;Pratola Peligna;L'Aquila;1;7.039;21,40;;19,11;;6,64;2,59;1,66;40,67
13066078;Rivisondoli;L'Aquila;1;676;13,60;;33,56;;13,89;4,72;4,81;55,18
13066080;Rocca di Botte;L'Aquila;1;866;25,10;;23,23;;;12,47;2,43;46,25
13066082;Rocca di Mezzo;L'Aquila;1;1.355;11,24;;27,14;;11,08;5,60;6,37;55,35
13066084;Roccaraso;L'Aquila;1;1.486;3,73;;20,21;;4,73;5,15;8,22;42,31
13066085;San Benedetto dei Marsi;L'Aquila;1;3.703;13,76;;10,91;;;1,04;1,14;14,08
13066088;San Pio delle Camere;L'Aquila;1;656;22,62;;12,90;;2,70;11,01;3,68;39,05
13066092;San Vincenzo Valle Roveto;L'Aquila;1;2.087;9,80;;22,80;;4,18;8,20;1,67;41,37
13066095;Scoppito;L'Aquila;1;3.740;17,42;;32,70;;;13,10;7,34;54,95
13066099;Tagliacozzo;L'Aquila;1;6.436;6,84;;19,60;;4,02;6,63;0,75;35,31
13066102;Trasacco;L'Aquila;1;5.808;10,44;;18,92;;;;;20,53
13066106;Villavallelonga;L'Aquila;1;830;9,99;;28,87;;1,82;7,87;4,41;42,26
13066107;Villetta Barrea;L'Aquila;1;602;6,03;;13,14;;4,01;7,79;5,82;39,86
12059001;Aprilia;Latina;1;74.126;12,77;;21,60;;3,46;5,08;2,74;40,30
12059002;Bassiano;Latina;1;1.440;22,77;;28,46;;10,13;2,73;1,16;53,54
12059003;Campodimele;Latina;1;560;23,49;;19,53;;0,28;3,54;2,87;47,76
12059005;Cisterna di Latina;Latina;1;36.159;29,20;;16,38;;0,66;5,97;8,29;41,75
12059006;Cori;Latina;1;10.366;13,87;;20,71;;8,70;1,02;;45,57
12059007;Fondi;Latina;1;39.550;13,13;;12,75;;2,09;2,47;2,90;37,11
12059008;Formia;Latina;1;37.136;6,19;;14,66;;4,50;4,54;3,68;37,24
12059009;Gaeta;Latina;1;19.423;15,81;;25,61;;4,80;10,24;10,27;57,34
12059010;Itri;Latina;1;10.357;10,96;;15,44;;6,19;3,60;7,51;40,02
12059011;Latina;Latina;1;127.564;9,19;;11,92;;4,83;5,42;5,34;40,37
12059012;Lenola;Latina;1;4.055;16,85;;20,29;;0,22;1,21;4,36;34,74
12059013;Maenza;Latina;1;2.952;17,27;;23,62;;4,23;1,26;0,29;38,93
12059014;Minturno;Latina;1;20.268;17,91;;11,52;;3,60;3,94;7,08;50,10
12059017;Pontinia;Latina;1;15.046;8,97;;7,58;;8,45;2,35;2,76;30,15
12059018;Ponza;Latina;1;3.289;11,36;;54,39;;6,64;0,61;3,61;38,98
12059019;Priverno;Latina;1;13.735;11,60;;20,03;;2,82;1,06;9,02;40,47
12059020;Prossedi;Latina;1;1.137;62,93;;16,19;;1,98;2,56;0,26;33,91
12059022;Rocca Massima;Latina;1;1.064;29,81;;;;6,71;25,70;10,08;60,83
12059021;Roccagorga;Latina;1;4.169;15,21;;64,16;;5,78;6,14;1,77;71,39
12059024;Sabaudia;Latina;1;19.434;10,26;;14,59;;5,31;5,23;1,42;34,90
12059025;San Felice Circeo;Latina;1;10.137;10,66;;13,79;;3,25;3,77;2,16;33,32
12059026;Santi Cosma e Damiano;Latina;1;6.885;13,65;;15,67;;0,09;3,37;5,15;34,56
12059027;Sermoneta;Latina;1;10.037;9,94;;15,44;;2,00;1,50;2,59;28,86
12059028;Sezze;Latina;1;23.697;19,99;;34,53;;;2,44;0,26;38,55
12059029;Sonnino;Latina;1;7.352;13,12;;26,27;;0,81;8,40;2,50;37,41
12059030;Sperlonga;Latina;1;3.050;4,64;;26,49;;7,22;0,24;0,29;40,09
12059031;Spigno Saturnia;Latina;1;2.852;19,00;;18,40;;5,02;2,35;5,32;38,07
12059032;Terracina;Latina;1;44.720;11,51;;21,24;;4,07;2,98;1,62;37,67
12059033;Ventotene;Latina;1;704;21,38;;20,04;;8,02;4,66;0,33;45,10
16075002;Alessano;Lecce;1;6.009;12,96;;25,04;;5,23;4,94;5,55;48,07
16075003;Alezio;Lecce;1;5.620;18,66;;21,82;;5,18;1,94;1,02;39,06
16075004;Alliste;Lecce;1;6.418;12,19;;23,72;;5,70;5,52;1,19;47,02
16075006;Aradeo;Lecce;1;8.847;8,72;;20,92;;5,44;4,53;0,39;39,13
16075007;Arnesano;Lecce;1;3.926;12,86;;27,19;;7,97;7,23;11,30;60,66
16075008;Bagnolo del Salento;Lecce;1;1.756;14,74;;19,75;;1,85;5,42;7,06;37,80
16075009;Botrugno;Lecce;1;2.627;4,91;;46,10;;2,12;8,22;2,99;43,91
16075010;Calimera;Lecce;1;6.697;18,79;;13,30;;5,71;7,83;1,15;39,31
16075011;Campi Salentina;Lecce;1;9.777;7,04;;17,64;;4,46;10,02;0,53;46,42
16075014;Carmiano;Lecce;1;11.655;10,74;;25,60;;6,19;1,98;0,38;41,34
16075015;Carpignano Salentino;Lecce;1;3.637;8,24;;21,37;;3,34;4,68;8,07;41,57
16075016;Casarano;Lecce;1;19.220;13,01;;29,46;;5,68;5,51;5,93;54,45
16075018;Castrignano de' Greci;Lecce;1;3.667;13,33;;35,63;;7,60;3,40;2,50;52,00
16075019;Castrignano del Capo;Lecce;1;5.125;9,65;;29,21;;6,89;3,75;9,28;49,71
16075096;Castro;Lecce;1;2.391;6,28;;30,17;;2,76;2,34;7,95;38,66
16075020;Cavallino;Lecce;1;12.931;12,71;;15,04;;2,55;6,53;7,86;40,63
16075021;Collepasso;Lecce;1;5.607;9,07;;22,30;;6,98;5,16;5,32;48,72
16075022;Copertino;Lecce;1;23.033;11,52;;20,47;;10,44;3,01;0,41;41,80
16075023;Corigliano d'Otranto;Lecce;1;5.653;9,25;;12,88;;4,57;2,27;3,52;31,96
16075024;Corsano;Lecce;1;5.138;9,71;;15,99;;4,84;3,92;4,06;34,18
16075025;Cursi;Lecce;1;3.873;5,57;;58,50;;2,84;5,28;5,95;44,40
16075027;Diso;Lecce;1;2.833;4,98;;30,86;;3,08;4,86;3,52;39,61
16075028;Gagliano del Capo;Lecce;1;4.843;8,16;;18,13;;4,67;4,15;5,98;38,84
16075029;Galatina;Lecce;1;25.660;12,85;;20,33;;7,81;1,87;6,78;45,68
16075030;Galatone;Lecce;1;14.966;6,34;;18,39;;6,28;4,60;4,36;37,30
16075031;Gallipoli;Lecce;1;19.353;9,10;;22,11;;9,43;5,18;10,42;52,87
16075035;Lecce;Lecce;1;94.517;12,06;;12,97;;7,19;10,00;9,97;54,61
16075036;Lequile;Lecce;1;8.650;13,35;;16,70;;6,71;2,29;0,98;34,35
16075037;Leverano;Lecce;1;13.487;15,57;;23,03;;4,47;5,18;0,50;41,26
16075038;Lizzanello;Lecce;1;11.732;11,07;;31,45;;2,04;6,86;12,33;54,35
16075042;Matino;Lecce;1;10.926;7,74;;16,46;;4,61;6,92;3,66;39,19
16075043;Melendugno;Lecce;1;10.045;15,97;;24,78;;2,86;7,52;3,70;46,62
16075044;Melissano;Lecce;1;6.649;14,78;;21,88;;7,88;6,84;2,70;48,07
16075045;Melpignano;Lecce;1;2.111;13,69;;23,57;;8,93;6,14;10,68;53,43
16075046;Miggiano;Lecce;1;3.267;26,57;;19,82;;10,38;7,05;2,62;52,78
16075048;Monteroni di Lecce;Lecce;1;13.328;8,89;;22,23;;4,11;6,86;0,45;41,74
16075049;Montesano Salentino;Lecce;1;2.595;18,24;;8,01;;4,39;12,90;3,78;43,31
16075052;Nardo;Lecce;1;30.747;9,30;;22,96;;6,04;3,25;7,75;48,13
16075056;Ortelle;Lecce;1;2.194;12,68;;29,11;;3,18;14,16;;48,07
16075059;Parabita;Lecce;1;8.712;10,42;;20,80;;5,85;8,56;3,83;48,92
16075060;Patu;Lecce;1;1.628;13,58;;32,02;;7,92;3,82;2,96;61,19
16075061;Poggiardo;Lecce;1;5.831;7,31;;41,97;;2,81;5,44;5,77;44,46
16075098;Presicce-Acquarica;Lecce;1;9.237;15,08;;18,92;;4,71;4,95;2,23;41,60
16075063;Racale;Lecce;1;10.738;9,83;;20,11;;4,53;3,85;1,10;37,28
16075064;Ruffano;Lecce;1;9.332;27,80;;9,95;;3,96;1,11;2,22;30,60
16075066;Salve;Lecce;1;4.571;9,08;;10,71;;6,66;1,93;7,36;36,90
16075095;San Cassiano;Lecce;1;1.959;4,17;;32,20;;1,71;3,04;1,24;31,94
16075068;San Cesario di Lecce;Lecce;1;7.883;14,33;;12,86;;1,24;10,09;7,31;41,00
16075069;San Donato di Lecce;Lecce;1;5.426;12,56;;13,06;;4,81;12,58;5,59;46,79
16075071;San Pietro in Lama;Lecce;1;3.388;11,73;;16,99;;4,66;8,91;1,20;42,03
16075070;Sannicola;Lecce;1;5.591;10,12;;29,05;;6,64;4,33;2,32;46,46
16075074;Secli;Lecce;1;1.820;15,66;;19,04;;4,65;5,86;4,27;44,38
16075075;Sogliano Cavour;Lecce;1;3.868;8,39;;35,19;;;4,22;6,18;48,22
16075076;Soleto;Lecce;1;5.174;12,20;;25,99;;1,80;4,85;6,33;40,21
16075077;Specchia;Lecce;1;4.569;13,38;;17,45;;5,55;6,46;10,01;46,16
16075078;Spongano;Lecce;1;3.468;7,30;;38,49;;2,87;5,19;4,34;44,04
16075079;Squinzano;Lecce;1;13.312;4,19;;12,69;;2,97;9,27;7,18;44,00
16075083;Surbo;Lecce;1;14.620;5,15;;12,02;;1,67;7,96;3,21;34,29
16075084;Taurisano;Lecce;1;11.283;7,05;;19,67;;3,19;2,30;1,21;34,40
16075085;Taviano;Lecce;1;11.499;7,95;;22,97;;5,26;2,53;1,59;36,74
16075086;Tiggiano;Lecce;1;2.755;10,38;;18,77;;6,55;6,93;2,83;38,24
16075088;Tricase;Lecce;1;17.076;11,66;;20,31;;4,03;2,91;7,44;41,55
03097001;Abbadia Lariana;Lecco;1;3.203;7,05;;6,04;;1,68;1,68;2,46;19,23
03097002;Airuno;Lecco;1;2.835;12,39;;6,90;;1,73;4,91;3,51;25,84
03097003;Annone di Brianza;Lecco;1;2.281;4,11;;7,88;;2,89;4,27;3,22;24,76
03097004;Ballabio;Lecco;1;4.144;5,90;;7,05;;3,47;3,96;4,59;27,29
03097005;Barzago;Lecco;1;2.368;9,47;;7,44;;3,52;4,70;3,15;28,13
03097006;Barzano;Lecco;1;4.994;11,91;;7,12;;0,59;3,39;3,50;22,78
03097007;Barzio;Lecco;1;1.254;4,87;;11,83;;6,42;5,00;5,60;37,13
03097009;Bosisio Parini;Lecco;1;3.285;7,22;;7,15;;1,01;2,42;3,76;22,93
03097010;Brivio;Lecco;1;4.404;7,63;;8,42;;4,91;4,79;4,73;29,56
03097011;Bulciago;Lecco;1;2.911;9,52;;6,11;;3,92;4,99;4,38;28,21
03097012;Calco;Lecco;1;5.396;8,34;;7,28;;0,61;5,35;4,43;28,06
03097013;Calolziocorte;Lecco;1;13.514;10,85;;7,99;;4,07;2,59;6,24;29,98
03097014;Carenno;Lecco;1;1.381;21,37;;13,79;;0,64;5,24;5,46;35,33
03097015;Casargo;Lecco;1;826;4,86;;5,44;;3,47;3,79;3,79;26,18
03097016;Casatenovo;Lecco;1;13.233;12,15;;7,52;;1,35;3,64;3,72;24,32
03097017;Cassago Brianza;Lecco;1;4.390;9,65;;5,58;;2,07;2,57;2,66;21,83
03097018;Cassina Valsassina;Lecco;1;535;3,71;;10,08;;13,03;8,12;2,74;40,30
03097020;Cernusco Lombardone;Lecco;1;3.776;12,06;;5,58;;1,37;2,98;2,54;20,82
03097021;Cesana Brianza;Lecco;1;2.364;5,77;;7,65;;1,79;2,16;2,50;21,48
03097022;Civate;Lecco;1;3.685;4,08;;6,98;;0,86;2,32;3,47;19,10
03097023;Colico;Lecco;1;8.074;7,30;;8,37;;1,43;2,58;2,45;22,22
03097024;Colle Brianza;Lecco;1;1.766;12,09;;7,25;;2,03;4,17;2,82;24,59
03097025;Cortenova;Lecco;1;1.143;13,80;;8,46;;0,97;3,96;2,89;25,14
03097026;Costa Masnaga;Lecco;1;4.752;5,16;;8,39;;0,48;6,84;5,45;28,62
03097027;Crandola Valsassina;Lecco;1;267;7,98;;7,61;;;8,99;3,80;31,26
03097028;Cremella;Lecco;1;1.680;13,21;;8,83;;3,23;4,15;10,99;35,56
03097029;Cremeno;Lecco;1;1.684;8,10;;12,01;;8,91;3,04;3,92;35,51
03097030;Dervio;Lecco;1;2.600;;;7,90;;0,47;1,81;2,05;18,49
03097031;Dolzago;Lecco;1;2.545;8,59;;8,42;;3,38;5,42;3,20;28,92
03097032;Dorio;Lecco;1;321;8,78;;11,14;;1,67;6,78;0,45;26,97
03097033;Ello;Lecco;1;1.191;14,50;;7,58;;4,58;4,73;2,18;25,66
03097034;Erve;Lecco;1;674;25,88;;17,58;;0,37;7,70;6,61;41,74
03097036;Galbiate;Lecco;1;8.422;8,14;;8,27;;2,63;2,86;3,54;25,30
03097037;Garbagnate Monastero;Lecco;1;2.532;4,92;;7,28;;1,60;6,22;5,01;27,54
03097038;Garlate;Lecco;1;2.646;4,23;;8,35;;2,78;3,01;3,02;23,42
03097039;Imbersago;Lecco;1;2.483;4,06;;7,23;;2,20;3,62;3,25;22,70
03097040;Introbio;Lecco;1;1.918;8,15;;7,44;;2,43;4,26;3,16;25,78
03097092;La Valletta Brianza;Lecco;1;4.647;10,01;;8,10;;2,55;5,81;5,38;30,12
03097042;Lecco;Lecco;1;46.871;8,06;;12,56;;9,62;2,92;5,46;38,50
03097043;Lierna;Lecco;1;2.149;9,71;;7,67;;0,52;1,41;2,00;18,49
03097044;Lomagna;Lecco;1;4.964;11,40;;7,69;;2,55;5,18;4,09;28,35
03097045;Malgrate;Lecco;1;4.204;4,78;;6,59;;3,39;3,60;5,84;25,89
03097046;Mandello del Lario;Lecco;1;9.911;5,86;;8,85;;3,39;3,37;3,65;26,86
03097047;Margno;Lecco;1;389;8,21;;6,39;;4,70;7,19;3,12;32,32
03097048;Merate;Lecco;1;14.796;6,64;;8,38;;2,57;2,32;2,89;24,32
03097049;Missaglia;Lecco;1;8.824;7,85;;7,46;;1,01;2,95;3,55;23,76
03097050;Moggio;Lecco;1;487;4,17;;11,31;;12,63;0,60;2,88;33,89
03097051;Molteno;Lecco;1;3.525;4,00;;5,88;;0,94;2,89;7,04;24,55
03097052;Monte Marenzo;Lecco;1;1.834;19,27;;8,89;;0,78;4,00;3,64;26,27
03097053;Montevecchia;Lecco;1;2.681;15,87;;8,62;;2,04;7,72;7,66;35,05
03097054;Monticello Brianza;Lecco;1;4.128;8,57;;7,26;;2,93;3,89;4,26;25,59
03097056;Nibionno;Lecco;1;3.571;4,64;;12,95;;1,89;5,29;5,14;29,94
03097057;Oggiono;Lecco;1;9.063;7,90;;8,50;;1,62;3,67;2,81;24,86
03097058;Olgiate Molgora;Lecco;1;6.277;7,80;;6,01;;1,01;1,43;2,42;18,26
03097059;Olginate;Lecco;1;6.879;7,05;;9,09;;3,10;4,78;3,87;28,34
03097060;Oliveto Lario;Lecco;1;1.199;7,52;;23,23;;3,55;3,42;3,85;37,38
03097061;Osnago;Lecco;1;4.733;3,12;;6,12;;1,67;4,95;3,37;22,78
03097062;Paderno d'Adda;Lecco;1;3.834;13,75;;7,10;;1,18;2,49;3,00;21,38
03097063;Pagnona;Lecco;1;320;7,90;;14,81;;0,62;4,87;6,52;36,43
03097064;Parlasco;Lecco;1;136;2,32;;11,09;;1,59;7,54;2,61;28,48
03097065;Pasturo;Lecco;1;1.959;9,05;;8,02;;1,61;2,64;2,77;24,33
03097067;Perledo;Lecco;1;848;12,52;;10,62;;2,17;3,34;2,01;25,33
03097068;Pescate;Lecco;1;2.144;6,86;;9,35;;3,08;2,33;3,94;25,36
03097069;Premana;Lecco;1;2.171;11,44;;13,08;;1,39;4,43;3,90;30,93
03097070;Primaluna;Lecco;1;2.259;6,16;;6,18;;2,15;4,14;4,18;24,93
03097071;Robbiate;Lecco;1;6.261;9,41;;8,77;;1,96;13,85;3,02;35,50
03097072;Rogeno;Lecco;1;3.010;5,25;;6,83;;2,50;3,67;6,60;26,33
03097074;Santa Maria Hoe;Lecco;1;2.115;9,84;;7,67;;2,43;5,53;5,60;29,15
03097075;Sirone;Lecco;1;2.315;5,73;;7,40;;1,04;1,99;3,20;21,11
03097076;Sirtori;Lecco;1;2.794;8,15;;6,99;;0,53;2,61;5,30;23,03
03097077;Sueglio;Lecco;1;143;11,61;;8,67;;;2,74;4,11;29,41
03097078;Suello;Lecco;1;1.750;6,70;;8,62;;1,28;2,50;3,33;24,94
03097079;Taceno;Lecco;1;568;5,42;;5,75;;2,96;5,24;4,66;29,25
03097082;Valgreghentino;Lecco;1;3.373;5,84;;8,11;;1,67;3,43;2,99;23,18
03097083;Valmadrera;Lecco;1;11.131;7,20;;7,74;;4,79;1,64;4,28;26,00
03097093;Valvarrone;Lecco;1;496;15,62;;12,05;;0,77;4,03;5,22;34,79
03097084;Varenna;Lecco;1;693;8,48;;7,19;;6,33;3,27;6,06;33,20
03097086;Vercurago;Lecco;1;2.733;9,97;;8,60;;5,73;1,83;4,01;26,30
03097091;Verderio;Lecco;1;5.497;14,55;;9,20;;2,24;3,20;3,47;26,45
03097090;Vigano;Lecco;1;2.079;9,72;;7,52;;2,52;4,27;3,23;27,38
09049001;Bibbona;Livorno;1;3.170;5,01;;15,97;;5,87;4,31;4,64;35,48
09049002;Campiglia Marittima;Livorno;1;12.429;7,20;;17,98;;3,68;2,05;1,41;33,87
09049003;Campo nell'Elba;Livorno;1;4.723;10,56;;26,01;;5,88;12,01;4,58;62,15
09049004;Capoliveri;Livorno;1;3.899;12,34;;30,65;;6,64;6,74;2,72;56,08
09049005;Capraia Isola;Livorno;1;370;42,36;;8,59;;1,99;6,29;6,31;57,72
09049006;Castagneto Carducci;Livorno;1;8.748;7,92;;21,82;;6,03;2,66;1,58;37,70
09049007;Cecina;Livorno;1;27.882;5,52;;17,71;;3,57;3,56;0,94;39,79
09049008;Collesalvetti;Livorno;1;16.281;19,60;;11,31;;2,54;4,71;6,85;46,48
09049009;Livorno;Livorno;1;152.914;7,79;;20,59;;6,15;4,37;6,29;40,68
09049010;Marciana;Livorno;1;2.034;11,27;;34,36;;12,60;11,70;2,73;70,81
09049011;Marciana Marina;Livorno;1;1.876;8,69;;20,73;;6,06;13,05;2,53;56,30
09049012;Piombino;Livorno;1;32.194;6,01;;14,66;;6,25;2,12;1,44;34,15
09049013;Porto Azzurro;Livorno;1;3.628;22,90;;13,09;;9,51;10,58;11,16;66,62
09049021;Rio;Livorno;1;3.342;16,77;;28,90;;11,02;7,11;2,27;75,23
09049017;Rosignano Marittimo;Livorno;1;30.083;13,07;;10,37;;3,22;4,07;2,38;42,85
09049018;San Vincenzo;Livorno;1;6.447;6,82;;15,46;;6,81;4,09;1,75;37,05
09049019;Sassetta;Livorno;1;471;10,92;;29,36;;9,55;9,06;1,53;52,69
09049020;Suvereto;Livorno;1;2.955;21,58;;36,28;;4,69;5,16;4,95;55,72
03098002;Bertonico;Lodi;1;1.069;12,58;;8,87;;2,16;3,25;0,55;23,11
03098004;Borghetto Lodigiano;Lodi;1;4.336;7,31;;7,32;;3,41;2,88;1,69;24,80
03098005;Borgo San Giovanni;Lodi;1;2.475;21,63;;10,63;;1,39;2,40;2,85;27,42
03098006;Brembio;Lodi;1;2.690;8,18;;6,81;;1,35;7,17;2,97;27,18
03098008;Casaletto Lodigiano;Lodi;1;2.963;8,89;;12,34;;1,58;18,17;2,00;43,39
03098009;Casalmaiocco;Lodi;1;3.183;14,96;;10,18;;2,31;4,39;6,16;31,61
03098010;Casalpusterlengo;Lodi;1;15.485;4,43;;12,50;;4,22;5,72;2,09;30,21
03098011;Caselle Landi;Lodi;1;1.464;4,29;;;;5,97;5,75;3,83;32,45
03098012;Caselle Lurani;Lodi;1;3.019;7,22;;9,80;;1,39;3,60;1,76;25,69
03098014;Castiglione d'Adda;Lodi;1;4.483;12,85;;8,82;;1,41;7,66;1,22;22,28
03098015;Castiraga Vidardo;Lodi;1;3.009;3,98;;6,51;;4,55;6,09;2,24;25,59
03098017;Cavenago d'Adda;Lodi;1;2.110;9,05;;9,06;;1,48;3,00;2,21;23,08
03098018;Cervignano d'Adda;Lodi;1;2.206;8,87;;10,35;;1,97;7,18;4,43;35,03
03098019;Codogno;Lodi;1;15.539;9,27;;11,15;;4,52;2,06;1,91;24,41
03098020;Comazzo;Lodi;1;2.304;8,71;;11,92;;1,97;2,47;1,46;26,21
03098021;Cornegliano Laudense;Lodi;1;2.839;7,19;;7,01;;0,95;6,94;2,32;19,44
03098022;Corno Giovine;Lodi;1;1.132;4,40;;13,46;;5,86;5,58;1,52;31,00
03098023;Cornovecchio;Lodi;1;193;3,47;;5,55;;14,12;5,74;3,75;37,70
03098026;Fombio;Lodi;1;2.254;7,82;;14,26;;2,88;5,75;1,50;30,35
03098027;Galgagnano;Lodi;1;1.322;13,28;;13,92;;1,72;8,93;0,95;33,53
03098028;Graffignana;Lodi;1;2.583;23,63;;12,39;;2,56;4,96;4,57;31,41
03098029;Guardamiglio;Lodi;1;2.595;8,95;;9,56;;4,06;3,49;0,10;23,72
03098030;Livraga;Lodi;1;2.459;5,57;;8,10;;1,47;3,65;2,36;24,07
03098031;Lodi;Lodi;1;44.709;12,29;;10,24;;6,13;9,16;7,96;40,45
03098032;Lodi Vecchio;Lodi;1;7.553;10,11;;7,85;;1,12;4,46;2,66;22,44
03098033;Maccastorna;Lodi;1;59;2,26;;4,10;;0,61;12,19;0,45;24,21
03098034;Mairago;Lodi;1;1.387;8,70;;9,61;;1,61;3,45;4,22;25,59
03098035;Maleo;Lodi;1;3.001;6,72;;8,65;;1,39;4,20;2,51;22,11
03098036;Marudo;Lodi;1;1.764;4,00;;8,02;;2,62;5,36;1,57;24,02
03098037;Massalengo;Lodi;1;4.384;11,67;;7,34;;2,90;4,32;2,95;23,23
03098038;Meleti;Lodi;1;448;2,86;;15,65;;0,99;3,21;3,94;28,25
03098039;Merlino;Lodi;1;1.702;19,20;;11,87;;2,66;8,80;12,21;48,09
03098040;Montanaso Lombardo;Lodi;1;2.239;16,43;;6,77;;0,48;2,64;1,32;16,41
03098041;Mulazzano;Lodi;1;5.784;16,44;;11,78;;0,94;4,17;2,39;29,04
03098042;Orio Litta;Lodi;1;2.022;11,93;;9,93;;0,74;10,42;2,33;31,97
03098043;Ospedaletto Lodigiano;Lodi;1;1.913;11,40;;10,35;;3,42;4,01;1,82;31,35
03098044;Ossago Lodigiano;Lodi;1;1.399;3,49;;6,87;;1,52;1,49;1,42;17,98
03098045;Pieve Fissiraga;Lodi;1;1.752;34,75;;14,13;;1,77;5,29;0,32;32,85
03098046;Salerano sul Lambro;Lodi;1;2.635;6,22;;9,17;;3,04;4,56;1,51;24,05
03098047;San Fiorano;Lodi;1;1.873;5,68;;9,27;;4,18;5,71;;21,45
03098049;San Rocco al Porto;Lodi;1;3.345;8,53;;11,91;;1,89;4,76;2,35;28,40
03098050;Sant'Angelo Lodigiano;Lodi;1;13.331;4,19;;9,14;;1,87;1,47;1,23;20,84
03098051;Santo Stefano Lodigiano;Lodi;1;1.847;5,27;;10,22;;5,45;3,39;4,13;29,58
03098052;Secugnago;Lodi;1;1.958;9,78;;7,68;;0,17;11,22;2,10;29,15
03098053;Senna Lodigiana;Lodi;1;1.762;4,71;;8,54;;1,82;3,91;1,79;27,40
03098055;Sordio;Lodi;1;3.409;7,63;;11,10;;1,94;4,87;3,39;27,40
03098056;Tavazzano con Villavesco;Lodi;1;5.861;6,11;;9,97;;3,63;4,82;3,09;29,66
03098057;Terranova dei Passerini;Lodi;1;935;9,49;;12,66;;2,29;2,32;1,29;19,01
03098058;Turano Lodigiano;Lodi;1;1.512;10,57;;12,97;;2,87;3,20;0,26;18,69
03098059;Valera Fratta;Lodi;1;1.752;4,32;;9,02;;3,22;8,43;1,95;27,95
03098060;Villanova del Sillaro;Lodi;1;1.838;10,82;;7,44;;3,40;9,77;3,08;32,14
03098061;Zelo Buon Persico;Lodi;1;7.398;4,75;;9,34;;4,55;7,45;0,59;28,24
09046001;Altopascio;Lucca;1;15.784;12,57;;20,03;;2,05;3,98;1,49;34,78
09046002;Bagni di Lucca;Lucca;1;5.592;22,63;;32,59;;3,25;14,25;11,91;67,54
09046003;Barga;Lucca;1;9.415;14,28;;23,40;;4,20;4,22;4,62;40,02
09046004;Borgo a Mozzano;Lucca;1;6.666;18,60;;25,38;;4,25;4,26;0,57;39,06
09046005;Camaiore;Lucca;1;31.842;12,33;;22,91;;2,47;7,84;2,52;41,70
09046006;Camporgiano;Lucca;1;2.009;20,38;;30,18;;1,57;6,86;11,26;54,59
09046007;Capannori;Lucca;1;46.253;21,83;;23,49;;1,14;9,26;6,84;48,28
09046008;Careggine;Lucca;1;511;13,14;;65,36;;3,08;7,69;5,85;49,06
09046009;Castelnuovo di Garfagnana;Lucca;1;5.623;28,80;;24,94;;4,39;6,13;9,50;57,65
09046010;Castiglione di Garfagnana;Lucca;1;1.705;18,17;;27,05;;;9,22;7,45;47,85
09046011;Coreglia Antelminelli;Lucca;1;5.069;18,47;;30,57;;4,13;9,70;6,02;51,85
09046036;Fabbriche di Vergemoli;Lucca;1;716;59,68;;102,05;;;11,88;1,37;111,84
09046013;Forte dei Marmi;Lucca;1;6.861;11,94;;22,45;;9,37;9,73;4,31;54,45
09046014;Fosciandora;Lucca;1;561;12,86;;29,37;;;7,47;12,72;46,20
09046015;Gallicano;Lucca;1;3.593;34,63;;18,05;;2,97;7,07;10,73;53,63
09046017;Lucca;Lucca;1;88.798;14,87;;15,32;;2,33;6,14;4,89;35,66
09046018;Massarosa;Lucca;1;21.732;16,37;;16,36;;1,33;5,70;6,77;41,01
09046019;Minucciano;Lucca;1;1.805;21,85;;25,85;;;7,73;7,14;48,57
09046020;Molazzana;Lucca;1;992;15,20;;33,75;;1,46;5,81;12,86;50,59
09046021;Montecarlo;Lucca;1;4.389;24,67;;26,94;;5,26;11,64;8,69;59,87
09046022;Pescaglia;Lucca;1;3.285;25,24;;21,86;;;4,92;3,51;39,04
09046023;Piazza al Serchio;Lucca;1;2.101;19,16;;28,23;;;6,70;7,16;46,59
09046024;Pietrasanta;Lucca;1;22.870;12,90;;21,15;;3,59;6,04;3,05;39,65
09046025;Pieve Fosciana;Lucca;1;2.233;36,05;;16,99;;1,30;5,45;7,84;46,49
09046026;Porcari;Lucca;1;8.788;12,08;;17,34;;1,74;4,72;4,47;34,90
09046027;San Romano in Garfagnana;Lucca;1;1.337;19,89;;22,31;;5,93;6,54;9,85;52,19
09046028;Seravezza;Lucca;1;12.364;15,43;;19,61;;1,60;5,22;6,50;38,92
09046037;Sillano Giuncugnano;Lucca;1;991;22,42;;97,69;;;8,98;1,02;83,56
09046030;Stazzema;Lucca;1;2.856;9,71;;28,03;;;12,32;6,85;62,06
09046031;Vagli Sotto;Lucca;1;834;14,69;;60,61;;;5,16;6,30;46,39
09046033;Viareggio;Lucca;1;60.579;17,28;;28,60;;5,18;5,17;2,40;46,77
09046034;Villa Basilica;Lucca;1;1.474;16,39;;38,52;;0,59;4,28;3,09;46,56
09046035;Villa Collemandina;Lucca;1;1.202;16,29;;41,81;;0,42;6,01;8,36;49,02
11043023;Macerata - Dato aggregazione COSMARI;Macerata;56;316.145;9,85;;14,28;;4,11;4,61;5,20;32,26
03020001;Acquanegra sul Chiese;Mantova;1;2.683;4,60;;13,47;;1,22;4,32;4,26;30,34
03020002;Asola;Mantova;1;9.892;5,40;;11,45;;1,29;5,30;2,43;27,73
03020003;Bagnolo San Vito;Mantova;1;5.880;12,86;;9,42;;0,93;4,92;3,35;26,27
03020072;Borgo Mantovano;Mantova;1;5.291;12,67;;10,73;;0,36;8,90;1,97;30,48
03020071;Borgo Virgilio;Mantova;1;14.857;10,65;;11,69;;1,93;2,43;6,11;25,57
03020073;Borgocarbonara;Mantova;1;1.845;19,68;;8,07;;0,33;4,71;1,56;23,79
03020007;Bozzolo;Mantova;1;4.056;7,66;;11,40;;0,98;4,47;3,15;28,15
03020008;Canneto sull'Oglio;Mantova;1;4.247;22,93;;7,99;;3,45;3,83;2,98;24,50
03020010;Casalmoro;Mantova;1;2.194;9,40;;9,81;;;4,65;2,04;24,36
03020011;Casaloldo;Mantova;1;2.578;8,67;;10,92;;2,59;8,60;2,08;31,57
03020012;Casalromano;Mantova;1;1.497;17,24;;10,83;;1,15;7,54;1,89;29,34
03020014;Castel d'Ario;Mantova;1;4.611;10,02;;11,52;;1,43;6,11;1,95;29,20
03020015;Castel Goffredo;Mantova;1;12.622;7,69;;11,21;;1,25;4,85;2,70;28,65
03020013;Castelbelforte;Mantova;1;3.258;18,61;;10,31;;3,80;5,00;1,94;30,77
03020016;Castellucchio;Mantova;1;5.161;6,91;;8,45;;0,74;4,05;1,26;21,87
03020017;Castiglione delle Stiviere;Mantova;1;23.556;6,83;;13,62;;1,75;4,22;1,36;25,25
03020018;Cavriana;Mantova;1;3.733;4,86;;10,37;;2,04;5,31;4,74;24,54
03020019;Ceresara;Mantova;1;2.535;12,59;;10,50;;;8,72;2,38;28,58
03020020;Commessaggio;Mantova;1;1.073;18,52;;13,26;;0,38;5,29;3,36;26,33
03020021;Curtatone;Mantova;1;14.607;7,89;;10,90;;0,92;2,28;5,82;22,44
03020022;Dosolo;Mantova;1;3.253;35,02;;10,11;;0,06;2,44;3,63;21,28
03020024;Gazoldo degli Ippoliti;Mantova;1;3.031;18,07;;11,07;;0,37;3,06;2,53;22,43
03020025;Gazzuolo;Mantova;1;2.072;7,56;;10,98;;0,96;4,53;1,44;26,28
03020026;Goito;Mantova;1;10.027;12,80;;11,54;;1,66;4,72;2,35;28,37
03020027;Gonzaga;Mantova;1;8.696;12,61;;9,73;;1,77;4,65;5,89;30,00
03020028;Guidizzolo;Mantova;1;5.949;;;9,26;;2,71;3,31;1,94;25,45
03020029;Magnacavallo;Mantova;1;1.394;26,57;;14,17;;;5,63;2,04;31,77
03020030;Mantova;Mantova;1;48.653;18,01;;21,79;;9,57;6,95;6,55;53,33
03020031;Marcaria;Mantova;1;6.376;8,44;;10,57;;2,79;4,95;2,58;28,21
03020032;Mariana Mantovana;Mantova;1;828;9,84;;12,36;;0,97;4,58;2,56;26,78
03020033;Marmirolo;Mantova;1;7.645;9,03;;11,47;;0,65;4,81;3,88;29,09
03020034;Medole;Mantova;1;4.148;12,43;;11,73;;0,21;4,93;3,39;30,64
03020035;Moglia;Mantova;1;5.374;11,74;;9,25;;1,78;4,85;2,08;25,85
03020036;Monzambano;Mantova;1;4.816;10,90;;13,48;;0,09;4,49;1,11;26,45
03020037;Motteggiana;Mantova;1;2.415;18,75;;9,71;;1,07;7,86;2,13;29,94
03020038;Ostiglia;Mantova;1;6.628;16,80;;11,81;;2,91;4,40;4,09;28,25
03020039;Pegognaga;Mantova;1;6.858;12,89;;8,66;;2,56;4,21;3,89;27,77
03020041;Piubega;Mantova;1;1.730;16,95;;8,20;;0,95;3,02;2,88;18,01
03020042;Poggio Rusco;Mantova;1;6.404;8,89;;12,88;;1,19;6,51;2,86;31,46
03020043;Pomponesco;Mantova;1;1.683;11,47;;18,08;;0,65;9,47;6,50;43,03
03020044;Ponti sul Mincio;Mantova;1;2.295;15,31;;13,42;;1,36;5,49;2,34;30,74
03020045;Porto Mantovano;Mantova;1;16.614;11,55;;11,44;;2,23;6,22;2,29;32,08
03020046;Quingentole;Mantova;1;1.031;20,28;;10,31;;2,00;5,32;2,33;28,48
03020047;Quistello;Mantova;1;5.280;15,31;;12,69;;1,65;6,21;2,42;32,20
03020048;Redondesco;Mantova;1;1.194;14,77;;11,70;;1,65;4,94;6,25;33,17
03020050;Rivarolo Mantovano;Mantova;1;2.378;12,49;;11,88;;1,00;4,29;3,69;30,74
03020051;Rodigo;Mantova;1;5.184;;;7,10;;0,39;1,14;0,33;16,64
03020052;Roncoferraro;Mantova;1;6.826;14,26;;10,01;;1,08;4,48;1,86;25,75
03020053;Roverbella;Mantova;1;8.695;10,53;;9,72;;1,74;5,33;2,03;28,53
03020054;Sabbioneta;Mantova;1;4.096;12,97;;11,93;;0,71;5,44;1,96;29,09
03020055;San Benedetto Po;Mantova;1;6.648;19,89;;8,99;;2,91;5,06;4,26;26,35
03020056;San Giacomo delle Segnate;Mantova;1;1.487;21,89;;8,31;;1,95;5,59;1,95;26,76
03020057;San Giorgio Bigarello (gia' di Mantova);Mantova;1;11.801;10,63;;12,03;;1,51;5,37;2,53;28,96
03020058;San Giovanni del Dosso;Mantova;1;1.248;24,06;;8,04;;0,48;8,71;2,83;29,48
03020059;San Martino dall'Argine;Mantova;1;1.585;17,19;;10,49;;3,61;6,70;2,07;31,92
03020060;Schivenoglia;Mantova;1;1.096;9,46;;10,43;;;4,17;6,64;29,14
03020061;Sermide;Mantova;1;7.109;12,99;;10,59;;2,41;5,12;2,80;29,74
03020062;Serravalle a Po;Mantova;1;1.425;29,72;;10,46;;;3,98;2,09;22,08
03020063;Solferino;Mantova;1;2.610;14,14;;10,88;;0,05;7,03;2,17;28,41
03020064;Sustinente;Mantova;1;1.908;31,37;;9,70;;;3,92;3,08;22,44
03020065;Suzzara;Mantova;1;20.979;18,67;;9,61;;2,44;4,58;2,68;28,26
03020066;Viadana;Mantova;1;19.723;8,61;;13,53;;1,75;3,03;1,19;22,58
03020068;Villimpenta;Mantova;1;2.108;31,18;;13,50;;3,26;5,64;2,91;31,05
03020070;Volta Mantovana;Mantova;1;7.220;12,76;;8,96;;0,68;4,31;2,23;24,39
09045001;Aulla;Massa-Carrara;1;10.656;24,63;;23,08;;4,20;6,74;3,78;44,70
09045002;Bagnone;Massa-Carrara;1;1.676;20,43;;22,38;;2,70;4,95;0,23;35,40
09045003;Carrara;Massa-Carrara;1;59.905;8,28;;9,59;;3,44;7,86;5,61;38,90
09045004;Casola in Lunigiana;Massa-Carrara;1;947;27,99;;28,21;;4,49;11,68;6,20;57,35
09045005;Comano;Massa-Carrara;1;667;8,07;;24,06;;6,82;5,73;5,33;44,14
09045006;Filattiera;Massa-Carrara;1;2.185;34,29;;23,86;;0,81;6,39;0,98;39,37
09045007;Fivizzano;Massa-Carrara;1;7.071;23,53;;24,17;;5,66;7,37;0,52;44,06
09045008;Fosdinovo;Massa-Carrara;1;4.574;25,90;;22,32;;5,40;5,33;0,48;39,72
09045009;Licciana Nardi;Massa-Carrara;1;4.709;24,13;;24,76;;4,63;3,64;4,86;43,85
09045010;Massa;Massa-Carrara;1;66.160;9,95;;8,22;;3,96;5,16;7,01;40,35
09045011;Montignoso;Massa-Carrara;1;10.015;13,33;;18,54;;2,82;9,50;3,17;40,35
09045012;Mulazzo;Massa-Carrara;1;2.284;19,46;;21,49;;2,27;5,79;4,04;38,92
09045013;Podenzana;Massa-Carrara;1;2.094;27,29;;21,82;;5,56;3,84;1,41;39,05
09045014;Pontremoli;Massa-Carrara;1;6.891;12,74;;17,94;;3,57;3,63;0,80;33,45
09045015;Tresana;Massa-Carrara;1;1.951;30,51;;22,59;;6,36;4,97;0,44;42,10
09045016;Villafranca in Lunigiana;Massa-Carrara;1;4.550;26,72;;24,46;;3,71;4,32;0,70;39,01
09045017;Zeri;Massa-Carrara;1;939;20,01;;25,33;;1,99;2,09;0,55;36,11
17077002;Aliano;Matera;1;880;37,99;;;;;3,91;1,73;47,87
17077003;Bernalda;Matera;1;11.968;19,45;;14,46;;5,14;1,07;2,56;39,32
17077007;Craco;Matera;1;620;36,01;;15,69;;8,61;0,99;4,30;45,43
17077008;Ferrandina;Matera;1;8.032;39,30;;12,80;;4,84;4,08;5,16;49,25
17077010;Gorgoglione;Matera;1;864;14,84;;;;;9,71;;42,35
17077013;Irsina;Matera;1;4.449;26,52;;26,28;;5,58;1,45;3,40;51,31
17077014;Matera;Matera;1;59.685;15,23;;22,49;;5,33;7,72;2,13;48,93
17077015;Miglionico;Matera;1;2.372;;;;;;3,28;;25,05
17077016;Montalbano Jonico;Matera;1;6.662;6,68;;19,18;;5,87;3,62;0,95;38,60
17077021;Policoro;Matera;1;17.832;6,38;;25,19;;5,48;2,18;1,29;39,98
17077023;Rotondella;Matera;1;2.436;50,82;;15,94;;7,29;3,52;;41,31
17077024;Salandra;Matera;1;2.523;31,22;;81,49;;;5,82;2,04;90,50
17077025;San Giorgio Lucano;Matera;1;1.051;12,75;;;;;1,56;0,21;38,82
17077027;Stigliano;Matera;1;3.584;41,99;;30,72;;5,12;6,67;1,41;70,28
17077028;Tricarico;Matera;1;4.761;46,26;;10,09;;4,24;4,20;6,50;55,16
19083107;Acquedolci;Messina;1;5.483;32,50;;;;;8,41;;27,38
19083002;Ali;Messina;1;657;74,79;;12,20;;8,55;44,24;2,99;105,36
19083003;Ali Terme;Messina;1;2.315;38,94;;5,60;;4,07;10,39;2,92;43,84
19083005;Barcellona Pozzo di Gotto;Messina;1;39.885;5,40;;38,46;;4,10;8,80;9,14;57,62
19083007;Brolo;Messina;1;5.736;7,05;;15,60;;3,93;1,97;3,87;31,92
19083009;Capo d'Orlando;Messina;1;13.031;12,83;;19,69;;3,66;3,47;5,45;41,42
19083011;Caronia;Messina;1;3.042;32,19;;22,78;;4,38;7,53;1,93;55,61
19083012;Casalvecchio Siculo;Messina;1;726;75,15;;;;15,33;;;51,90
19083013;Castel di Lucio;Messina;1;1.226;64,06;;28,44;;2,95;8,72;14,08;66,38
19083017;Cesaro;Messina;1;2.165;9,40;;59,34;;1,42;4,60;3,38;48,79
19083020;Ficarra;Messina;1;1.286;73,10;;24,77;;;3,20;0,93;58,22
19083021;Fiumedinisi;Messina;1;1.275;63,79;;8,78;;6,46;12,83;6,18;65,58
19083030;Galati Mamertino;Messina;1;2.261;80,21;;19,51;;;4,72;;49,21
19083033;Gioiosa Marea;Messina;1;6.733;18,05;;18,37;;2,45;3,10;1,42;38,47
19083035;Gualtieri Sicamino;Messina;1;1.580;17,32;;9,70;;1,89;7,36;0,57;38,24
19083037;Leni;Messina;1;682;24,50;;112,33;;15,10;4,90;0,90;83,91
19083039;Librizzi;Messina;1;1.579;65,17;;;;1,68;5,68;0,25;31,64
19083041;Lipari;Messina;1;12.565;50,98;;30,17;;4,36;6,78;1,64;76,82
19083042;Longi;Messina;1;1.321;205,14;;6,65;;0,40;3,05;4,36;43,68
19083043;Malfa;Messina;1;994;37,95;;58,83;;10,75;6,62;1,76;77,41
19083051;Mirto;Messina;1;889;362,28;;27,31;;1,60;1,67;10,22;70,67
19083052;Mistretta;Messina;1;4.364;21,57;;22,93;;3,79;12,05;6,12;57,08
19083056;Montagnareale;Messina;1;1.393;18,03;;27,83;;1,68;3,05;0,08;42,09
19083059;Motta d'Affermo;Messina;1;657;29,76;;40,45;;17,53;20,19;2,46;89,94
19083060;Naso;Messina;1;3.462;62,25;;17,07;;3,09;7,46;4,05;57,25
19083061;Nizza di Sicilia;Messina;1;3.526;35,40;;7,00;;4,61;11,26;5,30;43,21
19083065;Pagliara;Messina;1;1.118;43,61;;16,55;;5,39;11,18;8,97;80,72
19083067;Pettineo;Messina;1;1.236;36,04;;41,41;;17,44;7,52;2,25;80,39
19083069;Raccuja;Messina;1;864;47,14;;38,98;;2,17;3,70;0,57;66,91
19083070;Reitano;Messina;1;723;5,51;;18,46;;8,00;7,54;;39,09
19083073;Roccavaldina;Messina;1;998;2,48;;40,08;;1,36;3,90;0,45;25,51
19083077;San Filippo del Mela;Messina;1;6.728;5,45;;18,47;;2,00;1,03;4,68;30,96
19083079;San Marco d'Alunzio;Messina;1;1.778;16,14;;19,61;;;12,43;8,10;53,15
19083080;San Pier Niceto;Messina;1;2.595;3,69;;27,38;;0,78;2,98;10,76;43,15
19083081;San Piero Patti;Messina;1;2.570;16,71;;26,27;;2,34;4,00;0,63;35,71
19083087;Santa Marina Salina;Messina;1;859;14,56;;85,61;;9,04;7,70;6,22;71,93
19083084;Sant'Agata di Militello;Messina;1;11.866;48,79;;22,49;;3,42;2,64;13,53;65,87
19083091;Santo Stefano di Camastra;Messina;1;4.348;36,70;;17,79;;8,01;4,70;0,73;48,71
19083092;Saponara;Messina;1;3.687;43,41;;17,58;;4,48;1,62;2,38;40,63
19083094;Scaletta Zanclea;Messina;1;1.836;4,06;;44,34;;4,61;10,07;0,40;55,71
19083095;Sinagra;Messina;1;2.474;33,82;;27,51;;;3,46;0,48;45,28
19083096;Spadafora;Messina;1;4.687;15,75;;18,59;;4,16;1,36;0,13;32,41
19083097;Taormina;Messina;1;10.471;49,32;;15,85;;6,87;1,94;3,34;60,09
19083106;Terme Vigliatore;Messina;1;7.218;8,15;;18,46;;3,22;1,37;2,35;35,57
19083098;Torregrotta;Messina;1;7.259;7,36;;17,24;;1,10;1,57;3,47;37,14
19083099;Tortorici;Messina;1;5.705;20,89;;43,23;;0,81;3,74;;57,10
19083102;Ucria;Messina;1;908;45,92;;32,10;;;8,90;;60,72
19083104;Venetico;Messina;1;3.940;5,14;;18,13;;2,92;;;30,01
19083105;Villafranca Tirrena;Messina;1;8.035;7,58;;11,25;;5,13;1,85;0,99;32,57
03015002;Abbiategrasso;Milano;1;32.425;13,81;;10,10;;5,37;7,70;2,82;32,42
03015007;Arconate;Milano;1;6.756;10,07;;10,35;;5,62;9,64;1,29;33,23
03015009;Arese;Milano;1;19.514;5,91;;12,99;;5,57;5,43;6,52;36,76
03015010;Arluno;Milano;1;12.355;10,72;;17,24;;4,36;3,81;1,77;31,73
03015011;Assago;Milano;1;9.232;9,00;;14,20;;4,54;2,62;6,21;30,31
03015250;Baranzate;Milano;1;11.823;5,84;;10,59;;4,56;4,09;5,02;31,76
03015014;Basiano;Milano;1;3.684;6,95;;8,59;;4,25;3,31;1,86;26,65
03015015;Basiglio;Milano;1;7.936;6,06;;16,06;;4,80;5,62;4,05;34,30
03015016;Bellinzago Lombardo;Milano;1;3.822;12,86;;10,16;;1,07;4,62;4,17;29,83
03015022;Besate;Milano;1;2.051;12,85;;13,70;;2,43;8,61;3,21;34,58
03015024;Binasco;Milano;1;7.079;4,18;;11,92;;3,33;2,08;1,59;23,67
03015026;Boffalora sopra Ticino;Milano;1;4.107;12,13;;14,54;;5,02;6,10;15,04;46,59
03015027;Bollate;Milano;1;36.204;6,39;;12,75;;3,57;6,29;1,49;29,13
03015032;Bresso;Milano;1;26.001;9,16;;4,54;;6,14;3,37;0,55;24,08
03015036;Buccinasco;Milano;1;26.822;7,07;;7,84;;5,56;3,26;3,75;28,38
03015038;Buscate;Milano;1;4.588;8,33;;13,72;;3,27;6,68;5,56;34,87
03015040;Bussero;Milano;1;8.359;21,30;;10,20;;2,78;5,78;4,92;34,87
03015041;Busto Garolfo;Milano;1;14.003;9,28;;15,30;;5,40;5,32;3,51;33,52
03015044;Cambiago;Milano;1;7.120;7,96;;9,53;;2,05;1,32;1,78;21,68
03015046;Canegrate;Milano;1;12.491;13,54;;11,14;;2,88;6,05;3,80;30,35
03015050;Carpiano;Milano;1;4.126;11,44;;9,23;;5,12;6,30;11,12;40,58
03015051;Carugate;Milano;1;15.726;16,84;;9,93;;4,13;4,77;2,14;30,85
03015055;Casarile;Milano;1;3.930;5,87;;11,80;;3,47;6,36;3,55;30,58
03015058;Casorezzo;Milano;1;5.549;7,42;;9,86;;4,04;4,53;0,55;26,30
03015059;Cassano d'Adda;Milano;1;19.263;13,47;;9,47;;4,82;3,05;2,18;28,46
03015060;Cassina de' Pecchi;Milano;1;13.948;11,97;;9,61;;2,51;5,13;2,04;28,51
03015070;Cernusco sul Naviglio;Milano;1;34.848;12,99;;9,75;;3,98;4,11;2,43;29,32
03015071;Cerro al Lambro;Milano;1;5.137;11,39;;10,47;;2,98;3,09;4,64;29,22
03015074;Cesano Boscone;Milano;1;23.335;11,88;;8,17;;5,06;2,61;2,77;26,40
03015076;Cesate;Milano;1;14.239;3,23;;5,00;;2,38;4,64;2,34;21,30
03015077;Cinisello Balsamo;Milano;1;74.528;10,88;;9,54;;6,15;6,55;2,73;33,61
03015081;Cologno Monzese;Milano;1;46.707;7,00;;17,94;;8,60;3,07;3,02;37,06
03015082;Colturano;Milano;1;2.052;10,59;;7,75;;4,08;3,79;2,52;27,80
03015086;Cormano;Milano;1;20.356;15,23;;4,10;;5,52;2,79;0,34;20,49
03015087;Cornaredo;Milano;1;20.678;3,20;;9,27;;4,59;6,16;4,61;33,07
03015093;Corsico;Milano;1;34.373;8,74;;8,38;;6,25;3,38;0,84;26,06
03015096;Cuggiono;Milano;1;8.106;7,97;;12,84;;1,41;5,74;5,17;31,06
03015098;Cusano Milanino;Milano;1;18.833;8,33;;8,28;;5,03;8,58;2,16;31,58
03015099;Dairago;Milano;1;6.412;16,30;;12,05;;2,80;5,48;2,36;29,14
03015101;Dresano;Milano;1;3.060;15,88;;6,49;;1,36;2,65;3,26;24,01
03015105;Garbagnate Milanese;Milano;1;26.793;3,41;;5,64;;3,69;3,45;2,34;22,22
03015106;Gessate;Milano;1;8.773;7,14;;11,14;;2,53;3,12;3,70;29,22
03015108;Gorgonzola;Milano;1;21.092;10,99;;10,51;;3,84;5,10;3,31;31,73
03015110;Grezzago;Milano;1;3.124;16,90;;9,41;;2,29;2,59;3,01;28,98
03015112;Gudo Visconti;Milano;1;1.623;13,75;;14,33;;5,12;4,80;3,15;35,15
03015114;Inzago;Milano;1;11.230;19,31;;10,93;;2,12;1,82;3,06;28,08
03015115;Lacchiarella;Milano;1;9.055;3,95;;5,71;;5,10;3,64;3,30;26,01
03015116;Lainate;Milano;1;26.228;3,55;;9,80;;3,73;4,40;3,55;26,63
03015118;Legnano;Milano;1;59.941;10,10;;13,85;;5,35;5,71;6,35;37,47
03015122;Liscate;Milano;1;4.066;9,88;;9,83;;5,32;3,19;3,71;31,22
03015130;Magenta;Milano;1;24.178;7,93;;13,72;;4,59;4,38;2,26;30,39
03015131;Magnago;Milano;1;9.391;13,40;;11,02;;2,10;5,69;3,25;28,37
03015134;Marcallo con Casone;Milano;1;6.222;8,96;;12,61;;2,68;9,42;3,70;34,83
03015136;Masate;Milano;1;3.779;8,90;;7,93;;3,71;3,09;1,81;25,30
03015139;Mediglia;Milano;1;12.278;21,25;;8,28;;3,43;5,52;1,56;26,81
03015140;Melegnano;Milano;1;17.964;6,28;;17,70;;8,68;2,14;2,88;36,47
03015142;Melzo;Milano;1;18.318;10,07;;9,09;;3,59;4,98;3,20;29,62
03015146;Milano;Milano;1;1.354.196;12,65;;11,57;;15,30;6,38;3,16;44,27
03015151;Motta Visconti;Milano;1;8.126;10,12;;9,61;;3,72;6,74;1,04;29,00
03015154;Nerviano;Milano;1;16.864;6,15;;10,79;;4,76;5,07;2,43;28,59
03015157;Novate Milanese;Milano;1;19.910;7,67;;4,17;;4,84;3,14;1,75;23,81
03015158;Noviglio;Milano;1;4.530;7,09;;10,00;;3,70;2,34;2,02;23,49
03015159;Opera;Milano;1;14.245;7,19;;10,45;;5,12;1,00;;23,14
03015164;Ossona;Milano;1;4.300;9,07;;14,02;;2,56;4,15;4,50;30,72
03015166;Paderno Dugnano;Milano;1;47.118;5,90;;5,25;;4,27;3,24;2,80;22,99
03015167;Pantigliate;Milano;1;5.763;12,49;;9,85;;1,99;9,15;12,15;42,49
03015168;Parabiago;Milano;1;27.976;9,70;;13,59;;3,53;5,83;4,05;31,75
03015170;Pero;Milano;1;11.606;6,82;;9,56;;5,47;4,14;0,17;26,75
03015171;Peschiera Borromeo;Milano;1;24.304;9,93;;9,17;;7,02;6,97;1,42;31,14
03015172;Pessano con Bornago;Milano;1;8.889;19,35;;10,14;;3,90;5,55;3,47;33,51
03015175;Pioltello;Milano;1;36.061;4,69;;2,64;;5,24;3,15;3,48;21,32
03015176;Pogliano Milanese;Milano;1;8.400;5,11;;11,17;;4,79;5,07;3,55;29,55
03015177;Pozzo d'Adda;Milano;1;6.550;28,43;;8,83;;0,71;4,66;9,47;35,36
03015178;Pozzuolo Martesana;Milano;1;8.572;8,46;;11,28;;1,72;4,35;3,09;28,75
03015179;Pregnana Milanese;Milano;1;7.274;3,76;;10,36;;3,90;12,27;4,32;36,62
03015181;Rescaldina;Milano;1;14.204;20,12;;9,51;;5,65;5,58;0,22;27,99
03015182;Rho;Milano;1;50.299;8,51;;10,22;;7,14;4,50;2,36;31,03
03015183;Robecchetto con Induno;Milano;1;4.770;19,33;;16,35;;0,96;6,60;2,11;34,15
03015184;Robecco sul Naviglio;Milano;1;6.776;18,91;;16,58;;5,43;2,51;7,27;39,30
03015185;Rodano;Milano;1;4.631;13,07;;9,07;;3,70;4,40;4,45;31,76
03015188;Rosate;Milano;1;5.728;6,53;;9,99;;4,29;5,42;1,87;30,35
03015191;San Colombano al Lambro;Milano;1;7.274;4,80;;10,74;;1,80;0,94;1,64;15,76
03015192;San Donato Milanese;Milano;1;32.014;9,71;;5,40;;6,21;4,97;2,67;30,14
03015194;San Giorgio su Legnano;Milano;1;6.715;14,02;;11,73;;4,19;6,62;4,73;33,42
03015195;San Giuliano Milanese;Milano;1;39.444;6,15;;9,29;;3,12;3,00;1,38;21,85
03015202;San Zenone al Lambro;Milano;1;4.429;6,58;;9,74;;1,05;2,77;6,37;28,16
03015200;Santo Stefano Ticino;Milano;1;4.996;15,23;;15,93;;2,05;4,43;9,83;39,93
03015204;Sedriano;Milano;1;12.760;10,97;;13,75;;6,47;3,67;1,41;32,41
03015205;Segrate;Milano;1;36.911;8,82;;5,28;;4,14;3,43;3,89;24,58
03015206;Senago;Milano;1;21.372;4,40;;8,56;;4,19;2,77;3,46;24,83
03015209;Sesto San Giovanni;Milano;1;78.884;9,11;;13,64;;9,72;9,75;5,37;44,96
03015210;Settala;Milano;1;7.339;5,28;;11,23;;2,28;2,93;2,76;26,59
03015211;Settimo Milanese;Milano;1;19.944;12,72;;12,83;;5,64;5,73;3,39;34,06
03015213;Solaro;Milano;1;13.854;13,45;;7,95;;3,21;3,29;1,22;24,16
03015219;Trezzano Rosa;Milano;1;5.373;32,70;;9,72;;1,00;2,27;4,44;30,05
03015220;Trezzano sul Naviglio;Milano;1;21.474;7,88;;1,88;;7,05;4,95;7,36;31,79
03015221;Trezzo sull'Adda;Milano;1;11.951;7,63;;8,82;;3,73;4,56;5,94;31,76
03015222;Tribiano;Milano;1;3.717;3,90;;12,64;;3,93;5,73;6,42;33,00
03015224;Truccazzano;Milano;1;5.808;13,03;;11,91;;3,78;3,48;2,56;30,27
03015226;Turbigo;Milano;1;7.046;13,12;;12,47;;3,07;4,05;1,69;27,55
03015229;Vanzago;Milano;1;9.325;2,55;;9,57;;5,37;5,96;9,79;35,39
03015230;Vaprio d'Adda;Milano;1;9.506;16,23;;9,94;;2,63;3,92;4,08;30,62
03015251;Vermezzo con Zelo;Milano;1;5.877;9,15;;9,38;;4,67;3,56;3,84;28,07
03015236;Vernate;Milano;1;3.364;7,38;;11,31;;4,08;4,80;2,19;28,41
03015237;Vignate;Milano;1;9.191;7,31;;10,79;;2,16;5,72;2,73;29,40
03015248;Villa Cortese;Milano;1;6.174;17,39;;12,49;;2,69;6,05;2,14;30,37
03015242;Vimodrone;Milano;1;16.741;15,30;;11,44;;4,70;2,95;3,41;31,91
03015244;Vizzolo Predabissi;Milano;1;3.877;5,87;;10,60;;2,89;1,82;1,34;23,83
03015247;Zibido San Giacomo;Milano;1;6.750;13,06;;10,18;;3,06;3,63;2,16;26,44
08036001;Bastiglia;Modena;1;4.185;32,37;;8,62;;0,39;1,85;3,69;24,56
08036002;Bomporto;Modena;1;10.167;39,58;;10,48;;1,23;0,87;3,76;26,43
08036006;Castelfranco Emilia;Modena;1;33.054;21,78;;14,08;;3,45;3,27;2,54;33,73
08036007;Castelnuovo Rangone;Modena;1;14.971;6,01;;9,22;;1,45;2,30;4,84;26,41
08036008;Castelvetro di Modena;Modena;1;11.101;6,28;;5,43;;0,79;2,24;2,10;15,96
08036011;Fanano;Modena;1;2.943;10,39;;13,98;;3,87;3,28;6,68;34,24
08036012;Finale Emilia;Modena;1;14.951;25,23;;9,83;;2,58;7,23;0,94;27,50
08036013;Fiorano Modenese;Modena;1;16.850;5,53;;9,47;;1,72;2,51;3,20;22,99
08036014;Fiumalbo;Modena;1;1.175;9,53;;14,09;;2,09;5,36;9,14;38,79
08036015;Formigine;Modena;1;34.467;8,18;;11,66;;2,07;1,74;3,71;27,06
08036016;Frassinoro;Modena;1;1.731;12,84;;11,16;;;3,94;14,31;38,19
08036017;Guiglia;Modena;1;4.096;20,23;;12,27;;1,42;1,60;5,72;34,56
08036018;Lama Mocogno;Modena;1;2.634;11,88;;9,64;;0,57;3,46;7,58;31,07
08036019;Maranello;Modena;1;17.307;7,41;;8,23;;1,69;3,39;4,11;24,31
08036020;Marano sul Panaro;Modena;1;5.291;11,04;;10,87;;2,39;1,69;4,40;26,49
08036023;Modena;Modena;1;184.153;7,88;;10,87;;3,50;2,92;5,06;30,36
08036024;Montecreto;Modena;1;930;9,59;;16,26;;0,81;9,70;8,74;40,83
08036025;Montefiorino;Modena;1;2.086;13,43;;14,66;;0,24;2,91;10,29;36,57
08036026;Montese;Modena;1;3.251;6,26;;13,40;;3,18;7,65;2,33;32,55
08036027;Nonantola;Modena;1;16.106;23,79;;12,72;;2,56;7,36;2,38;31,97
08036029;Palagano;Modena;1;2.051;10,32;;29,13;;0,84;4,28;10,87;41,50
08036030;Pavullo nel Frignano;Modena;1;18.103;8,28;;6,47;;1,58;2,34;6,18;25,59
08036031;Pievepelago;Modena;1;2.151;9,82;;13,15;;2,72;3,49;10,98;37,47
08036032;Polinago;Modena;1;1.583;10,94;;11,84;;1,14;3,62;10,59;35,20
08036033;Prignano sulla Secchia;Modena;1;3.795;5,85;;10,78;;;4,54;9,49;30,45
08036034;Ravarino;Modena;1;6.255;20,06;;10,18;;1,02;5,83;1,96;24,36
08036035;Riolunato;Modena;1;665;10,07;;11,54;;2,42;6,89;11,02;41,28
08036036;San Cesario sul Panaro;Modena;1;6.601;16,77;;5,85;;0,74;1,13;2,46;17,70
08036040;Sassuolo;Modena;1;40.736;9,23;;11,70;;3,53;3,26;4,03;29,92
08036041;Savignano sul Panaro;Modena;1;9.563;5,25;;11,33;;0,36;3,66;4,82;24,68
08036042;Serramazzoni;Modena;1;8.645;12,15;;15,98;;2,58;3,91;8,74;37,95
08036043;Sestola;Modena;1;2.410;9,85;;14,06;;6,17;5,31;7,63;38,81
08036045;Spilamberto;Modena;1;12.825;37,10;;9,80;;1,32;1,45;3,90;24,01
08036046;Vignola;Modena;1;25.814;19,82;;13,83;;2,24;2,94;2,82;30,55
08036047;Zocca;Modena;1;4.628;5,21;;8,55;;1,89;1,46;3,45;23,24
03108001;Agrate Brianza;Monza e della Brianza;1;15.547;12,38;;8,75;;3,72;3,38;4,04;28,67
03108002;Aicurzio;Monza e della Brianza;1;2.079;6,33;;10,64;;5,09;3,76;4,19;31,01
03108003;Albiate;Monza e della Brianza;1;6.665;10,16;;10,86;;4,25;6,57;4,13;32,10
03108004;Arcore;Monza e della Brianza;1;17.825;15,07;;9,21;;3,60;1,58;2,01;25,67
03108005;Barlassina;Monza e della Brianza;1;6.839;6,92;;6,40;;1,78;3,46;1,71;20,92
03108006;Bellusco;Monza e della Brianza;1;7.413;23,94;;3,87;;2,26;4,50;4,73;26,48
03108007;Bernareggio;Monza e della Brianza;1;11.433;11,96;;10,01;;1,76;4,57;4,32;30,11
03108008;Besana in Brianza;Monza e della Brianza;1;15.394;11,60;;8,81;;2,71;4,24;1,73;25,77
03108009;Biassono;Monza e della Brianza;1;12.305;11,54;;11,66;;1,19;5,19;3,28;29,59
03108010;Bovisio-Masciago;Monza e della Brianza;1;16.752;14,96;;9,53;;5,23;4,93;4,47;32,05
03108011;Briosco;Monza e della Brianza;1;6.075;12,78;;7,75;;2,53;4,21;3,97;25,57
03108012;Brugherio;Monza e della Brianza;1;34.999;7,97;;12,10;;3,41;5,99;2,21;31,87
03108013;Burago di Molgora;Monza e della Brianza;1;4.234;8,10;;7,92;;3,32;1,47;1,88;23,95
03108051;Busnago;Monza e della Brianza;1;6.835;11,43;;8,84;;1,11;1,53;1,91;22,44
03108014;Camparada;Monza e della Brianza;1;2.149;21,33;;8,84;;1,86;1,49;2,17;26,16
03108052;Caponago;Monza e della Brianza;1;5.140;14,82;;9,38;;3,02;5,71;6,67;34,33
03108015;Carate Brianza;Monza e della Brianza;1;17.817;7,09;;6,90;;4,67;4,97;2,04;25,62
03108016;Carnate;Monza e della Brianza;1;7.676;8,28;;9,26;;1,81;5,66;3,35;25,33
03108017;Cavenago di Brianza;Monza e della Brianza;1;7.392;13,18;;9,00;;3,17;5,89;13,26;40,53
03108018;Ceriano Laghetto;Monza e della Brianza;1;6.656;6,39;;11,59;;3,26;5,23;1,99;28,60
03108019;Cesano Maderno;Monza e della Brianza;1;39.310;7,73;;8,35;;3,92;3,69;4,05;26,67
03108020;Cogliate;Monza e della Brianza;1;8.424;8,26;;6,91;;1,03;3,55;1,92;20,69
03108021;Concorezzo;Monza e della Brianza;1;15.880;5,88;;5,41;;2,25;2,64;3,27;22,23
03108053;Cornate d'Adda;Monza e della Brianza;1;10.794;8,84;;10,28;;2,14;3,41;2,70;27,71
03108022;Correzzana;Monza e della Brianza;1;3.157;7,44;;9,97;;1,65;7,29;1,78;29,16
03108023;Desio;Monza e della Brianza;1;41.463;10,07;;9,10;;3,80;3,83;4,79;28,92
03108024;Giussano;Monza e della Brianza;1;25.956;12,30;;8,73;;5,22;3,56;4,79;29,90
03108025;Lazzate;Monza e della Brianza;1;7.673;11,86;;5,08;;3,63;5,08;5,13;27,78
03108054;Lentate sul Seveso;Monza e della Brianza;1;15.801;6,50;;9,72;;3,88;4,16;1,10;25,21
03108026;Lesmo;Monza e della Brianza;1;8.405;15,04;;8,79;;1,70;3,57;4,23;27,67
03108027;Limbiate;Monza e della Brianza;1;34.790;13,54;;9,62;;3,84;4,28;4,16;29,81
03108028;Lissone;Monza e della Brianza;1;46.394;7,84;;10,56;;4,23;4,75;2,89;28,85
03108029;Macherio;Monza e della Brianza;1;7.514;11,25;;9,28;;1,02;2,90;3,19;25,49
03108030;Meda;Monza e della Brianza;1;23.388;10,93;;8,37;;4,46;4,67;2,50;26,87
03108031;Mezzago;Monza e della Brianza;1;4.469;17,47;;10,41;;2,07;5,17;5,99;35,27
03108032;Misinto;Monza e della Brianza;1;5.682;13,19;;10,05;;2,43;4,55;2,65;27,12
03108033;Monza;Monza e della Brianza;1;121.799;7,58;;13,64;;8,65;4,67;5,72;38,31
03108034;Muggio;Monza e della Brianza;1;23.464;7,88;;10,08;;4,74;3,23;3,75;28,87
03108035;Nova Milanese;Monza e della Brianza;1;23.027;4,02;;10,76;;4,60;1,90;1,23;23,33
03108036;Ornago;Monza e della Brianza;1;5.290;12,66;;10,86;;1,47;3,16;4,64;29,45
03108037;Renate;Monza e della Brianza;1;3.967;12,59;;11,02;;3,61;4,94;1,92;28,33
03108055;Roncello;Monza e della Brianza;1;4.779;9,63;;10,38;;1,10;3,83;1,97;26,39
03108038;Ronco Briantino;Monza e della Brianza;1;3.591;12,84;;8,70;;1,06;7,16;3,79;30,48
03108039;Seregno;Monza e della Brianza;1;44.917;8,27;;8,84;;5,25;4,52;3,22;28,54
03108040;Seveso;Monza e della Brianza;1;23.882;10,43;;7,60;;4,09;4,44;1,90;25,56
03108041;Sovico;Monza e della Brianza;1;8.316;12,57;;10,43;;5,31;5,95;4,80;33,89
03108042;Sulbiate;Monza e della Brianza;1;4.451;11,70;;8,43;;2,84;6,16;2,96;30,44
03108043;Triuggio;Monza e della Brianza;1;8.672;16,06;;12,59;;3,10;4,21;5,52;32,44
03108044;Usmate Velate;Monza e della Brianza;1;10.547;25,64;;8,41;;1,46;2,42;4,14;28,23
03108045;Varedo;Monza e della Brianza;1;13.769;8,82;;8,42;;4,22;4,77;1,90;27,92
03108046;Vedano al Lambro;Monza e della Brianza;1;7.477;13,01;;10,57;;3,38;4,27;6,45;34,98
03108047;Veduggio con Colzano;Monza e della Brianza;1;4.129;13,92;;8,83;;2,26;7,51;2,27;27,67
03108048;Verano Brianza;Monza e della Brianza;1;9.137;7,61;;9,58;;2,13;5,00;2,51;25,50
03108049;Villasanta;Monza e della Brianza;1;14.131;13,96;;10,16;;4,84;3,55;2,90;30,18
03108050;Vimercate;Monza e della Brianza;1;25.876;9,17;;8,82;;2,72;2,89;3,11;25,81
15063001;Acerra;Napoli;1;58.322;30,47;;8,53;;4,79;0,25;6,77;43,39
15063003;Agerola;Napoli;1;7.711;12,37;;36,64;;6,13;3,84;2,67;46,73
15063004;Anacapri;Napoli;1;6.835;52,84;;21,58;;10,75;11,52;4,09;66,38
15063005;Arzano;Napoli;1;31.977;17,68;;52,48;;8,21;5,94;0,04;55,17
15063006;Bacoli;Napoli;1;25.230;7,91;;6,06;;3,92;12,12;2,06;42,63
15063007;Barano d'Ischia;Napoli;1;9.971;17,55;;46,53;;2,33;5,25;12,88;60,90
15063008;Boscoreale;Napoli;1;25.939;21,63;;15,64;;2,45;2,88;3,07;40,36
15063009;Boscotrecase;Napoli;1;9.795;40,77;;9,63;;4,45;1,60;1,32;40,25
15063011;Caivano;Napoli;1;35.874;9,39;;42,45;;5,76;2,53;0,87;45,90
15063012;Calvizzano;Napoli;1;12.391;7,37;;22,19;;3,16;2,05;6,93;39,73
15063014;Capri;Napoli;1;6.804;20,85;;28,55;;9,10;8,26;4,88;56,45
15063015;Carbonara di Nola;Napoli;1;2.459;11,80;;17,36;;2,33;2,62;3,32;39,52
15063016;Cardito;Napoli;1;21.514;;;;;;7,47;18,09;42,19
15063017;Casalnuovo di Napoli;Napoli;1;46.992;20,21;;15,94;;4,05;1,41;3,86;41,62
15063020;Casandrino;Napoli;1;13.234;11,57;;26,20;;3,96;4,71;25,05;69,01
15063021;Casavatore;Napoli;1;18.209;12,01;;27,04;;6,10;0,64;1,90;42,36
15063023;Casoria;Napoli;1;74.021;22,88;;27,99;;1,16;5,67;2,91;46,70
15063024;Castellammare di Stabia;Napoli;1;62.772;16,38;;21,06;;7,44;1,38;1,32;36,39
15063025;Castello di Cisterna;Napoli;1;7.758;11,38;;16,86;;2,37;2,41;6,44;42,27
15063026;Cercola;Napoli;1;16.954;3,86;;26,88;;7,73;3,11;0,49;26,60
15063027;Cicciano;Napoli;1;12.263;13,66;;14,14;;3,16;1,53;1,62;33,52
15063028;Cimitile;Napoli;1;6.885;13,06;;7,82;;0,85;0,42;6,95;33,60
15063029;Comiziano;Napoli;1;1.704;5,41;;16,18;;6,70;0,70;0,50;40,82
15063030;Crispano;Napoli;1;11.724;16,84;;14,55;;8,58;2,31;6,70;46,15
15063064;Ercolano;Napoli;1;50.124;17,31;;28,27;;2,38;5,26;10,21;57,31
15063031;Forio;Napoli;1;17.437;51,90;;44,03;;0,52;10,41;0,74;72,82
15063032;Frattamaggiore;Napoli;1;28.492;8,91;;17,12;;9,01;2,76;0,87;41,90
15063033;Frattaminore;Napoli;1;15.354;11,69;;24,92;;2,08;4,09;2,56;41,26
15063034;Giugliano in Campania;Napoli;1;123.679;7,55;;35,13;;5,22;0,68;0,38;43,70
15063035;Gragnano;Napoli;1;27.960;19,07;;16,87;;1,87;3,45;3,48;40,98
15063036;Grumo Nevano;Napoli;1;17.145;11,31;;17,07;;1,28;3,09;0,44;38,25
15063037;Ischia;Napoli;1;19.598;17,96;;30,12;;3,54;4,75;1,74;46,69
15063038;Lacco Ameno;Napoli;1;4.561;13,70;;39,59;;;11,46;3,75;52,89
15063039;Lettere;Napoli;1;6.031;13,01;;17,36;;4,07;2,37;1,11;45,46
15063040;Liveri;Napoli;1;1.475;16,28;;19,21;;1,29;1,65;9,34;38,32
15063041;Marano di Napoli;Napoli;1;57.777;19,64;;18,56;;4,93;8,02;0,32;50,77
15063092;Massa di Somma;Napoli;1;4.991;24,13;;20,44;;9,58;8,59;4,27;58,05
15063044;Massa Lubrense;Napoli;1;14.141;36,27;;18,77;;3,61;1,70;1,16;40,85
15063045;Melito di Napoli;Napoli;1;36.269;7,76;;51,95;;1,65;3,63;0,05;38,55
15063046;Meta;Napoli;1;7.770;13,39;;41,45;;4,76;4,08;0,96;49,56
15063047;Monte di Procida;Napoli;1;11.845;47,67;;8,48;;3,84;0,22;2,66;37,68
15063051;Ottaviano;Napoli;1;23.115;43,37;;16,94;;3,34;2,32;4,90;39,59
15063052;Palma Campania;Napoli;1;16.221;9,97;;15,01;;3,09;2,07;1,52;35,92
15063053;Piano di Sorrento;Napoli;1;12.355;6,38;;18,73;;7,89;6,78;;41,83
15063054;Pimonte;Napoli;1;5.860;10,21;;13,82;;3,37;2,68;0,41;38,22
15063056;Pollena Trocchia;Napoli;1;12.750;7,29;;21,12;;1,13;4,70;3,71;36,61
15063057;Pomigliano d'Arco;Napoli;1;39.705;20,68;;24,14;;5,67;7,72;3,36;53,16
15063059;Portici;Napoli;1;52.054;31,13;;;;8,15;2,57;0,68;39,38
15063060;Pozzuoli;Napoli;1;76.331;12,04;;13,67;;4,04;11,26;4,67;42,86
15063061;Procida;Napoli;1;10.092;12,82;;30,53;;7,07;5,47;8,72;58,87
15063062;Qualiano;Napoli;1;24.501;9,48;;26,05;;3,13;1,71;0,68;37,56
15063063;Quarto;Napoli;1;41.228;6,10;;24,24;;2,81;1,83;3,01;37,66
15063065;Roccarainola;Napoli;1;6.564;34,48;;13,37;;8,27;1,63;;43,22
15063066;San Gennaro Vesuviano;Napoli;1;12.003;12,75;;22,54;;5,73;2,97;1,47;41,52
15063067;San Giorgio a Cremano;Napoli;1;42.485;17,72;;35,24;;9,31;2,41;1,19;56,12
15063068;San Giuseppe Vesuviano;Napoli;1;30.120;17,40;;16,32;;12,21;6,44;0,86;49,23
15063069;San Paolo Bel Sito;Napoli;1;3.378;5,96;;14,10;;2,29;2,36;3,49;36,87
15063070;San Sebastiano al Vesuvio;Napoli;1;8.664;25,54;;24,76;;5,43;3,59;11,28;59,29
15063071;Sant'Agnello;Napoli;1;8.640;19,13;;19,87;;4,91;2,33;8,11;45,61
15063072;Sant'Anastasia;Napoli;1;26.170;10,44;;20,76;;2,87;1,90;2,11;35,42
15063074;Sant'Antonio Abate;Napoli;1;19.065;13,52;;10,70;;3,17;1,68;3,92;34,66
15063076;Saviano;Napoli;1;15.810;10,25;;14,72;;3,77;1,14;0,04;32,64
15063077;Scisciano;Napoli;1;6.174;15,33;;16,20;;1,96;6,76;4,03;40,22
15063078;Serrara Fontana;Napoli;1;3.066;43,12;;21,88;;;2,28;1,08;52,17
15063079;Somma Vesuviana;Napoli;1;33.697;21,18;;25,60;;5,92;2,51;2,08;47,14
15063080;Sorrento;Napoli;1;15.407;5,60;;16,32;;8,83;5,81;2,25;39,47
15063081;Striano;Napoli;1;8.860;20,38;;28,17;;5,10;1,87;7,25;47,01
15063082;Terzigno;Napoli;1;17.211;15,05;;12,44;;6,30;6,62;16,98;52,94
15063083;Torre Annunziata;Napoli;1;40.153;20,97;;24,87;;5,98;6,75;11,67;62,47
15063084;Torre del Greco;Napoli;1;80.508;10,58;;42,17;;2,02;4,17;4,58;45,08
15063091;Trecase;Napoli;1;8.533;22,99;;17,26;;5,72;9,42;1,80;52,15
15063085;Tufino;Napoli;1;3.384;29,92;;23,62;;10,85;6,37;2,72;52,26
15063086;Vico Equense;Napoli;1;20.254;16,16;;21,20;;8,68;3,73;2,43;48,11
15063087;Villaricca;Napoli;1;31.356;11,91;;14,90;;;0,85;2,67;35,96
15063088;Visciano;Napoli;1;4.150;21,38;;12,84;;4,74;0,47;4,06;37,57
15063089;Volla;Napoli;1;25.531;16,17;;16,30;;3,82;6,87;6,41;47,77
01003001;Agrate Conturbia;Novara;1;1.544;10,05;;9,18;;1,24;5,63;0,60;22,36
01003002;Ameno;Novara;1;852;7,99;;15,94;;1,93;11,13;0,29;33,31
01003006;Armeno;Novara;1;2.078;10,82;;10,42;;0,26;14,68;0,30;31,12
01003008;Arona;Novara;1;13.694;9,64;;11,56;;2,63;7,55;1,27;27,64
01003019;Boca;Novara;1;1.141;13,18;;14,23;;2,64;10,87;1,23;35,84
01003021;Bogogno;Novara;1;1.295;9,75;;11,29;;1,59;10,71;0,75;29,64
01003022;Bolzano Novarese;Novara;1;1.132;11,91;;5,57;;0,44;8,07;1,79;21,81
01003025;Borgo Ticino;Novara;1;5.173;8,44;;9,66;;2,24;4,19;1,17;21,89
01003024;Borgomanero;Novara;1;21.188;12,77;;11,92;;3,07;4,45;3,18;28,77
01003026;Briga Novarese;Novara;1;2.760;6,97;;8,57;;0,11;7,22;1,98;22,00
01003036;Carpignano Sesia;Novara;1;2.446;15,44;;13,63;;4,56;6,50;2,56;34,28
01003043;Castelletto sopra Ticino;Novara;1;9.820;7,95;;6,10;;1,31;3,18;3,53;18,45
01003045;Cavaglio d'Agogna;Novara;1;1.139;16,28;;9,19;;3,06;10,52;0,92;31,76
01003047;Cavallirio;Novara;1;1.299;9,72;;7,98;;1,68;6,07;0,79;23,21
01003052;Comignago;Novara;1;1.221;11,95;;14,41;;2,52;7,68;1,22;31,00
01003058;Cureggio;Novara;1;2.589;17,05;;9,19;;3,18;4,68;0,94;24,43
01003060;Divignano;Novara;1;1.414;14,81;;8,65;;1,89;9,97;0,89;27,48
01003062;Dormelletto;Novara;1;2.515;5,12;;6,52;;1,32;3,04;1,00;16,34
01003065;Fara Novarese;Novara;1;2.002;11,70;;8,22;;1,62;6,75;1,02;23,63
01003066;Fontaneto d'Agogna;Novara;1;2.579;12,46;;11,03;;2,28;9,98;1,08;30,88
01003070;Gargallo;Novara;1;1.763;39,05;;14,55;;0,43;8,32;0,18;31,44
01003166;Gattico-Veruno;Novara;1;5.217;5,53;;11,20;;2,78;7,31;1,05;27,47
01003073;Ghemme;Novara;1;3.381;10,73;;11,21;;2,94;5,46;1,44;28,18
01003076;Gozzano;Novara;1;5.499;7,13;;9,52;;;9,98;0,75;25,32
01003079;Grignasco;Novara;1;4.302;11,36;;9,21;;1,95;5,42;0,92;23,47
01003082;Invorio;Novara;1;4.280;9,26;;9,61;;1,11;9,07;2,02;27,50
01003084;Lesa;Novara;1;2.164;15,60;;13,10;;4,23;14,74;5,80;43,92
01003088;Maggiora;Novara;1;1.616;18,07;;9,71;;2,00;3,81;0,15;21,80
01003095;Meina;Novara;1;2.367;11,04;;14,58;;2,07;10,63;1,50;34,11
01003098;Miasino;Novara;1;818;22,49;;12,60;;2,02;12,51;0,28;33,68
01003103;Nebbiuno;Novara;1;1.798;12,52;;;;1,73;12,15;0,41;32,73
01003106;Novara;Novara;1;101.257;12,98;;11,65;;3,60;9,03;4,39;34,46
01003109;Oleggio Castello;Novara;1;2.214;10,88;;13,89;;2,40;9,09;1,12;30,17
01003112;Orta San Giulio;Novara;1;1.047;9,71;;18,81;;6,63;15,33;0,39;44,71
01003114;Paruzzaro;Novara;1;2.137;12,51;;14,47;;2,39;6,49;2,92;31,00
01003116;Pettenasco;Novara;1;1.340;10,88;;12,29;;1,27;13,91;0,35;31,97
01003119;Pisano;Novara;1;803;8,26;;12,71;;6,55;16,33;0,30;40,08
01003121;Pombia;Novara;1;2.147;15,63;;9,60;;2,27;6,25;1,92;26,08
01003122;Prato Sesia;Novara;1;1.820;11,35;;9,10;;1,91;10,23;1,19;28,75
01003130;Romagnano Sesia;Novara;1;3.680;10,34;;9,81;;2,82;6,04;0,85;25,69
01003133;San Maurizio d'Opaglio;Novara;1;2.955;10,13;;11,49;;0,54;9,93;0,22;27,32
01003139;Sizzano;Novara;1;1.364;18,50;;10,44;;1,91;7,99;0,94;28,44
01003140;Soriso;Novara;1;723;8,47;;6,30;;;7,86;1,35;21,65
01003143;Suno;Novara;1;2.689;9,56;;8,64;;2,18;4,32;1,06;22,35
01003154;Varallo Pombia;Novara;1;4.965;12,67;;6,40;;2,48;6,48;1,02;21,85
20091005;Bari Sardo;Nuoro [fino 2024];1;3.837;27,84;;30,90;;4,13;4,22;1,55;47,58
20091006;Baunei;Nuoro [fino 2024];1;3.428;7,39;;20,04;;;1,88;6,38;36,87
20091009;Bitti - Dato aggregazione ASSOCIAZIONE DEI COMUNI DI BITTI, LULA, ONANI' - ENTE CAPOFILA COMUNE DI BITTI;Nuoro [fino 2024];3;4.195;14,74;;19,15;;;5,46;7,41;35,31
20091010;Bolotana;Nuoro [fino 2024];1;2.358;37,78;;31,08;;3,67;2,91;2,97;49,98
20091011;Borore;Nuoro [fino 2024];1;1.956;42,47;;31,47;;3,83;2,84;5,91;51,82
20091103;Cardedu;Nuoro [fino 2024];1;1.946;50,81;;23,19;;8,25;0,53;0,68;45,24
20091017;Dorgali;Nuoro [fino 2024];1;8.333;24,67;;22,92;;5,20;5,52;2,27;42,41
20091018;Dualchi;Nuoro [fino 2024];1;574;33,86;;34,04;;;7,80;2,03;51,72
20091024;Fonni;Nuoro [fino 2024];1;3.639;11,05;;16,51;;4,39;8,03;3,08;39,13
20091026;Gairo;Nuoro [fino 2024];1;1.285;44,89;;45,42;;;1,44;;54,66
20091033;Irgoli - Dato aggregazione ASSOCIAZIONE DEI COMUNI DI IRGOLI, ONIFAI, LOCULI, GALTELLI' - ENTE CAPOFILA COMUNE DI IRGOLI;Nuoro [fino 2024];4;5.747;76,25;;20,05;;;4,97;4,67;42,89
20091035;Jerzu;Nuoro [fino 2024];1;3.000;17,54;;26,56;;0,62;4,70;1,73;34,09
20091044;Macomer;Nuoro [fino 2024];1;9.334;7,84;;28,04;;5,74;10,16;2,01;49,42
20091051;Nuoro;Nuoro [fino 2024];1;33.850;29,63;;18,03;;8,94;3,63;2,97;43,18
20091055;Oliena;Nuoro [fino 2024];1;6.582;18,90;;19,76;;3,38;10,02;4,79;43,95
20091061;Orani;Nuoro [fino 2024];1;2.699;24,99;;25,41;;;1,60;;35,28
20091062;Orgosolo;Nuoro [fino 2024];1;3.930;29,48;;20,16;;4,06;7,25;0,46;42,35
20091067;Orune;Nuoro [fino 2024];1;2.138;32,82;;45,83;;4,50;9,82;0,50;67,93
20091068;Osidda;Nuoro [fino 2024];1;217;28,63;;26,14;;0,83;7,76;3,90;42,20
20091071;Ovodda;Nuoro [fino 2024];1;1.520;21,50;;23,07;;5,84;6,03;10,49;53,88
20091073;Posada;Nuoro [fino 2024];1;3.019;21,36;;19,25;;9,89;9,94;7,47;52,03
20091083;Silanus;Nuoro [fino 2024];1;1.984;24,18;;27,80;;;8,75;3,53;46,30
20091084;Sindia;Nuoro [fino 2024];1;1.583;6,51;;24,64;;1,56;6,59;2,13;38,42
20091085;Siniscola;Nuoro [fino 2024];1;11.189;24,15;;35,90;;9,52;5,10;2,28;54,65
20091089;Tertenia;Nuoro [fino 2024];1;3.867;8,02;;20,24;;0,86;3,06;3,99;33,48
20091095;Tortoli;Nuoro [fino 2024];1;10.953;20,79;;19,40;;6,21;3,65;5,24;40,21
20091097;Triei;Nuoro [fino 2024];1;1.057;15,86;;24,15;;1,42;8,85;13,85;56,56
20091101;Villagrande Strisaili;Nuoro [fino 2024];1;2.972;30,29;;37,14;;4,39;6,91;0,70;57,08
20095001;Abbasanta - Dato aggregazione UNIONE DEI COMUNI DEL GUILCIER;Oristano [fino 2024];9;12.746;8,24;;15,04;;;;;25,59
20095004;Ales - Dato aggregazione UNIONE DI COMUNI ALTA MARMILLA;Oristano [fino 2024];19;8.647;10,47;;10,15;;;0,32;;13,01
20095006;Arborea;Oristano [fino 2024];1;3.749;80,65;;3,78;;;14,41;;39,45
20095017;Busachi - Dato aggregazione UNIONE DEI COMUNI DEL BARIGADU;Oristano [fino 2024];9;7.478;17,56;;34,25;;2,43;2,86;0,99;44,71
20095082;Laconi;Oristano [fino 2024];1;1.667;28,26;;43,33;;;4,54;1,50;54,07
20095025;Marrubiu;Oristano [fino 2024];1;4.595;11,54;;12,95;;;8,03;1,08;30,64
20095027;Milis - Dato aggregazione UNIONE DEI COMUNI MONTIFERRU - SINIS;Oristano [fino 2024];11;15.172;13,46;;23,19;;1,32;3,29;1,90;35,70
20095031;Narbolia;Oristano [fino 2024];1;1.660;17,22;;36,47;;;6,58;2,55;49,90
20095038;Oristano;Oristano [fino 2024];1;30.363;6,83;;14,59;;6,01;4,68;4,78;37,01
20095039;Palmas Arborea - Dato aggregazione UNIONE DI COMUNI DEI FENICI;Oristano [fino 2024];5;10.707;6,20;;16,88;;0,77;4,69;0,33;29,20
20095043;Riola Sardo;Oristano [fino 2024];1;2.037;6,44;;21,92;;0,89;3,46;0,28;30,91
20095046;San Nicolo d'Arcidano;Oristano [fino 2024];1;2.476;10,13;;13,50;;;7,98;;28,54
20095065;Terralba;Oristano [fino 2024];1;9.719;7,07;;8,58;;0,47;7,78;;26,65
20095069;Uras;Oristano [fino 2024];1;2.672;9,88;;13,25;;;7,77;;27,89
05028001;Abano Terme;Padova;1;20.231;6,12;;10,23;;3,41;3,04;3,17;27,47
05028002;Agna;Padova;1;3.157;12,12;;11,29;;0,32;3,35;2,84;28,10
05028003;Albignasego;Padova;1;26.890;7,55;;11,55;;1,85;3,31;1,67;25,38
05028004;Anguillara Veneta;Padova;1;4.124;11,04;;10,28;;;3,18;2,72;26,63
05028005;Arqua  Petrarca;Padova;1;1.810;16,05;;16,97;;0,08;3,03;3,28;29,86
05028006;Arre;Padova;1;2.091;9,44;;10,98;;0,21;2,86;2,69;27,05
05028007;Arzergrande;Padova;1;4.788;11,00;;8,86;;0,06;2,50;2,26;24,02
05028008;Bagnoli di Sopra;Padova;1;3.396;17,10;;12,07;;0,54;2,94;2,57;29,77
05028009;Baone;Padova;1;3.058;15,55;;12,17;;0,02;3,04;1,98;26,13
05028010;Barbona;Padova;1;585;19,90;;18,90;;0,06;3,79;0,60;31,51
05028011;Battaglia Terme;Padova;1;3.766;13,43;;11,22;;2,72;3,13;2,25;26,92
05028012;Boara Pisani;Padova;1;2.379;20,91;;18,59;;;2,82;2,62;31,52
05028014;Bovolenta;Padova;1;3.440;11,43;;12,62;;0,14;3,36;2,86;29,72
05028015;Brugine;Padova;1;7.160;12,18;;10,20;;0,78;3,20;2,61;26,41
05028021;Candiana;Padova;1;2.192;17,18;;11,84;;;3,39;3,07;29,03
05028022;Carceri;Padova;1;1.470;18,66;;11,47;;0,42;5,26;3,42;28,73
05028026;Cartura;Padova;1;4.567;14,80;;13,50;;0,29;4,84;3,18;33,61
05028027;Casale di Scodosia;Padova;1;4.647;12,73;;11,55;;0,38;3,69;2,97;27,68
05028028;Casalserugo;Padova;1;5.366;7,75;;10,28;;2,14;3,41;2,14;26,24
05028029;Castelbaldo;Padova;1;1.420;13,83;;10,65;;0,53;3,46;3,07;25,66
05028031;Cinto Euganeo;Padova;1;1.906;19,76;;18,71;;;3,53;3,57;33,21
05028033;Codevigo;Padova;1;6.304;14,03;;19,54;;0,11;3,34;4,30;37,13
05028034;Conselve;Padova;1;9.957;9,62;;11,01;;1,16;2,96;1,67;27,66
05028035;Correzzola;Padova;1;4.993;16,18;;14,94;;0,01;3,22;3,06;30,90
05028106;Due Carrare;Padova;1;9.003;10,03;;10,44;;0,47;3,20;2,81;28,04
05028037;Este;Padova;1;15.975;13,81;;8,77;;1,54;1,64;1,79;22,14
05028043;Granze;Padova;1;1.917;10,08;;9,78;;;2,48;2,77;21,49
05028044;Legnaro;Padova;1;9.458;9,94;;10,45;;0,39;3,10;2,60;25,76
05028047;Lozzo Atestino;Padova;1;3.013;12,80;;12,76;;0,30;3,67;2,74;26,58
05028048;Masera  di Padova;Padova;1;9.126;10,16;;9,00;;0,84;2,92;1,48;24,96
05028049;Masi;Padova;1;1.797;14,25;;13,07;;0,22;3,16;2,82;26,96
05028052;Megliadino San Vitale;Padova;1;1.796;12,24;;12,31;;;2,77;1,82;24,58
05028053;Merlara;Padova;1;2.511;18,96;;13,43;;0,27;3,65;3,46;30,40
05028055;Monselice;Padova;1;17.220;8,48;;10,56;;1,83;2,97;1,83;24,72
05028056;Montagnana;Padova;1;8.937;6,32;;15,81;;1,69;3,40;3,01;28,10
05028058;Noventa Padovana;Padova;1;11.468;9,60;;13,09;;1,82;4,19;1,75;28,59
05028059;Ospedaletto Euganeo;Padova;1;5.549;12,77;;9,34;;1,44;2,11;1,16;22,07
05028060;Padova;Padova;1;206.496;9,64;;12,83;;4,68;5,31;4,89;36,93
05028061;Pernumia;Padova;1;3.765;12,43;;10,49;;0,66;2,76;2,53;24,54
05028062;Piacenza d'Adige;Padova;1;1.229;24,18;;24,30;;0,02;4,46;5,43;43,53
05028065;Piove di Sacco;Padova;1;20.004;12,03;;10,77;;1,56;4,05;1,24;25,65
05028066;Polverara;Padova;1;3.400;14,34;;9,75;;0,26;3,62;1,70;23,49
05028067;Ponso;Padova;1;2.391;15,76;;12,90;;0,64;3,03;2,92;27,60
05028069;Ponte San Nicolo;Padova;1;13.191;10,01;;12,51;;1,60;4,30;3,03;30,60
05028068;Pontelongo;Padova;1;3.640;9,37;;10,86;;0,34;2,73;1,35;24,06
05028070;Pozzonovo;Padova;1;3.430;11,67;;8,60;;0,04;3,31;2,26;23,08
05028073;Saccolongo;Padova;1;4.925;6,26;;10,65;;0,40;2,88;0,14;24,24
05028079;San Pietro Viminario;Padova;1;3.051;14,58;;12,66;;0,44;2,84;2,66;29,51
05028082;Sant'Angelo di Piove di Sacco;Padova;1;7.324;11,87;;10,97;;0,14;2,94;2,33;25,99
05028083;Sant'Elena;Padova;1;2.517;13,66;;18,26;;0,20;2,53;2,68;29,58
05028084;Sant'Urbano;Padova;1;1.905;17,43;;8,69;;0,13;1,71;1,22;13,94
05028087;Solesino;Padova;1;6.737;14,01;;9,43;;0,20;2,66;2,54;24,12
05028088;Stanghella;Padova;1;4.100;14,66;;12,31;;0,08;3,71;2,75;26,71
05028090;Terrassa Padovana;Padova;1;2.675;14,17;;12,67;;;4,81;3,30;31,76
05028094;Tribano;Padova;1;4.195;9,93;;10,90;;0,09;3,19;2,86;24,53
05028095;Urbana;Padova;1;2.016;12,35;;12,74;;0,88;2,94;2,92;26,45
05028097;Vescovana;Padova;1;1.715;15,76;;10,52;;1,16;3,13;1,26;23,89
05028098;Vighizzolo d'Este;Padova;1;864;11,51;;7,46;;0,44;2,59;2,63;19,93
05028102;Villa Estense;Padova;1;2.087;8,65;;8,14;;0,41;2,59;1,93;18,86
05028105;Vo';Padova;1;3.264;4,43;;8,88;;0,30;1,47;;16,60
19082001;Alia;Palermo;1;3.305;53,15;;25,95;;2,96;3,91;3,32;55,73
19082002;Alimena;Palermo;1;1.761;48,39;;23,94;;3,25;7,95;8,50;61,03
19082004;Altavilla Milicia;Palermo;1;8.668;4,90;;40,21;;7,26;0,94;3,02;52,08
19082005;Altofonte;Palermo;1;9.848;27,27;;63,90;;6,60;5,07;6,73;87,23
19082006;Bagheria;Palermo;1;52.928;24,07;;23,30;;4,23;2,70;3,11;44,53
19082007;Balestrate;Palermo;1;6.229;10,18;;17,24;;2,10;3,62;10,55;38,53
19082008;Baucina;Palermo;1;1.858;9,52;;30,23;;4,62;5,80;7,45;56,80
19082009;Belmonte Mezzagno;Palermo;1;10.858;15,86;;26,17;;2,39;4,18;0,36;46,92
19082010;Bisacquino;Palermo;1;4.128;13,34;;26,40;;2,79;2,20;1,28;37,85
19082082;Blufi;Palermo;1;876;37,81;;22,53;;2,44;5,46;1,95;46,80
19082011;Bolognetta;Palermo;1;4.090;137,06;;;;3,33;6,43;6,98;82,45
19082012;Bompietro;Palermo;1;1.197;43,06;;34,74;;3,36;6,45;2,68;62,49
19082013;Borgetto;Palermo;1;7.062;13,15;;24,89;;8,17;6,89;2,82;53,53
19082014;Caccamo;Palermo;1;7.663;13,04;;29,72;;2,50;3,45;1,92;46,94
19082015;Caltavuturo;Palermo;1;3.558;35,12;;32,49;;2,97;4,32;2,38;54,39
19082016;Campofelice di Fitalia;Palermo;1;452;20,80;;54,76;;3,80;9,20;12,60;87,94
19082017;Campofelice di Roccella;Palermo;1;7.666;6,40;;23,45;;4,08;3,40;0,96;36,54
19082019;Camporeale;Palermo;1;2.990;5,84;;49,85;;4,91;3,31;1,15;63,52
19082020;Capaci;Palermo;1;11.339;13,52;;33,14;;10,07;5,06;1,50;57,71
19082021;Carini;Palermo;1;39.773;12,09;;25,79;;3,11;4,76;1,77;39,08
19082022;Castelbuono;Palermo;1;8.100;26,17;;35,44;;3,75;2,33;1,18;48,06
19082023;Casteldaccia;Palermo;1;11.585;26,86;;32,64;;1,61;10,13;17,97;86,59
19082024;Castellana Sicula;Palermo;1;3.020;3,48;;2,29;;0,24;0,13;0,26;4,29
19082025;Castronovo di Sicilia;Palermo;1;2.821;25,65;;30,83;;4,74;3,15;1,42;56,08
19082027;Cefalu;Palermo;1;13.881;4,82;;18,67;;7,94;1,18;2,26;36,28
19082030;Ciminna;Palermo;1;3.428;13,14;;31,42;;6,30;3,69;5,83;55,74
19082031;Cinisi;Palermo;1;11.936;10,58;;29,13;;2,03;7,83;3,63;53,93
19082032;Collesano;Palermo;1;3.650;11,84;;25,62;;7,43;7,32;2,54;45,25
19082034;Corleone;Palermo;1;10.364;40,11;;12,35;;5,82;3,46;0,34;48,69
19082035;Ficarazzi;Palermo;1;12.991;10,08;;36,32;;6,37;12,97;10,32;71,79
19082036;Gangi;Palermo;1;6.110;52,10;;24,46;;2,85;3,06;3,07;50,30
19082037;Geraci Siculo;Palermo;1;1.702;46,75;;33,48;;3,39;2,21;3,72;61,06
19082038;Giardinello;Palermo;1;2.262;23,27;;41,82;;2,78;13,28;25,01;91,15
19082041;Gratteri;Palermo;1;859;19,45;;25,78;;27,83;12,77;4,84;76,12
19082042;Isnello;Palermo;1;1.306;26,18;;49,69;;17,81;7,04;2,14;75,04
19082043;Isola delle Femmine;Palermo;1;7.041;14,27;;27,95;;2,71;6,49;0,64;47,80
19082044;Lascari;Palermo;1;3.677;9,73;;13,77;;4,04;4,44;1,61;32,15
19082045;Lercara Friddi;Palermo;1;6.182;50,69;;31,60;;2,53;2,42;1,55;54,54
19082046;Marineo;Palermo;1;6.113;22,97;;24,71;;5,64;7,85;2,35;54,51
19082047;Mezzojuso;Palermo;1;2.617;19,62;;45,83;;4,75;5,87;6,86;72,25
19082049;Monreale;Palermo;1;38.698;;;;;;7,11;16,94;47,05
19082050;Montelepre;Palermo;1;5.742;14,46;;28,66;;2,94;17,74;1,18;59,58
19082053;Palermo;Palermo;1;630.167;6,67;;52,04;;3,89;5,96;3,11;35,54
19082054;Partinico;Palermo;1;30.674;11,99;;;;7,95;4,07;8,76;57,88
19082055;Petralia Soprana;Palermo;1;2.968;36,10;;37,53;;3,26;11,98;6,46;70,64
19082056;Petralia Sottana;Palermo;1;2.475;31,10;;20,11;;6,12;7,28;8,81;56,41
19082057;Piana degli Albanesi;Palermo;1;5.541;125,58;;25,40;;;1,29;0,01;54,90
19082058;Polizzi Generosa;Palermo;1;2.908;28,52;;29,40;;2,56;2,49;2,06;47,47
19082059;Pollina;Palermo;1;2.853;9,90;;26,24;;3,38;2,95;7,66;51,16
19082060;Prizzi;Palermo;1;4.172;10,51;;26,02;;4,08;2,60;3,30;47,45
19082064;San Giuseppe Jato;Palermo;1;8.055;37,32;;34,40;;;0,62;3,57;50,60
19082065;San Mauro Castelverde;Palermo;1;1.346;34,11;;39,19;;3,24;4,03;3,53;59,91
19082066;Santa Cristina Gela;Palermo;1;1.006;95,60;;37,85;;;5,35;0,41;59,69
19082068;Sciara;Palermo;1;2.524;33,37;;29,20;;3,65;8,13;1,61;56,66
19082081;Scillato;Palermo;1;591;23,98;;18,96;;1,85;2,03;1,50;36,55
19082069;Sclafani Bagni;Palermo;1;375;26,87;;29,15;;2,50;1,24;1,82;45,18
19082071;Terrasini;Palermo;1;12.833;8,55;;18,79;;2,76;7,09;8,14;46,33
19082072;Torretta;Palermo;1;4.278;16,60;;39,56;;7,45;6,79;10,12;72,96
19082073;Trabia;Palermo;1;10.561;6,26;;26,94;;7,53;2,66;4,04;52,16
19082074;Trappeto;Palermo;1;3.058;14,40;;28,09;;3,59;6,74;2,51;53,64
19082076;Valledolmo;Palermo;1;3.174;69,59;;24,70;;3,08;2,30;2,47;54,76
19082077;Ventimiglia di Sicilia;Palermo;1;1.824;24,11;;39,19;;4,77;2,60;1,40;54,84
19082080;Villafrati;Palermo;1;3.107;20,13;;35,96;;5,78;2,22;21,78;76,54
08034001;Albareto;Parma;1;2.087;6,87;;7,35;;0,15;6,59;3,17;25,85
08034003;Bedonia;Parma;1;3.111;8,95;;19,70;;2,67;2,97;3,00;29,86
08034004;Berceto;Parma;1;1.967;16,32;;25,05;;1,44;4,40;4,36;36,31
08034006;Borgo Val di Taro;Parma;1;6.716;31,92;;12,66;;4,15;4,96;0,04;36,30
08034007;Busseto;Parma;1;6.763;18,47;;11,29;;3,32;5,76;3,75;32,61
08034008;Calestano;Parma;1;2.065;7,77;;12,92;;0,30;5,94;4,08;28,85
08034009;Collecchio;Parma;1;14.684;11,91;;9,41;;2,38;5,41;3,57;27,46
08034010;Colorno;Parma;1;8.941;19,62;;10,83;;0,84;5,26;5,98;30,73
08034011;Compiano;Parma;1;1.058;25,40;;8,06;;;7,40;7,16;42,59
08034012;Corniglio;Parma;1;1.755;8,48;;17,07;;2,82;7,97;3,79;34,13
08034013;Felino;Parma;1;9.150;17,69;;12,85;;1,58;3,95;3,49;29,63
08034014;Fidenza;Parma;1;26.945;4,78;;9,22;;3,71;5,44;3,74;25,59
08034015;Fontanellato;Parma;1;7.053;13,78;;12,18;;2,03;5,73;5,61;32,63
08034016;Fontevivo;Parma;1;5.527;14,11;;10,01;;0,38;3,52;6,22;27,08
08034017;Fornovo di Taro;Parma;1;5.891;86,08;;7,00;;0,24;6,69;3,58;42,36
08034018;Langhirano;Parma;1;10.765;6,75;;10,20;;1,43;3,88;5,35;26,57
08034019;Lesignano de' Bagni;Parma;1;5.083;9,00;;10,78;;0,99;1,97;5,25;25,83
08034020;Medesano;Parma;1;10.687;18,96;;12,94;;1,21;3,97;5,11;30,78
08034022;Monchio delle Corti;Parma;1;841;8,37;;20,31;;;10,69;6,96;40,39
08034023;Montechiarugolo;Parma;1;11.211;17,18;;8,43;;1,12;3,35;4,27;23,23
08034024;Neviano degli Arduini;Parma;1;3.422;6,49;;6,89;;;4,80;3,26;21,72
08034025;Noceto;Parma;1;13.203;10,24;;9,64;;0,55;2,73;3,53;23,26
08034026;Palanzano;Parma;1;1.040;10,11;;22,28;;0,84;8,56;9,07;42,72
08034027;Parma;Parma;1;196.764;20,37;;11,99;;4,95;5,55;8,96;39,69
08034028;Pellegrino Parmense;Parma;1;962;28,50;;14,65;;;7,26;0,86;41,87
08034050;Polesione Zibello;Parma;1;3.099;16,65;;12,79;;0,35;3,47;3,55;27,40
08034030;Roccabianca;Parma;1;2.876;17,73;;12,16;;;5,96;4,32;30,08
08034031;Sala Baganza;Parma;1;5.888;13,39;;9,79;;3,33;3,89;4,89;29,61
08034032;Salsomaggiore Terme;Parma;1;19.990;12,98;;12,08;;2,80;4,69;5,78;32,46
08034033;San Secondo Parmense;Parma;1;5.823;18,45;;7,80;;1,25;4,62;4,91;25,66
08034049;Sissa Trecasali;Parma;1;7.846;15,90;;11,34;;0,04;2,28;5,09;26,39
08034035;Solignano;Parma;1;1.713;6,45;;16,56;;4,86;21,84;7,29;53,18
08034036;Soragna;Parma;1;4.736;11,09;;11,64;;0,61;4,47;4,18;27,54
08034051;Sorbolo Mezzani;Parma;1;12.803;21,71;;12,47;;1,77;4,82;6,08;33,21
08034038;Terenzo;Parma;1;1.148;7,32;;20,08;;;8,05;1,13;30,97
08034039;Tizzano Val Parma;Parma;1;2.128;7,84;;15,50;;0,22;4,68;3,94;28,40
08034040;Tornolo;Parma;1;910;14,87;;40,94;;1,41;11,74;2,03;46,52
08034041;Torrile;Parma;1;7.744;9,14;;10,93;;1,46;6,38;7,42;31,20
08034042;Traversetolo;Parma;1;9.559;14,38;;9,22;;0,60;4,82;4,45;25,90
08034044;Valmozzola;Parma;1;535;12,35;;29,76;;;10,39;8,78;48,49
08034045;Varano de' Melegari;Parma;1;2.573;16,98;;17,08;;0,73;6,90;0,62;32,99
08034046;Varsi;Parma;1;1.123;28,47;;8,10;;;11,38;0,84;42,26
03018002;Albaredo Arnaboldi;Pavia;1;234;5,37;;9,67;;1,31;3,76;1,17;24,45
03018003;Albonese;Pavia;1;541;13,12;;19,74;;;0,80;0,25;24,99
03018004;Albuzzano;Pavia;1;3.582;8,37;;8,71;;0,90;2,64;1,62;22,11
03018005;Arena Po;Pavia;1;1.500;5,49;;12,11;;0,16;2,93;1,13;21,93
03018007;Bagnaria;Pavia;1;639;12,81;;18,43;;2,39;10,14;2,94;39,22
03018009;Bascape;Pavia;1;1.768;6,46;;17,20;;1,07;3,05;0,15;24,31
03018012;Battuda;Pavia;1;659;9,83;;9,04;;;3,76;0,95;20,39
03018013;Belgioioso;Pavia;1;6.386;4,91;;16,37;;2,72;3,13;3,48;29,80
03018014;Bereguardo;Pavia;1;2.878;8,77;;9,91;;2,09;4,94;3,43;26,34
03018015;Borgarello;Pavia;1;2.689;21,75;;20,06;;4,24;4,53;0,48;38,56
03018018;Borgo San Siro;Pavia;1;947;10,57;;14,80;;2,28;6,22;2,52;33,83
03018017;Borgoratto Mormorolo;Pavia;1;395;17,16;;14,87;;;0,03;0,89;30,69
03018019;Bornasco;Pavia;1;2.676;9,20;;9,86;;0,43;4,01;2,16;23,30
03018020;Bosnasco;Pavia;1;623;6,39;;33,46;;1,94;2,46;1,30;28,56
03018022;Breme;Pavia;1;699;4,69;;19,64;;3,96;3,54;0,52;27,67
03018023;Bressana Bottarone;Pavia;1;3.460;14,80;;16,21;;0,30;2,63;1,62;30,22
03018024;Broni;Pavia;1;9.635;23,71;;13,64;;3,41;1,43;1,34;33,01
03018026;Campospinoso Albaredo;Pavia;1;1.092;4,93;;11,95;;1,38;2,81;1,15;24,16
03018027;Candia Lomellina;Pavia;1;1.455;7,58;;16,46;;4,51;5,75;1,84;33,49
03018030;Carbonara al Ticino;Pavia;1;1.424;5,68;;6,69;;2,97;3,62;0,59;23,27
03018032;Casatisma;Pavia;1;849;5,21;;7,34;;1,54;3,77;0,69;21,57
03018035;Cassolnovo;Pavia;1;6.773;15,12;;8,00;;0,03;1,54;1,68;30,73
03018037;Casteggio;Pavia;1;6.417;8,84;;8,18;;2,20;3,55;2,26;26,22
03018039;Castello d'Agogna;Pavia;1;1.051;11,97;;16,89;;3,77;4,75;0,35;32,95
03018040;Castelnovetto;Pavia;1;514;8,13;;15,61;;5,49;4,50;1,40;31,83
03018041;Cava Manara;Pavia;1;6.643;7,76;;12,46;;2,15;2,74;1,08;23,47
03018042;Cecima;Pavia;1;247;7,54;;8,70;;2,91;6,19;3,15;27,89
03018043;Ceranova;Pavia;1;2.302;7,97;;9,86;;0,69;4,78;0,22;21,54
03018044;Ceretto Lomellina;Pavia;1;184;4,04;;4,75;;1,71;4,86;2,45;22,76
03018045;Cergnago;Pavia;1;674;26,06;;25,99;;;3,41;0,33;37,99
03018046;Certosa di Pavia;Pavia;1;5.473;8,93;;8,58;;;5,99;3,94;25,68
03018048;Chignolo Po;Pavia;1;3.942;3,86;;11,68;;2,88;2,85;3,18;22,24
03018050;Cilavegna;Pavia;1;5.343;5,11;;9,68;;1,96;3,27;2,21;23,51
03018193;Colli Verdi;Pavia;1;1.025;6,42;;27,85;;1,03;4,75;1,38;27,12
03018053;Copiano;Pavia;1;1.708;6,03;;18,20;;1,20;1,06;1,51;22,38
03018054;Corana;Pavia;1;751;7,06;;5,49;;0,12;0,16;0,60;14,46
03018191;Cornale e Bastida;Pavia;1;798;5,64;;10,77;;0,68;1,68;1,12;18,97
03018192;Corteolona e Genzone;Pavia;1;2.526;4,42;;4,30;;0,94;1,75;1,90;16,70
03018057;Corvino San Quirico;Pavia;1;963;9,40;;24,28;;;3,27;6,00;35,80
03018058;Costa de' Nobili;Pavia;1;376;7,94;;5,48;;;1,14;3,39;18,52
03018059;Cozzo;Pavia;1;345;2,44;;23,33;;7,14;3,71;0,25;28,37
03018060;Cura Carpignano;Pavia;1;4.967;8,15;;9,74;;0,14;6,70;3,95;26,56
03018061;Dorno;Pavia;1;4.553;5,08;;11,88;;2,08;1,38;0,21;17,14
03018062;Ferrera Erbognone;Pavia;1;1.049;21,37;;4,15;;5,84;5,26;1,55;24,94
03018064;Fortunago;Pavia;1;365;16,00;;10,08;;;6,87;1,44;30,91
03018065;Frascarolo;Pavia;1;1.080;2,07;;13,49;;3,07;7,15;3,07;31,79
03018067;Gambarana;Pavia;1;194;14,00;;35,44;;1,69;5,36;2,77;44,31
03018068;Gambolo;Pavia;1;9.730;9,00;;11,75;;1,80;7,89;0,44;29,01
03018071;Gerenzago;Pavia;1;1.447;9,63;;10,74;;4,33;2,34;2,14;30,35
03018072;Giussago;Pavia;1;5.295;;;6,79;;5,40;2,37;0,64;24,61
03018075;Gravellona Lomellina;Pavia;1;2.710;8,16;;7,02;;0,62;1,47;1,23;29,39
03018077;Inverno e Monteleone;Pavia;1;1.444;5,24;;18,40;;1,38;4,43;1,14;22,86
03018078;Landriano;Pavia;1;6.495;5,26;;10,54;;5,55;1,29;4,62;28,80
03018079;Langosco;Pavia;1;372;21,05;;;;5,60;9,18;1,89;31,59
03018080;Lardirago;Pavia;1;1.180;10,44;;12,10;;7,48;10,27;3,08;40,97
03018083;Lomello;Pavia;1;2.029;7,31;;13,44;;0,12;1,61;0,45;33,96
03018085;Magherno;Pavia;1;1.778;6,26;;5,66;;1,06;2,50;1,59;19,08
03018088;Mede;Pavia;1;6.131;8,38;;17,57;;3,18;6,74;3,35;36,68
03018090;Mezzana Bigli;Pavia;1;1.046;4,88;;16,30;;1,05;1,30;0,36;21,23
03018091;Mezzana Rabattone;Pavia;1;463;9,59;;6,60;;0,19;6,12;5,46;23,77
03018093;Miradolo Terme;Pavia;1;3.736;12,74;;10,05;;0,77;5,52;4,48;24,72
03018094;Montalto Pavese;Pavia;1;852;8,18;;44,50;;0,57;1,64;1,23;32,36
03018095;Montebello della Battaglia;Pavia;1;1.440;11,24;;10,85;;0,58;3,39;1,84;23,64
03018096;Montecalvo Versiggia;Pavia;1;513;6,28;;18,75;;;1,13;1,79;23,15
03018100;Montu Beccaria;Pavia;1;1.607;7,95;;24,62;;2,05;2,60;1,32;29,43
03018101;Mornico Losana;Pavia;1;601;8,00;;29,00;;;1,24;2,39;28,58
03018102;Mortara;Pavia;1;15.360;4,78;;13,02;;5,56;3,22;3,94;35,56
03018105;Oliva Gessi;Pavia;1;168;5,39;;39,46;;;2,73;1,89;30,73
03018106;Ottobiano;Pavia;1;1.071;12,51;;20,26;;0,94;3,94;0,42;31,64
03018107;Palestro;Pavia;1;1.784;3,52;;16,31;;0,72;1,50;5,08;26,09
03018109;Parona;Pavia;1;1.847;6,10;;6,45;;2,95;4,99;0,12;20,50
03018110;Pavia;Pavia;1;70.636;10,47;;16,27;;3,68;6,03;6,50;37,04
03018114;Pieve Porto Morone;Pavia;1;2.561;8,80;;10,13;;3,50;3,51;2,87;27,67
03018115;Pinarolo Po;Pavia;1;1.690;7,58;;17,89;;;2,63;1,06;26,18
03018117;Ponte Nizza;Pavia;1;762;10,64;;13,52;;1,07;4,26;1,77;28,35
03018119;Rea;Pavia;1;384;7,34;;6,75;;1,05;4,15;0,96;24,45
03018120;Redavalle;Pavia;1;1.046;7,35;;28,62;;;1,82;2,46;28,50
03018121;Retorbido;Pavia;1;1.545;13,49;;10,11;;2,62;3,24;2,58;28,07
03018123;Robbio;Pavia;1;5.763;6,17;;10,25;;3,33;4,70;1,24;25,89
03018129;Roncaro;Pavia;1;1.561;9,68;;9,72;;0,55;4,91;2,24;25,02
03018130;Rosasco;Pavia;1;537;6,34;;17,10;;5,00;4,94;5,91;37,05
03018131;Rovescala;Pavia;1;809;8,41;;28,61;;0,85;2,13;2,17;29,48
03018133;San Cipriano Po;Pavia;1;457;5,41;;27,93;;6,10;3,72;0,82;31,02
03018135;San Genesio ed Uniti;Pavia;1;4.005;5,76;;6,24;;2,21;2,06;5,16;22,28
03018137;San Martino Siccomario;Pavia;1;6.276;5,43;;4,76;;;6,24;1,76;21,10
03018145;San Zenone al Po;Pavia;1;543;8,95;;12,35;;0,40;1,64;1,91;25,83
03018139;Santa Cristina e Bissone;Pavia;1;1.845;3,44;;9,50;;0,94;0,94;1,35;10,64
03018140;Santa Giuletta;Pavia;1;1.556;6,93;;20,97;;0,12;2,15;1,08;25,67
03018143;Santa Maria della Versa;Pavia;1;2.232;8,58;;28,62;;2,07;3,16;2,39;33,09
03018141;Sant'Alessio con Vialone;Pavia;1;1.028;7,34;;9,74;;1,73;1,79;1,88;21,24
03018146;Sartirana Lomellina;Pavia;1;1.468;2,72;;19,80;;1,73;2,85;2,29;25,76
03018148;Semiana;Pavia;1;196;2,48;;15,29;;1,97;4,81;0,23;22,77
03018149;Silvano Pietra;Pavia;1;632;5,05;;7,44;;0,80;2,15;0,73;14,88
03018150;Siziano;Pavia;1;6.535;32,91;;;;1,84;8,13;0,73;26,83
03018153;Stradella;Pavia;1;11.425;21,80;;15,54;;8,58;2,25;1,44;34,29
03018155;Torrazza Coste;Pavia;1;1.560;8,89;;23,19;;1,22;5,65;1,57;34,47
03018157;Torre d'Arese;Pavia;1;918;5,43;;11,04;;1,26;2,29;2,31;20,40
03018158;Torre de' Negri;Pavia;1;321;4,14;;8,18;;2,80;3,61;1,01;19,72
03018159;Torre d'Isola;Pavia;1;2.408;8,22;;14,93;;3,48;7,63;2,94;33,85
03018160;Torrevecchia Pia;Pavia;1;3.516;8,13;;13,43;;2,43;6,84;4,24;34,07
03018162;Travaco Siccomario;Pavia;1;4.434;9,48;;9,50;;1,28;5,28;2,00;24,65
03018164;Tromello;Pavia;1;3.616;10,40;;21,02;;4,63;3,44;4,49;40,01
03018165;Trovo;Pavia;1;1.003;9,93;;10,55;;1,76;8,38;6,79;35,95
03018166;Val di Nizza;Pavia;1;558;6,96;;13,42;;7,43;9,17;1,23;38,43
03018167;Valeggio;Pavia;1;184;13,93;;12,27;;;3,36;0,34;25,28
03018168;Valle Lomellina;Pavia;1;2.082;8,83;;26,74;;1,91;7,07;0,71;38,48
03018171;Varzi;Pavia;1;3.008;8,86;;12,28;;4,05;6,16;2,32;31,63
03018173;Vellezzo Bellini;Pavia;1;3.394;8,99;;14,18;;0,58;4,93;2,53;27,45
03018175;Verrua Po;Pavia;1;1.185;4,11;;16,03;;0,21;1,53;0,98;17,36
03018177;Vigevano;Pavia;1;62.076;13,45;;15,70;;2,50;2,21;2,76;34,56
03018178;Villa Biscossi;Pavia;1;65;7,59;;28,79;;;4,49;0,39;30,76
03018179;Villanova d'Ardenghi;Pavia;1;745;10,82;;9,37;;2,29;2,84;0,24;19,69
03018180;Villanterio;Pavia;1;3.337;4,80;;14,98;;1,07;1,58;1,53;19,31
03018181;Vistarino;Pavia;1;1.567;6,82;;8,31;;2,05;3,83;3,11;23,99
03018182;Voghera;Pavia;1;38.637;11,75;;15,45;;3,50;1,84;6,09;33,42
03018184;Zavattarello;Pavia;1;879;3,01;;25,86;;1,83;5,47;1,36;28,26
03018185;Zeccone;Pavia;1;1.719;4,73;;6,59;;3,86;1,29;1,54;20,24
03018186;Zeme;Pavia;1;992;8,13;;27,56;;0,13;5,40;9,67;44,13
03018187;Zenevredo;Pavia;1;498;5,60;;14,28;;;2,60;1,20;24,43
03018189;Zerbolo;Pavia;1;1.630;5,03;;10,88;;0,70;4,26;2,23;25,16
03018190;Zinasco;Pavia;1;3.055;7,49;;7,95;;1,49;3,45;1,22;19,61
10054001;Assisi;Perugia;1;27.605;5,84;;27,74;;4,99;11,55;2,92;49,72
10054002;Bastia Umbra;Perugia;1;21.199;10,86;;14,52;;3,22;6,25;6,05;43,83
10054003;Bettona;Perugia;1;4.224;15,20;;18,33;;3,42;14,92;5,76;57,84
10054004;Bevagna;Perugia;1;4.797;4,83;;35,75;;3,41;9,79;2,34;46,62
10054005;Campello sul Clitunno;Perugia;1;2.314;0,44;;16,35;;;4,44;2,58;25,10
10054006;Cannara;Perugia;1;4.175;12,39;;25,67;;2,78;9,46;12,05;59,48
10054007;Cascia;Perugia;1;2.957;12,57;;21,83;;3,54;7,84;3,88;41,08
10054008;Castel Ritaldi;Perugia;1;3.041;2,99;;16,09;;3,38;5,92;3,47;33,37
10054009;Castiglione del Lago;Perugia;1;15.137;7,03;;21,62;;2,95;6,62;4,81;44,88
10054010;Cerreto di Spoleto;Perugia;1;975;8,06;;13,59;;2,96;6,72;3,18;32,67
10054011;Citerna;Perugia;1;3.367;12,59;;17,40;;0,81;4,53;0,21;31,72
10054012;Citta  della Pieve;Perugia;1;7.466;4,96;;23,84;;4,42;9,05;8,73;50,93
10054013;Citta  di Castello;Perugia;1;38.222;12,45;;14,99;;3,79;4,28;1,14;30,64
10054014;Collazzone;Perugia;1;3.324;10,96;;19,94;;4,34;7,52;4,95;40,31
10054015;Corciano;Perugia;1;21.535;4,50;;19,27;;2,07;6,99;7,09;41,56
10054016;Costacciaro;Perugia;1;1.058;21,08;;27,41;;2,40;10,29;3,99;50,82
10054017;Deruta;Perugia;1;9.442;10,03;;19,67;;2,97;7,86;10,51;47,90
10054018;Foligno;Perugia;1;55.226;3,46;;21,46;;2,89;6,02;6,09;37,02
10054019;Fossato di Vico;Perugia;1;2.639;10,96;;24,49;;2,75;3,36;;34,81
10054020;Fratta Todina;Perugia;1;1.857;11,23;;22,57;;1,47;7,83;15,59;51,60
10054021;Giano dell'Umbria;Perugia;1;3.648;11,95;;18,08;;2,83;7,29;3,20;35,86
10054022;Gualdo Cattaneo;Perugia;1;5.609;13,99;;27,77;;3,32;8,92;2,43;45,51
10054023;Gualdo Tadino;Perugia;1;14.281;17,47;;18,51;;1,25;5,49;0,40;33,85
10054024;Gubbio;Perugia;1;30.479;13,40;;17,47;;3,18;2,89;4,91;34,29
10054025;Lisciano Niccone;Perugia;1;601;3,50;;16,74;;7,01;15,90;2,97;46,33
10054026;Magione;Perugia;1;14.620;5,66;;24,61;;2,94;7,21;6,83;46,44
10054027;Marsciano;Perugia;1;18.010;12,88;;14,21;;2,72;12,29;10,82;49,91
10054028;Massa Martana;Perugia;1;3.613;13,83;;23,80;;2,67;7,50;6,10;43,83
10054029;Monte Castello di Vibio;Perugia;1;1.429;23,03;;34,35;;;10,29;14,79;62,25
10054032;Monte Santa Maria Tiberina;Perugia;1;1.085;8,03;;16,18;;0,48;8,85;0,16;31,98
10054030;Montefalco;Perugia;1;5.357;5,10;;37,32;;2,06;7,41;4,34;42,00
10054031;Monteleone di Spoleto;Perugia;1;555;8,97;;8,00;;15,42;13,47;9,33;57,31
10054033;Montone;Perugia;1;1.580;23,33;;22,73;;5,39;12,45;2,79;53,87
10054034;Nocera Umbra;Perugia;1;5.511;5,28;;35,91;;2,39;9,46;2,69;39,27
10054035;Norcia;Perugia;1;4.544;12,67;;22,15;;0,93;6,77;3,87;37,17
10054036;Paciano;Perugia;1;957;3,49;;22,74;;5,36;14,48;8,98;54,43
10054037;Panicale;Perugia;1;5.281;7,17;;25,15;;2,93;9,39;11,47;53,96
10054038;Passignano sul Trasimeno;Perugia;1;5.714;5,12;;19,76;;3,47;7,66;6,41;44,83
10054039;Perugia;Perugia;1;161.748;8,20;;14,34;;4,59;11,61;10,86;51,22
10054040;Piegaro;Perugia;1;3.395;8,57;;23,27;;5,53;9,04;10,02;53,33
10054041;Pietralunga;Perugia;1;1.984;9,40;;15,12;;6,95;5,54;2,11;36,70
10054042;Poggiodomo;Perugia;1;92;17,77;;;;22,32;17,33;13,18;81,06
10054043;Preci;Perugia;1;681;5,00;;35,62;;7,98;8,46;4,58;43,88
10054044;San Giustino;Perugia;1;11.060;16,72;;11,29;;3,12;4,06;2,03;28,18
10054045;Sant'Anatolia di Narco;Perugia;1;500;9,40;;1,84;;0,47;4,02;2,09;19,95
10054046;Scheggia e Pascelupo;Perugia;1;1.232;47,65;;11,02;;3,14;28,52;6,45;84,77
10054047;Scheggino;Perugia;1;446;4,61;;5,75;;4,03;2,90;3,89;26,25
10054048;Sellano;Perugia;1;972;5,13;;2,93;;4,91;6,95;2,06;28,20
10054049;Sigillo;Perugia;1;2.335;15,29;;21,79;;2,55;2,63;0,88;37,14
10054050;Spello;Perugia;1;8.264;1,81;;23,77;;4,01;7,45;8,85;43,89
10054051;Spoleto;Perugia;1;36.271;3,36;;21,57;;2,42;6,35;5,91;36,87
10054052;Todi;Perugia;1;15.682;15,76;;22,18;;3,14;7,27;5,44;48,31
10054053;Torgiano;Perugia;1;6.583;6,55;;11,87;;4,65;6,72;3,21;38,54
10054054;Trevi;Perugia;1;8.063;4,09;;18,05;;1,41;5,11;6,58;33,57
10054055;Tuoro sul Trasimeno;Perugia;1;3.728;4,51;;28,17;;1,84;6,48;6,35;42,06
10054056;Umbertide;Perugia;1;16.298;27,00;;14,69;;1,41;7,57;0,38;32,45
10054057;Valfabbrica;Perugia;1;3.205;6,61;;17,07;;7,05;9,61;6,00;44,96
10054058;Vallo di Nera;Perugia;1;345;6,42;;6,00;;6,05;5,87;7,80;37,64
10054059;Valtopina;Perugia;1;1.280;4,51;;33,22;;6,62;9,00;5,90;45,93
11041001;Acqualagna;Pesaro e Urbino;1;4.151;18,06;;11,91;;1,66;7,84;7,94;38,60
11041002;Apecchio;Pesaro e Urbino;1;1.704;22,70;;14,41;;1,96;5,43;3,69;34,82
11041005;Belforte all'Isauro;Pesaro e Urbino;1;737;25,71;;20,80;;9,66;19,55;12,68;72,66
11041006;Borgo Pace;Pesaro e Urbino;1;517;32,91;;17,07;;4,95;7,29;4,87;45,28
11041007;Cagli;Pesaro e Urbino;1;7.943;22,67;;17,62;;2,89;7,01;3,74;40,82
11041008;Cantiano;Pesaro e Urbino;1;1.999;32,41;;20,72;;2,84;6,68;2,69;45,32
11041009;Carpegna;Pesaro e Urbino;1;1.642;51,45;;16,33;;4,11;6,95;4,96;45,99
11041013;Fano;Pesaro e Urbino;1;59.785;12,85;;12,33;;4,87;10,26;5,01;38,97
11041014;Fermignano;Pesaro e Urbino;1;8.254;22,61;;8,66;;3,18;4,69;3,24;28,71
11041016;Fratte Rosa;Pesaro e Urbino;1;847;32,56;;20,23;;6,34;8,36;7,26;55,33
11041017;Frontino;Pesaro e Urbino;1;300;41,13;;18,17;;5,15;11,44;6,85;55,31
11041018;Frontone;Pesaro e Urbino;1;1.218;30,26;;20,07;;3,25;7,17;2,67;44,91
11041019;Gabicce Mare;Pesaro e Urbino;1;5.496;13,12;;14,14;;5,64;7,51;6,38;40,97
11041020;Gradara;Pesaro e Urbino;1;4.889;16,52;;16,97;;6,00;8,32;4,55;42,92
11041022;Lunano;Pesaro e Urbino;1;1.426;22,80;;12,05;;1,42;6,12;2,74;32,91
11041023;Macerata Feltria;Pesaro e Urbino;1;1.889;19,33;;16,46;;2,04;7,38;6,50;40,85
11041025;Mercatello sul Metauro;Pesaro e Urbino;1;1.326;24,48;;16,41;;1,49;7,60;5,03;39,37
11041026;Mercatino Conca;Pesaro e Urbino;1;1.033;19,21;;15,82;;3,61;18,25;2,89;49,88
11041027;Mombaroccio;Pesaro e Urbino;1;2.097;29,66;;15,62;;1,64;8,44;5,85;41,77
11041028;Mondavio;Pesaro e Urbino;1;3.634;14,82;;15,51;;6,08;13,51;3,25;43,99
11041031;Monte Cerignone;Pesaro e Urbino;1;604;19,06;;19,11;;0,97;13,75;2,50;43,89
11041035;Monte Grimano Terme;Pesaro e Urbino;1;1.094;26,62;;22,10;;3,50;14,30;12,72;62,41
11041030;Montecalvo in Foglia;Pesaro e Urbino;1;2.714;19,79;;16,03;;1,20;11,78;9,34;47,21
11041034;Montefelcino;Pesaro e Urbino;1;2.506;12,01;;15,48;;1,23;11,92;4,25;37,31
11041036;Montelabbate;Pesaro e Urbino;1;7.008;18,87;;7,63;;0,77;4,52;4,45;24,96
11041041;Peglio;Pesaro e Urbino;1;645;29,20;;17,97;;5,22;12,29;2,51;50,70
11041044;Pesaro;Pesaro e Urbino;1;95.376;14,57;;13,32;;3,84;6,91;4,50;35,59
11041045;Petriano;Pesaro e Urbino;1;2.762;22,04;;13,11;;2,57;7,25;6,76;40,13
11041047;Piandimeleto;Pesaro e Urbino;1;2.029;39,77;;11,83;;1,72;7,66;2,05;33,86
11041048;Pietrarubbia;Pesaro e Urbino;1;601;30,35;;17,38;;5,93;11,67;7,13;54,16
11041049;Piobbico;Pesaro e Urbino;1;1.802;24,50;;18,77;;2,24;6,31;2,29;39,20
11041051;San Costanzo;Pesaro e Urbino;1;4.545;10,06;;9,70;;2,42;11,48;4,76;37,20
11041054;San Lorenzo in Campo;Pesaro e Urbino;1;3.161;12,82;;22,93;;1,53;5,26;3,25;37,99
11041057;Sant'Angelo in Vado;Pesaro e Urbino;1;3.884;24,52;;12,48;;1,62;6,21;5,89;36,11
11041071;Sassocorvaro Auditore;Pesaro e Urbino;1;4.855;21,57;;16,44;;2,68;4,35;3,97;36,59
11041061;Serra Sant'Abbondio;Pesaro e Urbino;1;904;30,06;;20,71;;3,44;7,38;3,15;45,19
11041064;Tavoleto;Pesaro e Urbino;1;825;31,18;;14,59;;0,58;10,38;30,96;70,06
11041065;Tavullia;Pesaro e Urbino;1;7.888;17,28;;9,27;;2,04;4,70;1,81;25,82
11041066;Urbania;Pesaro e Urbino;1;6.836;19,89;;12,68;;3,34;7,20;3,42;36,20
11041067;Urbino;Pesaro e Urbino;1;13.734;17,13;;15,07;;7,74;5,84;5,26;41,88
11041068;Vallefoglia;Pesaro e Urbino;1;14.935;13,11;;8,45;;2,19;4,61;3,25;25,54
13068002;Alanno;Pescara;1;3.377;70,97;;6,57;;0,53;;;30,88
13068003;Bolognano;Pescara;1;1.002;12,42;;28,32;;3,32;3,37;;43,18
13068010;Catignano;Pescara;1;1.227;12,61;;1,93;;0,78;5,39;0,88;27,38
13068011;Cepagatti;Pescara;1;10.946;6,56;;8,88;;2,87;5,96;7,78;33,91
13068012;Citta  Sant'Angelo;Pescara;1;14.795;6,48;;16,26;;4,88;5,86;11,21;43,04
13068013;Civitaquana;Pescara;1;1.146;12,25;;25,13;;;14,61;9,85;52,59
13068016;Corvara;Pescara;1;210;21,53;;25,85;;0,99;22,55;;62,25
13068017;Cugnoli;Pescara;1;1.336;8,32;;8,40;;2,88;13,67;7,03;38,76
13068019;Farindola;Pescara;1;1.348;1,93;;;;2,44;2,62;;53,31
13068021;Loreto Aprutino;Pescara;1;7.140;15,08;;21,41;;5,24;2,79;1,88;40,31
13068024;Montesilvano;Pescara;1;53.275;;;;;;2,49;7,34;21,02
13068025;Moscufo;Pescara;1;3.091;15,34;;16,97;;0,91;2,35;0,76;28,42
13068026;Nocciano;Pescara;1;1.693;9,34;;8,55;;2,97;5,16;1,74;24,67
13068027;Penne;Pescara;1;11.165;7,37;;15,50;;5,47;7,66;2,52;37,40
13068028;Pescara;Pescara;1;118.657;12,33;;15,64;;5,40;4,10;2,95;37,86
13068030;Pianella;Pescara;1;8.472;12,51;;11,49;;4,06;9,26;2,41;37,46
13068032;Pietranico;Pescara;1;439;12,77;;48,05;;6,13;11,92;0,64;47,19
13068033;Popoli;Pescara;1;4.713;5,64;;14,47;;4,63;3,74;2,07;30,42
13068034;Roccamorice;Pescara;1;878;6,98;;15,69;;4,42;7,80;0,87;35,03
13068038;San Valentino in Abruzzo Citeriore;Pescara;1;1.833;6,42;;10,53;;3,25;22,48;1,07;45,30
13068039;Scafa;Pescara;1;3.488;9,84;;22,28;;2,28;1,50;2,35;32,49
13068041;Spoltore;Pescara;1;19.012;10,39;;15,62;;3,14;3,51;4,13;32,76
13068042;Tocco da Casauria;Pescara;1;2.400;9,32;;20,82;;5,14;3,01;;36,04
13068043;Torre de' Passeri;Pescara;1;2.834;30,57;;10,79;;2,07;3,86;0,72;27,73
13068046;Villa Celiera;Pescara;1;557;21,53;;53,03;;3,63;10,96;0,59;65,18
08033001;Agazzano;Piacenza;1;1.979;11,07;;15,58;;0,27;2,34;2,26;26,51
08033002;Alseno;Piacenza;1;4.684;9,44;;12,69;;0,44;4,75;3,65;26,87
08033049;Alta Val Tidone;Piacenza;1;2.907;8,67;;14,92;;1,67;4,98;2,45;27,76
08033003;Besenzone;Piacenza;1;916;12,40;;13,77;;0,19;6,62;2,14;28,91
08033004;Bettola;Piacenza;1;2.591;11,76;;13,94;;0,19;6,42;2,16;28,16
08033005;Bobbio;Piacenza;1;3.408;8,12;;18,87;;2,30;5,10;2,51;30,69
08033006;Borgonovo Val Tidone;Piacenza;1;8.105;10,57;;14,74;;1,80;5,05;4,57;31,48
08033007;Cadeo;Piacenza;1;5.978;9,46;;9,46;;0,29;3,74;3,68;23,67
08033008;Calendasco;Piacenza;1;2.407;8,77;;15,49;;0,26;5,57;3,41;29,09
08033010;Caorso;Piacenza;1;4.707;10,19;;14,44;;0,17;4,55;2,05;26,56
08033011;Carpaneto Piacentino;Piacenza;1;7.645;23,10;;11,10;;1,46;5,04;3,26;28,58
08033013;Castel San Giovanni;Piacenza;1;14.097;9,46;;5,39;;2,01;1,22;2,31;15,47
08033012;Castell'Arquato;Piacenza;1;4.617;7,53;;16,48;;0,38;8,87;2,05;31,59
08033014;Castelvetro Piacentino;Piacenza;1;5.243;12,58;;14,08;;0,17;2,68;2,22;25,10
08033015;Cerignale;Piacenza;1;117;36,37;;65,79;;;11,07;1,06;58,01
08033016;Coli;Piacenza;1;837;;;4,25;;;20,13;0,93;28,71
08033017;Corte Brugnatella;Piacenza;1;517;19,03;;6,86;;0,77;12,34;1,47;37,91
08033018;Cortemaggiore;Piacenza;1;4.628;28,05;;13,00;;1,37;3,74;3,96;31,38
08033019;Farini;Piacenza;1;1.043;9,90;;8,63;;;15,52;4,27;35,67
08033020;Ferriere;Piacenza;1;1.109;11,29;;11,87;;1,57;22,83;1,49;44,24
08033021;Fiorenzuola d'Arda;Piacenza;1;14.874;9,61;;10,48;;2,80;4,48;3,07;26,35
08033022;Gazzola;Piacenza;1;2.077;8,54;;11,76;;;3,60;3,62;24,56
08033023;Gossolengo;Piacenza;1;5.715;10,30;;15,96;;0,54;5,38;3,63;30,20
08033024;Gragnano Trebbiense;Piacenza;1;4.572;10,70;;12,08;;0,26;3,91;2,62;24,73
08033025;Gropparello;Piacenza;1;2.137;9,49;;14,48;;0,84;8,18;3,08;30,67
08033026;Lugagnano Val d'Arda;Piacenza;1;3.889;9,12;;12,80;;1,61;7,03;3,67;30,30
08033027;Monticelli d'Ongina;Piacenza;1;5.138;10,94;;8,78;;0,76;3,94;1,87;20,68
08033028;Morfasso;Piacenza;1;884;8,82;;15,53;;;14,69;1,76;34,00
08033030;Ottone;Piacenza;1;432;11,67;;22,60;;5,10;8,32;2,41;39,20
08033032;Piacenza;Piacenza;1;102.465;9,70;;10,74;;4,22;3,71;4,30;29,15
08033033;Pianello Val Tidone;Piacenza;1;2.161;8,32;;12,67;;0,71;4,48;2,70;25,56
08033034;Piozzano;Piacenza;1;578;6,91;;8,76;;;7,87;1,21;22,80
08033035;Podenzano;Piacenza;1;9.041;23,52;;10,94;;1,24;2,89;2,97;25,95
08033036;Ponte dell'Olio;Piacenza;1;4.628;9,51;;13,00;;0,90;4,42;2,34;26,04
08033037;Pontenure;Piacenza;1;6.523;10,99;;13,78;;0,95;4,44;3,42;28,67
08033038;Rivergaro;Piacenza;1;7.037;9,88;;11,17;;1,25;3,52;3,20;25,90
08033039;Rottofreno;Piacenza;1;12.206;11,52;;15,25;;0,38;4,87;3,63;29,74
08033040;San Giorgio Piacentino;Piacenza;1;5.533;23,52;;10,23;;0,28;2,54;2,45;23,07
08033041;San Pietro in Cerro;Piacenza;1;769;23,10;;7,49;;0,08;6,81;2,44;22,40
08033042;Sarmato;Piacenza;1;2.896;17,23;;15,15;;0,62;3,95;5,84;33,34
08033043;Travo;Piacenza;1;2.180;7,51;;11,46;;;4,16;3,29;23,80
08033044;Vernasca;Piacenza;1;2.004;7,55;;15,07;;;13,51;2,70;32,18
08033045;Vigolzone;Piacenza;1;4.200;10,19;;12,74;;1,63;3,96;2,85;26,77
08033046;Villanova sull'Arda;Piacenza;1;1.669;9,46;;15,83;;1,60;5,86;4,45;32,63
08033048;Ziano Piacentino;Piacenza;1;2.436;11,44;;12,95;;0,36;5,37;1,99;26,64
09050002;Buti;Pisa;1;5.543;7,95;;19,34;;1,35;4,03;6,91;44,83
09050004;Calcinaia;Pisa;1;12.738;14,82;;13,28;;0,61;2,84;2,15;31,94
09050005;Capannoli;Pisa;1;6.386;5,82;;15,32;;2,74;3,79;0,87;31,67
09050040;Casciana Terme Lari;Pisa;1;12.120;8,89;;20,40;;3,83;2,80;5,47;44,25
09050008;Cascina;Pisa;1;44.735;9,00;;14,58;;0,53;3,64;3,18;35,10
09050010;Castellina Marittima;Pisa;1;1.827;8,79;;12,15;;0,01;3,77;1,57;26,04
09050011;Castelnuovo di Val di Cecina;Pisa;1;2.064;8,05;;31,53;;12,87;5,65;1,09;44,68
09050012;Chianni;Pisa;1;1.309;10,67;;15,33;;;2,20;3,27;20,62
09050041;Crespina Lorenzana;Pisa;1;5.460;8,88;;10,92;;2,87;4,81;1,02;43,59
09050014;Fauglia;Pisa;1;3.649;6,66;;28,39;;2,60;4,86;28,32;72,01
09050015;Guardistallo;Pisa;1;1.155;45,99;;12,37;;3,60;11,95;6,51;54,05
09050016;Lajatico;Pisa;1;1.265;24,64;;41,37;;3,04;1,30;4,41;50,89
09050019;Montecatini Val di Cecina;Pisa;1;1.681;18,58;;40,51;;4,01;7,33;0,25;45,47
09050020;Montescudaio;Pisa;1;2.144;24,25;;9,34;;3,56;5,62;2,02;43,00
09050021;Monteverdi Marittimo;Pisa;1;766;68,21;;1,50;;7,10;7,05;1,36;74,93
09050022;Montopoli in Val d'Arno;Pisa;1;11.184;9,26;;17,62;;4,48;2,96;2,63;37,53
09050023;Orciano Pisano;Pisa;1;632;71,07;;24,47;;0,11;6,95;1,98;55,06
09050024;Palaia;Pisa;1;4.523;6,15;;23,50;;3,77;2,95;10,21;48,64
09050026;Pisa;Pisa;1;88.737;7,68;;23,38;;6,37;4,89;3,92;47,48
09050028;Ponsacco;Pisa;1;15.594;7,37;;13,44;;0,79;3,10;3,26;34,15
09050029;Pontedera;Pisa;1;29.393;6,38;;18,93;;5,88;3,03;5,05;43,98
09050030;Riparbella;Pisa;1;1.588;40,18;;0,17;;3,32;8,85;13,31;63,23
09050031;San Giuliano Terme;Pisa;1;30.652;7,70;;16,05;;1,83;4,22;4,09;38,42
09050032;San Miniato;Pisa;1;27.703;7,13;;17,50;;0,49;3,41;7,05;38,09
09050033;Santa Croce sull'Arno;Pisa;1;14.702;8,56;;19,80;;4,20;3,62;1,74;39,99
09050034;Santa Luce;Pisa;1;1.629;5,44;;5,96;;0,75;18,60;10,31;72,13
09050035;Santa Maria a Monte;Pisa;1;13.326;14,36;;19,96;;1,27;3,21;4,51;42,50
09050036;Terricciola;Pisa;1;4.445;4,36;;10,90;;2,53;2,58;6,76;28,42
09050037;Vecchiano;Pisa;1;11.825;10,33;;19,07;;1,79;2,66;2,86;40,59
09050038;Vicopisano;Pisa;1;8.563;8,18;;16,82;;1,48;4,65;7,10;41,42
09050039;Volterra;Pisa;1;9.537;9,57;;20,61;;6,62;5,83;2,75;40,54
09047023;Abetone Cutigliano;Pistoia;1;1.825;5,94;;27,79;;6,55;7,19;9,65;47,37
09047002;Agliana;Pistoia;1;17.934;13,39;;15,92;;2,07;4,65;4,88;36,11
09047003;Buggiano;Pistoia;1;8.678;28,45;;23,84;;2,26;4,69;5,08;44,42
09047022;Chiesina Uzzanese;Pistoia;1;4.494;16,42;;15,42;;2,36;3,84;5,35;33,67
09047005;Lamporecchio;Pistoia;1;7.367;31,76;;15,61;;2,91;4,48;3,51;36,67
09047006;Larciano;Pistoia;1;6.301;25,45;;10,39;;1,69;3,13;6,20;29,08
09047007;Marliana;Pistoia;1;3.237;4,80;;16,81;;3,69;9,13;5,71;41,65
09047008;Massa e Cozzile;Pistoia;1;7.742;19,40;;18,18;;1,94;4,17;3,32;35,96
09047009;Monsummano Terme;Pistoia;1;20.731;28,83;;18,77;;3,91;5,62;6,61;44,88
09047010;Montale;Pistoia;1;10.519;15,11;;18,85;;2,35;5,07;3,83;39,48
09047011;Montecatini-Terme;Pistoia;1;20.690;7,36;;43,70;;5,16;5,94;8,83;52,12
09047012;Pescia;Pistoia;1;19.223;6,27;;19,23;;3,39;4,95;10,46;44,11
09047013;Pieve a Nievole;Pistoia;1;9.089;27,32;;16,50;;1,95;4,57;3,27;34,96
09047014;Pistoia;Pistoia;1;89.309;8,78;;16,23;;3,50;6,01;5,89;45,32
09047016;Ponte Buggianese;Pistoia;1;8.717;24,40;;20,84;;2,33;4,01;4,38;40,95
09047017;Quarrata;Pistoia;1;26.684;13,99;;18,58;;2,46;5,49;5,62;41,08
09047018;Sambuca Pistoiese;Pistoia;1;1.439;5,11;;25,93;;1,69;12,63;9,26;51,47
09047024;San Marcello Piteglio;Pistoia;1;7.630;6,71;;17,75;;3,69;4,99;7,77;40,57
09047020;Serravalle Pistoiese;Pistoia;1;11.740;25,55;;19,38;;2,39;5,44;8,56;46,07
09047021;Uzzano;Pistoia;1;5.562;26,49;;24,24;;2,70;6,21;6,49;48,40
06093001;Andreis;Pordenone;1;242;12,38;;20,33;;;8,54;2,12;32,14
06093002;Arba;Pordenone;1;1.260;7,02;;9,27;;0,02;13,30;5,75;36,62
06093004;Aviano;Pordenone;1;8.948;14,36;;16,43;;0,61;1,69;1,17;22,43
06093005;Azzano Decimo;Pordenone;1;15.681;5,38;;5,73;;0,65;8,93;4,66;27,88
06093006;Barcis;Pordenone;1;220;9,31;;20,81;;;6,46;1,37;25,51
06093007;Brugnera;Pordenone;1;9.229;5,53;;6,09;;0,37;9,41;3,95;27,24
06093008;Budoia;Pordenone;1;2.472;20,83;;16,11;;0,36;1,10;0,55;22,78
06093009;Caneva;Pordenone;1;6.256;7,91;;7,45;;3,65;2,93;0,95;19,94
06093010;Casarsa della Delizia;Pordenone;1;8.194;6,13;;5,57;;1,00;8,42;4,90;27,15
06093011;Castelnovo del Friuli;Pordenone;1;849;6,12;;7,52;;;10,59;4,74;30,22
06093012;Cavasso Nuovo;Pordenone;1;1.490;7,20;;15,09;;;2,78;4,45;23,85
06093013;Chions;Pordenone;1;5.056;8,29;;6,39;;0,52;9,61;5,02;28,86
06093014;Cimolais;Pordenone;1;348;8,12;;15,30;;0,12;2,50;1,85;21,25
06093015;Claut;Pordenone;1;891;8,69;;19,88;;0,04;6,79;1,63;28,38
06093017;Cordenons;Pordenone;1;17.779;10,53;;9,92;;1,25;3,67;2,58;23,43
06093018;Cordovado;Pordenone;1;2.733;9,44;;7,59;;0,13;12,46;9,87;38,30
06093019;Erto e Casso;Pordenone;1;373;6,05;;23,32;;0,21;10,08;1,20;31,63
06093020;Fanna;Pordenone;1;1.470;10,59;;17,73;;;2,71;1,37;23,39
06093021;Fiume Veneto;Pordenone;1;11.779;5,32;;5,58;;0,15;8,92;5,17;28,37
06093022;Fontanafredda;Pordenone;1;12.818;6,74;;6,66;;0,23;8,89;4,71;27,56
06093024;Frisanco;Pordenone;1;572;10,24;;19,11;;;3,30;1,98;24,00
06093025;Maniago;Pordenone;1;11.526;8,44;;16,27;;1,03;1,46;1,72;23,57
06093026;Meduno;Pordenone;1;1.500;6,55;;20,30;;0,09;1,39;0,15;20,31
06093027;Montereale Valcellina;Pordenone;1;4.219;10,58;;8,39;;1,25;2,60;2,48;19,41
06093028;Morsano al Tagliamento;Pordenone;1;2.671;4,85;;6,63;;0,09;8,87;8,96;32,03
06093029;Pasiano di Pordenone;Pordenone;1;7.867;7,76;;6,92;;0,03;10,47;9,52;36,80
06093030;Pinzano al Tagliamento;Pordenone;1;1.519;6,08;;8,93;;;11,69;5,38;34,39
06093031;Polcenigo;Pordenone;1;3.123;4,83;;7,44;;0,73;10,26;7,35;34,47
06093032;Porcia;Pordenone;1;14.971;7,15;;5,73;;0,13;8,00;4,06;25,71
06093033;Pordenone;Pordenone;1;51.725;19,55;;9,13;;2,94;3,98;5,53;28,48
06093034;Prata di Pordenone;Pordenone;1;8.293;11,79;;6,75;;0,28;2,72;1,04;17,86
06093035;Pravisdomini;Pordenone;1;3.441;6,56;;5,94;;0,49;9,43;4,02;27,13
06093036;Roveredo in Piano;Pordenone;1;5.811;6,96;;8,31;;0,83;4,26;1,26;20,51
06093037;Sacile;Pordenone;1;19.864;6,46;;7,58;;0,93;9,96;6,12;32,49
06093038;San Giorgio della Richinvelda;Pordenone;1;4.553;4,34;;4,99;;0,12;6,87;3,20;22,19
06093039;San Martino al Tagliamento;Pordenone;1;1.452;7,74;;7,00;;0,56;11,09;8,68;34,87
06093040;San Quirino;Pordenone;1;4.233;;;0,15;;0,45;2,00;2,72;22,02
06093041;San Vito al Tagliamento;Pordenone;1;15.187;5,13;;5,60;;1,84;7,97;5,19;28,52
06093043;Sesto al Reghena;Pordenone;1;6.313;7,02;;5,03;;0,85;7,73;5,01;25,19
06093044;Spilimbergo;Pordenone;1;11.833;4,89;;6,85;;1,83;8,79;4,75;30,64
06093045;Tramonti di Sopra;Pordenone;1;276;8,80;;22,65;;;6,29;3,10;28,86
06093046;Tramonti di Sotto;Pordenone;1;327;9,28;;24,17;;;3,18;2,73;28,63
06093047;Travesio;Pordenone;1;1.788;7,63;;20,71;;;3,33;0,14;22,64
06093052;Vajont;Pordenone;1;1.630;9,89;;18,91;;;1,26;1,34;22,81
06093053;Valvasone Arzene;Pordenone;1;3.957;7,86;;4,70;;0,58;7,73;4,07;23,62
06093049;Vito d'Asio;Pordenone;1;719;4,87;;38,71;;;3,11;1,75;29,21
06093050;Vivaro;Pordenone;1;1.317;8,07;;17,71;;0,05;1,71;1,65;22,41
06093051;Zoppola;Pordenone;1;8.302;6,48;;6,52;;0,37;9,65;5,63;29,97
17076007;Avigliano;Potenza;1;10.614;33,23;;23,94;;6,00;7,87;11,16;66,34
17076008;Balvano;Potenza;1;1.722;6,51;;27,68;;0,06;9,26;2,73;47,28
17076010;Baragiano;Potenza;1;2.485;7,61;;20,30;;5,19;3,55;0,62;38,02
17076011;Barile;Potenza;1;2.555;50,12;;9,18;;6,60;13,11;1,21;44,58
17076012;Bella;Potenza;1;4.696;13,16;;27,17;;;6,24;2,51;42,20
17076013;Brienza;Potenza;1;3.854;75,19;;;;3,72;3,42;0,66;45,39
17076014;Brindisi Montagna;Potenza;1;794;13,58;;30,60;;7,26;8,90;8,50;63,33
17076015;Calvello;Potenza;1;1.768;15,28;;37,84;;8,64;11,49;2,49;69,46
17076016;Calvera;Potenza;1;354;22,68;;23,02;;;2,37;0,94;48,78
17076021;Castelgrande;Potenza;1;818;26,14;;35,88;;28,94;39,10;10,90;109,54
17076022;Castelluccio Inferiore;Potenza;1;1.929;21,56;;31,27;;6,69;6,92;0,46;58,53
17076026;Castronuovo di Sant'Andrea;Potenza;1;886;35,61;;18,23;;4,92;5,92;1,42;67,99
17076027;Cersosimo;Potenza;1;523;17,44;;65,76;;4,81;5,43;;77,85
17076029;Corleto Perticara;Potenza;1;2.294;19,38;;;;8,66;8,69;;40,15
17076030;Episcopia;Potenza;1;1.264;41,44;;32,03;;;3,23;0,54;53,68
17076035;Gallicchio;Potenza;1;803;35,91;;30,41;;4,26;2,09;5,17;43,64
17076099;Ginestra;Potenza;1;699;8,47;;36,83;;1,91;33,12;0,37;72,48
17076039;Lagonegro;Potenza;1;5.042;8,02;;22,60;;5,67;4,66;2,50;37,39
17076040;Latronico;Potenza;1;4.083;26,78;;30,95;;1,31;7,48;0,60;51,75
17076042;Lauria;Potenza;1;11.882;37,60;;27,16;;8,50;4,14;7,79;63,38
17076045;Marsico Nuovo;Potenza;1;3.799;9,43;;17,20;;6,73;3,08;6,62;49,35
17076048;Melfi;Potenza;1;17.092;10,59;;8,55;;4,08;6,84;7,51;36,72
17076053;Muro Lucano;Potenza;1;4.931;21,48;;24,16;;4,74;7,94;;45,55
17076054;Nemoli;Potenza;1;1.380;11,26;;34,22;;7,96;10,00;12,21;71,28
17076058;Pescopagano;Potenza;1;1.659;17,98;;7,12;;0,82;8,92;2,26;47,54
17076059;Picerno;Potenza;1;5.637;29,18;;;;4,19;0,07;;20,83
17076060;Pietragalla;Potenza;1;3.868;14,37;;11,31;;10,94;3,71;10,49;49,88
17076063;Potenza;Potenza;1;64.406;19,56;;35,99;;4,41;8,19;2,54;56,17
17076064;Rapolla;Potenza;1;4.165;10,13;;7,86;;9,18;12,48;6,04;46,75
17076066;Rionero in Vulture;Potenza;1;12.496;17,42;;22,30;;7,02;3,89;1,83;48,47
17076067;Ripacandida;Potenza;1;1.564;34,40;;9,48;;13,88;15,55;18,23;91,68
17076068;Rivello;Potenza;1;2.523;10,04;;27,38;;5,44;9,21;3,99;52,02
17076071;Ruoti;Potenza;1;3.253;8,20;;50,34;;;6,70;12,65;56,45
17076072;Ruvo del Monte;Potenza;1;995;413,31;;17,46;;;8,12;;47,34
17076074;San Chirico Raparo;Potenza;1;929;9,08;;62,69;;0,70;7,03;0,95;39,73
17076076;San Fele;Potenza;1;2.600;772,81;;38,72;;17,66;1,47;;90,08
17076077;San Martino d'Agri;Potenza;1;657;26,83;;;;;0,47;6,79;51,08
17076020;San Paolo Albanese;Potenza;1;209;18,34;;56,72;;3,55;14,56;0,74;58,56
17076078;San Severino Lucano;Potenza;1;1.363;42,59;;16,77;;2,24;24,25;;80,55
17076079;Sant'Angelo Le Fratte;Potenza;1;1.295;14,47;;18,68;;1,69;7,10;10,86;58,89
17076080;Sant'Arcangelo;Potenza;1;6.021;27,20;;8,24;;6,32;1,55;1,00;28,41
17076082;Sasso di Castalda;Potenza;1;733;13,71;;31,89;;0,95;2,94;;47,18
17076084;Savoia di Lucania;Potenza;1;1.008;7,05;;7,27;;;15,47;;42,30
17076086;Spinoso;Potenza;1;1.314;34,66;;;;;15,24;5,32;75,77
17076094;Vaglio Basilicata;Potenza;1;1.873;6,61;;34,87;;0,64;1,59;0,74;33,37
17076095;Venosa;Potenza;1;10.913;10,36;;17,77;;6,63;7,46;20,91;63,20
17076098;Viggiano;Potenza;1;3.248;13,25;;43,77;;6,31;4,63;2,00;45,56
09100001;Cantagallo;Prato;1;3.100;8,71;;15,95;;0,56;3,16;4,78;30,30
09100002;Carmignano;Prato;1;14.605;11,62;;14,64;;1,52;4,10;5,99;34,63
09100003;Montemurlo;Prato;1;19.105;9,17;;9,62;;2,25;3,43;5,73;26,87
09100004;Poggio a Caiano;Prato;1;9.863;13,34;;15,58;;3,08;4,37;3,29;34,22
09100005;Prato;Prato;1;195.736;8,43;;13,50;;4,35;4,29;8,40;37,55
09100006;Vaiano;Prato;1;9.906;8,90;;15,12;;2,35;4,62;5,72;34,39
09100007;Vernio;Prato;1;6.144;11,14;;21,16;;2,46;4,78;5,12;40,09
19088001;Acate;Ragusa;1;10.576;21,09;;22,59;;4,06;3,32;7,71;52,85
19088003;Comiso;Ragusa;1;30.016;16,29;;12,62;;7,91;7,47;4,25;43,16
19088004;Giarratana;Ragusa;1;2.830;18,82;;32,12;;5,88;12,34;6,00;67,72
19088005;Ispica;Ragusa;1;16.253;20,01;;19,79;;;1,50;;37,02
19088008;Pozzallo;Ragusa;1;18.879;11,43;;13,56;;9,79;8,34;1,79;45,92
19088009;Ragusa;Ragusa;1;73.159;11,02;;14,94;;4,33;9,04;11,62;49,80
08039001;Alfonsine;Ravenna;1;11.477;23,55;;12,27;;2,41;3,54;5,05;38,39
08039002;Bagnacavallo;Ravenna;1;16.360;20,23;;9,16;;1,91;3,65;3,86;30,87
08039003;Bagnara di Romagna;Ravenna;1;2.392;17,82;;7,63;;2,66;3,39;3,91;32,26
08039004;Brisighella;Ravenna;1;7.186;8,90;;4,98;;3,02;4,65;5,84;30,41
08039005;Casola Valsenio;Ravenna;1;2.498;10,82;;4,37;;5,19;4,43;4,51;30,00
08039006;Castel Bolognese;Ravenna;1;9.527;10,55;;4,66;;2,36;3,32;3,74;26,24
08039007;Cervia;Ravenna;1;28.983;19,74;;5,46;;5,18;2,67;6,32;33,74
08039008;Conselice;Ravenna;1;9.541;13,36;;5,34;;1,32;2,25;2,33;19,41
08039009;Cotignola;Ravenna;1;7.342;17,08;;6,91;;2,35;2,63;3,35;27,61
08039010;Faenza;Ravenna;1;58.710;8,82;;10,26;;3,49;4,05;3,81;31,06
08039011;Fusignano;Ravenna;1;8.067;14,31;;7,22;;2,04;3,48;3,60;26,48
08039012;Lugo;Ravenna;1;32.015;17,37;;11,15;;3,31;3,68;4,59;35,23
08039013;Massa Lombarda;Ravenna;1;10.604;12,22;;5,93;;1,57;2,55;2,52;20,06
08039014;Ravenna;Ravenna;1;155.751;8,63;;12,08;;3,70;3,07;3,81;29,55
08039015;Riolo Terme;Ravenna;1;5.752;16,67;;7,32;;3,89;5,04;4,51;31,34
08039016;Russi;Ravenna;1;12.190;18,48;;5,06;;1,53;3,28;3,43;24,27
08039017;Sant'Agata sul Santerno;Ravenna;1;2.893;23,20;;7,43;;2,45;2,96;4,33;30,36
08039018;Solarolo;Ravenna;1;4.373;6,76;;1,86;;3,17;4,03;3,31;23,40
18080001;Africo;Reggio di Calabria;1;2.733;8,73;;49,11;;7,72;2,43;4,11;49,19
18080002;Agnana Calabra;Reggio di Calabria;1;467;21,96;;;;4,21;10,57;7,25;71,94
18080003;Anoia;Reggio di Calabria;1;2.036;5,92;;11,94;;0,05;1,34;;36,02
18080008;Benestare;Reggio di Calabria;1;2.454;16,20;;13,47;;6,51;13,77;3,63;70,77
18080009;Bianco;Reggio di Calabria;1;4.211;23,17;;8,40;;1,55;0,24;4,73;42,97
18080010;Bivongi;Reggio di Calabria;1;1.143;4,13;;15,81;;2,21;3,96;7,00;34,89
18080011;Bova;Reggio di Calabria;1;416;62,58;;;;;9,11;0,10;54,70
18080012;Bovalino;Reggio di Calabria;1;8.644;5,91;;24,17;;0,63;3,30;2,04;44,61
18080014;Brancaleone;Reggio di Calabria;1;3.248;31,25;;37,70;;4,73;3,28;10,72;72,73
18080015;Bruzzano Zeffirio;Reggio di Calabria;1;1.045;12,81;;21,75;;6,16;8,17;0,94;49,51
18080016;Calanna;Reggio di Calabria;1;760;14,35;;152,72;;4,70;3,72;10,04;70,40
18080018;Campo Calabro;Reggio di Calabria;1;4.443;6,62;;24,55;;;2,14;3,26;32,16
18080019;Candidoni;Reggio di Calabria;1;410;0,52;;1,02;;;3,62;;21,10
18080021;Caraffa del Bianco;Reggio di Calabria;1;457;7,56;;26,66;;;12,42;10,79;56,60
18080022;Cardeto;Reggio di Calabria;1;1.325;20,01;;;;;3,15;5,44;49,20
18080023;Careri;Reggio di Calabria;1;2.125;24,91;;;;;11,40;;60,12
18080025;Caulonia;Reggio di Calabria;1;6.783;18,42;;30,33;;4,28;0,88;7,59;63,55
18080026;Cimina;Reggio di Calabria;1;525;5,01;;;;4,24;7,67;13,62;54,61
18080027;Cinquefrondi;Reggio di Calabria;1;6.223;18,24;;;;1,79;1,48;;37,92
18080028;Cittanova;Reggio di Calabria;1;9.769;12,65;;7,74;;6,63;0,07;;33,52
18080029;Condofuri;Reggio di Calabria;1;4.604;16,67;;46,68;;6,97;0,83;0,82;52,99
18080030;Cosoleto;Reggio di Calabria;1;756;54,19;;41,08;;4,89;2,98;2,36;66,09
18080031;Delianuova;Reggio di Calabria;1;3.092;15,41;;4,97;;3,69;2,50;0,23;28,08
18080032;Feroleto della Chiesa;Reggio di Calabria;1;1.515;47,06;;11,19;;0,27;0,45;0,38;48,30
18080035;Galatro;Reggio di Calabria;1;1.418;28,12;;7,87;;3,41;1,63;2,44;39,04
18080036;Gerace;Reggio di Calabria;1;2.353;19,11;;15,92;;1,47;9,74;;42,56
18080038;Gioia Tauro;Reggio di Calabria;1;19.179;2,22;;41,72;;2,32;3,80;;28,94
18080039;Gioiosa Ionica;Reggio di Calabria;1;6.862;18,55;;5,42;;4,75;5,28;4,41;34,69
18080040;Grotteria;Reggio di Calabria;1;2.845;33,87;;91,30;;0,14;2,64;0,38;66,24
18080041;Laganadi;Reggio di Calabria;1;342;22,04;;;;;1,38;8,11;50,52
18080043;Locri;Reggio di Calabria;1;11.834;9,08;;22,70;;10,11;9,03;;49,70
18080044;Mammola;Reggio di Calabria;1;2.448;21,31;;1,47;;4,45;5,26;6,18;49,50
18080045;Marina di Gioiosa Ionica;Reggio di Calabria;1;6.271;21,10;;6,87;;0,55;13,18;4,53;53,09
18080046;Maropati;Reggio di Calabria;1;1.356;10,17;;32,06;;0,17;6,53;0,80;51,94
18080048;Melicucca;Reggio di Calabria;1;832;40,92;;36,66;;0,61;0,61;0,17;59,96
18080049;Melicucco;Reggio di Calabria;1;4.847;17,27;;9,56;;3,12;4,78;1,13;29,84
18080050;Melito di Porto Salvo;Reggio di Calabria;1;10.432;16,56;;41,88;;4,12;12,36;;58,05
18080051;Molochio;Reggio di Calabria;1;2.223;11,45;;22,18;;12,62;0,19;1,94;49,49
18080053;Montebello Ionico;Reggio di Calabria;1;5.697;26,27;;57,11;;1,73;9,65;2,05;61,94
18080055;Oppido Mamertina;Reggio di Calabria;1;4.780;2,85;;37,85;;1,67;7,87;9,55;50,39
18080057;Palmi;Reggio di Calabria;1;17.920;15,34;;10,67;;4,56;5,03;0,80;39,89
18080061;Polistena;Reggio di Calabria;1;9.908;2,41;;13,56;;1,13;5,12;0,42;32,57
18080062;Portigliola;Reggio di Calabria;1;1.064;38,52;;36,03;;5,87;11,10;1,79;73,07
18080063;Reggio di Calabria;Reggio di Calabria;1;170.951;4,07;;33,45;;10,67;8,62;49,21;97,99
18080065;Rizziconi;Reggio di Calabria;1;7.636;15,92;;12,05;;1,34;1,05;9,87;33,76
18080067;Roccella Ionica;Reggio di Calabria;1;6.139;13,15;;8,44;;0,82;;;22,58
18080068;Roghudi;Reggio di Calabria;1;952;6,64;;37,55;;;7,72;2,91;50,72
18080070;Samo;Reggio di Calabria;1;709;12,81;;27,49;;1,86;10,43;3,42;55,48
18080071;San Giorgio Morgeto;Reggio di Calabria;1;2.944;20,64;;11,07;;5,51;2,04;;40,02
18080074;San Luca;Reggio di Calabria;1;3.438;14,14;;18,91;;0,46;5,09;2,77;42,25
18080075;San Pietro di Carida;Reggio di Calabria;1;989;12,18;;63,65;;3,11;4,84;;60,47
18080077;San Roberto;Reggio di Calabria;1;1.518;25,05;;59,58;;5,12;9,29;1,71;69,67
18080078;Santa Cristina d'Aspromonte;Reggio di Calabria;1;763;13,13;;44,34;;6,33;3,07;1,76;50,73
18080079;Sant'Agata del Bianco;Reggio di Calabria;1;570;;;59,36;;11,92;;;44,62
18080080;Sant'Alessio in Aspromonte;Reggio di Calabria;1;304;27,86;;;;4,39;13,15;0,47;61,40
18080082;Sant'Ilario dello Ionio;Reggio di Calabria;1;1.340;10,73;;32,56;;1,90;2,67;3,76;48,78
18080084;Scido;Reggio di Calabria;1;810;13,65;;16,04;;1,35;7,07;;33,58
18080086;Seminara;Reggio di Calabria;1;2.455;14,90;;16,33;;5,66;0,61;0,12;48,43
18080089;Sinopoli;Reggio di Calabria;1;1.856;12,07;;30,87;;8,68;11,21;0,24;55,35
18080090;Staiti;Reggio di Calabria;1;184;12,07;;;;4,64;3,45;;50,81
18080091;Stignano;Reggio di Calabria;1;1.159;40,86;;52,56;;1,30;;10,36;89,37
18080093;Taurianova;Reggio di Calabria;1;14.830;3,47;;14,07;;2,67;11,58;;29,60
18080095;Varapodio;Reggio di Calabria;1;2.004;7,19;;49,10;;3,08;3,47;3,31;42,43
18080096;Villa San Giovanni;Reggio di Calabria;1;12.752;10,66;;40,59;;6,99;0,70;;46,88
08035001;Albinea;Reggio nell'Emilia;1;8.817;21,41;;8,26;;0,73;2,29;4,15;23,91
08035002;Bagnolo in Piano;Reggio nell'Emilia;1;9.556;14,56;;13,48;;1,14;2,32;6,75;30,11
08035003;Baiso;Reggio nell'Emilia;1;3.208;3,22;;11,61;;0,95;7,12;4,08;23,90
08035004;Bibbiano;Reggio nell'Emilia;1;10.140;16,39;;9,03;;1,17;3,62;5,68;26,10
08035008;Cadelbosco di Sopra;Reggio nell'Emilia;1;10.613;14,58;;11,01;;0,31;1,09;5,05;23,69
08035009;Campagnola Emilia;Reggio nell'Emilia;1;5.476;18,10;;12,48;;0,20;3,28;5,76;29,28
08035010;Campegine;Reggio nell'Emilia;1;5.300;12,26;;10,91;;0,64;3,92;5,30;27,36
08035018;Canossa;Reggio nell'Emilia;1;3.759;3,63;;11,24;;0,83;6,89;4,23;24,59
08035011;Carpineti;Reggio nell'Emilia;1;3.895;5,67;;12,08;;0,59;11,21;4,64;31,52
08035012;Casalgrande;Reggio nell'Emilia;1;18.937;5,65;;8,54;;0,34;4,85;4,62;21,85
08035013;Casina;Reggio nell'Emilia;1;4.541;9,59;;11,45;;1,10;5,34;4,86;27,83
08035014;Castellarano;Reggio nell'Emilia;1;15.246;5,95;;11,70;;1,15;2,56;4,73;23,21
08035015;Castelnovo di Sotto;Reggio nell'Emilia;1;8.484;15,52;;8,48;;0,77;1,68;4,20;21,06
08035016;Castelnovo ne' Monti;Reggio nell'Emilia;1;10.294;7,48;;12,26;;2,20;10,72;6,63;36,18
08035017;Cavriago;Reggio nell'Emilia;1;9.842;13,05;;5,35;;0,58;0,69;3,65;16,13
08035020;Correggio;Reggio nell'Emilia;1;25.074;21,80;;6,62;;0,78;1,45;5,09;20,45
08035021;Fabbrico;Reggio nell'Emilia;1;6.652;16,42;;10,89;;0,69;0,17;5,14;23,18
08035022;Gattatico;Reggio nell'Emilia;1;5.657;15,42;;10,30;;2,02;5,75;7,51;32,89
08035027;Montecchio Emilia;Reggio nell'Emilia;1;10.398;15,22;;9,40;;1,35;2,84;5,42;25,72
08035030;Quattro Castella;Reggio nell'Emilia;1;13.109;27,43;;9,65;;0,52;-0,71;5,75;23,17
08035033;Reggio nell'Emilia;Reggio nell'Emilia;1;169.545;22,01;;13,02;;4,81;5,46;6,30;37,02
08035034;Rio Saliceto;Reggio nell'Emilia;1;6.000;17,16;;9,89;;0,46;2,05;6,97;26,35
08035035;Rolo;Reggio nell'Emilia;1;3.989;27,36;;7,38;;0,36;1,53;5,82;22,56
08035036;Rubiera;Reggio nell'Emilia;1;14.680;17,21;;8,47;;0,85;3,00;4,47;22,41
08035037;San Martino in Rio;Reggio nell'Emilia;1;8.202;12,49;;9,88;;0,52;4,35;5,75;26,63
08035038;San Polo d'Enza;Reggio nell'Emilia;1;6.138;21,64;;6,55;;0,34;1,43;5,89;22,02
08035039;Sant'Ilario d'Enza;Reggio nell'Emilia;1;11.258;18,76;;8,43;;1,05;4,80;4,88;26,32
08035040;Scandiano;Reggio nell'Emilia;1;25.686;19,53;;8,73;;1,19;6,77;4,25;28,60
08035041;Toano;Reggio nell'Emilia;1;4.141;3,98;;14,23;;1,12;8,49;5,10;29,81
08035046;Ventasso;Reggio nell'Emilia;1;3.941;2,74;;11,33;;1,20;14,69;2,84;30,64
08035042;Vetto;Reggio nell'Emilia;1;1.786;2,92;;9,05;;1,35;8,71;3,01;23,77
08035043;Vezzano sul Crostolo;Reggio nell'Emilia;1;4.334;6,22;;11,27;;0,06;3,06;5,37;23,84
08035044;Viano;Reggio nell'Emilia;1;3.393;5,98;;11,12;;0,23;4,35;4,27;23,37
08035045;Villa Minozzo;Reggio nell'Emilia;1;3.493;4,49;;10,99;;0,98;17,18;3,76;35,83
12057001;Accumoli;Rieti;1;522;12,45;;102,26;;1,38;11,55;1,34;45,75
12057002;Amatrice;Rieti;1;2.251;20,25;;954,33;;1,99;6,83;1,98;48,05
12057003;Antrodoco;Rieti;1;2.334;14,95;;28,32;;2,64;7,21;8,88;52,70
12057005;Belmonte in Sabina;Rieti;1;636;13,03;;35,01;;2,48;18,02;7,08;64,54
12057006;Borbona;Rieti;1;576;12,02;;1,51;;5,00;3,77;8,15;38,40
12057008;Borgo Velino;Rieti;1;925;8,65;;18,40;;5,33;6,80;8,77;45,55
12057007;Borgorose;Rieti;1;4.218;26,70;;22,62;;1,82;2,23;3,28;40,24
12057009;Cantalice;Rieti;1;2.438;;;25,71;;5,27;7,18;3,28;48,06
12057010;Cantalupo in Sabina;Rieti;1;1.656;41,76;;;;5,37;2,16;1,57;35,32
12057012;Casperia;Rieti;1;1.178;7,83;;34,10;;4,63;10,53;5,10;47,43
12057016;Cittaducale;Rieti;1;6.443;12,61;;23,03;;2,77;8,99;14,00;55,24
12057017;Cittareale;Rieti;1;401;14,88;;16,24;;;6,04;0,89;35,49
12057018;Collalto Sabino;Rieti;1;391;125,51;;;;11,62;23,96;;74,00
12057020;Collegiove;Rieti;1;128;136,88;;;;;51,54;;100,92
12057021;Collevecchio;Rieti;1;1.581;39,61;;28,44;;;8,24;9,89;61,92
12057023;Concerviano;Rieti;1;282;23,73;;21,22;;2,39;8,99;1,86;56,54
12057024;Configni;Rieti;1;574;18,97;;40,26;;3,19;11,70;11,02;68,29
12057026;Cottanello;Rieti;1;526;18,89;;43,17;;6,92;21,10;5,47;76,65
12057027;Fara in Sabina;Rieti;1;13.835;7,93;;18,85;;3,09;3,29;6,70;37,12
12057029;Forano;Rieti;1;3.148;14,48;;23,31;;;;1,85;31,81
12057030;Frasso Sabino;Rieti;1;754;16,48;;30,86;;8,85;8,52;4,77;58,96
12057033;Leonessa;Rieti;1;2.110;7,84;;15,39;;2,37;5,25;0,29;33,57
12057035;Magliano Sabina;Rieti;1;3.433;41,21;;28,95;;1,17;9,71;2,71;59,58
12057036;Marcetelli;Rieti;1;70;25,59;;;;14,15;27,20;28,76;109,69
12057037;Micigliano;Rieti;1;113;46,87;;;;18,24;;;63,21
12057040;Montebuono;Rieti;1;811;13,63;;31,26;;10,44;10,74;6,63;63,28
12057044;Montopoli di Sabina;Rieti;1;4.084;19,70;;22,60;;;1,59;2,45;37,49
12057045;Morro Reatino;Rieti;1;321;13,01;;6,13;;;6,54;5,58;44,11
12057046;Nespolo;Rieti;1;194;112,40;;;;20,68;1,17;;77,22
12057050;Petrella Salto;Rieti;1;1.026;10,04;;28,28;;5,88;7,01;1,62;43,63
12057051;Poggio Bustone;Rieti;1;1.959;5,68;;178,72;;;1,60;1,21;46,14
12057052;Poggio Catino;Rieti;1;1.269;17,52;;27,31;;9,20;7,74;5,19;59,71
12057056;Poggio San Lorenzo;Rieti;1;547;16,87;;41,75;;;6,33;4,48;91,20
12057057;Posta;Rieti;1;557;19,88;;40,61;;0,80;6,13;5,16;53,18
12057059;Rieti;Rieti;1;45.276;11,30;;24,50;;5,36;4,87;3,67;45,36
12057060;Rivodutri;Rieti;1;1.149;12,92;;24,44;;;3,81;3,92;38,24
12057061;Roccantica;Rieti;1;545;24,00;;35,04;;16,42;11,15;3,11;73,35
12057063;Salisano;Rieti;1;471;18,34;;38,19;;13,18;7,98;6,76;68,46
12057065;Selci;Rieti;1;1.109;20,28;;33,75;;6,18;10,14;4,27;59,91
12057066;Stimigliano;Rieti;1;2.177;30,40;;18,55;;11,71;7,87;1,52;53,66
12057067;Tarano;Rieti;1;1.387;25,01;;24,91;;4,29;7,61;2,11;46,57
12057070;Torri in Sabina;Rieti;1;1.211;8,10;;23,47;;0,60;9,27;5,40;39,85
12057072;Vacone;Rieti;1;233;12,02;;20,81;;7,26;9,93;16,21;60,03
08099001;Bellaria-Igea Marina;Rimini;1;19.455;10,50;;16,26;;6,09;3,96;4,05;39,77
08099002;Cattolica;Rimini;1;16.543;21,63;;20,22;;7,18;4,31;1,88;45,96
08099003;Coriano;Rimini;1;10.418;26,54;;17,93;;1,15;2,83;2,37;36,13
08099004;Gemmano;Rimini;1;1.135;10,18;;10,87;;2,66;3,95;5,65;28,53
08099022;Maiolo;Rimini;1;801;11,51;;13,34;;8,36;4,32;1,62;33,68
08099005;Misano Adriatico;Rimini;1;13.948;18,19;;13,45;;3,95;1,33;1,87;31,08
08099006;Mondaino;Rimini;1;1.309;10,53;;13,93;;1,83;3,18;4,78;30,35
08099030;Montecopiolo;Rimini;1;1.028;13,97;;24,24;;1,47;8,19;3,56;38,82
08099008;Montefiore Conca;Rimini;1;2.300;8,63;;12,47;;0,92;2,43;2,77;23,09
08099009;Montegridolfo;Rimini;1;994;10,44;;10,07;;1,81;7,06;2,80;29,45
08099029;Montescudo-Monte Colombo;Rimini;1;6.770;6,37;;10,01;;0,20;1,88;2,41;19,94
08099011;Morciano di Romagna;Rimini;1;7.111;24,81;;11,16;;3,94;4,63;1,46;33,23
08099028;Poggio Torriana;Rimini;1;5.130;2,91;;4,65;;0,29;2,01;3,22;16,82
08099013;Riccione;Rimini;1;34.400;12,41;;19,22;;6,95;5,46;5,26;46,58
08099014;Rimini;Rimini;1;149.211;10,59;;17,57;;6,27;3,85;4,78;41,43
08099015;Saludecio;Rimini;1;3.086;2,79;;4,71;;0,54;2,62;5,83;20,23
08099016;San Clemente;Rimini;1;5.718;7,79;;6,61;;0,45;3,44;4,32;22,40
08099017;San Giovanni in Marignano;Rimini;1;9.408;11,54;;10,07;;3,67;2,83;2,02;28,97
08099018;Santarcangelo di Romagna;Rimini;1;22.148;10,15;;11,25;;1,98;3,03;1,97;27,17
08099031;Sassofeltrio;Rimini;1;1.353;18,81;;15,64;;3,54;8,67;5,82;41,63
08099020;Verucchio;Rimini;1;10.052;12,29;;11,29;;3,34;3,39;4,58;33,21
12058003;Albano Laziale;Roma;1;39.718;21,76;;22,93;;1,92;7,07;8,55;50,37
12058004;Allumiere;Roma;1;3.754;58,20;;15,14;;;;0,39;32,84
12058005;Anguillara Sabazia;Roma;1;19.091;8,94;;20,49;;4,47;5,87;0,69;41,24
12058007;Anzio;Roma;1;58.949;11,79;;21,43;;3,72;0,58;2,54;39,08
12058008;Arcinazzo Romano;Roma;1;1.226;11,85;;;;5,38;11,84;1,83;41,79
12058117;Ardea;Roma;1;49.057;29,28;;11,98;;3,39;0,89;0,62;43,70
12058009;Ariccia;Roma;1;17.987;8,89;;25,77;;4,03;7,88;2,50;40,49
12058011;Artena;Roma;1;13.616;6,91;;26,92;;3,87;4,19;1,27;40,28
12058012;Bellegra;Roma;1;2.649;32,19;;21,68;;;2,13;4,10;39,08
12058013;Bracciano;Roma;1;18.380;8,09;;17,07;;5,87;7,44;5,80;45,24
12058014;Camerata Nuova;Roma;1;403;7,06;;64,81;;3,55;43,15;22,57;113,36
12058016;Canale Monterano;Roma;1;4.169;22,44;;21,42;;2,47;7,52;0,78;38,46
12058017;Canterano;Roma;1;368;7,33;;29,74;;14,70;15,65;;65,64
12058018;Capena;Roma;1;10.795;7,98;;13,86;;4,14;3,14;5,49;34,59
12058019;Capranica Prenestina;Roma;1;306;19,74;;19,70;;8,05;22,93;0,79;71,46
12058020;Carpineto Romano;Roma;1;4.025;28,76;;34,20;;12,99;8,03;1,28;83,63
12058021;Casape;Roma;1;638;143,47;;;;;;;60,14
12058022;Castel Gandolfo;Roma;1;8.564;37,43;;17,77;;4,53;7,72;0,87;40,45
12058025;Castel San Pietro Romano;Roma;1;846;25,85;;31,55;;6,36;9,34;6,00;67,85
12058026;Cave;Roma;1;10.777;15,94;;18,96;;4,29;4,34;4,38;44,58
12058027;Cerreto Laziale;Roma;1;1.078;11,85;;40,96;;7,30;4,83;1,09;55,46
12058028;Cervara di Roma;Roma;1;449;;;59,40;;13,13;14,70;;66,59
12058029;Cerveteri;Roma;1;37.855;18,30;;17,42;;6,35;5,19;0,31;39,58
12058118;Ciampino;Roma;1;38.595;21,14;;21,22;;4,54;3,79;7,80;46,38
12058030;Ciciliano;Roma;1;1.236;21,37;;26,17;;5,10;20,71;3,94;70,32
12058032;Civitavecchia;Roma;1;51.653;20,51;;34,60;;8,44;14,88;7,05;69,89
12058034;Colleferro;Roma;1;20.536;24,64;;20,57;;8,99;6,08;1,24;50,03
12058035;Colonna;Roma;1;4.240;22,58;;27,05;;5,49;4,87;11,30;61,64
12058036;Fiano Romano;Roma;1;16.237;6,10;;18,16;;2,87;6,16;0,81;35,55
12058120;Fiumicino;Roma;1;81.426;11,08;;16,07;;10,08;4,11;7,47;46,74
12058122;Fonte Nuova;Roma;1;32.684;15,47;;26,81;;3,18;3,27;10,72;52,35
12058038;Formello;Roma;1;13.614;8,82;;23,25;;7,36;4,31;1,74;42,03
12058039;Frascati;Roma;1;22.794;13,02;;28,76;;3,91;18,21;2,74;47,28
12058040;Gallicano nel Lazio;Roma;1;6.522;15,28;;23,79;;4,40;5,88;6,82;51,16
12058041;Gavignano;Roma;1;1.891;14,56;;36,87;;9,34;5,21;0,92;51,86
12058042;Genazzano;Roma;1;5.614;27,29;;20,89;;9,42;5,26;1,02;50,77
12058043;Genzano di Roma;Roma;1;22.865;16,48;;22,96;;4,72;3,28;2,37;41,83
12058044;Gerano;Roma;1;1.152;1,56;;7,65;;;;0,42;6,69
12058045;Gorga;Roma;1;665;43,95;;32,88;;14,94;10,60;2,56;84,11
12058046;Grottaferrata;Roma;1;20.494;13,16;;20,67;;5,66;7,08;5,78;48,13
12058047;Guidonia Montecelio;Roma;1;89.114;9,96;;21,86;;5,27;8,25;4,18;44,35
12058048;Jenne;Roma;1;325;44,37;;;;2,61;;;49,12
12058049;Labico;Roma;1;6.465;14,72;;16,97;;6,53;10,30;3,36;53,36
12058116;Ladispoli;Roma;1;40.658;5,32;;16,77;;6,15;5,29;3,07;38,52
12058050;Lanuvio;Roma;1;12.858;17,98;;41,67;;3,29;1,72;12,02;54,60
12058115;Lariano;Roma;1;13.212;14,97;;17,67;;2,51;2,74;2,34;33,91
12058052;Magliano Romano;Roma;1;1.389;15,84;;;;8,83;5,54;2,89;56,07
12058054;Manziana;Roma;1;7.792;20,87;;19,73;;3,13;4,29;5,59;43,02
12058055;Marano Equo;Roma;1;778;35,16;;21,38;;0,73;26,26;14,30;77,10
12058056;Marcellina;Roma;1;7.022;16,14;;9,09;;3,11;4,41;1,75;39,88
12058057;Marino;Roma;1;46.347;16,80;;16,76;;7,13;8,11;4,63;47,16
12058058;Mazzano Romano;Roma;1;2.948;11,44;;25,73;;15,06;8,09;13,24;58,31
12058059;Mentana;Roma;1;22.544;19,31;;18,35;;2,98;5,94;7,26;44,73
12058060;Monte Compatri;Roma;1;11.852;11,84;;16,16;;4,82;10,50;0,88;41,45
12058064;Monte Porzio Catone;Roma;1;8.581;11,94;;31,57;;4,12;1,72;4,54;35,98
12058061;Monteflavio;Roma;1;1.176;17,59;;21,77;;7,42;6,54;2,66;46,73
12058062;Montelanico;Roma;1;2.053;6,70;;20,97;;12,46;8,81;0,70;50,75
12058063;Montelibretti;Roma;1;5.132;12,07;;23,41;;3,26;8,68;6,01;49,03
12058066;Montorio Romano;Roma;1;1.929;13,13;;27,21;;13,89;7,99;4,51;62,77
12058067;Moricone;Roma;1;2.429;15,85;;24,74;;4,38;6,24;6,05;52,09
12058068;Morlupo;Roma;1;8.485;17,30;;22,43;;8,99;2,80;1,59;34,58
12058070;Nemi;Roma;1;1.877;15,47;;12,20;;5,44;3,04;0,54;22,99
12058071;Nerola;Roma;1;1.905;7,47;;21,46;;4,01;3,41;1,24;34,76
12058072;Nettuno;Roma;1;48.033;10,67;;24,46;;5,61;13,10;;44,09
12058073;Olevano Romano;Roma;1;6.371;27,34;;35,51;;7,01;2,35;2,12;48,87
12058074;Palestrina;Roma;1;22.063;19,29;;20,89;;4,37;3,92;24,37;66,28
12058075;Palombara Sabina;Roma;1;12.873;10,51;;23,41;;7,44;5,34;4,95;47,64
12058077;Pisoniano;Roma;1;731;25,18;;36,14;;11,58;5,97;4,30;66,06
12058079;Pomezia;Roma;1;64.119;15,12;;17,20;;9,12;4,77;6,78;45,94
12058080;Ponzano Romano;Roma;1;1.212;19,54;;40,39;;7,06;6,36;6,35;63,34
12058081;Riano;Roma;1;10.322;6,75;;14,36;;4,65;1,05;2,49;29,81
12058082;Rignano Flaminio;Roma;1;10.135;9,01;;16,47;;3,96;1,29;2,47;33,56
12058084;Rocca Canterano;Roma;1;174;52,28;;16,02;;13,32;12,25;;93,86
12058085;Rocca di Cave;Roma;1;351;9,74;;;;7,31;4,88;24,56;117,29
12058086;Rocca di Papa;Roma;1;17.512;11,41;;14,36;;2,93;3,82;7,09;37,10
12058088;Rocca Priora;Roma;1;12.040;29,56;;22,75;;6,27;3,52;;43,50
12058089;Rocca Santo Stefano;Roma;1;912;71,81;;9,44;;6,81;4,17;0,74;47,38
12058091;Roma;Roma;1;2.748.109;9,59;;24,86;;8,01;5,28;4,16;46,67
12058093;Sacrofano;Roma;1;7.380;38,40;;25,77;;5,76;8,60;5,83;58,97
12058094;Sambuci;Roma;1;829;27,57;;40,25;;3,84;3,69;1,35;49,33
12058119;San Cesareo;Roma;1;15.988;13,21;;19,96;;3,73;3,21;3,80;38,53
12058095;San Gregorio da Sassola;Roma;1;1.438;62,83;;26,06;;;8,08;1,20;52,88
12058096;San Polo dei Cavalieri;Roma;1;2.756;9,27;;25,95;;5,84;15,79;1,08;61,62
12058100;San Vito Romano;Roma;1;3.058;20,79;;25,17;;5,29;2,62;2,99;47,71
12058097;Santa Marinella;Roma;1;18.397;7,76;;9,57;;5,85;13,18;5,44;45,96
12058099;Sant'Oreste;Roma;1;3.479;8,40;;16,55;;5,89;4,20;3,66;37,24
12058101;Saracinesco;Roma;1;162;26,41;;43,02;;;51,72;;96,80
12058102;Segni;Roma;1;8.959;7,74;;126,83;;7,24;5,99;1,72;47,63
12058103;Subiaco;Roma;1;8.466;75,53;;;;5,14;2,60;7,74;56,16
12058104;Tivoli;Roma;1;54.916;13,21;;25,14;;8,06;6,42;4,01;50,39
12058105;Tolfa;Roma;1;4.761;21,01;;15,49;;2,83;1,37;0,28;38,90
12058107;Trevignano Romano;Roma;1;5.865;12,30;;8,66;;4,68;1,30;0,90;29,55
12058108;Vallepietra;Roma;1;239;;;83,30;;;0,93;;22,44
12058109;Vallinfreda;Roma;1;290;13,01;;54,30;;2,72;10,48;4,40;71,87
12058110;Valmontone;Roma;1;15.661;17,22;;20,14;;4,85;4,18;5,97;47,76
12058111;Velletri;Roma;1;52.528;21,26;;21,26;;1,48;3,71;5,73;41,71
12058114;Zagarolo;Roma;1;18.483;16,00;;23,53;;4,44;4,57;7,55;51,72
05029001;Adria;Rovigo;1;18.643;11,35;;12,45;;2,55;6,90;6,12;34,97
05029002;Ariano nel Polesine;Rovigo;1;3.870;10,27;;15,26;;1,22;8,28;5,50;35,64
05029003;Arqua  Polesine;Rovigo;1;2.573;9,02;;13,29;;0,35;4,63;3,39;27,79
05029004;Badia Polesine;Rovigo;1;10.068;10,71;;12,00;;3,36;5,54;5,81;34,24
05029005;Bagnolo di Po;Rovigo;1;1.234;15,11;;19,97;;;8,03;4,11;37,92
05029006;Bergantino;Rovigo;1;2.394;11,70;;16,52;;1,09;6,14;6,96;36,60
05029007;Bosaro;Rovigo;1;1.427;9,38;;10,16;;1,00;6,94;6,03;30,14
05029008;Calto;Rovigo;1;662;12,59;;16,15;;1,00;7,42;3,83;34,53
05029009;Canaro;Rovigo;1;2.571;9,96;;21,05;;0,99;7,27;5,72;39,08
05029010;Canda;Rovigo;1;830;14,08;;18,34;;;9,06;4,57;38,52
05029011;Castelguglielmo;Rovigo;1;1.534;14,81;;17,14;;;12,08;6,51;42,71
05029012;Castelmassa;Rovigo;1;3.988;6,68;;12,71;;0,93;5,74;3,55;28,31
05029013;Castelnovo Bariano;Rovigo;1;2.595;9,74;;14,19;;;5,70;7,36;33,66
05029014;Ceneselli;Rovigo;1;1.539;18,12;;13,76;;0,62;7,26;3,94;33,83
05029015;Ceregnano;Rovigo;1;3.404;10,69;;13,99;;0,93;7,39;6,07;34,10
05029017;Corbola;Rovigo;1;2.175;6,14;;14,48;;0,37;5,62;5,84;31,13
05029018;Costa di Rovigo;Rovigo;1;2.460;8,06;;8,87;;;5,85;3,67;24,62
05029019;Crespino;Rovigo;1;1.744;14,37;;15,41;;0,54;5,82;3,92;32,03
05029021;Ficarolo;Rovigo;1;2.147;9,35;;14,85;;0,60;7,36;6,94;36,64
05029022;Fiesso Umbertiano;Rovigo;1;3.856;8,80;;12,84;;0,45;5,61;5,93;31,04
05029023;Frassinelle Polesine;Rovigo;1;1.338;12,85;;14,37;;1,08;9,66;5,44;36,36
05029024;Fratta Polesine;Rovigo;1;2.433;10,37;;17,21;;0,73;7,08;6,87;38,20
05029025;Gaiba;Rovigo;1;945;15,34;;13,66;;;9,59;9,25;40,52
05029026;Gavello;Rovigo;1;1.465;16,36;;15,66;;0,44;7,60;4,41;36,22
05029027;Giacciano con Baruchella;Rovigo;1;2.027;10,69;;18,22;;1,99;7,41;7,28;41,90
05029028;Guarda Veneta;Rovigo;1;1.103;11,82;;9,57;;0,70;5,87;3,11;26,11
05029029;Lendinara;Rovigo;1;11.438;10,17;;13,51;;1,28;6,46;5,99;33,24
05029030;Loreo;Rovigo;1;3.255;10,28;;14,78;;0,73;7,89;6,25;35,99
05029031;Lusia;Rovigo;1;3.309;8,94;;13,99;;0,32;5,17;3,84;29,42
05029032;Melara;Rovigo;1;1.675;13,76;;13,43;;0,51;9,06;8,15;38,66
05029033;Occhiobello;Rovigo;1;12.016;5,59;;12,09;;2,31;6,41;4,18;30,80
05029034;Papozze;Rovigo;1;1.358;11,42;;20,82;;1,75;7,19;6,15;40,71
05029035;Pettorazza Grimani;Rovigo;1;1.445;14,80;;14,08;;1,17;4,68;3,90;29,87
05029036;Pincara;Rovigo;1;1.089;10,46;;16,74;;;9,07;4,51;36,01
05029037;Polesella;Rovigo;1;3.621;10,75;;18,07;;1,16;7,97;4,51;37,29
05029038;Pontecchio Polesine;Rovigo;1;2.219;12,84;;11,14;;0,01;4,65;3,56;26,56
05029039;Porto Tolle;Rovigo;1;9.031;7,42;;17,10;;1,54;5,68;7,74;36,80
05029052;Porto Viro;Rovigo;1;13.731;7,93;;15,76;;1,60;5,79;5,75;34,18
05029040;Rosolina;Rovigo;1;6.189;3,96;;20,49;;0,30;5,76;4,80;32,76
05029041;Rovigo;Rovigo;1;49.985;7,84;;12,70;;1,42;6,44;8,25;34,81
05029042;Salara;Rovigo;1;1.040;12,39;;12,32;;2,23;8,31;4,30;34,39
05029043;San Bellino;Rovigo;1;1.016;13,36;;11,88;;0,91;7,20;3,40;31,41
05029044;San Martino di Venezze;Rovigo;1;3.729;8,40;;13,23;;0,72;5,96;4,68;29,78
05029045;Stienta;Rovigo;1;3.097;9,53;;12,51;;;6,64;3,59;28,96
05029046;Taglio di Po;Rovigo;1;7.914;7,50;;12,78;;1,85;4,99;6,32;32,00
05029047;Trecenta;Rovigo;1;2.523;9,81;;16,86;;2,21;7,85;5,76;38,77
05029048;Villadose;Rovigo;1;4.714;8,10;;14,21;;1,68;7,54;5,37;34,83
05029049;Villamarzana;Rovigo;1;1.116;9,55;;9,48;;;8,63;5,89;31,41
05029050;Villanova del Ghebbo;Rovigo;1;2.011;8,99;;13,24;;1,49;5,31;5,60;31,16
05029051;Villanova Marchesana;Rovigo;1;872;9,98;;13,62;;0,56;4,39;3,90;27,02
15065002;Agropoli;Salerno;1;21.262;6,02;;23,14;;7,49;7,71;;46,00
15065004;Alfano;Salerno;1;953;23,54;;;;20,48;1,17;;36,78
15065005;Altavilla Silentina;Salerno;1;6.939;22,13;;20,22;;5,48;6,77;5,74;61,03
15065006;Amalfi;Salerno;1;4.729;76,73;;15,14;;2,96;7,16;0,97;62,92
15065007;Angri;Salerno;1;33.972;9,98;;14,39;;2,33;4,22;1,63;33,69
15065008;Aquara;Salerno;1;1.342;21,47;;31,62;;0,93;3,82;;42,70
15065009;Ascea;Salerno;1;5.750;13,13;;18,90;;;5,66;3,49;37,16
15065010;Atena Lucana;Salerno;1;2.346;9,77;;8,20;;4,36;1,83;0,23;23,87
15065012;Auletta;Salerno;1;2.124;17,91;;21,93;;1,87;1,43;11,81;48,41
15065013;Baronissi;Salerno;1;16.805;17,81;;15,98;;4,03;4,91;7,64;39,11
15065014;Battipaglia;Salerno;1;49.415;;;28,54;;2,50;5,70;13,87;52,92
15065158;Bellizzi;Salerno;1;13.229;15,71;;13,52;;6,93;2,40;0,91;37,35
15065016;Bracigliano;Salerno;1;5.322;3,86;;45,28;;3,73;21,41;0,02;65,18
15065017;Buccino;Salerno;1;4.569;12,85;;33,71;;0,80;7,18;3,51;52,43
15065018;Buonabitacolo;Salerno;1;2.395;3,87;;11,26;;7,37;6,49;5,58;39,32
15065019;Caggiano;Salerno;1;2.523;13,66;;11,67;;0,21;4,83;0,77;33,06
15065021;Camerota;Salerno;1;6.875;7,85;;18,71;;7,18;3,82;;36,69
15065022;Campagna;Salerno;1;16.668;14,15;;17,34;;1,85;3,17;2,20;40,63
15065023;Campora;Salerno;1;311;22,29;;21,16;;3,34;13,89;;61,87
15065025;Capaccio;Salerno;1;22.182;12,92;;28,46;;1,65;2,16;;38,12
15065028;Casal Velino;Salerno;1;5.333;17,48;;12,81;;2,25;5,00;1,73;32,67
15065027;Casaletto Spartano;Salerno;1;1.275;12,36;;15,05;;6,14;2,55;8,97;48,33
15065029;Caselle in Pittari;Salerno;1;1.866;10,15;;16,69;;2,35;1,06;9,10;38,15
15065034;Castel San Giorgio;Salerno;1;13.688;14,47;;22,35;;2,38;6,80;17,64;59,81
15065035;Castel San Lorenzo;Salerno;1;2.205;25,18;;17,12;;8,17;3,88;3,12;51,07
15065030;Castelcivita;Salerno;1;1.441;6,54;;16,52;;5,54;1,29;0,54;33,60
15065031;Castellabate;Salerno;1;8.677;16,17;;15,28;;8,26;3,30;13,12;49,33
15065033;Castelnuovo di Conza;Salerno;1;548;39,87;;14,63;;;11,79;7,83;51,59
15065036;Castiglione del Genovesi;Salerno;1;1.308;83,41;;4,76;;7,96;21,98;1,53;73,49
15065037;Cava de' Tirreni;Salerno;1;50.539;13,89;;18,00;;10,77;3,59;2,72;48,26
15065038;Celle di Bulgheria;Salerno;1;1.733;;;37,39;;7,50;;;43,67
15065039;Centola;Salerno;1;4.983;14,64;;33,16;;7,95;4,34;0,42;59,36
15065040;Ceraso;Salerno;1;2.253;29,34;;19,42;;2,37;7,41;15,87;68,92
15065042;Cicerale;Salerno;1;1.185;20,19;;44,53;;7,03;5,40;5,41;79,25
15065043;Colliano;Salerno;1;3.441;12,19;;14,03;;4,30;3,03;9,69;45,44
15065045;Controne;Salerno;1;773;117,42;;22,14;;14,14;0,37;42,32;111,81
15065046;Contursi Terme;Salerno;1;3.207;20,26;;22,83;;4,69;0,16;7,15;39,90
15065047;Corbara;Salerno;1;2.507;19,99;;17,07;;2,77;2,37;;38,40
15065048;Corleto Monforte;Salerno;1;507;30,50;;25,66;;2,96;9,19;2,28;60,97
15065049;Cuccaro Vetere;Salerno;1;530;16,03;;12,18;;4,13;37,21;;67,15
15065050;Eboli;Salerno;1;37.340;10,39;;20,72;;7,47;4,13;7,54;44,80
15065052;Fisciano;Salerno;1;14.053;34,85;;17,93;;7,00;11,26;30,89;92,60
15065053;Furore;Salerno;1;688;57,30;;22,21;;1,70;26,30;8,48;82,60
15065054;Futani;Salerno;1;1.091;16,88;;30,24;;3,25;5,77;;43,83
15065055;Giffoni Sei Casali;Salerno;1;4.967;21,06;;20,32;;7,22;2,00;6,72;53,41
15065057;Gioi;Salerno;1;1.106;9,42;;10,80;;4,89;19,80;;46,45
15065058;Giungano;Salerno;1;1.281;219,10;;;;8,45;1,95;0,87;59,18
15065059;Ispani;Salerno;1;970;23,28;;50,57;;16,24;9,38;6,53;95,59
15065060;Laureana Cilento;Salerno;1;1.195;29,80;;28,74;;5,55;8,82;9,04;63,24
15065062;Laurito;Salerno;1;696;40,03;;11,28;;4,21;3,68;;36,18
15065063;Laviano;Salerno;1;1.326;15,58;;14,20;;11,77;2,50;3,12;34,09
15065066;Maiori;Salerno;1;5.359;23,23;;31,92;;5,08;10,66;4,49;61,74
15065067;Mercato San Severino;Salerno;1;21.634;25,55;;;;7,09;5,18;20,19;64,57
15065068;Minori;Salerno;1;2.578;36,27;;32,51;;5,99;1,78;7,91;61,30
15065069;Moio della Civitella;Salerno;1;1.805;;;8,92;;;18,78;;45,29
15065070;Montano Antilia;Salerno;1;1.679;100,01;;57,66;;9,63;1,40;;94,78
15065075;Monte San Giacomo;Salerno;1;1.414;21,02;;23,79;;9,98;2,73;1,14;52,08
15065071;Montecorice;Salerno;1;2.541;161,48;;;;8,75;4,76;3,11;58,38
15065072;Montecorvino Pugliano;Salerno;1;11.086;12,55;;22,39;;3,36;2,02;9,29;46,57
15065073;Montecorvino Rovella;Salerno;1;12.202;29,32;;25,68;;13,72;6,25;2,81;54,61
15065074;Monteforte Cilento;Salerno;1;539;55,80;;23,70;;6,54;8,29;;58,96
15065076;Montesano sulla Marcellana;Salerno;1;6.206;22,27;;12,01;;17,47;3,39;0,28;53,07
15065077;Morigerati;Salerno;1;608;20,87;;29,63;;1,96;22,25;;61,23
15065078;Nocera Inferiore;Salerno;1;44.037;25,30;;27,63;;6,47;2,24;4,04;53,21
15065079;Nocera Superiore;Salerno;1;23.736;22,09;;19,57;;16,97;2,47;6,63;55,12
15065080;Novi Velia;Salerno;1;2.335;13,30;;46,12;;4,08;0,86;0,25;52,20
15065082;Olevano sul Tusciano;Salerno;1;6.536;32,37;;28,25;;3,11;2,33;2,44;45,80
15065084;Omignano;Salerno;1;1.647;17,11;;17,35;;2,44;13,29;2,66;43,98
15065087;Padula;Salerno;1;4.903;21,92;;22,31;;;8,34;73,39;115,91
15065089;Palomonte;Salerno;1;3.715;29,43;;11,41;;4,90;1,37;7,03;46,20
15065090;Pellezzano;Salerno;1;10.920;41,03;;20,78;;6,31;4,73;1,20;54,14
15065091;Perdifumo;Salerno;1;1.765;152,47;;9,47;;5,07;2,36;4,62;56,91
15065095;Piaggine;Salerno;1;1.154;36,77;;19,04;;21,97;5,41;4,28;73,33
15065096;Pisciotta;Salerno;1;2.428;17,96;;22,26;;2,82;8,82;;44,12
15065097;Polla;Salerno;1;5.102;5,67;;;;2,18;4,95;14,37;49,35
15065099;Pontecagnano Faiano;Salerno;1;26.078;10,58;;17,66;;2,69;3,44;8,86;41,62
15065100;Positano;Salerno;1;3.747;26,28;;18,62;;5,11;1,13;7,33;44,36
15065102;Praiano;Salerno;1;1.982;46,62;;47,79;;14,10;3,96;3,35;80,19
15065103;Prignano Cilento;Salerno;1;1.103;;;24,57;;;25,22;;51,86
15065104;Ravello;Salerno;1;2.390;34,89;;18,67;;16,05;1,67;3,63;46,41
15065105;Ricigliano;Salerno;1;1.054;33,21;;10,83;;5,66;17,00;5,86;54,72
15065106;Roccadaspide;Salerno;1;6.932;68,79;;;;11,71;7,83;3,46;50,08
15065107;Roccagloriosa;Salerno;1;1.555;12,89;;12,96;;5,41;7,51;6,27;54,62
15065108;Roccapiemonte;Salerno;1;8.706;45,72;;22,11;;6,62;4,06;2,92;56,89
15065109;Rofrano;Salerno;1;1.276;62,02;;43,78;;11,03;;;76,40
15065111;Roscigno;Salerno;1;625;50,22;;;;;10,44;3,61;51,34
15065112;Rutino;Salerno;1;768;19,88;;31,17;;5,32;17,90;1,71;61,21
15065113;Sacco;Salerno;1;439;15,29;;34,35;;7,16;2,13;1,68;48,49
15065114;Sala Consilina;Salerno;1;12.237;11,23;;14,80;;5,68;2,25;11,18;48,40
15065115;Salento;Salerno;1;1.770;15,63;;12,58;;0,79;24,84;0,82;51,93
15065116;Salerno;Salerno;1;127.186;4,07;;46,14;;14,29;2,69;17,39;73,40
15065118;San Cipriano Picentino;Salerno;1;6.529;10,63;;27,66;;8,54;2,66;3,80;52,55
15065119;San Giovanni a Piro;Salerno;1;3.599;17,79;;21,69;;10,03;3,84;4,18;48,47
15065120;San Gregorio Magno;Salerno;1;3.954;44,33;;20,21;;4,93;3,10;15,97;56,54
15065121;San Mango Piemonte;Salerno;1;2.598;5,83;;12,18;;3,36;14,67;9,15;49,28
15065122;San Marzano sul Sarno;Salerno;1;10.244;15,32;;22,92;;5,24;2,01;25,08;67,43
15065124;San Mauro la Bruca;Salerno;1;543;95,00;;;;4,35;17,88;0,50;61,46
15065126;San Rufo;Salerno;1;1.608;13,77;;22,07;;;13,84;10,34;51,75
15065128;Sant'Angelo a Fasanella;Salerno;1;500;17,71;;20,44;;1,37;22,42;6,33;64,44
15065129;Sant'Arsenio;Salerno;1;2.655;;;8,68;;0,56;6,59;9,19;40,72
15065130;Sant'Egidio del Monte Albino;Salerno;1;8.785;13,96;;8,63;;7,97;2,74;8,29;41,76
15065131;Santomenna;Salerno;1;401;48,25;;36,75;;1,65;9,60;119,96;198,29
15065133;Sanza;Salerno;1;2.376;16,77;;15,91;;3,74;0,45;14,53;46,93
15065135;Sarno;Salerno;1;30.559;30,90;;15,84;;7,18;2,38;0,13;39,19
15065137;Scafati;Salerno;1;48.045;5,51;;18,86;;1,77;8,65;13,63;50,87
15065138;Scala;Salerno;1;1.496;32,69;;28,28;;4,99;4,47;6,19;56,71
15065139;Serramezzana;Salerno;1;269;324,27;;;;;6,57;40,96;156,65
15065141;Sessa Cilento;Salerno;1;1.159;10,26;;11,12;;5,45;9,21;0,63;40,94
15065143;Sicignano degli Alburni;Salerno;1;3.053;28,38;;20,24;;14,87;4,07;6,45;59,53
15065144;Stella Cilento;Salerno;1;682;41,83;;34,89;;4,01;8,07;0,86;65,22
15065145;Stio;Salerno;1;774;32,73;;35,51;;;2,48;3,27;63,55
15065146;Teggiano;Salerno;1;7.056;20,34;;13,06;;5,61;5,11;;45,74
15065147;Torchiara;Salerno;1;1.835;180,98;;;;10,24;3,90;5,85;49,42
15065148;Torraca;Salerno;1;1.195;70,97;;23,34;;;2,20;;53,58
15065149;Torre Orsaia;Salerno;1;1.985;80,85;;;;11,58;;0,18;38,85
15065150;Tortorella;Salerno;1;482;5,86;;22,32;;1,38;1,31;0,27;48,23
15065151;Tramonti;Salerno;1;4.135;24,90;;17,34;;4,97;2,79;5,68;44,09
15065153;Valle dell'Angelo;Salerno;1;219;57,91;;;;;1,47;0,34;65,69
15065154;Vallo della Lucania;Salerno;1;7.992;13,54;;22,66;;7,05;4,42;3,27;43,14
15065155;Valva;Salerno;1;1.537;13,15;;16,84;;1,45;0,11;5,81;39,26
15065156;Vibonati;Salerno;1;3.204;40,67;;15,16;;9,32;2,52;;54,81
15065157;Vietri sul Mare;Salerno;1;7.180;8,87;;33,48;;9,11;5,48;6,11;57,35
20090001;Aggius;Sassari [fino 2024];1;1.403;6,03;;12,49;;0,88;5,29;3,60;25,87
20090062;Aglientu;Sassari [fino 2024];1;1.169;14,28;;25,84;;0,48;10,65;2,55;46,77
20090003;Alghero;Sassari [fino 2024];1;42.380;11,80;;24,34;;7,29;9,17;4,89;49,67
20090004;Anela;Sassari [fino 2024];1;567;34,32;;31,34;;0,88;9,75;4,72;50,97
20090006;Arzachena;Sassari [fino 2024];1;13.362;18,96;;19,59;;3,94;1,73;19,12;50,69
20090081;Badesi;Sassari [fino 2024];1;1.821;13,64;;33,99;;8,78;5,95;15,87;74,32
20090008;Benetutti;Sassari [fino 2024];1;1.686;29,46;;26,90;;0,85;7,20;6,12;44,75
20090009;Berchidda;Sassari [fino 2024];1;2.594;9,32;;16,63;;2,25;4,81;3,84;32,94
20090012;Bono;Sassari [fino 2024];1;3.313;14,82;;12,71;;2,24;1,92;2,97;24,41
20090014;Bortigiadas;Sassari [fino 2024];1;714;2,47;;9,17;;0,33;2,63;1,16;17,82
20090016;Bottidda;Sassari [fino 2024];1;646;31,25;;28,53;;;7,74;4,24;45,21
20090091;Budoni;Sassari [fino 2024];1;5.438;27,95;;19,91;;3,77;2,54;5,07;36,80
20090018;Bultei;Sassari [fino 2024];1;829;36,83;;38,56;;0,88;7,47;7,02;58,07
20090020;Burgos;Sassari [fino 2024];1;855;8,89;;;;0,79;6,21;2,07;42,85
20090021;Calangianus;Sassari [fino 2024];1;3.813;7,18;;9,88;;3,84;4,38;2,65;24,05
20090023;Castelsardo;Sassari [fino 2024];1;5.656;31,78;;16,78;;5,12;1,46;7,75;38,14
20090088;Erula;Sassari [fino 2024];1;688;16,77;;27,68;;0,76;3,47;4,07;38,77
20090028;Esporlatu;Sassari [fino 2024];1;375;30,82;;28,15;;0,79;4,44;2,86;40,08
20090031;Illorai;Sassari [fino 2024];1;751;42,35;;38,67;;0,91;4,77;;50,41
20090035;La Maddalena;Sassari [fino 2024];1;10.592;10,22;;22,89;;6,40;4,19;12,42;51,02
20090034;Laerru;Sassari [fino 2024];1;847;95,93;;;;;1,89;;46,32
20090084;Loiri Porto San Paolo;Sassari [fino 2024];1;3.679;29,08;;32,97;;3,72;4,58;1,10;48,82
20090036;Luogosanto;Sassari [fino 2024];1;1.828;5,04;;13,21;;1,32;2,55;1,17;19,77
20090037;Luras;Sassari [fino 2024];1;2.384;4,30;;9,43;;0,64;2,39;1,47;16,87
20090041;Monti;Sassari [fino 2024];1;2.327;14,97;;17,21;;3,01;3,51;1,65;30,98
20090045;Nule;Sassari [fino 2024];1;1.283;38,04;;22,91;;0,82;6,73;3,24;40,59
20090047;Olbia;Sassari [fino 2024];1;61.048;9,65;;20,92;;7,95;7,54;5,22;45,78
20090049;Oschiri;Sassari [fino 2024];1;3.018;11,39;;28,35;;4,79;2,54;2,91;42,31
20090050;Osilo;Sassari [fino 2024];1;2.794;17,15;;28,30;;0,77;6,07;3,32;41,32
20090051;Ossi - Dato aggregazione UNIONE DEI COMUNI DEL COROS;Sassari [fino 2024];9;29.107;19,72;;24,29;;0,83;5,90;1,33;36,62
20090052;Ozieri - Dato aggregazione UNIONE DEI COMUNI DEL LOGUDORO;Sassari [fino 2024];7;17.784;9,73;;18,37;;4,23;6,36;0,26;33,21
20090054;Palau;Sassari [fino 2024];1;4.048;13,73;;16,72;;4,85;10,98;4,73;44,88
20090058;Porto Torres;Sassari [fino 2024];1;21.029;7,64;;18,15;;6,91;12,29;1,72;45,09
20090092;San Teodoro;Sassari [fino 2024];1;5.011;7,33;;13,11;;8,88;3,41;6,69;41,05
20090063;Santa Teresa Gallura;Sassari [fino 2024];1;5.025;9,34;;35,57;;8,92;8,04;9,07;67,90
20090064;Sassari;Sassari [fino 2024];1;121.021;9,70;;10,78;;8,70;7,27;10,04;46,85
20090065;Sedini;Sassari [fino 2024];1;1.245;15,92;;9,09;;0,97;3,24;0,92;17,94
20090067;Sennori;Sassari [fino 2024];1;6.857;10,81;;25,69;;6,22;4,27;6,85;46,62
20090069;Sorso;Sassari [fino 2024];1;14.397;20,03;;23,13;;2,93;2,41;1,11;38,43
20090089;Stintino;Sassari [fino 2024];1;1.549;16,81;;19,04;;14,37;4,92;7,81;51,64
20090070;Tempio Pausania;Sassari [fino 2024];1;13.196;7,45;;11,48;;6,53;2,85;4,26;29,93
20090079;Valledoria;Sassari [fino 2024];1;4.298;21,53;;11,83;;1,16;2,58;0,98;25,25
20090082;Viddalba;Sassari [fino 2024];1;1.597;19,40;;10,75;;1,40;5,07;2,12;24,90
20090078;Villanova Monteleone - Dato aggregazione Unione Comuni del Villanova;Sassari [fino 2024];5;3.802;6,65;;21,64;;2,04;3,23;1,40;33,36
07009001;Alassio;Savona;1;10.059;17,85;;29,51;;7,73;5,14;8,38;53,62
07009002;Albenga;Savona;1;23.376;12,43;;16,80;;7,26;4,80;7,82;43,14
07009004;Albisola Superiore;Savona;1;9.589;11,35;;17,31;;8,97;7,20;2,35;43,67
07009003;Albissola Marina;Savona;1;5.192;20,99;;27,40;;9,09;6,38;3,90;54,53
07009005;Altare;Savona;1;1.931;9,64;;14,55;;9,77;18,21;2,30;48,69
07009006;Andora;Savona;1;7.267;5,98;;30,62;;7,47;6,64;2,02;54,28
07009007;Arnasco;Savona;1;552;26,65;;32,10;;3,75;12,94;0,23;50,06
07009009;Bardineto;Savona;1;749;7,07;;28,67;;4,23;2,55;2,36;38,50
07009010;Bergeggi;Savona;1;1.053;15,26;;16,60;;10,50;9,64;6,53;61,06
07009011;Boissano;Savona;1;2.539;24,49;;20,91;;1,07;6,05;4,00;38,28
07009012;Borghetto Santo Spirito;Savona;1;4.600;8,91;;30,88;;7,38;4,99;6,01;47,36
07009013;Borgio Verezzi;Savona;1;2.048;13,73;;36,14;;9,53;6,41;1,99;48,22
07009014;Bormida;Savona;1;327;16,52;;34,14;;;15,47;4,21;54,44
07009015;Cairo Montenotte;Savona;1;12.660;15,94;;17,20;;6,44;10,00;3,16;42,36
07009016;Calice Ligure;Savona;1;1.688;16,92;;15,44;;3,18;5,29;1,64;30,04
07009017;Calizzano;Savona;1;1.410;11,48;;28,29;;3,21;4,57;6,48;39,68
07009018;Carcare;Savona;1;5.204;17,67;;19,38;;3,81;3,92;1,74;37,46
07009019;Casanova Lerrone;Savona;1;742;16,55;;18,32;;1,39;6,58;4,67;40,37
07009020;Castelbianco;Savona;1;319;46,05;;13,70;;2,64;6,27;3,67;34,83
07009021;Castelvecchio di Rocca Barbena;Savona;1;130;23,65;;34,35;;;7,77;2,19;45,14
07009022;Celle Ligure;Savona;1;4.873;26,23;;27,23;;9,72;8,11;4,95;57,96
07009023;Cengio;Savona;1;3.274;3,98;;10,64;;2,58;8,33;4,06;37,15
07009024;Ceriale;Savona;1;5.321;19,08;;19,55;;7,17;7,14;8,44;50,02
07009025;Cisano sul Neva;Savona;1;2.145;15,35;;23,37;;0,50;3,30;0,69;30,65
07009027;Dego;Savona;1;1.831;16,80;;20,82;;0,36;5,36;3,20;34,43
07009028;Erli;Savona;1;215;17,23;;16,95;;;9,00;0,39;29,22
07009029;Finale Ligure;Savona;1;11.146;10,35;;18,93;;11,05;6,30;3,69;46,34
07009030;Garlenda;Savona;1;1.357;26,43;;29,90;;2,35;5,16;1,98;40,47
07009031;Giustenice;Savona;1;1.003;36,49;;18,81;;1,72;7,49;1,09;34,22
07009033;Laigueglia;Savona;1;1.705;18,12;;19,33;;19,29;17,89;5,11;66,67
07009035;Magliolo;Savona;1;958;12,59;;13,50;;;6,77;1,57;27,05
07009036;Mallare;Savona;1;1.069;6,21;;23,84;;0,68;7,19;0,09;27,14
07009037;Massimino;Savona;1;97;9,51;;84,74;;;8,39;0,31;48,33
07009041;Nasino;Savona;1;171;33,00;;18,47;;1,35;7,46;5,48;39,93
07009042;Noli;Savona;1;2.444;24,56;;21,64;;7,91;6,01;7,85;57,26
07009043;Onzo;Savona;1;220;42,62;;53,87;;7,38;2,64;4,03;74,12
07009044;Orco Feglino;Savona;1;919;20,69;;19,68;;;6,33;2,00;33,87
07009045;Ortovero;Savona;1;1.649;22,98;;18,53;;0,79;4,52;4,58;30,34
07009046;Osiglia;Savona;1;430;21,61;;24,49;;;20,15;2,20;50,74
07009047;Pallare;Savona;1;877;10,61;;20,57;;;7,78;0,96;36,03
07009048;Piana Crixia;Savona;1;726;19,86;;25,32;;;12,88;5,85;48,74
07009052;Quiliano;Savona;1;6.849;12,15;;11,56;;3,00;4,72;3,90;29,53
07009053;Rialto;Savona;1;534;22,35;;4,84;;;6,67;2,55;23,28
07009054;Roccavignale;Savona;1;747;13,03;;24,78;;2,88;6,77;0,40;44,45
07009055;Sassello;Savona;1;1.683;16,64;;24,37;;;6,32;0,12;39,36
07009056;Savona;Savona;1;58.194;16,05;;22,77;;3,66;11,45;2,66;44,12
07009057;Spotorno;Savona;1;3.446;14,43;;20,36;;6,64;7,32;9,09;54,81
07009058;Stella;Savona;1;2.971;15,03;;19,24;;0,83;3,88;0,15;27,22
07009059;Stellanello;Savona;1;840;6,76;;52,84;;10,00;8,23;0,25;53,09
07009060;Testico;Savona;1;182;8,46;;37,16;;16,20;14,31;1,24;65,12
07009061;Toirano;Savona;1;2.680;99,70;;3,44;;4,00;;;38,65
07009062;Tovo San Giacomo;Savona;1;2.516;27,47;;17,04;;;4,33;2,19;33,53
07009063;Urbe;Savona;1;643;32,77;;26,05;;;7,78;0,15;40,60
07009064;Vado Ligure;Savona;1;8.012;12,43;;22,14;;5,37;3,96;5,75;36,85
07009065;Varazze;Savona;1;12.534;14,32;;15,25;;7,52;8,06;7,63;48,95
07009066;Vendone;Savona;1;357;29,93;;15,12;;9,82;20,77;1,22;62,35
07009067;Vezzi Portio;Savona;1;799;5,59;;11,83;;0,34;4,09;1,85;22,70
07009068;Villanova d'Albenga;Savona;1;2.755;44,16;;14,04;;4,49;3,79;2,90;31,40
07009069;Zuccarello;Savona;1;280;32,74;;28,62;;8,51;26,23;1,45;73,68
09052001;Abbadia San Salvatore;Siena;1;5.997;10,62;;23,04;;5,00;4,38;3,50;43,14
09052002;Asciano;Siena;1;6.781;12,17;;18,87;;4,10;6,62;2,94;45,01
09052004;Casole d'Elsa;Siena;1;3.715;7,96;;17,48;;4,11;3,11;3,20;36,17
09052006;Castelnuovo Berardenga;Siena;1;8.924;13,18;;14,57;;4,20;5,71;5,31;39,48
09052008;Cetona;Siena;1;2.488;12,66;;12,77;;3,78;3,87;4,17;37,32
09052009;Chianciano Terme;Siena;1;6.907;11,32;;15,25;;5,87;4,13;6,20;42,56
09052010;Chiusdino;Siena;1;1.751;10,93;;25,15;;4,87;2,85;1,59;43,27
09052011;Chiusi;Siena;1;8.093;9,78;;17,77;;3,84;3,19;4,61;41,80
09052012;Colle di Val d'Elsa;Siena;1;21.550;8,39;;13,17;;4,52;3,04;3,51;34,06
09052037;Montalcino;Siena;1;5.611;12,91;;18,86;;7,48;3,48;3,45;44,87
09052015;Montepulciano;Siena;1;13.274;7,50;;18,94;;9,09;4,62;4,83;45,09
09052016;Monteriggioni;Siena;1;9.991;6,90;;13,38;;2,05;3,78;3,25;24,43
09052017;Monteroni d'Arbia;Siena;1;9.039;15,39;;11,81;;4,86;5,16;6,16;38,85
09052018;Monticiano;Siena;1;1.555;37,66;;19,85;;2,37;4,63;6,22;43,83
09052019;Murlo;Siena;1;2.423;18,47;;16,77;;5,81;2,82;4,71;44,67
09052021;Pienza;Siena;1;1.976;12,25;;34,57;;8,30;5,90;2,91;52,57
09052022;Poggibonsi;Siena;1;28.209;8,21;;16,71;;4,05;3,01;2,86;35,12
09052023;Radda in Chianti;Siena;1;1.449;7,57;;33,31;;0,31;6,19;3,93;35,47
09052024;Radicofani;Siena;1;1.060;24,52;;11,22;;5,87;3,60;4,24;38,61
09052025;Radicondoli;Siena;1;945;11,75;;27,57;;6,86;5,43;6,73;52,61
09052026;Rapolano Terme;Siena;1;5.072;12,46;;17,54;;2,70;3,29;3,14;36,56
09052027;San Casciano dei Bagni;Siena;1;1.500;19,03;;17,81;;13,25;6,16;9,92;62,19
09052028;San Gimignano;Siena;1;7.480;8,39;;17,07;;6,61;3,25;3,68;38,23
09052030;San Quirico d'Orcia;Siena;1;2.572;7,30;;9,33;;5,34;2,41;2,27;30,80
09052031;Sarteano;Siena;1;4.467;15,30;;13,09;;4,48;3,46;6,53;41,70
09052032;Siena;Siena;1;52.812;16,29;;15,66;;7,99;4,70;2,86;42,58
09052033;Sinalunga;Siena;1;12.068;11,91;;17,89;;2,86;5,24;3,41;38,20
09052034;Sovicille;Siena;1;9.853;13,49;;21,83;;1,62;4,97;1,55;41,01
09052035;Torrita di Siena;Siena;1;6.963;13,37;;16,98;;5,06;4,35;2,72;41,29
09052036;Trequanda;Siena;1;1.166;14,24;;32,53;;12,83;6,38;7,27;62,47
19089001;Augusta;Siracusa;1;34.658;10,01;;36,64;;8,80;0,72;5,73;43,40
19089003;Buccheri;Siracusa;1;1.729;11,19;;4,47;;;19,19;2,96;32,98
19089004;Buscemi;Siracusa;1;950;29,42;;16,62;;0,50;2,91;4,25;37,95
19089005;Canicattini Bagni;Siracusa;1;6.517;11,37;;19,93;;0,95;2,23;;26,99
19089006;Carlentini;Siracusa;1;17.040;7,60;;24,81;;2,33;2,34;1,99;31,40
19089007;Cassaro;Siracusa;1;724;2,96;;8,66;;;31,05;;58,06
19089008;Ferla;Siracusa;1;2.305;22,19;;17,10;;0,05;5,77;;30,30
19089009;Floridia;Siracusa;1;21.182;9,05;;13,31;;4,92;1,31;8,53;41,62
19089010;Francofonte;Siracusa;1;11.746;7,12;;40,68;;8,69;4,46;;49,94
19089011;Lentini;Siracusa;1;21.646;6,23;;44,56;;8,66;5,03;0,94;48,44
19089012;Melilli;Siracusa;1;13.171;16,35;;30,75;;6,96;11,16;24,44;80,07
19089015;Palazzolo Acreide;Siracusa;1;8.101;6,33;;16,65;;2,92;13,38;3,84;52,73
19089021;Priolo Gargallo;Siracusa;1;11.249;65,61;;9,39;;12,96;16,04;;88,65
19089016;Rosolini;Siracusa;1;20.577;11,29;;16,49;;3,75;1,59;1,17;21,40
19089017;Siracusa;Siracusa;1;116.244;30,21;;17,82;;5,98;3,62;2,90;48,32
19089018;Solarino;Siracusa;1;7.513;25,88;;24,67;;8,31;3,89;1,89;48,79
19089019;Sortino;Siracusa;1;8.234;12,89;;19,17;;6,54;3,03;4,16;37,54
03014001;Albaredo per San Marco;Sondrio;1;296;9,32;;19,51;;1,50;5,68;8,47;44,87
03014002;Albosaggia;Sondrio;1;2.990;9,60;;11,75;;;4,33;2,51;30,90
03014003;Andalo Valtellino;Sondrio;1;590;9,79;;12,72;;0,06;1,13;2,07;29,20
03014004;Aprica;Sondrio;1;1.464;14,97;;19,50;;1,49;2,86;4,51;38,58
03014005;Ardenno;Sondrio;1;3.214;9,90;;10,13;;0,95;3,50;1,92;29,57
03014006;Bema;Sondrio;1;116;36,30;;25,66;;9,91;12,85;2,20;74,55
03014007;Berbenno di Valtellina;Sondrio;1;4.039;8,06;;11,79;;0,39;2,57;5,02;30,88
03014008;Bianzone;Sondrio;1;1.257;11,78;;14,00;;;5,25;2,60;33,81
03014009;Bormio;Sondrio;1;3.960;11,20;;6,50;;3,96;3,11;3,09;36,05
03014010;Buglio in Monte;Sondrio;1;1.981;7,90;;14,47;;;5,40;0,44;32,13
03014012;Campodolcino;Sondrio;1;938;21,30;;12,68;;1,77;8,08;2,35;40,52
03014014;Castello dell'Acqua;Sondrio;1;597;17,50;;3,92;;2,41;20,28;3,45;50,54
03014015;Castione Andevenno;Sondrio;1;1.529;8,80;;10,57;;0,03;5,30;3,14;29,61
03014017;Cercino;Sondrio;1;802;3,19;;4,33;;0,41;8,81;1,80;27,82
03014018;Chiavenna;Sondrio;1;7.236;13,52;;8,07;;2,02;2,69;1,98;30,05
03014019;Chiesa in Valmalenco - Dato aggregazione Unione dei Comuni Lombarda della Valmalenco;Sondrio;3;4.920;24,40;;12,15;;3,35;3,28;2,38;35,11
03014020;Chiuro;Sondrio;1;2.424;12,14;;11,73;;1,11;2,61;4,32;32,67
03014021;Cino;Sondrio;1;343;8,53;;2,70;;6,94;4,22;1,78;31,86
03014022;Civo;Sondrio;1;1.104;24,45;;40,22;;1,80;14,80;3,42;67,41
03014023;Colorina;Sondrio;1;1.372;12,90;;17,90;;0,08;2,62;2,17;32,57
03014024;Cosio Valtellino;Sondrio;1;5.515;8,60;;9,23;;1,55;3,61;3,03;31,16
03014025;Dazio;Sondrio;1;502;20,11;;19,78;;3,33;3,12;1,82;41,05
03014026;Delebio;Sondrio;1;3.307;10,37;;12,86;;0,06;2,61;1,89;29,39
03014027;Dubino;Sondrio;1;3.782;8,85;;5,20;;0,01;2,13;2,03;24,44
03014028;Faedo Valtellino;Sondrio;1;512;21,89;;21,68;;;14,00;3,37;52,35
03014029;Forcola;Sondrio;1;757;14,34;;21,91;;0,02;5,71;2,58;39,06
03014030;Fusine;Sondrio;1;545;5,05;;9,32;;1,03;2,53;2,04;27,87
03014031;Gerola Alta;Sondrio;1;165;23,56;;24,55;;;1,26;1,22;40,63
03014032;Gordona;Sondrio;1;1.948;1,94;;7,76;;1,33;4,89;2,28;28,73
03014033;Grosio;Sondrio;1;4.338;9,61;;9,35;;0,31;2,12;2,49;23,09
03014034;Grosotto;Sondrio;1;1.619;11,11;;6,64;;2,92;3,36;4,26;33,30
03014037;Livigno;Sondrio;1;6.789;26,26;;5,43;;0,18;2,05;3,99;35,46
03014035;Madesimo;Sondrio;1;507;27,62;;31,11;;1,90;5,55;2,21;52,46
03014039;Mantello;Sondrio;1;742;12,26;;11,28;;0,49;3,35;1,92;28,66
03014040;Mazzo di Valtellina;Sondrio;1;1.034;12,41;;4,57;;2,63;4,21;2,57;29,81
03014041;Mello;Sondrio;1;932;6,18;;18,29;;0,07;3,93;2,01;29,31
03014043;Mese;Sondrio;1;1.845;5,36;;5,27;;;0,90;1,63;19,16
03014044;Montagna in Valtellina;Sondrio;1;2.981;7,91;;13,28;;0,42;4,76;2,26;30,67
03014045;Morbegno;Sondrio;1;12.230;8,11;;9,04;;0,52;2,07;1,68;24,23
03014046;Novate Mezzola;Sondrio;1;1.903;16,02;;15,42;;2,31;4,69;2,10;39,22
03014047;Pedesina;Sondrio;1;37;42,53;;39,77;;;19,97;2,03;79,61
03014048;Piantedo;Sondrio;1;1.417;10,37;;11,60;;0,02;3,71;2,71;32,25
03014049;Piateda;Sondrio;1;2.039;13,82;;7,59;;0,08;3,22;1,92;28,91
03014050;Piuro;Sondrio;1;1.905;31,27;;12,38;;1,53;4,63;2,21;34,48
03014052;Ponte in Valtellina;Sondrio;1;2.241;9,05;;15,13;;0,25;1,68;2,01;28,58
03014054;Prata Camportaccio;Sondrio;1;2.908;14,16;;4,92;;0,27;3,33;1,64;25,46
03014055;Rasura;Sondrio;1;288;34,75;;16,65;;5,96;17,76;1,89;66,03
03014056;Rogolo;Sondrio;1;573;15,82;;14,07;;3,59;4,80;1,98;38,27
03014057;Samolaco;Sondrio;1;2.875;12,31;;16,64;;0,79;7,99;1,94;38,90
03014058;San Giacomo Filippo;Sondrio;1;364;19,92;;24,17;;2,30;4,31;1,84;42,71
03014059;Sernio;Sondrio;1;488;15,14;;8,90;;1,88;4,93;2,07;36,53
03014060;Sondalo;Sondrio;1;3.911;14,87;;11,07;;2,37;3,38;2,29;34,32
03014061;Sondrio;Sondrio;1;21.066;22,64;;20,17;;0,90;2,11;3,38;39,92
03014063;Talamona;Sondrio;1;4.582;6,49;;7,80;;0,06;2,41;1,95;25,36
03014064;Tartano;Sondrio;1;194;21,14;;46,66;;;1,07;2,10;49,55
03014066;Tirano;Sondrio;1;8.828;12,49;;11,87;;1,34;2,13;2,57;33,21
03014067;Torre di Santa Maria - Dato aggregazione Unione comuni Spriana-Torre di Santa Maria;Sondrio;2;816;16,53;;15,98;;0,43;4,82;1,92;29,56
03014068;Tovo di Sant'Agata;Sondrio;1;620;14,95;;2,21;;4,21;4,68;1,85;32,74
03014069;Traona;Sondrio;1;2.846;9,93;;15,32;;1,52;5,23;1,94;34,78
03014070;Tresivio;Sondrio;1;2.023;22,39;;17,55;;1,05;4,62;2,47;43,30
03014074;Val Masino;Sondrio;1;840;14,57;;21,67;;0,94;5,17;1,88;36,25
03014071;Valdidentro;Sondrio;1;4.168;19,22;;15,05;;0,84;4,52;2,10;37,15
03014072;Valdisotto;Sondrio;1;3.577;24,64;;10,56;;0,39;1,71;2,70;29,67
03014073;Valfurva;Sondrio;1;2.487;30,32;;13,78;;2,81;3,13;2,08;37,84
03014075;Verceia;Sondrio;1;1.058;14,02;;11,64;;;11,79;3,90;41,53
03014076;Vervio;Sondrio;1;200;26,36;;15,45;;1,01;5,11;1,87;43,58
03014077;Villa di Chiavenna;Sondrio;1;948;14,58;;11,43;;;1,46;2,04;29,82
03014078;Villa di Tirano;Sondrio;1;2.992;10,10;;8,10;;0,82;3,49;1,70;26,02
20111007;Burcei;Sud Sardegna [fino 2024];1;2.625;31,31;;40,99;;4,08;8,01;5,47;70,00
20111008;Calasetta;Sud Sardegna [fino 2024];1;2.775;10,54;;19,50;;4,96;7,79;1,60;38,82
20111009;Carbonia;Sud Sardegna [fino 2024];1;26.250;10,03;;17,13;;6,35;3,59;6,52;41,16
20111010;Carloforte;Sud Sardegna [fino 2024];1;5.925;19,45;;25,07;;7,89;5,69;3,15;46,79
20111011;Castiadas;Sud Sardegna [fino 2024];1;1.699;48,69;;12,68;;;0,70;;28,21
20111013;Decimoputzu;Sud Sardegna [fino 2024];1;4.171;14,49;;12,03;;1,11;3,70;6,29;30,30
20111015;Domus de Maria;Sud Sardegna [fino 2024];1;1.638;50,47;;18,69;;;;;35,23
20111016;Domusnovas;Sud Sardegna [fino 2024];1;5.865;9,92;;8,06;;0,76;4,45;2,34;27,20
20111018;Escalaplano;Sud Sardegna [fino 2024];1;2.064;27,05;;41,41;;;4,08;1,99;51,98
20111019;Escolca;Sud Sardegna [fino 2024];1;544;19,02;;29,16;;;4,14;1,82;38,28
20111020;Esterzili;Sud Sardegna [fino 2024];1;563;26,42;;40,51;;;8,56;1,85;55,30
20111023;Genoni;Sud Sardegna [fino 2024];1;764;28,65;;43,94;;;11,49;1,44;61,62
20111025;Gergei;Sud Sardegna [fino 2024];1;1.120;14,11;;6,07;;;2,30;1,99;17,15
20111026;Gesico;Sud Sardegna [fino 2024];1;739;28,11;;24,96;;;3,94;2,60;38,61
20111028;Giba;Sud Sardegna [fino 2024];1;1.916;21,29;;15,77;;1,16;3,18;1,09;22,38
20111031;Gonnosfanadiga;Sud Sardegna [fino 2024];1;6.150;17,44;;14,00;;2,07;4,68;3,18;33,05
20111033;Guasila;Sud Sardegna [fino 2024];1;2.480;26,34;;22,55;;4,31;4,23;2,33;40,87
20111034;Guspini;Sud Sardegna [fino 2024];1;10.990;11,90;;21,57;;7,75;4,10;2,76;41,01
20111035;Iglesias;Sud Sardegna [fino 2024];1;25.093;12,43;;16,84;;8,03;4,32;4,77;40,71
20111036;Isili;Sud Sardegna [fino 2024];1;2.442;18,02;;27,63;;;3,76;2,67;37,05
20111039;Mandas;Sud Sardegna [fino 2024];1;2.004;92,63;;3,08;;;4,05;0,41;25,50
20111040;Masainas;Sud Sardegna [fino 2024];1;1.226;27,62;;21,03;;1,58;5,01;18,88;56,34
20111042;Muravera;Sud Sardegna [fino 2024];1;5.167;40,67;;30,22;;1,05;2,93;0,44;41,17
20111045;Nuragus;Sud Sardegna [fino 2024];1;839;28,23;;43,29;;;6,07;2,91;56,97
20111046;Nurallao;Sud Sardegna [fino 2024];1;1.149;28,42;;43,54;;;5,33;1,38;54,97
20111048;Nurri;Sud Sardegna [fino 2024];1;2.025;27,52;;42,19;;4,19;4,53;3,21;58,69
20111049;Nuxis;Sud Sardegna [fino 2024];1;1.436;13,55;;26,49;;1,99;5,63;;40,36
20111050;Orroli;Sud Sardegna [fino 2024];1;1.965;19,27;;29,55;;;3,47;2,62;38,84
20111051;Ortacesus;Sud Sardegna [fino 2024];1;873;25,84;;22,94;;;4,22;2,40;36,09
20111052;Pabillonis;Sud Sardegna [fino 2024];1;2.473;4,79;;6,21;;1,92;3,93;3,63;32,08
20111054;Perdaxius;Sud Sardegna [fino 2024];1;1.306;19,75;;16,86;;;3,77;4,60;37,21
20111055;Pimentel;Sud Sardegna [fino 2024];1;1.114;26,41;;23,45;;;4,28;2,35;36,76
20111056;Piscinas;Sud Sardegna [fino 2024];1;793;19,92;;19,26;;;4,31;2,12;33,77
20111057;Portoscuso;Sud Sardegna [fino 2024];1;4.835;14,52;;18,46;;4,71;4,92;0,31;37,14
20111058;Sadali;Sud Sardegna [fino 2024];1;837;18,88;;28,95;;;5,17;2,45;39,70
20111059;Samassi;Sud Sardegna [fino 2024];1;4.789;13,42;;14,17;;1,49;4,97;3,11;31,52
20111062;San Gavino Monreale;Sud Sardegna [fino 2024];1;8.056;7,94;;7,89;;1,58;4,79;2,23;33,84
20111063;San Giovanni Suergiu;Sud Sardegna [fino 2024];1;5.630;14,53;;18,23;;5,79;2,77;0,44;35,64
20111065;San Sperate;Sud Sardegna [fino 2024];1;8.401;26,97;;17,40;;2,57;4,99;4,69;38,43
20111066;San Vito;Sud Sardegna [fino 2024];1;3.426;78,86;;10,36;;;1,82;0,39;32,23
20111068;Santadi;Sud Sardegna [fino 2024];1;3.163;11,62;;26,70;;3,24;2,25;5,03;40,93
20111070;Sant'Anna Arresi;Sud Sardegna [fino 2024];1;2.612;1,69;;1,28;;0,57;10,58;8,92;28,91
20111071;Sant'Antioco;Sud Sardegna [fino 2024];1;10.645;14,66;;13,26;;7,16;2,34;;29,89
20111072;Sardara;Sud Sardegna [fino 2024];1;3.801;17,65;;7,53;;1,53;4,77;1,49;30,73
20111074;Selegas;Sud Sardegna [fino 2024];1;1.282;26,11;;23,18;;;3,94;2,41;36,13
20111076;Serdiana - Dato aggregazione UNIONE DEI COMUNI DEL PARTEOLLA E BASSO CAMPIDANO;Sud Sardegna [fino 2024];6;23.948;12,49;;13,14;;1,44;2,42;0,23;26,05
20111078;Serrenti;Sud Sardegna [fino 2024];1;4.540;13,95;;14,62;;;6,30;4,39;33,91
20111079;Serri;Sud Sardegna [fino 2024];1;613;17,61;;25,15;;;5,14;2,76;36,08
20111081;Seui;Sud Sardegna [fino 2024];1;1.155;22,11;;33,91;;;3,93;1,39;42,90
20111082;Seulo;Sud Sardegna [fino 2024];1;783;19,90;;30,51;;;5,87;1,35;41,03
20111086;Siurgus Donigala;Sud Sardegna [fino 2024];1;1.823;25,21;;23,48;;;3,33;2,43;35,69
20111088;Suelli;Sud Sardegna [fino 2024];1;1.064;26,22;;23,26;;;4,80;2,44;37,13
20111089;Teulada;Sud Sardegna [fino 2024];1;3.258;18,74;;19,23;;4,20;8,14;3,51;42,70
20111096;Villacidro;Sud Sardegna [fino 2024];1;13.184;11,99;;19,00;;4,24;4,46;7,22;40,76
20111097;Villamar - Dato aggregazione UNIONE COMUNI MARMILLA;Sud Sardegna [fino 2024];18;23.241;43,46;;52,89;;1,40;11,18;6,39;98,56
20111099;Villanova Tulo;Sud Sardegna [fino 2024];1;1.004;28,66;;43,05;;;4,24;2,59;54,69
20111102;Villaperuccio;Sud Sardegna [fino 2024];1;995;38,04;;13,88;;0,73;1,16;1,60;34,58
20111103;Villaputzu;Sud Sardegna [fino 2024];1;4.440;53,06;;28,16;;7,51;4,92;0,98;54,65
20111105;Villasimius;Sud Sardegna [fino 2024];1;3.673;12,23;;22,60;;5,15;4,49;5,57;41,26
16073001;Avetrana;Taranto;1;6.277;13,25;;20,04;;1,33;7,65;2,67;45,28
16073002;Carosino;Taranto;1;6.583;9,44;;16,06;;1,34;4,00;4,69;34,99
16073003;Castellaneta;Taranto;1;16.181;21,50;;18,82;;7,18;4,13;4,05;46,69
16073004;Crispiano;Taranto;1;13.139;10,13;;16,81;;3,79;5,08;9,01;42,99
16073007;Ginosa;Taranto;1;21.820;26,97;;9,88;;4,07;3,04;0,43;32,79
16073008;Grottaglie;Taranto;1;30.587;8,22;;22,71;;6,58;4,27;1,71;45,39
16073009;Laterza;Taranto;1;14.771;16,13;;18,02;;7,60;4,24;0,34;35,00
16073011;Lizzano;Taranto;1;9.579;8,91;;20,04;;5,63;3,38;4,09;42,55
16073012;Manduria;Taranto;1;29.933;11,54;;19,93;;5,53;2,75;0,27;60,44
16073013;Martina Franca;Taranto;1;46.900;20,84;;19,45;;5,32;3,75;2,93;41,35
16073015;Massafra;Taranto;1;31.960;12,81;;13,51;;2,00;2,51;0,82;32,57
16073016;Monteiasi;Taranto;1;5.334;41,56;;9,38;;2,03;2,45;5,36;40,92
16073017;Montemesola;Taranto;1;3.558;15,54;;16,54;;7,55;6,13;5,58;47,25
16073020;Palagianello;Taranto;1;7.583;13,92;;17,21;;7,71;3,21;5,01;41,80
16073021;Palagiano;Taranto;1;15.785;10,36;;15,50;;1,61;3,76;4,84;37,47
16073024;San Giorgio Ionico;Taranto;1;14.231;4,70;;15,02;;7,17;0,69;0,26;20,47
16073026;Sava;Taranto;1;15.350;4,76;;14,14;;3,54;5,71;4,88;38,64
16073029;Statte;Taranto;1;12.917;10,87;;14,63;;8,36;2,24;8,10;44,75
16073027;Taranto;Taranto;1;188.098;8,80;;40,20;;7,02;14,40;0,68;39,66
16073028;Torricella;Taranto;1;4.140;6,90;;18,57;;5,74;4,04;0,83;41,67
13067003;Arsita;Teramo;1;733;14,51;;25,74;;0,73;7,47;1,68;46,18
13067005;Basciano;Teramo;1;2.337;12,02;;24,67;;3,18;1,52;2,11;33,17
13067006;Bellante;Teramo;1;6.849;9,99;;23,86;;1,95;5,87;2,77;41,05
13067007;Bisenti;Teramo;1;1.677;14,27;;25,74;;1,76;8,23;1,01;47,59
13067008;Campli;Teramo;1;6.560;15,61;;28,18;;5,26;7,61;1,53;48,81
13067011;Castellalto;Teramo;1;7.295;5,62;;8,03;;1,35;4,43;6,99;34,16
13067014;Castilenti;Teramo;1;1.346;6,40;;24,87;;0,52;2,43;5,27;32,63
13067016;Cermignano;Teramo;1;1.440;10,68;;37,58;;1,15;4,99;13,74;56,96
13067018;Colledara;Teramo;1;2.081;7,65;;28,56;;0,35;4,27;2,86;38,36
13067022;Cortino;Teramo;1;586;16,50;;79,82;;;1,94;8,80;70,21
13067023;Crognaleto;Teramo;1;1.094;31,46;;96,31;;;;10,25;92,49
13067024;Fano Adriano;Teramo;1;249;34,82;;75,34;;;12,92;2,77;90,75
13067025;Giulianova;Teramo;1;23.369;7,48;;16,06;;5,07;4,74;6,00;41,39
13067026;Isola del Gran Sasso d'Italia;Teramo;1;4.465;9,93;;23,80;;2,36;6,73;2,24;40,80
13067029;Morro d'Oro;Teramo;1;3.547;4,95;;12,24;;2,38;4,31;4,31;30,49
13067030;Mosciano Sant'Angelo;Teramo;1;9.072;8,95;;18,30;;3,24;2,63;8,67;39,64
13067034;Pietracamela;Teramo;1;218;222,88;;;;;5,28;;99,53
13067035;Pineto;Teramo;1;14.571;5,48;;6,14;;4,51;10,14;4,07;38,92
13067037;Roseto degli Abruzzi;Teramo;1;25.501;11,43;;24,90;;5,38;2,84;7,45;47,21
13067039;Sant'Omero - Dato aggregazione UNIONE DI COMUNI CITTA'-TERRITORIO VAL VIBRATA;Teramo;12;79.727;6,59;;12,71;;2,57;4,55;2,78;35,66
13067041;Teramo;Teramo;1;51.548;15,61;;28,91;;3,28;7,75;2,43;50,68
13067043;Torricella Sicura;Teramo;1;2.440;17,53;;30,95;;4,51;4,37;1,28;49,00
13067045;Tossicia;Teramo;1;1.241;16,64;;32,75;;2,38;12,56;2,69;60,32
10055001;Acquasparta;Terni;1;4.407;13,91;;19,69;;4,48;5,09;1,65;39,92
10055002;Allerona;Terni;1;1.688;14,46;;31,42;;11,64;6,72;2,17;55,42
10055005;Arrone;Terni;1;2.555;13,19;;15,35;;5,58;8,01;1,80;38,13
10055006;Attigliano;Terni;1;1.949;21,99;;26,36;;9,78;5,14;4,14;53,82
10055007;Baschi;Terni;1;2.579;19,53;;31,22;;5,78;5,51;0,68;48,87
10055008;Calvi dell'Umbria;Terni;1;1.688;27,95;;20,20;;9,68;10,23;1,09;47,81
10055009;Castel Giorgio;Terni;1;2.021;12,48;;27,76;;4,50;4,95;3,07;43,97
10055010;Castel Viscardo;Terni;1;2.689;21,74;;31,26;;3,81;7,54;1,62;50,47
10055013;Ficulle;Terni;1;1.558;16,17;;29,12;;10,57;7,51;0,86;53,48
10055018;Montecchio;Terni;1;1.521;20,50;;31,35;;5,01;5,22;2,04;48,35
10055019;Montefranco;Terni;1;1.254;11,08;;16,26;;7,36;7,73;2,16;41,01
10055021;Monteleone d'Orvieto;Terni;1;1.369;21,21;;30,35;;4,64;6,22;3,32;53,56
10055022;Narni;Terni;1;17.914;12,15;;20,80;;5,17;9,73;3,14;46,29
10055023;Orvieto;Terni;1;19.461;11,37;;22,60;;2,10;4,86;3,77;39,02
10055024;Otricoli;Terni;1;1.717;23,50;;21,13;;8,23;9,41;1,06;46,36
10055025;Parrano;Terni;1;488;23,76;;34,82;;3,34;16,44;3,00;62,01
10055030;San Venanzo;Terni;1;2.177;12,28;;21,71;;4,46;8,82;7,08;45,73
10055032;Terni;Terni;1;106.370;8,79;;19,63;;3,23;10,74;3,79;45,44
01001001;Aglie';Torino;1;2.558;13,08;;13,82;;0,62;4,14;2,71;26,90
01001002;Airasca;Torino;1;3.681;6,13;;9,56;;0,81;4,85;3,62;26,56
01001004;Albiano d'Ivrea;Torino;1;1.628;17,67;;13,62;;2,17;5,59;1,94;30,95
01001006;Almese;Torino;1;6.280;16,75;;10,93;;2,04;2,81;2,57;26,85
01001008;Alpignano;Torino;1;16.497;12,99;;14,57;;6,08;1,94;6,37;36,99
01001009;Andezeno;Torino;1;2.012;6,91;;8,80;;0,70;6,40;6,93;27,99
01001010;Andrate;Torino;1;479;18,20;;16,01;;;12,08;2,74;38,84
01001011;Angrogna;Torino;1;810;6,08;;10,87;;6,69;10,26;7,90;42,54
01001012;Arignano;Torino;1;1.086;8,03;;12,28;;;7,81;6,85;32,20
01001013;Avigliana;Torino;1;12.370;12,42;;14,56;;2,78;4,74;10,57;39,02
01001014;Azeglio;Torino;1;1.227;16,92;;12,63;;;6,87;4,66;31,40
01001015;Bairo;Torino;1;792;9,64;;11,11;;1,48;4,80;1,36;22,80
01001017;Baldissero Canavese;Torino;1;515;9,50;;11,06;;;5,92;5,33;26,33
01001018;Baldissero Torinese;Torino;1;3.789;12,24;;13,25;;4,40;6,69;27,85;57,24
01001020;Banchette;Torino;1;3.087;22,85;;17,94;;3,19;6,56;6,66;44,25
01001022;Bardonecchia;Torino;1;3.028;11,92;;21,87;;4,92;4,25;6,53;42,34
01001023;Barone Canavese;Torino;1;554;35,17;;7,29;;;8,66;2,17;25,14
01001024;Beinasco;Torino;1;17.406;6,46;;16,33;;4,33;6,23;8,11;37,82
01001025;Bibiana;Torino;1;3.358;4,40;;10,63;;0,74;6,80;4,23;27,89
01001026;Bobbio Pellice;Torino;1;536;5,50;;19,91;;2,08;11,48;10,97;46,39
01001027;Bollengo;Torino;1;2.109;16,83;;16,38;;1,88;7,19;3,89;36,75
01001028;Borgaro Torinese;Torino;1;11.773;17,40;;21,17;;3,83;3,23;8,25;43,18
01001030;Borgofranco d'Ivrea;Torino;1;3.498;20,10;;14,47;;;5,24;3,18;31,42
01001031;Borgomasino;Torino;1;760;12,77;;10,33;;;6,36;3,19;25,44
01001032;Borgone Susa;Torino;1;2.154;16,30;;13,75;;2,98;1,71;2,85;29,52
01001034;Brandizzo;Torino;1;8.680;12,35;;13,09;;2,81;6,37;5,34;36,36
01001035;Bricherasio;Torino;1;4.623;10,22;;10,27;;1,59;7,80;5,44;39,70
01001037;Brozolo;Torino;1;447;13,55;;12,66;;;6,94;3,86;30,29
01001038;Bruino;Torino;1;8.452;12,09;;16,41;;1,58;7,74;4,98;36,48
01001039;Brusasco;Torino;1;1.482;14,63;;14,39;;3,06;2,64;5,53;31,89
01001040;Bruzolo;Torino;1;1.486;16,85;;16,57;;;4,55;1,27;31,04
01001041;Buriasco;Torino;1;1.341;5,41;;7,16;;0,61;3,57;2,64;19,60
01001042;Burolo;Torino;1;1.114;15,37;;8,17;;0,47;4,29;2,28;21,00
01001044;Bussoleno;Torino;1;5.608;13,52;;18,15;;1,90;4,12;3,69;34,63
01001045;Buttigliera Alta;Torino;1;6.214;13,49;;12,03;;0,54;6,08;1,30;26,90
01001047;Caluso;Torino;1;7.370;16,02;;13,71;;1,77;4,37;4,91;31,80
01001048;Cambiano;Torino;1;5.885;7,12;;9,46;;4,29;7,04;11,19;37,62
01001049;Campiglione Fenile;Torino;1;1.313;4,56;;5,88;;1,03;5,08;2,84;20,66
01001050;Candia Canavese;Torino;1;1.201;20,24;;8,54;;;6,48;5,06;26,81
01001051;Candiolo;Torino;1;5.590;13,25;;11,52;;2,06;4,54;8,11;33,35
01001053;Cantalupa;Torino;1;2.559;4,72;;10,27;;1,46;6,55;3,76;28,23
01001055;Caprie;Torino;1;2.044;13,38;;14,28;;1,99;4,01;0,91;28,30
01001056;Caravino;Torino;1;902;14,48;;16,34;;3,54;8,99;2,05;37,12
01001057;Carema;Torino;1;752;17,03;;13,54;;;6,25;2,27;29,46
01001058;Carignano;Torino;1;9.076;8,41;;11,73;;2,69;4,18;4,54;29,56
01001059;Carmagnola;Torino;1;28.182;8,61;;11,28;;4,17;5,56;3,83;30,73
01001060;Casalborgone;Torino;1;1.866;14,57;;21,85;;0,75;3,35;4,46;35,92
01001061;Cascinette d'Ivrea;Torino;1;1.497;24,03;;15,68;;1,32;6,82;2,47;36,18
01001062;Caselette;Torino;1;3.051;15,55;;11,63;;1,27;2,37;0,90;23,63
01001063;Caselle Torinese;Torino;1;13.878;16,49;;20,64;;2,66;3,10;7,18;38,88
01001064;Castagneto Po;Torino;1;1.784;14,06;;17,82;;2,80;3,23;4,05;33,66
01001065;Castagnole Piemonte;Torino;1;2.192;8,55;;12,74;;0,53;6,07;4,74;30,22
01001068;Castiglione Torinese;Torino;1;6.525;13,64;;24,92;;3,39;3,64;6,45;41,27
01001069;Cavagnolo;Torino;1;2.263;13,37;;12,45;;0,40;2,36;2,67;23,44
01001070;Cavour;Torino;1;5.425;7,96;;10,72;;0,71;6,30;4,42;33,42
01001071;Cercenasco;Torino;1;1.757;5,89;;12,56;;2,36;4,90;7,75;34,48
01001074;Cesana Torinese;Torino;1;896;11,61;;37,79;;5,04;5,42;1,60;46,07
01001076;Chianocco;Torino;1;1.528;13,70;;14,28;;;4,21;0,89;26,48
01001077;Chiaverano;Torino;1;1.966;25,24;;14,76;;;7,67;4,47;36,84
01001078;Chieri;Torino;1;35.883;8,58;;8,52;;4,19;5,46;5,00;28,43
01001080;Chiomonte;Torino;1;854;10,96;;30,05;;2,06;3,24;1,46;36,67
01001081;Chiusa di San Michele;Torino;1;1.522;16,17;;13,39;;1,37;6,00;3,00;31,85
01001082;Chivasso;Torino;1;26.224;14,80;;18,94;;5,76;3,33;9,43;43,75
01001085;Cinzano;Torino;1;331;14,22;;30,72;;4,27;4,37;10,43;52,49
01001087;Claviere;Torino;1;211;12,80;;29,45;;9,31;10,81;1,26;53,62
01001089;Coazze;Torino;1;3.254;13,88;;12,80;;0,72;7,30;2,55;32,03
01001090;Collegno;Torino;1;48.340;12,42;;14,98;;5,97;1,97;2,30;32,55
01001092;Colleretto Giacosa;Torino;1;594;14,17;;8,97;;1,10;5,40;2,15;23,37
01001093;Condove;Torino;1;4.449;15,54;;14,83;;3,50;3,49;2,39;32,25
01001095;Cossano Canavese;Torino;1;435;13,70;;12,42;;5,06;8,08;5,30;36,89
01001096;Cuceglio;Torino;1;919;20,87;;8,15;;2,90;3,74;4,53;25,93
01001097;Cumiana;Torino;1;7.828;5,98;;12,41;;1,24;6,08;4,12;30,24
01001099;Druento;Torino;1;8.994;11,79;;13,63;;5,63;1,41;1,64;29,36
01001100;Exilles;Torino;1;241;8,61;;27,03;;1,40;8,96;5,04;41,05
01001103;Fenestrelle;Torino;1;476;6,56;;15,76;;7,06;16,61;4,90;49,15
01001105;Fiorano Canavese;Torino;1;744;19,27;;12,52;;;7,32;6,98;34,72
01001106;Foglizzo;Torino;1;2.258;16,28;;19,91;;0,83;2,77;4,71;33,79
01001110;Frossasco;Torino;1;2.812;3,99;;10,25;;1,58;4,99;5,55;28,49
01001111;Garzigliana;Torino;1;546;3,69;;10,29;;;6,55;3,12;25,82
01001112;Gassino Torinese;Torino;1;9.291;13,34;;25,33;;4,59;3,90;6,83;43,17
01001114;Giaglione;Torino;1;589;13,38;;18,97;;1,59;2,09;4,80;33,99
01001115;Giaveno;Torino;1;16.223;11,05;;11,71;;;7,69;6,42;32,48
01001117;Gravere;Torino;1;669;11,43;;22,83;;1,71;8,40;1,22;38,15
01001120;Grugliasco;Torino;1;36.896;14,74;;13,19;;5,75;2,46;2,33;32,16
01001122;Inverso Pinasca;Torino;1;681;7,85;;10,92;;1,32;10,79;6,66;42,61
01001123;Isolabella;Torino;1;374;12,41;;29,86;;;3,76;7,23;43,00
01001125;Ivrea;Torino;1;22.357;14,64;;17,80;;4,36;6,32;4,24;39,48
01001127;La Loggia;Torino;1;8.785;6,24;;14,06;;1,98;4,97;10,60;37,30
01001129;Lauriano;Torino;1;1.386;13,52;;18,26;;;2,54;2,67;29,66
01001130;Leini;Torino;1;16.299;12,50;;17,41;;3,26;2,29;5,87;34,85
01001132;Lessolo;Torino;1;1.744;15,78;;12,33;;2,54;5,26;2,91;29,87
01001135;Lombardore;Torino;1;1.694;16,16;;23,83;;1,25;2,79;4,71;37,77
01001136;Lombriasco;Torino;1;1.077;8,75;;11,72;;1,04;4,65;5,55;28,05
01001137;Loranze;Torino;1;1.159;16,45;;13,45;;;5,28;1,96;27,87
01001139;Luserna San Giovanni;Torino;1;7.163;4,48;;10,81;;1,20;4,47;4,11;26,81
01001140;Lusernetta;Torino;1;493;3,83;;16,40;;;8,18;7,90;35,55
01001142;Macello;Torino;1;1.151;7,35;;10,82;;1,58;5,30;5,62;31,69
01001143;Maglione;Torino;1;420;14,68;;10,93;;5,75;4,91;2,95;30,82
01001316;Mappano;Torino;1;7.359;13,59;;17,07;;2,71;2,38;8,41;35,56
01001144;Marentino;Torino;1;1.282;9,14;;14,63;;4,96;11,78;15,99;51,92
01001145;Massello;Torino;1;58;9,37;;16,87;;;24,28;10,98;59,01
01001147;Mattie;Torino;1;670;13,27;;18,52;;;6,49;1,03;32,74
01001148;Mazze;Torino;1;4.241;26,11;;15,36;;1,09;6,79;4,66;38,20
01001149;Meana di Susa;Torino;1;807;12,77;;18,68;;0,37;6,48;1,10;33,00
01001150;Mercenasco;Torino;1;1.313;12,94;;10,04;;;3,39;1,42;20,45
01001153;Mombello di Torino;Torino;1;397;8,06;;15,75;;3,66;8,90;6,60;37,42
01001154;Mompantero;Torino;1;623;15,22;;17,17;;;6,33;1,08;32,45
01001156;Moncalieri;Torino;1;56.117;6,15;;15,15;;4,07;4,99;6,67;34,63
01001157;Moncenisio;Torino;1;47;9,68;;28,77;;;14,96;1,66;43,96
01001158;Montaldo Torinese;Torino;1;726;7,63;;15,78;;3,09;9,33;10,12;41,90
01001159;Montalenghe;Torino;1;974;16,70;;14,58;;1,52;9,50;3,45;36,40
01001160;Montalto Dora;Torino;1;3.297;19,48;;18,28;;0,26;6,94;3,04;37,10
01001161;Montanaro;Torino;1;5.058;16,33;;22,20;;4,05;4,12;6,06;41,66
01001162;Monteu da Po;Torino;1;868;14,12;;17,79;;;1,38;12,40;37,66
01001163;Moriondo Torinese;Torino;1;856;7,10;;16,83;;3,63;5,75;6,39;36,36
01001164;Nichelino;Torino;1;46.244;6,58;;13,30;;4,60;5,73;9,45;37,88
01001167;Nomaglio;Torino;1;284;16,82;;12,50;;;20,80;5,48;45,98
01001168;None;Torino;1;7.785;7,22;;7,48;;3,79;5,74;4,85;28,19
01001169;Novalesa;Torino;1;514;6,71;;24,33;;;3,72;2,19;26,62
01001171;Orbassano;Torino;1;23.061;6,26;;14,95;;2,84;4,49;9,81;35,68
01001172;Orio Canavese;Torino;1;745;16,79;;9,17;;0,84;6,38;1,44;24,24
01001173;Osasco;Torino;1;1.150;3,78;;10,45;;0,30;5,94;3,12;24,38
01001174;Osasio;Torino;1;931;8,79;;10,93;;1,22;3,82;8,58;29,74
01001175;Oulx;Torino;1;3.273;10,68;;21,35;;3,69;2,63;3,26;34,42
01001177;Palazzo Canavese;Torino;1;834;17,26;;13,11;;;3,18;1,88;25,60
01001178;Pancalieri;Torino;1;1.991;6,45;;10,43;;1,20;3,67;3,59;24,27
01001179;Parella;Torino;1;412;20,72;;10,48;;2,15;4,15;6,17;29,89
01001180;Pavarolo;Torino;1;1.172;12,46;;17,02;;0,51;5,61;4,22;33,19
01001181;Pavone Canavese;Torino;1;3.606;22,63;;12,71;;1,48;5,77;4,15;32,85
01001183;Pecetto Torinese;Torino;1;4.029;9,61;;14,23;;4,81;5,92;7,07;37,64
01001184;Perosa Argentina;Torino;1;3.072;16,81;;10,74;;0,67;11,58;5,26;41,29
01001185;Perosa Canavese;Torino;1;511;21,36;;11,77;;;9,70;2,62;32,27
01001186;Perrero;Torino;1;570;5,11;;13,83;;0,29;15,22;5,79;40,56
01001189;Pianezza;Torino;1;15.454;12,74;;13,64;;5,70;2,29;3,47;33,09
01001190;Pinasca;Torino;1;2.823;8,90;;8,95;;1,04;5,45;3,80;29,36
01001191;Pinerolo;Torino;1;35.418;6,24;;14,22;;4,72;11,01;13,56;53,53
01001192;Pino Torinese;Torino;1;8.420;9,75;;11,60;;4,13;5,16;4,64;30,34
01001193;Piobesi Torinese;Torino;1;3.804;13,03;;15,24;;2,24;5,41;9,02;38,76
01001194;Piossasco;Torino;1;18.025;7,11;;15,36;;1,89;5,98;9,26;36,85
01001195;Piscina;Torino;1;3.282;5,82;;11,87;;9,73;12,79;3,52;45,86
01001196;Piverone;Torino;1;1.279;13,58;;13,66;;;5,78;2,00;27,40
01001197;Poirino;Torino;1;10.183;12,42;;15,75;;1,95;7,40;7,80;38,19
01001198;Pomaretto;Torino;1;961;8,06;;8,19;;1,25;4,35;7,63;30,98
01001200;Porte;Torino;1;1.092;4,83;;12,47;;;6,30;4,31;27,46
01001201;Pragelato;Torino;1;741;9,74;;53,69;;0,21;16,07;6,00;76,93
01001202;Prali;Torino;1;255;1,35;;14,25;;1,19;13,93;3,87;41,52
01001203;Pralormo;Torino;1;1.896;11,46;;19,38;;;8,04;3,74;36,01
01001204;Pramollo;Torino;1;220;4,14;;9,37;;;20,18;2,95;39,07
01001205;Prarostino;Torino;1;1.246;5,24;;13,70;;0,45;6,10;4,58;30,48
01001208;Quagliuzzo;Torino;1;331;21,73;;9,29;;;5,16;1,51;23,23
01001209;Quassolo;Torino;1;330;26,03;;8,47;;2,88;4,63;3,74;27,03
01001210;Quincinetto;Torino;1;983;20,94;;11,32;;1,61;5,72;2,59;29,20
01001211;Reano;Torino;1;1.746;13,37;;12,55;;0,84;1,93;4,82;27,93
01001215;Riva presso Chieri;Torino;1;4.732;11,56;;11,69;;1,90;10,07;6,71;36,32
01001213;Rivalba;Torino;1;1.138;13,84;;16,94;;0,48;2,03;3,20;28,23
01001214;Rivalta di Torino;Torino;1;20.199;6,83;;12,56;;2,05;4,55;9,14;32,62
01001217;Rivarolo Canavese - Dato aggregazione CONSORZIO CANAVESANO AMBIENTE CCA;Torino;47;75.614;16,46;;29,18;;1,46;4,14;0,72;37,94
01001219;Rivoli;Torino;1;47.147;12,31;;13,77;;5,66;6,87;1,83;35,41
01001222;Roletto;Torino;1;1.968;4,14;;8,63;;0,82;3,84;5,53;24,13
01001223;Romano Canavese;Torino;1;2.639;24,05;;15,03;;0,15;8,39;3,00;36,39
01001225;Rondissone;Torino;1;1.919;12,07;;13,28;;0,45;2,04;6,96;28,85
01001226;Rora;Torino;1;225;2,46;;8,37;;0,02;12,40;2,65;36,92
01001228;Rosta;Torino;1;5.086;12,41;;11,50;;5,10;1,71;4,95;30,48
01001227;Roure;Torino;1;764;8,82;;14,51;;0,01;5,61;4,64;31,52
01001229;Rubiana;Torino;1;2.417;15,91;;12,35;;1,13;2,24;1,71;25,25
01001232;Salbertrand;Torino;1;605;11,16;;20,68;;1,21;6,61;7,19;40,03
01001233;Salerano Canavese;Torino;1;467;13,74;;9,85;;2,60;5,87;1,42;25,57
01001234;Salza di Pinerolo;Torino;1;67;7,08;;18,98;;;20,99;14,57;56,20
01001235;Samone;Torino;1;1.491;23,01;;12,21;;;6,98;3,00;30,84
01001236;San Benigno Canavese;Torino;1;6.062;20,17;;18,55;;2,68;2,70;3,77;35,84
01001239;San Didero;Torino;1;508;9,97;;14,78;;1,14;2,74;2,88;26,28
01001242;San Germano Chisone;Torino;1;1.708;5,45;;11,05;;0,65;7,36;5,72;31,25
01001243;San Gillio;Torino;1;3.243;6,69;;14,13;;4,13;4,37;7,64;33,00
01001244;San Giorgio Canavese;Torino;1;2.513;15,96;;14,32;;2,24;4,49;3,69;31,77
01001245;San Giorio di Susa;Torino;1;976;7,68;;18,05;;;4,66;0,72;24,79
01001246;San Giusto Canavese;Torino;1;3.241;15,18;;11,67;;0,27;4,51;2,31;25,31
01001247;San Martino Canavese;Torino;1;795;24,58;;12,30;;;6,52;5,25;33,06
01001249;San Mauro Torinese;Torino;1;18.581;18,76;;20,37;;7,37;2,34;7,85;43,54
01001250;San Pietro Val Lemina;Torino;1;1.464;4,51;;9,45;;0,57;8,02;2,99;26,57
01001252;San Raffaele Cimena;Torino;1;3.141;13,83;;28,21;;1,35;6,21;5,88;43,38
01001253;San Sebastiano da Po;Torino;1;1.866;14,61;;16,93;;;2,21;4,13;29,35
01001254;San Secondo di Pinerolo;Torino;1;3.637;3,71;;8,33;;0,81;5,93;2,77;23,99
01001241;Sangano;Torino;1;3.675;17,61;;13,41;;5,52;3,30;3,88;34,85
01001255;Sant'Ambrogio di Torino;Torino;1;4.591;15,44;;15,89;;3,93;2,96;2,85;33,58
01001256;Sant'Antonino di Susa;Torino;1;4.071;17,88;;14,94;;2,06;3,12;6,88;36,04
01001257;Santena;Torino;1;10.441;8,42;;7,74;;2,26;11,24;5,23;32,05
01001258;Sauze di Cesana;Torino;1;243;11,59;;29,79;;5,15;10,51;1,17;49,88
01001259;Sauze d'Oulx;Torino;1;1.025;13,37;;39,73;;8,64;6,20;4,71;58,07
01001260;Scalenghe;Torino;1;3.190;4,49;;12,55;;0,88;5,57;5,61;31,05
01001261;Scarmagno;Torino;1;793;10,10;;13,22;;;5,31;2,70;25,25
01001262;Sciolze;Torino;1;1.455;19,64;;20,10;;2,40;8,79;6,00;47,44
01001263;Sestriere;Torino;1;929;14,90;;28,13;;5,92;5,32;2,36;48,09
01001264;Settimo Rottaro;Torino;1;470;14,78;;10,31;;;10,81;2,78;30,11
01001265;Settimo Torinese;Torino;1;45.840;14,98;;13,67;;3,14;1,37;8,72;33,40
01001266;Settimo Vittone;Torino;1;1.507;15,22;;13,41;;;5,42;7,69;33,22
01001268;Strambinello;Torino;1;261;20,15;;12,33;;0,39;7,13;2,74;30,22
01001269;Strambino;Torino;1;6.050;17,29;;14,18;;2,44;5,93;3,36;33,45
01001270;Susa;Torino;1;5.911;13,22;;17,76;;3,78;4,42;8,12;40,86
01001271;Tavagnasco;Torino;1;745;17,93;;13,77;;1,91;7,98;3,47;34,86
01001272;Torino;Torino;1;841.600;11,75;;17,96;;6,47;8,80;8,13;49,73
01001273;Torrazza Piemonte;Torino;1;3.017;15,25;;15,15;;0,20;3,26;2,67;27,63
01001274;Torre Canavese;Torino;1;629;15,19;;12,56;;2,82;6,37;3,33;31,73
01001275;Torre Pellice;Torino;1;4.575;5,18;;10,28;;2,74;5,77;6,17;31,56
01001276;Trana;Torino;1;3.794;14,61;;13,78;;6,08;3,38;3,57;35,22
01001280;Trofarello;Torino;1;10.578;8,82;;15,79;;2,15;4,65;8,54;36,55
01001281;Usseaux;Torino;1;175;8,48;;17,71;;0,18;9,85;3,87;35,93
01001283;Vaie;Torino;1;1.378;13,18;;14,40;;2,09;2,66;0,93;27,06
01001285;Valgioie;Torino;1;957;8,35;;17,56;;;7,15;7,85;36,02
01001292;Venaria Reale;Torino;1;32.288;14,55;;21,24;;8,04;2,53;6,57;46,56
01001291;Venaus;Torino;1;875;7,02;;19,68;;;4,25;2,02;25,96
01001293;Verolengo;Torino;1;4.803;6,54;;19,01;;0,35;2,24;4,61;29,68
01001294;Verrua Savoia;Torino;1;1.332;14,97;;18,32;;;2,28;6,06;32,78
01001295;Vestigne;Torino;1;743;21,31;;17,04;;0,29;8,88;3,96;39,44
01001296;Vialfre;Torino;1;253;13,39;;10,47;;;4,14;2,48;22,88
01001299;Vigone;Torino;1;5.055;7,36;;10,92;;2,03;9,57;4,76;33,89
01001300;Villafranca Piemonte;Torino;1;4.594;6,54;;10,37;;0,49;5,60;4,02;26,24
01001303;Villar Dora;Torino;1;2.792;15,51;;12,92;;2,21;1,78;1,05;25,78
01001305;Villar Focchiardo;Torino;1;1.953;17,51;;11,37;;;5,01;2,16;26,62
01001306;Villar Pellice;Torino;1;1.059;5,71;;14,27;;1,20;9,82;6,90;37,06
01001307;Villar Perosa;Torino;1;3.878;5,42;;12,56;;0,81;9,15;5,18;32,90
01001302;Villarbasse;Torino;1;3.525;17,79;;13,25;;0,39;7,71;4,02;34,93
01001304;Villareggia;Torino;1;994;18,43;;8,63;;;8,77;1,37;25,28
01001308;Villastellone;Torino;1;4.434;7,79;;15,92;;2,31;6,84;8,16;39,33
01001309;Vinovo;Torino;1;15.216;9,33;;13,99;;0,78;4,88;5,56;31,26
01001310;Virle Piemonte;Torino;1;1.160;7,89;;12,81;;0,10;5,02;10,76;34,79
01001311;Vische;Torino;1;1.188;17,25;;8,99;;0,61;4,14;4,58;24,75
01001314;Volpiano;Torino;1;15.247;14,34;;15,31;;2,45;2,27;5,11;34,66
01001315;Volvera;Torino;1;8.477;5,03;;13,09;;6,87;7,03;10,25;44,67
19081001;Alcamo;Trapani;1;44.569;25,21;;;;3,81;5,21;11,17;53,47
19081002;Buseto Palizzolo;Trapani;1;2.761;47,19;;29,18;;1,52;6,61;2,14;61,39
19081003;Calatafimi-Segesta;Trapani;1;6.127;25,61;;31,86;;2,76;12,05;0,59;57,10
19081004;Campobello di Mazara;Trapani;1;11.382;28,59;;17,42;;9,78;9,25;4,52;60,62
19081005;Castellammare del Golfo;Trapani;1;14.610;24,10;;16,97;;5,36;3,52;3,30;42,97
19081007;Custonaci;Trapani;1;5.274;16,50;;16,62;;0,33;7,29;8,68;49,81
19081009;Favignana;Trapani;1;4.525;17,29;;28,23;;6,88;7,15;6,33;61,24
19081010;Gibellina;Trapani;1;3.724;10,59;;30,34;;5,00;6,20;12,83;63,71
19081011;Marsala;Trapani;1;79.809;18,43;;16,33;;3,55;7,12;3,78;41,50
19081012;Mazara del Vallo;Trapani;1;50.039;19,62;;18,73;;4,85;5,96;0,77;41,78
19081013;Paceco;Trapani;1;10.779;10,11;;20,82;;4,22;8,52;2,61;51,47
19081014;Pantelleria;Trapani;1;7.352;16,11;;35,03;;2,66;3,92;1,42;49,85
19081015;Partanna;Trapani;1;9.838;19,52;;25,98;;;7,19;;44,27
19081024;Petrosino;Trapani;1;7.903;54,69;;24,94;;6,06;4,77;0,79;53,87
19081016;Poggioreale;Trapani;1;1.303;55,56;;22,77;;1,68;2,29;3,32;50,40
19081017;Salaparuta;Trapani;1;1.562;19,29;;35,17;;1,17;2,46;4,46;52,62
19081018;Salemi;Trapani;1;9.986;21,12;;23,00;;2,91;9,27;4,24;50,67
19081020;San Vito Lo Capo;Trapani;1;4.814;11,37;;25,28;;4,74;4,91;6,16;47,66
19081019;Santa Ninfa;Trapani;1;4.770;23,60;;23,98;;1,07;3,56;9,09;47,55
19081021;Trapani;Trapani;1;55.559;11,50;;21,10;;4,09;8,02;25,03;65,82
19081022;Valderice;Trapani;1;11.480;15,29;;25,34;;4,41;7,96;5,04;52,45
19081023;Vita;Trapani;1;1.813;21,99;;32,56;;2,62;6,46;0,37;52,65
04022001;Ala;Trento;1;8.806;14,31;;13,51;;1,93;3,48;1,68;29,52
04022006;Arco;Trento;1;17.750;13,20;;12,11;;1,95;2,81;1,11;29,42
04022007;Avio;Trento;1;4.098;13,99;;11,91;;;2,20;;22,81
04022022;Borgo Valsugana - Dato aggregazione COMUNITA' VALSUGANA E TESINO;Trento;18;26.943;19,54;;21,05;;3,01;2,32;0,95;32,76
04022033;Caldes;Trento;1;1.102;25,73;;9,63;;6,06;8,56;3,73;39,19
04022035;Calliano;Trento;1;2.048;17,33;;13,07;;1,08;3,97;5,28;33,60
04022036;Campitello di Fassa;Trento;1;710;8,85;;10,31;;4,44;1,98;6,96;29,00
04022039;Canazei;Trento;1;1.831;10,40;;7,85;;2,99;1,86;3,24;24,57
04022054;Cavizzana;Trento;1;236;22,77;;7,62;;4,58;5,71;2,74;30,05
04022062;Cles - Dato aggregazione COMUNITA' DELLA VAL DI NON;Trento;23;39.590;16,04;;9,10;;3,60;5,77;2,53;29,03
04022064;Commezzadura;Trento;1;1.007;23,74;;5,74;;1,90;4,08;2,92;22,84
04022068;Croviana;Trento;1;699;27,23;;7,18;;2,43;5,37;5,02;29,42
04022233;Dimaro Folgarida;Trento;1;2.089;22,56;;8,92;;3,07;6,53;5,52;35,55
04022078;Drena;Trento;1;594;29,35;;11,98;;1,18;2,59;3,21;27,57
04022079;Dro;Trento;1;5.009;23,78;;9,95;;0,93;2,72;2,07;33,74
04022098;Isera;Trento;1;2.785;13,06;;14,77;;2,56;2,56;3,17;32,71
04022102;Lavarone;Trento;1;1.186;17,11;;12,75;;1,56;4,66;1,16;31,68
04022229;Ledro;Trento;1;5.317;17,09;;9,34;;1,24;3,16;1,56;29,63
04022109;Luserna;Trento;1;267;8,52;;15,73;;0,40;4,07;0,06;25,31
04022110;Male;Trento;1;2.268;22,51;;8,03;;2,12;5,54;3,63;30,01
04022113;Mazzin;Trento;1;592;9,32;;16,15;;9,02;10,49;14,37;55,30
04022114;Mezzana;Trento;1;880;20,84;;10,23;;3,60;6,62;4,54;37,18
04022118;Moena;Trento;1;2.563;4,98;;4,13;;1,57;2,03;0,99;13,50
04022123;Mori;Trento;1;10.106;18,50;;15,92;;1,36;2,74;1,20;30,91
04022124;Nago-Torbole;Trento;1;2.788;7,31;;8,06;;2,58;2,12;2,90;26,02
04022127;Nogaredo;Trento;1;2.079;13,68;;12,30;;1,08;3,89;0,86;27,35
04022128;Nomi;Trento;1;1.307;15,84;;16,24;;1,11;4,25;1,67;34,37
04022131;Ossana;Trento;1;819;22,72;;9,70;;2,40;5,57;4,32;33,31
04022136;Peio;Trento;1;1.817;26,47;;8,76;;2,09;5,91;7,59;39,12
04022137;Pellizzano;Trento;1;790;18,72;;8,58;;3,66;5,84;2,72;32,23
04022139;Pergine Valsugana - Dato aggregazione AMAMBIENTE SPA;Trento;15;55.557;10,02;;4,77;;4,49;8,52;2,62;28,11
04022144;Pomarolo;Trento;1;2.441;15,40;;13,75;;2,41;3,74;0,95;29,74
04022245;Primiero San Martino Di Castrozza - Dato aggregazione COMUNITA' DI PRIMIERO;Trento;5;9.445;12,65;;9,51;;7,01;4,54;0,95;29,50
04022150;Rabbi;Trento;1;1.350;23,78;;8,45;;5,49;6,44;2,71;33,20
04022153;Riva del Garda;Trento;1;17.787;10,29;;14,74;;3,84;2,01;0,25;27,91
04022135;Ronzo-Chienis;Trento;1;998;16,00;;17,52;;0,97;4,92;1,82;36,50
04022161;Rovereto;Trento;1;39.809;12,80;;13,27;;3,05;7,66;4,18;36,42
04022250;Sen Jan di Fassa-San Giovanni di Fassa;Trento;1;3.573;10,10;;7,52;;2,68;4,89;2,14;25,11
04022176;Soraga;Trento;1;700;10,90;;8,96;;2,82;2,14;3,93;26,03
04022191;Tenno;Trento;1;2.002;13,92;;7,27;;1,38;3,20;2,73;40,53
04022193;Terragnolo;Trento;1;707;15,40;;14,20;;3,26;5,51;2,04;37,08
04022195;Terzolas;Trento;1;633;29,22;;7,51;;2,83;6,21;7,45;34,27
04022199;Tione di Trento - Dato aggregazione COMUNITA' DELLE GIUDICARIE;Trento;25;36.754;13,02;;20,05;;3,24;1,36;0,50;34,52
04022205;Trento;Trento;1;118.046;15,52;;16,29;;3,20;8,01;4,25;38,87
04022210;Vallarsa;Trento;1;1.394;15,06;;13,25;;3,94;6,86;3,13;38,48
04022213;Vermiglio;Trento;1;1.777;23,70;;8,86;;2,12;5,14;3,46;31,66
04022222;Villa Lagarina;Trento;1;3.889;20,10;;12,04;;4,58;6,06;3,97;36,75
04022224;Volano;Trento;1;3.104;17,58;;11,53;;3,41;3,50;0,99;27,88
05026021;Conegliano - Dato aggregazione Consiglio di Bacino Sinistra Piave;Treviso;44;297.037;32,82;;2,86;;1,30;14,22;2,64;31,07
05026043;Mogliano Veneto;Treviso;1;27.722;13,58;;9,50;;3,80;3,89;5,64;32,33
05026091;Villorba - Dato aggregazione Consiglio di Bacino Priula;Treviso;49;551.356;12,62;;16,54;;2,63;5,10;5,67;35,17
06032001;Duino-Aurisina;Trieste;1;8.262;9,46;;16,69;;1,29;1,72;1,95;28,47
06032002;Monrupino;Trieste;1;854;10,46;;22,91;;0,11;2,56;2,68;34,94
06032003;Muggia;Trieste;1;12.862;11,58;;15,60;;2,76;3,09;1,67;30,07
06032004;San Dorligo della Valle-Dolina;Trieste;1;5.688;12,25;;0,29;;0,52;5,61;0,95;29,83
06032005;Sgonico;Trieste;1;1.997;12,12;;15,35;;1,32;2,52;2,91;32,93
06032006;Trieste;Trieste;1;198.417;8,69;;15,77;;6,64;3,46;4,79;36,89
06030001;Aiello del Friuli;Udine;1;2.117;4,44;;9,06;;0,14;3,72;1,49;21,70
06030004;Aquileia;Udine;1;3.128;3,99;;9,71;;0,82;3,14;2,56;22,97
06030006;Artegna;Udine;1;2.887;8,52;;2,30;;1,41;5,38;0,50;31,30
06030007;Attimis;Udine;1;1.644;6,51;;9,79;;;3,63;5,15;26,02
06030008;Bagnaria Arsa;Udine;1;3.436;4,74;;7,11;;0,28;2,94;1,34;18,57
06030009;Basiliano;Udine;1;5.209;11,13;;1,40;;1,02;6,60;0,68;30,17
06030010;Bertiolo;Udine;1;2.355;8,87;;1,83;;0,75;5,54;1,69;30,31
06030011;Bicinicco;Udine;1;1.801;5,95;;8,06;;0,94;2,43;1,30;19,83
06030012;Bordano;Udine;1;705;10,18;;3,14;;1,60;6,04;0,71;33,44
06030013;Buja;Udine;1;6.332;12,53;;6,26;;1,05;5,46;3,60;25,29
06030014;Buttrio;Udine;1;3.899;11,77;;1,90;;0,82;5,44;0,54;28,02
06030015;Camino al Tagliamento;Udine;1;1.544;7,55;;1,77;;0,37;4,74;0,59;28,34
06030016;Campoformido;Udine;1;7.862;12,28;;2,02;;0,55;7,04;0,72;32,44
06030138;Campolongo Tapogliano;Udine;1;1.096;4,78;;7,44;;0,11;3,36;2,10;20,37
06030018;Carlino;Udine;1;2.669;5,74;;10,69;;0,21;4,28;3,36;24,83
06030019;Cassacco;Udine;1;2.772;9,52;;7,31;;;5,70;6,68;26,40
06030020;Castions di Strada;Udine;1;3.644;5,55;;7,91;;0,10;3,81;1,27;20,30
06030023;Cervignano del Friuli;Udine;1;13.573;8,00;;7,85;;3,20;4,67;3,38;30,37
06030024;Chiopris-Viscone;Udine;1;692;3,49;;9,63;;1,24;2,88;5,82;25,60
06030025;Chiusaforte;Udine;1;606;11,94;;25,56;;;10,29;2,47;43,54
06030026;Cividale del Friuli;Udine;1;10.815;4,54;;10,62;;2,57;4,07;3,72;27,97
06030027;Codroipo;Udine;1;15.863;8,56;;1,80;;1,29;3,57;2,74;28,24
06030028;Colloredo di Monte Albano;Udine;1;2.175;9,89;;5,10;;1,02;7,80;0,63;34,94
06030030;Corno di Rosazzo;Udine;1;3.142;12,96;;1,97;;2,01;7,36;0,68;32,76
06030031;Coseano;Udine;1;2.012;9,47;;1,86;;0,33;4,62;0,61;27,43
06030032;Dignano;Udine;1;2.253;8,91;;1,94;;0,47;5,14;0,68;27,44
06030033;Dogna;Udine;1;151;5,22;;16,50;;3,14;13,71;0,51;48,05
06030034;Drenchia;Udine;1;97;13,37;;19,21;;;10,16;4,71;39,52
06030036;Faedis;Udine;1;2.765;8,06;;11,16;;;4,58;6,32;30,03
06030037;Fagagna;Udine;1;5.980;7,52;;1,71;;1,22;3,88;0,91;24,08
06030190;Fiumicello Villa Vicentina;Udine;1;6.278;4,86;;10,19;;1,64;3,24;2,27;24,80
06030039;Flaibano;Udine;1;1.085;8,90;;1,87;;3,55;5,51;3,18;34,57
06030137;Forgaria nel Friuli;Udine;1;1.687;9,50;;3,84;;1,30;10,50;2,49;40,18
06030043;Gemona del Friuli;Udine;1;10.461;10,11;;1,90;;0,42;6,01;0,71;31,42
06030044;Gonars;Udine;1;4.530;5,47;;8,11;;0,50;3,48;2,03;21,76
06030045;Grimacco;Udine;1;304;15,00;;20,60;;;12,18;3,28;43,96
06030046;Latisana;Udine;1;13.133;9,25;;7,46;;2,86;4,34;1,58;24,04
06030048;Lestizza;Udine;1;3.623;12,34;;2,12;;0,81;8,43;1,49;35,25
06030051;Lusevera;Udine;1;596;8,45;;1,50;;;3,45;0,43;26,06
06030052;Magnano in Riviera;Udine;1;2.256;10,56;;2,56;;0,13;5,94;0,38;36,81
06030053;Majano;Udine;1;5.771;9,06;;2,07;;1,59;3,56;1,07;25,45
06030054;Malborghetto Valbruna;Udine;1;909;3,59;;19,80;;0,59;7,16;2,27;28,39
06030055;Manzano;Udine;1;6.310;4,65;;7,77;;0,35;4,26;3,96;23,80
06030056;Marano Lagunare;Udine;1;1.713;5,85;;7,52;;2,72;5,60;2,19;27,42
06030057;Martignacco;Udine;1;6.871;9,69;;1,88;;0,96;6,00;0,58;28,19
06030058;Mereto di Tomba;Udine;1;2.513;9,05;;7,67;;0,55;2,38;3,48;22,33
06030059;Moggio Udinese;Udine;1;1.614;6,30;;4,73;;2,04;5,13;0,52;29,75
06030060;Moimacco;Udine;1;1.620;20,35;;1,76;;0,98;8,04;0,87;39,50
06030061;Montenars;Udine;1;478;7,50;;3,50;;3,54;5,85;2,12;31,48
06030062;Mortegliano;Udine;1;4.809;9,00;;1,89;;1,97;7,14;1,52;33,29
06030063;Moruzzo;Udine;1;2.415;9,92;;1,72;;0,62;5,11;0,62;27,98
06030064;Muzzana del Turgnano;Udine;1;2.332;6,07;;9,22;;0,29;4,27;3,23;24,97
06030065;Nimis;Udine;1;2.587;8,62;;1,78;;0,54;3,64;0,58;27,59
06030066;Osoppo;Udine;1;2.782;8,98;;3,07;;0,31;4,86;0,50;28,61
06030068;Pagnacco;Udine;1;5.090;12,40;;3,94;;1,41;4,52;0,45;26,67
06030069;Palazzolo dello Stella;Udine;1;2.822;4,90;;8,95;;0,67;3,40;3,02;23,34
06030070;Palmanova;Udine;1;5.280;3,46;;8,71;;3,48;3,00;2,72;26,59
06030072;Pasian di Prato;Udine;1;9.252;11,09;;2,06;;1,31;6,22;0,66;31,61
06030073;Paularo;Udine;1;2.334;;;1,74;;3,47;1,16;0,99;31,92
06030074;Pavia di Udine;Udine;1;5.486;8,34;;1,80;;0,39;4,23;1,35;24,11
06030075;Pocenia;Udine;1;2.370;6,52;;8,17;;0,19;3,10;1,68;20,89
06030076;Pontebba;Udine;1;1.284;13,16;;26,81;;1,25;12,16;4,49;48,22
06030077;Porpetto;Udine;1;2.467;5,31;;11,11;;0,87;5,03;2,71;26,46
06030078;Povoletto;Udine;1;5.444;7,60;;7,76;;0,70;4,50;5,89;26,95
06030079;Pozzuolo del Friuli;Udine;1;6.888;12,62;;1,94;;0,29;7,67;0,70;31,44
06030080;Pradamano;Udine;1;3.505;10,17;;1,40;;0,28;4,69;0,47;22,42
06030082;Precenicco;Udine;1;1.430;3,59;;10,72;;0,56;3,38;2,22;22,51
06030083;Premariacco;Udine;1;3.913;13,88;;1,91;;0,43;7,59;0,68;31,00
06030085;Prepotto;Udine;1;707;9,59;;13,62;;;3,78;4,44;30,99
06030086;Pulfero;Udine;1;833;13,03;;12,61;;;5,50;2,92;32,37
06030087;Ragogna;Udine;1;2.803;8,95;;1,70;;0,77;5,53;1,10;28,41
06030090;Reana del Rojale;Udine;1;4.657;10,92;;1,52;;1,03;1,80;1,19;22,55
06030091;Remanzacco;Udine;1;6.006;9,11;;2,16;;0,40;4,39;1,75;28,06
06030092;Resia;Udine;1;916;15,97;;25,88;;0,93;7,82;5,19;44,92
06030093;Resiutta;Udine;1;266;5,53;;2,14;;;2,36;0,44;20,20
06030095;Rive d'Arcano;Udine;1;2.346;10,83;;2,14;;0,55;5,91;0,49;28,20
06030188;Rivignano Teor;Udine;1;6.198;8,72;;3,29;;1,30;3,78;0,86;23,77
06030097;Ronchis;Udine;1;1.933;5,02;;11,01;;1,14;3,85;1,52;23,99
06030098;Ruda;Udine;1;2.774;5,81;;9,50;;0,63;4,75;2,52;24,74
06030099;San Daniele del Friuli;Udine;1;7.914;8,55;;1,83;;1,52;5,22;0,54;26,95
06030100;San Giorgio di Nogaro;Udine;1;7.297;4,16;;9,19;;0,55;2,84;2,32;21,58
06030101;San Giovanni al Natisone;Udine;1;6.023;11,24;;2,68;;1,28;5,51;0,66;33,09
06030102;San Leonardo;Udine;1;1.027;21,27;;12,78;;;5,62;2,47;32,83
06030103;San Pietro al Natisone;Udine;1;2.070;13,10;;15,54;;0,04;3,93;1,73;30,02
06030105;San Vito al Torre;Udine;1;1.197;4,15;;14,52;;0,43;3,06;3,38;26,72
06030106;San Vito di Fagagna;Udine;1;1.666;11,78;;2,23;;;8,31;0,78;34,52
06030104;Santa Maria la Longa;Udine;1;2.322;5,36;;6,98;;0,16;2,18;2,81;20,07
06030189;Sappada;Udine;1;1.314;;;0,46;;1,57;2,32;4,71;30,16
06030108;Savogna;Udine;1;357;9,57;;20,36;;;7,50;3,09;35,58
06030109;Sedegliano;Udine;1;3.662;14,72;;1,98;;0,48;4,40;0,57;29,16
06030111;Stregna;Udine;1;288;14,81;;34,83;;;7,37;7,98;48,88
06030113;Taipana;Udine;1;566;7,87;;1,79;;0,24;6,23;0,70;29,61
06030114;Talmassons;Udine;1;3.856;5,25;;6,68;;0,33;4,19;2,40;20,69
06030116;Tarcento;Udine;1;8.887;7,89;;9,71;;1,09;4,64;3,90;25,83
06030117;Tarvisio;Udine;1;3.966;11,23;;13,16;;5,52;5,33;3,76;35,46
06030118;Tavagnacco;Udine;1;14.670;8,39;;13,19;;0,22;6,86;2,50;29,19
06030120;Terzo d'Aquileia;Udine;1;2.742;5,19;;8,10;;0,30;4,21;2,64;23,17
06030122;Torreano;Udine;1;2.043;11,19;;17,32;;;3,43;2,05;30,89
06030123;Torviscosa;Udine;1;2.603;5,33;;9,99;;1,78;2,73;4,06;26,10
06030124;Trasaghis;Udine;1;2.084;9,32;;2,38;;0,79;4,93;2,63;31,72
06030126;Treppo Grande;Udine;1;1.714;8,82;;5,63;;1,81;2,27;3,57;30,69
06030191;Treppo Ligosullo;Udine;1;680;;;0,42;;1,19;;0,70;30,02
06030127;Tricesimo;Udine;1;7.593;11,82;;6,00;;0,52;5,73;2,79;23,41
06030128;Trivignano Udinese;Udine;1;1.555;7,05;;7,82;;0,23;3,42;4,59;23,49
06030129;Udine;Udine;1;97.808;5,68;;9,61;;1,88;3,33;6,02;29,53
06030130;Varmo;Udine;1;2.641;11,38;;2,07;;0,59;7,72;0,72;33,80
06030131;Venzone;Udine;1;1.939;8,55;;2,00;;;5,08;0,55;26,58
06030132;Verzegnis;Udine;1;849;;;0,29;;1,52;;0,13;26,19
06030135;Visco;Udine;1;827;4,44;;8,85;;0,36;2,64;2,04;20,44
03012001;Agra;Varese;1;391;8,17;;9,08;;6,69;5,98;5,54;34,45
03012002;Albizzate;Varese;1;5.155;9,85;;11,17;;3,17;5,14;0,78;25,87
03012004;Arcisate;Varese;1;9.933;6,54;;5,38;;1,90;2,70;;21,49
03012005;Arsago Seprio;Varese;1;4.757;7,85;;10,28;;2,84;7,25;3,74;31,41
03012006;Azzate;Varese;1;4.608;9,57;;10,77;;2,16;6,14;2,78;27,30
03012007;Azzio;Varese;1;756;6,05;;8,59;;0,26;6,03;2,22;23,25
03012008;Barasso;Varese;1;1.640;9,77;;6,09;;1,88;7,68;1,01;25,80
03012010;Bedero Valcuvia;Varese;1;677;4,95;;15,98;;5,05;6,08;2,27;31,63
03012011;Besano;Varese;1;2.515;9,94;;15,37;;0,77;4,34;2,53;27,57
03012012;Besnate;Varese;1;5.475;10,06;;11,47;;1,64;4,57;2,72;26,14
03012013;Besozzo;Varese;1;8.711;10,57;;8,11;;1,91;4,55;2,04;23,18
03012014;Biandronno;Varese;1;3.162;20,61;;11,14;;0,33;3,78;0,97;22,20
03012015;Bisuschio;Varese;1;4.264;8,15;;8,94;;0,54;4,05;0,40;16,99
03012016;Bodio Lomnago;Varese;1;2.244;9,26;;10,63;;4,29;4,93;1,61;26,77
03012018;Bregano - Dato aggregazione Unione Ovest Lago Varese;Varese;3;3.617;15,67;;11,33;;2,09;4,00;2,86;27,87
03012020;Brezzo di Bedero;Varese;1;1.217;7,53;;10,47;;3,08;9,99;6,38;38,00
03012021;Brinzio;Varese;1;769;6,70;;10,13;;2,98;5,27;2,97;28,40
03012022;Brissago-Valtravaglia;Varese;1;1.273;16,77;;10,49;;4,29;5,17;10,24;39,47
03012023;Brunello;Varese;1;940;10,35;;15,80;;5,45;11,46;3,85;44,91
03012024;Brusimpiano;Varese;1;1.177;3,58;;8,74;;9,37;5,01;1,35;29,02
03012025;Buguggiate;Varese;1;3.084;8,97;;10,29;;1,26;9,34;1,01;27,02
03012026;Busto Arsizio;Varese;1;82.951;15,65;;16,00;;5,70;4,97;7,62;42,53
03012027;Cadegliano-Viconago;Varese;1;2.155;6,10;;16,97;;7,61;10,56;0,92;37,49
03012143;Cadrezzate con Osmate;Varese;1;2.665;8,08;;7,49;;0,80;6,31;1,26;27,98
03012029;Cairate;Varese;1;7.737;8,43;;8,69;;0,37;7,24;3,19;26,98
03012030;Cantello;Varese;1;4.723;7,56;;8,58;;0,93;7,66;0,67;20,30
03012031;Caravate;Varese;1;2.535;6,75;;9,86;;0,38;4,11;1,15;22,35
03012032;Cardano al Campo;Varese;1;14.701;13,45;;10,42;;1,92;4,66;4,72;27,51
03012033;Carnago;Varese;1;6.562;10,58;;13,43;;1,59;3,82;;25,99
03012034;Caronno Pertusella;Varese;1;18.133;10,94;;7,74;;5,96;6,75;0,60;27,98
03012035;Caronno Varesino;Varese;1;4.784;10,15;;11,06;;0,77;5,61;2,56;27,65
03012036;Casale Litta;Varese;1;2.732;9,42;;10,85;;4,65;4,60;1,02;26,52
03012037;Casalzuigno;Varese;1;1.382;7,20;;10,04;;3,41;6,48;1,24;28,42
03012038;Casciago;Varese;1;3.614;13,69;;9,00;;1,89;11,01;7,68;39,09
03012039;Casorate Sempione;Varese;1;5.637;8,83;;9,92;;0,14;3,43;0,98;21,58
03012040;Cassano Magnago;Varese;1;21.408;7,43;;10,24;;3,34;7,24;2,20;29,31
03012041;Cassano Valcuvia;Varese;1;660;6,85;;10,36;;5,63;5,31;15,43;43,93
03012042;Castellanza;Varese;1;13.939;4,52;;7,05;;3,46;4,79;5,04;26,96
03012043;Castello Cabiaglio;Varese;1;567;6,96;;9,96;;0,31;11,32;3,84;32,53
03012045;Castelveccana;Varese;1;1.853;7,74;;10,58;;2,29;9,70;4,13;34,25
03012046;Castiglione Olona;Varese;1;7.512;8,42;;9,41;;3,28;5,35;1,26;24,08
03012047;Castronno;Varese;1;5.043;11,88;;11,87;;4,24;4,70;0,77;27,43
03012048;Cavaria con Premezzo;Varese;1;5.643;8,08;;9,06;;1,92;3,33;1,14;20,04
03012049;Cazzago Brabbia;Varese;1;789;11,50;;13,26;;8,14;8,88;1,20;38,05
03012050;Cislago;Varese;1;10.401;5,35;;8,48;;3,31;4,38;4,38;26,92
03012051;Cittiglio;Varese;1;3.799;7,39;;10,53;;2,52;4,58;3,56;29,68
03012052;Clivio;Varese;1;1.983;14,37;;12,68;;2,12;5,03;5,24;31,45
03012053;Cocquio-Trevisago;Varese;1;4.626;11,23;;9,90;;0,98;6,58;3,22;29,35
03012055;Comerio;Varese;1;2.799;20,11;;6,76;;2,35;8,80;2,59;31,33
03012056;Cremenaga;Varese;1;786;5,03;;9,89;;3,59;11,45;0,77;30,29
03012057;Crosio della Valle;Varese;1;616;11,98;;13,41;;6,66;6,28;1,40;34,56
03012058;Cuasso al Monte;Varese;1;3.515;5,57;;12,46;;1,16;4,70;3,02;28,58
03012059;Cugliate-Fabiasco;Varese;1;3.096;11,05;;9,43;;0,22;4,32;3,55;28,72
03012060;Cunardo;Varese;1;2.880;8,87;;9,86;;2,19;5,33;0,58;28,62
03012061;Curiglia con Monteviasco;Varese;1;152;7,62;;11,67;;14,50;8,87;7,36;50,45
03012062;Cuveglio;Varese;1;3.294;7,57;;10,56;;2,31;5,22;0,99;26,80
03012063;Cuvio;Varese;1;1.652;7,36;;9,87;;2,48;5,52;2,06;27,16
03012064;Daverio;Varese;1;3.081;11,24;;10,68;;1,44;5,01;0,74;23,65
03012065;Dumenza;Varese;1;1.440;7,23;;10,21;;6,62;6,07;4,03;34,48
03012066;Duno;Varese;1;153;8,32;;12,54;;7,44;27,42;11,34;67,47
03012067;Fagnano Olona;Varese;1;12.447;14,03;;13,04;;0,65;6,52;1,61;31,22
03012068;Ferno;Varese;1;6.685;1,68;;11,24;;0,51;1,39;0,26;10,29
03012069;Ferrera di Varese;Varese;1;686;6,62;;10,07;;1,75;5,55;0,93;25,27
03012070;Gallarate;Varese;1;52.811;8,51;;11,77;;3,69;5,70;2,16;28,94
03012071;Galliate Lombardo;Varese;1;992;10,16;;11,64;;4,08;9,38;2,38;33,30
03012072;Gavirate;Varese;1;9.136;10,79;;5,06;;1,90;5,70;2,57;23,91
03012073;Gazzada Schianno;Varese;1;4.570;78,25;;;;2,64;4,25;12,29;40,50
03012074;Gemonio;Varese;1;2.818;10,07;;7,89;;3,57;3,53;4,47;23,40
03012075;Gerenzano;Varese;1;10.845;3,28;;6,58;;1,64;3,39;4,38;22,36
03012076;Germignaga;Varese;1;3.693;7,07;;10,28;;2,05;3,08;0,91;23,27
03012077;Golasecca;Varese;1;2.621;11,20;;10,38;;3,72;5,06;0,28;26,98
03012078;Gorla Maggiore;Varese;1;4.835;8,40;;4,57;;0,87;8,60;2,34;23,06
03012079;Gorla Minore;Varese;1;8.131;4,96;;8,87;;3,00;3,61;2,06;22,87
03012080;Gornate Olona;Varese;1;2.165;9,79;;14,04;;1,05;3,02;1,88;26,66
03012081;Grantola;Varese;1;1.238;8,15;;9,42;;0,29;4,29;1,08;22,19
03012082;Inarzo;Varese;1;1.064;8,23;;9,35;;3,03;5,02;1,24;23,33
03012083;Induno Olona;Varese;1;10.245;8,34;;8,61;;3,50;2,09;0,43;23,44
03012084;Ispra;Varese;1;5.326;13,71;;9,88;;0,01;2,42;0,92;20,67
03012085;Jerago con Orago;Varese;1;5.227;7,81;;8,66;;0,98;3,49;4,29;21,99
03012086;Lavena Ponte Tresa;Varese;1;5.603;2,69;;3,25;;7,00;3,72;6,40;26,90
03012087;Laveno-Mombello;Varese;1;8.353;9,28;;11,92;;1,58;5,23;5,80;35,49
03012088;Leggiuno;Varese;1;3.547;18,26;;5,16;;2,79;6,98;2,49;28,14
03012089;Lonate Ceppino;Varese;1;5.075;13,80;;8,40;;;4,63;1,60;23,93
03012090;Lonate Pozzolo;Varese;1;11.364;13,50;;21,94;;0,76;3,54;2,91;29,88
03012091;Lozza;Varese;1;1.179;16,17;;11,18;;8,69;17,47;4,57;47,40
03012092;Luino;Varese;1;14.128;6,15;;10,32;;5,38;4,52;4,29;31,61
03012142;Maccagno con Pino e Veddasca;Varese;1;2.407;6,63;;12,14;;0,34;4,87;5,34;30,05
03012096;Malnate;Varese;1;16.378;8,45;;11,72;;3,99;3,28;0,99;26,55
03012097;Marchirolo;Varese;1;3.519;8,16;;10,36;;5,01;4,15;1,51;26,47
03012099;Marzio;Varese;1;307;3,40;;14,54;;6,38;6,22;3,74;33,98
03012100;Masciago Primo;Varese;1;303;7,02;;10,27;;2,85;12,25;2,29;34,92
03012101;Mercallo;Varese;1;1.787;11,43;;9,80;;0,54;2,60;6,02;30,08
03012102;Mesenzana;Varese;1;1.682;7,41;;9,67;;1,56;4,43;3,73;26,76
03012103;Montegrino Valtravaglia;Varese;1;1.479;7,05;;10,24;;4,12;9,05;2,11;32,77
03012104;Monvalle;Varese;1;1.921;18,81;;6,61;;0,92;8,68;9,07;36,88
03012105;Morazzone;Varese;1;4.288;10,05;;9,06;;1,80;4,37;5,37;25,63
03012106;Mornago;Varese;1;4.870;10,95;;6,84;;4,86;4,05;0,68;22,58
03012107;Oggiona con Santo Stefano;Varese;1;4.331;7,31;;8,31;;3,35;3,36;1,27;20,46
03012108;Olgiate Olona;Varese;1;12.671;4,99;;6,99;;1,94;5,43;0,21;22,97
03012109;Origgio;Varese;1;8.001;11,16;;7,23;;4,69;4,41;1,03;27,11
03012110;Orino;Varese;1;839;6,37;;9,72;;0,30;8,92;2,67;28,34
03012113;Porto Ceresio;Varese;1;2.854;10,71;;10,36;;3,11;3,04;1,07;25,55
03012114;Porto Valtravaglia;Varese;1;2.261;8,29;;11,37;;4,70;6,67;3,51;35,11
03012115;Rancio Valcuvia;Varese;1;940;6,93;;9,95;;5,02;8,52;11,48;42,06
03012117;Saltrio;Varese;1;2.965;18,54;;10,57;;0,57;5,43;1,47;25,97
03012118;Samarate;Varese;1;16.026;4,72;;4,72;;3,47;8,37;;22,44
03012119;Saronno;Varese;1;38.442;8,70;;5,15;;7,51;4,47;6,40;30,92
03012121;Solbiate Arno;Varese;1;4.010;12,69;;9,10;;3,31;5,32;0,99;27,08
03012122;Solbiate Olona;Varese;1;5.372;7,10;;10,85;;3,90;2,69;1,12;24,20
03012123;Somma Lombardo;Varese;1;17.767;21,03;;7,70;;4,02;4,61;2,82;26,89
03012124;Sumirago;Varese;1;5.985;10,29;;11,86;;1,36;6,20;1,76;27,06
03012125;Taino;Varese;1;3.629;25,11;;10,77;;2,47;4,99;1,90;26,05
03012127;Tradate;Varese;1;18.835;35,75;;8,52;;3,57;6,12;2,94;32,56
03012129;Tronzano Lago Maggiore;Varese;1;233;7,85;;10,10;;5,87;8,77;7,43;39,71
03012130;Uboldo;Varese;1;10.816;5,54;;11,28;;2,12;6,51;0,83;29,01
03012132;Varano Borghi;Varese;1;2.469;5,48;;7,82;;0,15;4,50;4,27;29,55
03012133;Varese;Varese;1;78.409;9,36;;15,61;;6,59;6,30;5,60;38,04
03012134;Vedano Olona;Varese;1;7.291;8,39;;9,78;;5,18;4,46;1,95;26,11
03012136;Venegono Inferiore;Varese;1;5.959;10,30;;11,43;;4,77;5,57;3,26;30,60
03012137;Venegono Superiore;Varese;1;7.316;5,21;;7,75;;1,77;4,25;2,39;21,64
03012138;Vergiate;Varese;1;8.641;8,62;;6,99;;1,43;6,00;6,01;32,37
03012139;Viggiu;Varese;1;5.147;12,99;;11,46;;0,91;4,30;1,43;24,66
03012140;Vizzola Ticino;Varese;1;587;5,27;;10,41;;0,82;4,69;0,56;20,55
05027001;Annone Veneto;Venezia;1;3.797;14,68;;11,01;;0,89;5,26;3,09;30,98
05027002;Campagna Lupia;Venezia;1;7.118;17,47;;9,23;;3,91;5,57;5,34;34,01
05027003;Campolongo Maggiore;Venezia;1;10.716;20,70;;10,27;;4,41;5,52;5,51;35,71
05027004;Camponogara;Venezia;1;12.942;17,94;;10,11;;4,24;5,34;4,99;34,48
05027005;Caorle;Venezia;1;11.108;14,91;;14,57;;8,27;9,54;6,00;53,35
05027044;Cavallino-Treporti;Venezia;1;13.318;12,12;;9,31;;3,64;3,86;1,60;27,06
05027006;Cavarzere;Venezia;1;12.741;15,09;;12,22;;4,71;4,24;5,07;35,76
05027007;Ceggia;Venezia;1;6.095;31,06;;8,85;;4,11;4,53;6,43;32,22
05027008;Chioggia;Venezia;1;47.630;15,54;;18,91;;6,44;6,95;9,54;53,88
05027009;Cinto Caomaggiore;Venezia;1;3.141;13,78;;10,94;;0,23;4,41;3,30;28,61
05027010;Cona;Venezia;1;2.745;18,78;;7,64;;3,39;3,10;10,68;33,59
05027011;Concordia Sagittaria;Venezia;1;10.229;11,86;;9,48;;3,22;5,78;2,68;31,32
05027012;Dolo;Venezia;1;14.953;17,74;;12,05;;4,85;5,65;8,17;40,51
05027013;Eraclea;Venezia;1;11.970;18,12;;13,27;;5,25;4,95;4,44;37,20
05027014;Fiesso d'Artico;Venezia;1;8.474;18,02;;12,81;;5,10;5,99;6,39;40,41
05027015;Fossalta di Piave;Venezia;1;4.137;28,08;;6,23;;2,96;2,91;7,73;28,74
05027016;Fossalta di Portogruaro;Venezia;1;5.728;12,98;;10,39;;0,82;4,84;2,64;28,60
05027017;Fosso;Venezia;1;7.077;19,31;;9,67;;4,14;5,46;4,73;33,96
05027018;Gruaro;Venezia;1;2.724;12,48;;8,05;;1,48;5,10;3,06;29,98
05027019;Jesolo;Venezia;1;26.558;13,28;;16,75;;5,63;5,80;5,52;41,73
05027020;Marcon;Venezia;1;17.594;19,51;;10,26;;4,36;4,15;4,50;32,80
05027021;Martellago;Venezia;1;21.108;13,92;;5,62;;2,49;3,53;3,51;24,26
05027022;Meolo;Venezia;1;6.192;27,19;;9,85;;4,44;4,41;5,79;34,32
05027023;Mira;Venezia;1;37.542;31,23;;13,09;;5,78;5,55;7,67;42,85
05027024;Mirano;Venezia;1;27.091;10,82;;6,64;;2,60;3,07;4,43;26,37
05027025;Musile di Piave;Venezia;1;11.372;13,35;;7,75;;3,23;2,86;4,42;27,54
05027026;Noale;Venezia;1;16.131;13,51;;6,69;;2,87;4,38;2,84;25,94
05027027;Noventa di Piave;Venezia;1;6.978;10,33;;5,36;;3,14;2,10;3,99;23,01
05027028;Pianiga;Venezia;1;12.177;17,44;;10,76;;4,43;4,18;3,89;33,02
05027029;Portogruaro;Venezia;1;24.314;8,38;;12,37;;2,43;5,46;1,84;31,99
05027030;Pramaggiore;Venezia;1;4.761;13,35;;10,05;;0,22;4,17;2,81;26,95
05027031;Quarto d'Altino;Venezia;1;8.019;22,86;;12,30;;5,20;4,45;5,51;37,99
05027032;Salzano;Venezia;1;12.799;21,05;;11,60;;4,88;6,85;5,66;38,66
05027033;San Dona  di Piave;Venezia;1;41.535;28,74;;10,43;;4,70;4,56;5,03;34,64
05027034;San Michele al Tagliamento;Venezia;1;11.393;9,16;;11,74;;5,07;5,71;4,65;40,40
05027036;San Stino di Livenza;Venezia;1;12.655;14,28;;9,28;;2,17;4,61;2,70;29,34
05027035;Santa Maria di Sala;Venezia;1;17.378;15,80;;5,65;;2,55;4,72;3,46;25,71
05027037;Scorze;Venezia;1;18.981;12,31;;6,06;;2,60;2,95;2,90;23,83
05027038;Spinea;Venezia;1;27.694;15,20;;6,36;;2,81;3,54;3,37;25,98
05027039;Stra;Venezia;1;7.523;17,64;;11,70;;4,73;7,98;7,68;41,60
05027040;Teglio Veneto;Venezia;1;2.260;16,98;;8,82;;2,00;6,58;2,92;31,99
05027041;Torre di Mosto;Venezia;1;4.801;16,02;;9,51;;3,94;4,07;3,02;29,85
05027042;Venezia;Venezia;1;250.369;21,16;;28,43;;9,36;9,81;8,17;64,13
05027043;Vigonovo;Venezia;1;9.835;17,37;;11,76;;4,74;5,95;5,37;37,79
01002133;Santhia;Vercelli;1;8.106;11,17;;16,23;;0,62;5,11;2,14;30,84
01002158;Vercelli;Vercelli;1;45.206;10,18;;7,03;;2,61;7,36;4,91;29,04
05023001;Affi;Verona;1;2.428;7,54;;8,92;;1,52;4,57;2,05;21,90
05023002;Albaredo d'Adige;Verona;1;5.246;8,43;;8,34;;1,42;3,24;2,78;23,08
05023003;Angiari;Verona;1;2.489;12,94;;19,63;;0,40;7,81;0,24;34,55
05023005;Badia Calavena;Verona;1;2.592;17,46;;21,33;;0,25;6,38;1,41;37,06
05023006;Bardolino;Verona;1;6.919;7,54;;7,09;;2,87;2,13;0,81;19,20
05023007;Belfiore;Verona;1;3.293;16,18;;19,68;;0,91;5,79;0,28;36,39
05023009;Bonavigo;Verona;1;2.022;6,66;;7,24;;0,37;2,66;1,07;16,98
05023010;Boschi Sant'Anna;Verona;1;1.359;6,05;;13,69;;0,39;4,03;3,84;27,77
05023011;Bosco Chiesanuova;Verona;1;3.544;30,84;;9,48;;1,74;3,15;1,80;41,54
05023012;Bovolone;Verona;1;16.106;12,99;;9,54;;1,62;4,67;1,87;24,20
05023013;Brentino Belluno;Verona;1;1.363;16,89;;10,41;;0,66;2,95;3,60;26,24
05023014;Brenzone sul Garda;Verona;1;2.451;21,04;;19,83;;4,38;5,44;4,05;40,89
05023015;Bussolengo;Verona;1;20.684;11,60;;9,52;;3,82;3,96;2,99;28,58
05023016;Buttapietra;Verona;1;6.959;12,00;;8,78;;1,80;3,40;2,23;24,16
05023017;Caldiero;Verona;1;7.924;10,06;;9,73;;1,34;3,01;3,16;24,82
05023018;Caprino Veronese;Verona;1;8.698;11,69;;11,32;;1,86;3,21;0,97;25,35
05023019;Casaleone;Verona;1;5.554;14,83;;15,96;;0,24;5,26;0,33;28,81
05023020;Castagnaro;Verona;1;3.558;9,71;;9,12;;0,84;4,40;0,48;21,05
05023021;Castel d'Azzano;Verona;1;12.017;10,23;;10,88;;2,96;4,27;1,13;26,80
05023022;Castelnuovo del Garda;Verona;1;13.184;3,85;;10,21;;1,63;3,72;0,46;21,44
05023023;Cavaion Veronese;Verona;1;6.055;7,64;;10,02;;5,18;5,48;1,51;28,61
05023024;Cazzano di Tramigna;Verona;1;1.502;7,77;;9,42;;0,30;4,45;3,12;23,79
05023025;Cerea;Verona;1;16.801;6,71;;9,49;;2,16;3,13;2,99;21,45
05023026;Cerro Veronese;Verona;1;2.622;35,92;;12,73;;0,96;2,38;0,41;39,69
05023027;Cologna Veneta;Verona;1;8.360;6,44;;7,97;;2,36;3,17;3,01;23,38
05023028;Colognola ai Colli;Verona;1;8.727;5,88;;12,56;;0,91;4,02;0,47;24,24
05023029;Concamarise;Verona;1;1.053;13,90;;16,82;;0,89;4,36;0,22;28,98
05023030;Costermano;Verona;1;3.974;8,58;;14,32;;1,99;5,16;3,83;31,28
05023031;Dolce;Verona;1;2.487;10,26;;10,08;;0,44;5,61;3,14;26,41
05023032;Erbe;Verona;1;1.878;20,39;;26,44;;6,26;5,05;0,22;47,53
05023033;Erbezzo;Verona;1;801;10,02;;7,26;;0,47;3,26;0,34;23,25
05023034;Ferrara di Monte Baldo;Verona;1;269;20,61;;0,56;;0,23;9,91;3,62;39,68
05023035;Fumane;Verona;1;4.102;10,01;;9,17;;1,01;3,61;1,84;22,10
05023036;Garda;Verona;1;4.143;7,98;;10,77;;5,59;4,76;1,61;28,51
05023037;Gazzo Veronese;Verona;1;5.111;14,76;;16,85;;9,31;4,69;0,34;37,59
05023038;Grezzana;Verona;1;10.722;9,25;;14,43;;4,49;2,74;0,88;28,59
05023039;Illasi;Verona;1;5.145;9,23;;9,15;;1,46;2,92;3,84;24,74
05023040;Isola della Scala;Verona;1;11.567;12,89;;15,18;;1,61;4,95;0,29;25,56
05023041;Isola Rizza;Verona;1;3.263;18,32;;18,68;;4,86;4,29;0,23;36,26
05023042;Lavagno;Verona;1;8.549;14,47;;11,25;;1,38;4,71;1,34;27,21
05023043;Lazise;Verona;1;6.852;5,38;;9,45;;3,71;2,13;1,06;20,13
05023044;Legnago;Verona;1;25.366;7,01;;10,08;;3,47;3,56;3,13;26,05
05023045;Malcesine;Verona;1;3.603;8,32;;12,26;;3,01;2,87;3,86;26,50
05023046;Marano di Valpolicella;Verona;1;3.086;14,57;;13,75;;1,96;5,97;6,50;35,69
05023047;Mezzane di Sotto;Verona;1;2.551;5,35;;13,72;;1,09;4,35;0,59;25,36
05023048;Minerbe;Verona;1;4.574;5,52;;7,55;;1,09;2,87;2,51;21,07
05023049;Montecchia di Crosara;Verona;1;4.206;12,56;;14,81;;0,36;4,16;2,11;31,16
05023050;Monteforte d'Alpone;Verona;1;8.932;11,70;;11,17;;0,70;3,68;0,65;24,78
05023051;Mozzecane;Verona;1;8.107;7,90;;11,32;;1,75;3,25;1,13;24,88
05023052;Negrar;Verona;1;16.573;12,09;;12,91;;2,36;4,43;1,90;28,78
05023053;Nogara;Verona;1;8.212;16,82;;15,73;;5,84;4,90;0,35;33,57
05023054;Nogarole Rocca;Verona;1;3.829;9,74;;14,53;;5,52;4,35;0,28;32,68
05023055;Oppeano;Verona;1;10.279;15,56;;15,93;;0,01;4,12;0,24;27,43
05023056;Palu;Verona;1;1.174;14,76;;18,70;;0,04;4,50;0,25;30,76
05023057;Pastrengo;Verona;1;3.062;8,87;;11,18;;1,47;4,43;2,34;27,31
05023058;Pescantina;Verona;1;17.425;9,27;;8,71;;1,96;3,51;1,31;23,49
05023059;Peschiera del Garda;Verona;1;10.961;5,50;;8,95;;3,66;3,05;0,79;21,73
05023060;Povegliano Veronese;Verona;1;7.333;6,97;;7,97;;1,97;4,96;2,95;25,34
05023061;Pressana;Verona;1;2.474;8,37;;8,06;;0,54;3,26;4,42;24,15
05023062;Rivoli Veronese;Verona;1;2.195;10,08;;11,63;;2,22;5,52;2,19;29,86
05023063;Ronca;Verona;1;3.781;14,55;;15,47;;0,36;5,25;1,51;30,57
05023064;Ronco all'Adige;Verona;1;5.982;14,27;;15,59;;0,26;4,09;0,24;26,58
05023065;Roverchiara;Verona;1;2.558;12,12;;19,45;;0,40;5,51;0,27;33,16
05023067;Rovere Veronese;Verona;1;2.119;38,36;;6,04;;0,02;5,43;2,53;50,95
05023066;Roveredo di Gua;Verona;1;1.638;6,81;;8,57;;0,25;2,93;1,73;19,42
05023068;Salizzole;Verona;1;3.743;13,27;;16,79;;0,23;5,69;0,30;30,92
05023069;San Bonifacio;Verona;1;21.418;12,73;;10,33;;4,30;2,62;1,97;22,96
05023070;San Giovanni Ilarione;Verona;1;4.886;12,82;;12,50;;0,38;2,79;0,72;24,37
05023071;San Giovanni Lupatoto;Verona;1;25.341;13,36;;19,05;;;0,48;0,46;23,89
05023073;San Martino Buon Albergo;Verona;1;16.233;6,93;;11,83;;3,19;4,37;0,75;29,35
05023074;San Mauro di Saline;Verona;1;575;18,06;;1,87;;0,01;8,44;0,57;36,92
05023075;San Pietro di Morubio;Verona;1;3.055;9,43;;14,24;;0,58;4,84;0,24;27,12
05023076;San Pietro in Cariano;Verona;1;12.952;14,25;;8,45;;1,80;3,77;3,82;26,04
05023079;San Zeno di Montagna;Verona;1;1.464;10,36;;11,09;;2,70;7,51;3,32;31,21
05023072;Sanguinetto;Verona;1;4.148;6,52;;8,56;;2,39;3,37;2,24;23,28
05023077;Sant'Ambrogio di Valpolicella;Verona;1;11.846;10,48;;8,82;;3,08;3,51;1,37;24,22
05023078;Sant'Anna d'Alfaedo;Verona;1;2.573;9,40;;8,86;;0,68;4,27;0,95;26,76
05023080;Selva di Progno;Verona;1;904;21,23;;21,77;;2,43;8,37;1,34;41,93
05023081;Soave;Verona;1;7.152;9,30;;10,87;;1,13;2,57;1,46;23,35
05023082;Sommacampagna;Verona;1;14.460;5,61;;7,35;;2,90;3,76;2,53;24,17
05023083;Sona;Verona;1;17.537;8,39;;10,10;;1,54;4,27;2,05;25,69
05023084;Sorga;Verona;1;2.924;12,98;;17,20;;1,29;5,34;0,37;34,53
05023085;Terrazzo;Verona;1;2.131;10,34;;20,71;;8,78;4,33;0,30;40,78
05023086;Torri del Benaco;Verona;1;2.927;12,89;;18,77;;4,96;6,23;3,17;36,95
05023087;Tregnago;Verona;1;5.003;8,95;;10,40;;0,26;2,67;2,13;22,70
05023088;Trevenzuolo;Verona;1;2.752;12,39;;17,18;;7,91;5,34;0,35;37,09
05023089;Valeggio sul Mincio;Verona;1;15.943;9,56;;11,10;;2,49;3,39;1,34;24,87
05023090;Velo Veronese;Verona;1;782;18,81;;1,66;;0,01;6,31;2,31;34,89
05023091;Verona;Verona;1;255.588;6,64;;10,80;;5,57;8,02;3,69;36,91
05023092;Veronella;Verona;1;5.122;6,94;;8,46;;0,50;3,20;1,53;20,13
05023093;Vestenanova;Verona;1;2.491;16,30;;16,34;;1,52;6,93;0,67;33,79
05023094;Vigasio;Verona;1;10.229;11,83;;14,95;;0,70;4,90;0,29;26,91
05023095;Villa Bartolomea;Verona;1;5.815;6,35;;8,90;;1,30;2,21;2,57;18,94
05023096;Villafranca di Verona;Verona;1;32.997;11,06;;12,72;;4,67;3,29;4,25;32,59
05023097;Zevio;Verona;1;15.579;5,68;;9,72;;1,42;2,71;1,04;20,48
05023098;Zimella;Verona;1;4.855;6,55;;6,83;;0,38;2,59;2,68;19,65
18102005;Capistrano;Vibo Valentia;1;977;;;;;;9,58;;33,61
18102007;Dasa;Vibo Valentia;1;1.105;23,28;;17,32;;0,24;9,68;4,45;40,09
18102009;Drapia;Vibo Valentia;1;2.076;12,01;;13,41;;3,77;9,37;0,77;40,80
18102011;Filadelfia;Vibo Valentia;1;4.967;17,92;;9,53;;4,33;7,70;1,83;36,76
18102012;Filandari;Vibo Valentia;1;1.764;47,87;;7,68;;2,09;23,95;0,21;66,66
18102013;Filogaso;Vibo Valentia;1;1.344;23,16;;11,87;;0,69;4,49;0,13;33,07
18102016;Gerocarne;Vibo Valentia;1;1.928;15,87;;14,76;;6,84;9,07;6,66;50,59
18102017;Ionadi;Vibo Valentia;1;4.556;12,00;;9,45;;2,99;2,19;;41,66
18102019;Limbadi;Vibo Valentia;1;3.210;11,87;;15,58;;8,05;3,62;2,50;43,43
18102020;Maierato;Vibo Valentia;1;2.075;21,94;;17,08;;1,03;4,72;6,49;62,09
18102021;Mileto;Vibo Valentia;1;6.335;26,96;;26,42;;1,64;2,01;7,04;54,93
18102022;Mongiana;Vibo Valentia;1;632;28,33;;24,18;;0,42;2,84;4,34;48,70
18102024;Nardodipace;Vibo Valentia;1;1.087;74,42;;20,42;;7,02;11,81;;59,07
18102025;Nicotera;Vibo Valentia;1;5.859;3,69;;17,20;;4,70;14,27;;44,33
18102026;Parghelia;Vibo Valentia;1;1.274;19,80;;19,72;;3,49;0,73;0,09;47,31
18102027;Pizzo;Vibo Valentia;1;8.766;11,99;;42,08;;10,52;2,27;7,13;60,15
18102031;Rombiolo;Vibo Valentia;1;4.294;8,48;;18,72;;0,35;3,64;;22,13
18102032;San Calogero;Vibo Valentia;1;3.890;17,92;;16,75;;7,40;9,37;10,89;64,88
18102035;San Nicola da Crissa;Vibo Valentia;1;1.220;8,83;;16,06;;;3,23;;33,44
18102037;Serra San Bruno;Vibo Valentia;1;6.289;8,93;;40,66;;5,84;4,03;0,61;52,30
18102038;Simbario;Vibo Valentia;1;900;16,39;;24,81;;3,15;2,00;0,36;41,30
18102039;Sorianello;Vibo Valentia;1;1.099;56,96;;2,58;;1,55;1,99;2,54;38,08
18102042;Spilinga;Vibo Valentia;1;1.349;7,83;;13,18;;1,89;7,73;0,78;43,76
18102044;Tropea;Vibo Valentia;1;5.833;9,74;;4,39;;5,77;7,41;0,42;41,14
18102045;Vallelonga;Vibo Valentia;1;749;10,74;;14,76;;2,33;1,46;;32,45
18102047;Vibo Valentia;Vibo Valentia;1;31.092;7,00;;16,63;;7,99;6,36;2,39;43,94
05024002;Albettone;Vicenza;1;1.964;13,03;;5,56;;0,96;3,03;4,19;20,35
05024003;Alonte;Vicenza;1;1.580;23,52;;8,04;;2,07;1,64;4,01;22,95
05024004;Altavilla Vicentina;Vicenza;1;11.868;10,55;;11,55;;2,12;3,97;2,91;26,25
05024005;Altissimo;Vicenza;1;2.133;13,32;;12,67;;0,70;5,81;1,17;27,17
05024006;Arcugnano;Vicenza;1;7.674;33,67;;7,70;;0,41;2,54;2,58;23,10
05024007;Arsiero;Vicenza;1;3.021;7,94;;10,36;;3,41;4,25;4,76;28,14
05024008;Arzignano;Vicenza;1;25.280;10,64;;15,65;;3,57;3,01;1,96;29,07
05024124;Barbarano Mossano;Vicenza;1;6.161;12,69;;7,95;;2,16;5,52;1,17;25,84
05024013;Bolzano Vicentino;Vicenza;1;6.496;22,40;;13,55;;1,29;4,24;1,03;29,60
05024014;Breganze;Vicenza;1;8.352;15,23;;11,08;;1,22;4,09;2,11;24,54
05024015;Brendola;Vicenza;1;6.671;13,73;;13,42;;2,00;5,55;5,91;33,14
05024016;Bressanvido;Vicenza;1;3.149;15,50;;12,98;;0,82;4,99;1,65;27,39
05024017;Brogliano;Vicenza;1;4.004;15,72;;9,60;;0,35;5,22;4,01;25,88
05024018;Caldogno;Vicenza;1;11.297;11,96;;8,97;;2,10;5,50;2,93;26,36
05024019;Caltrano;Vicenza;1;2.497;9,37;;8,79;;1,12;3,55;4,08;23,65
05024020;Calvene;Vicenza;1;1.280;7,15;;10,02;;1,51;4,81;2,70;24,42
05024021;Camisano Vicentino;Vicenza;1;11.124;15,10;;10,49;;0,68;3,88;1,40;23,58
05024022;Campiglia dei Berici;Vicenza;1;1.663;15,22;;13,63;;1,26;3,90;0,56;23,11
05024024;Carre;Vicenza;1;3.504;10,21;;11,32;;1,46;3,88;3,76;27,04
05024027;Castegnero;Vicenza;1;2.831;18,17;;10,25;;0,15;4,80;1,46;23,34
05024028;Castelgomberto;Vicenza;1;6.127;12,90;;12,32;;1,69;3,42;2,17;25,68
05024029;Chiampo;Vicenza;1;12.531;10,73;;12,56;;0,95;3,19;5,62;27,80
05024030;Chiuppano;Vicenza;1;2.528;11,03;;10,02;;3,69;4,40;8,33;32,77
05024032;Cogollo del Cengio;Vicenza;1;3.115;11,54;;9,73;;2,93;6,34;2,42;27,96
05024126;Colceresa;Vicenza;1;5.901;22,94;;8,61;;;1,30;1,15;22,42
05024034;Cornedo Vicentino;Vicenza;1;11.678;13,49;;10,86;;1,34;3,00;2,08;22,99
05024035;Costabissara;Vicenza;1;7.647;11,03;;17,43;;2,81;3,03;0,51;23,19
05024036;Creazzo;Vicenza;1;11.160;14,61;;12,23;;1,43;4,09;3,24;27,46
05024037;Crespadoro;Vicenza;1;1.260;20,35;;28,25;;3,13;9,26;3,02;46,84
05024038;Dueville;Vicenza;1;13.576;10,84;;13,26;;1,43;4,98;3,18;28,84
05024040;Fara Vicentino;Vicenza;1;3.700;10,80;;11,09;;2,51;3,74;2,63;26,31
05024043;Gambellara;Vicenza;1;3.426;7,14;;12,85;;0,42;3,12;0,87;22,05
05024044;Gambugliano;Vicenza;1;847;23,82;;25,28;;;3,52;1,80;38,07
05024046;Grisignano di Zocco;Vicenza;1;4.297;12,30;;11,35;;0,40;3,43;1,22;22,55
05024047;Grumolo delle Abbadesse;Vicenza;1;3.830;16,78;;10,82;;0,73;4,63;1,32;25,12
05024048;Isola Vicentina;Vicenza;1;10.228;12,35;;8,96;;0,65;4,05;3,53;23,67
05024050;Lastebasse;Vicenza;1;195;34,34;;13,66;;2,25;7,29;5,09;42,02
05024051;Longare;Vicenza;1;5.499;10,61;;10,01;;0,48;7,43;1,26;25,03
05024052;Lonigo;Vicenza;1;15.847;10,85;;9,43;;4,07;1,57;0,47;20,58
05024053;Lugo di Vicenza;Vicenza;1;3.560;12,62;;9,65;;2,06;5,00;2,00;24,96
05024055;Malo;Vicenza;1;14.654;13,47;;9,58;;1,17;3,82;2,67;24,02
05024056;Marano Vicentino;Vicenza;1;9.285;21,15;;;;2,02;4,82;2,33;12,69
05024057;Marostica;Vicenza;1;13.940;10,50;;8,68;;2,36;1,01;0,68;19,47
05024063;Monte di Malo;Vicenza;1;2.803;11,89;;8,94;;1,63;3,75;2,80;23,20
05024060;Montebello Vicentino;Vicenza;1;6.321;10,28;;12,15;;1,59;3,35;5,67;28,31
05024061;Montecchio Maggiore;Vicenza;1;23.351;8,85;;15,64;;5,12;3,22;2,95;31,34
05024062;Montecchio Precalcino;Vicenza;1;4.938;7,42;;9,95;;0,56;4,19;4,73;25,25
05024064;Montegalda;Vicenza;1;3.353;12,46;;10,00;;1,60;5,07;1,29;24,65
05024065;Montegaldella;Vicenza;1;1.791;18,37;;12,97;;0,06;4,77;1,44;25,97
05024066;Monteviale;Vicenza;1;2.792;17,69;;12,35;;0,72;4,07;3,24;27,25
05024067;Monticello Conte Otto;Vicenza;1;9.029;11,46;;10,03;;0,84;5,92;3,39;27,05
05024068;Montorso Vicentino;Vicenza;1;3.029;10,42;;13,89;;1,04;3,47;2,27;25,85
05024071;Nanto;Vicenza;1;3.094;16,41;;6,73;;1,27;2,96;1,86;20,51
05024072;Nogarole Vicentino;Vicenza;1;1.237;17,64;;6,25;;2,76;10,40;1,20;30,39
05024074;Noventa Vicentina;Vicenza;1;8.952;31,37;;8,46;;1,31;1,37;1,43;19,83
05024075;Orgiano;Vicenza;1;2.997;10,60;;11,92;;1,16;1,56;2,94;20,25
05024076;Pedemonte;Vicenza;1;665;8,08;;11,77;;1,14;4,94;3,81;28,46
05024077;Pianezze;Vicenza;1;2.169;15,21;;12,09;;;1,29;1,16;22,05
05024078;Piovene Rocchette;Vicenza;1;8.257;14,34;;9,08;;1,30;5,86;4,85;27,95
05024080;Posina;Vicenza;1;568;6,59;;11,33;;1,50;19,40;4,94;41,44
05024083;Quinto Vicentino;Vicenza;1;5.832;15,03;;10,75;;0,49;4,29;1,43;24,77
05024084;Recoaro Terme;Vicenza;1;5.965;16,32;;13,13;;1,07;4,03;2,23;27,50
05024090;Salcedo;Vicenza;1;1.011;8,88;;10,63;;2,58;7,32;4,09;29,45
05024094;San Pietro Mussolino;Vicenza;1;1.546;12,74;;24,04;;1,75;6,78;3,07;38,43
05024096;San Vito di Leguzzano;Vicenza;1;3.558;16,14;;8,43;;1,68;3,77;2,04;22,57
05024091;Sandrigo;Vicenza;1;8.271;13,59;;11,04;;0,64;6,55;1,51;25,95
05024095;Santorso;Vicenza;1;5.574;11,45;;11,73;;2,24;5,31;2,74;28,26
05024097;Sarcedo;Vicenza;1;5.299;16,36;;10,17;;1,98;4,23;3,36;26,36
05024100;Schio;Vicenza;1;38.580;21,80;;10,95;;1,99;3,64;3,10;26,97
05024102;Sossano;Vicenza;1;4.134;12,24;;10,12;;1,07;2,24;0,51;18,26
05024103;Sovizzo;Vicenza;1;7.440;14,27;;13,30;;1,26;3,42;1,10;25,59
05024105;Thiene;Vicenza;1;23.794;11,61;;10,11;;1,58;3,60;3,48;25,90
05024106;Tonezza del Cimone;Vicenza;1;500;5,64;;10,43;;3,70;5,82;4,50;28,53
05024107;Torrebelvicino;Vicenza;1;5.816;13,27;;9,70;;1,71;5,37;4,00;27,79
05024108;Torri di Quartesolo;Vicenza;1;11.680;14,31;;13,47;;1,46;3,08;1,36;26,74
05024110;Trissino;Vicenza;1;8.619;12,61;;11,53;;1,35;3,46;2,13;24,09
05024123;Val Liona;Vicenza;1;3.072;31,96;;7,55;;0,33;2,45;6,59;26,04
05024111;Valdagno;Vicenza;1;25.601;15,01;;17,96;;4,06;5,55;4,72;37,27
05024113;Valli del Pasubio;Vicenza;1;3.055;4,55;;15,58;;1,79;8,97;2,73;31,82
05024115;Velo d'Astico;Vicenza;1;2.224;7,66;;11,04;;6,75;4,56;3,61;31,67
05024116;Vicenza;Vicenza;1;109.823;11,14;;7,18;;6,55;2,16;4,73;32,28
05024117;Villaga;Vicenza;1;1.890;15,24;;11,36;;0,89;3,89;2,66;23,14
05024118;Villaverla;Vicenza;1;6.034;21,54;;8,88;;1,24;4,92;3,42;26,00
05024119;Zane;Vicenza;1;6.603;12,03;;9,33;;1,33;3,22;2,96;23,80
05024120;Zermeghedo;Vicenza;1;1.324;13,18;;19,60;;1,70;7,24;1,61;34,51
05024121;Zovencedo;Vicenza;1;803;38,16;;12,15;;1,76;2,31;0,41;26,60
05024122;Zugliano;Vicenza;1;6.852;12,72;;9,20;;2,35;4,79;2,60;26,01
12056001;Acquapendente;Viterbo;1;5.266;17,71;;6,72;;3,67;0,77;1,29;15,97
12056004;Barbarano Romano;Viterbo;1;1.004;16,27;;13,20;;6,59;3,17;0,29;34,52
12056006;Bassano in Teverina;Viterbo;1;1.260;15,57;;38,13;;11,79;4,89;3,52;53,06
12056005;Bassano Romano;Viterbo;1;4.600;16,93;;22,45;;3,30;4,57;4,18;41,87
12056007;Blera;Viterbo;1;2.959;16,55;;;;;1,60;0,47;39,35
12056008;Bolsena;Viterbo;1;3.708;24,89;;7,46;;7,69;3,79;1,95;31,42
12056009;Bomarzo;Viterbo;1;1.674;6,26;;16,74;;4,38;2,59;5,40;35,20
12056010;Calcata;Viterbo;1;905;4,85;;11,28;;1,80;15,90;6,30;42,98
12056011;Canepina;Viterbo;1;2.913;15,37;;26,06;;13,76;4,62;5,15;53,30
12056012;Canino;Viterbo;1;5.029;21,85;;19,20;;7,21;6,56;4,73;44,83
12056014;Capranica;Viterbo;1;6.302;34,60;;22,72;;1,26;5,91;7,34;42,84
12056015;Caprarola;Viterbo;1;5.155;26,02;;21,17;;3,59;4,22;4,59;40,77
12056016;Carbognano;Viterbo;1;1.940;24,86;;12,72;;3,15;8,63;4,06;37,90
12056017;Castel Sant'Elia;Viterbo;1;2.453;5,38;;8,77;;5,42;7,63;7,10;38,79
12056019;Celleno;Viterbo;1;1.309;15,31;;19,39;;;3,20;3,34;33,30
12056021;Civita Castellana;Viterbo;1;15.247;13,60;;26,89;;4,13;3,47;2,86;47,30
12056023;Corchiano;Viterbo;1;3.580;14,58;;17,97;;9,37;6,94;1,96;50,20
12056024;Fabrica di Roma;Viterbo;1;8.217;13,86;;16,11;;2,78;7,63;20,40;61,80
12056025;Faleria;Viterbo;1;1.977;8,48;;14,11;;5,38;3,06;2,43;23,59
12056027;Gallese;Viterbo;1;2.577;42,49;;29,97;;8,86;4,17;0,15;60,66
12056028;Gradoli;Viterbo;1;1.249;24,89;;22,86;;;4,85;12,18;44,54
12056029;Graffignano;Viterbo;1;2.097;25,69;;11,82;;9,92;36,92;6,04;73,79
12056030;Grotte di Castro;Viterbo;1;2.361;49,90;;27,12;;8,46;7,57;6,16;59,94
12056031;Ischia di Castro;Viterbo;1;2.137;8,94;;10,56;;3,05;7,52;0,17;30,05
12056032;Latera;Viterbo;1;766;19,70;;11,51;;9,83;7,58;9,71;54,29
12056033;Lubriano;Viterbo;1;864;19,50;;19,93;;;4,62;13,68;47,95
12056034;Marta;Viterbo;1;3.238;12,22;;15,31;;4,85;2,82;1,82;31,04
12056035;Montalto di Castro;Viterbo;1;8.725;9,57;;29,60;;6,85;3,64;3,85;46,97
12056037;Monte Romano;Viterbo;1;1.877;16,16;;30,31;;6,14;4,92;6,93;52,54
12056038;Monterosi;Viterbo;1;4.824;14,35;;18,44;;5,66;0,55;;33,67
12056039;Nepi;Viterbo;1;9.381;23,37;;12,57;;4,82;8,43;5,04;41,59
12056040;Onano;Viterbo;1;898;40,19;;25,53;;9,59;13,73;0,18;57,11
12056043;Piansano;Viterbo;1;1.927;13,79;;19,40;;1,03;3,32;2,94;33,63
12056044;Proceno;Viterbo;1;519;9,00;;12,96;;35,27;9,40;9,79;86,90
12056045;Ronciglione;Viterbo;1;8.447;;;;;;1,83;2,81;15,85
12056047;San Lorenzo Nuovo;Viterbo;1;2.011;18,29;;11,60;;7,61;4,03;2,38;37,44
12056048;Soriano nel Cimino;Viterbo;1;7.954;3,41;;18,95;;4,47;5,12;1,19;35,15
12056049;Sutri;Viterbo;1;6.663;14,29;;26,73;;;1,04;4,90;48,43
12056050;Tarquinia;Viterbo;1;15.942;4,39;;13,60;;3,34;7,57;4,14;34,68
12056052;Tuscania;Viterbo;1;8.220;3,13;;17,66;;3,98;2,67;5,64;31,93
12056053;Valentano;Viterbo;1;2.729;26,99;;14,43;;4,89;6,35;6,46;43,81
12056054;Vallerano;Viterbo;1;2.403;11,94;;25,71;;9,00;5,53;0,73;48,55
12056055;Vasanello;Viterbo;1;3.987;11,61;;20,51;;8,78;1,49;0,13;43,74
12056056;Vejano;Viterbo;1;2.143;16,59;;21,33;;4,04;4,94;3,44;40,05
12056057;Vetralla;Viterbo;1;13.279;31,87;;4,85;;5,57;9,79;9,12;54,39
12056058;Vignanello;Viterbo;1;4.279;6,15;;13,83;;11,28;1,93;0,71;40,25
12056046;Villa San Giovanni in Tuscia;Viterbo;1;1.196;37,47;;2,80;;10,46;5,49;3,92;47,32
12056059;Viterbo;Viterbo;1;65.949;7,72;;24,35;;5,20;5,50;9,34;47,23
12056060;Vitorchiano;Viterbo;1;5.256;11,81;;15,16;;6,29;11,03;16,33;56,32
NB: i dati riportati in tabella si riferiscono esclusivamente ai costi sostenuti dagli enti locali per il servizio di gestione dei rifiuti urbani e assimilati e non tengono, pertanto, conto dei proventi ottenuti dalla vendita di materiali e di energia derivanti dai rifiuti.;;;;;;;;;;;;
Legenda: codifiche delle voci di costo riportate nelle tabelle dal 2020;;;;;;;;;;;;
CRT ab: Costi di raccolta e trasporto dei rifiuti urbani indifferenziati (euro/abitante x anno);;;;;;;;;;;;
CTS ab: Costi di trattamento e smaltimento dei rifiuti urbani indifferenziati (euro/abitante x anno);;;;;;;;;;;;
CRD ab:	Costi di raccolta e trasporto dei rifiuti urbani differenziati (euro/abitante x anno);;;;;;;;;;;;
CTR ab: Costi di trattamento e riciclo dei rifiuti urbani differenziati (euro/abitante x anno);;;;;;;;;;;;
CSL ab: Costi di spazzamento e lavaggio delle strade (euro/abitante x anno);;;;;;;;;;;;
CC ab: Costi comuni (euro/abitante x anno);;;;;;;;;;;;
CK ab: Costi di remunerazione del capitale (euro/abitante x anno);;;;;;;;;;;;
Altri costi: Altri costi (euro/abitante x anno);;;;;;;;;;;;
CTOT ab: Costi totali di gestione del servizio di igiene urbana (euro/abitante x anno);;;;;;;;;;;;
CRT kg: Costi di raccolta e trasporto dei rifiuti urbani indifferenziati (eurocentesimi/kg);;;;;;;;;;;;
CRD kg: Costi di raccolta e trasporto dei rifiuti urbani differenziati (eurocentesimi/kg);;;;;;;;;;;;
CSL kg:	Costi di spazzamento e lavaggio delle strade (eurocentesimi/kg);;;;;;;;;;;;
CC kg: Costi comuni (eurocentesimi/kg);;;;;;;;;;;;
CK kg:Costi di remunerazione del capitale (eurocentesimi/kg);;;;;;;;;;;;
CTOT kg:Costi totali di gestione del servizio di igiene urbana (eurocentesimi/kg);;;;;;;;;;;;
Legenda: codifiche delle voci di costo riportate nelle tabelle fino al 2019;;;;;;;;;;;;
CRT ab: Costi di raccolta e trasporto dei rifiuti urbani indifferenziati (euro/abitante x anno);;;;;;;;;;;;
CTS ab: Costi di trattamento e smaltimento dei rifiuti urbani indifferenziati (euro/abitante x anno);;;;;;;;;;;;
CAC ab:	Altri costi di gestione dei rifiuti urbani indifferenziati (euro/abitante x anno);;;;;;;;;;;;
CGIND ab: Costi totale di gestione dei rifiuti urbani indifferenziati (euro/abitante x anno);;;;;;;;;;;;
CRD ab:	Costi di raccolta e trasporto dei rifiuti urbani differenziati (euro/abitante x anno);;;;;;;;;;;;
CTR ab: Costi di trattamento e riciclo dei rifiuti urbani differenziati (euro/abitante x anno);;;;;;;;;;;;
CGD ab:	Costi totali di gestione  dei rifiuti urbani differenziati (euro/abitante x anno);;;;;;;;;;;;
CSL ab: Costi di spazzamento e lavaggio delle strade (euro/abitante x anno);;;;;;;;;;;;
CC ab: Costi comuni (euro/abitante x anno);;;;;;;;;;;;
CK ab: Costi di remunerazione del capitale (euro/abitante x anno);;;;;;;;;;;;
CTOT ab: Costi totali di gestione del servizio di igiene urbana (euro/abitante x anno);;;;;;;;;;;;
CRT kg: Costi di raccolta e trasporto dei rifiuti urbani indifferenziati (eurocentesimi/kg);;;;;;;;;;;;
CTS kg:	Costi di trattamento e smaltimento dei rifiuti urbani indifferenziati (eurocentesimi/kg);;;;;;;;;;;;
CAC kg:	Altri costi di gestione dei rifiuti urbani indifferenziati (eurocentesimi/kg);;;;;;;;;;;;
CGIND kg: Costi totale di gestione dei rifiuti urbani indifferenziati (eurocentesimi/kg);;;;;;;;;;;;
CRD kg: Costi di raccolta e trasporto dei rifiuti urbani differenziati (eurocentesimi/kg);;;;;;;;;;;;
CTR kg:	Costi di trattamento e riciclo dei rifiuti urbani differenziati (eurocentesimi/kg);;;;;;;;;;;;
CGD kg:	Costi totali di gestione  dei rifiuti urbani differenziati (eurocentesimi/kg);;;;;;;;;;;;
CSL kg:	Costi di spazzamento e lavaggio delle strade (eurocentesimi/kg);;;;;;;;;;;;
CC kg: Costi comuni (eurocentesimi/kg);;;;;;;;;;;;
CK kg:Costi di remunerazione del capitale (eurocentesimi/kg);;;;;;;;;;;;
CTOT kg:Costi totali di gestione del servizio di igiene urbana (eurocentesimi/kg);;;;;;;;;;;;
