istat_comune;comune;provincia;numero_comuni;popolazione;crt;cts;crd;ctr;csl;cc;ck;ctot
19084001;Agrigento;Agrigento;1;56.045;13,65;;23,88;;6,57;18,46;3,02;61,20
19084002;Alessandria della Rocca;Agrigento;1;2.628;15,53;;34,79;;0,50;3,08;;39,99
19084007;Caltabellotta;Agrigento;1;3.341;12,67;;16,70;;;6,13;1,28;37,51
19084010;Campobello di Licata;Agrigento;1;9.313;21,41;;24,58;;4,43;24,36;21,75;91,25
19084011;Canicatti;Agrigento;1;34.990;15,35;;;;5,62;0,97;;26,99
19084012;Casteltermini;Agrigento;1;7.528;9,35;;33,71;;2,75;4,22;0,41;43,95
19084015;Cianciana;Agrigento;1;3.253;8,20;;23,70;;2,86;6,16;3,59;40,40
19084017;Favara;Agrigento;1;32.446;16,69;;25,70;;10,49;8,86;0,91;55,03
19084018;Grotte;Agrigento;1;5.352;22,67;;10,39;;14,87;14,84;0,32;52,22
19084019;Joppolo Giancaxio;Agrigento;1;1.120;11,54;;23,72;;1,94;13,46;2,29;50,22
19084023;Menfi;Agrigento;1;12.009;19,38;;22,19;;;7,66;0,49;43,40
19084024;Montallegro;Agrigento;1;2.404;14,50;;58,18;;2,53;4,34;;51,07
19084025;Montevago;Agrigento;1;2.778;80,75;;3,88;;0,23;10,41;;43,33
19084030;Raffadali;Agrigento;1;12.369;11,31;;32,33;;1,51;14,23;2,27;48,89
19084032;Realmonte;Agrigento;1;4.384;8,45;;42,70;;;;;40,66
19084035;San Biagio Platani;Agrigento;1;2.977;18,81;;44,81;;;2,27;;54,65
19084037;Santa Elisabetta;Agrigento;1;2.179;12,46;;24,88;;1,92;12,01;7,97;52,73
19084040;Santo Stefano Quisquina;Agrigento;1;4.237;10,45;;28,56;;2,68;7,41;;53,06
19084041;Sciacca;Agrigento;1;39.078;8,10;;10,63;;3,24;4,03;1,89;35,22
19084042;Siculiana;Agrigento;1;4.210;12,05;;35,66;;1,95;7,96;3,86;54,98
01006003;Alessandria - Dato aggregazione CONSORZIO DI BACINO ALESSANDRINO;Alessandria;30;143.931;9,71;;13,65;;4,90;6,52;2,90;36,36
01006004;Alfiano Natta;Alessandria;1;739;12,23;;14,90;;;5,12;4,83;34,25
01006011;Balzola;Alessandria;1;1.301;7,91;;15,69;;;4,44;4,19;28,11
01006020;Borgo San Martino;Alessandria;1;1.375;8,73;;18,64;;;7,35;5,75;35,96
01006023;Bozzole;Alessandria;1;318;12,94;;9,40;;;4,80;3,75;22,42
01006026;Camagna Monferrato;Alessandria;1;466;12,71;;20,84;;;8,49;6,63;38,01
01006027;Camino;Alessandria;1;727;12,03;;14,08;;;6,57;5,40;32,26
01006039;Casale Monferrato;Alessandria;1;33.213;11,76;;20,10;;4,24;4,27;4,03;38,27
01006050;Castelletto Merli;Alessandria;1;453;8,91;;11,53;;;3,46;3,26;22,17
01006056;Cella Monte;Alessandria;1;477;11,34;;15,53;;;6,93;5,42;30,78
01006057;Cereseto;Alessandria;1;390;10,55;;15,56;;;5,04;4,76;29,07
01006059;Cerrina Monferrato;Alessandria;1;1.307;9,61;;18,67;;;5,35;5,05;32,37
01006060;Coniolo;Alessandria;1;449;8,60;;18,55;;;4,93;4,65;30,88
01006072;Frassinello Monferrato;Alessandria;1;471;10,86;;17,45;;;7,64;5,97;33,55
01006073;Frassineto Po;Alessandria;1;1.379;11,04;;17,44;;;5,50;5,19;31,77
01006077;Gabiano;Alessandria;1;1.011;10,99;;24,11;;;6,34;5,99;38,24
01006082;Giarole;Alessandria;1;682;8,10;;13,47;;;5,95;4,65;29,21
01006094;Mirabello Monferrato;Alessandria;1;1.218;8,36;;12,87;;1,18;4,77;4,54;26,41
01006097;Mombello Monferrato;Alessandria;1;934;11,06;;12,93;;;4,53;4,27;26,14
01006099;Moncestino;Alessandria;1;193;9,15;;19,74;;;5,44;5,13;33,49
01006109;Morano sul Po;Alessandria;1;1.344;11,07;;16,51;;;4,77;4,50;29,98
01006113;Murisengo;Alessandria;1;1.319;12,48;;15,61;;;5,36;5,06;31,80
01006114;Novi Ligure - Dato aggregazione CONSORZIO SERVIZI RIFIUTI DEL NOVESE, TORTONESE, ACQUESE ED OVADESE;Alessandria;114;201.629;16,14;;14,73;;3,22;7,42;3,06;38,55
01006115;Occimiano;Alessandria;1;1.254;3,72;;8,09;;;4,11;3,88;20,65
01006116;Odalengo Grande;Alessandria;1;401;6,32;;13,71;;;5,68;4,44;29,62
01006117;Odalengo Piccolo;Alessandria;1;237;10,83;;19,91;;;5,40;5,09;34,24
01006118;Olivola;Alessandria;1;114;7,89;;7,68;;;3,69;2,88;17,22
01006120;Ottiglio;Alessandria;1;588;7,90;;16,14;;;6,82;5,33;31,57
01006123;Ozzano Monferrato;Alessandria;1;1.365;10,08;;21,37;;;8,64;6,75;38,93
01006131;Pomaro Monferrato;Alessandria;1;329;15,33;;24,12;;;7,46;7,03;40,97
01006133;Pontestura;Alessandria;1;1.354;9,37;;18,09;;;5,09;4,81;32,45
01006135;Ponzano Monferrato;Alessandria;1;325;9,98;;13,95;;;6,33;4,95;30,04
01006149;Rosignano Monferrato;Alessandria;1;1.472;13,31;;20,62;;;8,81;6,88;39,40
01006150;Sala Monferrato;Alessandria;1;337;9,07;;13,31;;;5,70;4,46;26,15
01006153;San Giorgio Monferrato;Alessandria;1;1.200;10,76;;21,29;;;5,78;5,45;34,15
01006159;Serralunga di Crea;Alessandria;1;513;8,11;;14,93;;;4,42;4,17;26,36
01006164;Solonghello;Alessandria;1;191;8,98;;15,17;;;4,65;4,39;27,15
01006171;Terruggia;Alessandria;1;907;0,28;;12,94;;;9,08;7,09;30,60
01006173;Ticineto;Alessandria;1;1.321;10,71;;12,71;;;4,44;4,19;25,76
01006175;Treville;Alessandria;1;265;10,14;;18,58;;;8,12;6,35;35,37
01006178;Valmacca;Alessandria;1;956;6,54;;12,60;;;5,28;4,12;24,64
01006179;Vignale Monferrato;Alessandria;1;946;6,80;;16,49;;;5,82;4,55;28,69
01006182;Villadeati;Alessandria;1;478;8,15;;18,78;;;5,01;4,72;30,24
01006184;Villamiroglio;Alessandria;1;294;10,13;;23,35;;;6,23;5,87;35,85
01006185;Villanova Monferrato;Alessandria;1;1.749;7,16;;11,16;;;3,30;3,11;22,21
11042001;Agugliano;Ancona;1;4.770;7,57;;17,46;;4,56;3,49;2,18;33,74
11042002;Ancona;Ancona;1;99.108;13,49;;15,00;;5,32;9,23;4,65;42,77
11042004;Barbara;Ancona;1;1.295;14,11;;18,75;;2,04;6,13;0,97;34,65
11042005;Belvedere Ostrense;Ancona;1;2.156;9,14;;17,62;;1,94;6,02;1,75;33,88
11042006;Camerano;Ancona;1;7.259;14,18;;13,84;;2,94;3,66;3,26;27,43
11042007;Camerata Picena;Ancona;1;2.517;6,81;;16,03;;2,95;5,57;1,62;29,91
11042010;Castelfidardo;Ancona;1;18.317;12,58;;11,06;;2,39;5,59;4,53;27,96
11042014;Chiaravalle;Ancona;1;14.557;7,24;;12,75;;4,05;6,47;4,49;31,37
11042015;Corinaldo;Ancona;1;4.866;21,68;;25,77;;3,13;;;36,96
11042018;Falconara Marittima;Ancona;1;25.735;14,81;;9,83;;5,36;15,04;3,23;44,36
11042019;Filottrano;Ancona;1;9.097;13,67;;16,36;;3,30;6,09;3,87;34,65
11042030;Monte San Vito;Ancona;1;6.823;13,17;;12,82;;2,47;7,22;5,01;31,64
11042027;Montemarciano;Ancona;1;9.782;10,68;;14,81;;3,52;5,42;3,11;30,54
11042032;Numana;Ancona;1;3.769;1,77;;13,57;;3,09;5,94;3,01;30,60
11042033;Offagna;Ancona;1;2.061;7,56;;17,93;;1,23;8,59;2,12;33,62
11042034;Osimo;Ancona;1;34.721;9,53;;17,09;;4,06;2,71;2,80;34,32
11042035;Ostra;Ancona;1;6.477;7,62;;11,36;;2,48;5,24;3,61;30,71
11042036;Ostra Vetere;Ancona;1;3.158;11,02;;13,35;;3,16;8,45;4,93;39,24
11042038;Polverigi;Ancona;1;4.610;7,58;;17,59;;5,43;3,55;2,58;36,30
11042043;Santa Maria Nuova;Ancona;1;4.102;7,10;;19,76;;3,45;5,16;0,98;31,95
11042044;Sassoferrato;Ancona;1;6.927;16,67;;13,49;;2,50;6,85;5,39;38,87
11042045;Senigallia;Ancona;1;44.183;8,55;;13,69;;9,86;4,27;2,39;37,82
11042048;Sirolo;Ancona;1;4.064;11,91;;16,09;;4,64;5,05;2,87;32,99
11042050;Trecastelli;Ancona;1;7.471;61,84;;4,96;;;1,19;;27,39
02007003;Aosta;Aosta;1;33.409;11,41;;15,24;;10,81;6,66;5,91;45,49
02007020;"Chatillon - Dato aggregazione SUB-ATO D ""EVANCON-MONT CERVIN""";Aosta;21;27.355;3,17;;2,78;;0,18;1,55;2,92;9,38
02007030;Gignod - Dato aggregazione CM3: Grand Combin;Aosta;11;5.671;4,20;;12,53;;1,38;5,07;9,58;31,39
02007036;Issime - Dato aggregazione UNITE' DES COMMUNES VALDOTAINES WALSER;Aosta;4;1.997;14,32;;13,14;;0,96;3,53;8,34;32,48
02007040;La Salle - Dato aggregazione CM1: Valdigne - Mont Blanc;Aosta;5;8.637;9,07;;12,85;;2,97;5,05;7,00;33,32
02007052;Pont-Saint-Martin - Dato aggregazione CM7: Mont Rose;Aosta;9;9.131;9,87;;18,01;;1,27;2,81;5,56;30,99
02007054;Quart - Dato aggregazione CM4: Mont Emilius;Aosta;10;22.426;3,04;;5,97;;1,07;2,62;3,94;17,58
02007074;Villeneuve - Dato aggregazione CM2: Grand Paradis;Aosta;13;15.444;7,31;;7,81;;1,06;3,20;6,60;23,63
09051001;Anghiari;Arezzo;1;5.499;11,90;;1,73;;2,21;2,55;2,03;28,89
09051002;Arezzo;Arezzo;1;97.842;7,72;;9,92;;4,36;2,88;2,62;31,08
09051003;Badia Tedalda;Arezzo;1;1.009;12,08;;25,52;;1,04;5,08;0,77;33,62
09051004;Bibbiena;Arezzo;1;11.761;7,47;;7,44;;4,85;3,18;0,55;28,98
09051005;Bucine;Arezzo;1;9.806;7,31;;10,39;;2,63;2,94;2,27;28,46
09051006;Capolona;Arezzo;1;5.280;17,37;;15,71;;3,09;6,72;4,32;42,02
09051007;Caprese Michelangelo;Arezzo;1;1.375;28,88;;7,32;;;;4,21;42,05
09051008;Castel Focognano;Arezzo;1;2.992;9,33;;11,80;;7,36;4,35;0,73;35,37
09051010;Castel San Niccolo;Arezzo;1;2.577;10,23;;12,40;;4,36;5,22;0,85;34,82
09051040;Castelfranco Piandisco;Arezzo;1;9.847;15,81;;18,04;;1,97;4,93;2,16;36,17
09051011;Castiglion Fibocchi;Arezzo;1;2.080;14,37;;16,06;;4,23;6,51;0,90;38,41
09051012;Castiglion Fiorentino;Arezzo;1;13.051;10,85;;15,14;;3,04;4,35;3,24;34,47
09051014;Chitignano;Arezzo;1;878;2,00;;23,67;;4,94;3,72;2,16;31,35
09051015;Chiusi della Verna;Arezzo;1;1.911;5,12;;10,24;;4,25;4,80;0,89;29,09
09051016;Civitella in Val di Chiana;Arezzo;1;8.810;12,47;;7,01;;3,47;4,31;2,73;25,50
09051017;Cortona;Arezzo;1;21.395;8,57;;15,42;;2,85;5,03;2,82;32,60
09051018;Foiano della Chiana;Arezzo;1;9.256;4,49;;13,04;;4,81;2,37;2,26;28,43
09051042;Laterina Pergine Valdarno;Arezzo;1;6.493;6,41;;14,10;;2,94;3,09;1,37;29,59
09051020;Loro Ciuffenna;Arezzo;1;5.857;7,23;;10,74;;2,29;3,50;2,43;33,13
09051021;Lucignano;Arezzo;1;3.467;12,22;;20,25;;6,48;7,23;2,44;43,94
09051022;Marciano della Chiana;Arezzo;1;3.407;11,40;;18,35;;6,97;5,36;1,41;38,80
09051025;Monte San Savino;Arezzo;1;8.668;16,51;;13,43;;4,46;4,10;0,82;32,36
09051023;Montemignaio;Arezzo;1;522;8,07;;11,35;;3,64;8,14;1,69;33,47
09051024;Monterchi;Arezzo;1;1.701;4,83;;3,18;;;4,82;6,75;20,94
09051026;Montevarchi;Arezzo;1;23.833;7,55;;9,95;;3,42;4,87;2,06;28,49
09051027;Ortignano Raggiolo;Arezzo;1;847;8,48;;7,57;;4,78;6,11;1,28;30,49
09051030;Pieve Santo Stefano;Arezzo;1;3.034;8,13;;10,40;;3,67;5,23;2,72;32,09
09051031;Poppi;Arezzo;1;5.990;5,62;;12,66;;5,73;2,76;1,25;30,24
09051041;Pratovecchio Stia;Arezzo;1;5.509;6,38;;10,96;;5,74;2,78;3,59;31,57
09051033;San Giovanni Valdarno;Arezzo;1;16.733;8,58;;15,30;;5,46;4,86;2,45;38,01
09051035;Sestino;Arezzo;1;1.230;9,60;;11,75;;2,80;7,92;;32,69
09051037;Subbiano;Arezzo;1;6.328;15,11;;12,19;;2,80;3,91;3,41;33,51
09051038;Talla;Arezzo;1;981;9,44;;19,53;;9,89;6,84;1,62;44,10
09051039;Terranuova Bracciolini;Arezzo;1;12.120;12,10;;16,62;;5,12;8,79;1,80;39,15
11044002;Acquaviva Picena;Ascoli Piceno;1;3.695;10,75;;9,13;;5,51;3,65;5,33;33,36
11044007;Ascoli Piceno;Ascoli Piceno;1;46.760;8,93;;15,00;;14,13;7,03;3,32;42,80
11044010;Carassai;Ascoli Piceno;1;985;9,81;;18,84;;4,32;8,15;7,19;47,69
11044011;Castel di Lama;Ascoli Piceno;1;8.463;9,70;;14,60;;0,76;1,04;;20,29
11044013;Castorano;Ascoli Piceno;1;2.262;8,93;;15,62;;0,36;4,72;7,48;43,23
11044015;Comunanza;Ascoli Piceno;1;2.983;6,93;;6,11;;1,75;1,39;0,09;16,62
11044016;Cossignano;Ascoli Piceno;1;878;24,81;;13,68;;0,58;13,92;7,51;48,00
11044017;Cupra Marittima;Ascoli Piceno;1;5.380;6,69;;11,70;;3,13;2,65;3,45;27,71
11044021;Force;Ascoli Piceno;1;1.196;7,80;;6,25;;6,38;10,42;;28,71
11044023;Grottammare;Ascoli Piceno;1;15.984;6,31;;10,13;;6,32;4,26;7,13;36,26
11044027;Maltignano;Ascoli Piceno;1;2.325;10,45;;12,98;;1,33;5,70;6,04;37,21
11044032;Montalto delle Marche;Ascoli Piceno;1;1.961;17,42;;17,88;;7,58;7,42;2,74;45,90
11044036;Montefiore dell'Aso;Ascoli Piceno;1;2.011;21,35;;18,63;;4,04;;0,83;31,72
11044044;Montemonaco;Ascoli Piceno;1;554;32,75;;15,67;;2,45;5,90;8,12;59,80
11044054;Offida;Ascoli Piceno;1;4.789;4,24;;9,41;;3,56;3,79;5,07;28,61
11044065;Rotella;Ascoli Piceno;1;836;44,69;;7,51;;4,45;5,31;1,71;39,88
11044071;Spinetoli;Ascoli Piceno;1;7.276;6,42;;8,99;;2,30;2,35;7,23;28,84
01005005;Asti - Dato aggregazione CONSORZIO DI BACINO DEI RIFIUTI DELL'ASTIGIANO;Asti;115;205.786;13,26;;14,80;;4,11;7,16;3,46;39,04
01005064;Mombaldone;Asti;1;200;15,79;;16,89;;;13,06;6,63;46,64
01005069;Moncalvo;Asti;1;2.788;7,53;;12,91;;2,93;3,94;3,72;28,49
15064001;Aiello del Sabato;Avellino;1;3.962;26,85;;21,63;;3,37;4,30;0,03;42,92
15064002;Altavilla Irpina;Avellino;1;4.064;20,79;;15,98;;4,50;;;35,78
15064003;Andretta;Avellino;1;1.747;9,49;;26,26;;;35,59;0,80;64,23
15064004;Aquilonia;Avellino;1;1.532;37,47;;9,52;;5,43;5,02;;43,25
15064005;Ariano Irpino;Avellino;1;21.146;23,47;;25,93;;4,22;5,20;1,15;51,55
15064006;Atripalda;Avellino;1;10.563;26,25;;23,95;;9,19;5,81;26,59;79,20
15064008;Avellino;Avellino;1;53.064;26,91;;21,82;;15,48;3,77;0,63;57,10
15064009;Bagnoli Irpino;Avellino;1;3.076;32,00;;29,04;;4,98;3,06;7,87;81,57
15064010;Baiano;Avellino;1;4.523;69,35;;0,80;;3,24;2,14;0,02;33,42
15064011;Bisaccia;Avellino;1;3.619;17,34;;20,32;;2,91;16,10;6,09;55,88
15064012;Bonito;Avellino;1;2.258;20,48;;12,95;;7,34;4,42;0,27;40,38
15064013;Cairano;Avellino;1;277;96,37;;72,47;;2,28;4,96;0,04;100,44
15064015;Calitri;Avellino;1;4.370;9,99;;20,88;;2,78;3,63;4,86;42,31
15064016;Candida;Avellino;1;1.101;29,21;;25,79;;;4,44;3,04;48,61
15064017;Caposele;Avellino;1;3.339;13,30;;49,92;;4,61;0,31;;47,91
15064018;Capriglia Irpina;Avellino;1;2.266;28,13;;18,75;;4,29;1,94;4,64;44,45
15064019;Carife;Avellino;1;1.326;12,18;;31,45;;5,53;10,29;0,03;52,20
15064020;Casalbore;Avellino;1;1.644;52,32;;;;5,62;7,14;;38,98
15064021;Cassano Irpino;Avellino;1;910;21,24;;33,71;;7,37;2,19;;54,41
15064022;Castel Baronia;Avellino;1;1.082;71,54;;6,29;;0,86;7,39;1,18;51,31
15064023;Castelfranci;Avellino;1;1.893;37,71;;32,67;;4,14;9,46;16,39;78,13
15064024;Castelvetere sul Calore;Avellino;1;1.552;32,97;;29,93;;4,93;3,98;30,30;83,31
15064026;Cesinali;Avellino;1;2.627;72,64;;5,59;;;2,03;3,07;31,14
15064028;Chiusano di San Domenico;Avellino;1;2.161;;;6,30;;14,61;0,55;0,01;31,71
15064029;Contrada;Avellino;1;2.991;22,54;;24,07;;2,88;10,17;5,59;55,41
15064030;Conza della Campania;Avellino;1;1.269;9,40;;14,10;;;8,56;;37,79
15064031;Domicella;Avellino;1;1.854;280,30;;11,05;;;0,90;3,24;22,91
15064033;Fontanarosa;Avellino;1;2.921;34,16;;32,40;;4,35;4,26;5,16;58,89
15064034;Forino;Avellino;1;5.213;18,92;;15,48;;;3,41;0,01;41,90
15064039;Grottolella;Avellino;1;1.851;25,93;;18,58;;5,00;1,70;6,50;47,44
15064040;Guardia Lombardi;Avellino;1;1.556;86,99;;24,69;;;9,68;;71,65
15064042;Lapio;Avellino;1;1.469;30,46;;22,19;;;5,87;;41,50
15064043;Lauro;Avellino;1;3.325;35,15;;37,31;;20,65;6,98;9,11;86,84
15064044;Lioni;Avellino;1;6.091;25,62;;21,98;;4,82;2,79;4,82;44,73
15064046;Manocalzati;Avellino;1;3.071;40,92;;3,28;;;2,25;;31,61
15064047;Marzano di Nola;Avellino;1;1.636;130,38;;17,16;;;;;79,27
15064048;Melito Irpino;Avellino;1;1.825;58,73;;6,86;;8,43;3,55;;47,64
15064049;Mercogliano;Avellino;1;11.837;58,32;;8,96;;9,27;1,58;0,51;42,94
15064052;Montecalvo Irpino;Avellino;1;3.446;36,35;;40,20;;7,90;6,01;0,03;65,92
15064054;Monteforte Irpino;Avellino;1;11.404;20,51;;19,46;;2,24;4,94;6,53;46,37
15064057;Montella;Avellino;1;7.455;21,30;;21,58;;4,55;6,06;1,69;45,64
15064058;Montemarano;Avellino;1;2.694;27,51;;53,02;;2,29;0,38;;53,42
15064059;Montemiletto;Avellino;1;5.158;27,90;;27,13;;2,87;4,09;17,18;64,71
15064060;Monteverde;Avellino;1;740;40,77;;39,77;;;3,23;0,03;57,28
15064121;Montoro;Avellino;1;19.131;12,39;;16,30;;4,18;1,00;;33,53
15064064;Moschiano;Avellino;1;1.581;32,60;;28,89;;0,80;3,38;0,02;51,19
15064066;Nusco;Avellino;1;3.875;32,66;;34,98;;7,98;5,72;2,14;63,25
15064067;Ospedaletto d'Alpinolo;Avellino;1;2.105;42,29;;29,75;;;3,04;8,23;58,20
15064068;Pago del Vallo di Lauro;Avellino;1;1.702;17,24;;22,50;;8,47;0,61;;39,79
15064069;Parolise;Avellino;1;631;42,61;;7,50;;6,26;3,22;0,34;42,05
15064070;Paternopoli;Avellino;1;2.218;30,67;;30,56;;7,69;3,10;2,70;55,34
15064071;Petruro Irpino;Avellino;1;282;25,77;;42,15;;1,17;1,27;;50,00
15064073;Pietrastornina;Avellino;1;1.439;31,10;;30,61;;8,74;3,40;2,01;57,04
15064074;Prata di Principato Ultra;Avellino;1;2.842;25,56;;18,37;;8,25;3,27;6,05;53,44
15064077;Quindici;Avellino;1;1.899;19,24;;22,52;;4,47;3,50;7,19;50,79
15064079;Rocca San Felice;Avellino;1;799;13,92;;16,74;;3,68;7,19;;37,36
15064078;Roccabascerana;Avellino;1;2.307;14,76;;18,50;;5,42;5,41;;59,22
15064080;Rotondi;Avellino;1;3.516;16,78;;33,05;;5,42;5,41;;45,93
15064081;Salza Irpina;Avellino;1;715;43,13;;31,14;;9,63;2,51;4,41;64,69
15064082;San Mango sul Calore;Avellino;1;1.130;20,16;;17,36;;2,56;12,52;12,46;58,29
15064084;San Michele di Serino;Avellino;1;2.476;20,92;;20,15;;;4,54;3,38;42,76
15064085;San Nicola Baronia;Avellino;1;762;38,51;;35,85;;6,55;4,69;35,44;97,32
15064086;San Potito Ultra;Avellino;1;1.500;17,98;;14,75;;13,18;5,81;0,03;47,39
15064087;San Sossio Baronia;Avellino;1;1.544;34,92;;35,48;;4,51;6,89;7,45;65,42
15064088;Santa Lucia di Serino;Avellino;1;1.415;27,22;;27,74;;3,86;11,38;0,02;56,41
15064093;Santa Paolina;Avellino;1;1.221;23,74;;19,42;;;1,61;0,46;36,61
15064089;Sant'Andrea di Conza;Avellino;1;1.360;83,48;;14,09;;3,91;1,30;3,41;43,77
15064091;Sant'Angelo a Scala;Avellino;1;711;34,10;;11,63;;6,98;2,84;6,53;51,21
15064090;Sant'Angelo all'Esca;Avellino;1;711;33,45;;29,72;;;2,49;0,03;47,73
15064095;Santo Stefano del Sole;Avellino;1;2.070;28,43;;26,05;;2,32;10,87;2,50;56,56
15064096;Savignano Irpino;Avellino;1;1.035;45,70;;46,92;;;4,44;11,04;76,17
15064097;Scampitella;Avellino;1;1.100;43,82;;32,04;;3,88;6,76;0,03;60,29
15064098;Senerchia;Avellino;1;775;16,53;;16,33;;6,34;2,68;16,66;78,56
15064099;Serino;Avellino;1;6.840;25,79;;17,91;;3,99;9,39;0,55;49,20
15064101;Solofra;Avellino;1;12.217;23,42;;22,93;;5,30;0,83;0,02;42,13
15064102;Sorbo Serpico;Avellino;1;543;92,33;;54,74;;;10,14;3,06;95,52
15064107;Taurasi;Avellino;1;2.193;38,69;;36,66;;4,76;4,34;0,02;59,49
15064108;Teora;Avellino;1;1.467;23,74;;26,53;;15,96;3,79;0,83;59,20
15064110;Torre Le Nocelle;Avellino;1;1.224;3,30;;4,08;;;9,75;;38,02
15064111;Torrioni;Avellino;1;459;21,97;;49,60;;;20,16;;66,48
15064112;Trevico;Avellino;1;879;20,73;;23,56;;1,88;3,21;4,31;43,87
15064113;Tufo;Avellino;1;785;12,42;;21,93;;7,37;7,78;3,00;44,94
15064116;Venticano;Avellino;1;2.358;49,32;;;;;;;42,43
15064118;Villanova del Battista;Avellino;1;1.524;36,28;;35,06;;5,52;3,50;1,15;60,11
15064119;Volturara Irpina;Avellino;1;3.093;;;22,85;;6,97;3,54;10,15;70,88
15064120;Zungoli;Avellino;1;997;39,66;;35,57;;6,08;1,53;0,04;56,78
16072001;Acquaviva delle Fonti;Bari;1;20.093;11,03;;18,61;;7,71;6,59;1,48;42,58
16072002;Adelfia;Bari;1;16.490;19,02;;16,38;;6,39;3,34;1,11;36,89
16072006;Bari;Bari;1;313.003;7,40;;21,19;;7,39;4,34;3,86;39,29
16072008;Binetto;Bari;1;2.150;35,86;;17,32;;5,37;1,83;1,38;30,07
16072010;Bitetto;Bari;1;11.831;11,75;;14,66;;4,44;5,03;2,11;33,03
16072011;Bitonto;Bari;1;52.275;3,91;;18,98;;7,62;5,00;1,72;46,90
16072012;Bitritto;Bari;1;11.277;41,73;;15,46;;7,37;7,22;12,79;55,03
16072014;Capurso;Bari;1;15.226;85,00;;;;;;;35,27
16072015;Casamassima;Bari;1;19.325;5,76;;1,49;;4,19;12,12;;33,65
16072019;Conversano;Bari;1;25.813;6,20;;7,33;;3,71;12,22;1,75;34,95
16072020;Corato;Bari;1;47.360;10,15;;19,96;;5,78;9,48;7,49;53,92
16072023;Gravina in Puglia;Bari;1;42.668;;;;;;2,47;5,52;20,39
16072024;Grumo Appula;Bari;1;12.254;31,16;;22,80;;10,18;0,20;;39,49
16072025;Locorotondo;Bari;1;14.074;21,60;;12,51;;6,25;8,02;2,85;41,01
16072027;Modugno;Bari;1;37.214;13,31;;17,71;;7,64;3,14;3,55;39,60
16072028;Mola di Bari;Bari;1;24.570;6,11;;25,28;;7,37;4,40;1,90;42,09
16072029;Molfetta;Bari;1;57.682;17,02;;12,36;;6,50;7,27;2,55;39,65
16072031;Noci;Bari;1;18.501;7,41;;19,32;;4,78;5,63;1,03;33,30
16072032;Noicattaro;Bari;1;25.980;25,34;;14,42;;6,82;0,72;0,53;39,29
16072033;Palo del Colle;Bari;1;20.673;148,13;;;;0,06;2,66;;56,37
16072034;Poggiorsini;Bari;1;1.328;31,62;;22,07;;7,42;4,79;;44,05
16072035;Polignano a Mare;Bari;1;17.491;10,91;;15,14;;7,47;2,62;0,46;30,22
16072036;Putignano;Bari;1;25.909;8,93;;16,69;;6,84;10,57;2,74;44,42
16072037;Rutigliano;Bari;1;18.421;13,95;;11,99;;4,25;7,03;4,50;37,55
16072038;Ruvo di Puglia;Bari;1;24.777;9,23;;17,76;;6,01;5,68;5,11;42,03
16072041;Santeramo in Colle;Bari;1;25.737;22,65;;13,72;;6,40;2,53;0,27;38,35
16072043;Terlizzi;Bari;1;26.181;6,23;;15,07;;5,13;5,22;1,44;33,62
16072044;Toritto;Bari;1;8.176;20,40;;23,43;;9,38;4,98;2,97;51,64
16072046;Triggiano;Bari;1;26.226;3,81;;24,03;;6,88;4,60;0,95;38,70
16110001;Andria;Barletta-Andria-Trani;1;97.942;7,30;;17,82;;5,65;3,90;0,69;25,11
16110002;Barletta;Barletta-Andria-Trani;1;92.927;11,10;;16,22;;7,61;3,68;0,51;35,70
16110006;Minervino Murge;Barletta-Andria-Trani;1;8.409;18,36;;36,78;;10,69;4,02;6,43;68,32
16110008;Spinazzola;Barletta-Andria-Trani;1;6.146;21,65;;19,09;;8,72;6,24;7,74;60,48
16110009;Trani;Barletta-Andria-Trani;1;55.175;23,39;;2,05;;4,76;3,78;3,19;38,37
16110010;Trinitapoli;Barletta-Andria-Trani;1;14.017;12,60;;30,03;;6,12;2,65;0,48;44,79
05025001;Agordo - Dato aggregazione Unione Montana Agordina;Belluno;16;18.593;40,06;;16,95;;0,27;5,98;4,60;33,72
05025002;Alano di Piave;Belluno;1;2.681;28,11;;15,10;;1,43;6,35;2,71;33,89
05025004;Arsie;Belluno;1;2.202;24,24;;13,39;;0,48;2,55;0,84;25,79
05025006;Belluno;Belluno;1;35.505;16,24;;9,28;;2,90;7,59;3,20;31,09
05025074;Borgo Valbelluna;Belluno;1;13.407;15,15;;8,00;;1,06;3,14;1,40;19,45
05025008;Calalzo di Cadore - Dato aggregazione UNIONE MONTANA CENTRO CADORE;Belluno;8;14.622;20,19;;10,62;;4,00;6,65;4,67;32,36
05025011;Cesiomaggiore;Belluno;1;3.882;21,36;;10,34;;0,67;3,77;1,10;21,66
05025016;Cortina d'Ampezzo;Belluno;1;5.648;15,03;;14,94;;7,15;2,07;3,84;43,46
05025021;Feltre;Belluno;1;20.337;24,75;;10,94;;1,03;1,17;3,24;21,43
05025022;Fonzaso;Belluno;1;3.093;13,44;;15,31;;0,48;2,48;1,12;25,37
05025026;Lamon;Belluno;1;2.715;58,69;;0,65;;0,54;5,11;2,49;29,26
05025029;Limana;Belluno;1;5.331;9,09;;7,96;;0,85;3,66;2,52;20,93
05025071;Longarone - Dato aggregazione UNIONE MONTANA CADORE-LONGARONESE-ZOL;Belluno;5;8.842;17,39;;10,51;;2,96;4,44;5,58;30,09
05025036;Pedavena;Belluno;1;4.350;25,44;;11,18;;1,22;2,86;1,40;25,04
05025040;Ponte nelle Alpi;Belluno;1;7.959;24,52;;14,47;;1,66;10,84;5,26;37,29
05025070;Quero Vas;Belluno;1;3.079;30,92;;13,01;;1,88;2,66;4,06;28,56
05025045;San Gregorio nelle Alpi;Belluno;1;1.597;68,40;;8,98;;1,86;2,82;4,42;27,36
05025048;Santa Giustina;Belluno;1;6.664;34,40;;13,22;;0,55;2,97;2,72;29,20
05025050;Santo Stefano di Cadore - Dato aggregazione UNIONE MONTANA COMELICO;Belluno;5;6.908;34,21;;;;0,13;0,58;1,41;22,95
05025053;Sedico;Belluno;1;10.217;16,84;;15,48;;1,29;3,98;3,33;27,98
05025055;Seren del Grappa;Belluno;1;2.416;18,44;;10,95;;;2,61;1,59;23,38
05025056;Sospirolo;Belluno;1;3.074;27,10;;9,14;;1,00;2,38;2,36;21,59
05025058;Sovramonte;Belluno;1;1.326;29,13;;23,03;;0,91;4,04;1,30;37,60
05025060;Tambre - Dato aggregazione Unione Montana Alpago;Belluno;3;9.305;5,23;;5,91;;0,55;4,10;9,62;28,36
15062001;Airola;Benevento;1;8.115;6,32;;14,81;;3,57;25,06;;52,07
15062003;Apice;Benevento;1;5.450;9,22;;16,55;;2,09;4,55;0,73;32,31
15062004;Apollosa;Benevento;1;2.476;21,22;;18,35;;3,76;2,74;;35,74
15062006;Arpaise;Benevento;1;731;51,33;;29,65;;2,12;1,09;;53,36
15062007;Baselice;Benevento;1;2.175;23,32;;11,64;;4,66;1,64;0,28;34,03
15062008;Benevento;Benevento;1;57.778;12,64;;28,40;;1,83;23,25;2,10;61,05
15062009;Bonea;Benevento;1;1.387;19,30;;22,88;;7,65;8,53;9,63;59,10
15062010;Bucciano;Benevento;1;2.048;33,19;;7,43;;;2,22;3,02;26,11
15062013;Campolattaro;Benevento;1;977;35,39;;23,56;;5,66;8,45;0,36;51,82
15062014;Campoli del Monte Taburno;Benevento;1;1.612;41,44;;1,34;;;19,69;0,26;50,32
15062015;Casalduni;Benevento;1;1.260;19,13;;13,43;;5,17;11,11;;41,61
15062016;Castelfranco in Miscano;Benevento;1;842;21,26;;40,00;;13,23;0,81;0,03;56,70
15062017;Castelpagano;Benevento;1;1.361;36,29;;14,64;;7,46;9,67;2,57;51,94
15062018;Castelpoto;Benevento;1;1.161;37,19;;7,02;;3,78;3,09;2,18;32,32
15062019;Castelvenere;Benevento;1;2.595;23,25;;14,80;;;23,06;;43,85
15062021;Cautano;Benevento;1;1.974;14,75;;2,98;;3,57;5,61;;35,65
15062022;Ceppaloni;Benevento;1;3.228;53,16;;4,77;;3,06;4,68;;46,32
15062023;Cerreto Sannita;Benevento;1;3.699;20,54;;18,86;;4,33;3,62;0,27;40,24
15062024;Circello;Benevento;1;2.229;29,61;;10,70;;10,18;7,78;2,35;43,39
15062026;Cusano Mutri;Benevento;1;3.907;110,34;;15,00;;1,79;2,59;0,31;37,37
15062027;Dugenta;Benevento;1;2.635;26,54;;12,71;;2,49;16,43;0,54;40,77
15062028;Durazzano;Benevento;1;2.137;40,49;;4,21;;0,64;8,26;;24,39
15062030;Foglianise;Benevento;1;3.227;15,62;;25,94;;2,54;7,82;0,68;40,53
15062032;Forchia;Benevento;1;1.206;18,01;;10,61;;4,14;9,91;2,33;36,20
15062033;Fragneto l'Abate;Benevento;1;1.001;23,13;;;;6,66;14,93;;40,70
15062034;Fragneto Monforte;Benevento;1;1.706;48,75;;10,25;;10,21;6,34;5,12;54,48
15062035;Frasso Telesino;Benevento;1;2.132;94,63;;7,43;;;4,91;;41,23
15062036;Ginestra degli Schiavoni;Benevento;1;423;211,67;;32,23;;12,59;8,22;1,04;79,21
15062037;Guardia Sanframondi;Benevento;1;4.655;51,42;;28,41;;4,02;4,72;1,49;48,73
15062039;Melizzano;Benevento;1;1.753;35,42;;8,63;;;30,23;;48,39
15062040;Moiano;Benevento;1;4.037;10,46;;9,82;;3,08;;;31,02
15062041;Molinara;Benevento;1;1.480;45,00;;11,79;;9,20;4,11;;44,61
15062043;Montesarchio;Benevento;1;13.143;16,56;;16,23;;6,38;7,78;;40,85
15062044;Morcone;Benevento;1;4.682;18,75;;13,14;;8,57;1,20;0,17;35,74
15062045;Paduli;Benevento;1;3.756;98,15;;13,94;;8,78;6,82;5,31;49,07
15062046;Pago Veiano;Benevento;1;2.343;68,84;;1,26;;2,10;1,60;4,35;30,42
15062048;Paolisi;Benevento;1;2.020;57,76;;11,80;;8,01;3,47;0,10;51,78
15062049;Paupisi;Benevento;1;1.611;13,92;;20,74;;6,39;5,05;0,10;32,33
15062050;Pesco Sannita;Benevento;1;1.879;15,98;;11,72;;2,70;8,39;2,05;34,60
15062051;Pietraroja;Benevento;1;503;9,88;;3,53;;0,95;0,58;22,49;75,47
15062052;Pietrelcina;Benevento;1;2.948;;;13,45;;2,50;5,79;0,45;25,96
15062053;Ponte;Benevento;1;2.466;5,15;;6,55;;0,81;30,34;;49,66
15062054;Pontelandolfo;Benevento;1;2.055;20,13;;10,45;;1,90;7,26;;35,35
15062056;Reino;Benevento;1;1.127;45,66;;8,01;;3,91;3,60;;27,20
15062057;San Bartolomeo in Galdo;Benevento;1;4.471;42,75;;18,26;;7,84;5,74;0,67;54,62
15062058;San Giorgio del Sannio;Benevento;1;9.891;25,02;;19,88;;2,37;0,59;8,83;46,23
15062059;San Giorgio La Molara;Benevento;1;2.898;58,19;;36,60;;10,24;10,30;;77,01
15062060;San Leucio del Sannio;Benevento;1;2.962;11,11;;14,41;;3,50;0,55;;27,83
15062062;San Lorenzo Maggiore;Benevento;1;1.962;9,72;;14,08;;;4,37;18,75;41,21
15062063;San Lupo;Benevento;1;725;6,93;;2,09;;;20,50;2,44;30,28
15062064;San Marco dei Cavoti;Benevento;1;3.125;31,69;;19,33;;6,63;1,70;;38,79
15062065;San Martino Sannita;Benevento;1;1.161;16,78;;21,88;;;;0,42;31,96
15062066;San Nazzaro;Benevento;1;865;29,19;;15,12;;1,81;7,75;5,27;55,30
15062067;San Nicola Manfredi;Benevento;1;3.627;8,34;;9,07;;5,57;15,73;1,06;40,23
15062069;Santa Croce del Sannio;Benevento;1;867;15,69;;19,44;;;3,25;;25,76
15062070;Sant'Agata de' Goti;Benevento;1;10.663;7,77;;35,25;;7,87;7,91;0,75;54,28
15062071;Sant'Angelo a Cupolo;Benevento;1;4.198;11,59;;18,63;;5,39;10,04;;45,13
15062073;Solopaca;Benevento;1;3.587;13,43;;16,96;;4,85;13,83;0,20;40,14
15062074;Telese Terme;Benevento;1;7.741;7,54;;20,13;;4,16;2,12;9,54;47,87
15062077;Vitulano;Benevento;1;2.808;55,50;;0,94;;3,27;10,52;0,14;26,75
03016001;Adrara San Martino;Bergamo;1;2.185;15,36;;7,63;;2,38;3,22;2,53;22,23
03016002;Adrara San Rocco;Bergamo;1;782;27,30;;10,91;;2,15;4,78;6,13;29,56
03016003;Albano Sant'Alessandro;Bergamo;1;8.263;4,65;;9,14;;2,07;1,51;2,91;21,36
03016004;Albino;Bergamo;1;17.529;5,48;;6,05;;1,87;1,47;2,24;15,03
03016248;Algua;Bergamo;1;657;11,93;;12,14;;5,33;4,86;2,35;30,53
03016005;Alme;Bergamo;1;5.486;4,70;;2,89;;3,76;3,74;0,39;16,46
03016006;Almenno San Bartolomeo;Bergamo;1;6.452;5,40;;1,52;;2,17;6,15;1,64;16,28
03016007;Almenno San Salvatore;Bergamo;1;5.606;11,55;;4,88;;0,23;5,99;0,89;19,17
03016008;Alzano Lombardo;Bergamo;1;13.370;27,32;;7,20;;1,60;3,59;0,63;17,25
03016009;Ambivere;Bergamo;1;2.366;7,07;;5,56;;1,39;6,41;6,86;26,27
03016010;Antegnate;Bergamo;1;3.144;5,81;;11,27;;2,50;5,45;1,96;24,82
03016011;Arcene;Bergamo;1;4.768;5,83;;7,44;;1,48;3,49;1,51;18,29
03016012;Ardesio;Bergamo;1;3.392;9,28;;9,61;;1,75;4,54;3,40;24,28
03016013;Arzago d'Adda;Bergamo;1;2.711;5,71;;9,31;;2,85;3,36;0,59;20,27
03016014;Averara;Bergamo;1;170;44,48;;;;1,53;1,85;;49,17
03016015;Aviatico;Bergamo;1;553;7,69;;7,63;;6,48;5,54;2,39;27,13
03016016;Azzano San Paolo;Bergamo;1;7.522;12,28;;6,82;;1,99;1,88;1,46;17,27
03016017;Azzone;Bergamo;1;376;3,98;;9,54;;4,79;5,23;1,33;25,26
03016018;Bagnatica;Bergamo;1;4.346;17,03;;9,08;;3,24;2,86;4,96;25,70
03016019;Barbata;Bergamo;1;670;2,46;;23,32;;3,08;6,84;3,22;38,40
03016020;Bariano;Bergamo;1;4.216;10,42;;7,48;;2,14;3,54;1,79;21,63
03016021;Barzana;Bergamo;1;2.005;5,41;;4,11;;3,20;3,78;0,39;15,68
03016022;Bedulita;Bergamo;1;704;8,58;;16,46;;;4,85;0,96;23,05
03016023;Berbenno;Bergamo;1;2.452;9,36;;8,13;;0,28;0,96;;14,28
03016024;Bergamo;Bergamo;1;119.684;15,44;;11,10;;7,12;2,58;3,67;32,25
03016025;Berzo San Fermo;Bergamo;1;1.393;16,93;;14,67;;0,06;4,09;1,78;25,21
03016026;Bianzano;Bergamo;1;589;29,56;;22,54;;;13,76;6,97;47,60
03016027;Blello;Bergamo;1;74;2,40;;39,58;;6,85;17,78;3,27;59,22
03016028;Bolgare;Bergamo;1;6.400;5,11;;8,80;;1,60;1,67;1,76;18,87
03016029;Boltiere;Bergamo;1;6.178;22,80;;9,79;;4,15;1,96;2,71;23,72
03016030;Bonate Sopra;Bergamo;1;10.087;8,69;;9,87;;1,17;4,58;1,24;19,30
03016031;Bonate Sotto;Bergamo;1;6.599;8,82;;9,92;;1,91;3,76;1,52;21,53
03016032;Borgo di Terzo - Dato aggregazione Unione Media Val Cavallina;Bergamo;3;3.330;19,62;;5,85;;1,08;6,81;;17,93
03016033;Bossico;Bergamo;1;989;12,12;;13,40;;4,53;4,04;3,61;29,32
03016034;Bottanuco;Bergamo;1;4.997;6,14;;6,37;;1,95;1,74;0,57;15,31
03016035;Bracca;Bergamo;1;723;11,84;;16,04;;0,35;5,49;4,44;30,31
03016036;Branzi;Bergamo;1;681;60,14;;5,04;;;3,96;3,96;49,68
03016037;Brembate;Bergamo;1;8.418;6,85;;7,75;;2,05;4,00;0,69;20,51
03016038;Brembate di Sopra;Bergamo;1;7.863;6,68;;7,20;;1,92;5,14;1,22;19,87
03016040;Brignano Gera d'Adda;Bergamo;1;6.065;3,98;;9,28;;3,90;3,50;0,31;20,34
03016042;Brusaporto;Bergamo;1;5.574;6,95;;10,00;;1,84;1,39;1,07;19,24
03016043;Calcinate;Bergamo;1;5.931;16,10;;9,16;;1,52;4,08;1,77;19,66
03016044;Calcio;Bergamo;1;5.332;19,35;;6,04;;2,46;2,72;1,50;20,66
03016046;Calusco d'Adda;Bergamo;1;8.162;10,75;;7,40;;4,98;2,27;1,52;21,28
03016047;Calvenzano;Bergamo;1;4.272;14,60;;9,81;;3,05;4,94;5,33;29,69
03016048;Camerata Cornello;Bergamo;1;571;5,88;;8,68;;8,74;2,82;;24,41
03016049;Canonica d'Adda;Bergamo;1;4.188;6,56;;9,58;;1,69;7,01;4,37;27,69
03016050;Capizzone;Bergamo;1;1.191;14,26;;6,16;;;0,80;3,57;18,18
03016051;Capriate San Gervasio;Bergamo;1;8.129;5,64;;6,91;;2,23;3,61;1,60;19,20
03016052;Caprino Bergamasco;Bergamo;1;3.081;6,39;;7,06;;0,66;2,18;0,63;15,66
03016053;Caravaggio;Bergamo;1;16.170;5,10;;6,95;;3,63;7,81;1,04;30,29
03016055;Carobbio degli Angeli;Bergamo;1;4.728;7,73;;9,92;;0,76;3,70;2,48;21,67
03016056;Carona;Bergamo;1;288;10,95;;40,26;;21,72;6,45;3,84;65,64
03016057;Carvico;Bergamo;1;4.639;15,67;;8,60;;1,98;4,22;1,12;21,45
03016058;Casazza;Bergamo;1;3.879;14,96;;17,08;;0,62;3,51;2,39;28,23
03016059;Casirate d'Adda;Bergamo;1;3.987;10,12;;8,98;;2,15;2,80;2,32;21,81
03016060;Casnigo;Bergamo;1;3.133;4,42;;5,89;;1,16;2,17;0,80;17,41
03016061;Cassiglio;Bergamo;1;111;13,73;;25,34;;4,34;2,46;7,61;40,35
03016063;Castel Rozzone;Bergamo;1;2.813;5,33;;6,55;;2,14;4,01;1,41;18,35
03016062;Castelli Calepio;Bergamo;1;10.169;5,69;;8,63;;1,16;2,02;1,49;18,10
03016064;Castione della Presolana;Bergamo;1;3.362;5,66;;12,43;;3,19;4,47;1,68;25,47
03016065;Castro;Bergamo;1;1.256;20,74;;8,47;;3,67;6,91;2,11;28,61
03016066;Cavernago;Bergamo;1;2.603;5,22;;7,78;;0,77;5,32;1,50;19,71
03016067;Cazzano Sant'Andrea;Bergamo;1;1.646;6,15;;9,68;;0,68;2,08;0,91;19,84
03016068;Cenate Sopra;Bergamo;1;2.541;15,59;;15,67;;1,61;3,60;6,72;32,31
03016069;Cenate Sotto;Bergamo;1;3.898;20,42;;7,95;;1,38;1,71;1,94;17,74
03016070;Cene;Bergamo;1;4.155;24,01;;;;2,50;5,31;1,42;19,66
03016071;Cerete;Bergamo;1;1.590;5,35;;8,94;;1,78;10,36;0,71;27,73
03016072;Chignolo d'Isola;Bergamo;1;3.386;6,98;;7,92;;1,55;3,18;0,96;17,60
03016073;Chiuduno;Bergamo;1;6.017;14,93;;9,66;;1,39;2,41;2,26;20,95
03016074;Cisano Bergamasco;Bergamo;1;6.197;7,80;;9,19;;1,41;4,13;0,81;20,69
03016075;Ciserano;Bergamo;1;5.399;6,71;;9,79;;2,05;2,46;0,81;20,13
03016076;Cividate al Piano;Bergamo;1;5.015;15,24;;8,25;;2,51;4,85;1,62;22,49
03016077;Clusone;Bergamo;1;8.519;5,16;;5,81;;3,47;3,30;0,51;18,03
03016078;Colere;Bergamo;1;1.116;3,21;;10,45;;;21,39;9,28;44,06
03016079;Cologno al Serio;Bergamo;1;10.999;22,93;;6,16;;2,32;3,07;2,81;23,10
03016081;Comun Nuovo;Bergamo;1;4.375;8,40;;10,07;;2,23;2,47;1,20;19,84
03016082;Corna Imagna;Bergamo;1;926;9,16;;15,18;;;6,30;1,62;26,09
03016249;Cornalba;Bergamo;1;291;21,21;;4,34;;;17,60;3,56;36,12
03016083;Cortenuova;Bergamo;1;1.927;9,44;;10,93;;1,95;6,18;;26,38
03016084;Costa di Mezzate;Bergamo;1;3.278;6,95;;13,08;;1,35;2,77;2,54;22,93
03016247;Costa Serina;Bergamo;1;880;12,30;;10,57;;5,33;3,78;3,14;29,39
03016085;Costa Valle Imagna;Bergamo;1;547;8,19;;9,88;;;7,76;1,08;24,37
03016086;Costa Volpino;Bergamo;1;9.018;15,94;;14,49;;1,99;3,50;3,18;28,97
03016087;Covo;Bergamo;1;4.099;25,23;;9,54;;2,46;2,90;2,24;22,03
03016088;Credaro;Bergamo;1;3.522;7,74;;8,49;;2,13;1,95;2,10;19,34
03016089;Curno;Bergamo;1;7.376;9,77;;7,39;;1,11;2,02;0,89;16,88
03016090;Cusio;Bergamo;1;215;50,14;;5,76;;4,22;3,44;;41,58
03016091;Dalmine;Bergamo;1;23.346;2,60;;3,11;;5,15;3,78;1,07;14,80
03016092;Dossena;Bergamo;1;887;5,17;;7,06;;1,04;15,32;1,31;38,26
03016093;Endine Gaiano;Bergamo;1;3.350;20,10;;13,13;;0,03;4,67;3,00;28,49
03016094;Entratico;Bergamo;1;1.979;16,58;;10,02;;0,80;3,45;1,40;20,95
03016096;Fara Gera d'Adda;Bergamo;1;7.906;4,25;;8,01;;2,64;2,67;0,98;17,99
03016097;Fara Olivana con Sola;Bergamo;1;1.292;12,88;;9,99;;2,29;4,12;1,85;23,13
03016098;Filago;Bergamo;1;3.120;6,23;;8,01;;1,51;5,64;1,84;20,55
03016099;Fino del Monte;Bergamo;1;1.130;9,58;;11,36;;0,24;8,18;0,99;25,89
03016100;Fiorano al Serio;Bergamo;1;2.960;2,74;;5,67;;1,42;2,63;0,94;14,11
03016101;Fontanella;Bergamo;1;4.786;7,92;;10,84;;2,39;2,32;0,95;25,97
03016102;Fonteno;Bergamo;1;551;15,31;;22,77;;0,19;12,53;;36,79
03016103;Foppolo;Bergamo;1;175;69,93;;7,83;;21,71;43,41;;116,34
03016104;Foresto Sparso;Bergamo;1;3.052;10,07;;9,60;;;3,64;2,55;21,47
03016105;Fornovo San Giovanni;Bergamo;1;3.371;5,94;;9,57;;1,83;4,08;2,35;21,73
03016106;Fuipiano Valle Imagna;Bergamo;1;206;19,09;;14,28;;3,99;6,40;3,81;36,99
03016107;Gandellino;Bergamo;1;973;7,81;;11,79;;7,34;5,97;0,97;31,11
03016108;Gandino;Bergamo;1;5.218;12,79;;9,63;;2,68;1,93;0,26;21,19
03016109;Gandosso;Bergamo;1;1.438;13,02;;10,26;;4,51;4,43;1,57;27,17
03016110;Gaverina Terme;Bergamo;1;844;14,85;;19,68;;2,02;6,39;1,70;31,94
03016111;Gazzaniga;Bergamo;1;4.940;6,54;;10,28;;4,21;4,58;2,34;26,73
03016113;Ghisalba;Bergamo;1;6.102;7,88;;7,35;;0,98;4,53;3,51;21,66
03016114;Gorlago;Bergamo;1;5.125;14,36;;8,06;;1,26;1,74;1,23;17,53
03016115;Gorle;Bergamo;1;6.551;9,16;;9,74;;5,14;2,43;0,56;20,44
03016116;Gorno;Bergamo;1;1.492;4,20;;13,80;;5,32;6,99;3,89;33,09
03016117;Grassobbio;Bergamo;1;6.463;4,44;;7,61;;2,39;2,34;0,95;18,20
03016118;Gromo;Bergamo;1;1.165;7,18;;10,36;;1,35;7,15;2,00;25,36
03016119;Grone;Bergamo;1;855;21,55;;17,03;;0,10;8,57;2,62;39,47
03016120;Grumello del Monte;Bergamo;1;7.350;2,99;;9,43;;0,30;1,68;1,59;17,15
03016121;Isola di Fondra;Bergamo;1;166;26,83;;33,59;;3,26;5,20;;45,66
03016122;Isso;Bergamo;1;630;4,91;;8,42;;2,33;4,38;7,29;27,13
03016123;Lallio;Bergamo;1;4.123;12,43;;4,88;;2,05;4,33;;17,99
03016124;Leffe;Bergamo;1;4.311;12,33;;8,22;;3,17;2,49;0,40;23,67
03016125;Lenna;Bergamo;1;561;13,65;;23,49;;3,15;1,27;;30,85
03016126;Levate;Bergamo;1;3.683;6,06;;7,67;;1,36;2,39;3,12;19,62
03016127;Locatello;Bergamo;1;828;9,44;;12,50;;;2,60;2,22;22,96
03016128;Lovere;Bergamo;1;5.066;20,83;;18,50;;3,56;7,70;3,58;38,34
03016129;Lurano;Bergamo;1;2.817;9,25;;11,73;;1,78;4,31;1,01;23,79
03016131;Madone;Bergamo;1;3.978;10,87;;6,03;;1,38;4,23;5,00;22,00
03016132;Mapello;Bergamo;1;6.826;8,21;;10,17;;0,84;3,29;2,72;21,14
03016133;Martinengo;Bergamo;1;10.757;5,56;;6,90;;1,43;2,19;4,46;19,87
03016250;Medolago;Bergamo;1;2.342;8,20;;6,66;;1,94;10,73;0,01;24,64
03016134;Mezzoldo;Bergamo;1;163;45,19;;16,57;;4,88;2,31;0,18;42,76
03016135;Misano di Gera d'Adda;Bergamo;1;2.927;5,97;;7,70;;4,72;4,04;1,54;23,30
03016136;Moio de' Calvi;Bergamo;1;202;63,84;;11,14;;;14,08;;49,16
03016137;Monasterolo del Castello;Bergamo;1;1.132;15,05;;15,04;;0,12;8,43;1,50;30,07
03016139;Montello;Bergamo;1;3.227;4,67;;6,52;;0,31;1,96;1,10;15,77
03016140;Morengo;Bergamo;1;2.461;9,14;;8,26;;3,94;5,80;1,11;24,35
03016141;Mornico al Serio;Bergamo;1;2.882;8,71;;9,15;;0,51;1,56;0,89;14,91
03016142;Mozzanica;Bergamo;1;4.391;7,22;;8,31;;0,91;3,60;1,48;19,69
03016143;Mozzo;Bergamo;1;7.331;9,52;;7,69;;1,58;2,44;1,48;19,32
03016144;Nembro;Bergamo;1;11.243;21,11;;5,75;;2,58;6,01;0,27;18,32
03016145;Olmo al Brembo;Bergamo;1;493;6,14;;7,72;;16,27;0,35;;29,77
03016146;Oltre il Colle;Bergamo;1;978;10,88;;16,69;;6,44;6,13;3,83;37,45
03016147;Oltressenda Alta;Bergamo;1;146;20,79;;14,08;;;7,28;2,15;32,78
03016148;Oneta;Bergamo;1;575;4,84;;15,87;;;7,88;2,75;26,63
03016149;Onore;Bergamo;1;897;3,28;;7,04;;4,03;18,21;0,51;36,04
03016150;Orio al Serio;Bergamo;1;1.676;8,18;;12,15;;0,69;9,37;1,14;32,00
03016151;Ornica;Bergamo;1;143;16,15;;24,16;;7,85;1,15;0,02;36,02
03016152;Osio Sopra;Bergamo;1;5.229;11,27;;10,16;;0,99;4,29;2,78;18,69
03016153;Osio Sotto;Bergamo;1;12.472;4,27;;8,51;;2,82;3,15;3,29;22,52
03016154;Pagazzano;Bergamo;1;2.079;10,26;;7,50;;2,03;2,43;6,08;23,15
03016155;Paladina;Bergamo;1;4.016;9,85;;2,61;;0,32;7,74;;14,25
03016156;Palazzago;Bergamo;1;4.506;5,46;;2,18;;2,62;2,36;0,42;12,38
03016157;Palosco;Bergamo;1;5.666;7,89;;7,85;;1,14;3,37;3,03;19,81
03016158;Parre;Bergamo;1;2.693;5,30;;6,41;;;5,15;0,77;16,92
03016159;Parzanica;Bergamo;1;358;14,01;;16,77;;5,06;6,55;1,83;34,52
03016160;Pedrengo;Bergamo;1;5.877;20,40;;9,81;;1,63;4,35;4,51;25,41
03016161;Peia;Bergamo;1;1.746;17,72;;13,44;;2,03;4,59;1,91;25,95
03016162;Pianico;Bergamo;1;1.445;25,80;;21,46;;0,39;3,60;2,19;31,26
03016163;Piario;Bergamo;1;1.044;4,22;;8,96;;1,29;3,17;0,66;19,21
03016165;Piazzatorre;Bergamo;1;381;21,08;;15,76;;5,44;3,71;1,76;36,45
03016166;Piazzolo;Bergamo;1;87;32,16;;39,28;;6,22;1,71;;51,52
03016167;Pognano;Bergamo;1;1.554;5,62;;24,61;;0,83;2,96;1,09;29,35
03016168;Ponte Nossa;Bergamo;1;1.740;3,34;;12,89;;1,08;6,07;0,79;21,10
03016170;Ponte San Pietro;Bergamo;1;11.511;6,29;;9,13;;3,60;3,33;1,59;21,73
03016169;Ponteranica;Bergamo;1;6.722;11,30;;5,19;;0,91;5,10;1,16;19,85
03016171;Pontida;Bergamo;1;3.320;7,82;;9,33;;1,37;1,08;1,98;18,17
03016173;Pradalunga;Bergamo;1;4.520;36,08;;2,73;;2,11;3,27;1,59;16,09
03016174;Predore;Bergamo;1;1.803;7,87;;12,32;;1,99;4,67;1,94;25,81
03016176;Presezzo;Bergamo;1;4.771;6,56;;5,46;;1,58;6,94;0,93;18,17
03016177;Pumenengo;Bergamo;1;1.671;4,68;;9,40;;2,45;6,28;0,70;22,70
03016178;Ranica;Bergamo;1;5.891;26,14;;8,01;;3,77;3,59;2,03;21,34
03016179;Ranzanico;Bergamo;1;1.237;15,13;;20,54;;2,22;3,96;1,96;32,49
03016182;Rogno;Bergamo;1;3.774;13,15;;12,99;;0,07;2,99;0,64;22,29
03016183;Romano di Lombardia;Bergamo;1;20.317;4,52;;6,56;;3,91;2,87;0,54;19,05
03016184;Roncobello;Bergamo;1;414;8,69;;20,13;;1,85;3,87;8,33;36,30
03016185;Roncola;Bergamo;1;807;7,16;;18,42;;;3,81;1,26;24,24
03016186;Rota d'Imagna;Bergamo;1;901;18,46;;11,28;;4,58;4,95;;26,67
03016187;Rovetta;Bergamo;1;4.116;7,39;;11,33;;4,56;5,21;0,85;27,63
03016188;San Giovanni Bianco;Bergamo;1;4.660;40,63;;13,10;;;3,43;1,90;27,94
03016189;San Paolo d'Argon;Bergamo;1;5.725;7,08;;8,89;;1,84;1,25;2,32;18,59
03016190;San Pellegrino Terme;Bergamo;1;4.757;12,80;;10,89;;4,29;3,24;2,37;31,60
03016191;Santa Brigida;Bergamo;1;521;22,64;;;;6,49;5,32;1,49;35,93
03016252;Sant'Omobono Terme;Bergamo;1;3.863;6,20;;11,47;;1,53;1,89;0,47;21,56
03016193;Sarnico;Bergamo;1;6.697;9,11;;10,73;;4,22;4,41;2,45;26,24
03016194;Scanzorosciate;Bergamo;1;9.784;10,12;;9,87;;1,65;4,33;1,41;22,23
03016195;Schilpario;Bergamo;1;1.150;3,00;;13,44;;5,42;4,61;0,62;25,04
03016196;Sedrina;Bergamo;1;2.462;5,80;;11,55;;0,86;3,75;1,25;21,64
03016197;Selvino;Bergamo;1;1.994;7,71;;7,64;;6,43;4,19;3,99;27,36
03016198;Seriate;Bergamo;1;24.744;5,46;;2,77;;2,41;2,55;1,15;14,87
03016199;Serina;Bergamo;1;2.024;16,24;;16,32;;0,97;7,61;9,01;39,42
03016200;Solto Collina;Bergamo;1;1.777;18,81;;10,61;;0,42;4,05;1,79;24,34
03016251;Solza;Bergamo;1;2.029;8,71;;9,08;;2,66;6,74;0,82;23,77
03016201;Songavazzo;Bergamo;1;694;9,17;;11,92;;9,79;4,80;0,11;32,30
03016202;Sorisole;Bergamo;1;8.998;10,29;;10,19;;1,71;3,10;1,93;22,37
03016203;Sotto il Monte Giovanni XXIII;Bergamo;1;4.436;6,32;;3,63;;0,59;6,98;2,48;18,62
03016204;Sovere;Bergamo;1;5.162;26,16;;18,62;;0,76;4,48;2,20;31,09
03016205;Spinone al Lago;Bergamo;1;974;14,28;;15,45;;2,44;6,71;2,86;29,74
03016206;Spirano;Bergamo;1;5.669;16,53;;8,89;;5,45;2,59;1,28;24,82
03016207;Stezzano;Bergamo;1;13.243;6,72;;5,34;;0,88;0,73;3,11;14,92
03016208;Strozza;Bergamo;1;1.059;17,07;;8,67;;1,53;3,90;2,18;24,22
03016209;Suisio;Bergamo;1;3.720;12,10;;8,82;;2,19;6,53;1,25;24,26
03016210;Taleggio;Bergamo;1;534;12,92;;15,51;;;2,96;1,65;25,69
03016211;Tavernola Bergamasca;Bergamo;1;2.014;8,10;;12,37;;4,61;3,21;1,70;26,65
03016212;Telgate;Bergamo;1;4.911;16,61;;7,94;;2,23;1,93;2,70;19,76
03016214;Torre Boldone;Bergamo;1;8.641;18,26;;1,95;;2,34;1,63;0,48;12,30
03016215;Torre de' Busi;Bergamo;1;2.192;2,86;;8,86;;0,04;3,57;2,41;19,63
03016216;Torre de' Roveri;Bergamo;1;2.463;7,25;;8,52;;1,81;1,48;3,57;19,64
03016217;Torre Pallavicina;Bergamo;1;1.081;4,30;;23,06;;1,83;7,85;;35,44
03016218;Trescore Balneario;Bergamo;1;9.543;8,73;;9,80;;2,09;3,41;1,83;21,56
03016219;Treviglio;Bergamo;1;30.296;7,23;;8,46;;4,57;2,25;0,74;20,62
03016220;Treviolo;Bergamo;1;10.730;10,80;;2,79;;1,48;2,02;1,47;13,20
03016221;Ubiale Clanezzo;Bergamo;1;1.361;9,24;;11,36;;0,23;4,61;1,71;23,53
03016222;Urgnano;Bergamo;1;9.801;8,97;;7,03;;1,39;1,76;0,70;16,26
03016223;Valbondione;Bergamo;1;986;5,74;;10,60;;0,71;5,12;4,47;24,48
03016224;Valbrembo;Bergamo;1;4.358;4,45;;8,62;;2,11;5,32;1,63;21,12
03016225;Valgoglio;Bergamo;1;587;3,04;;14,10;;3,64;3,41;1,50;23,48
03016226;Valleve;Bergamo;1;134;7,09;;41,66;;40,21;54,36;8,92;143,40
03016227;Valnegra;Bergamo;1;207;41,20;;11,61;;1,50;26,06;;49,56
03016229;Valtorta;Bergamo;1;251;27,80;;24,52;;4,43;3,77;0,01;43,75
03016230;Vedeseta;Bergamo;1;188;16,47;;21,74;;0,78;2,22;6,90;37,32
03016233;Verdello;Bergamo;1;8.115;4,27;;6,94;;2,55;0,95;5,77;20,36
03016234;Vertova;Bergamo;1;4.502;3,25;;6,98;;2,30;3,35;0,38;17,03
03016235;Viadanica;Bergamo;1;1.110;15,98;;10,13;;0,08;4,41;4,42;24,98
03016237;Vigolo;Bergamo;1;577;13,49;;7,16;;11,47;3,35;5,33;35,51
03016238;Villa d'Adda;Bergamo;1;4.485;10,10;;8,56;;1,16;2,73;0,80;18,11
03016239;Villa d'Alme;Bergamo;1;6.572;4,18;;3,67;;4,12;6,53;0,91;20,05
03016240;Villa di Serio;Bergamo;1;6.674;7,74;;2,22;;1,20;1,89;1,33;10,17
03016241;Villa d'Ogna;Bergamo;1;1.785;4,00;;5,85;;1,29;5,32;2,33;21,00
03016242;Villongo;Bergamo;1;7.954;9,95;;8,93;;1,01;2,13;2,26;19,12
03016243;Vilminore di Scalve;Bergamo;1;1.436;9,27;;9,48;;7,53;7,34;1,20;32,89
03016244;Zandobbio;Bergamo;1;2.687;22,44;;9,39;;1,13;2,67;2,15;23,01
03016245;Zanica;Bergamo;1;8.595;5,57;;7,42;;1,74;2,54;2,32;19,35
03016246;Zogno;Bergamo;1;8.640;4,90;;10,64;;5,09;3,09;0,25;23,03
01096001;Ailoche;Biella;1;318;18,35;;5,56;;1,90;5,36;1,08;30,02
01096002;Andorno Micca;Biella;1;2.997;16,68;;18,64;;2,83;8,75;1,20;35,03
01096003;Benna;Biella;1;1.133;12,18;;17,00;;2,10;5,50;0,62;28,83
01096004;Biella;Biella;1;43.663;21,65;;9,23;;4,59;16,88;0,99;41,79
01096005;Bioglio;Biella;1;891;22,99;;11,02;;;8,46;3,91;39,17
01096006;Borriana;Biella;1;871;18,18;;13,37;;1,36;3,89;2,87;28,60
01096007;Brusnengo;Biella;1;1.980;17,45;;27,15;;0,20;3,82;0,62;34,23
01096010;Camburzano;Biella;1;1.122;8,40;;9,18;;1,27;6,23;0,42;22,69
01096086;Campiglia Cervo;Biella;1;506;33,69;;23,35;;;8,11;0,39;46,90
01096012;Candelo;Biella;1;7.299;17,27;;14,26;;2,86;6,26;3,44;33,17
01096013;Caprile;Biella;1;186;17,21;;18,51;;3,09;10,80;0,58;42,58
01096015;Castelletto Cervo;Biella;1;789;10,36;;8,94;;;12,60;0,63;28,15
01096016;Cavaglia;Biella;1;3.529;6,37;;11,09;;2,17;5,50;0,27;21,26
01096018;Cerrione;Biella;1;2.811;7,11;;3,99;;;3,79;0,52;15,09
01096019;Coggiola;Biella;1;1.673;25,97;;12,42;;1,23;4,63;0,69;33,63
01096020;Cossato;Biella;1;14.149;22,71;;7,58;;3,45;12,48;0,77;32,80
01096023;Curino;Biella;1;454;20,80;;11,67;;;6,48;0,35;34,14
01096024;Donato;Biella;1;712;9,97;;14,24;;5,08;9,60;2,38;40,00
01096025;Dorzano;Biella;1;539;9,86;;5,76;;;6,67;0,17;23,48
01096026;Gaglianico;Biella;1;3.677;15,02;;7,29;;2,14;6,96;1,25;29,35
01096027;Gifflenga;Biella;1;109;4,20;;12,51;;;6,43;0,31;21,76
01096028;Graglia;Biella;1;1.496;16,52;;11,05;;1,24;7,06;1,00;29,68
01096085;lessona;Biella;1;2.662;12,35;;14,06;;;3,32;0,43;24,49
01096030;Magnano;Biella;1;376;24,87;;6,58;;3,23;6,48;0,34;35,91
01096031;Massazza;Biella;1;524;20,32;;11,57;;0,24;7,64;0,78;33,33
01096032;Masserano;Biella;1;1.939;11,22;;10,54;;0,98;7,05;1,50;26,87
01096033;Mezzana Mortigliengo;Biella;1;494;15,31;;27,30;;0,11;15,15;;44,78
01096034;Miagliano;Biella;1;563;13,14;;22,61;;0,52;5,37;0,41;31,57
01096035;Mongrando;Biella;1;3.680;19,72;;11,25;;1,68;3,38;1,07;24,73
01096037;Mottalciata;Biella;1;1.325;15,08;;18,92;;1,08;7,94;0,49;34,94
01096038;Muzzano;Biella;1;585;22,61;;22,62;;2,62;5,59;1,60;40,34
01096039;Netro;Biella;1;928;11,82;;8,24;;0,99;10,44;0,99;32,31
01096040;Occhieppo Inferiore;Biella;1;3.780;6,75;;9,99;;;3,44;0,60;19,43
01096041;Occhieppo Superiore;Biella;1;2.647;7,69;;15,21;;1,34;3,80;0,47;24,35
01096042;Pettinengo;Biella;1;1.484;20,19;;19,86;;0,13;5,69;;34,21
01096043;Piatto;Biella;1;475;12,28;;6,71;;;11,68;0,93;34,83
01096044;Piedicavallo;Biella;1;178;17,38;;12,62;;;3,68;0,19;30,84
01096047;Ponderano;Biella;1;3.767;6,84;;18,32;;0,90;5,53;1,99;29,39
01096048;Portula;Biella;1;1.136;28,75;;29,18;;1,36;6,96;0,83;47,51
01096049;Pralungo;Biella;1;2.308;18,34;;20,16;;0,46;2,29;1,21;32,04
01096050;Pray;Biella;1;2.017;19,46;;14,79;;0,58;4,00;0,79;28,99
01096087;Quaregna Cerreto;Biella;1;2.019;15,29;;6,78;;1,19;2,25;0,26;20,24
01096053;Ronco Biellese;Biella;1;1.438;27,14;;26,57;;0,66;4,49;0,57;39,86
01096054;Roppolo;Biella;1;853;17,02;;6,40;;0,27;8,06;0,71;26,67
01096055;Rosazza;Biella;1;104;46,00;;11,67;;;18,81;0,21;57,27
01096056;Sagliano Micca;Biella;1;1.549;17,27;;18,68;;1,29;6,22;0,75;31,30
01096057;Sala Biellese;Biella;1;560;6,87;;19,24;;;12,37;0,36;33,37
01096058;Salussola;Biella;1;1.884;16,50;;27,61;;;5,58;0,51;38,11
01096059;Sandigliano;Biella;1;2.603;10,24;;12,10;;0,35;3,68;0,37;22,52
01096063;Sordevolo;Biella;1;1.338;8,38;;19,19;;;8,35;1,19;31,82
01096064;Sostegno;Biella;1;752;29,77;;9,67;;1,43;4,29;0,71;34,16
01096065;Strona;Biella;1;1.017;17,79;;22,89;;0,93;4,63;0,59;32,94
01096066;Tavigliano;Biella;1;937;24,31;;20,33;;2,12;6,92;;39,58
01096067;Ternengo;Biella;1;271;30,83;;17,81;;0,42;10,39;3,02;47,47
01096068;Tollegno;Biella;1;2.423;16,65;;21,04;;0,82;4,00;0,55;31,95
01096069;Torrazzo;Biella;1;208;24,30;;8,49;;2,97;18,05;3,85;52,87
01096071;Valdengo;Biella;1;2.391;13,51;;18,42;;1,49;3,87;4,43;33,82
01096088;Valdilana;Biella;1;10.489;18,61;;17,50;;2,63;5,62;0,24;32,63
01096072;Vallanzengo;Biella;1;206;10,77;;18,35;;3,54;8,85;3,48;37,41
01096074;Valle San Nicolao;Biella;1;905;24,85;;14,87;;0,61;8,29;1,67;34,84
01096075;Veglio;Biella;1;479;7,68;;28,72;;0,09;7,32;5,65;37,24
01096076;Verrone;Biella;1;1.231;11,93;;8,95;;0,60;2,46;1,38;20,99
01096077;Vigliano Biellese;Biella;1;7.685;39,63;;12,38;;3,69;11,96;1,09;38,74
01096078;Villa del Bosco;Biella;1;327;19,48;;13,57;;1,93;14,28;1,00;42,41
01096079;Villanova Biellese;Biella;1;191;7,56;;12,62;;;7,32;0,17;32,47
01096080;Viverone;Biella;1;1.390;11,21;;19,46;;;2,94;0,65;27,38
01096081;Zimone;Biella;1;392;8,92;;3,56;;4,52;10,91;4,29;37,55
01096082;Zubiena;Biella;1;1.133;15,97;;13,33;;0,16;6,31;0,47;32,45
01096083;Zumaglia;Biella;1;987;30,65;;25,62;;0,90;10,68;0,89;45,65
08037062;Alto Reno Terme;Bologna;1;6.933;5,42;;12,77;;4,52;12,33;7,15;45,16
08037001;Anzola dell'Emilia;Bologna;1;12.347;24,28;;8,22;;1,94;3,11;0,87;19,72
08037002;Argelato;Bologna;1;9.724;20,03;;13,23;;2,67;4,37;5,88;33,02
08037003;Baricella;Bologna;1;7.129;10,93;;15,37;;2,04;4,07;12,12;39,60
08037005;Bentivoglio;Bologna;1;5.733;11,22;;13,32;;1,20;2,19;2,29;26,02
08037006;Bologna;Bologna;1;394.463;10,63;;18,68;;8,23;4,19;7,67;44,77
08037007;Borgo Tossignano;Bologna;1;3.236;3,99;;13,03;;1,69;1,48;9,28;28,25
08037008;Budrio;Bologna;1;18.106;12,99;;14,30;;2,82;2,65;3,16;28,89
08037009;Calderara di Reno;Bologna;1;13.404;18,44;;11,43;;1,87;4,63;4,40;28,90
08037010;Camugnano;Bologna;1;1.831;15,14;;20,21;;1,59;6,10;4,02;41,42
08037011;Casalecchio di Reno;Bologna;1;35.956;11,83;;18,70;;3,64;6,56;3,37;37,39
08037012;Casalfiumanese;Bologna;1;3.378;3,48;;7,54;;1,00;2,38;9,98;25,69
08037013;Castel d'Aiano;Bologna;1;1.868;7,14;;8,81;;2,39;3,90;3,03;27,45
08037014;Castel del Rio;Bologna;1;1.185;2,15;;8,84;;0,51;2,57;10,54;26,72
08037015;Castel di Casio;Bologna;1;3.349;1,41;;4,88;;2,02;16,82;2,63;36,66
08037016;Castel Guelfo di Bologna;Bologna;1;4.513;11,04;;10,86;;1,40;2,91;5,47;27,72
08037019;Castel Maggiore;Bologna;1;18.529;17,13;;12,05;;2,38;5,79;2,09;28,28
08037020;Castel San Pietro Terme;Bologna;1;20.768;7,89;;9,59;;2,20;2,61;4,70;25,27
08037017;Castello d'Argile;Bologna;1;6.576;7,86;;12,63;;1,21;4,75;3,16;27,13
08037021;Castenaso;Bologna;1;15.801;9,65;;8,76;;2,50;2,63;2,37;23,34
08037022;Castiglione dei Pepoli;Bologna;1;5.462;8,49;;10,85;;1,77;4,77;5,99;35,03
08037024;Crevalcore;Bologna;1;13.693;13,88;;14,48;;2,41;4,51;1,31;28,50
08037025;Dozza;Bologna;1;6.595;38,84;;12,67;;1,33;1,81;2,28;27,07
08037026;Fontanelice;Bologna;1;1.960;0,34;;4,21;;2,84;2,39;11,77;26,78
08037027;Gaggio Montano;Bologna;1;4.789;2,21;;3,52;;2,12;11,22;2,07;27,59
08037028;Galliera;Bologna;1;5.525;10,11;;16,43;;1,91;2,79;1,85;28,27
08037030;Granarolo dell'Emilia;Bologna;1;12.422;8,78;;8,06;;2,08;1,58;1,50;19,45
08037031;Grizzana Morandi;Bologna;1;3.887;6,65;;10,07;;1,77;5,36;5,39;33,12
08037032;Imola;Bologna;1;70.392;8,34;;9,96;;3,45;2,96;4,82;27,32
08037033;Lizzano in Belvedere;Bologna;1;2.184;6,18;;7,45;;2,44;10,02;6,82;37,71
08037034;Loiano;Bologna;1;4.357;9,57;;11,04;;2,13;6,56;3,21;32,98
08037035;Malalbergo;Bologna;1;9.094;7,77;;5,91;;1,95;2,89;3,19;21,43
08037036;Marzabotto;Bologna;1;6.766;4,67;;6,85;;1,32;10,90;2,70;32,03
08037037;Medicina;Bologna;1;16.504;10,83;;8,04;;1,48;2,12;3,86;23,23
08037038;Minerbio;Bologna;1;9.009;11,09;;10,70;;1,35;1,01;3,25;23,52
08037039;Molinella;Bologna;1;15.710;8,55;;9,80;;0,81;7,02;4,51;29,52
08037040;Monghidoro;Bologna;1;3.722;13,08;;12,84;;1,69;4,87;3,83;33,51
08037042;Monte San Pietro;Bologna;1;10.736;16,65;;16,40;;1,27;2,57;2,57;29,10
08037041;Monterenzio;Bologna;1;6.182;8,86;;13,61;;1,91;3,60;2,96;27,96
08037044;Monzuno;Bologna;1;6.358;8,57;;11,61;;1,89;7,29;4,33;35,64
08037045;Mordano;Bologna;1;4.649;29,07;;9,19;;1,64;2,11;2,78;23,00
08037046;Ozzano dell'Emilia;Bologna;1;14.044;5,86;;8,38;;1,95;3,49;3,57;23,99
08037047;Pianoro;Bologna;1;17.503;7,75;;10,16;;1,49;6,03;1,77;25,47
08037048;Pieve di Cento;Bologna;1;7.082;9,48;;12,79;;2,31;2,59;2,57;25,88
08037050;Sala Bolognese;Bologna;1;8.478;14,51;;13,22;;1,54;3,57;1,08;25,44
08037051;San Benedetto Val di Sambro;Bologna;1;4.256;13,46;;15,59;;2,59;5,27;2,22;35,68
08037052;San Giorgio di Piano;Bologna;1;9.147;11,61;;14,73;;3,46;1,67;1,96;27,46
08037053;San Giovanni in Persiceto;Bologna;1;28.002;20,65;;8,53;;2,20;4,33;2,21;24,20
08037054;San Lazzaro di Savena;Bologna;1;32.616;7,99;;13,40;;2,29;4,62;3,63;31,36
08037055;San Pietro in Casale;Bologna;1;12.708;12,00;;15,83;;2,41;2,34;2,79;28,97
08037056;Sant'Agata Bolognese;Bologna;1;7.416;11,63;;9,41;;1,73;4,81;3,14;24,74
08037057;Sasso Marconi;Bologna;1;14.791;11,10;;16,79;;1,64;3,17;1,97;28,89
08037061;Valsamoggia;Bologna;1;31.834;9,72;;13,17;;2,10;3,37;4,12;29,21
08037059;Vergato;Bologna;1;7.684;2,20;;1,61;;1,74;12,71;3,58;31,16
08037060;Zola Predosa;Bologna;1;19.153;13,04;;18,46;;2,73;3,91;2,89;34,51
04021001;Aldino;Bolzano;1;1.669;12,64;;9,67;;4,08;2,55;;22,26
04021002;Andriano;Bolzano;1;1.037;11,30;;0,75;;1,71;1,01;0,55;12,22
04021003;Anterivo;Bolzano;1;403;21,09;;8,23;;3,51;3,89;;29,64
04021004;Appiano sulla strada del vino;Bolzano;1;14.817;0,41;;13,23;;2,38;3,99;;17,85
04021005;Avelengo;Bolzano;1;801;9,08;;9,88;;;4,72;;17,27
04021006;Badia;Bolzano;1;3.533;7,67;;18,71;;0,91;0,41;0,11;20,62
04021007;Barbiano;Bolzano;1;1.761;15,30;;7,69;;0,88;1,24;0,04;21,91
04021008;Bolzano;Bolzano;1;107.760;21,62;;12,60;;7,62;4,15;2,59;35,13
04021009;Braies;Bolzano;1;674;8,49;;13,15;;3,53;0,95;;20,04
04021010;Brennero;Bolzano;1;2.288;15,38;;11,05;;3,71;2,35;;26,72
04021011;Bressanone;Bolzano;1;22.770;13,50;;10,54;;7,71;11,32;2,86;39,19
04021012;Bronzolo;Bolzano;1;2.774;11,86;;2,63;;0,10;3,47;;13,57
04021013;Brunico;Bolzano;1;17.050;13,54;;7,84;;5,10;4,59;0,92;24,62
04021014;Caines;Bolzano;1;395;12,49;;9,05;;2,98;0,75;;21,99
04021015;Caldaro sulla strada del vino;Bolzano;1;8.039;10,41;;3,46;;4,75;1,25;;17,25
04021016;Campo di Trens;Bolzano;1;2.684;13,67;;5,10;;1,79;2,01;;22,05
04021017;Campo Tures;Bolzano;1;5.581;7,51;;10,74;;0,50;3,15;;18,41
04021018;Castelbello-Ciardes;Bolzano;1;2.321;7,75;;8,02;;2,42;2,93;0,70;22,20
04021019;Castelrotto;Bolzano;1;6.887;23,26;;2,28;;2,18;5,73;;21,07
04021021;Chienes;Bolzano;1;2.939;14,68;;6,26;;1,90;2,38;;17,38
04021022;Chiusa;Bolzano;1;5.197;14,37;;5,55;;2,16;1,59;;17,78
04021023;Cornedo all'Isarco;Bolzano;1;3.486;11,21;;16,42;;6,69;0,88;;32,90
04021024;Cortaccia sulla strada del vino;Bolzano;1;2.198;10,96;;1,68;;0,23;0,55;;7,61
04021025;Cortina sulla strada del vino;Bolzano;1;648;18,76;;3,80;;2,04;5,67;;22,13
04021026;Corvara in Badia;Bolzano;1;1.368;8,60;;27,81;;1,41;1,05;0,14;28,81
04021027;Curon Venosta;Bolzano;1;2.331;10,07;;10,31;;2,85;4,05;;27,97
04021028;Dobbiaco;Bolzano;1;3.338;8,43;;5,87;;3,41;3,53;;22,97
04021029;Egna;Bolzano;1;5.484;9,92;;0,12;;2,24;9,59;3,21;20,32
04021030;Falzes;Bolzano;1;2.940;6,46;;2,17;;2,31;0,60;0,54;12,72
04021031;Fie allo Sciliar;Bolzano;1;3.609;16,01;;6,20;;4,90;;0,28;20,09
04021032;Fortezza;Bolzano;1;1.011;13,14;;4,72;;0,53;0,13;0,39;19,48
04021033;Funes;Bolzano;1;2.578;19,52;;6,21;;2,55;1,59;;22,58
04021034;Gais;Bolzano;1;3.249;18,81;;7,05;;0,92;1,10;;14,32
04021035;Gargazzone;Bolzano;1;1.820;13,09;;6,45;;3,26;1,68;0,24;19,00
04021036;Glorenza;Bolzano;1;898;10,31;;1,26;;2,32;0,11;;12,72
04021117;La Valle;Bolzano;1;1.392;16,49;;13,32;;2,70;1,59;;31,62
04021037;Laces;Bolzano;1;5.255;6,05;;13,79;;2,09;2,19;;23,96
04021038;Lagundo;Bolzano;1;5.026;36,22;;2,13;;2,53;1,82;;20,64
04021039;Laion;Bolzano;1;2.756;24,18;;6,84;;3,60;2,19;;26,10
04021040;Laives;Bolzano;1;18.204;23,31;;10,14;;4,03;5,25;2,39;31,85
04021041;Lana;Bolzano;1;12.438;31,11;;3,99;;0,39;;0,19;21,83
04021042;Lasa;Bolzano;1;4.066;8,64;;1,22;;2,99;3,33;1,09;23,32
04021043;Lauregno;Bolzano;1;342;9,42;;4,93;;5,27;11,72;;29,47
04021044;Luson;Bolzano;1;1.549;14,54;;12,24;;1,89;1,83;;25,01
04021045;Magre sulla strada del vino;Bolzano;1;1.275;13,14;;12,62;;4,55;0,38;0,28;17,98
04021046;Malles Venosta;Bolzano;1;5.207;8,15;;7,32;;5,42;5,59;;32,73
04021047;Marebbe;Bolzano;1;3.123;11,37;;8,14;;0,99;0,89;;20,94
04021048;Marlengo;Bolzano;1;2.796;9,86;;6,40;;1,67;7,56;;23,81
04021049;Martello;Bolzano;1;835;8,99;;1,99;;2,22;3,14;;14,21
04021050;Meltina;Bolzano;1;1.703;13,69;;7,80;;1,17;2,63;;23,21
04021051;Merano;Bolzano;1;40.985;23,80;;;;6,47;5,88;4,46;40,71
04021052;Monguelfo-Tesido;Bolzano;1;2.922;27,04;;2,16;;2,83;0,59;;18,97
04021053;Montagna;Bolzano;1;1.707;17,98;;3,09;;0,68;1,50;;17,98
04021054;Moso in Passiria;Bolzano;1;2.053;4,34;;4,58;;;4,78;;18,22
04021055;Nalles;Bolzano;1;2.015;10,29;;3,50;;3,02;4,62;;19,83
04021056;Naturno;Bolzano;1;5.959;9,16;;9,14;;0,85;0,23;;17,05
04021057;Naz-Sciaves;Bolzano;1;3.301;11,25;;6,44;;0,34;3,86;0,58;18,31
04021058;Nova Levante;Bolzano;1;2.017;12,86;;7,64;;0,66;0,53;;19,10
04021059;Nova Ponente;Bolzano;1;3.981;13,95;;8,10;;8,52;0,75;;26,26
04021060;Ora;Bolzano;1;3.888;13,56;;2,53;;1,17;0,28;;17,35
04021061;Ortisei;Bolzano;1;4.849;18,59;;0,82;;4,10;1,54;;19,16
04021062;Parcines;Bolzano;1;3.846;;;9,60;;3,33;0,14;0,76;15,67
04021063;Perca;Bolzano;1;1.669;14,63;;12,46;;4,49;1,17;;21,01
04021064;Plaus;Bolzano;1;746;13,58;;2,20;;0,49;0,70;1,08;14,73
04021065;Ponte Gardena;Bolzano;1;196;12,52;;5,21;;;0,01;;11,65
04021066;Postal;Bolzano;1;1.935;10,43;;7,28;;3,86;1,76;;21,41
04021067;Prato allo Stelvio;Bolzano;1;3.689;16,22;;1,22;;1,31;0,03;;14,56
04021068;Predoi;Bolzano;1;547;5,24;;1,77;;3,34;0,31;;32,56
04021070;Racines;Bolzano;1;4.540;11,40;;8,14;;0,69;2,09;0,15;19,33
04021071;Rasun-Anterselva;Bolzano;1;2.941;11,84;;4,91;;0,86;3,63;;16,06
04021072;Renon;Bolzano;1;8.016;8,58;;7,17;;1,20;3,02;1,39;18,09
04021073;Rifiano;Bolzano;1;1.411;11,87;;7,39;;0,99;0,78;;17,92
04021074;Rio di Pusteria;Bolzano;1;3.150;15,42;;4,60;;4,79;1,16;;19,46
04021075;Rodengo;Bolzano;1;1.276;24,87;;2,46;;6,02;1,01;;24,82
04021076;Salorno;Bolzano;1;3.798;23,75;;6,85;;2,49;2,92;;20,29
04021077;San Candido;Bolzano;1;3.410;20,02;;6,37;;4,01;3,43;;24,84
04021079;San Genesio Atesino;Bolzano;1;3.140;19,25;;7,13;;2,48;0,43;2,80;20,43
04021080;San Leonardo in Passiria;Bolzano;1;3.556;9,50;;8,24;;1,27;2,95;;20,10
04021081;San Lorenzo di Sebato;Bolzano;1;3.859;9,86;;9,77;;1,19;0,91;;17,15
04021082;San Martino in Badia;Bolzano;1;1.791;9,80;;5,89;;;1,67;0,60;16,16
04021083;San Martino in Passiria;Bolzano;1;3.218;9,90;;6,81;;0,38;2,59;;18,75
04021084;San Pancrazio;Bolzano;1;1.537;19,31;;11,68;;1,43;2,63;;30,37
04021086;Sarentino;Bolzano;1;7.170;29,17;;;;2,10;0,90;1,34;25,29
04021087;Scena;Bolzano;1;2.952;9,77;;8,25;;;5,31;;16,99
04021088;Selva dei Molini;Bolzano;1;1.428;11,50;;4,20;;0,42;4,50;;15,56
04021089;Selva di Val Gardena;Bolzano;1;2.558;5,31;;5,46;;0,73;1,96;0,14;10,93
04021091;Senales;Bolzano;1;1.241;8,77;;11,97;;0,57;2,58;0,96;19,98
04021118;Senale-San Felice;Bolzano;1;786;9,60;;1,03;;2,07;0,69;;15,23
04021092;Sesto;Bolzano;1;1.849;10,28;;13,66;;1,48;2,54;;23,85
04021093;Silandro;Bolzano;1;6.205;7,18;;5,49;;4,11;;;12,53
04021094;Sluderno;Bolzano;1;1.812;8,41;;1,12;;2,34;3,33;;21,94
04021095;Stelvio;Bolzano;1;1.153;9,11;;8,69;;;9,16;2,53;27,95
04021096;Terento;Bolzano;1;1.801;21,48;;2,48;;2,11;5,85;;16,54
04021097;Terlano;Bolzano;1;4.590;8,05;;16,20;;7,43;0,41;;25,70
04021098;Termeno sulla strada del vino;Bolzano;1;3.454;8,40;;5,57;;0,79;2,80;;14,35
04021099;Tesimo;Bolzano;1;2.001;10,27;;4,65;;6,29;3,15;;23,93
04021100;Tires;Bolzano;1;1.016;10,69;;8,07;;1,25;1,19;;20,07
04021101;Tirolo;Bolzano;1;2.414;8,96;;4,10;;;10,04;0,22;20,62
04021102;Trodena nel parco naturale;Bolzano;1;1.060;23,26;;4,59;;0,26;6,31;;19,49
04021103;Tubre;Bolzano;1;949;15,14;;5,77;;3,28;0,84;;22,99
04021104;Ultimo;Bolzano;1;2.904;10,60;;6,37;;0,85;3,46;;22,05
04021105;Vadena;Bolzano;1;1.083;19,00;;10,74;;0,30;0,62;0,68;22,91
04021107;Val di Vizze;Bolzano;1;3.089;16,85;;4,22;;1,04;1,54;;15,66
04021106;Valdaora;Bolzano;1;3.143;12,70;;10,08;;0,59;2,07;2,11;20,32
04021108;Valle Aurina;Bolzano;1;5.973;35,36;;8,84;;1,98;1,32;;19,74
04021109;Valle di Casies;Bolzano;1;2.325;8,50;;6,03;;0,21;3,46;;15,02
04021110;Vandoies;Bolzano;1;3.315;21,37;;7,27;;2,23;1,31;;16,29
04021111;Varna;Bolzano;1;4.810;19,16;;7,29;;1,74;0,09;0,17;20,63
04021116;Velturno;Bolzano;1;2.995;14,82;;8,11;;1,12;1,72;;19,62
04021112;Verano;Bolzano;1;995;12,28;;9,01;;1,40;5,04;1,15;25,29
04021113;Villabassa;Bolzano;1;1.587;6,95;;15,36;;;7,56;;26,91
04021114;Villandro;Bolzano;1;1.883;19,70;;8,02;;3,73;1,41;;24,02
04021115;Vipiteno;Bolzano;1;7.084;16,52;;10,01;;4,28;1,58;;23,52
03017001;Acquafredda;Brescia;1;1.510;15,72;;6,18;;0,82;5,77;0,59;19,05
03017002;Adro;Brescia;1;7.103;11,82;;11,08;;0,72;3,98;0,36;20,58
03017003;Agnosine;Brescia;1;1.644;9,45;;10,92;;;6,70;5,55;28,29
03017004;Alfianello;Brescia;1;2.388;15,55;;14,02;;1,23;2,63;3,12;30,30
03017005;Anfo;Brescia;1;446;17,96;;12,50;;;7,81;7,50;33,45
03017006;Angolo Terme;Brescia;1;2.345;14,72;;21,36;;5,63;5,90;5,69;40,06
03017007;Artogne;Brescia;1;3.545;8,64;;17,08;;1,56;5,01;3,20;27,85
03017008;Azzano Mella;Brescia;1;3.315;28,19;;20,08;;;;1,02;32,24
03017009;Bagnolo Mella;Brescia;1;12.406;16,11;;5,06;;2,41;3,94;3,10;18,51
03017010;Bagolino;Brescia;1;3.772;10,66;;17,97;;;3,42;2,70;27,55
03017011;Barbariga;Brescia;1;2.282;11,03;;12,52;;2,05;5,08;1,26;25,36
03017012;Barghe;Brescia;1;1.147;16,75;;8,21;;1,74;2,97;3,35;22,02
03017013;Bassano Bresciano;Brescia;1;2.311;19,95;;13,15;;3,00;2,25;1,97;26,72
03017014;Bedizzole;Brescia;1;12.187;8,83;;11,45;;1,04;2,56;1,54;26,62
03017015;Berlingo;Brescia;1;2.731;7,75;;10,78;;0,38;5,22;1,47;22,32
03017016;Berzo Demo;Brescia;1;1.562;20,45;;20,12;;1,31;5,20;2,67;32,49
03017017;Berzo Inferiore;Brescia;1;2.436;15,66;;11,77;;2,24;3,49;2,52;26,20
03017018;Bienno;Brescia;1;3.777;13,62;;14,64;;3,52;2,46;4,58;27,68
03017019;Bione;Brescia;1;1.319;12,31;;12,12;;0,11;3,15;4,29;24,74
03017020;Borgo San Giacomo;Brescia;1;5.377;9,28;;8,23;;1,46;1,60;1,79;17,56
03017021;Borgosatollo;Brescia;1;9.021;3,39;;7,67;;0,90;0,60;1,98;14,36
03017022;Borno;Brescia;1;2.519;18,55;;16,24;;3,75;2,67;1,73;28,09
03017023;Botticino;Brescia;1;10.568;9,89;;9,31;;1,57;3,37;0,62;19,06
03017024;Bovegno;Brescia;1;2.053;10,20;;19,59;;;6,50;5,96;34,49
03017025;Bovezzo;Brescia;1;7.393;10,73;;11,64;;4,84;4,20;2,62;28,24
03017026;Brandico;Brescia;1;1.678;48,08;;8,09;;0,26;1,44;1,47;23,32
03017027;Braone;Brescia;1;683;13,25;;12,67;;2,42;5,01;2,33;24,57
03017028;Breno;Brescia;1;4.694;16,11;;13,32;;1,34;2,72;4,09;24,06
03017029;Brescia;Brescia;1;195.102;14,36;;15,80;;7,61;2,79;4,54;44,23
03017030;Brione;Brescia;1;736;11,76;;10,09;;;3,88;1,43;21,80
03017031;Caino;Brescia;1;2.097;8,64;;18,31;;2,93;5,68;4,59;33,36
03017032;Calcinato;Brescia;1;12.810;6,76;;5,09;;0,72;9,97;3,06;23,34
03017033;Calvagese della Riviera;Brescia;1;3.552;8,41;;4,98;;0,39;9,87;9,20;28,65
03017034;Calvisano;Brescia;1;8.402;13,37;;14,32;;1,02;7,33;1,91;29,67
03017035;Capo di Ponte;Brescia;1;2.406;24,88;;17,09;;3,21;3,35;2,75;29,79
03017036;Capovalle;Brescia;1;346;9,54;;12,88;;3,38;2,17;4,43;26,60
03017037;Capriano del Colle;Brescia;1;4.622;14,04;;10,80;;0,82;1,64;2,03;21,09
03017038;Capriolo;Brescia;1;9.298;7,13;;8,05;;1,52;1,77;2,45;18,59
03017039;Carpenedolo;Brescia;1;12.877;7,11;;9,06;;1,65;7,22;1,72;24,16
03017040;Castegnato;Brescia;1;8.328;5,82;;9,10;;1,52;1,55;1,20;18,26
03017042;Castel Mella;Brescia;1;10.848;9,94;;6,77;;1,67;2,94;0,51;17,58
03017041;Castelcovati;Brescia;1;6.633;6,29;;5,25;;1,89;6,60;3,27;21,11
03017043;Castenedolo;Brescia;1;11.386;10,37;;11,76;;2,07;6,45;3,89;28,82
03017044;Casto;Brescia;1;1.643;13,40;;10,56;;0,30;1,58;4,24;21,76
03017045;Castrezzato;Brescia;1;7.443;11,77;;12,35;;1,38;3,14;3,20;36,20
03017046;Cazzago San Martino;Brescia;1;10.928;5,77;;8,98;;0,55;5,31;2,06;21,82
03017047;Cedegolo;Brescia;1;1.105;19,25;;16,03;;0,82;4,27;1,99;26,12
03017048;Cellatica;Brescia;1;4.904;13,38;;13,28;;1,91;3,36;6,35;29,63
03017049;Cerveno;Brescia;1;655;15,80;;16,61;;0,18;5,53;2,47;28,85
03017050;Ceto;Brescia;1;1.796;8,98;;3,37;;1,35;8,73;;19,78
03017051;Cevo;Brescia;1;829;11,03;;20,96;;1,58;6,77;2,80;32,88
03017052;Chiari;Brescia;1;19.087;15,08;;9,75;;2,09;3,41;3,53;22,47
03017054;Cimbergo;Brescia;1;532;5,21;;17,06;;2,17;6,35;2,40;25,95
03017055;Cividate Camuno;Brescia;1;2.721;15,40;;14,65;;1,83;2,86;2,87;25,38
03017056;Coccaglio;Brescia;1;8.723;13,28;;14,44;;0,16;1,50;0,36;20,46
03017057;Collebeato;Brescia;1;4.542;12,85;;11,74;;2,24;5,00;2,96;27,55
03017058;Collio;Brescia;1;2.067;0,19;;26,20;;9,40;2,73;2,55;29,61
03017059;Cologne;Brescia;1;7.495;14,79;;13,89;;2,14;3,99;0,38;26,50
03017060;Comezzano-Cizzago;Brescia;1;3.990;4,95;;10,93;;0,52;2,97;2,18;20,21
03017061;Concesio;Brescia;1;15.537;5,62;;7,68;;2,93;1,72;2,38;19,36
03017062;Corte Franca;Brescia;1;7.135;4,05;;8,25;;2,22;3,65;2,24;20,09
03017063;Corteno Golgi;Brescia;1;1.913;27,86;;2,68;;4,40;3,25;1,64;37,26
03017064;Corzano;Brescia;1;1.402;14,45;;6,34;;0,16;1,78;1,40;16,22
03017065;Darfo Boario Terme;Brescia;1;15.598;13,60;;17,00;;0,09;0,27;1,47;22,23
03017066;Dello;Brescia;1;5.528;6,67;;8,49;;0,59;5,07;0,07;19,95
03017067;Desenzano del Garda;Brescia;1;29.314;5,70;;6,29;;1,30;13,00;2,94;28,66
03017068;Edolo;Brescia;1;4.466;12,06;;13,06;;2,17;1,42;5,35;24,23
03017069;Erbusco;Brescia;1;8.531;4,62;;9,88;;1,32;4,85;1,30;21,43
03017071;Fiesse;Brescia;1;2.000;13,87;;11,97;;0,60;1,78;0,22;19,39
03017072;Flero;Brescia;1;8.774;9,47;;7,41;;1,79;2,51;2,83;18,05
03017073;Gambara;Brescia;1;4.578;6,69;;7,32;;0,33;2,63;0,87;16,34
03017074;Gardone Riviera;Brescia;1;2.627;12,58;;8,82;;4,08;24,73;4,51;48,56
03017075;Gardone Val Trompia;Brescia;1;11.390;12,15;;17,51;;3,70;7,36;4,70;48,64
03017076;Gargnano;Brescia;1;2.766;5,54;;7,25;;1,30;15,41;5,70;35,98
03017077;Gavardo;Brescia;1;12.249;12,27;;9,58;;2,96;5,75;2,90;26,68
03017078;Ghedi;Brescia;1;18.396;5,49;;8,88;;2,18;7,83;1,18;24,45
03017079;Gianico;Brescia;1;2.152;22,11;;13,45;;0,53;2,65;1,82;21,58
03017080;Gottolengo;Brescia;1;4.933;15,49;;13,48;;2,67;3,05;0,93;23,66
03017081;Gussago;Brescia;1;16.359;4,29;;9,69;;1,07;2,72;2,47;20,50
03017082;Idro;Brescia;1;1.893;12,66;;13,37;;0,84;2,14;6,81;28,41
03017083;Incudine;Brescia;1;346;15,13;;11,76;;14,06;13,39;1,77;47,48
03017084;Irma;Brescia;1;132;9,08;;31,78;;;15,79;7,98;51,77
03017085;Iseo;Brescia;1;9.019;15,84;;17,84;;5,52;2,77;3,10;34,06
03017086;Isorella;Brescia;1;4.059;8,21;;10,55;;0,67;4,54;3,52;24,00
03017087;Lavenone;Brescia;1;481;14,87;;17,44;;;6,72;9,29;36,99
03017088;Leno;Brescia;1;13.956;14,88;;6,04;;2,54;4,57;2,03;21,87
03017089;Limone sul Garda;Brescia;1;1.136;6,84;;7,81;;2,99;18,29;2,87;38,98
03017090;Lodrino;Brescia;1;1.633;8,47;;19,80;;0,19;7,54;2,70;32,09
03017091;Lograto;Brescia;1;3.718;9,78;;12,16;;1,13;3,08;4,30;25,08
03017092;Lonato del Garda;Brescia;1;16.617;20,39;;4,17;;0,84;10,10;3,72;25,60
03017093;Longhena;Brescia;1;561;17,28;;11,59;;0,76;3,94;0,40;19,36
03017094;Losine;Brescia;1;610;11,24;;14,09;;4,13;5,56;2,79;30,42
03017095;Lozio;Brescia;1;375;14,06;;15,48;;;6,55;1,63;31,24
03017096;Lumezzane;Brescia;1;21.648;5,00;;8,97;;2,91;7,05;2,28;25,16
03017097;Maclodio;Brescia;1;1.462;17,24;;5,80;;1,86;3,36;;19,04
03017098;Magasa;Brescia;1;105;7,99;;4,83;;;16,33;1,80;29,47
03017099;Mairano;Brescia;1;3.442;11,56;;7,68;;1,58;4,12;3,30;21,89
03017100;Malegno;Brescia;1;1.982;17,77;;15,98;;2,26;4,47;5,20;30,56
03017101;Malonno;Brescia;1;3.092;9,82;;15,39;;2,85;2,49;2,09;24,64
03017102;Manerba del Garda;Brescia;1;5.321;8,30;;6,08;;2,02;13,68;3,28;31,40
03017103;Manerbio;Brescia;1;13.128;4,30;;6,55;;0,70;9,74;4,60;25,18
03017104;Marcheno;Brescia;1;4.174;7,01;;7,28;;1,13;6,43;4,51;23,47
03017105;Marmentino;Brescia;1;659;0,31;;21,31;;5,97;3,23;3,55;32,24
03017106;Marone;Brescia;1;3.116;14,25;;12,23;;1,84;2,36;2,79;25,08
03017108;Milzano;Brescia;1;1.736;15,38;;6,59;;1,17;4,68;3,82;21,32
03017109;Moniga del Garda;Brescia;1;2.541;6,77;;7,12;;2,57;12,55;2,30;29,22
03017111;Monte Isola;Brescia;1;1.646;9,96;;24,67;;4,82;2,67;11,36;49,16
03017112;Monticelli Brusati;Brescia;1;4.542;11,15;;15,96;;;10,42;5,07;42,75
03017113;Montichiari;Brescia;1;25.739;7,70;;8,45;;2,02;6,65;0,93;22,99
03017114;Montirone;Brescia;1;5.023;11,65;;11,20;;0,87;8,68;1,48;27,10
03017115;Mura;Brescia;1;773;9,11;;16,01;;11,38;4,68;5,24;40,31
03017116;Muscoline;Brescia;1;2.634;9,49;;8,40;;0,39;3,76;3,21;21,09
03017117;Nave;Brescia;1;10.443;7,82;;10,26;;3,06;3,71;2,40;24,13
03017118;Niardo;Brescia;1;1.983;15,38;;10,23;;1,47;4,27;6,73;25,33
03017119;Nuvolento;Brescia;1;3.867;20,61;;5,73;;;4,65;5,37;20,31
03017120;Nuvolera;Brescia;1;4.643;6,66;;3,06;;0,83;3,75;5,68;17,80
03017121;Odolo;Brescia;1;1.911;9,79;;11,80;;3,10;3,63;6,32;29,28
03017122;Offlaga;Brescia;1;4.054;13,90;;10,77;;;1,54;1,94;19,31
03017123;Ome;Brescia;1;3.195;;;10,45;;;4,18;3,00;22,80
03017124;Ono San Pietro;Brescia;1;968;22,83;;19,25;;3,02;6,54;2,76;34,85
03017125;Orzinuovi;Brescia;1;12.315;6,74;;10,49;;3,03;1,35;1,97;20,75
03017126;Orzivecchi;Brescia;1;2.426;14,68;;11,60;;0,67;2,42;1,35;20,19
03017127;Ospitaletto;Brescia;1;14.107;3,92;;5,85;;1,66;5,48;2,84;18,50
03017128;Ossimo;Brescia;1;1.502;20,36;;16,54;;1,80;4,16;7,83;32,79
03017129;Padenghe sul Garda;Brescia;1;4.696;7,58;;6,65;;4,39;12,77;11,24;40,55
03017130;Paderno Franciacorta;Brescia;1;3.602;5,84;;9,97;;0,67;2,13;3,22;20,20
03017131;Paisco Loveno;Brescia;1;173;22,69;;12,64;;;16,95;1,74;36,20
03017132;Paitone;Brescia;1;2.139;13,86;;7,99;;;5,48;7,80;28,53
03017133;Palazzolo sull'Oglio;Brescia;1;19.975;9,50;;9,91;;2,67;;2,04;19,52
03017134;Paratico;Brescia;1;4.815;12,09;;16,22;;0,50;3,75;3,28;29,28
03017135;Paspardo;Brescia;1;592;6,17;;16,17;;1,78;5,54;1,92;24,38
03017136;Passirano;Brescia;1;6.892;10,64;;4,93;;1,03;5,54;1,76;18,37
03017139;Pertica Alta;Brescia;1;558;7,87;;8,82;;4,64;6,11;3,34;26,84
03017140;Pertica Bassa;Brescia;1;582;5,95;;7,55;;;3,73;4,92;19,85
03017141;Pezzaze;Brescia;1;1.455;5,43;;12,74;;;3,64;2,85;21,55
03017142;Pian Camuno;Brescia;1;4.684;16,97;;16,66;;1,15;2,82;2,91;28,94
03017206;Piancogno;Brescia;1;4.694;15,34;;17,80;;;1,78;1,27;23,72
03017143;Pisogne;Brescia;1;7.872;15,24;;17,08;;2,27;2,59;0,48;26,39
03017144;Polaveno;Brescia;1;2.434;11,47;;12,42;;0,74;4,87;0,33;22,25
03017145;Polpenazze del Garda;Brescia;1;2.660;6,24;;9,35;;0,53;14,96;4,41;33,06
03017146;Pompiano;Brescia;1;3.744;8,94;;8,44;;0,35;5,66;1,57;21,26
03017147;Poncarale;Brescia;1;5.142;14,62;;12,53;;1,57;7,07;3,02;30,22
03017149;Pontevico;Brescia;1;6.910;4,91;;3,41;;0,39;9,44;1,12;19,06
03017150;Pontoglio;Brescia;1;6.855;12,22;;13,19;;3,26;4,62;3,16;28,56
03017151;Pozzolengo;Brescia;1;3.533;4,16;;5,97;;1,46;12,06;2,51;25,65
03017153;Preseglie;Brescia;1;1.493;11,82;;11,55;;0,05;2,73;3,82;23,43
03017155;Prevalle;Brescia;1;6.723;15,20;;10,14;;0,51;6,15;2,28;30,25
03017156;Provaglio d'Iseo;Brescia;1;7.219;11,79;;9,38;;;6,70;0,84;23,97
03017157;Provaglio Val Sabbia;Brescia;1;890;5,43;;9,11;;3,77;4,05;4,41;24,30
03017158;Puegnago sul Garda;Brescia;1;3.469;4,04;;4,96;;0,48;10,30;11,10;31,71
03017159;Quinzano d'Oglio;Brescia;1;6.123;11,95;;7,68;;0,87;1,90;1,56;19,54
03017160;Remedello;Brescia;1;3.333;18,28;;12,01;;2,38;11,80;1,60;34,24
03017161;Rezzato;Brescia;1;13.146;5,87;;12,46;;3,25;4,58;2,55;28,77
03017162;Roccafranca;Brescia;1;4.780;10,22;;14,60;;1,56;2,06;1,44;22,98
03017163;Rodengo Saiano;Brescia;1;9.708;3,70;;9,98;;1,93;4,43;1,56;21,53
03017164;Roe Volciano;Brescia;1;4.337;17,44;;10,49;;0,26;3,40;4,75;24,62
03017165;Roncadelle;Brescia;1;9.283;11,16;;12,11;;1,64;4,65;1,37;31,13
03017166;Rovato;Brescia;1;18.841;3,81;;9,21;;2,87;2,21;2,34;20,49
03017168;Sabbio Chiese;Brescia;1;3.959;9,42;;10,71;;1,52;3,23;3,05;23,45
03017169;Sale Marasino;Brescia;1;3.310;14,13;;9,86;;4,04;3,30;3,23;25,05
03017170;Salo;Brescia;1;10.463;9,07;;6,75;;2,11;15,69;2,29;32,26
03017171;San Felice del Benaco;Brescia;1;3.451;6,45;;8,38;;1,12;17,17;4,84;36,73
03017172;San Gervasio Bresciano;Brescia;1;2.620;11,27;;10,99;;0,76;2,90;2,17;21,55
03017173;San Zeno Naviglio;Brescia;1;4.662;5,33;;9,31;;2,04;3,23;2,06;20,35
03017174;Sarezzo;Brescia;1;13.166;6,67;;9,48;;2,38;4,42;2,58;22,95
03017175;Saviore dell'Adamello;Brescia;1;847;12,00;;28,72;;2,48;8,80;3,76;41,51
03017176;Sellero;Brescia;1;1.419;11,38;;17,63;;1,00;4,32;2,12;26,16
03017177;Seniga;Brescia;1;1.434;25,40;;6,15;;4,37;0,42;3,08;23,05
03017178;Serle;Brescia;1;3.058;17,90;;12,71;;;1,96;3,56;23,88
03017179;Sirmione;Brescia;1;8.126;7,85;;8,02;;5,23;4,70;4,01;28,44
03017180;Soiano del Lago;Brescia;1;1.940;4,60;;8,48;;0,30;15,58;1,90;30,50
03017181;Sonico;Brescia;1;1.222;16,75;;16,92;;3,70;3,96;1,64;29,89
03017182;Sulzano;Brescia;1;1.923;11,99;;17,65;;3,63;7,51;1,36;48,77
03017183;Tavernole sul Mella;Brescia;1;1.206;0,03;;19,95;;3,85;2,77;3,28;28,35
03017184;Temu;Brescia;1;1.110;22,16;;2,61;;2,17;2,39;1,16;25,64
03017185;Tignale;Brescia;1;1.192;10,34;;5,06;;5,81;16,23;2,30;38,47
03017186;Torbole Casaglia;Brescia;1;6.311;3,83;;11,63;;0,20;4,36;0,64;20,49
03017187;Toscolano-Maderno;Brescia;1;7.634;9,03;;6,79;;1,59;16,88;3,59;34,51
03017188;Travagliato;Brescia;1;13.606;5,88;;8,86;;2,56;5,93;0,52;21,28
03017189;Tremosine sul Garda;Brescia;1;2.061;6,57;;8,78;;2,53;16,49;2,10;37,41
03017190;Trenzano;Brescia;1;5.375;19,62;;15,73;;1,78;6,46;1,10;30,93
03017191;Treviso Bresciano;Brescia;1;518;8,17;;8,19;;;5,27;3,21;20,64
03017192;Urago d'Oglio;Brescia;1;3.687;24,47;;14,88;;1,48;4,31;2,53;36,87
03017193;Vallio Terme;Brescia;1;1.416;45,20;;8,09;;0,08;3,41;4,37;24,70
03017194;Valvestino;Brescia;1;169;9,90;;4,81;;5,77;19,70;1,89;39,28
03017195;Verolanuova;Brescia;1;8.012;3,90;;3,55;;1,30;7,97;0,91;18,07
03017196;Verolavecchia;Brescia;1;3.746;12,53;;13,97;;1,70;1,07;2,14;26,19
03017197;Vestone;Brescia;1;4.200;16,00;;11,58;;0,05;3,06;5,66;26,94
03017198;Vezza d'Oglio;Brescia;1;1.466;11,74;;16,59;;3,33;2,66;3,87;28,79
03017199;Villa Carcina;Brescia;1;10.430;7,93;;14,22;;1,50;4,84;3,67;37,39
03017200;Villachiara;Brescia;1;1.367;11,30;;10,83;;1,93;3,88;4,15;24,75
03017201;Villanuova sul Clisi;Brescia;1;5.774;15,81;;9,71;;1,74;2,91;2,81;23,44
03017202;Vione;Brescia;1;636;12,84;;16,15;;7,00;6,38;2,08;36,41
03017203;Visano;Brescia;1;1.998;19,78;;8,63;;1,95;4,82;5,56;29,44
03017204;Vobarno;Brescia;1;8.173;15,05;;9,52;;0,59;2,35;4,30;23,22
03017205;Zone;Brescia;1;1.032;15,70;;22,21;;;6,88;2,16;37,84
16074002;Carovigno;Brindisi;1;16.903;5,73;;23,48;;5,28;0,78;;33,36
16074005;Cisternino;Brindisi;1;11.244;28,52;;18,34;;6,23;6,04;5,11;50,60
16074007;Fasano;Brindisi;1;39.026;21,67;;30,28;;2,66;6,07;1,74;51,00
16074008;Francavilla Fontana;Brindisi;1;35.290;9,26;;15,84;;4,08;9,29;7,39;44,80
16074010;Mesagne;Brindisi;1;25.714;9,96;;20,52;;3,15;4,91;0,87;37,50
16074011;Oria;Brindisi;1;14.711;6,00;;13,82;;4,96;4,56;0,17;22,47
16074012;Ostuni;Brindisi;1;30.371;8,16;;33,90;;7,20;2,21;2,60;45,53
16074013;San Donaci;Brindisi;1;6.249;;;;;;7,38;0,24;20,82
16074020;Villa Castelli;Brindisi;1;9.006;11,20;;16,51;;6,22;13,80;3,24;40,81
20092003;Assemini;Cagliari [fino 2024];1;26.121;11,78;;6,88;;4,84;13,67;4,17;39,47
20092009;Cagliari;Cagliari [fino 2024];1;149.474;26,88;;24,14;;15,74;10,27;5,87;66,25
20092015;Decimomannu;Cagliari [fino 2024];1;8.263;;;20,83;;;5,15;0,07;31,27
20092108;Elmas;Cagliari [fino 2024];1;9.249;9,59;;13,10;;5,27;3,14;3,89;31,92
20092037;Maracalagonis;Cagliari [fino 2024];1;7.909;24,48;;19,22;;3,52;2,40;2,57;37,76
20092109;Monserrato;Cagliari [fino 2024];1;19.289;14,74;;18,02;;6,13;4,26;3,03;39,17
20092051;Quartu Sant'Elena;Cagliari [fino 2024];1;67.823;10,65;;9,49;;7,71;12,11;5,76;42,68
20092105;Quartucciu;Cagliari [fino 2024];1;13.084;7,87;;16,07;;6,40;;;28,04
20092066;Sarroch;Cagliari [fino 2024];1;5.170;15,45;;14,16;;10,49;1,62;9,42;46,69
20092068;Selargius;Cagliari [fino 2024];1;28.631;13,96;;17,02;;5,74;6,88;11,49;48,00
20092074;Sestu;Cagliari [fino 2024];1;20.837;13,56;;13,75;;4,24;6,04;2,15;37,88
20092080;Sinnai;Cagliari [fino 2024];1;17.000;10,10;;18,39;;5,51;2,77;1,61;34,92
20092090;Uta;Cagliari [fino 2024];1;8.716;17,43;;15,30;;1,67;1,82;4,13;27,36
19085003;Butera;Caltanissetta;1;4.284;48,70;;18,82;;7,15;10,85;0,30;54,53
19085004;Caltanissetta - Dato aggregazione SOCIETA' REGOLAMENTAZIONE RIFIUTI CALTANISSETTA PROVINCIA NORD;Caltanissetta;15;118.829;14,92;;23,63;;2,90;6,96;0,33;43,68
19085007;Gela;Caltanissetta;1;71.535;22,79;;13,92;;4,59;3,31;2,00;28,29
19085013;Niscemi;Caltanissetta;1;25.603;9,51;;17,44;;5,49;2,83;0,44;31,36
19085015;Riesi;Caltanissetta;1;10.854;14,22;;14,19;;10,86;2,74;1,35;38,11
14070001;Acquaviva Collecroce;Campobasso;1;591;25,64;;26,67;;1,26;4,40;1,89;40,25
14070003;Bojano;Campobasso;1;7.500;7,03;;10,83;;3,04;3,21;1,07;21,63
14070004;Bonefro;Campobasso;1;1.259;22,63;;17,06;;0,49;8,36;3,04;33,40
14070005;Busso;Campobasso;1;1.184;20,19;;20,01;;0,40;1,75;1,00;37,85
14070006;Campobasso;Campobasso;1;47.849;8,54;;33,76;;2,89;5,23;3,12;38,00
14070007;Campochiaro;Campobasso;1;596;8,84;;19,30;;9,36;12,00;0,86;43,60
14070008;Campodipietra;Campobasso;1;2.447;35,51;;58,00;;;4,29;;61,56
14070009;Campolieto;Campobasso;1;819;18,07;;10,15;;5,94;3,41;;37,70
14070011;Casacalenda;Campobasso;1;1.981;68,04;;5,08;;6,13;2,54;;30,61
14070012;Casalciprano;Campobasso;1;493;33,91;;35,95;;1,49;5,57;;53,61
14070013;Castelbottaccio;Campobasso;1;264;11,29;;27,25;;6,71;10,94;13,10;55,07
14070015;Castelmauro;Campobasso;1;1.320;20,00;;10,37;;0,62;12,77;0,93;39,25
14070016;Castropignano;Campobasso;1;887;7,26;;15,44;;1,89;7,31;;30,07
14070017;Cercemaggiore;Campobasso;1;3.617;20,83;;20,19;;3,82;2,02;;32,19
14070018;Cercepiccola;Campobasso;1;623;24,79;;34,21;;7,69;13,03;;57,53
14070019;Civitacampomarano;Campobasso;1;323;20,00;;15,27;;2,05;15,19;21,94;61,10
14070020;Colle d'Anchise;Campobasso;1;746;9,13;;18,04;;4,47;3,28;;28,84
14070021;Colletorto;Campobasso;1;1.721;10,20;;7,24;;8,50;5,60;3,76;31,46
14070022;Duronia;Campobasso;1;398;27,03;;;;;4,87;;33,06
14070023;Ferrazzano;Campobasso;1;3.168;40,16;;29,15;;6,56;2,76;;46,23
14070024;Fossalto;Campobasso;1;1.208;;;18,16;;7,47;1,12;;31,95
14070026;Gildone;Campobasso;1;759;12,36;;60,90;;;;;38,04
14070027;Guardialfiera;Campobasso;1;957;9,34;;9,95;;4,03;8,04;3,10;29,80
14070028;Guardiaregia;Campobasso;1;731;31,11;;8,64;;;;;34,86
14070030;Jelsi;Campobasso;1;1.681;24,52;;59,67;;;1,72;;52,44
14070031;Larino - Dato aggregazione UNIONE DEI COMUNI DEL BASSO BIFERNO;Campobasso;9;36.578;10,82;;21,26;;;1,79;3,09;29,01
14070032;Limosano;Campobasso;1;717;14,21;;0,09;;3,75;7,37;1,18;26,58
14070033;Lucito;Campobasso;1;640;6,91;;10,54;;9,91;1,73;;29,59
14070034;Lupara;Campobasso;1;439;18,52;;8,70;;4,14;2,96;7,69;40,24
14070035;Macchia Valfortore;Campobasso;1;503;;;;;;;5,47;21,89
14070036;Mafalda;Campobasso;1;1.116;9,52;;22,50;;2,50;2,71;0,53;33,94
14070037;Matrice;Campobasso;1;1.068;77,29;;24,10;;2,96;10,29;;51,61
14070040;Monacilioni;Campobasso;1;474;28,98;;28,23;;3,72;10,01;;54,54
14070043;Montefalcone nel Sannio;Campobasso;1;1.443;35,48;;22,99;;2,44;0,49;1,22;34,39
14070044;Montelongo;Campobasso;1;328;;;357,42;;;7,14;1,22;92,70
14070049;Oratino;Campobasso;1;1.685;18,34;;18,33;;3,23;3,13;;40,09
14070050;Palata;Campobasso;1;1.618;10,23;;11,54;;2,26;2,59;0,31;27,30
14070052;Petrella Tifernina;Campobasso;1;1.074;11,88;;13,55;;2,54;3,84;;25,90
14070057;Riccia;Campobasso;1;4.970;20,06;;22,36;;4,02;9,77;;43,29
14070060;Roccavivara;Campobasso;1;654;22,78;;;;1,81;14,98;;33,85
14070061;Rotello;Campobasso;1;1.156;;;38,00;;5,06;1,46;;37,18
14070066;San Giovanni in Galdo;Campobasso;1;526;18,70;;57,37;;15,78;1,87;;63,20
14070067;San Giuliano del Sannio;Campobasso;1;943;18,84;;29,92;;6,37;4,57;;44,55
14070068;San Giuliano di Puglia;Campobasso;1;1.003;;;17,91;;0,86;1,25;0,03;19,85
14070071;San Polo Matese;Campobasso;1;471;8,78;;23,50;;4,91;2,48;1,19;31,73
14070073;Sant'Angelo Limosano;Campobasso;1;323;31,97;;39,15;;6,67;20,18;3,69;74,10
14070074;Sant'Elia a Pianisi;Campobasso;1;1.615;11,94;;19,28;;5,29;5,74;3,27;36,07
14070077;Tavenna;Campobasso;1;630;55,48;;7,43;;0,31;9,87;;45,27
14070078;Termoli;Campobasso;1;32.949;14,95;;13,69;;2,60;6,25;5,82;37,92
14070079;Torella del Sannio;Campobasso;1;719;8,46;;15,52;;3,16;7,41;;32,53
14070080;Toro;Campobasso;1;1.279;13,06;;55,60;;;0,95;;28,74
14070081;Trivento;Campobasso;1;4.520;23,50;;15,89;;6,03;1,56;1,34;40,50
15061001;Ailano;Caserta;1;1.283;35,69;;34,47;;;3,17;4,24;53,63
15061003;Alvignano;Caserta;1;4.660;8,30;;29,70;;1,63;2,50;;39,68
15061004;Arienzo;Caserta;1;5.331;56,35;;0,41;;0,28;30,21;0,28;54,96
15061005;Aversa;Caserta;1;51.228;17,29;;20,99;;6,49;3,92;;44,54
15061006;Baia e Latina;Caserta;1;2.058;0,33;;47,75;;;5,22;1,83;45,41
15061007;Bellona;Caserta;1;6.067;14,30;;30,56;;0,77;4,08;0,28;45,16
15061009;Caiazzo;Caserta;1;5.277;31,47;;23,71;;4,53;1,68;;44,48
15061011;Camigliano;Caserta;1;1.989;18,05;;0,68;;1,54;2,15;5,84;29,68
15061013;Capodrise;Caserta;1;10.104;24,99;;18,76;;2,27;1,38;1,72;38,28
15061016;Carinaro;Caserta;1;7.126;14,66;;;;1,59;10,21;;34,26
15061017;Carinola;Caserta;1;7.241;21,18;;21,20;;2,41;9,23;10,06;56,53
15061018;Casagiove;Caserta;1;13.285;56,55;;0,40;;0,05;0,27;2,93;40,65
15061019;Casal di Principe;Caserta;1;21.471;6,77;;28,23;;0,34;1,37;;30,25
15061020;Casaluce;Caserta;1;9.568;27,05;;;;;;;38,45
15061103;Casapesenna;Caserta;1;6.873;15,47;;10,47;;3,27;2,06;1,87;32,48
15061021;Casapulla;Caserta;1;8.389;10,98;;16,88;;10,36;2,07;;40,86
15061022;Caserta;Caserta;1;73.398;12,05;;31,30;;7,82;11,54;;60,21
15061023;Castel Campagnano;Caserta;1;1.491;11,46;;44,35;;2,50;4,32;12,12;62,46
15061024;Castel di Sasso;Caserta;1;1.095;9,63;;26,20;;0,16;4,04;;31,73
15061026;Castel Morrone;Caserta;1;3.678;11,50;;30,08;;;5,76;;43,20
15061027;Castel Volturno;Caserta;1;26.972;19,16;;9,80;;2,30;7,68;;39,39
15061025;Castello del Matese;Caserta;1;1.433;27,25;;22,51;;2,33;;1,59;38,12
15061030;Ciorlano;Caserta;1;376;37,55;;19,43;;1,79;2,90;2,23;60,46
15061031;Conca della Campania;Caserta;1;1.182;25,95;;28,97;;;3,31;10,55;55,16
15061033;Dragoni;Caserta;1;2.027;61,61;;9,36;;1,54;3,76;14,84;50,73
15061101;Falciano del Massico;Caserta;1;3.425;74,03;;;;8,40;0,71;0,15;51,66
15061034;Fontegreca;Caserta;1;765;13,68;;46,51;;0,34;16,96;;49,70
15061035;Formicola;Caserta;1;1.383;18,27;;23,63;;1,19;1,46;;35,70
15061039;Galluccio;Caserta;1;2.028;33,77;;30,21;;5,86;4,69;;52,59
15061041;Gioia Sannitica;Caserta;1;3.409;9,56;;0,69;;;1,64;;15,60
15061043;Gricignano di Aversa;Caserta;1;12.682;9,20;;12,96;;5,38;3,81;;34,91
15061044;Letino;Caserta;1;639;16,21;;9,68;;;9,22;22,84;60,25
15061045;Liberi;Caserta;1;1.079;8,79;;18,15;;;0,57;8,59;33,02
15061046;Lusciano;Caserta;1;15.907;23,79;;19,53;;;2,93;;40,39
15061047;Macerata Campania;Caserta;1;10.119;20,59;;19,58;;1,45;3,75;3,42;42,75
15061048;Maddaloni;Caserta;1;37.728;7,76;;33,62;;7,85;2,26;3,65;44,45
15061049;Marcianise;Caserta;1;38.778;10,83;;15,67;;7,21;10,23;;43,74
15061050;Marzano Appio;Caserta;1;2.083;19,33;;33,88;;2,38;3,28;11,80;62,16
15061052;Mondragone;Caserta;1;29.444;12,23;;28,04;;;0,56;;33,81
15061053;Orta di Atella;Caserta;1;27.548;13,65;;31,33;;3,26;;;40,77
15061054;Parete;Caserta;1;12.087;37,23;;13,44;;1,26;0,78;;31,20
15061055;Pastorano;Caserta;1;2.987;31,76;;17,64;;1,84;5,67;3,37;49,28
15061058;Pietramelara;Caserta;1;4.541;;;0,07;;;2,94;;16,25
15061059;Pietravairano;Caserta;1;2.824;53,19;;8,33;;2,10;2,19;;45,47
15061061;Pontelatone;Caserta;1;1.597;23,71;;23,48;;3,21;1,56;4,18;49,11
15061062;Portico di Caserta;Caserta;1;7.827;29,95;;8,96;;;1,60;2,86;35,19
15061063;Prata Sannita;Caserta;1;1.403;16,56;;46,68;;1,45;16,32;;65,26
15061064;Pratella;Caserta;1;1.470;10,69;;20,88;;0,17;2,43;;28,70
15061065;Presenzano;Caserta;1;1.731;27,32;;23,64;;;;;37,16
15061066;Raviscanina;Caserta;1;1.245;4,47;;15,46;;;21,47;;40,38
15061068;Riardo;Caserta;1;2.257;13,97;;17,75;;1,25;0,36;3,87;35,34
15061069;Rocca d'Evandro;Caserta;1;3.054;76,37;;13,64;;1,20;7,41;10,61;53,83
15061070;Roccamonfina;Caserta;1;3.292;23,10;;19,53;;0,98;21,03;2,26;58,44
15061071;Roccaromana;Caserta;1;828;16,65;;34,73;;5,49;1,80;5,36;48,77
15061073;Ruviano;Caserta;1;1.725;28,65;;13,54;;;;;39,49
15061074;San Cipriano d'Aversa;Caserta;1;13.530;8,60;;16,36;;1,57;1,52;0,14;28,57
15061075;San Felice a Cancello;Caserta;1;17.021;0,09;;0,10;;;3,45;14,81;24,70
15061076;San Gregorio Matese;Caserta;1;891;32,61;;32,71;;;;4,34;55,53
15061077;San Marcellino;Caserta;1;14.547;2,43;;;;1,23;5,57;;24,56
15061104;San Marco Evangelista;Caserta;1;6.577;11,72;;26,52;;4,25;3,43;0,38;44,41
15061078;San Nicola la Strada;Caserta;1;22.265;9,12;;39,44;;3,91;1,24;1,17;41,84
15061085;San Tammaro;Caserta;1;5.635;9,47;;18,11;;2,39;0,80;2,24;33,66
15061082;Santa Maria a Vico;Caserta;1;14.190;110,51;;7,00;;4,95;3,67;2,08;44,23
15061083;Santa Maria Capua Vetere;Caserta;1;32.183;12,38;;36,72;;5,30;3,10;2,49;48,86
15061084;Santa Maria la Fossa;Caserta;1;2.597;12,74;;21,11;;3,09;8,15;0,12;40,78
15061086;Sant'Angelo d'Alife;Caserta;1;2.129;10,36;;20,49;;1,59;12,98;;43,47
15061088;Sessa Aurunca;Caserta;1;20.688;41,58;;41,65;;2,18;0,90;0,98;61,42
15061093;Tora e Piccilli;Caserta;1;813;17,73;;10,98;;2,31;17,11;;39,38
15061094;Trentola-Ducenta;Caserta;1;19.790;6,08;;1,87;;1,11;11,86;;30,49
15061097;Valle di Maddaloni;Caserta;1;2.665;10,57;;28,81;;;;;35,52
15061098;Villa di Briano;Caserta;1;7.215;19,10;;2,32;;2,25;3,34;1,60;31,38
15061100;Vitulazio;Caserta;1;7.618;12,69;;26,36;;;17,55;0,38;51,87
19087001;Aci Bonaccorsi;Catania;1;3.560;14,06;;13,43;;2,37;2,26;;29,05
19087002;Aci Castello;Catania;1;17.618;7,67;;24,46;;10,61;14,68;3,65;56,04
19087003;Aci Catena;Catania;1;27.620;11,70;;3,36;;1,71;11,63;2,10;31,38
19087005;Aci Sant'Antonio;Catania;1;17.882;5,47;;22,83;;2,91;35,52;;63,82
19087006;Adrano;Catania;1;33.788;17,77;;42,96;;5,97;1,67;;49,00
19087007;Belpasso;Catania;1;27.498;13,48;;15,57;;3,10;6,36;0,58;32,96
19087008;Biancavilla;Catania;1;22.938;27,39;;10,09;;8,34;5,16;0,46;43,41
19087009;Bronte;Catania;1;18.429;10,97;;35,31;;10,31;8,13;0,37;51,09
19087011;Caltagirone;Catania;1;35.758;7,52;;26,70;;6,35;5,24;4,21;46,46
19087012;Camporotondo Etneo;Catania;1;5.105;5,93;;13,63;;14,87;4,45;;37,45
19087013;Castel di Iudica;Catania;1;4.373;25,01;;11,21;;3,09;3,07;2,45;37,98
19087014;Castiglione di Sicilia;Catania;1;3.007;;;;;;62,73;;73,80
19087015;Catania;Catania;1;294.298;16,36;;14,97;;3,24;6,27;3,99;38,62
19087016;Fiumefreddo di Sicilia;Catania;1;9.119;47,38;;;;;2,76;;36,03
19087018;Grammichele;Catania;1;12.773;16,37;;15,72;;3,97;7,43;6,07;43,16
19087019;Gravina di Catania;Catania;1;25.116;20,48;;5,48;;2,65;1,12;;58,72
19087020;Licodia Eubea;Catania;1;2.962;17,69;;20,61;;2,99;5,95;3,22;40,97
19087021;Linguaglossa;Catania;1;5.094;12,05;;28,52;;8,54;5,56;;44,94
19087022;Maletto;Catania;1;3.660;7,75;;19,52;;4,22;6,33;1,86;36,91
19087057;Maniace;Catania;1;3.655;29,25;;2,62;;;0,52;0,32;46,26
19087023;Mascali;Catania;1;13.895;22,05;;;;2,95;4,63;;56,42
19087056;Mazzarrone;Catania;1;3.912;14,20;;14,75;;2,19;8,57;7,18;42,01
19087025;Militello in Val di Catania;Catania;1;6.914;8,83;;22,09;;5,94;5,21;3,48;42,75
19087026;Milo;Catania;1;1.036;3,52;;50,83;;0,85;12,52;;47,79
19087027;Mineo;Catania;1;4.623;13,56;;25,79;;7,06;5,85;4,19;47,77
19087028;Mirabella Imbaccari;Catania;1;4.286;13,39;;17,11;;4,29;5,68;2,81;38,95
19087029;Misterbianco;Catania;1;49.290;13,09;;22,78;;6,38;7,83;1,18;41,82
19087030;Motta Sant'Anastasia;Catania;1;12.187;17,48;;2,57;;7,79;0,94;;56,59
19087031;Nicolosi;Catania;1;7.423;5,27;;41,20;;0,97;1,85;;35,47
19087032;Palagonia;Catania;1;16.081;8,96;;22,21;;4,75;6,04;4,68;42,91
19087033;Paterno;Catania;1;45.756;20,12;;12,65;;3,12;10,14;1,09;40,60
19087035;Piedimonte Etneo;Catania;1;4.015;13,39;;17,56;;0,86;19,69;;45,90
19087036;Raddusa;Catania;1;2.911;27,38;;10,89;;4,32;7,55;2,83;38,20
19087037;Ramacca;Catania;1;10.398;6,58;;13,01;;2,08;2,69;1,79;26,61
19087038;Randazzo;Catania;1;10.452;10,13;;41,29;;4,21;3,00;3,04;46,84
19087039;Riposto;Catania;1;14.001;12,74;;28,19;;12,96;;;36,32
19087040;San Cono;Catania;1;2.526;15,20;;23,21;;6,77;4,43;3,87;46,63
19087041;San Giovanni la Punta;Catania;1;22.846;18,04;;6,73;;3,78;4,79;1,09;24,41
19087043;San Michele di Ganzaria;Catania;1;3.062;17,49;;21,94;;4,27;6,13;3,45;44,73
19087044;San Pietro Clarenza;Catania;1;8.031;9,56;;26,15;;4,56;4,63;;40,52
19087048;Santa Venerina;Catania;1;8.361;13,47;;23,21;;5,79;5,84;;41,12
19087045;Sant'Agata li Battiati;Catania;1;9.283;13,17;;9,76;;7,47;14,65;0,09;59,10
19087049;Scordia;Catania;1;16.234;7,97;;19,16;;4,95;3,99;9,03;43,73
19087050;Trecastagni;Catania;1;11.130;4,96;;25,57;;2,12;12,04;0,10;37,91
19087051;Tremestieri Etneo;Catania;1;19.762;14,76;;9,94;;;18,90;;41,99
19087054;Vizzini;Catania;1;5.804;9,12;;27,29;;5,78;6,00;3,74;45,84
19087055;Zafferana Etnea;Catania;1;9.449;8,26;;35,16;;4,09;9,35;2,62;98,84
18079003;Amaroni;Catanzaro;1;1.708;22,37;;38,22;;4,01;4,78;8,90;59,51
18079004;Amato;Catanzaro;1;769;38,82;;;;1,25;19,66;3,96;48,31
18079007;Argusto;Catanzaro;1;470;21,44;;29,15;;5,46;0,39;;41,37
18079012;Botricello;Catanzaro;1;5.067;12,03;;12,34;;2,09;0,42;;31,09
18079018;Cardinale;Catanzaro;1;1.910;45,99;;3,10;;2,14;2,84;;25,61
18079020;Carlopoli;Catanzaro;1;1.429;22,79;;10,89;;2,18;7,77;;44,53
18079029;Chiaravalle Centrale;Catanzaro;1;5.195;37,11;;0,91;;14,91;0,53;;32,52
18079030;Cicala;Catanzaro;1;899;36,65;;2,28;;;3,15;;35,60
18079034;Cortale;Catanzaro;1;1.949;24,48;;;;7,53;3,91;0,49;38,40
18079043;Decollatura;Catanzaro;1;2.993;6,20;;8,42;;;12,96;;27,12
18079047;Falerna;Catanzaro;1;3.781;14,71;;25,65;;3,13;2,15;0,28;35,80
18079048;Feroleto Antico;Catanzaro;1;2.020;7,86;;33,14;;0,75;0,91;;32,43
18079058;Gimigliano;Catanzaro;1;3.078;46,54;;16,27;;9,35;2,86;1,57;46,91
18079060;Gizzeria;Catanzaro;1;5.089;;;29,84;;8,13;6,59;0,98;33,21
18079065;Jacurso;Catanzaro;1;565;53,97;;19,22;;;;;31,06
18079160;Lamezia Terme;Catanzaro;1;67.713;14,04;;25,76;;4,43;1,82;;37,58
18079068;Magisano;Catanzaro;1;1.144;24,23;;13,91;;6,73;7,24;;90,81
18079072;Marcellinara;Catanzaro;1;2.187;15,09;;24,58;;;;;30,52
18079077;Miglierina;Catanzaro;1;721;55,15;;25,66;;1,00;0,80;;44,98
18079080;Montauro;Catanzaro;1;1.712;19,18;;31,55;;4,40;7,56;;52,22
18079081;Montepaone;Catanzaro;1;5.377;6,89;;22,97;;5,98;3,48;;36,27
18079092;Pentone - Dato aggregazione UNIONE DEI COMUNI DELLA PRESILA CATANZARESE;Catanzaro;2;2.507;36,52;;1,29;;;0,35;0,14;22,73
18079094;Petrizzi;Catanzaro;1;1.029;6,91;;31,68;;6,61;;;26,44
18079096;Pianopoli;Catanzaro;1;2.583;20,85;;9,31;;2,40;2,43;0,70;23,87
18079115;San Pietro Apostolo;Catanzaro;1;1.569;19,01;;3,58;;;6,23;;27,76
18079122;San Vito sullo Ionio;Catanzaro;1;1.662;18,43;;18,41;;2,48;6,56;;61,40
18079123;Satriano;Catanzaro;1;3.358;18,26;;10,88;;3,68;8,10;0,24;32,64
18079129;Serrastretta;Catanzaro;1;2.959;17,82;;24,73;;3,03;3,09;;37,47
18079131;Settingiano;Catanzaro;1;3.168;56,80;;7,54;;3,72;5,47;;38,72
18079138;Soveria Mannelli;Catanzaro;1;2.931;2,97;;9,10;;;7,08;0,07;22,55
18079146;Taverna;Catanzaro;1;2.555;17,42;;35,85;;2,87;8,25;;54,92
18079147;Tiriolo;Catanzaro;1;3.682;23,74;;14,70;;7,95;10,45;;42,79
18079151;Vallefiorita;Catanzaro;1;1.559;79,71;;;;;;;51,07
13069001;Altino;Chieti;1;3.089;5,87;;11,27;;1,85;4,97;2,34;26,53
13069002;Archi;Chieti;1;2.066;8,30;;22,13;;;4,51;2,45;33,61
13069003;Ari;Chieti;1;1.077;10,81;;23,72;;1,07;23,89;1,02;51,66
13069005;Atessa;Chieti;1;10.495;9,40;;17,75;;0,55;5,80;2,70;35,91
13069006;Bomba;Chieti;1;751;5,76;;14,92;;2,43;33,52;4,77;60,95
13069007;Borrello;Chieti;1;314;36,43;;28,75;;4,78;9,52;4,13;57,78
13069008;Bucchianico;Chieti;1;5.032;13,35;;21,88;;0,76;16,48;3,34;48,00
13069010;Canosa Sannita;Chieti;1;1.293;12,42;;16,32;;3,45;9,85;2,69;45,27
13069013;Casacanditella;Chieti;1;1.186;12,13;;21,15;;;5,79;1,96;34,32
13069015;Casalbordino;Chieti;1;5.844;9,71;;11,14;;1,82;14,26;1,72;29,62
13069016;Casalincontrada;Chieti;1;3.039;11,90;;23,47;;0,42;9,37;4,99;42,85
13069017;Casoli;Chieti;1;5.350;8,71;;19,63;;0,72;5,45;1,34;33,04
13069018;Castel Frentano;Chieti;1;4.231;6,91;;16,97;;2,94;4,21;3,79;32,77
13069020;Castiglione Messer Marino;Chieti;1;1.602;29,32;;19,37;;6,97;3,76;4,48;45,77
13069021;Celenza sul Trigno;Chieti;1;819;42,27;;25,65;;;1,67;0,91;48,74
13069023;Civitaluparella;Chieti;1;299;10,04;;15,97;;2,72;18,30;4,84;47,22
13069025;Colledimacine;Chieti;1;166;28,33;;13,60;;;17,03;6,61;50,84
13069026;Colledimezzo;Chieti;1;424;24,87;;29,42;;0,95;2,57;3,23;38,86
13069028;Cupello;Chieti;1;4.856;5,30;;18,04;;2,22;16,11;3,44;46,21
13069104;Fallo;Chieti;1;120;18,45;;36,03;;;3,05;5,31;56,46
13069030;Fara Filiorum Petri;Chieti;1;1.950;11,54;;22,96;;;0,12;1,08;30,25
13069032;Filetto;Chieti;1;880;16,40;;28,96;;;11,03;3,95;54,19
13069035;Francavilla al Mare;Chieti;1;25.199;14,35;;9,91;;3,82;13,67;1,47;39,80
13069036;Fresagrandinaria;Chieti;1;906;7,26;;21,10;;4,62;6,44;8,30;45,19
13069037;Frisa;Chieti;1;1.674;10,71;;23,27;;5,60;5,85;4,73;53,59
13069038;Furci;Chieti;1;858;11,97;;14,72;;;6,15;0,80;29,98
13069039;Gamberale;Chieti;1;292;21,95;;23,87;;0,69;1,89;13,45;49,15
13069040;Gessopalena;Chieti;1;1.275;10,30;;15,59;;2,68;8,79;5,47;39,20
13069041;Gissi;Chieti;1;2.580;11,01;;25,94;;5,97;3,10;0,57;40,69
13069042;Giuliano Teatino;Chieti;1;1.153;14,16;;21,98;;6,08;6,14;7,86;45,16
13069044;Guilmi - Dato aggregazione UNIONE DI COMUNI DEL SINELLO;Chieti;9;4.817;16,47;;33,12;;0,06;10,50;7,39;53,54
13069045;Lama dei Peligni;Chieti;1;1.131;11,17;;21,31;;3,51;10,41;2,04;42,69
13069046;Lanciano;Chieti;1;34.360;13,05;;16,68;;3,26;2,55;4,03;33,72
13069047;Lentella;Chieti;1;646;11,19;;9,90;;0,73;16,75;1,18;41,53
13069048;Lettopalena;Chieti;1;326;21,75;;34,76;;1,72;13,65;8,80;61,95
13069050;Miglianico;Chieti;1;4.700;9,72;;12,65;;1,14;9,22;3,54;33,14
13069052;Monteferrante;Chieti;1;119;4,14;;9,51;;4,44;8,91;4,12;33,67
13069053;Montelapiano;Chieti;1;80;9,32;;30,09;;17,34;19,80;;70,57
13069054;Montenerodomo;Chieti;1;613;10,30;;18,76;;5,85;6,20;4,80;43,60
13069055;Monteodorisio;Chieti;1;2.344;6,55;;15,42;;5,15;2,98;4,48;35,66
13069056;Mozzagrogna;Chieti;1;2.427;7,48;;13,09;;2,00;6,95;1,22;29,81
13069058;Ortona;Chieti;1;22.136;8,26;;18,66;;2,90;3,19;2,75;34,64
13069062;Palombaro;Chieti;1;957;5,89;;18,24;;4,35;15,94;2,75;46,38
13069063;Pennadomo;Chieti;1;224;26,96;;41,18;;1,66;15,65;2,33;67,99
13069065;Perano;Chieti;1;1.533;4,11;;9,03;;10,48;6,92;1,77;35,97
13069103;Pietraferrazzana;Chieti;1;130;5,94;;10,42;;6,50;6,82;9,14;40,64
13069066;Pizzoferrato;Chieti;1;991;9,93;;25,25;;3,89;2,99;6,14;43,74
13069067;Poggiofiorito;Chieti;1;825;5,41;;16,12;;2,38;2,50;2,28;27,63
13069068;Pollutri;Chieti;1;2.090;8,64;;16,52;;2,72;7,24;10,71;44,80
13069069;Pretoro;Chieti;1;864;7,94;;33,83;;1,13;18,10;1,01;52,42
13069070;Quadri;Chieti;1;736;7,64;;23,05;;;2,34;3,82;34,58
13069071;Rapino;Chieti;1;1.238;13,84;;21,13;;1,02;15,92;1,87;45,86
13069072;Ripa Teatina;Chieti;1;3.980;8,29;;11,62;;3,99;8,28;2,76;34,87
13069074;Rocca San Giovanni;Chieti;1;2.301;11,99;;13,42;;2,86;6,29;6,71;36,28
13069075;Roccascalegna;Chieti;1;1.103;9,34;;21,62;;2,35;8,45;7,28;45,27
13069076;Roccaspinalveti;Chieti;1;1.219;13,83;;15,56;;2,65;1,00;0,05;28,83
13069077;Roio del Sangro;Chieti;1;95;3,41;;5,82;;3,62;18,93;3,72;35,76
13069078;Rosello;Chieti;1;203;8,54;;18,94;;7,71;15,66;5,59;54,17
13069079;San Buono;Chieti;1;892;32,42;;;;5,11;7,38;;31,27
13069081;San Giovanni Teatino;Chieti;1;13.884;33,45;;16,92;;5,50;2,55;;43,42
13069082;San Martino sulla Marrucina;Chieti;1;851;10,29;;18,25;;1,90;14,93;2,30;42,29
13069083;San Salvo;Chieti;1;19.809;5,50;;15,79;;2,52;;;23,51
13069086;San Vito Chietino;Chieti;1;5.218;19,24;;17,33;;8,87;4,48;3,47;45,25
13069084;Santa Maria Imbaro;Chieti;1;2.064;19,96;;14,37;;2,93;5,96;1,21;32,53
13069085;Sant'Eusanio del Sangro;Chieti;1;2.312;8,21;;15,63;;2,57;2,38;4,97;30,81
13069087;Scerni;Chieti;1;3.036;133,85;;;;;0,76;;39,37
13069088;Schiavi di Abruzzo;Chieti;1;703;23,97;;;;4,18;2,06;8,66;43,77
13069089;Taranta Peligna;Chieti;1;343;9,09;;13,48;;2,32;5,15;9,40;37,13
13069091;Torino di Sangro;Chieti;1;2.978;8,74;;18,94;;1,65;3,45;1,78;35,25
13069092;Tornareccio;Chieti;1;1.642;15,59;;24,78;;3,62;8,21;2,90;44,65
13069094;Torrevecchia Teatina;Chieti;1;4.158;9,92;;17,61;;0,72;5,88;1,80;32,41
13069095;Torricella Peligna;Chieti;1;1.205;14,70;;25,59;;3,32;4,78;1,96;42,48
13069096;Treglio;Chieti;1;1.700;6,72;;14,03;;0,37;8,23;1,37;30,24
13069098;Vacri;Chieti;1;1.566;15,68;;24,71;;2,42;13,59;9,35;54,40
13069099;Vasto;Chieti;1;40.534;13,82;;14,58;;5,60;6,05;2,47;40,30
13069102;Villa Santa Maria;Chieti;1;1.193;44,99;;21,10;;3,06;3,03;4,15;36,49
13069101;Villamagna;Chieti;1;2.208;12,28;;17,62;;2,73;11,61;2,44;40,32
03013005;Albiolo;Como;1;2.683;10,43;;8,99;;0,95;5,82;3,30;23,60
03013253;Alta Valle Intelvi;Como;1;2.978;13,29;;7,74;;1,46;2,68;0,54;22,98
03013007;Alzate Brianza - Dato aggregazione Il Cilindro;Como;7;21.728;17,43;;12,07;;0,63;5,85;1,94;27,74
03013010;Appiano Gentile;Como;1;7.607;4,83;;8,47;;3,26;5,07;1,32;23,18
03013011;Argegno;Como;1;681;11,49;;16,45;;5,42;15,00;1,53;41,63
03013013;Asso;Como;1;3.567;10,59;;12,08;;2,59;3,64;;25,82
03013015;Barni;Como;1;564;7,54;;16,86;;4,04;9,07;;31,97
03013250;Bellagio;Como;1;3.616;13,01;;8,04;;4,58;2,87;1,54;28,12
03013021;Bene Lario;Como;1;315;6,97;;10,23;;7,69;7,41;;31,05
03013022;Beregazzo con Figliaro;Como;1;2.769;6,00;;10,67;;0,54;2,91;0,63;20,44
03013023;Binago;Como;1;4.757;7,54;;6,38;;1,77;6,87;1,73;23,66
03013025;Blessagno;Como;1;287;9,02;;;;;9,58;0,37;26,06
03013028;Bregnano;Como;1;6.446;7,38;;7,78;;1,37;2,31;1,98;18,08
03013034;Bulgarograsso;Como;1;3.983;6,69;;6,92;;1,46;1,51;0,59;17,01
03013035;Cabiate;Como;1;7.404;7,03;;14,09;;4,14;6,48;3,03;32,02
03013036;Cadorago;Como;1;7.961;7,85;;8,68;;1,34;4,15;1,17;19,94
03013041;Cantu;Como;1;39.513;5,32;;8,97;;4,04;3,22;1,08;26,08
03013042;Canzo;Como;1;5.161;4,67;;6,55;;2,21;5,59;;22,37
03013044;Carate Urio;Como;1;1.122;29,29;;20,06;;6,71;13,44;3,38;49,51
03013045;Carbonate;Como;1;2.907;4,93;;9,76;;2,32;6,93;1,71;23,20
03013046;Carimate;Como;1;4.405;13,46;;7,58;;2,73;7,02;0,48;26,21
03013052;Caslino d'Erba;Como;1;1.649;16,76;;13,68;;0,65;1,25;;25,12
03013055;Cassina Rizzardi;Como;1;3.338;6,56;;6,81;;2,08;7,09;0,91;22,44
03013058;Castelmarte;Como;1;1.250;20,83;;7,27;;2,49;2,53;;26,51
03013059;Castelnuovo Bozzente;Como;1;905;10,09;;14,27;;3,35;2,35;2,24;25,29
03013062;Cavargna;Como;1;181;14,52;;8,53;;7,29;4,01;;34,01
03013063;Cerano d'Intelvi;Como;1;540;12,71;;9,48;;5,43;9,28;1,15;35,38
03013064;Cermenate;Como;1;9.173;4,25;;10,26;;1,47;1,85;1,32;19,30
03013065;Cernobbio;Como;1;6.485;6,57;;14,94;;9,85;3,96;1,76;36,81
03013071;Claino con Osteno;Como;1;554;9,57;;15,67;;1,82;8,36;0,59;28,65
03013074;Colonno;Como;1;462;38,90;;29,76;;3,16;8,61;1,22;58,97
03013251;Colverde;Como;1;5.381;15,95;;10,68;;;6,92;0,39;26,24
03013075;Como;Como;1;84.808;10,58;;16,19;;7,38;5,03;3,32;38,57
03013083;Cremia;Como;1;676;6,73;;6,27;;2,22;13,05;;27,88
03013084;Cucciago;Como;1;3.467;7,13;;14,14;;1,17;12,91;;30,25
03013085;Cusino;Como;1;204;8,77;;;;;5,46;;21,76
03013087;Dizzasco;Como;1;594;7,83;;33,57;;4,48;14,73;0,53;40,00
03013089;Domaso;Como;1;1.461;16,81;;0,69;;1,47;2,45;1,51;22,13
03013090;Dongo;Como;1;3.244;5,47;;6,37;;1,03;4,28;1,44;21,16
03013092;Dosso del Liro;Como;1;223;16,35;;8,69;;;;;13,46
03013097;Eupilio;Como;1;2.600;9,50;;13,42;;;0,58;;21,67
03013100;Fenegro - Dato aggregazione Fenegro-Cirimido;Como;2;5.236;25,04;;4,68;;2,27;3,90;0,38;20,85
03013101;Figino Serenza;Como;1;5.027;11,46;;13,23;;1,99;5,12;1,87;29,18
03013102;Fino Mornasco;Como;1;9.797;6,99;;8,27;;2,67;3,48;1,04;20,52
03013106;Garzeno;Como;1;689;15,29;;0,80;;;;;13,98
03013107;Gera Lario;Como;1;1.050;14,92;;6,27;;0,67;1,85;;20,57
03013111;Grandola ed Uniti;Como;1;1.297;5,82;;4,67;;5,14;10,64;0,95;27,54
03013249;Gravedona ed Uniti;Como;1;4.095;12,39;;5,19;;3,16;1,60;0,04;21,12
03013113;Griante;Como;1;591;24,95;;4,77;;7,90;2,00;;34,90
03013114;Guanzate;Como;1;5.710;7,43;;10,53;;2,54;4,18;0,91;22,94
03013118;Inverigo;Como;1;9.106;17,67;;9,80;;4,53;3,32;1,74;24,67
03013119;Laglio;Como;1;880;13,11;;27,31;;4,51;5,13;;40,91
03013120;Laino;Como;1;528;15,45;;8,96;;6,89;14,78;1,04;41,57
03013121;Lambrugo;Como;1;2.506;15,07;;11,19;;;2,89;1,94;22,96
03013126;Lezzeno;Como;1;2.003;14,71;;6,84;;;2,75;;22,05
03013128;Limido Comasco;Como;1;3.843;5,77;;10,01;;1,65;7,10;3,75;26,61
03013133;Lomazzo;Como;1;9.901;21,95;;6,47;;2,32;5,08;2,24;23,87
03013134;Longone al Segrino;Como;1;1.919;11,09;;13,60;;1,99;4,26;;25,55
03013135;Luisago;Como;1;2.721;11,26;;10,09;;2,33;3,32;0,19;23,25
03013137;Lurago Marinone;Como;1;2.551;7,57;;10,08;;0,99;4,75;;20,97
03013138;Lurate Caccivio;Como;1;9.679;6,40;;10,52;;2,13;1,88;1,36;20,65
03013139;Magreglio;Como;1;650;4,88;;22,03;;4,66;7,59;;32,69
03013144;Maslianico;Como;1;3.170;7,79;;16,84;;4,45;5,84;1,39;31,70
03013145;Menaggio;Como;1;3.085;18,62;;19,23;;5,44;5,09;;37,92
03013152;Moltrasio;Como;1;1.568;9,57;;7,14;;2,15;2,27;1,35;15,32
03013154;Montano Lucino;Como;1;5.295;19,22;;10,70;;3,33;4,08;4,07;33,69
03013155;Montemezzo;Como;1;224;20,14;;1,45;;4,72;4,78;;30,82
03013160;Musso;Como;1;946;12,33;;12,95;;;;;18,65
03013163;Novedrate;Como;1;2.863;9,57;;15,37;;2,52;4,18;1,39;30,36
03013165;Olgiate Comasco;Como;1;11.663;5,68;;7,78;;1,82;4,21;1,38;21,10
03013169;Oltrona di San Mamette;Como;1;2.369;4,73;;15,66;;0,48;5,72;1,46;24,99
03013178;Peglio;Como;1;182;21,75;;1,60;;;16,95;;35,04
03013183;Pianello del Lario;Como;1;1.034;18,27;;2,46;;1,59;7,30;;31,81
03013184;Pigra;Como;1;244;2,66;;15,84;;;24,50;1,04;43,09
03013185;Plesio;Como;1;831;5,79;;8,27;;4,12;8,84;;26,91
03013187;Ponna;Como;1;231;11,75;;20,86;;2,51;7,63;0,70;36,41
03013188;Ponte Lambro;Como;1;4.293;9,45;;12,30;;0,30;5,15;;23,32
03013189;Porlezza;Como;1;4.762;5,76;;14,12;;2,92;3,94;0,24;22,50
03013192;Proserpio;Como;1;908;14,98;;9,45;;1,16;3,91;;21,91
03013193;Pusiano;Como;1;1.365;4,22;;6,94;;0,17;2,76;2,28;25,71
03013195;Rezzago;Como;1;303;10,38;;11,09;;6,08;4,68;;29,72
03013197;Rodero;Como;1;1.270;9,84;;9,35;;1,41;8,69;3,44;27,15
03013201;Rovellasca;Como;1;7.932;12,67;;5,71;;2,76;2,92;0,68;19,11
03013202;Rovello Porro;Como;1;6.196;7,71;;6,62;;1,26;3,38;0,80;16,27
03013203;Sala Comacina;Como;1;485;32,94;;15,51;;;6,68;4,24;40,26
03013204;San Bartolomeo Val Cavargna;Como;1;954;6,63;;;;;2,00;;20,97
03013206;San Fermo della Battaglia;Como;1;7.814;41,47;;;;1,59;1,83;;22,61
03013207;San Nazzaro Val Cavargna;Como;1;275;10,73;;15,64;;;7,96;;30,32
03013248;San Siro;Como;1;1.716;15,13;;4,45;;1,80;0,76;0,34;19,27
03013211;Schignano;Como;1;876;16,24;;10,25;;1,00;6,96;1,61;31,64
03013255;Solbiate con Cagno;Como;1;4.674;5,48;;6,38;;1,45;5,23;1,35;19,31
03013216;Sorico;Como;1;1.189;9,89;;18,21;;1,50;3,57;;25,07
03013217;Sormano;Como;1;634;6,93;;14,38;;;13,31;0,91;33,20
03013222;Tavernerio - Dato aggregazione Service 24 Ambiente;Como;12;86.834;9,88;;10,02;;2,72;4,22;1,38;25,38
03013223;Torno - Dato aggregazione Unione dei Comuni Lombarda Lario e Monti;Como;2;2.284;11,84;;6,15;;1,58;4,61;;22,10
03013252;Tremezzina;Como;1;5.018;14,93;;17,82;;3,92;15,39;1,85;42,32
03013226;Trezzone;Como;1;235;10,21;;2,02;;5,73;3,55;;28,47
03013227;Turate;Como;1;9.379;5,83;;7,65;;4,69;2,90;1,28;22,37
03013228;Uggiate-Trevano - Dato aggregazione Unione dei Comuni Lombarda Terre di Frontiera;Como;4;12.971;7,08;;10,32;;0,56;4,08;2,74;24,86
03013233;Val Rezzo;Como;1;158;46,58;;;;;2,00;;48,70
03013229;Valbrona;Como;1;2.603;10,14;;10,66;;0,15;1,78;;20,23
03013232;Valmorea;Como;1;2.611;19,36;;8,62;;0,09;4,89;3,17;23,07
03013234;Valsolda;Como;1;1.460;10,74;;8,07;;2,50;7,81;4,49;32,82
03013238;Veniano;Como;1;3.060;7,58;;10,60;;0,38;1,98;0,34;20,63
03013239;Vercana;Como;1;746;7,78;;4,43;;0,89;5,98;7,26;28,67
03013242;Vertemate con Minoprio;Como;1;4.129;11,60;;5,96;;1,73;2,09;0,91;16,96
03013245;Villa Guardia;Como;1;7.878;13,51;;11,71;;1,68;3,25;1,11;22,64
18078003;Acri;Cosenza;1;19.733;15,36;;12,83;;;7,70;0,44;33,36
18078004;Aiello Calabro;Cosenza;1;1.549;75,42;;37,73;;;5,86;;74,81
18078013;Belmonte Calabro;Cosenza;1;1.827;22,47;;9,05;;4,15;4,63;;39,30
18078015;Belvedere Marittimo;Cosenza;1;9.136;10,01;;21,37;;4,88;13,87;;42,46
18078017;Bisignano;Cosenza;1;9.857;24,83;;39,64;;0,61;3,19;0,63;50,23
18078019;Bonifati;Cosenza;1;2.671;23,72;;31,33;;6,55;21,30;0,45;67,73
18078020;Buonvicino;Cosenza;1;2.124;42,08;;33,15;;2,72;3,28;0,30;53,05
18078021;Calopezzati;Cosenza;1;1.316;13,12;;31,99;;3,38;15,35;7,74;58,70
18078022;Caloveto;Cosenza;1;1.167;18,79;;20,89;;0,72;5,92;;47,08
18078026;Carolei;Cosenza;1;3.178;48,29;;38,35;;4,79;4,46;;55,76
18078156;Casali del Manco;Cosenza;1;9.725;33,74;;23,95;;2,84;0,26;;40,99
18078029;Cassano all'Ionio;Cosenza;1;16.670;13,65;;21,22;;8,43;;1,42;50,18
18078030;Castiglione Cosentino;Cosenza;1;2.792;11,36;;16,76;;1,92;5,47;;36,51
18078031;Castrolibero;Cosenza;1;9.424;13,21;;21,94;;4,59;2,81;;42,34
18078033;Castrovillari;Cosenza;1;21.507;7,46;;22,13;;2,47;13,54;0,16;43,22
18078034;Celico;Cosenza;1;2.694;7,27;;12,31;;1,09;16,96;0,10;41,03
18078037;Cerisano;Cosenza;1;2.961;123,60;;8,90;;3,56;11,21;1,23;52,64
18078038;Cervicati;Cosenza;1;790;51,29;;30,33;;;6,05;;58,21
18078042;Cleto;Cosenza;1;1.222;;;50,92;;12,21;;;61,14
18078045;Cosenza;Cosenza;1;65.197;13,75;;31,30;;14,62;6,53;;59,35
18078046;Cropalati;Cosenza;1;1.007;30,64;;9,96;;8,79;13,11;;47,54
18078047;Crosia;Cosenza;1;9.774;27,47;;9,95;;2,98;10,29;9,51;60,13
18078051;Fagnano Castello;Cosenza;1;3.574;26,63;;19,44;;1,96;11,79;0,54;52,78
18078055;Fiumefreddo Bruzio;Cosenza;1;2.842;61,67;;2,90;;6,50;5,44;;48,25
18078056;Francavilla Marittima;Cosenza;1;2.821;;;60,72;;;15,18;;63,94
18078057;Frascineto;Cosenza;1;1.934;1,93;;7,80;;;7,13;;22,29
18078058;Fuscaldo;Cosenza;1;8.050;18,55;;22,36;;0,94;2,89;;34,10
18078059;Grimaldi;Cosenza;1;1.591;36,39;;39,27;;;;;38,14
18078062;Lago;Cosenza;1;2.352;1,13;;1,91;;4,76;3,03;;19,18
18078065;Lappano;Cosenza;1;891;26,38;;16,05;;;;;20,72
18078067;Longobardi;Cosenza;1;2.330;;;3,91;;5,92;9,50;;45,65
18078068;Longobucco;Cosenza;1;2.800;5,44;;9,64;;6,51;44,78;0,81;71,21
18078069;Lungro;Cosenza;1;2.294;8,22;;32,61;;11,74;13,84;1,68;70,17
18078070;Luzzi;Cosenza;1;8.928;9,51;;20,24;;;5,25;1,05;27,88
18078072;Malito;Cosenza;1;741;27,09;;19,97;;;2,88;;46,65
18078073;Malvito;Cosenza;1;1.701;13,95;;16,40;;5,43;16,69;;51,68
18078076;Marano Marchesato;Cosenza;1;3.345;46,00;;12,77;;;17,01;;38,96
18078077;Marano Principato;Cosenza;1;3.078;56,78;;2,67;;;5,68;;41,50
18078081;Montalto Uffugo;Cosenza;1;20.274;8,05;;19,33;;4,85;5,72;;35,28
18078084;Mormanno;Cosenza;1;2.736;11,36;;29,46;;;21,04;;55,90
18078085;Mottafollone;Cosenza;1;1.124;12,92;;;;;;;59,72
18078089;Paludi;Cosenza;1;1.007;37,60;;11,76;;6,71;13,89;;52,33
18078090;Panettieri;Cosenza;1;313;;;17,76;;;11,78;0,19;30,76
18078091;Paola;Cosenza;1;15.245;;;10,51;;;14,63;5,36;94,60
18078093;Parenti;Cosenza;1;2.090;16,05;;2,50;;2,58;4,97;;25,51
18078094;Paterno Calabro;Cosenza;1;1.323;60,47;;;;;13,28;1,18;58,66
18078096;Pedivigliano;Cosenza;1;759;11,11;;1,31;;0,85;13,12;2,14;36,46
18078101;Praia a Mare;Cosenza;1;6.495;30,96;;22,81;;3,45;13,13;;53,69
18078102;Rende;Cosenza;1;35.692;8,66;;21,46;;7,85;1,95;;42,40
18078103;Rocca Imperiale;Cosenza;1;3.236;6,81;;21,65;;13,48;0,41;0,15;39,71
18078105;Rogliano;Cosenza;1;5.534;12,56;;26,56;;5,33;4,80;;47,31
18078106;Rose;Cosenza;1;4.249;20,67;;17,46;;0,89;3,21;0,18;34,76
18078107;Roseto Capo Spulico;Cosenza;1;1.870;6,35;;11,10;;5,93;11,77;;43,39
18078109;Rota Greca;Cosenza;1;1.015;7,58;;40,53;;0,82;1,60;;38,22
18078110;Rovito;Cosenza;1;3.080;19,75;;4,28;;5,24;7,24;1,23;36,36
18078112;San Benedetto Ullano;Cosenza;1;1.418;18,05;;7,68;;3,06;11,69;;36,06
18078113;San Cosmo Albanese;Cosenza;1;571;24,06;;21,29;;1,49;9,78;;43,30
18078114;San Demetrio Corone;Cosenza;1;3.240;10,26;;9,91;;3,50;9,34;0,68;32,92
18078116;San Fili;Cosenza;1;2.528;12,00;;22,49;;;4,68;;150,97
18078118;San Giorgio Albanese;Cosenza;1;1.342;15,46;;27,15;;;8,71;;43,97
18078119;San Giovanni in Fiore;Cosenza;1;16.428;16,13;;16,19;;;;;33,01
18078120;San Lorenzo Bellizzi;Cosenza;1;556;7,33;;9,85;;;10,64;;21,99
18078123;San Marco Argentano;Cosenza;1;7.131;35,09;;16,48;;6,51;7,50;3,31;42,44
18078126;San Pietro in Amantea;Cosenza;1;484;17,77;;31,17;;1,88;7,19;;34,69
18078127;San Pietro in Guarano;Cosenza;1;3.484;39,06;;;;17,07;2,01;;44,94
18078128;San Sosti;Cosenza;1;2.026;29,21;;22,18;;;5,22;0,56;137,72
18078135;San Vincenzo La Costa;Cosenza;1;2.059;17,86;;14,34;;3,74;6,33;0,14;34,57
18078132;Santa Maria del Cedro;Cosenza;1;4.925;30,19;;5,76;;8,00;4,97;;44,37
18078133;Santa Sofia d'Epiro;Cosenza;1;2.328;25,26;;29,00;;;;;27,85
18078136;Saracena;Cosenza;1;3.522;29,28;;20,59;;2,64;4,63;1,19;46,19
18078139;Scigliano - Dato aggregazione CONSORZIO INTERCOMUNALE VALLE BISIRICO;Cosenza;4;3.733;4,38;;10,77;;;14,74;;23,76
18078140;Serra d'Aiello;Cosenza;1;496;17,18;;18,40;;11,20;37,61;;71,50
18078142;Spezzano Albanese;Cosenza;1;6.758;7,70;;7,74;;4,22;2,94;;32,13
18078143;Spezzano della Sila;Cosenza;1;4.335;3,25;;13,48;;5,52;8,10;2,15;39,44
18078146;Terranova da Sibari;Cosenza;1;4.694;41,61;;7,78;;;1,52;;27,40
18078148;Torano Castello;Cosenza;1;4.436;5,18;;13,64;;2,12;14,21;1,38;40,37
18078149;Tortora;Cosenza;1;5.944;28,81;;19,27;;9,25;5,55;5,13;50,11
18078150;Trebisacce;Cosenza;1;8.723;13,98;;8,22;;4,20;4,53;;18,53
18078152;Vaccarizzo Albanese;Cosenza;1;1.064;132,09;;14,33;;0,79;2,42;0,49;51,53
18078155;Zumpano;Cosenza;1;2.632;53,95;;;;0,97;8,63;;39,51
03019001;Acquanegra Cremonese;Cremona;1;1.126;53,46;;8,21;;2,05;3,58;1,22;26,42
03019002;Agnadello;Cremona;1;3.854;14,08;;6,40;;1,72;7,64;3,45;25,00
03019003;Annicco;Cremona;1;1.953;5,98;;4,51;;0,97;2,07;2,36;14,59
03019004;Azzanello;Cremona;1;590;19,46;;12,47;;2,95;8,25;0,95;29,85
03019005;Bagnolo Cremasco;Cremona;1;4.862;4,71;;2,94;;1,50;7,71;1,58;18,00
03019006;Bonemerse;Cremona;1;1.452;10,54;;9,84;;1,60;6,78;4,49;27,50
03019007;Bordolano;Cremona;1;568;12,28;;14,08;;7,70;7,74;1,05;35,27
03019009;Calvatone;Cremona;1;1.159;42,38;;7,41;;1,53;2,89;1,52;23,68
03019010;Camisano;Cremona;1;1.214;9,79;;5,33;;1,44;9,33;1,82;22,45
03019011;Campagnola Cremasca;Cremona;1;674;8,33;;7,83;;3,14;15,23;2,07;33,17
03019012;Capergnanica;Cremona;1;2.166;5,93;;4,81;;0,22;9,46;2,27;21,55
03019013;Cappella Cantone;Cremona;1;541;9,38;;9,42;;2,03;15,02;1,14;33,82
03019014;Cappella de' Picenardi;Cremona;1;411;6,26;;10,99;;0,08;8,94;1,02;23,52
03019015;Capralba;Cremona;1;2.276;5,77;;5,90;;3,12;11,00;2,57;28,05
03019016;Casalbuttano ed Uniti;Cremona;1;3.666;9,25;;13,78;;3,43;4,68;4,99;30,86
03019017;Casale Cremasco-Vidolasco;Cremona;1;1.817;3,95;;4,51;;0,29;9,22;2,58;18,36
03019018;Casaletto Ceredano;Cremona;1;1.136;6,08;;5,69;;0,52;12,62;1,81;25,16
03019019;Casaletto di Sopra;Cremona;1;523;7,97;;7,16;;1,23;5,91;1,36;20,54
03019020;Casaletto Vaprio;Cremona;1;1.773;5,84;;4,26;;0,37;8,75;1,12;20,03
03019021;Casalmaggiore;Cremona;1;15.127;10,13;;12,94;;2,22;6,74;2,56;28,04
03019022;Casalmorano;Cremona;1;1.575;6,71;;4,77;;2,40;8,07;4,17;24,86
03019023;Casteldidone;Cremona;1;571;26,69;;11,72;;1,27;5,54;12,75;37,44
03019025;Castelleone;Cremona;1;9.278;4,66;;4,30;;1,73;8,50;2,55;21,26
03019026;Castelverde;Cremona;1;5.509;8,26;;13,22;;1,94;4,61;6,56;30,34
03019027;Castelvisconti;Cremona;1;282;14,70;;6,14;;0,50;0,96;0,27;17,17
03019028;Cella Dati;Cremona;1;481;8,98;;8,21;;;11,99;1,00;25,26
03019029;Chieve;Cremona;1;2.253;6,06;;5,14;;0,36;8,48;2,60;21,03
03019030;Cicognolo;Cremona;1;889;16,70;;8,57;;0,36;3,48;3,38;20,85
03019031;Cingia de' Botti;Cremona;1;1.145;7,22;;14,53;;0,66;4,31;3,09;25,96
03019032;Corte de' Cortesi con Cignone;Cremona;1;1.028;7,16;;6,74;;0,40;2,91;1,05;18,15
03019033;Corte de' Frati;Cremona;1;1.314;15,40;;13,14;;0,60;5,79;0,94;25,15
03019034;Credera Rubbiano;Cremona;1;1.562;20,88;;5,20;;0,56;8,58;2,04;23,14
03019035;Crema;Cremona;1;34.242;4,54;;5,42;;2,22;12,22;3,62;28,21
03019036;Cremona;Cremona;1;71.523;8,73;;11,49;;4,48;6,48;3,32;30,23
03019037;Cremosano;Cremona;1;1.728;5,87;;5,46;;3,92;14,32;2,62;31,37
03019038;Crotta d'Adda;Cremona;1;625;4,99;;9,25;;1,84;3,62;0,45;20,16
03019039;Cumignano sul Naviglio;Cremona;1;411;10,17;;8,76;;2,83;9,16;0,64;27,36
03019040;Derovere;Cremona;1;301;11,85;;19,21;;1,73;8,17;6,37;37,63
03019041;Dovera;Cremona;1;3.726;4,43;;4,56;;0,32;8,68;3,15;21,49
03019043;Fiesco;Cremona;1;1.193;7,48;;8,20;;0,64;10,06;2,89;25,84
03019044;Formigara;Cremona;1;999;6,69;;6,70;;0,27;10,77;1,07;24,10
03019045;Gabbioneta-Binanuova;Cremona;1;857;10,50;;10,99;;3,13;13,23;6,09;38,09
03019046;Gadesco-Pieve Delmona;Cremona;1;1.900;9,10;;12,50;;;3,34;2,81;22,09
03019047;Genivolta;Cremona;1;1.140;7,22;;6,02;;2,17;10,86;1,42;25,75
03019048;Gerre de' Caprioli;Cremona;1;1.325;9,79;;14,86;;1,10;4,84;7,17;30,61
03019049;Gombito;Cremona;1;628;8,21;;9,23;;0,74;6,91;1,34;23,91
03019050;Grontardo;Cremona;1;1.505;15,86;;14,34;;0,59;6,64;1,20;28,53
03019051;Grumello Cremonese ed Uniti;Cremona;1;1.686;10,93;;8,90;;1,34;6,21;1,40;24,48
03019052;Gussola;Cremona;1;2.626;25,21;;10,99;;0,80;5,40;1,92;26,22
03019053;Isola Dovarese;Cremona;1;1.099;14,00;;14,97;;5,56;6,21;1,69;33,18
03019054;Izano;Cremona;1;1.945;4,98;;4,26;;2,07;9,06;1,96;22,36
03019055;Madignano;Cremona;1;2.776;11,34;;4,18;;1,31;10,17;2,57;23,20
03019056;Malagnino;Cremona;1;1.710;12,76;;12,84;;0,75;4,39;4,30;26,26
03019057;Martignana di Po;Cremona;1;2.066;22,97;;13,83;;;5,21;1,44;25,57
03019058;Monte Cremasco;Cremona;1;2.263;5,25;;3,97;;3,37;10,41;4,82;27,43
03019059;Montodine;Cremona;1;2.453;4,38;;4,94;;0,50;15,87;2,85;28,15
03019061;Motta Baluffi;Cremona;1;821;16,06;;13,72;;0,96;4,83;3,91;27,92
03019062;Offanengo;Cremona;1;5.874;4,63;;3,23;;1,04;12,32;1,48;22,58
03019063;Olmeneta;Cremona;1;912;21,46;;17,11;;0,64;6,93;1,24;32,62
03019064;Ostiano;Cremona;1;2.766;11,53;;12,75;;2,82;7,43;4,11;32,67
03019065;Paderno Ponchielli;Cremona;1;1.324;11,46;;12,07;;1,17;3,68;1,58;23,16
03019066;Palazzo Pignano;Cremona;1;3.768;11,26;;4,91;;0,36;6,17;2,90;20,40
03019067;Pandino;Cremona;1;8.852;4,64;;4,34;;2,05;13,16;6,57;30,82
03019068;Persico Dosimo;Cremona;1;3.311;12,32;;15,43;;0,51;4,19;2,77;27,03
03019069;Pescarolo ed Uniti;Cremona;1;1.511;11,69;;9,98;;0,09;10,78;2,83;28,85
03019070;Pessina Cremonese;Cremona;1;586;11,70;;11,39;;3,76;4,38;0,93;25,20
03019116;Piadena Drizzona;Cremona;1;3.925;10,69;;18,43;;4,85;7,65;2,86;36,88
03019072;Pianengo;Cremona;1;2.491;5,59;;5,13;;1,61;11,62;5,70;28,36
03019073;Pieranica;Cremona;1;1.115;6,53;;6,20;;0,99;8,14;4,22;23,80
03019074;Pieve d'Olmi;Cremona;1;1.258;12,15;;11,46;;3,47;3,74;0,71;22,40
03019075;Pieve San Giacomo;Cremona;1;1.578;21,37;;12,66;;2,99;4,44;3,68;30,21
03019076;Pizzighettone;Cremona;1;6.302;5,61;;5,73;;2,35;6,82;3,04;23,17
03019077;Pozzaglio ed Uniti;Cremona;1;1.411;9,34;;11,82;;10,80;5,46;3,76;35,70
03019078;Quintano;Cremona;1;881;5,69;;6,75;;4,52;9,82;3,35;29,29
03019079;Ricengo;Cremona;1;1.736;4,83;;5,72;;0,47;9,76;2,96;23,48
03019080;Ripalta Arpina;Cremona;1;992;5,85;;6,36;;0,29;7,61;1,38;20,01
03019081;Ripalta Cremasca;Cremona;1;3.355;10,65;;4,94;;0,98;8,01;1,43;21,81
03019082;Ripalta Guerina;Cremona;1;529;8,64;;6,82;;0,01;6,50;0,58;18,98
03019083;Rivarolo del Re ed Uniti;Cremona;1;1.831;27,26;;8,10;;0,86;3,30;0,82;18,44
03019084;Rivolta d'Adda;Cremona;1;7.919;9,03;;6,98;;4,68;1,59;2,00;20,34
03019085;Robecco d'Oglio;Cremona;1;2.258;14,78;;8,27;;1,89;4,40;4,41;27,15
03019086;Romanengo;Cremona;1;3.072;6,75;;6,06;;1,27;8,51;2,19;22,98
03019087;Salvirola;Cremona;1;1.122;6,33;;7,01;;1,68;10,57;1,65;25,76
03019088;San Bassano;Cremona;1;2.109;6,70;;7,10;;0,28;6,93;0,64;21,17
03019089;San Daniele Po;Cremona;1;1.276;9,51;;8,38;;0,07;7,19;0,95;20,85
03019090;San Giovanni in Croce;Cremona;1;1.904;4,91;;11,74;;1,37;3,91;2,30;22,70
03019091;San Martino del Lago;Cremona;1;393;20,05;;12,35;;0,92;6,99;3,44;27,52
03019092;Scandolara Ravara;Cremona;1;1.310;15,55;;12,24;;0,77;4,10;5,70;27,44
03019093;Scandolara Ripa d'Oglio;Cremona;1;520;16,92;;17,43;;0,88;10,17;1,14;36,12
03019094;Sergnano;Cremona;1;3.494;4,81;;4,69;;1,71;11,40;3,07;25,40
03019095;Sesto ed Uniti;Cremona;1;3.183;7,03;;5,52;;1,89;4,76;2,08;20,42
03019096;Solarolo Rainerio;Cremona;1;900;8,76;;12,97;;1,23;3,80;2,73;24,37
03019097;Soncino;Cremona;1;7.511;5,54;;6,78;;1,42;7,89;3,34;23,39
03019098;Soresina;Cremona;1;8.559;8,06;;11,64;;1,77;3,23;1,45;25,84
03019099;Sospiro;Cremona;1;3.031;5,29;;13,43;;0,71;2,97;8,12;26,57
03019100;Spinadesco;Cremona;1;1.488;7,73;;10,01;;0,78;3,75;1,52;21,62
03019101;Spineda;Cremona;1;598;21,14;;8,11;;1,18;6,68;3,98;27,86
03019102;Spino d'Adda;Cremona;1;6.832;5,73;;5,03;;1,46;10,45;1,07;23,13
03019103;Stagno Lombardo;Cremona;1;1.433;10,42;;12,50;;1,18;4,08;1,99;23,73
03019104;Ticengo;Cremona;1;410;6,58;;6,05;;0,57;3,22;0,47;15,80
03019106;Tornata;Cremona;1;435;44,16;;6,39;;4,84;3,40;1,75;28,47
03019107;Torre de' Picenardi;Cremona;1;2.059;13,80;;12,73;;5,19;5,13;1,38;28,84
03019108;Torricella del Pizzo;Cremona;1;567;54,73;;9,47;;0,09;2,90;3,65;24,91
03019109;Trescore Cremasco;Cremona;1;2.773;7,52;;13,37;;0,56;3,96;1,05;23,31
03019110;Trigolo;Cremona;1;1.633;5,30;;5,49;;;8,50;2,34;21,45
03019111;Vaiano Cremasco;Cremona;1;3.605;5,10;;6,24;;1,84;10,24;3,27;26,08
03019112;Vailate;Cremona;1;4.489;4,86;;5,02;;2,19;11,05;3,39;26,24
03019113;Vescovato;Cremona;1;3.731;27,55;;10,52;;0,94;1,17;0,63;20,06
03019114;Volongo;Cremona;1;461;15,30;;19,26;;;17,76;5,22;45,40
03019115;Voltido;Cremona;1;337;10,49;;11,15;;0,85;4,23;2,97;22,89
18101003;Carfizzi;Crotone;1;522;13,83;;32,10;;1,05;1,42;;33,52
18101009;Cotronei;Crotone;1;5.391;24,11;;2,68;;1,87;3,66;0,78;36,06
18101010;Crotone;Crotone;1;60.112;4,63;;44,84;;3,90;5,29;0,90;33,87
18101014;Melissa;Crotone;1;3.311;63,91;;5,12;;1,36;1,27;;24,89
18101015;Mesoraca;Crotone;1;6.063;7,18;;2,75;;2,37;9,92;;24,53
18101017;Petilia Policastro;Crotone;1;8.815;24,82;;5,33;;3,54;3,60;;29,16
18101025;Strongoli;Crotone;1;6.331;13,69;;;;0,20;2,57;;42,18
01004003;Alba - Dato aggregazione CO.A.B.SE.R.;Cuneo;54;170.401;13,13;;8,54;;2,25;5,80;3,10;27,78
01004078;Cuneo - Dato aggregazione CONSORZIO ECOLOGICO CUNEESE;Cuneo;54;163.302;8,74;;13,08;;3,05;4,81;1,88;29,51
01004203;Saluzzo - Dato aggregazione C.S.E.A. CONSORZIO SERVIZI ECOLOGIA ED AMBIENTE;Cuneo;53;167.863;10,65;;13,48;;2,72;3,45;1,48;28,02
19086001;Agira;Enna;1;7.799;14,68;;24,25;;4,92;3,27;3,16;40,85
19086005;Calascibetta;Enna;1;4.158;29,18;;42,15;;4,96;4,39;;46,46
19086006;Catenanuova;Enna;1;4.578;15,95;;45,75;;1,19;1,18;;30,43
19086009;Enna;Enna;1;26.030;9,26;;37,08;;4,57;7,50;1,00;51,17
19086011;Leonforte;Enna;1;12.679;7,02;;18,82;;6,90;4,07;;34,44
19086013;Nissoria;Enna;1;2.884;42,25;;27,90;;5,32;6,75;1,88;55,55
19086014;Piazza Armerina;Enna;1;20.842;20,68;;28,35;;11,85;1,96;1,86;49,89
19086015;Pietraperzia;Enna;1;6.472;7,69;;20,50;;;24,21;4,03;51,59
11109001;Altidona;Fermo;1;3.509;39,61;;;;3,37;0,44;0,51;23,13
11109003;Belmonte Piceno;Fermo;1;600;14,66;;18,97;;4,29;8,31;3,75;46,35
11109004;Campofilone;Fermo;1;1.898;9,16;;17,91;;2,97;3,81;1,55;31,68
11109005;Falerone;Fermo;1;3.188;59,72;;10,69;;2,71;2,90;2,12;50,89
11109006;Fermo;Fermo;1;36.386;8,37;;12,19;;6,88;6,09;3,06;31,90
11109007;Francavilla d'Ete;Fermo;1;960;5,75;;19,30;;15,77;6,87;0,74;44,01
11109008;Grottazzolina;Fermo;1;3.226;11,83;;15,54;;0,97;10,78;3,17;44,83
11109009;Lapedona;Fermo;1;1.166;52,29;;3,57;;1,73;0,40;3,97;32,17
11109011;Massa Fermana;Fermo;1;893;56,55;;;;5,48;5,12;0,93;35,83
11109012;Monsampietro Morico;Fermo;1;628;17,84;;18,20;;1,17;3,45;1,21;28,77
11109016;Monte Giberto;Fermo;1;757;7,56;;17,24;;2,28;11,90;3,75;46,66
11109021;Monte Rinaldo;Fermo;1;328;8,47;;20,42;;3,99;7,88;3,21;35,93
11109023;Monte San Pietrangeli;Fermo;1;2.328;10,56;;12,97;;0,15;5,36;1,32;19,23
11109024;Monte Urano;Fermo;1;8.011;11,37;;9,61;;0,85;4,28;4,72;24,74
11109025;Monte Vidon Combatte;Fermo;1;397;;;35,68;;;14,40;;42,23
11109026;Monte Vidon Corrado;Fermo;1;678;49,17;;11,54;;8,53;5,67;0,68;47,89
11109014;Montefalcone Appennino;Fermo;1;380;2,16;;11,56;;2,42;3,96;0,59;19,74
11109017;Montegiorgio;Fermo;1;6.535;30,84;;9,68;;1,99;5,33;1,88;30,73
11109019;Monteleone di Fermo;Fermo;1;365;3,29;;10,74;;1,26;16,96;;34,05
11109020;Montelparo;Fermo;1;716;14,12;;9,64;;4,48;7,07;1,10;40,75
11109027;Montottone;Fermo;1;892;17,97;;18,39;;1,01;7,89;2,97;39,11
11109030;Pedaso;Fermo;1;2.812;18,21;;18,52;;3,93;1,39;;25,20
11109032;Ponzano di Fermo;Fermo;1;1.652;15,12;;18,25;;6,79;4,12;3,79;50,35
11109033;Porto San Giorgio;Fermo;1;15.938;14,99;;5,16;;3,61;15,34;1,27;37,30
11109034;Porto Sant'Elpidio;Fermo;1;25.650;11,64;;11,73;;3,78;5,22;3,40;31,96
11109035;Rapagnano;Fermo;1;1.937;7,40;;23,08;;2,27;4,12;0,95;30,88
11109037;Sant'Elpidio a Mare;Fermo;1;16.897;12,82;;15,40;;3,11;5,42;1,63;29,13
11109038;Servigliano;Fermo;1;2.241;29,33;;12,51;;0,90;0,57;0,20;22,68
11109039;Smerillo;Fermo;1;331;6,64;;7,88;;3,02;5,68;0,74;20,78
11109040;Torre San Patrizio;Fermo;1;1.938;12,40;;10,86;;1,96;9,20;1,30;27,99
08038008;Ferrara;Ferrara;1;132.288;23,83;;18,53;;4,26;3,11;2,62;35,96
09048001;Bagno a Ripoli;Firenze;1;25.462;11,80;;15,29;;3,32;5,12;3,91;38,13
09048002;Barberino di Mugello;Firenze;1;10.779;13,18;;12,03;;3,65;9,16;5,31;48,14
09048054;Barberino Tavarnelle;Firenze;1;12.021;7,95;;12,58;;3,96;4,35;4,71;34,08
09048004;Borgo San Lorenzo;Firenze;1;17.979;15,46;;11,23;;3,49;8,24;7,79;45,58
09048005;Calenzano;Firenze;1;18.094;7,48;;7,58;;4,56;4,39;5,65;34,38
09048006;Campi Bisenzio;Firenze;1;46.270;7,88;;8,89;;5,56;4,66;3,44;36,35
09048008;Capraia e Limite;Firenze;1;7.854;28,21;;14,98;;2,96;4,42;2,28;32,91
09048010;Castelfiorentino;Firenze;1;17.279;16,57;;11,95;;4,65;4,29;8,77;38,11
09048011;Cerreto Guidi;Firenze;1;10.744;23,35;;15,63;;2,49;4,48;5,20;36,38
09048012;Certaldo;Firenze;1;15.690;25,13;;13,12;;6,75;4,43;6,58;40,12
09048013;Dicomano;Firenze;1;5.460;21,56;;20,60;;6,15;10,52;4,42;49,60
09048014;Empoli;Firenze;1;48.368;19,21;;15,10;;6,75;4,70;7,65;42,74
09048015;Fiesole;Firenze;1;13.918;28,73;;21,34;;9,15;7,54;9,84;61,59
09048052;Figline e Incisa Valdarno;Firenze;1;23.497;21,17;;14,31;;5,31;6,14;3,91;44,41
09048017;Firenze;Firenze;1;359.755;7,80;;16,21;;8,50;5,60;5,17;45,22
09048018;Firenzuola;Firenze;1;4.506;6,83;;3,99;;2,25;4,93;11,55;34,59
09048019;Fucecchio;Firenze;1;22.842;26,16;;15,50;;5,42;4,92;5,08;39,94
09048020;Gambassi Terme;Firenze;1;4.828;25,71;;17,81;;3,30;5,01;9,78;44,56
09048021;Greve in Chianti;Firenze;1;13.470;18,54;;21,99;;7,12;5,91;5,90;50,41
09048022;Impruneta;Firenze;1;14.536;17,72;;21,52;;3,05;5,11;4,23;41,13
09048024;Lastra a Signa;Firenze;1;19.441;34,48;;17,09;;5,02;5,41;3,26;42,87
09048025;Londa;Firenze;1;1.841;21,63;;20,06;;4,90;9,11;3,72;45,53
09048026;Marradi;Firenze;1;2.984;4,42;;1,97;;3,41;3,34;17,16;36,25
09048027;Montaione;Firenze;1;3.529;24,45;;17,43;;4,77;5,10;12,07;48,92
09048028;Montelupo Fiorentino;Firenze;1;14.363;28,53;;15,99;;4,22;4,73;6,06;40,00
09048030;Montespertoli;Firenze;1;13.200;21,38;;16,15;;8,20;5,28;3,27;42,98
09048031;Palazzuolo sul Senio;Firenze;1;1.121;4,32;;10,35;;2,22;5,38;12,67;36,36
09048033;Pontassieve;Firenze;1;20.436;7,99;;13,39;;5,23;6,88;2,65;36,33
09048035;Reggello;Firenze;1;16.593;8,86;;21,98;;5,43;8,77;4,36;46,48
09048036;Rignano sull'Arno;Firenze;1;8.683;8,10;;14,72;;4,11;6,65;2,24;35,14
09048038;San Casciano in Val di Pesa;Firenze;1;16.749;16,78;;18,06;;6,60;5,12;4,04;42,72
09048039;San Godenzo;Firenze;1;1.083;15,22;;17,47;;3,24;9,52;3,01;41,88
09048041;Scandicci;Firenze;1;50.592;11,86;;11,52;;5,53;5,61;8,22;42,94
09048053;Scarperia e San Piero;Firenze;1;12.103;14,45;;11,79;;2,94;8,46;9,84;49,72
09048043;Sesto Fiorentino;Firenze;1;48.788;7,74;;8,02;;3,95;3,89;3,35;28,22
09048044;Signa;Firenze;1;18.526;11,58;;14,57;;6,50;6,32;5,94;46,84
09048046;Vaglia;Firenze;1;5.218;10,72;;13,91;;1,52;6,76;7,79;44,94
09048049;Vicchio;Firenze;1;7.994;9,54;;10,34;;1,91;8,41;7,00;42,49
09048050;Vinci;Firenze;1;14.525;24,30;;14,93;;3,53;4,49;6,55;38,42
16071005;Ascoli Satriano;Foggia;1;5.999;8,77;;20,55;;7,34;0,72;;33,75
16071006;Biccari;Foggia;1;2.645;25,82;;19,82;;6,03;3,44;7,05;81,07
16071012;Carpino;Foggia;1;3.898;15,36;;14,03;;4,10;9,81;;41,05
16071017;Castelnuovo della Daunia;Foggia;1;1.320;22,47;;17,07;;1,88;5,15;;40,82
16071024;Foggia;Foggia;1;148.301;3,68;;28,57;;6,48;9,26;1,72;39,42
16071027;Lesina;Foggia;1;6.239;6,52;;37,25;;5,17;1,18;1,52;24,55
16071028;Lucera;Foggia;1;31.858;7,13;;1,46;;5,84;15,82;;46,57
16071031;Mattinata;Foggia;1;6.072;12,94;;28,17;;6,92;1,87;1,45;30,27
16071033;Monte Sant'Angelo;Foggia;1;11.657;15,57;;44,40;;8,30;1,45;2,62;42,01
16071035;Orsara di Puglia;Foggia;1;2.544;8,50;;32,74;;7,07;1,26;0,37;25,61
16071036;Orta Nova;Foggia;1;16.933;4,38;;24,61;;3,77;14,17;2,05;51,70
16071037;Panni;Foggia;1;695;7,71;;1.450,00;;2,65;1,63;;34,59
16071040;Poggio Imperiale;Foggia;1;2.584;18,16;;17,53;;3,93;14,63;;46,20
16071043;Rodi Garganico;Foggia;1;3.466;12,01;;94,98;;9,69;2,62;3,25;43,61
16071046;San Giovanni Rotondo;Foggia;1;26.641;54,80;;14,81;;6,81;0,01;4,07;38,12
16071047;San Marco in Lamis;Foggia;1;12.845;2,93;;5,86;;3,37;22,71;;41,18
16071051;San Severo;Foggia;1;48.856;17,25;;27,57;;2,39;3,09;0,32;27,94
16071052;Sant'Agata di Puglia;Foggia;1;1.849;9,53;;20,87;;7,03;4,90;;31,55
16071053;Serracapriola;Foggia;1;3.794;18,00;;22,02;;8,57;1,53;2,43;33,06
16071056;Torremaggiore;Foggia;1;16.643;11,17;;31,44;;7,86;3,74;28,04;63,64
16071058;Troia;Foggia;1;6.817;27,91;;26,47;;11,25;2,01;0,11;40,29
16071060;Vieste;Foggia;1;13.634;10,23;;61,39;;10,35;2,00;2,36;49,91
08040001;Bagno di Romagna;Forli'-Cesena;1;5.670;10,74;;11,78;;2,86;2,30;2,88;26,31
08040003;Bertinoro;Forli'-Cesena;1;10.991;5,49;;13,94;;7,29;8,95;4,45;39,37
08040004;Borghi;Forli'-Cesena;1;2.886;10,77;;10,65;;1,56;-0,10;2,28;22,95
08040005;Castrocaro Terme e Terra del Sole;Forli'-Cesena;1;6.259;9,32;;13,81;;7,86;9,65;4,80;42,45
08040007;Cesena;Forli'-Cesena;1;97.254;9,73;;12,02;;1,25;1,42;1,42;21,55
08040008;Cesenatico;Forli'-Cesena;1;26.084;10,66;;14,76;;4,82;1,85;2,30;29,29
08040009;Civitella di Romagna;Forli'-Cesena;1;3.667;17,71;;19,18;;11,29;13,86;6,90;60,98
08040011;Dovadola;Forli'-Cesena;1;1.579;9,69;;16,10;;9,03;11,08;5,51;48,75
08040012;Forli;Forli'-Cesena;1;117.479;5,38;;12,02;;6,44;7,90;3,93;34,75
08040013;Forlimpopoli;Forli'-Cesena;1;13.156;7,48;;12,42;;6,97;8,55;4,25;37,62
08040014;Galeata;Forli'-Cesena;1;2.378;10,04;;13,26;;7,65;9,39;4,67;41,32
08040015;Gambettola;Forli'-Cesena;1;10.674;8,31;;9,26;;1,95;1,93;1,55;20,03
08040016;Gatteo;Forli'-Cesena;1;9.370;8,32;;9,59;;1,65;0,82;1,66;18,85
08040018;Longiano;Forli'-Cesena;1;7.205;5,02;;6,16;;1,12;1,08;1,46;16,05
08040019;Meldola;Forli'-Cesena;1;9.903;6,88;;15,59;;8,33;10,22;5,08;44,96
08040020;Mercato Saraceno;Forli'-Cesena;1;6.860;7,83;;3,60;;1,25;1,83;1,52;15,60
08040022;Modigliana;Forli'-Cesena;1;4.360;9,12;;15,48;;8,66;10,62;5,29;46,74
08040028;Montiano;Forli'-Cesena;1;1.721;6,43;;10,98;;0,21;5,04;2,49;22,56
08040031;Portico e San Benedetto;Forli'-Cesena;1;745;7,86;;22,23;;11,37;13,96;6,94;61,39
08040032;Predappio;Forli'-Cesena;1;6.135;8,42;;16,17;;8,88;10,90;5,42;47,94
08040033;Premilcuore;Forli'-Cesena;1;717;6,14;;18,22;;4,46;2,74;3,89;25,85
08040036;Rocca San Casciano;Forli'-Cesena;1;1.763;6,96;;12,62;;6,99;8,58;4,27;37,75
08040037;Roncofreddo;Forli'-Cesena;1;3.390;6,04;;6,99;;1,61;2,48;2,08;19,96
08040041;San Mauro Pascoli;Forli'-Cesena;1;12.078;7,33;;13,13;;2,53;1,79;2,11;22,91
08040043;Santa Sofia;Forli'-Cesena;1;4.065;10,01;;14,09;;3,97;2,56;3,17;28,06
08040044;Sarsina;Forli'-Cesena;1;3.329;9,78;;9,09;;3,26;2,99;3,07;26,08
08040045;Savignano sul Rubicone;Forli'-Cesena;1;17.803;7,35;;10,02;;1,61;1,89;1,65;19,39
08040046;Sogliano al Rubicone;Forli'-Cesena;1;3.125;8,34;;8,86;;1,75;1,27;4,68;25,82
08040049;Tredozio;Forli'-Cesena;1;1.145;11,13;;16,93;;9,61;11,79;5,87;51,87
08040050;Verghereto;Forli'-Cesena;1;1.765;9,95;;8,80;;1,67;2,24;4,07;24,79
12060003;Alatri;Frosinone;1;27.495;7,04;;22,70;;2,90;1,79;1,64;34,27
12060004;Alvito - Dato aggregazione Unione Valle Del Comino;Frosinone;5;7.081;20,97;;24,79;;;3,29;;35,28
12060005;Amaseno;Frosinone;1;4.215;27,27;;1,21;;0,49;21,59;1,36;46,44
12060006;Anagni;Frosinone;1;20.988;5,88;;34,13;;2,76;1,00;;36,72
12060007;Aquino;Frosinone;1;4.958;16,92;;12,93;;0,55;11,13;2,54;37,95
12060008;Arce;Frosinone;1;5.458;12,44;;23,89;;3,14;9,44;3,56;45,67
12060009;Arnara;Frosinone;1;2.252;7,82;;13,30;;0,18;6,94;3,14;34,75
12060010;Arpino;Frosinone;1;6.880;15,12;;24,20;;5,92;10,09;;47,77
12060012;Ausonia;Frosinone;1;2.429;12,70;;32,72;;;16,44;2,32;56,81
12060014;Boville Ernica;Frosinone;1;8.415;9,63;;27,68;;3,26;5,79;1,09;37,11
12060015;Broccostella;Frosinone;1;2.702;7,43;;25,18;;;0,35;;29,41
12060016;Campoli Appennino;Frosinone;1;1.623;;;85,06;;;;;48,78
12060017;Casalattico;Frosinone;1;510;129,25;;0,13;;26,01;15,85;2,04;117,64
12060018;Casalvieri;Frosinone;1;2.473;8,89;;36,64;;6,58;14,51;;51,17
12060020;Castelliri;Frosinone;1;3.259;11,22;;21,67;;2,27;7,09;0,49;37,45
12060021;Castelnuovo Parano;Frosinone;1;869;11,06;;13,13;;0,17;;;27,93
12060022;Castrocielo;Frosinone;1;3.862;12,18;;14,97;;8,43;4,41;0,89;38,81
12060024;Ceccano;Frosinone;1;22.310;12,62;;19,13;;0,39;1,86;1,74;62,29
12060025;Ceprano;Frosinone;1;8.354;7,50;;15,84;;4,04;1,52;2,22;30,68
12060026;Cervaro;Frosinone;1;7.834;;;9,57;;10,40;12,53;4,46;46,01
12060027;Colfelice;Frosinone;1;1.826;6,35;;29,98;;;11,22;0,27;30,39
12060029;Colle San Magno;Frosinone;1;642;20,00;;24,94;;2,00;8,75;0,73;46,28
12060028;Collepardo;Frosinone;1;893;16,77;;30,63;;;2,65;1,01;29,81
12060031;Esperia;Frosinone;1;3.789;8,10;;3,68;;0,72;25,02;1,82;46,48
12060032;Falvaterra;Frosinone;1;541;;;61,47;;;;;61,30
12060033;Ferentino;Frosinone;1;19.853;10,10;;17,08;;2,30;8,87;2,68;38,74
12060035;Fiuggi;Frosinone;1;10.173;6,69;;;;6,62;1,31;2,36;40,15
12060036;Fontana Liri;Frosinone;1;2.783;9,21;;29,20;;2,15;9,71;1,29;46,60
12060038;Frosinone;Frosinone;1;44.485;42,12;;;;;1,04;3,54;40,69
12060039;Fumone;Frosinone;1;2.021;47,57;;24,83;;6,32;3,51;0,30;51,95
12060041;Giuliano di Roma;Frosinone;1;2.383;;;24,84;;;1,07;;24,61
12060043;Isola del Liri;Frosinone;1;11.012;9,74;;13,99;;3,84;7,24;0,76;36,80
12060044;Monte San Giovanni Campano;Frosinone;1;12.307;22,75;;21,81;;1,29;5,45;1,31;40,08
12060045;Morolo;Frosinone;1;3.181;9,61;;35,12;;6,76;4,93;0,58;48,56
12060048;Patrica;Frosinone;1;3.095;59,61;;2,74;;2,50;4,39;0,34;32,79
12060049;Pescosolido;Frosinone;1;1.457;10,25;;25,01;;1,23;2,22;0,63;30,36
12060051;Pico;Frosinone;1;2.716;3,25;;18,72;;;3,25;0,73;14,32
12060052;Piedimonte San Germano;Frosinone;1;6.260;15,40;;16,86;;4,37;3,97;;36,10
12060053;Piglio;Frosinone;1;4.393;4,91;;44,48;;6,45;5,00;0,93;53,93
12060055;Pofi;Frosinone;1;3.966;11,71;;24,17;;2,53;5,88;;36,61
12060056;Pontecorvo;Frosinone;1;12.496;3,11;;20,08;;4,53;3,50;;29,91
12060058;Ripi;Frosinone;1;5.023;10,31;;33,09;;3,47;8,59;0,72;43,32
12060059;Rocca d'Arce;Frosinone;1;920;122,97;;29,07;;;;;68,28
12060060;Roccasecca;Frosinone;1;7.084;6,53;;24,38;;2,42;0,71;;30,88
12060061;San Biagio Saracinisco;Frosinone;1;299;20,22;;20,87;;;4,20;;36,52
12060063;San Giorgio a Liri;Frosinone;1;3.016;;;46,95;;;0,92;0,65;37,52
12060064;San Giovanni Incarico;Frosinone;1;3.177;21,67;;12,81;;2,95;7,52;;40,21
12060070;San Vittore del Lazio;Frosinone;1;2.456;13,18;;36,36;;0,86;2,39;;41,99
12060065;Sant'Ambrogio sul Garigliano;Frosinone;1;893;40,92;;26,50;;13,97;13,18;;68,09
12060067;Sant'Apollinare;Frosinone;1;1.841;7,33;;15,86;;;18,24;0,18;39,06
12060068;Sant'Elia Fiumerapido;Frosinone;1;5.738;7,45;;26,62;;3,62;3,47;;36,31
12060071;Serrone;Frosinone;1;3.000;44,79;;28,47;;2,19;5,26;3,21;54,20
12060075;Strangolagalli;Frosinone;1;2.328;26,68;;26,63;;;1,49;;38,07
12060076;Supino;Frosinone;1;4.768;8,94;;25,71;;1,45;3,11;;35,58
12060078;Torre Cajetani;Frosinone;1;1.314;5,85;;72,01;;;2,74;1,83;30,91
12060079;Torrice;Frosinone;1;4.740;9,19;;17,83;;2,43;8,18;5,74;47,51
12060080;Trevi nel Lazio;Frosinone;1;1.782;19,63;;44,76;;3,02;4,10;;39,89
12060081;Trivigliano;Frosinone;1;1.619;10,56;;41,19;;3,66;2,08;4,64;47,46
12060082;Vallecorsa;Frosinone;1;2.495;45,94;;22,12;;1,24;7,41;;55,01
12060083;Vallemaio;Frosinone;1;904;26,33;;29,44;;0,88;3,81;2,81;52,14
12060085;Veroli;Frosinone;1;19.626;12,55;;30,86;;3,55;5,48;0,75;42,63
12060087;Vico nel Lazio;Frosinone;1;2.110;27,20;;26,88;;;0,94;;39,86
12060090;Villa Santo Stefano;Frosinone;1;1.669;9,61;;7,32;;;15,29;;28,43
07010002;Avegno;Genova;1;2.549;52,57;;6,37;;;0,19;;20,87
07010003;Bargagli;Genova;1;2.559;4,51;;13,00;;;3,76;0,28;18,91
07010004;Bogliasco;Genova;1;4.382;18,70;;24,97;;6,71;7,31;0,42;39,59
07010006;Busalla;Genova;1;5.257;2,70;;14,29;;3,15;6,49;4,74;41,72
07010010;Carasco;Genova;1;3.706;24,82;;5,62;;0,59;3,37;1,77;21,06
07010011;Casarza Ligure;Genova;1;6.714;9,75;;12,09;;0,65;4,65;0,80;25,02
07010012;Casella;Genova;1;3.109;10,60;;10,48;;0,51;2,49;4,00;28,25
07010013;Castiglione Chiavarese;Genova;1;1.585;8,79;;17,91;;;4,33;0,47;29,32
07010014;Ceranesi;Genova;1;3.699;1,88;;5,93;;;12,52;1,77;41,06
07010016;Cicagna;Genova;1;2.242;7,15;;15,31;;2,17;2,07;3,14;25,06
07010017;Cogoleto;Genova;1;8.825;28,87;;23,88;;8,82;7,50;3,75;56,13
07010018;Cogorno;Genova;1;5.694;9,29;;17,83;;2,28;2,08;1,51;30,50
07010019;Coreglia Ligure;Genova;1;267;17,64;;17,64;;;2,56;1,20;26,18
07010020;Crocefieschi;Genova;1;521;19,98;;16,87;;;17,41;0,79;53,76
07010021;Davagna;Genova;1;1.809;9,52;;21,67;;;7,76;0,39;32,50
07010022;Fascia;Genova;1;70;16,28;;13,64;;;21,03;;45,17
07010023;Favale di Malvaro;Genova;1;434;16,35;;30,87;;;7,93;1,12;42,19
07010024;Fontanigorda;Genova;1;258;26,25;;17,78;;1,77;3,46;;38,60
07010025;Genova;Genova;1;558.930;19,80;;18,99;;5,28;12,89;3,41;55,31
07010026;Gorreto;Genova;1;90;12,31;;70,93;;;15,87;1,39;56,62
07010027;Isola del Cantone;Genova;1;1.410;13,43;;14,91;;3,06;14,18;6,38;48,14
07010028;Lavagna;Genova;1;12.337;7,52;;19,20;;6,64;6,42;6,14;63,07
07010029;Leivi;Genova;1;2.414;11,80;;15,61;;0,29;8,21;;27,57
07010031;Lumarzo;Genova;1;1.468;6,76;;18,00;;2,32;6,19;0,47;28,81
07010034;Mezzanego;Genova;1;1.475;11,88;;21,85;;1,55;1,12;0,29;33,02
07010035;Mignanego;Genova;1;3.537;1,51;;6,39;;2,78;6,60;11,30;46,45
07010036;Moconesi;Genova;1;2.478;13,38;;16,95;;1,35;3,14;0,35;26,66
07010037;Moneglia;Genova;1;2.609;10,92;;24,90;;5,51;7,83;1,60;46,10
07010038;Montebruno;Genova;1;210;8,41;;50,71;;0,55;11,36;0,26;42,65
07010039;Montoggio;Genova;1;2.017;10,58;;14,12;;;5,52;4,96;32,32
07010040;Ne;Genova;1;2.168;7,19;;26,24;;0,14;7,34;2,34;38,95
07010041;Neirone;Genova;1;814;8,98;;26,42;;;2,37;2,47;30,44
07010042;Orero;Genova;1;510;11,11;;23,73;;3,22;3,14;2,22;33,07
07010043;Pieve Ligure;Genova;1;2.472;32,64;;26,81;;1,74;5,86;0,55;43,22
07010044;Portofino;Genova;1;366;55,34;;42,47;;21,49;4,02;;87,07
07010045;Propata;Genova;1;129;2,99;;10,00;;;47,16;;72,16
07010046;Rapallo;Genova;1;28.913;8,63;;19,61;;5,87;4,03;3,36;38,75
07010047;Recco;Genova;1;9.543;18,31;;23,29;;8,59;6,75;1,49;47,76
07010048;Rezzoaglio;Genova;1;913;15,07;;39,15;;;3,21;;50,99
07010049;Ronco Scrivia;Genova;1;4.202;10,32;;18,23;;2,39;5,50;0,64;33,59
07010050;Rondanina;Genova;1;55;7,14;;26,22;;;0,98;0,21;23,16
07010051;Rossiglione - Dato aggregazione Unione dei Comuni delle Valli Stura Orba e Leira;Genova;5;12.057;2,86;;16,56;;;4,02;0,54;22,32
07010052;Rovegno;Genova;1;497;10,51;;32,44;;3,68;11,42;4,67;53,73
07010053;San Colombano Certenoli;Genova;1;2.605;11,40;;19,07;;0,54;4,16;0,37;27,19
07010054;Santa Margherita Ligure;Genova;1;8.763;54,38;;22,12;;6,03;8,52;2,71;74,98
07010056;Santo Stefano d'Aveto;Genova;1;1.023;18,25;;52,76;;0,98;9,18;2,20;54,66
07010057;Savignone;Genova;1;3.064;8,56;;13,52;;2,35;4,62;6,51;34,54
07010058;Serra Ricco;Genova;1;7.685;2,20;;8,97;;2,57;13,97;2,06;52,92
07010059;Sestri Levante;Genova;1;17.970;11,12;;17,16;;3,28;9,50;0,95;35,26
07010060;Sori;Genova;1;4.017;22,01;;19,74;;2,83;13,16;1,12;45,77
07010062;Torriglia;Genova;1;2.225;15,31;;16,07;;0,67;5,63;0,70;35,85
07010063;Tribogna;Genova;1;576;15,93;;22,63;;;2,98;2,32;30,27
07010064;Uscio;Genova;1;2.147;25,59;;7,83;;3,50;2,27;2,53;25,64
07010065;Valbrevenna;Genova;1;757;15,54;;8,76;;;6,82;5,25;35,24
07010066;Vobbia;Genova;1;375;18,01;;17,30;;;4,22;7,07;40,28
06031001;Capriva del Friuli;Gorizia;1;1.627;19,20;;6,72;;2,13;3,98;1,74;28,62
06031002;Cormons;Gorizia;1;7.100;21,41;;7,52;;0,85;6,37;2,72;37,16
06031003;Doberdo del Lago;Gorizia;1;1.352;27,73;;7,77;;0,74;6,43;1,84;29,67
06031004;Dolegna del Collio;Gorizia;1;323;24,03;;11,10;;1,24;5,82;2,63;37,60
06031005;Farra d'Isonzo;Gorizia;1;1.655;23,30;;7,38;;1,89;6,68;1,87;32,37
06031006;Fogliano Redipuglia;Gorizia;1;2.946;18,89;;7,24;;0,52;7,01;2,13;29,89
06031007;Gorizia;Gorizia;1;33.479;20,43;;9,63;;5,27;4,77;2,35;35,56
06031008;Gradisca d'Isonzo;Gorizia;1;6.346;20,21;;7,45;;1,33;5,23;1,85;33,21
06031009;Grado;Gorizia;1;7.971;13,69;;16,43;;2,36;8,19;3,97;53,17
06031010;Mariano del Friuli;Gorizia;1;1.473;18,21;;7,46;;0,89;4,07;2,00;28,35
06031011;Medea;Gorizia;1;964;19,54;;5,71;;2,53;4,80;1,68;29,39
06031012;Monfalcone;Gorizia;1;28.093;16,61;;10,05;;4,38;3,85;1,96;34,69
06031013;Moraro;Gorizia;1;695;27,44;;5,68;;1,65;4,63;1,70;27,77
06031014;Mossa;Gorizia;1;1.529;22,52;;6,79;;0,16;5,39;1,80;27,99
06031015;Romans d'Isonzo;Gorizia;1;3.663;26,14;;7,45;;0,88;5,21;2,05;29,36
06031016;Ronchi dei Legionari;Gorizia;1;11.755;23,93;;7,34;;2,62;4,63;1,90;29,89
06031017;Sagrado;Gorizia;1;2.140;23,87;;7,03;;0,35;5,05;1,74;29,42
06031018;San Canzian d'Isonzo;Gorizia;1;6.080;24,30;;7,61;;1,23;10,54;2,72;37,37
06031019;San Floriano del Collio;Gorizia;1;746;25,12;;8,61;;2,70;8,61;1,99;37,75
06031020;San Lorenzo Isontino;Gorizia;1;1.512;22,32;;6,49;;1,41;4,56;1,74;28,11
06031021;San Pier d'Isonzo;Gorizia;1;1.994;18,50;;6,29;;0,76;4,37;1,61;23,13
06031022;Savogna d'Isonzo;Gorizia;1;1.655;19,60;;8,10;;0,06;3,56;1,80;26,36
06031023;Staranzano;Gorizia;1;7.278;24,33;;7,70;;2,50;4,42;2,54;31,08
06031024;Turriaco;Gorizia;1;2.805;32,42;;8,53;;0,68;12,95;2,14;50,29
06031025;Villesse;Gorizia;1;1.628;13,58;;10,13;;1,85;2,86;1,56;30,69
09053001;Arcidosso;Grosseto;1;4.295;17,04;;26,72;;7,90;5,97;1,31;53,72
09053004;Castel del Piano;Grosseto;1;4.808;9,69;;24,07;;3,62;4,77;2,63;36,88
09053006;Castiglione della Pescaia;Grosseto;1;7.111;9,74;;14,31;;6,38;2,41;1,64;35,04
09053007;Cinigiano;Grosseto;1;2.420;14,35;;17,82;;9,65;9,61;8,38;55,22
09053008;Civitella Paganico;Grosseto;1;3.030;15,50;;20,96;;5,49;6,61;5,25;48,54
09053009;Follonica;Grosseto;1;21.123;16,83;;21,61;;5,74;5,77;3,90;46,52
09053010;Gavorrano;Grosseto;1;8.291;14,36;;21,31;;4,81;5,45;6,49;46,71
09053011;Grosseto;Grosseto;1;81.621;9,02;;13,58;;4,85;6,95;0,69;35,69
09053012;Isola del Giglio;Grosseto;1;1.351;15,73;;28,02;;10,89;9,19;1,45;53,50
09053013;Magliano in Toscana;Grosseto;1;3.393;36,65;;32,41;;8,03;14,70;2,48;69,80
09053014;Manciano;Grosseto;1;7.226;11,66;;18,73;;2,76;10,16;2,96;44,92
09053015;Massa Marittima;Grosseto;1;8.219;13,36;;17,55;;6,51;6,51;4,47;52,76
09053016;Monte Argentario;Grosseto;1;11.849;12,44;;33,92;;6,09;;0,79;36,77
09053017;Montieri;Grosseto;1;1.155;21,44;;33,16;;3,52;6,83;2,77;54,13
09053018;Orbetello;Grosseto;1;14.531;12,19;;23,49;;6,31;5,21;2,04;43,82
09053019;Pitigliano;Grosseto;1;3.698;12,48;;22,63;;8,06;4,40;1,59;42,96
09053020;Roccalbegna;Grosseto;1;945;18,31;;33,50;;11,31;10,78;5,11;67,12
09053021;Roccastrada;Grosseto;1;8.834;12,22;;19,50;;4,09;7,60;4,89;43,55
09053022;Santa Fiora;Grosseto;1;2.484;12,65;;18,92;;6,59;4,50;1,60;40,05
09053023;Scansano;Grosseto;1;4.315;18,89;;28,34;;3,12;9,76;1,42;50,84
09053024;Scarlino;Grosseto;1;3.827;12,08;;19,18;;4,30;6,93;6,78;43,78
09053025;Seggiano;Grosseto;1;995;10,92;;26,83;;3,34;6,23;3,21;38,28
09053028;Semproniano;Grosseto;1;990;21,59;;30,84;;12,04;14,89;4,53;77,60
09053026;Sorano;Grosseto;1;3.165;16,03;;30,96;;3,97;9,68;2,42;53,24
07008001;Airole;Imperia;1;355;16,64;;11,06;;22,44;16,86;;76,67
07008003;Aquila d'Arroscia;Imperia;1;151;130,52;;26,61;;;10,69;5,13;63,60
07008004;Armo;Imperia;1;116;16,45;;32,89;;7,13;9,58;;55,91
07008006;Badalucco;Imperia;1;1.068;8,96;;5,17;;4,83;5,72;0,30;32,00
07008007;Bajardo;Imperia;1;348;35,84;;51,72;;1,50;44,98;0,98;101,33
07008008;Bordighera;Imperia;1;10.075;9,27;;17,17;;20,68;10,83;4,73;64,08
07008009;Borghetto d'Arroscia;Imperia;1;402;28,55;;48,75;;;15,99;9,89;89,40
07008010;Borgomaro;Imperia;1;808;19,51;;47,84;;7,06;27,32;6,86;92,43
07008011;Camporosso;Imperia;1;5.491;22,27;;14,63;;4,43;2,35;4,11;36,59
07008015;Castel Vittorio;Imperia;1;259;13,52;;9,52;;8,50;13,23;0,56;51,76
07008014;Castellaro;Imperia;1;1.243;12,78;;23,21;;5,76;5,57;0,25;37,50
07008016;Ceriana;Imperia;1;1.118;7,50;;19,44;;5,17;9,85;0,64;38,53
07008020;Chiusavecchia;Imperia;1;511;24,30;;39,40;;2,34;24,26;2,50;76,66
07008021;Cipressa;Imperia;1;1.181;13,62;;21,23;;7,87;12,99;3,61;91,83
07008022;Civezza;Imperia;1;615;5,16;;36,17;;12,77;10,67;1,77;49,86
07008023;Cosio d'Arroscia;Imperia;1;181;53,74;;8,03;;9,96;24,32;1,56;67,60
07008024;Costarainera;Imperia;1;760;28,36;;27,48;;5,05;11,75;4,89;62,53
07008025;Diano Arentino;Imperia;1;674;13,51;;29,17;;12,40;28,87;;76,89
07008026;Diano Castello;Imperia;1;2.264;6,32;;21,53;;7,05;15,29;;48,34
07008028;Diano San Pietro;Imperia;1;1.086;5,02;;17,79;;5,68;7,10;3,17;35,20
07008029;Dolceacqua;Imperia;1;2.067;8,50;;11,37;;6,61;3,83;0,24;32,90
07008030;Dolcedo;Imperia;1;1.293;4,24;;25,90;;11,51;2,27;5,09;42,71
07008031;Imperia;Imperia;1;41.976;29,41;;25,18;;9,67;3,17;22,37;66,11
07008032;Isolabona;Imperia;1;667;12,36;;7,16;;7,45;1,08;0,66;33,06
07008035;Molini di Triora;Imperia;1;584;90,91;;9,09;;11,96;2,59;1,64;59,17
07008068;Montalto Carpasio;Imperia;1;493;51,75;;21,85;;11,54;15,39;3,03;71,15
07008037;Montegrosso Pian Latte;Imperia;1;123;;;28,29;;;19,68;;66,85
07008038;Olivetta San Michele;Imperia;1;196;7,94;;7,55;;16,47;9,98;0,24;49,52
07008039;Ospedaletti;Imperia;1;3.180;7,95;;23,58;;9,58;0,89;1,28;39,09
07008040;Perinaldo;Imperia;1;812;5,34;;21,70;;7,52;6,25;3,32;41,76
07008041;Pietrabruna;Imperia;1;437;8,67;;46,03;;10,53;7,11;2,80;61,94
07008042;Pieve di Teco;Imperia;1;1.317;29,09;;8,39;;4,47;11,70;3,19;45,27
07008043;Pigna;Imperia;1;760;9,84;;9,89;;8,01;7,29;0,31;37,64
07008044;Pompeiana;Imperia;1;837;13,25;;34,25;;7,69;19,32;;61,66
07008045;Pontedassio;Imperia;1;2.326;35,04;;12,89;;1,81;1,51;;75,30
07008046;Pornassio;Imperia;1;653;36,75;;37,31;;11,92;10,34;0,30;70,75
07008047;Prela;Imperia;1;472;48,58;;41,62;;;23,21;;81,95
07008048;Ranzo;Imperia;1;540;17,55;;45,34;;1,41;6,51;3,91;65,94
07008050;Riva Ligure;Imperia;1;2.796;18,71;;16,06;;7,46;8,08;4,43;44,19
07008052;San Bartolomeo al Mare;Imperia;1;3.041;14,54;;31,46;;9,34;7,21;2,34;54,15
07008053;San Biagio della Cima;Imperia;1;1.258;9,24;;12,67;;6,79;6,21;2,40;38,33
07008054;San Lorenzo al Mare;Imperia;1;1.254;27,70;;15,82;;11,91;9,12;4,08;75,07
07008055;Sanremo;Imperia;1;52.327;1,14;;41,24;;3,37;6,17;9,09;55,09
07008056;Santo Stefano al Mare;Imperia;1;2.038;13,16;;32,40;;4,29;8,05;3,92;53,50
07008057;Seborga;Imperia;1;279;40,50;;10,19;;6,53;6,85;;39,08
07008058;Soldano;Imperia;1;986;13,63;;10,01;;8,86;6,75;0,51;41,62
07008059;Taggia;Imperia;1;13.908;5,62;;16,89;;7,02;5,06;2,21;35,41
07008060;Terzorio;Imperia;1;238;12,98;;12,03;;9,01;26,92;0,51;58,14
07008061;Triora;Imperia;1;353;26,57;;27,76;;22,77;13,65;2,25;73,19
07008062;Vallebona;Imperia;1;1.284;6,67;;8,85;;4,68;6,66;0,23;31,27
07008063;Vallecrosia;Imperia;1;6.791;11,50;;10,39;;5,00;8,15;2,19;38,68
07008064;Vasia;Imperia;1;380;9,81;;29,57;;7,68;3,29;2,28;41,79
07008066;Vessalico;Imperia;1;248;12,50;;37,84;;;10,51;5,73;58,79
07008067;Villa Faraldi;Imperia;1;436;23,84;;65,57;;5,25;17,79;1,36;77,65
14094001;Acquaviva d'Isernia;Isernia;1;395;29,54;;20,16;;31,27;13,32;0,85;81,40
14094004;Belmonte del Sannio;Isernia;1;680;5,43;;57,09;;2,99;0,80;0,36;22,66
14094006;Capracotta;Isernia;1;827;24,04;;24,78;;3,62;6,89;0,73;43,00
14094007;Carovilli;Isernia;1;1.278;7,58;;35,18;;2,46;7,83;;32,97
14094008;Carpinone;Isernia;1;1.064;15,97;;13,17;;8,50;8,30;0,53;39,54
14094009;Castel del Giudice;Isernia;1;312;54,00;;100,00;;5,06;16,71;;95,19
14094010;Castelpetroso;Isernia;1;1.598;1,32;;0,93;;;4,44;0,21;10,99
14094015;Chiauci;Isernia;1;199;133,33;;35,29;;15,22;9,35;;94,13
14094016;Civitanova del Sannio;Isernia;1;925;17,86;;29,99;;;2,20;0,68;37,44
14094019;Filignano;Isernia;1;568;10,85;;12,95;;4,06;14,02;3,10;40,31
14094020;Forli del Sannio;Isernia;1;642;8,68;;18,87;;4,45;11,83;0,50;37,72
14094021;Fornelli;Isernia;1;1.829;23,75;;23,13;;16,92;7,71;;58,35
14094023;Isernia;Isernia;1;20.972;8,98;;14,66;;4,00;2,06;1,11;26,04
14094026;Macchiagodena;Isernia;1;1.678;5,91;;34,42;;8,62;3,85;0,60;32,92
14094029;Montenero Val Cocchiara;Isernia;1;502;23,13;;15,89;;7,23;10,82;9,77;56,11
14094030;Monteroduni;Isernia;1;2.067;12,45;;21,76;;0,15;8,80;1,51;35,04
14094033;Pescopennataro;Isernia;1;243;21,56;;29,86;;8,79;4,69;1,23;56,14
14094035;Pietrabbondante;Isernia;1;648;24,35;;13,89;;18,42;1,51;0,32;44,07
14094043;San Pietro Avellana;Isernia;1;439;26,70;;19,44;;8,60;12,26;0,45;51,11
14094045;Santa Maria del Molise;Isernia;1;680;13,58;;36,96;;1,85;1,85;;32,62
14094046;Sant'Angelo del Pesco;Isernia;1;352;71,79;;59,38;;;8,74;;72,82
14094048;Scapoli;Isernia;1;601;6,51;;56,71;;5,52;3,72;0,42;31,17
14094049;Sessano del Molise;Isernia;1;686;7,84;;44,53;;4,67;;;24,89
14094051;Vastogirardi;Isernia;1;643;15,37;;34,83;;;3,11;0,88;39,66
14094052;Venafro;Isernia;1;11.137;5,31;;28,77;;3,72;4,45;1,29;26,99
07011001;Ameglia;La Spezia;1;4.291;35,45;;34,31;;6,56;6,75;6,35;68,06
07011002;Arcola;La Spezia;1;10.172;21,66;;26,69;;1,90;5,95;7,10;49,64
07011003;Beverino;La Spezia;1;2.274;41,30;;48,41;;;14,44;3,61;77,19
07011004;Bolano;La Spezia;1;7.337;16,46;;28,51;;;6,44;1,06;41,72
07011005;Bonassola;La Spezia;1;817;28,23;;54,94;;12,86;7,34;2,35;79,86
07011007;Brugnato;La Spezia;1;1.290;19,11;;31,41;;1,22;6,17;2,04;46,32
07011008;Calice al Cornoviglio;La Spezia;1;1.063;34,83;;65,65;;;23,32;3,34;92,14
07011009;Carro;La Spezia;1;519;90,38;;18,65;;;8,57;0,94;62,08
07011011;Castelnuovo Magra;La Spezia;1;8.329;16,47;;20,15;;0,34;5,11;5,23;37,22
07011012;Deiva Marina;La Spezia;1;1.344;20,51;;30,96;;4,75;1,19;1,01;44,63
07011013;Follo;La Spezia;1;6.262;46,64;;20,45;;;4,50;3,15;36,13
07011014;Framura;La Spezia;1;632;70,94;;40,16;;9,13;20,11;2,80;90,21
07011015;La Spezia;La Spezia;1;91.877;27,00;;19,63;;7,75;6,84;5,07;51,33
07011016;Lerici;La Spezia;1;9.686;26,36;;30,24;;10,91;7,82;2,92;61,48
07011017;Levanto;La Spezia;1;5.282;14,51;;16,07;;11,83;4,19;2,56;44,89
07011020;Luni;La Spezia;1;8.295;28,33;;29,04;;0,34;5,68;1,91;45,21
07011019;Monterosso al Mare;La Spezia;1;1.381;86,86;;59,67;;2,30;24,36;6,38;111,46
07011022;Portovenere;La Spezia;1;3.352;18,85;;38,55;;14,79;9,83;2,92;70,44
07011023;Ricco del Golfo di Spezia;La Spezia;1;3.592;28,30;;27,55;;;6,66;4,05;44,11
07011024;Riomaggiore;La Spezia;1;1.403;50,07;;72,50;;21,09;15,24;3,97;120,04
07011026;Santo Stefano di Magra;La Spezia;1;9.857;15,95;;18,57;;0,10;9,53;6,17;42,64
07011027;Sarzana;La Spezia;1;21.739;14,66;;30,55;;4,05;5,61;4,81;51,17
07011028;Sesta Godano;La Spezia;1;1.300;19,22;;32,21;;3,47;5,73;2,02;45,58
07011030;Vernazza;La Spezia;1;764;28,91;;60,33;;14,30;19,99;2,67;100,97
07011031;Vezzano Ligure;La Spezia;1;7.170;19,55;;26,58;;4,79;6,18;7,85;53,62
13066002;Aielli;L'Aquila;1;1.453;14,75;;3,61;;8,65;9,89;1,93;29,77
13066003;Alfedena;L'Aquila;1;935;16,62;;20,38;;5,45;7,52;4,28;46,14
13066005;Ateleta;L'Aquila;1;1.104;26,67;;42,32;;3,98;8,83;6,59;67,50
13066006;Avezzano;L'Aquila;1;41.048;7,04;;14,50;;3,04;8,78;1,18;33,50
13066009;Barisciano;L'Aquila;1;1.689;22,05;;24,33;;7,02;5,69;12,23;56,94
13066010;Barrea;L'Aquila;1;722;23,85;;10,43;;1,58;12,35;1,37;56,44
13066013;Cagnano Amiterno;L'Aquila;1;1.192;26,08;;25,89;;;11,18;2,02;52,53
13066016;Campotosto;L'Aquila;1;461;9,07;;500,66;;4,77;14,82;0,71;54,59
13066021;Capitignano;L'Aquila;1;628;17,72;;38,50;;11,24;22,91;;64,21
13066025;Carsoli;L'Aquila;1;5.231;9,73;;28,36;;4,18;8,98;2,24;61,90
13066028;Castel di Sangro - Dato aggregazione COGESA S.P.A.;L'Aquila;26;22.729;20,49;;24,84;;1,77;4,65;4,45;43,39
13066030;Castelvecchio Calvisio;L'Aquila;1;120;25,19;;26,58;;9,00;19,42;8,42;72,10
13066032;Celano;L'Aquila;1;10.474;23,32;;14,51;;;2,07;2,24;31,10
13066036;Civitella Roveto;L'Aquila;1;3.096;10,71;;19,57;;;3,94;3,09;32,90
13066046;Gioia dei Marsi;L'Aquila;1;1.739;13,90;;14,08;;;5,09;17,35;43,97
13066049;L'Aquila;L'Aquila;1;69.941;15,70;;22,60;;1,68;8,79;1,70;40,11
13066050;Lecce nei Marsi;L'Aquila;1;1.553;12,45;;18,99;;;5,01;0,44;30,70
13066051;Luco dei Marsi;L'Aquila;1;6.047;9,26;;13,04;;5,09;13,53;1,72;42,40
13066053;Magliano de' Marsi;L'Aquila;1;3.570;6,45;;6,55;;0,17;14,80;5,40;35,04
13066054;Massa d'Albe;L'Aquila;1;1.391;12,91;;35,73;;;12,33;3,01;50,63
13066056;Montereale;L'Aquila;1;2.285;11,03;;16,72;;;4,34;0,69;31,41
13066057;Morino;L'Aquila;1;1.351;13,31;;23,00;;0,14;4,59;5,61;40,63
13066062;Oricola;L'Aquila;1;1.289;17,03;;22,76;;;6,71;7,38;42,44
13066064;Ortucchio;L'Aquila;1;1.763;13,35;;22,86;;;13,15;0,45;42,47
13066067;Pereto;L'Aquila;1;642;14,72;;40,27;;;12,60;7,06;56,84
13066068;Pescasseroli;L'Aquila;1;2.105;50,17;;;;;9,21;0,51;52,35
13066070;Pescocostanzo;L'Aquila;1;1.110;32,98;;18,99;;5,57;11,45;0,15;53,70
13066072;Pizzoli;L'Aquila;1;4.331;13,82;;12,52;;;7,21;3,07;42,72
13066075;Pratola Peligna;L'Aquila;1;7.200;22,47;;12,18;;9,29;2,81;3,27;38,15
13066078;Rivisondoli;L'Aquila;1;681;5,08;;39,73;;27,08;28,19;9,62;172,04
13066084;Roccaraso;L'Aquila;1;1.563;93,83;;;;13,12;5,36;2,48;63,21
13066085;San Benedetto dei Marsi;L'Aquila;1;3.753;10,10;;7,05;;5,50;10,04;2,06;33,44
13066088;San Pio delle Camere;L'Aquila;1;669;14,29;;19,35;;0,95;6,93;1,84;33,96
13066092;San Vincenzo Valle Roveto;L'Aquila;1;2.168;10,41;;25,02;;1,23;5,81;3,58;40,51
13066102;Trasacco;L'Aquila;1;5.938;3,45;;11,66;;1,44;8,17;0,70;27,63
13066105;Villa Sant'Angelo;L'Aquila;1;473;14,02;;16,20;;;3,32;5,03;32,22
13066106;Villavallelonga;L'Aquila;1;857;6,14;;16,28;;2,28;13,02;1,26;38,33
13066107;Villetta Barrea;L'Aquila;1;597;33,81;;10,88;;10,28;0,70;2,32;48,68
12059001;Aprilia;Latina;1;73.296;27,80;;16,12;;3,25;6,73;0,73;40,02
12059002;Bassiano;Latina;1;1.456;24,51;;30,79;;11,07;1,21;5,37;49,43
12059003;Campodimele;Latina;1;565;;;28,59;;;4,45;13,12;53,66
12059005;Cisterna di Latina;Latina;1;35.506;8,55;;10,03;;2,65;4,86;1,98;31,63
12059006;Cori;Latina;1;10.518;126,78;;6,23;;;0,94;;43,06
12059007;Fondi;Latina;1;39.114;10,83;;15,72;;2,44;2,28;0,91;34,66
12059008;Formia;Latina;1;37.219;6,11;;13,89;;6,44;11,47;2,96;43,59
12059009;Gaeta;Latina;1;19.851;9,97;;24,63;;11,21;7,73;2,10;51,51
12059010;Itri;Latina;1;10.327;12,20;;18,10;;6,74;3,29;7,43;42,55
12059011;Latina;Latina;1;126.612;6,90;;16,50;;4,53;4,81;2,34;34,97
12059012;Lenola;Latina;1;4.094;12,07;;11,16;;0,07;9,41;;32,27
12059015;Monte San Biagio;Latina;1;6.150;24,86;;24,46;;0,84;1,28;2,43;44,87
12059016;Norma;Latina;1;3.722;20,71;;16,77;;5,17;2,76;;32,01
12059020;Prossedi;Latina;1;1.170;;;30,45;;;12,62;;41,83
12059022;Rocca Massima;Latina;1;1.087;28,42;;1,96;;11,52;26,73;;55,67
12059023;Roccasecca dei Volsci;Latina;1;1.082;29,01;;9,35;;5,94;2,78;2,83;39,08
12059024;Sabaudia;Latina;1;19.245;12,21;;14,94;;3,20;5,36;0,51;33,83
12059025;San Felice Circeo;Latina;1;9.725;6,24;;15,54;;2,90;2,35;2,56;28,46
12059027;Sermoneta;Latina;1;10.005;10,50;;17,88;;3,34;2,32;0,61;30,27
12059028;Sezze;Latina;1;23.337;14,25;;36,55;;;1,01;0,34;22,65
12059029;Sonnino;Latina;1;7.500;7,66;;8,57;;1,07;17,62;0,25;34,35
12059030;Sperlonga;Latina;1;3.117;1,24;;26,00;;8,05;2,75;0,85;39,90
12059031;Spigno Saturnia;Latina;1;2.897;179,62;;;;;8,30;1,34;41,76
12059033;Ventotene;Latina;1;716;12,91;;79,00;;2,73;14,62;;53,58
16075002;Alessano;Lecce;1;6.170;2,45;;8,47;;2,93;15,67;;34,62
16075003;Alezio;Lecce;1;5.651;55,43;;1,29;;5,46;8,45;;38,85
16075004;Alliste;Lecce;1;6.513;9,47;;8,65;;2,51;20,16;;47,68
16075006;Aradeo;Lecce;1;9.026;1,48;;2,31;;0,77;2,49;;15,96
16075007;Arnesano;Lecce;1;4.003;;;10,29;;;12,37;;29,82
16075009;Botrugno;Lecce;1;2.661;4,08;;39,62;;8,96;10,04;2,79;48,27
16075010;Calimera;Lecce;1;6.810;16,22;;18,84;;2,00;2,73;1,31;24,24
16075014;Carmiano;Lecce;1;11.641;2,39;;13,74;;1,40;10,85;2,57;33,33
16075015;Carpignano Salentino;Lecce;1;3.677;48,79;;2,81;;;3,90;2,40;46,16
16075096;Castro;Lecce;1;2.340;7,76;;13,44;;2,87;15,93;;42,36
16075021;Collepasso;Lecce;1;5.732;6,87;;16,87;;3,96;6,15;2,27;56,10
16075022;Copertino;Lecce;1;23.278;12,97;;22,03;;11,30;3,84;7,70;53,73
16075023;Corigliano d'Otranto;Lecce;1;5.700;3,74;;12,16;;2,92;16,53;;38,42
16075024;Corsano;Lecce;1;5.232;4,09;;23,12;;2,80;4,51;5,64;32,38
16075027;Diso;Lecce;1;2.913;3,47;;15,46;;5,28;4,80;1,97;30,07
16075030;Galatone;Lecce;1;15.062;3,46;;7,42;;2,68;23,02;2,88;43,36
16075031;Gallipoli;Lecce;1;20.092;4,43;;10,12;;3,37;22,36;;52,92
16075032;Giuggianello;Lecce;1;1.150;3,85;;22,39;;5,65;11,23;3,99;41,92
16075035;Lecce;Lecce;1;93.673;6,02;;13,96;;5,88;27,34;2,16;60,57
16075037;Leverano;Lecce;1;13.794;16,25;;16,97;;10,33;1,61;0,93;43,60
16075038;Lizzanello;Lecce;1;11.692;23,01;;6,89;;4,25;28,09;;54,14
16075042;Matino;Lecce;1;11.167;9,09;;33,85;;;2,38;;39,06
16075043;Melendugno;Lecce;1;9.927;11,46;;22,54;;4,74;9,62;2,59;49,92
16075048;Monteroni di Lecce;Lecce;1;13.612;1,94;;9,55;;3,79;13,85;2,78;37,94
16075049;Montesano Salentino;Lecce;1;2.609;;;;;;4,78;6,27;18,88
16075050;Morciano di Leuca;Lecce;1;3.105;2,99;;10,67;;2,22;10,72;;30,73
16075052;Nardo;Lecce;1;30.732;10,11;;25,98;;6,49;7,40;9,40;60,59
16075053;Neviano;Lecce;1;5.033;6,95;;10,56;;3,41;26,12;3,74;57,65
16075059;Parabita;Lecce;1;8.761;2,42;;20,03;;6,71;7,25;9,73;51,41
16075060;Patu;Lecce;1;1.633;2,92;;21,95;;4,87;14,65;;41,82
16075098;Presicce-Acquarica;Lecce;1;9.503;0,82;;33,99;;4,12;2,37;5,52;36,90
16075063;Racale;Lecce;1;10.739;3,84;;8,32;;1,94;14,69;2,27;40,24
16075066;Salve;Lecce;1;4.559;2,55;;8,44;;4,58;20,84;;43,26
16075095;San Cassiano;Lecce;1;1.968;3,21;;22,90;;5,15;3,30;1,60;30,73
16075068;San Cesario di Lecce;Lecce;1;7.889;10,80;;22,87;;4,35;5,84;1,73;42,56
16075071;San Pietro in Lama;Lecce;1;3.432;7,18;;18,57;;6,18;5,63;0,91;37,46
16075070;Sannicola;Lecce;1;5.703;9,10;;27,66;;6,59;8,16;5,41;54,90
16075073;Scorrano;Lecce;1;6.757;6,37;;29,19;;4,55;10,73;;38,21
16075074;Secli;Lecce;1;1.828;6,75;;21,10;;4,98;10,21;5,09;51,59
16075077;Specchia;Lecce;1;4.580;3,46;;38,85;;3,90;4,64;7,75;37,52
16075079;Squinzano;Lecce;1;13.541;1,44;;15,17;;3,16;13,19;4,74;43,26
16075084;Taurisano;Lecce;1;11.449;3,97;;1,80;;3,49;7,36;;25,05
16075086;Tiggiano;Lecce;1;2.786;3,45;;19,15;;3,84;17,69;2,72;41,27
16075088;Tricase;Lecce;1;17.152;5,39;;32,07;;3,73;5,52;4,49;38,43
16075090;Ugento;Lecce;1;12.175;5,36;;47,43;;7,21;5,29;2,59;49,53
03097001;Abbadia Lariana;Lecco;1;3.190;7,68;;7,83;;1,86;2,69;2,26;20,90
03097002;Airuno;Lecco;1;2.782;6,78;;12,32;;1,86;5,08;2,98;27,47
03097003;Annone di Brianza;Lecco;1;2.283;12,29;;8,33;;1,31;4,14;3,21;25,92
03097004;Ballabio;Lecco;1;4.137;5,88;;7,62;;3,52;3,57;4,68;26,74
03097005;Barzago;Lecco;1;2.364;6,03;;7,96;;1,28;6,13;2,64;24,11
03097006;Barzano;Lecco;1;4.991;6,55;;10,74;;1,92;4,59;3,07;25,96
03097007;Barzio;Lecco;1;1.272;7,62;;11,34;;4,85;3,99;3,07;31,31
03097008;Bellano;Lecco;1;3.456;24,60;;12,09;;0,23;4,17;;26,86
03097009;Bosisio Parini;Lecco;1;3.311;3,63;;7,04;;0,96;5,35;3,51;24,08
03097010;Brivio;Lecco;1;4.462;7,11;;12,22;;2,83;7,07;4,26;32,10
03097011;Bulciago;Lecco;1;2.873;5,63;;6,68;;2,94;8,32;2,43;26,22
03097012;Calco;Lecco;1;5.413;5,53;;6,09;;0,49;4,72;2,58;20,47
03097013;Calolziocorte;Lecco;1;13.580;5,25;;12,51;;5,43;2,81;5,14;34,01
03097014;Carenno;Lecco;1;1.384;12,70;;16,23;;0,43;8,44;4,09;35,63
03097015;Casargo;Lecco;1;841;5,64;;9,18;;1,72;1,29;3,31;24,52
03097016;Casatenovo;Lecco;1;12.954;7,84;;8,53;;1,81;4,15;2,49;23,33
03097017;Cassago Brianza;Lecco;1;4.373;85,76;;14,01;;7,34;;9,38;46,07
03097018;Cassina Valsassina;Lecco;1;522;11,20;;9,86;;12,85;3,48;2,34;36,76
03097020;Cernusco Lombardone;Lecco;1;3.761;7,66;;7,43;;1,83;3,60;3,97;23,52
03097021;Cesana Brianza;Lecco;1;2.364;6,33;;7,44;;2,14;2,23;2,32;20,72
03097022;Civate;Lecco;1;3.765;4,33;;10,85;;2,19;3,19;2,99;24,25
03097023;Colico;Lecco;1;7.951;8,56;;10,42;;1,56;3,70;2,71;26,43
03097024;Colle Brianza;Lecco;1;1.731;7,67;;7,80;;2,58;6,59;2,04;25,46
03097025;Cortenova;Lecco;1;1.160;13,96;;9,60;;0,99;3,69;2,23;25,32
03097026;Costa Masnaga;Lecco;1;4.764;5,21;;9,30;;0,48;6,89;2,66;26,08
03097027;Crandola Valsassina;Lecco;1;275;6,76;;8,87;;1,24;11,70;2,67;31,38
03097028;Cremella;Lecco;1;1.691;8,24;;10,15;;2,94;3,22;2,05;24,11
03097029;Cremeno;Lecco;1;1.649;12,20;;12,79;;8,89;2,89;2,40;34,56
03097031;Dolzago;Lecco;1;2.531;6,32;;8,22;;1,09;7,73;2,23;25,43
03097032;Dorio;Lecco;1;321;44,89;;;;2,52;2,79;;19,29
03097033;Ello;Lecco;1;1.220;10,79;;8,03;;4,12;5,46;1,98;25,53
03097034;Erve;Lecco;1;694;13,33;;16,71;;0,46;7,11;4,07;33,60
03097036;Galbiate;Lecco;1;8.454;6,47;;9,12;;2,47;2,95;3,12;23,95
03097037;Garbagnate Monastero;Lecco;1;2.509;5,62;;7,43;;1,33;6,64;4,66;26,58
03097038;Garlate;Lecco;1;2.675;5,30;;8,81;;1,03;2,26;2,75;26,23
03097039;Imbersago;Lecco;1;2.482;4,75;;6,47;;0,21;7,46;2,39;22,55
03097040;Introbio;Lecco;1;1.944;8,78;;7,82;;1,66;7,38;2,46;27,76
03097092;La Valletta Brianza - Dato aggregazione UNIONE DEI COMUNI LOMBARDA DELLA VALLETTA;Lecco;2;6.769;6,81;;8,77;;2,41;4,70;4,49;26,78
03097042;Lecco;Lecco;1;47.415;6,02;;14,81;;9,60;3,34;5,43;38,69
03097043;Lierna;Lecco;1;2.123;10,15;;8,62;;0,88;2,11;2,06;25,42
03097044;Lomagna;Lecco;1;5.050;6,68;;8,08;;1,97;7,46;3,15;26,55
03097045;Malgrate;Lecco;1;4.259;4,72;;6,79;;3,29;3,97;3,11;24,38
03097046;Mandello del Lario;Lecco;1;10.074;6,45;;10,06;;4,34;6,10;2,54;30,35
03097047;Margno;Lecco;1;380;8,38;;15,21;;6,32;8,67;2,32;39,92
03097048;Merate;Lecco;1;14.380;5,06;;9,27;;2,61;2,60;2,78;24,10
03097049;Missaglia;Lecco;1;8.688;5,43;;8,32;;1,00;3,14;2,52;21,21
03097050;Moggio;Lecco;1;464;10,58;;10,28;;12,65;3,68;2,69;38,65
03097051;Molteno;Lecco;1;3.542;4,53;;8,88;;0,83;4,46;2,90;23,01
03097052;Monte Marenzo;Lecco;1;1.875;11,74;;11,83;;0,97;4,17;2,80;30,49
03097053;Montevecchia;Lecco;1;2.694;10,54;;7,79;;0,68;7,74;2,23;24,82
03097054;Monticello Brianza;Lecco;1;4.083;7,62;;9,84;;3,06;3,00;3,75;26,34
03097055;Morterone;Lecco;1;29;15,58;;19,63;;0,02;7,96;6,80;41,11
03097056;Nibionno;Lecco;1;3.618;7,92;;12,11;;2,98;7,35;2,93;32,78
03097057;Oggiono;Lecco;1;8.970;6,39;;7,53;;2,28;4,36;2,65;25,50
03097058;Olgiate Molgora;Lecco;1;6.348;6,34;;7,75;;1,06;3,15;2,83;21,23
03097059;Olginate;Lecco;1;6.953;5,77;;10,19;;3,00;4,67;2,95;26,66
03097061;Osnago;Lecco;1;4.744;3,58;;7,20;;1,83;7,68;4,44;27,09
03097062;Paderno d'Adda;Lecco;1;3.845;10,03;;8,86;;1,65;3,51;2,74;23,53
03097063;Pagnona;Lecco;1;324;6,36;;21,35;;0,91;6,25;4,27;36,94
03097064;Parlasco;Lecco;1;131;4,20;;15,76;;2,30;5,05;3,31;30,77
03097065;Pasturo;Lecco;1;1.912;8,08;;7,99;;2,60;5,11;2,12;24,91
03097067;Perledo;Lecco;1;876;14,19;;11,98;;4,86;2,25;1,98;28,95
03097068;Pescate;Lecco;1;2.194;6,69;;11,47;;2,74;2,73;4,04;27,10
03097069;Premana;Lecco;1;2.182;11,67;;13,96;;0,78;5,10;2,69;31,24
03097070;Primaluna;Lecco;1;2.257;6,25;;7,06;;2,40;4,94;2,52;24,41
03097071;Robbiate;Lecco;1;6.204;7,52;;8,54;;1,03;17,33;2,22;35,10
03097075;Sirone;Lecco;1;2.328;5,81;;8,47;;1,35;2,75;2,71;20,90
03097076;Sirtori;Lecco;1;2.811;6,64;;7,65;;0,59;2,78;5,22;23,48
03097078;Suello;Lecco;1;1.769;3,45;;4,90;;0,31;5,15;0,19;17,33
03097079;Taceno;Lecco;1;538;4,92;;6,97;;4,31;8,96;2,76;30,18
03097082;Valgreghentino;Lecco;1;3.402;5,46;;9,18;;1,52;3,98;2,32;22,66
03097083;Valmadrera;Lecco;1;11.238;3,77;;6,21;;2,86;5,19;1,12;20,42
03097093;Valvarrone;Lecco;1;502;14,89;;18,99;;0,82;6,39;3,46;37,41
03097084;Varenna;Lecco;1;737;13,01;;10,42;;2,26;6,06;6,38;40,00
03097086;Vercurago;Lecco;1;2.755;9,77;;14,41;;3,86;3,00;3,49;38,55
03097091;Verderio;Lecco;1;5.489;10,54;;10,28;;2,55;4,24;2,68;25,80
03097090;Vigano;Lecco;1;2.099;12,95;;6,98;;3,05;4,65;2,42;25,24
09049001;Bibbona;Livorno;1;3.188;8,28;;16,25;;6,16;4,77;7,43;43,33
09049002;Campiglia Marittima;Livorno;1;12.693;8,25;;12,96;;2,86;2,69;0,75;26,15
09049004;Capoliveri;Livorno;1;4.024;22,84;;33,05;;9,28;10,35;10,71;86,63
09049005;Capraia Isola;Livorno;1;388;38,62;;16,36;;3,19;9,59;0,76;65,24
09049006;Castagneto Carducci;Livorno;1;8.729;8,44;;19,55;;6,17;3,31;0,82;35,22
09049007;Cecina;Livorno;1;27.850;6,99;;17,21;;4,41;3,65;0,55;43,53
09049008;Collesalvetti;Livorno;1;16.385;4,69;;8,81;;1,93;2,61;3,47;24,61
09049009;Livorno;Livorno;1;156.031;12,76;;18,82;;6,95;4,63;4,13;44,07
09049010;Marciana;Livorno;1;2.085;9,73;;43,25;;14,03;15,85;2,04;89,91
09049012;Piombino;Livorno;1;32.638;7,25;;12,40;;5,54;2,70;0,67;29,69
09049013;Porto Azzurro;Livorno;1;3.614;9,68;;14,57;;2,12;9,91;;54,00
09049014;Portoferraio;Livorno;1;11.915;18,45;;22,44;;6,08;8,12;3,56;53,50
09049017;Rosignano Marittimo;Livorno;1;30.084;7,61;;11,58;;3,30;3,49;1,47;38,15
09049018;San Vincenzo;Livorno;1;6.553;7,62;;15,13;;7,61;5,51;0,73;36,92
09049019;Sassetta;Livorno;1;477;11,36;;17,57;;11,88;8,58;1,09;45,67
09049020;Suvereto;Livorno;1;3.034;20,16;;31,38;;4,24;8,44;1,66;52,41
03098001;Abbadia Cerreto - Dato aggregazione OltreAdda Lodigiano;Lodi;4;5.740;8,62;;14,54;;1,47;5,23;2,56;27,03
03098002;Bertonico;Lodi;1;1.050;10,67;;7,94;;1,31;6,37;0,58;23,12
03098004;Borghetto Lodigiano;Lodi;1;4.305;5,98;;6,14;;3,19;3,04;0,60;20,53
03098005;Borgo San Giovanni;Lodi;1;2.419;12,42;;9,39;;0,99;4,65;1,93;21,91
03098006;Brembio;Lodi;1;2.651;9,33;;8,26;;1,27;5,76;0,51;21,38
03098008;Casaletto Lodigiano;Lodi;1;2.940;31,52;;17,80;;4,29;3,74;2,27;37,38
03098009;Casalmaiocco;Lodi;1;3.172;19,88;;11,47;;4,18;3,48;4,34;29,34
03098010;Casalpusterlengo;Lodi;1;15.058;5,69;;10,92;;3,68;4,87;2,14;28,38
03098011;Caselle Landi;Lodi;1;1.515;18,45;;14,95;;4,45;5,13;3,63;36,90
03098012;Caselle Lurani;Lodi;1;2.984;38,72;;12,69;;1,03;2,86;2,03;29,32
03098062;Castelgerundo;Lodi;1;1.485;6,47;;13,41;;0,97;5,39;1,39;26,49
03098013;Castelnuovo Bocca d'Adda;Lodi;1;1.533;5,21;;13,28;;0,40;5,59;1,48;25,62
03098014;Castiglione d'Adda;Lodi;1;4.481;11,22;;5,08;;1,48;12,08;;21,94
03098015;Castiraga Vidardo;Lodi;1;2.862;3,33;;8,06;;2,97;6,19;0,12;20,33
03098017;Cavenago d'Adda;Lodi;1;2.108;9,16;;7,08;;1,06;5,30;;20,42
03098018;Cervignano d'Adda;Lodi;1;2.173;6,91;;12,99;;2,35;3,79;3,55;27,07
03098019;Codogno;Lodi;1;15.240;7,47;;8,90;;4,35;5,89;3,57;26,66
03098020;Comazzo;Lodi;1;2.237;9,50;;12,55;;3,26;8,02;3,77;33,42
03098022;Corno Giovine;Lodi;1;1.113;5,95;;13,51;;1,47;12,73;2,20;35,52
03098023;Cornovecchio;Lodi;1;201;2,52;;8,90;;;15,04;2,96;31,48
03098027;Galgagnano;Lodi;1;1.289;14,54;;19,56;;0,88;3,22;;27,22
03098028;Graffignana;Lodi;1;2.578;3,60;;8,78;;2,47;10,45;2,56;30,84
03098030;Livraga;Lodi;1;2.408;7,93;;12,44;;1,37;2,90;1,25;22,16
03098031;Lodi;Lodi;1;44.574;8,94;;11,25;;4,95;8,96;3,86;34,49
03098032;Lodi Vecchio;Lodi;1;7.417;20,22;;6,53;;1,03;8,22;2,69;26,75
03098033;Maccastorna;Lodi;1;65;6,01;;15,89;;;6,49;1,20;31,13
03098035;Maleo;Lodi;1;3.005;9,04;;13,23;;2,42;7,31;4,55;37,13
03098037;Massalengo;Lodi;1;4.348;15,46;;5,91;;2,75;5,38;2,51;26,99
03098038;Meleti;Lodi;1;443;16,73;;14,69;;0,70;3,65;4,17;30,60
03098039;Merlino;Lodi;1;1.698;6,06;;18,00;;3,40;3,38;4,29;32,22
03098040;Montanaso Lombardo;Lodi;1;2.244;10,26;;7,45;;1,41;0,89;0,11;13,26
03098041;Mulazzano;Lodi;1;5.822;8,95;;13,11;;1,49;2,63;3,85;26,62
03098042;Orio Litta;Lodi;1;2.018;5,62;;6,71;;0,49;6,12;5,02;23,69
03098043;Ospedaletto Lodigiano;Lodi;1;1.959;6,47;;7,97;;1,33;4,37;0,24;21,86
03098044;Ossago Lodigiano;Lodi;1;1.399;4,93;;11,03;;1,71;1,88;1,14;19,66
03098046;Salerano sul Lambro;Lodi;1;2.596;7,31;;10,23;;3,96;2,47;0,84;19,00
03098047;San Fiorano;Lodi;1;1.826;7,43;;11,98;;0,60;3,44;1,07;19,02
03098049;San Rocco al Porto;Lodi;1;3.332;7,30;;16,07;;1,11;7,77;5,90;36,61
03098050;Sant'Angelo Lodigiano;Lodi;1;13.343;4,66;;11,57;;0,99;3,07;4,88;24,61
03098051;Santo Stefano Lodigiano;Lodi;1;1.854;7,82;;13,20;;0,92;4,35;2,64;26,70
03098052;Secugnago;Lodi;1;1.917;5,41;;7,86;;1,30;9,32;3,29;24,81
03098053;Senna Lodigiana;Lodi;1;1.776;4,52;;8,28;;1,08;4,37;0,79;21,49
03098054;Somaglia;Lodi;1;3.845;5,46;;12,02;;0,87;6,14;;26,61
03098056;Tavazzano con Villavesco;Lodi;1;5.777;4,82;;11,02;;3,69;5,74;1,85;27,54
03098057;Terranova dei Passerini;Lodi;1;911;12,28;;9,75;;1,62;19,59;0,47;34,71
03098059;Valera Fratta;Lodi;1;1.724;4,10;;11,76;;2,56;5,77;0,16;23,15
03098060;Villanova del Sillaro;Lodi;1;1.841;8,89;;7,34;;;;;13,63
03098061;Zelo Buon Persico;Lodi;1;7.425;6,55;;8,04;;5,37;7,22;0,58;26,64
09046003;Barga;Lucca;1;9.569;21,64;;20,79;;4,02;4,79;4,21;38,97
09046004;Borgo a Mozzano;Lucca;1;6.877;14,97;;14,64;;3,93;5,23;4,71;36,56
09046005;Camaiore;Lucca;1;31.521;;;36,14;;6,31;3,38;2,07;47,71
09046007;Capannori;Lucca;1;45.196;19,35;;22,24;;0,94;8,46;4,44;42,21
09046009;Castelnuovo di Garfagnana - Dato aggregazione GARFAGNANA ECOLOGIA AMBIENTE SRL;Lucca;13;25.266;25,86;;23,64;;;3,93;5,52;41,99
09046036;Fabbriche di Vergemoli;Lucca;1;723;21,46;;33,61;;;5,81;1,28;52,69
09046013;Forte dei Marmi;Lucca;1;7.044;17,75;;26,45;;11,06;11,49;2,95;59,83
09046017;Lucca;Lucca;1;88.822;14,59;;17,14;;3,45;6,71;4,39;39,56
09046018;Massarosa;Lucca;1;21.511;13,85;;14,78;;1,33;7,70;5,85;43,47
09046021;Montecarlo;Lucca;1;4.393;21,30;;29,84;;3,96;9,92;4,81;55,26
09046022;Pescaglia;Lucca;1;3.405;16,16;;28,01;;;7,96;3,57;43,49
09046024;Pietrasanta;Lucca;1;22.892;16,31;;22,69;;2,80;7,35;2,30;42,03
09046027;San Romano in Garfagnana;Lucca;1;1.374;19,85;;18,22;;5,50;6,69;7,87;46,82
09046028;Seravezza;Lucca;1;12.658;17,78;;24,25;;2,45;6,82;0,91;42,07
09046037;Sillano Giuncugnano;Lucca;1;1.011;18,42;;26,12;;;15,40;1,02;52,47
09046030;Stazzema;Lucca;1;2.867;5,87;;30,91;;;14,51;5,01;47,20
09046033;Viareggio;Lucca;1;60.144;17,12;;26,86;;5,15;4,29;2,43;45,48
09046034;Villa Basilica;Lucca;1;1.515;5,01;;41,23;;1,55;4,80;3,92;49,14
11043053;Tolentino - Dato aggregazione COSMARI SRL;Macerata;56;320.330;13,07;;14,87;;2,65;;;22,39
03020001;Acquanegra sul Chiese;Mantova;1;2.789;8,20;;10,50;;1,21;4,52;2,72;23,62
03020002;Asola;Mantova;1;10.010;7,39;;8,49;;1,34;4,64;2,31;21,83
03020003;Bagnolo San Vito;Mantova;1;5.712;18,75;;8,42;;0,32;5,70;3,22;24,18
03020072;Borgo Mantovano;Mantova;1;5.340;12,95;;8,11;;1,75;3,84;4,22;23,41
03020071;Borgo Virgilio;Mantova;1;14.415;18,52;;18,40;;2,45;4,02;6,07;42,20
03020073;Borgocarbonara;Mantova;1;1.915;27,59;;7,01;;0,05;5,12;1,46;19,77
03020007;Bozzolo;Mantova;1;3.982;11,03;;8,11;;0,93;4,17;2,47;20,76
03020008;Canneto sull'Oglio;Mantova;1;4.217;14,67;;14,91;;1,44;2,85;4,06;28,56
03020010;Casalmoro;Mantova;1;2.164;9,72;;6,73;;0,11;4,49;1,88;17,99
03020011;Casaloldo;Mantova;1;2.641;9,11;;9,45;;2,51;8,36;1,94;27,36
03020012;Casalromano;Mantova;1;1.478;19,18;;8,98;;0,25;6,88;1,85;24,10
03020014;Castel d'Ario;Mantova;1;4.489;13,52;;9,25;;1,50;4,05;2,84;24,05
03020015;Castel Goffredo;Mantova;1;12.540;7,24;;7,51;;0,65;6,00;2,00;21,28
03020013;Castelbelforte;Mantova;1;3.193;26,27;;6,66;;1,98;6,19;1,62;24,33
03020016;Castellucchio;Mantova;1;5.179;9,06;;6,93;;0,05;2,41;1,27;15,64
03020017;Castiglione delle Stiviere;Mantova;1;23.313;4,96;;12,00;;1,87;5,55;0,49;23,51
03020018;Cavriana;Mantova;1;3.710;9,90;;11,32;;1,49;3,20;4,35;23,73
03020019;Ceresara;Mantova;1;2.525;14,48;;9,80;;3,61;5,47;2,37;27,24
03020020;Commessaggio;Mantova;1;1.091;22,93;;15,49;;4,92;2,83;2,62;35,45
03020021;Curtatone;Mantova;1;14.715;13,86;;14,33;;1,43;2,76;4,05;36,92
03020022;Dosolo;Mantova;1;3.310;24,74;;9,08;;3,93;2,25;2,19;29,34
03020024;Gazoldo degli Ippoliti;Mantova;1;2.948;21,63;;15,13;;0,48;2,54;2,75;33,82
03020025;Gazzuolo;Mantova;1;2.128;11,21;;8,62;;0,99;5,78;1,16;22,82
03020026;Goito;Mantova;1;10.020;13,57;;8,79;;1,39;4,41;2,08;22,81
03020027;Gonzaga;Mantova;1;8.734;13,83;;7,66;;1,31;4,04;3,27;21,77
03020028;Guidizzolo;Mantova;1;5.881;7,68;;7,53;;2,15;2,40;1,05;21,56
03020029;Magnacavallo;Mantova;1;1.439;21,85;;9,31;;;4,46;1,50;20,27
03020030;Mantova;Mantova;1;48.523;20,66;;16,63;;7,39;8,76;5,61;44,85
03020031;Marcaria;Mantova;1;6.343;17,43;;9,75;;2,89;5,12;2,80;26,43
03020032;Mariana Mantovana;Mantova;1;785;15,05;;11,19;;1,25;4,67;1,85;25,16
03020033;Marmirolo;Mantova;1;7.661;14,95;;8,72;;0,64;4,87;3,49;23,93
03020034;Medole;Mantova;1;4.124;10,78;;9,98;;0,19;4,35;3,65;23,91
03020035;Moglia;Mantova;1;5.311;13,55;;8,24;;1,47;3,25;1,65;19,71
03020036;Monzambano;Mantova;1;4.928;13,13;;10,56;;1,08;3,99;0,98;22,23
03020037;Motteggiana;Mantova;1;2.451;18,33;;9,40;;0,98;7,97;1,91;25,64
03020038;Ostiglia;Mantova;1;6.580;14,70;;9,74;;5,95;2,51;3,50;30,55
03020039;Pegognaga;Mantova;1;6.898;14,53;;7,01;;2,05;4,22;3,05;21,41
03020041;Piubega;Mantova;1;1.687;15,44;;20,19;;1,16;2,46;2,11;38,90
03020042;Poggio Rusco;Mantova;1;6.431;12,23;;11,01;;1,07;6,77;2,36;26,06
03020043;Pomponesco;Mantova;1;1.644;14,76;;10,40;;;2,13;1,92;19,62
03020044;Ponti sul Mincio;Mantova;1;2.326;9,89;;11,26;;1,02;4,94;2,26;25,24
03020045;Porto Mantovano;Mantova;1;16.352;15,94;;9,03;;1,94;5,88;2,21;24,85
03020046;Quingentole;Mantova;1;1.057;16,52;;9,93;;2,76;4,66;1,86;24,53
03020047;Quistello;Mantova;1;5.288;13,14;;9,30;;1,29;5,43;1,98;23,27
03020048;Redondesco;Mantova;1;1.202;9,61;;8,44;;0,12;4,95;1,19;19,69
03020050;Rivarolo Mantovano;Mantova;1;2.445;14,75;;8,56;;1,11;4,73;2,45;22,55
03020051;Rodigo;Mantova;1;5.193;;;5,16;;0,56;0,85;1,15;14,53
03020052;Roncoferraro;Mantova;1;6.828;17,04;;7,68;;1,34;3,90;1,57;19,96
03020053;Roverbella;Mantova;1;8.512;12,99;;7,68;;1,60;4,91;1,94;22,02
03020054;Sabbioneta;Mantova;1;4.133;15,91;;7,90;;1,30;3,25;0,98;19,21
03020055;San Benedetto Po;Mantova;1;6.753;15,02;;13,64;;;;0,64;18,82
03020056;San Giacomo delle Segnate;Mantova;1;1.495;17,63;;8,52;;2,18;4,71;1,68;23,36
03020057;San Giorgio Bigarello (gia' di Mantova);Mantova;1;11.714;14,53;;8,25;;0,85;4,93;2,35;21,96
03020058;San Giovanni del Dosso;Mantova;1;1.236;21,32;;6,12;;0,04;6,35;2,02;19,83
03020059;San Martino dall'Argine;Mantova;1;1.643;24,85;;9,98;;3,60;5,03;1,80;28,06
03020060;Schivenoglia;Mantova;1;1.096;9,87;;11,95;;2,17;6,12;1,48;28,05
03020061;Sermide;Mantova;1;7.105;22,88;;8,22;;2,14;5,10;1,88;23,17
03020062;Serravalle a Po;Mantova;1;1.466;49,09;;16,13;;;2,70;3,62;37,30
03020063;Solferino;Mantova;1;2.655;14,24;;8,85;;0,92;6,37;2,22;24,09
03020064;Sustinente;Mantova;1;1.972;38,81;;16,13;;0,86;2,95;2,46;37,99
03020065;Suzzara;Mantova;1;21.032;23,27;;7,98;;2,04;4,57;2,52;23,42
03020066;Viadana;Mantova;1;19.547;9,70;;12,47;;1,31;2,58;1,18;20,65
03020068;Villimpenta;Mantova;1;2.104;38,33;;13,57;;7,81;3,00;3,76;40,91
03020070;Volta Mantovana;Mantova;1;7.187;11,55;;6,66;;0,78;4,75;2,00;19,49
09045001;Aulla;Massa-Carrara;1;10.621;20,80;;19,43;;4,11;5,04;2,28;38,57
09045002;Bagnone;Massa-Carrara;1;1.779;19,24;;15,94;;6,21;5,68;2,61;37,27
09045003;Carrara;Massa-Carrara;1;60.685;6,14;;12,80;;4,98;7,46;4,06;40,00
09045004;Casola in Lunigiana;Massa-Carrara;1;979;20,92;;19,31;;4,04;11,42;10,53;56,21
09045005;Comano;Massa-Carrara;1;669;11,49;;20,32;;13,24;13,34;13,18;74,71
09045006;Filattiera;Massa-Carrara;1;2.231;26,70;;22,81;;0,59;9,84;3,08;45,93
09045007;Fivizzano;Massa-Carrara;1;7.410;21,67;;23,82;;6,44;7,26;6,44;52,31
09045008;Fosdinovo;Massa-Carrara;1;4.657;24,43;;18,70;;3,54;6,12;5,74;42,42
09045009;Licciana Nardi;Massa-Carrara;1;4.819;19,73;;19,29;;5,40;6,91;9,05;48,06
09045010;Massa;Massa-Carrara;1;66.886;7,44;;11,96;;3,50;4,10;5,38;38,79
09045011;Montignoso;Massa-Carrara;1;10.136;19,44;;26,12;;1,30;8,72;3,84;45,54
09045012;Mulazzo;Massa-Carrara;1;2.282;21,52;;20,82;;2,42;9,29;3,78;44,37
09045013;Podenzana;Massa-Carrara;1;2.098;22,76;;18,00;;6,53;4,22;2,48;39,17
09045014;Pontremoli;Massa-Carrara;1;7.028;11,91;;12,27;;3,64;7,86;1,31;29,61
09045015;Tresana;Massa-Carrara;1;1.938;24,76;;20,28;;0,29;5,74;4,69;39,77
09045016;Villafranca in Lunigiana;Massa-Carrara;1;4.628;19,99;;17,98;;7,04;5,24;2,25;39,83
09045017;Zeri;Massa-Carrara;1;995;16,22;;20,26;;3,44;4,82;2,84;37,64
17077007;Craco;Matera;1;650;31,73;;16,96;;8,19;5,63;;43,81
17077008;Ferrandina;Matera;1;8.154;9,82;;19,46;;5,43;3,62;8,98;50,95
17077013;Irsina;Matera;1;4.547;28,70;;25,16;;8,37;4,09;4,84;56,53
17077014;Matera;Matera;1;60.295;3,83;;44,38;;5,24;13,39;2,28;62,30
17077016;Montalbano Jonico;Matera;1;6.857;6,45;;17,89;;6,87;3,56;1,85;32,46
17077018;Nova Siri;Matera;1;6.735;2,93;;15,07;;2,74;3,90;8,32;40,87
17077020;Pisticci;Matera;1;16.835;18,24;;18,82;;6,84;0,15;;28,85
17077021;Policoro;Matera;1;17.868;8,93;;20,27;;4,86;2,64;0,96;36,50
17077023;Rotondella;Matera;1;2.501;54,65;;19,85;;8,38;4,40;0,41;43,79
17077031;Scanzano Jonico;Matera;1;7.514;5,44;;315,77;;5,50;0,58;0,78;33,33
17077027;Stigliano;Matera;1;3.763;36,96;;110,66;;9,30;;;63,92
17077028;Tricarico;Matera;1;4.900;6,98;;26,41;;6,38;4,96;4,27;51,63
17077030;Valsinni;Matera;1;1.394;18,82;;23,19;;0,63;9,22;;43,56
19083002;Ali;Messina;1;694;40,89;;10,10;;6,13;34,60;0,19;80,86
19083003;Ali Terme;Messina;1;2.386;27,99;;8,21;;4,64;14,83;7,77;56,22
19083005;Barcellona Pozzo di Gotto;Messina;1;40.263;15,27;;15,95;;5,53;12,02;2,86;45,94
19083009;Capo d'Orlando;Messina;1;13.157;35,34;;27,56;;10,34;3,03;3,56;61,67
19083012;Casalvecchio Siculo;Messina;1;747;8,83;;;;2,54;;;22,13
19083016;Castroreale;Messina;1;2.240;92,45;;;;3,16;;;53,74
19083017;Cesaro;Messina;1;2.167;10,90;;58,00;;1,42;4,79;;49,01
19083020;Ficarra;Messina;1;1.338;27,37;;60,21;;;2,21;;56,77
19083021;Fiumedinisi;Messina;1;1.316;34,17;;8,74;;5,23;20,28;;58,46
19083027;Furci Siculo;Messina;1;3.185;35,14;;6,83;;5,83;13,41;12,32;59,80
19083030;Galati Mamertino;Messina;1;2.373;23,27;;34,96;;1,98;3,78;;45,03
19083039;Librizzi;Messina;1;1.609;13,58;;23,73;;1,37;3,04;1,08;29,09
19083041;Lipari;Messina;1;12.334;47,25;;44,95;;7,26;4,30;;70,67
19083042;Longi;Messina;1;1.359;96,29;;19,69;;;;;40,94
19083043;Malfa;Messina;1;976;26,79;;47,18;;8,06;25,01;4,45;82,56
19083046;Mazzarra  Sant'Andrea;Messina;1;1.411;38,34;;25,63;;0,80;2,92;;41,11
19083050;Militello Rosmarino;Messina;1;1.221;16,32;;32,95;;;;;25,47
19083051;Mirto;Messina;1;911;92,98;;2,74;;1,32;1,38;9,91;41,09
19083052;Mistretta;Messina;1;4.509;16,85;;43,28;;4,88;9,19;;54,70
19083056;Montagnareale;Messina;1;1.450;28,62;;12,68;;2,14;10,94;;44,64
19083057;Montalbano Elicona;Messina;1;2.054;23,83;;21,02;;5,97;13,41;0,70;52,40
19083059;Motta d'Affermo;Messina;1;664;13,90;;66,05;;18,40;21,19;;90,48
19083060;Naso;Messina;1;3.556;29,93;;20,13;;2,96;7,09;3,61;46,89
19083061;Nizza di Sicilia;Messina;1;3.539;75,37;;3,92;;;3,85;0,33;50,64
19083067;Pettineo;Messina;1;1.260;15,06;;38,25;;13,21;5,74;;59,16
19083068;Piraino;Messina;1;3.832;5,90;;43,92;;1,88;6,29;0,25;39,67
19083072;Roccalumera;Messina;1;3.932;35,88;;12,12;;7,61;8,43;4,69;51,16
19083075;Rodi Milici;Messina;1;1.968;12,23;;29,35;;3,65;6,09;;40,14
19083077;San Filippo del Mela;Messina;1;6.770;3,01;;50,99;;2,88;1,42;;29,03
19083079;San Marco d'Alunzio;Messina;1;1.818;102,43;;3,82;;;7,04;;44,12
19083080;San Pier Niceto;Messina;1;2.638;11,09;;43,19;;1,07;3,33;;35,34
19083081;San Piero Patti;Messina;1;2.657;12,10;;43,30;;2,04;5,88;;40,86
19083086;Santa Lucia del Mela;Messina;1;4.505;7,96;;35,48;;1,87;3,83;;41,80
19083087;Santa Marina Salina;Messina;1;843;87,97;;;;;;;66,62
19083089;Santa Teresa di Riva;Messina;1;9.414;25,30;;7,27;;5,01;20,93;;48,05
19083084;Sant'Agata di Militello;Messina;1;12.190;32,96;;37,30;;2,81;2,43;2,45;57,95
19083091;Santo Stefano di Camastra;Messina;1;4.489;23,36;;21,99;;2,78;6,42;;44,17
19083092;Saponara;Messina;1;3.726;6,11;;22,41;;4,53;8,12;11,66;46,56
19083095;Sinagra;Messina;1;2.552;68,22;;;;;8,96;;31,58
19083106;Terme Vigliatore;Messina;1;7.223;9,23;;20,13;;3,56;10,33;;32,23
19083098;Torregrotta;Messina;1;7.215;5,38;;51,37;;1,50;1,67;;30,00
19083099;Tortorici;Messina;1;5.952;21,92;;24,91;;3,36;10,35;;47,12
19083102;Ucria;Messina;1;937;44,87;;20,65;;;9,37;;101,85
19083104;Venetico;Messina;1;3.940;27,72;;9,74;;1,89;1,13;;32,40
19083105;Villafranca Tirrena;Messina;1;8.236;10,02;;16,12;;5,98;3,20;0,69;32,49
03015007;Arconate;Milano;1;6.658;9,87;;10,48;;4,10;10,69;2,05;33,61
03015009;Arese;Milano;1;19.201;5,04;;10,89;;4,58;5,46;3,95;30,15
03015011;Assago;Milano;1;8.932;9,09;;13,74;;4,45;7,11;4,74;40,24
03015250;Baranzate;Milano;1;11.717;6,20;;13,87;;3,91;3,71;2,46;30,04
03015012;Bareggio;Milano;1;17.142;7,66;;9,58;;4,12;4,22;2,93;30,49
03015014;Basiano;Milano;1;3.663;6,15;;8,90;;4,45;7,58;1,35;28,39
03015015;Basiglio;Milano;1;7.904;9,80;;8,00;;3,86;6,05;4,37;30,41
03015016;Bellinzago Lombardo;Milano;1;3.763;10,31;;9,89;;1,63;5,05;4,26;27,64
03015024;Binasco;Milano;1;7.151;6,36;;7,14;;3,43;2,90;2,04;23,60
03015026;Boffalora sopra Ticino;Milano;1;4.099;11,41;;13,03;;6,22;5,64;9,95;40,10
03015027;Bollate;Milano;1;35.955;10,87;;10,33;;5,21;4,43;0,49;29,01
03015032;Bresso;Milano;1;26.358;10,09;;8,05;;6,80;9,31;2,82;41,75
03015036;Buccinasco;Milano;1;26.711;13,53;;7,97;;3,96;1,99;5,01;27,32
03015038;Buscate;Milano;1;4.540;7,86;;12,78;;4,43;7,87;1,40;31,79
03015040;Bussero;Milano;1;8.389;21,76;;10,45;;3,75;6,28;1,50;29,47
03015044;Cambiago;Milano;1;7.019;9,24;;9,95;;3,19;2,40;5,54;26,37
03015046;Canegrate;Milano;1;12.471;11,37;;10,15;;3,12;5,70;3,22;29,55
03015050;Carpiano;Milano;1;4.110;21,97;;10,71;;7,77;9,17;2,61;37,61
03015051;Carugate;Milano;1;15.539;16,88;;9,92;;3,96;4,67;1,39;26,40
03015055;Casarile;Milano;1;4.012;8,05;;7,26;;3,63;10,43;1,94;31,01
03015058;Casorezzo;Milano;1;5.491;28,43;;11,04;;2,93;3,69;0,91;22,67
03015059;Cassano d'Adda;Milano;1;18.834;15,07;;11,71;;6,49;2,07;1,52;27,87
03015060;Cassina de' Pecchi;Milano;1;13.901;14,13;;10,10;;3,62;2,81;1,31;23,74
03015070;Cernusco sul Naviglio;Milano;1;34.800;14,78;;10,60;;5,58;3,94;2,25;28,29
03015071;Cerro al Lambro;Milano;1;5.092;13,47;;12,37;;4,68;3,49;1,44;27,28
03015072;Cerro Maggiore;Milano;1;15.065;14,24;;11,29;;3,64;4,12;1,49;28,35
03015074;Cesano Boscone;Milano;1;23.168;13,31;;6,69;;5,12;3,86;2,33;26,61
03015076;Cesate;Milano;1;14.291;8,51;;8,37;;3,53;2,15;0,20;20,43
03015081;Cologno Monzese;Milano;1;46.687;13,34;;12,89;;6,83;7,06;1,91;35,46
03015082;Colturano;Milano;1;1.986;15,59;;11,68;;2,01;3,19;2,15;25,33
03015086;Cormano;Milano;1;20.205;15,40;;5,34;;5,43;7,46;;27,09
03015087;Cornaredo;Milano;1;20.100;8,75;;9,56;;4,58;4,36;4,64;28,95
03015096;Cuggiono;Milano;1;8.163;8,27;;12,00;;1,47;8,27;1,49;28,22
03015098;Cusano Milanino;Milano;1;18.311;8,56;;8,85;;5,59;8,86;1,59;29,99
03015099;Dairago;Milano;1;6.335;21,60;;9,59;;2,99;7,06;1,05;27,69
03015101;Dresano;Milano;1;2.989;17,13;;10,46;;1,76;3,42;1,44;23,08
03015103;Gaggiano;Milano;1;9.129;6,25;;6,10;;5,13;7,01;1,71;27,77
03015105;Garbagnate Milanese;Milano;1;26.888;6,55;;6,75;;3,62;3,37;2,18;21,34
03015106;Gessate;Milano;1;8.697;11,54;;10,67;;2,74;3,42;2,37;25,57
03015108;Gorgonzola;Milano;1;20.635;24,34;;11,31;;3,90;4,43;1,44;28,65
03015110;Grezzago;Milano;1;3.045;31,45;;9,37;;2,11;2,00;1,53;22,13
03015112;Gudo Visconti;Milano;1;1.596;6,98;;5,98;;4,30;2,24;2,02;21,99
03015114;Inzago;Milano;1;11.232;19,69;;10,71;;3,24;2,00;2,11;24,25
03015115;Lacchiarella;Milano;1;8.965;6,38;;5,82;;3,88;6,21;2,74;26,39
03015116;Lainate;Milano;1;25.676;3,61;;7,93;;3,41;4,66;2,73;24,05
03015118;Legnano;Milano;1;58.938;10,74;;13,35;;5,97;4,73;4,94;34,54
03015122;Liscate;Milano;1;4.035;7,54;;11,22;;7,72;2,79;2,56;29,76
03015130;Magenta;Milano;1;23.918;8,65;;14,09;;5,20;4,92;1,90;30,70
03015131;Magnago;Milano;1;9.246;12,45;;12,36;;1,34;5,41;2,64;26,63
03015134;Marcallo con Casone;Milano;1;6.133;9,35;;12,54;;2,61;8,46;1,19;29,57
03015136;Masate;Milano;1;3.582;8,60;;7,84;;4,02;4,07;1,21;23,20
03015139;Mediglia;Milano;1;11.955;13,57;;11,18;;4,59;4,18;0,42;28,79
03015140;Melegnano;Milano;1;18.086;7,42;;11,68;;10,61;7,63;2,22;40,67
03015142;Melzo;Milano;1;18.276;12,59;;10,43;;5,11;5,06;5,48;32,59
03015146;Milano;Milano;1;1.397.715;13,59;;11,42;;17,51;5,54;3,03;46,17
03015154;Nerviano;Milano;1;16.886;4,36;;9,60;;4,83;5,56;2,32;26,30
03015157;Novate Milanese;Milano;1;20.089;7,91;;4,53;;4,27;3,22;1,61;20,61
03015158;Noviglio;Milano;1;4.471;9,92;;7,29;;2,82;7,11;1,82;26,24
03015159;Opera;Milano;1;14.002;3,39;;9,92;;5,46;3,98;0,54;23,83
03015164;Ossona;Milano;1;4.254;10,08;;12,51;;1,68;4,87;3,21;27,32
03015166;Paderno Dugnano;Milano;1;47.980;7,12;;7,10;;4,16;3,73;2,55;23,08
03015167;Pantigliate;Milano;1;5.796;21,61;;10,87;;2,89;8,57;6,06;36,59
03015168;Parabiago;Milano;1;28.077;9,61;;12,41;;4,55;5,52;3,99;30,87
03015169;Paullo;Milano;1;11.089;13,17;;11,55;;4,98;6,87;3,97;33,50
03015170;Pero;Milano;1;11.292;5,60;;7,84;;4,22;3,70;1,28;22,33
03015171;Peschiera Borromeo;Milano;1;23.760;6,99;;10,20;;6,99;5,83;3,51;33,00
03015172;Pessano con Bornago;Milano;1;9.007;23,90;;10,85;;5,37;7,57;1,67;33,24
03015175;Pioltello;Milano;1;35.821;5,63;;3,51;;4,09;2,87;3,98;21,33
03015176;Pogliano Milanese;Milano;1;8.326;5,07;;9,18;;3,98;5,59;3,40;27,39
03015177;Pozzo d'Adda;Milano;1;6.410;33,71;;9,82;;1,16;5,05;18,85;43,19
03015178;Pozzuolo Martesana;Milano;1;8.529;13,19;;10,72;;2,52;2,77;1,78;24,12
03015179;Pregnana Milanese;Milano;1;7.315;2,62;;8,77;;3,38;7,17;3,76;28,07
03015181;Rescaldina;Milano;1;14.067;13,82;;3,68;;4,78;7,36;0,65;26,36
03015182;Rho;Milano;1;49.609;12,16;;13,37;;8,07;5,97;2,27;39,85
03015183;Robecchetto con Induno;Milano;1;4.738;21,85;;15,87;;0,45;7,62;1,14;33,36
03015184;Robecco sul Naviglio;Milano;1;6.757;15,67;;12,86;;4,71;4,13;2,05;31,54
03015185;Rodano;Milano;1;4.599;14,50;;8,58;;4,89;2,92;1,34;23,44
03015188;Rosate;Milano;1;5.779;8,21;;6,54;;4,92;4,53;1,80;26,14
03015191;San Colombano al Lambro;Milano;1;7.323;4,17;;13,66;;2,13;3,34;4,57;28,04
03015192;San Donato Milanese;Milano;1;32.070;11,38;;6,05;;7,44;5,67;3,69;30,88
03015194;San Giorgio su Legnano;Milano;1;6.703;13,36;;12,12;;5,10;7,43;4,74;35,17
03015195;San Giuliano Milanese;Milano;1;38.274;5,06;;11,05;;3,77;1,79;3,09;26,25
03015201;San Vittore Olona;Milano;1;8.258;7,52;;8,57;;4,09;3,58;6,74;26,22
03015202;San Zenone al Lambro;Milano;1;4.365;7,66;;11,07;;5,99;2,79;1,45;26,60
03015200;Santo Stefano Ticino;Milano;1;4.935;12,59;;13,27;;2,13;5,62;1,76;29,80
03015205;Segrate;Milano;1;35.771;11,14;;6,28;;4,60;4,19;3,81;40,80
03015206;Senago;Milano;1;21.483;7,48;;9,77;;3,35;1,66;1,51;23,65
03015209;Sesto San Giovanni;Milano;1;80.589;9,10;;12,70;;12,85;8,61;1,45;42,96
03015210;Settala;Milano;1;7.316;8,56;;11,41;;2,92;2,67;3,05;28,07
03015211;Settimo Milanese;Milano;1;19.738;17,67;;8,71;;4,45;4,00;2,71;26,78
03015213;Solaro;Milano;1;13.903;5,08;;9,42;;2,39;1,70;0,76;20,83
03015219;Trezzano Rosa;Milano;1;5.240;41,99;;9,38;;1,46;1,85;1,15;22,01
03015220;Trezzano sul Naviglio;Milano;1;21.229;7,96;;8,59;;8,00;2,79;3,40;26,25
03015221;Trezzo sull'Adda;Milano;1;11.858;8,61;;8,94;;4,81;2,90;3,23;24,95
03015222;Tribiano;Milano;1;3.623;6,41;;12,52;;2,42;4,48;;27,66
03015224;Truccazzano;Milano;1;5.789;17,47;;12,38;;5,48;3,04;3,53;31,12
03015226;Turbigo;Milano;1;7.043;13,00;;11,30;;3,38;4,59;1,08;25,70
03015229;Vanzago;Milano;1;9.311;2,76;;5,94;;3,24;4,53;5,02;24,60
03015230;Vaprio d'Adda;Milano;1;9.186;14,83;;9,88;;3,86;4,45;2,41;26,42
03015251;Vermezzo con Zelo;Milano;1;5.794;9,15;;7,24;;4,02;4,06;2,53;24,70
03015236;Vernate;Milano;1;3.290;10,55;;8,41;;3,92;4,33;4,13;28,29
03015237;Vignate;Milano;1;9.310;7,39;;10,90;;3,10;3,94;12,96;36,06
03015248;Villa Cortese;Milano;1;6.142;19,69;;11,39;;2,99;5,76;1,39;28,49
03015242;Vimodrone;Milano;1;16.653;16,36;;11,45;;7,01;2,28;1,88;29,46
03015244;Vizzolo Predabissi;Milano;1;3.938;8,49;;12,84;;1,37;3,53;1,27;24,21
03015247;Zibido San Giacomo;Milano;1;6.788;11,21;;10,05;;3,63;4,47;1,80;29,64
08036001;Bastiglia;Modena;1;4.156;49,92;;11,45;;0,39;1,98;3,16;25,08
08036002;Bomporto;Modena;1;10.027;39,82;;13,10;;1,12;1,36;2,81;25,18
08036003;Campogalliano;Modena;1;8.575;6,36;;10,37;;1,91;1,69;3,90;23,21
08036006;Castelfranco Emilia;Modena;1;32.763;24,99;;15,99;;3,39;2,39;2,56;31,76
08036007;Castelnuovo Rangone;Modena;1;15.046;7,06;;14,30;;1,54;2,33;4,04;27,11
08036008;Castelvetro di Modena;Modena;1;11.209;6,51;;6,55;;0,83;1,74;2,83;17,00
08036011;Fanano;Modena;1;2.970;11,15;;25,03;;2,77;2,89;5,99;37,83
08036012;Finale Emilia;Modena;1;15.062;16,74;;9,07;;2,18;4,62;0,97;24,11
08036013;Fiorano Modenese;Modena;1;16.981;6,40;;11,23;;1,70;2,10;3,29;22,61
08036014;Fiumalbo;Modena;1;1.193;10,11;;15,93;;1,95;4,68;7,25;35,15
08036015;Formigine;Modena;1;34.347;9,10;;14,35;;2,00;2,12;2,80;26,60
08036016;Frassinoro;Modena;1;1.821;14,43;;29,34;;;4,87;13,81;48,22
08036017;Guiglia;Modena;1;4.013;14,26;;12,14;;1,34;1,86;4,59;28,20
08036018;Lama Mocogno;Modena;1;2.661;12,45;;15,82;;0,64;2,78;6,73;33,52
08036019;Maranello;Modena;1;17.359;8,65;;11,33;;1,76;3,29;3,36;25,18
08036020;Marano sul Panaro;Modena;1;5.298;14,85;;11,17;;2,14;2,13;3,33;24,69
08036022;Mirandola - Dato aggregazione AIMAG SPA;Modena;11;166.690;12,89;;10,97;;2,53;4,55;4,84;30,17
08036023;Modena;Modena;1;187.977;8,65;;15,00;;3,74;4,32;4,45;32,93
08036024;Montecreto;Modena;1;911;10,49;;15,76;;0,92;7,94;6,66;36,81
08036025;Montefiorino;Modena;1;2.112;14,83;;23,73;;0,22;3,11;8,83;38,40
08036026;Montese;Modena;1;3.236;7,36;;13,84;;3,06;5,02;0,60;29,67
08036027;Nonantola;Modena;1;15.977;13,09;;9,10;;1,44;4,28;0,93;20,77
08036029;Palagano;Modena;1;2.081;11,37;;27,80;;0,82;4,38;8,66;40,75
08036030;Pavullo nel Frignano;Modena;1;18.024;9,17;;11,90;;1,84;2,59;5,76;28,72
08036031;Pievepelago;Modena;1;2.272;10,97;;17,14;;2,77;4,08;9,92;39,30
08036032;Polinago;Modena;1;1.589;11,47;;16,97;;1,17;3,62;11,42;38,87
08036033;Prignano sulla Secchia;Modena;1;3.736;6,14;;15,03;;;3,54;6,52;29,10
08036034;Ravarino;Modena;1;6.194;17,56;;10,37;;0,98;4,35;1,28;23,19
08036035;Riolunato;Modena;1;675;10,51;;13,78;;2,37;5,68;9,11;40,41
08036036;San Cesario sul Panaro;Modena;1;6.517;18,94;;9,79;;0,87;1,57;2,40;20,90
08036040;Sassuolo;Modena;1;40.219;9,99;;15,95;;3,53;2,87;3,34;30,62
08036041;Savignano sul Panaro;Modena;1;9.266;6,38;;11,65;;0,37;3,39;3,71;23,42
08036042;Serramazzoni;Modena;1;8.436;13,65;;20,83;;2,56;3,69;4,08;35,53
08036043;Sestola;Modena;1;2.441;10,63;;13,77;;3,67;6,59;7,18;38,59
08036045;Spilamberto;Modena;1;12.737;39,95;;14,02;;1,91;2,07;4,27;29,77
08036046;Vignola;Modena;1;25.519;28,73;;20,42;;2,62;3,91;2,78;37,35
08036047;Zocca;Modena;1;4.582;6,11;;14,13;;2,36;2,24;5,14;29,43
03108001;Agrate Brianza;Monza e della Brianza;1;15.189;18,30;;9,93;;5,41;4,18;5,78;32,24
03108002;Aicurzio;Monza e della Brianza;1;2.080;11,68;;8,57;;6,94;4,46;1,37;27,08
03108003;Albiate;Monza e della Brianza;1;6.428;10,25;;13,98;;4,55;5,39;2,40;32,11
03108004;Arcore;Monza e della Brianza;1;17.833;16,12;;10,85;;5,48;3,69;1,51;28,20
03108005;Barlassina;Monza e della Brianza;1;6.886;4,20;;6,34;;2,85;2,00;1,08;17,66
03108006;Bellusco;Monza e della Brianza;1;7.284;21,19;;8,90;;3,10;4,08;2,40;26,60
03108007;Bernareggio;Monza e della Brianza;1;11.258;16,35;;10,58;;2,11;4,80;2,74;26,50
03108008;Besana in Brianza;Monza e della Brianza;1;15.469;13,82;;8,77;;2,91;4,38;1,36;25,03
03108009;Biassono;Monza e della Brianza;1;12.101;10,85;;8,75;;3,67;8,83;;28,01
03108010;Bovisio-Masciago;Monza e della Brianza;1;16.892;15,01;;9,36;;5,62;5,11;4,20;30,49
03108011;Briosco;Monza e della Brianza;1;6.064;18,21;;7,28;;2,99;5,51;1,73;24,15
03108012;Brugherio;Monza e della Brianza;1;34.788;7,47;;12,53;;4,80;2,55;3,11;28,05
03108013;Burago di Molgora;Monza e della Brianza;1;4.262;8,13;;7,07;;5,39;5,49;3,57;27,41
03108051;Busnago;Monza e della Brianza;1;6.709;13,67;;9,21;;1,70;10,25;2,05;29,66
03108014;Camparada;Monza e della Brianza;1;2.150;26,76;;9,49;;3,13;3,01;2,56;26,88
03108052;Caponago;Monza e della Brianza;1;5.086;31,88;;9,54;;4,37;4,82;1,38;28,10
03108015;Carate Brianza;Monza e della Brianza;1;17.562;11,09;;7,61;;5,75;3,68;1,44;25,91
03108016;Carnate;Monza e della Brianza;1;7.505;9,03;;9,43;;2,74;8,35;1,22;27,88
03108017;Cavenago di Brianza;Monza e della Brianza;1;7.369;17,91;;9,59;;4,68;5,29;2,76;28,94
03108018;Ceriano Laghetto;Monza e della Brianza;1;6.605;8,76;;11,08;;3,06;4,13;1,35;24,19
03108019;Cesano Maderno;Monza e della Brianza;1;38.011;9,64;;9,09;;4,21;3,54;3,46;27,13
03108020;Cogliate;Monza e della Brianza;1;8.446;4,71;;7,74;;2,11;4,75;0,50;20,51
03108021;Concorezzo;Monza e della Brianza;1;15.643;6,02;;9,54;;3,30;2,46;1,85;23,51
03108053;Cornate d'Adda;Monza e della Brianza;1;10.610;9,43;;10,92;;3,19;3,59;2,35;25,92
03108022;Correzzana;Monza e della Brianza;1;3.033;9,48;;9,89;;2,95;4,99;0,98;23,93
03108023;Desio;Monza e della Brianza;1;41.654;11,20;;8,31;;4,14;3,57;4,02;26,67
03108024;Giussano;Monza e della Brianza;1;25.930;14,14;;9,40;;6,08;2,63;4,04;30,78
03108025;Lazzate;Monza e della Brianza;1;7.752;7,57;;10,81;;1,42;5,88;1,56;25,71
03108054;Lentate sul Seveso;Monza e della Brianza;1;15.872;7,17;;7,65;;5,58;0,17;1,56;22,96
03108026;Lesmo;Monza e della Brianza;1;8.503;22,74;;9,13;;2,23;2,93;4,09;25,33
03108027;Limbiate;Monza e della Brianza;1;34.067;15,69;;9,22;;4,09;4,37;4,48;29,66
03108028;Lissone;Monza e della Brianza;1;45.998;10,90;;10,92;;4,44;5,23;2,92;29,60
03108029;Macherio;Monza e della Brianza;1;7.399;12,82;;9,71;;1,52;4,33;1,72;24,27
03108030;Meda;Monza e della Brianza;1;22.869;10,25;;9,36;;5,87;3,38;1,78;26,88
03108031;Mezzago;Monza e della Brianza;1;4.411;25,57;;8,79;;3,11;6,07;1,32;26,29
03108032;Misinto;Monza e della Brianza;1;5.544;21,49;;9,34;;;5,10;1,05;25,06
03108033;Monza;Monza e della Brianza;1;123.983;8,65;;10,52;;7,49;9,48;5,16;38,61
03108034;Muggio;Monza e della Brianza;1;23.611;9,95;;8,50;;2,95;2,61;3,86;25,45
03108035;Nova Milanese;Monza e della Brianza;1;23.292;12,60;;9,63;;3,81;1,53;1,64;23,96
03108036;Ornago;Monza e della Brianza;1;5.182;15,39;;8,42;;2,28;4,97;1,18;23,07
03108037;Renate;Monza e della Brianza;1;4.059;18,09;;6,65;;2,90;6,30;0,69;23,89
03108055;Roncello;Monza e della Brianza;1;4.752;9,13;;9,55;;1,64;1,23;1,11;18,42
03108038;Ronco Briantino;Monza e della Brianza;1;3.518;16,43;;9,47;;1,74;7,41;2,49;26,84
03108039;Seregno;Monza e della Brianza;1;44.742;10,46;;9,16;;5,39;3,86;3,25;27,28
03108040;Seveso;Monza e della Brianza;1;23.235;10,47;;8,15;;4,32;5,90;1,64;26,24
03108041;Sovico;Monza e della Brianza;1;8.273;14,16;;9,74;;6,28;4,78;4,60;32,88
03108042;Sulbiate;Monza e della Brianza;1;4.390;20,74;;8,99;;4,08;5,93;3,66;30,42
03108043;Triuggio;Monza e della Brianza;1;8.640;19,92;;11,74;;3,58;3,63;4,31;30,56
03108044;Usmate Velate;Monza e della Brianza;1;10.407;33,22;;7,78;;2,16;1,97;3,21;22,29
03108045;Varedo;Monza e della Brianza;1;13.502;10,95;;9,00;;4,67;4,61;1,49;26,87
03108046;Vedano al Lambro;Monza e della Brianza;1;7.447;10,08;;10,42;;4,39;3,25;6,80;31,10
03108047;Veduggio con Colzano;Monza e della Brianza;1;4.264;8,41;;5,51;;1,11;9,35;1,09;22,10
03108048;Verano Brianza;Monza e della Brianza;1;9.066;15,97;;10,46;;3,73;4,65;2,18;28,26
03108049;Villasanta;Monza e della Brianza;1;13.963;18,09;;10,41;;4,77;3,49;3,37;29,04
03108050;Vimercate;Monza e della Brianza;1;25.833;9,94;;9,71;;4,84;2,67;2,30;26,08
15063001;Acerra;Napoli;1;58.961;26,27;;12,64;;9,68;0,32;4,49;47,30
15063002;Afragola;Napoli;1;62.271;3,24;;38,23;;6,03;6,71;10,63;54,96
15063003;Agerola;Napoli;1;7.710;21,78;;15,72;;2,19;4,11;0,61;33,90
15063004;Anacapri;Napoli;1;6.944;67,92;;26,53;;13,97;11,77;1,23;74,52
15063005;Arzano;Napoli;1;33.527;6,27;;37,57;;3,90;14,96;;46,50
15063006;Bacoli;Napoli;1;25.694;35,12;;;;3,61;16,29;1,22;47,70
15063007;Barano d'Ischia;Napoli;1;9.981;21,51;;31,81;;0,92;12,34;4,26;58,83
15063009;Boscotrecase;Napoli;1;9.995;29,86;;10,36;;4,37;1,56;1,51;38,61
15063010;Brusciano;Napoli;1;16.108;30,90;;9,12;;4,67;;5,96;30,24
15063011;Caivano;Napoli;1;36.781;8,49;;38,48;;6,87;1,57;;36,63
15063012;Calvizzano;Napoli;1;12.255;20,83;;0,57;;4,14;0,80;6,22;34,56
15063015;Carbonara di Nola;Napoli;1;2.487;12,95;;17,72;;1,65;4,85;;36,82
15063016;Cardito;Napoli;1;21.800;13,80;;5,71;;1,33;1,50;1,23;26,97
15063017;Casalnuovo di Napoli;Napoli;1;47.261;12,79;;16,07;;4,43;3,56;2,67;36,31
15063022;Casola di Napoli;Napoli;1;3.767;15,57;;16,47;;8,74;4,29;8,37;46,90
15063023;Casoria;Napoli;1;74.416;14,70;;36,11;;3,90;5,58;4,10;50,58
15063024;Castellammare di Stabia;Napoli;1;63.824;18,14;;18,00;;9,01;;;40,02
15063026;Cercola;Napoli;1;16.921;4,00;;24,49;;7,35;2,46;0,25;25,07
15063028;Cimitile;Napoli;1;7.046;10,72;;20,62;;0,64;8,89;;34,26
15063064;Ercolano;Napoli;1;51.600;5,87;;42,41;;8,83;3,82;17,01;55,39
15063033;Frattaminore;Napoli;1;15.787;15,77;;23,23;;2,46;0,14;0,24;34,41
15063035;Gragnano;Napoli;1;28.454;9,73;;21,55;;7,55;4,25;5,00;50,51
15063036;Grumo Nevano;Napoli;1;17.522;37,60;;24,62;;8,31;2,25;;41,55
15063037;Ischia;Napoli;1;19.382;36,62;;10,64;;5,35;8,56;1,82;45,89
15063040;Liveri;Napoli;1;1.554;11,52;;15,27;;3,18;3,77;;34,29
15063041;Marano di Napoli;Napoli;1;57.750;11,48;;17,54;;8,07;8,22;1,45;46,45
15063042;Mariglianella;Napoli;1;7.791;81,17;;;;;;;43,51
15063092;Massa di Somma;Napoli;1;5.094;20,48;;27,74;;6,76;8,18;4,76;53,22
15063044;Massa Lubrense;Napoli;1;13.983;10,53;;14,07;;9,20;6,48;;41,87
15063045;Melito di Napoli;Napoli;1;35.535;7,86;;33,85;;6,38;1,16;;31,68
15063046;Meta;Napoli;1;7.928;6,78;;26,63;;13,73;;;44,30
15063047;Monte di Procida;Napoli;1;12.349;47,22;;13,68;;9,89;0,30;1,74;39,90
15063048;Mugnano di Napoli;Napoli;1;34.843;8,04;;28,75;;4,04;2,61;0,15;27,07
15063049;Napoli;Napoli;1;940.940;10,21;;34,05;;8,02;3,32;3,17;44,82
15063052;Palma Campania;Napoli;1;16.167;12,28;;17,75;;3,30;0,82;;36,01
15063053;Piano di Sorrento;Napoli;1;12.667;8,48;;17,47;;2,90;23,02;;45,16
15063054;Pimonte;Napoli;1;5.919;7,19;;19,84;;2,32;4,10;;35,22
15063055;Poggiomarino;Napoli;1;21.948;8,23;;17,34;;1,74;2,82;;35,13
15063057;Pomigliano d'Arco;Napoli;1;40.065;23,94;;25,47;;6,54;4,13;8,78;54,64
15063060;Pozzuoli;Napoli;1;78.870;11,13;;14,45;;5,71;11,77;6,08;44,45
15063063;Quarto;Napoli;1;39.685;23,89;;14,98;;6,23;0,05;0,96;34,51
15063066;San Gennaro Vesuviano;Napoli;1;11.928;7,77;;9,34;;4,87;2,57;3,71;30,60
15063067;San Giorgio a Cremano;Napoli;1;43.304;35,19;;3,51;;4,67;16,96;;51,58
15063069;San Paolo Bel Sito;Napoli;1;3.385;7,47;;5,61;;1,87;11,03;;37,18
15063075;San Vitaliano;Napoli;1;6.436;17,14;;9,04;;11,19;2,43;0,42;38,82
15063071;Sant'Agnello;Napoli;1;8.833;23,29;;21,20;;5,46;0,88;4,64;47,09
15063074;Sant'Antonio Abate;Napoli;1;19.376;29,64;;8,22;;3,19;6,41;1,89;37,75
15063078;Serrara Fontana;Napoli;1;3.093;18,26;;133,74;;0,48;34,52;;83,10
15063079;Somma Vesuviana;Napoli;1;34.220;11,58;;19,19;;4,36;4,87;6,12;36,03
15063080;Sorrento;Napoli;1;15.956;9,65;;20,29;;11,98;8,42;;53,44
15063081;Striano;Napoli;1;8.735;14,68;;13,22;;2,75;1,58;1,73;30,45
15063084;Torre del Greco;Napoli;1;82.329;12,67;;30,49;;4,08;1,33;0,19;45,62
15063091;Trecase;Napoli;1;8.738;30,74;;13,09;;5,27;9,23;0,29;37,64
15063086;Vico Equense;Napoli;1;20.416;19,45;;23,93;;9,70;2,59;0,46;51,27
15063087;Villaricca;Napoli;1;30.997;5,44;;18,22;;1,49;5,76;0,42;35,79
15063088;Visciano;Napoli;1;4.295;4,12;;25,19;;7,51;1,02;8,26;46,03
15063089;Volla;Napoli;1;25.269;17,98;;17,72;;5,75;2,12;5,65;44,23
01003002;Ameno;Novara;1;885;3,70;;15,08;;7,07;10,80;0,92;37,64
01003006;Armeno;Novara;1;2.134;6,72;;11,19;;1,60;11,30;0,92;29,39
01003008;Arona;Novara;1;13.750;19,29;;14,83;;1,88;6,42;2,67;31,86
01003019;Boca;Novara;1;1.115;13,13;;21,52;;2,29;2,17;;30,69
01003021;Bogogno;Novara;1;1.286;14,56;;8,59;;1,61;17,98;0,85;45,03
01003022;Bolzano Novarese;Novara;1;1.159;10,16;;3,82;;0,39;7,64;2,00;20,72
01003025;Borgo Ticino;Novara;1;5.199;21,90;;10,03;;1,80;3,71;2,68;24,20
01003024;Borgomanero;Novara;1;21.229;23,26;;12,15;;1,84;4,31;1,48;32,63
01003026;Briga Novarese;Novara;1;2.798;4,61;;8,23;;0,07;6,89;2,53;21,57
01003036;Carpignano Sesia;Novara;1;2.479;26,89;;12,06;;2,78;5,44;1,53;35,56
01003043;Castelletto sopra Ticino;Novara;1;9.702;17,17;;8,09;;1,14;5,80;2,88;24,03
01003045;Cavaglio d'Agogna;Novara;1;1.166;27,86;;10,62;;1,21;12,36;1,10;32,54
01003047;Cavallirio;Novara;1;1.305;16,13;;8,07;;1,09;5,83;0,90;25,70
01003052;Comignago;Novara;1;1.231;18,69;;14,49;;1,63;6,76;2,94;31,55
01003055;Cressa;Novara;1;1.612;15,40;;10,07;;1,00;6,90;2,13;29,36
01003058;Cureggio;Novara;1;2.596;26,67;;8,00;;2,37;5,37;0,99;24,28
01003060;Divignano;Novara;1;1.397;26,17;;11,89;;1,17;5,03;2,36;26,69
01003062;Dormelletto;Novara;1;2.522;12,40;;7,49;;0,92;2,81;1,27;20,28
01003065;Fara Novarese;Novara;1;1.998;20,09;;9,30;;1,13;5,16;1,27;27,94
01003066;Fontaneto d'Agogna;Novara;1;2.600;19,92;;11,70;;1,47;7,91;1,29;30,57
01003070;Gargallo;Novara;1;1.745;14,56;;7,70;;0,41;8,99;1,65;25,06
01003166;Gattico-Veruno;Novara;1;5.159;13,11;;11,19;;1,28;7,12;2,18;29,23
01003073;Ghemme;Novara;1;3.399;17,69;;13,34;;1,66;6,18;1,65;29,57
01003076;Gozzano;Novara;1;5.408;7,19;;6,85;;3,57;8,27;0,98;25,91
01003079;Grignasco;Novara;1;4.340;23,35;;9,65;;1,31;4,62;1,08;25,54
01003082;Invorio;Novara;1;4.300;3,60;;8,44;;;8,65;3,10;24,50
01003084;Lesa;Novara;1;2.168;10,00;;11,66;;5,01;19,08;0,67;42,42
01003088;Maggiora;Novara;1;1.604;24,07;;8,34;;1,15;3,98;1,06;24,07
01003095;Meina;Novara;1;2.400;9,66;;10,19;;1,94;9,54;0,85;28,45
01003098;Miasino;Novara;1;797;15,17;;14,30;;3,39;15,92;0,84;40,43
01003103;Nebbiuno;Novara;1;1.802;12,47;;11,27;;0,83;9,49;0,91;27,82
01003106;Novara - Dato aggregazione CONSORZIO DI BACINO BASSO NOVARESE;Novara;38;218.536;10,06;;14,84;;3,25;8,57;3,25;35,97
01003109;Oleggio Castello;Novara;1;2.154;22,26;;13,35;;1,58;4,25;6,23;32,15
01003112;Orta San Giulio;Novara;1;1.273;5,07;;25,33;;5,65;16,14;0,59;49,40
01003114;Paruzzaro;Novara;1;2.132;25,65;;15,05;;1,61;5,83;3,81;33,58
01003116;Pettenasco;Novara;1;1.320;6,10;;11,44;;0,15;14,04;0,85;31,70
01003120;Pogno;Novara;1;1.383;3,20;;7,14;;0,21;9,95;0,96;22,87
01003121;Pombia;Novara;1;2.124;23,81;;8,70;;1,26;5,50;2,99;24,49
01003122;Prato Sesia;Novara;1;1.854;23,44;;9,22;;1,10;6,28;1,69;29,60
01003130;Romagnano Sesia;Novara;1;3.758;14,35;;9,88;;1,14;6,95;0,96;31,34
01003133;San Maurizio d'Opaglio;Novara;1;3.000;4,87;;11,09;;;6,84;0,74;23,19
01003139;Sizzano;Novara;1;1.383;22,06;;8,92;;1,85;8,34;0,96;30,70
01003140;Soriso;Novara;1;719;5,39;;3,12;;0,25;5,63;2,90;19,36
01003143;Suno;Novara;1;2.709;5,66;;5,42;;0,04;9,93;0,54;23,12
01003154;Varallo Pombia;Novara;1;4.841;23,70;;6,80;;1,65;5,84;3,03;23,43
20091005;Bari Sardo;Nuoro [fino 2024];1;3.873;39,45;;27,60;;4,69;5,67;;48,70
20091006;Baunei;Nuoro [fino 2024];1;3.522;13,79;;15,10;;;14,07;2,42;38,64
20091008;Birori;Nuoro [fino 2024];1;508;31,20;;29,69;;;2,40;;39,72
20091010;Bolotana;Nuoro [fino 2024];1;2.504;36,86;;31,72;;3,70;2,52;6,07;53,35
20091011;Borore;Nuoro [fino 2024];1;2.026;41,54;;40,27;;;0,97;;50,19
20091017;Dorgali;Nuoro [fino 2024];1;8.402;29,25;;21,35;;8,62;4,02;8,11;48,28
20091024;Fonni;Nuoro [fino 2024];1;3.746;11,40;;12,70;;2,36;7,84;6,53;42,26
20091026;Gairo;Nuoro [fino 2024];1;1.334;84,63;;24,75;;;11,30;5,26;66,56
20091033;Irgoli - Dato aggregazione ASSOCIAZIONE DEI COMUNI DI IRGOLI, ONIFAI, LOCULI, GALTELLI' - ENTE CAPOFILA COMUNE DI IRGOLI;Nuoro [fino 2024];4;5.888;56,53;;14,82;;;16,22;0,26;48,58
20091039;Loceri;Nuoro [fino 2024];1;1.284;34,29;;29,57;;6,81;4,37;;46,68
20091050;Noragugume;Nuoro [fino 2024];1;297;32,15;;22,64;;2,79;2,37;2,39;40,18
20091051;Nuoro;Nuoro [fino 2024];1;34.536;26,20;;24,71;;7,00;1,42;3,12;45,28
20091055;Oliena;Nuoro [fino 2024];1;6.736;11,99;;20,56;;2,77;5,77;7,75;41,53
20091061;Orani;Nuoro [fino 2024];1;2.759;21,35;;21,29;;;0,48;;32,78
20091062;Orgosolo;Nuoro [fino 2024];1;4.058;9,85;;18,15;;2,86;7,37;3,85;38,40
20091063;Orosei;Nuoro [fino 2024];1;6.927;50,12;;21,52;;8,27;3,12;5,60;50,67
20091069;Osini;Nuoro [fino 2024];1;733;45,60;;10,88;;;21,50;10,50;59,78
20091070;Ottana;Nuoro [fino 2024];1;2.246;59,34;;34,51;;4,46;1,37;6,94;59,94
20091071;Ovodda;Nuoro [fino 2024];1;1.543;26,68;;19,24;;7,79;;;39,60
20091073;Posada;Nuoro [fino 2024];1;3.057;30,10;;22,37;;11,92;11,02;6,83;59,65
20091084;Sindia;Nuoro [fino 2024];1;1.641;8,19;;22,49;;1,58;6,28;;42,01
20091085;Siniscola;Nuoro [fino 2024];1;11.425;25,18;;33,43;;;11,51;3,17;55,90
20091086;Sorgono - Dato aggregazione COMUNITA' MONTANA GENNARGENTU MANDROLISAI;Nuoro [fino 2024];11;13.341;16,90;;32,80;;;3,62;2,30;42,96
20091089;Tertenia;Nuoro [fino 2024];1;3.884;38,71;;11,47;;1,20;1,06;3,44;33,10
20091095;Tortoli;Nuoro [fino 2024];1;10.787;27,04;;21,41;;7,07;5,53;3,49;43,96
20091097;Triei;Nuoro [fino 2024];1;1.084;10,84;;20,49;;1,19;9,24;7,06;44,72
20091098;Ulassai;Nuoro [fino 2024];1;1.399;29,86;;21,72;;;;;29,55
20091100;Ussassai;Nuoro [fino 2024];1;492;78,29;;17,25;;1,66;6,89;;37,35
20095079;Bosa;Oristano [fino 2024];1;7.669;7,60;;14,67;;18,51;7,57;5,70;54,29
20095017;Busachi - Dato aggregazione UNIONE DEI COMUNI DEL BARIGADU;Oristano [fino 2024];9;7.836;21,38;;27,57;;0,56;0,93;;34,52
20095021;Ghilarza - Dato aggregazione UNIONE DEI COMUNI DEL GUILCIER;Oristano [fino 2024];9;13.107;6,69;;11,17;;;8,37;7,50;35,22
20095029;Mogoro - Dato aggregazione UNIONE DEI COMUNI PARTE MONTIS;Oristano [fino 2024];6;6.610;23,99;;10,99;;2,15;;;18,78
20095031;Narbolia;Oristano [fino 2024];1;1.690;41,69;;28,74;;1,28;5,06;5,78;60,91
20095038;Oristano;Oristano [fino 2024];1;30.383;6,46;;13,89;;5,71;5,50;4,54;37,87
20095039;Palmas Arborea - Dato aggregazione UNIONE DI COMUNI DEI FENICI;Oristano [fino 2024];6;12.987;18,54;;16,87;;0,27;0,89;1,87;28,73
20095046;San Nicolo d'Arcidano - Dato aggregazione UNIONE DEI COMUNI TERRALBESE;Oristano [fino 2024];5;23.702;48,00;;4,96;;;8,15;;27,58
20095050;San Vero Milis;Oristano [fino 2024];1;2.422;14,44;;19,15;;;4,90;2,50;42,79
20095059;Simaxis - Dato aggregazione UNIONE DEI COMUNI DELLA BASSA VALLE DEL TIRSO E DEL GRIGHINE;Oristano [fino 2024];7;6.099;10,22;;17,11;;;5,27;3,29;31,90
05028001;Abano Terme;Padova;1;19.868;6,49;;9,90;;3,58;5,57;5,15;33,82
05028002;Agna;Padova;1;3.210;14,45;;13,07;;1,08;2,60;3,44;27,91
05028003;Albignasego;Padova;1;25.931;12,02;;13,43;;1,32;1,38;1,51;22,98
05028004;Anguillara Veneta;Padova;1;4.212;11,71;;12,87;;1,02;2,46;3,42;27,26
05028005;Arqua  Petrarca;Padova;1;1.823;8,46;;14,09;;1,01;2,42;3,24;29,05
05028006;Arre;Padova;1;2.123;9,80;;13,79;;1,03;2,49;3,07;27,65
05028007;Arzergrande;Padova;1;4.824;11,26;;11,05;;0,90;2,16;3,00;23,55
05028008;Bagnoli di Sopra;Padova;1;3.361;10,41;;12,15;;0,95;2,29;2,87;24,94
05028009;Baone;Padova;1;3.103;10,10;;9,94;;0,81;1,94;1,89;20,44
05028010;Barbona;Padova;1;618;19,53;;11,46;;0,55;4,39;;23,09
05028011;Battaglia Terme;Padova;1;3.830;11,72;;13,09;;1,04;2,49;3,27;26,44
05028012;Boara Pisani;Padova;1;2.409;9,70;;11,44;;0,89;2,15;3,48;23,82
05028107;Borgo Veneto;Padova;1;7.001;9,48;;10,59;;0,84;2,02;2,87;22,61
05028014;Bovolenta;Padova;1;3.476;9,31;;15,11;;1,09;2,62;3,13;28,85
05028015;Brugine;Padova;1;7.115;12,40;;13,17;;1,05;2,54;3,34;27,30
05028021;Candiana;Padova;1;2.257;13,79;;12,98;;1,06;2,56;3,10;27,32
05028022;Carceri;Padova;1;1.509;14,91;;13,40;;1,11;2,67;3,62;28,17
05028026;Cartura;Padova;1;4.570;9,97;;14,15;;1,06;2,54;3,23;27,76
05028027;Casale di Scodosia;Padova;1;4.704;10,96;;14,26;;1,09;2,62;3,82;28,85
05028029;Castelbaldo;Padova;1;1.444;12,40;;13,06;;1,05;2,52;3,45;27,01
05028031;Cinto Euganeo;Padova;1;1.961;9,14;;16,47;;1,15;2,77;3,50;29,59
05028033;Codevigo;Padova;1;6.400;11,25;;15,06;;1,14;2,75;4,52;30,87
05028034;Conselve;Padova;1;9.958;9,48;;13,46;;1,01;2,42;1,98;25,72
05028035;Correzzola;Padova;1;5.088;11,60;;14,05;;1,09;2,63;3,61;28,39
05028106;Due Carrare;Padova;1;8.943;9,08;;15,69;;1,11;2,67;3,24;30,00
05028037;Este;Padova;1;16.007;8,46;;10,11;;0,79;1,90;2,68;22,14
05028043;Granze;Padova;1;1.976;9,04;;10,28;;0,81;1,95;3,25;21,78
05028044;Legnaro;Padova;1;9.229;11,15;;12,49;;0,99;2,38;3,20;25,81
05028047;Lozzo Atestino;Padova;1;3.000;8,66;;13,37;;0,98;2,35;3,13;26,36
05028048;Masera  di Padova;Padova;1;9.201;8,62;;12,57;;0,93;2,24;2,11;25,17
05028049;Masi;Padova;1;1.737;13,79;;13,21;;1,08;2,60;3,44;27,52
05028052;Megliadino San Vitale;Padova;1;1.817;10,14;;11,48;;0,91;2,18;3,31;24,65
05028053;Merlara;Padova;1;2.531;12,45;;14,51;;1,14;2,74;3,97;29,93
05028055;Monselice;Padova;1;17.363;8,93;;11,79;;0,90;2,16;2,48;24,36
05028056;Montagnana;Padova;1;8.879;13,69;;16,78;;1,30;3,13;3,90;33,16
05028058;Noventa Padovana;Padova;1;11.502;8,36;;12,29;;1,92;4,37;2,22;27,48
05028059;Ospedaletto Euganeo;Padova;1;5.590;10,43;;11,70;;0,93;2,23;2,53;23,95
05028060;Padova;Padova;1;208.306;9,69;;13,98;;4,07;4,89;5,98;37,22
05028061;Pernumia;Padova;1;3.775;10,49;;11,33;;0,90;2,17;2,92;23,67
05028062;Piacenza d'Adige;Padova;1;1.241;12,95;;13,36;;1,08;2,59;4,71;28,72
05028065;Piove di Sacco;Padova;1;19.885;15,30;;13,41;;2,30;1,01;2,65;23,87
05028066;Polverara;Padova;1;3.386;9,81;;10,80;;0,86;2,06;2,73;23,20
05028067;Ponso;Padova;1;2.380;11,72;;12,67;;1,01;2,43;3,39;26,26
05028069;Ponte San Nicolo;Padova;1;13.463;8,26;;12,11;;1,70;3,53;3,24;27,56
05028068;Pontelongo;Padova;1;3.686;12,08;;13,90;;1,09;2,63;3,17;28,45
05028070;Pozzonovo;Padova;1;3.512;9,35;;10,15;;0,81;1,94;2,84;21,46
05028073;Saccolongo;Padova;1;4.914;15,23;;5,36;;;0,68;;16,68
05028079;San Pietro Viminario;Padova;1;3.048;10,92;;11,74;;0,94;2,25;2,87;24,38
05028082;Sant'Angelo di Piove di Sacco;Padova;1;7.257;8,65;;11,56;;0,88;2,11;2,87;23,72
05028083;Sant'Elena;Padova;1;2.550;7,47;;10,86;;0,81;1,94;3,04;22,49
05028085;Saonara;Padova;1;10.447;9,15;;10,19;;2,30;2,91;2,39;25,43
05028087;Solesino;Padova;1;6.825;11,60;;10,89;;0,89;2,15;3,26;24,70
05028088;Stanghella;Padova;1;4.093;11,81;;11,49;;0,94;2,25;3,04;24,09
05028090;Terrassa Padovana;Padova;1;2.700;12,19;;15,13;;1,17;2,81;3,80;30,50
05028094;Tribano;Padova;1;4.276;11,49;;12,98;;1,03;2,47;3,76;26,74
05028095;Urbana;Padova;1;2.070;13,42;;13,24;;1,08;2,59;4,66;27,58
05028097;Vescovana;Padova;1;1.755;15,06;;8,51;;0,64;1,82;1,21;18,62
05028098;Vighizzolo d'Este;Padova;1;908;9,88;;10,04;;0,81;1,95;3,06;21,69
05028102;Villa Estense;Padova;1;2.125;8,20;;10,18;;0,79;1,89;2,09;19,78
19082004;Altavilla Milicia;Palermo;1;8.452;9,73;;46,83;;9,21;3,19;;64,96
19082005;Altofonte;Palermo;1;9.835;24,50;;61,68;;5,13;3,65;6,16;74,75
19082006;Bagheria;Palermo;1;53.149;9,48;;27,49;;1,57;2,52;1,08;37,15
19082007;Balestrate;Palermo;1;6.316;4,93;;17,04;;1,79;3,71;6,91;37,05
19082008;Baucina;Palermo;1;1.875;12,14;;26,83;;12,78;4,04;1,69;53,67
19082009;Belmonte Mezzagno;Palermo;1;11.053;7,52;;69,15;;2,56;2,77;;45,69
19082010;Bisacquino;Palermo;1;4.227;13,15;;29,47;;2,99;2,37;;38,87
19082013;Borgetto;Palermo;1;7.098;33,07;;29,12;;2,62;6,70;;54,01
19082014;Caccamo;Palermo;1;7.936;10,17;;18,64;;7,26;3,72;3,81;42,85
19082016;Campofelice di Fitalia;Palermo;1;466;14,73;;46,42;;7,88;4,54;0,81;68,62
19082017;Campofelice di Roccella;Palermo;1;7.551;6,51;;6,77;;5,45;32,00;;54,88
19082019;Camporeale;Palermo;1;3.040;4,15;;43,09;;3,65;2,89;4,03;53,56
19082020;Capaci;Palermo;1;11.571;10,37;;43,60;;1,89;2,03;9,19;53,22
19082021;Carini;Palermo;1;38.797;9,58;;14,34;;3,91;4,23;;36,29
19082022;Castelbuono;Palermo;1;8.359;31,42;;34,57;;3,98;0,67;1,05;44,49
19082023;Casteldaccia;Palermo;1;11.543;20,50;;209,21;;1,87;3,87;11,59;67,42
19082024;Castellana Sicula - Dato aggregazione AMA - RIFIUTO E' RISORSA S.C.A R.L.;Palermo;15;36.832;30,61;;21,76;;2,09;1,38;1,51;36,07
19082025;Castronovo di Sicilia;Palermo;1;2.913;30,55;;16,93;;2,93;3,44;;41,10
19082026;Cefala  Diana;Palermo;1;979;5,53;;60,14;;7,45;34,14;19,74;103,89
19082030;Ciminna;Palermo;1;3.524;14,09;;36,93;;7,19;4,84;1,47;54,81
19082031;Cinisi;Palermo;1;11.894;19,02;;39,24;;2,91;2,39;14,09;67,47
19082032;Collesano;Palermo;1;3.821;14,51;;29,81;;4,00;11,17;;46,25
19082034;Corleone;Palermo;1;10.694;32,64;;9,33;;2,82;1,73;5,58;42,75
19082035;Ficarazzi;Palermo;1;12.763;17,32;;61,05;;3,58;9,34;7,19;69,39
19082038;Giardinello;Palermo;1;2.271;13,11;;33,75;;2,22;16,11;16,08;72,47
19082041;Gratteri;Palermo;1;887;38,99;;54,83;;18,83;15,39;;90,64
19082042;Isnello;Palermo;1;1.368;31,32;;50,33;;11,38;7,79;;69,85
19082044;Lascari;Palermo;1;3.671;6,57;;2,65;;3,67;16,41;2,37;35,24
19082045;Lercara Friddi;Palermo;1;6.407;47,19;;28,90;;4,56;0,14;;52,77
19082046;Marineo;Palermo;1;6.283;15,71;;33,70;;5,78;5,64;1,40;56,42
19082047;Mezzojuso;Palermo;1;2.754;9,94;;46,28;;9,97;;;58,37
19082048;Misilmeri;Palermo;1;28.587;24,88;;21,31;;1,49;12,33;0,89;51,65
19082049;Monreale;Palermo;1;37.375;22,60;;7,61;;2,98;24,75;;58,44
19082051;Montemaggiore Belsito - Dato aggregazione EMA RIFIUTO E RISORSA S.C.R.L.;Palermo;2;4.155;16,85;;39,47;;6,92;4,77;;55,05
19082052;Palazzo Adriano;Palermo;1;1.881;25,51;;25,74;;;7,60;0,61;37,95
19082053;Palermo;Palermo;1;640.720;6,45;;45,00;;4,62;5,83;2,75;37,00
19082054;Partinico;Palermo;1;30.729;52,29;;15,07;;2,24;4,65;;49,97
19082057;Piana degli Albanesi;Palermo;1;5.758;35,88;;5,24;;;1,56;;42,52
19082059;Pollina;Palermo;1;2.857;11,86;;34,63;;6,81;3,11;3,82;52,60
19082060;Prizzi;Palermo;1;4.392;12,71;;16,55;;1,48;1,84;3,80;33,83
19082064;San Giuseppe Jato;Palermo;1;8.247;326,05;;5,29;;1,46;2,73;;46,26
19082068;Sciara;Palermo;1;2.590;11,81;;36,81;;9,49;7,89;;57,04
19082071;Terrasini;Palermo;1;12.528;27,72;;25,40;;1,17;2,36;6,00;46,55
19082072;Torretta;Palermo;1;4.157;56,53;;18,97;;6,23;7,20;0,26;60,64
19082073;Trabia;Palermo;1;10.248;3,90;;53,53;;7,98;1,61;;54,58
19082074;Trappeto;Palermo;1;3.015;7,36;;26,86;;3,04;13,69;0,62;54,68
19082077;Ventimiglia di Sicilia;Palermo;1;1.851;12,07;;21,98;;14,15;7,36;;54,22
19082078;Vicari;Palermo;1;2.525;48,33;;1,26;;3,61;2,01;;46,04
08034001;Albareto;Parma;1;2.107;6,55;;8,29;;0,16;3,18;2,06;25,46
08034003;Bedonia;Parma;1;3.214;11,06;;9,46;;1,63;6,12;3,04;25,75
08034004;Berceto;Parma;1;2.015;20,38;;21,36;;1,73;3,88;1,34;34,13
08034006;Borgo Val di Taro;Parma;1;6.783;14,83;;34,85;;0,40;5,85;1,74;41,60
08034007;Busseto;Parma;1;6.852;17,85;;11,42;;3,48;4,77;;27,53
08034008;Calestano;Parma;1;2.060;7,98;;11,24;;0,30;4,68;;21,61
08034009;Collecchio;Parma;1;14.591;8,93;;9,36;;2,23;3,49;;20,68
08034010;Colorno;Parma;1;9.037;19,79;;9,55;;0,98;3,72;;21,39
08034011;Compiano;Parma;1;1.079;14,63;;30,34;;;8,79;4,58;47,22
08034012;Corniglio;Parma;1;1.776;7,18;;16,85;;1,23;8,90;;28,41
08034013;Felino;Parma;1;9.171;14,66;;11,72;;1,60;3,26;;23,87
08034014;Fidenza;Parma;1;26.893;12,65;;15,66;;4,62;10,58;2,29;36,82
08034015;Fontanellato;Parma;1;7.009;15,61;;11,78;;2,32;4,00;;25,08
08034016;Fontevivo;Parma;1;5.543;19,00;;10,42;;0,23;2,46;;20,68
08034017;Fornovo di Taro;Parma;1;5.899;37,15;;26,64;;0,34;6,95;3,30;50,12
08034018;Langhirano;Parma;1;10.597;6,96;;9,50;;1,72;3,13;;19,73
08034019;Lesignano de' Bagni;Parma;1;5.048;13,21;;8,74;;0,09;0,89;;16,53
08034020;Medesano;Parma;1;10.829;20,80;;11,25;;1,11;2,74;;22,11
08034022;Monchio delle Corti;Parma;1;841;8,56;;22,38;;0,81;10,84;;33,90
08034023;Montechiarugolo;Parma;1;11.098;19,12;;8,54;;1,24;2,22;;18,08
08034024;Neviano degli Arduini;Parma;1;3.492;5,04;;6,75;;;3,59;;15,66
08034025;Noceto;Parma;1;13.076;12,37;;9,29;;0,57;3,13;;20,30
08034026;Palanzano;Parma;1;1.070;11,34;;20,83;;1,12;6,67;;31,75
08034027;Parma;Parma;1;200.218;22,36;;11,35;;5,17;4,24;;28,98
08034028;Pellegrino Parmense;Parma;1;966;16,91;;51,06;;;7,81;4,76;41,07
08034050;Polesione Zibello;Parma;1;3.130;20,68;;11,76;;;2,81;;21,60
08034030;Roccabianca;Parma;1;2.867;19,69;;10,98;;;4,92;;23,00
08034031;Sala Baganza;Parma;1;5.731;14,32;;9,39;;3,10;2,48;;23,55
08034032;Salsomaggiore Terme;Parma;1;19.517;10,09;;12,07;;1,69;4,04;;24,63
08034033;San Secondo Parmense;Parma;1;5.766;20,86;;7,34;;1,44;3,23;;18,98
08034049;Sissa Trecasali;Parma;1;7.723;16,65;;10,39;;0,04;1,50;;18,94
08034035;Solignano;Parma;1;1.724;9,80;;2,35;;4,41;11,85;5,62;46,31
08034036;Soragna;Parma;1;4.791;11,26;;10,61;;0,64;2,91;;20,28
08034051;Sorbolo Mezzani;Parma;1;12.560;21,88;;11,31;;1,60;3,91;;24,22
08034038;Terenzo;Parma;1;1.174;11,96;;5,60;;;5,91;2,22;34,59
08034039;Tizzano Val Parma;Parma;1;2.129;8,18;;15,31;;0,76;4,52;;24,41
08034040;Tornolo;Parma;1;895;17,43;;36,00;;3,55;9,46;2,17;54,59
08034041;Torrile;Parma;1;7.670;11,24;;11,25;;1,56;5,64;;23,98
08034042;Traversetolo;Parma;1;9.601;10,41;;8,30;;0,56;3,13;;17,30
08034044;Valmozzola;Parma;1;511;21,68;;11,03;;;9,28;6,37;45,33
08034045;Varano de' Melegari;Parma;1;2.627;20,03;;21,62;;;6,42;0,03;38,33
08034046;Varsi;Parma;1;1.164;15,73;;31,02;;;6,69;0,04;40,69
03018002;Albaredo Arnaboldi;Pavia;1;234;2,41;;13,85;;0,97;2,72;1,45;19,88
03018004;Albuzzano;Pavia;1;3.555;7,66;;13,03;;1,15;4,16;1,50;24,28
03018005;Arena Po;Pavia;1;1.540;4,74;;20,65;;1,04;1,53;2,20;21,49
03018006;Badia Pavese;Pavia;1;384;18,73;;27,29;;6,20;6,96;1,65;38,59
03018007;Bagnaria;Pavia;1;627;14,59;;5,28;;0,27;2,74;1,11;24,55
03018008;Barbianello;Pavia;1;865;2,32;;16,23;;;2,68;3,39;20,83
03018009;Bascape;Pavia;1;1.755;11,34;;14,66;;1,29;5,52;4,49;29,60
03018011;Bastida Pancarana;Pavia;1;958;6,96;;5,56;;0,25;4,60;2,68;20,02
03018012;Battuda;Pavia;1;665;3,58;;9,76;;;;;9,25
03018013;Belgioioso;Pavia;1;6.161;5,52;;19,20;;2,11;3,66;1,04;26,06
03018014;Bereguardo;Pavia;1;3.093;4,01;;15,10;;0,27;5,41;;25,25
03018015;Borgarello;Pavia;1;2.598;12,52;;12,53;;3,41;3,58;2,46;26,55
03018016;Borgo Priolo;Pavia;1;1.296;13,34;;8,39;;0,08;3,00;1,27;24,87
03018018;Borgo San Siro;Pavia;1;914;11,01;;4,92;;4,37;11,87;2,10;39,14
03018017;Borgoratto Mormorolo;Pavia;1;402;12,84;;3,88;;0,02;2,94;0,98;22,29
03018020;Bosnasco;Pavia;1;609;2,57;;33,52;;1,74;1,27;1,06;22,98
03018023;Bressana Bottarone;Pavia;1;3.437;10,73;;20,82;;0,23;1,91;1,67;28,61
03018024;Broni;Pavia;1;9.353;8,78;;14,00;;2,98;0,93;3,61;32,45
03018025;Calvignano;Pavia;1;108;3,89;;33,41;;;0,04;0,74;22,08
03018026;Campospinoso Albaredo;Pavia;1;1.067;1,93;;17,09;;1,00;2,15;1,63;20,31
03018030;Carbonara al Ticino;Pavia;1;1.416;24,41;;3,91;;1,54;1,88;;21,12
03018031;Casanova Lonati;Pavia;1;457;2,52;;26,09;;2,61;1,69;0,84;22,02
03018035;Cassolnovo;Pavia;1;6.790;14,29;;5,51;;;2,81;1,60;28,76
03018041;Cava Manara;Pavia;1;6.619;7,76;;10,59;;1,67;3,71;0,77;21,25
03018042;Cecima;Pavia;1;229;15,48;;6,77;;0,02;12,34;1,51;35,65
03018043;Ceranova;Pavia;1;2.234;4,74;;5,93;;0,91;3,48;;16,71
03018046;Certosa di Pavia;Pavia;1;5.418;7,07;;13,30;;0,06;4,39;1,64;23,61
03018047;Cervesina;Pavia;1;1.136;4,94;;5,78;;;;;12,18
03018048;Chignolo Po;Pavia;1;3.906;7,60;;8,82;;0,44;0,80;;18,90
03018049;Cigognola;Pavia;1;1.297;3,33;;31,42;;2,18;1,38;3,46;26,41
03018193;Colli Verdi;Pavia;1;1.043;1,97;;19,56;;1,97;3,43;0,98;23,77
03018053;Copiano;Pavia;1;1.693;2,90;;25,97;;0,96;1,34;1,75;21,98
03018191;Cornale e Bastida;Pavia;1;826;8,27;;6,90;;0,17;3,31;1,07;18,60
03018192;Corteolona e Genzone;Pavia;1;2.472;1,89;;13,90;;0,76;0,36;2,29;9,91
03018057;Corvino San Quirico;Pavia;1;982;4,68;;26,67;;;8,13;1,31;33,56
03018058;Costa de' Nobili;Pavia;1;376;13,86;;13,79;;0,32;3,69;2,93;31,64
03018060;Cura Carpignano;Pavia;1;4.917;7,59;;13,37;;0,26;5,65;2,74;25,67
03018064;Fortunago;Pavia;1;353;15,29;;4,72;;;7,80;0,81;28,85
03018071;Gerenzago;Pavia;1;1.384;3,53;;14,16;;6,27;6,81;1,69;31,86
03018072;Giussago;Pavia;1;5.235;21,10;;9,71;;0,09;4,12;;30,02
03018074;Golferenzo;Pavia;1;179;8,32;;17,36;;;0,58;;19,40
03018075;Gravellona Lomellina;Pavia;1;2.715;5,75;;5,18;;;7,31;0,23;25,17
03018077;Inverno e Monteleone;Pavia;1;1.460;2,69;;17,08;;2,85;4,21;1,56;26,35
03018078;Landriano;Pavia;1;6.361;32,97;;1,18;;3,74;;0,36;19,47
03018080;Lardirago;Pavia;1;1.131;10,10;;8,81;;4,43;10,34;1,39;32,53
03018081;Linarolo;Pavia;1;2.804;13,50;;4,43;;1,21;3,00;;24,99
03018084;Lungavilla;Pavia;1;2.448;6,10;;6,01;;0,19;5,86;1,01;19,63
03018085;Magherno;Pavia;1;1.752;2,82;;13,94;;4,61;0,94;3,41;24,08
03018089;Menconico;Pavia;1;345;15,95;;8,45;;;11,72;1,32;35,64
03018091;Mezzana Rabattone;Pavia;1;461;13,69;;6,93;;;5,64;1,31;21,03
03018092;Mezzanino;Pavia;1;1.341;2,66;;25,80;;0,34;1,22;1,13;19,04
03018093;Miradolo Terme;Pavia;1;3.580;9,50;;9,18;;0,63;7,21;0,19;19,51
03018094;Montalto Pavese;Pavia;1;863;3,49;;43,79;;0,06;0,47;0,97;26,09
03018095;Montebello della Battaglia;Pavia;1;1.511;11,39;;4,54;;0,06;4,11;1,42;25,02
03018096;Montecalvo Versiggia;Pavia;1;519;2,98;;19,30;;;4,46;1,33;23,54
03018098;Montesegale;Pavia;1;253;9,53;;6,86;;0,02;3,25;1,10;21,93
03018099;Monticelli Pavese;Pavia;1;644;13,13;;15,99;;2,41;8,03;1,31;34,90
03018101;Mornico Losana;Pavia;1;602;3,13;;35,99;;;3,43;0,83;24,79
03018105;Oliva Gessi;Pavia;1;164;2,03;;21,68;;;2,19;0,75;23,21
03018108;Pancarana;Pavia;1;303;5,21;;4,88;;0,16;;;12,77
03018110;Pavia;Pavia;1;70.971;10,59;;13,42;;5,92;5,51;5,69;36,62
03018114;Pieve Porto Morone;Pavia;1;2.576;9,02;;13,01;;0,55;4,18;1,85;25,09
03018115;Pinarolo Po;Pavia;1;1.668;2,97;;25,40;;0,43;1,83;0,82;21,25
03018117;Ponte Nizza;Pavia;1;761;12,50;;6,54;;0,11;6,75;2,08;26,92
03018119;Rea;Pavia;1;399;2,88;;16,14;;;5,66;0,77;21,85
03018120;Redavalle;Pavia;1;1.027;2,96;;33,38;;0,08;2,29;0,99;22,81
03018121;Retorbido;Pavia;1;1.548;16,92;;3,59;;1,34;3,71;1,56;21,90
03018122;Rivanazzano Terme;Pavia;1;5.191;5,69;;3,84;;1,28;3,57;1,17;17,64
03018124;Robecco Pavese;Pavia;1;529;3,30;;28,29;;;6,02;4,55;31,76
03018126;Rocca Susella;Pavia;1;208;16,84;;10,08;;0,02;2,86;1,50;26,67
03018127;Rognano;Pavia;1;629;9,92;;7,55;;0,01;2,97;1,81;19,12
03018128;Romagnese;Pavia;1;621;13,97;;5,74;;;14,13;2,42;37,70
03018131;Rovescala;Pavia;1;858;3,29;;34,28;;1,59;1,05;1,78;24,70
03018133;San Cipriano Po;Pavia;1;472;2,13;;25,54;;9,10;2,29;0,89;29,28
03018135;San Genesio ed Uniti;Pavia;1;4.006;19,27;;8,47;;2,15;1,28;1,03;17,84
03018137;San Martino Siccomario;Pavia;1;6.411;2,91;;4,90;;0,16;5,04;2,32;18,82
03018145;San Zenone al Po;Pavia;1;540;15,44;;18,65;;0,93;4,36;2,89;41,04
03018139;Santa Cristina e Bissone;Pavia;1;1.871;2,25;;17,78;;2,72;1,26;1,29;21,68
03018140;Santa Giuletta;Pavia;1;1.541;2,70;;28,30;;0,55;0,57;1,37;20,87
03018142;Santa Margherita di Staffora;Pavia;1;466;29,79;;5,86;;;22,15;2,02;54,88
03018143;Santa Maria della Versa;Pavia;1;2.286;3,35;;32,43;;;3,64;1,08;24,52
03018150;Siziano;Pavia;1;6.313;6,86;;11,42;;3,31;5,24;2,00;27,37
03018151;Sommo;Pavia;1;1.152;8,92;;15,06;;3,61;3,78;2,40;28,19
03018152;Spessa;Pavia;1;530;2,17;;14,57;;;0,08;0,72;14,74
03018153;Stradella;Pavia;1;11.539;12,39;;20,42;;7,11;2,61;1,31;32,99
03018155;Torrazza Coste;Pavia;1;1.569;31,88;;7,96;;0,62;8,25;1,85;40,30
03018157;Torre d'Arese;Pavia;1;921;2,78;;13,58;;0,93;2,28;1,96;18,97
03018158;Torre de' Negri;Pavia;1;315;15,25;;12,81;;1,72;3,19;1,04;21,19
03018161;Torricella Verzate;Pavia;1;824;2,39;;28,54;;;4,01;0,87;22,77
03018163;Trivolzio;Pavia;1;2.318;9,77;;14,16;;2,22;3,31;1,77;26,24
03018164;Tromello;Pavia;1;3.647;6,11;;5,56;;5,48;3,77;5,01;30,80
03018166;Val di Nizza;Pavia;1;585;9,32;;6,16;;0,11;14,80;1,69;33,75
03018171;Varzi;Pavia;1;3.059;10,39;;7,71;;1,45;6,40;1,63;27,05
03018173;Vellezzo Bellini;Pavia;1;3.339;8,71;;12,68;;0,37;4,00;1,49;22,92
03018175;Verrua Po;Pavia;1;1.225;3,79;;14,06;;;1,59;1,22;19,32
03018177;Vigevano;Pavia;1;62.108;11,87;;15,30;;2,61;1,80;3,14;29,92
03018179;Villanova d'Ardenghi;Pavia;1;767;4,42;;4,94;;3,81;6,23;0,61;26,84
03018180;Villanterio;Pavia;1;3.291;2,14;;15,92;;0,85;1,83;1,20;42,39
03018181;Vistarino;Pavia;1;1.526;3,04;;17,99;;2,08;1,34;1,63;25,46
03018182;Voghera;Pavia;1;38.592;17,43;;9,33;;3,23;3,79;4,70;33,18
03018184;Zavattarello;Pavia;1;958;5,16;;8,08;;4,23;4,64;;29,97
03018185;Zeccone;Pavia;1;1.676;5,09;;6,95;;0,84;4,34;3,22;20,37
03018188;Zerbo;Pavia;1;393;10,61;;23,46;;;5,16;2,59;32,71
03018189;Zerbolo;Pavia;1;1.681;6,60;;12,25;;0,81;4,03;2,08;22,96
03018190;Zinasco;Pavia;1;3.120;9,68;;10,62;;1,28;2,04;;16,87
10054001;Assisi;Perugia;1;28.059;5,88;;25,93;;5,55;14,21;2,79;50,48
10054002;Bastia Umbra;Perugia;1;21.278;0,10;;1,95;;3,34;22,78;5,87;43,56
10054003;Bettona;Perugia;1;4.251;;;6,86;;3,09;32,38;2,82;52,93
10054006;Cannara;Perugia;1;4.217;13,26;;20,43;;3,25;12,27;10,26;56,64
10054009;Castiglione del Lago;Perugia;1;14.712;3,94;;25,98;;2,84;6,37;3,36;43,21
10054011;Citerna;Perugia;1;3.377;13,42;;16,02;;1,11;5,27;1,11;30,54
10054012;Citta  della Pieve;Perugia;1;7.621;4,22;;25,62;;5,12;8,24;6,30;49,69
10054013;Citta  di Castello;Perugia;1;38.409;12,05;;14,47;;4,29;5,54;2,84;34,34
10054014;Collazzone;Perugia;1;3.397;8,17;;21,94;;3,44;9,78;3,83;42,51
10054015;Corciano;Perugia;1;21.210;4,75;;19,55;;2,83;6,76;7,49;43,27
10054016;Costacciaro;Perugia;1;1.134;18,62;;25,95;;1,33;15,22;0,24;48,65
10054017;Deruta;Perugia;1;9.330;8,97;;14,35;;5,16;12,42;6,28;46,28
10054019;Fossato di Vico;Perugia;1;2.630;14,04;;21,89;;2,75;1,19;;38,80
10054020;Fratta Todina;Perugia;1;1.789;11,72;;23,70;;1,38;10,08;3,01;41,59
10054023;Gualdo Tadino;Perugia;1;14.424;14,54;;19,62;;1,28;5,58;2,54;36,61
10054024;Gubbio;Perugia;1;31.338;18,05;;7,61;;1,07;2,95;4,14;28,76
10054025;Lisciano Niccone;Perugia;1;586;;;4,24;;8,64;35,99;4,10;55,25
10054026;Magione;Perugia;1;14.679;3,93;;26,96;;3,24;7,08;5,71;44,68
10054027;Marsciano;Perugia;1;18.031;7,81;;16,17;;3,20;12,45;6,59;45,44
10054028;Massa Martana;Perugia;1;3.645;10,46;;21,79;;4,07;10,16;3,68;43,02
10054029;Monte Castello di Vibio;Perugia;1;1.491;10,97;;26,41;;7,60;18,01;3,97;59,12
10054032;Monte Santa Maria Tiberina;Perugia;1;1.115;9,95;;23,58;;0,61;10,25;2,25;39,49
10054033;Montone;Perugia;1;1.617;17,88;;22,37;;6,56;14,27;4,11;53,35
10054036;Paciano;Perugia;1;950;6,99;;29,27;;6,15;8,82;6,66;53,43
10054037;Panicale;Perugia;1;5.460;6,49;;24,95;;2,87;12,35;8,91;54,60
10054038;Passignano sul Trasimeno;Perugia;1;5.523;3,65;;22,26;;3,42;5,51;4,84;40,89
10054039;Perugia;Perugia;1;164.057;1,05;;3,80;;4,27;24,42;11,85;52,88
10054040;Piegaro;Perugia;1;3.439;8,50;;26,65;;5,67;10,80;10,84;62,57
10054041;Pietralunga;Perugia;1;1.982;17,11;;17,00;;6,16;10,96;1,58;43,54
10054044;San Giustino;Perugia;1;10.868;8,63;;9,11;;2,47;4,89;1,13;27,95
10054046;Scheggia e Pascelupo;Perugia;1;1.340;15,94;;12,51;;1,72;15,47;3,34;54,97
10054049;Sigillo;Perugia;1;2.328;25,60;;14,75;;2,01;3,43;0,97;34,92
10054051;Spoleto - Dato aggregazione VALLE UMBRA SERVIZI S.P.A.;Perugia;22;153.707;6,34;;15,39;;3,33;4,62;4,89;31,52
10054052;Todi;Perugia;1;15.429;2,69;;9,76;;3,87;25,45;3,29;53,87
10054053;Torgiano;Perugia;1;6.510;0,08;;5,55;;2,37;20,37;2,95;41,78
10054055;Tuoro sul Trasimeno;Perugia;1;3.762;4,63;;27,14;;2,16;9,89;3,18;45,40
10054056;Umbertide;Perugia;1;16.355;6,89;;13,61;;4,08;3,75;4,91;31,00
10054057;Valfabbrica;Perugia;1;3.261;5,88;;19,78;;3,55;11,05;2,27;40,90
11041001;Acqualagna;Pesaro e Urbino;1;4.294;29,74;;10,37;;1,47;4,91;4,47;33,35
11041002;Apecchio;Pesaro e Urbino;1;1.756;22,96;;20,51;;1,83;5,61;4,02;40,11
11041005;Belforte all'Isauro;Pesaro e Urbino;1;739;33,66;;18,28;;;17,01;3,35;48,75
11041006;Borgo Pace;Pesaro e Urbino;1;538;28,50;;15,27;;4,14;7,73;6,37;43,58
11041007;Cagli;Pesaro e Urbino;1;8.192;22,19;;23,91;;3,00;9,05;4,48;47,55
11041008;Cantiano;Pesaro e Urbino;1;2.046;30,61;;25,11;;3,53;6,27;4,80;49,70
11041009;Carpegna;Pesaro e Urbino;1;1.612;16,67;;19,71;;1,71;6,37;3,03;35,14
11041013;Fano;Pesaro e Urbino;1;60.105;15,75;;11,39;;2,79;8,48;5,59;34,73
11041014;Fermignano;Pesaro e Urbino;1;8.332;13,41;;11,55;;4,00;4,59;4,19;31,71
11041017;Frontino;Pesaro e Urbino;1;288;21,36;;13,67;;5,03;8,82;4,42;40,52
11041018;Frontone;Pesaro e Urbino;1;1.235;29,18;;20,78;;2,70;4,72;4,52;43,12
11041019;Gabicce Mare;Pesaro e Urbino;1;5.651;10,82;;16,46;;5,16;4,37;10,44;47,02
11041020;Gradara;Pesaro e Urbino;1;4.922;33,65;;11,30;;4,51;5,61;4,81;39,12
11041022;Lunano;Pesaro e Urbino;1;1.447;34,31;;10,49;;1,00;7,19;3,07;31,53
11041023;Macerata Feltria;Pesaro e Urbino;1;1.946;22,17;;16,14;;1,63;9,00;6,86;44,80
11041025;Mercatello sul Metauro;Pesaro e Urbino;1;1.314;28,28;;13,19;;1,44;6,62;4,86;35,60
11041026;Mercatino Conca;Pesaro e Urbino;1;996;15,58;;19,07;;2,73;11,94;3,89;43,58
11041027;Mombaroccio;Pesaro e Urbino;1;2.056;44,23;;13,49;;1,31;7,32;5,88;43,44
11041028;Mondavio;Pesaro e Urbino;1;3.709;18,82;;17,71;;3,06;6,97;;32,49
11041031;Monte Cerignone;Pesaro e Urbino;1;638;25,19;;20,26;;2,31;11,28;4,39;46,68
11041035;Monte Grimano Terme;Pesaro e Urbino;1;1.073;21,25;;20,06;;3,22;11,35;3,69;44,99
11041030;Montecalvo in Foglia;Pesaro e Urbino;1;2.738;28,32;;16,01;;0,92;8,31;7,53;41,42
11041033;Montecopiolo;Pesaro e Urbino;1;1.066;12,17;;20,81;;1,07;7,10;6,39;39,49
11041036;Montelabbate;Pesaro e Urbino;1;6.987;20,63;;9,18;;0,46;4,70;4,12;28,25
11041041;Peglio;Pesaro e Urbino;1;659;24,27;;21,70;;5,56;15,76;4,11;55,24
11041044;Pesaro;Pesaro e Urbino;1;96.238;11,57;;15,17;;4,25;4,33;4,30;35,60
11041045;Petriano;Pesaro e Urbino;1;2.766;30,72;;11,75;;1,43;7,13;7,50;39,21
11041047;Piandimeleto;Pesaro e Urbino;1;2.081;49,75;;14,48;;0,82;11,04;2,98;40,54
11041048;Pietrarubbia;Pesaro e Urbino;1;602;23,14;;20,43;;4,71;15,08;7,29;58,33
11041049;Piobbico;Pesaro e Urbino;1;1.833;23,39;;24,36;;2,95;6,23;3,51;43,95
11041054;San Lorenzo in Campo;Pesaro e Urbino;1;3.211;10,70;;22,38;;2,74;4,71;3,99;37,75
11041057;Sant'Angelo in Vado;Pesaro e Urbino;1;3.949;23,18;;15,03;;1,40;7,17;5,29;37,48
11041071;Sassocorvaro Auditore;Pesaro e Urbino;1;4.888;18,64;;10,80;;3,64;3,70;3,34;29,26
11041060;Sassofeltrio;Pesaro e Urbino;1;1.349;17,23;;22,68;;2,38;6,40;5,25;41,26
11041061;Serra Sant'Abbondio;Pesaro e Urbino;1;944;37,54;;25,62;;3,12;8,53;4,46;53,35
11041064;Tavoleto;Pesaro e Urbino;1;851;38,23;;13,79;;;13,46;4,91;47,65
11041065;Tavullia;Pesaro e Urbino;1;7.953;22,19;;11,02;;1,30;5,33;3,24;31,11
11041066;Urbania;Pesaro e Urbino;1;6.935;13,28;;16,22;;3,12;5,54;6,48;37,94
11041067;Urbino;Pesaro e Urbino;1;13.803;17,79;;17,93;;6,57;4,73;6,25;42,89
11041068;Vallefoglia;Pesaro e Urbino;1;14.876;16,83;;11,86;;2,11;5,31;3,50;31,04
13068001;Abbateggio;Pescara;1;363;47,39;;48,00;;;;;47,81
13068002;Alanno;Pescara;1;3.447;66,51;;7,07;;0,29;3,76;;35,04
13068004;Brittoli;Pescara;1;263;32,00;;36,50;;2,98;11,67;21,21;79,79
13068007;Caramanico Terme;Pescara;1;1.901;46,73;;46,75;;;;;46,74
13068008;Carpineto della Nora;Pescara;1;573;26,83;;40,96;;4,07;6,30;;50,76
13068010;Catignano;Pescara;1;1.250;7,42;;9,70;;0,65;;;17,95
13068011;Cepagatti;Pescara;1;10.777;5,94;;8,79;;3,05;5,66;6,07;30,42
13068013;Civitaquana;Pescara;1;1.195;16,20;;24,82;;1,52;22,96;2,74;55,57
13068017;Cugnoli;Pescara;1;1.359;16,16;;6,68;;8,94;16,75;3,78;42,93
13068019;Farindola;Pescara;1;1.383;19,67;;37,15;;2,24;6,73;0,27;55,43
13068021;Loreto Aprutino;Pescara;1;7.223;13,60;;24,51;;3,22;7,04;5,74;47,51
13068023;Montebello di Bertona;Pescara;1;907;16,15;;14,75;;2,43;7,50;1,60;33,44
13068024;Montesilvano;Pescara;1;53.113;2,30;;13,34;;1,70;8,97;6,59;36,16
13068025;Moscufo;Pescara;1;3.103;13,01;;14,43;;0,81;1,95;3,20;27,24
13068026;Nocciano;Pescara;1;1.775;13,87;;26,20;;6,24;20,16;2,78;52,04
13068027;Penne;Pescara;1;11.716;10,75;;24,82;;2,51;7,08;0,93;36,31
13068028;Pescara;Pescara;1;119.455;12,14;;15,86;;5,07;3,64;1,33;34,94
13068030;Pianella;Pescara;1;8.564;7,03;;9,94;;3,72;7,76;3,64;32,02
13068032;Pietranico;Pescara;1;441;29,18;;25,90;;9,52;3,08;;41,07
13068033;Popoli;Pescara;1;4.805;1,06;;6,61;;0,23;31,53;;43,15
13068034;Roccamorice;Pescara;1;900;19,98;;22,20;;;12,63;;44,13
13068038;San Valentino in Abruzzo Citeriore;Pescara;1;1.879;6,14;;8,11;;3,84;15,05;2,24;39,26
13068039;Scafa;Pescara;1;3.559;22,43;;20,54;;6,39;0,19;;37,55
13068041;Spoltore;Pescara;1;18.689;11,25;;16,84;;3,70;2,58;4,13;34,09
13068042;Tocco da Casauria;Pescara;1;2.463;6,00;;17,01;;4,75;9,22;2,36;37,08
13068044;Turrivalignani;Pescara;1;791;14,59;;22,81;;0,41;6,50;12,72;51,76
13068046;Villa Celiera;Pescara;1;571;31,13;;44,70;;;6,16;3,93;65,66
08033001;Agazzano;Piacenza;1;1.978;10,43;;13,42;;0,27;0,86;;21,79
08033002;Alseno;Piacenza;1;4.640;10,10;;11,20;;0,77;3,06;;23,68
08033049;Alta Val Tidone;Piacenza;1;2.952;9,31;;13,05;;1,74;4,79;;25,59
08033003;Besenzone;Piacenza;1;943;13,78;;12,48;;0,21;4,34;;25,39
08033004;Bettola;Piacenza;1;2.630;10,07;;12,95;;0,67;4,35;;24,36
08033005;Bobbio;Piacenza;1;3.538;8,61;;16,00;;2,26;3,74;;26,30
08033006;Borgonovo Val Tidone;Piacenza;1;8.003;12,12;;11,95;;2,57;1,98;;24,15
08033007;Cadeo;Piacenza;1;5.892;8,69;;12,45;;0,30;3,08;;21,84
08033008;Calendasco;Piacenza;1;2.412;9,09;;12,39;;;3,06;;21,95
08033010;Caorso;Piacenza;1;4.733;9,97;;11,42;;0,14;2,55;;20,66
08033011;Carpaneto Piacentino;Piacenza;1;7.545;22,51;;9,59;;1,52;2,68;;22,69
08033013;Castel San Giovanni;Piacenza;1;13.709;10,02;;7,13;;2,06;1,33;;17,60
08033012;Castell'Arquato;Piacenza;1;4.583;10,05;;13,06;;0,38;2,54;;22,68
08033014;Castelvetro Piacentino;Piacenza;1;5.251;12,52;;11,66;;0,18;0,52;;19,99
08033015;Cerignale;Piacenza;1;119;18,64;;43,38;;;28,15;;63,18
08033016;Coli;Piacenza;1;857;22,99;;6,19;;;2,51;;34,83
08033017;Corte Brugnatella;Piacenza;1;554;21,85;;14,77;;0,72;4,26;;32,44
08033018;Cortemaggiore;Piacenza;1;4.599;27,72;;12,29;;0,70;3,21;;26,81
08033019;Farini;Piacenza;1;1.089;10,17;;7,06;;;11,63;;27,89
08033020;Ferriere;Piacenza;1;1.150;8,43;;13,40;;0,77;25,63;;44,56
08033021;Fiorenzuola d'Arda;Piacenza;1;14.779;10,18;;10,23;;3,26;2,67;;23,73
08033022;Gazzola;Piacenza;1;2.127;10,13;;9,83;;0,14;3,42;;21,03
08033023;Gossolengo;Piacenza;1;5.685;11,10;;13,23;;0,55;3,31;;23,91
08033024;Gragnano Trebbiense;Piacenza;1;4.501;12,26;;10,51;;0,28;4,28;;22,95
08033025;Gropparello;Piacenza;1;2.170;10,22;;12,28;;1,00;5,36;;24,99
08033026;Lugagnano Val d'Arda;Piacenza;1;3.871;9,42;;11,04;;1,75;4,40;;23,88
08033027;Monticelli d'Ongina;Piacenza;1;5.118;11,30;;6,13;;0,43;2,33;;15,23
08033028;Morfasso;Piacenza;1;927;9,68;;10,88;;;10,08;;27,51
08033030;Ottone;Piacenza;1;472;10,55;;20,69;;4,58;5,58;;32,92
08033032;Piacenza;Piacenza;1;103.294;10,23;;9,89;;4,58;1,72;;24,13
08033033;Pianello Val Tidone;Piacenza;1;2.169;9,47;;10,97;;0,52;4,51;;23,24
08033034;Piozzano;Piacenza;1;592;6,85;;8,89;;3,60;2,45;;21,27
08033035;Podenzano;Piacenza;1;9.041;25,17;;8,11;;0,45;0,67;;17,52
08033036;Ponte dell'Olio;Piacenza;1;4.617;10,79;;9,31;;0,49;2,12;;19,03
08033037;Pontenure;Piacenza;1;6.505;12,16;;15,02;;0,45;2,88;;25,40
08033038;Rivergaro;Piacenza;1;6.991;10,01;;8,87;;1,28;1,34;;19,49
08033039;Rottofreno;Piacenza;1;12.172;11,85;;12,47;;0,39;2,44;;22,60
08033040;San Giorgio Piacentino;Piacenza;1;5.612;26,22;;9,17;;0,10;1,45;;19,96
08033041;San Pietro in Cerro;Piacenza;1;807;24,03;;12,98;;;6,72;;28,53
08033042;Sarmato;Piacenza;1;2.906;11,67;;11,99;;0,54;0,75;;20,18
08033043;Travo;Piacenza;1;2.128;8,51;;9,79;;;2,01;;18,82
08033044;Vernasca;Piacenza;1;2.015;8,76;;11,59;;;9,19;;26,77
08033045;Vigolzone;Piacenza;1;4.209;10,79;;11,71;;0,46;2,29;;21,89
08033046;Villanova sull'Arda;Piacenza;1;1.675;10,23;;12,71;;1,48;3,27;;24,51
08033047;Zerba;Piacenza;1;69;22,00;;100,21;;;19,45;;79,15
08033048;Ziano Piacentino;Piacenza;1;2.446;12,34;;11,62;;0,13;4,17;;23,73
09050001;Bientina;Pisa;1;8.511;9,72;;19,44;;3,14;3,56;0,95;39,77
09050003;Calci;Pisa;1;6.359;6,11;;15,51;;;3,87;2,51;30,87
09050004;Calcinaia;Pisa;1;12.623;17,66;;13,69;;1,78;2,75;2,69;32,33
09050005;Capannoli;Pisa;1;6.378;9,72;;14,51;;4,63;2,87;1,79;30,81
09050006;Casale Marittimo;Pisa;1;1.068;14,94;;5,32;;2,15;7,43;1,59;40,50
09050040;Casciana Terme Lari;Pisa;1;12.330;10,32;;20,95;;3,53;2,58;3,54;40,60
09050008;Cascina;Pisa;1;44.565;10,17;;16,28;;0,93;4,08;2,76;35,12
09050009;Castelfranco di Sotto;Pisa;1;13.213;9,57;;17,72;;2,89;3,37;1,45;34,51
09050010;Castellina Marittima;Pisa;1;1.870;9,43;;8,86;;0,11;3,32;0,31;25,73
09050011;Castelnuovo di Val di Cecina;Pisa;1;2.125;6,89;;22,31;;5,84;2,70;1,72;31,21
09050012;Chianni;Pisa;1;1.337;5,32;;7,95;;3,23;1,16;2,70;29,13
09050041;Crespina Lorenzana;Pisa;1;5.395;8,10;;11,96;;2,16;1,55;3,63;29,81
09050014;Fauglia;Pisa;1;3.655;8,76;;27,94;;3,21;5,75;2,07;48,02
09050015;Guardistallo;Pisa;1;1.175;18,07;;6,17;;3,06;9,83;6,78;45,17
09050016;Lajatico;Pisa;1;1.274;7,71;;12,03;;3,38;1,12;0,02;26,40
09050019;Montecatini Val di Cecina;Pisa;1;1.696;16,77;;33,33;;5,37;6,18;5,06;48,33
09050020;Montescudaio;Pisa;1;2.108;4,42;;21,62;;3,65;4,13;1,37;32,38
09050022;Montopoli in Val d'Arno;Pisa;1;11.022;10,38;;16,35;;1,16;1,64;0,91;30,27
09050023;Orciano Pisano;Pisa;1;629;22,51;;7,87;;;6,05;0,48;51,15
09050024;Palaia;Pisa;1;4.549;7,49;;16,35;;3,82;2,34;2,94;33,78
09050026;Pisa;Pisa;1;89.155;8,64;;24,91;;6,73;5,15;3,50;51,72
09050027;Pomarance;Pisa;1;5.513;21,84;;13,18;;3,64;4,41;1,07;34,55
09050028;Ponsacco;Pisa;1;15.517;6,42;;14,98;;2,19;3,33;3,09;34,40
09050029;Pontedera;Pisa;1;29.243;7,53;;21,40;;4,17;3,17;6,89;47,63
09050030;Riparbella;Pisa;1;1.585;64,58;;9,65;;4,05;9,12;1,02;68,33
09050031;San Giuliano Terme;Pisa;1;30.771;6,26;;17,18;;2,18;3,94;2,10;37,81
09050032;San Miniato;Pisa;1;27.681;9,75;;19,31;;1,63;3,03;8,54;45,11
09050033;Santa Croce sull'Arno;Pisa;1;14.465;10,48;;18,10;;2,85;3,47;3,24;40,83
09050034;Santa Luce;Pisa;1;1.627;4,11;;33,71;;0,54;3,06;0,31;33,71
09050035;Santa Maria a Monte;Pisa;1;13.243;21,01;;15,51;;0,93;6,21;;34,88
09050036;Terricciola;Pisa;1;4.461;3,94;;8,48;;2,79;0,74;10,16;44,70
09050037;Vecchiano;Pisa;1;11.916;6,83;;21,22;;1,87;3,97;1,13;39,17
09050038;Vicopisano;Pisa;1;8.580;8,28;;18,75;;2,53;4,49;5,50;41,24
09050039;Volterra;Pisa;1;9.824;12,32;;8,18;;6,54;10,84;7,22;45,05
09047023;Abetone Cutigliano;Pistoia;1;1.997;4,83;;26,59;;9,65;9,69;8,78;53,85
09047002;Agliana;Pistoia;1;18.057;14,64;;19,65;;2,32;4,71;4,43;37,98
09047003;Buggiano;Pistoia;1;8.809;25,14;;15,50;;2,20;6,70;4,39;46,51
09047022;Chiesina Uzzanese;Pistoia;1;4.501;5,35;;1,81;;3,98;5,43;5,41;41,74
09047005;Lamporecchio;Pistoia;1;7.364;39,00;;16,73;;2,33;4,52;2,19;33,84
09047006;Larciano;Pistoia;1;6.322;21,38;;15,78;;2,88;4,42;8,61;39,51
09047007;Marliana;Pistoia;1;3.116;3,47;;22,98;;2,72;9,14;3,58;36,04
09047008;Massa e Cozzile;Pistoia;1;7.758;9,88;;8,61;;2,50;6,84;3,86;40,01
09047009;Monsummano Terme;Pistoia;1;21.158;23,70;;14,87;;2,25;4,61;4,52;33,69
09047010;Montale;Pistoia;1;10.848;16,60;;19,29;;2,44;4,96;1,80;37,16
09047011;Montecatini-Terme;Pistoia;1;19.920;6,99;;41,18;;5,54;6,34;5,22;47,21
09047012;Pescia;Pistoia;1;19.308;5,44;;16,09;;2,94;6,12;5,62;36,73
09047013;Pieve a Nievole;Pistoia;1;9.147;12,81;;8,07;;1,35;6,61;2,43;36,61
09047014;Pistoia;Pistoia;1;90.479;3,39;;14,25;;3,16;4,64;4,19;32,44
09047016;Ponte Buggianese;Pistoia;1;8.832;15,29;;11,31;;3,34;5,79;2,61;41,70
09047017;Quarrata;Pistoia;1;26.648;14,51;;22,79;;2,28;5,60;3,79;40,40
09047018;Sambuca Pistoiese;Pistoia;1;1.486;0,47;;1,21;;2,07;11,82;6,58;34,38
09047024;San Marcello Piteglio;Pistoia;1;7.788;2,94;;13,75;;5,12;5,50;6,39;36,36
09047020;Serravalle Pistoiese;Pistoia;1;11.663;28,39;;15,82;;2,55;4,84;7,67;39,31
09047021;Uzzano;Pistoia;1;5.618;20,79;;16,65;;1,89;8,53;6,76;51,90
06093001;Andreis;Pordenone;1;268;10,92;;13,02;;;5,31;4,98;28,16
06093002;Arba;Pordenone;1;1.302;6,54;;8,72;;1,16;13,03;3,76;33,33
06093004;Aviano;Pordenone;1;8.681;11,98;;12,83;;1,10;2,95;1,46;23,97
06093005;Azzano Decimo;Pordenone;1;15.557;4,97;;5,46;;0,71;8,40;3,14;24,24
06093006;Barcis;Pordenone;1;237;14,26;;18,36;;;;;24,78
06093007;Brugnera;Pordenone;1;9.228;5,30;;5,67;;0,61;8,97;2,57;23,95
06093008;Budoia;Pordenone;1;2.519;16,22;;12,38;;0,61;2,34;1,00;23,20
06093009;Caneva;Pordenone;1;6.330;7,91;;6,93;;3,43;2,76;0,90;20,07
06093010;Casarsa della Delizia;Pordenone;1;8.221;5,59;;5,36;;0,94;8,54;3,81;24,67
06093011;Castelnovo del Friuli;Pordenone;1;822;5,21;;6,73;;;9,74;5,59;27,61
06093012;Cavasso Nuovo;Pordenone;1;1.484;6,16;;9,91;;0,06;2,98;5,00;24,27
06093013;Chions;Pordenone;1;5.133;7,95;;6,07;;0,94;10,84;2,92;26,88
06093014;Cimolais;Pordenone;1;350;7,32;;12,67;;0,16;2,46;6,10;28,74
06093015;Claut;Pordenone;1;883;8,06;;17,83;;0,06;9,86;4,98;38,50
06093016;Clauzetto;Pordenone;1;389;9,87;;19,53;;;8,00;7,11;42,29
06093017;Cordenons;Pordenone;1;17.726;10,65;;9,07;;1,16;3,41;1,24;20,75
06093018;Cordovado;Pordenone;1;2.701;9,06;;6,95;;1,71;11,70;3,34;30,43
06093019;Erto e Casso;Pordenone;1;370;8,09;;16,74;;0,39;3,95;3,18;29,87
06093020;Fanna;Pordenone;1;1.495;8,02;;8,90;;0,02;4,34;3,60;23,79
06093021;Fiume Veneto;Pordenone;1;11.679;5,58;;5,38;;0,87;9,38;3,43;25,69
06093022;Fontanafredda;Pordenone;1;12.620;6,53;;6,57;;0,16;9,48;3,01;25,32
06093024;Frisanco;Pordenone;1;568;12,12;;17,43;;;3,48;6,16;33,21
06093025;Maniago;Pordenone;1;11.586;7,04;;11,37;;1,10;1,49;5,12;27,00
06093026;Meduno;Pordenone;1;1.534;4,82;;7,49;;;4,26;;16,35
06093027;Montereale Valcellina;Pordenone;1;4.268;10,06;;7,58;;1,36;5,40;1,97;22,46
06093028;Morsano al Tagliamento;Pordenone;1;2.705;4,47;;6,17;;0,99;9,78;2,64;25,72
06093029;Pasiano di Pordenone;Pordenone;1;7.650;7,06;;6,78;;0,38;10,49;3,14;26,97
06093030;Pinzano al Tagliamento;Pordenone;1;1.497;5,39;;7,55;;;11,21;3,21;28,32
06093031;Polcenigo;Pordenone;1;3.099;4,42;;7,33;;0,63;12,40;2,98;30,41
06093032;Porcia;Pordenone;1;14.999;7,00;;5,36;;0,14;8,01;2,68;22,70
06093033;Pordenone;Pordenone;1;51.568;23,02;;8,77;;2,91;3,93;5,40;28,13
06093034;Prata di Pordenone;Pordenone;1;8.396;12,78;;6,60;;0,28;2,69;1,02;17,70
06093035;Pravisdomini;Pordenone;1;3.402;6,72;;5,70;;0,72;11,20;2,69;26,54
06093036;Roveredo in Piano;Pordenone;1;5.925;7,78;;7,64;;0,78;4,02;1,19;20,40
06093037;Sacile;Pordenone;1;19.842;6,26;;7,43;;1,37;10,31;4,56;30,51
06093038;San Giorgio della Richinvelda;Pordenone;1;4.472;4,05;;5,20;;0,54;8,20;2,26;22,29
06093039;San Martino al Tagliamento;Pordenone;1;1.404;7,40;;6,37;;0,31;10,73;3,01;26,42
06093041;San Vito al Tagliamento;Pordenone;1;15.157;4,87;;5,19;;1,66;7,96;2,35;23,77
06093042;Sequals;Pordenone;1;2.187;3,53;;8,33;;0,07;2,93;0,84;16,49
06093043;Sesto al Reghena;Pordenone;1;6.348;6,42;;4,60;;0,62;9,77;2,24;22,49
06093044;Spilimbergo;Pordenone;1;11.961;4,84;;6,61;;1,89;10,09;2,84;28,65
06093045;Tramonti di Sopra;Pordenone;1;284;8,13;;18,71;;;4,12;10,62;38,44
06093046;Tramonti di Sotto;Pordenone;1;343;7,27;;19,41;;;2,56;7,98;35,92
06093047;Travesio;Pordenone;1;1.789;7,43;;9,23;;;3,67;;18,50
06093052;Vajont;Pordenone;1;1.669;8,50;;11,65;;;1,50;3,36;22,27
06093053;Valvasone Arzene;Pordenone;1;3.904;6,52;;5,70;;0,82;9,25;3,70;25,71
06093049;Vito d'Asio;Pordenone;1;703;8,14;;19,63;;;3,89;5,16;32,00
06093050;Vivaro;Pordenone;1;1.287;6,41;;13,26;;0,04;2,77;4,64;25,34
06093051;Zoppola;Pordenone;1;8.352;6,00;;6,20;;0,49;9,81;3,19;26,14
17076002;Acerenza - Dato aggregazione Unione comuni Alto Bradano;Potenza;12;38.685;60,15;;28,21;;1,39;;;45,11
17076006;Atella;Potenza;1;3.747;10,21;;33,45;;5,16;2,46;0,65;38,29
17076007;Avigliano;Potenza;1;10.739;22,86;;12,90;;;1,05;0,91;19,28
17076008;Balvano;Potenza;1;1.767;6,96;;20,63;;3,61;6,68;3,05;37,70
17076010;Baragiano;Potenza;1;2.559;5,07;;12,30;;3,47;14,79;9,63;49,28
17076011;Barile;Potenza;1;2.671;23,67;;5,85;;4,77;15,54;4,46;45,28
17076012;Bella;Potenza;1;4.795;13,40;;22,15;;0,28;10,84;3,06;45,10
17076013;Brienza;Potenza;1;3.890;97,81;;;;3,89;3,38;0,66;51,06
17076014;Brindisi Montagna;Potenza;1;830;24,94;;6,60;;7,69;12,83;;71,10
17076015;Calvello;Potenza;1;1.789;14,03;;36,13;;8,02;12,03;4,36;65,41
17076021;Castelgrande;Potenza;1;839;25,29;;35,39;;1,69;24,62;1,16;73,53
17076022;Castelluccio Inferiore;Potenza;1;1.969;20,10;;49,62;;11,14;44,89;;95,36
17076023;Castelluccio Superiore;Potenza;1;734;43,30;;6,31;;6,57;2,29;;54,27
17076024;Castelmezzano;Potenza;1;745;13,82;;62,50;;;0,17;;40,64
17076025;Castelsaraceno;Potenza;1;1.260;19,54;;41,10;;2,52;8,08;1,73;60,04
17076026;Castronuovo di Sant'Andrea;Potenza;1;944;83,08;;1,23;;;2,63;;67,53
17076027;Cersosimo;Potenza;1;573;17,04;;41,11;;2,90;1,98;;50,91
17076028;Chiaromonte;Potenza;1;1.798;16,92;;4,94;;4,50;8,32;;39,78
17076030;Episcopia;Potenza;1;1.309;26,54;;7,72;;2,86;17,15;;50,36
17076032;Filiano;Potenza;1;2.819;17,13;;31,98;;1,82;3,41;8,31;49,72
17076034;Francavilla in Sinni;Potenza;1;4.067;32,11;;14,27;;2,18;13,62;5,77;52,76
17076035;Gallicchio;Potenza;1;823;13,48;;62,71;;;;;43,32
17076099;Ginestra;Potenza;1;714;8,97;;18,14;;1,62;28,10;;61,03
17076039;Lagonegro;Potenza;1;5.057;;;52,67;;;1,74;;43,71
17076040;Latronico;Potenza;1;4.226;11,43;;18,71;;3,69;16,68;;50,04
17076041;Laurenzana;Potenza;1;1.666;22,06;;22,14;;1,77;2,04;1,20;45,22
17076042;Lauria;Potenza;1;12.126;40,43;;35,77;;4,92;5,95;3,88;58,37
17076043;Lavello;Potenza;1;13.032;14,26;;18,97;;2,88;3,30;5,77;40,52
17076045;Marsico Nuovo;Potenza;1;3.994;17,98;;21,56;;2,60;13,08;;45,59
17076048;Melfi;Potenza;1;17.047;10,36;;11,30;;6,34;5,99;1,28;35,78
17076049;Missanello;Potenza;1;534;9,66;;41,58;;0,16;24,59;;81,01
17076053;Muro Lucano;Potenza;1;5.037;32,52;;20,30;;7,95;4,78;0,53;48,31
17076100;Paterno;Potenza;1;3.143;6,49;;22,00;;;1,68;;25,57
17076058;Pescopagano;Potenza;1;1.734;15,98;;13,32;;1,88;2,49;;37,63
17076060;Pietragalla;Potenza;1;3.891;19,80;;17,54;;2,04;10,46;;45,84
17076063;Potenza;Potenza;1;65.988;30,75;;22,22;;4,79;8,71;3,57;53,98
17076064;Rapolla;Potenza;1;4.181;13,54;;8,18;;11,19;14,48;0,94;37,51
17076066;Rionero in Vulture;Potenza;1;12.646;11,09;;20,46;;;7,31;;38,66
17076067;Ripacandida;Potenza;1;1.613;27,50;;16,40;;9,19;25,62;9,12;88,75
17076069;Roccanova;Potenza;1;1.375;3,83;;1,68;;2,32;21,21;;44,90
17076071;Ruoti;Potenza;1;3.416;25,44;;;;;;;47,71
17076072;Ruvo del Monte;Potenza;1;1.009;69,24;;23,05;;;;;43,99
17076074;San Chirico Raparo;Potenza;1;950;3,90;;107,64;;0,05;21,87;0,50;42,98
17076076;San Fele;Potenza;1;2.680;33,72;;48,84;;;0,98;;72,71
17076077;San Martino d'Agri;Potenza;1;685;37,76;;100,00;;2,01;1,31;;43,21
17076020;San Paolo Albanese;Potenza;1;224;22,62;;28,72;;3,26;12,14;;54,78
17076078;San Severino Lucano;Potenza;1;1.444;49,19;;114,98;;;17,17;;75,32
17076080;Sant'Arcangelo;Potenza;1;6.267;17,01;;9,51;;10,76;0,73;;32,80
17076083;Satriano di Lucania;Potenza;1;2.254;16,63;;13,46;;11,23;5,21;;55,00
17076084;Savoia di Lucania;Potenza;1;1.027;6,03;;8,97;;6,44;8,55;;39,26
17076085;Senise;Potenza;1;6.753;18,11;;12,93;;4,77;4,85;;36,03
17076087;Teana;Potenza;1;535;21,39;;;;;22,66;;60,17
17076091;Tramutola;Potenza;1;2.965;34,31;;17,40;;9,85;3,94;11,69;65,33
17076092;Trecchina;Potenza;1;2.001;8,83;;32,90;;2,97;;4,81;45,82
17076093;Trivigno;Potenza;1;602;27,29;;24,89;;0,08;25,80;;79,85
17076094;Vaglio Basilicata;Potenza;1;1.930;8,12;;36,60;;0,63;1,60;;36,00
09100001;Cantagallo;Prato;1;3.080;11,12;;12,67;;0,83;3,92;4,53;28,09
09100002;Carmignano;Prato;1;14.714;13,03;;13,35;;1,92;3,66;5,52;31,23
09100003;Montemurlo;Prato;1;18.801;15,18;;13,08;;2,70;4,14;5,22;31,53
09100004;Poggio a Caiano;Prato;1;9.851;17,15;;15,96;;3,84;4,54;2,03;33,30
09100006;Vaiano;Prato;1;9.966;10,16;;12,45;;2,98;4,00;5,16;32,38
09100007;Vernio;Prato;1;6.067;13,20;;22,70;;3,02;5,58;5,70;42,03
19088001;Acate;Ragusa;1;10.945;14,63;;13,54;;2,78;13,70;10,74;48,22
19088003;Comiso;Ragusa;1;30.202;27,75;;16,41;;7,29;3,14;0,60;40,70
19088004;Giarratana;Ragusa;1;2.827;24,11;;32,38;;10,76;8,90;;58,18
19088005;Ispica;Ragusa;1;16.190;91,65;;;;;;;40,71
19088006;Modica;Ragusa;1;53.638;11,34;;30,53;;4,02;12,56;1,80;61,16
19088007;Monterosso Almo;Ragusa;1;2.815;16,36;;39,04;;7,82;1,82;;52,98
19088008;Pozzallo;Ragusa;1;19.057;14,38;;16,12;;9,46;7,08;3,92;46,62
19088009;Ragusa;Ragusa;1;71.281;12,35;;19,51;;5,49;10,34;9,78;53,23
19088010;Santa Croce Camerina;Ragusa;1;10.789;16,28;;19,23;;7,84;10,15;1,06;46,48
08039001;Alfonsine;Ravenna;1;11.567;9,85;;17,51;;1,85;0,85;1,65;24,42
08039002;Bagnacavallo;Ravenna;1;16.502;9,36;;14,38;;1,65;0,89;1,47;22,16
08039003;Bagnara di Romagna;Ravenna;1;2.418;9,62;;15,31;;2,43;2,02;1,68;24,99
08039004;Brisighella;Ravenna;1;7.237;9,27;;9,03;;3,12;2,74;2,82;24,80
08039005;Casola Valsenio;Ravenna;1;2.504;7,57;;11,77;;3,69;2,34;2,20;24,74
08039006;Castel Bolognese;Ravenna;1;9.519;9,22;;12,92;;2,59;1,17;2,04;23,90
08039007;Cervia;Ravenna;1;28.521;10,83;;12,97;;5,51;2,33;2,61;29,09
08039008;Conselice;Ravenna;1;9.643;9,48;;13,28;;1,77;1,24;1,29;21,72
08039009;Cotignola;Ravenna;1;7.323;11,52;;15,54;;2,60;1,34;1,50;25,55
08039010;Faenza;Ravenna;1;58.335;8,60;;15,06;;3,41;1,02;1,77;25,29
08039011;Fusignano;Ravenna;1;8.117;7,33;;10,37;;1,79;1,67;1,38;19,40
08039012;Lugo;Ravenna;1;31.728;9,14;;15,31;;2,87;2,15;1,62;25,38
08039013;Massa Lombarda;Ravenna;1;10.378;8,55;;9,88;;1,72;1,24;1,28;18,34
08039014;Ravenna;Ravenna;1;157.422;7,14;;12,58;;3,73;1,28;2,49;25,75
08039015;Riolo Terme;Ravenna;1;5.634;11,87;;9,68;;3,63;1,19;2,51;24,54
08039016;Russi;Ravenna;1;12.076;7,22;;10,66;;1,50;2,01;1,56;19,81
08039017;Sant'Agata sul Santerno;Ravenna;1;2.905;12,03;;14,00;;2,47;1,68;1,96;25,33
08039018;Solarolo;Ravenna;1;4.480;6,64;;8,58;;1,95;2,01;1,68;19,59
18080001;Africo;Reggio di Calabria;1;2.821;;;78,62;;0,89;;;39,93
18080003;Anoia;Reggio di Calabria;1;2.078;4,96;;10,26;;;2,56;;20,09
18080008;Benestare;Reggio di Calabria;1;2.503;24,69;;91,19;;9,44;3,37;;90,16
18080010;Bivongi;Reggio di Calabria;1;1.228;11,63;;11,92;;;10,57;;44,37
18080011;Bova;Reggio di Calabria;1;397;17,52;;4,66;;;1,55;;23,49
18080012;Bovalino;Reggio di Calabria;1;8.781;5,45;;27,10;;0,74;4,89;1,85;49,36
18080016;Calanna;Reggio di Calabria;1;794;32,27;;86,60;;;52,65;;112,57
18080018;Campo Calabro;Reggio di Calabria;1;4.392;14,78;;26,61;;2,04;5,72;3,71;42,29
18080019;Candidoni;Reggio di Calabria;1;415;0,53;;1,06;;;5,36;;18,48
18080028;Cittanova;Reggio di Calabria;1;9.970;31,51;;0,10;;;13,49;0,57;29,84
18080030;Cosoleto;Reggio di Calabria;1;814;33,46;;48,07;;;;;55,85
18080031;Delianuova;Reggio di Calabria;1;3.197;6,07;;15,28;;6,00;3,83;0,07;35,41
18080033;Ferruzzano;Reggio di Calabria;1;762;1,79;;96,06;;1,65;;;28,93
18080035;Galatro;Reggio di Calabria;1;1.545;4,45;;50,20;;3,81;2,02;;41,58
18080038;Gioia Tauro;Reggio di Calabria;1;19.443;3,99;;11,78;;;;;21,93
18080039;Gioiosa Ionica;Reggio di Calabria;1;6.851;19,55;;5,92;;4,99;5,53;3,70;35,65
18080040;Grotteria;Reggio di Calabria;1;2.958;42,16;;38,05;;;;;60,25
18080046;Maropati;Reggio di Calabria;1;1.412;29,18;;31,68;;;;;30,38
18080048;Melicucca;Reggio di Calabria;1;836;25,66;;31,92;;0,78;5,26;0,25;49,70
18080049;Melicucco;Reggio di Calabria;1;4.737;24,63;;18,75;;;;;31,87
18080054;Motta San Giovanni;Reggio di Calabria;1;5.758;5,68;;35,92;;;6,99;;39,86
18080055;Oppido Mamertina;Reggio di Calabria;1;5.017;3,96;;20,62;;1,56;13,75;7,66;45,17
18080061;Polistena;Reggio di Calabria;1;9.791;15,08;;25,03;;1,65;1,83;0,28;41,12
18080063;Reggio di Calabria;Reggio di Calabria;1;173.456;7,19;;40,03;;9,82;9,45;26,22;82,90
18080067;Roccella Ionica;Reggio di Calabria;1;6.255;13,34;;9,72;;0,85;;;24,56
18080068;Roghudi;Reggio di Calabria;1;966;10,91;;65,54;;;20,04;2,08;73,53
18080097;San Ferdinando;Reggio di Calabria;1;4.662;23,65;;7,88;;4,22;1,73;;38,18
18080071;San Giorgio Morgeto;Reggio di Calabria;1;3.006;32,52;;2,15;;;1,19;;26,84
18080073;San Lorenzo;Reggio di Calabria;1;2.365;18,06;;168,33;;;;;42,07
18080077;San Roberto;Reggio di Calabria;1;1.598;34,83;;82,67;;;14,57;;69,35
18080078;Santa Cristina d'Aspromonte;Reggio di Calabria;1;799;57,18;;10,61;;;7,77;0,18;37,18
18080081;Sant'Eufemia d'Aspromonte;Reggio di Calabria;1;3.846;5,57;;47,62;;1,69;;;21,50
18080082;Sant'Ilario dello Ionio;Reggio di Calabria;1;1.368;22,16;;55,93;;;6,90;;58,81
18080084;Scido;Reggio di Calabria;1;860;29,65;;25,56;;;4,11;;34,50
18080086;Seminara;Reggio di Calabria;1;2.506;6,95;;31,57;;3,41;14,19;;39,27
18080093;Taurianova;Reggio di Calabria;1;14.993;3,46;;14,64;;2,73;11,84;1,22;37,02
08035001;Albinea;Reggio nell'Emilia;1;8.773;23,27;;6,75;;0,66;0,12;4,89;21,16
08035002;Bagnolo in Piano;Reggio nell'Emilia;1;9.637;15,50;;10,35;;0,98;-0,37;6,19;24,21
08035003;Baiso;Reggio nell'Emilia;1;3.212;3,45;;10,50;;0,95;4,93;4,91;22,87
08035004;Bibbiano;Reggio nell'Emilia;1;10.104;23,73;;7,84;;0,80;1,22;5,67;23,33
08035005;Boretto;Reggio nell'Emilia;1;5.216;5,39;;7,26;;1,36;1,54;0,85;17,23
08035006;Brescello;Reggio nell'Emilia;1;5.682;5,58;;7,10;;1,34;1,51;0,84;16,94
08035008;Cadelbosco di Sopra;Reggio nell'Emilia;1;10.698;16,16;;10,22;;0,31;-1,03;5,49;22,45
08035009;Campagnola Emilia;Reggio nell'Emilia;1;5.571;15,06;;9,60;;0,31;0,09;6,27;23,51
08035010;Campegine;Reggio nell'Emilia;1;5.310;12,14;;9,36;;0,36;1,32;6,15;25,37
08035018;Canossa;Reggio nell'Emilia;1;3.690;3,97;;8,82;;0,76;4,09;3,73;20,62
08035011;Carpineti;Reggio nell'Emilia;1;3.908;5,55;;10,50;;0,55;7,09;4,79;26,82
08035012;Casalgrande;Reggio nell'Emilia;1;18.924;6,39;;6,27;;0,55;2,24;3,03;16,55
08035013;Casina;Reggio nell'Emilia;1;4.492;13,48;;9,68;;1,61;2,51;5,69;26,62
08035014;Castellarano;Reggio nell'Emilia;1;15.316;6,59;;9,78;;0,99;0,35;5,36;20,77
08035015;Castelnovo di Sotto;Reggio nell'Emilia;1;8.406;16,01;;8,45;;0,81;-0,34;4,82;20,87
08035016;Castelnovo ne' Monti;Reggio nell'Emilia;1;10.384;8,01;;10,91;;2,82;6,96;6,07;32,42
08035017;Cavriago;Reggio nell'Emilia;1;9.806;14,08;;5,81;;0,59;-1,71;3,77;16,08
08035020;Correggio;Reggio nell'Emilia;1;25.033;20,00;;6,14;;0,77;-0,67;4,57;18,00
08035021;Fabbrico;Reggio nell'Emilia;1;6.641;17,80;;10,75;;0,73;-2,04;7,44;24,55
08035022;Gattatico;Reggio nell'Emilia;1;5.706;16,13;;7,73;;1,77;2,38;6,17;25,55
08035023;Gualtieri;Reggio nell'Emilia;1;6.286;5,99;;8,64;;1,61;1,82;1,01;20,38
08035024;Guastalla;Reggio nell'Emilia;1;14.782;5,58;;7,77;;1,45;1,64;0,91;18,38
08035026;Luzzara;Reggio nell'Emilia;1;8.577;4,50;;7,72;;1,41;1,60;0,89;17,89
08035027;Montecchio Emilia;Reggio nell'Emilia;1;10.452;16,62;;8,13;;1,26;0,72;5,63;23,01
08035028;Novellara;Reggio nell'Emilia;1;13.333;6,30;;8,14;;1,53;1,73;0,96;19,40
08035029;Poviglio;Reggio nell'Emilia;1;7.028;5,41;;6,90;;1,30;1,47;0,82;16,47
08035030;Quattro Castella;Reggio nell'Emilia;1;13.159;26,67;;8,16;;0,47;-2,63;5,71;19,97
08035033;Reggio nell'Emilia;Reggio nell'Emilia;1;169.803;24,36;;10,97;;4,47;1,21;8,18;33,11
08035032;Reggiolo;Reggio nell'Emilia;1;9.051;4,60;;7,05;;1,31;1,48;0,82;16,54
08035034;Rio Saliceto;Reggio nell'Emilia;1;5.980;13,71;;9,31;;0,44;-0,01;6,09;23,13
08035035;Rolo;Reggio nell'Emilia;1;4.017;20,50;;6,29;;0,32;-0,92;5,30;18,44
08035036;Rubiera;Reggio nell'Emilia;1;14.844;15,90;;7,20;;0,77;0,10;4,38;18,71
08035037;San Martino in Rio;Reggio nell'Emilia;1;8.163;14,45;;8,92;;0,50;1,33;6,28;24,33
08035038;San Polo d'Enza;Reggio nell'Emilia;1;6.211;4,73;;6,21;;0,25;-0,75;3,22;14,61
08035039;Sant'Ilario d'Enza;Reggio nell'Emilia;1;11.100;18,95;;6,95;;0,88;1,27;4,65;21,14
08035040;Scandiano;Reggio nell'Emilia;1;25.765;7,47;;8,60;;1,03;2,69;4,87;23,22
08035041;Toano;Reggio nell'Emilia;1;4.183;3,88;;10,60;;1,04;5,32;3,46;23,30
08035046;Ventasso;Reggio nell'Emilia;1;4.037;3,80;;8,37;;2,14;10,68;3,01;27,89
08035042;Vetto;Reggio nell'Emilia;1;1.808;3,18;;8,52;;0,27;7,12;3,66;22,63
08035043;Vezzano sul Crostolo;Reggio nell'Emilia;1;4.345;6,36;;10,30;;0,81;1,18;5,88;23,23
08035044;Viano;Reggio nell'Emilia;1;3.321;5,72;;10,99;;0,06;1,95;6,12;22,99
08035045;Villa Minozzo;Reggio nell'Emilia;1;3.595;3,61;;9,58;;0,72;10,24;3,58;26,65
12057005;Belmonte in Sabina;Rieti;1;638;;;48,94;;16,79;4,03;;59,03
12057008;Borgo Velino;Rieti;1;928;6,70;;17,67;;5,33;5,90;4,18;38,34
12057007;Borgorose;Rieti;1;4.292;18,57;;14,65;;5,41;7,57;2,45;41,90
12057009;Cantalice;Rieti;1;2.491;12,26;;23,97;;4,98;18,02;5,17;55,46
12057012;Casperia;Rieti;1;1.194;14,95;;32,84;;6,32;11,71;8,53;61,11
12057015;Castel Sant'Angelo;Rieti;1;1.220;10,92;;23,98;;6,09;6,87;10,51;50,54
12057016;Cittaducale;Rieti;1;6.529;13,17;;20,28;;0,94;8,93;8,92;50,28
12057017;Cittareale;Rieti;1;412;14,56;;7,76;;;6,93;3,26;33,99
12057019;Colle di Tora;Rieti;1;354;9,00;;50,73;;9,32;12,70;;54,56
12057021;Collevecchio;Rieti;1;1.528;21,44;;43,71;;1,77;7,11;4,43;54,61
12057022;Colli sul Velino;Rieti;1;464;22,28;;33,28;;0,34;20,11;5,82;63,80
12057023;Concerviano;Rieti;1;279;18,92;;78,20;;3,10;9,18;1,50;56,11
12057024;Configni;Rieti;1;575;16,76;;43,09;;1,89;19,76;3,18;66,47
12057025;Contigliano;Rieti;1;3.830;13,57;;29,28;;0,64;12,60;4,13;88,69
12057026;Cottanello;Rieti;1;530;17,03;;42,39;;7,12;17,01;11,08;78,09
12057032;Labro;Rieti;1;377;;;23,71;;2,86;21,38;10,57;56,14
12057035;Magliano Sabina;Rieti;1;3.527;9,97;;24,18;;0,76;10,16;1,62;37,18
12057040;Montebuono;Rieti;1;862;12,85;;32,32;;0,40;23,45;3,63;66,21
12057051;Poggio Bustone;Rieti;1;1.899;8,99;;7,48;;;2,78;2,21;24,76
12057056;Poggio San Lorenzo;Rieti;1;510;31,18;;35,85;;;13,61;5,87;61,13
12057057;Posta;Rieti;1;584;13,20;;46,93;;19,49;3,16;;68,26
12057062;Rocca Sinibalda;Rieti;1;778;57,83;;;;13,54;5,58;;58,92
12057065;Selci;Rieti;1;1.076;18,64;;34,99;;6,45;10,15;4,08;59,50
12057071;Turania;Rieti;1;214;17,60;;;;1,54;47,87;;59,40
12057072;Vacone;Rieti;1;223;18,53;;28,68;;9,70;11,43;22,39;98,11
08099001;Bellaria-Igea Marina;Rimini;1;19.302;13,26;;16,24;;6,98;4,56;5,66;43,33
08099002;Cattolica;Rimini;1;16.802;25,81;;21,69;;8,33;4,45;1,82;47,24
08099003;Coriano;Rimini;1;10.474;27,03;;15,51;;1,10;3,02;1,92;31,45
08099004;Gemmano;Rimini;1;1.113;11,49;;10,18;;3,05;6,05;9,19;36,83
08099022;Maiolo;Rimini;1;784;13,07;;9,06;;7,55;1,65;1,88;28,60
08099005;Misano Adriatico;Rimini;1;13.629;26,84;;12,80;;5,29;3,12;1,81;33,74
08099006;Mondaino;Rimini;1;1.340;10,42;;8,79;;2,38;3,56;11,39;36,14
08099008;Montefiore Conca;Rimini;1;2.222;9,09;;10,05;;1,04;3,16;3,41;25,39
08099009;Montegridolfo;Rimini;1;988;8,79;;7,79;;1,76;7,66;4,61;31,60
08099029;Montescudo-Monte Colombo;Rimini;1;6.869;6,27;;7,40;;0,21;2,53;1,80;19,36
08099011;Morciano di Romagna;Rimini;1;7.123;25,47;;13,79;;4,48;3,97;1,32;38,30
08099028;Poggio Torriana;Rimini;1;5.181;3,75;;5,98;;0,39;2,99;3,53;20,24
08099013;Riccione;Rimini;1;34.659;14,81;;18,45;;7,84;11,58;4,51;52,11
08099014;Rimini;Rimini;1;148.688;12,64;;14,95;;6,62;4,12;5,35;39,17
08099015;Saludecio;Rimini;1;3.018;2,74;;1,29;;0,67;2,93;5,92;18,90
08099016;San Clemente;Rimini;1;5.624;12,48;;6,86;;0,39;4,73;4,23;24,81
08099017;San Giovanni in Marignano;Rimini;1;9.463;19,69;;10,29;;3,75;2,73;1,83;27,19
08099026;Sant'Agata Feltria;Rimini;1;2.056;26,16;;7,62;;1,27;2,18;0,36;25,01
08099018;Santarcangelo di Romagna;Rimini;1;22.162;10,46;;9,24;;1,97;4,18;1,76;24,91
08099020;Verucchio;Rimini;1;10.005;13,80;;9,52;;4,23;3,84;3,69;30,46
12058001;Affile;Roma;1;1.458;14,18;;30,00;;4,56;9,42;;42,90
12058002;Agosta;Roma;1;1.697;89,80;;;;10,59;0,67;0,21;50,28
12058003;Albano Laziale;Roma;1;39.349;40,42;;18,40;;2,44;9,57;2,99;49,59
12058004;Allumiere;Roma;1;3.823;9,18;;25,86;;12,30;0,74;0,47;36,21
12058005;Anguillara Sabazia;Roma;1;19.101;13,99;;16,84;;0,73;16,49;1,28;40,59
12058008;Arcinazzo Romano;Roma;1;1.274;14,14;;6,53;;8,99;5,48;;40,32
12058117;Ardea;Roma;1;48.365;7,15;;18,22;;1,43;1,33;1,37;38,14
12058009;Ariccia;Roma;1;18.182;9,85;;10,28;;1,53;26,53;3,18;45,58
12058011;Artena;Roma;1;13.670;14,14;;21,49;;5,02;8,86;;41,88
12058012;Bellegra;Roma;1;2.744;64,43;;2,39;;10,83;20,67;;76,13
12058013;Bracciano;Roma;1;18.787;4,10;;21,18;;4,76;6,03;15,46;52,50
12058014;Camerata Nuova;Roma;1;403;8,02;;40,25;;6,76;39,48;;87,08
12058015;Campagnano di Roma;Roma;1;11.186;18,68;;21,97;;6,17;6,57;2,75;42,46
12058016;Canale Monterano;Roma;1;4.268;18,01;;;;2,39;14,01;2,52;32,85
12058017;Canterano;Roma;1;355;2,38;;40,92;;11,63;11,63;;58,99
12058018;Capena;Roma;1;10.692;11,58;;17,19;;5,89;4,18;3,98;36,32
12058019;Capranica Prenestina;Roma;1;310;14,17;;500,00;;10,05;13,48;;51,58
12058025;Castel San Pietro Romano;Roma;1;827;38,83;;34,82;;2,39;14,05;3,61;71,41
12058026;Cave;Roma;1;10.673;24,66;;24,24;;1,62;4,92;3,33;44,03
12058027;Cerreto Laziale;Roma;1;1.074;8,72;;29,65;;;13,15;;56,69
12058028;Cervara di Roma;Roma;1;432;;;38,34;;15,10;17,13;;65,74
12058029;Cerveteri;Roma;1;37.482;19,39;;16,48;;9,05;3,11;4,17;43,07
12058118;Ciampino;Roma;1;38.307;29,57;;20,30;;1,56;4,44;10,18;42,58
12058030;Ciciliano;Roma;1;1.258;5,82;;48,55;;5,10;16,98;1,28;68,46
12058034;Colleferro;Roma;1;20.728;14,50;;17,86;;12,89;6,84;2,20;47,28
12058035;Colonna;Roma;1;4.203;48,65;;24,44;;2,04;6,00;3,00;52,36
12058036;Fiano Romano;Roma;1;15.556;9,81;;16,35;;4,24;6,34;1,50;35,94
12058120;Fiumicino;Roma;1;76.246;27,29;;19,37;;4,99;3,88;9,53;68,95
12058038;Formello;Roma;1;13.103;10,89;;27,84;;4,23;3,99;0,12;39,46
12058039;Frascati;Roma;1;22.286;12,32;;34,81;;4,26;19,42;;48,13
12058040;Gallicano nel Lazio;Roma;1;6.271;28,54;;24,48;;1,85;9,93;2,72;51,50
12058042;Genazzano;Roma;1;5.688;17,78;;34,25;;5,26;7,41;1,38;54,46
12058043;Genzano di Roma;Roma;1;22.915;13,85;;20,85;;6,01;5,54;2,15;44,83
12058044;Gerano - Dato aggregazione Unione dei Comuni Valle del Giovenzano;Roma;5;3.091;11,25;;51,82;;;;;46,24
12058045;Gorga;Roma;1;686;9,90;;103,60;;9,49;1,24;0,07;61,09
12058046;Grottaferrata;Roma;1;20.117;6,38;;26,22;;6,83;12,61;1,73;50,61
12058047;Guidonia Montecelio;Roma;1;86.732;19,00;;18,83;;3,04;10,05;1,93;43,30
12058048;Jenne;Roma;1;350;42,79;;5,92;;26,35;14,26;;101,95
12058049;Labico;Roma;1;6.401;16,25;;27,48;;1,49;13,04;8,27;60,97
12058050;Lanuvio;Roma;1;13.152;31,22;;11,34;;5,96;11,64;3,81;45,68
12058052;Magliano Romano;Roma;1;1.431;14,34;;23,60;;8,20;2,87;3,64;44,90
12058054;Manziana;Roma;1;7.684;17,95;;7,15;;0,67;12,91;0,11;44,53
12058056;Marcellina;Roma;1;6.972;7,41;;20,56;;4,89;2,32;2,16;40,43
12058057;Marino;Roma;1;44.905;15,97;;22,60;;5,97;5,23;1,20;53,94
12058058;Mazzano Romano;Roma;1;2.964;12,52;;24,87;;2,30;19,95;2,49;58,81
12058059;Mentana;Roma;1;23.241;41,03;;24,13;;1,78;3,53;12,42;51,94
12058060;Monte Compatri;Roma;1;11.746;6,96;;19,74;;4,81;6,57;0,55;27,83
12058061;Monteflavio;Roma;1;1.215;18,94;;20,79;;7,02;5,87;3,42;46,53
12058062;Montelanico;Roma;1;2.051;3,95;;20,36;;12,53;2,37;4,72;41,98
12058063;Montelibretti;Roma;1;5.188;15,75;;15,00;;5,48;9,69;3,16;42,92
12058066;Montorio Romano;Roma;1;1.980;12,52;;21,70;;10,31;10,22;0,51;50,34
12058067;Moricone;Roma;1;2.448;12,93;;27,17;;3,99;4,84;1,06;43,77
12058068;Morlupo;Roma;1;8.280;13,18;;23,93;;7,13;3,34;3,49;41,70
12058070;Nemi;Roma;1;1.854;5,46;;39,18;;5,82;3,99;;33,25
12058071;Nerola;Roma;1;1.911;11,59;;24,21;;3,97;11,04;0,57;45,07
12058072;Nettuno;Roma;1;47.576;19,08;;26,86;;4,14;6,11;;44,48
12058073;Olevano Romano;Roma;1;6.495;17,02;;40,43;;4,96;1,77;7,27;46,51
12058074;Palestrina;Roma;1;22.038;25,27;;23,00;;1,89;6,53;2,31;48,89
12058075;Palombara Sabina;Roma;1;12.678;4,20;;21,19;;4,16;15,58;1,89;47,84
12058079;Pomezia;Roma;1;61.298;12,38;;15,40;;8,32;2,25;1,63;36,12
12058086;Rocca di Papa;Roma;1;17.138;13,88;;23,43;;3,38;5,28;2,09;40,20
12058088;Rocca Priora;Roma;1;11.858;29,58;;27,90;;5,18;2,34;0,41;44,50
12058089;Rocca Santo Stefano;Roma;1;942;57,14;;9,78;;8,31;6,28;;43,06
12058091;Roma;Roma;1;2.783.809;12,31;;24,79;;7,97;5,97;3,26;46,81
12058092;Roviano - Dato aggregazione Unione dei Comuni del Medaniene;Roma;6;4.957;7,46;;31,51;;0,22;2,25;0,42;37,96
12058093;Sacrofano;Roma;1;7.422;16,62;;23,54;;8,61;9,94;0,52;49,88
12058119;San Cesareo;Roma;1;16.033;22,76;;23,07;;1,52;5,21;2,24;41,51
12058095;San Gregorio da Sassola;Roma;1;1.454;128,62;;0,67;;0,80;5,61;;45,64
12058096;San Polo dei Cavalieri;Roma;1;2.791;9,51;;21,25;;;15,45;;42,32
12058097;Santa Marinella;Roma;1;18.130;3,34;;11,82;;3,81;15,69;2,95;41,64
12058099;Sant'Oreste;Roma;1;3.563;10,76;;16,44;;4,66;6,55;2,94;37,12
12058102;Segni;Roma;1;9.158;14,24;;92,91;;5,64;6,17;0,24;47,34
12058104;Tivoli;Roma;1;54.046;19,53;;22,74;;5,82;6,77;2,64;45,74
12058105;Tolfa;Roma;1;4.944;48,20;;14,56;;5,37;1,94;0,01;39,66
12058107;Trevignano Romano;Roma;1;5.656;13,98;;21,19;;0,56;4,14;8,34;41,97
12058110;Valmontone;Roma;1;15.218;30,73;;23,81;;1,72;11,40;2,53;50,16
12058111;Velletri;Roma;1;52.943;26,69;;16,43;;1,66;5,23;5,90;40,10
12058112;Vicovaro - Dato aggregazione UNIONE DEI COMUNI DELLA VALLE USTICA;Roma;5;5.940;16,64;;35,34;;0,16;6,59;0,65;48,23
12058114;Zagarolo;Roma;1;18.060;28,29;;24,26;;1,70;20,00;2,50;60,88
05029041;Rovigo - Dato aggregazione Consiglio di Bacino Rovigo;Rovigo;50;229.652;8,32;;11,34;;1,47;7,03;5,58;31,19
15065002;Agropoli;Salerno;1;21.590;7,84;;20,40;;7,67;7,90;;47,12
15065003;Albanella;Salerno;1;6.310;93,58;;1,47;;1,11;24,65;0,76;47,62
15065004;Alfano;Salerno;1;939;29,98;;3,31;;25,23;1,39;;47,50
15065006;Amalfi;Salerno;1;4.876;25,39;;29,25;;50,89;1,51;1,12;94,13
15065007;Angri;Salerno;1;33.885;14,90;;15,85;;2,96;3,13;0,76;35,17
15065008;Aquara;Salerno;1;1.389;20,19;;20,14;;0,84;3,45;;32,51
15065011;Atrani;Salerno;1;801;89,03;;27,12;;14,80;4,91;;84,40
15065012;Auletta;Salerno;1;2.206;14,29;;9,37;;;13,59;;34,93
15065013;Baronissi;Salerno;1;16.953;22,86;;17,10;;;5,85;6,91;43,79
15065158;Bellizzi;Salerno;1;13.418;12,21;;15,03;;7,44;0,75;0,18;34,24
15065016;Bracigliano;Salerno;1;5.386;32,52;;22,50;;6,36;4,20;5,35;45,46
15065017;Buccino;Salerno;1;4.725;26,75;;39,37;;;5,32;;41,45
15065018;Buonabitacolo;Salerno;1;2.449;4,61;;7,51;;8,16;13,68;0,37;41,54
15065019;Caggiano;Salerno;1;2.608;11,83;;4,72;;4,46;16,70;;36,00
15065021;Camerota;Salerno;1;7.077;25,90;;13,59;;7,05;4,01;;40,37
15065022;Campagna;Salerno;1;16.837;80,50;;22,55;;6,86;4,01;1,97;68,14
15065025;Capaccio;Salerno;1;23.142;9,88;;20,08;;3,95;0,85;;35,97
15065028;Casal Velino;Salerno;1;5.425;16,46;;20,16;;1,71;12,37;;39,70
15065029;Caselle in Pittari;Salerno;1;1.891;19,31;;21,63;;4,07;3,86;1,95;44,10
15065034;Castel San Giorgio;Salerno;1;13.456;34,55;;22,38;;2,15;4,10;12,78;56,89
15065035;Castel San Lorenzo;Salerno;1;2.295;204,18;;5,47;;4,22;0,44;3,96;48,91
15065030;Castelcivita;Salerno;1;1.517;31,47;;17,41;;14,08;1,91;0,57;56,20
15065031;Castellabate;Salerno;1;8.878;18,09;;22,61;;12,82;24,40;;71,69
15065033;Castelnuovo di Conza;Salerno;1;494;77,23;;19,79;;;9,51;;56,20
15065036;Castiglione del Genovesi;Salerno;1;1.306;13,13;;30,33;;8,64;7,92;8,75;68,07
15065037;Cava de' Tirreni;Salerno;1;50.774;16,78;;21,03;;10,25;2,78;3,81;65,98
15065038;Celle di Bulgheria;Salerno;1;1.806;8,18;;12,40;;6,48;13,46;3,02;44,54
15065039;Centola;Salerno;1;5.063;20,78;;20,72;;7,92;10,60;2,96;56,56
15065040;Ceraso;Salerno;1;2.260;63,36;;20,35;;0,83;13,74;5,80;68,83
15065041;Cetara;Salerno;1;2.033;55,99;;5,37;;16,19;2,96;;49,27
15065042;Cicerale;Salerno;1;1.183;32,47;;74,03;;11,59;8,89;8,90;130,51
15065043;Colliano;Salerno;1;3.471;22,92;;3,94;;5,00;6,93;17,68;56,28
15065045;Controne;Salerno;1;795;28,94;;25,83;;7,51;11,47;2,25;58,41
15065046;Contursi Terme;Salerno;1;3.243;25,75;;5,49;;16,57;;4,61;45,33
15065047;Corbara;Salerno;1;2.519;16,08;;27,82;;3,93;3,37;2,79;38,85
15065048;Corleto Monforte;Salerno;1;524;31,29;;24,58;;4,64;4,31;0,95;46,51
15065049;Cuccaro Vetere;Salerno;1;557;8,64;;23,91;;3,24;31,46;;53,05
15065050;Eboli;Salerno;1;38.492;18,92;;20,99;;7,42;2,07;0,56;41,18
15065052;Fisciano;Salerno;1;13.788;39,14;;37,98;;7,01;7,39;27,62;91,48
15065054;Futani;Salerno;1;1.108;37,27;;1,67;;2,93;14,94;;41,91
15065055;Giffoni Sei Casali;Salerno;1;4.966;11,43;;23,69;;6,54;3,66;2,21;41,76
15065057;Gioi;Salerno;1;1.170;6,63;;13,95;;4,54;18,79;;43,44
15065059;Ispani;Salerno;1;1.014;61,79;;5,88;;1,83;5,57;0,39;64,28
15065060;Laureana Cilento;Salerno;1;1.201;30,31;;26,73;;5,34;8,48;8,69;66,54
15065061;Laurino;Salerno;1;1.366;37,62;;34,53;;;;;59,74
15065062;Laurito;Salerno;1;729;376,91;;13,63;;6,78;7,12;;59,33
15065063;Laviano;Salerno;1;1.381;18,95;;5,53;;13,77;1,42;;48,47
15065064;Lustra;Salerno;1;1.012;;;63,25;;;18,20;;56,26
15065067;Mercato San Severino;Salerno;1;21.930;21,30;;;;6,67;5,04;13,35;54,97
15065068;Minori;Salerno;1;2.649;65,75;;22,89;;13,66;7,84;;76,76
15065069;Moio della Civitella;Salerno;1;1.856;;;4,80;;;15,76;;35,99
15065070;Montano Antilia;Salerno;1;1.856;75,52;;28,49;;8,16;7,27;;65,55
15065075;Monte San Giacomo;Salerno;1;1.486;36,72;;29,49;;4,83;3,70;18,51;64,41
15065072;Montecorvino Pugliano;Salerno;1;11.138;49,07;;1,40;;2,85;17,19;;50,47
15065074;Monteforte Cilento;Salerno;1;525;60,95;;31,75;;3,85;8,56;;60,61
15065078;Nocera Inferiore;Salerno;1;44.667;29,03;;25,98;;6,68;2,15;1,89;51,27
15065079;Nocera Superiore;Salerno;1;23.983;0,29;;2,63;;4,18;2,28;12,30;31,63
15065082;Olevano sul Tusciano;Salerno;1;6.574;32,13;;26,15;;3,02;1,02;;40,17
15065084;Omignano;Salerno;1;1.667;3,52;;4,64;;2,26;14,81;0,18;35,67
15065085;Orria;Salerno;1;987;8,45;;40,35;;4,87;9,24;;47,52
15065086;Ottati;Salerno;1;634;34,75;;12,69;;9,68;42,18;;84,35
15065087;Padula;Salerno;1;5.014;22,87;;24,68;;;9,76;;46,90
15065088;Pagani;Salerno;1;34.777;14,70;;30,50;;1,67;5,15;0,53;44,26
15065089;Palomonte;Salerno;1;3.835;44,88;;5,99;;;;;38,83
15065090;Pellezzano;Salerno;1;10.863;13,27;;24,21;;8,85;2,41;0,20;47,30
15065091;Perdifumo;Salerno;1;1.765;144,37;;9,73;;5,15;2,40;4,69;57,78
15065097;Polla;Salerno;1;5.217;;;;;3,81;25,47;;63,01
15065099;Pontecagnano Faiano;Salerno;1;25.939;6,91;;18,97;;11,85;1,71;9,26;55,78
15065100;Positano;Salerno;1;3.809;22,20;;49,20;;12,03;10,50;;77,37
15065102;Praiano;Salerno;1;2.008;30,51;;59,83;;14,85;8,05;0,35;88,31
15065103;Prignano Cilento;Salerno;1;1.065;;;29,65;;;42,67;;87,75
15065105;Ricigliano;Salerno;1;1.092;20,17;;21,80;;5,33;6,03;4,97;46,42
15065106;Roccadaspide;Salerno;1;7.012;6,24;;2,00;;24,48;3,39;2,34;48,14
15065107;Roccagloriosa;Salerno;1;1.585;30,57;;4,95;;22,91;5,23;0,31;52,22
15065109;Rofrano;Salerno;1;1.415;59,98;;41,44;;11,24;;;73,15
15065110;Romagnano al Monte;Salerno;1;378;22,51;;17,71;;3,69;4,48;;27,46
15065111;Roscigno;Salerno;1;652;;;40,91;;;16,47;;58,32
15065112;Rutino;Salerno;1;771;18,29;;30,95;;5,17;17,40;1,66;59,51
15065114;Sala Consilina;Salerno;1;11.869;6,53;;20,05;;8,99;2,10;0,21;43,71
15065116;Salerno;Salerno;1;130.240;31,09;;32,44;;11,74;3,41;14,70;76,33
15065117;Salvitelle;Salerno;1;499;37,15;;44,30;;;3,97;24,47;119,11
15065118;San Cipriano Picentino;Salerno;1;6.562;9,21;;21,09;;3,23;3,82;1,74;43,09
15065119;San Giovanni a Piro;Salerno;1;3.709;21,52;;13,86;;12,62;3,00;;47,53
15065121;San Mango Piemonte;Salerno;1;2.689;6,72;;14,90;;8,77;3,10;;42,37
15065122;San Marzano sul Sarno;Salerno;1;10.467;33,50;;12,15;;3,78;1,34;;39,96
15065123;San Mauro Cilento;Salerno;1;868;113,56;;24,26;;3,57;;0,23;67,41
15065124;San Mauro la Bruca;Salerno;1;545;92,04;;;;4,43;18,20;0,51;62,56
15065125;San Pietro al Tanagro;Salerno;1;1.672;18,43;;19,26;;2,74;8,37;;30,04
15065126;San Rufo;Salerno;1;1.655;14,23;;32,52;;3,38;14,93;;60,25
15065132;San Valentino Torio;Salerno;1;11.014;13,80;;16,10;;2,49;6,18;0,84;39,88
15065127;Santa Marina;Salerno;1;3.193;12,26;;3,11;;7,66;10,52;;31,38
15065128;Sant'Angelo a Fasanella;Salerno;1;539;22,57;;33,62;;;2,01;10,79;65,05
15065129;Sant'Arsenio;Salerno;1;2.716;7,73;;10,91;;1,64;9,39;1,34;31,76
15065130;Sant'Egidio del Monte Albino;Salerno;1;8.867;29,81;;17,47;;1,94;3,80;6,63;51,31
15065133;Sanza;Salerno;1;2.414;4,54;;25,26;;1,35;6,86;0,25;32,64
15065135;Sarno;Salerno;1;30.748;21,32;;16,56;;9,66;;;37,57
15065136;Sassano;Salerno;1;4.745;21,79;;20,84;;7,05;20,24;0,37;54,68
15065137;Scafati;Salerno;1;48.762;26,17;;11,42;;3,15;13,96;0,22;51,87
15065138;Scala;Salerno;1;1.524;42,87;;5,14;;14,64;13,33;19,66;74,80
15065139;Serramezzana;Salerno;1;286;52,60;;11,66;;61,58;;12,77;118,42
15065141;Sessa Cilento;Salerno;1;1.227;22,97;;1,73;;;4,60;1,68;52,00
15065142;Siano;Salerno;1;9.554;10,68;;15,90;;4,61;2,51;13,71;49,22
15065143;Sicignano degli Alburni;Salerno;1;3.229;49,98;;20,00;;12,52;1,18;0,48;54,40
15065144;Stella Cilento;Salerno;1;685;42,88;;17,72;;3,48;17,47;;57,49
15065146;Teggiano;Salerno;1;7.432;34,98;;;;3,64;6,65;6,28;39,01
15065148;Torraca;Salerno;1;1.211;60,77;;;;8,52;1,14;;63,64
15065149;Torre Orsaia;Salerno;1;2.044;10,76;;8,89;;11,58;0,39;;33,68
15065150;Tortorella;Salerno;1;482;84,89;;10,62;;5,55;1,40;0,18;31,90
15065151;Tramonti;Salerno;1;4.107;24,47;;21,81;;2,37;3,88;;38,21
15065152;Trentinara;Salerno;1;1.570;;;10,58;;43,99;;;86,91
15065154;Vallo della Lucania;Salerno;1;8.172;19,66;;28,74;;7,84;;;34,44
15065155;Valva;Salerno;1;1.592;21,91;;18,66;;1,70;0,38;;35,64
15065156;Vibonati;Salerno;1;3.260;30,23;;18,13;;3,78;8,10;;52,36
15065157;Vietri sul Mare;Salerno;1;7.408;9,85;;36,73;;8,68;2,79;13,15;57,30
20090062;Aglientu;Sassari [fino 2024];1;1.195;25,65;;44,76;;6,03;6,27;1,17;67,66
20090003;Alghero;Sassari [fino 2024];1;42.295;11,48;;26,23;;7,57;5,03;1,45;43,13
20090006;Arzachena;Sassari [fino 2024];1;13.452;17,11;;25,19;;6,59;2,61;14,27;58,29
20090009;Berchidda;Sassari [fino 2024];1;2.648;11,70;;18,78;;2,56;4,19;0,28;32,87
20090012;Bono - Dato aggregazione COMUNITA' MONTANA DEL GOCEANO;Sassari [fino 2024];10;10.825;43,35;;36,49;;0,87;4,60;2,53;51,26
20090019;Bulzi;Sassari [fino 2024];1;467;17,18;;30,07;;;5,33;2,03;41,38
20090023;Castelsardo;Sassari [fino 2024];1;5.796;36,12;;17,47;;5,32;2,43;5,44;40,04
20090025;Chiaramonti;Sassari [fino 2024];1;1.553;58,75;;20,99;;;;;30,93
20090026;Codrongianos;Sassari [fino 2024];1;1.298;40,67;;18,42;;;6,36;0,38;41,13
20090088;Erula;Sassari [fino 2024];1;705;12,06;;22,79;;;4,71;1,80;32,30
20090029;Florinas;Sassari [fino 2024];1;1.493;35,58;;15,76;;;0,65;0,33;23,10
20090035;La Maddalena;Sassari [fino 2024];1;10.825;16,80;;26,86;;5,92;3,13;6,32;39,28
20090034;Laerru;Sassari [fino 2024];1;872;83,87;;;;;1,81;;44,22
20090084;Loiri Porto San Paolo;Sassari [fino 2024];1;3.616;39,12;;31,85;;3,39;3,59;0,91;52,82
20090038;Mara;Sassari [fino 2024];1;532;5,08;;34,66;;;7,29;6,84;46,86
20090039;Martis;Sassari [fino 2024];1;477;12,05;;22,99;;2,58;4,74;1,81;35,09
20090041;Monti;Sassari [fino 2024];1;2.373;12,28;;22,22;;1,75;1,29;6,09;32,73
20090047;Olbia;Sassari [fino 2024];1;60.491;11,97;;21,41;;8,20;5,90;4,83;47,24
20090049;Oschiri;Sassari [fino 2024];1;3.119;12,64;;29,18;;4,62;2,53;1,56;40,10
20090051;Ossi - Dato aggregazione UNIONE DEI COMUNI DEL COROS;Sassari [fino 2024];9;29.761;21,45;;26,41;;0,82;4,79;2,06;40,18
20090052;Ozieri - Dato aggregazione UNIONE DEI COMUNI DEL LOGUDORO;Sassari [fino 2024];7;18.534;10,18;;17,70;;4,19;4,70;0,67;31,37
20090090;Padru;Sassari [fino 2024];1;2.068;24,37;;25,99;;2,82;2,49;0,93;31,57
20090054;Palau;Sassari [fino 2024];1;4.103;13,43;;29,99;;7,21;6,28;2,93;53,10
20090058;Porto Torres;Sassari [fino 2024];1;21.443;12,71;;22,51;;10,13;6,21;5,45;42,10
20090061;Romana;Sassari [fino 2024];1;505;29,13;;8,03;;;19,03;3,17;49,66
20090092;San Teodoro;Sassari [fino 2024];1;5.034;9,10;;14,22;;3,73;16,34;3,11;46,71
20090085;Sant'Antonio di Gallura;Sassari [fino 2024];1;1.454;66,40;;24,03;;5,55;2,28;5,94;51,78
20090064;Sassari;Sassari [fino 2024];1;124.111;10,02;;18,94;;10,50;6,33;;39,50
20090067;Sennori;Sassari [fino 2024];1;7.043;11,03;;24,15;;5,94;4,08;6,54;44,52
20090069;Sorso;Sassari [fino 2024];1;14.421;12,11;;23,99;;3,35;4,76;2,79;42,19
20090089;Stintino;Sassari [fino 2024];1;1.565;23,21;;31,83;;22,64;10,11;11,90;99,05
20090080;Telti;Sassari [fino 2024];1;2.249;25,79;;16,25;;1,82;12,69;4,46;39,06
20090070;Tempio Pausania - Dato aggregazione UNIONE DEI COMUNI ALTA GALLURA;Sassari [fino 2024];8;30.836;10,55;;19,85;;6,53;3,34;3,45;37,42
20090079;Valledoria - Dato aggregazione ASSOCIAZIONE DEI COMUNI VALLEDORIA VIDDALBA SEDINI;Sassari [fino 2024];3;7.251;35,17;;20,85;;2,37;1,75;1,63;35,62
07009001;Alassio;Savona;1;10.322;18,00;;38,48;;8,36;3,28;3,34;53,03
07009002;Albenga;Savona;1;23.304;25,21;;16,01;;5,26;5,02;1,47;38,22
07009004;Albisola Superiore;Savona;1;9.622;11,37;;18,61;;9,97;9,23;2,01;47,11
07009003;Albissola Marina;Savona;1;5.251;16,33;;24,75;;12,74;9,12;6,74;56,46
07009005;Altare;Savona;1;1.968;25,06;;24,43;;;16,74;3,16;49,86
07009006;Andora;Savona;1;7.289;11,55;;16,46;;2,41;2,24;2,20;31,38
07009007;Arnasco;Savona;1;582;19,20;;17,05;;5,58;17,15;2,63;45,98
07009008;Balestrino;Savona;1;534;38,02;;44,17;;1,27;5,97;2,59;58,80
07009009;Bardineto;Savona;1;748;7,39;;25,96;;4,80;2,84;1,71;38,09
07009010;Bergeggi;Savona;1;1.077;25,97;;32,69;;9,13;12,65;6,14;65,27
07009011;Boissano;Savona;1;2.500;17,91;;19,81;;7,29;8,38;1,80;42,84
07009012;Borghetto Santo Spirito;Savona;1;4.536;13,36;;24,96;;5,02;13,47;8,07;54,80
07009013;Borgio Verezzi;Savona;1;2.066;14,04;;25,75;;5,48;17,24;2,99;52,75
07009014;Bormida;Savona;1;355;23,79;;12,08;;;3,63;3,66;24,95
07009015;Cairo Montenotte;Savona;1;12.664;18,86;;23,45;;;8,96;4,33;40,92
07009016;Calice Ligure;Savona;1;1.705;19,58;;20,53;;2,33;9,11;2,01;42,08
07009017;Calizzano;Savona;1;1.430;11,21;;15,81;;3,71;8,65;;34,57
07009018;Carcare;Savona;1;5.367;9,38;;15,32;;5,75;2,99;0,47;30,95
07009019;Casanova Lerrone;Savona;1;705;16,09;;18,69;;1,33;5,35;3,46;42,06
07009021;Castelvecchio di Rocca Barbena;Savona;1;132;25,64;;25,03;;6,56;20,94;3,68;58,62
07009022;Celle Ligure;Savona;1;5.025;20,19;;22,06;;13,23;12,55;9,25;64,13
07009023;Cengio;Savona;1;3.290;10,01;;15,58;;1,83;7,69;2,74;33,97
07009024;Ceriale;Savona;1;5.392;11,45;;24,18;;7,48;5,70;10,03;51,03
07009025;Cisano sul Neva;Savona;1;2.084;14,20;;16,37;;4,80;7,37;2,30;34,95
07009026;Cosseria;Savona;1;1.048;19,38;;19,77;;;25,17;3,81;56,52
07009027;Dego;Savona;1;1.906;26,08;;24,21;;;6,95;5,08;43,98
07009028;Erli;Savona;1;217;17,11;;12,84;;3,44;16,57;2,01;38,03
07009029;Finale Ligure;Savona;1;11.252;12,56;;17,22;;9,60;5,80;4,20;43,82
07009030;Garlenda;Savona;1;1.288;25,79;;24,49;;2,39;3,11;3,03;36,59
07009032;Giusvalla;Savona;1;408;23,51;;13,14;;;2,18;1,53;22,83
07009033;Laigueglia;Savona;1;1.716;29,25;;23,79;;21,69;21,27;3,99;79,63
07009034;Loano;Savona;1;10.717;9,53;;20,67;;7,82;6,05;2,38;42,07
07009035;Magliolo;Savona;1;937;32,69;;40,45;;;15,49;3,43;79,21
07009037;Massimino;Savona;1;104;77,90;;84,51;;;43,31;;129,32
07009038;Millesimo;Savona;1;3.224;6,75;;10,79;;6,53;6,72;0,76;40,03
07009039;Mioglia;Savona;1;498;17,71;;10,90;;;5,49;3,63;30,58
07009040;Murialdo;Savona;1;767;7,96;;44,23;;;;;38,37
07009041;Nasino;Savona;1;170;16,63;;14,57;;6,34;12,48;2,21;40,32
07009042;Noli;Savona;1;2.459;29,98;;32,64;;8,74;10,98;7,78;66,64
07009043;Onzo;Savona;1;215;135,15;;4,49;;5,83;10,30;3,21;54,87
07009044;Orco Feglino;Savona;1;919;25,20;;24,88;;;7,73;1,93;40,59
07009045;Ortovero;Savona;1;1.586;14,88;;16,15;;1,88;8,81;;33,97
07009046;Osiglia;Savona;1;435;119,87;;12,47;;;17,68;3,12;76,47
07009047;Pallare;Savona;1;923;28,52;;14,95;;;4,36;2,87;29,25
07009048;Piana Crixia;Savona;1;782;18,29;;22,50;;;10,73;2,65;41,73
07009049;Pietra Ligure;Savona;1;8.332;11,51;;17,75;;6,22;4,80;4,08;38,13
07009050;Plodio;Savona;1;626;20,56;;16,36;;;6,34;0,37;27,43
07009051;Pontinvrea;Savona;1;833;34,64;;0,11;;8,96;8,72;;38,22
07009053;Rialto;Savona;1;556;153,55;;2,20;;;2,98;2,08;81,37
07009054;Roccavignale;Savona;1;765;8,60;;22,80;;6,68;6,60;2,06;41,47
07009055;Sassello;Savona;1;1.771;11,54;;13,46;;3,35;11,66;1,74;32,59
07009056;Savona;Savona;1;58.566;6,90;;24,15;;3,62;13,24;2,50;41,49
07009057;Spotorno;Savona;1;3.551;13,62;;18,39;;11,63;9,50;11,37;59,01
07009058;Stella;Savona;1;2.957;11,52;;19,64;;4,05;11,18;2,30;41,63
07009059;Stellanello;Savona;1;820;15,12;;14,71;;1,60;3,11;6,98;38,38
07009060;Testico;Savona;1;173;7,74;;14,01;;3,95;5,04;;28,51
07009061;Toirano;Savona;1;2.660;82,07;;3,57;;0,79;4,77;1,67;43,75
07009062;Tovo San Giacomo;Savona;1;2.542;28,56;;32,38;;;10,84;3,31;58,17
07009063;Urbe;Savona;1;671;17,92;;25,85;;6,02;12,38;3,04;47,54
07009064;Vado Ligure;Savona;1;8.104;13,88;;26,46;;6,25;5,65;5,13;43,66
07009065;Varazze;Savona;1;12.738;16,23;;18,11;;9,49;8,21;8,53;54,47
07009066;Vendone;Savona;1;365;148,13;;3,57;;2,05;19,78;2,69;59,22
07009067;Vezzi Portio;Savona;1;795;3,87;;16,14;;;4,77;;21,11
07009068;Villanova d'Albenga;Savona;1;2.773;41,85;;13,75;;5,38;5,18;4,84;35,55
09052001;Abbadia San Salvatore;Siena;1;6.157;6,92;;16,91;;5,08;5,72;2,56;39,37
09052002;Asciano;Siena;1;6.837;10,84;;12,50;;;;;24,30
09052003;Buonconvento;Siena;1;3.093;6,36;;10,29;;3,88;5,01;2,71;30,97
09052006;Castelnuovo Berardenga;Siena;1;8.791;14,54;;13,25;;3,55;8,37;3,58;44,01
09052007;Castiglione d'Orcia;Siena;1;2.158;11,11;;11,29;;8,94;8,57;2,86;49,33
09052008;Cetona;Siena;1;2.533;13,89;;10,28;;2,63;9,10;1,58;41,06
09052009;Chianciano Terme;Siena;1;6.843;14,67;;16,10;;4,34;6,64;4,18;44,44
09052010;Chiusdino;Siena;1;1.802;12,01;;23,35;;5,81;5,57;1,48;45,05
09052011;Chiusi;Siena;1;8.148;12,54;;15,88;;4,96;6,45;3,62;42,26
09052013;Gaiole in Chianti;Siena;1;2.615;9,08;;13,67;;4,53;4,56;3,07;34,28
09052037;Montalcino;Siena;1;5.704;9,94;;11,75;;7,02;4,93;3,34;39,44
09052015;Montepulciano;Siena;1;13.565;10,51;;16,16;;8,40;5,60;4,16;46,76
09052016;Monteriggioni;Siena;1;9.978;5,61;;8,66;;1,75;3,99;2,20;27,16
09052017;Monteroni d'Arbia;Siena;1;8.988;17,63;;10,93;;3,81;8,11;4,38;41,90
09052018;Monticiano;Siena;1;1.516;26,07;;18,81;;0,34;7,35;6,56;49,62
09052019;Murlo;Siena;1;2.422;14,37;;15,00;;3,65;5,32;2,57;42,96
09052020;Piancastagnaio;Siena;1;4.037;9,56;;11,14;;4,26;4,90;0,59;34,97
09052021;Pienza;Siena;1;2.029;20,22;;27,43;;9,59;11,24;2,50;66,78
09052022;Poggibonsi;Siena;1;28.681;7,36;;13,46;;4,80;3,33;0,64;33,51
09052023;Radda in Chianti;Siena;1;1.489;6,96;;12,70;;0,48;8,55;2,01;36,16
09052025;Radicondoli;Siena;1;916;11,89;;25,85;;7,29;17,38;3,80;62,58
09052026;Rapolano Terme;Siena;1;5.180;11,43;;13,00;;3,34;7,44;2,62;38,69
09052027;San Casciano dei Bagni;Siena;1;1.571;10,36;;23,89;;6,82;12,96;2,68;54,45
09052028;San Gimignano;Siena;1;7.494;8,47;;21,71;;4,14;4,15;3,79;40,13
09052030;San Quirico d'Orcia;Siena;1;2.644;6,46;;10,13;;4,81;5,08;3,23;33,64
09052031;Sarteano;Siena;1;4.533;15,00;;13,86;;5,64;8,81;5,02;49,57
09052032;Siena;Siena;1;54.195;11,40;;16,18;;8,92;5,07;3,29;45,75
09052034;Sovicille;Siena;1;9.811;17,00;;14,73;;1,90;5,70;1,07;36,03
09052035;Torrita di Siena;Siena;1;7.062;19,18;;11,30;;4,78;5,03;4,60;38,50
09052036;Trequanda;Siena;1;1.201;17,34;;23,14;;13,75;12,05;1,25;66,96
19089001;Augusta;Siracusa;1;34.490;7,40;;29,91;;5,97;10,59;2,38;45,33
19089003;Buccheri;Siracusa;1;1.831;12,62;;5,09;;;22,53;1,46;36,30
19089004;Buscemi;Siracusa;1;975;60,54;;9,54;;2,87;1,63;3,92;40,66
19089005;Canicattini Bagni;Siracusa;1;6.643;9,50;;;;5,62;2,24;;28,47
19089009;Floridia;Siracusa;1;21.138;4,52;;17,62;;;;;32,69
19089011;Lentini;Siracusa;1;21.919;36,65;;1,16;;15,67;2,17;;53,62
19089012;Melilli;Siracusa;1;13.345;67,26;;6,42;;7,42;14,71;0,96;84,00
19089013;Noto;Siracusa;1;23.742;8,41;;27,40;;12,30;14,69;0,99;57,02
19089015;Palazzolo Acreide;Siracusa;1;8.323;6,14;;16,51;;3,34;15,60;1,88;44,53
19089021;Priolo Gargallo;Siracusa;1;11.508;30,16;;9,74;;12,55;15,54;;59,94
19089018;Solarino;Siracusa;1;7.617;10,98;;27,47;;8,96;8,40;2,04;50,91
19089019;Sortino;Siracusa;1;8.324;15,21;;21,97;;5,72;2,81;;38,18
03014001;Albaredo per San Marco;Sondrio;1;286;23,21;;18,50;;4,33;6,89;;41,79
03014002;Albosaggia;Sondrio;1;3.037;9,99;;11,36;;0,01;3,49;2,64;29,83
03014003;Andalo Valtellino;Sondrio;1;583;9,80;;10,21;;0,03;0,76;1,90;25,56
03014004;Aprica;Sondrio;1;1.482;16,65;;21,43;;0,57;2,67;2,05;38,36
03014005;Ardenno;Sondrio;1;3.224;9,66;;10,94;;0,01;2,30;2,14;28,27
03014006;Bema;Sondrio;1;117;32,89;;8,91;;7,99;11,27;2,07;54,76
03014007;Berbenno di Valtellina;Sondrio;1;4.047;8,69;;9,90;;0,08;2,50;1,97;30,82
03014008;Bianzone;Sondrio;1;1.278;12,17;;13,38;;;3,06;1,87;29,95
03014009;Bormio;Sondrio;1;4.091;19,09;;20,36;;5,30;2,56;;58,08
03014010;Buglio in Monte;Sondrio;1;1.977;9,85;;7,62;;;4,30;0,39;26,76
03014012;Campodolcino;Sondrio;1;917;21,76;;10,95;;1,34;8,47;4,89;44,87
03014014;Castello dell'Acqua;Sondrio;1;599;10,66;;18,78;;1,39;8,89;;38,02
03014015;Castione Andevenno;Sondrio;1;1.555;10,73;;11,98;;1,08;4,62;3,15;32,65
03014016;Cedrasco;Sondrio;1;432;13,51;;2,15;;0,80;3,59;;21,39
03014018;Chiavenna;Sondrio;1;7.207;14,45;;6,49;;3,73;1,96;2,30;31,19
03014019;Chiesa in Valmalenco - Dato aggregazione Unione dei Comuni Lombarda della Valmalenco;Sondrio;3;5.024;28,38;;11,49;;2,59;3,10;1,83;33,58
03014020;Chiuro;Sondrio;1;2.450;12,14;;10,43;;1,08;2,08;3,67;29,22
03014021;Cino;Sondrio;1;336;23,15;;9,21;;;3,58;0,48;30,97
03014022;Civo;Sondrio;1;1.127;27,16;;38,10;;0,97;13,51;1,89;62,14
03014023;Colorina;Sondrio;1;1.353;12,19;;20,23;;0,23;1,67;1,79;31,82
03014024;Cosio Valtellino;Sondrio;1;5.420;7,07;;7,43;;0,94;4,40;4,81;30,72
03014025;Dazio;Sondrio;1;471;22,43;;27,45;;2,23;2,31;;42,25
03014026;Delebio;Sondrio;1;3.296;10,56;;11,18;;0,01;3,06;1,82;27,87
03014027;Dubino;Sondrio;1;3.685;12,37;;1,75;;0,12;0,37;;18,64
03014028;Faedo Valtellino;Sondrio;1;532;23,36;;15,91;;;4,27;;32,99
03014029;Forcola;Sondrio;1;768;22,56;;22,45;;0,28;3,83;2,15;42,55
03014030;Fusine;Sondrio;1;549;5,96;;13,90;;;1,15;;21,16
03014031;Gerola Alta;Sondrio;1;158;30,01;;15,22;;0,83;4,91;;40,39
03014032;Gordona;Sondrio;1;1.945;2,54;;12,61;;3,92;4,67;3,67;59,99
03014033;Grosio;Sondrio;1;4.427;10,85;;8,28;;0,65;0,90;1,92;23,51
03014034;Grosotto;Sondrio;1;1.644;8,43;;12,62;;0,03;2,08;3,26;30,68
03014037;Livigno;Sondrio;1;6.791;28,36;;14,87;;0,18;1,34;7,35;53,68
03014038;Lovero;Sondrio;1;630;15,11;;2,86;;2,76;1,04;4,67;28,20
03014035;Madesimo;Sondrio;1;536;25,13;;21,75;;3,49;5,28;3,99;48,10
03014039;Mantello;Sondrio;1;743;13,97;;7,40;;0,33;0,59;1,84;25,44
03014040;Mazzo di Valtellina;Sondrio;1;1.022;12,36;;12,51;;2,33;3,74;;30,67
03014041;Mello;Sondrio;1;939;6,60;;14,81;;1,72;2,44;2,29;28,64
03014043;Mese;Sondrio;1;1.838;10,04;;3,36;;0,15;2,68;3,45;21,86
03014044;Montagna in Valtellina;Sondrio;1;2.967;8,54;;12,03;;0,43;3,91;;25,76
03014045;Morbegno;Sondrio;1;12.342;8,14;;11,05;;0,47;1,07;2,70;26,59
03014046;Novate Mezzola;Sondrio;1;1.879;14,35;;12,10;;1,86;2,13;2,77;33,63
03014047;Pedesina;Sondrio;1;35;46,09;;33,58;;2,19;6,95;;60,95
03014048;Piantedo;Sondrio;1;1.428;10,64;;9,28;;0,49;3,10;2,13;29,83
03014049;Piateda;Sondrio;1;2.090;13,31;;5,76;;0,06;1,54;2,46;24,81
03014050;Piuro;Sondrio;1;1.914;38,46;;13,72;;0,51;1,26;2,55;33,34
03014051;Poggiridenti;Sondrio;1;1.847;10,81;;9,24;;0,56;1,67;2,68;25,62
03014052;Ponte in Valtellina;Sondrio;1;2.243;8,97;;14,74;;0,10;1,81;1,96;28,94
03014054;Prata Camportaccio;Sondrio;1;2.945;9,62;;7,23;;0,31;3,04;1,89;24,68
03014055;Rasura;Sondrio;1;290;28,44;;17,47;;3,20;10,81;;53,96
03014056;Rogolo;Sondrio;1;540;13,10;;13,62;;1,31;6,52;1,98;36,40
03014057;Samolaco;Sondrio;1;2.855;10,66;;11,02;;2,45;9,17;1,90;37,39
03014058;San Giacomo Filippo;Sondrio;1;361;23,81;;19,68;;1,33;5,45;1,83;42,41
03014059;Sernio;Sondrio;1;491;14,93;;8,18;;3,28;1,84;1,71;29,95
03014060;Sondalo;Sondrio;1;3.996;16,13;;12,68;;2,70;4,35;2,19;38,44
03014061;Sondrio;Sondrio;1;21.283;21,91;;17,33;;0,64;2,65;2,05;37,00
03014063;Talamona;Sondrio;1;4.610;7,05;;5,53;;1,84;1,00;0,66;22,95
03014064;Tartano;Sondrio;1;197;17,91;;34,18;;3,38;4,42;;32,57
03014065;Teglio;Sondrio;1;4.430;12,74;;17,50;;2,29;2,48;0,17;33,27
03014066;Tirano;Sondrio;1;8.838;9,31;;11,19;;3,53;1,08;2,49;30,25
03014067;Torre di Santa Maria - Dato aggregazione Unione comuni Spriana-Torre di Santa Maria;Sondrio;2;834;22,03;;14,18;;0,72;7,49;;34,11
03014068;Tovo di Sant'Agata;Sondrio;1;643;14,47;;8,49;;3,66;1,26;1,82;30,76
03014069;Traona;Sondrio;1;2.835;13,96;;12,72;;0,02;6,54;1,85;33,88
03014070;Tresivio;Sondrio;1;2.013;11,20;;18,47;;0,07;3,31;;30,14
03014074;Val Masino;Sondrio;1;873;16,66;;26,01;;0,54;0,53;2,56;37,84
03014071;Valdidentro;Sondrio;1;4.160;20,34;;13,08;;1,70;0,44;2,40;31,95
03014072;Valdisotto;Sondrio;1;3.627;23,66;;12,25;;0,97;1,29;;29,18
03014073;Valfurva;Sondrio;1;2.513;38,55;;18,87;;3,14;1,81;1,08;52,05
03014075;Verceia;Sondrio;1;1.062;16,19;;13,88;;2,32;5,72;2,16;39,09
03014076;Vervio;Sondrio;1;210;25,10;;15,40;;0,03;2,76;;36,92
03014077;Villa di Chiavenna;Sondrio;1;955;15,67;;12,36;;0,37;1,37;3,54;36,57
03014078;Villa di Tirano;Sondrio;1;2.931;12,69;;10,18;;0,06;0,47;1,83;26,03
20111007;Burcei;Sud Sardegna [fino 2024];1;2.712;45,59;;23,09;;8,80;4,30;;60,61
20111008;Calasetta;Sud Sardegna [fino 2024];1;2.822;208,79;;;;4,85;4,38;1,42;64,67
20111009;Carbonia;Sud Sardegna [fino 2024];1;26.472;11,32;;18,03;;6,80;3,68;0,69;35,95
20111013;Decimoputzu;Sud Sardegna [fino 2024];1;4.269;16,92;;10,78;;1,04;1,90;1,45;22,20
20111016;Domusnovas;Sud Sardegna [fino 2024];1;5.993;21,79;;16,63;;;4,54;;31,51
20111025;Gergei;Sud Sardegna [fino 2024];1;1.163;;;17,03;;;0,82;;21,45
20111028;Giba;Sud Sardegna [fino 2024];1;1.931;2,45;;5,31;;1,10;12,03;;27,47
20111031;Gonnosfanadiga;Sud Sardegna [fino 2024];1;6.330;15,53;;11,96;;1,71;4,44;6,13;32,01
20111034;Guspini;Sud Sardegna [fino 2024];1;11.385;12,52;;23,00;;7,88;1,90;0,69;37,56
20111035;Iglesias;Sud Sardegna [fino 2024];1;25.602;10,57;;15,15;;6,98;3,48;5,54;39,36
20111036;Isili - Dato aggregazione COMUNITA' MONTANA DEL SARCIDANO BARBAGIA DI SEULO;Sud Sardegna [fino 2024];15;19.061;30,90;;31,38;;;3,65;2,10;43,18
20111040;Masainas;Sud Sardegna [fino 2024];1;1.253;32,85;;23,24;;;3,87;;37,73
20111049;Nuxis;Sud Sardegna [fino 2024];1;1.473;11,68;;26,94;;1,85;7,30;;40,90
20111052;Pabillonis;Sud Sardegna [fino 2024];1;2.600;8,13;;12,93;;1,75;9,04;1,98;33,06
20111054;Perdaxius;Sud Sardegna [fino 2024];1;1.352;19,20;;15,22;;0,70;6,17;;29,73
20111056;Piscinas;Sud Sardegna [fino 2024];1;822;28,31;;21,96;;3,11;1,95;;37,59
20111059;Samassi;Sud Sardegna [fino 2024];1;4.930;15,44;;14,52;;1,23;2,87;10,41;39,10
20111062;San Gavino Monreale;Sud Sardegna [fino 2024];1;8.224;7,09;;7,57;;1,50;4,49;0,44;30,28
20111063;San Giovanni Suergiu;Sud Sardegna [fino 2024];1;5.705;18,95;;25,52;;3,81;1,26;;35,70
20111064;San Nicolo Gerrei - Dato aggregazione UNIONE DEI COMUNI DEL GERREI;Sud Sardegna [fino 2024];8;7.347;7,36;;13,74;;;19,81;2,03;40,22
20111065;San Sperate;Sud Sardegna [fino 2024];1;8.384;25,47;;16,84;;2,48;2,45;;29,60
20111066;San Vito;Sud Sardegna [fino 2024];1;3.504;43,03;;35,00;;;0,16;;41,01
20111068;Santadi;Sud Sardegna [fino 2024];1;3.264;58,30;;18,76;;;1,48;;38,44
20111071;Sant'Antioco;Sud Sardegna [fino 2024];1;10.814;12,10;;11,55;;6,06;3,24;1,45;28,27
20111072;Sardara;Sud Sardegna [fino 2024];1;3.926;11,77;;6,97;;1,66;1,64;1,30;27,18
20111075;Senorbi - Dato aggregazione;Sud Sardegna [fino 2024];7;9.716;26,51;;22,66;;;2,80;2,06;32,00
20111077;Serramanna;Sud Sardegna [fino 2024];1;8.715;12,62;;11,96;;4,32;3,33;5,22;34,90
20111078;Serrenti;Sud Sardegna [fino 2024];1;4.672;20,50;;17,96;;1,52;5,84;;35,49
20111089;Teulada;Sud Sardegna [fino 2024];1;3.384;21,60;;24,48;;5,35;4,15;2,52;45,04
20111096;Villacidro;Sud Sardegna [fino 2024];1;13.306;17,81;;21,73;;5,29;5,41;1,62;41,86
20111097;Villamar - Dato aggregazione UNIONE COMUNI MARMILLA;Sud Sardegna [fino 2024];18;23.956;26,36;;24,70;;0,22;;;25,23
20111098;Villamassargia;Sud Sardegna [fino 2024];1;3.480;10,34;;25,47;;3,58;;;32,10
20111103;Villaputzu;Sud Sardegna [fino 2024];1;4.570;36,81;;26,05;;15,62;1,38;;51,09
20111105;Villasimius;Sud Sardegna [fino 2024];1;3.690;14,62;;31,21;;6,91;3,76;2,48;49,51
20111107;Villaspeciosa;Sud Sardegna [fino 2024];1;2.577;6,77;;15,69;;4,39;3,20;3,09;31,86
16073002;Carosino;Taranto;1;6.719;11,77;;13,27;;1,60;6,08;4,98;34,43
16073004;Crispiano;Taranto;1;13.193;13,87;;21,32;;5,00;4,48;0,06;38,99
16073005;Faggiano;Taranto;1;3.440;6,54;;14,34;;1,68;10,69;0,78;34,72
16073007;Ginosa;Taranto;1;21.682;14,53;;11,53;;4,81;3,90;1,82;34,32
16073008;Grottaglie;Taranto;1;30.956;2,47;;18,62;;3,77;2,39;3,37;27,36
16073009;Laterza;Taranto;1;14.921;4,73;;11,58;;3,14;14,50;6,64;42,26
16073011;Lizzano;Taranto;1;9.698;13,06;;16,24;;5,52;6,80;3,97;49,45
16073013;Martina Franca;Taranto;1;47.413;20,96;;17,74;;5,01;3,51;3,21;39,05
16073015;Massafra;Taranto;1;31.932;1,16;;18,80;;0,19;3,03;1,89;28,88
16073016;Monteiasi;Taranto;1;5.429;16,25;;11,21;;3,48;5,34;2,02;33,41
16073017;Montemesola;Taranto;1;3.639;;;;;;3,32;1,52;14,63
16073021;Palagiano;Taranto;1;15.861;11,92;;12,94;;5,15;1,65;0,50;36,07
16073025;San Marzano di San Giuseppe;Taranto;1;8.949;7,84;;9,19;;2,22;2,26;3,59;24,43
16073026;Sava;Taranto;1;15.357;5,52;;14,53;;3,76;4,46;7,99;40,01
16073029;Statte;Taranto;1;13.279;10,81;;17,54;;8,72;4,31;3,36;39,94
13067004;Atri;Teramo;1;10.135;15,01;;12,31;;4,84;20,46;0,37;52,67
13067005;Basciano;Teramo;1;2.380;6,07;;10,90;;;13,59;;34,55
13067006;Bellante;Teramo;1;6.758;15,95;;17,45;;2,84;3,85;3,87;38,94
13067008;Campli;Teramo;1;6.731;12,07;;27,87;;3,98;2,71;1,26;40,85
13067011;Castellalto;Teramo;1;7.473;12,91;;18,64;;1,75;7,37;1,94;38,75
13067012;Castelli;Teramo;1;1.005;28,35;;43,27;;;1,69;;52,45
13067018;Colledara;Teramo;1;2.137;8,00;;27,08;;;9,04;;39,03
13067023;Crognaleto;Teramo;1;1.152;28,66;;77,18;;;;3,70;75,88
13067024;Fano Adriano;Teramo;1;265;44,06;;59,65;;;27,62;;96,49
13067025;Giulianova;Teramo;1;23.278;14,98;;16,86;;5,65;3,98;3,55;38,92
13067029;Morro d'Oro;Teramo;1;3.589;6,48;;13,96;;2,79;4,35;;28,36
13067030;Mosciano Sant'Angelo;Teramo;1;9.122;14,77;;22,17;;4,72;6,90;7,85;43,36
13067032;Notaresco;Teramo;1;6.371;12,50;;28,48;;3,47;11,74;3,58;48,94
13067034;Pietracamela;Teramo;1;225;184,81;;;;16,84;0,76;;106,96
13067035;Pineto;Teramo;1;14.798;28,67;;;;16,97;4,69;4,38;42,22
13067037;Roseto degli Abruzzi;Teramo;1;25.669;11,26;;19,64;;2,84;7,98;6,16;44,98
13067039;Sant'Omero - Dato aggregazione UNIONE DI COMUNI CITTA TERRITORIO VAL VIBRATA;Teramo;12;79.182;8,40;;10,39;;2,89;5,07;6,07;35,62
13067040;Silvi;Teramo;1;15.393;15,95;;8,15;;5,70;4,28;8,62;46,62
13067041;Teramo;Teramo;1;53.481;12,78;;28,24;;3,46;7,40;5,10;48,45
13067043;Torricella Sicura;Teramo;1;2.518;16,51;;29,68;;;1,61;1,35;38,64
10055001;Acquasparta;Terni;1;4.497;10,15;;19,17;;5,75;5,95;2,52;41,08
10055002;Allerona;Terni;1;1.701;32,52;;27,90;;11,29;6,45;3,55;55,07
10055003;Alviano;Terni;1;1.414;2,03;;74,40;;;;;56,42
10055005;Arrone;Terni;1;2.613;12,50;;21,53;;3,90;6,31;5,01;38,37
10055006;Attigliano;Terni;1;1.984;87,22;;;;8,00;;;33,86
10055033;Avigliano Umbro;Terni;1;2.413;12,92;;22,01;;;10,54;1,96;39,01
10055007;Baschi;Terni;1;2.662;20,68;;32,53;;6,28;6,98;4,06;55,46
10055008;Calvi dell'Umbria;Terni;1;1.707;24,56;;20,85;;6,37;7,43;4,68;48,12
10055009;Castel Giorgio;Terni;1;2.076;11,86;;28,01;;3,90;9,51;3,81;49,85
10055010;Castel Viscardo;Terni;1;2.757;36,04;;29,02;;4,32;8,05;3,19;49,95
10055011;Fabro;Terni;1;2.652;16,34;;26,34;;3,55;0,86;1,36;36,37
10055013;Ficulle;Terni;1;1.587;27,36;;28,05;;10,20;2,07;1,48;49,84
10055014;Giove;Terni;1;1.877;26,42;;35,85;;10,94;5,54;3,55;62,61
10055016;Lugnano in Teverina;Terni;1;1.432;17,86;;34,16;;4,56;5,82;9,88;58,74
10055018;Montecchio;Terni;1;1.597;17,23;;35,07;;6,88;8,72;6,67;61,30
10055019;Montefranco;Terni;1;1.275;12,40;;21,63;;8,68;17,14;5,69;60,26
10055020;Montegabbione;Terni;1;1.140;14,97;;36,16;;4,31;8,30;5,47;58,50
10055021;Monteleone d'Orvieto;Terni;1;1.386;119,71;;;;;0,13;;51,93
10055022;Narni;Terni;1;18.523;11,74;;22,70;;4,03;9,02;4,64;47,30
10055023;Orvieto;Terni;1;20.121;12,02;;18,80;;5,70;7,14;1,38;36,37
10055024;Otricoli;Terni;1;1.746;28,16;;22,96;;6,33;8,08;4,77;51,54
10055025;Parrano;Terni;1;494;24,65;;46,02;;4,19;19,96;4,03;79,26
10055026;Penna in Teverina;Terni;1;1.049;16,54;;30,85;;3,59;5,51;2,57;50,67
10055028;Porano;Terni;1;1.917;14,93;;29,20;;3,96;6,81;3,86;49,35
10055030;San Venanzo;Terni;1;2.192;8,55;;22,19;;4,59;8,48;5,36;43,78
10055032;Terni;Terni;1;109.255;9,91;;22,22;;4,50;8,77;5,70;47,91
01001007;Alpette - Dato aggregazione CONSORZIO CANAVESANO AMBIENTE CCA;Torino;47;76.478;12,05;;32,32;;1,72;2,93;1,13;36,01
01001058;Carignano - Dato aggregazione CONSORZIO VALORIZZAZIONE RIFIUTI 14;Torino;19;255.418;6,96;;16,89;;3,07;6,17;8,98;38,74
01001078;Chieri - Dato aggregazione CONSORZIO CHIERESE PER I SERVIZI;Torino;19;122.311;8,00;;11,56;;3,15;8,29;4,60;32,10
01001125;Ivrea - Dato aggregazione SOCIETA' CANAVESANA SERVIZI SPA;Torino;57;105.696;13,45;;12,83;;1,85;7,08;3,81;31,46
01001219;Rivoli - Dato aggregazione CONSORZIO AMBIENTE DORA SANGONE;Torino;54;336.949;12,58;;16,00;;3,88;5,15;4,16;35,66
01001265;Settimo Torinese - Dato aggregazione CONSORZIO DI BACINO 16;Torino;31;224.991;14,31;;18,79;;5,04;3,35;7,56;41,74
01001272;Torino;Torino;1;848.196;11,50;;19,35;;6,13;9,02;8,30;54,64
19081001;Alcamo;Trapani;1;44.857;13,82;;30,71;;5,08;4,96;6,05;54,64
19081002;Buseto Palizzolo;Trapani;1;2.763;35,61;;33,63;;1,63;8,65;5,58;59,29
19081003;Calatafimi-Segesta;Trapani;1;6.288;22,72;;32,31;;2,58;10,29;0,68;51,94
19081004;Campobello di Mazara;Trapani;1;11.470;10,69;;40,88;;5,57;8,86;1,03;55,36
19081005;Castellammare del Golfo;Trapani;1;14.644;49,23;;;;;1,74;3,70;56,71
19081006;Castelvetrano;Trapani;1;30.280;39,80;;25,56;;2,12;4,46;1,40;51,79
19081007;Custonaci;Trapani;1;5.357;59,39;;5,49;;;23,03;0,24;49,55
19081009;Favignana;Trapani;1;4.303;15,46;;36,15;;9,59;8,61;7,61;74,03
19081011;Marsala;Trapani;1;80.369;15,14;;23,41;;4,71;7,14;1,84;46,21
19081012;Mazara del Vallo;Trapani;1;50.046;7,81;;29,69;;1,25;7,16;0,22;43,66
19081013;Paceco;Trapani;1;10.928;10,19;;22,71;;4,91;9,50;;50,31
19081014;Pantelleria;Trapani;1;7.391;8,04;;20,07;;3,27;23,36;2,17;83,16
19081015;Partanna;Trapani;1;10.001;18,75;;23,81;;;7,11;;43,67
19081024;Petrosino;Trapani;1;8.037;34,36;;22,80;;3,17;5,48;2,70;51,93
19081016;Poggioreale;Trapani;1;1.397;14,87;;26,97;;4,17;6,46;1,07;44,93
19081017;Salaparuta;Trapani;1;1.601;23,26;;42,19;;3,94;2,56;1,48;57,25
19081018;Salemi;Trapani;1;10.060;13,76;;21,25;;2,94;8,44;1,66;45,51
19081020;San Vito Lo Capo;Trapani;1;4.807;12,96;;46,81;;7,52;9,06;2,32;74,65
19081019;Santa Ninfa;Trapani;1;4.875;17,16;;27,88;;1,23;8,41;;46,63
19081021;Trapani;Trapani;1;65.249;10,61;;21,45;;3,87;7,74;2,33;47,94
19081022;Valderice;Trapani;1;11.553;10,41;;26,67;;4,25;6,90;5,82;54,67
19081023;Vita;Trapani;1;1.838;16,32;;27,82;;1,05;8,13;;46,76
04022001;Ala;Trento;1;8.737;10,30;;14,23;;;2,64;0,16;24,34
04022007;Avio;Trento;1;4.070;10,60;;11,24;;;2,43;0,14;21,35
04022013;Besenello;Trento;1;2.764;6,54;;12,93;;;2,43;0,15;21,70
04022022;Borgo Valsugana - Dato aggregazione COMUNITA' VALSUGANA E TESINO;Trento;18;26.972;11,14;;20,68;;3,07;4,02;;32,56
04022025;Brentonico;Trento;1;4.031;14,95;;13,10;;;1,79;0,17;24,27
04022035;Calliano;Trento;1;2.018;11,55;;13,22;;;2,72;0,17;24,38
04022036;Campitello di Fassa;Trento;1;720;10,95;;6,53;;5,34;3,34;3,41;28,63
04022039;Canazei;Trento;1;1.884;11,43;;8,34;;3,52;1,43;1,70;26,58
04022050;Cavalese - Dato aggregazione FIEMME SERVIZI SPA;Trento;9;20.132;13,79;;7,36;;2,51;12,40;2,97;32,60
04022062;Cles - Dato aggregazione COMUNITA' DELLA VAL DI NON;Trento;23;37.039;15,28;;9,64;;3,76;7,56;0,84;29,33
04022087;Folgaria;Trento;1;3.161;9,43;;17,66;;;2,85;0,18;26,64
04022098;Isera;Trento;1;2.757;12,86;;13,83;;2,01;3,34;1,80;42,23
04022102;Lavarone;Trento;1;1.191;;;3,44;;;2,25;0,15;22,04
04022103;Lavis - Dato aggregazione ASIA - AZIENDA SPECIALE PER L'IGIENE AMBIENTALE;Trento;24;62.067;10,11;;8,00;;2,48;8,87;2,00;28,13
04022109;Luserna;Trento;1;265;;;4,34;;;2,65;0,16;23,75
04022110;Male - Dato aggregazione COMUNITA' MONTANA DELLA VALLE DI SOLE;Trento;13;15.497;16,26;;9,85;;2,21;5,87;2,37;30,31
04022113;Mazzin;Trento;1;596;16,45;;8,42;;;14,77;9,43;52,42
04022118;Moena;Trento;1;2.606;6,04;;7,24;;2,90;7,15;;19,57
04022123;Mori;Trento;1;10.030;10,10;;13,89;;;2,37;0,17;23,82
04022127;Nogaredo;Trento;1;2.093;;;4,70;;;2,46;0,15;22,81
04022128;Nomi;Trento;1;1.337;;;4,75;;;2,75;0,16;23,10
04022139;Pergine Valsugana - Dato aggregazione AMNU S.P.A.;Trento;15;55.437;8,89;;4,68;;3,29;7,48;2,94;26,05
04022144;Pomarolo;Trento;1;2.432;;;4,23;;;2,51;0,16;22,50
04022245;Primiero San Martino Di Castrozza - Dato aggregazione COMUNITA' DI PRIMIERO;Trento;5;9.683;7,58;;11,84;;7,80;6,13;2,64;34,45
04022153;Riva del Garda - Dato aggregazione COMUNITA' ALTO GARDA E LEDRO;Trento;7;51.544;9,94;;16,37;;3,09;2,42;0,69;27,10
04022135;Ronzo-Chienis;Trento;1;994;7,31;;13,57;;;2,37;0,16;22,32
04022161;Rovereto;Trento;1;40.105;14,97;;14,81;;2,95;6,43;4,40;36,24
04022250;Sen Jan di Fassa-San Giovanni di Fassa;Trento;1;3.590;13,39;;9,94;;2,86;2,06;2,12;26,59
04022176;Soraga;Trento;1;695;12,15;;9,01;;3,02;4,32;0,62;27,33
04022193;Terragnolo;Trento;1;704;6,39;;15,25;;;2,54;0,16;23,04
04022199;Tione di Trento - Dato aggregazione COMUNITA DELLE GIUDICARIE;Trento;25;36.910;8,15;;17,43;;3,65;3,78;2,17;33,13
04022203;Trambileno;Trento;1;1.479;8,75;;15,20;;;2,02;0,17;23,88
04022205;Trento;Trento;1;120.491;18,02;;17,27;;3,30;7,55;5,79;41,68
04022210;Vallarsa;Trento;1;1.377;8,76;;16,03;;;2,57;0,18;25,60
04022222;Villa Lagarina;Trento;1;3.808;;;5,10;;;2,37;0,16;23,59
04022224;Volano;Trento;1;3.031;6,23;;14,42;;;2,58;0,16;23,28
05026043;Mogliano Veneto;Treviso;1;27.575;19,58;;14,56;;1,52;4,62;6,54;35,57
05026076;San Vendemiano - Dato aggregazione Consiglio di Bacino Sinistra Piave;Treviso;44;299.017;16,84;;3,03;;1,33;13,19;2,94;28,76
05026091;Villorba - Dato aggregazione Consiglio di Bacino Priula;Treviso;49;551.478;14,15;;13,06;;2,74;6,57;4,19;32,55
06032001;Duino-Aurisina;Trieste;1;8.238;11,31;;13,05;;0,85;3,69;1,36;27,75
06032002;Monrupino;Trieste;1;858;17,77;;12,72;;0,19;3,38;1,43;29,55
06032003;Muggia;Trieste;1;12.899;6,65;;11,16;;1,39;6,90;15,98;45,77
06032004;San Dorligo della Valle-Dolina;Trieste;1;5.711;9,90;;25,28;;0,11;17,51;0,30;42,92
06032005;Sgonico;Trieste;1;1.991;12,90;;13,74;;1,38;4,84;1,78;30,89
06032006;Trieste;Trieste;1;199.773;9,84;;13,47;;6,46;7,77;3,55;38,83
06030001;Aiello del Friuli;Udine;1;2.181;4,04;;6,64;;0,97;5,19;1,93;22,82
06030004;Aquileia;Udine;1;3.199;4,13;;5,84;;1,35;4,64;1,80;19,79
06030006;Artegna;Udine;1;2.805;8,86;;18,44;;0,72;8,62;;30,27
06030007;Attimis;Udine;1;1.704;7,47;;9,84;;1,34;5,88;3,11;31,89
06030008;Bagnaria Arsa;Udine;1;3.480;4,59;;6,29;;0,94;3,09;1,68;17,82
06030009;Basiliano;Udine;1;5.250;10,25;;18,91;;1,36;7,18;;29,59
06030010;Bertiolo;Udine;1;2.370;8,30;;18,79;;0,80;7,95;;29,70
06030011;Bicinicco;Udine;1;1.804;5,44;;6,35;;1,84;4,09;4,40;23,68
06030012;Bordano;Udine;1;711;8,40;;16,86;;;7,30;;26,40
06030013;Buja;Udine;1;6.404;7,45;;5,39;;1,18;5,32;4,25;24,27
06030014;Buttrio;Udine;1;3.890;12,19;;15,97;;0,64;6,26;;25,41
06030015;Camino al Tagliamento;Udine;1;1.583;8,81;;22,06;;0,47;4,64;;28,58
06030016;Campoformido;Udine;1;7.761;10,98;;19,31;;0,42;8,62;;30,11
06030138;Campolongo Tapogliano;Udine;1;1.145;4,38;;4,92;;0,71;5,64;1,64;18,90
06030018;Carlino;Udine;1;2.758;4,98;;8,91;;1,29;6,38;3,18;27,17
06030019;Cassacco;Udine;1;2.874;8,93;;6,10;;1,00;7,25;2,31;26,01
06030020;Castions di Strada;Udine;1;3.708;5,00;;5,93;;0,84;5,93;2,01;20,43
06030023;Cervignano del Friuli;Udine;1;13.523;4,09;;9,20;;2,92;6,13;2,34;25,91
06030024;Chiopris-Viscone;Udine;1;667;4,13;;5,51;;1,93;5,22;1,69;20,26
06030025;Chiusaforte;Udine;1;614;5,60;;16,05;;1,47;14,65;3,41;43,22
06030026;Cividale del Friuli;Udine;1;10.991;5,61;;9,94;;1,22;6,19;4,55;30,69
06030027;Codroipo;Udine;1;16.069;8,46;;19,17;;1,29;5,48;;27,53
06030028;Colloredo di Monte Albano;Udine;1;2.210;11,20;;18,90;;0,55;5,84;;29,50
06030030;Corno di Rosazzo;Udine;1;3.140;10,90;;19,98;;1,46;7,37;;30,67
06030031;Coseano;Udine;1;2.091;9,61;;20,06;;0,35;3,24;;26,11
06030032;Dignano;Udine;1;2.299;9,25;;18,04;;0,72;4,67;;25,75
06030033;Dogna;Udine;1;156;5,72;;15,75;;;2,29;;22,41
06030034;Drenchia;Udine;1;100;7,44;;24,78;;2,22;12,04;5,14;71,29
06030036;Faedis;Udine;1;2.823;7,18;;9,44;;1,29;5,46;2,98;30,10
06030037;Fagagna;Udine;1;6.068;7,74;;18,12;;1,22;3,26;;24,77
06030190;Fiumicello Villa Vicentina;Udine;1;6.366;4,34;;5,21;;1,79;4,68;1,70;19,58
06030039;Flaibano;Udine;1;1.092;8,93;;19,43;;0,16;7,08;;28,04
06030137;Forgaria nel Friuli;Udine;1;1.722;9,53;;20,17;;1,95;10,05;;35,24
06030043;Gemona del Friuli;Udine;1;10.734;9,81;;20,75;;0,37;12,04;;35,05
06030044;Gonars;Udine;1;4.622;4,50;;6,61;;1,30;4,46;1,82;21,69
06030045;Grimacco;Udine;1;307;3,73;;12,37;;1,11;11,43;2,57;32,51
06030046;Latisana;Udine;1;13.279;6,70;;5,54;;2,87;5,23;2,17;24,10
06030048;Lestizza;Udine;1;3.682;11,53;;20,70;;0,66;8,27;;31,58
06030051;Lusevera;Udine;1;601;8,26;;15,81;;;2,75;;20,77
06030052;Magnano in Riviera;Udine;1;2.307;7,88;;27,98;;0,51;3,82;;33,27
06030053;Majano;Udine;1;5.846;7,88;;15,94;;1,31;3,76;;23,28
06030054;Malborghetto Valbruna;Udine;1;912;4,08;;13,24;;1,21;8,76;2,79;31,33
06030055;Manzano;Udine;1;6.199;3,88;;6,27;;1,40;4,38;4,39;22,43
06030056;Marano Lagunare;Udine;1;1.737;3,47;;10,11;;2,15;5,71;3,53;26,10
06030057;Martignacco;Udine;1;6.896;9,76;;17,76;;0,59;6,44;;26,94
06030058;Mereto di Tomba;Udine;1;2.546;5,50;;5,58;;1,41;4,09;1,91;20,39
06030059;Moggio Udinese;Udine;1;1.648;6,74;;16,42;;1,90;5,97;;29,08
06030060;Moimacco;Udine;1;1.634;15,48;;23,25;;0,69;5,32;;30,24
06030061;Montenars;Udine;1;496;9,03;;14,66;;0,12;7,76;;26,57
06030062;Mortegliano;Udine;1;4.802;9,32;;18,94;;2,11;5,75;;28,85
06030063;Moruzzo;Udine;1;2.459;10,28;;19,79;;0,69;4,45;;26,64
06030064;Muzzana del Turgnano;Udine;1;2.397;4,93;;6,36;;1,65;4,39;3,05;23,47
06030065;Nimis;Udine;1;2.596;8,30;;21,13;;0,47;3,06;;26,56
06030066;Osoppo;Udine;1;2.829;8,01;;18,63;;;4,07;;24,36
06030068;Pagnacco;Udine;1;5.136;11,01;;15,00;;0,55;3,18;;21,74
06030069;Palazzolo dello Stella;Udine;1;2.869;4,39;;5,86;;1,43;4,01;3,31;21,04
06030070;Palmanova;Udine;1;5.312;3,37;;7,65;;4,56;5,38;1,94;24,80
06030072;Pasian di Prato;Udine;1;9.302;10,24;;17,73;;1,04;5,44;;26,28
06030074;Pavia di Udine;Udine;1;5.531;7,96;;14,42;;0,42;5,50;;23,51
06030075;Pocenia;Udine;1;2.411;5,33;;5,53;;1,19;4,37;1,95;20,33
06030076;Pontebba;Udine;1;1.347;5,13;;13,31;;2,71;8,90;3,16;35,84
06030077;Porpetto;Udine;1;2.499;4,13;;7,17;;1,46;5,74;2,88;23,51
06030078;Povoletto;Udine;1;5.413;5,58;;6,11;;0,89;5,27;3,40;23,21
06030079;Pozzuolo del Friuli;Udine;1;6.912;11,64;;20,00;;0,17;8,29;;30,64
06030080;Pradamano;Udine;1;3.565;8,59;;19,26;;0,53;5,16;;26,93
06030082;Precenicco;Udine;1;1.437;3,86;;6,26;;1,58;4,36;2,15;20,31
06030083;Premariacco;Udine;1;4.029;13,32;;16,98;;0,32;7,43;;27,65
06030085;Prepotto;Udine;1;733;3,67;;14,67;;1,18;9,23;5,18;33,83
06030086;Pulfero;Udine;1;849;4,70;;13,59;;1,32;5,24;3,05;29,97
06030087;Ragogna;Udine;1;2.819;9,78;;19,73;;1,01;4,82;;28,05
06030090;Reana del Rojale;Udine;1;4.819;7,68;;17,16;;0,78;4,53;;24,13
06030091;Remanzacco;Udine;1;6.147;8,28;;18,24;;0,27;3,99;;24,54
06030092;Resia;Udine;1;936;7,34;;11,45;;3,27;7,76;3,40;37,13
06030093;Resiutta;Udine;1;275;6,46;;20,54;;0,26;2,98;;26,92
06030095;Rive d'Arcano;Udine;1;2.372;10,35;;16,10;;0,18;4,24;;23,13
06030188;Rivignano Teor;Udine;1;6.193;5,14;;11,67;;0,34;1,68;;15,05
06030097;Ronchis;Udine;1;1.981;4,91;;7,13;;1,49;5,49;2,36;24,24
06030098;Ruda;Udine;1;2.836;4,66;;6,31;;1,27;6,57;1,97;23,09
06030099;San Daniele del Friuli;Udine;1;7.989;8,26;;18,54;;1,37;5,22;;27,22
06030100;San Giorgio di Nogaro;Udine;1;7.375;4,15;;7,83;;1,31;4,53;3,64;23,45
06030101;San Giovanni al Natisone;Udine;1;6.030;9,24;;18,29;;1,55;4,61;;26,81
06030102;San Leonardo;Udine;1;1.050;8,32;;11,46;;1,54;7,30;3,57;36,17
06030103;San Pietro al Natisone;Udine;1;2.106;6,26;;10,66;;1,32;8,12;3,12;36,15
06030105;San Vito al Torre;Udine;1;1.220;4,04;;6,22;;1,19;4,34;3,85;21,83
06030106;San Vito di Fagagna;Udine;1;1.703;14,29;;21,73;;;8,01;;32,23
06030104;Santa Maria la Longa;Udine;1;2.312;4,37;;5,80;;0,92;3,83;2,02;19,02
06030108;Savogna;Udine;1;351;3,84;;18,99;;1,34;8,09;3,09;33,14
06030109;Sedegliano;Udine;1;3.713;8,07;;17,70;;1,16;6,89;;27,79
06030111;Stregna;Udine;1;316;4,43;;12,85;;1,25;5,53;2,88;28,83
06030113;Taipana;Udine;1;551;9,19;;22,42;;0,28;8,73;;33,20
06030114;Talmassons;Udine;1;3.895;5,16;;5,68;;0,82;5,31;1,97;22,02
06030116;Tarcento;Udine;1;8.877;6,06;;8,15;;1,96;5,39;2,02;24,49
06030117;Tarvisio;Udine;1;4.113;4,75;;11,54;;4,93;6,49;3,51;33,79
06030118;Tavagnacco;Udine;1;14.818;6,53;;7,19;;1,04;7,39;2,41;26,88
06030120;Terzo d'Aquileia;Udine;1;2.777;4,69;;6,38;;1,49;5,92;1,99;22,81
06030121;Tolmezzo - Dato aggregazione UNIONE TERRITORIALE INTERCOMUNALE DELLA CARNIA (DAL 01.01.2021 COMUNITA' DI MONTAGNA DELLA CARNIA);Udine;28;36.743;11,81;;17,78;;1,56;3,38;0,54;30,94
06030122;Torreano;Udine;1;2.064;15,99;;4,36;;;;;23,84
06030123;Torviscosa;Udine;1;2.686;4,78;;5,54;;2,67;5,55;2,24;22,64
06030124;Trasaghis;Udine;1;2.135;10,23;;22,19;;;4,18;;28,39
06030126;Treppo Grande;Udine;1;1.690;8,75;;20,84;;0,57;4,09;;25,88
06030127;Tricesimo;Udine;1;7.561;8,04;;4,75;;1,31;4,46;2,36;20,46
06030128;Trivignano Udinese;Udine;1;1.600;5,51;;6,11;;0,88;6,56;2,54;24,34
06030129;Udine;Udine;1;99.736;5,75;;7,00;;1,02;4,16;5,43;28,78
06030130;Varmo;Udine;1;2.675;9,82;;19,34;;0,34;8,22;;29,85
06030131;Venzone;Udine;1;1.941;9,78;;17,27;;;7,17;;27,88
06030135;Visco;Udine;1;814;5,19;;7,06;;1,05;4,05;2,21;22,01
03012002;Albizzate;Varese;1;5.217;7,89;;8,30;;1,31;4,41;1,33;19,71
03012003;Angera;Varese;1;5.407;6,49;;10,15;;1,71;7,67;3,27;26,83
03012004;Arcisate;Varese;1;9.900;6,69;;5,46;;1,31;6,65;4,68;21,60
03012005;Arsago Seprio;Varese;1;4.765;11,44;;11,66;;1,61;6,16;1,56;26,00
03012006;Azzate;Varese;1;4.604;8,70;;9,15;;1,15;4,62;1,52;22,93
03012008;Barasso;Varese;1;1.649;5,13;;8,88;;1,32;5,51;1,01;19,39
03012010;Bedero Valcuvia;Varese;1;660;4,33;;27,03;;;10,94;;33,34
03012011;Besano;Varese;1;2.519;13,94;;15,31;;0,61;5,25;1,18;29,05
03012012;Besnate;Varese;1;5.420;10,01;;5,70;;0,92;4,45;;19,99
03012013;Besozzo;Varese;1;8.800;11,82;;9,05;;2,71;3,71;1,36;21,66
03012014;Biandronno;Varese;1;3.206;13,75;;8,72;;0,66;3,40;1,22;20,61
03012015;Bisuschio;Varese;1;4.301;36,07;;3,98;;0,23;9,69;0,71;35,26
03012016;Bodio Lomnago;Varese;1;2.192;8,61;;9,06;;4,20;4,61;2,40;25,05
03012017;Brebbia;Varese;1;3.192;14,32;;10,93;;0,61;10,87;1,46;28,46
03012018;Bregano - Dato aggregazione Unione Ovest Lago Varese;Varese;3;3.640;34,31;;16,07;;1,62;5,77;2,02;31,31
03012023;Brunello;Varese;1;944;12,40;;13,25;;4,97;10,46;3,51;39,10
03012024;Brusimpiano;Varese;1;1.163;8,46;;15,64;;5,99;4,03;2,25;31,17
03012025;Buguggiate;Varese;1;3.086;8,49;;7,73;;1,47;5,95;1,25;20,71
03012026;Busto Arsizio;Varese;1;83.121;26,12;;11,82;;5,23;8,16;8,13;44,81
03012027;Cadegliano-Viconago;Varese;1;2.153;6,31;;19,97;;8,12;;;29,03
03012143;Cadrezzate con Osmate;Varese;1;2.629;14,90;;6,64;;2,72;4,52;0,01;21,91
03012029;Cairate;Varese;1;7.666;12,25;;11,67;;0,94;6,22;2,12;26,48
03012030;Cantello;Varese;1;4.709;6,65;;6,08;;1,26;5,13;1,73;20,39
03012032;Cardano al Campo;Varese;1;14.443;16,08;;11,70;;2,14;7,45;3,14;36,34
03012033;Carnago;Varese;1;6.617;7,16;;7,56;;0,35;2,13;0,72;14,73
03012034;Caronno Pertusella;Varese;1;17.940;10,11;;7,50;;7,24;4,62;5,91;30,03
03012035;Caronno Varesino;Varese;1;4.772;10,26;;10,30;;0,02;6,54;2,21;25,78
03012036;Casale Litta;Varese;1;2.708;8,53;;9,12;;3,81;3,60;2,29;23,59
03012038;Casciago;Varese;1;3.619;13,59;;10,09;;3,05;14,91;4,31;32,94
03012039;Casorate Sempione;Varese;1;5.632;21,13;;4,79;;0,15;7,76;;20,64
03012040;Cassano Magnago;Varese;1;21.130;7,14;;10,74;;3,07;4,88;0,90;27,53
03012042;Castellanza;Varese;1;14.317;8,99;;12,73;;3,38;7,18;1,02;30,19
03012044;Castelseprio;Varese;1;1.299;10,77;;7,83;;0,86;4,07;1,99;20,57
03012046;Castiglione Olona;Varese;1;7.628;8,27;;7,45;;2,86;5,15;1,14;20,61
03012047;Castronno;Varese;1;5.031;9,50;;8,34;;2,20;5,55;1,35;22,60
03012048;Cavaria con Premezzo;Varese;1;5.705;7,43;;7,77;;1,29;3,40;1,75;18,31
03012049;Cazzago Brabbia;Varese;1;794;11,78;;12,63;;5,73;6,74;1,27;32,95
03012050;Cislago;Varese;1;10.193;5,97;;7,49;;3,96;6,58;2,56;25,16
03012052;Clivio;Varese;1;1.899;15,46;;11,59;;1,05;10,79;4,98;34,61
03012053;Cocquio-Trevisago;Varese;1;4.643;10,96;;11,54;;1,17;3,76;2,94;22,24
03012054;Comabbio;Varese;1;1.215;12,10;;10,91;;3,71;7,59;2,78;29,87
03012055;Comerio;Varese;1;2.894;4,04;;8,74;;0,59;9,47;2,96;23,41
03012056;Cremenaga;Varese;1;784;14,84;;11,62;;;10,01;0,88;31,82
03012057;Crosio della Valle;Varese;1;596;9,76;;10,36;;5,42;7,17;1,65;30,03
03012058;Cuasso al Monte;Varese;1;3.560;4,63;;12,90;;1,09;4,84;1,87;24,17
03012059;Cugliate-Fabiasco;Varese;1;3.020;9,91;;13,03;;0,17;2,77;1,10;21,15
03012060;Cunardo;Varese;1;2.943;9,82;;13,44;;0,17;5,49;1,32;24,31
03012064;Daverio;Varese;1;3.058;11,08;;9,22;;1,00;4,52;1,65;21,71
03012067;Fagnano Olona;Varese;1;12.301;20,48;;5,31;;0,76;9,98;1,42;28,87
03012070;Gallarate;Varese;1;53.960;10,22;;10,64;;4,03;6,20;2,89;30,32
03012071;Galliate Lombardo;Varese;1;982;9,39;;10,04;;3,23;8,10;3,52;30,13
03012072;Gavirate;Varese;1;9.079;9,58;;5,48;;3,30;4,54;3,68;21,78
03012073;Gazzada Schianno;Varese;1;4.526;9,34;;10,00;;4,38;5,72;2,58;27,90
03012074;Gemonio;Varese;1;2.901;16,28;;10,40;;3,38;6,81;1,51;26,40
03012075;Gerenzano;Varese;1;10.795;4,96;;7,33;;0,62;3,00;3,06;20,46
03012077;Golasecca;Varese;1;2.626;9,07;;10,97;;0,37;9,97;0,27;27,11
03012078;Gorla Maggiore;Varese;1;4.947;5,55;;7,18;;2,31;8,26;0,90;20,15
03012079;Gorla Minore;Varese;1;8.117;6,66;;7,84;;3,35;2,60;3,44;22,94
03012080;Gornate Olona;Varese;1;2.167;9,73;;9,93;;2,59;1,93;1,18;22,19
03012082;Inarzo;Varese;1;1.062;7,55;;8,01;;2,60;3,11;0,81;18,73
03012083;Induno Olona;Varese;1;10.254;5,19;;8,75;;2,30;6,42;2,76;22,18
03012084;Ispra;Varese;1;5.301;12,66;;10,23;;0,87;3,04;3,31;20,11
03012085;Jerago con Orago;Varese;1;5.185;7,23;;7,52;;2,59;2,52;1,75;18,38
03012086;Lavena Ponte Tresa;Varese;1;5.831;6,68;;10,26;;5,40;3,04;;25,32
03012088;Leggiuno;Varese;1;3.680;9,65;;6,98;;2,24;9,70;0,86;24,39
03012089;Lonate Ceppino;Varese;1;5.029;10,57;;8,55;;;5,02;1,05;21,33
03012090;Lonate Pozzolo;Varese;1;11.376;18,28;;13,65;;3,19;1,45;1,16;28,08
03012091;Lozza;Varese;1;1.232;11,35;;12,71;;10,23;11,42;2,03;42,93
03012092;Luino - Dato aggregazione Ambito Valli del Verbano;Varese;30;62.034;7,17;;12,32;;2,29;;;18,89
03012093;Luvinate;Varese;1;1.300;10,21;;9,00;;1,62;6,99;5,26;26,03
03012096;Malnate;Varese;1;16.375;10,15;;12,25;;2,90;4,86;1,44;27,35
03012097;Marchirolo;Varese;1;3.445;57,38;;2,58;;3,34;2,13;0,32;28,03
03012098;Marnate;Varese;1;8.007;8,23;;10,61;;2,90;5,60;4,16;28,71
03012099;Marzio;Varese;1;307;3,85;;15,69;;7,27;13,28;0,93;37,55
03012101;Mercallo;Varese;1;1.786;15,06;;8,19;;1,60;2,54;1,72;20,89
03012104;Monvalle;Varese;1;1.938;11,56;;10,27;;2,06;8,14;1,02;25,59
03012105;Morazzone;Varese;1;4.246;8,66;;6,95;;1,96;3,57;4,30;20,92
03012106;Mornago;Varese;1;4.941;6,98;;7,35;;3,69;2,04;1,31;18,25
03012107;Oggiona con Santo Stefano;Varese;1;4.277;6,75;;7,19;;1,48;5,13;1,14;18,70
03012108;Olgiate Olona;Varese;1;12.548;4,68;;10,23;;0,89;3,21;0,42;20,39
03012109;Origgio;Varese;1;7.856;13,64;;9,04;;3,84;8,08;4,12;32,43
03012113;Porto Ceresio;Varese;1;2.826;30,06;;5,11;;0,29;5,03;0,54;22,72
03012116;Ranco;Varese;1;1.282;13,35;;7,60;;0,87;4,50;1,59;20,45
03012117;Saltrio;Varese;1;3.021;19,30;;9,60;;0,39;7,57;1,60;26,52
03012118;Samarate;Varese;1;16.035;6,46;;7,52;;2,70;4,09;1,93;21,60
03012141;Sangiano;Varese;1;1.478;9,02;;8,70;;1,32;4,01;0,61;20,25
03012119;Saronno;Varese;1;38.476;8,49;;6,98;;5,04;4,14;4,29;25,91
03012120;Sesto Calende;Varese;1;11.160;7,45;;10,66;;3,77;3,35;2,01;24,76
03012121;Solbiate Arno;Varese;1;4.004;10,19;;10,66;;2,59;3,62;0,73;23,48
03012122;Solbiate Olona;Varese;1;5.350;8,01;;10,63;;5,27;2,81;2,53;25,64
03012123;Somma Lombardo;Varese;1;17.467;10,42;;11,22;;3,25;4,28;2,62;25,68
03012124;Sumirago;Varese;1;6.056;8,23;;8,86;;0,40;5,54;1,37;20,74
03012125;Taino;Varese;1;3.597;21,48;;11,29;;1,84;4,25;4,48;24,77
03012126;Ternate;Varese;1;2.526;6,21;;7,35;;0,87;1,43;2,49;17,14
03012128;Travedona-Monate;Varese;1;3.999;14,54;;9,98;;0,44;6,24;1,73;23,82
03012130;Uboldo;Varese;1;10.642;9,81;;12,71;;1,62;6,50;1,40;26,44
03012131;Valganna;Varese;1;1.583;6,73;;19,21;;4,73;4,76;;31,55
03012132;Varano Borghi;Varese;1;2.450;18,50;;6,17;;0,80;2,44;1,66;19,37
03012133;Varese;Varese;1;80.039;7,80;;9,94;;2,37;13,83;5,72;38,58
03012134;Vedano Olona;Varese;1;7.292;10,06;;8,39;;4,00;3,34;2,58;22,95
03012136;Venegono Inferiore;Varese;1;5.973;9,46;;9,50;;3,81;4,17;0,94;23,42
03012137;Venegono Superiore;Varese;1;7.282;7,85;;8,74;;1,69;4,09;1,10;21,39
03012138;Vergiate;Varese;1;8.649;16,59;;10,43;;0,44;11,67;0,27;27,95
03012139;Viggiu;Varese;1;5.066;11,21;;8,89;;1,10;5,06;2,24;24,79
03012140;Vizzola Ticino;Varese;1;566;5,78;;9,13;;;10,77;0,36;23,92
05027002;Campagna Lupia;Venezia;1;7.171;17,75;;18,42;;1,25;5,12;2,16;33,37
05027003;Campolongo Maggiore;Venezia;1;10.717;21,06;;18,78;;1,00;5,10;3,05;35,11
05027004;Camponogara;Venezia;1;13.158;16,66;;17,88;;1,33;4,94;3,84;34,17
05027005;Caorle;Venezia;1;11.383;18,90;;16,33;;6,37;10,01;6,70;57,35
05027044;Cavallino-Treporti;Venezia;1;13.445;16,85;;10,62;;3,45;4,50;2,57;32,97
05027006;Cavarzere;Venezia;1;13.139;18,20;;9,60;;3,83;3,92;4,50;31,98
05027007;Ceggia;Venezia;1;6.103;17,34;;13,44;;1,63;4,73;2,83;28,23
05027008;Chioggia;Venezia;1;48.130;11,65;;13,72;;5,45;5,34;10,40;43,86
05027009;Cinto Caomaggiore;Venezia;1;3.161;13,01;;10,62;;0,54;4,45;2,94;26,02
05027010;Cona;Venezia;1;2.884;34,07;;14,54;;1,07;4,67;6,96;37,12
05027011;Concordia Sagittaria;Venezia;1;10.252;16,20;;12,67;;2,51;3,82;1,41;27,14
05027012;Dolo;Venezia;1;15.046;24,22;;18,51;;3,23;4,77;5,18;44,19
05027013;Eraclea;Venezia;1;12.144;20,37;;12,71;;4,05;5,22;5,24;37,61
05027014;Fiesso d'Artico;Venezia;1;8.406;13,90;;20,01;;1,95;5,41;4,77;38,31
05027015;Fossalta di Piave;Venezia;1;4.166;22,02;;11,69;;0,99;3,39;6,42;28,02
05027016;Fossalta di Portogruaro;Venezia;1;5.833;11,12;;11,23;;;3,97;2,67;26,82
05027017;Fosso;Venezia;1;7.023;16,61;;17,42;;1,27;4,93;2,26;32,79
05027018;Gruaro;Venezia;1;2.776;11,80;;9,25;;1,38;4,69;3,06;27,80
05027019;Jesolo;Venezia;1;26.145;16,13;;13,79;;6,13;7,32;6,66;47,87
05027020;Marcon;Venezia;1;17.433;14,63;;15,78;;1,09;4,52;2,56;31,39
05027021;Martellago;Venezia;1;21.401;11,96;;9,35;;1,83;3,66;2,98;24,60
05027022;Meolo;Venezia;1;6.257;20,83;;15,11;;0,88;4,36;2,99;30,23
05027023;Mira;Venezia;1;37.974;23,08;;20,37;;1,82;5,52;8,55;42,48
05027024;Mirano;Venezia;1;27.285;14,09;;10,39;;2,42;3,99;3,30;29,94
05027025;Musile di Piave;Venezia;1;11.296;18,05;;11,50;;1,44;3,91;2,19;26,83
05027026;Noale;Venezia;1;16.153;13,04;;9,73;;3,49;4,07;2,17;26,67
05027027;Noventa di Piave;Venezia;1;6.990;12,48;;8,75;;0,87;3,66;2,79;23,24
05027028;Pianiga;Venezia;1;12.285;14,41;;16,06;;1,00;4,75;1,87;30,73
05027029;Portogruaro;Venezia;1;24.465;9,29;;12,42;;2,60;5,07;1,87;30,48
05027031;Quarto d'Altino;Venezia;1;8.003;23,93;;16,56;;1,01;5,06;2,86;34,86
05027032;Salzano;Venezia;1;12.892;18,31;;18,70;;1,70;6,80;2,83;37,12
05027033;San Dona  di Piave;Venezia;1;42.131;21,68;;14,43;;2,26;4,37;6,13;33,91
05027034;San Michele al Tagliamento;Venezia;1;11.750;15,35;;15,46;;5,43;6,65;4,66;42,81
05027036;San Stino di Livenza;Venezia;1;12.805;13,37;;9,98;;2,13;4,49;2,27;28,42
05027035;Santa Maria di Sala;Venezia;1;17.604;22,56;;10,19;;1,10;5,57;2,32;27,13
05027037;Scorze;Venezia;1;19.002;11,94;;8,60;;2,09;3,46;2,39;23,62
05027038;Spinea;Venezia;1;27.446;14,90;;10,54;;2,48;4,21;2,89;27,53
05027039;Stra;Venezia;1;7.589;16,40;;20,35;;3,09;7,07;3,38;40,08
05027040;Teglio Veneto;Venezia;1;2.250;14,32;;10,80;;1,94;5,04;3,62;29,75
05027041;Torre di Mosto;Venezia;1;4.804;11,86;;14,15;;1,52;4,65;0,56;26,83
05027042;Venezia;Venezia;1;255.609;40,13;;17,17;;11,79;9,41;9,67;65,22
05027043;Vigonovo;Venezia;1;9.973;16,98;;18,52;;1,96;5,58;3,98;37,15
01103072;Verbania - Dato aggregazione CONSORZIO RIFIUTI DEL VERBANO CUSIO OSSOLA;Verbano-Cusio-Ossola;74;155.065;30,12;;20,02;;4,04;4,75;3,27;36,91
01002021;Buronzo - Dato aggregazione CONSORZIO OBBLIGATORIO COMUNI DEL VERCELLESE E DELLA VALSESIA PER LA GESTIONE DEI RIFIUTI URBANI;Vercelli;79;107.417;13,12;;22,48;;2,52;2,35;1,54;31,87
01002158;Vercelli;Vercelli;1;45.875;13,38;;7,93;;2,84;8,18;4,93;31,61
05023002;Albaredo d'Adige;Verona;1;5.209;8,31;;10,23;;1,16;4,20;1,82;23,61
05023003;Angiari;Verona;1;2.382;14,97;;18,74;;0,43;3,95;2,81;30,51
05023004;Arcole;Verona;1;6.286;8,36;;13,19;;1,70;3,02;0,73;25,77
05023007;Belfiore;Verona;1;3.219;14,05;;14,94;;0,77;4,51;3,61;29,03
05023008;Bevilacqua;Verona;1;1.752;9,60;;8,22;;1,35;4,13;;20,08
05023009;Bonavigo;Verona;1;1.961;7,12;;8,55;;0,52;3,37;0,58;18,34
05023010;Boschi Sant'Anna;Verona;1;1.362;8,10;;14,12;;0,46;6,55;0,65;27,29
05023012;Bovolone;Verona;1;16.007;12,46;;13,25;;0,96;6,07;2,04;26,68
05023015;Bussolengo - Dato aggregazione Consorzio Verona Due del Quadrilatero;Verona;57;404.182;14,92;;11,21;;2,25;4,13;1,76;27,77
05023019;Casaleone;Verona;1;5.513;11,14;;15,77;;0,38;4,71;3,61;28,70
05023020;Castagnaro;Verona;1;3.630;14,76;;12,51;;1,68;0,65;2,07;23,55
05023025;Cerea;Verona;1;16.640;8,40;;8,85;;2,04;3,49;1,69;20,26
05023027;Cologna Veneta;Verona;1;8.423;7,79;;8,12;;2,37;3,99;2,10;23,90
05023029;Concamarise;Verona;1;1.082;10,27;;15,95;;0,75;4,20;3,37;27,72
05023032;Erbe;Verona;1;1.900;26,27;;23,40;;0,18;4,44;2,70;35,76
05023037;Gazzo Veronese;Verona;1;5.237;11,00;;16,52;;1,18;4,64;2,75;29,44
05023040;Isola della Scala;Verona;1;11.463;11,07;;14,74;;1,66;4,65;3,12;26,65
05023041;Isola Rizza;Verona;1;3.205;12,80;;18,52;;0,16;6,37;4,21;33,56
05023044;Legnago;Verona;1;25.206;6,56;;9,65;;3,57;3,84;0,94;23,46
05023048;Minerbe;Verona;1;4.519;5,05;;8,25;;1,30;3,90;0,77;19,47
05023053;Nogara;Verona;1;8.331;13,22;;14,95;;1,33;4,82;3,91;30,01
05023054;Nogarole Rocca;Verona;1;3.793;5,50;;13,79;;1,42;3,69;3,63;26,42
05023055;Oppeano;Verona;1;10.170;12,67;;15,48;;0,14;4,03;3,04;27,74
05023056;Palu;Verona;1;1.215;8,74;;21,99;;;5,60;2,50;33,04
05023061;Pressana - Dato aggregazione UNIONE COMUNI ADIGE GUA';Verona;4;13.976;5,93;;8,73;;0,39;3,53;0,51;18,42
05023064;Ronco all'Adige;Verona;1;5.898;8,58;;13,00;;0,79;4,17;1,59;24,95
05023065;Roverchiara;Verona;1;2.564;7,25;;15,04;;0,41;5,77;3,40;28,53
05023068;Salizzole;Verona;1;3.749;6,10;;15,38;;0,13;7,09;3,28;29,18
05023071;San Giovanni Lupatoto;Verona;1;25.044;12,19;;11,63;;3,58;4,88;1,78;28,50
05023075;San Pietro di Morubio;Verona;1;3.013;8,61;;17,19;;1,24;6,60;3,11;31,69
05023072;Sanguinetto;Verona;1;4.069;6,13;;9,09;;2,55;3,80;1,45;22,38
05023082;Sommacampagna;Verona;1;14.636;3,43;;6,18;;2,39;5,01;3,17;22,36
05023084;Sorga;Verona;1;2.938;7,27;;12,56;;0,68;4,52;2,86;24,36
05023085;Terrazzo;Verona;1;2.127;7,82;;19,79;;0,23;6,80;2,69;32,95
05023088;Trevenzuolo;Verona;1;2.721;5,49;;19,33;;0,50;4,69;3,10;31,32
05023091;Verona;Verona;1;257.838;6,74;;10,39;;5,81;7,19;3,66;35,12
05023094;Vigasio;Verona;1;10.197;10,25;;12,60;;1,26;4,45;2,53;25,42
05023095;Villa Bartolomea;Verona;1;5.759;5,22;;8,94;;0,78;7,00;1,44;22,12
05023097;Zevio;Verona;1;15.075;54,74;;0,04;;0,51;4,89;0,09;21,81
18102001;Acquaro;Vibo Valentia;1;1.945;43,65;;11,67;;3,51;0,98;0,09;42,20
18102005;Capistrano;Vibo Valentia;1;965;;;;;;10,65;1,82;22,56
18102007;Dasa;Vibo Valentia;1;1.108;21,25;;22,43;;0,23;6,81;2,43;38,62
18102009;Drapia;Vibo Valentia;1;2.042;24,35;;16,77;;;2,54;;33,46
18102013;Filogaso;Vibo Valentia;1;1.348;;;;;1,06;;;25,11
18102016;Gerocarne;Vibo Valentia;1;1.962;74,60;;4,38;;;;;40,67
18102019;Limbadi;Vibo Valentia;1;3.331;3,05;;24,20;;4,24;12,97;;39,27
18102020;Maierato;Vibo Valentia;1;2.043;104,15;;8,38;;;;;55,09
18102031;Rombiolo;Vibo Valentia;1;4.442;7,31;;20,83;;1,60;8,04;;32,85
18102037;Serra San Bruno;Vibo Valentia;1;6.456;10,09;;66,06;;;2,53;;54,57
18102040;Soriano Calabro;Vibo Valentia;1;2.290;7,81;;22,74;;5,97;4,05;0,68;40,49
18102042;Spilinga;Vibo Valentia;1;1.426;27,19;;20,05;;4,24;1,05;;44,28
18102044;Tropea;Vibo Valentia;1;6.051;11,16;;6,65;;6,03;0,95;;34,11
18102045;Vallelonga;Vibo Valentia;1;734;22,00;;11,00;;1,24;3,73;;32,87
18102047;Vibo Valentia;Vibo Valentia;1;31.097;15,46;;11,80;;5,26;9,81;15,41;88,80
18102049;Zambrone;Vibo Valentia;1;1.762;10,12;;10,45;;10,66;1,16;;32,17
18102050;Zungri;Vibo Valentia;1;1.902;45,76;;4,51;;8,16;7,25;;57,48
05024002;Albettone;Vicenza;1;1.975;23,68;;9,79;;0,46;2,22;2,39;23,90
05024003;Alonte;Vicenza;1;1.580;15,78;;3,41;;0,87;5,98;;18,27
05024004;Altavilla Vicentina;Vicenza;1;11.810;10,10;;9,66;;2,30;2,74;1,10;22,85
05024005;Altissimo;Vicenza;1;2.144;20,73;;16,12;;0,08;5,23;0,54;30,35
05024006;Arcugnano;Vicenza;1;7.708;18,88;;2,61;;0,15;8,20;2,36;23,24
05024007;Arsiero;Vicenza;1;3.050;8,82;;10,17;;3,52;4,31;4,44;25,82
05024008;Arzignano;Vicenza;1;25.066;19,35;;10,23;;2,08;2,67;0,83;26,46
05024010;Asigliano Veneto;Vicenza;1;865;2,73;;0,68;;0,37;0,63;1,34;22,54
05024124;Barbarano Mossano;Vicenza;1;6.283;45,44;;0,25;;0,39;5,49;0,81;25,93
05024012;Bassano del Grappa - Dato aggregazione ETRA Spa;Vicenza;54;494.028;8,44;;11,69;;1,21;6,95;2,89;29,15
05024013;Bolzano Vicentino;Vicenza;1;6.384;9,91;;10,52;;0,47;9,09;;27,15
05024014;Breganze;Vicenza;1;8.459;10,30;;10,77;;1,19;3,60;2,77;21,66
05024015;Brendola;Vicenza;1;6.542;18,86;;12,21;;2,04;4,19;2,82;29,37
05024016;Bressanvido;Vicenza;1;3.201;12,20;;8,98;;0,71;3,38;1,05;20,08
05024017;Brogliano;Vicenza;1;3.998;13,22;;13,77;;0,99;3,72;3,18;28,48
05024018;Caldogno;Vicenza;1;11.280;10,05;;4,95;;2,86;3,04;1,73;19,24
05024019;Caltrano;Vicenza;1;2.529;7,77;;10,89;;1,30;2,95;5,06;23,24
05024020;Calvene;Vicenza;1;1.302;8,17;;11,61;;1,38;4,78;4,96;25,39
05024021;Camisano Vicentino;Vicenza;1;11.165;14,01;;8,52;;0,90;3,81;1,31;21,66
05024022;Campiglia dei Berici;Vicenza;1;1.669;12,59;;10,61;;1,79;3,26;2,67;24,21
05024024;Carre;Vicenza;1;3.535;5,80;;8,65;;0,95;;;12,83
05024026;Cassola;Vicenza;1;14.932;10,20;;9,60;;0,96;7,04;3,34;31,62
05024027;Castegnero;Vicenza;1;2.853;26,55;;7,93;;0,26;4,14;1,04;20,72
05024028;Castelgomberto;Vicenza;1;6.093;15,29;;11,92;;1,25;2,90;0,37;24,78
05024029;Chiampo;Vicenza;1;12.502;19,16;;11,01;;0,98;3,14;2,80;27,16
05024030;Chiuppano;Vicenza;1;2.506;6,81;;8,14;;0,97;;;12,43
05024032;Cogollo del Cengio;Vicenza;1;3.141;10,02;;11,07;;1,77;6,39;2,78;25,82
05024126;Colceresa;Vicenza;1;5.986;20,54;;10,14;;;2,25;2,48;22,75
05024034;Cornedo Vicentino;Vicenza;1;11.766;18,83;;13,30;;0,91;3,31;1,14;28,84
05024035;Costabissara;Vicenza;1;7.659;22,67;;12,37;;3,13;2,27;0,25;20,68
05024036;Creazzo;Vicenza;1;11.260;19,13;;11,17;;1,53;5,00;1,35;27,54
05024037;Crespadoro;Vicenza;1;1.277;28,34;;20,09;;;12,86;0,60;42,78
05024038;Dueville;Vicenza;1;13.849;8,32;;9,63;;1,82;2,67;1,05;20,86
05024040;Fara Vicentino;Vicenza;1;3.624;7,69;;9,58;;1,16;4,88;2,39;21,16
05024043;Gambellara;Vicenza;1;3.363;13,02;;13,02;;0,42;3,12;0,55;25,16
05024044;Gambugliano;Vicenza;1;838;28,34;;16,78;;2,60;11,82;0,56;46,86
05024046;Grisignano di Zocco;Vicenza;1;4.249;15,55;;9,26;;0,31;4,24;0,98;22,94
05024047;Grumolo delle Abbadesse;Vicenza;1;3.745;15,56;;9,27;;0,28;3,72;1,02;21,98
05024048;Isola Vicentina;Vicenza;1;10.197;10,64;;7,76;;0,78;3,31;3,63;22,49
05024049;Laghi;Vicenza;1;127;21,62;;6,31;;22,52;12,89;4,26;54,93
05024050;Lastebasse;Vicenza;1;184;17,26;;13,55;;1,86;4,31;4,20;31,58
05024051;Longare;Vicenza;1;5.548;11,73;;7,19;;0,48;5,27;0,78;19,83
05024052;Lonigo;Vicenza;1;15.625;12,12;;6,91;;3,38;1,72;1,12;21,19
05024053;Lugo di Vicenza;Vicenza;1;3.610;7,96;;8,29;;2,25;4,63;2,18;20,54
05024127;Lusiana Conco;Vicenza;1;4.671;9,77;;17,76;;0,92;8,95;3,42;35,48
05024055;Malo;Vicenza;1;14.649;8,83;;8,72;;1,08;3,62;2,74;19,95
05024056;Marano Vicentino;Vicenza;1;9.421;19,25;;10,86;;1,45;5,94;2,54;26,03
05024057;Marostica;Vicenza;1;14.128;12,67;;7,67;;1,23;1,03;1,28;17,23
05024063;Monte di Malo;Vicenza;1;2.784;11,12;;10,13;;1,43;3,70;2,46;21,07
05024060;Montebello Vicentino;Vicenza;1;6.372;17,18;;14,68;;1,82;3,10;0,83;28,49
05024061;Montecchio Maggiore;Vicenza;1;22.802;17,77;;11,50;;3,48;2,98;1,84;28,02
05024062;Montecchio Precalcino;Vicenza;1;4.933;8,54;;7,50;;0,24;3,31;0,99;17,67
05024064;Montegalda;Vicenza;1;3.379;9,62;;9,32;;0,58;4,05;0,88;20,84
05024065;Montegaldella;Vicenza;1;1.808;24,22;;9,47;;0,16;3,60;1,00;22,24
05024066;Monteviale;Vicenza;1;2.873;17,69;;12,01;;0,71;4,96;0,68;26,86
05024067;Monticello Conte Otto;Vicenza;1;8.806;8,80;;8,52;;1,02;3,05;1,02;19,36
05024068;Montorso Vicentino;Vicenza;1;3.042;14,35;;16,04;;0,48;2,90;1,40;30,44
05024071;Nanto;Vicenza;1;3.076;28,16;;7,75;;0,91;3,79;0,33;22,89
05024072;Nogarole Vicentino;Vicenza;1;1.234;20,08;;15,55;;0,83;11,50;0,48;38,31
05024074;Noventa Vicentina;Vicenza;1;8.939;34,27;;4,19;;0,29;2,96;0,80;18,70
05024075;Orgiano;Vicenza;1;3.027;27,89;;8,46;;0,44;3,57;1,96;21,29
05024076;Pedemonte;Vicenza;1;705;5,20;;10,68;;1,10;4,60;4,39;22,79
05024077;Pianezze;Vicenza;1;2.169;16,85;;9,00;;;2,07;0,62;21,49
05024078;Piovene Rocchette;Vicenza;1;8.176;11,72;;9,64;;1,27;4,77;4,64;24,32
05024079;Pojana Maggiore;Vicenza;1;4.277;;;0,50;;0,20;0,48;1,78;18,85
05024080;Posina;Vicenza;1;560;8,19;;10,29;;1,45;10,39;4,20;29,42
05024083;Quinto Vicentino;Vicenza;1;5.808;13,18;;7,09;;0,56;3,38;0,95;18,89
05024084;Recoaro Terme;Vicenza;1;6.174;19,54;;15,13;;1,04;3,25;1,14;28,85
05024088;Rossano Veneto;Vicenza;1;8.158;10,36;;10,62;;0,59;6,31;2,56;27,45
05024090;Salcedo;Vicenza;1;1.025;16,21;;14,16;;;5,42;1,02;26,73
05024094;San Pietro Mussolino;Vicenza;1;1.565;22,34;;20,57;;0,10;7,20;1,35;37,42
05024096;San Vito di Leguzzano;Vicenza;1;3.618;11,68;;8,73;;1,76;4,37;2,14;21,05
05024091;Sandrigo;Vicenza;1;8.195;10,83;;10,71;;1,31;4,59;4,17;26,81
05024095;Santorso;Vicenza;1;5.575;9,75;;7,49;;1,07;5,85;5,44;24,08
05024097;Sarcedo;Vicenza;1;5.323;19,14;;11,96;;2,21;5,70;2,97;27,66
05024098;Sarego;Vicenza;1;6.652;89,26;;0,51;;0,25;1,67;1,05;24,48
05024100;Schio;Vicenza;1;38.775;21,71;;12,84;;1,99;4,82;4,33;29,60
05024102;Sossano;Vicenza;1;4.182;12,54;;13,89;;;3,88;0,74;21,44
05024103;Sovizzo;Vicenza;1;7.471;14,39;;11,69;;1,38;2,51;0,76;27,03
05024105;Thiene;Vicenza;1;23.702;9,57;;11,36;;1,51;2,59;3,20;22,05
05024106;Tonezza del Cimone;Vicenza;1;512;10,14;;16,07;;4,65;6,92;4,70;35,83
05024108;Torri di Quartesolo;Vicenza;1;11.678;14,14;;10,22;;1,34;2,67;0,94;22,60
05024110;Trissino;Vicenza;1;8.650;15,72;;10,66;;1,34;3,55;1,47;24,57
05024123;Val Liona;Vicenza;1;3.032;48,97;;6,42;;0,31;4,32;0,55;24,01
05024111;Valdagno;Vicenza;1;25.319;20,53;;11,88;;2,63;6,71;1,69;30,69
05024113;Valli del Pasubio;Vicenza;1;3.030;5,45;;15,49;;1,56;10,07;5,09;31,04
05024115;Velo d'Astico;Vicenza;1;2.238;8,88;;11,55;;6,50;4,15;5,39;30,55
05024116;Vicenza;Vicenza;1;109.290;9,47;;5,68;;5,42;4,35;4,59;29,57
05024117;Villaga;Vicenza;1;1.923;20,08;;7,77;;0,72;5,24;1,22;22,37
05024118;Villaverla;Vicenza;1;6.101;15,09;;8,76;;1,13;4,23;2,12;20,87
05024119;Zane;Vicenza;1;6.623;9,58;;9,22;;1,21;3,06;3,52;20,30
05024120;Zermeghedo;Vicenza;1;1.340;17,78;;14,16;;1,62;5,65;0,37;30,92
05024121;Zovencedo;Vicenza;1;794;17,70;;4,11;;0,77;9,48;;24,42
05024122;Zugliano;Vicenza;1;6.833;8,99;;9,05;;2,36;4,53;3,04;22,67
12056003;Bagnoregio;Viterbo;1;3.479;4,32;;13,68;;3,34;5,58;13,12;35,81
12056004;Barbarano Romano;Viterbo;1;977;26,65;;2,97;;7,38;3,91;;37,19
12056005;Bassano Romano;Viterbo;1;4.509;;;27,47;;4,17;6,91;0,82;41,55
12056007;Blera;Viterbo;1;3.034;22,92;;14,17;;;5,91;5,23;39,79
12056008;Bolsena;Viterbo;1;3.792;12,25;;6,52;;9,74;3,77;0,76;32,97
12056009;Bomarzo;Viterbo;1;1.689;24,01;;22,96;;5,42;3,68;2,36;43,47
12056010;Calcata;Viterbo;1;880;44,64;;7,25;;;20,87;;45,87
12056011;Canepina;Viterbo;1;2.962;29,30;;28,17;;14,74;3,87;0,77;49,25
12056012;Canino;Viterbo;1;5.145;14,36;;9,27;;11,43;9,31;0,39;42,25
12056013;Capodimonte;Viterbo;1;1.644;;;12,67;;1,11;11,03;;34,63
12056014;Capranica;Viterbo;1;6.405;9,16;;16,98;;4,71;11,28;9,91;48,46
12056015;Caprarola;Viterbo;1;5.236;29,29;;16,23;;3,64;;;30,20
12056017;Castel Sant'Elia;Viterbo;1;2.457;81,93;;5,63;;;4,82;2,71;42,24
12056018;Castiglione in Teverina;Viterbo;1;2.278;25,67;;25,76;;;;;36,35
12056019;Celleno;Viterbo;1;1.304;40,37;;9,11;;7,98;6,74;0,20;40,42
12056020;Cellere;Viterbo;1;1.075;17,27;;35,30;;8,07;10,73;;58,00
12056022;Civitella d'Agliano;Viterbo;1;1.509;15,09;;12,24;;;1,67;;23,24
12056023;Corchiano;Viterbo;1;3.559;15,19;;19,19;;8,97;3,97;;70,61
12056024;Fabrica di Roma;Viterbo;1;8.044;14,38;;14,73;;1,41;8,66;0,61;35,70
12056025;Faleria;Viterbo;1;1.986;85,79;;4,22;;;8,46;0,94;38,34
12056026;Farnese;Viterbo;1;1.392;38,78;;38,62;;;7,07;;61,81
12056027;Gallese;Viterbo;1;2.665;33,94;;34,87;;4,91;2,86;1,99;50,99
12056028;Gradoli;Viterbo;1;1.281;26,14;;25,56;;7,31;6,34;7,97;48,43
12056029;Graffignano;Viterbo;1;2.161;39,51;;8,12;;9,11;17,46;2,18;52,87
12056031;Ischia di Castro;Viterbo;1;2.183;9,44;;9,25;;3,15;6,97;;28,00
12056033;Lubriano;Viterbo;1;882;27,96;;9,86;;9,15;6,92;0,21;43,15
12056034;Marta;Viterbo;1;3.299;48,72;;15,14;;7,36;0,77;0,84;36,85
12056035;Montalto di Castro;Viterbo;1;8.788;14,50;;17,78;;4,93;9,60;6,21;57,40
12056037;Monte Romano;Viterbo;1;1.920;47,23;;21,60;;5,87;6,72;2,65;59,03
12056038;Monterosi;Viterbo;1;4.653;5,55;;21,63;;6,05;1,60;;33,12
12056039;Nepi;Viterbo;1;8.890;36,93;;53,51;;6,39;8,88;34,86;99,26
12056045;Ronciglione;Viterbo;1;8.313;7,97;;18,71;;5,50;3,72;3,18;37,25
12056047;San Lorenzo Nuovo;Viterbo;1;1.985;25,25;;11,47;;7,69;8,49;0,76;38,72
12056048;Soriano nel Cimino;Viterbo;1;7.969;17,26;;10,96;;5,25;6,42;33,23;63,26
12056049;Sutri;Viterbo;1;6.501;4,32;;13,43;;2,55;10,24;;33,39
12056050;Tarquinia;Viterbo;1;16.051;4,25;;13,45;;3,26;6,32;3,60;30,33
12056053;Valentano;Viterbo;1;2.702;20,52;;16,52;;6,85;7,14;0,62;39,81
12056054;Vallerano;Viterbo;1;2.450;9,94;;19,16;;8,80;2,45;2,49;38,20
12056056;Vejano;Viterbo;1;2.155;11,81;;21,43;;3,88;9,41;0,25;41,41
12056058;Vignanello;Viterbo;1;4.350;5,24;;16,68;;10,72;2,41;9,24;46,33
12056046;Villa San Giovanni in Tuscia;Viterbo;1;1.207;40,32;;3,63;;16,86;5,59;;48,38
12056059;Viterbo;Viterbo;1;65.050;10,43;;29,20;;4,63;4,33;5,72;42,80
12056060;Vitorchiano;Viterbo;1;5.221;13,82;;17,95;;6,31;5,80;2,11;42,76
NB: i dati riportati in tabella si riferiscono esclusivamente ai costi sostenuti dagli enti locali per il servizio di gestione dei rifiuti urbani e assimilati e non tengono, pertanto, conto dei proventi ottenuti dalla vendita di materiali e di energia derivanti dai rifiuti.;;;;;;;;;;;;
Legenda: codifiche delle voci di costo riportate nelle tabelle dal 2020;;;;;;;;;;;;
CRT ab: Costi di raccolta e trasporto dei rifiuti urbani indifferenziati (euro/abitante x anno);;;;;;;;;;;;
CTS ab: Costi di trattamento e smaltimento dei rifiuti urbani indifferenziati (euro/abitante x anno);;;;;;;;;;;;
CRD ab:	Costi di raccolta e trasporto dei rifiuti urbani differenziati (euro/abitante x anno);;;;;;;;;;;;
CTR ab: Costi di trattamento e riciclo dei rifiuti urbani differenziati (euro/abitante x anno);;;;;;;;;;;;
CSL ab: Costi di spazzamento e lavaggio delle strade (euro/abitante x anno);;;;;;;;;;;;
CC ab: Costi comuni (euro/abitante x anno);;;;;;;;;;;;
CK ab: Costi di remunerazione del capitale (euro/abitante x anno);;;;;;;;;;;;
Altri costi: Altri costi (euro/abitante x anno);;;;;;;;;;;;
CTOT ab: Costi totali di gestione del servizio di igiene urbana (euro/abitante x anno);;;;;;;;;;;;
CRT kg: Costi di raccolta e trasporto dei rifiuti urbani indifferenziati (eurocentesimi/kg);;;;;;;;;;;;
CRD kg: Costi di raccolta e trasporto dei rifiuti urbani differenziati (eurocentesimi/kg);;;;;;;;;;;;
CSL kg:	Costi di spazzamento e lavaggio delle strade (eurocentesimi/kg);;;;;;;;;;;;
CC kg: Costi comuni (eurocentesimi/kg);;;;;;;;;;;;
CK kg:Costi di remunerazione del capitale (eurocentesimi/kg);;;;;;;;;;;;
CTOT kg:Costi totali di gestione del servizio di igiene urbana (eurocentesimi/kg);;;;;;;;;;;;
Legenda: codifiche delle voci di costo riportate nelle tabelle fino al 2019;;;;;;;;;;;;
CRT ab: Costi di raccolta e trasporto dei rifiuti urbani indifferenziati (euro/abitante x anno);;;;;;;;;;;;
CTS ab: Costi di trattamento e smaltimento dei rifiuti urbani indifferenziati (euro/abitante x anno);;;;;;;;;;;;
CAC ab:	Altri costi di gestione dei rifiuti urbani indifferenziati (euro/abitante x anno);;;;;;;;;;;;
CGIND ab: Costi totale di gestione dei rifiuti urbani indifferenziati (euro/abitante x anno);;;;;;;;;;;;
CRD ab:	Costi di raccolta e trasporto dei rifiuti urbani differenziati (euro/abitante x anno);;;;;;;;;;;;
CTR ab: Costi di trattamento e riciclo dei rifiuti urbani differenziati (euro/abitante x anno);;;;;;;;;;;;
CGD ab:	Costi totali di gestione  dei rifiuti urbani differenziati (euro/abitante x anno);;;;;;;;;;;;
CSL ab: Costi di spazzamento e lavaggio delle strade (euro/abitante x anno);;;;;;;;;;;;
CC ab: Costi comuni (euro/abitante x anno);;;;;;;;;;;;
CK ab: Costi di remunerazione del capitale (euro/abitante x anno);;;;;;;;;;;;
CTOT ab: Costi totali di gestione del servizio di igiene urbana (euro/abitante x anno);;;;;;;;;;;;
CRT kg: Costi di raccolta e trasporto dei rifiuti urbani indifferenziati (eurocentesimi/kg);;;;;;;;;;;;
CTS kg:	Costi di trattamento e smaltimento dei rifiuti urbani indifferenziati (eurocentesimi/kg);;;;;;;;;;;;
CAC kg:	Altri costi di gestione dei rifiuti urbani indifferenziati (eurocentesimi/kg);;;;;;;;;;;;
CGIND kg: Costi totale di gestione dei rifiuti urbani indifferenziati (eurocentesimi/kg);;;;;;;;;;;;
CRD kg: Costi di raccolta e trasporto dei rifiuti urbani differenziati (eurocentesimi/kg);;;;;;;;;;;;
CTR kg:	Costi di trattamento e riciclo dei rifiuti urbani differenziati (eurocentesimi/kg);;;;;;;;;;;;
CGD kg:	Costi totali di gestione  dei rifiuti urbani differenziati (eurocentesimi/kg);;;;;;;;;;;;
CSL kg:	Costi di spazzamento e lavaggio delle strade (eurocentesimi/kg);;;;;;;;;;;;
CC kg: Costi comuni (eurocentesimi/kg);;;;;;;;;;;;
CK kg:Costi di remunerazione del capitale (eurocentesimi/kg);;;;;;;;;;;;
CTOT kg:Costi totali di gestione del servizio di igiene urbana (eurocentesimi/kg);;;;;;;;;;;;
