		Costi comunali pro capite - Regione Italia - anno 2022 (ISPRA)
		(i dati sui costi sono espressi in (Euro/abitante*anno));
		IstatComune;Comune o Aggregazione;Provincia;Numero di comuni;Pop.(abitanti);CRTab;CTSab;CRDab;CTRab;CSLab;CCab;CKab;Altri costi;CTOTab
19084001;Agrigento;Agrigento;1   ;          55.512;14,59;26,40;68,95;42,05;21,86;52,32;58,29;;             284,47;
19084002;Alessandria della Rocca;Agrigento;1   ;           2.452;23,92;22,90;119,61;20,43;;127,71;;;             314,56;
19084004;Bivona;Agrigento;1   ;           3.214;8,76;20,96;43,82;33,40;;11,84;0,95;;             119,74;
19084007;Caltabellotta;Agrigento;1   ;           3.194;7,76;20,63;37,87;41,77;18,24;22,67;20,80;;             169,74;
19084010;Campobello di Licata;Agrigento;1   ;           9.062;24,32;26,46;58,90;25,50;31,28;68,07;41,86;;             276,40;
19084014;Cattolica Eraclea;Agrigento;1   ;           3.300;15,21;45,57;78,03;;10,61;;;;             149,41;
19084015;Cianciana;Agrigento;1   ;           3.103;30,88;29,04;91,38;24,45;1,69;21,28;7,44;;             206,16;
19084017;Favara;Agrigento;1   ;          31.593;28,68;41,36;46,87;13,34;41,41;34,03;10,63;;             216,32;
19084019;Joppolo Giancaxio;Agrigento;1   ;           1.082;18,06;7,23;4,15;22,85;10,17;31,57;6,58;;             100,62;
19084021;Licata;Agrigento;1   ;          34.287;40,80;92,52;16,53;16,53;15,63;44,94;15,08;10,71;             252,75;
19084023;Menfi;Agrigento;1   ;          11.814;36,58;28,24;53,19;6,22;2,32;14,00;;;             140,54;
19084025;Montevago;Agrigento;1   ;           2.695;17,95;40,10;37,38;18,99;2,59;10,76;;;             127,77;
19084027;Palma di Montechiaro;Agrigento;1   ;          21.373;61,99;39,47;10,33;;31,00;21,54;21,78;6,55;             192,65;
19084030;Raffadali;Agrigento;1   ;          12.008;10,29;26,04;54,07;9,67;14,79;27,03;7,02;;             148,91;
19084033;Ribera;Agrigento;1   ;          17.836;22,23;13,84;105,85;44,74;3,64;18,03;4,85;;             213,17;
19084035;San Biagio Platani;Agrigento;1   ;           2.860;24,69;18,57;115,03;33,69;;18,66;;;             210,64;
19084036;San Giovanni Gemini;Agrigento;1   ;           7.517;13,24;12,19;44,71;22,60;7,81;15,68;13,95;;             130,17;
19084038;Santa Margherita di Belice;Agrigento;1   ;           6.056;56,83;25,06;12,45;26,55;0,23;;;;             121,12;
19084040;Santo Stefano Quisquina;Agrigento;1   ;           4.070;11,98;16,46;59,91;32,63;6,17;19,40;0,73;;             147,28;
19084041;Sciacca;Agrigento;1   ;          38.967;12,11;31,53;58,87;44,83;12,46;21,74;16,08;0,25;             197,88;
01006001;Acqui Terme - Dato aggregazione CSR - CONSORZIO SERVIZI RIFIUTI DEL NOVESE, TORTONESE, ACQUESE E OVADESE;Alessandria;35  ;          60.691;28,41;15,08;75,46;17,77;22,03;35,16;23,64;0,38;             217,94;
01006002;Albera Ligure;Alessandria;1   ;             303;41,32;63,61;17,50;16,91;;30,45;18,82;51,86;             240,46;
01006003;Alessandria;Alessandria;1   ;          91.059;35,19;;24,80;;31,81;29,91;5,74;;             127,45;
01006005;Alice Bel Colle;Alessandria;Vedi aggregazione: CSR - CONSORZIO SERVIZI RIFIUTI DEL NOVESE, TORTONESE, ACQUESE E OVADESE;
01006192;Alluvioni Piovera;Alessandria;1   ;           1.618;9,15;13,87;49,61;14,55;7,76;30,77;25,55;4,73;             156,00;
01006007;Altavilla Monferrato;Alessandria;1   ;             393;12,80;15,19;33,56;23,71;11,77;39,33;26,71;;             163,08;
01006008;Alzano Scrivia;Alessandria;1   ;             348;9,01;13,47;87,07;18,64;;50,74;16,27;3,85;             199,04;
01006009;Arquata Scrivia;Alessandria;1   ;           6.256;29,88;50,06;22,12;15,55;4,47;23,08;19,80;22,32;             187,28;
01006010;Avolasca;Alessandria;1   ;             258;33,28;55,23;13,17;14,68;;16,90;82,44;35,59;             251,30;
01006012;Basaluzzo;Alessandria;1   ;           2.007;18,16;21,31;59,05;25,54;1,32;15,06;28,56;4,99;             174,00;
01006013;Bassignana;Alessandria;1   ;           1.529;12,91;8,88;51,76;17,79;16,80;35,72;18,24;;             162,09;
01006014;Belforte Monferrato;Alessandria;Vedi aggregazione: CSR - CONSORZIO SERVIZI RIFIUTI DEL NOVESE, TORTONESE, ACQUESE E OVADESE;
01006015;Bergamasco;Alessandria;1   ;             694;11,38;9,94;32,37;23,01;24,97;35,49;15,94;;             153,10;
01006016;Berzano di Tortona;Alessandria;1   ;             153;27,85;47,55;11,03;12,64;;33,87;17,28;23,34;             173,54;
01006017;Bistagno;Alessandria;Vedi aggregazione: CSR - CONSORZIO SERVIZI RIFIUTI DEL NOVESE, TORTONESE, ACQUESE E OVADESE;
01006018;Borghetto di Borbera;Alessandria;1   ;           1.923;28,08;59,57;28,10;15,83;8,35;31,65;17,81;24,41;             213,80;
01006019;Borgoratto Alessandrino;Alessandria;1   ;             546;12,64;15,46;33,56;20,59;31,09;27,67;7,15;;             148,15;
01006021;Bosco Marengo;Alessandria;1   ;           2.204;12,86;29,45;30,50;14,61;7,75;26,77;23,87;;             145,82;
01006022;Bosio;Alessandria;Vedi aggregazione: CSR - CONSORZIO SERVIZI RIFIUTI DEL NOVESE, TORTONESE, ACQUESE E OVADESE;
01006024;Brignano-Frascata;Alessandria;1   ;             423;33,25;51,68;13,42;13,74;8,27;27,66;24,93;29,11;             202,05;
01006025;Cabella Ligure;Alessandria;1   ;             468;48,93;66,75;20,24;16,90;25,72;35,89;13,27;68,53;             296,22;
01006028;Cantalupo Ligure;Alessandria;1   ;             445;41,93;65,79;18,55;17,49;;40,86;32,92;64,43;             281,97;
01006029;Capriata d'Orba;Alessandria;1   ;           1.764;23,38;15,99;59,75;20,66;1,21;24,22;35,70;5,10;             186,00;
01006030;Carbonara Scrivia;Alessandria;1   ;           1.128;3,73;14,17;54,67;10,48;;17,62;48,74;3,51;             152,92;
01006031;Carentino;Alessandria;1   ;             330;10,26;9,71;26,47;10,55;1,70;43,24;14,28;;             116,20;
01006032;Carezzano;Alessandria;1   ;             428;12,13;14,99;93,91;11,80;;31,89;35,05;4,28;             204,06;
01006033;Carpeneto;Alessandria;Vedi aggregazione: CSR - CONSORZIO SERVIZI RIFIUTI DEL NOVESE, TORTONESE, ACQUESE E OVADESE;
01006034;Carrega Ligure;Alessandria;1   ;              86;78,49;152,48;44,48;40,53;;61,97;73,31;197,74;             649,00;
01006035;Carrosio;Alessandria;1   ;             487;14,97;5,13;42,27;14,30;;39,89;39,44;4,66;             160,66;
01006036;Cartosio;Alessandria;1   ;             724;23,57;39,17;62,60;11,28;;55,75;14,95;0,28;             207,60;
01006037;Casal Cermelli;Alessandria;1   ;           1.192;12,76;19,82;30,37;13,07;20,76;25,42;11,95;;             134,16;
01006039;Casale Monferrato;Alessandria;1   ;          32.204;26,06;26,88;65,31;17,32;23,73;29,71;26,26;0,50;             215,78;
01006038;Casaleggio Boiro;Alessandria;Vedi aggregazione: CSR - CONSORZIO SERVIZI RIFIUTI DEL NOVESE, TORTONESE, ACQUESE E OVADESE;
01006040;Casalnoceto;Alessandria;1   ;             976;41,65;85,11;25,58;;;34,34;12,21;21,43;             220,34;
01006041;Casasco;Alessandria;1   ;             114;44,64;61,79;17,72;16,43;;60,81;22,15;42,37;             265,89;
01006191;Cassano Spinola;Alessandria;1   ;           1.803;10,02;12,40;83,29;19,54;1,03;32,65;29,24;5,27;             193,46;
01006043;Cassine;Alessandria;Vedi aggregazione: CSR - CONSORZIO SERVIZI RIFIUTI DEL NOVESE, TORTONESE, ACQUESE E OVADESE;
01006044;Cassinelle;Alessandria;Vedi aggregazione: CSR - CONSORZIO SERVIZI RIFIUTI DEL NOVESE, TORTONESE, ACQUESE E OVADESE;
01006045;Castellania;Alessandria;1   ;              87;46,46;61,51;18,44;16,35;;86,06;53,88;33,23;             315,93;
01006046;Castellar Guidobono;Alessandria;1   ;             401;16,69;11,44;47,77;13,37;;19,21;18,28;4,33;             131,08;
01006047;Castellazzo Bormida;Alessandria;1   ;           4.461;8,38;16,23;71,96;23,11;3,58;23,43;25,99;3,76;             176,44;
01006048;Castelletto d'Erro;Alessandria;Vedi aggregazione: CSR - CONSORZIO SERVIZI RIFIUTI DEL NOVESE, TORTONESE, ACQUESE E OVADESE;
01006049;Castelletto d'Orba;Alessandria;Vedi aggregazione: CSR - CONSORZIO SERVIZI RIFIUTI DEL NOVESE, TORTONESE, ACQUESE E OVADESE;
01006050;Castelletto Merli;Alessandria;1   ;             456;18,31;13,17;53,79;26,07;5,54;59,51;25,71;;             202,09;
01006051;Castelletto Monferrato;Alessandria;1   ;           1.469;9,43;9,58;63,68;18,42;16,00;40,39;8,19;;             165,69;
01006052;Castelnuovo Bormida;Alessandria;1   ;             626;11,95;17,94;28,80;16,53;4,83;30,98;20,77;;             131,80;
01006053;Castelnuovo Scrivia;Alessandria;1   ;           4.862;24,18;36,19;48,12;24,98;18,46;37,53;15,68;4,44;             209,59;
01006054;Castelspina;Alessandria;1   ;             394;12,11;10,44;38,01;20,66;20,80;45,64;5,09;;             152,75;
01006055;Cavatore;Alessandria;1   ;             262;25,22;86,51;67,00;14,69;21,06;59,46;18,33;0,31;             292,57;
01006056;Cella Monte;Alessandria;1   ;             465;19,71;5,96;43,29;16,48;;64,91;27,07;;             177,42;
01006057;Cereseto;Alessandria;1   ;             389;18,61;20,12;42,54;15,96;3,92;45,49;24,75;;             171,39;
01006058;Cerreto Grue;Alessandria;1   ;             291;30,78;46,74;12,19;12,42;;45,11;8,25;22,44;             177,93;
01006059;Cerrina Monferrato;Alessandria;1   ;           1.312;18,42;21,94;41,81;13,29;;44,25;39,34;;             179,04;
01006060;Coniolo;Alessandria;1   ;             444;18,77;24,07;37,57;14,90;10,13;45,82;34,75;1,57;             187,58;
01006061;Conzano;Alessandria;1   ;             932;11,84;10,58;34,69;20,30;11,90;42,57;11,32;;             143,19;
01006062;Costa Vescovato;Alessandria;1   ;             316;33,36;52,32;13,42;13,91;16,93;22,73;8,94;26,58;             188,19;
01006063;Cremolino;Alessandria;Vedi aggregazione: CSR - CONSORZIO SERVIZI RIFIUTI DEL NOVESE, TORTONESE, ACQUESE E OVADESE;
01006065;Denice;Alessandria;1   ;             170;23,53;34,37;62,49;17,64;41,30;112,16;17,52;0,29;             309,29;
01006066;Dernice;Alessandria;1   ;             178;42,21;62,18;16,71;16,53;;52,15;10,71;38,79;             239,28;
01006067;Fabbrica Curone;Alessandria;1   ;             570;49,09;72,45;19,78;19,26;9,77;38,45;29,63;76,50;             314,91;
01006068;Felizzano;Alessandria;1   ;           2.106;12,69;14,73;33,16;17,99;16,09;35,26;33,24;;             163,16;
01006069;Fraconalto;Alessandria;1   ;             302;16,41;30,66;35,34;17,90;;34,90;65,34;4,55;             205,10;
01006070;Francavilla Bisio;Alessandria;1   ;             524;20,32;14,99;80,99;32,95;;10,43;30,59;4,11;             194,38;
01006071;Frascaro;Alessandria;1   ;             424;11,91;12,48;31,44;19,09;11,06;26,31;18,47;;             130,76;
01006073;Frassineto Po;Alessandria;1   ;           1.364;18,75;18,73;40,41;14,09;;50,66;24,81;;             167,45;
01006074;Fresonara;Alessandria;1   ;             627;19,95;12,84;70,57;27,45;0,93;19,59;33,85;4,33;             189,51;
01006075;Frugarolo;Alessandria;1   ;           1.869;12,45;16,90;31,99;15,58;5,33;28,87;11,33;;             122,45;
01006076;Fubine;Alessandria;1   ;           1.586;12,42;14,55;35,54;22,15;6,74;56,93;18,24;;             166,55;
01006077;Gabiano;Alessandria;1   ;           1.027;18,73;20,43;44,26;11,12;;42,38;29,49;;             166,40;
01006078;Gamalero;Alessandria;1   ;             802;11,25;10,19;30,29;11,05;20,17;29,55;16,29;;             128,81;
01006079;Garbagna;Alessandria;1   ;             609;44,43;61,39;18,09;16,32;18,59;31,21;11,88;37,64;             239,57;
01006081;Gavi;Alessandria;1   ;           4.415;28,48;67,34;29,77;16,87;16,49;20,78;23,92;2,68;             206,32;
01006082;Giarole;Alessandria;1   ;             688;18,41;8,69;38,80;14,36;;45,86;24,73;;             150,84;
01006083;Gremiasco;Alessandria;1   ;             280;41,59;64,30;16,65;17,09;;30,54;14,44;37,17;             221,79;
01006084;Grognardo;Alessandria;Vedi aggregazione: CSR - CONSORZIO SERVIZI RIFIUTI DEL NOVESE, TORTONESE, ACQUESE E OVADESE;
01006085;Grondona;Alessandria;1   ;             472;34,67;50,66;14,68;13,47;;46,53;52,63;36,68;             249,32;
01006086;Guazzora;Alessandria;1   ;             290;10,51;16,20;89,69;24,40;12,91;13,58;18,38;2,86;             188,53;
01006087;Isola Sant'Antonio;Alessandria;1   ;             619;5,64;13,29;62,41;21,54;7,41;34,46;28,88;5,41;             179,04;
01006088;Lerma;Alessandria;Vedi aggregazione: CSR - CONSORZIO SERVIZI RIFIUTI DEL NOVESE, TORTONESE, ACQUESE E OVADESE;
01006193;Lu e Cuccaro Monferrato;Alessandria;1   ;           1.306;11,97;10,02;34,79;17,12;18,83;29,91;22,43;;             145,08;
01006090;Malvicino;Alessandria;Vedi aggregazione: CSR - CONSORZIO SERVIZI RIFIUTI DEL NOVESE, TORTONESE, ACQUESE E OVADESE;
01006091;Masio;Alessandria;1   ;           1.237;11,35;9,87;29,91;13,06;11,06;31,12;12,43;;             118,80;
01006092;Melazzo;Alessandria;1   ;           1.219;24,04;52,03;63,86;11,62;11,05;42,70;17,87;0,30;             223,47;
01006093;Merana;Alessandria;1   ;             186;24,03;46,87;63,83;11,16;2,70;46,06;16,54;0,29;             211,48;
01006095;Molare;Alessandria;Vedi aggregazione: CSR - CONSORZIO SERVIZI RIFIUTI DEL NOVESE, TORTONESE, ACQUESE E OVADESE;
01006096;Molino dei Torti;Alessandria;1   ;             568;5,08;12,63;58,81;20,35;11,43;34,09;26,64;5,92;             174,95;
01006097;Mombello Monferrato;Alessandria;1   ;             911;19,29;11,90;39,78;21,70;5,74;67,05;26,11;;             191,57;
01006098;Momperone;Alessandria;1   ;             201;48,45;75,19;19,81;19,99;;41,62;12,66;26,06;             243,77;
01006100;Mongiardino Ligure;Alessandria;1   ;             151;53,70;86,72;22,74;23,05;;34,00;14,29;75,23;             309,74;
01006101;Monleale;Alessandria;1   ;             562;31,58;56,78;12,78;15,09;;18,08;17,31;24,93;             176,56;
01006102;Montacuto;Alessandria;1   ;             248;45,07;66,29;17,84;17,62;;59,51;19,41;57,87;             283,62;
01006103;Montaldeo;Alessandria;Vedi aggregazione: CSR - CONSORZIO SERVIZI RIFIUTI DEL NOVESE, TORTONESE, ACQUESE E OVADESE;
01006104;Montaldo Bormida;Alessandria;Vedi aggregazione: CSR - CONSORZIO SERVIZI RIFIUTI DEL NOVESE, TORTONESE, ACQUESE E OVADESE;
01006105;Montecastello;Alessandria;1   ;             285;12,17;14,43;28,39;12,84;47,86;31,38;23,46;;             170,52;
01006106;Montechiaro d'Acqui;Alessandria;1   ;             504;24,75;48,89;65,74;12,06;26,33;49,05;21,38;0,31;             248,50;
01006107;Montegioco;Alessandria;1   ;             281;32,35;60,03;13,34;15,96;;25,50;19,84;20,33;             187,36;
01006108;Montemarzino;Alessandria;1   ;             306;34,68;57,50;13,74;15,29;;25,49;15,83;28,90;             191,42;
01006110;Morbello;Alessandria;1   ;             381;25,42;90,52;67,52;12,94;20,53;71,20;23,55;0,33;             312,01;
01006111;Mornese;Alessandria;Vedi aggregazione: CSR - CONSORZIO SERVIZI RIFIUTI DEL NOVESE, TORTONESE, ACQUESE E OVADESE;
01006112;Morsasco;Alessandria;Vedi aggregazione: CSR - CONSORZIO SERVIZI RIFIUTI DEL NOVESE, TORTONESE, ACQUESE E OVADESE;
01006114;Novi Ligure;Alessandria;1   ;          27.252;27,13;24,66;66,65;21,23;5,78;32,66;14,37;15,74;             208,23;
01006115;Occimiano;Alessandria;1   ;           1.228;18,95;24,69;38,74;14,20;;47,68;27,64;;             171,91;
01006117;Odalengo Piccolo;Alessandria;1   ;             222;20,10;21,66;45,71;17,25;18,47;68,43;25,00;;             216,62;
01006119;Orsara Bormida;Alessandria;Vedi aggregazione: CSR - CONSORZIO SERVIZI RIFIUTI DEL NOVESE, TORTONESE, ACQUESE E OVADESE;
01006121;Ovada;Alessandria;Vedi aggregazione: CSR - CONSORZIO SERVIZI RIFIUTI DEL NOVESE, TORTONESE, ACQUESE E OVADESE;
01006122;Oviglio;Alessandria;1   ;           1.193;11,71;13,30;30,79;16,58;6,86;30,12;26,52;;             135,86;
01006124;Paderna;Alessandria;1   ;             193;34,21;94,25;24,13;;4,13;30,23;58,27;28,55;             273,77;
01006125;Pareto;Alessandria;1   ;             498;25,09;64,37;66,65;12,30;17,32;66,16;21,20;0,32;             273,41;
01006126;Parodi Ligure;Alessandria;1   ;             604;17,63;12,04;59,88;12,56;2,68;83,77;57,05;4,55;             250,17;
01006127;Pasturana;Alessandria;1   ;           1.289;21,27;9,72;71,37;24,86;0,76;16,34;28,47;4,91;             177,70;
01006128;Pecetto di Valenza;Alessandria;1   ;           1.183;6,19;4,29;19,34;6,47;3,31;34,51;12,28;;              86,39;
01006129;Pietra Marazzi;Alessandria;1   ;             889;10,55;7,07;29,63;17,44;17,29;42,58;6,19;;             130,74;
01006131;Pomaro Monferrato;Alessandria;1   ;             301;20,36;13,69;49,31;10,81;11,80;72,58;28,22;;             206,77;
01006132;Pontecurone;Alessandria;1   ;           3.457;8,18;15,08;60,76;21,27;3,75;31,78;26,14;3,96;             170,90;
01006134;Ponti;Alessandria;1   ;             514;26,35;45,57;70,00;15,53;25,87;52,80;18,60;0,32;             255,05;
01006136;Ponzone;Alessandria;Vedi aggregazione: CSR - CONSORZIO SERVIZI RIFIUTI DEL NOVESE, TORTONESE, ACQUESE E OVADESE;
01006137;Pozzol Groppo;Alessandria;1   ;             295;40,67;59,51;16,11;15,82;;45,56;10,77;34,24;             222,68;
01006138;Pozzolo Formigaro;Alessandria;1   ;           4.506;17,05;13,78;61,66;24,46;13,84;17,08;27,51;6,53;             181,92;
01006139;Prasco;Alessandria;Vedi aggregazione: CSR - CONSORZIO SERVIZI RIFIUTI DEL NOVESE, TORTONESE, ACQUESE E OVADESE;
01006140;Predosa;Alessandria;1   ;           1.899;16,74;18,03;65,14;24,56;0,17;16,82;32,45;4,76;             178,67;
01006141;Quargnento;Alessandria;1   ;           1.346;12,27;17,07;30,22;14,28;17,12;28,45;4,29;;             123,69;
01006142;Quattordio;Alessandria;1   ;           1.461;13,92;20,51;24,36;23,98;2,27;55,46;7,67;;             148,17;
01006143;Ricaldone;Alessandria;Vedi aggregazione: CSR - CONSORZIO SERVIZI RIFIUTI DEL NOVESE, TORTONESE, ACQUESE E OVADESE;
01006144;Rivalta Bormida;Alessandria;Vedi aggregazione: CSR - CONSORZIO SERVIZI RIFIUTI DEL NOVESE, TORTONESE, ACQUESE E OVADESE;
01006145;Rivarone;Alessandria;1   ;             393;10,65;4,43;40,71;8,52;30,99;25,12;12,44;;             132,86;
01006147;Rocca Grimalda;Alessandria;Vedi aggregazione: CSR - CONSORZIO SERVIZI RIFIUTI DEL NOVESE, TORTONESE, ACQUESE E OVADESE;
01006146;Roccaforte Ligure;Alessandria;1   ;             129;42,10;79,85;21,32;21,23;1,56;27,32;25,87;54,31;             273,56;
01006148;Rocchetta Ligure;Alessandria;1   ;             223;35,32;47,48;15,29;12,62;;42,77;21,90;45,60;             220,98;
01006150;Sala Monferrato;Alessandria;1   ;             332;18,91;6,38;35,00;14,98;;54,00;32,33;;             161,60;
01006151;Sale;Alessandria;1   ;           3.880;8,04;15,11;64,50;19,27;12,31;30,62;26,41;4,55;             180,81;
01006152;San Cristoforo;Alessandria;Vedi aggregazione: CSR - CONSORZIO SERVIZI RIFIUTI DEL NOVESE, TORTONESE, ACQUESE E OVADESE;
01006153;San Giorgio Monferrato;Alessandria;1   ;           1.205;18,38;19,56;43,73;12,19;12,38;41,68;25,59;0,87;             174,38;
01006154;San Salvatore Monferrato;Alessandria;1   ;           3.998;9,78;12,77;38,97;12,94;16,14;29,73;26,02;;             146,34;
01006155;San Sebastiano Curone;Alessandria;1   ;             536;30,70;54,21;12,38;14,41;14,57;15,28;29,29;23,29;             194,13;
01006156;Sant'Agata Fossili;Alessandria;1   ;             365;29,21;101,94;15,19;;;16,57;8,25;27,77;             198,94;
01006157;Sardigliano;Alessandria;1   ;             380;10,11;9,52;92,63;10,73;;22,96;46,24;3,99;             196,18;
01006158;Sarezzano;Alessandria;1   ;           1.108;27,28;45,86;10,81;12,19;1,99;18,66;21,52;20,20;             158,50;
01006160;Serravalle Scrivia;Alessandria;1   ;           5.871;11,28;15,13;62,70;21,44;26,29;45,43;32,44;6,73;             221,43;
01006161;Sezzadio;Alessandria;1   ;           1.151;12,82;16,95;34,20;15,22;18,09;32,67;4,81;;             134,76;
01006162;Silvano d'Orba;Alessandria;Vedi aggregazione: CSR - CONSORZIO SERVIZI RIFIUTI DEL NOVESE, TORTONESE, ACQUESE E OVADESE;
01006163;Solero;Alessandria;1   ;           1.572;12,68;16,89;32,09;15,89;6,82;31,44;15,86;;             131,67;
01006165;Spigno Monferrato;Alessandria;1   ;             898;26,26;56,95;69,75;12,53;8,20;67,25;20,24;0,33;             261,51;
01006166;Spineto Scrivia;Alessandria;1   ;             380;23,83;13,33;57,75;11,61;;11,54;25,14;2,65;             145,85;
01006167;Stazzano;Alessandria;1   ;           2.299;26,73;59,43;17,19;16,13;7,18;20,72;11,93;20,25;             179,56;
01006168;Strevi;Alessandria;Vedi aggregazione: CSR - CONSORZIO SERVIZI RIFIUTI DEL NOVESE, TORTONESE, ACQUESE E OVADESE;
01006169;Tagliolo Monferrato;Alessandria;Vedi aggregazione: CSR - CONSORZIO SERVIZI RIFIUTI DEL NOVESE, TORTONESE, ACQUESE E OVADESE;
01006170;Tassarolo;Alessandria;1   ;             589;22,40;12,69;75,74;24,55;4,59;12,20;38,98;4,39;             195,53;
01006172;Terzo;Alessandria;Vedi aggregazione: CSR - CONSORZIO SERVIZI RIFIUTI DEL NOVESE, TORTONESE, ACQUESE E OVADESE;
01006174;Tortona;Alessandria;1   ;          26.432;27,39;34,35;54,40;19,08;25,43;26,85;30,80;8,31;             226,60;
01006175;Treville;Alessandria;1   ;             261;19,01;7,08;39,28;13,91;;67,13;29,66;;             176,08;
01006176;Trisobbio;Alessandria;Vedi aggregazione: CSR - CONSORZIO SERVIZI RIFIUTI DEL NOVESE, TORTONESE, ACQUESE E OVADESE;
01006177;Valenza;Alessandria;1   ;          18.025;19,84;54,91;33,92;6,06;23,19;34,74;25,29;14,32;             212,26;
01006179;Vignale Monferrato;Alessandria;1   ;             907;19,33;10,78;48,46;18,49;;46,00;28,52;;             171,59;
01006180;Vignole Borbera;Alessandria;1   ;           2.032;29,78;45,87;15,99;12,19;9,87;36,54;22,53;20,20;             192,98;
01006181;Viguzzolo;Alessandria;1   ;           3.036;7,42;10,27;50,69;15,21;0,66;29,04;22,88;3,83;             140,00;
01006182;Villadeati;Alessandria;1   ;             483;18,48;25,39;36,61;10,98;6,66;37,56;25,47;;             161,15;
01006183;Villalvernia;Alessandria;1   ;             870;32,11;62,05;23,30;15,51;;23,66;33,75;21,62;             212,00;
01006184;Villamiroglio;Alessandria;1   ;             294;18,64;20,90;36,67;9,95;10,71;38,23;36,01;;             171,11;
01006185;Villanova Monferrato;Alessandria;1   ;           1.718;39,99;31,32;65,19;21,40;;29,01;35,22;;             222,12;
01006186;Villaromagnano;Alessandria;1   ;             647;9,60;14,33;70,91;18,52;0,56;15,29;29,79;4,07;             163,06;
01006187;Visone;Alessandria;Vedi aggregazione: CSR - CONSORZIO SERVIZI RIFIUTI DEL NOVESE, TORTONESE, ACQUESE E OVADESE;
01006188;Volpedo;Alessandria;1   ;           1.150;29,98;50,42;12,01;13,40;;21,97;39,36;30,52;             197,67;
01006189;Volpeglino;Alessandria;1   ;             132;56,63;63,84;22,42;16,97;;97,63;15,06;23,96;             296,51;
01006190;Voltaggio;Alessandria;1   ;             657;20,43;7,86;44,90;17,40;0,33;47,37;59,84;4,28;             202,41;
11042001;Agugliano;Ancona;1   ;           4.645;7,24;9,85;49,79;14,14;13,65;10,80;7,13;0,04;             112,64;
11042002;Ancona;Ancona;1   ;          98.356;24,65;25,08;37,67;16,28;24,95;44,16;29,22;;             202,00;
11042004;Barbara;Ancona;1   ;           1.271;14,62;15,30;49,66;13,17;8,00;20,58;5,75;1,46;             128,55;
11042006;Camerano;Ancona;1   ;           7.084;12,07;8,04;58,68;19,27;13,81;15,09;1,75;;             128,70;
11042007;Camerata Picena;Ancona;1   ;           2.486;8,42;13,22;57,29;16,44;13,50;17,94;13,91;0,04;             140,76;
11042010;Castelfidardo;Ancona;1   ;          18.419;9,63;9,99;40,32;19,51;10,29;25,17;11,97;;             126,88;
11042014;Chiaravalle;Ancona;1   ;          14.289;10,09;10,65;45,15;19,43;17,85;25,90;14,98;;             144,06;
11042018;Falconara Marittima;Ancona;1   ;          25.530;27,39;21,59;44,79;16,68;35,39;53,45;22,43;4,65;             226,37;
11042019;Filottrano;Ancona;1   ;           8.917;14,10;12,09;53,10;18,98;14,74;24,03;6,99;;             144,03;
11042021;Jesi;Ancona;1   ;          39.137;13,24;28,86;43,96;27,74;34,13;5,53;4,87;;             158,31;
11042022;Loreto;Ancona;Vedi aggregazione: COSMARI;
11042030;Monte San Vito;Ancona;1   ;           6.704;10,64;9,57;46,05;25,54;11,49;29,36;15,52;;             148,17;
11042027;Montemarciano;Ancona;1   ;           9.762;14,93;11,66;56,13;13,29;15,39;31,60;8,36;;             151,36;
11042032;Numana;Ancona;1   ;           3.741;8,08;50,67;209,78;59,72;50,18;65,63;27,37;;             471,44;
11042033;Offagna;Ancona;1   ;           2.047;10,01;10,61;62,48;14,59;4,21;17,51;7,65;0,02;             127,08;
11042034;Osimo;Ancona;1   ;          34.687;13,53;16,51;65,50;19,37;21,39;27,30;13,25;;             176,85;
11042035;Ostra;Ancona;1   ;           6.282;10,59;15,05;43,24;21,18;9,99;15,77;12,36;;             128,19;
11042036;Ostra Vetere;Ancona;1   ;           3.110;16,25;14,59;53,39;18,52;11,14;31,87;18,58;;             164,35;
11042038;Polverigi;Ancona;1   ;           4.582;7,95;10,61;51,52;13,38;15,80;11,27;4,76;0,04;             115,34;
11042043;Santa Maria Nuova;Ancona;1   ;           3.942;8,04;11,92;54,97;13,85;13,08;13,14;4,29;0,04;             119,32;
11042044;Sassoferrato;Ancona;1   ;           6.841;12,43;14,24;58,21;17,31;12,17;35,53;23,11;;             172,99;
11042045;Senigallia;Ancona;1   ;          44.019;14,22;19,63;69,17;20,44;41,02;22,50;10,28;;             197,26;
11042046;Serra de' Conti;Ancona;1   ;           3.559;5,80;8,18;41,28;10,89;9,46;19,91;11,25;;             106,76;
11042048;Sirolo;Ancona;1   ;           4.097;22,51;20,96;86,96;30,28;38,39;28,63;8,71;;             236,45;
02007001;Allein;Aosta;Vedi aggregazione: CM3: Grand Combin;
02007002;Antey-Saint-Andre;Aosta;1   ;             538;32,79;22,61;58,46;33,36;3,82;59,92;82,61;;             293,56;
02007003;Aosta;Aosta;1   ;          33.093;18,15;16,58;37,50;22,79;43,24;42,24;6,14;;             186,65;
02007004;Arnad;Aosta;Vedi aggregazione: SubATO D: UC Mont Cervin - UC Evan??on;
02007005;Arvier;Aosta;1   ;             822;29,45;34,44;40,54;17,89;3,87;28,12;61,00;;             215,32;
02007006;Avise;Aosta;1   ;             301;25,07;29,32;34,51;15,23;6,45;31,70;20,06;20,56;             182,92;
02007007;Ayas;Aosta;Vedi aggregazione: SubATO D: UC Mont Cervin - UC Evan??on;
02007008;Aymavilles;Aosta;1   ;           2.096;26,42;30,90;36,36;16,05;3,24;23,71;81,92;;             218,60;
02007009;Bard;Aosta;1   ;             108;26,79;31,73;103,67;25,97;3,17;45,50;74,57;1,37;             312,77;
02007010;Bionaz;Aosta;Vedi aggregazione: CM3: Grand Combin;
02007011;Brissogne - Dato aggregazione CM4: Mont Emilius;Aosta;10  ;          22.561;12,79;29,91;47,26;20,64;7,87;25,97;40,95;;             185,40;
02007012;Brusson;Aosta;Vedi aggregazione: SubATO D: UC Mont Cervin - UC Evan??on;
02007013;Challand-Saint-Anselme;Aosta;Vedi aggregazione: SubATO D: UC Mont Cervin - UC Evan??on;
02007014;Challand-Saint-Victor;Aosta;Vedi aggregazione: SubATO D: UC Mont Cervin - UC Evan??on;
02007015;Chambave;Aosta;1   ;             875;11,20;7,72;19,97;14,28;;20,20;24,50;;              97,88;
02007016;Chamois;Aosta;1   ;             108;62,13;42,84;110,76;46,04;;56,90;119,75;;             438,42;
02007017;Champdepraz;Aosta;Vedi aggregazione: SubATO D: UC Mont Cervin - UC Evan??on;
02007018;Champorcher;Aosta;1   ;             362;44,10;52,23;170,64;42,74;20,56;37,80;36,52;2,26;             406,85;
02007019;Charvensod;Aosta;Vedi aggregazione: CM4: Mont Emilius;
02007020;Chatillon;Aosta;1   ;           4.358;24,10;15,09;39,00;19,30;7,84;21,56;35,31;;             162,19;
02007021;Cogne;Aosta;1   ;           1.320;49,11;57,44;67,60;29,84;36,58;57,85;37,86;61,25;             397,53;
02007022;Courmayeur;Aosta;1   ;           2.602;87,11;102,82;98,64;33,91;61,38;88,22;84,02;94,65;             650,75;
02007023;Donnas;Aosta;1   ;           2.420;16,07;17,39;56,80;14,23;1,73;14,41;17,63;0,75;             139,01;
02007024;Doues;Aosta;Vedi aggregazione: CM3: Grand Combin;
02007025;Emarese;Aosta;Vedi aggregazione: SubATO D: UC Mont Cervin - UC Evan??on;
02007026;Etroubles;Aosta;Vedi aggregazione: CM3: Grand Combin;
02007027;Fenis;Aosta;Vedi aggregazione: CM4: Mont Emilius;
02007028;Fontainemore;Aosta;1   ;             418;23,37;26,80;87,55;21,93;4,20;22,24;20,08;1,16;             207,33;
02007029;Gaby;Aosta;1   ;             423;18,51;11,83;52,54;25,26;4,10;45,96;9,21;11,31;             178,72;
02007030;Gignod - Dato aggregazione CM3: Grand Combin;Aosta;11  ;           5.601;5,59;12,30;60,15;16,61;9,77;35,90;114,07;;             254,40;
02007031;Gressan;Aosta;Vedi aggregazione: CM4: Mont Emilius;
02007032;Gressoney-La-Trinite;Aosta;1   ;             322;48,72;31,09;134,13;71,14;14,04;118,59;49,08;8,05;             474,84;
02007033;Gressoney-Saint-Jean;Aosta;1   ;             775;29,34;19,37;85,62;41,36;12,25;73,84;51,00;5,02;             317,80;
02007034;Hone;Aosta;1   ;           1.140;18,90;22,39;73,14;18,32;2,23;20,04;9,50;0,97;             165,49;
02007035;Introd;Aosta;1   ;             648;26,50;30,99;36,47;16,10;9,06;27,57;33,68;29,12;             209,49;
02007036;Issime;Aosta;1   ;             365;16,34;9,14;41,20;19,51;5,44;36,03;13,31;2,37;             143,34;
02007037;Issogne;Aosta;Vedi aggregazione: SubATO D: UC Mont Cervin - UC Evan??on;
02007038;Jovencan;Aosta;Vedi aggregazione: CM4: Mont Emilius;
02007039;La Magdeleine;Aosta;1   ;             104;27,80;19,17;49,56;27,43;9,34;21,30;136,34;;             290,93;
02007040;La Salle;Aosta;1   ;           2.017;31,27;36,91;35,41;12,17;13,74;34,65;110,27;;             274,42;
02007041;La Thuile;Aosta;1   ;             790;91,84;108,40;104,00;35,75;31,83;150,23;40,15;107,67;             669,86;
02007042;Lillianes;Aosta;1   ;             425;22,21;25,13;82,12;20,57;3,17;19,34;37,30;1,09;             210,92;
02007043;Montjovet;Aosta;Vedi aggregazione: SubATO D: UC Mont Cervin - UC Evan??on;
02007044;Morgex;Aosta;1   ;           2.053;30,26;35,71;34,26;11,78;23,71;34,23;19,14;38,59;             227,68;
02007045;Nus;Aosta;Vedi aggregazione: CM4: Mont Emilius;
02007046;Ollomont;Aosta;Vedi aggregazione: CM3: Grand Combin;
02007047;Oyace;Aosta;Vedi aggregazione: CM3: Grand Combin;
02007048;Perloz;Aosta;1   ;             459;19,60;22,41;74,09;18,34;2,24;18,65;39,81;0,97;             196,11;
02007049;Pollein;Aosta;Vedi aggregazione: CM4: Mont Emilius;
02007050;Pontboset;Aosta;1   ;             172;26,65;29,11;95,09;23,82;2,90;25,89;17,62;1,26;             222,33;
02007051;Pontey;Aosta;1   ;             790;17,50;12,07;31,20;15,01;1,63;30,55;41,56;;             149,52;
02007052;Pont-Saint-Martin;Aosta;1   ;           3.527;19,69;23,32;76,18;19,08;9,03;16,19;5,00;1,01;             169,49;
02007053;Pre-Saint-Didier;Aosta;1   ;             980;50,81;59,97;57,53;19,78;31,09;75,96;125,66;;             420,80;
02007054;Quart;Aosta;Vedi aggregazione: CM4: Mont Emilius;
02007055;Rhemes-Notre-Dame;Aosta;1   ;              79;108,95;127,42;149,96;66,19;28,62;132,88;227,73;;             841,74;
02007056;Rhemes-Saint-Georges;Aosta;1   ;             163;31,73;37,11;43,68;19,28;22,59;30,12;52,19;3,61;             240,32;
02007057;Roisan;Aosta;Vedi aggregazione: CM3: Grand Combin;
02007058;Saint-Christophe;Aosta;Vedi aggregazione: CM4: Mont Emilius;
02007059;Saint-Denis;Aosta;1   ;             359;15,86;10,94;28,28;10,42;;14,03;70,23;;             149,75;
02007060;Saint-Marcel;Aosta;Vedi aggregazione: CM4: Mont Emilius;
02007061;Saint-Nicolas;Aosta;1   ;             327;34,88;40,79;48,01;21,19;11,01;40,17;14,77;35,20;             246,02;
02007062;Saint-Oyen;Aosta;Vedi aggregazione: CM3: Grand Combin;
02007063;Saint-Pierre;Aosta;1   ;           3.256;23,09;27,00;31,78;14,03;1,09;19,81;55,21;;             172,01;
02007064;Saint-Rhemy-en-Bosses;Aosta;Vedi aggregazione: CM3: Grand Combin;
02007065;Saint-Vincent;Aosta;1   ;           4.448;18,93;14,34;33,75;22,38;16,40;27,61;35,54;;             168,94;
02007066;Sarre;Aosta;1   ;           4.821;22,29;26,07;30,69;13,55;13,17;19,07;48,08;;             172,92;
02007067;Torgnon;Aosta;1   ;             557;80,22;55,31;143,00;30,21;;92,29;154,44;;             555,46;
02007068;Valgrisenche;Aosta;1   ;             191;35,74;41,80;49,19;21,71;1,69;47,60;28,20;22,94;             248,88;
02007069;Valpelline;Aosta;Vedi aggregazione: CM3: Grand Combin;
02007070;Valsavarenche;Aosta;1   ;             161;65,57;76,69;90,25;39,84;19,24;57,27;68,69;20,56;             438,12;
02007071;Valtournenche;Aosta;1   ;           2.178;81,90;56,47;145,99;54,15;34,55;66,27;163,63;;             602,95;
02007072;Verrayes;Aosta;1   ;           1.293;11,53;7,95;20,55;10,31;;9,69;54,27;;             114,30;
02007073;Verres - Dato aggregazione SubATO D: UC Mont Cervin - UC Evan??on;Aosta;10  ;          11.287;34,94;23,76;67,62;21,45;6,12;33,99;76,72;;             264,59;
02007074;Villeneuve;Aosta;1   ;           1.262;23,64;27,46;32,32;14,27;3,91;20,90;16,18;16,04;             154,73;
09051001;Anghiari;Arezzo;1   ;           5.384;25,77;24,41;24,64;53,79;14,76;13,37;20,05;;             176,78;
09051002;Arezzo;Arezzo;1   ;          96.260;25,74;21,97;43,52;51,75;27,99;14,82;21,40;1,20;             208,39;
09051003;Badia Tedalda;Arezzo;1   ;             970;47,79;33,87;23,84;56,28;7,48;14,38;15,47;0,56;             199,67;
09051004;Bibbiena;Arezzo;1   ;          11.833;28,95;30,29;19,91;52,35;24,06;16,61;14,40;4,32;             190,89;
09051005;Bucine;Arezzo;1   ;           9.929;25,01;23,97;28,73;49,04;13,13;21,00;22,51;0,15;             183,54;
09051006;Capolona;Arezzo;1   ;           5.209;25,55;8,42;69,13;37,71;14,66;21,14;26,26;;             202,88;
09051007;Caprese Michelangelo;Arezzo;1   ;           1.341;37,21;37,46;39,03;12,87;;26,62;17,08;;             170,28;
09051008;Castel Focognano;Arezzo;1   ;           2.963;37,43;31,69;24,11;51,54;39,45;19,84;8,22;;             212,28;
09051010;Castel San Niccolo;Arezzo;1   ;           2.487;42,66;32,35;31,76;55,36;24,40;26,26;15,05;6,35;             234,20;
09051040;Castelfranco Piandisco;Arezzo;1   ;           9.774;23,15;13,06;67,30;40,56;10,09;12,37;11,49;1,73;             179,74;
09051011;Castiglion Fibocchi;Arezzo;1   ;           2.093;21,98;11,61;61,66;42,06;30,36;24,01;13,40;;             205,07;
09051012;Castiglion Fiorentino;Arezzo;1   ;          12.918;18,86;10,35;65,71;47,17;18,88;20,95;17,83;0,52;             200,27;
09051013;Cavriglia;Arezzo;1   ;           9.414;21,85;24,60;29,33;57,36;7,87;10,85;13,51;1,86;             167,22;
09051014;Chitignano;Arezzo;1   ;             852;36,77;46,76;19,02;60,41;42,62;16,51;22,58;;             244,67;
09051016;Civitella in Val di Chiana;Arezzo;1   ;           8.748;16,91;13,59;66,98;53,89;19,27;18,39;18,73;10,05;             217,80;
09051017;Cortona;Arezzo;1   ;          21.133;22,27;22,38;69,65;57,56;18,29;20,05;19,00;0,31;             229,52;
09051018;Foiano della Chiana;Arezzo;1   ;           9.019;32,62;28,71;63,11;68,58;28,41;18,68;24,60;;             264,71;
09051042;Laterina Pergine Valdarno;Arezzo;1   ;           6.366;27,94;27,41;41,79;59,00;19,34;10,94;23,16;2,44;             212,02;
09051022;Marciano della Chiana;Arezzo;1   ;           3.431;15,09;14,90;73,13;46,83;23,58;13,44;5,93;;             192,91;
09051025;Monte San Savino;Arezzo;1   ;           8.550;17,84;10,11;75,62;42,64;24,71;15,29;21,60;0,02;             207,83;
09051023;Montemignaio;Arezzo;1   ;             517;42,90;52,87;46,53;97,91;17,38;55,10;27,54;0,88;             341,12;
09051024;Monterchi;Arezzo;1   ;           1.694;39,79;32,32;20,90;65,94;9,29;10,45;19,64;;             198,33;
09051026;Montevarchi;Arezzo;1   ;          24.081;21,88;19,80;37,48;50,50;32,02;10,48;21,00;0,26;             193,40;
09051030;Pieve Santo Stefano;Arezzo;1   ;           2.965;29,09;28,32;33,44;60,29;24,83;28,95;25,21;;             230,14;
09051033;San Giovanni Valdarno;Arezzo;1   ;          16.571;24,27;17,44;40,31;46,60;31,07;21,89;16,13;1,88;             199,59;
09051035;Sestino;Arezzo;1   ;           1.201;30,91;46,36;14,67;;21,23;27,62;5,49;;             146,28;
09051037;Subbiano;Arezzo;1   ;           6.281;25,51;10,25;63,08;43,12;13,95;17,75;27,18;;             200,85;
09051038;Talla;Arezzo;1   ;             984;27,01;27,69;37,21;47,53;51,99;31,10;16,93;;             239,47;
09051039;Terranuova Bracciolini;Arezzo;1   ;          11.959;30,21;17,40;77,13;48,53;25,37;33,98;15,31;1,51;             249,43;
11044002;Acquaviva Picena;Ascoli Piceno;1   ;           3.654;13,78;15,59;38,50;27,42;28,10;18,75;28,85;;             170,99;
11044010;Carassai;Ascoli Piceno;1   ;             977;12,37;17,11;33,52;20,77;16,07;23,30;22,25;;             145,37;
11044011;Castel di Lama;Ascoli Piceno;1   ;           8.395;13,58;23,82;46,46;;6,10;9,20;;;              99,16;
11044013;Castorano;Ascoli Piceno;1   ;           2.223;11,81;12,71;35,74;22,20;1,35;16,13;16,36;;             116,30;
11044014;Colli del Tronto;Ascoli Piceno;1   ;           3.653;10,51;13,00;31,55;27,27;3,28;15,25;10,52;;             111,38;
11044015;Comunanza;Ascoli Piceno;1   ;           2.915;10,89;16,11;;5,02;10,67;5,80;0,06;;              48,54;
11044016;Cossignano;Ascoli Piceno;1   ;             865;19,35;12,69;39,46;20,69;23,44;14,24;15,99;;             145,87;
11044017;Cupra Marittima;Ascoli Piceno;1   ;           5.441;16,37;25,52;48,17;38,42;27,21;23,92;31,32;;             210,94;
11044020;Folignano;Ascoli Piceno;1   ;           8.734;10,64;1,84;20,11;28,09;1,23;17,57;8,51;1,49;              89,46;
11044021;Force;Ascoli Piceno;1   ;           1.132;10,47;21,59;17,73;;26,64;43,54;;;             119,97;
11044023;Grottammare;Ascoli Piceno;1   ;          15.814;18,17;25,66;47,08;31,62;51,32;29,22;50,24;3,48;             256,78;
11044027;Maltignano;Ascoli Piceno;1   ;           2.205;12,56;12,39;36,40;27,58;4,60;22,93;21,48;;             137,94;
11044029;Massignano;Ascoli Piceno;1   ;           1.602;12,95;19,65;40,97;30,57;2,65;13,22;8,96;;             128,97;
11044031;Monsampolo del Tronto;Ascoli Piceno;1   ;           4.418;12,77;14,89;36,90;29,49;16,01;21,89;20,36;;             152,31;
11044032;Montalto delle Marche;Ascoli Piceno;1   ;           1.893;25,24;13,00;37,82;3,77;23,16;11,99;5,03;;             120,01;
11044034;Montedinove;Ascoli Piceno;1   ;             460;16,47;1,59;36,74;22,22;17,25;22,35;18,61;;             135,24;
11044045;Monteprandone;Ascoli Piceno;1   ;          12.896;14,24;15,49;43,07;34,71;9,48;17,26;28,52;;             162,77;
11044054;Offida;Ascoli Piceno;1   ;           4.647;11,45;20,71;31,58;39,05;25,54;29,68;19,06;;             177,07;
11044063;Ripatransone;Ascoli Piceno;1   ;           4.072;17,02;17,15;48,02;27,61;17,77;31,75;35,63;;             194,96;
11044065;Rotella;Ascoli Piceno;1   ;             803;9,57;18,18;33,20;17,07;15,14;41,59;14,37;;             149,13;
11044066;San Benedetto del Tronto;Ascoli Piceno;1   ;          46.957;15,97;29,94;53,42;35,80;35,21;30,51;37,19;10,99;             249,03;
11044071;Spinetoli;Ascoli Piceno;1   ;           7.213;11,98;13,62;35,68;25,98;13,76;14,74;26,65;4,58;             146,98;
01005001;Agliano Terme;Asti;1   ;           1.558;10,69;30,69;29,63;13,39;17,87;25,31;11,03;;             138,61;
01005002;Albugnano;Asti;1   ;             496;13,84;61,77;36,81;16,74;21,00;37,65;28,12;;             215,92;
01005003;Antignano;Asti;1   ;             940;13,70;24,92;39,01;10,48;23,89;54,46;19,33;;             185,79;
01005004;Aramengo;Asti;1   ;             575;13,12;31,30;32,88;8,61;22,79;27,99;10,67;;             147,35;
01005005;Asti;Asti;1   ;          73.421;23,01;28,94;44,85;18,01;24,97;40,96;27,46;5,29;             213,49;
01005006;Azzano d'Asti;Asti;1   ;             389;9,07;21,33;32,73;11,27;14,28;17,07;11,89;;             117,64;
01005007;Baldichieri d'Asti;Asti;1   ;           1.113;13,22;39,97;35,59;15,29;24,73;32,32;12,77;;             173,90;
01005008;Belveglio;Asti;1   ;             308;9,70;22,41;36,29;16,27;27,33;19,38;4,91;;             136,30;
01005009;Berzano di San Pietro;Asti;1   ;             421;10,79;27,40;34,51;14,04;17,44;17,24;21,76;;             143,19;
01005010;Bruno;Asti;1   ;             299;24,99;42,31;60,42;;19,49;46,25;31,83;;             225,31;
01005011;Bubbio;Asti;1   ;             808;6,85;57,18;31,79;6,37;65,79;21,39;5,57;;             194,94;
01005012;Buttigliera d'Asti;Asti;1   ;           2.532;8,99;24,46;30,06;18,63;9,14;15,16;24,13;;             130,57;
01005013;Calamandrana;Asti;1   ;           1.654;20,09;35,43;56,14;11,86;14,65;20,61;85,51;;             244,30;
01005014;Calliano;Asti;1   ;           1.203;19,01;37,40;69,48;12,51;11,03;16,80;9,47;;             175,71;
01005015;Calosso;Asti;1   ;           1.120;22,44;25,68;41,18;;18,55;20,63;49,07;;             177,55;
01005016;Camerano Casasco;Asti;1   ;             399;16,49;31,42;42,32;8,42;41,11;20,97;16,52;;             177,24;
01005017;Canelli;Asti;1   ;          10.021;22,46;32,70;60,40;12,71;10,49;12,98;27,01;;             178,75;
01005018;Cantarana;Asti;1   ;             981;11,73;23,12;32,01;2,73;21,39;12,52;13,11;;             116,62;
01005019;Capriglio;Asti;1   ;             307;10,00;23,20;35,12;4,31;3,20;23,90;33,78;;             133,50;
01005020;Casorzo;Asti;1   ;             595;21,58;34,17;59,97;12,29;42,10;33,67;8,91;;             212,70;
01005021;Cassinasco;Asti;1   ;             558;7,30;36,13;38,27;3,81;8,80;4,33;4,10;;             102,74;
01005022;Castagnole delle Lanze;Asti;1   ;           3.661;8,73;21,31;38,22;10,61;4,39;27,77;13,49;;             124,51;
01005023;Castagnole Monferrato;Asti;1   ;           1.108;22,25;32,22;61,39;7,76;15,42;11,33;5,39;;             155,75;
01005024;Castel Boglione;Asti;1   ;             581;6,24;56,30;20,20;3,56;2,88;16,00;6,68;;             111,84;
01005032;Castel Rocchero;Asti;1   ;             379;9,39;85,45;27,26;2,75;30,56;45,80;199,84;;             401,06;
01005025;Castell'Alfero;Asti;1   ;           2.610;17,35;38,29;51,48;8,25;16,10;22,47;22,93;;             176,89;
01005026;Castellero;Asti;1   ;             278;9,62;25,50;26,40;3,24;63,37;12,58;4,10;;             144,80;
01005027;Castelletto Molina;Asti;1   ;             141;26,23;25,59;70,68;13,73;30,57;69,90;42,11;;             278,81;
01005028;Castello di Annone;Asti;1   ;           1.822;18,87;29,43;58,68;12,87;10,32;9,78;6,26;;             146,22;
01005029;Castelnuovo Belbo;Asti;1   ;             822;22,71;40,54;62,89;11,65;10,61;36,41;13,66;;             198,46;
01005030;Castelnuovo Calcea;Asti;1   ;             690;10,10;35,01;37,83;14,98;11,68;12,40;19,57;;             141,56;
01005031;Castelnuovo Don Bosco;Asti;1   ;           3.119;12,05;42,60;41,90;20,21;13,03;11,81;49,92;;             191,53;
01005033;Cellarengo;Asti;1   ;             712;8,83;21,13;26,06;9,81;15,29;29,37;6,57;;             117,06;
01005034;Celle Enomondo;Asti;1   ;             440;8,76;40,28;28,61;4,09;7,52;30,60;18,46;;             138,32;
01005035;Cerreto d'Asti;Asti;1   ;             217;13,97;33,11;46,89;11,78;;32,67;83,23;;             221,65;
01005036;Cerro Tanaro;Asti;1   ;             587;22,07;20,35;73,98;16,27;12,36;12,80;17,01;;             174,84;
01005037;Cessole;Asti;1   ;             358;7,10;50,78;28,72;4,60;10,04;28,94;4,54;;             134,73;
01005038;Chiusano d'Asti;Asti;1   ;             250;15,29;23,89;39,35;12,55;;18,90;31,73;;             141,71;
01005039;Cinaglio;Asti;1   ;             410;12,66;23,01;33,19;10,03;20,48;22,78;3,28;;             125,43;
01005040;Cisterna d'Asti;Asti;1   ;           1.207;13,26;27,54;41,30;3,68;6,18;22,23;12,67;;             126,87;
01005041;Coazzolo;Asti;1   ;             292;7,38;17,15;25,15;2,92;5,25;23,67;2,00;;              83,52;
01005042;Cocconato;Asti;1   ;           1.422;19,06;50,57;58,01;12,31;12,26;35,35;33,94;;             221,50;
01005044;Corsione;Asti;1   ;             201;14,37;19,10;38,53;10,44;;68,19;4,32;;             154,95;
01005045;Cortandone;Asti;1   ;             307;13,22;32,57;35,40;10,56;21,74;24,78;4,05;;             142,32;
01005046;Cortanze;Asti;1   ;             261;13,70;29,41;37,63;15,25;35,39;14,06;4,51;;             149,95;
01005047;Cortazzone;Asti;1   ;             583;15,77;29,10;46,34;11,54;;28,39;18,74;;             149,88;
01005048;Cortiglione;Asti;1   ;             527;16,13;34,67;44,26;3,84;15,45;29,27;27,88;;             171,50;
01005049;Cossombrato;Asti;1   ;             517;13,41;24,89;35,63;8,38;21,70;8,80;11,69;;             124,49;
01005050;Costigliole d'Asti;Asti;1   ;           5.630;10,17;31,97;51,94;11,96;8,73;26,16;20,06;;             160,98;
01005051;Cunico;Asti;1   ;             428;16,62;30,82;51,22;11,97;7,84;14,36;10,04;;             142,86;
01005052;Dusino San Michele;Asti;1   ;           1.057;10,84;36,82;35,38;10,93;8,61;15,29;14,47;;             132,34;
01005053;Ferrere;Asti;1   ;           1.505;11,30;29,00;33,89;3,56;17,68;30,58;14,10;;             140,13;
01005054;Fontanile;Asti;1   ;             486;16,41;31,50;44,80;8,65;24,51;33,89;104,17;;             263,94;
01005055;Frinco;Asti;1   ;             739;12,43;20,38;33,08;11,65;6,78;17,13;10,99;;             112,42;
01005056;Grana;Asti;1   ;             509;22,77;51,44;62,19;13,15;27,58;22,16;57,88;;             257,17;
01005057;Grazzano Badoglio;Asti;1   ;             572;20,36;34,41;62,75;9,35;32,92;35,61;7,32;;             202,71;
01005058;Incisa Scapaccino;Asti;1   ;           2.019;18,18;37,41;52,36;8,81;21,42;18,28;9,19;;             165,66;
01005059;Isola d'Asti;Asti;1   ;           1.939;16,81;22,16;51,76;11,44;14,94;14,25;9,72;;             141,08;
01005060;Loazzolo;Asti;1   ;             295;5,97;43,70;22,84;4,24;23,87;52,81;3,58;;             157,01;
01005061;Maranzana;Asti;1   ;             228;26,26;45,70;72,32;3,49;62,41;86,44;4,90;;             301,54;
01005062;Maretto;Asti;1   ;             372;10,83;28,73;29,02;2,53;20,80;14,88;3,50;;             110,30;
01005063;Moasca;Asti;1   ;             535;9,73;24,08;33,28;11,87;12,28;21,62;24,42;;             137,29;
01005064;Mombaldone;Asti;Vedi aggregazione: CSR - CONSORZIO SERVIZI RIFIUTI DEL NOVESE, TORTONESE, ACQUESE E OVADESE;
01005065;Mombaruzzo;Asti;1   ;             952;17,24;46,27;46,94;17,03;24,35;12,42;3,59;;             167,84;
01005066;Mombercelli;Asti;1   ;           2.087;11,10;26,27;40,82;17,87;8,31;11,09;14,25;;             129,70;
01005067;Monale;Asti;1   ;             979;10,91;26,94;29,13;9,88;27,66;14,17;3,52;;             122,21;
01005068;Monastero Bormida;Asti;1   ;             861;5,97;49,08;29,42;9,04;10,37;43,90;14,45;;             162,23;
01005069;Moncalvo;Asti;1   ;           2.730;19,00;28,40;47,44;14,51;17,80;30,35;27,48;;             184,97;
01005070;Moncucco Torinese;Asti;1   ;             880;10,88;;30,72;17,50;;40,66;14,16;0,50;             114,42;
01005071;Mongardino;Asti;1   ;             854;17,14;21,43;51,07;9,74;14,23;21,43;4,90;;             139,95;
01005072;Montabone;Asti;1   ;             319;6,31;47,82;20,92;3,44;18,98;34,33;13,58;;             145,38;
01005073;Montafia;Asti;1   ;             938;13,51;34,00;41,90;9,53;11,60;15,73;19,17;;             145,43;
01005074;Montaldo Scarampi;Asti;1   ;             694;8,43;28,45;33,55;14,63;12,89;13,64;15,14;;             126,73;
01005075;Montechiaro d'Asti;Asti;1   ;           1.229;15,30;34,16;40,20;13,39;22,31;13,50;9,78;;             148,64;
01005076;Montegrosso d'Asti;Asti;1   ;           2.311;11,07;33,57;47,61;12,59;11,75;24,63;5,02;;             146,24;
01005077;Montemagno;Asti;1   ;           1.034;20,82;44,53;56,92;11,13;21,35;26,35;4,37;;             185,47;
01005121;Montiglio Monferrato;Asti;1   ;           1.496;19,94;52,79;66,12;13,81;15,06;21,50;23,40;;             212,62;
01005079;Moransengo;Asti;1   ;             184;15,88;29,64;43,38;8,36;11,88;66,34;10,65;;             186,13;
01005080;Nizza Monferrato;Asti;1   ;          10.101;15,80;39,86;50,06;13,35;7,38;6,70;16,92;11,88;             161,94;
01005081;Olmo Gentile;Asti;1   ;              73;35,79;78,52;35,79;4,31;3,09;77,15;3,89;;             238,55;
01005082;Passerano Marmorito;Asti;1   ;             443;11,65;30,71;48,57;9,72;38,97;18,80;18,10;;             176,52;
01005083;Penango;Asti;1   ;             436;22,19;39,81;5,22;66,78;13,02;18,75;16,67;;             182,43;
01005084;Piea;Asti;1   ;             511;13,98;28,88;37,70;7,27;24,53;16,36;3,95;;             132,67;
01005085;Pino d'Asti;Asti;1   ;             213;11,23;26,70;36,39;9,29;9,18;26,90;26,17;;             145,86;
01005086;Piova  Massaia;Asti;1   ;             575;18,65;32,27;57,34;14,44;27,47;32,78;17,51;;             200,45;
01005087;Portacomaro;Asti;1   ;           1.901;14,19;32,25;42,33;7,36;15,91;15,97;12,68;;             140,70;
01005088;Quaranti;Asti;1   ;             148;34,86;40,95;2,18;99,07;16,28;56,70;6,58;;             256,62;
01005089;Refrancore;Asti;1   ;           1.574;18,45;32,24;52,66;9,96;11,53;8,54;4,47;;             137,85;
01005090;Revigliasco d'Asti;Asti;1   ;             733;12,00;21,89;32,85;7,92;6,84;25,54;9,33;;             116,37;
01005091;Roatto;Asti;1   ;             367;10,80;18,25;36,85;4,49;30,53;32,59;8,54;;             142,04;
01005092;Robella;Asti;1   ;             436;22,70;28,64;7,55;66,38;;29,55;17,35;;             172,17;
01005093;Rocca d'Arazzo;Asti;1   ;             926;8,65;23,93;29,34;9,95;8,92;16,72;13,19;;             110,70;
01005094;Roccaverano;Asti;1   ;             374;6,73;59,38;28,80;6,54;13,87;22,28;4,78;;             142,39;
01005095;Rocchetta Palafea;Asti;1   ;             338;;36,90;19,44;8,63;20,10;14,40;2,36;;             101,84;
01005096;Rocchetta Tanaro;Asti;1   ;           1.348;22,86;42,64;70,95;17,16;20,28;24,12;17,15;;             215,17;
01005097;San Damiano d'Asti;Asti;1   ;           8.056;14,39;40,25;61,94;;2,64;11,58;11,57;;             142,36;
01005098;San Giorgio Scarampi;Asti;1   ;              94;8,02;50,17;28,66;4,37;25,20;51,62;5,17;;             173,23;
01005099;San Martino Alfieri;Asti;1   ;             677;13,36;29,42;40,34;9,92;10,57;23,94;17,25;;             144,81;
01005100;San Marzano Oliveto;Asti;1   ;             998;17,26;24,91;53,09;9,43;12,08;9,94;7,05;;             133,75;
01005101;San Paolo Solbrito;Asti;1   ;           1.159;10,83;24,40;40,08;4,18;19,48;26,38;12,37;;             137,73;
01005103;Scurzolengo;Asti;1   ;             506;23,46;30,44;64,61;6,91;29,30;30,91;17,63;;             203,26;
01005104;Serole;Asti;1   ;             101;7,47;46,53;26,80;3,98;3,49;83,72;3,76;;             175,74;
01005105;Sessame;Asti;1   ;             241;7,31;44,42;26,92;5,36;97,05;4,32;46,96;;             232,35;
01005106;Settime;Asti;1   ;             547;15,11;31,92;1,47;46,28;32,97;24,67;6,60;;             159,02;
01005107;Soglio;Asti;1   ;             139;18,08;37,50;46,50;17,13;39,12;40,58;25,95;;             224,86;
01005108;Tigliole;Asti;1   ;           1.709;11,64;32,25;36,83;7,51;2,02;12,72;9,39;;             112,36;
01005109;Tonco;Asti;1   ;             743;21,76;33,64;7,84;65,32;15,41;13,78;9,11;;             166,85;
01005110;Tonengo;Asti;1   ;             210;16,13;92,00;45,58;7,50;13,63;48,02;53,94;;             276,79;
01005111;Vaglio Serra;Asti;1   ;             266;13,62;20,70;42,63;8,46;6,36;19,84;4,61;;             116,21;
01005112;Valfenera;Asti;1   ;           2.402;6,34;20,48;22,19;11,92;12,61;27,05;18,41;;             118,99;
01005113;Vesime;Asti;1   ;             601;7,41;53,21;25,16;3,29;3,46;34,66;3,29;;             130,48;
01005114;Viale;Asti;1   ;             242;18,89;33,89;50,72;9,56;;27,95;5,15;;             146,16;
01005115;Viarigi;Asti;1   ;             851;20,90;34,21;55,71;11,01;28,82;45,32;40,41;;             236,38;
01005116;Vigliano d'Asti;Asti;1   ;             815;35,02;17,21;41,68;0,75;17,56;22,94;15,30;2,04;             152,51;
01005119;Villa San Secondo;Asti;1   ;             368;14,23;26,01;38,15;10,20;40,75;32,59;4,87;;             166,81;
01005117;Villafranca d'Asti;Asti;1   ;           2.932;13,11;22,61;43,20;17,00;6,28;23,77;6,19;;             132,15;
01005118;Villanova d'Asti;Asti;1   ;           5.487;17,91;28,47;57,47;17,64;14,07;19,27;19,01;8,20;             182,05;
01005120;Vinchio;Asti;1   ;             546;12,42;18,16;37,46;10,07;18,85;12,12;12,06;;             121,14;
15064001;Aiello del Sabato;Avellino;1   ;           4.000;22,76;19,88;48,20;26,93;14,17;12,05;4,92;;             148,91;
15064002;Altavilla Irpina;Avellino;1   ;           3.945;11,98;21,39;23,97;17,90;32,45;1,29;37,01;;             145,99;
15064005;Ariano Irpino;Avellino;1   ;          21.023;54,40;37,78;54,76;20,79;10,70;16,03;40,46;;             234,90;
15064006;Atripalda;Avellino;1   ;          10.367;38,69;32,68;65,76;31,72;41,60;14,39;18,93;1,21;             244,98;
15064007;Avella;Avellino;1   ;           7.516;26,60;43,07;39,91;17,59;25,74;5,14;;13,30;             171,36;
15064008;Avellino;Avellino;1   ;          52.198;27,02;23,90;63,93;33,75;62,80;17,55;48,25;-2,53;             274,68;
15064009;Bagnoli Irpino;Avellino;1   ;           3.027;147,04;45,60;;;17,08;3,37;;;             213,08;
15064010;Baiano;Avellino;1   ;           4.443;14,80;19,17;29,15;40,99;26,77;7,70;8,26;;             146,84;
15064011;Bisaccia;Avellino;1   ;           3.534;15,01;15,77;47,09;27,96;8,54;55,28;17,33;;             186,99;
15064012;Bonito;Avellino;1   ;           2.217;25,76;24,08;24,10;14,49;18,89;8,99;85,05;8,16;             209,53;
15064014;Calabritto;Avellino;1   ;           2.148;;88,84;;;0,63;35,29;30,44;;             155,19;
15064015;Calitri;Avellino;1   ;           4.243;10,34;19,80;15,11;21,76;0,59;52,94;28,18;;             148,73;
15064016;Candida;Avellino;1   ;           1.101;32,13;24,42;48,38;23,36;15,17;6,99;5,18;;             155,62;
15064017;Caposele;Avellino;1   ;           3.245;22,84;26,99;80,09;8,70;16,18;4,82;;;             159,63;
15064018;Capriglia Irpina;Avellino;1   ;           2.262;14,76;12,80;50,94;27,77;6,06;5,51;13,23;0,44;             131,52;
15064019;Carife;Avellino;1   ;           1.272;23,60;33,93;30,73;19,08;0,90;62,28;89,58;;             260,09;
15064020;Casalbore;Avellino;1   ;           1.574;37,27;38,75;5,85;15,02;26,22;6,26;19,62;;             149,00;
15064021;Cassano Irpino;Avellino;1   ;             945;25,05;15,52;57,20;20,50;20,47;10,68;5,15;;             154,57;
15064022;Castel Baronia;Avellino;1   ;           1.062;31,78;20,50;65,35;23,34;11,79;18,63;6,93;;             178,33;
15064023;Castelfranci;Avellino;1   ;           1.766;34,78;20,67;;18,89;9,19;18,51;33,28;62,26;             197,59;
15064024;Castelvetere sul Calore;Avellino;1   ;           1.486;38,54;23,98;68,24;27,23;;6,64;3,74;;             168,37;
15064025;Cervinara;Avellino;1   ;           8.680;27,81;34,06;45,38;36,17;18,12;16,60;13,58;;             191,73;
15064026;Cesinali;Avellino;1   ;           2.552;33,06;25,31;38,91;43,66;5,78;2,06;16,72;;             165,50;
15064027;Chianche;Avellino;1   ;             478;;48,24;;;48,12;55,82;13,82;;             165,99;
15064029;Contrada;Avellino;1   ;           2.950;28,00;24,39;47,29;26,39;11,08;33,20;71,48;;             241,84;
15064031;Domicella;Avellino;1   ;           1.849;0,03;6,99;27,20;31,73;;7,42;11,30;;              84,67;
15064032;Flumeri;Avellino;1   ;           2.506;77,68;34,25;90,43;21,52;5,90;32,17;28,10;;             290,05;
15064033;Fontanarosa;Avellino;1   ;           2.870;35,19;21,55;67,44;22,22;9,17;11,30;;;             166,87;
15064034;Forino;Avellino;1   ;           5.179;25,19;29,66;48,08;36,76;12,78;12,19;17,79;;             182,45;
15064035;Frigento;Avellino;1   ;           3.462;35,00;21,37;76,15;;26,34;;;;             158,87;
15064036;Gesualdo;Avellino;1   ;           3.234;31,43;20,45;56,41;24,82;6,77;6,71;11,61;10,82;             169,03;
15064038;Grottaminarda;Avellino;1   ;           7.711;40,62;35,18;55,80;26,62;4,31;9,61;23,59;;             195,74;
15064039;Grottolella;Avellino;1   ;           1.793;30,64;26,74;43,44;18,20;4,84;25,65;32,29;;             181,79;
15064040;Guardia Lombardi;Avellino;1   ;           1.515;30,29;12,50;71,91;14,25;;22,53;23,17;;             174,66;
15064041;Lacedonia;Avellino;1   ;           2.048;14,84;31,47;31,33;19,94;10,19;8,05;33,71;;             149,54;
15064042;Lapio;Avellino;1   ;           1.428;6,86;6,86;58,31;32,04;0,48;1,51;0,71;;             106,77;
15064044;Lioni;Avellino;1   ;           5.934;27,41;22,72;44,01;17,26;13,28;7,98;11,93;;             144,59;
15064045;Luogosano;Avellino;1   ;           1.082;34,68;17,91;104,20;30,19;9,12;14,11;67,59;;             277,80;
15064046;Manocalzati;Avellino;1   ;           3.019;29,54;25,35;50,24;32,76;17,89;18,23;47,60;;             221,61;
15064049;Mercogliano;Avellino;1   ;          11.492;43,11;34,69;49,42;23,92;31,42;15,27;18,67;;             216,51;
15064052;Montecalvo Irpino;Avellino;1   ;           3.324;46,04;24,48;62,24;18,21;19,61;9,03;9,46;;             189,07;
15064054;Monteforte Irpino;Avellino;1   ;          11.229;26,77;27,14;50,74;30,57;15,60;17,15;29,85;3,83;             201,65;
15064056;Montefusco;Avellino;1   ;           1.192;25,56;23,59;51,76;15,93;11,94;10,52;2,85;;             142,15;
15064057;Montella;Avellino;1   ;           7.291;22,01;22,19;54,90;31,41;26,25;11,80;8,93;;             177,51;
15064058;Montemarano;Avellino;1   ;           2.610;153,06;36,00;;;8,02;5,15;;;             202,24;
15064059;Montemiletto;Avellino;1   ;           5.070;37,35;27,25;50,44;20,70;;8,57;60,84;;             205,14;
15064060;Monteverde;Avellino;1   ;             695;38,56;21,08;85,66;27,55;;10,20;4,26;;             187,31;
15064121;Montoro;Avellino;1   ;          19.347;18,62;53,45;39,11;;29,02;1,75;26,29;;             168,25;
15064063;Morra De Sanctis;Avellino;1   ;           1.124;54,41;43,74;;;;16,26;68,27;0,89;             183,57;
15064066;Nusco;Avellino;1   ;           3.899;42,59;25,25;51,04;15,68;15,69;10,14;22,91;;             183,29;
15064067;Ospedaletto d'Alpinolo;Avellino;1   ;           2.024;31,92;19,64;86,04;32,18;33,16;24,03;34,91;;             261,88;
15064068;Pago del Vallo di Lauro;Avellino;1   ;           1.710;36,38;30,71;68,24;18,15;6,08;1,17;;;             160,72;
15064069;Parolise;Avellino;1   ;             637;39,96;27,92;75,56;35,23;28,02;12,04;6,30;;             225,01;
15064070;Paternopoli;Avellino;1   ;           2.143;28,62;20,61;65,96;26,60;19,38;8,55;6,01;;             175,74;
15064071;Petruro Irpino;Avellino;1   ;             302;19,84;42,06;19,12;;1,51;7,73;0,74;;              91,00;
15064073;Pietrastornina;Avellino;1   ;           1.449;34,09;21,80;70,22;27,62;4,72;30,18;264,60;;             453,24;
15064074;Prata di Principato Ultra;Avellino;1   ;           2.696;39,39;31,31;52,07;21,01;22,58;21,88;18,63;;             206,88;
15064075;Pratola Serra;Avellino;1   ;           3.592;5,91;21,36;35,08;32,02;43,58;8,40;21,86;;             168,21;
15064077;Quindici;Avellino;1   ;           1.790;39,29;37,98;39,65;53,81;16,81;18,95;23,85;;             230,33;
15064079;Rocca San Felice;Avellino;1   ;             781;37,33;28,61;42,06;17,30;22,56;11,46;94,05;;             253,37;
15064078;Roccabascerana;Avellino;1   ;           2.308;11,15;15,84;46,12;21,60;14,08;22,63;3,96;;             135,38;
15064081;Salza Irpina;Avellino;1   ;             720;24,32;14,53;78,30;28,09;14,93;22,82;18,40;;             201,40;
15064082;San Mango sul Calore;Avellino;1   ;           1.093;22,50;15,23;74,90;8,00;10,21;47,93;24,83;;             203,61;
15064084;San Michele di Serino;Avellino;1   ;           2.414;30,47;28,72;42,59;21,82;;4,85;2,68;;             131,13;
15064085;San Nicola Baronia;Avellino;1   ;             762;34,52;22,10;71,84;24,25;30,30;16,95;32,63;;             232,58;
15064086;San Potito Ultra;Avellino;1   ;           1.477;17,27;21,34;39,50;29,90;36,46;15,53;4,34;;             164,34;
15064087;San Sossio Baronia;Avellino;1   ;           1.490;41,02;23,20;63,92;19,31;10,56;8,80;56,64;;             223,45;
15064093;Santa Paolina;Avellino;1   ;           1.157;31,21;24,17;47,78;20,87;30,58;50,16;4,18;;             208,94;
15064089;Sant'Andrea di Conza;Avellino;1   ;           1.406;43,49;41,02;21,63;6,85;18,16;15,20;9,86;;             156,21;
15064091;Sant'Angelo a Scala;Avellino;1   ;             703;42,42;30,42;46,08;17,77;22,73;9,55;14,82;;             183,79;
15064090;Sant'Angelo all'Esca;Avellino;1   ;             730;34,79;23,81;78,18;29,69;10,53;10,10;36,39;;             223,49;
15064092;Sant'Angelo dei Lombardi;Avellino;1   ;           3.832;105,81;49,21;;;7,96;;;;             162,98;
15064095;Santo Stefano del Sole;Avellino;1   ;           2.055;28,99;23,33;49,48;31,98;35,32;7,01;55,15;;             231,27;
15064096;Savignano Irpino;Avellino;1   ;           1.004;53,57;22,95;74,74;20,40;0,31;11,27;14,51;;             197,74;
15064097;Scampitella;Avellino;1   ;           1.036;65,50;21,03;41,01;20,53;13,55;22,61;73,06;;             257,30;
15064098;Senerchia;Avellino;1   ;             733;33,59;35,03;33,59;6,66;;2,05;22,83;;             133,75;
15064101;Solofra;Avellino;1   ;          12.053;31,48;26,22;52,06;26,98;18,53;22,31;41,56;4,15;             223,30;
15064102;Sorbo Serpico;Avellino;1   ;             530;47,63;17,47;112,84;29,46;28,39;22,78;31,15;;             289,72;
15064105;Summonte;Avellino;1   ;           1.518;29,45;21,27;56,56;26,07;34,46;16,77;5,22;0,81;             190,62;
15064107;Taurasi;Avellino;1   ;           2.161;39,24;21,75;82,66;29,49;17,64;13,15;87,95;;             291,88;
15064108;Teora;Avellino;1   ;           1.447;18,60;13,49;58,14;23,26;44,36;8,72;85,21;;             251,79;
15064109;Torella dei Lombardi;Avellino;1   ;           1.952;121,59;19,86;;;1,17;0,56;6,92;;             150,10;
15064110;Torre Le Nocelle;Avellino;1   ;           1.201;35,37;27,41;;13,25;;16,45;2,42;;              94,90;
15064112;Trevico;Avellino;1   ;             842;20,31;28,39;27,20;21,92;37,59;16,03;64,95;;             216,38;
15064113;Tufo;Avellino;1   ;             772;34,74;36,65;38,47;24,96;49,57;25,68;28,18;;             238,27;
15064117;Villamaina;Avellino;1   ;             911;48,59;27,37;64,49;21,09;9,05;19,50;33,94;;             224,04;
15064118;Villanova del Battista;Avellino;1   ;           1.472;34,06;19,21;69,22;21,48;7,55;7,99;3,33;;             162,85;
15064119;Volturara Irpina;Avellino;1   ;           2.963;18,90;26,08;28,66;51,10;2,60;13,35;57,77;;             198,47;
15064120;Zungoli;Avellino;1   ;             942;35,09;13,52;60,79;18,31;33,88;5,77;26,84;;             194,19;
16072001;Acquaviva delle Fonti;Bari;1   ;          19.938;10,30;16,42;51,67;32,78;28,59;8,73;19,63;;             168,12;
16072002;Adelfia;Bari;1   ;          16.494;22,64;16,52;43,46;19,12;24,45;17,60;26,26;;             170,04;
16072003;Alberobello;Bari;1   ;          10.248;15,01;11,90;67,62;43,95;27,73;32,98;47,81;;             247,00;
16072006;Bari;Bari;1   ;         316.015;24,86;31,50;47,93;25,09;41,54;20,97;7,71;1,98;             201,58;
16072008;Binetto;Bari;1   ;           2.128;28,79;8,82;52,04;43,82;29,89;39,88;1,45;;             204,68;
16072010;Bitetto;Bari;1   ;          11.767;9,80;7,48;47,00;32,48;22,26;20,52;10,53;;             150,06;
16072011;Bitonto;Bari;1   ;          53.168;18,01;5,23;36,79;13,70;48,81;5,49;10,09;29,99;             168,11;
16072012;Bitritto;Bari;1   ;          11.315;22,93;7,36;41,44;23,64;23,81;8,54;4,04;0,71;             132,46;
16072015;Casamassima;Bari;1   ;          19.294;0,92;41,59;24,82;;121,99;0,56;;;             189,89;
16072018;Cellamare;Bari;1   ;           5.810;3,64;12,95;40,03;31,17;;15,59;14,56;10,33;             128,26;
16072019;Conversano;Bari;1   ;          25.779;7,77;16,90;57,75;43,56;39,12;18,39;16,08;18,60;             218,18;
16072020;Corato;Bari;1   ;          47.033;11,01;6,53;68,80;29,79;30,19;10,15;24,86;2,61;             183,94;
16072021;Gioia del Colle;Bari;1   ;          26.562;10,99;6,87;56,33;36,08;21,85;29,45;11,04;;             172,60;
16072023;Gravina in Puglia;Bari;1   ;          42.703;12,20;9,21;45,44;27,94;23,06;24,66;18,40;;             160,91;
16072024;Grumo Appula;Bari;1   ;          12.141;17,44;12,35;62,52;21,79;38,69;20,64;10,51;;             183,95;
16072025;Locorotondo;Bari;1   ;          13.930;20,51;6,46;44,58;31,15;28,23;25,98;33,53;;             190,44;
16072027;Modugno;Bari;1   ;          36.224;15,53;9,59;66,54;33,39;37,33;11,61;13,05;;             187,04;
16072028;Mola di Bari;Bari;1   ;          24.416;9,78;20,21;81,70;28,45;24,71;10,60;13,06;;             188,51;
16072029;Molfetta;Bari;1   ;          57.329;24,89;23,19;;44,90;33,14;37,07;12,98;29,45;             205,61;
16072030;Monopoli;Bari;1   ;          47.996;;17,68;;27,48;;14,81;21,83;;              81,81;
16072031;Noci;Bari;1   ;          18.361;9,69;10,56;59,25;28,47;19,56;37,37;9,16;1,09;             175,14;
16072032;Noicattaro;Bari;1   ;          25.885;11,44;7,68;52,78;29,52;26,07;11,92;5,21;;             144,61;
16072033;Palo del Colle;Bari;1   ;          20.575;11,00;16,61;71,08;33,07;29,99;16,25;1,71;;             179,70;
16072034;Poggiorsini;Bari;1   ;           1.273;26,71;16,53;73,45;1,96;29,85;21,21;;4,32;             174,03;
16072035;Polignano a Mare;Bari;1   ;          17.531;7,79;19,85;86,90;60,94;41,75;6,53;27,35;;             251,10;
16072036;Putignano;Bari;1   ;          25.935;6,50;7,50;60,77;27,13;22,86;26,67;32,84;;             184,27;
16072037;Rutigliano;Bari;1   ;          18.293;16,35;11,33;51,39;23,90;25,19;26,52;4,63;;             159,30;
16072038;Ruvo di Puglia;Bari;1   ;          24.347;12,93;18,20;60,75;35,08;25,45;8,29;9,32;7,40;             177,42;
16072039;Sammichele di Bari;Bari;1   ;           6.022;10,46;15,02;67,98;29,65;21,96;30,44;1,75;;             177,25;
16072041;Santeramo in Colle;Bari;1   ;          25.713;8,72;10,75;54,54;22,69;25,08;17,42;6,91;;             146,10;
16072043;Terlizzi;Bari;1   ;          26.112;13,78;11,38;57,09;37,81;32,75;10,65;4,79;;             168,26;
16072047;Turi;Bari;1   ;          12.971;12,38;43,51;49,77;14,02;20,79;10,60;18,67;;             169,73;
16110001;Andria;Barletta-Andria-Trani;1   ;          97.146;12,57;27,82;55,12;22,48;24,87;18,61;16,21;;             177,68;
16110002;Barletta;Barletta-Andria-Trani;1   ;          92.427;13,32;19,20;49,40;46,78;30,77;16,09;4,18;;             179,74;
16110003;Bisceglie;Barletta-Andria-Trani;1   ;          53.534;19,12;23,50;61,85;47,66;19,16;6,31;19,69;;             197,30;
16110004;Canosa di Puglia;Barletta-Andria-Trani;1   ;          27.943;6,58;15,99;70,04;28,85;21,85;13,22;1,42;;             157,96;
16110005;Margherita di Savoia;Barletta-Andria-Trani;1   ;          11.161;30,63;61,99;73,32;30,24;38,37;34,94;12,55;;             282,05;
16110008;Spinazzola;Barletta-Andria-Trani;1   ;           5.934;29,31;28,10;55,83;37,22;40,59;11,21;2,71;;             204,96;
16110009;Trani;Barletta-Andria-Trani;1   ;          54.941;26,38;39,04;19,58;12,76;11,72;59,19;12,23;;             180,89;
16110010;Trinitapoli;Barletta-Andria-Trani;1   ;          13.844;11,38;42,13;44,42;29,22;24,33;17,34;6,79;;             175,60;
05025001;Agordo - Dato aggregazione Unione Montana Agordina;Belluno;16  ;          18.229;13,74;10,96;76,93;28,33;6,58;31,81;21,78;0,58;             190,71;
05025002;Alano di Piave;Belluno;1   ;           2.701;13,44;7,50;52,51;25,17;7,74;15,74;9,52;;             131,62;
05025003;Alleghe;Belluno;Vedi aggregazione: Unione Montana Agordina;
05025072;Alpago;Belluno;1   ;           6.612;6,45;9,22;18,91;37,24;7,50;9,48;11,65;;             100,45;
05025004;Arsie;Belluno;1   ;           2.192;14,24;9,17;54,59;22,96;5,74;11,40;1,83;;             119,94;
05025005;Auronzo di Cadore;Belluno;1   ;           3.063;19,20;16,39;113,63;30,22;32,89;46,53;33,25;;             292,11;
05025006;Belluno;Belluno;1   ;          35.529;11,40;10,29;35,09;16,09;14,61;35,22;12,67;2,02;             137,38;
05025007;Borca di Cadore;Belluno;1   ;             842;18,83;32,18;111,82;26,69;40,61;52,88;1,19;;             284,20;
05025074;Borgo Valbelluna;Belluno;1   ;          13.410;16,26;6,80;21,57;18,20;7,90;22,37;16,78;0,71;             110,60;
05025008;Calalzo di Cadore;Belluno;1   ;           1.841;12,47;11,49;52,52;22,02;12,91;36,80;28,74;;             176,94;
05025023;Canale d'Agordo;Belluno;Vedi aggregazione: Unione Montana Agordina;
05025010;Cencenighe Agordino;Belluno;Vedi aggregazione: Unione Montana Agordina;
05025011;Cesiomaggiore;Belluno;1   ;           3.923;9,38;6,69;47,19;18,33;4,31;15,54;4,54;;             105,97;
05025012;Chies d'Alpago;Belluno;1   ;           1.251;4,81;9,48;19,45;38,31;6,02;16,08;14,87;;             109,02;
05025013;Cibiana di Cadore;Belluno;1   ;             331;27,84;25,20;154,36;46,97;9,06;26,40;;;             289,82;
05025014;Colle Santa Lucia;Belluno;Vedi aggregazione: Unione Montana Agordina;
05025015;Comelico Superiore;Belluno;1   ;           2.080;9,76;22,42;47,23;12,97;10,22;28,38;30,20;;             161,18;
05025016;Cortina d'Ampezzo;Belluno;1   ;           5.546;56,52;95,85;103,25;57,58;76,17;26,57;45,38;;             461,32;
05025017;Danta di Cadore;Belluno;1   ;             433;6,12;16,89;43,55;16,46;3,76;31,71;36,24;;             154,73;
05025018;Domegge di Cadore;Belluno;1   ;           2.234;10,40;9,58;46,52;18,38;12,91;30,29;17,01;;             145,09;
05025019;Falcade;Belluno;Vedi aggregazione: Unione Montana Agordina;
05025021;Feltre;Belluno;1   ;          20.369;7,70;8,81;23,12;17,03;10,20;17,32;14,40;0,17;              98,75;
05025022;Fonzaso;Belluno;1   ;           3.012;8,08;5,64;54,20;25,81;5,20;4,00;;;             102,95;
05025025;Gosaldo;Belluno;Vedi aggregazione: Unione Montana Agordina;
05025027;La Valle Agordina;Belluno;Vedi aggregazione: Unione Montana Agordina;
05025026;Lamon;Belluno;1   ;           2.629;21,13;9,00;47,95;23,07;6,48;7,48;5,72;;             120,83;
05025029;Limana;Belluno;1   ;           5.355;4,65;6,95;29,88;17,08;8,12;24,15;21,42;1,08;             113,32;
05025030;Livinallongo del Col di Lana;Belluno;Vedi aggregazione: Unione Montana Agordina;
05025071;Longarone;Belluno;1   ;           5.022;10,17;11,85;50,23;16,72;18,98;38,33;14,01;;             160,30;
05025032;Lorenzago di Cadore;Belluno;1   ;             568;12,12;11,17;55,58;21,41;15,63;32,99;27,02;;             175,92;
05025033;Lozzo di Cadore;Belluno;1   ;           1.255;9,60;8,85;47,25;16,96;7,63;30,39;22,37;;             143,06;
05025035;Ospitale di Cadore;Belluno;1   ;             261;9,53;12,32;50,51;18,63;;46,40;24,17;;             161,57;
05025036;Pedavena;Belluno;1   ;           4.304;21,91;9,26;48,50;17,27;3,53;9,05;4,90;;             114,41;
05025037;Perarolo di Cadore;Belluno;1   ;             373;10,00;9,21;49,40;17,66;117,99;22,60;32,78;;             259,65;
05025039;Pieve di Cadore;Belluno;1   ;           3.650;12,42;14,70;61,42;21,94;33,42;38,04;16,81;;             198,74;
05025040;Ponte nelle Alpi;Belluno;1   ;           7.901;5,96;5,78;66,70;13,32;5,35;53,21;6,87;1,33;             158,51;
05025070;Quero Vas;Belluno;1   ;           3.059;11,45;6,46;33,81;23,06;12,57;24,18;22,22;0,33;             134,09;
05025043;Rivamonte Agordino;Belluno;Vedi aggregazione: Unione Montana Agordina;
05025044;Rocca Pietore;Belluno;Vedi aggregazione: Unione Montana Agordina;
05025045;San Gregorio nelle Alpi;Belluno;1   ;           1.563;13,01;3,50;44,05;19,44;10,24;20,94;20,72;0,37;             132,27;
05025046;San Nicolo di Comelico;Belluno;1   ;             389;6,42;21,33;47,39;9,93;16,97;32,68;49,96;;             184,67;
05025047;San Pietro di Cadore;Belluno;1   ;           1.495;6,75;21,78;52,15;9,25;31,68;27,49;29,79;;             178,88;
05025049;San Tomaso Agordino;Belluno;Vedi aggregazione: Unione Montana Agordina;
05025051;San Vito di Cadore;Belluno;1   ;           1.938;15,64;;92,89;7,11;;0,43;;;             116,08;
05025048;Santa Giustina;Belluno;1   ;           6.615;9,65;4,91;39,51;16,99;4,80;22,66;7,57;0,32;             106,42;
05025050;Santo Stefano di Cadore;Belluno;1   ;           2.340;14,34;27,70;56,59;12,72;6,33;21,85;29,61;;             169,15;
05025053;Sedico;Belluno;1   ;          10.116;7,94;6,71;42,95;9,70;5,28;22,61;9,64;1,98;             106,79;
05025054;Selva di Cadore;Belluno;Vedi aggregazione: Unione Montana Agordina;
05025055;Seren del Grappa;Belluno;1   ;           2.326;11,92;9,48;30,07;16,95;2,74;27,07;5,79;0,41;             104,42;
05025056;Sospirolo;Belluno;1   ;           3.072;5,45;3,46;26,55;23,48;5,83;20,48;25,76;0,13;             111,14;
05025057;Soverzene;Belluno;1   ;             368;6,80;8,52;35,27;12,62;7,19;15,98;10,36;;              96,76;
05025058;Sovramonte;Belluno;1   ;           1.296;14,17;7,55;75,74;16,90;9,00;16,45;3,46;;             143,26;
05025059;Taibon Agordino;Belluno;Vedi aggregazione: Unione Montana Agordina;
05025060;Tambre;Belluno;1   ;           1.297;8,00;15,76;32,33;63,67;11,52;18,61;18,86;;             168,74;
05025073;Val Di Zoldo;Belluno;1   ;           2.745;15,16;17,66;68,41;24,91;12,27;33,93;34,86;;             207,21;
05025062;Vallada Agordina;Belluno;Vedi aggregazione: Unione Montana Agordina;
05025063;Valle di Cadore;Belluno;1   ;           1.849;21,72;17,91;73,90;15,51;;8,33;1,76;;             139,13;
05025065;Vigo di Cadore;Belluno;1   ;           1.349;9,57;8,82;46,73;16,91;11,93;26,06;12,44;;             132,46;
05025066;Vodo Cadore;Belluno;1   ;             823;18,04;17,37;107,11;17,74;10,52;29,05;;;             199,84;
05025067;Voltago Agordino;Belluno;Vedi aggregazione: Unione Montana Agordina;
05025069;Zoppe di Cadore;Belluno;1   ;             195;8,83;10,29;35,89;14,51;;15,05;10,66;;              95,23;
15062001;Airola;Benevento;1   ;           8.106;13,33;12,68;56,34;38,58;24,75;24,32;52,33;;             222,32;
15062002;Amorosi;Benevento;1   ;           2.619;24,19;1,91;58,05;27,85;37,49;12,83;11,79;;             174,11;
15062003;Apice;Benevento;1   ;           5.286;18,94;;37,87;35,66;10,02;7,91;3,11;;             113,52;
15062004;Apollosa;Benevento;1   ;           2.462;15,51;13,67;53,99;9,34;8,06;4,07;1,53;;             106,16;
15062005;Arpaia;Benevento;1   ;           1.989;76,34;29,57;26,79;;;4,87;4,77;10,06;             152,40;
15062006;Arpaise;Benevento;1   ;             735;8,48;21,56;85,07;24,03;;25,18;0,73;;             165,04;
15062007;Baselice;Benevento;1   ;           2.094;9,91;18,61;25,14;23,46;14,94;5,99;3,90;;             101,95;
15062008;Benevento;Benevento;1   ;          56.201;37,69;35,03;99,40;49,70;21,17;19,67;17,82;3,52;             284,00;
15062009;Bonea;Benevento;1   ;           1.382;16,57;14,01;57,47;28,06;25,35;13,03;16,82;;             171,31;
15062010;Bucciano;Benevento;1   ;           1.968;40,08;12,54;4,85;42,18;;;1,07;;             100,72;
15062011;Buonalbergo;Benevento;1   ;           1.525;80,73;13,15;9,17;;11,34;23,49;2,75;;             140,64;
15062013;Campolattaro;Benevento;1   ;             971;10,75;13,04;14,85;51,36;37,07;22,43;3,53;;             153,04;
15062014;Campoli del Monte Taburno;Benevento;1   ;           1.531;31,59;48,48;2,43;;;55,11;0,73;;             138,35;
15062015;Casalduni;Benevento;1   ;           1.211;39,27;11,21;34,88;11,49;;31,26;11,95;;             140,06;
15062016;Castelfranco in Miscano;Benevento;1   ;             794;17,27;25,79;65,86;12,02;36,78;4,32;28,55;;             190,59;
15062017;Castelpagano;Benevento;1   ;           1.330;24,34;30,45;31,42;2,97;20,91;27,62;10,76;;             148,46;
15062018;Castelpoto;Benevento;1   ;           1.109;19,95;55,98;40,10;;17,28;28,64;9,96;;             171,90;
15062020;Castelvetere in Val Fortore;Benevento;1   ;             986;19,40;;45,26;12,96;5,82;33,71;1,47;;             118,62;
15062021;Cautano;Benevento;1   ;           1.928;15,87;7,72;13,37;57,31;16,40;5,82;1,35;;             117,85;
15062022;Ceppaloni;Benevento;1   ;           3.168;66,87;23,03;8,52;20,19;8,15;11,37;3,84;;             141,95;
15062023;Cerreto Sannita;Benevento;1   ;           3.607;18,02;41,59;51,29;2,77;14,39;12,07;0,91;;             141,05;
15062024;Circello;Benevento;1   ;           2.174;12,06;10,52;40,11;23,41;9,65;5,61;10,43;;             111,79;
15062025;Colle Sannita;Benevento;1   ;           2.167;;19,38;;;;150,88;;;             170,26;
15062026;Cusano Mutri;Benevento;1   ;           3.763;92,23;12,39;;14,08;10,69;6,97;17,56;;             153,91;
15062028;Durazzano;Benevento;1   ;           2.102;10,07;10,06;50,34;24,17;8,19;25,57;;;             128,40;
15062030;Foglianise;Benevento;1   ;           3.120;20,38;8,91;66,99;26,27;9,32;34,51;10,53;;             176,90;
15062031;Foiano di Val Fortore;Benevento;1   ;           1.320;7,79;35,96;;;31,32;30,52;;;             105,59;
15062033;Fragneto l'Abate;Benevento;1   ;             959;35,45;32,33;;16,32;26,53;59,49;;;             170,11;
15062034;Fragneto Monforte;Benevento;1   ;           1.668;14,48;17,54;50,64;23,59;30,08;14,98;;;             151,31;
15062036;Ginestra degli Schiavoni;Benevento;1   ;             402;12,83;41,27;70,11;26,36;42,66;15,50;45,37;;             254,10;
15062037;Guardia Sanframondi;Benevento;1   ;           4.558;17,21;9,26;44,12;9,24;7,40;15,52;31,71;8,06;             142,53;
15062038;Limatola;Benevento;1   ;           4.155;76,12;52,91;;;;7,81;;;             136,84;
15062040;Moiano;Benevento;1   ;           4.013;14,65;9,75;58,77;0,21;10,00;19,49;1,94;;             114,80;
15062041;Molinara;Benevento;1   ;           1.453;31,06;35,21;27,27;;27,61;15,03;3,50;;             139,67;
15062042;Montefalcone di Val Fortore;Benevento;1   ;           1.298;7,09;17,26;49,65;26,64;16,50;3,50;7,04;;             127,69;
15062043;Montesarchio;Benevento;1   ;          12.959;10,41;27,26;52,51;17,89;29,30;41,83;7,81;;             187,01;
15062044;Morcone;Benevento;1   ;           4.515;10,48;11,01;28,98;17,25;22,56;4,64;1,60;;              96,51;
15062045;Paduli;Benevento;1   ;           3.602;69,72;40,19;;;;3,74;8,58;;             122,24;
15062046;Pago Veiano;Benevento;1   ;           2.269;29,17;24,84;64,54;;;1,09;;4,03;             123,67;
15062048;Paolisi;Benevento;1   ;           1.965;104,89;21,53;3,79;;10,79;17,10;16,27;;             174,38;
15062049;Paupisi;Benevento;1   ;           1.444;10,71;;29,97;;11,99;12,27;;;              64,93;
15062051;Pietraroja;Benevento;1   ;             507;11,51;26,05;26,44;9,94;7,44;43,09;10,03;;             134,51;
15062052;Pietrelcina;Benevento;1   ;           2.878;6,29;14,51;37,04;31,05;8,64;5,86;20,78;;             124,17;
15062053;Ponte;Benevento;1   ;           2.419;10,12;;18,83;;9,54;51,94;;;              90,43;
15062054;Pontelandolfo;Benevento;1   ;           2.014;11,40;16,60;14,06;30,54;4,75;5,72;9,08;;              92,16;
15062055;Puglianello;Benevento;1   ;           1.304;18,98;7,28;88,56;22,27;18,98;2,98;4,39;;             163,43;
15062056;Reino;Benevento;1   ;           1.103;98,55;13,30;;24,96;;9,00;10,88;;             156,69;
15062057;San Bartolomeo in Galdo;Benevento;1   ;           4.362;19,96;29,65;52,09;26,14;10,12;31,04;3,38;;             172,39;
15062058;San Giorgio del Sannio;Benevento;1   ;           9.727;11,86;24,76;59,30;9,31;10,30;13,23;35,11;;             163,88;
15062059;San Giorgio La Molara;Benevento;1   ;           2.779;33,23;12,56;42,73;10,03;16,58;16,71;14,67;;             146,52;
15062060;San Leucio del Sannio;Benevento;1   ;           2.934;18,98;0,07;32,17;;;33,04;1,68;;              85,93;
15062061;San Lorenzello;Benevento;1   ;           2.101;12,68;30,28;48,82;12,81;14,00;16,27;5,77;;             140,64;
15062062;San Lorenzo Maggiore;Benevento;1   ;           1.879;11,58;16,81;25,49;10,93;6,89;23,02;;;              94,72;
15062063;San Lupo;Benevento;1   ;             713;27,82;22,32;0,98;;;78,72;2,80;;             132,64;
15062064;San Marco dei Cavoti;Benevento;1   ;           2.982;56,61;27,64;;;21,36;6,79;3,43;;             115,83;
15062065;San Martino Sannita;Benevento;1   ;           1.180;52,09;17,15;;21,60;;0,90;27,00;;             118,74;
15062066;San Nazzaro;Benevento;1   ;             840;19,57;24,53;37,50;18,19;6,09;39,46;13,39;;             158,71;
15062067;San Nicola Manfredi;Benevento;1   ;           3.482;41,00;21,96;;17,68;20,28;2,97;46,16;;             150,06;
15062068;San Salvatore Telesino;Benevento;1   ;           3.854;7,57;32,23;55,91;38,16;;15,84;31,92;;             181,63;
15062069;Santa Croce del Sannio;Benevento;1   ;             869;41,36;42,44;83,98;;;14,94;;;             182,71;
15062071;Sant'Angelo a Cupolo;Benevento;1   ;           4.068;8,96;68,70;28,88;;12,41;14,14;3,86;;             136,95;
15062072;Sassinoro;Benevento;1   ;             647;4,39;26,53;45,29;12,10;3,49;14,06;70,85;;             176,71;
15062073;Solopaca;Benevento;1   ;           3.447;22,38;2,47;53,72;;13,43;14,59;14,82;;             121,42;
15062074;Telese Terme;Benevento;1   ;           7.613;13,18;46,79;52,74;34,66;;33,39;40,63;;             221,39;
15062075;Tocco Caudio;Benevento;1   ;           1.435;29,82;43,10;;;;49,46;0,78;;             123,16;
15062076;Torrecuso;Benevento;1   ;           3.237;43,39;7,75;40,64;3,09;10,78;9,86;;;             115,51;
15062077;Vitulano;Benevento;1   ;           2.732;33,36;18,72;3,67;1,76;14,69;47,26;4,01;;             123,47;
03016001;Adrara San Martino;Bergamo;1   ;           2.169;8,04;4,30;20,40;17,14;8,61;10,39;8,27;2,77;              79,91;
03016002;Adrara San Rocco;Bergamo;1   ;             806;7,43;2,29;44,73;21,60;1,25;22,41;22,37;1,82;             123,90;
03016003;Albano Sant'Alessandro;Bergamo;1   ;           8.264;6,42;8,29;23,41;17,71;10,24;24,26;5,38;;              95,70;
03016004;Albino;Bergamo;1   ;          17.449;2,34;2,66;26,58;19,80;6,30;8,55;6,36;;              72,60;
03016248;Algua;Bergamo;1   ;             675;19,07;13,71;34,50;20,73;30,08;33,68;14,03;;             165,79;
03016005;Alme;Bergamo;1   ;           5.496;4,92;4,57;27,86;33,35;16,42;14,89;23,36;0,99;             126,37;
03016006;Almenno San Bartolomeo;Bergamo;1   ;           6.557;1,94;;27,99;14,96;10,04;11,46;4,02;0,46;              70,87;
03016007;Almenno San Salvatore;Bergamo;1   ;           5.521;11,99;;26,32;20,46;3,25;23,06;4,65;;              89,74;
03016008;Alzano Lombardo;Bergamo;1   ;          13.334;6,46;;31,29;5,25;11,05;13,77;6,82;;              74,64;
03016009;Ambivere;Bergamo;1   ;           2.342;7,24;;21,60;17,61;7,25;20,82;29,88;;             104,40;
03016010;Antegnate;Bergamo;1   ;           3.214;6,04;;34,83;27,94;24,16;13,75;13,91;0,88;             121,51;
03016011;Arcene;Bergamo;1   ;           4.928;8,41;5,92;25,96;18,89;2,49;15,89;7,26;2,38;              87,22;
03016012;Ardesio;Bergamo;1   ;           3.313;8,79;;32,94;21,44;6,72;14,38;15,26;0,78;             100,30;
03016013;Arzago d'Adda;Bergamo;1   ;           2.725;8,90;;27,13;24,65;11,18;15,50;5,24;1,63;              94,24;
03016014;Averara;Bergamo;1   ;             180;75,32;16,07;27,16;12,50;36,96;11,41;3,95;;             183,36;
03016015;Aviatico;Bergamo;1   ;             568;19,04;9,90;94,19;32,92;50,69;51,67;30,92;;             289,33;
03016016;Azzano San Paolo;Bergamo;1   ;           7.577;5,59;2,68;26,76;21,11;8,74;11,32;8,60;2,63;              87,45;
03016017;Azzone;Bergamo;1   ;             359;8,44;6,17;40,10;17,15;20,06;20,86;4,66;0,70;             118,13;
03016018;Bagnatica;Bergamo;1   ;           4.472;6,72;2,52;24,99;20,11;16,77;14,18;21,29;;             106,58;
03016019;Barbata;Bergamo;1   ;             695;2,25;0,34;56,16;22,31;12,72;24,47;4,67;0,80;             123,73;
03016020;Bariano;Bergamo;1   ;           4.209;4,96;;26,97;25,72;18,67;11,75;5,72;0,85;              94,64;
03016021;Barzana;Bergamo;1   ;           2.015;2,36;;18,06;18,25;13,87;6,10;3,62;0,56;              62,81;
03016022;Bedulita;Bergamo;1   ;             702;10,85;7,25;41,29;9,67;;19,63;6,47;;              95,17;
03016023;Berbenno;Bergamo;1   ;           2.440;7,66;2,98;21,32;12,39;1,90;9,69;5,02;;              60,95;
03016024;Bergamo;Bergamo;1   ;         119.534;17,02;;38,77;28,42;37,80;15,18;25,09;4,92;             167,22;
03016025;Berzo San Fermo;Bergamo;1   ;           1.404;11,15;;46,75;22,21;1,66;15,65;7,74;0,94;             106,10;
03016026;Bianzano;Bergamo;1   ;             611;11,19;;67,50;11,51;2,20;19,15;15,31;0,76;             127,63;
03016027;Blello;Bergamo;1   ;              71;24,15;4,11;143,04;6,59;2,83;17,39;21,55;;             219,68;
03016028;Bolgare;Bergamo;1   ;           6.606;4,16;6,26;27,10;17,44;7,53;8,59;10,38;1,67;              83,13;
03016029;Boltiere;Bergamo;1   ;           6.244;5,89;1,92;31,31;14,96;12,19;14,07;8,09;;              88,42;
03016030;Bonate Sopra;Bergamo;1   ;          10.356;5,68;6,19;29,41;10,96;5,09;14,30;1,64;0,63;              73,90;
03016031;Bonate Sotto;Bergamo;1   ;           6.650;6,55;;23,53;19,77;10,46;14,34;8,77;3,03;              86,44;
03016032;Borgo di Terzo;Bergamo;1   ;           1.194;6,60;;26,41;19,14;2,96;11,24;7,42;8,98;              82,75;
03016033;Bossico;Bergamo;1   ;             966;10,78;;43,14;28,22;9,65;12,38;12,29;0,93;             117,40;
03016034;Bottanuco;Bergamo;1   ;           5.097;6,64;;25,25;24,31;7,24;6,77;7,16;0,78;              78,15;
03016035;Bracca;Bergamo;1   ;             723;18,47;12,93;38,04;20,43;17,69;31,97;60,33;2,03;             201,91;
03016036;Branzi;Bergamo;1   ;             644;45,96;27,24;58,64;22,97;;72,44;65,20;25,34;             317,79;
03016037;Brembate;Bergamo;1   ;           8.557;6,11;;26,34;28,44;9,94;15,16;5,36;1,43;              92,77;
03016038;Brembate di Sopra;Bergamo;1   ;           7.927;6,85;;33,78;20,25;8,10;18,72;8,93;;              96,62;
03016040;Brignano Gera d'Adda;Bergamo;1   ;           6.091;0,13;;25,76;21,60;14,84;15,95;12,01;0,21;              90,51;
03016041;Brumano;Bergamo;1   ;             124;19,25;4,27;51,07;15,85;;69,18;25,04;;             184,66;
03016042;Brusaporto;Bergamo;1   ;           5.651;5,11;4,95;29,28;17,82;7,05;7,74;6,25;1,36;              79,57;
03016043;Calcinate;Bergamo;1   ;           6.124;6,07;1,16;29,88;10,24;10,75;9,82;8,37;;              76,30;
03016044;Calcio;Bergamo;1   ;           5.411;5,61;2,49;28,12;18,55;12,17;14,07;8,90;;              89,90;
03016046;Calusco d'Adda;Bergamo;1   ;           8.238;7,29;;28,45;26,86;22,28;12,42;2,92;0,91;             101,12;
03016047;Calvenzano;Bergamo;1   ;           4.317;7,53;;31,55;20,55;16,31;15,21;5,03;0,70;              96,87;
03016048;Camerata Cornello;Bergamo;1   ;             558;19,77;12,11;46,52;19,55;16,32;20,52;15,50;15,17;             165,46;
03016049;Canonica d'Adda;Bergamo;1   ;           4.217;9,82;;36,71;27,51;1,44;22,84;9,88;1,92;             110,13;
03016050;Capizzone;Bergamo;1   ;           1.211;11,99;12,85;25,35;16,74;0,83;18,03;16,85;;             102,65;
03016051;Capriate San Gervasio;Bergamo;1   ;           8.144;5,77;;33,55;24,05;9,87;15,70;15,27;;             104,21;
03016052;Caprino Bergamasco;Bergamo;1   ;           3.035;6,37;;25,62;30,70;5,93;7,09;5,78;3,24;              84,73;
03016053;Caravaggio;Bergamo;1   ;          16.142;20,64;1,08;18,49;18,04;17,60;21,80;15,32;2,30;             115,28;
03016055;Carobbio degli Angeli;Bergamo;1   ;           4.828;5,59;3,36;32,45;19,19;4,40;12,60;11,52;;              89,11;
03016056;Carona;Bergamo;1   ;             285;104,11;36,19;142,24;40,80;130,43;70,59;8,11;108,11;             640,58;
03016057;Carvico;Bergamo;1   ;           4.651;6,95;;27,92;15,86;18,59;9,35;17,17;0,83;              96,68;
03016058;Casazza;Bergamo;1   ;           3.767;11,57;;45,14;21,68;3,10;12,80;13,10;0,87;             108,27;
03016059;Casirate d'Adda;Bergamo;1   ;           4.055;11,13;28,00;34,60;15,00;8,54;5,30;;;             102,56;
03016060;Casnigo;Bergamo;1   ;           3.049;5,84;;23,48;29,49;11,75;13,93;8,76;0,73;              93,98;
03016061;Cassiglio;Bergamo;1   ;             110;37,38;15,05;43,84;14,40;12,44;13,69;27,44;17,65;             181,89;
03016063;Castel Rozzone;Bergamo;1   ;           2.787;7,28;;35,51;26,88;12,85;11,61;7,90;2,16;             104,19;
03016062;Castelli Calepio;Bergamo;1   ;          10.295;6,72;5,13;26,48;20,92;7,90;11,50;11,03;2,29;              91,97;
03016064;Castione della Presolana;Bergamo;1   ;           3.313;17,43;;70,06;52,20;49,89;21,86;72,28;7,88;             291,59;
03016065;Castro;Bergamo;1   ;           1.206;5,32;;0,49;55,39;13,75;22,37;10,56;1,56;             109,44;
03016066;Cavernago;Bergamo;1   ;           2.820;3,44;4,96;26,47;24,78;5,95;22,39;10,51;1,36;              99,85;
03016067;Cazzano Sant'Andrea;Bergamo;1   ;           1.656;3,91;;32,42;19,83;3,04;7,40;5,25;0,35;              72,21;
03016068;Cenate Sopra;Bergamo;1   ;           2.510;10,86;;44,04;20,23;5,04;12,01;13,78;0,83;             106,79;
03016069;Cenate Sotto;Bergamo;1   ;           3.915;5,74;1,76;20,66;21,58;11,63;14,93;12,55;;              88,86;
03016070;Cene;Bergamo;1   ;           4.059;5,63;3,88;17,16;10,69;11,34;24,27;13,47;1,10;              87,55;
03016071;Cerete;Bergamo;1   ;           1.614;8,73;;25,70;23,78;20,38;35,72;11,93;8,12;             134,36;
03016072;Chignolo d'Isola;Bergamo;1   ;           3.352;4,89;;22,17;27,34;7,06;7,60;4,27;0,62;              73,96;
03016073;Chiuduno;Bergamo;1   ;           6.105;3,55;2,32;32,28;20,11;6,08;14,95;17,51;;              96,80;
03016074;Cisano Bergamasco;Bergamo;1   ;           6.199;9,92;;36,41;29,66;7,65;10,83;7,80;1,99;             104,26;
03016075;Ciserano;Bergamo;1   ;           5.501;5,76;;28,07;41,55;47,26;13,27;21,80;1,57;             159,29;
03016076;Cividate al Piano;Bergamo;1   ;           4.987;5,92;2,00;25,53;16,62;13,92;10,64;14,17;;              88,80;
03016077;Clusone;Bergamo;1   ;           8.537;7,85;0,12;31,19;31,76;29,39;20,49;8,26;1,04;             130,09;
03016078;Colere;Bergamo;1   ;           1.107;10,47;;79,04;22,30;32,99;26,09;15,74;0,86;             187,49;
03016079;Cologno al Serio;Bergamo;1   ;          11.066;5,99;2,52;31,20;16,23;5,27;13,72;17,23;0,88;              93,04;
03016080;Colzate;Bergamo;1   ;           1.605;5,87;;29,26;70,54;22,40;26,10;9,24;1,11;             164,51;
03016081;Comun Nuovo;Bergamo;1   ;           4.360;4,00;5,60;25,73;18,97;12,02;13,02;12,22;2,19;              93,74;
03016082;Corna Imagna;Bergamo;1   ;             916;10,97;10,41;16,16;7,01;5,70;12,90;4,76;1,03;              68,94;
03016249;Cornalba;Bergamo;1   ;             304;36,94;9,13;86,86;11,79;;31,16;36,25;46,05;             258,19;
03016083;Cortenuova;Bergamo;1   ;           1.948;12,30;16,11;36,70;24,40;0,44;42,83;;;             132,78;
03016084;Costa di Mezzate;Bergamo;1   ;           3.389;5,06;4,84;47,13;9,53;5,37;8,80;12,97;2,21;              95,91;
03016247;Costa Serina;Bergamo;1   ;             879;19,74;12,87;32,72;22,77;15,33;23,42;37,76;;             164,61;
03016085;Costa Valle Imagna;Bergamo;1   ;             557;15,31;17,31;43,11;24,40;2,64;36,75;9,21;2,17;             150,89;
03016086;Costa Volpino;Bergamo;1   ;           8.783;11,23;;44,91;28,82;6,83;31,96;18,41;1,02;             143,18;
03016087;Covo;Bergamo;1   ;           4.243;6,10;1,80;30,14;20,11;8,17;11,60;11,90;;              89,82;
03016088;Credaro;Bergamo;1   ;           3.511;5,11;5,98;33,81;20,13;9,95;13,13;8,29;;              96,40;
03016089;Curno;Bergamo;1   ;           7.492;7,20;5,91;28,46;19,13;6,86;9,00;7,78;;              84,34;
03016090;Cusio;Bergamo;1   ;             210;47,15;36,98;72,32;59,53;21,50;28,36;5,76;;             271,60;
03016091;Dalmine;Bergamo;1   ;          23.316;2,82;4,21;22,24;14,51;15,22;6,40;1,98;;              67,37;
03016092;Dossena;Bergamo;1   ;             885;15,73;13,59;51,73;21,03;6,69;55,32;12,38;;             176,46;
03016093;Endine Gaiano;Bergamo;1   ;           3.421;7,51;;30,43;39,52;5,58;29,29;6,51;0,82;             119,65;
03016094;Entratico;Bergamo;1   ;           1.977;11,98;;49,95;26,73;2,40;17,75;7,35;0,97;             117,13;
03016096;Fara Gera d'Adda;Bergamo;1   ;           7.987;5,56;;22,36;23,16;13,88;7,83;6,64;2,83;              82,27;
03016097;Fara Olivana con Sola;Bergamo;1   ;           1.332;6,31;;31,16;26,15;27,11;7,81;3,45;1,01;             103,00;
03016098;Filago;Bergamo;1   ;           3.068;5,96;;36,59;22,24;6,86;21,73;8,60;;             101,98;
03016099;Fino del Monte;Bergamo;1   ;           1.163;7,64;;30,68;22,10;25,78;34,77;14,92;0,91;             136,80;
03016100;Fiorano al Serio;Bergamo;1   ;           2.945;1,86;;22,73;14,64;14,75;13,93;5,66;6,59;              80,16;
03016101;Fontanella;Bergamo;1   ;           4.771;6,31;0,03;36,42;22,97;13,10;12,75;11,32;0,68;             103,59;
03016102;Fonteno;Bergamo;1   ;             562;14,42;;57,67;12,93;27,59;41,50;7,99;0,97;             163,07;
03016103;Foppolo;Bergamo;1   ;             157;182,97;46,04;154,99;33,54;204,36;574,48;101,80;186,06;           1.484,25;
03016104;Foresto Sparso;Bergamo;1   ;           3.062;5,38;4,69;25,84;15,04;2,95;7,09;6,75;4,91;              72,64;
03016105;Fornovo San Giovanni;Bergamo;1   ;           3.383;7,61;;30,58;28,51;17,22;15,80;6,28;0,92;             106,92;
03016106;Fuipiano Valle Imagna;Bergamo;1   ;             203;27,48;15,98;68,73;37,94;28,23;47,69;13,76;;             239,80;
03016107;Gandellino;Bergamo;1   ;             966;9,06;11,69;33,67;13,20;29,47;23,98;7,77;;             128,84;
03016108;Gandino;Bergamo;1   ;           5.121;12,56;10,45;33,71;13,39;9,93;9,12;0,53;;              89,70;
03016109;Gandosso;Bergamo;1   ;           1.465;6,41;4,67;28,13;13,99;14,71;15,56;5,52;;              89,00;
03016110;Gaverina Terme;Bergamo;1   ;             873;8,80;;54,73;8,94;13,37;9,33;10,30;0,60;             106,06;
03016111;Gazzaniga;Bergamo;1   ;           4.888;;15,12;30,72;;15,42;38,22;3,28;;             102,76;
03016113;Ghisalba;Bergamo;1   ;           6.169;6,97;;33,24;28,90;11,86;19,19;12,18;0,85;             113,20;
03016114;Gorlago;Bergamo;1   ;           5.149;6,24;2,50;28,80;18,29;6,76;11,08;8,67;2,37;              84,70;
03016115;Gorle;Bergamo;1   ;           6.578;5,00;2,17;28,18;10,77;21,62;17,02;5,54;0,41;              90,70;
03016116;Gorno;Bergamo;1   ;           1.489;3,53;;15,19;37,89;28,50;12,60;17,87;0,86;             116,44;
03016117;Grassobbio;Bergamo;1   ;           6.450;4,14;7,88;31,09;24,94;11,82;13,77;10,03;3,09;             106,75;
03016118;Gromo;Bergamo;1   ;           1.141;10,05;;39,47;28,00;6,90;46,49;8,74;3,48;             143,13;
03016119;Grone;Bergamo;1   ;             865;12,29;;49,15;38,06;0,64;40,56;42,20;1,10;             183,99;
03016120;Grumello del Monte;Bergamo;1   ;           7.401;4,94;10,10;30,92;27,10;7,24;12,09;13,46;2,76;             108,61;
03016121;Isola di Fondra;Bergamo;1   ;             177;62,86;29,55;90,81;38,24;17,58;41,97;80,75;27,31;             389,06;
03016122;Isso;Bergamo;1   ;             598;13,10;2,68;52,64;43,06;43,52;27,29;14,94;1,55;             198,77;
03016123;Lallio;Bergamo;1   ;           4.133;18,49;;21,21;26,22;21,77;13,27;8,81;0,86;             110,62;
03016124;Leffe;Bergamo;1   ;           4.303;16,58;16,79;27,89;8,50;20,77;12,34;5,44;1,12;             109,42;
03016125;Lenna;Bergamo;1   ;             554;6,16;16,88;107,80;29,08;5,17;21,76;48,32;2,65;             237,81;
03016126;Levate;Bergamo;1   ;           3.715;3,72;9,59;19,76;13,43;6,99;18,38;9,25;0,43;              81,56;
03016127;Locatello;Bergamo;1   ;             814;12,12;9,99;22,57;14,30;0,90;10,77;7,66;1,23;              79,55;
03016128;Lovere;Bergamo;1   ;           4.964;15,24;;67,17;19,83;22,88;39,91;19,85;9,06;             193,94;
03016129;Lurano;Bergamo;1   ;           2.847;9,81;;35,69;28,57;5,89;21,76;8,03;1,03;             110,78;
03016130;Luzzana;Bergamo;1   ;             886;6,61;;26,43;19,16;2,97;12,15;5,61;16,41;              89,34;
03016131;Madone;Bergamo;1   ;           4.082;5,04;;31,24;16,70;5,77;20,82;22,66;;             102,23;
03016132;Mapello;Bergamo;1   ;           6.909;7,62;;32,53;23,24;15,84;13,44;6,50;2,29;             101,46;
03016133;Martinengo;Bergamo;1   ;          10.731;4,60;4,60;21,71;19,86;7,85;9,57;20,50;;              88,69;
03016250;Medolago;Bergamo;1   ;           2.323;8,58;;23,35;0,80;5,21;32,11;6,16;;              76,21;
03016134;Mezzoldo;Bergamo;1   ;             164;7,95;24,43;68,21;18,73;15,48;21,68;47,68;124,55;             328,72;
03016135;Misano di Gera d'Adda;Bergamo;1   ;           2.950;6,81;;38,97;27,26;10,06;14,90;6,97;0,74;             105,71;
03016136;Moio de' Calvi;Bergamo;1   ;             206;53,41;6,50;138,75;14,47;39,22;28,99;63,20;;             344,55;
03016137;Monasterolo del Castello;Bergamo;1   ;           1.135;12,28;;49,13;27,75;22,35;27,17;12,87;3,97;             155,52;
03016139;Montello;Bergamo;1   ;           3.216;6,23;12,41;11,42;26,61;3,86;19,47;0,74;;              80,73;
03016140;Morengo;Bergamo;1   ;           2.488;6,08;;32,29;23,24;19,31;23,51;10,11;0,74;             115,29;
03016141;Mornico al Serio;Bergamo;1   ;           2.923;4,48;2,25;28,95;13,09;4,33;10,95;8,89;5,06;              77,99;
03016142;Mozzanica;Bergamo;1   ;           4.380;5,98;;33,65;24,47;6,01;13,45;8,37;0,74;              92,68;
03016143;Mozzo;Bergamo;1   ;           7.283;6,71;4,56;26,99;15,32;9,16;10,87;6,76;3,43;              83,79;
03016144;Nembro;Bergamo;1   ;          11.210;5,32;;30,80;4,94;16,94;19,97;2,87;0,55;              81,39;
03016145;Olmo al Brembo;Bergamo;1   ;             474;33,04;15,14;36,15;16,38;10,58;9,91;14,00;11,19;             146,38;
03016146;Oltre il Colle;Bergamo;1   ;             954;21,66;18,76;106,86;25,92;1,21;29,81;18,67;23,60;             246,48;
03016147;Oltressenda Alta;Bergamo;1   ;             135;32,05;;36,07;41,21;;47,23;17,04;1,28;             174,88;
03016148;Oneta;Bergamo;1   ;             566;6,10;;38,19;27,55;;28,64;7,20;0,75;             108,44;
03016149;Onore;Bergamo;1   ;             922;11,40;;45,82;55,17;51,40;114,93;14,44;2,88;             296,05;
03016150;Orio al Serio;Bergamo;1   ;           1.642;44,21;26,54;141,75;159,61;13,11;139,76;41,25;;             566,24;
03016151;Ornica;Bergamo;1   ;             137;44,73;17,88;52,45;14,06;30,31;10,45;3,78;26,20;             199,85;
03016152;Osio Sopra;Bergamo;1   ;           5.210;4,65;7,13;30,09;15,86;3,57;13,40;6,67;0,40;              81,78;
03016153;Osio Sotto;Bergamo;1   ;          12.592;4,72;9,19;27,30;19,42;13,79;16,37;14,70;2,33;             107,82;
03016154;Pagazzano;Bergamo;1   ;           2.104;8,62;;37,85;27,99;9,26;14,56;27,56;0,87;             126,71;
03016155;Paladina;Bergamo;1   ;           3.958;7,79;9,27;11,22;5,14;1,62;39,23;;;              74,25;
03016156;Palazzago;Bergamo;1   ;           4.511;1,98;;13,33;15,31;10,92;6,58;3,35;0,47;              51,93;
03016157;Palosco;Bergamo;1   ;           5.739;2,71;4,58;13,65;20,95;;1,59;1,54;0,21;              45,23;
03016158;Parre;Bergamo;1   ;           2.674;6,46;;23,31;24,22;4,11;14,67;5,86;0,63;              79,26;
03016159;Parzanica;Bergamo;1   ;             328;34,81;16,47;54,97;11,87;51,58;32,75;13,25;37,19;             252,89;
03016160;Pedrengo;Bergamo;1   ;           5.912;7,41;1,88;36,32;20,47;11,35;14,81;26,91;;             119,14;
03016161;Peia;Bergamo;1   ;           1.709;9,11;;36,45;20,66;8,62;12,07;10,36;0,76;              98,03;
03016162;Pianico;Bergamo;1   ;           1.434;10,27;;44,91;11,75;3,38;17,33;6,99;0,73;              95,36;
03016163;Piario;Bergamo;1   ;             994;5,75;;23,10;30,45;11,72;24,01;7,39;0,72;             103,14;
03016164;Piazza Brembana;Bergamo;1   ;           1.189;16,66;;45,95;25,39;33,87;18,14;;1,01;             141,01;
03016165;Piazzatorre;Bergamo;1   ;             391;22,21;30,61;32,55;40,15;44,21;57,61;7,55;118,61;             353,51;
03016166;Piazzolo;Bergamo;1   ;              85;113,66;30,54;48,68;20,48;30,68;14,47;7,00;25,54;             291,06;
03016167;Pognano;Bergamo;1   ;           1.550;5,18;9,20;40,43;20,14;31,57;19,33;11,89;1,79;             139,54;
03016168;Ponte Nossa;Bergamo;1   ;           1.697;9,94;;30,78;25,85;15,15;18,28;6,54;0,85;             107,40;
03016170;Ponte San Pietro;Bergamo;1   ;          11.660;7,17;0,77;28,83;22,33;20,67;14,40;6,67;4,29;             105,15;
03016169;Ponteranica;Bergamo;1   ;           6.675;6,80;;21,97;19,22;4,42;24,62;1,50;;              78,54;
03016171;Pontida;Bergamo;1   ;           3.233;8,49;;32,07;30,37;;18,47;11,04;0,84;             101,28;
03016172;Pontirolo Nuovo;Bergamo;1   ;           4.886;8,16;;38,19;28,16;11,06;12,88;7,88;0,85;             107,18;
03016173;Pradalunga;Bergamo;1   ;           4.530;7,10;;17,05;10,03;10,66;8,06;4,07;1,96;              58,93;
03016174;Predore;Bergamo;1   ;           1.850;6,95;8,04;33,56;17,44;11,46;17,69;9,69;;             104,82;
03016175;Premolo;Bergamo;1   ;           1.059;9,80;;30,76;15,60;;14,81;4,14;10,06;              85,17;
03016176;Presezzo;Bergamo;1   ;           4.767;4,74;14,03;22,49;12,77;9,58;16,65;5,98;3,98;              90,22;
03016177;Pumenengo;Bergamo;1   ;           1.696;6,08;;25,31;26,24;9,34;9,75;11,19;0,75;              88,65;
03016178;Ranica;Bergamo;1   ;           5.893;6,51;;28,18;4,95;21,28;9,68;7,69;;              78,28;
03016179;Ranzanico;Bergamo;1   ;           1.224;12,88;;52,13;21,13;7,03;25,87;8,93;0,92;             128,90;
03016180;Riva di Solto;Bergamo;1   ;             869;16,91;;67,62;15,07;2,03;18,89;12,80;2,26;             135,57;
03016182;Rogno;Bergamo;1   ;           3.862;9,24;;38,81;29,07;4,94;12,77;7,88;0,83;             103,53;
03016183;Romano di Lombardia;Bergamo;1   ;          20.575;4,74;;23,17;27,98;18,77;13,62;6,45;0,80;              95,51;
03016184;Roncobello;Bergamo;1   ;             434;58,39;19,56;46,77;24,42;7,55;19,62;45,64;6,64;             228,59;
03016185;Roncola;Bergamo;1   ;             861;7,89;;45,70;27,22;37,28;26,50;20,82;0,95;             166,35;
03016186;Rota d'Imagna;Bergamo;1   ;             908;11,81;21,02;47,24;12,64;5,41;33,49;8,15;1,59;             141,34;
03016187;Rovetta;Bergamo;1   ;           4.101;7,60;;31,46;21,54;25,53;17,53;5,46;1,19;             110,32;
03016188;San Giovanni Bianco;Bergamo;1   ;           4.599;16,25;12,69;28,40;12,85;3,83;17,33;11,45;0,74;             103,54;
03016189;San Paolo d'Argon;Bergamo;1   ;           5.840;4,37;4,03;33,09;23,00;13,01;13,02;10,15;;             100,67;
03016190;San Pellegrino Terme;Bergamo;1   ;           4.641;6,98;13,20;37,95;7,49;6,81;15,78;7,43;4,62;             100,25;
03016191;Santa Brigida;Bergamo;1   ;             524;54,31;15,57;40,09;21,44;17,88;33,13;25,55;;             207,96;
03016252;Sant'Omobono Terme;Bergamo;1   ;           3.874;6,01;8,88;29,89;21,31;11,11;8,43;11,62;;              97,24;
03016193;Sarnico;Bergamo;1   ;           6.745;8,82;6,13;40,35;24,00;25,10;21,80;13,02;;             139,21;
03016195;Schilpario;Bergamo;1   ;           1.131;11,30;;54,56;34,72;36,23;16,86;8,25;0,89;             162,83;
03016196;Sedrina;Bergamo;1   ;           2.316;5,41;6,60;34,64;22,19;4,68;13,88;7,18;1,56;              96,15;
03016197;Selvino;Bergamo;1   ;           1.997;23,78;;65,08;68,73;60,47;42,69;14,72;;             275,46;
03016198;Seriate;Bergamo;1   ;          25.264;5,42;;30,40;27,00;10,94;6,34;10,62;0,48;              91,21;
03016199;Serina;Bergamo;1   ;           2.037;20,58;10,87;104,19;28,74;5,09;26,77;64,73;1,23;             262,21;
03016251;Solza;Bergamo;1   ;           1.970;7,13;;32,74;22,11;12,01;15,34;7,85;0,86;              98,05;
03016201;Songavazzo;Bergamo;1   ;             709;8,77;50,22;31,10;36,23;75,75;30,52;12,78;1,53;             246,90;
03016202;Sorisole;Bergamo;1   ;           8.862;7,60;;30,40;22,83;6,68;7,42;6,75;2,47;              84,15;
03016203;Sotto il Monte Giovanni XXIII;Bergamo;1   ;           4.368;5,15;;22,57;15,62;3,73;23,72;10,02;;              80,81;
03016204;Sovere;Bergamo;1   ;           5.238;10,99;;49,53;11,16;3,54;11,80;10,04;0,77;              97,82;
03016205;Spinone al Lago;Bergamo;1   ;             981;13,19;;36,99;25,89;17,47;53,09;4,93;0,71;             152,27;
03016206;Spirano;Bergamo;1   ;           5.640;6,09;2,81;44,44;18,95;5,00;12,99;7,48;;              97,76;
03016207;Stezzano;Bergamo;1   ;          13.484;6,16;10,74;30,98;14,60;4,57;5,49;5,57;0,45;              78,56;
03016208;Strozza;Bergamo;1   ;           1.112;7,57;5,52;30,28;22,07;0,46;10,25;23,06;0,66;              99,87;
03016209;Suisio;Bergamo;1   ;           3.782;7,32;;34,50;22,66;10,38;13,01;20,06;0,82;             108,75;
03016210;Taleggio;Bergamo;1   ;             531;30,28;22,20;50,87;24,82;;17,63;13,86;;             159,66;
03016211;Tavernola Bergamasca;Bergamo;1   ;           1.929;7,24;7,80;29,63;20,44;8,58;28,30;8,83;11,79;             122,61;
03016212;Telgate;Bergamo;1   ;           4.994;6,09;2,31;28,96;18,51;8,84;11,91;10,89;;              87,50;
03016213;Terno d'Isola;Bergamo;1   ;           7.993;9,13;;33,73;14,42;6,69;12,92;6,31;0,75;              83,96;
03016214;Torre Boldone;Bergamo;1   ;           8.694;3,18;;31,56;18,52;7,43;8,16;0,93;0,62;              70,39;
03016215;Torre de' Busi;Bergamo;1   ;           2.224;3,81;;24,09;31,27;;11,01;14,15;0,21;              84,53;
03016216;Torre de' Roveri;Bergamo;1   ;           2.552;5,76;6,28;28,90;19,73;7,81;11,80;26,70;1,50;             108,50;
03016217;Torre Pallavicina;Bergamo;1   ;           1.136;2,61;;42,74;9,05;10,59;21,11;17,29;1,33;             104,72;
03016218;Trescore Balneario;Bergamo;1   ;           9.788;7,56;;30,44;20,77;8,56;11,34;11,13;0,73;              90,52;
03016219;Treviglio;Bergamo;1   ;          30.683;9,10;;35,00;33,96;44,30;8,88;15,59;3,66;             150,48;
03016220;Treviolo;Bergamo;1   ;          10.781;7,82;8,67;20,49;12,63;10,86;27,68;8,78;;              96,94;
03016221;Ubiale Clanezzo;Bergamo;1   ;           1.328;9,33;9,45;25,91;15,11;2,55;14,98;9,69;4,77;              91,78;
03016222;Urgnano;Bergamo;1   ;           9.890;3,21;4,12;20,60;19,37;7,04;8,99;2,27;0,41;              66,00;
03016253;Val Brembilla;Bergamo;1   ;           4.135;7,29;9,39;28,90;16,13;7,82;13,07;15,70;1,41;              99,72;
03016223;Valbondione;Bergamo;1   ;             962;21,54;;65,51;36,58;;19,02;34,16;1,32;             178,12;
03016224;Valbrembo;Bergamo;1   ;           4.304;6,85;;32,58;24,80;15,78;15,32;12,74;0,83;             108,91;
03016225;Valgoglio;Bergamo;1   ;             578;5,13;;34,27;25,05;15,50;11,25;4,19;0,65;              96,04;
03016226;Valleve;Bergamo;1   ;             124;10,68;21,35;172,23;24,43;317,44;354,48;104,51;;           1.005,12;
03016227;Valnegra;Bergamo;1   ;             210;35,32;3,62;46,93;9,75;6,40;114,38;2,51;;             218,91;
03016229;Valtorta;Bergamo;1   ;             243;5,78;18,48;50,29;46,61;35,15;20,41;3,89;22,63;             203,23;
03016230;Vedeseta;Bergamo;1   ;             192;22,26;15,03;46,89;19,54;;30,23;59,17;;             193,12;
03016232;Verdellino;Bergamo;1   ;           7.535;21,48;;5,67;18,61;25,76;9,84;8,42;0,75;              90,53;
03016233;Verdello;Bergamo;1   ;           8.108;3,78;;17,32;21,48;14,87;13,10;15,83;1,64;              88,02;
03016234;Vertova;Bergamo;1   ;           4.396;4,16;0,27;33,52;14,88;11,66;10,91;6,07;2,84;              84,31;
03016235;Viadanica;Bergamo;1   ;           1.123;8,74;4,57;32,58;19,88;1,88;20,80;13,28;;             101,74;
03016236;Vigano San Martino;Bergamo;1   ;           1.338;6,56;;26,26;19,04;2,95;12,60;5,59;8,82;              81,81;
03016237;Vigolo;Bergamo;1   ;             572;21,92;9,60;45,03;10,30;52,34;24,69;20,47;23,16;             207,51;
03016238;Villa d'Adda;Bergamo;1   ;           4.624;11,09;;33,63;23,85;4,95;14,36;5,41;0,82;              94,10;
03016239;Villa d'Alme;Bergamo;1   ;           6.499;8,81;;22,21;21,28;16,21;11,53;18,52;0,61;              99,17;
03016240;Villa di Serio;Bergamo;1   ;           6.632;4,42;4,08;18,90;14,25;5,65;4,57;7,87;;              59,75;
03016241;Villa d'Ogna;Bergamo;1   ;           1.760;5,06;;23,14;27,44;3,12;19,99;10,99;0,64;              90,39;
03016242;Villongo;Bergamo;1   ;           8.082;5,59;3,72;31,43;21,35;5,47;9,51;7,81;;              84,88;
03016243;Vilminore di Scalve;Bergamo;1   ;           1.433;17,07;;41,37;16,91;26,69;29,76;8,17;0,81;             140,79;
03016244;Zandobbio;Bergamo;1   ;           2.712;4,46;5,13;19,19;23,56;9,01;16,63;12,56;1,70;              92,24;
03016245;Zanica;Bergamo;1   ;           8.686;5,64;5,76;24,49;12,96;6,06;12,98;15,33;;              83,23;
03016246;Zogno;Bergamo;1   ;           8.539;9,85;23,42;36,47;6,81;24,13;10,19;;;             110,87;
01096001;Ailoche;Biella;1   ;             307;46,21;22,12;8,19;1,86;3,27;18,63;0,40;8,14;             108,82;
01096002;Andorno Micca;Biella;1   ;           3.033;25,76;16,58;45,94;0,67;20,81;27,24;3,35;3,63;             143,98;
01096003;Benna;Biella;1   ;           1.133;27,96;31,67;55,00;5,74;11,08;12,90;13,42;;             157,77;
01096004;Biella;Biella;1   ;          42.619;26,92;15,13;36,34;8,00;24,70;65,00;43,84;;             219,94;
01096005;Bioglio;Biella;1   ;             895;54,09;27,15;29,93;24,05;;46,43;0,11;;             181,75;
01096006;Borriana;Biella;1   ;             861;30,17;14,84;38,63;6,04;2,33;18,99;6,16;5,81;             122,97;
01096007;Brusnengo;Biella;1   ;           1.955;31,90;16,34;59,73;2,94;0,97;17,74;0,44;1,28;             131,33;
01096008;Callabiana;Biella;1   ;             141;61,53;44,87;4,91;47,97;0,67;19,44;0,06;21,28;             200,72;
01096009;Camandona;Biella;1   ;             309;86,71;49,47;48,43;5,17;8,02;32,34;15,86;;             246,00;
01096010;Camburzano;Biella;1   ;           1.108;18,00;23,01;37,11;3,92;5,40;33,69;0,38;1,81;             123,33;
01096086;Campiglia Cervo;Biella;1   ;             514;98,33;35,24;54,59;1,69;;29,76;35,29;5,84;             260,74;
01096012;Candelo;Biella;1   ;           7.228;22,41;15,81;42,98;4,07;12,71;23,37;18,02;2,77;             142,14;
01096013;Caprile;Biella;1   ;             192;67,66;35,35;37,66;11,36;8,03;40,77;0,55;10,42;             211,79;
01096014;Casapinta;Biella;1   ;             379;41,86;16,02;26,71;7,26;24,55;26,85;0,25;5,28;             148,78;
01096015;Castelletto Cervo;Biella;1   ;             775;34,57;20,49;39,27;14,39;;65,33;0,34;2,58;             176,96;
01096016;Cavaglia ;Biella;1   ;           3.497;20,53;26,48;42,36;2,63;15,34;30,36;0,77;;             138,47;
01096018;Cerrione;Biella;1   ;           2.763;14,42;21,76;14,04;12,19;3,63;17,82;0,54;4,71;              89,10;
01096019;Coggiola;Biella;1   ;           1.625;43,92;20,89;23,87;7,42;4,23;16,08;0,49;;             116,91;
01096020;Cossato;Biella;1   ;          13.929;15,77;9,73;26,41;14,61;19,38;34,11;18,15;;             138,16;
01096021;Crevacuore;Biella;1   ;           1.376;52,01;31,46;26,18;8,48;13,81;22,37;3,88;;             158,19;
01096023;Curino;Biella;1   ;             473;61,41;35,48;17,01;5,63;;33,49;0,29;9,51;             162,83;
01096024;Donato;Biella;1   ;             702;26,22;26,68;19,71;16,54;18,57;37,58;10,78;2,14;             158,23;
01096025;Dorzano;Biella;1   ;             527;54,66;58,54;17,54;5,11;;54,26;0,25;5,69;             196,05;
01096026;Gaglianico;Biella;1   ;           3.782;17,58;14,04;29,34;6,38;9,94;30,68;22,68;;             130,64;
01096027;Gifflenga;Biella;1   ;             101;20,88;65,39;33,00;7,97;;54,41;0,49;;             182,13;
01096028;Graglia;Biella;1   ;           1.464;47,21;34,27;28,89;6,66;8,45;36,23;7,51;1,02;             170,24;
01096085;lessona;Biella;1   ;           2.610;20,65;16,61;45,10;9,34;;12,26;0,37;3,83;             108,15;
01096030;Magnano;Biella;1   ;             354;69,87;31,66;12,97;3,56;13,68;37,26;0,30;14,12;             183,42;
01096031;Massazza;Biella;1   ;             572;40,56;23,11;20,67;4,53;;33,95;0,31;;             123,13;
01096032;Masserano;Biella;1   ;           1.908;35,65;24,97;44,09;5,06;3,56;37,66;2,43;;             153,43;
01096033;Mezzana Mortigliengo;Biella;1   ;             474;48,94;33,68;37,14;3,99;0,56;73,63;;;             197,93;
01096034;Miagliano;Biella;1   ;             532;24,42;20,57;57,20;3,99;2,26;18,07;9,32;;             135,84;
01096035;Mongrando;Biella;1   ;           3.598;24,49;14,36;34,37;8,66;10,26;18,69;0,49;;             111,32;
01096037;Mottalciata;Biella;1   ;           1.304;25,55;19,15;46,44;8,95;5,21;12,02;1,17;;             118,49;
01096038;Muzzano;Biella;1   ;             578;49,09;27,80;49,61;9,25;;45,03;5,74;4,33;             190,84;
01096039;Netro;Biella;1   ;             933;30,98;29,08;12,29;5,01;;32,58;12,95;;             122,89;
01096040;Occhieppo Inferiore;Biella;1   ;           3.757;10,28;18,57;32,19;11,98;0,82;14,50;0,52;;              88,86;
01096041;Occhieppo Superiore;Biella;1   ;           2.592;14,85;15,41;55,79;14,35;10,66;17,39;0,47;6,56;             135,48;
01096042;Pettinengo;Biella;1   ;           1.442;35,93;20,50;36,28;5,23;1,87;20,90;;5,55;             126,26;
01096043;Piatto;Biella;1   ;             468;39,23;37,56;11,15;8,41;;83,40;0,37;;             180,12;
01096044;Piedicavallo;Biella;1   ;             169;100,40;80,93;27,16;7,19;;31,25;14,06;23,67;             284,66;
01096046;Pollone;Biella;1   ;           2.006;23,13;28,00;33,87;12,91;5,50;24,77;0,32;9,97;             138,46;
01096047;Ponderano;Biella;1   ;           3.713;18,52;29,51;52,84;13,05;5,31;21,38;11,00;5,39;             156,99;
01096048;Portula;Biella;1   ;           1.120;31,63;13,13;56,65;16,20;2,03;23,76;5,05;;             148,43;
01096049;Pralungo;Biella;1   ;           2.267;19,18;15,04;57,47;9,75;1,33;8,41;3,47;1,10;             115,74;
01096050;Pray;Biella;1   ;           1.999;28,89;17,51;53,63;20,35;4,52;20,42;0,78;;             146,10;
01096087;Quaregna Cerreto;Biella;1   ;           2.036;42,82;39,90;30,88;16,37;8,62;16,51;0,36;;             155,46;
01096053;Ronco Biellese;Biella;1   ;           1.406;28,50;12,19;60,78;12,09;2,20;15,06;0,36;1,07;             132,25;
01096054;Roppolo;Biella;1   ;             840;35,72;23,37;17,14;6,36;17,06;13,32;0,41;5,36;             118,75;
01096055;Rosazza;Biella;1   ;             100;162,49;66,32;33,33;15,81;19,70;117,74;5,75;;             421,14;
01096056;Sagliano Micca;Biella;1   ;           1.544;21,17;14,28;44,84;3,19;4,73;25,38;3,30;;             116,89;
01096057;Sala Biellese;Biella;1   ;             562;23,37;40,30;29,54;6,38;;36,43;6,70;;             142,71;
01096058;Salussola;Biella;1   ;           1.870;23,40;17,10;53,33;9,76;2,15;17,34;0,33;;             123,40;
01096059;Sandigliano;Biella;1   ;           2.559;17,93;20,48;44,42;12,84;1,92;19,94;0,38;;             117,92;
01096063;Sordevolo;Biella;1   ;           1.296;26,88;34,92;24,71;9,49;8,92;20,47;5,36;6,17;             136,91;
01096064;Sostegno;Biella;1   ;             734;51,72;20,18;20,57;18,59;5,12;16,82;0,51;;             133,50;
01096065;Strona;Biella;1   ;             950;34,31;21,44;36,01;10,06;;24,38;0,38;;             126,57;
01096066;Tavigliano;Biella;1   ;             930;33,40;17,92;27,86;2,87;9,48;19,48;0,24;6,83;             118,07;
01096067;Ternengo;Biella;1   ;             256;49,43;19,33;32,42;12,87;1,50;35,47;0,52;7,81;             159,34;
01096068;Tollegno;Biella;1   ;           2.348;24,72;17,34;55,92;12,63;3,25;16,00;0,82;1,28;             131,95;
01096069;Torrazzo;Biella;1   ;             203;57,14;27,48;17,03;24,59;3,60;107,15;15,70;24,63;             277,33;
01096071;Valdengo;Biella;1   ;           2.387;19,44;16,75;55,05;13,83;6,68;17,91;16,05;;             145,71;
01096088;Valdilana;Biella;1   ;          10.096;45,07;26,84;32,52;1,33;18,69;16,33;0,09;11,89;             152,76;
01096072;Vallanzengo;Biella;1   ;             203;8,27;9,29;44,02;6,56;33,22;44,93;13,43;;             159,72;
01096074;Valle San Nicolao;Biella;1   ;             856;34,61;16,58;34,16;8,60;2,56;20,26;;17,52;             134,28;
01096075;Veglio;Biella;1   ;             461;28,07;39,72;47,87;6,57;0,74;43,45;;28,20;             194,64;
01096076;Verrone;Biella;1   ;           1.166;21,25;20,36;43,52;20,35;4,33;16,74;1,24;;             127,79;
01096077;Vigliano Biellese;Biella;1   ;           7.566;42,48;21,69;39,45;9,85;20,65;54,06;32,37;;             220,55;
01096078;Villa del Bosco;Biella;1   ;             309;58,17;35,55;35,81;19,05;;97,15;2,84;22,65;             271,21;
01096079;Villanova Biellese;Biella;1   ;             177;20,85;34,07;24,86;9,18;5,67;39,34;0,92;45,20;             180,10;
01096080;Viverone;Biella;1   ;           1.357;40,34;35,86;66,72;10,56;5,14;25,11;2,47;2,21;             188,40;
01096081;Zimone;Biella;1   ;             393;33,05;33,16;29,12;4,02;12,25;37,12;18,18;3,82;             170,72;
01096082;Zubiena;Biella;1   ;           1.157;41,51;30,43;17,61;6,92;3,75;20,28;13,83;;             134,33;
01096083;Zumaglia;Biella;1   ;             977;45,63;15,66;57,99;5,15;3,16;35,80;0,34;;             163,73;
08037062;Alto Reno Terme;Bologna;1   ;           6.951;21,96;54,47;2,81;17,83;26,29;47,54;32,83;0,44;             204,15;
08037001;Anzola dell'Emilia;Bologna;1   ;          12.377;19,12;8,86;61,66;22,20;15,98;32,46;13,91;;             174,19;
08037002;Argelato;Bologna;1   ;           9.635;20,07;10,87;58,28;22,43;17,31;32,78;19,67;5,95;             187,38;
08037003;Baricella;Bologna;1   ;           7.068;13,84;10,27;47,73;25,47;10,43;23,18;16,88;0,41;             148,22;
08037005;Bentivoglio;Bologna;1   ;           5.704;23,59;27,43;102,36;68,58;13,98;19,87;32,78;0,84;             289,44;
08037006;Bologna;Bologna;1   ;         387.971;24,51;28,68;58,65;19,81;43,23;26,24;38,04;0,27;             239,42;
08037007;Borgo Tossignano;Bologna;1   ;           3.198;11,28;19,57;38,77;16,49;7,97;15,78;41,21;0,68;             151,75;
08037008;Budrio;Bologna;1   ;          18.226;9,43;8,62;78,36;29,22;17,41;15,03;17,20;0,85;             176,13;
08037009;Calderara di Reno;Bologna;1   ;          13.502;24,20;13,59;52,62;20,58;11,79;45,09;5,48;2,84;             176,20;
08037010;Camugnano;Bologna;1   ;           1.818;80,70;79,74;;22,31;13,55;37,70;31,29;1,02;             266,29;
08037011;Casalecchio di Reno;Bologna;1   ;          35.414;15,69;11,58;44,29;21,08;15,01;22,63;16,66;0,38;             147,32;
08037012;Casalfiumanese;Bologna;1   ;           3.333;9,30;23,89;33,21;17,33;6,86;15,63;55,27;0,75;             162,24;
08037013;Castel d'Aiano;Bologna;1   ;           1.895;35,04;62,24;4,09;20,41;11,65;28,44;20,53;1,02;             183,41;
08037014;Castel del Rio;Bologna;1   ;           1.200;7,18;21,11;32,02;36,21;3,86;17,03;55,50;1,44;             174,34;
08037015;Castel di Casio;Bologna;1   ;           3.305;1,73;54,20;;17,18;16,92;69,28;17,75;0,63;             177,69;
08037016;Castel Guelfo di Bologna;Bologna;1   ;           4.496;15,53;14,76;67,82;46,37;11,71;19,02;22,92;0,70;             198,83;
08037019;Castel Maggiore;Bologna;1   ;          18.462;19,14;11,79;55,60;20,47;12,76;31,22;20,23;2,37;             173,59;
08037020;Castel San Pietro Terme;Bologna;1   ;          20.737;9,45;20,76;49,80;33,47;14,58;13,03;28,97;0,40;             170,47;
08037017;Castello d'Argile;Bologna;1   ;           6.641;8,43;8,06;42,18;23,63;1,28;23,58;21,65;0,43;             129,24;
08037021;Castenaso;Bologna;1   ;          16.145;15,70;17,21;35,06;37,03;16,17;18,54;16,00;0,40;             156,11;
08037022;Castiglione dei Pepoli;Bologna;1   ;           5.431;43,00;69,67;0,45;23,39;11,50;29,53;42,04;0,53;             220,11;
08037024;Crevalcore;Bologna;1   ;          13.706;8,75;13,89;61,23;23,95;14,76;39,92;5,42;2,85;             170,76;
08037025;Dozza;Bologna;1   ;           6.582;23,10;11,25;74,28;48,73;9,67;8,60;14,46;1,04;             191,13;
08037026;Fontanelice;Bologna;1   ;           1.913;1,32;20,53;14,14;17,91;17,09;13,49;65,79;0,95;             151,23;
08037027;Gaggio Montano;Bologna;1   ;           4.801;;59,54;;35,71;15,98;70,68;33,16;0,26;             215,34;
08037028;Galliera;Bologna;1   ;           5.595;10,82;9,18;56,79;29,66;10,12;12,97;9,44;0,46;             139,45;
08037030;Granarolo dell'Emilia;Bologna;1   ;          12.757;15,00;12,92;35,80;43,65;11,45;4,91;19,78;0,48;             144,01;
08037031;Grizzana Morandi;Bologna;1   ;           3.887;25,94;47,98;;24,89;12,68;23,72;24,61;0,59;             160,40;
08037032;Imola;Bologna;1   ;          69.121;10,16;17,31;37,30;26,41;19,63;11,70;15,29;0,31;             138,09;
08037033;Lizzano in Belvedere;Bologna;1   ;           2.152;27,75;84,28;;38,51;21,71;79,98;39,44;1,00;             292,67;
08037034;Loiano;Bologna;1   ;           4.416;33,11;38,53;;27,46;13,24;22,64;24,60;0,55;             160,13;
08037035;Malalbergo;Bologna;1   ;           9.130;12,61;14,08;21,06;34,45;11,77;18,01;16,72;0,41;             129,11;
08037036;Marzabotto;Bologna;1   ;           6.856;14,91;36,17;0,03;27,22;9,38;36,77;13,53;0,43;             138,44;
08037037;Medicina;Bologna;1   ;          16.625;19,52;23,48;29,73;30,43;9,49;11,17;19,70;0,39;             143,93;
08037038;Minerbio;Bologna;1   ;           8.870;14,27;10,51;32,06;28,47;7,46;11,11;16,87;0,39;             121,14;
08037039;Molinella;Bologna;1   ;          15.636;7,33;9,55;41,53;38,27;5,83;35,00;19,52;0,33;             157,36;
08037040;Monghidoro;Bologna;1   ;           3.804;66,70;56,58;1,49;29,91;15,94;21,51;35,78;0,71;             228,61;
08037042;Monte San Pietro;Bologna;1   ;          10.725;7,88;5,25;62,99;27,07;5,68;9,65;10,06;0,82;             129,41;
08037041;Monterenzio;Bologna;1   ;           6.090;29,79;27,57;36,86;16,62;11,63;25,68;16,60;0,50;             165,26;
08037044;Monzuno;Bologna;1   ;           6.398;35,82;60,16;0,56;16,37;13,21;35,39;24,35;0,46;             186,33;
08037045;Mordano;Bologna;1   ;           4.593;13,39;14,22;64,32;40,90;12,14;12,23;17,78;1,10;             176,08;
08037046;Ozzano dell'Emilia;Bologna;1   ;          14.053;17,48;26,09;28,69;18,26;12,56;18,84;33,03;0,37;             155,31;
08037048;Pieve di Cento;Bologna;1   ;           7.255;11,28;11,78;50,26;23,49;12,13;8,40;11,14;0,43;             128,91;
08037050;Sala Bolognese;Bologna;1   ;           8.407;18,91;13,57;63,89;21,21;9,58;22,83;16,93;7,87;             174,79;
08037051;San Benedetto Val di Sambro;Bologna;1   ;           4.189;56,26;51,59;8,62;22,28;23,00;15,20;19,61;0,62;             197,18;
08037052;San Giorgio di Piano;Bologna;1   ;           9.376;11,91;9,46;62,41;34,59;21,70;8,54;14,90;0,43;             163,94;
08037053;San Giovanni in Persiceto;Bologna;1   ;          27.720;16,65;9,12;48,69;25,59;15,15;34,67;12,68;;             162,55;
08037054;San Lazzaro di Savena;Bologna;1   ;          32.614;19,27;24,45;29,22;21,19;12,01;31,27;24,52;0,64;             162,57;
08037055;San Pietro in Casale;Bologna;1   ;          12.834;15,86;11,70;53,87;25,11;13,21;9,96;12,55;0,35;             142,61;
08037056;Sant'Agata Bolognese;Bologna;1   ;           7.285;15,35;14,37;53,79;24,92;13,16;39,69;9,84;;             171,12;
08037057;Sasso Marconi;Bologna;1   ;          14.747;15,31;12,17;58,95;31,01;9,14;16,36;10,46;0,35;             153,74;
08037061;Valsamoggia;Bologna;1   ;          31.610;18,06;19,51;44,29;30,56;12,17;18,28;21,83;0,37;             165,08;
08037059;Vergato;Bologna;1   ;           7.544;8,10;55,42;;7,99;10,21;62,38;21,14;0,42;             165,67;
08037060;Zola Predosa;Bologna;1   ;          19.207;16,74;13,79;56,51;29,43;13,43;17,58;17,28;0,31;             165,07;
04021001;Aldino;Bolzano;1   ;           1.629;13,47;10,34;27,76;23,46;9,86;17,20;;;             102,10;
04021002;Andriano;Bolzano;1   ;           1.025;15,17;10,34;7,70;29,71;11,46;6,52;3,03;;              83,93;
04021003;Anterivo;Bolzano;1   ;             393;8,84;6,38;23,64;20,67;16,46;11,13;;;              87,13;
04021004;Appiano sulla strada del vino;Bolzano;1   ;          14.800;0,39;13,02;48,99;1,02;12,29;17,22;;;              92,92;
04021005;Avelengo;Bolzano;1   ;             796;31,67;34,45;74,90;;;51,48;;;             192,50;
04021006;Badia;Bolzano;1   ;           3.532;14,18;24,03;139,83;;9,82;4,03;0,99;;             192,89;
04021007;Barbiano;Bolzano;1   ;           1.737;29,20;20,37;18,53;8,09;3,28;4,08;;;              83,55;
04021008;Bolzano;Bolzano;1   ;         106.107;32,78;12,63;25,89;22,57;33,03;32,01;14,50;1,60;             174,99;
04021009;Braies;Bolzano;1   ;             683;12,10;8,35;100,67;;11,63;0,79;;;             133,55;
04021010;Brennero;Bolzano;1   ;           2.328;32,24;34,31;45,57;9,60;22,27;14,49;;;             158,48;
04021011;Bressanone;Bolzano;1   ;          22.816;17,28;17,25;45,45;9,61;40,22;44,31;20,14;1,58;             195,85;
04021012;Bronzolo;Bolzano;1   ;           2.724;10,92;14,25;15,70;5,34;0,67;16,43;;;              63,31;
04021013;Brunico;Bolzano;1   ;          16.978;20,34;21,42;31,89;6,90;23,84;34,17;7,88;;             146,45;
04021014;Caines;Bolzano;1   ;             386;13,41;13,23;33,51;21,54;2,34;3,88;;;              87,92;
04021015;Caldaro sulla strada del vino;Bolzano;1   ;           8.137;16,78;18,83;12,58;5,20;21,84;5,55;;;              80,79;
04021016;Campo di Trens;Bolzano;1   ;           2.674;30,42;44,48;15,54;0,98;8,51;1,74;;;             101,67;
04021017;Campo Tures;Bolzano;1   ;           5.717;10,33;25,55;67,85;;3,68;9,17;;;             116,58;
04021018;Castelbello-Ciardes;Bolzano;1   ;           2.335;9,33;32,53;30,32;9,65;1,71;15,61;3,58;;             102,72;
04021019;Castelrotto;Bolzano;1   ;           6.967;43,86;26,72;23,82;0,72;19,58;14,88;;;             129,58;
04021020;Cermes;Bolzano;1   ;           1.576;11,73;13,44;14,24;10,79;10,34;2,42;;;              62,96;
04021021;Chienes;Bolzano;1   ;           3.018;13,40;23,57;24,82;1,11;3,31;11,61;;;              77,82;
04021022;Chiusa;Bolzano;1   ;           5.196;14,00;14,00;17,24;12,46;8,64;6,35;;;              72,68;
04021023;Cornedo all'Isarco;Bolzano;1   ;           3.468;9,61;22,13;30,03;;10,46;0,89;;;              73,11;
04021024;Cortaccia sulla strada del vino;Bolzano;1   ;           2.194;15,48;19,15;12,85;14,37;2,17;6,44;1,85;;              72,30;
04021025;Cortina sulla strada del vino;Bolzano;1   ;             677;13,04;9,10;25,43;7,74;3,86;2,95;;;              62,12;
04021026;Corvara in Badia;Bolzano;1   ;           1.396;36,91;78,92;214,18;52,99;19,91;13,37;4,47;;             420,75;
04021027;Curon Venosta;Bolzano;1   ;           2.376;20,43;16,09;45,57;33,44;17,49;17,09;;;             150,12;
04021028;Dobbiaco;Bolzano;1   ;           3.363;12,88;44,44;27,40;17,84;15,48;9,16;;;             127,21;
04021029;Egna;Bolzano;1   ;           5.460;14,69;;0,28;11,50;4,15;32,43;17,19;;              80,23;
04021030;Falzes;Bolzano;1   ;           3.077;16,64;15,90;8,15;12,35;5,63;2,87;;;              61,54;
04021031;Fie allo Sciliar;Bolzano;1   ;           3.626;18,94;12,50;25,95;11,53;25,54;6,43;5,51;;             106,39;
04021032;Fortezza;Bolzano;1   ;           1.086;32,21;36,01;20,00;;2,07;29,11;2,82;;             122,24;
04021033;Funes;Bolzano;1   ;           2.550;17,98;18,51;17,32;8,68;8,75;4,42;;;              75,65;
04021034;Gais;Bolzano;1   ;           3.205;12,88;16,88;32,91;1,00;2,01;7,72;2,18;;              75,59;
04021035;Gargazzone;Bolzano;1   ;           1.767;13,20;13,79;12,77;0,04;11,08;7,94;0,42;;              59,25;
04021036;Glorenza;Bolzano;1   ;             937;28,45;21,76;4,08;7,96;12,41;0,47;4,52;;              79,64;
04021117;La Valle;Bolzano;1   ;           1.398;15,32;17,92;30,29;5,35;7,61;4,59;1,38;;              82,46;
04021037;Laces;Bolzano;1   ;           5.177;9,28;11,33;20,28;1,80;10,58;24,32;6,24;;              83,82;
04021038;Lagundo;Bolzano;1   ;           4.964;65,89;12,95;11,19;3,75;9,47;;;;             103,25;
04021039;Laion;Bolzano;1   ;           2.769;21,62;14,63;13,33;6,74;17,00;6,09;;;              79,40;
04021040;Laives;Bolzano;1   ;          18.162;33,14;6,19;27,10;16,18;16,51;21,05;9,79;;             129,96;
04021041;Lana;Bolzano;1   ;          12.477;33,31;8,44;2,21;2,77;3,20;15,63;;;              65,56;
04021042;Lasa;Bolzano;1   ;           4.094;8,86;11,19;4,75;26,67;8,93;11,42;3,25;;              75,06;
04021043;Lauregno;Bolzano;1   ;             317;8,80;7,87;3,10;2,17;8,49;15,97;;;              46,39;
04021044;Luson;Bolzano;1   ;           1.580;19,05;16,44;24,17;18,06;5,06;14,42;;;              97,20;
04021045;Magre sulla strada del vino;Bolzano;1   ;           1.300;12,19;;27,63;;10,00;1,12;0,93;;              51,87;
04021046;Malles Venosta;Bolzano;1   ;           5.246;11,52;33,78;12,75;10,27;5,27;25,76;;;              99,35;
04021047;Marebbe;Bolzano;1   ;           3.162;21,12;44,77;33,42;19,23;3,16;5,05;;;             126,76;
04021048;Marlengo;Bolzano;1   ;           2.838;21,03;26,03;8,26;6,33;6,16;34,77;;;             102,58;
04021049;Martello;Bolzano;1   ;             831;9,71;18,87;12,84;;5,32;11,19;3,43;;              61,35;
04021050;Meltina;Bolzano;1   ;           1.723;12,46;8,61;14,69;14,69;3,00;5,53;;;              58,98;
04021051;Merano;Bolzano;1   ;          41.071;66,95;43,07;;47,86;38,66;40,24;25,23;;             262,01;
04021052;Monguelfo-Tesido;Bolzano;1   ;           2.902;12,22;52,48;26,19;7,05;9,93;2,39;;;             110,26;
04021053;Montagna;Bolzano;1   ;           1.704;11,64;6,80;14,53;23,79;2,65;8,32;;;              67,73;
04021054;Moso in Passiria;Bolzano;1   ;           2.034;16,63;11,10;18,11;1,57;1,98;5,38;0,27;;              55,03;
04021055;Nalles;Bolzano;1   ;           2.067;12,55;15,16;9,73;20,50;16,57;22,76;;;              97,26;
04021056;Naturno;Bolzano;1   ;           6.066;14,20;19,44;37,68;8,98;6,80;1,12;;;              88,21;
04021057;Naz-Sciaves;Bolzano;1   ;           3.354;13,46;18,15;19,51;8,86;1,25;16,70;3,01;;              80,93;
04021058;Nova Levante;Bolzano;1   ;           2.034;17,82;24,93;27,52;24,99;3,59;2,27;;;             101,11;
04021059;Nova Ponente;Bolzano;1   ;           4.034;27,04;12,70;5,54;41,85;33,42;5,35;;;             125,91;
04021060;Ora;Bolzano;1   ;           3.866;28,54;30,28;11,83;12,73;9,05;2,52;;;              94,95;
04021061;Ortisei;Bolzano;1   ;           4.793;34,92;19,87;5,36;9,95;13,28;10,69;;1,28;              95,36;
04021062;Parcines;Bolzano;1   ;           3.876;;9,95;40,67;10,52;15,16;1,31;2,88;;              80,48;
04021063;Perca;Bolzano;1   ;           1.691;14,40;13,45;42,78;;21,74;8,48;;;             100,86;
04021064;Plaus;Bolzano;1   ;             751;23,67;26,97;11,67;6,30;1,05;1,91;4,63;;              76,21;
04021065;Ponte Gardena;Bolzano;1   ;             200;5,36;19,74;18,30;9,15;;0,07;;;              52,61;
04021066;Postal;Bolzano;1   ;           1.995;15,48;19,12;13,07;8,72;13,10;9,03;;;              78,52;
04021067;Prato allo Stelvio;Bolzano;1   ;           3.803;19,12;18,35;2,74;7,08;4,92;0,12;;;              52,32;
04021068;Predoi;Bolzano;1   ;             522;6,44;94,45;6,94;;12,70;1,04;;;             121,56;
04021069;Proves;Bolzano;1   ;             254;11,39;8,70;1,15;3,69;;32,74;;;              57,67;
04021070;Racines;Bolzano;1   ;           4.593;26,69;37,25;33,44;5,42;3,48;1,09;1,15;;             108,52;
04021071;Rasun-Anterselva;Bolzano;1   ;           2.909;11,37;13,38;21,48;33,20;1,94;23,18;2,01;;             106,56;
04021072;Renon;Bolzano;1   ;           8.052;11,99;10,68;16,32;6,75;4,85;13,29;4,70;;              68,58;
04021073;Rifiano;Bolzano;1   ;           1.365;11,14;11,83;28,23;17,71;3,03;3,97;;;              75,92;
04021074;Rio di Pusteria;Bolzano;1   ;           3.164;24,19;32,09;15,19;5,70;22,02;11,72;0,39;;             111,29;
04021075;Rodengo;Bolzano;1   ;           1.277;30,52;23,61;4,80;8,63;24,95;3,34;;;              95,85;
04021076;Salorno;Bolzano;1   ;           3.766;20,34;16,18;3,06;14,46;7,18;5,85;;;              67,07;
04021077;San Candido;Bolzano;1   ;           3.384;25,52;55,69;51,42;13,79;34,90;17,29;;;             198,62;
04021079;San Genesio Atesino;Bolzano;1   ;           3.027;18,57;13,46;11,95;3,09;7,87;2,81;0,04;;              57,78;
04021080;San Leonardo in Passiria;Bolzano;1   ;           3.614;13,41;15,39;24,02;19,29;7,14;12,23;;;              91,48;
04021081;San Lorenzo di Sebato;Bolzano;1   ;           3.836;13,11;20,93;38,05;9,64;7,20;5,56;;;              94,51;
04021082;San Martino in Badia;Bolzano;1   ;           1.760;6,25;8,52;3,41;23,58;;46,31;3,18;;              91,25;
04021083;San Martino in Passiria;Bolzano;1   ;           3.254;18,86;23,26;16,47;15,59;1,88;10,17;;;              86,24;
04021084;San Pancrazio;Bolzano;1   ;           1.527;12,03;12,37;11,53;8,11;4,36;3,33;;;              51,73;
04021085;Santa Cristina Valgardena;Bolzano;1   ;           1.982;;69,96;;;2,16;28,26;;;             100,38;
04021086;Sarentino;Bolzano;1   ;           7.181;21,57;11,64;18,94;7,25;5,60;5,73;4,97;;              75,70;
04021087;Scena;Bolzano;1   ;           3.030;25,48;25,83;40,31;;;36,66;;;             128,28;
04021088;Selva dei Molini;Bolzano;1   ;           1.402;9,18;23,26;11,22;3,69;1,43;13,77;;;              62,55;
04021089;Selva di Val Gardena;Bolzano;1   ;           2.602;25,26;36,85;45,35;;3,15;30,77;;;             141,38;
04021091;Senales;Bolzano;1   ;           1.237;17,73;26,47;38,33;;3,81;18,40;12,45;;             117,19;
04021118;Senale-San Felice;Bolzano;1   ;             774;13,06;15,26;1,88;4,46;8,53;3,17;;;              46,34;
04021092;Sesto;Bolzano;1   ;           1.838;24,07;63,85;110,19;7,90;18,27;6,83;1,57;;             232,67;
04021093;Silandro;Bolzano;1   ;           6.273;8,72;3,79;76,31;19,91;23,17;;;;             131,90;
04021094;Sluderno;Bolzano;1   ;           1.837;9,68;12,22;3,31;35,34;11,36;11,68;;;              83,58;
04021095;Stelvio;Bolzano;1   ;           1.136;42,42;4,24;23,46;41,76;;53,69;10,01;;             175,58;
04021096;Terento;Bolzano;1   ;           1.775;17,89;8,08;17,90;11,04;4,02;29,32;4,37;;              92,62;
04021097;Terlano;Bolzano;1   ;           4.830;18,41;21,79;25,04;3,33;22,40;3,45;1,79;;              96,20;
04021098;Termeno sulla strada del vino;Bolzano;1   ;           3.360;25,15;13,07;24,10;4,07;8,90;0,14;;;              75,42;
04021099;Tesimo;Bolzano;1   ;           1.978;14,12;36,43;3,21;7,03;24,68;0,61;;;              86,08;
04021100;Tires;Bolzano;1   ;             997;15,37;10,82;49,78;23,22;4,70;3,64;;;             107,54;
04021101;Tirolo;Bolzano;1   ;           2.459;23,67;24,57;15,34;21,71;1,62;58,17;1,45;;             146,53;
04021102;Trodena nel parco naturale;Bolzano;1   ;           1.031;14,05;2,24;33,49;33,71;0,32;43,44;;;             127,26;
04021103;Tubre;Bolzano;1   ;             950;20,97;16,86;16,53;16,82;7,69;12,48;;;              91,36;
04021104;Ultimo;Bolzano;1   ;           2.880;17,31;15,48;8,86;12,11;2,30;4,62;;;              60,67;
04021105;Vadena;Bolzano;1   ;           1.094;34,93;49,33;47,46;3,68;2,79;5,45;3,85;;             147,49;
04021107;Val di Vizze;Bolzano;1   ;           3.093;21,90;12,50;14,83;7,22;2,96;6,11;;;              65,52;
04021106;Valdaora;Bolzano;1   ;           3.177;12,07;20,37;34,61;10,32;3,93;9,94;8,81;;             100,06;
04021108;Valle Aurina;Bolzano;1   ;           5.948;33,27;9,23;38,71;;10,57;4,03;;;              95,82;
04021109;Valle di Casies;Bolzano;1   ;           2.320;4,08;10,84;17,76;9,31;0,86;4,73;;;              47,58;
04021110;Vandoies;Bolzano;1   ;           3.317;15,62;19,48;32,45;;10,53;7,23;;;              85,31;
04021111;Varna;Bolzano;1   ;           4.993;37,01;31,01;8,21;27,83;;0,48;11,06;;             115,60;
04021116;Velturno;Bolzano;1   ;           3.032;9,63;8,83;19,84;11,08;3,20;5,20;;;              57,77;
04021112;Verano;Bolzano;1   ;             991;13,04;10,10;11,41;8,38;2,23;8,97;2,83;;              56,97;
04021113;Villabassa;Bolzano;1   ;           1.612;11,04;31,94;59,58;2,23;;11,87;7,44;;             124,11;
04021114;Villandro;Bolzano;1   ;           1.904;16,50;15,36;21,38;4,90;10,45;3,62;;;              72,20;
04021115;Vipiteno;Bolzano;1   ;           6.915;26,03;16,39;32,98;8,79;28,60;6,25;;;             119,03;
03017001;Acquafredda;Brescia;1   ;           1.518;6,06;0,09;48,40;18,71;4,03;28,49;5,62;0,26;             111,67;
03017002;Adro;Brescia;1   ;           7.127;7,54;;30,33;18,28;2,51;20,08;3,95;9,04;              91,72;
03017003;Agnosine;Brescia;1   ;           1.652;12,61;7,55;30,33;14,98;11,12;30,97;24,15;0,31;             132,02;
03017004;Alfianello;Brescia;1   ;           2.327;18,26;21,07;64,46;15,67;1,52;7,31;12,64;;             140,93;
03017005;Anfo;Brescia;1   ;             447;27,37;10,01;64,48;19,85;;72,01;29,27;0,31;             223,29;
03017006;Angolo Terme;Brescia;1   ;           2.302;14,06;;47,98;26,45;22,20;20,43;22,20;2,65;             155,96;
03017007;Artogne;Brescia;1   ;           3.568;17,95;0,52;55,24;46,91;17,69;27,45;18,61;3,36;             187,71;
03017008;Azzano Mella;Brescia;1   ;           3.413;19,09;;39,37;19,25;1,94;17,47;12,33;0,85;             110,28;
03017009;Bagnolo Mella;Brescia;1   ;          12.446;8,05;;30,04;16,02;8,19;15,99;15,69;0,89;              94,87;
03017010;Bagolino;Brescia;1   ;           3.761;13,54;6,21;66,05;12,32;;19,25;9,11;0,31;             126,78;
03017011;Barbariga;Brescia;1   ;           2.336;7,46;7,15;43,25;15,36;12,59;15,99;2,97;0,26;             105,04;
03017012;Barghe;Brescia;1   ;           1.137;12,28;7,56;29,03;14,99;6,27;23,70;14,12;0,31;             108,25;
03017014;Bedizzole;Brescia;1   ;          12.206;10,05;;27,94;17,71;8,45;10,78;10,31;0,91;              86,13;
03017015;Berlingo;Brescia;1   ;           2.749;7,49;6,94;42,23;19,81;1,95;13,59;5,97;0,32;              98,29;
03017016;Berzo Demo;Brescia;1   ;           1.502;13,52;;53,05;33,43;26,12;29,40;8,37;2,79;             166,68;
03017017;Berzo Inferiore;Brescia;1   ;           2.451;11,01;0,75;51,74;36,21;9,21;18,52;8,31;2,85;             138,62;
03017018;Bienno;Brescia;1   ;           3.767;10,68;;48,34;31,17;17,46;15,13;26,37;2,30;             151,44;
03017019;Bione;Brescia;1   ;           1.302;13,02;9,48;30,70;18,80;5,50;22,37;17,38;1,89;             119,15;
03017020;Borgo San Giacomo;Brescia;1   ;           5.412;5,60;6,53;29,38;22,16;6,95;10,52;12,73;0,28;              94,14;
03017021;Borgosatollo;Brescia;1   ;           9.047;4,95;;35,22;27,67;6,78;3,84;14,62;0,83;              93,91;
03017022;Borno;Brescia;1   ;           2.423;19,48;0,43;71,77;53,82;37,10;16,93;20,74;3,77;             224,04;
03017023;Botticino;Brescia;1   ;          10.703;5,09;3,19;42,56;21,50;6,93;18,33;2,27;0,38;             100,25;
03017024;Bovegno;Brescia;1   ;           2.014;7,96;;53,35;20,43;;22,22;29,33;0,72;             134,01;
03017025;Bovezzo;Brescia;1   ;           7.291;5,61;;37,07;22,86;24,33;14,06;20,60;1,04;             125,57;
03017026;Brandico;Brescia;1   ;           1.731;5,82;;23,01;20,39;0,90;22,14;11,93;0,61;              84,79;
03017027;Braone;Brescia;1   ;             691;15,87;0,04;44,73;30,49;11,32;24,81;6,71;2,26;             136,25;
03017028;Breno;Brescia;1   ;           4.639;20,80;;46,89;33,33;10,25;12,42;21,90;2,93;             148,53;
03017029;Brescia;Brescia;1   ;         196.446;15,05;;55,50;26,39;41,23;14,92;20,22;0,41;             173,72;
03017030;Brione;Brescia;1   ;             750;22,09;;36,01;31,04;;20,31;6,37;;             115,82;
03017031;Caino;Brescia;1   ;           2.157;9,31;;61,37;18,38;14,71;28,16;14,01;1,14;             147,08;
03017032;Calcinato;Brescia;1   ;          12.862;8,92;8,35;40,91;16,01;1,71;22,23;12,20;7,77;             118,11;
03017033;Calvagese della Riviera;Brescia;1   ;           3.666;8,38;6,66;35,71;15,53;4,52;18,42;16,95;6,01;             112,18;
03017034;Calvisano;Brescia;1   ;           8.369;9,08;0,04;49,61;20,70;7,91;37,07;22,14;0,40;             146,95;
03017035;Capo di Ponte;Brescia;1   ;           2.317;18,21;;43,92;31,27;15,33;19,32;7,28;2,47;             137,80;
03017036;Capovalle;Brescia;1   ;             338;10,22;7,38;31,52;14,64;;66,36;14,29;0,32;             144,74;
03017037;Capriano del Colle;Brescia;1   ;           4.710;20,80;;39,91;26,76;8,26;10,83;9,23;1,08;             116,87;
03017038;Capriolo;Brescia;1   ;           9.389;5,06;7,26;35,84;30,79;5,97;13,77;20,61;0,55;             119,85;
03017039;Carpenedolo;Brescia;1   ;          12.945;5,97;0,05;42,09;16,08;5,46;29,63;17,85;0,26;             117,40;
03017040;Castegnato;Brescia;1   ;           8.341;6,59;11,17;37,22;23,56;5,95;10,86;9,96;0,39;             105,69;
03017042;Castel Mella;Brescia;1   ;          10.894;8,55;;32,59;24,18;5,08;15,31;4,70;4,43;              94,83;
03017041;Castelcovati;Brescia;1   ;           6.864;3,91;6,48;22,71;18,24;7,86;30,92;7,89;;              98,01;
03017043;Castenedolo;Brescia;1   ;          11.572;6,47;0,01;50,50;15,42;15,35;31,58;14,85;0,43;             134,60;
03017044;Casto;Brescia;1   ;           1.607;11,84;7,03;29,49;13,94;3,07;16,54;21,07;0,31;             103,30;
03017045;Castrezzato;Brescia;1   ;           7.579;11,46;;35,13;16,30;2,33;9,84;17,20;1,47;              93,73;
03017046;Cazzago San Martino;Brescia;1   ;          10.675;5,56;9,38;41,30;27,52;5,54;27,88;12,00;0,40;             129,56;
03017047;Cedegolo;Brescia;1   ;           1.091;13,99;;51,99;33,04;4,20;23,05;8,15;2,88;             137,29;
03017049;Cerveno;Brescia;1   ;             659;13,33;0,65;30,19;27,01;8,59;27,51;7,17;2,38;             116,83;
03017050;Ceto;Brescia;1   ;           1.772;11,43;;44,69;29,32;3,75;21,00;6,76;2,28;             119,23;
03017051;Cevo;Brescia;1   ;             817;12,30;;34,34;29,19;47,48;15,04;7,45;2,29;             148,09;
03017052;Chiari;Brescia;1   ;          19.164;9,17;;53,20;30,70;11,01;25,14;11,67;2,34;             143,22;
03017053;Cigole;Brescia;1   ;           1.449;14,69;50,94;50,55;15,02;2,43;3,03;5,94;;             142,60;
03017054;Cimbergo;Brescia;1   ;             533;13,64;;28,78;28,33;12,46;35,98;7,41;2,50;             129,11;
03017055;Cividate Camuno;Brescia;1   ;           2.651;19,69;0,28;51,06;36,07;2,44;17,31;10,08;2,57;             139,49;
03017056;Coccaglio;Brescia;1   ;           8.749;4,40;3,85;34,68;21,45;12,62;14,00;14,04;;             105,03;
03017057;Collebeato;Brescia;1   ;           4.455;7,80;6,20;43,19;22,14;10,55;30,50;10,23;5,16;             135,77;
03017058;Collio;Brescia;1   ;           1.988;33,25;;46,10;9,04;5,04;18,52;;;             111,96;
03017059;Cologne;Brescia;1   ;           7.581;5,40;4,11;35,34;18,56;8,90;10,55;12,85;;              95,72;
03017060;Comezzano-Cizzago;Brescia;1   ;           4.080;4,16;;42,59;22,18;5,17;7,19;9,42;0,92;              91,63;
03017061;Concesio;Brescia;1   ;          15.680;6,63;;16,29;24,34;15,64;18,48;18,58;1,14;             101,09;
03017062;Corte Franca;Brescia;1   ;           7.139;6,58;10,65;37,91;26,74;10,97;12,69;11,77;4,31;             121,63;
03017063;Corteno Golgi;Brescia;1   ;           1.910;43,98;;68,27;69,42;53,64;39,78;17,07;4,88;             297,04;
03017064;Corzano;Brescia;1   ;           1.427;6,83;;27,56;14,05;1,28;10,36;30,02;0,66;              90,77;
03017065;Darfo Boario Terme;Brescia;1   ;          15.598;22,05;;56,31;46,18;9,55;14,34;11,98;3,30;             163,71;
03017066;Dello;Brescia;1   ;           5.605;7,95;8,99;43,79;18,76;6,09;9,84;0,60;3,16;              99,19;
03017067;Desenzano del Garda;Brescia;1   ;          29.106;19,43;14,37;63,38;17,70;16,42;28,92;17,36;8,61;             186,20;
03017068;Edolo;Brescia;1   ;           4.375;15,11;4,72;54,82;40,22;15,67;10,29;9,17;2,99;             152,99;
03017070;Esine;Brescia;1   ;           5.043;13,12;;50,08;44,50;11,70;16,03;19,70;2,71;             157,84;
03017071;Fiesse;Brescia;1   ;           1.999;8,25;;31,74;23,32;9,01;15,69;3,28;;              91,28;
03017072;Flero;Brescia;1   ;           8.698;10,06;;48,17;20,31;7,82;16,89;15,62;3,28;             122,15;
03017073;Gambara;Brescia;1   ;           4.524;6,75;;27,29;27,61;2,13;12,17;3,87;1,82;              81,64;
03017074;Gardone Riviera;Brescia;1   ;           2.626;23,84;10,32;102,86;28,16;53,31;63,82;50,26;9,50;             342,06;
03017075;Gardone Val Trompia;Brescia;1   ;          11.360;9,27;;36,31;15,79;12,79;24,30;20,89;1,25;             120,59;
03017076;Gargnano;Brescia;1   ;           2.680;65,33;47,20;79,49;14,86;23,53;52,84;62,36;9,59;             355,21;
03017077;Gavardo;Brescia;1   ;          12.253;13,98;8,58;34,87;17,02;12,68;24,84;28,11;0,31;             140,39;
03017078;Ghedi;Brescia;1   ;          18.497;7,52;0,03;28,53;27,32;8,00;37,69;7,64;0,40;             117,13;
03017079;Gianico;Brescia;1   ;           2.128;13,73;;42,16;36,02;2,90;13,38;7,43;2,43;             118,04;
03017080;Gottolengo;Brescia;1   ;           4.969;9,57;;47,38;30,34;8,94;4,97;9,31;1,01;             111,51;
03017081;Gussago;Brescia;1   ;          16.517;13,16;;36,19;29,15;6,68;10,75;10,16;1,27;             107,36;
03017082;Idro;Brescia;1   ;           1.880;26,35;12,96;61,36;22,29;9,93;36,12;38,76;0,85;             208,63;
03017083;Incudine;Brescia;1   ;             344;10,36;;35,11;22,43;59,36;32,23;6,16;2,16;             167,82;
03017084;Irma;Brescia;1   ;             132;15,18;;88,58;20,88;;84,29;49,48;;             258,42;
03017085;Iseo;Brescia;1   ;           8.973;20,03;;60,23;43,86;37,84;22,84;27,10;1,82;             213,70;
03017086;Isorella;Brescia;1   ;           4.054;9,68;0,55;55,41;23,17;2,70;29,31;10,97;0,26;             132,05;
03017087;Lavenone;Brescia;1   ;             486;24,08;7,36;55,37;14,59;;43,77;32,65;0,31;             178,13;
03017088;Leno;Brescia;1   ;          14.338;16,75;;20,26;13,71;11,04;25,49;10,65;0,66;              98,56;
03017089;Limone sul Garda;Brescia;1   ;           1.130;132,66;59,68;204,61;56,40;110,46;130,96;145,74;24,80;             865,33;
03017090;Lodrino;Brescia;1   ;           1.615;12,98;;53,37;12,48;0,90;30,83;16,63;0,91;             128,10;
03017091;Lograto;Brescia;1   ;           3.784;4,31;;34,73;28,30;5,80;13,31;23,18;6,04;             115,67;
03017092;Lonato del Garda;Brescia;1   ;          16.911;23,58;11,58;38,38;14,20;7,48;28,57;19,54;5,46;             148,79;
03017093;Longhena;Brescia;1   ;             549;13,32;5,32;65,09;7,24;3,84;14,57;3,64;0,34;             113,36;
03017094;Losine;Brescia;1   ;             624;25,87;;22,71;23,07;2,76;29,03;5,37;1,92;             110,73;
03017095;Lozio;Brescia;1   ;             352;15,75;;83,63;46,54;1,14;58,67;18,46;3,95;             228,14;
03017096;Lumezzane;Brescia;1   ;          21.424;4,48;;38,23;24,46;12,10;25,09;21,86;1,07;             127,29;
03017097;Maclodio;Brescia;1   ;           1.484;22,79;13,17;26,46;15,72;25,77;11,66;5,46;;             121,04;
03017098;Magasa;Brescia;1   ;             106;77,65;51,57;31,07;21,12;;47,41;;14,58;             243,39;
03017099;Mairano;Brescia;1   ;           3.508;6,20;;23,78;21,19;6,31;14,48;28,66;0,89;             101,51;
03017100;Malegno;Brescia;1   ;           1.923;7,63;;40,98;23,60;8,24;18,98;10,77;2,00;             112,19;
03017101;Malonno;Brescia;1   ;           3.003;14,77;;37,63;31,31;20,49;5,90;16,32;2,40;             128,83;
03017102;Manerba del Garda;Brescia;1   ;           5.377;36,54;15,33;79,09;33,88;23,41;44,93;54,41;12,17;             299,76;
03017103;Manerbio;Brescia;1   ;          13.319;8,72;8,77;45,32;19,38;5,15;16,57;14,14;4,03;             122,07;
03017104;Marcheno;Brescia;1   ;           4.150;6,30;;32,58;23,21;5,20;28,91;20,43;2,13;             118,77;
03017105;Marmentino;Brescia;1   ;             658;12,36;;59,50;19,40;;10,85;14,46;1,02;             117,58;
03017106;Marone;Brescia;1   ;           3.101;13,20;;44,60;24,05;9,98;12,75;12,42;1,79;             118,78;
03017107;Mazzano;Brescia;1   ;          12.635;4,43;;30,94;36,75;11,37;24,27;11,30;0,26;             119,32;
03017108;Milzano;Brescia;1   ;           1.743;13,31;15,54;43,70;14,09;3,21;9,17;9,85;0,57;             109,44;
03017109;Moniga del Garda;Brescia;1   ;           2.614;26,59;34,30;89,07;29,74;45,12;47,68;24,96;9,68;             307,14;
03017110;Monno;Brescia;1   ;             512;17,67;;49,89;26,02;10,08;30,32;8,68;2,61;             145,27;
03017112;Monticelli Brusati;Brescia;1   ;           4.591;10,23;0,95;29,59;31,37;1,97;25,71;13,94;-1,28;             112,49;
03017113;Montichiari;Brescia;1   ;          26.116;6,99;0,07;28,70;27,25;11,10;32,50;6,60;0,39;             113,59;
03017114;Montirone;Brescia;1   ;           5.061;8,49;;46,03;29,46;7,76;32,70;6,16;0,39;             131,00;
03017115;Mura;Brescia;1   ;             777;11,19;5,21;28,30;10,34;25,12;20,70;17,24;0,31;             118,41;
03017116;Muscoline;Brescia;1   ;           2.691;10,65;7,82;26,85;15,51;2,20;23,53;20,31;0,31;             107,17;
03017117;Nave;Brescia;1   ;          10.552;6,46;;41,19;27,62;19,11;18,39;20,04;1,40;             134,22;
03017118;Niardo;Brescia;1   ;           1.941;16,79;;37,63;27,06;1,93;22,20;6,50;2,01;             114,13;
03017119;Nuvolento;Brescia;1   ;           3.864;6,22;;51,64;33,87;14,69;37,42;15,96;0,26;             160,06;
03017120;Nuvolera;Brescia;1   ;           4.709;4,16;;47,61;31,25;11,81;33,69;14,38;0,26;             143,14;
03017121;Odolo;Brescia;1   ;           1.914;11,39;7,69;29,73;15,26;2,64;30,22;23,54;0,31;             120,77;
03017122;Offlaga;Brescia;1   ;           4.078;9,21;9,54;43,56;22,15;8,08;13,97;0,68;2,88;             110,07;
03017123;Ome;Brescia;1   ;           3.153;9,63;;74,91;;24,24;14,21;9,01;0,63;             132,64;
03017124;Ono San Pietro;Brescia;1   ;             965;11,76;0,67;41,26;23,48;9,65;24,55;13,17;2,16;             126,72;
03017125;Orzinuovi;Brescia;1   ;          12.388;6,35;9,63;43,36;18,37;15,90;10,95;6,78;0,46;             111,79;
03017126;Orzivecchi;Brescia;1   ;           2.449;6,26;;50,34;25,67;10,21;5,34;8,92;0,97;             107,71;
03017127;Ospitaletto;Brescia;1   ;          14.694;3,37;1,10;30,46;16,74;9,35;25,92;13,30;0,61;             100,86;
03017128;Ossimo;Brescia;1   ;           1.458;15,10;;38,49;26,32;4,98;13,92;21,73;2,42;             122,96;
03017129;Padenghe sul Garda;Brescia;1   ;           4.828;10,85;12,71;55,30;19,87;31,64;33,49;9,73;30,42;             204,01;
03017130;Paderno Franciacorta;Brescia;1   ;           3.635;5,62;8,48;39,92;17,97;5,63;24,07;4,71;0,37;             106,77;
03017131;Paisco Loveno;Brescia;1   ;             172;22,26;;53,56;33,44;;106,76;15,78;2,93;             234,72;
03017132;Paitone;Brescia;1   ;           2.176;13,99;8,94;31,33;17,73;;30,45;27,66;0,31;             130,39;
03017133;Palazzolo sull'Oglio;Brescia;1   ;          20.106;11,89;11,69;35,16;17,74;12,00;20,30;10,41;0,61;             119,81;
03017134;Paratico;Brescia;1   ;           4.959;5,06;5,85;46,14;22,20;9,69;23,05;16,94;1,86;             130,78;
03017135;Paspardo;Brescia;1   ;             579;15,87;;13,73;34,46;4,91;23,99;12,21;2,36;             107,53;
03017136;Passirano;Brescia;1   ;           6.889;5,99;7,27;42,82;24,12;4,98;15,43;7,46;0,37;             108,44;
03017137;Pavone del Mella;Brescia;1   ;           2.660;11,09;29,17;48,25;3,88;6,11;13,20;6,39;;             118,10;
03017139;Pertica Alta;Brescia;1   ;             553;9,26;5,70;25,08;11,30;25,58;21,75;16,31;0,31;             115,27;
03017140;Pertica Bassa;Brescia;1   ;             555;9,74;7,47;27,60;14,82;;31,16;18,83;0,32;             109,95;
03017141;Pezzaze;Brescia;1   ;           1.445;6,81;;51,31;21,09;;17,38;13,62;;             110,20;
03017142;Pian Camuno;Brescia;1   ;           4.759;13,98;;47,82;31,63;10,60;12,04;14,36;2,38;             132,82;
03017206;Piancogno;Brescia;1   ;           4.774;10,69;;43,40;29,19;7,69;19,08;6,66;2,36;             119,07;
03017143;Pisogne;Brescia;1   ;           7.858;10,96;;38,21;31,22;15,89;8,52;24,97;1,40;             131,18;
03017144;Polaveno;Brescia;1   ;           2.459;3,23;;45,45;21,62;2,65;20,34;12,48;;             105,78;
03017145;Polpenazze del Garda;Brescia;1   ;           2.710;12,45;8,23;68,00;13,84;3,28;20,27;11,07;15,08;             152,22;
03017146;Pompiano;Brescia;1   ;           3.707;5,97;6,29;35,91;19,24;2,43;6,61;12,22;0,31;              88,97;
03017147;Poncarale;Brescia;1   ;           5.184;8,24;0,01;48,57;11,41;6,19;24,11;12,89;0,26;             111,70;
03017148;Ponte di Legno;Brescia;1   ;           1.745;51,79;;138,92;116,76;250,82;148,57;26,55;9,46;             742,88;
03017149;Pontevico;Brescia;1   ;           6.978;8,30;11,06;43,37;16,08;7,22;17,78;4,75;3,83;             112,40;
03017150;Pontoglio;Brescia;1   ;           6.943;10,79;;30,69;11,70;13,87;13,94;23,65;0,85;             105,49;
03017151;Pozzolengo;Brescia;1   ;           3.582;10,36;9,80;53,48;15,57;10,09;26,37;5,99;4,67;             136,33;
03017152;Pralboino;Brescia;1   ;           2.778;7,77;;35,47;29,28;2,58;14,42;3,91;1,20;              94,63;
03017153;Preseglie;Brescia;1   ;           1.475;13,47;7,58;31,58;15,04;0,33;19,77;17,27;0,31;             105,35;
03017155;Prevalle;Brescia;1   ;           6.781;7,63;6,81;48,51;14,89;2,44;14,05;0,50;8,32;             103,15;
03017156;Provaglio d'Iseo;Brescia;1   ;           7.122;8,13;7,62;34,44;15,66;1,93;23,83;6,87;0,55;              99,02;
03017157;Provaglio Val Sabbia;Brescia;1   ;             872;9,07;7,55;22,19;14,98;7,77;25,87;16,10;0,32;             103,85;
03017158;Puegnago sul Garda;Brescia;1   ;           3.447;12,75;11,88;57,94;20,86;3,82;23,36;22,14;7,95;             160,70;
03017159;Quinzano d'Oglio;Brescia;1   ;           6.194;6,64;7,63;26,07;19,79;7,84;11,92;14,76;1,61;              96,26;
03017160;Remedello;Brescia;1   ;           3.374;14,28;0,05;52,96;17,22;10,79;42,05;18,47;0,26;             156,08;
03017161;Rezzato;Brescia;1   ;          13.337;7,49;9,62;35,46;19,09;11,68;21,51;10,40;0,31;             115,55;
03017162;Roccafranca;Brescia;1   ;           4.854;2,49;;47,05;39,87;12,08;11,30;13,14;-2,49;             123,44;
03017163;Rodengo Saiano;Brescia;1   ;           9.865;13,29;11,88;52,77;17,76;14,26;11,84;0,33;0,95;             123,08;
03017164;Roe Volciano;Brescia;1   ;           4.342;18,68;8,55;38,85;16,96;2,31;25,31;28,91;0,31;             139,89;
03017165;Roncadelle;Brescia;1   ;           9.201;9,96;;57,45;40,63;13,22;9,27;5,77;1,30;             137,60;
03017166;Rovato;Brescia;1   ;          19.277;5,77;11,04;37,98;20,96;14,10;16,43;9,72;0,65;             116,65;
03017168;Sabbio Chiese;Brescia;1   ;           4.001;11,43;7,88;33,42;15,62;1,10;22,17;17,62;0,31;             109,56;
03017169;Sale Marasino;Brescia;1   ;           3.255;20,35;;43,74;27,60;17,23;24,80;3,69;1,09;             138,50;
03017170;Salo;Brescia;1   ;          10.417;32,63;11,86;59,16;18,15;24,26;28,68;25,78;8,96;             209,48;
03017171;San Felice del Benaco;Brescia;1   ;           3.461;17,11;14,46;78,88;24,18;24,91;53,88;13,27;12,33;             239,03;
03017172;San Gervasio Bresciano;Brescia;1   ;           2.676;13,96;16,41;44,19;14,20;1,49;8,18;31,93;13,47;             143,84;
03017138;San Paolo;Brescia;1   ;           4.406;3,13;7,58;27,48;14,96;12,41;13,07;6,45;;              85,08;
03017173;San Zeno Naviglio;Brescia;1   ;           4.671;11,26;0,04;45,47;21,24;15,37;26,72;13,68;0,26;             134,05;
03017174;Sarezzo;Brescia;1   ;          13.129;9,39;;36,66;19,17;13,13;19,49;12,84;0,82;             111,49;
03017175;Saviore dell'Adamello;Brescia;1   ;             795;15,59;;45,79;33,60;71,80;39,73;8,67;2,63;             217,81;
03017176;Sellero;Brescia;1   ;           1.388;13,81;;42,84;30,94;27,49;14,93;7,64;2,48;             140,13;
03017178;Serle;Brescia;1   ;           3.081;12,11;6,23;30,92;12,36;;20,06;16,07;0,31;              98,05;
03017179;Sirmione;Brescia;1   ;           8.248;21,16;;52,87;61,45;46,72;50,17;19,84;;             252,21;
03017180;Soiano del Lago;Brescia;1   ;           1.911;23,01;11,22;59,41;15,61;6,08;29,64;10,39;13,39;             168,75;
03017181;Sonico;Brescia;1   ;           1.204;16,10;;57,99;33,56;2,42;31,94;18,90;3,06;             163,97;
03017182;Sulzano;Brescia;1   ;           1.932;13,72;;59,20;26,20;13,00;18,24;15,37;1,26;             146,99;
03017184;Temu;Brescia;1   ;           1.132;36,33;;79,41;84,50;57,62;89,25;22,99;5,72;             375,82;
03017185;Tignale;Brescia;1   ;           1.154;41,35;35,13;112,94;25,05;94,15;57,29;21,96;26,33;             414,21;
03017186;Torbole Casaglia;Brescia;1   ;           6.426;;;46,54;28,38;0,96;18,25;6,97;0,28;             101,39;
03017187;Toscolano-Maderno;Brescia;1   ;           7.546;28,09;13,39;72,29;23,28;23,02;45,99;26,16;14,19;             246,40;
03017188;Travagliato;Brescia;1   ;          13.753;3,70;;31,91;19,81;9,19;30,22;1,08;;              95,90;
03017189;Tremosine sul Garda;Brescia;1   ;           2.066;70,27;45,56;63,26;15,43;17,23;55,59;27,56;57,02;             351,92;
03017190;Trenzano;Brescia;1   ;           5.476;8,72;3,86;35,15;10,12;12,21;15,40;4,86;;              90,33;
03017191;Treviso Bresciano;Brescia;1   ;             511;9,28;7,18;28,18;14,24;;48,90;13,23;0,32;             121,33;
03017192;Urago d'Oglio;Brescia;1   ;           3.744;9,97;;40,74;15,84;1,65;4,32;27,41;2,57;             102,50;
03017193;Vallio Terme;Brescia;1   ;           1.402;14,07;9,19;35,02;16,19;15,76;29,07;15,46;0,31;             135,06;
03017194;Valvestino;Brescia;1   ;             167;64,13;35,62;25,69;15,66;24,62;45,12;46,60;15,85;             273,30;
03017195;Verolanuova;Brescia;1   ;           8.050;8,29;7,61;48,88;15,26;3,83;19,51;2,01;3,71;             109,09;
03017196;Verolavecchia;Brescia;1   ;           3.810;9,82;17,96;33,53;17,05;0,73;9,77;4,17;;              93,03;
03017197;Vestone;Brescia;1   ;           4.142;14,51;7,60;35,32;15,07;0,37;23,62;18,16;0,32;             114,97;
03017198;Vezza d'Oglio;Brescia;1   ;           1.463;23,71;;76,52;50,03;13,14;27,22;15,18;4,08;             209,88;
03017199;Villa Carcina;Brescia;1   ;          10.603;7,33;;45,94;20,24;1,71;8,54;20,57;1,03;             105,36;
03017200;Villachiara;Brescia;1   ;           1.360;6,55;4,58;45,51;15,43;9,69;20,70;9,14;0,30;             111,91;
03017201;Villanuova sul Clisi;Brescia;1   ;           5.816;17,05;9,14;40,38;17,79;4,37;20,77;20,71;0,31;             130,52;
03017202;Vione;Brescia;1   ;             625;58,73;;61,32;66,14;59,75;59,57;17,17;4,43;             327,11;
03017203;Visano;Brescia;1   ;           1.980;13,78;0,11;52,77;20,65;10,90;34,45;14,81;0,26;             147,71;
03017204;Vobarno;Brescia;1   ;           8.240;11,84;8,28;28,18;16,43;2,11;17,20;18,28;0,63;             102,95;
03017205;Zone;Brescia;1   ;           1.023;28,14;;70,20;28,09;;25,90;;5,02;             157,36;
16074001;Brindisi;Brindisi;1   ;          82.694;32,43;54,29;66,90;32,48;63,69;9,08;21,76;;             280,64;
16074002;Carovigno;Brindisi;1   ;          16.917;14,50;45,77;74,64;41,09;37,86;18,16;22,89;4,49;             259,39;
16074003;Ceglie Messapica;Brindisi;1   ;          18.680;27,03;42,23;51,47;21,85;12,07;24,17;6,04;;             184,87;
16074004;Cellino San Marco;Brindisi;1   ;           6.088;13,84;3,37;60,49;63,54;7,45;16,56;37,06;2,73;             205,04;
16074005;Cisternino;Brindisi;1   ;          11.139;32,94;20,56;76,87;17,04;31,52;14,77;9,92;2,65;             206,28;
16074007;Fasano;Brindisi;1   ;          38.745;30,72;9,53;114,46;31,98;17,27;14,99;6,43;;             225,38;
16074010;Mesagne;Brindisi;1   ;          26.148;19,03;8,70;76,95;29,37;28,16;10,78;1,66;;             174,65;
16074013;San Donaci;Brindisi;1   ;           6.180;19,18;10,81;76,69;51,97;36,83;22,30;1,89;;             219,67;
16074015;San Pancrazio Salentino;Brindisi;1   ;           9.281;7,74;22,57;36,39;43,74;20,96;36,33;2,02;;             169,75;
16074016;San Pietro Vernotico;Brindisi;1   ;          13.022;11,97;11,78;74,37;44,28;15,97;23,92;2,32;5,91;             190,52;
16074017;San Vito dei Normanni;Brindisi;1   ;          18.103;7,70;2,81;41,41;53,52;27,30;17,07;1,41;;             151,21;
16074018;Torchiarolo;Brindisi;1   ;           5.266;11,67;12,22;87,10;56,10;40,06;33,55;8,70;5,80;             255,20;
16074019;Torre Santa Susanna;Brindisi;1   ;          10.114;6,51;3,16;30,87;63,32;17,95;37,84;3,31;;             162,96;
20092003;Assemini;Cagliari [fino 2024];1   ;          25.835;22,82;5,41;46,79;25,88;20,41;11,89;20,69;;             153,90;
20092009;Cagliari;Cagliari [fino 2024];1   ;         148.117;18,38;7,66;77,49;33,14;62,27;29,75;59,06;8,20;             295,96;
20092011;Capoterra;Cagliari [fino 2024];1   ;          23.186;12,93;7,69;29,70;9,19;18,75;5,55;11,87;;              95,68;
20092015;Decimomannu;Cagliari [fino 2024];1   ;           8.373;8,55;18,21;20,51;16,51;7,60;57,43;;;             128,81;
20092108;Elmas;Cagliari [fino 2024];1   ;           9.406;11,51;0,71;59,04;9,23;18,84;24,06;11,90;;             135,29;
20092037;Maracalagonis;Cagliari [fino 2024];1   ;           7.918;36,52;24,72;53,07;2,42;20,23;16,86;31,77;;             185,59;
20092109;Monserrato;Cagliari [fino 2024];1   ;          18.924;17,65;16,41;54,06;18,71;29,89;18,20;18,11;;             173,04;
20092050;Pula;Cagliari [fino 2024];1   ;           7.125;29,42;50,43;102,12;;28,88;22,38;22,65;;             255,88;
20092105;Quartucciu;Cagliari [fino 2024];1   ;          12.830;7,21;20,39;44,56;14,98;26,69;25,88;5,61;;             145,32;
20092066;Sarroch;Cagliari [fino 2024];1   ;           5.028;13,85;37,10;91,80;18,42;33,16;48,22;44,98;;             287,54;
20092068;Selargius;Cagliari [fino 2024];1   ;          28.447;17,24;18,71;51,15;27,70;26,76;8,11;26,69;;             176,36;
20092074;Sestu;Cagliari [fino 2024];1   ;          20.773;15,97;19,19;38,47;16,50;24,51;14,81;17,01;;             146,46;
20092075;Settimo San Pietro;Cagliari [fino 2024];Vedi aggregazione: UNIONE DEI COMUNI DEL PARTEOLLA E BASSO CAMPIDANO;
20092080;Sinnai;Cagliari [fino 2024];1   ;          17.161;20,62;25,45;47,19;17,02;18,43;41,68;3,49;;             173,87;
20092090;Uta;Cagliari [fino 2024];1   ;           8.796;13,48;11,64;39,49;14,75;9,43;17,97;8,73;;             115,48;
20092099;Villa San Pietro;Cagliari [fino 2024];1   ;           2.140;13,51;9,82;35,86;18,49;13,26;19,28;16,58;;             126,79;
19085001;Acquaviva Platani;Caltanissetta;1   ;             869;14,03;34,84;32,79;6,44;13,85;39,94;25,82;;             167,70;
19085002;Bompensiere;Caltanissetta;1   ;             491;9,17;25,88;45,85;24,18;8,67;78,74;82,34;;             274,84;
19085003;Butera;Caltanissetta;1   ;           4.164;56,42;18,21;33,86;;22,54;56,51;14,37;;             201,91;
19085004;Caltanissetta;Caltanissetta;1   ;          58.532;8,69;32,61;65,23;35,96;20,05;42,98;18,02;;             223,55;
19085005;Campofranco;Caltanissetta;1   ;           2.656;10,62;14,27;53,10;22,57;;19,01;5,98;;             125,56;
19085006;Delia;Caltanissetta;1   ;           3.858;22,19;5,39;19,87;12,32;12,33;29,09;32,08;;             133,26;
19085008;Marianopoli;Caltanissetta;1   ;           1.600;6,50;5,38;32,49;25,40;21,78;46,61;30,26;;             168,41;
19085010;Milena;Caltanissetta;1   ;           2.700;8,86;23,49;44,29;27,26;8,12;21,35;5,80;;             139,17;
19085011;Montedoro;Caltanissetta;1   ;           1.379;8,57;15,82;42,86;29,42;25,97;24,44;3,73;;             150,82;
19085012;Mussomeli;Caltanissetta;1   ;           9.913;7,93;23,67;47,07;17,13;6,13;13,59;3,38;;             118,89;
19085013;Niscemi;Caltanissetta;1   ;          24.934;16,62;15,25;33,89;21,59;20,48;12,62;3,98;;             124,43;
19085014;Resuttano;Caltanissetta;1   ;           1.752;8,95;15,92;44,76;14,58;0,70;8,60;5,05;;              98,55;
19085015;Riesi;Caltanissetta;1   ;          10.502;24,44;10,12;29,87;16,34;29,48;6,46;3,81;1,43;             121,96;
19085016;San Cataldo;Caltanissetta;1   ;          20.939;19,86;25,80;64,10;15,68;28,73;42,87;3,43;;             200,47;
19085017;Santa Caterina Villarmosa;Caltanissetta;1   ;           4.673;9,19;26,62;45,94;9,47;10,59;21,68;13,39;;             136,87;
19085018;Serradifalco;Caltanissetta;1   ;           5.493;8,26;19,70;41,29;24,49;31,05;19,54;5,86;;             150,18;
19085019;Sommatino;Caltanissetta;1   ;           6.397;44,97;12,67;20,54;16,23;1,46;13,81;5,01;;             114,68;
19085020;Sutera;Caltanissetta;1   ;           1.178;8,25;18,55;41,26;16,06;13,32;44,84;6,13;;             148,41;
19085021;Vallelunga Pratameno;Caltanissetta;1   ;           3.113;5,80;23,92;29,01;29,37;5,48;25,26;40,29;;             159,13;
19085022;Villalba;Caltanissetta;1   ;           1.407;15,37;19,75;34,32;30,28;15,36;21,63;16,97;;             153,68;
14070001;Acquaviva Collecroce;Campobasso;1   ;             566;19,52;4,98;78,07;8,81;18,20;5,67;7,39;;             142,65;
14070004;Bonefro;Campobasso;1   ;           1.201;15,38;7,64;59,40;25,25;21,86;12,99;3,53;;             146,05;
14070005;Busso;Campobasso;1   ;           1.171;24,68;7,98;43,61;28,83;1,12;7,67;2,24;;             116,13;
14070006;Campobasso;Campobasso;1   ;          47.075;7,64;30,34;57,20;7,72;16,63;22,66;20,68;3,63;             166,49;
14070008;Campodipietra;Campobasso;1   ;           2.433;11,46;3,63;14,51;49,93;2,15;1,04;0,31;;              83,02;
14070009;Campolieto;Campobasso;1   ;             841;10,03;17,35;37,29;25,02;8,04;13,68;1,42;;             112,84;
14070012;Casalciprano;Campobasso;1   ;             462;29,67;7,16;55,21;11,61;4,78;11,44;1,71;;             121,58;
14070013;Castelbottaccio;Campobasso;1   ;             245;49,55;12,86;65,71;;61,63;33,00;11,37;;             234,12;
14070015;Castelmauro;Campobasso;1   ;           1.183;16,62;25,13;35,58;7,24;4,84;9,76;17,23;;             116,42;
14070016;Castropignano;Campobasso;1   ;             863;34,30;10,47;;15,06;;6,86;36,51;;             103,20;
14070017;Cercemaggiore;Campobasso;1   ;           3.601;12,42;8,80;29,55;6,32;9,45;13,59;1,56;;              81,69;
14070018;Cercepiccola;Campobasso;1   ;             622;17,99;12,48;52,14;1,26;17,99;29,71;1,82;;             133,39;
14070019;Civitacampomarano;Campobasso;1   ;             302;20,75;24,16;85,97;2,77;42,39;15,80;;;             191,85;
14070020;Colle d'Anchise;Campobasso;1   ;             722;29,02;17,76;32,14;;19,03;33,81;4,84;1,68;             138,28;
14070021;Colletorto;Campobasso;1   ;           1.661;8,88;7,23;24,15;9,88;23,21;22,60;3,11;;              99,05;
14070022;Duronia;Campobasso;1   ;             404;95,20;31,13;;;;17,25;44,95;;             188,52;
14070026;Gildone;Campobasso;1   ;             749;11,93;3,49;13,97;51,86;13,63;26,34;6,52;;             127,74;
14070030;Jelsi;Campobasso;1   ;           1.618;12,47;3,28;13,10;54,19;10,23;30,07;0,47;;             123,80;
14070032;Limosano;Campobasso;1   ;             694;22,74;10,66;;32,68;1,78;30,46;23,90;;             122,22;
14070033;Lucito;Campobasso;1   ;             631;9,41;36,98;31,25;;42,89;12,38;;;             132,93;
14070034;Lupara;Campobasso;1   ;             412;24,27;55,83;24,27;;16,99;12,14;31,55;;             165,05;
14070035;Macchia Valfortore;Campobasso;1   ;             484;29,96;20,66;40,29;;29,75;50,82;;;             171,48;
14070036;Mafalda;Campobasso;1   ;           1.080;14,25;6,94;70,06;;3,71;14,96;;;             109,94;
14070037;Matrice;Campobasso;1   ;           1.032;14,64;;73,90;;5,33;88,54;;;             182,42;
14070039;Molise;Campobasso;1   ;             147;26,69;25,20;;25,31;;67,12;1,38;-61,62;              84,09;
14070040;Monacilioni;Campobasso;1   ;             466;12,89;19,18;11,65;;15,77;52,12;;;             111,61;
14070043;Montefalcone nel Sannio;Campobasso;1   ;           1.382;15,92;4,34;57,89;11,58;7,24;1,45;3,62;;             102,03;
14070044;Montelongo;Campobasso;1   ;             307;;4,23;113,39;18,33;;11,40;1,95;;             149,30;
14070047;Montorio nei Frentani;Campobasso;1   ;             360;13,63;9,89;81,72;6,79;6,18;22,14;11,55;;             151,89;
14070049;Oratino;Campobasso;1   ;           1.676;16,19;4,28;38,54;17,98;7,78;6,23;1,45;;              92,45;
14070050;Palata;Campobasso;1   ;           1.535;7,97;21,56;34,38;;7,26;9,73;2,48;1,77;              85,16;
14070052;Petrella Tifernina;Campobasso;1   ;           1.042;2,06;26,39;25,01;;6,90;14,42;0,23;;              75,01;
14070053;Pietracatella;Campobasso;1   ;           1.240;16,67;27,11;28,11;;3,83;19,92;;;              95,64;
14070058;Ripabottoni;Campobasso;1   ;             443;71,06;44,64;;;13,57;24,37;;;             153,63;
14070060;Roccavivara;Campobasso;1   ;             622;36,55;1,00;10,66;;20,05;22,71;27,25;;             118,23;
14070061;Rotello;Campobasso;1   ;           1.098;17,50;8,56;47,03;;1,82;25,32;;1,37;             101,60;
14070063;San Biase;Campobasso;1   ;             129;174,78;10,19;;7,33;116,82;74,53;72,09;;             455,74;
14070064;San Felice del Molise;Campobasso;1   ;             551;12,75;10,82;47,35;5,92;4,36;11,16;21,37;;             113,74;
14070066;San Giovanni in Galdo;Campobasso;1   ;             518;18,88;4,61;18,43;63,09;27,73;13,75;2,48;;             148,97;
14070068;San Giuliano di Puglia;Campobasso;1   ;             982;;6,78;58,40;;4,63;3,64;0,44;0,70;              74,59;
14070069;San Martino in Pensilis;Campobasso;1   ;           4.497;9,92;9,82;45,20;11,67;11,96;12,18;1,84;;             102,58;
14070070;San Massimo;Campobasso;1   ;             817;15,76;23,47;49,10;;;26,97;17,31;2,49;             135,10;
14070072;Santa Croce di Magliano;Campobasso;1   ;           3.960;10,32;21,51;43,85;;17,20;9,73;5,47;;             108,07;
14070076;Spinete;Campobasso;1   ;           1.168;6,84;19,13;31,09;;4,29;14,10;5,08;1,60;              82,13;
14070077;Tavenna;Campobasso;1   ;             601;56,95;12,98;12,68;6,67;0,85;25,39;;;             115,51;
14070078;Termoli;Campobasso;1   ;          32.235;12,28;23,97;59,19;19,69;25,76;24,11;31,73;;             196,72;
14070079;Torella del Sannio;Campobasso;1   ;             708;24,75;12,47;8,82;12,47;8,82;10,18;2,46;;              79,98;
14070080;Toro;Campobasso;1   ;           1.250;2,12;1,71;6,85;28,42;21,66;31,37;4,40;;              96,54;
14070081;Trivento;Campobasso;1   ;           4.353;11,65;15,22;43,70;;3,53;3,47;6,24;1,93;              85,73;
14070082;Tufara;Campobasso;1   ;             793;34,87;24,54;9,66;2,02;;35,93;3,70;;             110,71;
14070084;Vinchiaturo;Campobasso;1   ;           3.368;5,14;11,29;55,09;0,27;17,78;1,23;3,54;;              94,34;
15061001;Ailano;Caserta;1   ;           1.198;49,55;16,21;49,55;13,76;12,86;11,09;27,27;;             180,28;
15061002;Alife;Caserta;1   ;           7.376;15,52;36,52;62,08;17,99;12,88;;;;             144,99;
15061003;Alvignano;Caserta;1   ;           4.507;10,23;25,88;61,37;14,12;7,95;13,27;21,19;;             154,01;
15061004;Arienzo;Caserta;1   ;           5.307;18,85;11,38;91,49;32,38;20,13;13,11;14,61;;             201,95;
15061005;Aversa;Caserta;1   ;          49.612;67,86;78,62;40,23;17,03;26,78;11,52;32,81;;             274,87;
15061006;Baia e Latina;Caserta;1   ;           2.006;40,00;31,02;40,30;12,11;17,55;12,52;4,23;;             157,72;
15061007;Bellona;Caserta;1   ;           5.988;54,66;46,29;36,40;26,62;12,39;1,46;18,41;0,84;             197,06;
15061008;Caianello;Caserta;1   ;           1.752;48,06;44,06;28,83;19,21;19,22;9,39;29,30;;             198,07;
15061009;Caiazzo;Caserta;1   ;           5.205;17,47;13,13;48,53;17,78;11,05;11,08;2,15;;             121,20;
15061010;Calvi Risorta;Caserta;1   ;           5.469;23,11;37,53;46,03;46,99;29,34;16,27;1,59;;             200,87;
15061011;Camigliano;Caserta;1   ;           1.993;;33,31;19,14;28,16;19,14;14,42;1,17;;             115,35;
15061013;Capodrise;Caserta;1   ;          10.007;45,08;19,22;27,05;38,66;18,21;10,92;12,15;;             171,30;
15061014;Capriati a Volturno;Caserta;1   ;           1.440;11,10;35,60;9,65;;43,26;16,87;41,63;;             158,12;
15061015;Capua;Caserta;1   ;          17.609;16,88;55,87;84,39;37,29;33,76;17,97;19,82;;             265,99;
15061016;Carinaro;Caserta;1   ;           7.094;10,08;37,87;58,05;29,48;10,87;16,16;8,48;;             170,99;
15061017;Carinola;Caserta;1   ;           7.154;11,06;59,07;66,33;24,68;8,60;18,07;68,05;;             255,84;
15061018;Casagiove;Caserta;1   ;          13.013;27,07;44,86;65,66;31,31;16,94;4,81;30,42;;             221,07;
15061019;Casal di Principe;Caserta;1   ;          21.298;13,06;55,88;69,45;26,74;1,58;1,87;5,43;;             174,01;
15061103;Casapesenna;Caserta;1   ;           6.883;25,07;59,80;36,90;19,76;19,74;15,11;1,65;;             178,01;
15061021;Casapulla;Caserta;1   ;           8.253;16,45;28,31;69,47;40,30;16,93;10,38;45,55;;             227,38;
15061022;Caserta;Caserta;1   ;          72.805;14,85;42,93;75,35;38,83;57,19;27,51;21,88;;             278,54;
15061023;Castel Campagnano;Caserta;1   ;           1.458;20,71;28,68;87,23;24,09;11,50;26,09;10,57;;             208,86;
15061024;Castel di Sasso;Caserta;1   ;           1.051;24,94;23,64;36,68;3,93;5,08;9,07;5,70;;             109,04;
15061026;Castel Morrone;Caserta;1   ;           3.587;42,85;23,33;27,10;29,20;27,44;7,36;1,45;;             158,74;
15061027;Castel Volturno;Caserta;1   ;          28.436;52,63;111,69;84,38;16,53;12,94;26,63;14,92;;             319,72;
15061102;Cellole;Caserta;1   ;           8.133;35,58;58,24;96,88;51,22;24,33;14,56;26,45;;             307,27;
15061029;Cesa;Caserta;1   ;           9.571;89,36;29,23;55,07;27,89;9,44;12,87;4,82;;             228,68;
15061030;Ciorlano;Caserta;1   ;             370;74,09;65,13;20,48;2,37;5,41;8,78;;;             176,25;
15061031;Conca della Campania;Caserta;1   ;           1.154;27,38;12,25;63,88;24,10;;9,33;43,88;;             180,81;
15061032;Curti;Caserta;1   ;           6.694;31,53;44,14;31,53;33,27;9,80;33,80;11,70;;             195,77;
15061033;Dragoni;Caserta;1   ;           1.973;15,56;28,23;58,72;27,19;16,21;16,82;52,76;;             215,50;
15061101;Falciano del Massico;Caserta;1   ;           3.363;132,48;33,99;;32,06;11,88;22,55;18,74;;             251,70;
15061035;Formicola;Caserta;1   ;           1.367;31,83;18,52;39,79;17,42;17,71;21,19;5,99;;             152,45;
15061036;Francolise;Caserta;1   ;           4.640;21,77;33,89;28,22;24,60;26,32;8,06;4,54;;             147,41;
15061038;Gallo Matese;Caserta;1   ;             479;18,83;41,49;5,12;16,73;11,43;44,56;;;             138,15;
15061039;Galluccio;Caserta;1   ;           2.036;15,33;11,50;78,67;32,02;10,37;23,65;28,57;;             200,11;
15061042;Grazzanise;Caserta;1   ;           6.723;33,91;54,55;67,81;27,04;29,30;3,18;0,63;;             216,42;
15061044;Letino;Caserta;1   ;             631;38,29;35,91;21,44;10,72;21,44;5,93;;;             133,75;
15061045;Liberi;Caserta;1   ;           1.083;10,54;30,05;39,84;8,75;8,20;1,93;40,91;;             140,22;
15061046;Lusciano;Caserta;1   ;          16.040;32,19;28,53;50,59;26,84;9,20;8,02;;;             155,37;
15061048;Maddaloni;Caserta;1   ;          36.834;39,59;58,59;57,56;23,21;10,29;15,93;7,72;;             212,88;
15061049;Marcianise;Caserta;1   ;          38.335;8,64;40,14;53,52;38,10;14,31;37,34;13,11;;             205,16;
15061050;Marzano Appio;Caserta;1   ;           1.974;32,93;36,56;66,36;13,21;15,59;10,75;;;             175,40;
15061051;Mignano Monte Lungo;Caserta;1   ;           3.004;12,23;16,36;25,50;23,80;11,21;17,15;12,33;;             118,58;
15061053;Orta di Atella;Caserta;1   ;          27.203;25,35;47,57;42,24;10,20;16,90;8,68;19,35;0,18;             170,47;
15061054;Parete;Caserta;1   ;          12.354;19,92;22,72;55,23;32,55;7,03;5,66;6,96;;             150,07;
15061055;Pastorano;Caserta;1   ;           2.884;47,30;49,12;89,58;44,99;5,99;18,37;59,13;;             314,50;
15061056;Piana di Monte Verna;Caserta;1   ;           2.066;12,44;33,01;62,21;29,60;13,08;14,17;5,66;;             170,16;
15061057;Piedimonte Matese;Caserta;1   ;          10.158;71,00;23,37;42,60;19,88;28,37;4,00;64,33;;             253,55;
15061058;Pietramelara;Caserta;1   ;           4.495;12,22;26,73;;29,43;6,79;17,23;9,91;;             102,30;
15061059;Pietravairano;Caserta;1   ;           2.830;8,57;26,64;11,11;17,98;0,56;6,18;;;              71,03;
15061060;Pignataro Maggiore;Caserta;1   ;           5.733;32,96;33,92;89,31;47,14;12,09;37,81;4,98;;             258,21;
15061062;Portico di Caserta;Caserta;1   ;           7.732;33,51;47,70;14,60;16,32;14,60;10,34;;;             137,07;
15061063;Prata Sannita;Caserta;1   ;           1.362;23,72;18,90;86,38;23,98;2,52;14,87;0,56;;             170,91;
15061064;Pratella;Caserta;1   ;           1.408;22,60;55,79;31,09;9,62;2,85;4,84;0,42;;             127,20;
15061068;Riardo;Caserta;1   ;           2.238;12,37;37,41;61,83;20,58;8,24;14,27;2,64;;             157,34;
15061070;Roccamonfina;Caserta;1   ;           3.174;46,94;21,63;56,93;30,16;15,21;54,23;9,49;;             234,59;
15061071;Roccaromana;Caserta;1   ;             819;63,94;38,58;13,90;0,86;39,69;14,29;55,50;;             226,75;
15061072;Rocchetta e Croce;Caserta;1   ;             447;47,20;13,56;50,71;17,01;8,98;56,95;24,29;;             218,70;
15061074;San Cipriano d'Aversa;Caserta;1   ;          13.136;11,09;23,11;58,56;30,97;7,54;6,71;0,78;;             138,77;
15061075;San Felice a Cancello;Caserta;1   ;          16.842;25,98;23,19;73,02;2,45;6,88;22,00;29,74;;             183,25;
15061077;San Marcellino;Caserta;1   ;          14.717;20,82;43,27;40,44;28,23;7,90;24,01;32,94;;             197,61;
15061104;San Marco Evangelista;Caserta;1   ;           6.419;21,24;32,58;88,89;42,26;13,92;21,45;24,73;;             245,07;
15061081;San Prisco;Caserta;1   ;          12.110;32,49;37,41;32,49;21,46;16,24;8,51;27,87;;             176,47;
15061085;San Tammaro;Caserta;1   ;           5.717;20,92;41,56;50,20;24,65;12,55;11,69;2,55;;             164,12;
15061082;Santa Maria a Vico;Caserta;1   ;          14.277;29,79;7,69;22,68;32,27;30,79;8,79;2,58;;             134,58;
15061083;Santa Maria Capua Vetere;Caserta;1   ;          31.906;0,03;44,32;85,24;26,50;23,91;10,24;11,22;10,79;             212,24;
15061086;Sant'Angelo d'Alife;Caserta;1   ;           2.065;8,73;22,23;43,57;11,27;4,73;38,52;;;             129,04;
15061087;Sant'Arpino;Caserta;1   ;          14.986;20,01;35,56;33,36;25,79;13,34;0,95;4,00;;             133,00;
15061088;Sessa Aurunca;Caserta;1   ;          20.209;54,66;52,39;80,45;28,98;14,31;18,75;110,16;;             359,70;
15061090;Succivo;Caserta;1   ;           8.722;11,32;29,77;48,64;25,35;13,98;11,44;10,87;;             151,37;
15061094;Trentola-Ducenta;Caserta;1   ;          20.331;13,68;22,54;26,15;43,18;5,11;11,99;0,63;2,46;             125,74;
15061095;Vairano Patenora;Caserta;1   ;           6.327;62,22;18,07;;17,04;1,43;11,51;32,21;;             142,49;
15061097;Valle di Maddaloni;Caserta;1   ;           2.638;11,70;36,74;58,93;10,44;;29,31;3,43;;             150,55;
15061098;Villa di Briano;Caserta;1   ;           7.338;13,84;46,31;56,75;35,02;12,94;12,17;7,04;;             184,07;
15061100;Vitulazio;Caserta;1   ;           7.646;18,56;;62,30;;21,49;27,02;;80,86;             210,22;
19087001;Aci Bonaccorsi;Catania;1   ;           3.499;10,38;16,83;89,08;27,18;28,68;68,37;20,86;;             261,39;
19087002;Aci Castello;Catania;1   ;          17.852;8,67;12,24;68,59;17,38;41,75;34,84;42,18;;             225,65;
19087003;Aci Catena;Catania;1   ;          27.790;27,76;18,22;11,55;14,57;15,49;11,78;6,89;27,05;             133,30;
19087005;Aci Sant'Antonio;Catania;1   ;          17.995;9,33;22,66;46,08;18,68;12,88;17,39;0,91;;             127,91;
19087004;Acireale;Catania;1   ;          50.515;66,23;19,78;39,74;17,91;26,49;9,64;69,06;40,19;             289,05;
19087007;Belpasso;Catania;1   ;          27.977;15,45;26,66;47,32;26,40;14,53;9,11;14,87;;             154,35;
19087008;Biancavilla;Catania;1   ;          22.918;6,09;12,80;52,92;18,79;29,74;16,19;6,58;14,54;             157,64;
19087009;Bronte;Catania;1   ;          18.220;17,26;18,21;67,65;14,76;35,68;3,40;12,22;6,79;             175,97;
19087011;Caltagirone;Catania;1   ;          35.765;9,97;20,40;61,73;14,53;22,65;16,57;9,79;6,18;             161,82;
19087012;Camporotondo Etneo;Catania;1   ;           5.214;12,31;14,44;57,86;20,36;8,39;11,61;6,61;;             131,56;
19087013;Castel di Iudica;Catania;1   ;           4.269;13,03;11,53;39,10;7,09;11,44;20,26;1,00;;             103,46;
19087014;Castiglione di Sicilia;Catania;1   ;           2.903;;34,34;;33,55;;210,83;;;             278,72;
19087015;Catania;Catania;1   ;         298.762;22,89;70,65;77,42;3,28;21,84;38,77;21,66;66,94;             323,46;
19087016;Fiumefreddo di Sicilia;Catania;1   ;           9.073;45,33;24,22;35,46;12,67;11,02;12,91;12,23;29,76;             183,59;
19087018;Grammichele;Catania;1   ;          12.407;14,17;13,03;48,56;13,23;14,91;23,92;8,06;;             135,87;
19087019;Gravina di Catania;Catania;1   ;          25.185;7,20;18,80;64,45;16,95;17,36;35,10;4,89;;             164,74;
19087020;Licodia Eubea;Catania;1   ;           2.731;12,23;9,40;57,44;13,44;9,94;14,65;16,52;;             133,62;
19087021;Linguaglossa;Catania;1   ;           5.003;12,62;;65,51;69,34;28,45;16,61;;1,36;             193,89;
19087022;Maletto;Catania;1   ;           3.599;22,39;15,25;45,40;29,21;11,07;7,74;2,03;1,39;             134,49;
19087023;Mascali;Catania;1   ;          14.330;52,05;19,83;31,23;23,49;;;;0,70;             127,29;
19087024;Mascalucia;Catania;1   ;          31.964;15,74;33,17;77,52;8,77;14,82;8,61;5,68;;             164,31;
19087056;Mazzarrone;Catania;1   ;           3.965;10,37;11,59;45,21;11,94;7,93;28,07;13,18;;             128,29;
19087025;Militello in Val di Catania;Catania;1   ;           6.765;10,22;16,24;57,15;11,56;21,28;16,77;9,20;;             142,42;
19087026;Milo;Catania;1   ;           1.039;20,66;29,59;103,28;20,13;46,70;32,08;2,44;;             254,88;
19087027;Mineo;Catania;1   ;           4.486;14,81;14,16;71,78;8,60;27,34;27,95;1,80;;             166,44;
19087028;Mirabella Imbaccari;Catania;1   ;           4.217;14,28;16,51;55,55;13,33;17,64;19,79;18,15;;             155,24;
19087030;Motta Sant'Anastasia;Catania;1   ;          12.081;11,92;31,89;51,11;9,67;7,77;36,02;6,50;;             154,88;
19087031;Nicolosi;Catania;1   ;           7.594;16,97;33,17;82,47;20,55;18,36;9,66;6,46;3,11;             190,76;
19087032;Palagonia;Catania;1   ;          15.784;9,78;14,79;52,73;9,25;15,79;18,65;16,25;0,63;             137,87;
19087033;Paterno;Catania;1   ;          45.162;8,26;22,03;62,13;18,26;10,91;43,29;10,86;;             175,75;
19087034;Pedara;Catania;1   ;          15.058;10,89;33,36;54,46;;24,63;9,58;1,15;;             134,07;
19087035;Piedimonte Etneo;Catania;1   ;           3.898;44,01;36,07;42,10;18,75;50,79;23,78;3,20;2,57;             221,26;
19087036;Raddusa;Catania;1   ;           2.812;27,03;13,52;34,24;9,09;14,94;19,79;1,12;;             119,73;
19087037;Ramacca;Catania;1   ;          10.211;6,56;15,46;35,66;10,44;6,56;7,60;10,12;;              92,40;
19087038;Randazzo;Catania;1   ;          10.186;23,83;19,74;47,66;14,94;11,92;43,61;14,34;;             176,05;
19087040;San Cono;Catania;1   ;           2.416;11,09;10,21;62,94;10,60;22,17;13,76;9,98;;             140,75;
19087041;San Giovanni la Punta;Catania;1   ;          23.725;13,35;35,04;59,89;17,08;19,12;38,21;4,99;50,61;             238,29;
19087042;San Gregorio di Catania;Catania;1   ;          11.485;11,86;22,35;59,28;11,13;26,81;23,27;;;             154,70;
19087043;San Michele di Ganzaria;Catania;1   ;           2.878;11,57;10,00;73,26;17,39;16,39;21,82;10,41;;             160,83;
19087044;San Pietro Clarenza;Catania;1   ;           8.297;13,37;15,56;66,87;19,57;6,55;13,18;3,10;26,57;             164,78;
19087047;Santa Maria di Licodia;Catania;1   ;           7.482;10,13;14,53;50,67;20,19;22,91;15,46;4,61;0,27;             138,77;
19087048;Santa Venerina;Catania;1   ;           8.452;16,72;17,21;74,73;19,18;6,88;18,10;25,28;21,30;             199,38;
19087045;Sant'Agata li Battiati;Catania;1   ;           9.351;16,28;40,35;86,16;38,50;15,53;16,78;;;             213,60;
19087046;Sant'Alfio;Catania;1   ;           1.509;13,27;46,08;66,34;1,45;30,00;17,72;1,56;;             176,42;
19087049;Scordia;Catania;1   ;          16.042;9,07;15,94;51,47;10,65;18,13;10,74;8,16;;             124,17;
19087050;Trecastagni;Catania;1   ;          11.265;12,92;28,62;60,11;15,95;17,19;12,94;17,62;23,52;             188,87;
19087051;Tremestieri Etneo;Catania;1   ;          19.557;12,45;24,10;67,36;25,54;12,84;6,38;;;             148,68;
19087053;Viagrande;Catania;1   ;           8.861;5,61;25,36;46,69;21,58;14,20;42,21;16,88;;             172,54;
19087054;Vizzini;Catania;1   ;           5.702;11,47;18,56;57,36;8,94;20,73;23,24;1,39;;             141,70;
19087055;Zafferana Etnea;Catania;1   ;           9.324;13,75;18,36;50,40;26,14;11,80;23,05;17,93;13,62;             175,03;
18079002;Albi;Catanzaro;1   ;             790;54,53;15,10;94,46;6,59;17,77;12,64;4,64;;             205,74;
18079004;Amato;Catanzaro;1   ;             793;42,02;15,94;9,59;;13,55;41,61;;;             122,71;
18079007;Argusto;Catanzaro;1   ;             444;54,58;47,37;30,29;;10,11;1,13;;;             143,48;
18079008;Badolato;Catanzaro;1   ;           2.843;12,00;39,31;60,01;10,38;6,10;40,66;;;             168,47;
18079009;Belcastro;Catanzaro;1   ;           1.231;32,33;31,63;35,94;10,37;9,94;19,24;2,69;;             142,14;
18079011;Borgia;Catanzaro;1   ;           7.158;16,36;53,18;42,37;3,76;9,37;10,34;1,63;;             137,02;
18079017;Caraffa di Catanzaro;Catanzaro;1   ;           1.743;34,31;41,76;52,98;4,60;8,75;5,36;;;             147,75;
18079020;Carlopoli;Catanzaro;1   ;           1.385;48,05;53,25;13,05;;7,22;25,69;;;             147,26;
18079023;Catanzaro;Catanzaro;1   ;          84.670;25,26;36,50;42,59;4,85;30,52;30,92;3,79;;             174,42;
18079025;Centrache;Catanzaro;1   ;             342;29,73;41,73;25,50;1,08;45,73;12,73;2,48;;             158,97;
18079027;Cerva;Catanzaro;1   ;           1.086;8,09;31,40;17,14;0,83;1,39;11,16;9,68;;              79,69;
18079029;Chiaravalle Centrale;Catanzaro;1   ;           5.098;10,67;13,01;25,88;;19,62;23,64;;;              92,83;
18079030;Cicala;Catanzaro;1   ;             887;52,02;43,04;28,27;10,62;;10,18;8,82;0,61;             153,54;
18079034;Cortale;Catanzaro;1   ;           1.866;34,37;24,54;26,58;;25,02;14,61;;;             125,12;
18079036;Cropani;Catanzaro;1   ;           4.674;14,84;63,74;41,95;17,62;2,08;4,43;1,00;;             145,67;
18079039;Curinga;Catanzaro;1   ;           6.501;16,53;29,45;;50,56;20,17;20,34;1,04;;             138,09;
18079043;Decollatura;Catanzaro;1   ;           2.855;34,33;65,85;;37,68;;9,05;;;             146,90;
18079047;Falerna;Catanzaro;1   ;           3.786;53,27;28,41;30,77;57,00;6,28;21,30;;;             197,03;
18079048;Feroleto Antico;Catanzaro;1   ;           1.955;12,99;29,21;59,18;;2,40;2,96;;;             106,74;
18079052;Fossato Serralta;Catanzaro;Vedi aggregazione: UNIONE DEI COMUNI DELLA PRESILA CATANZARESE;
18079056;Gasperina;Catanzaro;1   ;           1.884;9,62;24,92;70,11;2,66;16,94;3,03;1,57;;             128,86;
18079058;Gimigliano;Catanzaro;1   ;           2.985;39,92;;39,37;;23,46;12,97;;;             115,71;
18079060;Gizzeria;Catanzaro;1   ;           5.065;9,14;61,81;9,14;4,36;26,14;56,93;;;             167,52;
18079061;Guardavalle;Catanzaro;1   ;           4.117;;;64,25;66,00;17,00;;;;             147,25;
18079063;Isca sullo Ionio;Catanzaro;1   ;           1.441;12,83;41,60;62,04;11,46;5,32;36,31;;;             169,55;
18079065;Jacurso;Catanzaro;1   ;             549;6,46;13,85;40,76;;2,48;4,03;0,71;;              68,30;
18079160;Lamezia Terme;Catanzaro;1   ;          67.026;31,29;23,70;76,31;12,85;21,80;6,63;;;             172,57;
18079068;Magisano;Catanzaro;1   ;           1.106;30,54;17,73;51,37;6,24;13,30;14,61;2,64;;             136,44;
18079069;Maida;Catanzaro;1   ;           4.396;6,70;14,36;42,25;6,24;3,49;71,47;0,90;;             145,40;
18079071;Marcedusa;Catanzaro;1   ;             380;24,48;39,59;39,93;;12,92;22,11;;;             139,02;
18079077;Miglierina;Catanzaro;1   ;             722;31,26;19,31;31,70;10,68;10,42;38,64;0,52;1,39;             143,91;
18079080;Montauro;Catanzaro;1   ;           1.773;31,92;67,68;24,18;46,91;22,80;49,34;;;             242,83;
18079081;Montepaone;Catanzaro;1   ;           5.656;17,71;51,27;60,93;5,98;7,24;32,54;;;             175,67;
18079088;Olivadi;Catanzaro;1   ;             488;10,25;60,56;20,49;;;7,17;;;              98,47;
18079089;Palermiti;Catanzaro;1   ;           1.057;68,12;9,46;;;;40,68;;;             118,26;
18079092;Pentone - Dato aggregazione UNIONE DEI COMUNI DELLA PRESILA CATANZARESE;Catanzaro;3   ;           3.199;28,84;22,99;40,48;12,57;4,33;15,57;2,06;;             126,86;
18079094;Petrizzi;Catanzaro;1   ;           1.010;7,20;30,57;52,55;6,03;14,88;22,74;14,66;;             148,63;
18079095;Petrona ;Catanzaro;1   ;           2.365;13,05;34,54;62,60;4,60;4,36;27,23;7,69;;             154,07;
18079096;Pianopoli;Catanzaro;1   ;           2.484;10,18;12,85;39,99;;;5,25;;;              68,27;
18079108;San Floro;Catanzaro;1   ;             670;26,28;21,72;39,57;;;12,12;;;              99,69;
18079114;San Pietro a Maida;Catanzaro;1   ;           3.772;6,49;39,94;40,92;10,09;7,81;18,03;0,71;;             123,99;
18079115;San Pietro Apostolo;Catanzaro;1   ;           1.520;7,48;25,34;21,57;6,73;5,54;29,52;;;              96,17;
18079116;San Sostene;Catanzaro;1   ;           1.401;14,92;44,31;74,59;14,26;5,97;47,54;;;             201,59;
18079122;San Vito sullo Ionio;Catanzaro;1   ;           1.613;26,43;59,69;;;;35,38;;;             121,50;
18079117;Santa Caterina dello Ionio;Catanzaro;1   ;           1.923;13,35;32,97;53,39;;5,30;33,86;;;             138,88;
18079118;Sant'Andrea Apostolo dello Ionio;Catanzaro;1   ;           1.701;17,26;44,22;85,95;14,37;8,70;52,91;;;             223,41;
18079123;Satriano;Catanzaro;1   ;           3.364;24,26;30,32;30,32;;15,16;33,36;0,97;;             134,40;
18079131;Settingiano;Catanzaro;1   ;           3.260;57,81;16,57;19,33;20,00;25,64;23,08;;;             162,42;
18079133;Simeri Crichi;Catanzaro;1   ;           4.722;3,57;23,43;2,28;11,80;6,45;22,37;1,49;;              71,40;
18079134;Sorbo San Basile;Catanzaro;Vedi aggregazione: UNIONE DEI COMUNI DELLA PRESILA CATANZARESE;
18079139;Soveria Simeri;Catanzaro;1   ;           1.439;13,82;22,37;48,45;15,99;7,68;27,73;3,81;;             139,85;
18079142;Squillace;Catanzaro;1   ;           3.511;27,31;51,37;40,97;;22,76;15,56;4,80;;             162,77;
18079146;Taverna;Catanzaro;1   ;           2.522;20,87;48,83;64,57;;17,60;26,59;;;             178,45;
18079147;Tiriolo;Catanzaro;1   ;           3.581;11,64;25,63;40,44;;25,77;30,02;;;             133,50;
18079148;Torre di Ruggiero;Catanzaro;1   ;             951;76,73;35,43;;;62,74;2,10;;64,85;             241,85;
18079151;Vallefiorita;Catanzaro;1   ;           1.503;174,31;36,33;;24,79;;;17,98;;             253,41;
18079157;Zagarise;Catanzaro;1   ;           1.425;40,29;18,46;78,64;;9,94;12,49;;;             159,83;
13069001;Altino;Chieti;1   ;           3.067;4,40;9,81;39,59;24,98;2,22;10,76;8,31;;             100,06;
13069002;Archi;Chieti;1   ;           1.999;8,95;9,39;80,57;19,20;8,91;21,72;6,61;;             155,35;
13069003;Ari;Chieti;1   ;           1.071;9,30;12,01;47,29;7,98;3,15;66,77;15,99;;             162,48;
13069004;Arielli;Chieti;1   ;           1.074;6,49;13,67;58,38;23,74;7,01;8,70;3,83;;             121,81;
13069005;Atessa;Chieti;1   ;          10.338;5,12;14,25;58,89;43,97;11,25;15,86;38,00;38,00;             225,35;
13069006;Bomba;Chieti;1   ;             719;5,18;9,03;59,54;16,37;10,90;52,55;47,57;;             201,12;
13069007;Borrello;Chieti;1   ;             338;7,32;12,58;65,91;21,48;29,94;18,08;11,46;;             166,77;
13069008;Bucchianico;Chieti;1   ;           4.953;6,64;9,68;46,26;14,31;10,93;30,38;28,33;;             146,53;
13069010;Canosa Sannita;Chieti;1   ;           1.268;5,19;9,67;45,26;19,91;14,79;28,13;14,83;2,78;             140,56;
13069013;Casacanditella;Chieti;1   ;           1.169;7,70;10,19;49,09;15,37;6,37;51,61;12,04;;             152,37;
13069014;Casalanguida;Chieti;1   ;             818;21,43;23,61;6,86;;21,75;42,11;12,28;;             128,04;
13069015;Casalbordino;Chieti;1   ;           5.791;13,78;10,84;72,36;39,19;6,69;27,23;43,95;;             214,04;
13069016;Casalincontrada;Chieti;1   ;           3.019;5,86;9,87;41,93;15,61;2,43;23,91;18,54;;             118,15;
13069017;Casoli;Chieti;1   ;           5.154;4,52;12,95;40,65;24,23;7,49;27,34;11,64;;             128,82;
13069018;Castel Frentano;Chieti;1   ;           4.264;9,12;7,06;36,41;14,11;8,05;8,46;14,62;;              97,82;
13069019;Castelguidone;Chieti;1   ;             294;21,86;19,05;71,34;;;26,13;19,68;;             158,06;
13069020;Castiglione Messer Marino;Chieti;1   ;           1.518;7,62;8,68;64,30;18,73;11,83;12,08;6,74;;             129,98;
13069021;Celenza sul Trigno;Chieti;1   ;             781;17,71;8,38;68,95;;28,67;23,45;6,65;2,85;             156,66;
13069022;Chieti;Chieti;1   ;          48.455;7,30;21,58;55,20;23,04;38,88;15,39;22,49;;             183,87;
13069023;Civitaluparella;Chieti;1   ;             281;10,88;7,79;97,93;20,47;;8,76;3,61;;             149,44;
13069024;Civitella Messer Raimondo;Chieti;1   ;             769;8,53;7,02;76,82;14,19;;8,34;7,53;;             122,44;
13069025;Colledimacine;Chieti;1   ;             158;17,15;9,82;154,38;26,97;2,03;10,27;5,21;;             225,84;
13069026;Colledimezzo;Chieti;1   ;             440;7,02;11,19;63,17;16,63;;14,35;9,34;;             121,70;
13069028;Cupello;Chieti;1   ;           4.751;13,11;18,35;66,19;14,92;15,61;10,77;1,88;;             140,83;
13069104;Fallo;Chieti;1   ;             119;12,59;11,36;113,32;16,04;16,98;9,91;24,87;;             205,08;
13069030;Fara Filiorum Petri;Chieti;1   ;           1.942;5,47;13,67;42,59;16,48;4,61;23,58;26,69;;             133,09;
13069031;Fara San Martino;Chieti;1   ;           1.289;2,89;26,28;33,20;54,53;1,60;14,83;20,20;;             153,53;
13069032;Filetto;Chieti;1   ;             854;6,24;4,55;56,15;20,13;15,57;20,33;17,25;;             140,21;
13069033;Fossacesia;Chieti;1   ;           6.280;7,45;12,72;39,12;33,01;6,28;13,80;4,88;;             117,26;
13069035;Francavilla al Mare;Chieti;1   ;          25.622;11,37;19,17;47,60;32,60;21,07;63,90;7,64;;             203,34;
13069036;Fresagrandinaria;Chieti;1   ;             923;5,24;10,87;47,12;12,98;3,42;14,93;32,68;;             127,24;
13069037;Frisa;Chieti;1   ;           1.620;7,96;8,71;69,17;8,71;8,51;17,13;5,19;;             125,39;
13069038;Furci;Chieti;1   ;             806;8,18;28,28;46,36;1,24;16,66;11,53;15,09;;             127,35;
13069039;Gamberale;Chieti;1   ;             277;8,37;7,30;75,34;30,71;2,94;14,66;12,61;;             151,92;
13069040;Gessopalena;Chieti;1   ;           1.208;8,89;8,25;80,06;25,08;7,50;20,80;16,52;;             167,11;
13069041;Gissi;Chieti;1   ;           2.479;10,78;35,27;67,86;0,73;23,89;10,28;8,28;;             157,09;
13069042;Giuliano Teatino;Chieti;1   ;           1.146;7,95;9,35;61,78;6,43;12,81;26,06;8,63;;             133,00;
13069043;Guardiagrele;Chieti;1   ;           8.420;8,04;10,81;42,22;25,21;9,19;7,95;31,66;;             135,08;
13069045;Lama dei Peligni;Chieti;1   ;           1.057;8,20;9,81;73,80;24,77;14,28;17,72;6,39;;             154,97;
13069046;Lanciano;Chieti;1   ;          33.944;9,14;13,83;47,98;29,32;13,99;13,09;29,15;;             156,51;
13069047;Lentella;Chieti;1   ;             649;6,11;12,36;55,04;15,38;8,65;45,37;17,95;;             160,87;
13069048;Lettopalena;Chieti;1   ;             320;7,06;14,02;63,55;11,74;;8,86;9,74;;             114,97;
13069050;Miglianico;Chieti;1   ;           4.633;9,79;11,38;18,19;24,26;29,83;41,23;16,42;;             151,12;
13069009;Montebello sul Sangro;Chieti;1   ;              81;10,69;11,75;96,33;25,56;23,83;40,89;12,12;;             221,17;
13069052;Monteferrante;Chieti;1   ;             106;4,75;9,60;43,68;24,24;14,20;29,76;5,36;;             131,58;
13069053;Montelapiano;Chieti;1   ;              75;6,45;14,21;58,20;25,39;69,68;74,40;6,73;;             255,07;
13069054;Montenerodomo;Chieti;1   ;             600;7,53;5,58;74,94;14,00;5,85;13,62;4,85;;             126,35;
13069055;Monteodorisio;Chieti;1   ;           2.333;4,79;10,75;43,10;12,83;12,19;13,61;25,40;;             122,68;
13069056;Mozzagrogna;Chieti;1   ;           2.392;4,39;8,63;39,53;25,98;1,00;17,37;10,31;;             107,21;
13069057;Orsogna;Chieti;1   ;           3.660;5,31;6,97;47,80;20,26;7,45;18,54;15,63;;             121,96;
13069058;Ortona;Chieti;1   ;          22.209;5,55;13,60;54,86;38,68;14,68;17,15;17,34;;             161,86;
13069059;Paglieta;Chieti;1   ;           4.155;6,02;9,50;54,18;22,22;10,08;13,94;9,35;;             125,29;
13069060;Palena;Chieti;1   ;           1.234;12,35;4,05;61,32;22,03;24,38;15,44;0,72;10,73;             151,03;
13069063;Pennadomo;Chieti;1   ;             211;14,66;9,60;120,94;27,62;19,01;39,71;3,26;;             234,81;
13069064;Pennapiedimonte;Chieti;1   ;             411;8,19;14,77;73,70;12,76;;60,22;7,22;50,18;             227,04;
13069065;Perano;Chieti;1   ;           1.504;8,72;13,34;30,93;16,59;2,44;34,73;34,69;;             141,44;
13069103;Pietraferrazzana;Chieti;1   ;             129;14,80;7,93;63,49;21,09;6,47;32,02;5,81;3,88;             155,49;
13069066;Pizzoferrato;Chieti;1   ;             970;10,69;9,90;90,32;16,95;;25,35;6,49;;             159,72;
13069067;Poggiofiorito;Chieti;1   ;             798;9,79;16,39;88,15;29,00;9,68;13,16;17,57;;             183,75;
13069068;Pollutri;Chieti;1   ;           2.036;7,03;9,70;63,26;22,30;7,74;12,90;27,29;;             150,22;
13069069;Pretoro;Chieti;1   ;             856;11,53;24,71;74,34;11,56;6,47;75,56;29,39;;             233,57;
13069070;Quadri;Chieti;1   ;             699;7,28;10,63;65,51;22,43;4,55;7,48;3,81;;             121,69;
13069071;Rapino;Chieti;1   ;           1.171;6,91;9,49;50,45;14,69;8,01;35,23;15,79;;             140,57;
13069072;Ripa Teatina;Chieti;1   ;           3.923;4,30;8,28;39,27;16,31;0,97;15,55;31,87;;             116,54;
13069074;Rocca San Giovanni;Chieti;1   ;           2.276;12,87;;60,24;1,19;17,05;10,14;4,22;;             105,71;
13069073;Roccamontepiano;Chieti;1   ;           1.560;6,49;9,97;50,85;11,93;0,85;12,02;8,88;;             100,98;
13069075;Roccascalegna;Chieti;1   ;           1.039;7,66;8,90;68,96;16,78;6,74;26,44;18,59;;             154,07;
13069076;Roccaspinalveti;Chieti;1   ;           1.177;4,62;8,52;41,55;10,18;10,23;18,96;18,24;2,08;             114,37;
13069077;Roio del Sangro;Chieti;1   ;             102;11,04;14,61;101,87;38,75;49,60;47,98;32,99;;             296,84;
13069078;Rosello;Chieti;1   ;             163;15,47;17,75;139,24;45,16;18,46;62,06;21,83;;             319,96;
13069079;San Buono;Chieti;1   ;             861;9,74;15,08;53,29;9,68;4,76;10,46;0,77;;             103,79;
13069081;San Giovanni Teatino;Chieti;1   ;          14.331;51,12;29,60;50,32;25,10;27,88;11,45;;14,93;             210,41;
13069082;San Martino sulla Marrucina;Chieti;1   ;             832;6,08;12,19;50,72;13,96;21,49;38,76;19,41;;             162,61;
13069083;San Salvo;Chieti;1   ;          19.688;9,95;34,03;57,65;16,62;13,68;16,45;9,50;;             157,89;
13069086;San Vito Chietino;Chieti;1   ;           5.162;9,46;8,89;49,69;30,79;11,37;21,67;10,93;;             142,80;
13069084;Santa Maria Imbaro;Chieti;1   ;           2.010;6,75;13,12;23,95;26,02;2,88;15,14;6,65;;              94,51;
13069085;Sant'Eusanio del Sangro;Chieti;1   ;           2.265;6,30;8,62;56,67;19,52;11,96;7,85;2,86;;             113,78;
13069088;Schiavi di Abruzzo;Chieti;1   ;             640;67,82;46,65;;6,01;17,48;14,26;90,03;;             242,25;
13069089;Taranta Peligna;Chieti;1   ;             309;14,06;8,86;79,06;22,99;;5,35;4,81;;             135,14;
13069090;Tollo;Chieti;1   ;           3.899;6,98;15,14;36,63;22,40;7,82;16,60;10,84;;             116,41;
13069091;Torino di Sangro;Chieti;1   ;           2.885;6,08;13,71;54,74;33,30;5,73;13,05;7,05;;             133,66;
13069092;Tornareccio;Chieti;1   ;           1.650;4,94;6,13;58,30;16,64;2,02;13,75;10,79;;             112,56;
13069094;Torrevecchia Teatina;Chieti;1   ;           4.212;6,82;11,33;35,36;16,41;2,17;21,33;22,09;;             115,51;
13069095;Torricella Peligna;Chieti;1   ;           1.118;12,68;10,25;114,11;34,64;6,47;38,19;4,07;;             220,41;
13069096;Treglio;Chieti;1   ;           1.737;5,05;12,51;45,46;30,86;3,00;25,52;12,44;;             134,84;
13069098;Vacri;Chieti;1   ;           1.518;8,00;9,65;61,15;12,63;4,35;38,47;10,49;;             144,74;
13069099;Vasto;Chieti;1   ;          40.692;11,10;17,84;61,11;21,88;18,76;18,92;11,07;;             160,68;
13069102;Villa Santa Maria;Chieti;1   ;           1.136;8,81;10,58;79,31;15,54;8,63;8,72;14,10;;             145,68;
13069101;Villamagna;Chieti;1   ;           2.161;7,02;11,45;53,89;16,43;3,39;34,76;28,11;;             155,07;
03013005;Albiolo;Como;1   ;           2.713;7,40;6,86;30,20;20,00;6,99;33,04;3,37;10,63;             118,49;
03013006;Alserio;Como;1   ;           1.371;6,47;11,43;32,92;24,65;7,93;18,08;1,60;;             103,08;
03013253;Alta Valle Intelvi;Como;1   ;           3.098;46,40;29,14;90,02;;13,63;19,57;3,79;;             202,55;
03013007;Alzate Brianza;Como;1   ;           4.822;16,88;38,50;35,90;8,53;0,85;44,01;4,22;;             148,89;
03013010;Appiano Gentile;Como;1   ;           7.686;6,75;22,82;30,44;11,81;8,18;30,61;8,31;0,60;             119,52;
03013011;Argegno;Como;1   ;             691;21,22;12,56;63,58;20,04;31,50;49,34;9,06;;             207,31;
03013013;Asso;Como;1   ;           3.541;11,52;26,32;36,81;12,52;9,03;11,89;;;             108,09;
03013015;Barni;Como;1   ;             576;13,92;24,43;27,84;1,02;25,49;21,04;2,08;;             115,82;
03013250;Bellagio;Como;1   ;           3.566;54,78;71,50;28,38;11,49;37,57;15,37;5,56;;             224,65;
03013021;Bene Lario;Como;1   ;             351;7,79;23,30;11,79;29,92;10,17;27,01;0,17;;             110,17;
03013022;Beregazzo con Figliaro;Como;1   ;           2.808;9,99;12,43;30,11;18,86;2,25;15,77;5,38;;              94,79;
03013023;Binago;Como;1   ;           4.829;13,88;;32,97;15,33;6,62;21,05;10,89;;             100,75;
03013025;Blessagno;Como;1   ;             296;20,10;;75,36;;;24,21;40,71;;             160,38;
03013028;Bregnano;Como;1   ;           6.390;6,10;8,78;30,71;17,55;5,97;12,14;7,31;;              88,56;
03013029;Brenna;Como;1   ;           2.180;53,15;;33,66;2,21;0,18;34,74;30,07;;             154,01;
03013035;Cabiate;Como;1   ;           7.327;5,52;1,27;26,06;30,10;16,23;30,99;13,95;1,31;             125,43;
03013036;Cadorago;Como;1   ;           7.983;4,83;6,56;29,44;17,30;3,83;15,64;3,23;;              80,83;
03013037;Caglio;Como;1   ;             492;21,75;48,44;33,70;9,90;51,00;24,98;;-4,38;             185,39;
03013041;Cantu;Como;1   ;          39.715;7,85;0,03;29,59;30,87;17,36;17,01;5,18;;             107,89;
03013042;Canzo;Como;1   ;           5.062;10,11;27,93;31,75;16,05;11,94;7,47;3,09;;             108,34;
03013044;Carate Urio;Como;1   ;           1.126;12,96;;66,73;4,56;39,43;54,90;18,52;;             197,11;
03013045;Carbonate;Como;1   ;           2.898;10,55;12,63;38,88;16,45;19,28;21,57;3,47;;             122,82;
03013046;Carimate;Como;1   ;           4.363;9,81;11,40;30,08;24,05;6,26;13,57;9,39;1,15;             105,70;
03013052;Caslino d'Erba;Como;1   ;           1.653;11,58;24,29;45,46;13,40;9,41;8,19;;;             112,33;
03013053;Casnate con Bernate;Como;1   ;           5.009;12,91;24,81;33,87;9,75;7,52;18,14;5,41;;             112,41;
03013055;Cassina Rizzardi;Como;1   ;           3.294;7,24;13,40;24,38;19,88;12,28;16,71;50,92;;             144,81;
03013058;Castelmarte;Como;1   ;           1.247;21,26;43,02;23,79;10,11;;24,32;;;             122,49;
03013062;Cavargna;Como;1   ;             182;12,64;33,29;21,93;18,66;46,55;34,54;0,32;;             167,94;
03013254;Centro Valle Intelvi;Como;1   ;           3.658;21,37;;78,66;;8,34;13,06;33,55;;             154,98;
03013063;Cerano d'Intelvi;Como;1   ;             590;20,72;;77,71;;26,43;50,00;1,37;25,42;             201,65;
03013064;Cermenate;Como;1   ;           9.378;6,51;0,30;62,97;36,83;9,19;13,37;8,37;;             137,53;
03013065;Cernobbio;Como;1   ;           6.356;7,92;;39,77;34,62;44,25;25,46;13,15;;             165,17;
03013068;Cirimido;Como;1   ;           2.091;18,97;4,34;27,02;21,13;12,99;9,30;4,22;1,20;              99,17;
03013074;Colonno;Como;1   ;             452;42,80;7,38;44,48;14,97;21,50;65,49;6,92;;             203,54;
03013251;Colverde;Como;1   ;           5.456;10,48;8,94;36,85;18,09;;31,96;1,70;;             108,04;
03013075;Como;Como;1   ;          83.184;13,47;;46,43;29,22;32,37;17,75;25,68;;             164,92;
03013077;Corrido;Como;1   ;             845;9,65;28,79;14,61;13,99;10,10;21,87;2,17;;             101,17;
03013083;Cremia;Como;1   ;             684;8,00;;20,12;10,27;27,77;111,75;0,47;;             178,38;
03013084;Cucciago;Como;1   ;           3.446;10,62;13,43;34,09;32,80;4,49;14,61;22,94;;             132,99;
03013085;Cusino;Como;1   ;             230;8,73;28,25;13,47;12,51;56,29;61,67;0,17;;             181,10;
03013087;Dizzasco;Como;1   ;             635;20,19;;70,65;;25,18;98,45;29,87;;             244,34;
03013089;Domaso;Como;1   ;           1.448;11,55;64,56;30,75;16,38;15,67;51,24;0,59;;             190,74;
03013090;Dongo;Como;1   ;           3.194;5,31;2,33;42,75;7,94;9,99;20,41;13,66;;             102,39;
03013092;Dosso del Liro;Como;1   ;             238;37,00;11,16;5,61;11,26;0,55;15,25;0,08;;              80,91;
03013097;Eupilio;Como;1   ;           2.562;14,39;30,92;46,82;13,34;;2,92;;5,59;             113,99;
03013098;Faggeto Lario;Como;1   ;           1.139;26,28;31,56;25,39;3,12;6,76;11,72;;;             104,83;
03013100;Fenegro;Como;1   ;           3.246;7,08;28,41;3,30;8,14;8,90;26,92;7,54;3,08;              93,38;
03013101;Figino Serenza;Como;1   ;           4.912;13,16;31,54;38,81;14,85;7,23;16,30;8,70;4,07;             134,66;
03013102;Fino Mornasco;Como;1   ;           9.940;5,23;8,26;26,10;18,90;9,99;11,71;5,92;;              86,10;
03013106;Garzeno;Como;1   ;             661;11,71;;27,94;13,83;3,19;41,24;0,52;;              98,43;
03013107;Gera Lario;Como;1   ;           1.061;8,31;45,56;22,48;20,56;2,20;25,56;0,37;;             125,05;
03013110;Grandate;Como;1   ;           2.845;19,65;;28,49;;5,54;33,62;17,56;0,54;             105,40;
03013111;Grandola ed Uniti;Como;1   ;           1.291;11,84;35,09;17,58;14,74;21,59;44,67;10,38;;             155,88;
03013249;Gravedona ed Uniti;Como;1   ;           4.041;8,72;48,51;20,49;10,32;3,58;59,91;0,34;44,53;             196,41;
03013113;Griante;Como;1   ;             583;129,23;88,47;11,16;;61,73;12,70;1,45;;             304,75;
03013114;Guanzate;Como;1   ;           5.732;8,01;10,43;39,33;20,38;13,60;13,77;8,08;;             113,60;
03013118;Inverigo;Como;1   ;           9.218;6,28;11,34;40,42;0,54;7,50;19,83;11,15;;              97,07;
03013119;Laglio;Como;1   ;             886;19,93;;58,04;5,88;36,74;34,20;15,93;;             170,73;
03013120;Laino;Como;1   ;             540;32,53;31,67;37,36;10,49;43,85;84,13;6,16;;             246,20;
03013121;Lambrugo;Como;1   ;           2.506;17,46;12,35;44,78;;4,88;10,26;12,60;;             102,33;
03013123;Lasnigo;Como;1   ;             463;7,49;2,21;14,81;27,11;;5,97;14,40;;              71,98;
03013126;Lezzeno;Como;1   ;           1.923;29,19;41,94;22,74;7,31;9,55;9,74;;;             120,47;
03013128;Limido Comasco;Como;1   ;           3.861;9,47;8,24;37,73;18,51;7,98;20,08;19,27;;             121,29;
03013133;Lomazzo;Como;1   ;           9.903;5,34;7,25;23,80;15,82;17,33;18,01;8,17;;              95,72;
03013134;Longone al Segrino;Como;1   ;           1.942;8,08;20,17;35,44;0,12;13,66;12,74;5,80;;              96,02;
03013135;Luisago;Como;1   ;           2.759;10,01;11,19;34,46;19,24;9,63;15,16;8,24;1,63;             109,56;
03013136;Lurago d'Erba;Como;1   ;           5.421;9,28;28,38;41,74;2,47;4,88;17,09;3,27;;             107,11;
03013137;Lurago Marinone;Como;1   ;           2.576;10,71;14,78;34,53;23,95;6,37;15,10;;;             105,43;
03013139;Magreglio;Como;1   ;             684;55,85;43,94;43,12;9,28;8,26;29,13;;;             189,58;
03013144;Maslianico;Como;1   ;           3.154;5,85;8,28;50,39;11,58;16,41;20,50;8,57;0,14;             121,71;
03013145;Menaggio;Como;1   ;           3.040;22,47;15,36;47,27;26,92;6,59;58,56;17,59;;             194,75;
03013147;Merone;Como;1   ;           4.086;15,47;12,66;41,61;2,24;0,30;31,40;9,65;;             113,32;
03013152;Moltrasio;Como;1   ;           1.509;7,82;10,50;59,87;7,97;28,46;30,93;26,27;;             171,81;
03013153;Monguzzo;Como;1   ;           2.355;13,19;14,27;40,25;16,01;3,42;11,98;1,49;;             100,62;
03013154;Montano Lucino;Como;1   ;           5.387;13,02;;35,50;21,84;15,89;13,67;17,80;1,21;             118,91;
03013155;Montemezzo;Como;1   ;             210;11,63;;27,76;13,76;38,28;92,85;0,47;;             184,75;
03013159;Mozzate;Como;1   ;           8.749;4,62;;25,64;11,42;12,95;14,86;6,48;1,20;              77,16;
03013160;Musso;Como;1   ;             941;9,56;34,29;38,84;11,51;6,76;34,58;0,93;;             136,46;
03013163;Novedrate;Como;1   ;           2.900;16,62;14,71;58,09;20,62;12,70;28,54;7,68;1,71;             160,68;
03013165;Olgiate Comasco;Como;1   ;          11.862;7,59;13,97;34,11;15,78;8,85;27,58;4,54;8,39;             120,80;
03013169;Oltrona di San Mamette;Como;1   ;           2.327;5,19;;49,40;26,13;6,17;18,67;5,60;;             111,16;
03013178;Peglio;Como;1   ;             186;64,18;;15,34;7,72;1,70;77,73;0,38;;             167,05;
03013183;Pianello del Lario;Como;1   ;           1.063;8,48;35,76;17,29;14,93;15,20;36,76;0,73;;             129,14;
03013184;Pigra;Como;1   ;             238;29,72;;104,03;;;60,34;89,42;2,53;             286,03;
03013185;Plesio;Como;1   ;             820;11,07;35,83;15,69;9,31;22,82;50,00;0,21;;             144,94;
03013186;Pognana Lario;Como;1   ;             667;35,96;51,58;41,20;8,10;15,04;8,22;;;             160,11;
03013188;Ponte Lambro;Como;1   ;           4.228;9,34;20,87;32,22;9,66;8,83;7,96;4,96;;              93,85;
03013189;Porlezza;Como;1   ;           4.858;25,05;52,45;21,68;6,88;10,02;24,29;4,76;;             145,12;
03013192;Proserpio;Como;1   ;             948;27,52;31,81;29,82;10,54;6,67;15,01;;;             121,37;
03013195;Rezzago;Como;1   ;             303;21,58;34,17;28,65;5,97;29,79;27,14;;;             147,30;
03013197;Rodero;Como;1   ;           1.266;8,08;7,52;33,15;25,69;5,86;51,01;15,16;;             146,47;
03013201;Rovellasca;Como;1   ;           7.959;2,60;3,32;28,42;26,35;13,10;14,71;11,23;;              99,74;
03013202;Rovello Porro;Como;1   ;           6.264;5,56;0,70;27,08;36,06;6,43;17,37;4,94;1,17;              99,31;
03013203;Sala Comacina;Como;1   ;             482;78,07;16,97;68,99;21,71;24,90;25,34;2,63;;             238,60;
03013204;San Bartolomeo Val Cavargna;Como;1   ;             963;7,36;28,23;10,90;5,69;13,45;17,50;0,12;;              83,25;
03013206;San Fermo della Battaglia;Como;1   ;           7.790;16,60;18,17;39,78;12,58;4,47;7,39;5,67;;             104,67;
03013207;San Nazzaro Val Cavargna;Como;1   ;             276;44,13;31,57;16,33;11,80;8,53;47,67;0,22;;             160,26;
03013248;San Siro;Como;1   ;           1.672;25,37;18,00;16,88;8,06;9,43;35,55;0,36;;             113,64;
03013211;Schignano;Como;1   ;             870;21,60;;89,20;;;24,07;4,28;;             139,16;
03013255;Solbiate con Cagno;Como;1   ;           4.631;11,71;;30,01;15,10;9,48;24,57;4,14;;              95,01;
03013216;Sorico;Como;1   ;           1.240;8,47;58,68;24,06;9,89;6,45;33,85;0,92;;             142,32;
03013217;Sormano;Como;1   ;             648;16,85;34,67;36,06;8,00;26,66;53,37;;;             175,61;
03013218;Stazzona;Como;1   ;             599;25,44;15,93;26,53;13,15;17,30;37,94;0,49;;             136,78;
03013252;Tremezzina;Como;1   ;           4.993;18,38;10,58;70,84;18,41;11,71;47,27;28,13;;             205,33;
03013226;Trezzone;Como;1   ;             236;26,98;;12,50;43,04;1,48;49,23;0,22;;             133,45;
03013227;Turate;Como;1   ;           9.693;7,56;14,59;33,79;13,55;13,00;11,66;7,93;;             102,07;
03013233;Val Rezzo;Como;1   ;             169;52,61;29,64;5,78;7,86;32,90;47,02;;;             175,80;
03013232;Valmorea;Como;1   ;           2.579;7,68;7,60;28,50;21,17;17,38;21,91;15,13;;             119,38;
03013234;Valsolda;Como;1   ;           1.394;9,93;42,06;9,93;14,91;;7,69;0,88;;              85,40;
03013238;Veniano;Como;1   ;           3.071;10,46;16,21;34,36;23,98;4,57;9,20;1,58;;             100,36;
03013239;Vercana;Como;1   ;             744;8,96;;21,11;59,27;9,47;41,91;1,99;;             142,72;
03013242;Vertemate con Minoprio;Como;1   ;           4.121;8,07;8,62;28,22;25,82;7,78;12,65;12,55;;             103,72;
03013245;Villa Guardia;Como;1   ;           7.847;14,40;;31,68;28,90;10,34;18,14;19,27;0,93;             123,66;
18078003;Acri;Cosenza;1   ;          18.836;26,79;0,59;53,26;53,04;;9,18;45,33;;             188,19;
18078004;Aiello Calabro;Cosenza;1   ;           1.406;41,36;22,90;44,82;;;14,58;9,41;;             133,07;
18078009;Altomonte;Cosenza;1   ;           4.019;13,32;23,46;29,30;;;37,90;1,02;14,70;             119,69;
18078013;Belmonte Calabro;Cosenza;1   ;           1.749;138,21;;;8,03;2,86;9,46;10,61;;             169,16;
18078016;Bianchi;Cosenza;1   ;           1.183;27,09;23,85;36,71;;;28,19;;;             115,84;
18078017;Bisignano;Cosenza;1   ;           9.501;30,70;25,87;45,09;13,56;1,59;5,76;10,84;;             133,42;
18078018;Bocchigliero;Cosenza;1   ;           1.047;23,45;26,51;77,09;18,42;;7,66;34,14;;             187,27;
18078020;Buonvicino;Cosenza;1   ;           1.999;34,17;19,00;22,68;13,70;12,79;4,43;3,26;;             110,03;
18078021;Calopezzati;Cosenza;1   ;           1.272;152,92;46,20;;;0,67;9,94;13,62;18,87;             242,22;
18078022;Caloveto;Cosenza;1   ;           1.107;22,83;49,44;36,33;;1,81;6,71;0,28;;             117,41;
18078023;Campana;Cosenza;1   ;           1.462;67,42;36,97;9,31;;51,26;5,88;1,54;;             172,38;
18078025;Cariati;Cosenza;1   ;           7.478;198,39;;98,32;;0,13;;;;             296,84;
18078156;Casali del Manco;Cosenza;1   ;           9.517;13,36;8,38;62,57;17,28;7,30;1,18;;;             110,07;
18078029;Cassano all'Ionio;Cosenza;1   ;          16.507;17,18;35,46;85,45;;15,78;8,41;8,39;;             170,67;
18078030;Castiglione Cosentino;Cosenza;1   ;           2.674;15,00;40,79;30,49;5,11;6,04;17,21;;26,43;             141,08;
18078031;Castrolibero;Cosenza;1   ;           9.212;18,13;57,13;25,16;16,34;11,13;11,21;47,38;11,41;             197,88;
18078032;Castroregio;Cosenza;1   ;             234;9,85;81,34;;;12,90;27,20;;;             131,29;
18078033;Castrovillari;Cosenza;1   ;          20.821;12,11;30,67;49,52;16,89;15,00;49,00;2,67;;             175,86;
18078034;Celico;Cosenza;1   ;           2.512;;59,28;28,50;;4,23;49,30;0,40;;             141,71;
18078035;Cellara;Cosenza;1   ;             485;7,28;19,03;36,41;6,19;15,60;23,89;0,15;;             108,54;
18078037;Cerisano;Cosenza;1   ;           2.911;48,53;24,50;12,52;25,03;8,34;41,66;;;             160,58;
18078038;Cervicati;Cosenza;1   ;             783;36,97;20,45;36,97;11,07;;15,39;;;             120,86;
18078039;Cerzeto;Cosenza;1   ;           1.199;13,38;30,36;3,81;10,68;4,20;25,84;8,97;;              97,25;
18078040;Cetraro;Cosenza;1   ;           9.391;16,51;29,13;79,68;14,21;8,99;13,58;43,34;;             205,43;
18078042;Cleto;Cosenza;1   ;           1.181;21,03;28,28;47,57;3,11;;40,82;13,70;;             154,51;
18078043;Colosimi;Cosenza;1   ;           1.122;32,85;20,64;64,59;;;32,63;;;             150,71;
18078157;Corigliano-Rossano;Cosenza;1   ;          74.066;47,00;64,84;30,68;8,31;34,31;6,31;6,27;3,63;             201,35;
18078045;Cosenza;Cosenza;1   ;          63.760;11,15;47,56;78,00;3,79;52,01;30,90;10,03;22,96;             256,39;
18078046;Cropalati;Cosenza;1   ;           1.005;15,78;12,96;12,87;3,99;4,72;92,65;;;             142,97;
18078047;Crosia;Cosenza;1   ;           9.675;31,83;41,98;47,09;;22,47;6,74;27,80;29,92;             207,83;
18078048;Diamante;Cosenza;1   ;           5.040;85,59;39,80;38,45;9,95;13,78;7,16;133,11;;             327,84;
18078050;Domanico;Cosenza;1   ;             922;15,63;39,95;27,34;2,19;;40,18;2,62;;             127,92;
18078051;Fagnano Castello;Cosenza;1   ;           3.393;55,48;36,21;5,55;2,08;9,24;32,34;3,02;;             143,91;
18078053;Figline Vegliaturo;Cosenza;1   ;           1.124;53,75;28,39;45,96;16,22;;19,50;2,07;;             165,90;
18078055;Fiumefreddo Bruzio;Cosenza;1   ;           2.839;23,05;44,08;41,49;;33,55;58,01;3,53;;             203,72;
18078056;Francavilla Marittima;Cosenza;1   ;           2.773;7,22;32,60;25,31;8,80;3,87;32,03;54,09;;             163,92;
18078057;Frascineto;Cosenza;1   ;           1.882;26,34;10,03;17,25;1,75;;22,02;3,60;;              80,98;
18078058;Fuscaldo;Cosenza;1   ;           7.788;7,77;17,79;35,95;19,27;11,04;10,35;18,54;14,00;             134,72;
18078062;Lago;Cosenza;1   ;           2.262;32,19;42,99;27,92;;6,35;12,21;47,47;;             169,12;
18078063;Laino Borgo;Cosenza;1   ;           1.705;9,04;33,61;47,69;;9,04;29,51;3,01;;             131,91;
18078065;Lappano;Cosenza;1   ;             860;21,48;51,41;16,44;6,30;10,99;36,36;;14,40;             157,37;
18078066;Lattarico;Cosenza;1   ;           3.728;12,78;13,21;63,59;13,21;;11,32;0,76;;             114,88;
18078067;Longobardi;Cosenza;1   ;           2.512;54,12;82,03;5,08;13,39;16,84;15,76;0,14;;             187,36;
18078068;Longobucco;Cosenza;1   ;           2.614;5,01;23,48;25,05;11,77;22,89;83,94;5,13;;             177,28;
18078072;Malito;Cosenza;1   ;             729;26,23;28,31;33,72;;;29,43;8,26;;             125,95;
18078074;Mandatoriccio;Cosenza;1   ;           2.453;58,25;64,16;40,74;28,83;24,75;43,49;75,97;3,04;             339,22;
18078076;Marano Marchesato;Cosenza;1   ;           3.330;5,61;39,35;29,51;8,69;;8,12;0,95;;              92,24;
18078077;Marano Principato;Cosenza;1   ;           3.042;71,14;21,02;4,95;14,02;;17,63;1,41;23,72;             153,88;
18078078;Marzi;Cosenza;1   ;             954;15,72;56,41;33,23;19,76;6,94;47,13;;;             179,19;
18078081;Montalto Uffugo;Cosenza;1   ;          20.095;13,43;38,88;43,02;17,74;12,93;9,36;7,84;20,21;             163,42;
18078083;Morano Calabro;Cosenza;1   ;           3.882;19,36;20,50;;;7,05;51,18;5,90;6,37;             110,35;
18078085;Mottafollone;Cosenza;1   ;           1.069;41,89;32,54;;14,78;28,97;1,18;9,18;;             128,53;
18078090;Panettieri;Cosenza;1   ;             311;11,73;38,51;9,00;;2,93;47,67;;;             109,84;
18078091;Paola;Cosenza;1   ;          14.709;13,12;30,06;52,54;50,71;48,97;7,41;3,30;22,87;             228,98;
18078092;Papasidero;Cosenza;1   ;             630;16,54;16,06;;;0,32;66,66;;;              99,59;
18078093;Parenti;Cosenza;1   ;           2.013;12,14;42,72;6,95;;4,97;17,38;;;              84,17;
18078094;Paterno Calabro;Cosenza;1   ;           1.351;36,39;30,75;3,69;3,69;1,51;60,45;0,72;;             137,22;
18078096;Pedivigliano;Cosenza;1   ;             737;11,94;67,84;4,07;;2,71;49,81;6,11;;             142,48;
18078097;Piane Crati;Cosenza;1   ;           1.367;12,24;21,71;48,96;17,56;12,77;4,01;0,92;2,93;             121,09;
18078099;Pietrapaola;Cosenza;1   ;           1.002;24,55;42,97;124,16;;28,76;32,87;53,25;;             306,56;
18078101;Praia a Mare;Cosenza;1   ;           6.364;53,37;45,68;61,55;;17,47;50,73;64,01;;             292,82;
18078102;Rende;Cosenza;1   ;          36.434;11,99;39,98;58,63;39,35;41,12;19,68;19,13;;             229,88;
18078103;Rocca Imperiale;Cosenza;1   ;           3.204;9,00;56,15;44,99;;38,08;3,17;;;             151,38;
18078104;Roggiano Gravina;Cosenza;1   ;           6.745;25,92;35,54;3,23;2,02;;4,46;15,08;0,71;              86,95;
18078105;Rogliano;Cosenza;1   ;           5.195;78,42;34,77;;;12,16;9,76;1,29;12,78;             149,19;
18078106;Rose;Cosenza;1   ;           4.133;25,65;48,20;33,89;2,84;2,85;8,76;0,58;;             122,77;
18078107;Roseto Capo Spulico;Cosenza;1   ;           1.887;9,65;31,51;43,71;16,79;60,28;79,80;;;             241,75;
18078110;Rovito;Cosenza;1   ;           2.987;14,79;20,15;11,56;31,71;18,09;24,98;4,25;;             125,52;
18078112;San Benedetto Ullano;Cosenza;1   ;           1.370;11,65;24,10;15,18;8,88;6,32;25,12;9,75;11,95;             112,95;
18078114;San Demetrio Corone;Cosenza;1   ;           3.059;18,83;23,08;37,40;9,27;14,07;3,10;8,62;;             114,38;
18078115;San Donato di Ninea;Cosenza;1   ;           1.101;13,76;35,64;69,71;;19,14;18,68;27,23;9,08;             193,24;
18078116;San Fili;Cosenza;1   ;           2.488;6,97;46,93;34,04;9,30;;34,55;1,07;;             132,85;
18078118;San Giorgio Albanese;Cosenza;1   ;           1.311;8,41;8,40;50,45;10,24;10,39;20,58;;;             108,47;
18078119;San Giovanni in Fiore;Cosenza;1   ;          15.906;0,67;38,66;63,80;;;5,24;0,66;5,51;             114,53;
18078120;San Lorenzo Bellizzi;Cosenza;1   ;             538;10,22;7,43;12,08;;;27,88;;;              57,62;
18078121;San Lorenzo del Vallo;Cosenza;1   ;           3.100;8,06;;57,17;32,26;8,06;12,90;;;             118,46;
18078123;San Marco Argentano;Cosenza;1   ;           6.923;29,46;28,00;21,72;;12,03;18,24;15,62;;             125,07;
18078126;San Pietro in Amantea;Cosenza;1   ;             485;54,96;23,15;6,43;;6,19;23,71;;66,59;             181,03;
18078127;San Pietro in Guarano;Cosenza;1   ;           3.372;13,03;17,85;34,04;17,72;31,91;12,93;8,79;;             136,27;
18078135;San Vincenzo La Costa;Cosenza;1   ;           1.984;12,15;30,15;36,77;;12,15;21,14;18,31;;             130,67;
18078132;Santa Maria del Cedro;Cosenza;1   ;           5.002;94,87;131,01;30,10;17,04;43,82;22,59;;;             339,43;
18078134;Santo Stefano di Rogliano;Cosenza;1   ;           1.723;10,08;31,24;23,52;;9,53;60,33;18,21;;             152,92;
18078136;Saracena;Cosenza;1   ;           3.387;14,39;33,56;29,11;21,46;9,26;13,28;10,36;;             131,43;
18078139;Scigliano;Cosenza;1   ;           1.097;30,42;26,70;41,48;;;32,25;5,94;;             136,80;
18078140;Serra d'Aiello;Cosenza;1   ;             528;13,22;;36,35;12,89;30,50;103,78;;;             196,74;
18078142;Spezzano Albanese;Cosenza;1   ;           6.581;9,23;23,20;18,88;35,17;13,16;5,95;3,97;;             109,57;
18078143;Spezzano della Sila;Cosenza;1   ;           4.218;18,76;;66,76;46,34;46,32;9,31;10,36;81,72;             279,57;
18078146;Terranova da Sibari;Cosenza;1   ;           4.564;22,24;12,27;;19,18;8,79;19,69;;;              82,18;
18078147;Terravecchia;Cosenza;1   ;             580;6,90;;;;;131,51;;;             138,41;
18078148;Torano Castello;Cosenza;1   ;           4.342;7,13;31,45;29,93;8,82;4,62;34,21;7,25;30,04;             153,45;
18078149;Tortora;Cosenza;1   ;           6.009;19,61;28,33;54,93;34,43;32,01;14,14;67,35;;             250,80;
18078150;Trebisacce;Cosenza;1   ;           8.577;10,87;34,55;49,74;;19,03;27,26;1,67;;             143,12;
18078152;Vaccarizzo Albanese;Cosenza;1   ;             992;6,79;19,94;27,51;27,87;8,66;49,11;;;             139,89;
18078154;Villapiana;Cosenza;1   ;           5.457;64,41;59,62;95,34;17,53;11,92;72,82;2,69;;             324,34;
18078155;Zumpano;Cosenza;1   ;           2.634;45,20;27,29;;45,20;3,81;33,94;;21,76;             177,19;
03019001;Acquanegra Cremonese;Cremona;1   ;           1.120;8,16;;28,89;32,31;10,09;43,66;5,04;1,15;             129,31;
03019002;Agnadello;Cremona;1   ;           3.857;6,28;30,90;23,47;0,31;8,58;31,63;19,05;0,29;             120,52;
03019003;Annicco;Cremona;1   ;           1.974;2,95;6,77;27,41;36,59;7,15;17,16;16,85;0,30;             115,18;
03019004;Azzanello;Cremona;1   ;             616;11,09;0,43;53,40;31,54;10,08;28,99;29,23;0,64;             165,40;
03019005;Bagnolo Cremasco;Cremona;1   ;           4.942;2,74;34,43;18,01;;9,57;23,85;16,34;0,30;             105,24;
03019006;Bonemerse;Cremona;1   ;           1.454;9,37;8,20;31,99;10,49;7,32;31,38;17,67;0,52;             116,94;
03019007;Bordolano;Cremona;1   ;             551;12,48;0,67;46,34;25,93;37,08;19,87;3,64;0,63;             146,63;
03019009;Calvatone;Cremona;1   ;           1.159;18,68;0,42;42,78;25,64;7,78;22,21;11,50;0,71;             129,72;
03019010;Camisano;Cremona;1   ;           1.239;5,57;6,40;26,71;22,56;4,71;35,62;18,72;0,29;             120,59;
03019011;Campagnola Cremasca;Cremona;1   ;             657;3,40;29,80;30,41;;6,83;68,92;11,21;0,29;             150,86;
03019012;Capergnanica;Cremona;1   ;           2.146;3,51;6,94;21,54;28,71;1,88;19,04;13,60;0,18;              95,41;
03019013;Cappella Cantone;Cremona;1   ;             555;9,00;;27,92;34,45;14,28;72,63;14,18;1,27;             173,74;
03019014;Cappella de' Picenardi;Cremona;1   ;             422;13,78;12,06;32,85;15,43;3,26;47,89;6,76;0,28;             132,33;
03019015;Capralba;Cremona;1   ;           2.296;4,53;9,01;21,42;19,83;15,71;33,55;22,65;0,31;             127,01;
03019016;Casalbuttano ed Uniti;Cremona;1   ;           3.606;12,73;0,90;50,72;29,90;20,10;21,55;3,76;0,67;             140,34;
03019017;Casale Cremasco-Vidolasco;Cremona;1   ;           1.809;2,65;27,90;22,31;0,21;13,62;28,21;21,15;0,32;             116,36;
03019018;Casaletto Ceredano;Cremona;1   ;           1.154;4,75;8,35;25,45;26,56;3,81;43,26;17,22;0,32;             129,73;
03019019;Casaletto di Sopra;Cremona;1   ;             507;6,73;9,05;22,93;29,93;7,12;9,22;15,00;0,28;             100,25;
03019020;Casaletto Vaprio;Cremona;1   ;           1.768;3,25;6,23;19,92;32,86;8,41;41,35;22,59;0,31;             134,92;
03019021;Casalmaggiore;Cremona;1   ;          14.974;11,79;0,82;66,44;31,76;15,00;38,17;13,60;0,65;             178,22;
03019022;Casalmorano;Cremona;1   ;           1.645;4,71;8,70;19,84;24,30;9,40;32,44;19,34;0,27;             119,00;
03019024;Castel Gabbiano;Cremona;1   ;             476;3,67;6,29;28,35;29,90;6,83;28,76;29,38;0,30;             133,49;
03019023;Casteldidone;Cremona;1   ;             559;17,58;0,47;45,08;21,31;6,09;21,64;9,86;0,64;             122,68;
03019025;Castelleone;Cremona;1   ;           9.228;4,74;11,04;20,98;21,89;7,74;26,31;15,66;0,38;             108,74;
03019026;Castelverde;Cremona;1   ;           5.560;20,38;0,94;51,18;29,58;2,15;27,25;17,32;0,63;             149,43;
03019027;Castelvisconti;Cremona;1   ;             295;7,83;;24,30;56,25;13,73;18,56;5,14;;             125,81;
03019028;Cella Dati;Cremona;1   ;             494;7,88;6,90;32,57;8,82;9,20;29,85;5,39;26,85;             127,46;
03019029;Chieve;Cremona;1   ;           2.278;4,24;23,18;26,58;;10,40;40,37;22,88;0,32;             127,96;
03019030;Cicognolo;Cremona;1   ;             920;16,23;0,60;45,49;30,28;7,37;27,27;32,15;0,66;             160,04;
03019031;Cingia de' Botti;Cremona;1   ;           1.113;12,18;1,34;56,61;35,95;10,60;24,87;30,96;0,61;             173,11;
03019032;Corte de' Cortesi con Cignone;Cremona;1   ;           1.055;7,01;;21,75;34,22;2,23;20,37;4,36;0,99;              90,91;
03019033;Corte de' Frati;Cremona;1   ;           1.306;16,24;0,78;47,48;26,24;5,09;28,83;3,40;0,65;             128,71;
03019034;Credera Rubbiano;Cremona;1   ;           1.532;1,75;4,83;24,41;26,72;11,70;47,01;18,15;0,35;             134,92;
03019035;Crema;Cremona;1   ;          33.786;4,18;11,42;23,91;19,28;13,55;27,51;20,93;0,48;             121,26;
03019036;Cremona;Cremona;1   ;          70.637;11,94;12,40;41,75;16,08;21,38;32,03;16,34;0,52;             152,44;
03019037;Cremosano;Cremona;1   ;           1.709;3,14;7,28;20,27;23,18;13,99;43,04;15,92;0,32;             127,14;
03019038;Crotta d'Adda;Cremona;1   ;             610;5,71;;17,72;35,60;7,53;32,13;3,60;0,80;             103,09;
03019039;Cumignano sul Naviglio;Cremona;1   ;             406;4,90;37,61;36,67;0,40;15,01;25,19;15,26;0,36;             135,40;
03019040;Derovere;Cremona;1   ;             285;12,21;0,80;55,11;18,77;8,92;28,13;30,61;1,46;             156,01;
03019043;Fiesco;Cremona;1   ;           1.217;3,60;6,32;23,00;15,97;4,95;60,63;26,47;0,62;             141,57;
03019044;Formigara;Cremona;1   ;             997;2,81;37,04;26,51;0,60;10,33;30,84;12,94;0,27;             121,34;
03019045;Gabbioneta-Binanuova;Cremona;1   ;             842;11,50;10,06;39,26;12,87;5,09;58,23;24,28;6,60;             167,90;
03019046;Gadesco-Pieve Delmona;Cremona;1   ;           1.891;15,02;0,99;54,96;30,01;1,67;24,73;17,22;6,49;             151,09;
03019047;Genivolta;Cremona;1   ;           1.112;5,17;6,92;27,54;31,76;10,97;30,09;18,12;0,31;             130,87;
03019048;Gerre de' Caprioli;Cremona;1   ;           1.310;11,75;0,79;60,29;25,23;4,19;25,86;7,66;0,63;             136,40;
03019049;Gombito;Cremona;1   ;             625;4,36;6,28;27,81;20,47;3,29;34,09;20,53;0,32;             117,15;
03019050;Grontardo;Cremona;1   ;           1.484;15,70;0,64;44,20;22,90;2,20;26,99;2,91;0,57;             116,10;
03019051;Grumello Cremonese ed Uniti;Cremona;1   ;           1.674;7,56;;23,46;32,68;8,39;32,52;4,72;1,06;             110,39;
03019052;Gussola;Cremona;1   ;           2.624;17,04;0,51;57,04;25,16;4,00;29,85;3,04;5,76;             142,40;
03019053;Isola Dovarese;Cremona;1   ;           1.065;39,06;0,73;51,28;29,49;;26,05;7,23;0,81;             154,63;
03019054;Izano;Cremona;1   ;           1.940;2,73;6,40;15,40;30,10;16,57;51,17;17,81;0,29;             140,48;
03019055;Madignano;Cremona;1   ;           2.762;2,26;6,05;23,43;26,90;14,16;41,79;25,87;0,36;             140,82;
03019056;Malagnino;Cremona;1   ;           1.740;11,37;0,66;58,47;25,45;4,48;21,83;23,42;0,62;             146,30;
03019057;Martignana di Po;Cremona;1   ;           1.976;13,55;0,32;59,90;22,40;;23,64;4,22;0,55;             124,59;
03019058;Monte Cremasco;Cremona;1   ;           2.235;3,10;41,97;17,26;;11,34;43,31;19,67;0,31;             136,96;
03019059;Montodine;Cremona;1   ;           2.449;2,24;6,45;18,70;16,57;8,26;38,78;23,04;0,28;             114,34;
03019061;Motta Baluffi;Cremona;1   ;             786;13,21;0,66;56,26;26,97;8,45;29,04;18,72;0,56;             153,87;
03019062;Offanengo;Cremona;1   ;           5.954;2,68;8,38;14,65;23,60;6,97;38,78;16,71;1,13;             112,90;
03019063;Olmeneta;Cremona;1   ;             909;17,59;0,61;47,96;24,00;2,34;28,79;3,35;0,68;             125,32;
03019064;Ostiano;Cremona;1   ;           2.710;12,14;0,73;43,63;33,18;13,81;31,02;11,10;0,70;             146,31;
03019065;Paderno Ponchielli;Cremona;1   ;           1.312;19,71;0,65;43,67;24,09;1,99;17,47;12,81;0,60;             120,98;
03019066;Palazzo Pignano;Cremona;1   ;           3.789;8,82;6,36;21,67;29,93;3,31;21,69;16,87;0,28;             108,91;
03019067;Pandino;Cremona;1   ;           8.856;3,85;11,15;18,55;19,60;11,74;45,49;18,93;0,43;             129,72;
03019068;Persico Dosimo;Cremona;1   ;           3.256;13,06;0,70;53,51;25,88;4,20;19,72;18,55;0,62;             136,23;
03019069;Pescarolo ed Uniti;Cremona;1   ;           1.516;10,36;9,28;37,09;11,34;11,13;37,19;11,15;0,60;             128,14;
03019070;Pessina Cremonese;Cremona;1   ;             564;31,99;0,83;51,70;33,20;4,78;28,13;4,19;0,76;             155,59;
03019116;Piadena Drizzona;Cremona;1   ;           3.979;16,40;0,79;68,57;27,08;16,23;37,10;11,56;2,00;             179,72;
03019072;Pianengo;Cremona;1   ;           2.533;3,02;6,41;19,66;20,22;9,43;39,28;27,97;0,28;             126,27;
03019073;Pieranica;Cremona;1   ;           1.101;2,61;5,27;25,08;22,70;4,83;35,90;19,85;;             116,25;
03019074;Pieve d'Olmi;Cremona;1   ;           1.236;33,67;0,76;46,55;21,81;3,25;19,44;22,22;0,58;             148,28;
03019075;Pieve San Giacomo;Cremona;1   ;           1.592;17,77;0,65;37,79;24,35;13,56;18,13;16,38;0,60;             129,24;
03019076;Pizzighettone;Cremona;1   ;           6.259;5,59;27,05;19,73;1,21;10,37;25,67;22,15;0,21;             111,98;
03019077;Pozzaglio ed Uniti;Cremona;1   ;           1.428;11,48;0,79;41,13;39,46;14,51;21,38;17,19;0,58;             146,51;
03019078;Quintano;Cremona;1   ;             907;3,23;7,32;27,12;24,04;8,45;42,29;14,21;0,32;             126,96;
03019079;Ricengo;Cremona;1   ;           1.730;3,32;7,98;18,81;19,03;3,01;31,51;14,79;0,29;              98,75;
03019080;Ripalta Arpina;Cremona;1   ;           1.026;2,69;31,33;24,87;0,89;4,16;34,09;14,17;0,28;             112,50;
03019081;Ripalta Cremasca;Cremona;1   ;           3.433;2,13;4,70;16,49;24,14;3,29;14,86;14,15;0,28;              80,04;
03019082;Ripalta Guerina;Cremona;1   ;             551;4,28;5,91;28,03;35,48;0,99;51,09;12,95;0,28;             139,01;
03019083;Rivarolo del Re ed Uniti;Cremona;1   ;           1.816;17,70;0,43;48,53;32,99;6,38;24,27;27,71;0,62;             158,63;
03019084;Rivolta d'Adda;Cremona;1   ;           8.199;5,75;;24,30;19,73;20,57;6,34;9,54;6,13;              92,36;
03019085;Robecco d'Oglio;Cremona;1   ;           2.239;9,43;;24,58;39,26;10,77;34,56;5,91;1,11;             125,61;
03019086;Romanengo;Cremona;1   ;           3.218;3,48;6,25;20,71;22,68;4,49;23,13;14,50;0,30;              95,53;
03019087;Salvirola;Cremona;1   ;           1.150;3,66;37,61;21,22;;1,25;61,67;15,90;0,30;             141,62;
03019088;San Bassano;Cremona;1   ;           2.094;7,70;;17,96;44,96;2,49;37,09;10,58;0,81;             121,61;
03019089;San Daniele Po;Cremona;1   ;           1.253;13,09;11,46;44,69;14,65;12,50;35,79;8,11;0,36;             140,64;
03019090;San Giovanni in Croce;Cremona;1   ;           1.900;11,70;1,62;66,37;42,86;0,75;25,70;5,21;0,62;             154,82;
03019091;San Martino del Lago;Cremona;1   ;             387;12,00;0,46;61,76;27,35;;15,75;3,63;0,71;             121,67;
03019092;Scandolara Ravara;Cremona;1   ;           1.306;13,31;1,18;54,79;23,42;7,06;23,25;13,45;0,64;             137,09;
03019093;Scandolara Ripa d'Oglio;Cremona;1   ;             514;12,62;0,58;50,24;24,61;1,23;37,59;3,12;0,69;             130,67;
03019094;Sergnano;Cremona;1   ;           3.526;2,20;21,78;17,64;0,11;10,57;30,44;17,07;0,29;             100,10;
03019095;Sesto ed Uniti;Cremona;1   ;           3.232;6,72;;21,12;42,04;10,70;30,57;8,40;1,39;             120,94;
03019096;Solarolo Rainerio;Cremona;1   ;             899;11,70;1,00;65,09;34,75;;23,98;13,21;0,93;             150,67;
03019097;Soncino;Cremona;1   ;           7.490;3,53;10,06;23,04;13,45;8,72;40,34;21,01;0,37;             120,53;
03019098;Soresina;Cremona;1   ;           8.816;8,47;;26,29;39,31;4,43;31,61;10,19;1,19;             121,50;
03019099;Sospiro;Cremona;1   ;           3.034;11,88;1,47;45,56;23,80;4,96;25,47;11,40;0,71;             125,26;
03019100;Spinadesco;Cremona;1   ;           1.449;7,92;;24,59;40,13;3,15;36,91;6,28;1,11;             120,10;
03019101;Spineda;Cremona;1   ;             612;16,84;0,53;24,50;30,41;5,97;19,50;44,91;0,62;             143,29;
03019102;Spino d'Adda;Cremona;1   ;           6.870;3,41;6,51;22,04;26,81;4,51;35,28;15,47;0,33;             114,37;
03019103;Stagno Lombardo;Cremona;1   ;           1.413;19,19;0,81;56,91;26,43;2,34;24,49;10,58;0,65;             141,40;
03019104;Ticengo;Cremona;1   ;             420;4,63;8,75;26,95;24,46;26,29;11,46;14,54;0,33;             117,41;
03019105;Torlino Vimercati;Cremona;1   ;             480;4,24;25,70;31,37;;5,61;23,31;13,04;0,30;             103,57;
03019106;Tornata;Cremona;1   ;             417;23,07;0,49;44,43;18,62;10,77;21,72;2,77;0,85;             122,73;
03019107;Torre de' Picenardi;Cremona;1   ;           2.119;35,14;0,62;47,91;23,86;0,18;21,14;2,92;3,51;             135,27;
03019108;Torricella del Pizzo;Cremona;1   ;             554;13,74;0,48;52,25;32,58;24,95;31,11;3,77;21,16;             180,04;
03019109;Trescore Cremasco;Cremona;1   ;           2.827;6,37;6,09;36,09;16,92;11,77;14,55;8,18;1,52;             101,49;
03019110;Trigolo;Cremona;1   ;           1.626;3,23;6,86;18,53;13,47;13,12;48,65;32,20;0,58;             136,64;
03019111;Vaiano Cremasco;Cremona;1   ;           3.519;3,99;9,10;24,88;21,53;11,70;30,96;18,52;0,34;             121,02;
03019112;Vailate;Cremona;1   ;           4.623;3,40;27,63;22,71;0,17;9,62;33,41;16,31;0,34;             113,60;
03019113;Vescovato;Cremona;1   ;           3.849;11,72;3,85;42,97;23,24;3,68;4,09;4,96;1,88;              96,39;
03019114;Volongo;Cremona;1   ;             467;8,00;0,50;42,06;15,93;11,25;50,21;24,84;0,81;             153,59;
03019115;Voltido;Cremona;1   ;             337;12,55;0,77;70,63;34,81;;25,51;9,09;0,77;             154,13;
18101001;Belvedere di Spinello;Crotone;1   ;           1.915;20,89;18,28;13,05;18,28;5,22;52,22;;;             127,94;
18101002;Caccuri;Crotone;1   ;           1.538;30,13;25,11;36,97;;7,90;11,61;2,15;;             113,86;
18101003;Carfizzi;Crotone;1   ;             519;53,82;63,19;;14,58;3,81;5,60;;;             140,99;
18101004;Casabona;Crotone;1   ;           2.312;0,88;48,40;36,84;6,51;3,03;36,29;0,83;;             132,78;
18101005;Castelsilano;Crotone;1   ;             893;32,14;75,46;;;;19,74;0,23;;             127,57;
18101006;Cerenzia;Crotone;1   ;           1.015;42,66;42,56;5,92;1,57;11,82;;;;             104,54;
18101008;Ciro Marina;Crotone;1   ;          14.030;16,11;66,13;16,11;8,67;28,24;42,76;;;             178,02;
18101009;Cotronei;Crotone;1   ;           5.252;22,54;46,17;24,44;9,90;6,87;8,41;45,81;;             164,15;
18101010;Crotone;Crotone;1   ;          58.445;20,61;86,97;27,16;;19,69;29,64;6,28;;             190,36;
18101011;Crucoli;Crotone;1   ;           2.762;54,45;61,65;37,14;;12,38;31,60;;;             197,22;
18101014;Melissa;Crotone;1   ;           3.246;15,86;;75,47;71,55;9,91;5,55;;;             178,33;
18101015;Mesoraca;Crotone;1   ;           5.814;18,07;;18,07;;15,13;17,71;0,77;;              69,74;
18101017;Petilia Policastro;Crotone;1   ;           8.614;18,97;18,29;32,05;9,21;6,36;7,10;0,94;;              92,91;
18101018;Roccabernarda;Crotone;1   ;           3.133;19,89;32,81;17,29;11,99;;9,38;1,82;;              93,18;
18101020;San Mauro Marchesato;Crotone;1   ;           1.914;10,59;31,44;31,76;;9,64;13,01;15,53;1,31;             113,27;
18101022;Santa Severina;Crotone;1   ;           1.906;17,62;21,84;16,77;5,84;;17,11;6,94;;              86,12;
18101024;Scandale;Crotone;1   ;           2.864;16,98;2,23;24,12;1,34;4,20;;;;              48,88;
18101025;Strongoli;Crotone;1   ;           6.137;68,44;64,69;8,15;;0,16;37,60;1,43;2,85;             183,31;
18101027;Verzino;Crotone;1   ;           1.586;38,63;16,28;52,70;18,55;12,96;3,75;13,49;;             156,36;
01004001;Acceglio;Cuneo;1   ;             157;65,89;26,75;103,94;81,27;0,39;121,40;32,05;;             431,70;
01004002;Aisone;Cuneo;1   ;             211;67,55;16,09;44,80;48,06;7,52;43,81;9,55;;             237,38;
01004004;Albaretto della Torre;Cuneo;1   ;             218;19,15;84,38;18,54;5,69;15,80;61,17;9,12;;             213,86;
01004005;Alto;Cuneo;1   ;             149;12,67;71,50;14,68;2,50;;100,51;3,39;;             205,24;
01004006;Argentera;Cuneo;1   ;              81;282,86;24,02;187,59;76,88;166,95;460,99;46,95;;           1.246,24;
01004007;Arguello;Cuneo;1   ;             200;8,41;46,95;12,64;1,36;;46,29;6,08;;             121,73;
01004008;Bagnasco;Cuneo;1   ;             965;16,72;41,65;56,20;3,01;6,38;23,68;22,76;;             170,39;
01004014;Bastia Mondovi;Cuneo;1   ;             628;8,04;53,60;22,17;3,40;10,66;35,50;13,60;;             146,97;
01004015;Battifollo;Cuneo;1   ;             225;18,84;69,71;22,28;3,13;8,27;23,42;7,43;;             153,09;
01004016;Beinette;Cuneo;1   ;           3.483;3,00;3,71;38,09;21,30;;22,62;4,18;;              92,90;
01004018;Belvedere Langhe;Cuneo;1   ;             330;4,34;66,49;16,55;4,18;17,00;33,22;13,14;26,67;             181,58;
01004020;Benevello;Cuneo;1   ;             470;17,12;70,46;16,55;3,81;;30,45;13,59;;             151,98;
01004021;Bergolo;Cuneo;1   ;              56;11,73;56,35;14,05;5,56;;118,64;6,70;;             213,02;
01004022;Bernezzo;Cuneo;1   ;           4.215;2,34;3,42;24,24;20,79;1,61;18,45;5,20;;              76,06;
01004023;Bonvicino;Cuneo;1   ;              97;7,71;79,75;24,48;4,01;1,87;68,54;28,35;;             214,72;
01004025;Borgo San Dalmazzo;Cuneo;1   ;          12.510;5,39;4,74;48,18;34,88;19,17;21,75;5,60;;             139,71;
01004024;Borgomale;Cuneo;1   ;             376;17,15;64,94;16,67;3,66;5,53;37,87;7,98;;             153,80;
01004026;Bosia;Cuneo;1   ;             169;19,28;71,02;20,47;3,31;20,77;48,72;41,44;;             225,01;
01004027;Bossolasco;Cuneo;1   ;             648;18,18;89,68;17,40;3,53;12,77;48,07;19,33;;             208,97;
01004028;Boves;Cuneo;1   ;           9.615;15,75;4,83;44,79;26,60;6,02;22,20;2,71;;             122,89;
01004030;Briaglia;Cuneo;1   ;             313;18,11;81,54;32,32;4,38;0,82;24,40;23,14;;             184,70;
01004031;Briga Alta;Cuneo;1   ;              42;23,41;247,93;46,71;6,33;;123,67;26,10;;             474,15;
01004034;Busca;Cuneo;1   ;          10.144;14,22;4,88;29,58;27,81;4,33;22,59;10,13;;             113,54;
01004035;Camerana;Cuneo;1   ;             572;14,81;58,81;15,82;3,06;13,84;29,67;13,24;;             149,25;
01004038;Canosio;Cuneo;1   ;              78;22,68;9,34;40,74;36,06;25,09;98,50;30,49;;             262,90;
01004039;Caprauna;Cuneo;1   ;              88;21,51;70,91;24,09;2,94;;50,84;44,70;;             214,99;
01004040;Caraglio;Cuneo;1   ;           6.747;4,79;4,51;42,65;29,03;9,11;25,73;16,10;;             131,91;
01004043;Carru;Cuneo;1   ;           4.371;9,56;46,90;45,86;4,16;7,75;30,73;18,35;;             163,31;
01004044;Cartignano;Cuneo;1   ;             171;17,96;8,22;30,24;27,22;0,11;16,78;1,44;;             101,96;
01004049;Castelletto Stura;Cuneo;1   ;           1.365;3,96;7,39;46,30;33,74;11,02;39,50;3,19;;             145,10;
01004050;Castelletto Uzzone;Cuneo;1   ;             303;20,69;73,87;19,28;3,97;40,29;34,55;11,73;;             204,37;
01004052;Castellino Tanaro;Cuneo;1   ;             267;8,85;60,09;27,94;4,14;2,15;46,65;16,49;;             166,32;
01004053;Castelmagno;Cuneo;1   ;              58;44,81;14,93;82,69;58,35;0,27;128,94;1,08;;             331,07;
01004054;Castelnuovo di Ceva;Cuneo;1   ;             106;34,23;80,76;8,99;3,28;;33,53;5,90;;             166,68;
01004057;Castino;Cuneo;1   ;             449;21,23;64,12;18,80;4,23;2,23;36,60;13,80;;             161,01;
01004060;Celle di Macra;Cuneo;1   ;              88;32,26;11,17;54,74;38,35;0,19;73,24;46,76;;             256,71;
01004061;Centallo;Cuneo;1   ;           6.859;13,07;4,57;35,77;27,96;7,99;18,75;10,53;;             118,63;
01004063;Cerretto Langhe;Cuneo;1   ;             397;19,68;91,80;18,83;2,50;;23,69;11,22;;             167,72;
01004064;Cervasca;Cuneo;1   ;           5.159;2,29;4,19;26,32;24,70;2,62;20,78;5,94;;              86,84;
01004066;Ceva;Cuneo;1   ;           5.695;9,08;39,97;35,66;3,97;9,69;25,69;14,42;;             138,47;
01004068;Chiusa di Pesio;Cuneo;1   ;           3.586;14,00;4,91;41,22;25,87;7,87;12,10;6,50;;             112,48;
01004069;Ciglie;Cuneo;1   ;             184;6,33;46,43;21,30;4,00;1,54;34,36;19,03;;             132,98;
01004070;Cissone;Cuneo;1   ;              81;17,01;98,58;16,52;5,02;5,57;34,74;16,57;;             194,01;
01004071;Clavesana;Cuneo;1   ;             795;15,46;53,74;23,72;4,99;1,60;52,40;9,29;;             161,19;
01004073;Cortemilia;Cuneo;1   ;           2.152;19,06;56,15;45,41;4,66;16,12;46,94;10,53;;             198,89;
01004076;Cravanzana;Cuneo;1   ;             364;17,91;80,32;18,90;3,76;8,82;53,94;7,66;;             191,31;
01004078;Cuneo;Cuneo;1   ;          55.744;16,59;6,19;54,52;33,34;18,44;20,76;10,34;;             160,17;
01004079;Demonte;Cuneo;1   ;           1.857;36,78;10,10;26,68;30,97;31,52;22,10;9,98;;             168,13;
01004081;Dogliani;Cuneo;1   ;           4.603;10,34;41,24;42,92;4,58;3,58;21,18;12,07;;             135,90;
01004082;Dronero;Cuneo;1   ;           6.986;5,18;3,89;37,94;24,79;7,02;27,69;7,13;;             113,62;
01004083;Elva;Cuneo;1   ;              78;24,44;11,57;43,43;39,92;0,15;18,82;1,96;;             140,28;
01004084;Entracque;Cuneo;1   ;             762;31,05;15,42;91,07;71,22;;46,77;24,85;;             280,38;
01004086;Farigliano;Cuneo;1   ;           1.682;10,34;40,64;45,72;4,37;6,08;30,84;13,40;;             151,40;
01004088;Feisoglio;Cuneo;1   ;             287;20,40;72,53;20,10;4,06;8,61;28,27;11,79;;             165,76;
01004090;Frabosa Soprana;Cuneo;1   ;             689;44,69;111,56;50,38;5,02;2,01;32,10;17,18;;             262,94;
01004091;Frabosa Sottana;Cuneo;1   ;           1.605;29,71;171,68;40,28;5,16;16,67;96,84;15,04;;             375,39;
01004093;Gaiola;Cuneo;1   ;             571;28,45;8,83;18,87;28,19;3,17;31,22;6,85;;             125,57;
01004095;Garessio;Cuneo;1   ;           2.841;18,54;57,57;55,03;4,61;;29,76;18,22;;             183,72;
01004097;Gorzegno;Cuneo;1   ;             262;11,23;52,18;17,53;3,81;;23,44;9,08;;             117,27;
01004098;Gottasecca;Cuneo;1   ;             128;17,46;82,91;17,77;2,69;3,05;60,49;19,13;;             203,51;
01004102;Igliano;Cuneo;1   ;              68;5,95;52,22;20,61;7,14;23,57;69,01;6,97;;             185,48;
01004106;Lequio Berria;Cuneo;1   ;             422;12,66;66,46;14,94;3,01;6,89;34,05;4,72;;             142,72;
01004107;Lequio Tanaro;Cuneo;1   ;             743;9,00;38,62;40,35;5,22;2,01;29,62;17,28;;             142,10;
01004108;Lesegno;Cuneo;1   ;             788;10,09;54,19;21,80;3,90;11,42;26,05;16,69;;             144,13;
01004109;Levice;Cuneo;1   ;             200;15,93;53,27;17,51;4,80;;62,11;5,89;;             159,51;
01004110;Limone Piemonte;Cuneo;1   ;           1.351;42,17;29,50;124,18;95,31;11,26;95,21;113,25;;             510,89;
01004111;Lisio;Cuneo;1   ;             193;21,50;48,22;17,62;3,22;5,37;52,62;5,24;;             153,80;
01004112;Macra;Cuneo;1   ;              42;39,59;20,01;71,78;70,24;0,24;83,74;69,16;;             354,75;
01004114;Magliano Alpi;Cuneo;1   ;           2.115;20,98;36,14;35,22;5,10;0,95;21,91;8,31;;             128,60;
01004118;Margarita;Cuneo;1   ;           1.417;3,23;4,97;37,30;22,77;0,49;15,39;2,65;;              86,80;
01004119;Marmora;Cuneo;1   ;              54;40,63;28,23;70,91;90,61;67,11;165,36;84,53;;             547,38;
01004120;Marsaglia;Cuneo;1   ;             219;2,29;51,69;12,10;2,87;38,57;72,16;6,46;;             186,13;
01004123;Moiola;Cuneo;1   ;             213;55,81;14,64;37,01;44,19;21,10;58,46;7,26;;             238,47;
01004124;Mombarcaro;Cuneo;1   ;             261;13,01;75,67;15,15;4,01;15,37;36,36;10,51;;             170,07;
01004125;Mombasiglio;Cuneo;1   ;             618;10,12;45,18;21,45;3,21;2,62;35,17;12,59;;             130,34;
01004126;Monastero di Vasco;Cuneo;1   ;           1.261;29,14;35,53;50,19;2,86;1,31;37,75;27,16;;             183,94;
01004127;Monasterolo Casotto;Cuneo;1   ;              81;22,09;99,54;39,12;5,85;1,00;139,97;28,63;;             336,20;
01004130;Mondovi;Cuneo;1   ;          22.040;14,92;48,93;57,62;4,99;13,94;25,85;23,54;;             189,78;
01004131;Monesiglio;Cuneo;1   ;             585;21,20;67,53;19,50;3,20;27,78;59,07;20,29;;             218,57;
01004134;Montaldo di Mondovi;Cuneo;1   ;             541;23,19;104,52;36,31;4,05;1,04;169,49;53,63;;             392,24;
01004136;Montanera;Cuneo;1   ;             699;3,90;4,28;62,77;25,32;20,56;51,25;5,94;;             174,02;
01004138;Montemale di Cuneo;Cuneo;1   ;             222;16,42;8,56;30,66;28,78;0,10;26,04;6,12;;             116,67;
01004139;Monterosso Grana;Cuneo;1   ;             517;14,46;10,42;25,31;33,04;0,09;57,56;3,81;;             144,68;
01004141;Montezemolo;Cuneo;1   ;             229;7,08;76,03;22,84;6,34;1,59;68,92;11,23;;             194,04;
01004144;Morozzo;Cuneo;1   ;           2.007;3,79;4,55;43,77;19,50;12,06;35,30;3,84;;             122,80;
01004145;Murazzano;Cuneo;1   ;             866;4,86;71,89;17,22;3,21;1,18;46,82;7,44;47,93;             200,56;
01004150;Niella Belbo;Cuneo;1   ;             326;14,50;62,43;16,80;3,22;11,08;77,09;12,91;;             198,03;
01004151;Niella Tanaro;Cuneo;1   ;             960;6,16;50,66;42,55;5,53;18,70;37,46;13,03;;             174,09;
01004153;Nucetto;Cuneo;1   ;             387;13,69;50,96;26,85;3,22;3,72;34,72;15,47;;             148,63;
01004155;Ormea;Cuneo;1   ;           1.478;31,89;84,28;70,04;4,07;;26,40;47,36;;             264,04;
01004159;Pamparato;Cuneo;1   ;             266;31,26;131,60;52,57;7,85;1,41;162,51;77,22;;             464,42;
01004160;Paroldo;Cuneo;1   ;             190;8,62;48,09;21,90;4,32;14,75;77,87;10,15;;             185,68;
01004161;Perletto;Cuneo;1   ;             254;17,28;51,24;17,39;3,29;20,99;77,09;17,13;;             204,41;
01004162;Perlo;Cuneo;1   ;             106;34,83;62,63;12,90;2,92;0,53;69,39;5,41;;             188,60;
01004163;Peveragno;Cuneo;1   ;           5.466;12,42;6,11;37,70;31,19;2,72;16,02;5,63;;             111,78;
01004164;Pezzolo Valle Uzzone;Cuneo;1   ;             305;18,97;83,18;19,30;4,56;;54,86;8,10;;             188,97;
01004165;Pianfei;Cuneo;1   ;           2.085;3,23;4,47;38,97;22,75;5,82;26,46;3,76;;             105,46;
01004167;Pietraporzio;Cuneo;1   ;              71;161,19;25,28;106,90;84,39;17,95;187,45;20,97;;             604,13;
01004169;Piozzo;Cuneo;1   ;             990;18,70;38,96;35,40;3,71;0,84;26,35;16,34;;             140,31;
01004173;Pradleves;Cuneo;1   ;             238;29,93;11,93;50,99;41,13;35,90;31,49;8,65;;             210,02;
01004174;Prazzo;Cuneo;1   ;             177;28,46;12,33;46,24;45,69;40,70;41,11;15,27;;             229,80;
01004175;Priero;Cuneo;1   ;             498;11,63;45,84;26,61;3,78;2,91;17,25;10,84;;             118,84;
01004177;Priola;Cuneo;1   ;             650;10,39;36,98;33,60;3,20;1,18;20,60;20,03;;             125,98;
01004178;Prunetto;Cuneo;1   ;             392;20,80;57,40;19,42;3,56;;50,16;10,65;;             161,99;
01004182;Rittana;Cuneo;1   ;             105;79,36;21,08;54,44;65,27;8,84;83,00;10,32;;             322,30;
01004183;Roaschia;Cuneo;1   ;              93;45,35;16,14;139,66;64,88;6,20;134,09;3,91;;             410,23;
01004184;Roascio;Cuneo;1   ;              90;2,92;63,17;2,83;4,14;7,66;43,13;19,02;;             142,87;
01004185;Robilante;Cuneo;1   ;           2.129;11,67;10,20;36,22;35,83;28,43;23,36;2,43;;             148,13;
01004186;Roburent;Cuneo;1   ;             474;31,38;149,90;52,18;6,69;1,41;226,19;107,73;;             575,49;
01004188;Rocca Ciglie;Cuneo;1   ;             122;6,81;56,75;23,06;2,78;1,65;65,48;26,42;;             182,96;
01004189;Rocca de' Baldi;Cuneo;1   ;           1.552;19,30;37,01;32,73;3,12;0,87;36,35;9,10;;             138,49;
01004187;Roccabruna;Cuneo;1   ;           1.522;17,53;10,35;8,93;36,48;9,26;21,92;1,00;;             105,47;
01004190;Roccaforte Mondovi;Cuneo;1   ;           2.064;18,58;47,99;46,70;3,79;;17,94;15,72;;             150,72;
01004191;Roccasparvera;Cuneo;1   ;             744;3,20;6,98;39,23;26,79;;21,29;8,14;;             105,64;
01004192;Roccavione;Cuneo;1   ;           2.621;9,60;5,03;32,37;23,96;18,57;16,48;8,96;;             114,97;
01004193;Rocchetta Belbo;Cuneo;1   ;             158;19,59;76,07;19,19;4,75;;22,04;6,16;;             147,81;
01004199;Sale delle Langhe;Cuneo;1   ;             467;7,47;70,36;24,06;3,53;1,81;40,01;15,89;;             163,14;
01004200;Sale San Giovanni;Cuneo;1   ;             149;6,05;70,05;21,09;3,77;6,52;65,58;13,16;;             186,22;
01004201;Saliceto;Cuneo;1   ;           1.162;20,18;74,85;19,08;3,04;10,69;31,57;21,01;;             180,43;
01004204;Sambuco;Cuneo;1   ;              87;103,61;19,53;68,72;67,57;11,54;124,51;13,48;;             408,95;
01004206;San Benedetto Belbo;Cuneo;1   ;             151;14,91;73,30;17,70;4,26;2,59;95,68;13,15;;             221,60;
01004207;San Damiano Macra;Cuneo;1   ;             411;23,54;13,15;39,48;39,60;1,96;5,51;1,89;;             125,13;
01004210;San Michele Mondovi;Cuneo;1   ;           1.803;18,10;46,78;50,68;3,61;0,08;20,33;14,74;;             154,32;
01004216;Scagnello;Cuneo;1   ;             173;26,15;53,19;12,39;2,32;6,03;82,53;3,76;;             186,37;
01004219;Serravalle Langhe;Cuneo;1   ;             316;14,71;76,66;15,02;2,71;12,70;33,20;6,26;;             161,24;
01004221;Somano;Cuneo;1   ;             302;17,35;81,77;17,37;2,62;1,30;31,74;15,79;;             167,94;
01004224;Stroppo;Cuneo;1   ;             101;17,93;17,27;32,10;59,36;45,25;85,28;4,77;;             261,97;
01004225;Tarantasca;Cuneo;1   ;           2.185;9,72;6,00;30,87;28,08;1,45;16,96;6,58;;              99,65;
01004226;Torre Bormida;Cuneo;1   ;             168;17,87;83,17;17,61;5,34;;25,98;12,07;;             162,03;
01004227;Torre Mondovi;Cuneo;1   ;             515;18,53;34,11;34,32;3,09;0,83;16,50;15,33;;             122,71;
01004229;Torresina;Cuneo;1   ;              49;8,46;45,47;27,03;5,28;32,76;88,71;9,47;;             217,18;
01004233;Valdieri;Cuneo;1   ;             907;22,77;15,98;67,52;47,40;10,12;24,72;6,46;;             194,98;
01004234;Valgrana;Cuneo;1   ;             809;9,91;8,31;18,21;26,48;11,02;10,56;9,15;;              93,64;
01004235;Valloriate;Cuneo;1   ;              96;77,12;24,77;51,15;73,41;8,59;83,92;15,34;;             334,29;
01004239;Vernante;Cuneo;1   ;           1.100;19,12;11,24;56,31;42,67;33,47;31,09;24,16;;             218,07;
01004242;Vicoforte;Cuneo;1   ;           3.174;23,73;38,55;42,45;3,82;1,07;27,60;21,05;;             158,26;
01004243;Vignolo;Cuneo;1   ;           2.680;2,21;3,13;28,21;22,90;2,66;12,35;6,08;;              77,54;
01004245;Villanova Mondovi;Cuneo;1   ;           5.845;22,36;43,81;40,76;3,79;2,50;22,26;12,13;;             147,61;
01004247;Villar San Costanzo;Cuneo;1   ;           1.549;17,10;9,74;7,35;31,52;2,68;8,63;6,03;;              83,07;
01004248;Vinadio;Cuneo;1   ;             585;53,09;22,46;35,21;61,85;10,42;34,05;6,91;;             223,98;
01004249;Viola;Cuneo;1   ;             371;31,79;105,66;31,58;3,20;48,77;163,57;8,88;;             393,45;
19086001;Agira;Enna;1   ;           7.671;27,34;16,72;69,83;23,61;18,78;8,77;10,61;;             175,67;
19086005;Calascibetta;Enna;1   ;           4.062;43,10;24,65;59,13;1,38;14,29;13,95;2,48;1,23;             160,21;
19086009;Enna;Enna;1   ;          25.512;13,94;10,71;85,23;33,84;18,07;28,18;14,18;0,20;             204,34;
19086011;Leonforte;Enna;1   ;          12.331;46,43;9,86;15,90;2,85;8,11;12,98;;;              96,12;
19086012;Nicosia;Enna;1   ;          12.686;14,77;22,99;44,21;7,25;24,41;13,75;4,85;5,66;             137,89;
19086013;Nissoria;Enna;1   ;           2.844;137,46;14,37;;19,96;;20,45;10,22;1,76;             204,21;
19086014;Piazza Armerina;Enna;1   ;          20.642;15,24;21,91;81,74;4,28;15,95;10,05;8,43;17,92;             175,53;
19086015;Pietraperzia;Enna;1   ;           6.303;13,95;26,87;47,68;12,02;17,34;16,94;;;             134,79;
11109001;Altidona;Fermo;1   ;           3.538;8,86;14,58;;15,01;18,22;12,14;15,89;37,27;             121,96;
11109003;Belmonte Piceno;Fermo;1   ;             574;2,36;13,69;10,33;;10,17;24,76;20,45;;              81,76;
11109005;Falerone;Fermo;1   ;           3.124;7,20;18,19;53,10;7,77;10,64;6,00;1,22;;             104,12;
11109006;Fermo;Fermo;1   ;          35.789;11,10;10,28;48,48;5,08;15,31;29,88;22,08;0,08;             142,30;
11109007;Francavilla d'Ete;Fermo;1   ;             926;9,38;;37,51;17,78;47,03;16,06;22,60;;             150,37;
11109008;Grottazzolina;Fermo;1   ;           3.174;12,76;4,65;41,30;18,50;7,34;10,13;16,74;;             111,42;
11109012;Monsampietro Morico;Fermo;1   ;             607;20,80;;39,77;;20,58;19,55;6,56;;             107,26;
11109016;Monte Giberto;Fermo;1   ;             723;12,02;6,89;43,68;10,40;9,60;27,68;2,29;;             112,56;
11109023;Monte San Pietrangeli;Fermo;1   ;           2.241;9,66;9,38;34,52;10,05;11,52;29,49;7,19;;             111,80;
11109024;Monte Urano;Fermo;1   ;           7.812;6,99;5,34;28,23;14,67;7,93;20,90;8,54;;              92,59;
11109025;Monte Vidon Combatte;Fermo;1   ;             393;22,94;8,20;25,21;7,29;24,66;14,67;3,27;;             106,25;
11109026;Monte Vidon Corrado;Fermo;1   ;             678;6,97;21,12;40,47;;29,53;11,78;13,61;;             123,47;
11109015;Montefortino;Fermo;1   ;           1.047;11,89;;51,65;24,98;7,93;13,36;2,86;;             112,66;
11109018;Montegranaro;Fermo;1   ;          12.523;13,76;6,33;39,11;11,05;17,09;4,60;7,21;;              99,14;
11109020;Montelparo;Fermo;1   ;             702;25,71;;38,23;;19,24;11,67;5,98;;             100,82;
11109029;Ortezzano;Fermo;1   ;             740;10,36;8,35;25,05;9,03;3,88;21,15;10,67;;              88,48;
11109032;Ponzano di Fermo;Fermo;1   ;           1.632;8,02;5,28;47,28;6,71;;5,94;;;              73,22;
11109033;Porto San Giorgio;Fermo;1   ;          15.618;23,69;15,20;73,38;28,02;31,36;18,00;36,34;;             226,00;
11109034;Porto Sant'Elpidio;Fermo;1   ;          25.600;13,83;25,07;29,44;11,87;15,29;34,25;21,43;;             151,18;
11109037;Sant'Elpidio a Mare;Fermo;1   ;          16.503;7,51;7,64;41,23;9,95;18,10;14,54;1,10;;             100,07;
11109038;Servigliano;Fermo;1   ;           2.171;17,10;10,90;51,08;7,77;4,00;2,49;1,46;;              94,81;
08038003;Bondeno;Ferrara;1   ;          13.738;18,44;12,03;69,57;25,71;23,03;80,26;20,12;;             249,16;
08038004;Cento;Ferrara;1   ;          35.231;16,90;11,03;63,76;23,56;21,68;71,79;18,44;;             227,14;
08038005;Codigoro;Ferrara;1   ;          11.072;17,02;14,82;77,79;30,10;16,40;88,79;14,79;;             259,71;
08038006;Comacchio;Ferrara;1   ;          22.017;51,17;58,37;135,96;63,09;62,63;129,85;8,42;;             509,49;
08038007;Copparo;Ferrara;1   ;          15.673;16,11;14,03;73,64;28,50;17,41;84,54;14,32;;             248,55;
08038008;Ferrara;Ferrara;1   ;         129.340;13,31;10,44;88,41;44,83;21,55;23,62;15,02;2,29;             219,47;
08038027;Fiscaglia;Ferrara;1   ;           8.371;14,57;12,69;66,61;25,77;9,59;76,52;12,95;;             218,71;
08038025;Goro;Ferrara;1   ;           3.475;17,70;15,41;80,89;31,30;49,46;92,84;15,45;;             303,05;
08038010;Jolanda di Savoia;Ferrara;1   ;           2.630;14,63;12,74;66,88;25,88;48,66;77,00;12,71;;             258,50;
08038011;Lagosanto;Ferrara;1   ;           4.718;15,43;13,44;70,53;27,29;23,20;78,86;13,68;;             242,43;
08038012;Masi Torello;Ferrara;1   ;           2.292;17,00;14,80;77,69;30,07;10,95;88,75;15,15;;             254,40;
08038014;Mesola;Ferrara;1   ;           6.454;14,13;12,31;64,60;25,00;13,38;73,04;12,59;;             215,04;
08038017;Ostellato;Ferrara;1   ;           5.604;14,93;13,00;68,26;26,41;31,54;78,66;13,13;;             245,93;
08038018;Poggio Renatico;Ferrara;1   ;           9.709;14,10;9,20;53,21;19,66;9,83;58,39;15,47;;             179,85;
08038019;Portomaggiore;Ferrara;1   ;          11.780;14,43;12,57;65,98;25,53;25,64;75,27;12,74;;             232,16;
08038029;Riva del Po;Ferrara;1   ;           7.388;15,80;13,76;72,22;27,95;17,64;82,68;14,05;;             244,08;
08038028;Terre del Reno;Ferrara;1   ;           9.962;15,53;10,14;58,60;21,65;11,12;65,59;17,02;;             199,66;
08038030;Tresignana;Ferrara;1   ;           6.947;14,98;13,05;68,49;26,50;11,90;77,63;13,37;;             225,92;
08038022;Vigarano Mainarda;Ferrara;1   ;           7.600;12,82;8,37;48,39;17,88;19,52;54,07;13,96;;             175,01;
08038023;Voghiera;Ferrara;1   ;           3.559;14,28;12,44;65,30;25,27;9,97;74,71;12,75;;             214,72;
09048001;Bagno a Ripoli;Firenze;1   ;          25.156;21,32;27,84;90,98;25,86;15,77;34,09;17,31;;             233,17;
09048002;Barberino di Mugello;Firenze;1   ;          10.920;22,32;28,56;86,59;26,01;18,31;34,64;29,76;;             246,18;
09048054;Barberino Tavarnelle;Firenze;1   ;          11.901;20,31;40,56;71,40;31,67;25,24;31,24;37,98;;             258,40;
09048004;Borgo San Lorenzo;Firenze;1   ;          18.102;23,18;27,65;86,59;25,15;19,08;34,47;43,39;;             259,52;
09048005;Calenzano;Firenze;1   ;          18.084;19,71;34,02;80,68;35,19;35,07;92,51;50,80;;             347,98;
09048006;Campi Bisenzio;Firenze;1   ;          47.462;16,48;25,75;60,66;20,57;22,32;26,21;26,36;;             198,36;
09048008;Capraia e Limite;Firenze;1   ;           7.870;17,48;17,36;69,87;25,91;16,04;23,32;15,22;;             185,19;
09048010;Castelfiorentino;Firenze;1   ;          17.220;20,00;21,19;76,15;26,59;14,05;24,87;48,65;;             231,51;
09048011;Cerreto Guidi;Firenze;1   ;          10.678;18,18;20,16;69,75;26,69;14,61;23,31;35,13;;             207,82;
09048012;Certaldo;Firenze;1   ;          15.515;19,24;16,94;76,89;24,59;17,16;24,20;36,29;;             215,32;
09048013;Dicomano;Firenze;1   ;           5.454;17,65;8,26;74,94;28,60;18,62;40,20;14,93;;             203,19;
09048014;Empoli;Firenze;1   ;          48.844;19,30;22,19;80,18;24,65;30,54;27,94;52,77;;             257,56;
09048015;Fiesole;Firenze;1   ;          13.659;22,42;12,65;116,26;22,70;33,14;30,46;36,40;;             274,03;
09048052;Figline e Incisa Valdarno;Firenze;1   ;          23.051;24,30;19,74;110,73;27,58;27,16;34,77;25,98;;             270,27;
09048017;Firenze;Firenze;1   ;         360.930;20,75;52,50;48,39;27,12;49,23;32,90;36,43;;             267,32;
09048018;Firenzuola;Firenze;1   ;           4.394;39,01;47,76;9,07;13,69;17,14;19,08;66,58;0,66;             213,00;
09048019;Fucecchio;Firenze;1   ;          22.630;18,24;18,89;74,29;25,45;17,80;24,03;44,25;;             222,95;
09048020;Gambassi Terme;Firenze;1   ;           4.839;19,57;20,41;75,74;24,80;16,12;25,10;64,94;;             246,68;
09048021;Greve in Chianti;Firenze;1   ;          13.322;24,62;25,80;97,64;24,86;34,96;30,53;27,69;;             266,10;
09048022;Impruneta;Firenze;1   ;          14.379;22,95;21,79;97,76;26,79;13,40;29,23;27,10;;             239,03;
09048024;Lastra a Signa;Firenze;1   ;          19.589;8,68;21,15;67,37;20,54;18,61;22,37;22,96;;             181,68;
09048025;Londa;Firenze;1   ;           1.833;19,33;8,55;90,99;35,26;20,46;44,03;8,13;;             226,74;
09048026;Marradi;Firenze;1   ;           2.907;17,91;37,20;8,45;16,85;21,24;11,13;87,30;0,74;             200,82;
09048027;Montaione;Firenze;1   ;           3.492;27,37;25,08;94,14;34,68;25,57;29,94;155,76;;             392,54;
09048028;Montelupo Fiorentino;Firenze;1   ;          14.187;18,27;18,85;73,93;26,07;25,14;25,94;30,28;;             218,49;
09048030;Montespertoli;Firenze;1   ;          13.250;19,07;19,95;60,80;30,60;16,60;22,71;24,94;;             194,66;
09048031;Palazzuolo sul Senio;Firenze;1   ;           1.111;17,90;38,86;27,70;23,86;12,82;29,99;76,85;1,46;             229,45;
09048032;Pelago;Firenze;1   ;           7.788;13,28;20,90;44,95;29,03;17,63;26,76;17,56;;             170,11;
09048033;Pontassieve;Firenze;1   ;          20.198;10,10;16,96;51,89;30,52;21,86;31,56;27,02;;             189,92;
09048035;Reggello;Firenze;1   ;          16.485;20,60;21,91;79,64;29,73;25,88;42,34;37,73;;             257,83;
09048036;Rignano sull'Arno;Firenze;1   ;           8.504;17,48;32,57;61,45;20,81;28,00;47,83;31,81;;             239,95;
09048038;San Casciano in Val di Pesa;Firenze;1   ;          16.456;20,86;23,41;81,61;26,94;29,57;28,13;23,60;;             234,13;
09048039;San Godenzo;Firenze;1   ;           1.049;15,54;12,22;92,83;49,70;19,11;50,69;38,94;;             279,03;
09048041;Scandicci;Firenze;1   ;          49.390;10,66;19,53;56,30;29,92;30,85;25,70;38,02;;             210,97;
09048053;Scarperia e San Piero;Firenze;1   ;          12.001;19,80;24,96;74,13;27,45;18,95;48,33;52,00;;             265,61;
09048043;Sesto Fiorentino;Firenze;1   ;          48.742;20,86;28,00;71,71;24,71;26,37;29,66;17,41;;             218,72;
09048044;Signa;Firenze;1   ;          18.874;15,57;22,18;56,58;21,88;27,16;23,35;36,02;;             202,74;
09048046;Vaglia;Firenze;1   ;           5.164;20,63;27,12;76,19;20,14;14,42;27,78;25,99;;             212,27;
09048049;Vicchio;Firenze;1   ;           8.023;26,09;24,64;98,55;23,77;17,81;32,50;26,75;;             250,10;
09048050;Vinci;Firenze;1   ;          14.438;18,70;20,51;75,57;28,82;19,96;25,45;26,77;;             215,78;
16071004;Apricena;Foggia;1   ;          12.575;88,40;1,41;35,95;2,53;14,98;13,14;0,11;;             156,50;
16071005;Ascoli Satriano;Foggia;1   ;           5.863;7,77;9,82;46,67;10,81;18,10;21,18;10,89;;             125,25;
16071009;Candela;Foggia;1   ;           2.487;10,61;66,49;53,03;;31,82;38,99;1,75;;             202,68;
16071012;Carpino;Foggia;1   ;           3.811;15,38;9,25;;89,15;30,26;10,63;4,85;;             159,53;
16071016;Castelluccio Valmaggiore;Foggia;1   ;           1.207;22,96;11,59;50,54;16,72;35,64;14,09;38,67;;             190,20;
16071024;Foggia;Foggia;1   ;         145.348;24,32;16,36;18,04;8,04;38,44;10,31;7,23;;             122,73;
16071027;Lesina;Foggia;1   ;           6.204;19,91;40,98;63,39;64,72;14,93;13,60;1,53;;             219,06;
16071028;Lucera;Foggia;1   ;          30.975;20,98;20,14;46,23;23,79;32,60;9,18;40,02;1,29;             194,22;
16071031;Mattinata;Foggia;1   ;           5.976;37,00;51,21;69,98;4,98;37,00;19,62;342,15;;             561,94;
16071033;Monte Sant'Angelo;Foggia;1   ;          11.353;13,88;41,52;109,96;20,82;41,64;13,29;2,43;;             243,55;
16071035;Orsara di Puglia;Foggia;1   ;           2.507;20,65;24,00;45,79;9,41;32,29;14,11;14,48;18,85;             179,57;
16071036;Orta Nova;Foggia;1   ;          16.783;10,07;39,79;83,95;37,61;21,94;8,44;4,65;;             206,46;
16071037;Panni;Foggia;1   ;             693;20,09;55,14;59,72;38,38;25,60;32,98;50,97;;             282,88;
16071038;Peschici;Foggia;1   ;           4.283;93,58;95,51;120,48;2,84;86,70;13,32;4,95;73,70;             491,08;
16071040;Poggio Imperiale;Foggia;1   ;           2.471;16,42;14,80;36,03;24,77;25,41;8,08;61,53;9,04;             196,09;
16071042;Rocchetta Sant'Antonio;Foggia;1   ;           1.687;18,51;21,77;104,90;19,43;16,76;3,22;1,57;;             186,15;
16071043;Rodi Garganico;Foggia;1   ;           3.302;68,27;130,62;150,79;8,87;106,33;148,21;124,36;;             737,45;
16071046;San Giovanni Rotondo;Foggia;1   ;          26.235;69,32;;41,59;;27,73;;;;             138,64;
16071053;Serracapriola;Foggia;1   ;           3.656;22,74;23,09;51,52;66,32;36,33;15,84;3,92;;             219,75;
16071054;Stornara;Foggia;1   ;           5.772;15,36;11,80;88,46;1,16;31,05;1,80;61,37;;             210,99;
16071058;Troia;Foggia;1   ;           6.689;16,58;21,36;36,39;11,46;25,66;10,67;29,63;15,57;             167,32;
16071060;Vieste;Foggia;1   ;          13.405;127,65;79,08;20,59;52,04;57,65;41,00;3,59;;             381,59;
08040001;Bagno di Romagna;Forli'-Cesena;1   ;           5.592;30,73;31,09;;48,49;18,60;29,61;35,51;0,55;             194,57;
08040003;Bertinoro;Forli'-Cesena;1   ;          11.026;9,22;;59,70;28,72;15,14;27,32;28,32;;             168,42;
08040004;Borghi;Forli'-Cesena;1   ;           2.871;18,06;25,48;4,03;22,78;6,47;15,74;19,89;0,63;             113,08;
08040005;Castrocaro Terme e Terra del Sole;Forli'-Cesena;1   ;           6.352;9,91;;64,17;30,86;16,27;29,37;30,43;;             181,01;
08040007;Cesena;Forli'-Cesena;1   ;          95.778;19,58;26,92;53,35;24,70;9,15;15,10;21,10;0,35;             170,24;
08040008;Cesenatico;Forli'-Cesena;1   ;          25.921;50,30;53,24;17,00;63,46;46,65;31,81;48,63;0,55;             311,64;
08040009;Civitella di Romagna;Forli'-Cesena;1   ;           3.639;10,22;;66,18;31,83;16,78;30,29;31,39;;             186,69;
08040011;Dovadola;Forli'-Cesena;1   ;           1.573;10,54;;68,24;32,82;17,31;31,23;32,36;;             192,50;
08040012;Forli;Forli'-Cesena;1   ;         116.440;9,62;;62,33;29,98;15,81;28,53;29,56;;             175,82;
08040013;Forlimpopoli;Forli'-Cesena;1   ;          13.047;9,07;;58,75;28,26;14,90;26,89;27,86;;             165,74;
08040014;Galeata;Forli'-Cesena;1   ;           2.433;9,68;;62,69;30,15;15,90;28,69;29,73;;             176,85;
08040015;Gambettola;Forli'-Cesena;1   ;          10.682;23,97;33,20;19,91;30,24;13,72;17,60;21,03;0,42;             160,11;
08040016;Gatteo;Forli'-Cesena;1   ;           9.325;24,88;38,42;52,02;31,38;15,90;28,87;28,72;0,56;             220,74;
08040018;Longiano;Forli'-Cesena;1   ;           7.215;14,46;43,15;17,70;18,24;9,47;31,03;16,22;0,58;             150,84;
08040019;Meldola;Forli'-Cesena;1   ;           9.879;9,40;;60,90;29,29;15,44;27,87;28,88;;             171,79;
08040020;Mercato Saraceno;Forli'-Cesena;1   ;           6.797;18,47;28,43;;44,21;10,41;25,28;24,29;0,60;             151,68;
08040022;Modigliana;Forli'-Cesena;1   ;           4.288;11,09;;71,84;34,55;18,22;32,88;34,07;;             202,65;
08040028;Montiano;Forli'-Cesena;1   ;           1.705;17,79;24,43;4,87;22,45;1,00;28,94;20,37;0,99;             120,85;
08040031;Portico e San Benedetto;Forli'-Cesena;1   ;             723;17,22;;111,51;53,64;28,28;51,04;52,89;;             314,57;
08040032;Predappio;Forli'-Cesena;1   ;           6.296;9,52;;61,62;29,64;15,63;28,20;29,23;;             173,83;
08040033;Premilcuore;Forli'-Cesena;1   ;             692;25,16;40,37;;56,85;40,92;29,45;50,99;2,24;             245,98;
08040036;Rocca San Casciano;Forli'-Cesena;1   ;           1.798;11,82;;76,54;36,82;19,41;35,03;36,30;;             215,92;
08040037;Roncofreddo;Forli'-Cesena;1   ;           3.422;11,72;28,33;;23,32;7,59;18,35;14,16;0,59;             104,06;
08040041;San Mauro Pascoli;Forli'-Cesena;1   ;          12.186;22,76;29,59;37,04;28,72;17,38;20,98;33,70;1,26;             191,44;
08040043;Santa Sofia;Forli'-Cesena;1   ;           4.030;37,58;29,83;0,59;47,41;26,22;22,03;38,65;0,71;             203,03;
08040044;Sarsina;Forli'-Cesena;1   ;           3.308;26,42;25,99;;48,95;18,32;19,96;29,63;0,63;             169,89;
08040045;Savignano sul Rubicone;Forli'-Cesena;1   ;          17.842;24,81;30,62;30,77;31,29;12,82;21,04;23,10;0,48;             174,93;
08040046;Sogliano al Rubicone;Forli'-Cesena;1   ;           3.126;18,79;23,40;2,09;23,70;7,46;14,81;26,17;0,63;             117,05;
08040049;Tredozio;Forli'-Cesena;1   ;           1.110;15,38;;99,60;47,91;25,26;45,58;47,24;;             280,96;
08040050;Verghereto;Forli'-Cesena;1   ;           1.772;8,00;31,80;;58,84;11,65;25,61;46,03;1,06;             182,98;
12060002;Acuto;Frosinone;1   ;           1.835;15,65;36,08;62,58;1,78;13,80;26,31;14,83;;             171,03;
12060003;Alatri;Frosinone;1   ;          27.693;8,06;8,02;69,44;23,38;12,09;14,59;13,76;;             149,34;
12060005;Amaseno;Frosinone;1   ;           4.094;13,11;21,21;34,96;;4,37;52,63;4,01;;             130,29;
12060006;Anagni;Frosinone;1   ;          20.734;6,15;25,92;68,56;2,82;13,18;15,60;5,16;;             137,40;
12060009;Arnara;Frosinone;1   ;           2.192;13,76;21,07;31,85;;10,08;24,00;1,76;;             102,53;
12060012;Ausonia;Frosinone;1   ;           2.409;8,85;;50,20;33,72;;12,51;9,32;44,26;             158,87;
12060015;Broccostella;Frosinone;1   ;           2.681;13,53;30,71;34,47;9,74;;;;;              88,45;
12060017;Casalattico;Frosinone;1   ;             534;36,42;14,56;;;37,37;63,62;;;             151,97;
12060018;Casalvieri;Frosinone;1   ;           2.436;17,70;33,38;51,14;;17,05;29,05;1,39;;             149,70;
12060019;Cassino;Frosinone;1   ;          35.092;15,04;41,18;55,32;3,14;28,91;6,65;30,87;;             181,12;
12060020;Castelliri;Frosinone;1   ;           3.183;13,55;30,46;51,59;0,56;14,82;15,80;1,35;;             128,14;
12060021;Castelnuovo Parano;Frosinone;1   ;             858;51,86;77,83;6,41;;1,28;81,05;10,12;7,91;             236,47;
12060022;Castrocielo;Frosinone;1   ;           3.776;27,12;48,57;40,86;2,14;28,39;18,99;3,24;;             169,30;
12060024;Ceccano;Frosinone;1   ;          22.320;11,89;6,00;47,55;27,85;9,09;7,35;7,29;5,46;             122,47;
12060025;Ceprano;Frosinone;1   ;           8.116;8,69;20,28;43,47;12,51;11,40;6,97;15,43;1,89;             120,64;
12060026;Cervaro;Frosinone;1   ;           7.780;8,67;38,41;55,28;;1,28;;;;             103,63;
12060027;Colfelice;Frosinone;1   ;           1.780;10,27;1,86;51,37;24,82;;13,36;0,55;;             102,24;
12060028;Collepardo;Frosinone;1   ;             884;34,78;33,37;34,78;17,60;10,92;7,39;11,38;;             150,21;
12060030;Coreno Ausonio;Frosinone;1   ;           1.525;37,02;;30,41;25,84;;21,82;10,72;;             125,80;
12060031;Esperia;Frosinone;1   ;           3.549;4,59;;45,94;26,22;6,89;18,73;4,61;;             106,97;
12060032;Falvaterra;Frosinone;1   ;             514;89,84;;166,82;;;2,33;;;             258,99;
12060033;Ferentino;Frosinone;1   ;          20.048;21,26;49,05;34,38;;11,09;44,97;20,01;;             180,76;
12060034;Filettino;Frosinone;1   ;             516;71,05;76,05;135,96;88,96;31,47;137,74;102,60;15,12;             658,95;
12060035;Fiuggi;Frosinone;1   ;          10.082;16,16;47,70;75,19;20,29;26,55;14,03;13,97;;             213,90;
12060036;Fontana Liri;Frosinone;1   ;           2.693;24,26;40,10;;;;;23,03;;              87,40;
12060038;Frosinone;Frosinone;1   ;          43.417;12,86;;41,02;29,27;15,64;55,36;26,66;;             180,81;
12060039;Fumone;Frosinone;1   ;           1.965;35,11;19,13;39,80;;11,70;9,33;2,21;;             117,28;
12060041;Giuliano di Roma;Frosinone;1   ;           2.317;43,58;17,78;43,58;;;2,85;0,59;;             108,38;
12060044;Monte San Giovanni Campano;Frosinone;1   ;          12.009;8,72;24,90;40,38;1,30;3,59;5,90;3,39;11,85;             100,03;
12060045;Morolo;Frosinone;1   ;           3.195;12,99;30,87;76,01;1,01;23,92;25,67;6,08;;             176,56;
12060046;Paliano;Frosinone;1   ;           7.901;10,09;23,61;50,48;7,23;29,95;15,30;20,93;;             157,58;
12060048;Patrica;Frosinone;1   ;           3.071;16,72;15,25;66,88;18,73;9,09;5,94;14,03;;             146,65;
12060049;Pescosolido;Frosinone;1   ;           1.424;10,49;;46,11;19,39;4,58;11,39;4,26;;              96,22;
12060051;Pico;Frosinone;1   ;           2.634;11,43;22,96;57,14;;;31,86;9,02;;             132,41;
12060053;Piglio;Frosinone;1   ;           4.375;17,30;26,78;73,80;0,74;24,21;10,32;26,02;;             179,17;
12060054;Pignataro Interamna;Frosinone;1   ;           2.425;15,10;40,02;86,14;0,42;10,63;27,72;39,35;;             219,37;
12060055;Pofi;Frosinone;1   ;           3.920;40,38;26,84;21,75;;3,84;18,82;4,61;;             116,23;
12060057;Posta Fibreno;Frosinone;1   ;           1.021;34,26;;42,92;34,26;;50,54;3,27;;             165,24;
12060058;Ripi;Frosinone;1   ;           5.006;8,20;33,80;35,55;5,87;12,94;23,52;0,87;19,98;             140,73;
12060060;Roccasecca;Frosinone;1   ;           6.866;7,53;5,32;36,67;1,15;6,25;9,34;14,52;3,57;              84,34;
12060063;San Giorgio a Liri;Frosinone;1   ;           3.005;11,93;12,75;73,22;44,07;33,07;3,64;2,58;4,95;             186,21;
12060064;San Giovanni Incarico;Frosinone;1   ;           3.049;38,35;39,76;16,68;1,60;13,79;18,90;7,87;8,53;             145,49;
12060065;Sant'Ambrogio sul Garigliano;Frosinone;1   ;             876;20,61;6,11;37,44;1,59;4,01;17,33;5,51;21,46;             114,07;
12060066;Sant'Andrea del Garigliano;Frosinone;1   ;           1.292;53,26;;21,74;3,55;1,94;7,38;4,27;;              92,13;
12060067;Sant'Apollinare;Frosinone;1   ;           1.814;21,32;36,06;21,41;;10,12;12,04;7,18;6,62;             114,73;
12060068;Sant'Elia Fiumerapido;Frosinone;1   ;           5.690;10,98;32,12;54,90;12,80;12,89;13,70;;;             137,39;
12060069;Santopadre;Frosinone;1   ;           1.186;30,55;38,44;6,31;;3,15;23,73;6,27;;             108,45;
12060071;Serrone;Frosinone;1   ;           2.996;24,11;30,21;50,02;23,18;18,08;11,91;21,14;;             178,65;
12060073;Sgurgola;Frosinone;1   ;           2.370;11,44;43,17;45,74;2,17;19,06;12,68;7,04;;             141,29;
12060075;Strangolagalli;Frosinone;1   ;           2.306;31,34;;48,76;30,46;0,96;21,65;2,00;;             135,17;
12060076;Supino;Frosinone;1   ;           4.602;8,31;7,08;41,56;17,73;5,61;18,23;23,84;;             122,36;
12060078;Torre Cajetani;Frosinone;1   ;           1.293;12,14;;60,72;34,63;;22,02;5,23;;             134,75;
12060079;Torrice;Frosinone;1   ;           4.692;9,17;20,40;45,85;;7,51;1,59;13,44;;              97,97;
12060080;Trevi nel Lazio;Frosinone;1   ;           1.718;54,99;101,52;13,90;17,81;15,09;20,95;64,55;;             288,82;
12060081;Trivigliano;Frosinone;1   ;           1.613;13,38;3,86;56,33;18,84;4,34;29,04;11,54;;             137,33;
12060082;Vallecorsa;Frosinone;1   ;           2.407;61,48;20,78;40,46;2,01;14,72;10,43;11,62;;             161,50;
12060083;Vallemaio;Frosinone;1   ;             892;30,02;;23,94;18,36;5,73;21,37;7,08;;             106,51;
12060084;Vallerotonda;Frosinone;1   ;           1.396;14,58;67,85;1,25;1,85;;45,82;1,43;;             132,79;
12060085;Veroli;Frosinone;1   ;          19.602;17,75;36,90;45,07;1,22;11,98;10,33;18,54;;             141,79;
12060087;Vico nel Lazio;Frosinone;1   ;           2.058;23,52;25,95;36,00;2,17;7,98;15,40;1,56;;             112,59;
12060090;Villa Santo Stefano;Frosinone;1   ;           1.612;7,88;10,10;14,98;;29,74;28,12;1,01;;              91,84;
07010001;Arenzano;Genova;1   ;          11.074;8,48;35,62;110,25;18,15;49,99;55,77;9,51;;             287,78;
07010003;Bargagli;Genova;1   ;           2.556;9,35;53,39;34,26;1,91;4,58;5,53;11,67;4,16;             124,84;
07010004;Bogliasco;Genova;1   ;           4.418;16,82;25,51;22,49;19,04;71,01;23,87;2,72;;             181,46;
07010005;Borzonasca;Genova;1   ;           1.824;23,39;26,39;44,16;20,12;;16,90;42,68;0,95;             174,58;
07010006;Busalla;Genova;1   ;           5.091;14,62;18,44;50,44;19,71;14,73;39,48;18,51;;             175,92;
07010007;Camogli;Genova;1   ;           4.977;50,17;54,53;103,16;8,38;52,21;25,17;2,22;27,88;             323,73;
07010008;Campo Ligure;Genova;1   ;           2.777;12,19;27,80;28,27;19,83;6,48;21,24;3,83;;             119,63;
07010009;Campomorone;Genova;1   ;           6.476;8,19;14,80;67,80;17,53;11,58;12,70;10,42;;             143,03;
07010010;Carasco;Genova;1   ;           3.726;13,93;;51,07;0,45;6,25;5,76;12,60;0,77;              90,83;
07010011;Casarza Ligure;Genova;1   ;           6.687;7,29;22,43;42,59;15,94;6,12;17,22;15,41;0,22;             127,23;
07010012;Casella;Genova;1   ;           3.098;17,14;41,76;72,32;9,17;10,33;15,50;23,69;;             189,91;
07010013;Castiglione Chiavarese;Genova;1   ;           1.586;32,34;52,08;32,99;6,93;;34,54;8,83;;             167,71;
07010014;Ceranesi;Genova;1   ;           3.591;20,81;14,93;54,50;19,95;;23,01;23,46;;             156,66;
07010016;Cicagna;Genova;1   ;           2.199;11,30;13,42;41,44;13,02;13,05;13,19;25,54;0,63;             131,59;
07010017;Cogoleto;Genova;1   ;           8.453;36,57;17,76;98,72;18,92;52,07;40,36;4,25;;             268,65;
07010018;Cogorno;Genova;1   ;           5.673;17,11;19,14;62,74;19,09;7,74;14,80;21,31;0,95;             162,87;
07010020;Crocefieschi;Genova;1   ;             518;18,03;38,15;130,43;20,71;21,78;45,56;1,78;;             276,44;
07010021;Davagna;Genova;1   ;           1.838;7,59;55,26;29,11;13,76;;30,79;34,29;4,51;             175,31;
07010022;Fascia;Genova;1   ;              70;62,71;30,66;122,00;27,47;14,46;323,23;3,41;;             583,94;
07010023;Favale di Malvaro;Genova;1   ;             428;16,84;19,64;61,72;0,54;7,55;32,74;15,22;0,93;             155,18;
07010024;Fontanigorda;Genova;1   ;             233;32,11;79,48;111,70;16,18;5,45;64,99;46,87;;             356,76;
07010025;Genova;Genova;1   ;         558.745;39,58;65,78;46,11;13,08;30,04;66,26;23,08;;             283,94;
07010026;Gorreto;Genova;1   ;              92;41,05;35,09;169,77;52,18;11,00;94,67;18,12;;             421,89;
07010027;Isola del Cantone;Genova;1   ;           1.385;14,71;35,13;74,95;7,68;14,44;53,30;3,32;;             203,54;
07010028;Lavagna;Genova;1   ;          12.296;12,95;26,05;76,23;18,85;60,25;44,90;32,01;;             271,23;
07010029;Leivi;Genova;1   ;           2.426;14,48;;53,95;12,85;10,47;29,41;15,16;0,93;             137,26;
07010032;Masone;Genova;1   ;           3.358;12,87;29,35;29,85;20,94;5,96;19,16;10,51;;             128,65;
07010033;Mele;Genova;1   ;           2.522;12,31;28,07;28,55;20,02;;23,80;18,60;;             131,35;
07010034;Mezzanego;Genova;1   ;           1.513;14,84;19,31;45,25;16,52;3,31;13,02;34,05;0,83;             147,14;
07010035;Mignanego;Genova;1   ;           3.529;24,88;15,74;49,41;17,21;;26,48;39,60;;             173,32;
07010036;Moconesi;Genova;1   ;           2.428;15,01;9,08;52,82;21,71;9,10;26,54;16,21;2,89;             153,36;
07010037;Moneglia;Genova;1   ;           2.528;43,58;68,77;115,47;33,62;62,97;46,40;43,57;;             414,36;
07010038;Montebruno;Genova;1   ;             200;36,70;41,17;185,04;33,54;5,06;104,74;27,82;;             434,06;
07010039;Montoggio;Genova;1   ;           1.998;14,12;47,42;92,02;10,59;;33,55;16,88;;             214,57;
07010040;Ne;Genova;1   ;           2.128;22,25;85,94;51,48;16,69;;28,30;10,31;0,92;             215,89;
07010041;Neirone;Genova;1   ;             848;19,70;21,63;72,21;21,67;8,83;20,98;22,94;4,04;             191,98;
07010042;Orero;Genova;1   ;             497;14,39;11,00;52,77;12,67;27,12;14,96;22,28;0,80;             155,98;
07010043;Pieve Ligure;Genova;1   ;           2.402;24,22;23,42;76,80;2,52;14,49;28,92;4,70;1,04;             176,10;
07010044;Portofino;Genova;1   ;             355;130,56;87,55;391,25;30,87;280,27;134,73;173,45;;           1.228,68;
07010045;Propata;Genova;1   ;             118;37,69;61,03;77,97;11,75;8,58;183,45;1,64;;             382,12;
07010047;Recco;Genova;1   ;           9.399;37,56;26,09;79,77;20,64;24,53;30,34;11,10;8,12;             238,14;
07010048;Rezzoaglio;Genova;1   ;             862;28,60;69,76;75,89;11,64;;20,85;48,39;3,58;             258,71;
07010049;Ronco Scrivia;Genova;1   ;           4.151;9,06;38,01;86,34;15,80;10,12;29,49;3,58;;             192,41;
07010051;Rossiglione;Genova;1   ;           2.523;14,60;33,29;33,86;23,74;12,13;21,45;;;             139,07;
07010052;Rovegno;Genova;1   ;             486;49,69;42,93;245,31;27,91;4,16;22,25;;;             392,26;
07010053;San Colombano Certenoli;Genova;1   ;           2.625;12,80;11,05;46,91;20,09;5,74;8,04;12,95;0,71;             118,28;
07010054;Santa Margherita Ligure;Genova;1   ;           8.515;42,10;67,98;105,50;57,11;45,68;83,57;38,35;;             440,31;
07010056;Santo Stefano d'Aveto;Genova;1   ;             998;42,24;128,99;85,50;10,05;5,86;36,58;12,90;;             322,13;
07010055;Sant'Olcese;Genova;1   ;           5.567;8,40;16,44;61,10;16,49;3,23;23,13;;;             128,78;
07010057;Savignone;Genova;1   ;           3.015;8,76;54,43;62,95;9,06;13,93;56,74;50,04;;             255,91;
07010058;Serra Ricco;Genova;1   ;           7.533;12,19;12,05;;;5,31;28,73;20,07;;              78,34;
07010059;Sestri Levante;Genova;1   ;          17.349;18,77;24,24;80,39;31,73;43,11;21,96;9,17;;             229,36;
07010060;Sori;Genova;1   ;           3.992;28,20;14,33;75,37;12,02;30,57;26,00;17,42;;             203,92;
07010061;Tiglieto;Genova;1   ;             473;22,29;50,82;51,69;36,25;;30,49;13,96;;             205,50;
07010063;Tribogna;Genova;1   ;             580;25,09;;74,58;0,59;8,17;23,74;17,27;1,01;             150,45;
07010064;Uscio;Genova;1   ;           2.119;18,51;;34,66;23,20;11,17;19,96;11,69;;             119,19;
07010065;Valbrevenna;Genova;1   ;             742;11,24;45,29;54,86;22,36;;43,09;50,96;;             227,80;
07010066;Vobbia;Genova;1   ;             373;10,43;79,29;79,86;20,01;;91,64;6,80;;             288,02;
07010067;Zoagli;Genova;1   ;           2.317;33,25;;48,73;37,46;41,01;17,53;18,21;1,77;             197,97;
06031001;Capriva del Friuli;Gorizia;1   ;           1.639;19,35;18,62;36,70;32,66;0,89;13,54;11,63;1,08;             134,48;
06031002;Cormons;Gorizia;1   ;           7.135;22,01;19,12;40,01;32,26;16,37;12,66;14,41;1,20;             158,04;
06031003;Doberdo del Lago;Gorizia;1   ;           1.340;20,13;13,49;43,74;33,14;3,42;11,24;14,46;7,15;             146,78;
06031004;Dolegna del Collio;Gorizia;1   ;             306;34,58;25,60;68,44;35,87;6,56;24,09;24,54;1,88;             221,55;
06031005;Farra d'Isonzo;Gorizia;1   ;           1.678;20,71;15,05;35,21;29,72;;13,93;12,03;1,15;             127,79;
06031006;Fogliano Redipuglia;Gorizia;1   ;           2.995;20,74;15,88;38,27;34,78;2,88;16,15;16,54;9,43;             154,67;
06031007;Gorizia;Gorizia;1   ;          33.506;24,81;26,35;50,76;26,81;26,87;13,66;16,10;1,24;             186,60;
06031008;Gradisca d'Isonzo;Gorizia;1   ;           6.430;24,85;21,87;39,01;30,95;12,74;13,95;15,72;1,19;             160,28;
06031009;Grado;Gorizia;1   ;           7.658;42,62;48,76;91,79;59,97;63,10;29,72;46,73;10,22;             392,91;
06031010;Mariano del Friuli;Gorizia;1   ;           1.450;23,88;21,76;38,47;31,58;0,01;12,12;14,56;1,25;             143,63;
06031011;Medea;Gorizia;1   ;             948;22,24;18,47;39,75;38,32;4,96;17,01;16,83;6,02;             163,60;
06031012;Monfalcone;Gorizia;1   ;          29.479;23,90;25,46;45,59;28,78;20,65;3,49;11,93;0,86;             160,66;
06031013;Moraro;Gorizia;1   ;             702;21,70;13,75;36,53;39,35;7,00;13,39;16,87;1,16;             149,74;
06031014;Mossa;Gorizia;1   ;           1.526;19,78;16,02;36,34;30,53;0,60;14,05;13,83;1,10;             132,26;
06031015;Romans d'Isonzo;Gorizia;1   ;           3.622;21,75;12,49;39,32;30,16;13,69;12,12;20,45;1,21;             151,19;
06031016;Ronchi dei Legionari;Gorizia;1   ;          11.780;20,55;17,54;44,42;34,80;12,57;8,88;18,17;1,13;             158,05;
06031017;Sagrado;Gorizia;1   ;           2.166;19,87;14,75;41,46;29,44;1,09;13,22;13,36;2,73;             135,93;
06031018;San Canzian d'Isonzo;Gorizia;1   ;           6.013;19,62;14,32;31,25;27,81;9,36;35,78;16,76;2,21;             157,12;
06031019;San Floriano del Collio;Gorizia;1   ;             729;21,36;14,30;38,20;23,93;7,57;15,25;10,82;1,18;             132,61;
06031020;San Lorenzo Isontino;Gorizia;1   ;           1.514;20,25;15,86;35,19;31,68;5,63;12,06;13,76;1,12;             135,56;
06031021;San Pier d'Isonzo;Gorizia;1   ;           1.969;19,53;14,09;36,48;32,07;2,62;9,30;12,57;11,51;             138,16;
06031022;Savogna d'Isonzo;Gorizia;1   ;           1.694;18,30;16,17;31,14;19,57;2,73;10,71;11,24;1,03;             110,89;
06031023;Staranzano;Gorizia;1   ;           7.136;20,91;17,55;41,75;41,84;9,34;6,46;14,58;7,93;             160,35;
06031024;Turriaco;Gorizia;1   ;           2.754;20,27;12,01;47,29;28,15;0,13;13,72;12,61;5,24;             139,43;
06031025;Villesse;Gorizia;1   ;           1.615;34,01;44,38;69,95;48,21;0,46;11,76;14,70;1,36;             224,85;
09053001;Arcidosso;Grosseto;1   ;           4.165;39,06;3,47;59,94;29,24;38,32;22,93;41,20;;             234,15;
09053002;Campagnatico;Grosseto;1   ;           2.345;44,14;16,59;47,38;33,46;43,35;34,06;18,10;;             237,08;
09053003;Capalbio;Grosseto;1   ;           3.838;71,95;86,04;54,83;79,79;36,89;42,81;31,28;;             403,59;
09053004;Castel del Piano;Grosseto;1   ;           4.733;34,77;22,42;56,31;42,06;24,69;19,93;31,95;;             232,13;
09053005;Castell'Azzara;Grosseto;1   ;           1.307;18,87;14,16;103,60;31,67;26,45;37,36;9,16;0,66;             241,91;
09053006;Castiglione della Pescaia;Grosseto;1   ;           7.121;108,53;80,91;106,43;139,53;103,01;45,11;32,60;8,41;             624,52;
09053007;Cinigiano;Grosseto;1   ;           2.384;40,24;17,10;64,31;34,67;39,60;32,30;27,65;2,67;             258,53;
09053008;Civitella Paganico;Grosseto;1   ;           2.900;43,68;25,64;82,00;45,07;30,22;36,46;20,98;3,13;             287,18;
09053009;Follonica;Grosseto;1   ;          20.399;34,89;27,92;103,13;60,25;50,32;27,99;36,42;1,06;             341,97;
09053011;Grosseto;Grosseto;1   ;          81.321;25,65;29,36;41,60;46,39;30,28;14,96;15,04;0,47;             203,74;
09053012;Isola del Giglio;Grosseto;1   ;           1.330;64,87;85,50;109,97;97,17;83,74;52,28;22,42;;             515,95;
09053013;Magliano in Toscana;Grosseto;1   ;           3.286;56,75;12,47;121,60;34,73;32,81;39,71;19,66;;             317,73;
09053015;Massa Marittima;Grosseto;1   ;           8.139;33,77;29,61;72,52;52,17;43,53;30,98;7,00;2,56;             272,14;
09053027;Monterotondo Marittimo;Grosseto;1   ;           1.283;59,58;9,43;110,62;37,37;36,78;25,44;9,59;;             288,82;
09053017;Montieri;Grosseto;1   ;           1.194;26,84;12,58;105,40;33,66;24,46;17,88;8,64;0,32;             229,78;
09053020;Roccalbegna;Grosseto;1   ;             918;55,70;21,46;69,54;37,34;44,07;37,91;25,53;0,50;             292,04;
09053021;Roccastrada;Grosseto;1   ;           8.747;24,24;21,63;85,52;40,42;22,19;31,24;24,89;1,66;             251,77;
09053022;Santa Fiora;Grosseto;1   ;           2.490;39,59;36,47;49,18;49,82;40,02;24,57;24,39;;             264,05;
09053023;Scansano;Grosseto;1   ;           4.310;44,26;24,35;91,02;40,33;40,46;25,38;11,48;;             277,29;
09053024;Scarlino;Grosseto;1   ;           3.746;42,80;45,38;118,65;88,62;42,11;41,16;82,34;5,61;             466,67;
09053025;Seggiano;Grosseto;1   ;             970;50,24;57,96;33,10;56,77;21,93;29,66;28,35;;             278,01;
09053028;Semproniano;Grosseto;1   ;             962;53,26;13,59;64,06;33,93;51,41;59,51;22,98;;             298,75;
09053026;Sorano;Grosseto;1   ;           3.038;32,06;13,89;89,06;29,76;16,57;28,18;21,49;0,59;             231,61;
07008003;Aquila d'Arroscia;Imperia;1   ;             142;23,83;11,48;95,33;;9,93;78,20;10,15;8,46;             237,38;
07008004;Armo;Imperia;1   ;             117;13,34;11,92;80,02;;40,65;28,02;7,97;5,09;             187,01;
07008006;Badalucco;Imperia;1   ;           1.072;23,41;16,81;50,53;2,08;15,87;39,83;1,36;;             149,88;
07008007;Bajardo;Imperia;1   ;             382;;35,48;;4,20;35,99;50,05;;11,97;             137,69;
07008009;Borghetto d'Arroscia;Imperia;1   ;             400;29,56;12,61;118,24;;;48,99;63,42;7,97;             280,79;
07008010;Borgomaro;Imperia;1   ;             815;19,85;22,78;95,63;;31,61;45,25;9,05;11,77;             235,95;
07008012;Caravonica;Imperia;1   ;             254;23,41;16,86;91,57;3,95;68,58;55,40;13,08;;             272,85;
07008014;Castellaro;Imperia;1   ;           1.286;19,39;19,27;38,25;4,99;16,23;26,50;1,22;6,35;             132,20;
07008017;Cervo;Imperia;1   ;           1.086;23,25;115,66;195,69;20,78;71,42;70,17;21,87;;             518,85;
07008020;Chiusavecchia;Imperia;1   ;             513;18,19;25,43;87,38;;13,76;60,09;13,99;13,94;             232,78;
07008021;Cipressa;Imperia;1   ;           1.201;35,77;38,59;84,15;13,30;23,56;105,98;10,00;;             311,34;
07008022;Civezza;Imperia;1   ;             620;40,47;29,07;87,36;3,59;27,44;68,86;2,35;;             259,15;
07008023;Cosio d'Arroscia;Imperia;1   ;             171;12,22;19,75;73,27;;32,65;117,78;7,30;12,44;             275,42;
07008026;Diano Castello;Imperia;1   ;           2.252;10,42;40,03;84,33;0,39;30,78;52,82;19,09;16,18;             254,04;
07008027;Diano Marina;Imperia;1   ;           5.542;25,45;120,80;217,07;6,66;79,00;67,06;126,47;;             642,51;
07008028;Diano San Pietro;Imperia;1   ;           1.081;11,30;81,68;95,12;;34,72;20,45;0,86;;             244,13;
07008031;Imperia;Imperia;1   ;          42.060;15,14;20,15;117,93;11,28;43,15;26,31;73,57;;             307,54;
07008033;Lucinasco;Imperia;1   ;             295;17,99;13,84;72,79;;;47,28;9,74;;             161,65;
07008035;Molini di Triora;Imperia;1   ;             613;48,28;19,25;83,00;8,61;;21,48;55,99;;             236,60;
07008068;Montalto Carpasio;Imperia;1   ;             510;34,06;16,42;57,15;6,47;50,00;84,17;5,27;15,18;             268,70;
07008037;Montegrosso Pian Latte;Imperia;1   ;             112;45,12;22,51;135,55;;22,52;53,70;13,51;8,11;             301,01;
07008041;Pietrabruna;Imperia;1   ;             456;;38,24;;4,14;0,12;19,04;;11,85;              73,39;
07008042;Pieve di Teco;Imperia;1   ;           1.300;18,96;34,38;77,93;;25,69;66,31;29,72;11,83;             264,83;
07008045;Pontedassio;Imperia;1   ;           2.356;17,23;38,59;69,95;2,73;8,51;11,09;22,27;10,36;             180,73;
07008047;Prela ;Imperia;1   ;             471;90,61;17,09;120,70;4,19;35,59;49,29;17,23;;             334,69;
07008048;Ranzo;Imperia;1   ;             562;17,36;13,41;87,01;;3,81;18,10;12,46;5,34;             157,49;
07008049;Rezzo;Imperia;1   ;             313;32,15;17,50;126,38;;35,67;62,15;12,57;3,98;             290,40;
07008050;Riva Ligure;Imperia;1   ;           2.805;18,29;23,59;89,40;;51,36;60,19;25,42;3,88;             272,14;
07008052;San Bartolomeo al Mare;Imperia;1   ;           2.950;22,77;114,52;191,65;;69,95;61,13;44,56;30,82;             535,40;
07008054;San Lorenzo al Mare;Imperia;1   ;           1.211;55,62;23,33;183,39;36,74;69,62;107,88;59,21;9,74;             545,52;
07008055;Sanremo;Imperia;1   ;          52.787;38,70;30,79;85,15;16,15;53,11;69,59;36,43;13,61;             343,53;
07008056;Santo Stefano al Mare;Imperia;1   ;           2.008;51,55;30,59;116,79;39,53;35,92;77,11;3,50;11,98;             366,97;
07008059;Taggia;Imperia;1   ;          13.760;24,99;27,68;74,62;27,12;45,31;33,67;56,00;;             289,39;
07008060;Terzorio;Imperia;1   ;             230;6,98;32,87;21,17;;59,43;107,75;3,09;9,41;             240,70;
07008061;Triora;Imperia;1   ;             373;56,87;;103,68;;98,20;123,12;16,99;;             398,87;
07008064;Vasia;Imperia;1   ;             371;;103,01;;54,07;55,62;26,60;1,51;;             240,82;
07008066;Vessalico;Imperia;1   ;             255;24,94;37,89;124,65;;12,96;39,12;17,33;10,14;             267,03;
07008067;Villa Faraldi;Imperia;1   ;             446;12,50;30,39;105,21;;38,40;52,32;21,81;13,40;             274,04;
14094003;Bagnoli del Trigno;Isernia;1   ;             637;23,55;55,73;10,99;;23,55;40,00;14,41;;             168,23;
14094006;Capracotta;Isernia;1   ;             799;32,66;22,09;84,74;;27,16;48,37;8,03;0,36;             223,40;
14094007;Carovilli;Isernia;1   ;           1.243;21,36;;54,63;;3,53;21,39;3,42;3,36;             107,68;
14094008;Carpinone;Isernia;1   ;           1.036;10,43;16,69;33,77;;29,99;16,93;10,70;1,80;             120,32;
14094012;Castel San Vincenzo;Isernia;1   ;             440;63,02;25,99;13,68;;;60,33;22,80;;             185,81;
14094011;Castelpizzuto;Isernia;1   ;             131;66,72;34,41;;;;53,31;81,52;;             235,95;
14094013;Castelverrino;Isernia;1   ;              98;30,66;17,45;121,98;;47,32;34,29;;;             251,69;
14094014;Cerro al Volturno;Isernia;1   ;           1.145;16,51;26,57;34,37;;15,36;35,16;;;             127,97;
14094015;Chiauci;Isernia;1   ;             198;63,56;4,78;9,49;;;60,21;18,27;0,42;             156,74;
14094016;Civitanova del Sannio;Isernia;1   ;             879;15,13;17,54;52,95;;1,92;12,58;3,28;2,06;             105,46;
14094019;Filignano;Isernia;1   ;             574;10,79;18,75;46,43;;;19,48;14,91;1,50;             111,84;
14094020;Forli del Sannio;Isernia;1   ;             620;11,33;15,80;26,30;;12,67;14,30;20,18;1,32;             101,91;
14094021;Fornelli;Isernia;1   ;           1.804;;;57,48;;33,63;18,02;1,32;;             110,45;
14094023;Isernia;Isernia;1   ;          20.617;18,99;26,19;27,49;;18,02;16,92;4,10;;             111,70;
14094026;Macchiagodena;Isernia;1   ;           1.648;23,06;19,04;14,58;;7,75;12,91;5,06;1,26;              83,65;
14094027;Miranda;Isernia;1   ;             952;11,59;11,49;33,61;7,67;47,05;54,73;7,93;5,25;             179,32;
14094028;Montaquila;Isernia;1   ;           2.280;6,39;20,21;35,51;;1,79;18,18;14,71;1,18;              97,96;
14094032;Pescolanciano;Isernia;1   ;             788;14,15;22,54;44,79;;11,32;12,91;5,38;2,01;             113,09;
14094033;Pescopennataro;Isernia;1   ;             239;15,14;21,08;83,43;;10,49;20,25;5,98;3,50;             159,87;
14094035;Pietrabbondante;Isernia;1   ;             606;26,51;8,53;18,98;;25,77;26,43;19,54;0,76;             126,52;
14094038;Pozzilli;Isernia;1   ;           2.190;19,25;25,40;53,89;;1,88;18,93;11,02;2,51;             132,87;
14094041;Roccasicura;Isernia;1   ;             485;46,72;4,80;9,54;;18,77;26,09;18,11;0,43;             124,47;
14094042;Rocchetta a Volturno;Isernia;1   ;           1.092;15,41;3,56;27,05;3,38;43,71;35,40;10,27;;             138,78;
14094046;Sant'Angelo del Pesco;Isernia;1   ;             326;22,68;36,13;71,79;;12,92;57,53;10,54;3,21;             214,80;
14094047;Sant'Elena Sannita;Isernia;1   ;             292;2,50;;;;30,97;142,29;1,62;;             177,37;
14094048;Scapoli;Isernia;1   ;             586;22,01;26,43;18,68;;13,00;27,19;1,65;1,66;             110,63;
14094049;Sessano del Molise;Isernia;1   ;             666;22,66;30,97;11,43;;6,78;11,75;41,39;0,37;             125,34;
14094050;Sesto Campano;Isernia;1   ;           2.148;10,46;13,36;15,25;5,05;12,76;9,02;13,20;0,99;              80,09;
14094051;Vastogirardi;Isernia;1   ;             627;17,80;20,04;70,08;;;30,02;12,34;2,65;             152,92;
14094052;Venafro;Isernia;1   ;          10.852;10,38;36,22;44,90;;13,20;24,84;2,01;2,65;             134,19;
07011001;Ameglia;La Spezia;1   ;           4.293;27,70;18,55;122,78;34,00;64,59;83,63;69,06;5,54;             425,86;
07011002;Arcola;La Spezia;1   ;          10.147;18,38;18,98;58,32;19,11;10,63;23,12;25,79;0,83;             175,15;
07011003;Beverino;La Spezia;1   ;           2.263;21,70;10,55;84,55;13,96;;18,21;10,50;1,28;             160,75;
07011004;Bolano;La Spezia;1   ;           7.433;15,53;21,89;70,70;20,48;;20,56;8,65;1,63;             159,44;
07011005;Bonassola;La Spezia;1   ;             794;56,64;50,64;229,13;30,93;119,07;69,32;72,31;0,35;             628,38;
07011007;Brugnato;La Spezia;1   ;           1.283;30,07;49,32;168,10;32,42;2,23;52,04;66,11;;             400,31;
07011009;Carro;La Spezia;1   ;             485;33,08;19,64;130,69;14,05;;49,36;10,62;;             257,44;
07011011;Castelnuovo Magra;La Spezia;1   ;           8.262;15,03;16,51;66,37;19,84;1,52;24,40;14,75;3,36;             161,77;
07011012;Deiva Marina;La Spezia;1   ;           1.268;136,17;68,24;143,59;39,74;15,45;48,35;40,95;2,43;             494,91;
07011013;Follo;La Spezia;1   ;           6.087;10,27;7,25;56,89;23,18;23,61;23,62;20,89;5,22;             170,93;
07011014;Framura;La Spezia;1   ;             577;121,17;37,73;232,83;37,82;14,25;107,22;31,42;;             582,44;
07011015;La Spezia;La Spezia;1   ;          92.119;23,13;21,97;68,47;25,81;44,19;40,85;20,86;7,26;             252,55;
07011017;Levanto;La Spezia;1   ;           5.140;28,63;49,77;91,17;13,61;89,54;30,06;24,32;;             327,10;
07011020;Luni;La Spezia;1   ;           8.120;17,50;15,11;67,53;18,95;2,46;20,97;21,16;;             163,67;
07011018;Maissana;La Spezia;1   ;             576;49,36;26,46;30,60;8,41;;63,25;9,12;;             187,20;
07011019;Monterosso al Mare;La Spezia;1   ;           1.350;334,56;37,37;353,95;34,08;20,11;113,69;24,77;;             918,55;
07011021;Pignone;La Spezia;1   ;             514;21,88;13,88;;;47,62;68,08;30,13;;             181,59;
07011024;Riomaggiore;La Spezia;1   ;           1.326;47,78;47,91;223,12;27,81;229,93;88,81;44,77;180,99;             891,13;
07011025;Rocchetta di Vara;La Spezia;1   ;             663;86,84;21,84;63,67;12,52;12,89;42,23;4,00;;             243,99;
07011028;Sesta Godano;La Spezia;1   ;           1.275;22,82;20,94;94,44;12,50;19,71;37,21;26,97;2,36;             236,95;
07011030;Vernazza;La Spezia;1   ;             729;51,16;50,26;237,63;38,18;109,10;60,45;117,50;173,88;             838,18;
07011031;Vezzano Ligure;La Spezia;1   ;           7.131;16,71;18,56;69,56;20,59;20,76;29,42;39,11;10,58;             225,30;
13066002;Aielli;L'Aquila;1   ;           1.395;32,44;29,04;44,06;12,30;;35,02;6,23;;             159,10;
13066003;Alfedena;L'Aquila;1   ;             944;40,02;19,22;43,05;20,92;21,60;21,64;14,96;13,60;             195,01;
13066005;Ateleta;L'Aquila;1   ;           1.103;16,35;5,51;73,44;15,12;9,35;42,12;23,44;;             185,33;
13066006;Avezzano;L'Aquila;1   ;          40.661;15,49;16,32;60,99;21,07;17,42;27,61;3,13;;             162,03;
13066007;Balsorano;L'Aquila;1   ;           3.265;10,19;12,65;53,10;17,44;;27,81;14,42;;             135,60;
13066010;Barrea;L'Aquila;1   ;             710;8,99;9,32;67,38;20,28;19,58;40,94;22,62;;             189,12;
13066013;Cagnano Amiterno;L'Aquila;1   ;           1.125;2,46;19,06;51,30;5,09;;20,22;13,55;;             111,69;
13066016;Campotosto;L'Aquila;1   ;             458;167,71;39,71;3,24;;9,26;13,93;9,67;2,15;             245,67;
13066021;Capitignano;L'Aquila;1   ;             621;47,61;38,79;29,43;3,86;14,68;54,42;12,35;;             201,15;
13066023;Cappadocia;L'Aquila;1   ;             575;289,48;88,48;101,54;9,83;;127,86;15,93;;             633,12;
13066025;Carsoli;L'Aquila;1   ;           5.007;35,62;28,10;59,83;11,79;;51,53;4,54;;             191,41;
13066032;Celano;L'Aquila;1   ;          10.186;13,19;16,10;64,23;8,68;26,00;13,70;6,52;;             148,43;
13066036;Civitella Roveto;L'Aquila;1   ;           3.016;11,24;13,66;58,55;20,07;;20,66;5,98;;             130,16;
13066039;Collelongo;L'Aquila;1   ;           1.108;9,95;15,78;73,24;0,77;6,33;33,76;19,56;;             159,38;
13066046;Gioia dei Marsi;L'Aquila;1   ;           1.680;48,04;20,70;77,66;10,82;2,88;44,44;6,69;;             211,22;
13066049;L'Aquila;L'Aquila;1   ;          69.558;45,47;33,21;45,49;12,27;7,95;44,65;5,47;;             194,51;
13066052;Lucoli;L'Aquila;1   ;             839;28,31;28,64;153,74;31,60;;47,98;22,21;;             312,48;
13066053;Magliano de' Marsi;L'Aquila;1   ;           3.513;27,35;15,29;61,54;17,65;3,42;8,06;12,05;;             145,37;
13066054;Massa d'Albe;L'Aquila;1   ;           1.345;32,27;23,24;53,72;5,86;;43,20;6,35;;             164,64;
13066056;Montereale;L'Aquila;1   ;           2.197;60,13;63,51;22,95;10,01;;30,63;10,18;-3,50;             193,92;
13066057;Morino;L'Aquila;1   ;           1.303;12,12;12,37;63,18;24,66;;34,63;16,33;;             163,29;
13066062;Oricola;L'Aquila;1   ;           1.250;28,81;32,36;83,81;15,42;10,28;65,50;9,04;;             245,22;
13066063;Ortona dei Marsi;L'Aquila;1   ;             408;33,84;16,31;87,07;12,46;;67,94;19,17;;             236,79;
13066065;Ovindoli;L'Aquila;1   ;           1.167;23,29;21,04;129,84;49,64;12,75;12,67;17,18;;             266,41;
13066067;Pereto;L'Aquila;1   ;             639;24,43;23,62;83,86;11,60;19,99;65,08;13,56;;             242,14;
13066068;Pescasseroli;L'Aquila;1   ;           2.068;14,19;58,08;69,27;27,89;31,39;88,53;23,84;4,93;             318,13;
13066069;Pescina;L'Aquila;1   ;           3.724;10,50;29,86;52,49;7,54;20,21;17,87;24,33;;             162,80;
13066070;Pescocostanzo;L'Aquila;1   ;           1.081;39,26;4,27;50,68;76,69;44,28;84,31;3,41;;             302,90;
13066072;Pizzoli;L'Aquila;1   ;           4.270;2,05;17,71;28,56;5,18;;58,79;8,87;-3,65;             117,52;
13066075;Pratola Peligna;L'Aquila;1   ;           7.039;12,04;9,21;55,01;26,25;22,86;8,91;5,70;;             139,98;
13066078;Rivisondoli;L'Aquila;1   ;             676;48,91;51,04;246,37;0,90;151,96;51,64;52,62;;             603,44;
13066080;Rocca di Botte;L'Aquila;1   ;             866;33,51;21,08;73,34;12,92;;56,01;10,90;;             207,76;
13066082;Rocca di Mezzo;L'Aquila;1   ;           1.355;25,03;30,99;136,44;41,83;80,38;40,60;46,18;;             401,45;
13066084;Roccaraso;L'Aquila;1   ;           1.486;10,17;29,00;159,34;58,35;50,23;54,67;87,29;;             449,06;
13066085;San Benedetto dei Marsi;L'Aquila;1   ;           3.703;17,79;;26,61;;;3,87;4,27;;              52,54;
13066088;San Pio delle Camere;L'Aquila;1   ;             656;54,65;;28,23;7,67;12,44;50,68;16,94;9,15;             179,75;
13066092;San Vincenzo Valle Roveto;L'Aquila;1   ;           2.087;11,95;15,45;62,25;18,24;16,50;32,37;6,61;;             163,37;
13066095;Scoppito;L'Aquila;1   ;           3.740;20,56;9,85;58,39;13,56;;38,85;21,76;;             162,97;
13066099;Tagliacozzo;L'Aquila;1   ;           6.436;14,46;24,33;75,37;28,35;23,95;39,54;4,50;;             210,50;
13066102;Trasacco;L'Aquila;1   ;           5.808;12,31;16,44;56,93;0,30;;;;;              85,98;
13066106;Villavallelonga;L'Aquila;1   ;             830;11,31;17,69;92,73;0,60;7,92;34,17;19,13;;             183,55;
13066107;Villetta Barrea;L'Aquila;1   ;             602;10,02;12,46;50,07;49,20;21,94;42,64;31,84;;             218,16;
12059001;Aprilia;Latina;1   ;          74.126;16,59;16,89;66,96;27,26;15,23;22,33;12,04;;             177,31;
12059002;Bassiano;Latina;1   ;           1.440;29,30;36,71;63,24;9,40;35,53;9,59;4,08;;             187,84;
12059003;Campodimele;Latina;1   ;             560;26,32;64,32;40,44;;0,90;11,28;9,15;;             152,40;
12059005;Cisterna di Latina;Latina;1   ;          36.159;87,65;13,54;32,33;;3,27;29,69;41,22;;             207,70;
12059006;Cori;Latina;1   ;          10.366;12,02;12,70;56,19;18,67;31,15;3,66;;28,74;             163,12;
12059007;Fondi;Latina;1   ;          39.550;11,30;59,03;53,49;25,23;10,55;12,50;14,65;0,83;             187,58;
12059008;Formia;Latina;1   ;          37.136;10,15;28,25;51,71;33,76;23,27;23,44;19,00;2,78;             192,36;
12059009;Gaeta;Latina;1   ;          19.423;33,73;26,76;93,27;31,22;27,69;59,15;59,29;;             331,11;
12059010;Itri;Latina;1   ;          10.357;11,80;13,40;57,25;24,81;29,61;17,22;35,93;1,45;             191,46;
12059011;Latina;Latina;1   ;         127.564;26,74;41,39;27,30;10,22;25,13;28,18;27,79;23,20;             209,95;
12059012;Lenola;Latina;1   ;           4.055;17,50;15,99;48,43;17,29;0,74;4,16;14,93;;             119,04;
12059013;Maenza;Latina;1   ;           2.952;13,50;12,57;54,03;21,64;12,98;3,87;0,88;;             119,47;
12059014;Minturno;Latina;1   ;          20.268;27,80;91,09;39,75;13,64;17,99;19,72;35,43;5,21;             250,63;
12059017;Pontinia;Latina;1   ;          15.046;15,26;24,33;21,68;8,52;38,52;10,73;12,57;5,84;             137,46;
12059018;Ponza;Latina;1   ;           3.289;81,19;85,38;56,40;7,25;54,33;4,96;29,52;;             319,03;
12059019;Priverno;Latina;1   ;          13.735;14,11;14,18;49,96;24,02;10,48;3,94;33,46;;             150,15;
12059020;Prossedi;Latina;1   ;           1.137;61,25;;61,25;15,94;9,41;12,16;1,25;;             161,25;
12059022;Rocca Massima;Latina;1   ;           1.064;38,56;35,30;;;27,01;103,50;40,61;;             244,99;
12059021;Roccagorga;Latina;1   ;           4.169;13,67;30,51;61,52;;10,74;11,41;3,29;1,47;             132,62;
12059024;Sabaudia;Latina;1   ;          19.434;14,36;22,79;57,41;27,80;28,35;27,88;7,58;;             186,16;
12059025;San Felice Circeo;Latina;1   ;          10.137;20,85;36,62;94,60;31,62;28,64;33,23;19,06;29,14;             293,76;
12059026;Santi Cosma e Damiano;Latina;1   ;           6.885;13,71;43,28;47,21;;0,38;13,54;20,68;;             138,81;
12059027;Sermoneta;Latina;1   ;          10.037;12,46;19,79;56,62;23,15;9,84;7,41;12,76;;             142,03;
12059028;Sezze;Latina;1   ;          23.697;47,58;;48,74;39,59;;9,25;0,98;;             146,15;
12059029;Sonnino;Latina;1   ;           7.352;15,83;11,46;63,30;2,34;2,95;30,36;9,05;;             135,29;
12059030;Sperlonga;Latina;1   ;           3.050;10,85;66,75;163,62;34,20;61,48;2,01;2,49;;             341,40;
12059031;Spigno Saturnia;Latina;1   ;           2.852;12,12;26,38;58,81;;19,26;9,02;20,39;;             145,98;
12059032;Terracina;Latina;1   ;          44.720;16,96;;82,39;53,38;21,81;15,96;8,68;2,46;             201,65;
12059033;Ventotene;Latina;1   ;             704;135,47;97,40;69,00;11,93;78,45;45,53;3,23;;             441,01;
16075002;Alessano;Lecce;1   ;           6.009;16,54;25,67;62,97;17,50;19,82;18,72;21,02;;             182,24;
16075003;Alezio;Lecce;1   ;           5.620;24,89;6,14;73,56;40,85;24,39;9,12;4,82;;             183,77;
16075004;Alliste;Lecce;1   ;           6.418;15,29;8,19;73,50;53,66;24,82;24,03;5,20;;             204,68;
16075006;Aradeo;Lecce;1   ;           8.847;10,59;7,63;69,82;42,90;24,77;20,64;1,75;;             178,10;
16075007;Arnesano;Lecce;1   ;           3.926;15,92;8,26;79,60;38,47;33,18;30,13;47,08;;             252,64;
16075008;Bagnolo del Salento;Lecce;1   ;           1.756;38,04;27,88;34,87;1,25;8,02;23,58;30,69;;             164,32;
16075009;Botrugno;Lecce;1   ;           2.627;15,26;20,31;65,56;37,33;9,62;37,25;13,56;;             198,89;
16075010;Calimera;Lecce;1   ;           6.697;20,60;11,16;39,23;28,62;23,10;31,68;4,64;;             159,04;
16075011;Campi Salentina;Lecce;1   ;           9.777;7,13;15,48;58,01;54,49;19,20;43,11;2,26;;             199,68;
16075014;Carmiano;Lecce;1   ;          11.655;15,07;8,55;75,47;43,55;26,93;8,62;1,67;;             179,85;
16075015;Carpignano Salentino;Lecce;1   ;           3.637;14,85;11,99;57,72;30,18;15,05;21,09;36,35;;             187,23;
16075016;Casarano;Lecce;1   ;          19.220;21,12;18,65;49,39;33,98;18,75;18,19;19,57;;             179,64;
16075018;Castrignano de' Greci;Lecce;1   ;           3.667;20,63;21,10;75,28;23,89;27,83;12,42;9,16;;             190,31;
16075019;Castrignano del Capo;Lecce;1   ;           5.125;24,14;27,01;96,27;22,15;39,92;21,76;53,79;3,14;             288,19;
16075096;Castro;Lecce;1   ;           2.391;33,44;68,13;87,74;21,57;22,76;19,26;65,45;;             318,35;
16075020;Cavallino;Lecce;1   ;          12.931;19,77;11,80;37,18;26,62;10,28;26,28;31,65;;             163,58;
16075021;Collepasso;Lecce;1   ;           5.607;10,36;15,49;67,14;36,82;28,98;21,44;22,08;;             202,31;
16075022;Copertino;Lecce;1   ;          23.033;12,96;5,50;59,86;34,80;42,29;12,20;1,65;;             169,27;
16075023;Corigliano d'Otranto;Lecce;1   ;           5.653;11,39;31,64;48,41;16,35;22,78;11,31;17,57;;             159,46;
16075024;Corsano;Lecce;1   ;           5.138;13,73;18,18;50,39;15,20;22,09;17,92;18,53;;             156,05;
16075025;Cursi;Lecce;1   ;           3.873;14,77;17,80;57,27;20,27;10,29;19,17;21,58;;             161,16;
16075027;Diso;Lecce;1   ;           2.833;15,81;21,81;63,39;46,10;16,09;25,39;18,40;;             206,98;
16075028;Gagliano del Capo;Lecce;1   ;           4.843;14,84;20,73;53,36;18,08;22,25;19,75;28,46;7,46;             184,94;
16075029;Galatina;Lecce;1   ;          25.660;14,47;6,29;69,65;42,57;35,55;8,53;30,84;;             207,91;
16075030;Galatone;Lecce;1   ;          14.966;11,80;9,79;63,41;32,11;33,35;24,45;23,16;;             198,06;
16075031;Gallipoli;Lecce;1   ;          19.353;23,30;14,95;104,91;58,85;68,94;37,82;76,11;1,46;             386,33;
16075035;Lecce;Lecce;1   ;          94.517;19,71;7,88;49,64;53,20;39,25;54,64;54,48;19,54;             298,34;
16075036;Lequile;Lecce;1   ;           8.650;18,79;2,15;50,23;36,46;29,62;10,11;4,32;;             151,68;
16075037;Leverano;Lecce;1   ;          13.487;14,45;4,97;72,24;34,81;18,19;21,05;2,02;;             167,73;
16075038;Lizzanello;Lecce;1   ;          11.732;15,08;33,18;69,29;;7,29;24,47;43,97;0,51;             193,79;
16075042;Matino;Lecce;1   ;          10.926;10,71;8,42;49,36;36,75;20,20;30,34;16,05;;             171,84;
16075043;Melendugno;Lecce;1   ;          10.045;52,24;50,77;98,02;34,16;20,66;54,31;26,76;;             336,93;
16075044;Melissano;Lecce;1   ;           6.649;13,60;6,19;68,00;35,70;31,73;27,56;10,86;;             193,64;
16075045;Melpignano;Lecce;1   ;           2.111;36,44;19,17;76,29;31,39;52,70;36,20;63,02;;             315,21;
16075046;Miggiano;Lecce;1   ;           3.267;30,66;21,24;48,80;17,63;37,52;25,50;9,48;;             190,84;
16075048;Monteroni di Lecce;Lecce;1   ;          13.328;11,39;9,04;56,96;39,15;15,79;26,37;1,74;;             160,44;
16075049;Montesano Salentino;Lecce;1   ;           2.595;17,94;6,84;20,74;33,89;15,70;46,09;13,50;;             154,71;
16075052;Nardo;Lecce;1   ;          30.747;14,82;60,57;95,13;7,83;34,67;18,62;44,45;;             276,08;
16075056;Ortelle;Lecce;1   ;           2.194;33,06;29,01;51,21;20,87;13,90;61,82;;;             209,85;
16075059;Parabita;Lecce;1   ;           8.712;15,17;9,66;66,20;46,95;27,13;39,73;17,78;4,31;             226,92;
16075060;Patu;Lecce;1   ;           1.628;25,79;38,74;96,58;38,27;38,96;18,76;14,53;29,21;             300,82;
16075061;Poggiardo;Lecce;1   ;           5.831;23,46;21,58;75,28;29,53;14,06;27,22;28,86;2,31;             222,30;
16075098;Presicce-Acquarica;Lecce;1   ;           9.237;21,87;19,68;54,22;32,48;20,33;21,37;9,61;;             179,56;
16075063;Racale;Lecce;1   ;          10.738;16,92;11,89;79,37;49,47;25,66;21,83;6,21;;             211,36;
16075064;Ruffano;Lecce;1   ;           9.332;35,11;20,10;38,48;16,09;20,30;5,69;11,37;9,86;             157,01;
16075066;Salve;Lecce;1   ;           4.571;25,25;30,79;51,27;51,27;50,40;14,58;55,70;;             279,26;
16075095;San Cassiano;Lecce;1   ;           1.959;14,74;20,16;60,71;44,96;9,29;16,44;6,74;;             173,04;
16075068;San Cesario di Lecce;Lecce;1   ;           7.883;21,01;11,03;38,77;29,34;5,57;45,19;32,77;;             183,68;
16075069;San Donato di Lecce;Lecce;1   ;           5.426;16,78;8,34;31,07;32,30;17,85;46,71;20,75;;             173,79;
16075071;San Pietro in Lama;Lecce;1   ;           3.388;17,65;8,90;33,25;34,57;16,11;30,82;4,15;;             145,46;
16075070;Sannicola;Lecce;1   ;           5.591;17,39;19,28;93,98;33,65;32,88;21,43;11,50;;             230,11;
16075074;Secli;Lecce;1   ;           1.820;25,60;17,14;63,13;40,66;23,01;29,01;21,14;;             219,70;
16075075;Sogliano Cavour;Lecce;1   ;           3.868;13,78;20,31;74,11;23,70;;15,83;23,14;9,82;             180,70;
16075076;Soleto;Lecce;1   ;           5.174;38,49;21,60;29,97;21,25;7,78;20,91;27,26;5,96;             173,19;
16075077;Specchia;Lecce;1   ;           4.569;12,83;16,50;51,54;13,57;21,71;25,27;39,18;;             180,59;
16075078;Spongano;Lecce;1   ;           3.468;19,95;23,20;61,49;32,34;12,45;22,49;18,78;;             190,70;
16075079;Squinzano;Lecce;1   ;          13.312;5,33;9,49;42,36;55,19;13,71;42,72;33,09;0,95;             202,83;
16075083;Surbo;Lecce;1   ;          14.620;6,41;7,94;43,55;46,49;8,14;38,75;15,61;;             166,88;
16075084;Taurisano;Lecce;1   ;          11.283;9,06;17,31;47,36;28,58;11,80;8,48;4,46;;             127,04;
16075085;Taviano;Lecce;1   ;          11.499;14,01;8,90;73,51;39,40;26,11;12,56;7,88;;             182,36;
16075086;Tiggiano;Lecce;1   ;           2.755;11,91;21,89;51,32;;25,42;26,92;10,97;;             148,42;
16075088;Tricase;Lecce;1   ;          17.076;16,17;25,79;62,76;16,87;18,04;13,03;33,31;;             185,97;
03097001;Abbadia Lariana;Lecco;1   ;           3.203;10,41;;29,76;45,76;10,76;10,73;15,74;;             123,16;
03097002;Airuno;Lecco;1   ;           2.835;10,70;;24,20;33,31;7,57;21,48;15,35;0,35;             112,96;
03097003;Annone di Brianza;Lecco;1   ;           2.281;5,32;;25,38;34,23;13,07;19,27;14,53;;             111,81;
03097004;Ballabio;Lecco;1   ;           4.144;7,58;;24,85;38,52;16,68;19,04;22,09;2,41;             131,18;
03097005;Barzago;Lecco;1   ;           2.368;8,43;;29,21;43,15;16,94;22,65;15,15;;             135,54;
03097006;Barzano;Lecco;1   ;           4.994;13,08;;31,39;39,80;3,24;18,70;19,29;;             125,49;
03097007;Barzio;Lecco;1   ;           1.254;13,71;;53,97;80,63;47,38;36,89;41,29;;             273,87;
03097009;Bosisio Parini;Lecco;1   ;           3.285;12,08;;23,14;42,07;4,94;11,90;18,46;;             112,60;
03097010;Brivio;Lecco;1   ;           4.404;9,14;;29,21;29,79;22,92;22,36;22,07;2,50;             137,99;
03097011;Bulciago;Lecco;1   ;           2.911;6,38;;23,54;37,57;17,74;22,59;19,85;;             127,67;
03097012;Calco;Lecco;1   ;           5.396;7,17;;24,78;43,42;2,60;22,80;18,90;;             119,68;
03097013;Calolziocorte;Lecco;1   ;          13.514;10,81;;25,92;35,63;17,27;10,99;26,43;;             127,05;
03097014;Carenno;Lecco;1   ;           1.381;15,53;;37,53;29,68;2,19;18,08;18,81;;             121,81;
03097015;Casargo;Lecco;1   ;             826;20,74;;29,46;89,10;33,57;36,69;36,72;7,26;             253,55;
03097016;Casatenovo;Lecco;1   ;          13.233;7,69;33,06;28,67;;5,99;16,19;16,53;;             108,12;
03097017;Cassago Brianza;Lecco;1   ;           4.390;5,89;;21,72;37,81;9,33;11,59;11,98;;              98,33;
03097018;Cassina Valsassina;Lecco;1   ;             535;6,10;;31,73;40,76;62,42;38,90;13,12;;             193,02;
03097020;Cernusco Lombardone;Lecco;1   ;           3.776;8,95;1,62;27,63;41,05;7,82;16,99;14,43;;             118,50;
03097021;Cesana Brianza;Lecco;1   ;           2.364;6,43;;32,72;41,82;9,67;11,63;13,49;;             115,77;
03097022;Civate;Lecco;1   ;           3.685;5,75;;31,23;36,36;5,06;13,63;20,42;;             112,44;
03097023;Colico;Lecco;1   ;           8.074;13,49;;40,43;51,27;9,52;17,24;16,33;;             148,28;
03097024;Colle Brianza;Lecco;1   ;           1.766;5,97;;27,69;29,85;8,76;17,99;12,16;3,64;             106,06;
03097025;Cortenova;Lecco;1   ;           1.143;18,23;;33,92;40,22;5,16;21,12;15,41;;             134,06;
03097026;Costa Masnaga;Lecco;1   ;           4.752;6,83;;25,84;37,11;2,14;30,10;24,00;;             126,01;
03097027;Crandola Valsassina;Lecco;1   ;             267;16,22;;24,48;56,24;;47,19;19,95;;             164,08;
03097028;Cremella;Lecco;1   ;           1.680;7,35;;32,09;32,62;13,52;17,36;46,01;;             148,95;
03097029;Cremeno;Lecco;1   ;           1.684;17,84;;43,63;53,14;51,96;17,72;22,88;;             207,17;
03097030;Dervio;Lecco;1   ;           2.600;;;47,95;58,74;3,53;13,67;15,45;;             139,32;
03097031;Dolzago;Lecco;1   ;           2.545;6,57;;30,02;36,66;14,63;23,47;13,84;;             125,20;
03097032;Dorio;Lecco;1   ;             321;17,30;;59,26;55,19;12,17;49,41;3,26;;             196,59;
03097033;Ello;Lecco;1   ;           1.191;7,76;;41,08;35,44;27,28;28,17;12,98;;             152,71;
03097034;Erve;Lecco;1   ;             674;16,81;;42,29;23,60;1,12;23,52;20,19;;             127,53;
03097036;Galbiate;Lecco;1   ;           8.422;7,55;;30,87;37,37;12,25;13,33;16,51;;             117,87;
03097037;Garbagnate Monastero;Lecco;1   ;           2.532;6,52;;23,36;36,79;7,25;28,23;22,75;;             124,90;
03097038;Garlate;Lecco;1   ;           2.646;7,38;;33,83;43,50;16,11;17,43;17,48;;             135,73;
03097039;Imbersago;Lecco;1   ;           2.483;6,34;;23,19;35,47;10,51;17,25;15,51;;             108,26;
03097040;Introbio;Lecco;1   ;           1.918;14,03;;32,09;50,03;14,66;25,72;19,08;;             155,62;
03097092;La Valletta Brianza;Lecco;1   ;           4.647;5,79;;25,95;30,22;9,64;21,99;20,36;;             113,95;
03097042;Lecco;Lecco;1   ;          46.871;9,39;;43,97;42,30;44,89;13,63;25,47;;             179,66;
03097043;Lierna;Lecco;1   ;           2.149;11,73;;40,70;42,43;3,40;9,19;13,01;;             120,45;
03097044;Lomagna;Lecco;1   ;           4.964;6,88;;28,12;35,43;10,87;22,09;17,43;;             120,81;
03097045;Malgrate;Lecco;1   ;           4.204;3,64;;21,81;26,48;13,81;14,64;23,78;1,19;             105,35;
03097046;Mandello del Lario;Lecco;1   ;           9.911;7,87;;26,58;36,48;14,72;14,67;15,88;0,51;             116,71;
03097047;Margno;Lecco;1   ;             389;29,32;;32,61;88,29;40,80;62,39;27,04;;             280,45;
03097048;Merate;Lecco;1   ;          14.796;7,08;;32,60;42,33;12,77;11,48;14,35;;             120,60;
03097049;Missaglia;Lecco;1   ;           8.824;6,53;;23,89;35,09;4,08;11,90;14,32;;              95,80;
03097050;Moggio;Lecco;1   ;             487;16,43;;64,81;90,75;122,16;5,76;27,90;;             327,82;
03097051;Molteno;Lecco;1   ;           3.525;5,90;;18,12;38,39;4,28;13,19;32,09;;             111,96;
03097052;Monte Marenzo;Lecco;1   ;           1.834;13,95;;31,50;30,71;3,32;17,06;15,55;;             112,10;
03097053;Montevecchia;Lecco;1   ;           2.681;8,01;;29,35;31,58;7,97;30,20;29,93;;             137,03;
03097054;Monticello Brianza;Lecco;1   ;           4.128;6,83;;29,24;33,92;14,14;18,78;20,54;;             123,45;
03097056;Nibionno;Lecco;1   ;           3.571;7,24;;39,91;34,67;8,78;24,55;23,86;;             139,01;
03097057;Oggiono;Lecco;1   ;           9.063;7,16;;30,82;38,00;7,32;16,65;12,73;;             112,68;
03097058;Olgiate Molgora;Lecco;1   ;           6.277;7,31;;25,98;37,17;5,33;7,54;12,73;;              96,06;
03097059;Olginate;Lecco;1   ;           6.879;7,14;0,05;33,38;37,12;14,51;22,41;18,15;;             132,76;
03097060;Oliveto Lario;Lecco;1   ;           1.199;16,78;;56,31;48,27;16,52;15,91;17,90;2,32;             174,01;
03097061;Osnago;Lecco;1   ;           4.733;2,63;;26,34;36,60;8,62;25,48;17,34;0,33;             117,35;
03097062;Paderno d'Adda;Lecco;1   ;           3.834;9,12;;31,15;33,99;5,95;12,59;15,12;;             107,92;
03097063;Pagnona;Lecco;1   ;             320;11,26;;25,93;40,34;1,97;15,47;20,69;;             115,65;
03097064;Parlasco;Lecco;1   ;             136;11,54;;44,12;70,63;14,26;67,51;23,40;23,40;             254,86;
03097065;Pasturo;Lecco;1   ;           1.959;14,69;;33,54;52,22;9,32;15,33;16,09;;             141,18;
03097067;Perledo;Lecco;1   ;             848;24,55;;96,10;75,29;23,92;36,76;22,15;;             278,76;
03097068;Pescate;Lecco;1   ;           2.144;7,72;;34,78;35,03;14,92;11,31;19,09;;             122,86;
03097069;Premana;Lecco;1   ;           2.171;12,86;;36,49;33,65;5,43;17,34;15,28;;             121,06;
03097070;Primaluna;Lecco;1   ;           2.259;7,92;;20,53;37,32;9,91;19,07;19,28;0,89;             114,91;
03097071;Robbiate;Lecco;1   ;           6.261;6,49;;28,73;30,88;7,76;54,90;11,99;;             140,74;
03097072;Rogeno;Lecco;1   ;           3.010;5,48;;22,60;30,95;10,89;15,98;28,72;;             114,61;
03097074;Santa Maria Hoe;Lecco;1   ;           2.115;6,79;;30,43;35,43;11,31;25,79;26,08;;             135,84;
03097075;Sirone;Lecco;1   ;           2.315;6,29;;25,99;35,54;4,80;9,15;14,76;0,78;              97,31;
03097076;Sirtori;Lecco;1   ;           2.794;5,78;;26,28;33,09;2,38;11,67;23,69;;             102,90;
03097077;Sueglio;Lecco;1   ;             143;62,58;;38,52;120,73;;26,90;40,43;;             289,17;
03097078;Suello;Lecco;1   ;           1.750;6,64;;31,01;44,20;5,86;11,48;15,28;;             114,46;
03097079;Taceno;Lecco;1   ;             568;12,74;;19,15;61,23;16,83;29,78;26,49;;             166,24;
03097082;Valgreghentino;Lecco;1   ;           3.373;5,50;;26,79;31,74;7,08;14,55;12,70;;              98,36;
03097083;Valmadrera;Lecco;1   ;          11.131;6,03;;26,20;32,35;20,22;6,92;18,05;;             109,78;
03097093;Valvarrone;Lecco;1   ;             496;43,12;;34,57;61,73;4,33;22,70;29,42;;             195,88;
03097084;Varenna;Lecco;1   ;             693;65,40;2,39;35,88;119,13;80,45;41,50;77,02;;             421,78;
03097086;Vercurago;Lecco;1   ;           2.733;8,40;;26,79;23,14;22,66;7,22;15,86;;             104,07;
03097091;Verderio;Lecco;1   ;           5.497;8,41;;30,54;29,43;8,74;12,47;13,51;;             103,11;
03097090;Vigano;Lecco;1   ;           2.079;7,03;;27,51;36,99;11,05;18,71;14,14;4,58;             120,01;
09049001;Bibbona;Livorno;1   ;           3.170;35,39;90,46;176,58;71,90;106,28;78,08;84,00;;             642,68;
09049002;Campiglia Marittima;Livorno;1   ;          12.429;28,96;45,68;43,43;52,67;23,72;13,19;9,06;1,40;             218,11;
09049003;Campo nell'Elba;Livorno;1   ;           4.723;30,33;47,04;167,51;102,84;54,80;111,83;42,64;21,85;             578,83;
09049004;Capoliveri;Livorno;1   ;           3.899;49,21;61,44;267,22;125,62;84,37;85,68;34,52;4,62;             712,68;
09049005;Capraia Isola;Livorno;1   ;             370;237,06;92,65;44,74;47,36;21,52;68,02;68,18;44,22;             623,76;
09049006;Castagneto Carducci;Livorno;1   ;           8.748;49,56;63,61;83,13;79,11;60,72;26,72;15,87;0,71;             379,43;
09049007;Cecina;Livorno;1   ;          27.882;20,36;49,50;65,33;24,25;26,32;26,26;6,94;74,49;             293,45;
09049008;Collesalvetti;Livorno;1   ;          16.281;29,55;71,20;49,66;18,54;15,00;27,79;40,42;22,05;             274,22;
09049009;Livorno;Livorno;1   ;         152.914;15,97;2,13;72,72;40,05;34,31;24,38;35,12;2,46;             227,13;
09049010;Marciana;Livorno;1   ;           2.034;37,34;46,89;277,57;128,76;143,54;133,33;31,06;8,11;             806,62;
09049011;Marciana Marina;Livorno;1   ;           1.876;25,47;44,24;135,84;106,32;57,47;123,75;24,02;16,78;             533,88;
09049012;Piombino;Livorno;1   ;          32.194;24,28;42,69;39,56;51,83;42,11;14,28;9,67;5,70;             230,11;
09049013;Porto Azzurro;Livorno;1   ;           3.628;59,05;115,48;61,91;22,13;69,50;77,32;81,57;;             486,96;
09049021;Rio;Livorno;1   ;           3.342;37,50;92,05;143,34;57,93;79,33;51,15;16,31;63,78;             541,38;
09049017;Rosignano Marittimo;Livorno;1   ;          30.083;30,89;54,78;58,95;33,54;25,92;32,77;19,15;88,76;             344,78;
09049018;San Vincenzo;Livorno;1   ;           6.447;49,79;76,17;86,69;102,28;87,87;52,82;22,57;;             478,18;
09049019;Sassetta;Livorno;1   ;             471;54,22;54,00;44,97;58,37;62,05;58,86;9,94;;             342,40;
09049020;Suvereto;Livorno;1   ;           2.955;47,86;19,75;90,36;34,36;22,07;24,29;23,32;0,36;             262,35;
03098002;Bertonico;Lodi;1   ;           1.069;13,33;18,54;33,02;16,71;10,34;15,55;2,64;0,34;             110,48;
03098004;Borghetto Lodigiano;Lodi;1   ;           4.336;7,39;23,46;23,45;15,59;14,37;12,13;7,12;1,05;             104,56;
03098005;Borgo San Giovanni;Lodi;1   ;           2.475;17,30;11,53;36,99;23,12;5,96;10,26;12,19;;             117,35;
03098006;Brembio;Lodi;1   ;           2.690;6,16;8,53;20,01;22,24;4,97;26,46;10,95;1,02;             100,33;
03098008;Casaletto Lodigiano;Lodi;1   ;           2.963;6,29;7,95;37,67;29,43;5,95;68,34;7,54;;             163,19;
03098009;Casalmaiocco;Lodi;1   ;           3.183;7,12;4,94;36,16;27,31;9,31;17,70;24,84;;             127,38;
03098010;Casalpusterlengo;Lodi;1   ;          15.485;4,63;12,32;38,84;19,34;17,51;23,74;8,66;0,36;             125,39;
03098011;Caselle Landi;Lodi;1   ;           1.464;5,51;32,15;;27,78;23,21;22,39;14,88;0,33;             126,25;
03098012;Caselle Lurani;Lodi;1   ;           3.019;6,39;9,15;31,03;27,63;5,63;14,60;7,13;2,53;             104,10;
03098014;Castiglione d'Adda;Lodi;1   ;           4.483;9,75;;33,99;11,32;6,49;35,34;5,65;0,29;             102,83;
03098015;Castiraga Vidardo;Lodi;1   ;           3.009;4,92;17,84;15,72;7,89;16,60;22,24;8,19;;              93,42;
03098017;Cavenago d'Adda;Lodi;1   ;           2.110;9,50;12,95;35,35;23,06;7,35;14,84;10,92;0,30;             114,27;
03098018;Cervignano d'Adda;Lodi;1   ;           2.206;6,30;11,14;34,03;30,80;7,89;28,73;17,73;3,46;             140,07;
03098019;Codogno;Lodi;1   ;          15.539;14,67;20,89;42,51;7,82;24,38;11,13;10,31;;             131,72;
03098020;Comazzo;Lodi;1   ;           2.304;6,20;7,98;36,14;22,42;7,37;9,26;5,47;3,31;              98,14;
03098021;Cornegliano Laudense;Lodi;1   ;           2.839;8,67;;29,73;11,49;5,18;37,83;12,64;0,35;             105,89;
03098022;Corno Giovine;Lodi;1   ;           1.132;5,27;12,69;40,90;17,61;24,84;23,64;6,43;;             131,39;
03098023;Cornovecchio;Lodi;1   ;             193;3,70;;18,68;40,05;62,60;25,44;16,63;;             167,11;
03098026;Fombio;Lodi;1   ;           2.254;8,72;18,11;43,97;14,10;12,08;24,15;6,32;;             127,46;
03098027;Galgagnano;Lodi;1   ;           1.322;11,09;12,71;39,70;17,04;6,36;32,93;3,49;0,31;             123,64;
03098028;Graffignana;Lodi;1   ;           2.583;17,09;;43,21;19,97;10,78;20,90;19,24;1,09;             132,27;
03098029;Guardamiglio;Lodi;1   ;           2.595;10,60;14,73;38,25;19,65;21,07;18,12;0,53;;             122,95;
03098030;Livraga;Lodi;1   ;           2.459;8,32;17,10;24,84;25,47;6,69;16,63;10,78;;             109,83;
03098031;Lodi;Lodi;1   ;          44.709;13,16;11,38;30,85;14,03;25,01;37,39;32,50;0,77;             165,08;
03098032;Lodi Vecchio;Lodi;1   ;           7.553;8,02;8,42;24,63;14,42;4,39;17,54;10,44;0,35;              88,20;
03098033;Maccastorna;Lodi;1   ;              59;3,10;;15,61;34,24;3,15;63,22;2,34;3,86;             125,53;
03098034;Mairago;Lodi;1   ;           1.387;9,27;16,74;30,97;12,68;6,91;14,79;18,10;0,27;             109,71;
03098035;Maleo;Lodi;1   ;           3.001;7,32;;36,90;30,84;7,47;22,49;13,42;;             118,44;
03098036;Marudo;Lodi;1   ;           1.764;5,64;29,47;23,42;4,16;11,34;23,24;6,78;;             104,05;
03098037;Massalengo;Lodi;1   ;           4.384;6,72;5,70;29,47;17,54;13,30;19,84;13,55;0,52;             106,63;
03098038;Meleti;Lodi;1   ;             448;3,60;;38,08;32,20;3,67;11,85;14,55;0,34;             104,29;
03098039;Merlino;Lodi;1   ;           1.702;9,41;13,15;39,32;26,49;10,12;33,45;46,43;4,48;             182,86;
03098040;Montanaso Lombardo;Lodi;1   ;           2.239;19,83;4,74;27,46;10,62;2,51;13,89;6,97;0,35;              86,36;
03098041;Mulazzano;Lodi;1   ;           5.784;8,31;9,05;36,86;24,04;3,43;15,15;8,69;;             105,53;
03098042;Orio Litta;Lodi;1   ;           2.022;11,04;13,09;30,99;17,45;3,01;42,16;9,41;2,24;             129,41;
03098043;Ospedaletto Lodigiano;Lodi;1   ;           1.913;8,41;13,09;27,22;24,46;11,51;13,51;6,13;1,20;             105,54;
03098044;Ossago Lodigiano;Lodi;1   ;           1.399;6,60;20,61;22,44;20,27;7,82;7,71;7,32;;              92,77;
03098045;Pieve Fissiraga;Lodi;1   ;           1.752;38,30;10,42;55,02;22,90;8,84;26,44;1,58;0,57;             164,07;
03098046;Salerano sul Lambro;Lodi;1   ;           2.635;5,97;13,69;22,23;8,65;10,29;15,45;5,13;;              81,40;
03098047;San Fiorano;Lodi;1   ;           1.873;6,18;;31,69;13,71;18,83;25,72;;0,53;              96,66;
03098049;San Rocco al Porto;Lodi;1   ;           3.345;7,74;20,41;39,01;14,00;7,89;19,91;9,83;;             118,80;
03098050;Sant'Angelo Lodigiano;Lodi;1   ;          13.331;6,23;16,09;30,30;25,53;8,98;7,06;5,89;;             100,09;
03098051;Santo Stefano Lodigiano;Lodi;1   ;           1.847;5,83;15,83;29,39;14,11;21,70;13,49;16,43;0,97;             117,76;
03098052;Secugnago;Lodi;1   ;           1.958;8,24;10,41;22,33;17,71;0,64;42,04;7,88;;             109,24;
03098053;Senna Lodigiana;Lodi;1   ;           1.762;7,30;;24,41;55,06;8,01;17,25;7,90;0,86;             120,78;
03098055;Sordio;Lodi;1   ;           3.409;7,59;11,48;32,09;15,44;7,52;18,91;13,18;0,27;             106,48;
03098056;Tavazzano con Villavesco;Lodi;1   ;           5.861;6,36;16,50;30,61;20,73;14,94;19,81;12,70;0,30;             121,95;
03098057;Terranova dei Passerini;Lodi;1   ;             935;10,22;;38,06;4,88;9,36;9,48;5,29;0,37;              77,66;
03098058;Turano Lodigiano;Lodi;1   ;           1.512;11,00;;39,47;;11,74;13,07;1,05;;              76,33;
03098059;Valera Fratta;Lodi;1   ;           1.752;5,48;17,90;24,71;9,45;12,91;33,78;7,80;;             112,02;
03098060;Villanova del Sillaro;Lodi;1   ;           1.838;5,82;12,49;23,14;16,27;12,40;35,65;11,24;0,27;             117,27;
03098061;Zelo Buon Persico;Lodi;1   ;           7.398;4,56;19,51;29,80;10,88;18,90;30,92;2,45;0,23;             117,27;
09046001;Altopascio;Lucca;1   ;          15.784;22,88;23,46;70,55;20,55;10,94;21,26;7,98;8,15;             185,75;
09046002;Bagni di Lucca;Lucca;1   ;           5.592;21,77;10,62;109,41;22,91;14,02;61,56;51,42;;             291,72;
09046003;Barga;Lucca;1   ;           9.415;18,87;;111,19;33,79;25,52;25,60;28,05;;             243,01;
09046004;Borgo a Mozzano;Lucca;1   ;           6.666;20,96;;126,14;35,71;25,92;25,96;3,45;;             238,13;
09046005;Camaiore;Lucca;1   ;          31.842;19,75;13,40;130,27;41,41;17,99;57,17;18,35;5,52;             303,87;
09046006;Camporgiano;Lucca;1   ;           2.009;48,23;27,32;55,33;15,66;6,61;28,83;47,29;;             229,28;
09046007;Capannori;Lucca;1   ;          46.253;12,30;9,48;92,58;25,48;5,14;41,72;30,81;;             217,52;
09046008;Careggine;Lucca;1   ;             511;54,35;30,79;62,35;17,65;15,70;39,16;29,78;;             249,78;
09046009;Castelnuovo di Garfagnana;Lucca;1   ;           5.623;66,48;37,65;76,26;21,59;23,56;32,88;50,97;;             309,40;
09046010;Castiglione di Garfagnana;Lucca;1   ;           1.705;41,15;23,31;47,21;13,37;;36,96;29,88;;             191,88;
09046011;Coreglia Antelminelli;Lucca;1   ;           5.069;20,83;;112,85;20,49;19,91;46,75;29,02;;             249,84;
09046036;Fabbriche di Vergemoli;Lucca;1   ;             716;43,86;;177,51;22,58;;29,40;3,40;;             276,76;
09046013;Forte dei Marmi;Lucca;1   ;           6.861;39,54;27,48;273,74;86,83;145,18;150,91;66,80;53,54;             844,01;
09046014;Fosciandora;Lucca;1   ;             561;38,34;21,72;43,98;12,45;;33,44;56,99;;             206,92;
09046015;Gallicano;Lucca;1   ;           3.593;65,09;36,87;74,68;21,14;17,89;42,53;64,55;;             322,76;
09046017;Lucca;Lucca;1   ;          88.798;17,60;15,75;81,21;25,03;15,09;39,79;31,69;5,10;             231,26;
09046018;Massarosa;Lucca;1   ;          21.732;15,13;9,10;79,09;28,00;7,66;32,86;39,01;25,34;             236,19;
09046019;Minucciano;Lucca;1   ;           1.805;55,53;31,45;63,71;18,04;;38,68;35,73;;             243,14;
09046020;Molazzana;Lucca;1   ;             992;42,94;24,32;49,27;13,95;6,27;24,91;55,13;;             216,78;
09046021;Montecarlo;Lucca;1   ;           4.389;14,21;8,06;90,46;22,06;20,70;45,80;34,20;;             235,51;
09046022;Pescaglia;Lucca;1   ;           3.285;32,72;19,09;78,81;19,45;;24,09;17,19;;             191,35;
09046023;Piazza al Serchio;Lucca;1   ;           2.101;50,29;28,49;57,70;16,33;;31,27;33,42;;             217,50;
09046024;Pietrasanta;Lucca;1   ;          22.870;21,26;14,35;142,44;48,04;30,12;50,65;25,57;;             332,45;
09046025;Pieve Fosciana;Lucca;1   ;           2.233;54,24;30,72;62,23;17,62;6,73;28,15;40,51;;             240,20;
09046026;Porcari;Lucca;1   ;           8.788;25,57;29,68;92,63;27,91;13,00;35,22;33,35;2,88;             260,25;
09046027;San Romano in Garfagnana;Lucca;1   ;           1.337;44,36;25,13;50,89;14,41;26,74;29,49;44,46;;             235,47;
09046028;Seravezza;Lucca;1   ;          12.364;18,95;10,44;115,73;37,43;11,42;37,20;46,35;;             277,52;
09046037;Sillano Giuncugnano;Lucca;1   ;             991;31,21;;174,92;28,00;;28,57;3,25;;             265,95;
09046030;Stazzema;Lucca;1   ;           2.856;23,42;28,70;68,09;32,00;;59,66;33,15;55,46;             300,48;
09046031;Vagli Sotto;Lucca;1   ;             834;47,05;26,65;53,98;15,28;;21,13;25,78;;             189,88;
09046033;Viareggio;Lucca;1   ;          60.579;36,38;21,95;137,50;36,74;35,83;35,74;16,59;2,64;             323,36;
09046034;Villa Basilica;Lucca;1   ;           1.474;30,69;23,96;136,03;17,91;3,19;23,15;16,69;;             251,61;
09046035;Villa Collemandina;Lucca;1   ;           1.202;47,78;27,06;54,81;15,52;1,80;25,52;35,49;;             207,97;
11043002;Apiro;Macerata;Vedi aggregazione: COSMARI;
11043003;Appignano;Macerata;Vedi aggregazione: COSMARI;
11043004;Belforte del Chienti;Macerata;Vedi aggregazione: COSMARI;
11043005;Bolognola;Macerata;Vedi aggregazione: COSMARI;
11043006;Caldarola;Macerata;Vedi aggregazione: COSMARI;
11043007;Camerino;Macerata;Vedi aggregazione: COSMARI;
11043008;Camporotondo di Fiastrone;Macerata;Vedi aggregazione: COSMARI;
11043009;Castelraimondo;Macerata;Vedi aggregazione: COSMARI;
11043010;Castelsantangelo sul Nera;Macerata;Vedi aggregazione: COSMARI;
11043011;Cessapalombo;Macerata;Vedi aggregazione: COSMARI;
11043012;Cingoli;Macerata;Vedi aggregazione: COSMARI;
11043013;Civitanova Marche;Macerata;Vedi aggregazione: COSMARI;
11043014;Colmurano;Macerata;Vedi aggregazione: COSMARI;
11043015;Corridonia;Macerata;Vedi aggregazione: COSMARI;
11043016;Esanatoglia;Macerata;Vedi aggregazione: COSMARI;
11043017;Fiastra;Macerata;Vedi aggregazione: COSMARI;
11043019;Fiuminata;Macerata;Vedi aggregazione: COSMARI;
11043020;Gagliole;Macerata;Vedi aggregazione: COSMARI;
11043021;Gualdo;Macerata;Vedi aggregazione: COSMARI;
11043022;Loro Piceno;Macerata;Vedi aggregazione: COSMARI;
11043023;Macerata - Dato aggregazione COSMARI;Macerata;56  ;         316.145;13,11;11,94;53,65;14,45;20,89;23,46;26,45;0,16;             164,11;
11043024;Matelica;Macerata;Vedi aggregazione: COSMARI;
11043025;Mogliano;Macerata;Vedi aggregazione: COSMARI;
11043027;Monte Cavallo;Macerata;Vedi aggregazione: COSMARI;
11043031;Monte San Giusto;Macerata;Vedi aggregazione: COSMARI;
11043032;Monte San Martino;Macerata;Vedi aggregazione: COSMARI;
11043026;Montecassiano;Macerata;Vedi aggregazione: COSMARI;
11043028;Montecosaro;Macerata;Vedi aggregazione: COSMARI;
11043029;Montefano;Macerata;Vedi aggregazione: COSMARI;
11043030;Montelupone;Macerata;Vedi aggregazione: COSMARI;
11043033;Morrovalle;Macerata;Vedi aggregazione: COSMARI;
11043034;Muccia;Macerata;Vedi aggregazione: COSMARI;
11043035;Penna San Giovanni;Macerata;Vedi aggregazione: COSMARI;
11043036;Petriolo;Macerata;Vedi aggregazione: COSMARI;
11043038;Pieve Torina;Macerata;Vedi aggregazione: COSMARI;
11043039;Pioraco;Macerata;Vedi aggregazione: COSMARI;
11043040;Poggio San Vicino;Macerata;Vedi aggregazione: COSMARI;
11043041;Pollenza;Macerata;Vedi aggregazione: COSMARI;
11043042;Porto Recanati;Macerata;Vedi aggregazione: COSMARI;
11043043;Potenza Picena;Macerata;Vedi aggregazione: COSMARI;
11043044;Recanati;Macerata;Vedi aggregazione: COSMARI;
11043045;Ripe San Ginesio;Macerata;Vedi aggregazione: COSMARI;
11043046;San Ginesio;Macerata;Vedi aggregazione: COSMARI;
11043047;San Severino Marche;Macerata;Vedi aggregazione: COSMARI;
11043048;Sant'Angelo in Pontano;Macerata;Vedi aggregazione: COSMARI;
11043049;Sarnano;Macerata;Vedi aggregazione: COSMARI;
11043050;Sefro;Macerata;Vedi aggregazione: COSMARI;
11043051;Serrapetrona;Macerata;Vedi aggregazione: COSMARI;
11043052;Serravalle di Chienti;Macerata;Vedi aggregazione: COSMARI;
11043053;Tolentino;Macerata;Vedi aggregazione: COSMARI;
11043054;Treia;Macerata;Vedi aggregazione: COSMARI;
11043055;Urbisaglia;Macerata;Vedi aggregazione: COSMARI;
11043056;Ussita;Macerata;Vedi aggregazione: COSMARI;
11043058;Valfornace;Macerata;Vedi aggregazione: COSMARI;
11043057;Visso;Macerata;Vedi aggregazione: COSMARI;
03020001;Acquanegra sul Chiese;Mantova;1   ;           2.683;5,27;8,43;47,83;34,25;5,73;20,28;20,00;0,77;             142,56;
03020002;Asola;Mantova;1   ;           9.892;4,40;8,52;43,64;29,33;5,99;24,52;11,23;0,72;             128,35;
03020003;Bagnolo San Vito;Mantova;1   ;           5.880;9,09;6,60;51,33;37,29;5,74;30,28;20,63;0,74;             161,71;
03020072;Borgo Mantovano;Mantova;1   ;           5.291;7,53;7,45;48,81;34,77;1,87;45,77;10,12;0,43;             156,75;
03020071;Borgo Virgilio;Mantova;1   ;          14.857;6,68;;45,53;16,10;8,74;10,97;27,61;;             115,63;
03020073;Borgocarbonara;Mantova;1   ;           1.845;9,76;6,24;41,30;34,12;1,87;26,41;8,74;5,09;             133,55;
03020007;Bozzolo;Mantova;1   ;           4.056;5,59;7,59;52,57;35,93;5,22;23,89;16,80;2,73;             150,31;
03020008;Canneto sull'Oglio;Mantova;1   ;           4.247;14,55;;27,76;15,17;14,16;15,75;12,24;1,01;             100,64;
03020010;Casalmoro;Mantova;1   ;           2.194;4,63;4,50;39,69;30,13;;21,13;9,24;1,24;             110,57;
03020011;Casaloldo;Mantova;1   ;           2.578;6,48;5,28;38,84;27,45;11,13;37,02;8,97;0,69;             135,86;
03020012;Casalromano;Mantova;1   ;           1.497;7,02;3,43;36,58;23,26;4,36;28,53;7,16;0,73;             111,07;
03020014;Castel d'Ario;Mantova;1   ;           4.611;6,06;5,78;47,64;33,16;6,79;28,97;9,25;0,70;             138,36;
03020015;Castel Goffredo;Mantova;1   ;          12.622;5,86;6,94;40,26;32,68;5,46;21,12;11,73;0,67;             124,72;
03020013;Castelbelforte;Mantova;1   ;           3.258;9,69;6,22;44,03;31,94;18,20;23,95;9,30;4,08;             147,41;
03020016;Castellucchio;Mantova;1   ;           5.161;4,25;6,31;36,80;30,69;3,70;20,15;6,29;0,55;             108,75;
03020017;Castiglione delle Stiviere;Mantova;1   ;          23.556;7,87;14,48;55,73;15,86;9,18;22,11;7,14;;             132,37;
03020018;Cavriana;Mantova;1   ;           3.733;3,61;;37,25;12,12;8,83;23,02;20,54;1,00;             106,37;
03020019;Ceresara;Mantova;1   ;           2.535;6,80;3,34;40,37;25,53;;38,23;10,43;0,66;             125,36;
03020020;Commessaggio;Mantova;1   ;           1.073;15,57;;56,79;16,27;1,95;27,12;17,24;;             134,94;
03020021;Curtatone;Mantova;1   ;          14.607;4,90;;52,94;15,66;5,05;12,51;31,91;;             122,97;
03020022;Dosolo;Mantova;1   ;           3.253;12,42;;47,13;16,41;0,31;12,26;18,22;;             106,75;
03020024;Gazoldo degli Ippoliti;Mantova;1   ;           3.031;9,36;;42,61;19,91;1,63;13,38;11,04;;              97,93;
03020025;Gazzuolo;Mantova;1   ;           2.072;5,21;6,76;47,09;36,84;4,79;22,53;7,15;0,48;             130,85;
03020026;Goito;Mantova;1   ;          10.027;9,35;4,76;48,20;30,99;8,17;23,16;11,52;3,10;             139,25;
03020027;Gonzaga;Mantova;1   ;           8.696;6,70;5,70;43,64;32,02;8,88;23,32;29,55;0,65;             150,45;
03020028;Guidizzolo;Mantova;1   ;           5.949;;5,62;40,13;33,86;12,99;15,89;9,31;4,24;             122,03;
03020029;Magnacavallo;Mantova;1   ;           1.394;9,36;4,95;56,45;32,93;;24,42;8,86;0,75;             137,72;
03020030;Mantova;Mantova;1   ;          48.653;16,10;6,94;94,10;37,21;49,91;36,21;34,16;3,37;             278,00;
03020031;Marcaria;Mantova;1   ;           6.376;4,95;6,91;48,56;31,46;14,44;25,65;13,35;0,74;             146,05;
03020032;Mariana Mantovana;Mantova;1   ;             828;9,64;5,76;56,42;30,37;5,36;25,40;14,18;1,34;             148,47;
03020033;Marmirolo;Mantova;1   ;           7.645;4,60;9,49;47,23;29,37;3,01;22,26;17,95;0,71;             134,63;
03020034;Medole;Mantova;1   ;           4.148;8,88;6,57;35,63;26,71;0,78;18,48;12,71;5,22;             114,99;
03020035;Moglia;Mantova;1   ;           5.374;6,57;6,49;40,15;29,61;8,72;23,76;10,22;1,14;             126,66;
03020036;Monzambano;Mantova;1   ;           4.816;6,43;5,85;53,99;28,48;0,43;20,66;5,11;0,58;             121,55;
03020037;Motteggiana;Mantova;1   ;           2.415;8,87;6,38;49,30;34,93;5,93;43,62;11,82;5,38;             166,24;
03020038;Ostiglia;Mantova;1   ;           6.628;14,52;;61,27;26,16;17,62;26,61;24,74;;             170,92;
03020039;Pegognaga;Mantova;1   ;           6.858;6,87;7,16;40,67;32,67;13,41;22,02;20,33;2,08;             145,19;
03020041;Piubega;Mantova;1   ;           1.730;8,51;;29,45;7,71;3,88;12,37;11,77;;              73,68;
03020042;Poggio Rusco;Mantova;1   ;           6.404;4,95;7,18;54,62;32,40;5,71;31,21;13,73;1,14;             150,94;
03020043;Pomponesco;Mantova;1   ;           1.683;14,52;12,61;78,47;41,44;3,64;53,08;36,47;1,06;             241,28;
03020044;Ponti sul Mincio;Mantova;1   ;           2.295;10,93;8,79;54,11;28,00;6,44;26,07;11,09;0,46;             145,88;
03020045;Porto Mantovano;Mantova;1   ;          16.614;5,95;9,28;47,69;34,39;10,45;29,12;10,71;2,72;             150,31;
03020046;Quingentole;Mantova;1   ;           1.031;10,91;5,35;49,97;34,16;10,76;28,62;12,53;1,01;             153,32;
03020047;Quistello;Mantova;1   ;           5.280;8,10;7,74;56,51;36,06;8,21;30,95;12,06;0,76;             160,40;
03020048;Redondesco;Mantova;1   ;           1.194;12,05;5,74;43,32;30,41;7,46;22,32;28,23;0,40;             149,93;
03020050;Rivarolo Mantovano;Mantova;1   ;           2.378;8,24;8,49;44,66;33,41;4,43;18,95;16,30;1,41;             135,88;
03020051;Rodigo;Mantova;1   ;           5.184;;13,53;29,57;28,26;1,90;5,60;1,61;0,96;              81,44;
03020052;Roncoferraro;Mantova;1   ;           6.826;6,37;4,94;46,08;34,47;5,45;22,65;9,41;0,69;             130,07;
03020053;Roverbella;Mantova;1   ;           8.695;5,92;6,53;37,64;29,13;7,72;23,64;9,02;6,88;             126,47;
03020054;Sabbioneta;Mantova;1   ;           4.096;8,39;6,91;52,92;37,62;3,59;27,63;9,96;0,85;             147,87;
03020055;San Benedetto Po;Mantova;1   ;           6.648;16,92;;43,03;19,60;16,39;28,54;24,00;;             148,48;
03020056;San Giacomo delle Segnate;Mantova;1   ;           1.487;12,18;4,95;37,72;32,10;9,94;28,51;9,94;1,06;             136,42;
03020057;San Giorgio Bigarello (gia' di Mantova);Mantova;1   ;          11.801;5,75;5,57;51,52;30,75;7,31;25,89;12,22;0,74;             139,74;
03020058;San Giovanni del Dosso;Mantova;1   ;           1.248;7,46;3,78;32,61;30,51;2,09;38,04;12,36;1,88;             128,72;
03020059;San Martino dall'Argine;Mantova;1   ;           1.585;11,01;5,23;45,17;31,41;17,86;33,13;10,23;3,78;             157,82;
03020060;Schivenoglia;Mantova;1   ;           1.096;9,60;8,35;45,23;34,00;;22,33;35,52;0,94;             155,98;
03020061;Sermide;Mantova;1   ;           7.109;6,63;7,07;47,92;35,32;12,14;25,77;14,12;0,79;             149,76;
03020062;Serravalle a Po;Mantova;1   ;           1.425;15,79;;48,60;18,51;;20,62;10,81;;             114,32;
03020063;Solferino;Mantova;1   ;           2.610;6,33;3,58;36,89;25,98;0,19;27,00;8,35;0,77;             109,09;
03020064;Sustinente;Mantova;1   ;           1.908;9,06;;44,38;21,64;;19,06;14,98;;             109,12;
03020065;Suzzara;Mantova;1   ;          20.979;9,16;5,48;42,04;31,86;11,87;22,26;13,03;1,77;             137,47;
03020066;Viadana;Mantova;1   ;          19.723;8,46;14,05;58,43;7,11;9,27;16,04;6,32;;             119,68;
03020068;Villimpenta;Mantova;1   ;           2.108;12,07;;61,54;21,57;16,10;27,90;14,40;;             153,58;
03020070;Volta Mantovana;Mantova;1   ;           7.220;8,35;7,04;41,49;31,43;3,61;22,79;11,80;2,41;             128,92;
09045001;Aulla;Massa-Carrara;1   ;          10.656;26,27;11,82;77,34;17,06;18,53;29,76;16,68;;             197,47;
09045002;Bagnone;Massa-Carrara;1   ;           1.676;22,78;12,93;103,79;18,82;15,54;28,48;1,33;;             203,67;
09045003;Carrara;Massa-Carrara;1   ;          59.905;19,35;42,43;33,24;20,00;19,97;45,63;32,56;12,55;             225,75;
09045004;Casola in Lunigiana;Massa-Carrara;1   ;             947;20,24;11,10;92,18;16,06;17,92;46,64;24,75;;             228,89;
09045005;Comano;Massa-Carrara;1   ;             667;17,96;21,50;90,08;27,24;40,70;34,17;31,79;;             263,44;
09045006;Filattiera;Massa-Carrara;1   ;           2.185;28,67;9,52;86,86;14,65;3,61;28,61;4,37;;             176,29;
09045007;Fivizzano;Massa-Carrara;1   ;           7.071;29,34;13,57;86,22;17,69;27,27;35,50;2,52;;             212,13;
09045008;Fosdinovo;Massa-Carrara;1   ;           4.574;25,41;9,78;79,98;15,04;24,64;24,31;2,17;;             181,34;
09045009;Licciana Nardi;Massa-Carrara;1   ;           4.709;26,15;11,83;87,84;16,46;21,45;16,85;22,49;;             203,07;
09045010;Massa;Massa-Carrara;1   ;          66.160;23,06;47,30;35,89;13,97;26,45;34,47;46,82;41,67;             269,62;
09045011;Montignoso;Massa-Carrara;1   ;          10.015;14,70;8,56;98,81;32,61;18,13;61,10;20,38;5,26;             259,54;
09045012;Mulazzo;Massa-Carrara;1   ;           2.284;22,12;12,33;83,94;16,90;11,45;29,20;20,36;;             196,30;
09045013;Podenzana;Massa-Carrara;1   ;           2.094;23,25;8,23;73,85;14,33;23,54;16,25;5,97;;             165,43;
09045014;Pontremoli;Massa-Carrara;1   ;           6.891;15,83;16,53;78,91;21,84;20,16;20,50;4,51;10,42;             188,71;
09045015;Tresana;Massa-Carrara;1   ;           1.951;25,85;9,00;74,49;16,30;26,37;20,61;1,84;;             174,46;
09045016;Villafranca in Lunigiana;Massa-Carrara;1   ;           4.550;25,75;10,48;97,93;16,20;18,44;21,48;3,50;;             193,78;
09045017;Zeri;Massa-Carrara;1   ;             939;25,52;14,89;93,11;18,79;9,86;10,33;2,72;3,56;             178,78;
17077002;Aliano;Matera;1   ;             880;91,18;55,51;;;;13,60;6,01;;             166,30;
17077003;Bernalda;Matera;1   ;          11.968;24,53;0,08;45,01;64,04;22,48;4,66;11,18;;             171,98;
17077007;Craco;Matera;1   ;             620;53,39;8,90;15,37;;21,19;2,43;10,60;;             111,87;
17077008;Ferrandina;Matera;1   ;           8.032;33,58;;31,29;51,14;15,97;13,45;17,04;;             162,47;
17077010;Gorgoglione;Matera;1   ;             864;45,90;75,46;;;;36,10;;;             157,46;
17077013;Irsina;Matera;1   ;           4.449;27,18;;57,52;46,65;17,92;4,66;10,93;;             164,87;
17077014;Matera;Matera;1   ;          59.685;17,29;;68,22;49,05;22,21;32,19;8,87;6,21;             204,04;
17077015;Miglionico;Matera;1   ;           2.372;;63,48;;;;9,55;;;              73,03;
17077016;Montalbano Jonico;Matera;1   ;           6.662;7,85;7,46;52,39;42,27;22,94;14,15;3,72;;             150,79;
17077021;Policoro;Matera;1   ;          17.832;13,97;61,29;68,20;;26,82;10,70;6,32;8,50;             195,80;
17077023;Rotondella;Matera;1   ;           2.436;52,60;19,14;43,97;;27,63;13,35;;;             156,69;
17077024;Salandra;Matera;1   ;           2.523;19,79;;147,74;34,69;;14,23;5,00;;             221,44;
17077025;San Giorgio Lucano;Matera;1   ;           1.051;45,22;86,16;;;;5,54;0,74;;             137,66;
17077027;Stigliano;Matera;1   ;           3.584;108,44;47,63;18,89;7,56;16,37;21,33;4,50;;             224,73;
17077028;Tricarico;Matera;1   ;           4.761;45,96;;22,68;61,68;13,75;13,62;21,06;;             178,75;
19083107;Acquedolci;Messina;1   ;           5.483;19,41;11,48;;30,62;;27,67;;0,91;              90,09;
19083002;Ali;Messina;1   ;             657;42,58;12,98;16,10;21,98;16,15;83,54;5,64;;             198,98;
19083003;Ali Terme;Messina;1   ;           2.315;43,86;22,20;16,58;25,48;16,63;42,47;11,94;;             179,16;
19083005;Barcellona Pozzo di Gotto;Messina;1   ;          39.885;11,91;50,00;78,01;10,84;17,35;37,27;38,72;;             244,12;
19083007;Brolo;Messina;1   ;           5.736;8,92;29,06;54,72;12,18;18,78;9,38;18,45;0,87;             152,37;
19083009;Capo d'Orlando;Messina;1   ;          13.031;14,04;38,77;75,79;13,95;18,10;17,18;26,94;;             204,76;
19083011;Caronia;Messina;1   ;           3.042;37,58;29,48;65,19;36,03;17,66;30,35;7,77;;             224,05;
19083012;Casalvecchio Siculo;Messina;1   ;             726;52,23;13,10;;23,37;37,20;;;;             125,90;
19083013;Castel di Lucio;Messina;1   ;           1.226;13,85;19,13;56,41;;6,48;19,18;30,96;;             146,01;
19083017;Cesaro;Messina;1   ;           2.165;15,78;16,42;78,21;7,63;4,25;13,78;10,13;;             146,21;
19083020;Ficarra;Messina;1   ;           1.286;57,40;23,08;61,16;;;10,42;3,01;34,37;             189,45;
19083021;Fiumedinisi;Messina;1   ;           1.275;37,78;33,04;14,28;3,93;14,33;28,47;13,73;;             145,56;
19083030;Galati Mamertino;Messina;1   ;           2.261;44,06;17,54;44,43;19,74;;13,33;;;             139,11;
19083033;Gioiosa Marea;Messina;1   ;           6.733;26,26;59,24;64,72;6,59;12,18;15,45;7,08;;             191,52;
19083035;Gualtieri Sicamino;Messina;1   ;           1.580;13,06;29,69;26,12;29,12;6,53;25,37;1,98;;             131,87;
19083037;Leni;Messina;1   ;             682;61,02;32,38;144,74;;57,05;18,50;3,41;;             317,12;
19083039;Librizzi;Messina;1   ;           1.579;67,68;27,15;;;6,63;22,42;1,00;;             124,87;
19083041;Lipari;Messina;1   ;          12.565;191,28;54,73;96,02;28,26;30,27;47,05;11,37;73,81;             532,79;
19083042;Longi;Messina;1   ;           1.321;40,47;3,22;17,08;35,12;1,10;8,42;12,05;3,26;             120,72;
19083043;Malfa;Messina;1   ;             994;92,24;34,09;159,89;13,81;55,35;34,08;9,08;;             398,54;
19083051;Mirto;Messina;1   ;             889;91,31;18,19;86,93;;5,50;5,74;35,11;;             242,78;
19083052;Mistretta;Messina;1   ;           4.364;19,61;27,47;56,65;13,83;12,81;40,71;20,68;1,15;             192,91;
19083056;Montagnareale;Messina;1   ;           1.393;53,84;54,39;30,13;13,32;6,84;12,40;0,33;;             171,25;
19083059;Motta d'Affermo;Messina;1   ;             657;16,05;13,41;80,57;11,35;44,38;51,11;6,22;4,57;             227,65;
19083060;Naso;Messina;1   ;           3.462;31,05;21,60;45,43;11,40;9,75;23,56;12,80;25,33;             180,92;
19083061;Nizza di Sicilia;Messina;1   ;           3.526;45,21;15,42;17,09;4,27;17,15;41,88;19,71;;             160,72;
19083065;Pagliara;Messina;1   ;           1.118;17,85;7,98;29,75;66,20;11,90;24,67;19,80;;             178,14;
19083067;Pettineo;Messina;1   ;           1.236;14,29;9,04;56,85;13,92;30,87;13,30;3,99;;             142,26;
19083069;Raccuja;Messina;1   ;             864;36,47;27,53;79,02;18,24;6,08;10,36;1,60;8,13;             187,43;
19083070;Reitano;Messina;1   ;             723;13,78;50,75;50,11;8,23;41,71;39,32;;;             203,90;
19083073;Roccavaldina;Messina;1   ;             998;7,97;26,07;51,93;3,19;6,12;17,56;2,03;;             114,86;
19083077;San Filippo del Mela;Messina;1   ;           6.728;10,11;37,72;39,17;5,48;7,96;4,09;18,61;;             123,14;
19083079;San Marco d'Alunzio;Messina;1   ;           1.778;12,49;31,64;40,81;7,34;;35,46;23,10;0,84;             151,68;
19083080;San Pier Niceto;Messina;1   ;           2.595;7,89;26,71;56,35;4,24;3,26;12,52;45,13;24,91;             181,00;
19083081;San Piero Patti;Messina;1   ;           2.570;28,47;26,69;66,13;;9,88;16,90;2,65;;             150,72;
19083087;Santa Marina Salina;Messina;1   ;             859;67,75;48,99;201,41;6,08;63,35;53,97;43,60;18,89;             504,04;
19083084;Sant'Agata di Militello;Messina;1   ;          11.866;62,87;56,23;73,28;18,09;15,56;12,00;61,50;;             299,53;
19083091;Santo Stefano di Camastra;Messina;1   ;           4.348;44,63;20,87;57,50;33,94;35,62;20,89;3,24;;             216,68;
19083092;Saponara;Messina;1   ;           3.687;25,62;19,16;53,72;18,71;16,32;5,92;8,69;;             148,14;
19083094;Scaletta Zanclea;Messina;1   ;           1.836;5,02;14,68;95,33;22,58;15,62;34,13;1,37;;             188,72;
19083095;Sinagra;Messina;1   ;           2.474;23,60;15,32;66,07;23,11;;10,73;1,49;;             140,33;
19083096;Spadafora;Messina;1   ;           4.687;20,86;15,84;50,01;20,73;16,69;5,47;0,53;;             130,13;
19083097;Taormina;Messina;1   ;          10.471;142,09;81,16;85,26;63,53;56,77;16,05;27,62;23,88;             496,36;
19083106;Terme Vigliatore;Messina;1   ;           7.218;10,35;36,93;49,11;16,01;12,66;5,38;9,23;0,10;             139,76;
19083098;Torregrotta;Messina;1   ;           7.259;11,77;31,62;44,73;4,81;4,60;6,59;14,55;37,07;             155,73;
19083099;Tortorici;Messina;1   ;           5.705;23,35;33,44;54,47;13,66;1,93;8,90;;;             135,75;
19083102;Ucria;Messina;1   ;             908;47,36;31,14;81,94;25,33;;31,89;;;             217,66;
19083104;Venetico;Messina;1   ;           3.940;7,10;37,91;43,42;13,90;11,02;;;;             113,35;
19083105;Villafranca Tirrena;Messina;1   ;           8.035;9,10;13,04;42,29;22,75;25,44;9,15;4,93;34,85;             161,55;
03015002;Abbiategrasso;Milano;1   ;          32.425;16,11;15,06;32,96;9,07;23,81;34,13;12,51;;             143,66;
03015007;Arconate;Milano;1   ;           6.756;11,06;10,13;36,12;17,71;25,78;44,21;5,92;1,56;             152,49;
03015009;Arese;Milano;1   ;          19.514;4,39;9,12;37,10;14,91;20,03;19,53;23,48;3,73;             132,31;
03015010;Arluno;Milano;1   ;          12.355;8,56;;62,42;25,32;19,27;16,86;7,84;;             140,29;
03015011;Assago;Milano;1   ;           9.232;27,38;19,84;47,35;13,46;28,99;16,70;39,63;;             193,36;
03015250;Baranzate;Milano;1   ;          11.823;9,47;15,04;29,77;25,89;20,20;18,13;22,27;;             140,76;
03015014;Basiano;Milano;1   ;           3.684;7,28;11,72;32,51;29,67;20,53;15,99;9,00;2,07;             128,79;
03015015;Basiglio;Milano;1   ;           7.936;9,17;16,09;37,90;9,75;18,58;21,74;15,68;3,88;             132,79;
03015016;Bellinzago Lombardo;Milano;1   ;           3.822;9,06;8,55;33,52;26,82;4,28;18,51;16,67;2,00;             119,39;
03015022;Besate;Milano;1   ;           2.051;5,95;;48,23;26,79;9,69;34,32;12,80;;             137,78;
03015024;Binasco;Milano;1   ;           7.079;7,45;16,31;39,44;21,72;16,94;10,59;8,08;;             120,53;
03015026;Boffalora sopra Ticino;Milano;1   ;           4.107;11,25;8,97;51,82;18,42;22,56;27,39;67,54;1,35;             209,30;
03015027;Bollate;Milano;1   ;          36.204;8,04;7,78;32,80;19,46;13,69;24,10;5,72;;             111,58;
03015032;Bresso;Milano;1   ;          26.001;11,10;14,24;11,12;14,87;22,45;12,33;2,01;;              88,13;
03015036;Buccinasco;Milano;1   ;          26.822;11,20;27,46;21,55;8,26;24,10;14,14;16,26;;             122,97;
03015038;Buscate;Milano;1   ;           4.588;10,63;13,92;47,89;18,63;15,58;31,84;26,48;1,26;             166,22;
03015040;Bussero;Milano;1   ;           8.359;8,88;4,72;34,92;32,58;10,66;22,19;18,91;1,11;             133,99;
03015041;Busto Garolfo;Milano;1   ;          14.003;7,48;;47,90;20,54;21,27;20,93;13,82;;             131,95;
03015044;Cambiago;Milano;1   ;           7.120;6,84;8,01;37,17;26,63;9,75;6,27;8,49;;             103,15;
03015046;Canegrate;Milano;1   ;          12.491;7,61;6,30;40,37;18,55;12,07;25,32;15,91;0,94;             127,07;
03015050;Carpiano;Milano;1   ;           4.126;6,36;5,63;34,41;30,89;21,94;27,01;47,64;;             173,87;
03015051;Carugate;Milano;1   ;          15.726;7,51;4,47;32,37;29,08;15,31;17,69;7,94;;             114,36;
03015055;Casarile;Milano;1   ;           3.930;8,80;16,90;35,65;16,39;15,69;28,75;16,02;;             138,21;
03015058;Casorezzo;Milano;1   ;           5.549;4,61;10,93;37,14;22,70;17,72;19,88;2,40;;             115,37;
03015059;Cassano d'Adda;Milano;1   ;          19.263;7,96;6,09;32,69;27,68;19,48;12,32;8,81;;             115,03;
03015060;Cassina de' Pecchi;Milano;1   ;          13.948;7,89;6,36;36,11;32,81;11,10;22,63;9,02;;             125,92;
03015070;Cernusco sul Naviglio;Milano;1   ;          34.848;7,32;6,22;36,43;30,84;17,10;17,68;10,45;;             126,04;
03015071;Cerro al Lambro;Milano;1   ;           5.137;6,35;5,59;38,30;27,83;12,57;13,03;19,57;;             123,24;
03015074;Cesano Boscone;Milano;1   ;          23.335;14,55;15,15;25,02;12,29;21,67;11,20;11,86;1,41;             113,14;
03015076;Cesate;Milano;1   ;          14.239;3,22;8,58;13,64;16,22;8,88;17,30;8,73;2,82;              79,40;
03015077;Cinisello Balsamo;Milano;1   ;          74.528;18,58;17,99;22,42;13,58;24,96;26,59;11,06;1,17;             136,35;
03015081;Cologno Monzese;Milano;1   ;          46.707;10,73;18,60;50,92;17,53;37,61;13,44;13,21;;             162,05;
03015082;Colturano;Milano;1   ;           2.052;6,52;6,03;29,58;35,06;18,06;16,78;11,16;;             123,18;
03015086;Cormano;Milano;1   ;          20.356;14,99;2,25;15,51;23,76;26,31;13,28;1,61;;              97,71;
03015087;Cornaredo;Milano;1   ;          20.678;3,75;19,17;29,73;20,21;20,11;26,95;20,19;4,69;             144,80;
03015093;Corsico;Milano;1   ;          34.373;11,29;14,16;21,40;13,11;24,04;13,02;3,25;;             100,27;
03015096;Cuggiono;Milano;1   ;           8.106;8,99;10,71;52,38;22,99;7,32;29,87;26,92;2,54;             161,72;
03015098;Cusano Milanino;Milano;1   ;          18.833;6,52;;27,18;29,00;20,46;34,91;8,79;1,56;             128,43;
03015099;Dairago;Milano;1   ;           6.412;8,67;4,78;38,49;16,17;10,42;20,40;8,80;0,80;             108,53;
03015101;Dresano;Milano;1   ;           3.060;11,70;6,85;25,44;33,99;6,34;12,34;15,17;;             111,81;
03015105;Garbagnate Milanese;Milano;1   ;          26.793;5,05;12,42;16,89;22,50;16,52;15,46;10,49;0,17;              99,49;
03015106;Gessate;Milano;1   ;           8.773;7,16;10,53;36,05;29,42;10,74;13,24;15,66;1,05;             123,85;
03015108;Gorgonzola;Milano;1   ;          21.092;7,15;5,93;36,03;30,40;15,65;20,81;13,52;;             129,49;
03015110;Grezzago;Milano;1   ;           3.124;7,52;4,16;32,87;36,04;9,02;10,22;11,87;2,44;             114,14;
03015112;Gudo Visconti;Milano;1   ;           1.623;15,16;19,78;57,60;20,55;26,24;24,60;16,15;;             180,08;
03015114;Inzago;Milano;1   ;          11.230;11,48;6,36;38,46;29,45;8,70;7,47;12,60;0,95;             115,47;
03015115;Lacchiarella;Milano;1   ;           9.055;7,47;17,41;14,23;22,12;22,36;15,96;14,46;;             114,01;
03015116;Lainate;Milano;1   ;          26.228;3,49;10,93;32,24;15,75;15,93;18,80;15,19;1,48;             113,82;
03015118;Legnano;Milano;1   ;          59.941;12,82;14,70;43,23;13,67;23,51;25,06;27,91;3,62;             164,53;
03015122;Liscate;Milano;1   ;           4.066;8,35;11,15;38,68;32,56;25,43;15,26;17,74;;             149,18;
03015130;Magenta;Milano;1   ;          24.178;9,39;12,64;43,64;16,65;20,04;19,13;9,88;1,24;             132,60;
03015131;Magnago;Milano;1   ;           9.391;9,06;8,14;39,68;16,32;8,97;24,31;13,88;0,92;             121,29;
03015134;Marcallo con Casone;Milano;1   ;           6.222;7,81;8,48;40,89;18,31;11,01;38,77;15,21;2,82;             143,30;
03015136;Masate;Milano;1   ;           3.779;6,84;8,06;30,19;29,25;16,98;14,14;8,26;2,02;             115,74;
03015139;Mediglia;Milano;1   ;          12.278;22,90;11,53;32,15;14,29;17,02;27,36;7,76;;             133,01;
03015140;Melegnano;Milano;1   ;          17.964;10,45;24,80;50,89;17,24;39,38;9,69;13,05;;             165,50;
03015142;Melzo;Milano;1   ;          18.318;7,16;7,18;34,82;31,90;16,27;22,61;14,51;;             134,45;
03015146;Milano;Milano;1   ;       1.354.196;22,48;20,03;33,70;14,98;71,75;29,93;14,82;;             207,68;
03015151;Motta Visconti;Milano;1   ;           8.126;8,05;14,29;29,94;10,43;14,56;26,37;4,06;5,75;             113,45;
03015154;Nerviano;Milano;1   ;          16.864;4,01;7,97;34,45;14,89;18,29;19,49;9,36;1,50;             109,97;
03015157;Novate Milanese;Milano;1   ;          19.910;11,59;18,25;12,07;20,16;21,30;13,82;7,73;;             104,91;
03015158;Noviglio;Milano;1   ;           4.530;8,06;13,05;26,34;10,75;13,93;8,83;7,59;;              88,54;
03015159;Opera;Milano;1   ;          14.245;13,65;20,03;33,74;19,82;26,24;5,11;;;             118,59;
03015164;Ossona;Milano;1   ;           4.300;8,60;8,50;51,63;19,73;11,85;19,23;20,82;1,85;             142,21;
03015166;Paderno Dugnano;Milano;1   ;          47.118;9,11;14,96;19,68;23,29;22,57;17,14;14,82;;             121,56;
03015167;Pantigliate;Milano;1   ;           5.763;10,99;8,73;40,29;33,84;9,90;45,47;60,42;1,60;             211,23;
03015168;Parabiago;Milano;1   ;          27.976;14,15;15,46;41,65;10,60;15,96;26,39;18,32;1,13;             143,66;
03015170;Pero;Milano;1   ;          11.606;16,75;28,17;30,05;20,04;30,66;23,19;0,98;;             149,84;
03015171;Peschiera Borromeo;Milano;1   ;          24.304;8,09;;31,05;26,94;29,46;29,29;5,96;;             130,81;
03015172;Pessano con Bornago;Milano;1   ;           8.889;13,19;6,27;36,74;32,47;16,80;23,89;14,93;;             144,29;
03015175;Pioltello;Milano;1   ;          36.061;6,37;2,06;9,36;28,57;25,73;15,45;17,07;;             104,61;
03015176;Pogliano Milanese;Milano;1   ;           8.400;4,70;8,96;42,36;18,55;22,59;23,90;16,74;1,48;             139,28;
03015177;Pozzo d'Adda;Milano;1   ;           6.550;15,56;5,13;29,75;28,45;2,80;18,25;37,08;1,41;             138,44;
03015178;Pozzuolo Martesana;Milano;1   ;           8.572;7,15;9,07;35,71;25,53;6,92;17,46;12,40;1,08;             115,32;
03015179;Pregnana Milanese;Milano;1   ;           7.274;3,26;11,68;30,48;14,48;14,87;46,73;16,46;1,50;             139,45;
03015181;Rescaldina;Milano;1   ;          14.204;10,53;6,01;34,22;16,44;23,29;22,99;0,90;0,98;             115,37;
03015182;Rho;Milano;1   ;          50.299;14,00;;44,17;37,86;42,60;26,85;14,09;5,57;             185,14;
03015183;Robecchetto con Induno;Milano;1   ;           4.770;20,48;8,59;55,08;23,42;4,27;29,21;9,35;0,83;             151,24;
03015184;Robecco sul Naviglio;Milano;1   ;           6.776;20,22;;48,12;27,33;21,55;9,98;28,88;;             156,08;
03015185;Rodano;Milano;1   ;           4.631;7,70;5,82;41,29;42,00;19,04;22,61;22,86;2,00;             163,32;
03015188;Rosate;Milano;1   ;           5.728;8,59;14,33;32,76;30,60;19,71;24,93;8,58;;             139,49;
03015191;San Colombano al Lambro;Milano;1   ;           7.274;8,83;8,56;31,65;5,39;8,59;4,49;7,87;;              75,38;
03015192;San Donato Milanese;Milano;1   ;          32.014;13,10;15,41;14,11;21,59;24,58;19,69;10,55;0,31;             119,34;
03015194;San Giorgio su Legnano;Milano;1   ;           6.715;6,16;4,97;38,26;15,80;15,50;24,50;17,52;1,01;             123,72;
03015195;San Giuliano Milanese;Milano;1   ;          39.444;9,73;13,91;35,27;18,25;16,78;16,13;7,44;;             117,51;
03015202;San Zenone al Lambro;Milano;1   ;           4.429;6,25;10,35;28,60;22,61;4,07;10,79;24,76;2,09;             109,51;
03015200;Santo Stefano Ticino;Milano;1   ;           4.996;14,34;;54,04;29,20;8,87;19,19;42,60;4,80;             173,05;
03015204;Sedriano;Milano;1   ;          12.760;8,13;;46,64;31,42;26,74;15,18;5,84;;             133,95;
03015205;Segrate;Milano;1   ;          36.911;14,98;20,73;21,75;18,83;24,11;19,95;22,65;;             143,00;
03015206;Senago;Milano;1   ;          21.372;5,95;9,95;26,65;21,89;18,72;12,36;15,45;;             110,97;
03015209;Sesto San Giovanni;Milano;1   ;          78.884;11,12;15,58;39,99;16,85;40,39;40,51;22,30;;             186,75;
03015210;Settala;Milano;1   ;           7.339;5,84;11,16;36,81;21,81;9,98;12,86;12,10;5,97;             116,53;
03015211;Settimo Milanese;Milano;1   ;          19.944;16,79;0,11;45,63;29,74;27,51;27,93;16,53;1,86;             166,09;
03015213;Solaro;Milano;1   ;          13.854;5,97;18,74;26,41;7,40;12,10;12,40;4,60;3,42;              91,03;
03015219;Trezzano Rosa;Milano;1   ;           5.373;16,57;4,62;33,57;31,99;3,98;8,98;17,58;1,72;             119,01;
03015220;Trezzano sul Naviglio;Milano;1   ;          21.474;15,23;25,43;6,52;20,07;38,11;26,77;39,81;;             171,94;
03015221;Trezzo sull'Adda;Milano;1   ;          11.951;8,74;11,25;40,03;39,57;21,23;25,95;33,79;;             180,56;
03015222;Tribiano;Milano;1   ;           3.717;8,38;30,76;29,87;7,24;17,72;25,86;28,97;;             148,80;
03015224;Truccazzano;Milano;1   ;           5.808;8,55;6,55;42,35;28,73;15,91;14,67;10,78;;             127,54;
03015226;Turbigo;Milano;1   ;           7.046;17,93;11,63;42,31;15,12;14,60;19,26;8,06;2,17;             131,07;
03015229;Vanzago;Milano;1   ;           9.325;2,61;10,06;25,22;12,82;19,66;21,82;35,80;1,50;             129,51;
03015230;Vaprio d'Adda;Milano;1   ;           9.506;9,36;5,46;31,61;27,50;9,89;14,73;15,34;1,12;             115,01;
03015251;Vermezzo con Zelo;Milano;1   ;           5.877;8,34;14,22;30,32;13,42;19,34;14,75;15,92;;             116,31;
03015236;Vernate;Milano;1   ;           3.364;9,48;12,45;37,32;20,27;18,68;21,99;10,04;;             130,22;
03015237;Vignate;Milano;1   ;           9.191;7,09;10,50;39,90;30,22;10,10;26,70;12,76;;             137,26;
03015248;Villa Cortese;Milano;1   ;           6.174;10,64;5,95;43,79;16,81;11,08;24,93;8,80;3,11;             125,12;
03015242;Vimodrone;Milano;1   ;          16.741;9,68;6,15;37,90;28,51;18,54;11,65;13,47;;             125,89;
03015244;Vizzolo Predabissi;Milano;1   ;           3.877;6,45;11,21;42,76;30,88;14,82;9,32;6,85;;             122,28;
03015247;Zibido San Giacomo;Milano;1   ;           6.750;13,29;15,89;33,92;13,41;13,33;15,78;9,38;0,03;             115,02;
08036001;Bastiglia;Modena;1   ;           4.185;14,07;3,81;39,60;35,22;1,94;9,28;18,55;0,99;             123,45;
08036002;Bomporto;Modena;1   ;          10.167;15,59;7,34;52,48;34,93;6,62;4,68;20,30;0,86;             142,80;
08036006;Castelfranco Emilia;Modena;1   ;          33.054;10,77;7,96;55,85;33,81;15,39;14,58;11,35;0,74;             150,45;
08036007;Castelnuovo Rangone;Modena;1   ;          14.971;11,73;20,41;43,69;43,03;9,71;15,36;32,39;0,43;             176,74;
08036008;Castelvetro di Modena;Modena;1   ;          11.101;14,52;21,44;30,80;19,27;6,27;17,86;16,75;0,52;             127,43;
08036011;Fanano;Modena;1   ;           2.943;48,31;45,85;45,24;20,77;30,49;25,84;52,64;0,82;             269,97;
08036012;Finale Emilia;Modena;1   ;          14.951;19,20;12,98;62,02;24,17;18,24;51,09;6,66;;             194,37;
08036013;Fiorano Modenese;Modena;1   ;          16.850;13,74;26,96;55,38;33,02;14,37;20,93;26,64;0,48;             191,51;
08036014;Fiumalbo;Modena;1   ;           1.175;38,57;45,95;29,60;20,90;12,83;32,97;56,22;1,40;             238,44;
08036015;Formigine;Modena;1   ;          34.467;15,42;21,52;48,28;32,19;12,49;10,48;22,39;0,35;             163,10;
08036016;Frassinoro;Modena;1   ;           1.731;50,19;37,72;32,20;14,43;;26,75;97,26;1,03;             259,58;
08036017;Guiglia;Modena;1   ;           4.096;11,71;24,74;48,10;30,42;6,41;7,22;25,74;1,16;             155,49;
08036018;Lama Mocogno;Modena;1   ;           2.634;55,32;48,90;27,84;13,87;4,32;26,12;57,19;0,84;             234,39;
08036019;Maranello;Modena;1   ;          17.307;17,85;25,92;48,05;32,46;13,90;27,98;33,86;0,47;             200,48;
08036020;Marano sul Panaro;Modena;1   ;           5.291;5,84;16,75;47,06;16,87;11,60;8,21;21,35;0,97;             128,64;
08036023;Modena;Modena;1   ;         184.153;20,24;27,73;43,78;32,43;23,11;19,24;33,41;0,33;             200,27;
08036024;Montecreto;Modena;1   ;             930;47,75;55,91;45,63;17,04;6,31;75,55;68,04;1,76;             318,00;
08036025;Montefiorino;Modena;1   ;           2.086;47,49;33,92;28,26;15,86;1,30;15,90;56,20;0,88;             199,80;
08036026;Montese;Modena;1   ;           3.251;22,97;43,36;40,60;22,27;21,27;51,27;15,59;0,69;             218,01;
08036027;Nonantola;Modena;1   ;          16.106;12,26;7,24;54,41;20,38;12,26;35,29;11,41;;             153,27;
08036029;Palagano;Modena;1   ;           2.051;38,22;32,87;47,24;16,60;4,46;22,79;57,88;0,89;             220,96;
08036030;Pavullo nel Frignano;Modena;1   ;          18.103;27,91;32,77;21,75;21,53;10,63;15,77;41,62;0,39;             172,36;
08036031;Pievepelago;Modena;1   ;           2.151;39,19;39,68;31,12;18,06;17,26;22,21;69,79;0,90;             238,22;
08036032;Polinago;Modena;1   ;           1.583;39,18;37,31;30,29;13,89;7,01;22,24;65,00;1,10;             216,01;
08036033;Prignano sulla Secchia;Modena;1   ;           3.795;11,86;15,43;31,19;21,68;;22,36;46,70;0,60;             149,82;
08036034;Ravarino;Modena;1   ;           6.255;11,97;8,03;64,24;23,13;7,04;40,23;13,57;;             168,20;
08036035;Riolunato;Modena;1   ;             665;33,50;41,20;30,39;17,64;14,42;41,06;65,68;2,18;             246,06;
08036036;San Cesario sul Panaro;Modena;1   ;           6.601;12,06;10,99;42,60;40,25;5,95;9,01;19,68;1,02;             141,55;
08036040;Sassuolo;Modena;1   ;          40.736;22,45;29,00;51,92;27,42;24,22;22,38;27,67;0,39;             205,45;
08036041;Savignano sul Panaro;Modena;1   ;           9.563;13,46;21,43;38,25;20,49;2,12;21,73;28,65;0,47;             146,59;
08036042;Serramazzoni;Modena;1   ;           8.645;38,24;30,05;40,43;19,80;14,66;22,19;49,63;0,44;             215,43;
08036043;Sestola;Modena;1   ;           2.410;58,34;62,85;53,20;15,85;59,93;51,58;74,06;0,99;             376,80;
08036045;Spilamberto;Modena;1   ;          12.825;15,12;6,62;56,79;28,21;8,18;8,97;24,17;0,82;             148,89;
08036046;Vignola;Modena;1   ;          25.814;15,08;11,62;58,27;26,43;11,14;14,63;14,04;0,79;             151,99;
08036047;Zocca;Modena;1   ;           4.628;13,44;30,79;34,42;29,34;12,51;9,66;22,80;0,56;             153,53;
03108001;Agrate Brianza;Monza e della Brianza;1   ;          15.547;7,41;5,31;35,62;32,82;17,36;15,78;18,84;0,69;             133,83;
03108002;Aicurzio;Monza e della Brianza;1   ;           2.079;7,08;9,47;41,21;31,95;25,39;18,75;20,90;;             154,75;
03108003;Albiate;Monza e della Brianza;1   ;           6.665;7,30;0,77;32,73;21,89;15,87;24,51;15,40;1,36;             119,83;
03108004;Arcore;Monza e della Brianza;1   ;          17.825;8,28;5,45;36,29;32,39;16,17;7,10;9,02;0,60;             115,29;
03108005;Barlassina;Monza e della Brianza;1   ;           6.839;5,78;1,05;25,57;33,95;8,62;16,72;8,29;1,12;             101,11;
03108006;Bellusco;Monza e della Brianza;1   ;           7.413;10,52;4,85;12,64;26,34;8,39;16,69;17,54;1,25;              98,22;
03108007;Bernareggio;Monza e della Brianza;1   ;          11.433;6,73;5,50;32,23;28,20;6,66;17,27;16,35;0,93;             113,86;
03108008;Besana in Brianza;Monza e della Brianza;1   ;          15.394;11,78;1,05;29,15;30,45;11,71;18,32;7,49;1,52;             111,46;
03108009;Biassono;Monza e della Brianza;1   ;          12.305;7,13;34,45;41,32;;4,96;21,60;13,65;;             123,11;
03108010;Bovisio-Masciago;Monza e della Brianza;1   ;          16.752;10,40;1,14;35,26;28,03;22,99;21,65;19,64;1,72;             140,84;
03108011;Briosco;Monza e della Brianza;1   ;           6.075;8,17;0,86;26,03;23,07;10,11;16,82;15,87;1,27;             102,20;
03108012;Brugherio;Monza e della Brianza;1   ;          34.999;7,24;10,11;35,23;24,14;13,04;22,87;8,43;0,71;             121,77;
03108013;Burago di Molgora;Monza e della Brianza;1   ;           4.234;7,06;9,49;30,18;32,40;15,55;6,88;8,80;1,80;             112,17;
03108051;Busnago;Monza e della Brianza;1   ;           6.835;7,81;6,35;31,03;28,45;4,65;6,43;8,01;1,35;              94,07;
03108014;Camparada;Monza e della Brianza;1   ;           2.149;11,05;5,78;33,21;34,64;7,95;6,35;9,28;3,55;             111,82;
03108052;Caponago;Monza e della Brianza;1   ;           5.140;7,19;4,79;36,52;34,35;13,21;25,01;29,22;;             150,29;
03108015;Carate Brianza;Monza e della Brianza;1   ;          17.817;7,69;0,64;25,18;30,92;22,13;23,52;9,66;1,57;             121,31;
03108016;Carnate;Monza e della Brianza;1   ;           7.676;6,59;8,24;28,09;11,44;6,94;21,68;12,82;1,20;              97,01;
03108017;Cavenago di Brianza;Monza e della Brianza;1   ;           7.392;6,90;5,55;31,72;29,49;12,84;23,84;53,66;;             164,00;
03108018;Ceriano Laghetto;Monza e della Brianza;1   ;           6.656;5,46;0,63;34,85;27,63;12,58;20,19;7,68;1,39;             110,42;
03108019;Cesano Maderno;Monza e della Brianza;1   ;          39.310;6,61;0,05;28,64;27,71;16,78;15,83;17,35;1,33;             114,29;
03108020;Cogliate;Monza e della Brianza;1   ;           8.424;5,86;0,42;24,47;28,20;4,36;15,10;8,17;1,36;              87,94;
03108021;Concorezzo;Monza e della Brianza;1   ;          15.880;7,08;12,82;18,07;25,94;10,25;12,01;14,86;;             101,02;
03108053;Cornate d'Adda;Monza e della Brianza;1   ;          10.794;6,90;8,22;32,40;28,98;8,43;13,41;10,62;;             108,96;
03108022;Correzzana;Monza e della Brianza;1   ;           3.157;6,52;7,96;33,65;27,82;7,03;30,97;7,56;2,42;             123,92;
03108023;Desio;Monza e della Brianza;1   ;          41.463;8,81;1,40;29,58;26,12;15,66;15,79;19,75;2,19;             119,30;
03108024;Giussano;Monza e della Brianza;1   ;          25.956;9,88;0,93;27,00;23,87;20,35;13,88;18,66;1,99;             116,57;
03108025;Lazzate;Monza e della Brianza;1   ;           7.673;12,25;;14,97;27,90;14,45;20,21;20,40;0,39;             110,58;
03108054;Lentate sul Seveso;Monza e della Brianza;1   ;          15.801;9,13;13,54;28,07;18,25;16,67;17,84;4,71;;             108,22;
03108026;Lesmo;Monza e della Brianza;1   ;           8.405;7,32;4,96;38,87;38,03;8,36;17,55;20,77;;             135,86;
03108027;Limbiate;Monza e della Brianza;1   ;          34.790;8,98;1,04;31,93;26,41;15,28;17,06;16,56;1,44;             118,70;
03108028;Lissone;Monza e della Brianza;1   ;          46.394;7,43;0,84;35,08;27,51;18,07;20,29;12,34;1,60;             123,16;
03108029;Macherio;Monza e della Brianza;1   ;           7.514;6,94;6,05;33,26;30,94;4,28;12,20;13,38;;             107,04;
03108030;Meda;Monza e della Brianza;1   ;          23.388;8,21;5,91;23,92;16,97;16,07;16,84;9,00;;              96,92;
03108031;Mezzago;Monza e della Brianza;1   ;           4.469;8,66;4,58;34,17;34,16;7,83;19,54;22,62;1,71;             133,27;
03108032;Misinto;Monza e della Brianza;1   ;           5.682;8,75;0,77;36,74;27,68;10,48;19,68;11,47;1,62;             117,18;
03108033;Monza;Monza e della Brianza;1   ;         121.799;8,46;0,02;40,00;29,56;35,02;18,89;23,16;;             155,11;
03108034;Muggio;Monza e della Brianza;1   ;          23.464;8,88;26,88;27,02;2,04;18,07;12,28;14,28;0,47;             109,92;
03108035;Nova Milanese;Monza e della Brianza;1   ;          23.027;4,56;9,49;35,29;17,88;20,32;8,39;5,44;1,59;             102,96;
03108036;Ornago;Monza e della Brianza;1   ;           5.290;7,59;5,50;40,02;31,63;6,30;13,56;19,88;1,75;             126,23;
03108037;Renate;Monza e della Brianza;1   ;           3.967;8,22;0,30;33,78;23,03;13,43;18,38;7,16;1,05;             105,35;
03108055;Roncello;Monza e della Brianza;1   ;           4.779;7,00;8,05;29,50;23,07;3,92;13,65;7,02;1,93;              94,16;
03108038;Ronco Briantino;Monza e della Brianza;1   ;           3.591;6,74;5,22;29,18;28,36;4,13;27,76;14,71;2,12;             118,23;
03108039;Seregno;Monza e della Brianza;1   ;          44.917;6,66;1,49;28,08;24,11;20,90;18,00;12,83;1,62;             113,69;
03108040;Seveso;Monza e della Brianza;1   ;          23.882;5,91;0,88;27,07;27,14;16,89;18,34;7,85;1,46;             105,55;
03108041;Sovico;Monza e della Brianza;1   ;           8.316;8,57;1,05;29,37;20,75;18,58;20,82;16,79;2,62;             118,54;
03108042;Sulbiate;Monza e della Brianza;1   ;           4.451;7,31;4,35;24,66;26,14;10,10;21,86;10,51;3,20;             108,12;
03108043;Triuggio;Monza e della Brianza;1   ;           8.672;9,46;0,90;35,38;19,59;10,55;14,30;18,75;1,30;             110,23;
03108044;Usmate Velate;Monza e della Brianza;1   ;          10.547;9,83;4,14;32,82;38,81;6,27;10,39;17,77;1,01;             121,04;
03108045;Varedo;Monza e della Brianza;1   ;          13.769;9,51;28,95;31,32;6,41;20,25;22,89;9,11;5,52;             133,95;
03108046;Vedano al Lambro;Monza e della Brianza;1   ;           7.477;8,54;8,25;36,22;32,18;13,81;17,44;26,33;;             142,77;
03108047;Veduggio con Colzano;Monza e della Brianza;1   ;           4.129;9,56;0,59;27,07;16,56;8,47;28,17;8,50;4,90;             103,82;
03108048;Verano Brianza;Monza e della Brianza;1   ;           9.137;7,01;1,41;32,39;26,26;9,18;21,50;10,79;1,21;             109,76;
03108049;Villasanta;Monza e della Brianza;1   ;          14.131;7,47;5,16;36,47;28,82;19,96;14,66;11,96;;             124,49;
03108050;Vimercate;Monza e della Brianza;1   ;          25.876;8,03;8,41;35,00;31,32;13,19;13,99;15,05;;             125,00;
15063001;Acerra;Napoli;1   ;          58.322;37,98;23,51;26,04;48,23;20,60;1,08;29,11;;             186,55;
15063003;Agerola;Napoli;1   ;           7.711;16,14;19,65;112,41;0,90;26,80;16,78;11,66;;             204,34;
15063004;Anacapri;Napoli;1   ;           6.835;89,53;;100,43;64,10;68,28;73,14;25,94;;             421,43;
15063005;Arzano;Napoli;1   ;          31.977;48,21;36,60;83,70;8,59;35,49;25,67;0,19;;             238,45;
15063006;Bacoli;Napoli;1   ;          25.230;6,96;19,68;29,05;83,40;22,23;68,72;11,65;;             241,70;
15063007;Barano d'Ischia;Napoli;1   ;           9.971;46,77;19,40;100,77;23,41;11,23;25,36;62,19;5,01;             294,15;
15063008;Boscoreale;Napoli;1   ;          25.939;44,73;27,54;35,23;30,61;10,59;12,45;13,25;;             174,41;
15063009;Boscotrecase;Napoli;1   ;           9.795;56,15;27,97;30,12;33,87;20,05;7,20;5,93;;             181,30;
15063011;Caivano;Napoli;1   ;          35.874;32,19;61,10;73,22;22,83;29,69;13,02;4,47;0,08;             236,61;
15063012;Calvizzano;Napoli;1   ;          12.391;19,76;34,73;32,93;27,51;13,17;8,54;28,89;;             165,53;
15063014;Capri;Napoli;1   ;           6.804;106,85;;189,26;106,11;106,92;97,07;57,39;;             663,59;
15063015;Carbonara di Nola;Napoli;1   ;           2.459;20,09;25,87;46,25;29,67;10,16;11,42;14,51;14,64;             172,62;
15063016;Cardito;Napoli;1   ;          21.514;;32,20;;39,22;;32,08;77,66;;             181,15;
15063017;Casalnuovo di Napoli;Napoli;1   ;          46.992;44,92;41,33;35,14;21,59;17,94;6,23;17,08;;             184,23;
15063020;Casandrino;Napoli;1   ;          13.234;19,97;36,56;66,40;27,47;16,86;20,05;106,72;;             294,03;
15063021;Casavatore;Napoli;1   ;          18.209;27,71;40,81;53,66;22,53;26,19;2,75;8,17;;             181,83;
15063023;Casoria;Napoli;1   ;          74.021;54,54;33,07;65,19;21,39;5,47;26,72;13,69;;             220,07;
15063024;Castellammare di Stabia;Napoli;1   ;          62.772;42,88;;51,51;38,54;37,68;6,98;6,67;;             184,27;
15063025;Castello di Cisterna;Napoli;1   ;           7.758;13,76;21,70;68,07;59,40;12,46;12,62;33,78;;             221,78;
15063026;Cercola;Napoli;1   ;          16.954;9,31;;63,50;;36,89;14,82;2,35;;             126,87;
15063027;Cicciano;Napoli;1   ;          12.263;10,22;18,08;41,86;30,73;11,71;5,68;5,99;;             124,28;
15063028;Cimitile;Napoli;1   ;           6.885;3,41;25,60;30,71;46,61;3,56;1,74;29,14;;             140,78;
15063029;Comiziano;Napoli;1   ;           1.704;12,98;62,27;38,95;44,06;32,20;3,39;2,41;;             196,26;
15063030;Crispano;Napoli;1   ;          11.724;38,42;38,92;28,81;15,55;36,55;9,83;28,56;;             196,65;
15063064;Ercolano;Napoli;1   ;          50.124;39,46;39,85;57,49;29,79;10,27;22,67;44,01;3,62;             247,14;
15063031;Forio;Napoli;1   ;          17.437;166,29;33,76;174,02;63,58;3,74;74,47;5,29;;             521,15;
15063032;Frattamaggiore;Napoli;1   ;          28.492;21,85;39,14;47,28;44,24;47,00;14,40;4,52;;             218,42;
15063033;Frattaminore;Napoli;1   ;          15.354;21,66;;54,23;55,15;8,40;16,50;10,31;;             166,25;
15063034;Giugliano in Campania;Napoli;1   ;         123.679;16,48;41,74;94,19;29,64;25,38;3,29;1,84;;             212,57;
15063035;Gragnano;Napoli;1   ;          27.960;29,35;26,67;44,02;33,43;7,77;14,33;14,43;;             170,01;
15063036;Grumo Nevano;Napoli;1   ;          17.145;19,48;20,16;43,81;57,05;5,51;13,24;1,89;2,92;             164,06;
15063037;Ischia;Napoli;1   ;          19.598;67,07;53,45;107,54;39,78;25,86;34,68;12,67;;             341,06;
15063038;Lacco Ameno;Napoli;1   ;           4.561;54,73;61,34;111,13;29,11;;77,96;25,53;;             359,80;
15063039;Lettere;Napoli;1   ;           6.031;16,14;19,89;47,42;67,18;16,16;9,40;4,42;;             180,62;
15063040;Liveri;Napoli;1   ;           1.475;43,41;27,20;60,43;20,40;7,48;9,59;54,28;;             222,79;
15063041;Marano di Napoli;Napoli;1   ;          57.777;49,50;53,55;29,70;21,81;20,29;33,03;1,30;;             209,18;
15063092;Massa di Somma;Napoli;1   ;           4.991;11,95;25,58;71,60;33,24;38,31;34,33;17,09;;             232,10;
15063044;Massa Lubrense;Napoli;1   ;          14.141;43,18;15,97;76,17;45,12;18,92;8,90;6,11;;             214,36;
15063045;Melito di Napoli;Napoli;1   ;          36.269;27,04;64,00;38,76;6,89;6,97;15,37;0,20;3,93;             163,16;
15063046;Meta;Napoli;1   ;           7.770;30,00;24,55;107,14;30,17;22,99;19,69;4,63;;             239,17;
15063047;Monte di Procida;Napoli;1   ;          11.845;45,92;21,58;29,85;41,43;17,20;1,00;11,93;;             168,91;
15063051;Ottaviano;Napoli;1   ;          23.115;14,73;6,11;69,01;38,23;14,73;10,23;21,63;;             174,68;
15063052;Palma Campania;Napoli;1   ;          16.221;9,35;23,06;51,50;43,85;13,50;9,04;6,64;;             156,95;
15063053;Piano di Sorrento;Napoli;1   ;          12.355;11,30;31,65;64,30;34,08;41,08;35,28;;;             217,69;
15063054;Pimonte;Napoli;1   ;           5.860;11,20;25,72;33,59;41,50;11,88;9,45;1,43;;             134,78;
15063056;Pollena Trocchia;Napoli;1   ;          12.750;11,78;22,17;58,90;26,37;4,98;20,71;16,36;;             161,27;
15063057;Pomigliano d'Arco;Napoli;1   ;          39.705;31,12;22,17;75,51;39,89;26,24;35,79;15,55;;             246,27;
15063059;Portici;Napoli;1   ;          52.054;58,61;37,81;;29,34;36,63;11,56;3,07;;             177,02;
15063060;Pozzuoli;Napoli;1   ;          76.331;21,24;18,57;53,78;36,79;23,05;64,17;26,60;;             244,18;
15063061;Procida;Napoli;1   ;          10.092;24,54;83,02;153,40;;49,09;37,95;60,50;;             408,51;
15063062;Qualiano;Napoli;1   ;          24.501;20,97;32,40;49,68;28,96;12,90;7,04;2,80;;             154,73;
15063063;Quarto;Napoli;1   ;          41.228;11,77;32,73;54,92;26,46;11,77;7,70;12,64;;             157,99;
15063065;Roccarainola;Napoli;1   ;           6.564;27,80;30,10;29,62;13,17;24,98;4,92;;;             130,59;
15063066;San Gennaro Vesuviano;Napoli;1   ;          12.003;14,24;25,50;69,55;22,45;24,08;12,50;6,16;;             174,47;
15063067;San Giorgio a Cremano;Napoli;1   ;          42.485;30,29;29,73;62,33;27,93;32,38;8,37;4,13;;             195,14;
15063068;San Giuseppe Vesuviano;Napoli;1   ;          30.120;30,07;32,60;42,15;23,31;52,64;27,78;3,70;;             212,25;
15063069;San Paolo Bel Sito;Napoli;1   ;           3.378;8,88;23,72;44,38;55,44;10,60;10,96;16,19;0,74;             170,92;
15063070;San Sebastiano al Vesuvio;Napoli;1   ;           8.664;50,05;39,33;74,90;30,10;27,05;17,92;56,24;;             295,57;
15063071;Sant'Agnello;Napoli;1   ;           8.640;33,19;31,66;73,67;26,17;26,72;12,68;44,14;;             248,23;
15063072;Sant'Anastasia;Napoli;1   ;          26.170;13,76;28,72;74,25;22,99;14,03;9,30;10,32;;             173,38;
15063074;Sant'Antonio Abate;Napoli;1   ;          19.065;11,57;16,95;40,62;51,28;14,76;7,83;18,24;;             161,27;
15063076;Saviano;Napoli;1   ;          15.810;14,39;21,81;37,45;35,59;14,89;4,52;0,16;;             128,80;
15063077;Scisciano;Napoli;1   ;           6.174;19,24;17,81;40,00;25,21;7,29;25,16;15,01;;             149,72;
15063078;Serrara Fontana;Napoli;1   ;           3.066;171,16;79,00;45,82;;;13,84;6,54;;             316,36;
15063079;Somma Vesuviana;Napoli;1   ;          33.697;41,08;23,87;75,79;38,75;28,99;12,30;10,21;;             230,98;
15063080;Sorrento;Napoli;1   ;          15.407;15,88;48,22;104,85;40,15;81,70;53,77;20,80;;             365,38;
15063081;Striano;Napoli;1   ;           8.860;22,71;19,55;95,34;9,88;22,95;8,42;32,63;;             211,49;
15063082;Terzigno;Napoli;1   ;          17.211;19,51;27,19;48,92;24,84;32,92;34,59;88,76;;             276,73;
15063083;Torre Annunziata;Napoli;1   ;          40.153;39,94;33,95;57,48;29,15;25,23;28,45;49,22;;             263,40;
15063084;Torre del Greco;Napoli;1   ;          80.508;32,39;41,13;47,46;22,73;8,45;17,46;19,18;;             188,81;
15063091;Trecase;Napoli;1   ;           8.533;64,45;71,64;36,00;;27,97;46,08;8,82;;             254,98;
15063085;Tufino;Napoli;1   ;           3.384;22,27;0,46;71,65;27,76;40,98;24,08;10,26;;             197,46;
15063086;Vico Equense;Napoli;1   ;          20.254;16,59;16,17;76,19;44,75;40,12;17,25;11,21;;             222,28;
15063087;Villaricca;Napoli;1   ;          31.356;26,67;66,64;39,95;26,40;;4,18;13,12;;             176,94;
15063088;Visciano;Napoli;1   ;           4.150;15,61;14,86;39,94;38,28;18,19;1,81;15,58;;             144,28;
15063089;Volla;Napoli;1   ;          25.531;27,43;24,65;45,04;40,12;17,03;30,63;28,57;-0,46;             213,01;
01003001;Agrate Conturbia;Novara;1   ;           1.544;6,97;13,91;34,55;10,94;5,51;25,07;2,69;;              99,65;
01003002;Ameno;Novara;1   ;             852;11,48;20,60;60,82;11,96;10,13;58,47;1,54;;             175,00;
01003006;Armeno;Novara;1   ;           2.078;8,86;14,78;40,62;10,66;1,21;69,24;1,44;;             146,80;
01003008;Arona;Novara;1   ;          13.694;9,29;16,41;61,37;14,52;16,48;47,39;8,00;;             173,46;
01003019;Boca;Novara;1   ;           1.141;8,36;12,39;42,29;13,04;9,53;39,20;4,45;;             129,27;
01003021;Bogogno;Novara;1   ;           1.295;7,17;11,06;36,56;11,10;6,33;42,57;2,97;;             117,77;
01003022;Bolzano Novarese;Novara;1   ;           1.132;5,10;13,82;30,89;18,99;2,64;48,26;10,73;;             130,42;
01003025;Borgo Ticino;Novara;1   ;           5.173;5,18;12,25;35,18;8,20;9,52;17,85;4,97;;              93,16;
01003024;Borgomanero;Novara;1   ;          21.188;10,44;14,63;49,39;15,19;15,21;22,07;15,80;;             142,73;
01003026;Briga Novarese;Novara;1   ;           2.760;3,82;10,28;38,84;11,58;0,54;36,70;10,04;;             111,81;
01003036;Carpignano Sesia;Novara;1   ;           2.446;9,20;10,01;40,27;13,89;16,19;23,09;9,08;;             121,73;
01003043;Castelletto sopra Ticino;Novara;1   ;           9.820;8,27;17,81;41,32;14,03;10,25;24,88;27,61;;             144,17;
01003045;Cavaglio d'Agogna;Novara;1   ;           1.139;7,73;12,67;34,98;18,51;13,09;45,05;3,96;;             135,99;
01003047;Cavallirio;Novara;1   ;           1.299;6,60;14,13;32,20;16,20;7,93;28,61;3,74;;             109,41;
01003052;Comignago;Novara;1   ;           1.221;8,38;14,13;48,60;8,65;10,28;31,27;4,98;;             126,29;
01003058;Cureggio;Novara;1   ;           2.589;8,04;9,42;34,81;14,32;13,56;19,95;3,98;;             104,08;
01003060;Divignano;Novara;1   ;           1.414;8,59;10,75;38,17;16,07;9,42;49,75;4,42;;             137,17;
01003062;Dormelletto;Novara;1   ;           2.515;8,56;24,51;45,99;16,67;11,52;26,52;8,76;;             142,53;
01003065;Fara Novarese;Novara;1   ;           2.002;7,62;12,74;34,80;14,46;7,89;32,95;4,96;;             115,43;
01003066;Fontaneto d'Agogna;Novara;1   ;           2.579;7,78;12,22;35,54;11,97;8,77;38,40;4,17;;             118,84;
01003070;Gargallo;Novara;1   ;           1.763;13,68;11,04;56,03;13,77;1,82;34,97;0,75;;             132,07;
01003166;Gattico-Veruno;Novara;1   ;           5.217;5,01;14,85;32,01;9,58;10,47;27,51;3,94;;             103,37;
01003073;Ghemme;Novara;1   ;           3.381;8,40;15,55;40,17;15,95;12,82;23,84;6,27;;             123,00;
01003076;Gozzano;Novara;1   ;           5.499;6,69;15,53;40,62;13,08;;51,92;3,91;;             131,77;
01003079;Grignasco;Novara;1   ;           4.302;6,68;12,32;39,80;15,73;9,59;26,61;4,53;;             115,26;
01003082;Invorio;Novara;1   ;           4.280;6,74;15,24;34,02;9,31;4,75;38,71;8,63;;             117,39;
01003084;Lesa;Novara;1   ;           2.164;14,03;18,11;66,40;15,73;25,27;87,97;34,64;;             262,15;
01003088;Maggiora;Novara;1   ;           1.616;11,78;9,41;40,38;14,65;9,63;18,31;0,73;;             104,89;
01003095;Meina;Novara;1   ;           2.367;10,82;15,47;51,10;11,90;9,28;47,65;6,72;;             152,93;
01003098;Miasino;Novara;1   ;             818;20,67;15,90;59,69;10,43;11,45;70,76;1,56;;             190,46;
01003103;Nebbiuno;Novara;1   ;           1.798;9,88;15,32;;58,11;7,81;54,92;1,85;;             147,89;
01003106;Novara;Novara;1   ;         101.257;14,48;;50,36;29,73;19,60;49,10;23,87;0,23;             187,38;
01003109;Oleggio Castello;Novara;1   ;           2.214;7,03;8,68;43,59;7,21;9,07;34,41;4,23;;             114,22;
01003112;Orta San Giulio;Novara;1   ;           1.047;24,73;40,75;145,29;18,98;68,05;157,49;4,00;;             459,28;
01003114;Paruzzaro;Novara;1   ;           2.137;9,06;14,42;65,10;11,66;12,48;33,92;15,24;;             161,89;
01003116;Pettenasco;Novara;1   ;           1.340;11,32;14,89;52,30;8,53;6,71;73,67;1,87;;             169,30;
01003119;Pisano;Novara;1   ;             803;6,61;13,60;50,39;9,87;31,19;77,80;1,44;;             190,89;
01003121;Pombia;Novara;1   ;           2.147;8,03;11,15;45,63;17,56;11,95;32,91;10,09;;             137,31;
01003122;Prato Sesia;Novara;1   ;           1.820;6,98;11,65;36,93;16,50;8,94;47,85;5,56;;             134,41;
01003130;Romagnano Sesia;Novara;1   ;           3.680;10,54;17,02;41,00;14,45;14,67;31,41;4,40;;             133,49;
01003133;San Maurizio d'Opaglio;Novara;1   ;           2.955;9,70;17,73;52,49;11,97;2,99;54,89;1,22;;             150,99;
01003139;Sizzano;Novara;1   ;           1.364;9,34;12,75;40,25;14,44;8,31;34,84;4,10;;             124,04;
01003140;Soriso;Novara;1   ;             723;4,47;15,81;29,93;15,45;;41,50;7,11;;             114,27;
01003143;Suno;Novara;1   ;           2.689;6,33;14,49;36,77;15,17;10,73;21,23;5,21;;             109,93;
01003154;Varallo Pombia;Novara;1   ;           4.965;6,50;10,90;32,03;17,12;13,66;35,77;5,62;-0,99;             120,61;
20091005;Bari Sardo;Nuoro [fino 2024];1   ;           3.837;26,50;16,81;110,66;16,84;18,70;19,13;7,05;;             215,70;
20091006;Baunei;Nuoro [fino 2024];1   ;           3.428;7,46;14,79;55,93;30,60;;7,13;24,26;;             140,17;
20091009;Bitti - Dato aggregazione ASSOCIAZIONE DEI COMUNI DI BITTI, LULA, ONANI' - ENTE CAPOFILA COMUNE DI BITTI;Nuoro [fino 2024];3   ;           4.195;9,79;12,01;44,59;0,77;;16,33;22,17;;             105,65;
20091010;Bolotana;Nuoro [fino 2024];1   ;           2.358;34,36;14,49;68,72;8,60;11,45;9,08;9,28;;             155,97;
20091011;Borore;Nuoro [fino 2024];1   ;           1.956;38,78;6,90;77,56;9,29;12,93;9,59;19,96;;             175,02;
20091103;Cardedu;Nuoro [fino 2024];1   ;           1.946;46,17;13,26;66,66;9,28;31,20;2,00;2,55;;             171,12;
20091017;Dorgali;Nuoro [fino 2024];1   ;           8.333;30,75;20,20;95,85;12,84;28,25;29,99;12,34;;             230,22;
20091018;Dualchi;Nuoro [fino 2024];1   ;             574;25,28;13,14;66,56;8,20;;21,07;5,49;;             139,74;
20091024;Fonni;Nuoro [fino 2024];1   ;           3.639;6,85;12,84;54,89;18,64;17,32;31,66;12,13;;             154,33;
20091026;Gairo;Nuoro [fino 2024];1   ;           1.285;45,22;16,35;67,91;3,69;;3,61;;;             136,78;
20091027;Galtelli;Nuoro [fino 2024];Vedi aggregazione: ASSOCIAZIONE DEI COMUNI DI IRGOLI, ONIFAI, LOCULI, GALTELLI' - ENTE CAPOFILA COMUNE DI IRGOLI;
20091033;Irgoli - Dato aggregazione ASSOCIAZIONE DEI COMUNI DI IRGOLI, ONIFAI, LOCULI, GALTELLI' - ENTE CAPOFILA COMUNE DI IRGOLI;Nuoro [fino 2024];4   ;           5.747;29,36;3,45;50,58;13,29;;14,45;13,58;;             124,71;
20091035;Jerzu;Nuoro [fino 2024];1   ;           3.000;11,01;6,99;55,64;;1,68;12,79;4,72;;              92,84;
20091040;Loculi;Nuoro [fino 2024];Vedi aggregazione: ASSOCIAZIONE DEI COMUNI DI IRGOLI, ONIFAI, LOCULI, GALTELLI' - ENTE CAPOFILA COMUNE DI IRGOLI;
20091043;Lula;Nuoro [fino 2024];Vedi aggregazione: ASSOCIAZIONE DEI COMUNI DI BITTI, LULA, ONANI' - ENTE CAPOFILA COMUNE DI BITTI;
20091044;Macomer;Nuoro [fino 2024];1   ;           9.334;9,54;23,69;88,31;16,07;25,05;44,38;8,77;;             215,82;
20091051;Nuoro;Nuoro [fino 2024];1   ;          33.850;20,52;12,41;64,73;17,36;38,30;15,54;12,71;3,36;             184,92;
20091055;Oliena;Nuoro [fino 2024];1   ;           6.582;11,81;8,51;53,55;12,03;11,29;33,43;15,99;;             146,61;
20091058;Onani;Nuoro [fino 2024];Vedi aggregazione: ASSOCIAZIONE DEI COMUNI DI BITTI, LULA, ONANI' - ENTE CAPOFILA COMUNE DI BITTI;
20091059;Onifai;Nuoro [fino 2024];Vedi aggregazione: ASSOCIAZIONE DEI COMUNI DI IRGOLI, ONIFAI, LOCULI, GALTELLI' - ENTE CAPOFILA COMUNE DI IRGOLI;
20091061;Orani;Nuoro [fino 2024];1   ;           2.699;20,83;15,97;62,37;11,59;;5,26;;;             116,02;
20091062;Orgosolo;Nuoro [fino 2024];1   ;           3.930;17,71;12,10;52,57;15,75;13,04;23,25;1,49;;             135,92;
20091067;Orune;Nuoro [fino 2024];1   ;           2.138;36,19;33,89;72,39;;12,06;26,34;1,35;;             182,22;
20091068;Osidda;Nuoro [fino 2024];1   ;             217;14,36;3,25;59,27;5,40;2,29;21,48;10,80;;             116,83;
20091071;Ovodda;Nuoro [fino 2024];1   ;           1.520;12,86;20,87;40,54;;13,75;14,22;24,71;;             126,95;
20091073;Posada;Nuoro [fino 2024];1   ;           3.019;24,46;10,85;85,32;17,35;55,16;55,43;41,64;;             290,21;
20091083;Silanus;Nuoro [fino 2024];1   ;           1.984;18,91;11,90;59,88;8,21;;25,68;10,36;1,01;             135,95;
20091084;Sindia;Nuoro [fino 2024];1   ;           1.583;7,06;30,65;50,59;;4,91;20,66;6,67;;             120,53;
20091085;Siniscola;Nuoro [fino 2024];1   ;          11.189;20,02;18,25;136,02;;43,98;23,57;10,53;;             252,38;
20091089;Tertenia;Nuoro [fino 2024];1   ;           3.867;7,63;11,24;53,85;14,47;3,10;11,04;14,40;5,17;             120,91;
20091095;Tortoli;Nuoro [fino 2024];1   ;          10.953;25,38;11,53;95,19;21,75;38,07;22,38;32,14;;             246,45;
20091097;Triei;Nuoro [fino 2024];1   ;           1.057;9,37;16,38;49,34;10,34;3,75;23,30;36,48;;             148,96;
20091101;Villagrande Strisaili;Nuoro [fino 2024];1   ;           2.972;16,27;16,79;68,57;5,81;10,46;16,47;1,67;;             136,04;
20095001;Abbasanta - Dato aggregazione UNIONE DEI COMUNI DEL GUILCIER;Oristano [fino 2024];9   ;          12.746;6,15;24,62;40,45;16,71;;;;;              87,92;
20095002;Aidomaggiore;Oristano [fino 2024];Vedi aggregazione: UNIONE DEI COMUNI DEL GUILCIER;
20095003;Albagiara;Oristano [fino 2024];Vedi aggregazione: UNIONE DI COMUNI ALTA MARMILLA;
20095004;Ales - Dato aggregazione UNIONE DI COMUNI ALTA MARMILLA;Oristano [fino 2024];19  ;           8.647;21,05;15,86;85,49;10,01;;3,34;;;             135,75;
20095006;Arborea;Oristano [fino 2024];1   ;           3.749;84,62;25,72;15,04;0,60;;72,48;;;             198,47;
20095007;Ardauli;Oristano [fino 2024];Vedi aggregazione: UNIONE DEI COMUNI DEL BARIGADU;
20095008;Assolo;Oristano [fino 2024];Vedi aggregazione: UNIONE DI COMUNI ALTA MARMILLA;
20095009;Asuni;Oristano [fino 2024];Vedi aggregazione: UNIONE DI COMUNI ALTA MARMILLA;
20095010;Baradili;Oristano [fino 2024];Vedi aggregazione: UNIONE DI COMUNI ALTA MARMILLA;
20095012;Baressa;Oristano [fino 2024];Vedi aggregazione: UNIONE DI COMUNI ALTA MARMILLA;
20095013;Bauladu;Oristano [fino 2024];Vedi aggregazione: UNIONE DEI COMUNI MONTIFERRU - SINIS;
20095014;Bidoni;Oristano [fino 2024];Vedi aggregazione: UNIONE DEI COMUNI DEL BARIGADU;
20095015;Bonarcado;Oristano [fino 2024];Vedi aggregazione: UNIONE DEI COMUNI MONTIFERRU - SINIS;
20095016;Boroneddu;Oristano [fino 2024];Vedi aggregazione: UNIONE DEI COMUNI DEL GUILCIER;
20095017;Busachi - Dato aggregazione UNIONE DEI COMUNI DEL BARIGADU;Oristano [fino 2024];9   ;           7.478;10,90;10,02;80,77;12,82;7,24;8,53;2,94;;             133,20;
20095019;Cuglieri;Oristano [fino 2024];Vedi aggregazione: UNIONE DEI COMUNI MONTIFERRU - SINIS;
20095077;Curcuris;Oristano [fino 2024];Vedi aggregazione: UNIONE DI COMUNI ALTA MARMILLA;
20095020;Fordongianus;Oristano [fino 2024];Vedi aggregazione: UNIONE DEI COMUNI DEL BARIGADU;
20095021;Ghilarza;Oristano [fino 2024];Vedi aggregazione: UNIONE DEI COMUNI DEL GUILCIER;
20095022;Gonnoscodina;Oristano [fino 2024];Vedi aggregazione: UNIONE DI COMUNI ALTA MARMILLA;
20095023;Gonnosno;Oristano [fino 2024];Vedi aggregazione: UNIONE DI COMUNI ALTA MARMILLA;
20095082;Laconi;Oristano [fino 2024];1   ;           1.667;13,76;10,03;111,29;11,63;;13,88;4,59;;             165,18;
20095025;Marrubiu;Oristano [fino 2024];1   ;           4.595;10,90;20,31;44,66;18,66;;35,26;4,76;;             134,57;
20095027;Milis - Dato aggregazione UNIONE DEI COMUNI MONTIFERRU - SINIS;Oristano [fino 2024];11  ;          15.172;11,75;14,21;67,33;16,96;4,98;12,42;7,18;;             134,83;
20095028;Mogorella;Oristano [fino 2024];Vedi aggregazione: UNIONE DI COMUNI ALTA MARMILLA;
20095030;Morgongiori;Oristano [fino 2024];Vedi aggregazione: UNIONE DI COMUNI ALTA MARMILLA;
20095031;Narbolia;Oristano [fino 2024];1   ;           1.660;15,58;14,00;104,26;19,58;;24,78;9,58;;             187,78;
20095032;Neoneli;Oristano [fino 2024];Vedi aggregazione: UNIONE DEI COMUNI DEL BARIGADU;
20095033;Norbello;Oristano [fino 2024];Vedi aggregazione: UNIONE DEI COMUNI DEL GUILCIER;
20095034;Nughedu Santa Vittoria;Oristano [fino 2024];Vedi aggregazione: UNIONE DEI COMUNI DEL BARIGADU;
20095035;Nurachi;Oristano [fino 2024];Vedi aggregazione: UNIONE DEI COMUNI MONTIFERRU - SINIS;
20095036;Nureci;Oristano [fino 2024];Vedi aggregazione: UNIONE DI COMUNI ALTA MARMILLA;
20095038;Oristano;Oristano [fino 2024];1   ;          30.363;6,80;20,04;60,35;23,38;30,82;24,02;24,52;;             189,92;
20095039;Palmas Arborea - Dato aggregazione UNIONE DI COMUNI DEI FENICI;Oristano [fino 2024];5   ;          10.707;4,37;12,66;51,26;19,30;2,90;17,54;1,25;;             109,27;
20095040;Pau;Oristano [fino 2024];Vedi aggregazione: UNIONE DI COMUNI ALTA MARMILLA;
20095041;Paulilatino;Oristano [fino 2024];Vedi aggregazione: UNIONE DEI COMUNI DEL GUILCIER;
20095043;Riola Sardo;Oristano [fino 2024];1   ;           2.037;5,62;10,04;63,67;19,92;3,37;13,05;1,05;;             116,74;
20095044;Ruinas;Oristano [fino 2024];Vedi aggregazione: UNIONE DI COMUNI ALTA MARMILLA;
20095045;Samugheo;Oristano [fino 2024];Vedi aggregazione: UNIONE DEI COMUNI DEL BARIGADU;
20095046;San Nicolo d'Arcidano;Oristano [fino 2024];1   ;           2.476;9,57;17,83;46,53;16,39;;35,04;;;             125,36;
20095047;Santa Giusta;Oristano [fino 2024];Vedi aggregazione: UNIONE DI COMUNI DEI FENICI;
20095049;Santu Lussurgiu;Oristano [fino 2024];Vedi aggregazione: UNIONE DEI COMUNI MONTIFERRU - SINIS;
20095051;Scano di Montiferro;Oristano [fino 2024];Vedi aggregazione: UNIONE DEI COMUNI MONTIFERRU - SINIS;
20095052;Sedilo;Oristano [fino 2024];Vedi aggregazione: UNIONE DEI COMUNI DEL GUILCIER;
20095053;Seneghe;Oristano [fino 2024];Vedi aggregazione: UNIONE DEI COMUNI MONTIFERRU - SINIS;
20095054;Senis;Oristano [fino 2024];Vedi aggregazione: UNIONE DI COMUNI ALTA MARMILLA;
20095055;Sennariolo;Oristano [fino 2024];Vedi aggregazione: UNIONE DEI COMUNI MONTIFERRU - SINIS;
20095056;Siamaggiore;Oristano [fino 2024];Vedi aggregazione: UNIONE DI COMUNI DEI FENICI;
20095060;Sini;Oristano [fino 2024];Vedi aggregazione: UNIONE DI COMUNI ALTA MARMILLA;
20095078;Soddi;Oristano [fino 2024];Vedi aggregazione: UNIONE DEI COMUNI DEL GUILCIER;
20095062;Solarussa;Oristano [fino 2024];Vedi aggregazione: UNIONE DI COMUNI DEI FENICI;
20095063;Sorradile;Oristano [fino 2024];Vedi aggregazione: UNIONE DEI COMUNI DEL BARIGADU;
20095064;Tadasuni;Oristano [fino 2024];Vedi aggregazione: UNIONE DEI COMUNI DEL GUILCIER;
20095065;Terralba;Oristano [fino 2024];1   ;           9.719;6,67;21,42;29,60;19,68;2,08;34,16;;3,47;             117,08;
20095066;Tramatza;Oristano [fino 2024];Vedi aggregazione: UNIONE DEI COMUNI MONTIFERRU - SINIS;
20095068;Ula  Tirso;Oristano [fino 2024];Vedi aggregazione: UNIONE DEI COMUNI DEL BARIGADU;
20095069;Uras;Oristano [fino 2024];1   ;           2.672;9,33;17,38;45,69;15,97;;34,11;;;             122,49;
20095070;Usellus;Oristano [fino 2024];Vedi aggregazione: UNIONE DI COMUNI ALTA MARMILLA;
20095048;Villa Sant'Antonio;Oristano [fino 2024];Vedi aggregazione: UNIONE DI COMUNI ALTA MARMILLA;
20095073;Villa Verde;Oristano [fino 2024];Vedi aggregazione: UNIONE DI COMUNI ALTA MARMILLA;
20095072;Villaurbana;Oristano [fino 2024];Vedi aggregazione: UNIONE DI COMUNI DEI FENICI;
20095074;Zeddiani;Oristano [fino 2024];Vedi aggregazione: UNIONE DEI COMUNI MONTIFERRU - SINIS;
05028001;Abano Terme;Padova;1   ;          20.231;9,14;;51,11;48,52;22,16;19,72;20,58;7,05;             178,28;
05028002;Agna;Padova;1   ;           3.157;10,44;6,21;43,53;41,67;1,51;15,78;13,38;;             132,53;
05028003;Albignasego;Padova;1   ;          26.890;7,49;;37,13;32,17;7,78;13,91;7,02;1,28;             106,78;
05028004;Anguillara Veneta;Padova;1   ;           4.124;10,63;6,13;33,81;37,60;;13,52;11,55;;             113,24;
05028005;Arqua  Petrarca;Padova;1   ;           1.810;18,48;5,33;53,59;23,70;0,36;13,07;14,14;;             128,68;
05028006;Arre;Padova;1   ;           2.091;11,52;5,27;36,00;43,00;0,93;12,86;12,10;;             121,69;
05028007;Arzergrande;Padova;1   ;           4.788;10,62;3,56;35,03;45,30;0,30;12,29;11,11;;             118,20;
05028008;Bagnoli di Sopra;Padova;1   ;           3.396;17,47;5,08;44,02;44,20;2,52;13,73;11,98;;             139,00;
05028009;Baone;Padova;1   ;           3.058;13,84;4,73;40,07;29,59;0,10;12,71;8,27;;             109,31;
05028010;Barbona;Padova;1   ;             585;17,21;14,02;55,59;16,16;0,25;14,42;2,28;;             119,92;
05028011;Battaglia Terme;Padova;1   ;           3.766;11,45;5,63;43,21;28,24;12,81;14,72;10,59;;             126,65;
05028012;Boara Pisani;Padova;1   ;           2.379;20,82;4,43;72,97;30,10;;13,90;12,87;;             155,09;
05028014;Bovolenta;Padova;1   ;           3.440;12,50;5,87;37,37;39,04;0,55;13,62;11,60;;             120,55;
05028015;Brugine;Padova;1   ;           7.160;10,37;3,37;33,21;34,47;3,19;13,13;10,71;;             108,46;
05028021;Candiana;Padova;1   ;           2.192;14,17;3,02;37,64;35,54;;13,57;12,28;;             116,23;
05028022;Carceri;Padova;1   ;           1.470;12,97;4,07;40,32;25,26;1,76;22,16;14,39;;             120,92;
05028026;Cartura;Padova;1   ;           4.567;15,45;5,40;42,29;42,49;1,23;20,22;13,29;;             140,37;
05028027;Casale di Scodosia;Padova;1   ;           4.647;12,26;5,20;42,73;36,01;1,79;17,21;13,84;;             129,02;
05028028;Casalserugo;Padova;1   ;           5.366;7,73;;32,37;33,55;8,89;14,15;8,89;3,23;             108,81;
05028029;Castelbaldo;Padova;1   ;           1.420;10,71;3,87;38,03;27,01;2,29;15,06;13,36;1,20;             111,52;
05028031;Cinto Euganeo;Padova;1   ;           1.906;20,01;4,50;46,44;20,29;;12,33;12,48;;             116,06;
05028033;Codevigo;Padova;1   ;           6.304;14,61;4,85;56,10;39,36;0,44;13,07;16,84;;             145,26;
05028034;Conselve;Padova;1   ;           9.957;13,26;6,89;43,05;52,37;6,14;15,67;8,84;;             146,23;
05028035;Correzzola;Padova;1   ;           4.993;12,62;3,16;36,19;26,85;0,04;10,30;9,80;;              98,96;
05028106;Due Carrare;Padova;1   ;           9.003;12,24;6,90;35,67;45,20;2,18;14,84;13,05;;             130,08;
05028037;Este;Padova;1   ;          15.975;14,65;6,61;37,55;32,91;8,20;8,76;9,58;;             118,26;
05028043;Granze;Padova;1   ;           1.917;10,50;3,91;32,81;24,20;;10,92;12,16;;              94,51;
05028044;Legnaro;Padova;1   ;           9.458;9,77;4,40;37,76;38,50;1,81;14,27;11,94;;             118,45;
05028047;Lozzo Atestino;Padova;1   ;           3.013;14,30;5,80;39,03;23,83;1,26;15,30;11,44;;             110,96;
05028048;Masera  di Padova;Padova;1   ;           9.126;10,41;5,98;30,29;39,83;3,70;12,83;6,51;;             109,55;
05028049;Masi;Padova;1   ;           1.797;12,31;3,95;45,32;27,19;0,97;13,66;12,23;1,11;             116,74;
05028052;Megliadino San Vitale;Padova;1   ;           1.796;11,91;4,06;38,41;27,43;;11,34;7,45;;             100,60;
05028053;Merlara;Padova;1   ;           2.511;17,61;5,12;48,18;33,11;1,23;16,48;15,61;;             137,34;
05028055;Monselice;Padova;1   ;          17.220;14,24;7,51;43,78;39,85;10,63;17,30;10,66;;             143,97;
05028056;Montagnana;Padova;1   ;           8.937;8,65;6,37;66,32;29,89;9,38;18,93;16,74;;             156,28;
05028058;Noventa Padovana;Padova;1   ;          11.468;12,88;;40,40;38,22;8,06;18,57;7,73;0,71;             126,58;
05028059;Ospedaletto Euganeo;Padova;1   ;           5.549;11,47;4,62;31,78;26,74;6,19;9,09;5,00;;              94,88;
05028060;Padova;Padova;1   ;         206.496;20,58;;49,29;53,71;27,94;31,74;29,19;8,21;             220,66;
05028061;Pernumia;Padova;1   ;           3.765;13,89;5,74;43,76;34,99;3,48;14,58;13,41;;             129,84;
05028062;Piacenza d'Adige;Padova;1   ;           1.229;15,78;3,88;84,21;34,54;0,08;18,38;22,35;;             179,24;
05028065;Piove di Sacco;Padova;1   ;          20.004;11,34;6,91;39,82;29,15;7,22;18,78;5,75;;             118,97;
05028066;Polverara;Padova;1   ;           3.400;12,15;4,33;29,80;23,65;1,00;14,11;6,64;;              91,67;
05028067;Ponso;Padova;1   ;           2.391;12,12;4,42;42,87;26,59;2,63;12,40;11,95;;             112,97;
05028069;Ponte San Nicolo;Padova;1   ;          13.191;9,47;;39,45;36,41;6,56;17,64;12,43;3,50;             125,47;
05028068;Pontelongo;Padova;1   ;           3.640;9,19;5,15;32,59;31,28;1,34;10,87;5,36;;              95,78;
05028070;Pozzonovo;Padova;1   ;           3.430;12,34;5,75;36,66;38,21;0,21;17,59;12,03;;             122,79;
05028073;Saccolongo;Padova;1   ;           4.925;5,78;;28,64;33,49;1,45;10,41;0,51;7,34;              87,61;
05028079;San Pietro Viminario;Padova;1   ;           3.051;12,75;4,79;44,23;41,22;1,93;12,40;11,61;;             128,94;
05028082;Sant'Angelo di Piove di Sacco;Padova;1   ;           7.324;12,44;5,04;39,92;39,03;0,67;13,78;10,91;;             121,80;
05028083;Sant'Elena;Padova;1   ;           2.517;17,29;6,00;66,38;28,75;0,98;12,39;13,14;;             144,94;
05028084;Sant'Urbano;Padova;1   ;           1.905;22,61;0,32;35,00;;0,70;9,08;6,48;;              74,18;
05028087;Solesino;Padova;1   ;           6.737;14,35;5,09;43,26;42,34;1,13;14,92;14,24;;             135,32;
05028088;Stanghella;Padova;1   ;           4.100;13,74;5,18;45,31;28,87;0,38;17,15;12,72;;             123,35;
05028090;Terrassa Padovana;Padova;1   ;           2.675;14,30;4,89;37,86;37,49;;19,21;13,19;;             126,94;
05028094;Tribano;Padova;1   ;           4.195;9,69;5,17;43,25;32,82;0,43;15,77;14,17;;             121,30;
05028095;Urbana;Padova;1   ;           2.016;12,00;3,99;45,46;28,00;4,01;13,36;13,25;;             120,08;
05028097;Vescovana;Padova;1   ;           1.715;14,13;4,51;35,81;24,44;4,98;13,46;5,43;;             102,76;
05028098;Vighizzolo d'Este;Padova;1   ;             864;13,73;5,05;34,10;28,24;2,51;14,91;15,17;1,16;             114,86;
05028102;Villa Estense;Padova;1   ;           2.087;10,60;0,76;30,49;27,39;2,04;12,89;9,57;;              93,74;
05028105;Vo';Padova;1   ;           3.264;5,61;21,60;35,14;12,02;1,55;7,68;;3,06;              86,66;
19082001;Alia;Palermo;1   ;           3.305;45,10;10,04;52,71;16,64;8,52;11,25;9,56;6,66;             160,47;
19082002;Alimena;Palermo;1   ;           1.761;46,34;8,85;56,22;16,70;10,75;26,27;28,09;8,52;             201,74;
19082004;Altavilla Milicia;Palermo;1   ;           8.668;9,07;41,96;72,27;24,60;26,47;3,41;11,03;1,15;             189,97;
19082005;Altofonte;Palermo;1   ;           9.848;14,80;11,40;86,53;16,81;12,52;9,61;12,77;1,02;             165,47;
19082006;Bagheria;Palermo;1   ;          52.928;31,45;30,75;61,58;12,44;16,72;10,68;12,27;;             175,89;
19082007;Balestrate;Palermo;1   ;           6.229;7,03;21,61;66,35;6,09;9,52;16,41;47,86;;             174,87;
19082008;Baucina;Palermo;1   ;           1.858;8,56;12,07;65,56;27,21;14,17;17,80;22,85;6,03;             174,26;
19082009;Belmonte Mezzagno;Palermo;1   ;          10.858;14,02;42,49;48,66;4,54;6,56;11,47;0,99;;             128,72;
19082010;Bisacquino;Palermo;1   ;           4.128;13,19;28,77;60,94;;9,19;7,26;4,22;1,21;             124,78;
19082082;Blufi;Palermo;1   ;             876;46,89;8,18;56,54;18,96;9,14;20,45;7,31;7,99;             175,46;
19082011;Bolognetta;Palermo;1   ;           4.090;109,16;77,34;;;9,47;18,32;19,87;0,73;             234,91;
19082012;Bompietro;Palermo;1   ;           1.197;46,70;7,55;56,37;16,37;9,11;17,45;7,26;8,35;             169,15;
19082013;Borgetto;Palermo;1   ;           7.062;12,34;24,52;62,01;23,38;28,03;23,64;9,67;;             183,60;
19082014;Caccamo;Palermo;1   ;           7.663;13,61;18,53;79,25;32,29;9,27;12,81;7,12;1,30;             174,19;
19082015;Caltavuturo;Palermo;1   ;           3.558;44,46;11,19;53,66;14,12;8,67;12,60;6,94;7,03;             158,66;
19082016;Campofelice di Fitalia;Palermo;1   ;             452;14,52;39,74;77,53;;8,04;19,44;26,63;;             185,91;
19082017;Campofelice di Roccella;Palermo;1   ;           7.666;18,81;54,51;94,05;27,87;28,38;23,64;6,65;;             253,89;
19082019;Camporeale;Palermo;1   ;           2.990;3,21;13,49;115,94;23,01;14,12;9,50;3,30;;             182,57;
19082020;Capaci;Palermo;1   ;          11.339;15,49;23,16;77,87;26,23;35,20;17,69;5,23;0,88;             201,76;
19082021;Carini;Palermo;1   ;          39.773;14,68;13,49;83,98;19,43;13,92;21,26;7,92;;             174,68;
19082022;Castelbuono;Palermo;1   ;           8.100;27,15;;89,79;28,75;13,40;8,31;4,21;;             171,61;
19082023;Casteldaccia;Palermo;1   ;          11.585;34,45;71,25;74,64;22,66;5,74;36,16;64,15;;             309,04;
19082024;Castellana Sicula;Palermo;1   ;           3.020;44,57;8,21;53,79;17,71;8,69;4,88;9,47;8,28;             155,60;
19082025;Castronovo di Sicilia;Palermo;1   ;           2.821;34,87;29,02;79,25;38,87;18,65;12,38;5,59;1,77;             220,39;
19082027;Cefalu;Palermo;1   ;          13.881;13,48;55,77;84,19;15,46;58,01;8,65;16,48;13,06;             265,08;
19082030;Ciminna;Palermo;1   ;           3.428;12,94;21,14;65,19;22,87;19,29;11,29;17,82;;             170,54;
19082031;Cinisi;Palermo;1   ;          11.936;6,44;20,99;95,69;34,33;7,90;30,49;14,12;;             209,96;
19082032;Collesano;Palermo;1   ;           3.650;11,93;16,35;53,79;4,79;23,09;22,74;7,90;;             140,59;
19082034;Corleone;Palermo;1   ;          10.364;37,66;20,09;26,71;35,30;18,06;10,73;1,04;1,45;             151,03;
19082035;Ficarazzi;Palermo;1   ;          12.991;11,56;32,60;46,25;10,79;15,42;31,40;24,97;0,77;             173,76;
19082036;Gangi;Palermo;1   ;           6.110;43,84;7,34;52,91;13,17;8,55;9,20;9,24;6,87;             151,12;
19082037;Geraci Siculo;Palermo;1   ;           1.702;42,89;9,20;51,77;17,72;8,36;5,44;9,16;5,88;             150,43;
19082038;Giardinello;Palermo;1   ;           2.262;8,83;9,16;93,39;19,46;7,27;34,68;65,33;;             238,14;
19082041;Gratteri;Palermo;1   ;             859;17,29;5,91;50,92;13,72;79,72;36,58;13,87;;             218,02;
19082042;Isnello;Palermo;1   ;           1.306;22,31;12,51;105,93;2,62;53,14;21,02;6,39;;             223,92;
19082043;Isola delle Femmine;Palermo;1   ;           7.041;37,92;79,20;63,58;6,49;13,38;32,00;3,15;;             235,73;
19082044;Lascari;Palermo;1   ;           3.677;13,78;24,01;51,36;24,35;20,79;22,86;8,30;;             165,43;
19082045;Lercara Friddi;Palermo;1   ;           6.182;47,40;44,34;89,95;;9,57;9,15;5,86;;             206,27;
19082046;Marineo;Palermo;1   ;           6.113;13,65;;57,85;39,56;16,56;23,05;6,91;2,45;             160,03;
19082047;Mezzojuso;Palermo;1   ;           2.617;19,29;23,41;67,44;24,34;11,66;14,41;16,83;;             177,37;
19082049;Monreale;Palermo;1   ;          38.698;;31,90;;14,47;;14,33;34,15;;              94,85;
19082050;Montelepre;Palermo;1   ;           5.742;6,62;21,29;76,86;13,67;9,23;55,68;3,71;;             187,06;
19082053;Palermo;Palermo;1   ;         630.167;31,80;50,77;44,32;;21,85;33,49;17,46;;             199,69;
19082054;Partinico;Palermo;1   ;          30.674;10,32;24,65;;96,97;28,29;14,48;31,14;;             205,85;
19082055;Petralia Soprana;Palermo;1   ;           2.968;43,99;10,93;53,10;14,16;8,58;31,54;17,00;6,74;             186,05;
19082056;Petralia Sottana;Palermo;1   ;           2.475;42,83;10,14;51,69;15,41;24,16;28,75;34,79;14,95;             222,72;
19082057;Piana degli Albanesi;Palermo;1   ;           5.541;60,41;42,25;69,21;;;4,15;0,02;;             176,04;
19082058;Polizzi Generosa;Palermo;1   ;           2.908;47,04;13,59;56,78;18,50;9,17;8,91;7,37;8,60;             169,96;
19082059;Pollina;Palermo;1   ;           2.853;15,22;26,90;86,30;50,99;16,29;14,22;36,97;;             246,90;
19082060;Prizzi;Palermo;1   ;           4.172;5,04;16,57;63,24;24,19;11,87;7,56;9,61;;             138,07;
19082064;San Giuseppe Jato;Palermo;1   ;           8.055;10,09;6,12;86,86;26,01;;1,74;9,98;0,62;             141,42;
19082065;San Mauro Castelverde;Palermo;1   ;           1.346;52,04;10,50;62,81;17,87;10,15;12,60;11,04;10,40;             187,42;
19082066;Santa Cristina Gela;Palermo;1   ;           1.006;15,22;23,39;76,12;0,33;;11,60;0,89;1,99;             129,54;
19082068;Sciara;Palermo;1   ;           2.524;22,24;10,81;66,81;27,96;10,80;24,03;4,77;;             167,40;
19082081;Scillato;Palermo;1   ;             591;40,23;9,30;48,56;22,18;7,85;8,61;6,34;11,84;             154,91;
19082069;Sclafani Bagni;Palermo;1   ;             375;50,30;7,07;62,35;20,51;10,04;4,98;7,29;18,67;             181,21;
19082071;Terrasini;Palermo;1   ;          12.833;5,84;25,46;72,26;24,76;12,50;32,09;36,86;;             209,76;
19082072;Torretta;Palermo;1   ;           4.278;15,05;17,52;75,24;28,00;20,92;19,07;28,41;0,70;             204,91;
19082073;Trabia;Palermo;1   ;          10.561;10,44;65,53;67,37;13,77;31,37;11,07;16,83;0,95;             217,32;
19082074;Trappeto;Palermo;1   ;           3.058;8,84;14,87;98,93;46,13;14,84;27,88;10,40;;             221,88;
19082076;Valledolmo;Palermo;1   ;           3.174;44,77;7,92;54,04;15,98;8,73;6,52;6,98;10,08;             155,02;
19082077;Ventimiglia di Sicilia;Palermo;1   ;           1.824;22,50;10,54;79,77;23,94;14,16;7,73;4,16;;             162,80;
19082080;Villafrati;Palermo;1   ;           3.107;20,67;28,02;75,89;22,12;18,13;6,98;68,31;;             240,13;
08034001;Albareto;Parma;1   ;           2.087;22,07;50,68;18,44;;0,87;37,69;18,12;;             147,86;
08034003;Bedonia;Parma;1   ;           3.111;20,80;33,81;68,82;;15,56;17,28;17,46;;             173,73;
08034004;Berceto;Parma;1   ;           1.967;36,14;26,41;112,57;;9,67;29,53;29,26;;             243,58;
08034006;Borgo Val di Taro;Parma;1   ;           6.716;71,34;26,94;42,03;10,45;23,05;27,56;0,24;;             201,59;
08034007;Busseto;Parma;1   ;           6.763;14,18;;54,52;42,03;18,57;32,21;21,02;;             182,53;
08034008;Calestano;Parma;1   ;           2.065;15,93;;53,98;45,48;1,89;36,98;25,40;;             179,65;
08034009;Collecchio;Parma;1   ;          14.684;12,97;;57,70;45,57;17,20;39,09;25,75;;             198,28;
08034010;Colorno;Parma;1   ;           8.941;15,23;;54,66;38,65;4,90;30,65;34,85;;             178,94;
08034011;Compiano;Parma;1   ;           1.058;96,55;51,23;16,96;0,80;;43,71;42,25;;             251,51;
08034012;Corniglio;Parma;1   ;           1.755;28,90;;58,83;46,33;19,35;54,62;25,99;;             234,03;
08034013;Felino;Parma;1   ;           9.150;13,96;;57,01;36,78;8,27;20,64;18,23;;             154,88;
08034014;Fidenza;Parma;1   ;          26.945;4,39;10,71;48,00;14,67;22,71;33,28;22,93;;             156,70;
08034015;Fontanellato;Parma;1   ;           7.053;13,76;;56,86;38,48;11,51;32,48;31,78;;             184,88;
08034016;Fontevivo;Parma;1   ;           5.527;14,01;;60,07;44,44;2,69;24,63;43,46;;             189,31;
08034017;Fornovo di Taro;Parma;1   ;           5.891;99,44;17,11;25,23;9,76;1,15;31,83;17,01;;             201,53;
08034018;Langhirano;Parma;1   ;          10.765;14,46;;55,59;50,74;10,87;29,47;40,58;;             201,71;
08034019;Lesignano de' Bagni;Parma;1   ;           5.083;14,50;;52,76;47,37;6,44;12,78;34,18;;             168,03;
08034020;Medesano;Parma;1   ;          10.687;14,08;;56,56;34,21;6,17;20,29;26,11;;             157,42;
08034022;Monchio delle Corti;Parma;1   ;             841;28,65;;91,61;60,08;;84,83;55,25;;             320,42;
08034023;Montechiarugolo;Parma;1   ;          11.211;13,57;;56,51;38,46;8,42;25,09;31,98;;             174,05;
08034024;Neviano degli Arduini;Parma;1   ;           3.422;22,84;;26,05;50,84;;35,03;23,83;;             158,58;
08034025;Noceto;Parma;1   ;          13.203;12,73;;52,43;44,74;3,69;18,28;23,58;;             155,45;
08034026;Palanzano;Parma;1   ;           1.040;29,40;;93,85;49,40;5,97;60,95;64,56;;             304,13;
08034027;Parma;Parma;1   ;         196.764;21,49;;54,76;37,51;27,81;31,19;50,40;;             223,16;
08034028;Pellegrino Parmense;Parma;1   ;             962;123,86;45,95;21,37;4,72;;42,12;4,99;;             243,02;
08034050;Polesione Zibello;Parma;1   ;           3.099;14,25;;74,40;45,14;2,30;23,13;23,67;;             182,89;
08034030;Roccabianca;Parma;1   ;           2.876;14,21;;59,97;39,35;;34,15;24,78;;             172,46;
08034031;Sala Baganza;Parma;1   ;           5.888;13,26;;57,81;49,65;22,92;26,78;33,71;;             204,13;
08034032;Salsomaggiore Terme;Parma;1   ;          19.990;20,61;;51,96;39,38;16,48;27,60;34,04;1,03;             191,10;
08034033;San Secondo Parmense;Parma;1   ;           5.823;13,53;;56,98;49,20;10,04;37,20;39,47;;             206,42;
08034049;Sissa Trecasali;Parma;1   ;           7.846;13,80;;59,98;43,06;0,22;14,05;31,31;;             162,41;
08034035;Solignano;Parma;1   ;           1.713;21,85;47,91;29,91;;25,22;113,47;37,88;;             276,23;
08034036;Soragna;Parma;1   ;           4.736;12,92;;57,63;41,24;3,75;27,31;25,57;;             168,41;
08034051;Sorbolo Mezzani;Parma;1   ;          12.803;13,82;;55,95;35,47;9,07;24,69;31,17;;             170,17;
08034038;Terenzo;Parma;1   ;           1.148;25,61;53,79;36,66;;;42,88;6,00;;             164,95;
08034039;Tizzano Val Parma;Parma;1   ;           2.128;24,88;;79,19;58,05;1,79;38,74;32,67;;             235,31;
08034040;Tornolo;Parma;1   ;             910;62,04;50,83;74,85;0,35;8,46;70,46;12,19;;             279,19;
08034041;Torrile;Parma;1   ;           7.744;12,76;;55,73;35,03;9,48;41,46;48,19;;             202,65;
08034042;Traversetolo;Parma;1   ;           9.559;14,02;;56,78;43,50;4,27;34,39;31,74;;             184,70;
08034044;Valmozzola;Parma;1   ;             535;41,64;56,46;53,54;;;53,74;45,39;;             250,77;
08034045;Varano de' Melegari;Parma;1   ;           2.573;46,88;34,52;49,03;8,85;4,12;38,85;3,50;;             185,76;
08034046;Varsi;Parma;1   ;           1.123;100,10;52,14;17,27;0,19;;64,24;4,72;;             238,65;
03018002;Albaredo Arnaboldi;Pavia;1   ;             234;23,42;76,49;30,88;5,99;9,88;28,43;8,85;0,75;             184,71;
03018003;Albonese;Pavia;1   ;             541;18,03;12,08;65,37;16,68;;3,74;1,18;;             117,09;
03018004;Albuzzano;Pavia;1   ;           3.582;13,04;0,18;22,46;26,48;3,70;10,91;6,71;7,97;              91,46;
03018005;Arena Po;Pavia;1   ;           1.500;23,51;57,08;22,30;4,84;0,96;17,92;6,90;0,77;             134,28;
03018007;Bagnaria;Pavia;1   ;             639;49,40;38,70;18,44;7,80;11,60;49,25;14,29;1,04;             190,52;
03018009;Bascape;Pavia;1   ;           1.768;8,41;24,63;44,87;;4,20;11,91;0,57;0,46;              95,06;
03018012;Battuda;Pavia;1   ;             659;12,45;0,21;23,51;23,99;;14,54;3,69;0,47;              78,86;
03018013;Belgioioso;Pavia;1   ;           6.386;10,66;36,63;37,63;5,88;12,15;13,97;15,54;0,73;             133,18;
03018014;Bereguardo;Pavia;1   ;           2.878;13,85;0,30;26,74;26,51;8,93;21,11;14,65;0,57;             112,66;
03018015;Borgarello;Pavia;1   ;           2.689;14,23;8,74;53,74;16,91;14,12;15,10;1,60;4,11;             128,54;
03018018;Borgo San Siro;Pavia;1   ;             947;13,48;13,67;51,38;24,29;10,84;29,54;11,94;5,43;             160,55;
03018017;Borgoratto Mormorolo;Pavia;1   ;             395;55,51;40,84;19,30;18,37;;0,12;4,02;0,98;             139,14;
03018019;Bornasco;Pavia;1   ;           2.676;12,17;0,14;21,16;22,88;1,49;13,91;7,48;1,58;              80,83;
03018020;Bosnasco;Pavia;1   ;             623;26,56;47,49;51,02;3,71;11,03;13,98;7,39;1,11;             162,28;
03018022;Breme;Pavia;1   ;             699;12,59;;60,10;40,29;22,76;20,32;2,97;;             159,03;
03018023;Bressana Bottarone;Pavia;1   ;           3.460;20,10;32,87;46,92;7,77;1,27;11,20;6,90;1,50;             128,52;
03018024;Broni;Pavia;1   ;           9.635;36,51;40,35;49,68;9,86;17,69;7,40;6,95;2,65;             171,09;
03018026;Campospinoso Albaredo;Pavia;1   ;           1.092;19,00;62,03;23,14;4,04;8,02;16,30;6,64;0,74;             139,91;
03018027;Candia Lomellina;Pavia;1   ;           1.455;9,58;;63,63;36,54;23,11;29,51;9,43;;             171,79;
03018030;Carbonara al Ticino;Pavia;1   ;           1.424;6,11;17,77;18,45;19,36;11,39;13,90;2,25;;              89,23;
03018032;Casatisma;Pavia;1   ;             849;22,63;45,77;19,75;19,29;10,84;26,52;4,88;2,03;             151,70;
03018035;Cassolnovo;Pavia;1   ;           6.773;15,57;39,38;22,80;12,64;0,10;5,99;6,53;16,23;             119,25;
03018037;Casteggio;Pavia;1   ;           6.417;34,16;47,79;20,67;12,41;14,05;22,67;14,43;1,40;             167,58;
03018039;Castello d'Agogna;Pavia;1   ;           1.051;15,32;;56,41;39,55;17,43;21,93;1,61;;             152,25;
03018040;Castelnovetto;Pavia;1   ;             514;10,35;;63,61;35,39;29,35;24,05;7,50;;             170,25;
03018041;Cava Manara;Pavia;1   ;           6.643;7,86;;45,28;27,92;9,98;12,71;5,01;0,27;             109,03;
03018042;Cecima;Pavia;1   ;             247;33,94;45,45;19,55;3,24;19,62;41,77;21,28;3,36;             188,20;
03018043;Ceranova;Pavia;1   ;           2.302;9,32;0,24;22,05;20,95;2,34;16,26;0,74;1,45;              73,36;
03018044;Ceretto Lomellina;Pavia;1   ;             184;16,60;73,16;17,58;;13,32;37,95;19,12;;             177,72;
03018045;Cergnago;Pavia;1   ;             674;56,57;;50,01;33,71;;13,95;1,34;;             155,58;
03018046;Certosa di Pavia;Pavia;1   ;           5.473;12,93;0,17;19,94;24,57;;22,59;14,86;1,76;              96,82;
03018048;Chignolo Po;Pavia;1   ;           3.942;11,05;24,65;23,55;5,08;14,05;13,90;15,52;0,75;             108,55;
03018050;Cilavegna;Pavia;1   ;           5.343;7,67;;35,71;39,32;10,15;16,99;11,44;0,71;             121,99;
03018193;Colli Verdi;Pavia;1   ;           1.025;29,92;44,43;48,63;3,52;6,60;30,44;8,81;1,34;             173,69;
03018053;Copiano;Pavia;1   ;           1.708;13,37;21,53;38,04;6,50;5,17;4,59;6,51;0,75;              96,46;
03018054;Corana;Pavia;1   ;             751;30,54;34,50;14,75;14,48;0,88;1,13;4,22;0,92;             101,42;
03018191;Cornale e Bastida;Pavia;1   ;             798;20,41;28,80;25,66;16,51;4,06;10,08;6,73;1,56;             113,82;
03018192;Corteolona e Genzone;Pavia;1   ;           2.526;13,01;33,54;10,21;6,48;5,00;9,29;10,11;1,11;              88,74;
03018057;Corvino San Quirico;Pavia;1   ;             963;23,63;41,58;53,09;5,60;;15,37;28,20;0,77;             168,25;
03018058;Costa de' Nobili;Pavia;1   ;             376;13,68;17,96;14,40;12,99;;4,98;14,77;1,82;              80,61;
03018059;Cozzo;Pavia;1   ;             345;9,57;;46,55;46,04;42,26;21,95;1,47;;             167,83;
03018060;Cura Carpignano;Pavia;1   ;           4.967;10,73;0,56;27,65;24,78;0,60;27,87;16,44;1,80;             110,43;
03018061;Dorno;Pavia;1   ;           4.553;9,49;;37,24;20,73;10,41;6,92;1,03;;              85,82;
03018062;Ferrera Erbognone;Pavia;1   ;           1.049;32,72;7,25;12,81;1,84;26,96;24,28;7,15;2,13;             115,13;
03018064;Fortunago;Pavia;1   ;             365;67,76;46,13;20,57;6,17;0,01;43,11;9,04;1,12;             193,91;
03018065;Frascarolo;Pavia;1   ;           1.080;4,63;;33,13;48,87;14,40;33,51;14,37;;             148,90;
03018067;Gambarana;Pavia;1   ;             194;38,54;;36,41;55,44;6,39;20,24;10,47;;             167,49;
03018068;Gambolo;Pavia;1   ;           9.730;13,70;16,35;34,52;19,68;8,05;35,19;1,97;;             129,46;
03018071;Gerenzago;Pavia;1   ;           1.447;19,21;41,83;20,63;1,78;16,98;9,16;8,40;0,88;             118,89;
03018072;Giussago;Pavia;1   ;           5.295;;19,19;17,97;27,14;22,04;9,67;2,59;1,89;             100,49;
03018075;Gravellona Lomellina;Pavia;1   ;           2.710;10,37;39,35;20,26;12,75;2,56;6,10;5,11;25,70;             122,19;
03018077;Inverno e Monteleone;Pavia;1   ;           1.444;13,21;16,98;32,03;4,83;5,90;18,87;4,84;0,76;              97,41;
03018078;Landriano;Pavia;1   ;           6.495;7,12;16,22;25,68;16,35;21,02;4,88;17,52;0,31;             109,09;
03018079;Langosco;Pavia;1   ;             372;70,59;14,82;;;32,11;52,61;10,85;;             180,98;
03018080;Lardirago;Pavia;1   ;           1.180;20,08;0,28;18,33;28,72;25,73;35,32;10,60;1,83;             140,88;
03018083;Lomello;Pavia;1   ;           2.029;11,53;88,71;40,31;4,85;0,57;7,35;2,08;;             155,38;
03018085;Magherno;Pavia;1   ;           1.778;12,29;28,56;13,64;6,43;4,63;10,92;6,97;;              83,44;
03018088;Mede;Pavia;1   ;           6.131;12,25;;56,37;38,88;14,85;31,47;15,66;1,84;             171,31;
03018090;Mezzana Bigli;Pavia;1   ;           1.046;15,56;;52,23;50,35;6,75;8,31;2,32;0,29;             135,81;
03018091;Mezzana Rabattone;Pavia;1   ;             463;19,63;0,16;21,75;20,03;1,00;32,71;29,14;2,55;             126,97;
03018093;Miradolo Terme;Pavia;1   ;           3.736;14,40;14,80;34,60;;3,51;25,25;20,46;;             113,02;
03018094;Montalto Pavese;Pavia;1   ;             852;34,86;57,76;72,44;4,52;3,36;9,63;7,23;0,76;             190,56;
03018095;Montebello della Battaglia;Pavia;1   ;           1.440;51,12;29,83;58,79;35,07;5,83;33,84;18,31;2,85;             235,64;
03018096;Montecalvo Versiggia;Pavia;1   ;             513;18,74;35,24;27,02;4,78;;5,01;7,91;3,69;             102,40;
03018100;Montu Beccaria;Pavia;1   ;           1.607;34,15;59,70;44,42;4,08;12,48;15,85;8,02;0,76;             179,45;
03018101;Mornico Losana;Pavia;1   ;             601;34,89;60,14;59,90;4,61;;7,99;15,35;0,76;             183,64;
03018102;Mortara;Pavia;1   ;          15.360;8,76;1,31;32,35;46,19;24,01;13,91;17,00;10,04;             153,57;
03018105;Oliva Gessi;Pavia;1   ;             168;23,08;60,58;65,13;5,42;;16,23;11,23;0,74;             182,42;
03018106;Ottobiano;Pavia;1   ;           1.071;26,54;;54,37;45,74;4,50;18,92;2,01;;             152,07;
03018107;Palestro;Pavia;1   ;           1.784;8,84;;43,47;44,93;3,72;7,76;26,27;;             134,99;
03018109;Parona;Pavia;1   ;           1.847;20,67;20,21;13,97;;16,38;27,72;0,66;14,24;             113,83;
03018110;Pavia;Pavia;1   ;          70.636;20,68;0,25;48,85;33,86;18,29;30,03;32,38;;             184,34;
03018114;Pieve Porto Morone;Pavia;1   ;           2.561;19,77;25,80;23,75;9,98;16,09;16,11;13,17;2,38;             127,06;
03018115;Pinarolo Po;Pavia;1   ;           1.690;31,03;65,64;38,67;4,42;;16,44;6,63;0,98;             163,80;
03018117;Ponte Nizza;Pavia;1   ;             762;46,90;48,52;20,97;8,27;6,36;25,36;10,55;1,94;             168,86;
03018119;Rea;Pavia;1   ;             384;33,09;85,00;26,11;8,21;8,83;34,74;8,01;0,78;             204,77;
03018120;Redavalle;Pavia;1   ;           1.046;30,63;58,46;42,55;4,22;;10,28;13,90;1,11;             161,15;
03018121;Retorbido;Pavia;1   ;           1.545;26,65;20,96;34,88;23,21;14,20;17,57;13,98;0,84;             152,29;
03018123;Robbio;Pavia;1   ;           5.763;8,31;;36,93;37,02;16,50;23,25;6,14;;             128,15;
03018129;Roncaro;Pavia;1   ;           1.561;11,35;0,16;19,70;22,52;1,77;15,70;7,15;1,70;              80,05;
03018130;Rosasco;Pavia;1   ;             537;7,61;;66,28;33,78;25,37;25,06;30,00;;             188,09;
03018131;Rovescala;Pavia;1   ;             809;38,25;58,73;54,67;4,72;5,48;13,75;14,01;0,80;             190,42;
03018133;San Cipriano Po;Pavia;1   ;             457;23,54;48,01;45,49;4,91;36,52;22,26;4,90;;             185,63;
03018135;San Genesio ed Uniti;Pavia;1   ;           4.005;10,42;16,59;18,01;15,20;10,36;9,70;24,21;0,12;             104,61;
03018137;San Martino Siccomario;Pavia;1   ;           6.276;12,01;0,50;20,23;49,28;;40,28;11,38;2,58;             136,26;
03018145;San Zenone al Po;Pavia;1   ;             543;20,66;34,26;27,90;14,30;1,85;7,50;8,73;2,76;             117,95;
03018139;Santa Cristina e Bissone;Pavia;1   ;           1.845;8,30;;23,44;4,43;4,56;4,57;6,60;;              51,91;
03018140;Santa Giuletta;Pavia;1   ;           1.556;29,84;63,38;43,92;4,62;0,74;13,75;6,94;1,12;             164,30;
03018143;Santa Maria della Versa;Pavia;1   ;           2.232;38,08;64,01;50,17;4,76;12,81;19,57;14,78;0,77;             204,93;
03018141;Sant'Alessio con Vialone;Pavia;1   ;           1.028;11,87;1,33;34,01;31,54;8,83;9,15;9,61;2,17;             108,50;
03018146;Sartirana Lomellina;Pavia;1   ;           1.468;7,25;;39,04;40,09;8,02;13,23;10,64;1,25;             119,51;
03018148;Semiana;Pavia;1   ;             196;8,52;;37,04;46,73;11,54;28,20;1,37;;             133,40;
03018149;Silvano Pietra;Pavia;1   ;             632;29,03;40,03;20,01;4,54;6,77;18,11;6,14;1,00;             125,63;
03018150;Siziano;Pavia;1   ;           6.535;48,22;18,37;;;7,58;33,57;3,02;;             110,76;
03018153;Stradella;Pavia;1   ;          11.425;34,34;16,12;52,03;10,55;42,22;11,06;7,11;-4,65;             168,78;
03018155;Torrazza Coste;Pavia;1   ;           1.560;12,26;12,33;66,31;17,92;5,16;23,95;6,66;1,45;             146,04;
03018157;Torre d'Arese;Pavia;1   ;             918;13,61;21,47;18,32;5,99;5,23;9,56;9,63;1,13;              84,95;
03018158;Torre de' Negri;Pavia;1   ;             321;13,64;24,67;18,13;5,89;15,42;19,88;5,58;5,41;             108,64;
03018159;Torre d'Isola;Pavia;1   ;           2.408;4,11;0,34;52,03;20,33;13,86;30,41;11,74;2,09;             134,91;
03018160;Torrevecchia Pia;Pavia;1   ;           3.516;8,53;17,98;40,13;16,38;9,81;27,61;17,10;;             137,55;
03018162;Travaco Siccomario;Pavia;1   ;           4.434;4,13;0,80;32,99;19,93;5,01;20,64;7,81;5,07;              96,37;
03018164;Tromello;Pavia;1   ;           3.616;14,23;18,38;66,22;20,30;20,92;15,53;20,27;4,97;             180,80;
03018165;Trovo;Pavia;1   ;           1.003;13,11;0,12;23,39;27,50;6,21;29,62;24,02;3,15;             127,12;
03018166;Val di Nizza;Pavia;1   ;             558;29,11;54,27;19,17;10,70;41,69;51,47;6,89;2,28;             215,59;
03018167;Valeggio;Pavia;1   ;             184;30,34;;49,09;53,93;;20,77;2,10;;             156,23;
03018168;Valle Lomellina;Pavia;1   ;           2.082;14,20;;77,44;28,76;8,61;31,83;3,20;9,27;             173,31;
03018171;Varzi;Pavia;1   ;           3.008;44,56;53,16;23,66;11,43;28,20;42,87;16,16;;             220,04;
03018173;Vellezzo Bellini;Pavia;1   ;           3.394;11,51;0,35;41,81;26,19;2,45;20,86;10,72;2,17;             116,07;
03018175;Verrua Po;Pavia;1   ;           1.185;17,96;35,55;38,18;6,32;1,42;10,35;6,65;0,78;             117,21;
03018177;Vigevano;Pavia;1   ;          62.076;24,64;25,64;44,26;18,64;11,61;10,27;12,85;12,82;             160,73;
03018178;Villa Biscossi;Pavia;1   ;              65;39,03;;109,52;83,02;;40,18;3,45;;             275,20;
03018179;Villanova d'Ardenghi;Pavia;1   ;             745;14,58;14,43;31,45;6,93;10,76;13,37;1,12;;              92,65;
03018180;Villanterio;Pavia;1   ;           3.337;12,53;21,16;27,50;5,36;4,74;7,01;6,82;0,74;              85,86;
03018181;Vistarino;Pavia;1   ;           1.567;13,01;24,55;17,96;4,75;8,35;15,58;12,66;0,73;              97,60;
03018182;Voghera;Pavia;1   ;          38.637;21,95;24,31;51,08;15,03;18,14;9,55;31,51;1,34;             172,92;
03018184;Zavattarello;Pavia;1   ;             879;12,83;43,89;56,01;12,41;11,79;35,13;8,76;0,83;             181,64;
03018185;Zeccone;Pavia;1   ;           1.719;15,47;40,21;11,29;0,30;19,26;6,43;7,70;0,29;             100,95;
03018186;Zeme;Pavia;1   ;             992;9,36;;72,76;27,57;0,47;20,49;36,66;;             167,30;
03018187;Zenevredo;Pavia;1   ;             498;22,28;61,34;22,00;4,50;;14,32;6,63;3,72;             134,80;
03018189;Zerbolo;Pavia;1   ;           1.630;7,32;;37,09;42,98;3,39;20,74;10,86;;             122,37;
03018190;Zinasco;Pavia;1   ;           3.055;7,62;10,73;24,96;11,76;6,21;14,33;5,07;0,83;              81,52;
10054001;Assisi;Perugia;1   ;          27.605;8,92;17,72;113,86;29,93;28,12;65,06;16,44;;             280,06;
10054002;Bastia Umbra;Perugia;1   ;          21.199;14,04;25,10;53,12;33,52;15,96;30,96;29,97;14,39;             217,05;
10054003;Bettona;Perugia;1   ;           4.224;12,31;17,05;58,16;32,69;13,63;59,42;22,95;14,14;             230,35;
10054004;Bevagna;Perugia;1   ;           4.797;9,12;27,65;80,82;11,36;14,14;40,59;9,70;;             193,38;
10054005;Campello sul Clitunno;Perugia;1   ;           2.314;1,22;35,06;70,21;21,47;;31,43;18,27;;             177,67;
10054006;Cannara;Perugia;1   ;           4.175;16,34;28,26;78,21;30,80;12,16;41,29;52,61;;             259,67;
10054007;Cascia;Perugia;1   ;           2.957;51,07;52,61;43,96;9,34;21,50;47,62;23,55;;             249,65;
10054008;Castel Ritaldi;Perugia;1   ;           3.041;6,39;34,18;53,80;18,55;18,54;32,46;19,02;;             182,94;
10054009;Castiglione del Lago;Perugia;1   ;          15.137;9,63;24,96;79,10;27,93;14,85;33,28;24,19;11,74;             225,67;
10054010;Cerreto di Spoleto;Perugia;1   ;             975;39,95;67,76;33,33;5,66;21,93;49,80;23,57;;             241,99;
10054011;Citerna;Perugia;1   ;           3.367;19,48;22,72;58,41;27,69;3,96;22,22;1,05;;             155,53;
10054012;Citta  della Pieve;Perugia;1   ;           7.466;10,13;24,63;77,85;26,78;23,43;48,00;46,35;13,09;             270,27;
10054013;Citta  di Castello;Perugia;1   ;          38.222;23,93;27,81;65,21;17,46;23,75;26,85;7,17;;             192,19;
10054014;Collazzone;Perugia;1   ;           3.324;19,36;20,08;59,77;12,68;20,70;35,83;23,59;;             192,01;
10054015;Corciano;Perugia;1   ;          21.535;8,26;24,68;66,17;27,75;10,91;36,81;37,34;7,05;             218,95;
10054016;Costacciaro;Perugia;1   ;           1.058;59,05;41,88;62,37;10,01;12,20;52,26;20,25;;             258,02;
10054017;Deruta;Perugia;1   ;           9.442;17,65;24,80;57,52;24,40;13,91;36,83;49,24;;             224,35;
10054018;Foligno;Perugia;1   ;          55.226;8,65;30,01;77,65;18,39;17,70;36,79;37,22;;             226,40;
10054019;Fossato di Vico;Perugia;1   ;           2.639;20,61;23,16;67,94;21,92;12,78;15,64;;;             162,06;
10054020;Fratta Todina;Perugia;1   ;           1.857;15,75;17,69;62,38;15,48;6,15;32,63;64,97;;             215,03;
10054021;Giano dell'Umbria;Perugia;1   ;           3.648;21,94;20,11;63,58;15,00;15,14;39,02;17,13;;             191,92;
10054022;Gualdo Cattaneo;Perugia;1   ;           5.609;19,39;19,66;90,69;13,69;15,46;41,49;11,29;;             211,68;
10054023;Gualdo Tadino;Perugia;1   ;          14.281;28,88;22,90;60,84;19,37;6,16;27,10;1,96;;             167,21;
10054024;Gubbio;Perugia;1   ;          30.479;20,28;30,98;54,15;2,16;14,65;13,31;22,65;;             158,16;
10054025;Lisciano Niccone;Perugia;1   ;             601;5,42;14,44;62,25;25,60;36,88;83,69;15,62;;             243,90;
10054026;Magione;Perugia;1   ;          14.620;9,85;24,25;75,24;26,81;14,10;34,61;32,76;5,17;             222,79;
10054027;Marsciano;Perugia;1   ;          18.010;19,33;24,89;46,91;24,46;13,07;59,00;51,96;;             239,60;
10054028;Massa Martana;Perugia;1   ;           3.613;22,34;17,84;74,87;16,20;12,71;35,71;29,04;;             208,71;
10054029;Monte Castello di Vibio;Perugia;1   ;           1.429;28,98;16,70;89,44;8,46;;39,73;57,12;;             240,43;
10054032;Monte Santa Maria Tiberina;Perugia;1   ;           1.085;21,01;34,50;40,31;19,03;2,45;45,20;0,82;;             163,33;
10054030;Montefalco;Perugia;1   ;           5.357;17,16;46,70;85,76;9,99;11,67;41,97;24,55;;             237,81;
10054031;Monteleone di Spoleto;Perugia;1   ;             555;43,88;59,52;10,10;3,89;94,85;82,88;57,42;;             352,54;
10054033;Montone;Perugia;1   ;           1.580;40,65;26,82;69,75;22,70;25,92;59,88;13,40;;             259,13;
10054034;Nocera Umbra;Perugia;1   ;           5.511;20,24;50,86;51,24;7,71;12,58;49,72;14,14;;             206,49;
10054035;Norcia;Perugia;1   ;           4.544;53,14;53,35;38,71;6,87;5,55;40,24;22,98;;             220,84;
10054036;Paciano;Perugia;1   ;             957;5,13;20,91;81,18;21,83;27,01;72,99;45,28;;             274,33;
10054037;Panicale;Perugia;1   ;           5.281;10,10;22,60;81,03;25,96;13,58;43,46;53,11;;             249,84;
10054038;Passignano sul Trasimeno;Perugia;1   ;           5.714;9,18;27,67;77,63;31,82;19,85;43,85;36,68;9,82;             256,51;
10054039;Perugia;Perugia;1   ;         161.748;13,04;22,58;57,26;37,89;25,64;64,80;60,65;4,10;             285,95;
10054040;Piegaro;Perugia;1   ;           3.395;10,28;20,07;72,62;21,21;23,87;39,03;43,30;;             230,38;
10054041;Pietralunga;Perugia;1   ;           1.984;25,42;30,49;42,95;23,69;38,53;30,74;11,70;;             203,52;
10054042;Poggiodomo;Perugia;1   ;              92;170,32;100,33;;;214,00;166,17;126,34;;             777,15;
10054043;Preci;Perugia;1   ;             681;26,61;62,77;65,81;8,81;57,26;60,67;32,83;;             314,77;
10054044;San Giustino;Perugia;1   ;          11.060;16,81;13,28;37,85;14,76;13,61;17,69;8,85;;             122,85;
10054045;Sant'Anatolia di Narco;Perugia;1   ;             500;46,06;53,44;6,72;8,16;4,01;34,43;17,88;;             170,70;
10054046;Scheggia e Pascelupo;Perugia;1   ;           1.232;51,97;50,07;20,22;14,19;9,20;83,39;18,87;;             247,91;
10054047;Scheggino;Perugia;1   ;             446;27,94;71,89;7,54;6,46;29,69;21,38;28,69;;             193,58;
10054048;Sellano;Perugia;1   ;             972;23,50;62,97;5,76;1,23;32,12;45,48;13,48;;             184,55;
10054049;Sigillo;Perugia;1   ;           2.335;25,79;32,16;55,15;17,98;10,74;11,11;3,71;;             156,64;
10054050;Spello;Perugia;1   ;           8.264;3,15;22,16;69,69;15,10;18,73;34,77;41,34;;             204,95;
10054051;Spoleto;Perugia;1   ;          36.271;7,68;28,70;80,17;16,60;14,51;38,13;35,48;;             221,26;
10054052;Todi;Perugia;1   ;          15.682;17,92;18,40;77,80;33,07;14,58;33,75;25,26;3,64;             224,43;
10054053;Torgiano;Perugia;1   ;           6.583;6,92;17,71;39,95;32,46;20,56;29,73;14,19;8,89;             170,41;
10054054;Trevi;Perugia;1   ;           8.063;9,04;26,87;95,33;22,15;10,54;38,26;49,25;;             251,44;
10054055;Tuoro sul Trasimeno;Perugia;1   ;           3.728;9,95;23,70;88,49;24,35;9,85;34,65;33,96;;             224,95;
10054056;Umbertide;Perugia;1   ;          16.298;43,27;2,32;55,41;23,10;7,60;40,68;2,03;;             174,41;
10054057;Valfabbrica;Perugia;1   ;           3.205;8,82;16,75;60,07;22,57;34,24;46,65;29,12;;             218,20;
10054058;Vallo di Nera;Perugia;1   ;             345;30,10;61,95;6,50;4,87;34,89;33,83;44,96;;             217,10;
10054059;Valtopina;Perugia;1   ;           1.280;13,57;39,47;50,77;6,94;30,06;40,82;26,77;;             208,40;
11041001;Acqualagna;Pesaro e Urbino;1   ;           4.151;19,04;5,21;50,72;37,41;8,84;41,65;42,20;;             205,07;
11041002;Apecchio;Pesaro e Urbino;1   ;           1.704;26,73;6,42;69,07;39,58;11,68;32,39;22,02;;             207,90;
11041005;Belforte all'Isauro;Pesaro e Urbino;1   ;             737;22,45;4,62;68,55;32,65;40,27;81,52;52,85;;             302,90;
11041006;Borgo Pace;Pesaro e Urbino;1   ;             517;32,37;7,41;80,47;40,31;28,19;41,53;27,72;;             258,00;
11041007;Cagli;Pesaro e Urbino;1   ;           7.943;29,77;6,55;60,46;32,18;13,70;33,26;17,73;;             193,67;
11041008;Cantiano;Pesaro e Urbino;1   ;           1.999;32,42;5,12;65,44;34,73;11,80;27,76;11,19;;             188,46;
11041009;Carpegna;Pesaro e Urbino;1   ;           1.642;58,91;15,73;70,32;18,41;22,42;37,92;27,05;;             250,76;
11041013;Fano;Pesaro e Urbino;1   ;          59.785;20,15;11,18;54,35;24,85;29,09;61,28;29,93;2,04;             232,87;
11041014;Fermignano;Pesaro e Urbino;1   ;           8.254;18,16;5,35;46,86;38,92;19,75;29,16;20,14;;             178,35;
11041016;Fratte Rosa;Pesaro e Urbino;1   ;             847;35,10;5,74;83,59;49,44;33,05;43,58;37,81;;             288,31;
11041017;Frontino;Pesaro e Urbino;1   ;             300;41,55;7,40;71,74;37,32;25,56;56,74;33,99;;             274,30;
11041018;Frontone;Pesaro e Urbino;1   ;           1.218;34,30;6,09;76,43;40,43;16,04;35,41;13,21;;             221,91;
11041019;Gabicce Mare;Pesaro e Urbino;1   ;           5.496;39,43;28,76;88,14;41,75;52,10;69,42;59,00;;             378,60;
11041020;Gradara;Pesaro e Urbino;1   ;           4.889;10,96;3,10;57,08;25,71;24,14;33,51;18,30;;             172,80;
11041022;Lunano;Pesaro e Urbino;1   ;           1.426;16,76;3,65;56,20;45,52;7,69;33,07;14,81;;             177,71;
11041023;Macerata Feltria;Pesaro e Urbino;1   ;           1.889;26,23;6,09;54,05;29,30;9,48;34,26;30,18;;             189,58;
11041025;Mercatello sul Metauro;Pesaro e Urbino;1   ;           1.326;20,16;5,16;79,52;38,32;8,43;43,10;28,49;;             223,18;
11041026;Mercatino Conca;Pesaro e Urbino;1   ;           1.033;23,51;7,30;58,18;34,17;17,67;89,45;14,18;;             244,45;
11041027;Mombaroccio;Pesaro e Urbino;1   ;           2.097;35,21;4,23;58,77;29,69;8,09;41,78;28,96;;             206,73;
11041028;Mondavio;Pesaro e Urbino;1   ;           3.634;16,71;6,46;52,21;19,65;27,33;60,70;14,62;;             197,68;
11041031;Monte Cerignone;Pesaro e Urbino;1   ;             604;22,15;5,65;76,78;33,61;5,00;71,24;12,96;;             227,40;
11041035;Monte Grimano Terme;Pesaro e Urbino;1   ;           1.094;26,51;5,84;79,28;34,48;16,05;65,55;58,31;;             286,02;
11041030;Montecalvo in Foglia;Pesaro e Urbino;1   ;           2.714;14,43;3,71;63,39;35,02;5,61;55,18;43,72;;             221,06;
11041034;Montefelcino;Pesaro e Urbino;1   ;           2.506;15,98;7,05;54,44;19,05;5,97;57,76;20,61;;             180,85;
11041036;Montelabbate;Pesaro e Urbino;1   ;           7.008;23,52;4,57;42,45;33,12;5,22;30,77;30,31;;             169,97;
11041041;Peglio;Pesaro e Urbino;1   ;             645;24,37;4,41;62,70;41,20;22,56;53,11;10,83;;             219,19;
11041044;Pesaro;Pesaro e Urbino;1   ;          95.376;26,99;11,46;52,10;26,68;22,12;39,83;25,92;;             205,11;
11041045;Petriano;Pesaro e Urbino;1   ;           2.762;25,14;3,78;42,89;32,08;11,34;31,97;29,83;;             177,02;
11041047;Piandimeleto;Pesaro e Urbino;1   ;           2.029;31,65;3,81;60,87;36,96;10,22;45,49;12,17;;             201,17;
11041048;Pietrarubbia;Pesaro e Urbino;1   ;             601;35,71;6,71;54,62;30,07;25,63;50,38;30,81;;             233,93;
11041049;Piobbico;Pesaro e Urbino;1   ;           1.802;28,87;5,94;65,26;31,93;10,42;29,39;10,67;;             182,49;
11041051;San Costanzo;Pesaro e Urbino;1   ;           4.545;9,44;5,04;28,14;20,40;9,28;44,07;18,27;8,21;             142,86;
11041054;San Lorenzo in Campo;Pesaro e Urbino;1   ;           3.161;17,53;17,06;72,67;19,50;6,96;23,85;14,76;;             172,34;
11041057;Sant'Angelo in Vado;Pesaro e Urbino;1   ;           3.884;21,67;4,71;57,10;38,75;8,85;33,90;32,15;;             197,13;
11041071;Sassocorvaro Auditore;Pesaro e Urbino;1   ;           4.855;21,69;4,57;67,95;37,31;13,77;22,36;20,39;;             188,04;
11041061;Serra Sant'Abbondio;Pesaro e Urbino;1   ;             904;37,25;6,63;74,66;32,63;16,68;35,76;15,27;;             218,88;
11041064;Tavoleto;Pesaro e Urbino;1   ;             825;32,02;4,65;47,01;35,89;2,46;44,10;131,54;;             297,69;
11041065;Tavullia;Pesaro e Urbino;1   ;           7.888;19,40;4,72;40,80;30,44;11,27;25,96;10,00;;             142,59;
11041066;Urbania;Pesaro e Urbino;1   ;           6.836;18,58;6,34;49,11;32,85;16,08;34,62;16,43;;             174,01;
11041067;Urbino;Pesaro e Urbino;1   ;          13.734;24,17;8,71;64,72;33,89;44,14;33,29;30,02;;             238,93;
11041068;Vallefoglia;Pesaro e Urbino;1   ;          14.935;15,63;4,65;40,47;31,92;13,11;27,61;19,42;;             152,81;
13068002;Alanno;Pescara;1   ;           3.377;81,15;;18,11;19,12;2,07;;;;             120,44;
13068003;Bolognano;Pescara;1   ;           1.002;17,43;21,86;66,37;31,04;12,45;12,61;;;             161,75;
13068010;Catignano;Pescara;1   ;           1.227;14,71;14,47;3,85;31,14;2,45;17,02;2,78;;              86,42;
13068011;Cepagatti;Pescara;1   ;          10.946;6,71;12,78;32,02;27,40;13,28;27,57;36,03;1,23;             157,01;
13068012;Citta  Sant'Angelo;Pescara;1   ;          14.795;11,84;25,60;49,88;15,94;23,88;28,68;54,90;;             210,71;
13068013;Civitaquana;Pescara;1   ;           1.146;10,63;9,59;42,23;9,23;;37,22;25,09;;             133,98;
13068016;Corvara;Pescara;1   ;             210;40,18;;1,45;32,77;1,90;43,33;;;             119,64;
13068017;Cugnoli;Pescara;1   ;           1.336;4,12;5,13;19,64;14,13;8,14;38,71;19,93;;             109,79;
13068019;Farindola;Pescara;1   ;           1.348;1,85;129,01;;5,56;6,89;7,42;;;             150,73;
13068021;Loreto Aprutino;Pescara;1   ;           7.140;11,80;10,74;55,90;24,73;17,78;9,46;6,38;;             136,79;
13068024;Montesilvano;Pescara;1   ;          53.275;;43,06;;15,51;;13,02;38,45;;             110,05;
13068025;Moscufo;Pescara;1   ;           3.091;15,23;;55,45;33,21;3,89;10,02;3,25;;             121,05;
13068026;Nocciano;Pescara;1   ;           1.693;6,33;;30,23;25,75;12,53;21,77;7,35;;             103,96;
13068027;Penne;Pescara;1   ;          11.165;8,29;16,86;37,74;14,53;19,47;27,26;8,98;;             133,12;
13068028;Pescara;Pescara;1   ;         118.657;34,43;37,32;38,55;22,25;28,41;21,53;15,49;1,08;             199,06;
13068030;Pianella;Pescara;1   ;           8.472;6,18;9,40;29,99;21,89;12,60;28,74;7,49;;             116,30;
13068032;Pietranico;Pescara;1   ;             439;26,41;26,02;15,98;;14,71;28,61;1,54;;             113,27;
13068033;Popoli;Pescara;1   ;           4.713;7,80;18,48;66,43;26,61;27,67;22,34;12,34;;             181,67;
13068034;Roccamorice;Pescara;1   ;             878;6,18;9,56;29,49;15,38;12,23;21,57;2,41;;              96,82;
13068038;San Valentino in Abruzzo Citeriore;Pescara;1   ;           1.833;5,09;8,62;24,27;19,34;10,06;69,66;3,32;;             140,37;
13068039;Scafa;Pescara;1   ;           3.488;10,24;14,05;57,61;13,65;8,26;5,46;8,52;;             117,78;
13068041;Spoltore;Pescara;1   ;          19.012;10,46;13,12;41,79;15,56;11,57;12,91;15,21;;             120,61;
13068042;Tocco da Casauria;Pescara;1   ;           2.400;12,73;19,54;57,51;25,33;21,21;12,42;;;             148,75;
13068043;Torre de' Passeri;Pescara;1   ;           2.834;26,80;4,22;27,45;13,63;7,08;13,20;2,47;;              94,85;
13068046;Villa Celiera;Pescara;1   ;             557;21,99;12,37;115,57;10,11;11,63;35,08;1,89;;             208,64;
08033001;Agazzano;Piacenza;1   ;           1.979;17,07;;71,34;44,08;1,65;14,33;13,81;;             162,28;
08033002;Alseno;Piacenza;1   ;           4.684;19,18;;54,59;40,37;2,81;30,11;23,13;;             170,19;
08033049;Alta Val Tidone;Piacenza;1   ;           2.907;25,57;;67,50;46,34;12,47;37,18;18,33;;             207,38;
08033003;Besenzone;Piacenza;1   ;             916;16,88;;46,33;31,09;0,91;31,31;10,10;;             136,62;
08033004;Bettola;Piacenza;1   ;           2.591;33,25;;43,22;38,39;1,14;38,07;12,80;;             166,87;
08033005;Bobbio;Piacenza;1   ;           3.408;23,38;;72,59;43,76;15,44;34,31;16,90;;             206,38;
08033006;Borgonovo Val Tidone;Piacenza;1   ;           8.105;16,57;;46,99;31,82;8,57;24,03;21,73;;             149,71;
08033007;Cadeo;Piacenza;1   ;           5.978;19,26;;42,43;42,43;1,88;24,38;24,00;;             154,37;
08033008;Calendasco;Piacenza;1   ;           2.407;16,78;;52,70;35,98;1,39;29,63;18,14;;             154,61;
08033010;Caorso;Piacenza;1   ;           4.707;16,87;;59,74;37,98;1,00;26,34;11,90;;             153,82;
08033011;Carpaneto Piacentino;Piacenza;1   ;           7.645;16,39;;56,04;35,99;8,38;29,04;18,77;;             164,61;
08033013;Castel San Giovanni;Piacenza;1   ;          14.097;17,83;;59,20;50,67;25,88;15,72;29,73;;             199,03;
08033012;Castell'Arquato;Piacenza;1   ;           4.617;15,94;;62,68;41,45;2,25;52,47;12,16;;             186,95;
08033014;Castelvetro Piacentino;Piacenza;1   ;           5.243;23,99;;66,24;42,20;1,11;17,71;14,67;;             165,93;
08033015;Cerignale;Piacenza;1   ;             117;258,69;;58,15;50,07;;88,50;8,47;;             463,88;
08033016;Coli;Piacenza;1   ;             837;;;9,77;41,92;;135,95;6,29;;             193,93;
08033017;Corte Brugnatella;Piacenza;1   ;             517;121,43;;8,86;48,79;5,87;94,71;11,27;;             290,93;
08033018;Cortemaggiore;Piacenza;1   ;           4.628;20,66;;51,66;32,81;6,45;17,60;18,66;;             147,85;
08033019;Farini;Piacenza;1   ;           1.043;56,43;;22,68;53,13;;129,28;35,58;;             297,10;
08033020;Ferriere;Piacenza;1   ;           1.109;65,70;;34,58;60,09;13,69;199,32;12,98;;             386,36;
08033021;Fiorenzuola d'Arda;Piacenza;1   ;          14.874;17,71;;57,88;42,22;20,64;32,99;22,59;;             194,03;
08033022;Gazzola;Piacenza;1   ;           2.077;16,89;;82,00;56,31;;32,20;32,43;;             219,82;
08033023;Gossolengo;Piacenza;1   ;           5.715;17,55;;51,10;32,66;2,63;26,39;17,79;;             148,13;
08033024;Gragnano Trebbiense;Piacenza;1   ;           4.572;17,17;;50,94;36,33;1,52;22,73;15,26;;             143,95;
08033025;Gropparello;Piacenza;1   ;           2.137;21,12;;40,73;31,70;4,25;41,25;15,54;;             154,59;
08033026;Lugagnano Val d'Arda;Piacenza;1   ;           3.889;17,73;;46,95;36,29;9,04;39,45;20,58;;             170,03;
08033027;Monticelli d'Ongina;Piacenza;1   ;           5.138;17,14;;52,49;36,88;5,75;29,70;14,10;;             156,06;
08033028;Morfasso;Piacenza;1   ;             884;42,98;;34,41;47,07;;104,14;12,51;;             241,11;
08033030;Ottone;Piacenza;1   ;             432;60,02;;61,16;62,28;40,01;65,34;18,89;;             307,70;
08033032;Piacenza;Piacenza;1   ;         102.465;20,70;;58,29;48,99;31,87;28,03;32,47;;             220,36;
08033033;Pianello Val Tidone;Piacenza;1   ;           2.161;19,83;;66,06;48,39;5,39;34,02;20,52;;             194,21;
08033034;Piozzano;Piacenza;1   ;             578;26,07;;30,33;42,93;;56,95;8,72;;             165,01;
08033035;Podenzano;Piacenza;1   ;           9.041;17,98;;58,88;39,02;7,60;17,79;18,24;;             159,51;
08033036;Ponte dell'Olio;Piacenza;1   ;           4.628;19,41;;57,16;41,78;5,83;28,43;15,04;;             167,64;
08033037;Pontenure;Piacenza;1   ;           6.523;16,98;;52,95;37,10;5,10;23,90;18,41;;             154,44;
08033038;Rivergaro;Piacenza;1   ;           7.037;20,65;;64,75;56,06;9,89;27,75;25,23;;             204,33;
08033039;Rottofreno;Piacenza;1   ;          12.206;17,29;;53,03;33,56;1,91;24,23;18,09;;             148,12;
08033040;San Giorgio Piacentino;Piacenza;1   ;           5.533;18,33;;60,36;40,25;1,86;16,94;16,36;;             154,10;
08033041;San Pietro in Cerro;Piacenza;1   ;             769;19,14;;39,15;20,95;0,49;41,24;14,76;;             135,72;
08033042;Sarmato;Piacenza;1   ;           2.896;16,49;;55,12;33,76;2,86;18,13;26,85;;             153,20;
08033043;Travo;Piacenza;1   ;           2.180;20,91;;55,02;48,13;;31,57;24,92;;             180,55;
08033044;Vernasca;Piacenza;1   ;           2.004;29,94;;17,44;34,44;;69,21;13,85;;             164,89;
08033045;Vigolzone;Piacenza;1   ;           4.200;19,52;;64,94;44,09;11,44;27,76;20,01;;             187,76;
08033046;Villanova sull'Arda;Piacenza;1   ;           1.669;15,53;;47,28;33,06;7,41;27,14;20,57;;             150,99;
08033048;Ziano Piacentino;Piacenza;1   ;           2.436;17,67;;54,86;36,79;2,07;31,05;11,51;;             153,95;
09050002;Buti;Pisa;1   ;           5.543;11,49;22,12;68,99;60,54;6,76;20,22;34,62;;             224,74;
09050004;Calcinaia;Pisa;1   ;          12.738;9,17;10,28;54,11;50,00;2,88;13,33;10,11;;             149,87;
09050005;Capannoli;Pisa;1   ;           6.386;5,30;14,61;46,02;29,09;10,72;14,83;3,42;;             124,00;
09050040;Casciana Terme Lari;Pisa;1   ;          12.120;13,66;23,93;83,79;60,04;21,61;15,80;30,87;;             249,71;
09050008;Cascina;Pisa;1   ;          44.735;8,15;14,46;55,52;50,15;2,49;17,15;14,98;2,54;             165,44;
09050010;Castellina Marittima;Pisa;1   ;           1.827;64,08;79,69;22,98;23,16;0,10;34,63;14,38;;             239,02;
09050011;Castelnuovo di Val di Cecina;Pisa;1   ;           2.064;29,31;45,92;44,09;6,97;64,85;28,44;5,52;;             225,11;
09050012;Chianni;Pisa;1   ;           1.309;56,91;0,09;30,25;8,01;;16,04;23,91;15,44;             150,64;
09050041;Crespina Lorenzana;Pisa;1   ;           5.460;31,90;80,01;42,05;54,17;21,37;35,77;7,58;51,49;             324,33;
09050014;Fauglia;Pisa;1   ;           3.649;11,17;21,77;92,99;53,58;12,88;24,10;140,29;;             356,78;
09050015;Guardistallo;Pisa;1   ;           1.155;60,24;13,37;43,77;20,54;17,45;57,93;31,56;17,20;             262,05;
09050016;Lajatico;Pisa;1   ;           1.265;126,05;69,69;53,00;20,83;19,41;8,31;28,22;;             325,52;
09050019;Montecatini Val di Cecina;Pisa;1   ;           1.681;104,10;70,13;52,35;7,06;27,66;50,54;1,71;;             313,55;
09050020;Montescudaio;Pisa;1   ;           2.144;67,68;64,43;36,94;19,24;24,02;37,93;13,61;26,14;             290,00;
09050021;Monteverdi Marittimo;Pisa;1   ;             766;76,98;53,52;3,84;30,03;26,19;25,99;5,00;54,83;             276,39;
09050022;Montopoli in Val d'Arno;Pisa;1   ;          11.184;11,98;19,59;55,92;34,07;20,01;13,23;11,74;1,10;             167,63;
09050023;Orciano Pisano;Pisa;1   ;             632;77,02;18,77;59,58;6,56;0,38;24,46;6,95;;             193,73;
09050024;Palaia;Pisa;1   ;           4.523;8,34;25,07;78,58;37,01;17,69;13,87;47,97;;             228,54;
09050026;Pisa;Pisa;1   ;          88.737;20,45;39,44;114,49;62,72;48,14;36,98;29,65;7,01;             358,89;
09050028;Ponsacco;Pisa;1   ;          15.594;7,67;20,14;47,51;47,32;3,61;14,18;14,90;0,94;             156,28;
09050029;Pontedera;Pisa;1   ;          29.393;10,99;27,32;72,52;48,98;32,67;16,81;28,02;6,86;             244,17;
09050030;Riparbella;Pisa;1   ;           1.588;42,08;10,24;0,46;29,13;12,23;32,62;49,08;57,27;             233,10;
09050031;San Giuliano Terme;Pisa;1   ;          30.652;10,61;21,41;64,32;55,57;9,84;22,70;22,03;0,36;             206,84;
09050032;San Miniato;Pisa;1   ;          27.703;9,35;19,19;73,25;45,66;2,71;18,73;38,77;1,73;             209,41;
09050033;Santa Croce sull'Arno;Pisa;1   ;          14.702;12,26;21,37;66,57;44,06;20,16;17,36;8,35;1,57;             191,69;
09050034;Santa Luce;Pisa;1   ;           1.629;9,89;52,44;13,80;16,47;3,09;76,83;42,61;82,87;             298,01;
09050035;Santa Maria a Monte;Pisa;1   ;          13.326;8,52;11,14;59,74;36,15;4,54;11,53;16,19;4,63;             152,45;
09050036;Terricciola;Pisa;1   ;           4.445;22,18;59,51;22,88;14,31;18,14;18,56;48,53;;             204,10;
09050037;Vecchiano;Pisa;1   ;          11.825;15,54;24,97;71,29;57,36;9,37;13,94;15,02;5,36;             212,85;
09050038;Vicopisano;Pisa;1   ;           8.563;14,13;27,08;68,42;52,60;8,59;26,98;41,15;1,17;             240,12;
09050039;Volterra;Pisa;1   ;           9.537;15,52;17,84;92,52;29,02;40,44;35,62;16,83;;             247,78;
09047023;Abetone Cutigliano;Pistoia;1   ;           1.825;40,51;102,19;64,39;12,16;59,84;65,69;88,24;;             433,03;
09047002;Agliana;Pistoia;1   ;          17.934;19,97;30,53;61,09;19,02;11,04;24,75;26,00;;             192,39;
09047003;Buggiano;Pistoia;1   ;           8.678;20,99;9,39;81,36;22,71;9,37;19,46;21,08;;             184,36;
09047022;Chiesina Uzzanese;Pistoia;1   ;           4.494;18,95;11,76;72,50;26,29;13,81;22,51;31,31;;             197,13;
09047005;Lamporecchio;Pistoia;1   ;           7.367;19,52;17,35;72,23;25,94;15,28;23,48;18,41;;             192,21;
09047006;Larciano;Pistoia;1   ;           6.301;19,74;21,91;70,43;24,30;12,78;23,65;46,87;;             219,67;
09047007;Marliana;Pistoia;1   ;           3.237;16,38;61,43;29,65;12,12;19,08;47,24;29,56;;             215,46;
09047008;Massa e Cozzile;Pistoia;1   ;           7.742;21,31;16,68;77,30;26,63;10,41;22,30;17,75;;             192,37;
09047009;Monsummano Terme;Pistoia;1   ;          20.731;18,23;10,76;67,80;25,21;16,58;23,87;28,05;;             190,49;
09047010;Montale;Pistoia;1   ;          10.519;21,51;31,95;68,39;20,73;11,89;25,62;19,36;;             199,44;
09047011;Montecatini-Terme;Pistoia;1   ;          20.690;34,01;73,71;99,49;14,88;35,56;41,01;60,92;;             359,58;
09047012;Pescia;Pistoia;1   ;          19.223;18,84;48,28;57,03;26,94;20,23;29,53;62,44;;             263,29;
09047013;Pieve a Nievole;Pistoia;1   ;           9.089;19,18;10,70;72,18;25,68;9,91;23,20;16,58;;             177,43;
09047014;Pistoia;Pistoia;1   ;          89.309;23,26;71,57;40,82;18,84;18,07;31,06;30,42;;             234,05;
09047016;Ponte Buggianese;Pistoia;1   ;           8.717;19,71;12,54;73,50;25,32;10,09;17,39;18,98;;             177,53;
09047017;Quarrata;Pistoia;1   ;          26.684;20,87;32,15;63,67;18,60;12,08;27,01;27,65;;             202,03;
09047018;Sambuca Pistoiese;Pistoia;1   ;           1.439;16,74;63,49;41,79;14,22;8,26;61,69;45,25;;             251,44;
09047024;San Marcello Piteglio;Pistoia;1   ;           7.630;21,79;53,67;38,24;16,61;19,92;26,96;41,95;;             219,14;
09047020;Serravalle Pistoiese;Pistoia;1   ;          11.740;17,25;16,79;64,57;20,25;9,59;21,80;34,30;;             184,56;
09047021;Uzzano;Pistoia;1   ;           5.562;19,56;9,52;70,65;20,84;9,88;22,70;23,72;;             176,87;
06093001;Andreis;Pordenone;1   ;             242;14,36;7,68;65,00;6,56;;37,19;9,26;;             140,03;
06093002;Arba;Pordenone;1   ;           1.260;7,39;18,96;28,39;17,52;0,06;54,74;23,67;;             150,72;
06093004;Aviano;Pordenone;1   ;           8.948;20,73;8,03;78,80;10,76;3,83;10,53;7,29;;             139,97;
06093005;Azzano Decimo;Pordenone;1   ;          15.681;4,93;15,45;18,95;18,26;2,73;37,67;19,67;;             117,65;
06093006;Barcis;Pordenone;1   ;             220;39,48;7,35;128,54;8,87;;67,35;14,23;;             265,80;
06093007;Brugnera;Pordenone;1   ;           9.229;6,07;17,31;23,32;19,88;1,81;46,34;19,43;;             134,17;
06093008;Budoia;Pordenone;1   ;           2.472;25,40;6,86;67,83;12,71;1,94;5,98;2,97;;             123,68;
06093009;Caneva;Pordenone;1   ;           6.256;4,63;3,76;22,16;13,64;12,98;10,44;3,40;;              71,00;
06093010;Casarsa della Delizia;Pordenone;1   ;           8.194;5,34;13,91;20,87;19,08;4,63;38,89;22,64;;             125,37;
06093011;Castelnovo del Friuli;Pordenone;1   ;             849;5,16;15,58;19,83;11,27;;36,86;16,52;;             105,23;
06093012;Cavasso Nuovo;Pordenone;1   ;           1.490;7,88;6,86;47,89;8,32;;11,88;18,98;;             101,81;
06093013;Chions;Pordenone;1   ;           5.056;5,49;10,63;21,12;17,13;2,05;38,12;19,92;;             114,45;
06093014;Cimolais;Pordenone;1   ;             348;16,44;9,83;76,95;15,07;0,83;17,64;13,07;;             149,83;
06093015;Claut;Pordenone;1   ;             891;13,17;5,16;62,55;11,92;0,20;31,64;7,62;;             132,26;
06093017;Cordenons;Pordenone;1   ;          17.779;7,54;10,87;35,72;14,64;5,39;15,86;11,12;;             101,14;
06093018;Cordovado;Pordenone;1   ;           2.733;6,54;12,61;25,13;19,16;0,51;49,92;39,51;;             153,38;
06093019;Erto e Casso;Pordenone;1   ;             373;10,07;3,54;73,84;9,82;1,03;48,72;5,79;;             152,83;
06093020;Fanna;Pordenone;1   ;           1.470;9,34;4,90;58,39;7,96;;11,33;5,72;;              97,65;
06093021;Fiume Veneto;Pordenone;1   ;          11.779;5,19;16,16;19,94;18,86;0,66;40,56;23,51;4,11;             128,98;
06093022;Fontanafredda;Pordenone;1   ;          12.818;5,90;14,08;22,69;16,12;0,97;38,07;20,15;;             117,99;
06093024;Frisanco;Pordenone;1   ;             572;10,76;2,94;57,25;4,83;;13,35;8,01;;              97,14;
06093025;Maniago;Pordenone;1   ;          11.526;9,65;6,74;58,79;16,88;4,92;6,96;8,18;;             112,13;
06093026;Meduno;Pordenone;1   ;           1.500;6,40;4,98;47,69;3,08;0,29;4,64;0,50;;              67,58;
06093027;Montereale Valcellina;Pordenone;1   ;           4.219;6,27;10,79;33,08;9,19;5,67;11,77;11,22;;              87,99;
06093028;Morsano al Tagliamento;Pordenone;1   ;           2.671;6,41;22,21;25,20;18,43;0,44;45,40;45,90;;             163,98;
06093029;Pasiano di Pordenone;Pordenone;1   ;           7.867;5,69;12,81;21,88;15,41;0,12;40,80;37,10;9,61;             143,43;
06093030;Pinzano al Tagliamento;Pordenone;1   ;           1.519;5,39;14,13;20,72;15,29;;37,50;17,27;;             110,31;
06093031;Polcenigo;Pordenone;1   ;           3.123;7,03;25,02;27,04;23,07;3,70;52,26;37,43;;             175,54;
06093032;Porcia;Pordenone;1   ;          14.971;5,69;13,06;21,89;21,51;0,60;36,94;18,72;0,24;             118,66;
06093033;Pordenone;Pordenone;1   ;          51.725;14,85;11,02;38,43;15,42;14,62;19,76;27,49;;             141,58;
06093034;Prata di Pordenone;Pordenone;1   ;           8.293;7,06;8,54;30,38;24,43;1,43;13,87;5,29;;              91,00;
06093035;Pravisdomini;Pordenone;1   ;           3.441;5,14;12,56;19,76;16,75;2,02;38,74;16,54;;             111,51;
06093036;Roveredo in Piano;Pordenone;1   ;           5.811;5,21;9,95;39,17;19,34;4,53;23,28;6,90;3,66;             112,04;
06093037;Sacile;Pordenone;1   ;          19.864;6,83;17,83;26,24;19,05;4,18;45,02;27,66;;             146,82;
06093038;San Giorgio della Richinvelda;Pordenone;1   ;           4.553;4,67;17,33;17,93;16,06;0,56;32,08;14,94;;             103,56;
06093039;San Martino al Tagliamento;Pordenone;1   ;           1.452;6,43;12,86;24,71;19,47;2,43;48,36;37,86;;             152,13;
06093040;San Quirino;Pordenone;1   ;           4.233;;;0,68;1,29;2,39;10,60;14,39;87,31;             116,66;
06093041;San Vito al Tagliamento;Pordenone;1   ;          15.187;5,62;18,96;21,60;20,76;9,12;39,46;25,72;;             141,25;
06093043;Sesto al Reghena;Pordenone;1   ;           6.313;4,74;9,98;18,22;16,88;3,64;33,18;21,53;;             108,15;
06093044;Spilimbergo;Pordenone;1   ;          11.833;6,03;19,71;23,19;21,55;8,45;40,58;21,93;;             141,45;
06093045;Tramonti di Sopra;Pordenone;1   ;             276;15,29;6,12;64,17;3,43;;28,75;14,16;;             131,92;
06093046;Tramonti di Sotto;Pordenone;1   ;             327;18,87;8,16;97,52;13,30;;19,28;16,58;;             173,71;
06093047;Travesio;Pordenone;1   ;           1.788;6,43;3,55;48,65;2,58;;10,63;0,45;;              72,28;
06093052;Vajont;Pordenone;1   ;           1.630;7,99;4,05;53,33;7,92;;4,59;4,86;;              82,73;
06093053;Valvasone Arzene;Pordenone;1   ;           3.957;6,04;15,90;23,22;19,01;3,30;44,12;23,24;;             134,83;
06093049;Vito d'Asio;Pordenone;1   ;             719;13,47;6,48;93,65;12,73;;16,11;9,07;;             151,52;
06093050;Vivaro;Pordenone;1   ;           1.317;9,42;6,16;56,77;10,70;0,23;7,47;7,23;;              97,98;
06093051;Zoppola;Pordenone;1   ;           8.302;6,50;17,55;24,43;19,62;1,76;45,85;26,75;;             142,47;
17076007;Avigliano;Potenza;1   ;          10.614;26,96;39,79;49,17;2,47;17,18;22,54;31,97;;             190,09;
17076008;Balvano;Potenza;1   ;           1.722;7,46;35,03;44,76;10,08;0,16;25,59;7,53;;             130,61;
17076010;Baragiano;Potenza;1   ;           2.485;8,09;19,55;33,51;16,64;14,08;9,63;1,68;;             103,18;
17076011;Barile;Potenza;1   ;           2.555;41,79;9,01;31,08;18,01;27,87;55,32;5,10;;             188,17;
17076012;Bella;Potenza;1   ;           4.696;12,75;18,12;38,59;10,42;;14,90;5,99;;             100,77;
17076013;Brienza;Potenza;1   ;           3.854;61,49;12,20;;16,87;8,95;8,24;1,60;;             109,35;
17076014;Brindisi Montagna;Potenza;1   ;             794;11,13;20,30;54,33;14,59;18,84;23,10;22,06;;             164,36;
17076015;Calvello;Potenza;1   ;           1.768;14,40;29,11;77,19;18,97;25,77;34,27;7,43;;             207,15;
17076016;Calvera;Potenza;1   ;             354;48,99;54,35;15,06;9,59;;6,66;2,64;;             137,28;
17076021;Castelgrande;Potenza;1   ;             818;39,44;;45,80;;80,61;108,90;30,36;;             305,12;
17076022;Castelluccio Inferiore;Potenza;1   ;           1.929;22,49;37,58;37,48;;14,99;15,51;1,04;2,10;             131,19;
17076026;Castronuovo di Sant'Andrea;Potenza;1   ;             886;30,02;37,83;23,61;27,69;10,51;12,65;3,04;;             145,35;
17076027;Cersosimo;Potenza;1   ;             523;11,50;20,60;80,17;14,75;9,03;10,19;;;             146,24;
17076029;Corleto Perticara;Potenza;1   ;           2.294;20,77;10,90;;25,72;21,80;21,89;;;             101,08;
17076030;Episcopia;Potenza;1   ;           1.264;25,03;29,62;43,87;;;6,37;1,06;;             105,94;
17076035;Gallicchio;Potenza;1   ;             803;25,42;;54,71;0,39;10,68;5,24;12,97;;             109,41;
17076099;Ginestra;Potenza;1   ;             699;12,48;31,57;15,35;10,69;3,62;62,60;0,71;;             137,02;
17076039;Lagonegro;Potenza;1   ;           5.042;9,27;;55,62;15,70;20,50;16,86;9,03;8,26;             135,24;
17076040;Latronico;Potenza;1   ;           4.083;15,76;11,92;68,52;20,40;3,66;20,97;1,68;2,09;             145,01;
17076042;Lauria;Potenza;1   ;          11.882;28,73;22,54;53,36;12,61;23,19;11,29;21,25;;             172,97;
17076045;Marsico Nuovo;Potenza;1   ;           3.799;7,39;27,82;29,04;17,16;16,63;7,62;16,36;;             122,02;
17076048;Melfi;Potenza;1   ;          17.092;14,50;16,99;35,44;33,98;22,49;37,71;41,41;;             202,52;
17076053;Muro Lucano;Potenza;1   ;           4.931;18,73;12,68;40,56;11,89;12,08;20,24;;;             116,18;
17076054;Nemoli;Potenza;1   ;           1.380;7,66;21,66;45,98;7,91;16,11;20,25;24,73;;             144,30;
17076058;Pescopagano;Potenza;1   ;           1.659;54,06;72,21;4,85;;3,01;32,89;8,35;;             175,39;
17076059;Picerno;Potenza;1   ;           5.637;28,59;24,00;;;13,30;0,23;;;              66,12;
17076060;Pietragalla;Potenza;1   ;           3.868;16,59;26,70;27,35;17,74;39,09;13,27;37,49;;             178,24;
17076063;Potenza;Potenza;1   ;          64.406;31,92;37,93;90,63;0,08;18,32;34,01;10,55;9,68;             233,13;
17076064;Rapolla;Potenza;1   ;           4.165;8,99;8,07;20,56;16,14;32,17;43,72;21,17;12,98;             163,81;
17076066;Rionero in Vulture;Potenza;1   ;          12.496;19,52;22,39;49,17;27,69;23,36;12,95;6,10;;             161,18;
17076067;Ripacandida;Potenza;1   ;           1.564;51,24;47,03;9,66;2,52;34,82;39,02;45,73;;             230,01;
17076068;Rivello;Potenza;1   ;           2.523;7,84;19,42;47,06;9,05;13,61;23,02;9,98;0,05;             130,03;
17076071;Ruoti;Potenza;1   ;           3.253;11,51;33,31;23,66;1,07;;12,56;23,72;;             105,83;
17076072;Ruvo del Monte;Potenza;1   ;             995;34,02;31,50;49,99;;;23,91;;;             139,42;
17076074;San Chirico Raparo;Potenza;1   ;             929;26,44;57,95;11,88;;2,16;21,80;2,96;;             123,18;
17076076;San Fele;Potenza;1   ;           2.600;29,49;5,71;63,82;20,65;29,78;2,48;;;             151,92;
17076077;San Martino d'Agri;Potenza;1   ;             657;78,38;58,29;;4,16;;1,53;21,82;;             164,18;
17076020;San Paolo Albanese;Potenza;1   ;             209;40,31;38,38;28,79;;9,60;39,39;2,00;;             158,47;
17076078;San Severino Lucano;Potenza;1   ;           1.363;47,52;57,09;22,91;6,65;5,57;60,21;;;             199,95;
17076079;Sant'Angelo Le Fratte;Potenza;1   ;           1.295;36,64;54,58;4,09;2,03;4,64;19,53;29,88;10,61;             162,00;
17076080;Sant'Arcangelo;Potenza;1   ;           6.021;23,94;26,06;23,94;;23,94;5,87;3,79;;             107,53;
17076082;Sasso di Castalda;Potenza;1   ;             733;32,19;82,09;35,37;;3,27;10,15;;;             163,07;
17076084;Savoia di Lucania;Potenza;1   ;           1.008;14,11;58,30;6,94;;;45,75;;;             125,10;
17076086;Spinoso;Potenza;1   ;           1.314;84,36;34,35;;;;41,16;14,36;30,44;             204,67;
17076094;Vaglio Basilicata;Potenza;1   ;           1.873;25,17;76,73;28,65;10,17;2,95;7,35;3,41;;             154,43;
17076095;Venosa;Potenza;1   ;          10.913;12,49;19,19;36,26;23,59;21,50;24,21;67,85;;             205,08;
17076098;Viggiano;Potenza;1   ;           3.248;17,03;0,24;91,97;1,21;21,38;15,69;6,78;;             154,29;
09100001;Cantagallo;Prato;1   ;           3.100;15,74;30,71;63,46;16,15;3,26;18,31;27,66;;             175,30;
09100002;Carmignano;Prato;1   ;          14.605;16,36;24,16;63,71;28,36;8,74;23,62;34,51;;             199,47;
09100003;Montemurlo;Prato;1   ;          19.105;18,06;30,97;70,55;24,39;20,90;31,91;53,29;;             250,06;
09100004;Poggio a Caiano;Prato;1   ;           9.863;16,16;20,93;64,72;24,14;16,53;23,43;17,67;;             183,59;
09100005;Prato;Prato;1   ;         195.736;13,75;28,31;59,44;22,26;26,25;25,89;50,72;;             226,62;
09100006;Vaiano;Prato;1   ;           9.906;13,26;26,49;59,50;18,53;12,73;25,08;31,01;;             186,61;
09100007;Vernio;Prato;1   ;           6.144;15,63;24,62;62,28;18,00;10,69;20,78;22,25;;             174,24;
19088001;Acate;Ragusa;1   ;          10.576;12,75;20,22;57,11;16,28;12,71;10,39;24,14;11,95;             165,55;
19088003;Comiso;Ragusa;1   ;          30.016;18,50;15,18;35,62;19,46;31,30;29,58;16,81;4,36;             170,80;
19088004;Giarratana;Ragusa;1   ;           2.830;16,39;11,55;93,62;21,95;22,27;46,71;22,70;21,20;             256,39;
19088005;Ispica;Ragusa;1   ;          16.253;30,92;50,36;60,97;7,15;;6,93;;14,94;             171,27;
19088008;Pozzallo;Ragusa;1   ;          18.879;15,14;16,96;34,98;34,41;38,20;32,57;6,99;;             179,25;
19088009;Ragusa;Ragusa;1   ;          73.159;15,83;18,38;51,52;35,48;21,13;44,14;56,74;;             243,23;
08039001;Alfonsine;Ravenna;1   ;          11.477;27,54;32,17;51,04;34,75;12,82;18,84;26,93;0,46;             204,53;
08039002;Bagnacavallo;Ravenna;1   ;          16.360;22,12;31,14;43,32;27,91;11,12;21,25;22,46;0,41;             179,74;
08039003;Bagnara di Romagna;Ravenna;1   ;           2.392;27,93;33,50;32,53;35,23;15,53;19,74;22,81;0,83;             188,10;
08039004;Brisighella;Ravenna;1   ;           7.186;25,43;27,33;15,48;32,08;18,04;27,74;34,84;0,47;             181,41;
08039005;Casola Valsenio;Ravenna;1   ;           2.498;24,99;31,15;19,68;31,53;35,37;30,22;30,77;0,85;             204,57;
08039006;Castel Bolognese;Ravenna;1   ;           9.527;24,73;28,86;17,51;31,20;14,38;20,26;22,82;0,39;             160,15;
08039007;Cervia;Ravenna;1   ;          28.983;58,39;52,06;49,00;73,66;61,90;31,88;75,44;0,61;             402,94;
08039008;Conselice;Ravenna;1   ;           9.541;25,91;33,92;43,71;32,69;13,35;22,78;23,63;0,50;             196,50;
08039009;Cotignola;Ravenna;1   ;           7.342;32,37;36,50;41,13;40,84;18,46;20,65;26,33;0,53;             216,80;
08039010;Faenza;Ravenna;1   ;          58.710;21,37;34,12;37,97;26,96;21,36;24,79;23,31;0,32;             190,20;
08039011;Fusignano;Ravenna;1   ;           8.067;18,54;33,06;37,71;23,39;13,30;22,69;23,46;0,53;             172,67;
08039012;Lugo;Ravenna;1   ;          32.015;24,81;33,42;50,04;31,30;19,59;21,75;27,15;0,37;             208,43;
08039013;Massa Lombarda;Ravenna;1   ;          10.604;19,25;31,95;43,49;24,28;14,02;22,73;22,49;0,49;             178,71;
08039014;Ravenna;Ravenna;1   ;         155.751;20,13;31,68;58,32;25,39;26,50;21,95;27,29;0,35;             211,61;
08039015;Riolo Terme;Ravenna;1   ;           5.752;17,72;23,88;31,47;22,36;20,87;27,02;24,17;0,50;             167,98;
08039016;Russi;Ravenna;1   ;          12.190;23,22;34,94;31,30;29,29;11,35;24,43;25,50;0,50;             180,53;
08039017;Sant'Agata sul Santerno;Ravenna;1   ;           2.893;30,84;34,41;43,75;38,91;17,71;21,35;31,25;0,80;             219,00;
08039018;Solarolo;Ravenna;1   ;           4.373;20,43;34,07;7,10;25,78;21,65;27,55;22,64;0,63;             159,84;
18080001;Africo;Reggio di Calabria;1   ;           2.733;19,97;49,54;36,04;;23,32;7,34;12,42;;             148,63;
18080002;Agnana Calabra;Reggio di Calabria;1   ;             467;70,88;85,91;4,30;;13,57;34,11;23,41;;             232,18;
18080003;Anoia;Reggio di Calabria;1   ;           2.036;9,07;37,90;16,95;;0,14;3,97;;38,31;             106,34;
18080008;Benestare;Reggio di Calabria;1   ;           2.454;14,08;28,61;14,40;33,74;12,62;26,69;7,03;;             137,17;
18080009;Bianco;Reggio di Calabria;1   ;           4.211;55,03;64,31;9,81;;5,48;0,87;16,77;;             152,26;
18080010;Bivongi;Reggio di Calabria;1   ;           1.143;10,68;51,32;15,78;;7,92;14,18;25,07;;             124,94;
18080011;Bova;Reggio di Calabria;1   ;             416;70,98;26,36;;;;19,50;0,22;;             117,06;
18080012;Bovalino;Reggio di Calabria;1   ;           8.644;10,26;68,56;48,39;17,18;2,37;12,33;7,64;;             166,73;
18080014;Brancaleone;Reggio di Calabria;1   ;           3.248;59,22;66,11;53,08;;15,63;10,82;35,40;;             240,25;
18080015;Bruzzano Zeffirio;Reggio di Calabria;1   ;           1.045;21,11;56,61;38,73;;21,11;28,02;3,22;0,96;             169,77;
18080016;Calanna;Reggio di Calabria;1   ;             760;35,58;46,19;71,15;;13,85;10,96;29,57;;             207,29;
18080018;Campo Calabro;Reggio di Calabria;1   ;           4.443;9,69;33,41;43,44;;;6,91;10,53;;             103,98;
18080019;Candidoni;Reggio di Calabria;1   ;             410;1,22;58,31;1,22;1,22;;12,84;;;              74,81;
18080021;Caraffa del Bianco;Reggio di Calabria;1   ;             457;15,71;57,01;13,33;;;32,02;27,80;;             145,86;
18080022;Cardeto;Reggio di Calabria;1   ;           1.325;66,35;68,27;;;;10,45;18,04;;             163,12;
18080023;Careri;Reggio di Calabria;1   ;           2.125;60,45;57,77;;;;27,66;;;             145,88;
18080025;Caulonia;Reggio di Calabria;1   ;           6.783;24,68;30,44;31,66;34,33;10,21;2,09;18,09;;             151,50;
18080026;Cimina ;Reggio di Calabria;1   ;             525;11,96;57,49;;;10,14;18,31;32,54;;             130,44;
18080027;Cinquefrondi;Reggio di Calabria;1   ;           6.223;30,86;41,36;;33,36;5,45;4,51;;;             115,53;
18080028;Cittanova;Reggio di Calabria;1   ;           9.769;11,56;56,71;20,63;;23,73;0,23;;7,17;             120,04;
18080029;Condofuri;Reggio di Calabria;1   ;           4.604;31,45;49,62;52,41;;20,96;2,50;2,48;;             159,41;
18080030;Cosoleto;Reggio di Calabria;1   ;             756;51,84;39,99;106,80;;17,38;10,61;8,41;;             235,03;
18080031;Delianuova;Reggio di Calabria;1   ;           3.092;21,52;34,06;7,53;;10,76;7,27;0,67;;              81,82;
18080032;Feroleto della Chiesa;Reggio di Calabria;1   ;           1.515;60,99;55,33;17,14;;0,75;1,28;1,09;;             136,57;
18080035;Galatro;Reggio di Calabria;1   ;           1.418;49,44;38,42;10,75;;10,65;5,08;7,63;;             121,97;
18080036;Gerace;Reggio di Calabria;1   ;           2.353;20,87;33,85;21,14;;3,55;23,58;;;             102,99;
18080038;Gioia Tauro;Reggio di Calabria;1   ;          19.179;9,63;83,68;12,03;;10,73;17,55;;;             133,61;
18080039;Gioiosa Ionica;Reggio di Calabria;1   ;           6.862;22,66;24,03;11,23;8,74;15,62;17,36;14,51;;             114,14;
18080040;Grotteria;Reggio di Calabria;1   ;           2.845;81,36;60,04;32,74;;0,40;7,29;1,06;;             182,88;
18080041;Laganadi;Reggio di Calabria;1   ;             342;84,32;72,67;;;;5,28;31,04;;             193,30;
18080043;Locri;Reggio di Calabria;1   ;          11.834;14,14;53,21;57,07;;41,18;36,75;;;             202,35;
18080044;Mammola;Reggio di Calabria;1   ;           2.448;26,96;65,55;2,29;;12,56;14,83;17,43;;             139,62;
18080045;Marina di Gioiosa Ionica;Reggio di Calabria;1   ;           6.271;60,48;57,58;7,89;13,96;2,19;52,91;18,18;;             213,20;
18080046;Maropati;Reggio di Calabria;1   ;           1.356;11,71;40,03;34,03;;0,37;14,44;1,78;12,54;             114,89;
18080048;Melicucca ;Reggio di Calabria;1   ;             832;59,13;49,05;48,90;5,69;1,69;1,69;0,48;;             166,61;
18080049;Melicucco;Reggio di Calabria;1   ;           4.847;20,53;28,36;20,60;;10,44;15,98;3,79;0,03;              99,72;
18080050;Melito di Porto Salvo;Reggio di Calabria;1   ;          10.432;34,62;51,76;70,29;;15,54;46,59;;;             218,80;
18080051;Molochio;Reggio di Calabria;1   ;           2.223;13,76;42,55;25,68;;29,78;0,45;4,58;;             116,81;
18080053;Montebello Ionico;Reggio di Calabria;1   ;           5.697;54,11;40,94;32,41;;4,53;25,35;5,38;;             162,73;
18080055;Oppido Mamertina;Reggio di Calabria;1   ;           4.780;5,58;42,41;42,40;5,95;5,14;24,22;29,40;;             155,10;
18080057;Palmi;Reggio di Calabria;1   ;          17.920;24,90;35,15;29,12;29,57;19,86;21,91;3,46;9,65;             173,62;
18080061;Polistena;Reggio di Calabria;1   ;           9.908;4,81;54,76;20,99;11,34;4,02;18,15;1,47;;             115,55;
18080062;Portigliola;Reggio di Calabria;1   ;           1.064;48,95;35,82;31,06;;12,51;23,68;3,81;;             155,83;
18080063;Reggio di Calabria;Reggio di Calabria;1   ;         170.951;9,53;42,40;54,76;9,77;42,43;34,28;195,74;0,88;             389,79;
18080065;Rizziconi;Reggio di Calabria;1   ;           7.636;21,07;26,27;24,08;;4,45;3,49;32,78;;             112,14;
18080067;Roccella Ionica;Reggio di Calabria;1   ;           6.139;19,47;24,11;30,95;37,47;4,24;;;;             116,22;
18080068;Roghudi;Reggio di Calabria;1   ;             952;11,19;48,51;33,32;10,13;;19,88;7,50;;             130,52;
18080070;Samo;Reggio di Calabria;1   ;             709;32,43;64,18;9,17;8,22;5,32;29,88;9,81;;             159,01;
18080071;San Giorgio Morgeto;Reggio di Calabria;1   ;           2.944;40,55;35,71;11,85;10,43;16,71;6,19;;;             121,44;
18080074;San Luca;Reggio di Calabria;1   ;           3.438;28,44;40,84;9,57;5,69;1,17;12,80;6,96;0,87;             106,35;
18080075;San Pietro di Carida ;Reggio di Calabria;1   ;             989;20,78;41,13;61,69;16,89;8,32;12,96;;;             161,77;
18080077;San Roberto;Reggio di Calabria;1   ;           1.518;49,84;38,57;17,93;16,30;11,74;21,29;3,92;;             159,58;
18080078;Santa Cristina d'Aspromonte;Reggio di Calabria;1   ;             763;18,74;27,99;90,44;;21,95;10,63;6,11;;             175,86;
18080079;Sant'Agata del Bianco;Reggio di Calabria;1   ;             570;;46,03;27,58;;26,83;;;;             100,43;
18080080;Sant'Alessio in Aspromonte;Reggio di Calabria;1   ;             304;63,87;60,76;;;12,61;37,78;1,36;;             176,38;
18080082;Sant'Ilario dello Ionio;Reggio di Calabria;1   ;           1.340;23,89;54,32;29,86;6,32;5,97;8,38;11,81;12,77;             153,32;
18080084;Scido;Reggio di Calabria;1   ;             810;10,44;;29,14;25,36;3,48;18,26;;;              86,69;
18080086;Seminara;Reggio di Calabria;1   ;           2.455;36,01;76,22;14,10;11,58;18,56;2,00;0,38;;             158,86;
18080089;Sinopoli;Reggio di Calabria;1   ;           1.856;23,41;48,21;23,41;;23,41;30,24;0,64;;             149,33;
18080090;Staiti;Reggio di Calabria;1   ;             184;35,44;65,41;24,58;;13,63;10,14;;;             149,21;
18080091;Stignano;Reggio di Calabria;1   ;           1.159;69,03;103,54;86,28;;4,31;;34,51;;             297,67;
18080093;Taurianova;Reggio di Calabria;1   ;          14.830;5,73;10,06;36,46;12,88;11,34;49,12;;;             125,59;
18080095;Varapodio;Reggio di Calabria;1   ;           2.004;20,41;50,05;20,41;5,66;10,01;11,30;10,79;9,44;             138,08;
18080096;Villa San Giovanni;Reggio di Calabria;1   ;          12.752;20,85;47,36;84,75;5,51;28,26;2,83;;;             189,55;
08035001;Albinea;Reggio nell'Emilia;1   ;           8.817;16,34;;59,22;57,31;5,83;18,14;32,90;;             189,73;
08035002;Bagnolo in Piano;Reggio nell'Emilia;1   ;           9.556;18,55;;59,62;35,21;6,47;13,22;38,48;;             171,55;
08035003;Baiso;Reggio nell'Emilia;1   ;           3.208;14,57;;42,00;39,24;7,75;57,98;33,21;;             194,75;
08035004;Bibbiano;Reggio nell'Emilia;1   ;          10.140;18,11;;59,18;42,39;8,95;27,74;43,54;;             199,91;
08035008;Cadelbosco di Sopra;Reggio nell'Emilia;1   ;          10.613;18,54;;58,13;36,19;2,04;7,13;33,09;;             155,12;
08035009;Campagnola Emilia;Reggio nell'Emilia;1   ;           5.476;18,52;;61,28;39,06;1,21;19,44;34,19;;             173,70;
08035010;Campegine;Reggio nell'Emilia;1   ;           5.300;20,32;;56,47;42,83;4,38;26,75;36,18;;             186,93;
08035018;Canossa;Reggio nell'Emilia;1   ;           3.759;14,83;;50,60;43,15;7,10;59,11;36,34;;             211,13;
08035011;Carpineti;Reggio nell'Emilia;1   ;           3.895;15,98;;51,60;39,37;4,21;79,48;32,87;;             223,52;
08035012;Casalgrande;Reggio nell'Emilia;1   ;          18.937;17,24;;49,87;39,88;3,06;43,16;41,06;;             194,28;
08035013;Casina;Reggio nell'Emilia;1   ;           4.541;15,88;;49,42;33,36;6,56;31,87;29,03;;             166,12;
08035014;Castellarano;Reggio nell'Emilia;1   ;          15.246;14,45;;47,31;33,83;7,47;16,58;30,59;;             150,25;
08035015;Castelnovo di Sotto;Reggio nell'Emilia;1   ;           8.484;18,47;;61,23;41,64;6,44;14,11;35,34;;             177,24;
08035016;Castelnovo ne' Monti;Reggio nell'Emilia;1   ;          10.294;16,93;;57,03;40,98;15,24;74,08;45,82;;             250,09;
08035017;Cavriago;Reggio nell'Emilia;1   ;           9.842;19,78;;67,33;71,08;8,17;9,70;51,43;;             227,49;
08035020;Correggio;Reggio nell'Emilia;1   ;          25.074;20,49;;59,24;50,18;7,69;14,29;50,34;;             202,23;
08035021;Fabbrico;Reggio nell'Emilia;1   ;           6.652;19,44;;60,25;35,65;4,65;1,16;34,55;;             155,70;
08035022;Gattatico;Reggio nell'Emilia;1   ;           5.657;20,20;;59,67;45,15;14,38;40,85;53,32;;             233,57;
08035027;Montecchio Emilia;Reggio nell'Emilia;1   ;          10.398;19,27;;64,38;45,64;10,92;23,07;43,94;1,48;             208,69;
08035030;Quattro Castella;Reggio nell'Emilia;1   ;          13.109;18,06;;61,38;44,13;3,64;-4,98;40,39;;             162,62;
08035033;Reggio nell'Emilia;Reggio nell'Emilia;1   ;         169.545;24,50;;69,91;38,22;31,18;35,38;40,87;;             240,07;
08035034;Rio Saliceto;Reggio nell'Emilia;1   ;           6.000;18,34;;58,64;41,10;3,20;14,35;48,79;;             184,42;
08035035;Rolo;Reggio nell'Emilia;1   ;           3.989;18,79;;62,26;54,31;3,28;13,99;53,09;;             205,72;
08035036;Rubiera;Reggio nell'Emilia;1   ;          14.680;14,11;;62,41;38,81;6,95;24,58;36,56;;             183,41;
08035037;San Martino in Rio;Reggio nell'Emilia;1   ;           8.202;19,16;;61,19;43,35;4,04;33,61;44,43;;             205,78;
08035038;San Polo d'Enza;Reggio nell'Emilia;1   ;           6.138;14,35;;54,46;60,09;3,01;12,87;52,82;;             197,61;
08035039;Sant'Ilario d'Enza;Reggio nell'Emilia;1   ;          11.258;18,97;;61,70;49,19;8,78;39,99;40,67;;             219,29;
08035040;Scandiano;Reggio nell'Emilia;1   ;          25.686;14,71;;50,38;41,93;7,74;44,17;27,71;;             186,63;
08035041;Toano;Reggio nell'Emilia;1   ;           4.141;15,04;;46,13;44,88;7,84;59,65;35,84;;             209,40;
08035046;Ventasso;Reggio nell'Emilia;1   ;           3.941;15,16;;39,63;52,72;10,85;132,68;25,66;;             276,70;
08035042;Vetto;Reggio nell'Emilia;1   ;           1.786;14,62;;44,32;47,00;13,36;86,19;29,81;;             235,30;
08035043;Vezzano sul Crostolo;Reggio nell'Emilia;1   ;           4.334;13,88;;50,99;38,80;0,42;20,68;36,28;;             161,05;
08035044;Viano;Reggio nell'Emilia;1   ;           3.393;13,82;;49,36;34,83;1,57;29,32;28,82;;             157,72;
08035045;Villa Minozzo;Reggio nell'Emilia;1   ;           3.493;14,74;;31,91;39,31;6,06;106,25;23,27;;             221,54;
12057001;Accumoli;Rieti;1   ;             522;75,48;90,46;34,97;0,63;8,85;73,99;8,61;;             293,00;
12057002;Amatrice;Rieti;1   ;           2.251;95,21;52,21;28,32;0,51;9,40;32,30;9,35;;             227,31;
12057003;Antrodoco;Rieti;1   ;           2.334;16,10;15,61;52,99;15,43;7,78;21,24;26,19;;             155,35;
12057005;Belmonte in Sabina;Rieti;1   ;             636;16,61;18,59;56,48;15,03;7,17;52,05;20,45;;             186,37;
12057006;Borbona;Rieti;1   ;             576;72,66;75,15;1,39;0,46;34,83;26,29;56,76;;             267,53;
12057008;Borgo Velino;Rieti;1   ;             925;12,16;19,75;44,37;17,79;20,35;25,96;33,48;;             173,86;
12057007;Borgorose;Rieti;1   ;           4.218;27,06;18,53;60,89;15,41;6,76;8,27;12,17;;             149,09;
12057009;Cantalice;Rieti;1   ;           2.438;;18,42;44,48;24,69;14,36;19,59;8,93;0,57;             131,05;
12057010;Cantalupo in Sabina;Rieti;1   ;           1.656;31,24;31,77;;31,24;19,30;7,77;5,66;;             126,98;
12057012;Casperia;Rieti;1   ;           1.178;16,75;13,82;67,50;13,82;19,06;43,34;21,01;;             195,29;
12057016;Cittaducale;Rieti;1   ;           6.443;15,62;18,42;57,49;18,58;10,33;33,57;52,30;;             206,31;
12057017;Cittareale;Rieti;1   ;             401;77,30;73,65;5,96;1,99;;33,59;4,93;;             197,41;
12057018;Collalto Sabino;Rieti;1   ;             391;169,18;;;;51,15;105,50;;;             325,83;
12057020;Collegiove;Rieti;1   ;             128;164,36;;;;;171,53;;;             335,89;
12057021;Collevecchio;Rieti;1   ;           1.581;24,57;13,91;62,14;22,24;;23,11;27,74;;             173,70;
12057023;Concerviano;Rieti;1   ;             282;116,26;107,11;10,74;;12,92;48,60;10,03;;             305,67;
12057024;Configni;Rieti;1   ;             574;16,21;12,44;65,97;11,06;7,94;29,17;27,47;;             170,26;
12057026;Cottanello;Rieti;1   ;             526;16,39;11,36;63,73;9,69;16,21;49,45;12,83;;             179,65;
12057027;Fara in Sabina;Rieti;1   ;          13.835;10,36;19,40;40,83;12,90;10,74;11,42;23,28;;             128,94;
12057029;Forano;Rieti;1   ;           3.148;14,48;17,19;48,38;12,08;;;5,69;;              97,82;
12057030;Frasso Sabino;Rieti;1   ;             754;15,93;12,75;71,95;17,39;29,18;28,10;15,74;3,40;             194,44;
12057033;Leonessa;Rieti;1   ;           2.110;42,58;105,58;13,10;;14,89;32,98;1,85;;             210,98;
12057035;Magliano Sabina;Rieti;1   ;           3.433;42,73;27,52;118,11;44,17;6,00;49,70;13,84;2,79;             304,87;
12057036;Marcetelli;Rieti;1   ;              70;114,91;92,76;;;74,26;142,71;150,91;;             575,56;
12057037;Micigliano;Rieti;1   ;             113;252,44;80,09;;;134,89;;;;             467,42;
12057040;Montebuono;Rieti;1   ;             811;16,27;19,52;59,93;14,62;32,47;33,40;20,64;;             196,84;
12057044;Montopoli di Sabina;Rieti;1   ;           4.084;13,99;16,50;50,06;17,30;;4,65;7,17;;             109,68;
12057045;Morro Reatino;Rieti;1   ;             321;15,21;11,86;13,67;;;22,23;18,97;68,00;             149,95;
12057046;Nespolo;Rieti;1   ;             194;164,95;59,28;;;83,76;4,75;;;             312,74;
12057050;Petrella Salto;Rieti;1   ;           1.026;20,37;22,44;67,35;18,25;25,95;30,92;7,13;;             192,41;
12057051;Poggio Bustone;Rieti;1   ;           1.959;15,57;;114,17;16,81;;5,42;4,08;;             156,06;
12057052;Poggio Catino;Rieti;1   ;           1.269;16,41;25,07;59,80;16,20;28,74;24,19;16,21;;             186,62;
12057056;Poggio San Lorenzo;Rieti;1   ;             547;16,40;132,25;96,78;19,02;;20,84;14,75;;             300,04;
12057057;Posta;Rieti;1   ;             557;34,49;22,51;139,03;15,84;4,14;31,63;26,64;;             274,27;
12057059;Rieti;Rieti;1   ;          45.276;24,59;31,28;66,11;25,50;26,14;23,76;17,91;5,85;             221,14;
12057060;Rivodutri;Rieti;1   ;           1.149;12,55;13,92;47,28;14,89;;11,06;11,39;;             111,08;
12057061;Roccantica;Rieti;1   ;             545;19,27;13,89;60,44;14,26;41,50;28,20;7,87;;             185,43;
12057063;Salisano;Rieti;1   ;             471;15,43;11,07;69,50;11,87;35,07;21,23;18,00;;             182,16;
12057065;Selci;Rieti;1   ;           1.109;15,30;10,33;56,63;13,36;15,03;24,67;10,39;;             145,72;
12057066;Stimigliano;Rieti;1   ;           2.177;20,68;11,06;36,06;17,69;30,73;20,64;3,98;;             140,84;
12057067;Tarano;Rieti;1   ;           1.387;15,65;10,38;62,61;13,59;13,47;23,90;6,62;;             146,22;
12057070;Torri in Sabina;Rieti;1   ;           1.211;13,25;17,75;53,01;11,67;2,35;36,08;21,01;;             155,14;
12057072;Vacone;Rieti;1   ;             233;12,21;12,89;45,81;14,76;23,36;31,94;52,14;;             193,11;
08099001;Bellaria-Igea Marina;Rimini;1   ;          19.455;30,62;39,81;89,03;49,32;51,09;33,20;33,99;6,72;             333,78;
08099002;Cattolica;Rimini;1   ;          16.543;33,75;32,13;123,34;58,84;54,99;33,03;14,42;1,60;             352,10;
08099003;Coriano;Rimini;1   ;          10.418;24,38;14,47;95,77;50,89;7,17;17,71;14,86;0,95;             226,20;
08099004;Gemmano;Rimini;1   ;           1.135;28,35;15,33;32,44;16,37;15,34;22,79;32,61;1,37;             164,59;
08099022;Maiolo;Rimini;1   ;             801;22,51;20,79;12,38;0,16;24,10;12,47;4,68;;              97,08;
08099005;Misano Adriatico;Rimini;1   ;          13.948;26,08;36,13;104,16;50,65;36,29;12,22;17,18;2,51;             285,21;
08099006;Mondaino;Rimini;1   ;           1.309;27,09;24,73;28,81;10,77;8,51;14,77;22,18;3,98;             140,84;
08099030;Montecopiolo;Rimini;1   ;           1.028;46,09;15,34;70,24;27,02;9,11;50,79;22,03;;             240,61;
08099008;Montefiore Conca;Rimini;1   ;           2.300;19,28;11,14;30,72;17,79;4,31;11,40;13,02;0,77;             108,45;
08099009;Montegridolfo;Rimini;1   ;             994;20,57;16,57;29,57;17,48;8,88;34,62;13,76;3,04;             144,51;
08099029;Montescudo-Monte Colombo;Rimini;1   ;           6.770;15,40;12,46;26,54;23,43;1,02;9,52;12,23;0,45;             101,06;
08099011;Morciano di Romagna;Rimini;1   ;           7.111;22,01;15,37;45,65;29,86;19,60;23,06;7,27;2,57;             165,38;
08099028;Poggio Torriana;Rimini;1   ;           5.130;6,54;16,57;28,34;42,17;2,40;16,76;26,87;0,57;             140,23;
08099013;Riccione;Rimini;1   ;          34.400;36,08;45,58;111,05;56,48;60,41;47,44;45,72;1,89;             404,63;
08099014;Rimini;Rimini;1   ;         149.211;23,84;30,30;78,54;41,54;42,12;25,85;32,13;4,18;             278,49;
08099015;Saludecio;Rimini;1   ;           3.086;8,41;18,78;12,65;23,55;3,07;14,91;33,19;0,68;             115,24;
08099016;San Clemente;Rimini;1   ;           5.718;11,73;20,13;33,84;27,73;2,98;22,78;28,61;0,52;             148,33;
08099017;San Giovanni in Marignano;Rimini;1   ;           9.408;14,72;16,58;54,13;45,25;24,41;18,85;13,46;5,25;             192,65;
08099018;Santarcangelo di Romagna;Rimini;1   ;          22.148;19,86;17,36;48,73;34,33;12,46;19,07;12,41;6,62;             170,86;
08099031;Sassofeltrio;Rimini;1   ;           1.353;51,96;14,08;28,06;13,44;16,12;39,50;26,52;;             189,67;
08099020;Verucchio;Rimini;1   ;          10.052;15,71;20,83;39,54;26,43;15,98;16,21;21,88;2,20;             158,77;
12058003;Albano Laziale;Roma;1   ;          39.718;19,25;13,17;68,24;21,74;7,39;27,30;33,02;4,31;             194,42;
12058004;Allumiere;Roma;1   ;           3.754;55,79;14,00;43,47;10,99;;;1,50;;             125,75;
12058005;Anguillara Sabazia;Roma;1   ;          19.091;10,59;24,85;69,04;23,10;20,37;26,74;3,14;9,96;             187,80;
12058007;Anzio;Roma;1   ;          58.949;29,16;44,92;72,91;42,42;21,87;3,41;14,95;;             229,64;
12058008;Arcinazzo Romano;Roma;1   ;           1.226;76,57;96,41;;4,70;42,05;92,57;14,32;;             326,62;
12058117;Ardea;Roma;1   ;          49.057;52,30;48,98;34,00;44,11;15,69;4,12;2,86;;             202,06;
12058009;Ariccia;Roma;1   ;          17.987;11,48;14,14;103,34;9,30;21,38;41,76;13,23;;             214,64;
12058011;Artena;Roma;1   ;          13.616;7,75;37,38;69,72;;14,35;15,55;4,71;;             149,46;
12058012;Bellegra;Roma;1   ;           2.649;26,18;16,30;52,36;11,25;;6,86;13,23;;             126,18;
12058013;Bracciano;Roma;1   ;          18.380;10,20;20,19;56,72;14,76;26,91;34,11;26,57;17,95;             207,42;
12058014;Camerata Nuova;Roma;1   ;             403;10,64;18,26;83,88;10,68;9,96;120,85;63,21;;             317,47;
12058016;Canale Monterano;Roma;1   ;           4.169;20,68;9,27;82,70;16,22;11,82;35,95;3,71;3,60;             183,94;
12058017;Canterano;Roma;1   ;             368;7,15;18,15;63,51;20,98;45,73;48,68;;;             204,20;
12058018;Capena;Roma;1   ;          10.795;12,30;21,60;44,49;25,26;19,69;14,93;26,08;;             164,35;
12058019;Capranica Prenestina;Roma;1   ;             306;34,17;21,24;51,25;0,35;34,89;99,36;3,41;64,96;             309,63;
12058020;Carpineto Romano;Roma;1   ;           4.025;37,49;58,55;56,24;0,97;38,29;23,67;3,78;27,54;             246,54;
12058021;Casape;Roma;1   ;             638;155,84;52,60;;;;;;;             208,44;
12058022;Castel Gandolfo;Roma;1   ;           8.564;55,68;23,33;71,32;;24,94;42,49;4,76;;             222,53;
12058025;Castel San Pietro Romano;Roma;1   ;             846;26,52;16,42;66,31;35,09;19,89;29,22;18,77;;             212,21;
12058026;Cave;Roma;1   ;          10.777;22,84;15,08;49,90;40,51;17,46;17,64;17,80;;             181,23;
12058027;Cerreto Laziale;Roma;1   ;           1.078;7,83;22,32;70,30;;17,35;11,49;2,58;;             131,86;
12058028;Cervara di Roma;Roma;1   ;             449;;27,84;118,74;17,82;55,68;62,36;;;             282,44;
12058029;Cerveteri;Roma;1   ;          37.855;18,16;19,95;58,77;23,38;27,74;22,67;1,36;0,79;             172,82;
12058118;Ciampino;Roma;1   ;          38.595;26,10;25,67;65,25;13,05;19,57;16,32;33,59;0,31;             199,85;
12058030;Ciciliano;Roma;1   ;           1.236;20,99;10,02;58,99;16,92;16,50;67,00;12,75;24,40;             227,56;
12058032;Civitavecchia;Roma;1   ;          51.653;35,28;45,90;92,69;;37,11;65,44;31,03;;             307,45;
12058034;Colleferro;Roma;1   ;          20.536;38,87;25,15;58,30;23,16;39,69;26,85;5,47;3,26;             220,74;
12058035;Colonna;Roma;1   ;           4.240;27,78;15,09;69,45;34,77;20,84;18,49;42,93;4,76;             234,12;
12058036;Fiano Romano;Roma;1   ;          16.237;11,43;42,61;52,65;3,08;13,69;29,40;3,88;12,93;             169,67;
12058120;Fiumicino;Roma;1   ;          81.426;11,10;13,57;52,84;27,75;43,23;17,61;32,06;2,37;             200,52;
12058122;Fonte Nuova;Roma;1   ;          32.684;10,76;0,41;64,29;33,36;9,83;10,11;33,16;;             161,92;
12058038;Formello;Roma;1   ;          13.614;12,47;45,57;76,12;;34,49;20,21;8,16;;             197,01;
12058039;Frascati;Roma;1   ;          22.794;24,47;;80,09;;18,25;84,94;12,76;;             220,51;
12058040;Gallicano nel Lazio;Roma;1   ;           6.522;21,41;20,27;53,53;29,16;16,06;21,47;24,89;;             186,79;
12058041;Gavignano;Roma;1   ;           1.891;27,74;37,13;41,61;1,61;28,32;15,81;2,79;2,33;             157,34;
12058042;Genazzano;Roma;1   ;           5.614;34,39;24,10;51,59;17,90;35,12;19,60;3,80;2,88;             189,40;
12058043;Genzano di Roma;Roma;1   ;          22.865;15,67;25,20;83,78;18,33;21,72;15,09;10,91;1,70;             192,39;
12058044;Gerano;Roma;1   ;           1.152;4,57;;46,19;5,44;;;3,73;;              59,93;
12058045;Gorga;Roma;1   ;             665;36,43;37,69;54,64;7,67;37,20;26,40;6,39;3,06;             209,46;
12058046;Grottaferrata;Roma;1   ;          20.494;14,98;47,34;66,33;;24,60;30,76;25,14;;             209,15;
12058047;Guidonia Montecelio;Roma;1   ;          89.114;10,67;17,27;54,71;10,44;18,83;29,50;14,95;2,18;             158,55;
12058048;Jenne;Roma;1   ;             325;124,04;29,78;;;8,63;;;;             162,45;
12058049;Labico;Roma;1   ;           6.465;24,02;58,52;36,03;3,93;24,52;38,69;12,60;2,01;             200,33;
12058116;Ladispoli;Roma;1   ;          40.658;6,99;20,33;56,90;28,76;28,95;24,92;14,46;;             181,32;
12058050;Lanuvio;Roma;1   ;          12.858;16,14;7,98;97,51;;10,66;5,57;38,91;;             176,77;
12058115;Lariano;Roma;1   ;          13.212;15,52;8,92;59,79;28,63;11,11;12,11;10,34;3,47;             149,91;
12058052;Magliano Romano;Roma;1   ;           1.389;11,96;16,71;;11,85;22,46;14,10;7,37;58,25;             142,71;
12058054;Manziana;Roma;1   ;           7.792;21,39;23,01;65,84;20,68;13,64;18,69;24,40;;             187,66;
12058055;Marano Equo;Roma;1   ;             778;39,79;15,67;36,65;9,79;2,08;74,74;40,68;;             219,42;
12058056;Marcellina;Roma;1   ;           7.022;16,27;16,52;23,82;45,50;11,27;15,99;6,36;8,98;             144,70;
12058057;Marino;Roma;1   ;          46.347;19,39;25,79;43,47;13,63;26,74;30,38;17,34;;             176,74;
12058058;Mazzano Romano;Roma;1   ;           2.948;10,61;;56,84;1,34;47,24;25,36;41,52;;             182,92;
12058059;Mentana;Roma;1   ;          22.544;14,19;10,83;50,65;24,15;10,43;20,76;25,37;;             156,38;
12058060;Monte Compatri;Roma;1   ;          11.852;12,15;18,10;50,33;21,59;19,96;43,49;3,65;2,41;             171,67;
12058064;Monte Porzio Catone;Roma;1   ;           8.581;17,27;;76,51;5,27;15,96;6,67;17,58;;             139,27;
12058061;Monteflavio;Roma;1   ;           1.176;15,91;16,26;63,25;19,28;28,28;24,91;10,12;;             178,02;
12058062;Montelanico;Roma;1   ;           2.053;7,25;37,26;38,34;;36,26;25,65;2,03;0,97;             147,77;
12058063;Montelibretti;Roma;1   ;           5.132;14,39;;53,38;40,19;11,33;30,14;20,85;;             170,28;
12058066;Montorio Romano;Roma;1   ;           1.929;10,91;21,76;61,76;18,41;43,07;24,76;13,98;;             194,66;
12058067;Moricone;Roma;1   ;           2.429;13,50;15,91;54,30;19,74;13,35;19,00;18,42;4,50;             158,71;
12058068;Morlupo;Roma;1   ;           8.485;14,92;;62,14;;32,66;10,16;5,76;;             125,62;
12058070;Nemi;Roma;1   ;           1.877;30,92;;46,38;1,20;31,57;17,62;3,11;2,59;             133,39;
12058071;Nerola;Roma;1   ;           1.905;12,01;11,17;67,98;1,42;19,15;16,30;5,94;32,05;             166,03;
12058072;Nettuno;Roma;1   ;          48.033;19,24;25,97;77,70;3,44;27,96;65,24;;;             219,56;
12058073;Olevano Romano;Roma;1   ;           6.371;33,47;;83,68;16,74;25,10;8,41;7,60;;             175,00;
12058074;Palestrina;Roma;1   ;          22.063;22,44;22,07;56,10;28,83;16,83;15,08;93,79;;             255,13;
12058075;Palombara Sabina;Roma;1   ;          12.873;11,18;21,36;55,97;12,93;25,70;18,46;17,09;1,90;             164,60;
12058077;Pisoniano;Roma;1   ;             731;12,36;19,15;109,80;14,72;40,86;21,06;15,19;;             233,14;
12058079;Pomezia;Roma;1   ;          64.119;22,31;19,64;59,41;22,31;44,96;23,49;33,43;0,94;             226,49;
12058080;Ponzano Romano;Roma;1   ;           1.212;15,92;25,85;79,61;;19,68;17,72;17,70;;             176,47;
12058081;Riano;Roma;1   ;          10.322;8,06;19,91;37,23;16,64;17,60;3,97;9,44;;             112,85;
12058082;Rignano Flaminio;Roma;1   ;          10.135;9,57;17,96;41,06;23,25;14,09;4,57;8,77;;             119,27;
12058084;Rocca Canterano;Roma;1   ;             174;110,38;102,94;21,20;;45,75;42,08;;;             322,35;
12058085;Rocca di Cave;Roma;1   ;             351;28,42;121,33;71,06;14,21;21,32;14,25;71,65;;             342,24;
12058086;Rocca di Papa;Roma;1   ;          17.512;16,19;22,44;44,77;22,13;13,29;17,35;32,15;;             168,33;
12058088;Rocca Priora;Roma;1   ;          12.040;27,85;25,90;69,11;11,34;24,94;14,00;;;             173,15;
12058089;Rocca Santo Stefano;Roma;1   ;             912;42,57;8,60;17,74;19,26;16,83;10,31;1,82;;             117,14;
12058091;Roma;Roma;1   ;       2.748.109;30,09;50,52;66,07;11,60;46,43;30,58;24,12;10,97;             270,39;
12058093;Sacrofano;Roma;1   ;           7.380;22,15;14,06;78,77;25,90;20,92;31,25;21,18;;             214,24;
12058094;Sambuci;Roma;1   ;             829;78,46;36,86;35,75;;14,34;13,76;5,05;;             184,22;
12058119;San Cesareo;Roma;1   ;          15.988;24,61;28,29;61,53;23,02;18,46;15,89;18,77;;             190,57;
12058095;San Gregorio da Sassola;Roma;1   ;           1.438;63,63;10,64;71,15;17,76;;30,23;4,50;;             197,91;
12058096;San Polo dei Cavalieri;Roma;1   ;           2.756;10,07;17,70;65,66;18,38;21,12;57,12;3,90;28,88;             222,84;
12058100;San Vito Romano;Roma;1   ;           3.058;24,22;36,73;68,72;13,74;20,62;10,19;11,67;;             185,89;
12058097;Santa Marinella;Roma;1   ;          18.397;25,52;58,42;30,57;16,03;37,89;85,43;35,23;8,81;             297,92;
12058099;Sant'Oreste;Roma;1   ;           3.479;9,00;;37,70;31,96;19,74;14,06;12,26;;             124,73;
12058101;Saracinesco;Roma;1   ;             162;14,04;16,68;141,56;;;197,69;;;             369,98;
12058102;Segni;Roma;1   ;           8.959;33,50;67,00;50,24;0,85;34,20;28,28;8,10;2,81;             224,98;
12058103;Subiaco;Roma;1   ;           8.466;115,13;53,77;;;21,33;10,81;32,15;;             233,20;
12058104;Tivoli;Roma;1   ;          54.916;12,02;14,25;79,66;21,34;32,86;26,19;16,37;2,83;             205,53;
12058105;Tolfa;Roma;1   ;           4.761;22,00;67,86;44,00;;11,00;5,34;1,08;;             151,27;
12058107;Trevignano Romano;Roma;1   ;           5.865;17,75;18,72;34,98;52,78;25,67;7,14;4,93;;             161,97;
12058108;Vallepietra;Roma;1   ;             239;;;94,90;36,93;;5,70;;;             137,54;
12058109;Vallinfreda;Roma;1   ;             290;16,53;8,60;86,78;9,30;7,81;30,07;12,63;34,48;             206,20;
12058110;Valmontone;Roma;1   ;          15.661;29,69;44,34;57,71;14,85;22,27;19,18;27,41;3,72;             219,17;
12058111;Velletri;Roma;1   ;          52.528;18,29;13,17;64,86;22,08;5,80;14,52;22,42;2,02;             163,16;
12058114;Zagarolo;Roma;1   ;          18.483;20,68;28,49;51,70;21,82;15,49;15,95;26,36;;             180,49;
05029001;Adria;Rovigo;1   ;          18.643;16,90;23,39;48,15;15,51;13,65;36,92;32,75;;             187,28;
05029002;Ariano nel Polesine;Rovigo;1   ;           3.870;17,90;24,18;51,89;12,11;6,29;42,59;28,30;;             183,27;
05029003;Arqua  Polesine;Rovigo;1   ;           2.573;12,01;18,08;53,63;20,56;1,86;24,86;18,17;;             149,16;
05029004;Badia Polesine;Rovigo;1   ;          10.068;15,44;22,57;44,06;17,75;17,20;28,32;29,74;;             175,09;
05029005;Bagnolo di Po;Rovigo;1   ;           1.234;12,88;15,19;64,69;12,73;;32,84;16,82;;             155,16;
05029006;Bergantino;Rovigo;1   ;           2.394;14,49;21,52;63,13;14,24;5,51;31,05;35,22;;             185,16;
05029007;Bosaro;Rovigo;1   ;           1.427;11,17;16,30;42,65;17,03;5,36;37,38;32,50;;             162,39;
05029008;Calto;Rovigo;1   ;             662;15,62;21,65;68,05;16,18;5,46;40,48;20,91;;             188,36;
05029009;Canaro;Rovigo;1   ;           2.571;12,42;18,16;61,28;12,49;4,11;30,23;23,79;;             162,48;
05029010;Canda;Rovigo;1   ;             830;14,33;15,40;48,40;12,89;;33,12;16,71;;             140,86;
05029011;Castelguglielmo;Rovigo;1   ;           1.534;13,58;16,34;55,04;14,58;;49,85;26,88;;             176,27;
05029012;Castelmassa;Rovigo;1   ;           3.988;7,85;19,74;54,79;16,79;5,12;31,51;19,50;;             155,28;
05029013;Castelnovo Bariano;Rovigo;1   ;           2.595;12,86;23,55;52,52;14,51;;28,65;36,97;;             169,05;
05029014;Ceneselli;Rovigo;1   ;           1.539;16,22;18,74;52,40;16,19;2,94;34,15;18,54;;             159,18;
05029015;Ceregnano;Rovigo;1   ;           3.404;11,76;16,39;45,22;12,01;4,04;32,02;26,28;;             147,73;
05029017;Corbola;Rovigo;1   ;           2.175;11,31;27,09;55,33;15,49;2,11;31,83;33,05;;             176,22;
05029018;Costa di Rovigo;Rovigo;1   ;           2.460;12,74;20,90;38,90;17,61;;34,91;21,88;;             146,94;
05029019;Crespino;Rovigo;1   ;           1.744;16,42;17,92;55,28;13,22;2,57;27,55;18,54;;             151,50;
05029021;Ficarolo;Rovigo;1   ;           2.147;19,85;34,65;56,02;17,60;3,56;43,38;40,93;;             216,00;
05029022;Fiesso Umbertiano;Rovigo;1   ;           3.856;11,79;20,72;50,70;17,50;2,39;29,67;31,34;;             164,12;
05029023;Frassinelle Polesine;Rovigo;1   ;           1.338;12,73;15,72;46,99;10,53;4,58;41,14;23,20;;             154,89;
05029024;Fratta Polesine;Rovigo;1   ;           2.433;13,45;20,29;50,95;15,49;3,09;30,15;29,23;;             162,65;
05029025;Gaiba;Rovigo;1   ;             945;14,12;18,67;50,87;17,02;;44,55;42,96;;             188,19;
05029026;Gavello;Rovigo;1   ;           1.465;17,88;16,98;44,34;14,15;1,71;29,83;17,31;;             142,20;
05029027;Giacciano con Baruchella;Rovigo;1   ;           2.027;11,33;20,26;56,53;16,91;8,28;30,83;30,31;;             174,45;
05029028;Guarda Veneta;Rovigo;1   ;           1.103;12,61;15,52;40,41;18,29;3,73;31,05;16,42;;             138,03;
05029029;Lendinara;Rovigo;1   ;          11.438;14,27;20,74;56,33;17,41;7,15;35,99;33,36;;             185,26;
05029030;Loreo;Rovigo;1   ;           3.255;14,95;22,01;41,72;11,66;3,10;33,75;26,72;;             153,91;
05029031;Lusia;Rovigo;1   ;           3.309;11,15;18,89;46,52;15,27;1,49;23,66;17,58;;             134,55;
05029032;Melara;Rovigo;1   ;           1.675;14,88;21,89;50,93;14,42;2,47;44,15;39,75;;             188,48;
05029033;Occhiobello;Rovigo;1   ;          12.016;7,67;22,75;49,07;17,75;12,52;34,83;22,72;;             167,30;
05029034;Papozze;Rovigo;1   ;           1.358;17,39;20,10;69,99;17,63;8,55;35,11;30,04;;             198,82;
05029035;Pettorazza Grimani;Rovigo;1   ;           1.445;14,85;16,68;49,50;9,88;5,30;21,17;17,62;;             135,00;
05029036;Pincara;Rovigo;1   ;           1.089;11,26;18,26;57,48;14,20;;40,91;20,34;;             162,46;
05029037;Polesella;Rovigo;1   ;           3.621;12,49;17,43;50,06;12,99;4,56;31,33;17,72;;             146,57;
05029038;Pontecchio Polesine;Rovigo;1   ;           2.219;9,71;12,31;34,91;14,46;0,02;18,07;13,84;;             103,32;
05029039;Porto Tolle;Rovigo;1   ;           9.031;16,80;37,21;71,06;21,69;9,89;36,43;49,65;-6,54;             236,19;
05029052;Porto Viro;Rovigo;1   ;          13.731;15,74;29,37;60,88;17,03;9,37;33,88;33,63;;             199,90;
05029040;Rosolina;Rovigo;1   ;           6.189;13,86;48,69;108,97;21,55;2,68;50,82;42,31;;             288,89;
05029041;Rovigo;Rovigo;1   ;          49.985;14,72;28,23;52,17;16,82;8,50;38,53;49,34;;             208,31;
05029042;Salara;Rovigo;1   ;           1.040;12,58;21,96;46,17;12,36;10,61;39,59;20,49;;             163,76;
05029043;San Bellino;Rovigo;1   ;           1.016;15,64;16,20;48,49;24,22;4,76;37,80;17,83;;             164,93;
05029044;San Martino di Venezze;Rovigo;1   ;           3.729;9,78;17,02;46,44;12,86;3,36;27,85;21,90;;             139,21;
05029045;Stienta;Rovigo;1   ;           3.097;12,59;20,27;49,81;16,63;;35,19;19,06;;             153,55;
05029046;Taglio di Po;Rovigo;1   ;           7.914;10,46;22,02;45,56;15,46;9,17;24,73;31,35;;             158,75;
05029047;Trecenta;Rovigo;1   ;           2.523;13,65;24,42;58,18;14,92;10,69;38,02;27,90;;             187,80;
05029048;Villadose;Rovigo;1   ;           4.714;10,91;21,40;48,38;15,49;7,98;35,84;25,53;;             165,53;
05029049;Villamarzana;Rovigo;1   ;           1.116;11,85;17,91;44,54;26,08;;51,27;34,97;;             186,63;
05029050;Villanova del Ghebbo;Rovigo;1   ;           2.011;14,35;22,44;52,95;15,22;8,33;29,70;31,35;;             174,34;
05029051;Villanova Marchesana;Rovigo;1   ;             872;14,56;20,80;64,31;12,53;3,49;27,12;24,12;;             166,93;
15065002;Agropoli;Salerno;1   ;          21.262;13,26;54,03;66,90;22,67;38,12;39,25;;;             234,22;
15065004;Alfano;Salerno;1   ;             953;17,62;18,42;;;48,79;2,78;;;              87,61;
15065005;Altavilla Silentina;Salerno;1   ;           6.939;15,56;31,67;46,68;35,71;16,50;20,39;17,29;;             183,81;
15065006;Amalfi;Salerno;1   ;           4.729;216,66;36,89;78,79;53,02;23,75;57,51;7,81;30,66;             505,11;
15065007;Angri;Salerno;1   ;          33.972;25,54;37,74;34,34;28,54;11,51;20,89;8,09;;             166,65;
15065008;Aquara;Salerno;1   ;           1.342;15,19;4,39;64,91;20,25;2,58;10,55;;;             117,86;
15065009;Ascea;Salerno;1   ;           5.750;26,17;31,12;79,09;36,63;;35,00;21,55;;             229,57;
15065010;Atena Lucana;Salerno;1   ;           2.346;20,21;25,60;33,69;28,30;26,95;11,28;1,40;;             147,44;
15065012;Auletta;Salerno;1   ;           2.124;14,76;9,33;42,09;25,19;5,14;3,92;32,39;;             132,82;
15065013;Baronissi;Salerno;1   ;          16.805;9,08;0,18;55,42;24,95;16,02;19,53;30,38;;             155,57;
15065014;Battipaglia;Salerno;1   ;          49.415;;25,10;80,71;27,73;10,83;24,68;60,06;;             229,11;
15065158;Bellizzi;Salerno;1   ;          13.229;15,46;16,73;52,69;40,23;33,83;11,70;4,43;7,27;             182,34;
15065016;Bracigliano;Salerno;1   ;           5.322;2,91;14,75;107,50;;11,67;66,97;0,06;;             203,87;
15065017;Buccino;Salerno;1   ;           4.569;9,13;13,25;67,06;21,09;2,15;19,40;9,47;;             141,55;
15065018;Buonabitacolo;Salerno;1   ;           2.395;3,91;18,47;22,75;15,07;22,32;19,68;16,91;;             119,12;
15065019;Caggiano;Salerno;1   ;           2.523;12,42;16,57;24,85;28,99;0,64;14,68;2,34;;             100,49;
15065021;Camerota;Salerno;1   ;           6.875;12,68;23,83;98,36;41,80;49,37;26,23;;;             252,27;
15065022;Campagna;Salerno;1   ;          16.668;12,15;44,03;42,03;11,45;6,08;10,40;7,24;;             133,37;
15065023;Campora;Salerno;1   ;             311;33,74;42,32;29,16;23,86;9,65;40,17;;;             178,90;
15065025;Capaccio;Salerno;1   ;          22.182;27,70;26,74;126,33;45,09;10,85;14,25;;;             250,96;
15065028;Casal Velino;Salerno;1   ;           5.333;26,92;56,20;83,24;24,09;18,08;40,14;13,87;;             262,53;
15065027;Casaletto Spartano;Salerno;1   ;           1.275;14,08;17,21;19,95;24,39;15,13;6,28;22,11;;             119,14;
15065029;Caselle in Pittari;Salerno;1   ;           1.866;7,18;22,24;33,91;6,90;6,45;2,90;24,94;;             104,52;
15065034;Castel San Giorgio;Salerno;1   ;          13.688;11,25;10,78;69,43;31,91;9,26;26,41;68,52;4,77;             232,32;
15065035;Castel San Lorenzo;Salerno;1   ;           2.205;11,39;23,49;36,27;21,15;21,00;9,98;8,01;;             131,29;
15065030;Castelcivita;Salerno;1   ;           1.441;10,89;32,66;48,41;28,56;25,43;5,94;2,47;;             154,37;
15065031;Castellabate;Salerno;1   ;           8.677;34,39;26,32;87,45;45,35;64,81;25,93;103,02;;             387,28;
15065033;Castelnuovo di Conza;Salerno;1   ;             548;33,59;36,86;36,69;;;39,49;26,22;;             172,85;
15065036;Castiglione del Genovesi;Salerno;1   ;           1.308;76,80;;10,21;41,78;24,39;67,35;4,68;;             225,22;
15065037;Cava de' Tirreni;Salerno;1   ;          50.539;19,73;25,96;53,54;37,54;47,33;15,80;11,96;0,24;             212,10;
15065038;Celle di Bulgheria;Salerno;1   ;           1.733;;;84,10;32,51;24,19;;;;             140,80;
15065039;Centola;Salerno;1   ;           4.983;29,19;49,72;118,71;62,40;44,30;24,21;2,32;;             330,85;
15065040;Ceraso;Salerno;1   ;           2.253;17,27;27,37;42,35;32,84;6,58;20,51;43,94;;             190,87;
15065042;Cicerale;Salerno;1   ;           1.185;19,18;22,07;108,70;31,59;23,85;18,31;18,34;26,69;             268,73;
15065043;Colliano;Salerno;1   ;           3.441;13,46;16,15;26,26;28,71;12,80;9,03;28,83;;             135,23;
15065045;Controne;Salerno;1   ;             773;30,32;32,64;42,28;13,96;30,65;0,80;91,73;;             242,39;
15065046;Contursi Terme;Salerno;1   ;           3.207;25,79;7,16;45,86;12,74;15,40;0,53;23,46;;             130,93;
15065047;Corbara;Salerno;1   ;           2.507;26,48;27,76;51,41;28,32;12,01;10,29;;10,27;             166,53;
15065048;Corleto Monforte;Salerno;1   ;             507;19,76;46,68;69,14;20,01;9,88;30,70;7,63;;             203,79;
15065049;Cuccaro Vetere;Salerno;1   ;             530;13,30;;19,95;30,45;10,20;91,82;;;             165,72;
15065050;Eboli;Salerno;1   ;          37.340;13,99;10,78;58,80;23,77;31,26;17,28;31,53;;             187,41;
15065052;Fisciano;Salerno;1   ;          14.053;32,17;12,28;77,57;63,29;36,74;59,12;162,12;42,72;             486,01;
15065053;Furore;Salerno;1   ;             688;72,00;20,06;72,73;44,19;7,69;119,19;38,43;;             374,28;
15065054;Futani;Salerno;1   ;           1.091;13,75;13,75;55,00;9,17;8,57;15,19;;;             115,43;
15065055;Giffoni Sei Casali;Salerno;1   ;           4.967;12,96;31,35;53,18;23,60;23,33;6,47;21,73;;             172,63;
15065057;Gioi;Salerno;1   ;           1.106;14,79;17,27;17,86;20,26;15,75;63,84;;;             149,77;
15065058;Giungano;Salerno;1   ;           1.281;106,20;25,15;;;23,17;5,36;2,39;;             162,26;
15065059;Ispani;Salerno;1   ;             970;45,50;64,44;113,74;42,96;68,25;39,41;27,46;;             401,77;
15065060;Laureana Cilento;Salerno;1   ;           1.195;35,26;33,01;54,81;;17,15;27,25;27,93;;             195,40;
15065062;Laurito;Salerno;1   ;             696;47,88;12,59;33,89;24,48;17,71;15,48;;;             152,04;
15065063;Laviano;Salerno;1   ;           1.326;15,31;;36,31;7,49;41,67;8,86;11,04;;             120,67;
15065066;Maiori;Salerno;1   ;           5.359;50,09;25,65;120,72;50,14;30,14;63,28;26,65;;             366,68;
15065067;Mercato San Severino;Salerno;1   ;          21.634;28,92;53,59;;53,28;29,97;21,92;85,36;;             273,04;
15065068;Minori;Salerno;1   ;           2.578;54,93;15,86;132,21;51,08;33,42;9,93;44,14;0,58;             342,16;
15065069;Moio della Civitella;Salerno;1   ;           1.805;;55,16;20,04;;;53,27;;;             128,47;
15065070;Montano Antilia;Salerno;1   ;           1.679;45,13;12,80;83,80;17,78;18,33;2,66;;;             180,50;
15065075;Monte San Giacomo;Salerno;1   ;           1.414;15,27;22,69;50,62;20,54;28,50;7,78;3,24;;             148,65;
15065071;Montecorice;Salerno;1   ;           2.541;256,84;;;;53,81;29,27;19,12;;             359,04;
15065072;Montecorvino Pugliano;Salerno;1   ;          11.086;12,07;45,82;65,25;0,52;13,01;7,81;36,03;;             180,53;
15065073;Montecorvino Rovella;Salerno;1   ;          12.202;26,47;0,78;63,80;1,29;46,47;21,18;9,51;15,46;             184,97;
15065074;Monteforte Cilento;Salerno;1   ;             539;28,76;;38,18;26,90;13,91;17,63;;;             125,38;
15065076;Montesano sulla Marcellana;Salerno;1   ;           6.206;17,85;18,84;19,83;21,82;42,86;8,32;0,68;;             130,21;
15065077;Morigerati;Salerno;1   ;             608;10,97;32,72;97,21;;7,45;84,68;;;             233,03;
15065078;Nocera Inferiore;Salerno;1   ;          44.037;53,55;33,73;62,00;24,72;28,22;9,75;17,62;2,45;             232,03;
15065079;Nocera Superiore;Salerno;1   ;          23.736;14,67;13,36;55,68;18,23;59,56;8,68;23,26;;             193,44;
15065080;Novi Velia;Salerno;1   ;           2.335;10,34;11,14;80,89;16,61;10,34;2,17;0,63;;             132,11;
15065082;Olevano sul Tusciano;Salerno;1   ;           6.536;18,21;18,17;66,79;7,79;9,11;6,83;7,14;;             134,04;
15065084;Omignano;Salerno;1   ;           1.647;19,24;27,50;37,81;;8,07;43,93;8,78;;             145,32;
15065087;Padula;Salerno;1   ;           4.903;20,09;;51,77;38,75;;27,01;237,59;;             375,21;
15065089;Palomonte;Salerno;1   ;           3.715;28,80;24,54;11,24;;9,62;2,70;13,79;;              90,69;
15065090;Pellezzano;Salerno;1   ;          10.920;29,21;23,87;57,35;35,00;21,89;16,44;4,16;;             187,91;
15065091;Perdifumo;Salerno;1   ;           1.765;70,34;30,46;26,24;17,97;16,40;7,64;14,93;;             183,97;
15065095;Piaggine;Salerno;1   ;           1.154;14,60;15,21;53,28;50,06;70,23;17,30;13,66;;             234,34;
15065096;Pisciotta;Salerno;1   ;           2.428;36,05;27,57;89,06;42,41;16,96;53,02;;;             265,06;
15065097;Polla;Salerno;1   ;           5.102;6,40;35,02;;65,03;8,33;18,93;54,94;;             188,65;
15065099;Pontecagnano Faiano;Salerno;1   ;          26.078;12,63;17,96;67,93;35,70;13,56;17,37;44,65;;             209,80;
15065100;Positano;Salerno;1   ;           3.747;143,47;75,30;123,70;30,13;61,79;13,71;88,73;;             536,83;
15065102;Praiano;Salerno;1   ;           1.982;88,21;23,01;205,83;47,32;87,37;24,56;20,80;;             497,10;
15065103;Prignano Cilento;Salerno;1   ;           1.103;;20,16;41,94;11,88;;70,02;;;             144,00;
15065104;Ravello;Salerno;1   ;           2.390;89,98;8,26;98,06;;125,70;13,08;28,40;;             363,47;
15065105;Ricigliano;Salerno;1   ;           1.054;18,56;19,46;27,16;3,76;17,35;52,10;17,96;11,39;             167,74;
15065106;Roccadaspide;Salerno;1   ;           6.932;39,70;14,56;;20,17;32,17;21,51;9,51;;             137,63;
15065107;Roccagloriosa;Salerno;1   ;           1.555;11,73;14,04;30,10;58,64;17,49;24,27;20,27;;             176,54;
15065108;Roccapiemonte;Salerno;1   ;           8.706;42,29;47,79;52,26;;21,77;13,36;9,59;;             187,05;
15065109;Rofrano;Salerno;1   ;           1.276;48,59;18,81;97,96;32,13;33,31;;;;             230,80;
15065111;Roscigno;Salerno;1   ;             625;25,73;96,29;;;;34,16;11,80;;             167,98;
15065112;Rutino;Salerno;1   ;             768;22,15;11,29;96,30;22,77;22,34;75,23;7,19;;             257,27;
15065113;Sacco;Salerno;1   ;             439;12,57;3,43;86,82;22,85;23,99;7,12;5,63;;             162,41;
15065114;Sala Consilina;Salerno;1   ;          12.237;15,16;;39,04;62,59;22,64;8,97;44,55;;             192,94;
15065115;Salento;Salerno;1   ;           1.770;10,43;28,80;21,65;;1,88;59,33;1,96;;             124,03;
15065116;Salerno;Salerno;1   ;         127.186;6,56;32,86;136,90;;65,43;12,32;79,62;2,37;             336,05;
15065118;San Cipriano Picentino;Salerno;1   ;           6.529;14,64;24,04;75,12;39,89;34,93;10,89;15,54;;             215,04;
15065119;San Giovanni a Piro;Salerno;1   ;           3.599;21,61;18,28;74,19;26,92;46,48;17,82;19,40;;             224,70;
15065120;San Gregorio Magno;Salerno;1   ;           3.954;9,39;8,88;45,66;16,49;12,18;7,66;39,47;;             139,72;
15065121;San Mango Piemonte;Salerno;1   ;           2.598;6,19;16,73;30,23;25,16;11,91;51,99;32,45;;             174,65;
15065122;San Marzano sul Sarno;Salerno;1   ;          10.244;16,34;58,67;70,79;;21,78;8,36;104,22;;             280,16;
15065124;San Mauro la Bruca;Salerno;1   ;             543;76,28;21,31;;6,22;11,67;47,92;1,35;;             164,74;
15065126;San Rufo;Salerno;1   ;           1.608;9,80;10,02;33,13;8,07;;30,63;22,88;;             114,54;
15065128;Sant'Angelo a Fasanella;Salerno;1   ;             500;14,87;18,86;40,92;22,89;3,89;63,70;18,00;;             183,13;
15065129;Sant'Arsenio;Salerno;1   ;           2.655;;;21,79;61,20;1,92;22,46;31,31;;             138,68;
15065130;Sant'Egidio del Monte Albino;Salerno;1   ;           8.785;26,49;1,04;29,79;64,42;42,61;14,63;44,34;;             223,31;
15065131;Santomenna;Salerno;1   ;             401;41,30;41,30;69,57;32,20;4,54;26,40;329,76;;             545,07;
15065133;Sanza;Salerno;1   ;           2.376;7,11;6,91;21,77;14,76;6,71;0,80;26,05;;              84,11;
15065135;Sarno;Salerno;1   ;          30.559;28,21;16,66;56,12;30,48;31,97;10,61;0,59;;             174,65;
15065137;Scafati;Salerno;1   ;          48.045;9,07;24,21;45,77;30,16;7,20;35,23;55,51;;             207,15;
15065138;Scala;Salerno;1   ;           1.496;33,96;11,96;86,11;35,58;20,38;18,26;25,28;;             231,54;
15065139;Serramezzana;Salerno;1   ;             269;204,45;;;;;12,32;76,75;;             293,52;
15065141;Sessa Cilento;Salerno;1   ;           1.159;7,14;20,32;23,02;15,19;15,08;25,47;1,75;5,28;             113,26;
15065143;Sicignano degli Alburni;Salerno;1   ;           3.053;12,87;4,32;54,52;20,40;46,80;12,80;20,28;15,33;             187,32;
15065144;Stella Cilento;Salerno;1   ;             682;30,43;25,54;98,63;31,22;14,26;28,67;3,06;;             231,82;
15065145;Stio;Salerno;1   ;             774;45,87;54,45;64,61;21,22;;7,99;10,53;;             204,68;
15065146;Teggiano;Salerno;1   ;           7.056;23,07;21,22;23,07;34,23;16,29;14,83;;;             132,71;
15065147;Torchiara;Salerno;1   ;           1.835;124,35;;;;43,26;16,48;24,73;;             208,82;
15065148;Torraca;Salerno;1   ;           1.195;80,45;16,81;36,67;;;5,96;;5,03;             144,91;
15065149;Torre Orsaia;Salerno;1   ;           1.985;75,21;6,44;;;34,88;;0,54;;             117,06;
15065150;Tortorella;Salerno;1   ;             482;2,76;5,43;38,56;42,41;3,04;2,88;0,60;10,37;             106,06;
15065151;Tramonti;Salerno;1   ;           4.135;19,62;12,37;54,78;26,32;19,61;11,00;22,42;7,87;             173,98;
15065153;Valle dell'Angelo;Salerno;1   ;             219;74,20;104,45;;23,27;;4,65;1,07;;             207,63;
15065154;Vallo della Lucania;Salerno;1   ;           7.992;17,00;28,20;79,62;10,65;33,64;21,06;15,57;;             205,73;
15065155;Valva;Salerno;1   ;           1.537;13,09;10,53;30,37;35,26;4,06;0,31;16,26;;             109,88;
15065156;Vibonati;Salerno;1   ;           3.204;67,84;59,14;40,54;19,01;40,46;10,95;;;             237,93;
15065157;Vietri sul Mare;Salerno;1   ;           7.180;22,95;57,15;90,83;23,39;48,29;29,05;32,36;;             304,02;
20090001;Aggius;Sassari [fino 2024];1   ;           1.403;11,06;14,98;54,66;19,28;5,47;32,83;22,37;;             160,65;
20090062;Aglientu;Sassari [fino 2024];1   ;           1.169;59,38;;221,55;140,29;6,17;135,64;32,44;;             595,48;
20090003;Alghero;Sassari [fino 2024];1   ;          42.380;18,47;16,79;95,96;24,72;40,18;50,54;26,93;;             273,59;
20090004;Anela;Sassari [fino 2024];1   ;             567;17,21;3,89;71,05;6,47;2,43;27,00;13,06;;             141,12;
20090005;Ardara;Sassari [fino 2024];Vedi aggregazione: UNIONE DEI COMUNI DEL LOGUDORO;
20090006;Arzachena;Sassari [fino 2024];1   ;          13.362;36,04;25,16;160,81;39,90;39,84;17,46;193,29;;             512,50;
20090081;Badesi;Sassari [fino 2024];1   ;           1.821;25,01;45,50;148,77;52,28;54,55;36,94;98,54;;             461,60;
20090008;Benetutti;Sassari [fino 2024];1   ;           1.686;14,77;3,34;60,99;5,55;2,37;19,92;16,95;;             123,90;
20090009;Berchidda;Sassari [fino 2024];1   ;           2.594;7,72;23,85;53,79;4,19;9,13;19,55;15,61;;             133,84;
20090012;Bono;Sassari [fino 2024];1   ;           3.313;7,43;3,73;28,82;7,87;6,20;5,32;8,22;;              67,60;
20090014;Bortigiadas;Sassari [fino 2024];1   ;             714;4,54;20,96;40,15;19,43;2,06;16,33;7,19;;             110,65;
20090016;Bottidda;Sassari [fino 2024];1   ;             646;15,67;4,37;64,70;7,26;;21,44;11,73;;             125,17;
20090091;Budoni;Sassari [fino 2024];1   ;           5.438;36,74;9,19;148,26;28,47;33,03;22,26;44,41;;             322,38;
20090018;Bultei;Sassari [fino 2024];1   ;             829;21,27;4,81;87,81;8,00;2,52;21,33;20,04;;             165,78;
20090020;Burgos;Sassari [fino 2024];1   ;             855;4,46;9,84;;76,34;2,19;17,20;5,74;2,87;             118,64;
20090021;Calangianus;Sassari [fino 2024];1   ;           3.813;13,21;9,91;43,25;15,56;23,84;27,25;16,48;;             149,52;
20090022;Cargeghe;Sassari [fino 2024];Vedi aggregazione: UNIONE DEI COMUNI DEL COROS;
20090023;Castelsardo;Sassari [fino 2024];1   ;           5.656;49,27;16,61;83,10;5,89;33,30;9,50;50,38;;             248,04;
20090088;Erula;Sassari [fino 2024];1   ;             688;13,68;8,61;72,27;9,85;2,59;11,88;13,96;;             132,85;
20090028;Esporlatu;Sassari [fino 2024];1   ;             375;15,46;3,50;63,81;5,81;2,18;12,29;7,91;;             110,96;
20090031;Illorai;Sassari [fino 2024];1   ;             751;21,24;4,80;87,67;10,14;2,52;13,20;;;             139,56;
20090032;Ittireddu;Sassari [fino 2024];Vedi aggregazione: UNIONE DEI COMUNI DEL LOGUDORO;
20090033;Ittiri;Sassari [fino 2024];Vedi aggregazione: UNIONE DEI COMUNI DEL COROS;
20090035;La Maddalena;Sassari [fino 2024];1   ;          10.592;25,85;66,74;108,29;2,47;46,46;30,44;90,17;;             370,41;
20090034;Laerru;Sassari [fino 2024];1   ;             847;78,23;;;74,01;;6,49;;;             158,73;
20090084;Loiri Porto San Paolo;Sassari [fino 2024];1   ;           3.679;62,91;57,74;180,81;;28,48;35,01;8,43;;             373,38;
20090036;Luogosanto;Sassari [fino 2024];1   ;           1.828;9,25;10,99;57,83;13,43;8,20;15,82;7,27;;             122,80;
20090037;Luras;Sassari [fino 2024];1   ;           2.384;7,89;11,49;41,27;16,17;3,99;14,84;9,12;;             104,76;
20090038;Mara;Sassari [fino 2024];Vedi aggregazione: Unione Comuni del Villanova;
20090040;Monteleone Rocca Doria;Sassari [fino 2024];Vedi aggregazione: Unione Comuni del Villanova;
20090041;Monti;Sassari [fino 2024];1   ;           2.327;9,12;7,68;55,79;15,22;11,60;13,52;6,35;;             119,27;
20090042;Mores;Sassari [fino 2024];Vedi aggregazione: UNIONE DEI COMUNI DEL LOGUDORO;
20090043;Muros;Sassari [fino 2024];Vedi aggregazione: UNIONE DEI COMUNI DEL COROS;
20090044;Nughedu San Nicolo;Sassari [fino 2024];Vedi aggregazione: UNIONE DEI COMUNI DEL LOGUDORO;
20090045;Nule;Sassari [fino 2024];1   ;           1.283;19,07;2,38;51,95;9,10;2,26;18,63;8,97;;             112,38;
20090047;Olbia;Sassari [fino 2024];1   ;          61.048;16,34;37,43;96,14;7,62;50,00;47,43;32,81;0,03;             287,81;
20090048;Olmedo;Sassari [fino 2024];Vedi aggregazione: UNIONE DEI COMUNI DEL COROS;
20090049;Oschiri;Sassari [fino 2024];1   ;           3.018;12,02;15,57;71,61;15,66;17,17;9,09;10,41;;             151,54;
20090050;Osilo;Sassari [fino 2024];1   ;           2.794;13,99;8,81;73,90;10,07;2,65;20,80;11,37;;             141,59;
20090051;Ossi - Dato aggregazione UNIONE DEI COMUNI DEL COROS;Sassari [fino 2024];9   ;          29.107;10,69;4,49;76,76;12,36;3,07;21,82;4,91;1,44;             135,55;
20090052;Ozieri - Dato aggregazione UNIONE DEI COMUNI DEL LOGUDORO;Sassari [fino 2024];7   ;          17.784;9,20;10,96;48,59;11,52;15,19;22,85;0,92;;             119,25;
20090053;Padria;Sassari [fino 2024];Vedi aggregazione: Unione Comuni del Villanova;
20090054;Palau;Sassari [fino 2024];1   ;           4.048;25,25;60,01;174,96;39,00;59,70;135,16;58,23;;             552,31;
20090055;Pattada;Sassari [fino 2024];Vedi aggregazione: UNIONE DEI COMUNI DEL LOGUDORO;
20090058;Porto Torres;Sassari [fino 2024];1   ;          21.029;9,44;20,99;56,28;18,12;29,95;53,33;7,46;;             195,57;
20090060;Putifigari;Sassari [fino 2024];Vedi aggregazione: UNIONE DEI COMUNI DEL COROS;
20090061;Romana;Sassari [fino 2024];Vedi aggregazione: Unione Comuni del Villanova;
20090092;San Teodoro;Sassari [fino 2024];1   ;           5.011;16,45;42,32;128,61;63,85;107,07;41,12;80,61;14,96;             494,98;
20090063;Santa Teresa Gallura;Sassari [fino 2024];1   ;           5.025;17,12;35,40;155,72;51,79;55,41;49,95;56,32;;             421,70;
20090064;Sassari;Sassari [fino 2024];1   ;         121.021;17,89;13,32;33,20;35,20;42,85;35,81;49,46;3,01;             230,74;
20090065;Sedini;Sassari [fino 2024];1   ;           1.245;20,10;4,65;41,41;8,39;5,63;18,85;5,38;;             104,42;
20090067;Sennori;Sassari [fino 2024];1   ;           6.857;8,06;6,19;76,27;18,24;23,10;15,87;25,45;;             173,17;
20090069;Sorso;Sassari [fino 2024];1   ;          14.397;28,29;25,20;76,67;20,99;13,86;11,39;5,27;;             181,67;
20090089;Stintino;Sassari [fino 2024];1   ;           1.549;55,58;45,81;217,06;42,41;211,32;72,29;114,92;;             759,38;
20090070;Tempio Pausania;Sassari [fino 2024];1   ;          13.196;13,65;19,70;50,27;17,58;40,53;17,70;26,44;;             185,88;
20090072;Tissi;Sassari [fino 2024];Vedi aggregazione: UNIONE DEI COMUNI DEL COROS;
20090075;Tula;Sassari [fino 2024];Vedi aggregazione: UNIONE DEI COMUNI DEL LOGUDORO;
20090076;Uri;Sassari [fino 2024];Vedi aggregazione: UNIONE DEI COMUNI DEL COROS;
20090077;Usini;Sassari [fino 2024];Vedi aggregazione: UNIONE DEI COMUNI DEL COROS;
20090079;Valledoria;Sassari [fino 2024];1   ;           4.298;27,19;7,30;53,92;31,11;6,74;14,99;5,69;;             146,94;
20090082;Viddalba;Sassari [fino 2024];1   ;           1.597;24,50;4,72;48,99;16,72;8,17;29,49;12,35;;             144,93;
20090078;Villanova Monteleone - Dato aggregazione Unione Comuni del Villanova;Sassari [fino 2024];5   ;           3.802;4,65;13,91;58,83;13,80;6,98;11,04;4,79;;             114,01;
07009001;Alassio;Savona;1   ;          10.059;72,63;41,70;163,81;19,12;74,38;49,43;80,66;14,07;             515,80;
07009002;Albenga;Savona;1   ;          23.376;19,53;18,01;65,87;21,15;39,85;26,36;42,94;3,22;             236,94;
07009004;Albisola Superiore;Savona;1   ;           9.589;10,99;14,60;62,40;22,07;41,04;32,94;10,77;4,98;             199,79;
07009003;Albissola Marina;Savona;1   ;           5.192;36,11;17,84;92,58;13,73;46,36;32,55;19,90;19,03;             278,11;
07009005;Altare;Savona;1   ;           1.931;7,22;4,51;31,56;10,41;28,52;53,16;6,71;;             142,10;
07009006;Andora;Savona;1   ;           7.267;17,49;81,12;147,18;25,39;57,75;51,34;15,59;23,64;             419,50;
07009007;Arnasco;Savona;1   ;             552;23,49;;66,66;7,84;11,10;38,28;0,69;;             148,07;
07009009;Bardineto;Savona;1   ;             749;11,56;31,43;95,56;;21,00;12,67;11,71;7,32;             191,26;
07009010;Bergeggi;Savona;1   ;           1.053;29,84;22,61;91,75;34,50;78,52;72,08;48,87;78,60;             456,77;
07009011;Boissano;Savona;1   ;           2.539;15,67;6,10;51,78;11,09;3,33;18,84;12,47;;             119,27;
07009012;Borghetto Santo Spirito;Savona;1   ;           4.600;33,14;51,24;152,93;13,90;64,02;43,30;52,10;;             410,62;
07009013;Borgio Verezzi;Savona;1   ;           2.048;48,40;30,69;171,26;;78,71;52,93;16,45;;             398,45;
07009014;Bormida;Savona;1   ;             327;8,89;8,36;60,79;;;35,86;9,76;2,55;             126,22;
07009015;Cairo Montenotte;Savona;1   ;          12.660;14,82;9,89;60,34;15,98;28,58;44,38;14,01;;             187,99;
07009016;Calice Ligure;Savona;1   ;           1.688;13,81;7,35;52,45;10,34;13,41;22,31;6,91;;             126,59;
07009017;Calizzano;Savona;1   ;           1.410;15,58;11,67;71,50;;12,45;17,76;25,15;;             154,11;
07009018;Carcare;Savona;1   ;           5.204;24,50;16,79;63,25;21,93;17,73;18,22;8,11;3,63;             174,15;
07009019;Casanova Lerrone;Savona;1   ;             742;32,59;29,71;45,20;15,50;6,15;29,19;20,74;;             179,07;
07009020;Castelbianco;Savona;1   ;             319;39,35;7,84;45,16;;10,97;26,02;15,22;;             144,56;
07009021;Castelvecchio di Rocca Barbena;Savona;1   ;             130;44,48;11,52;143,54;13,58;;47,09;13,29;;             273,50;
07009022;Celle Ligure;Savona;1   ;           4.873;49,03;22,45;129,30;25,52;64,30;53,67;32,73;6,59;             383,59;
07009023;Cengio;Savona;1   ;           3.274;4,37;11,86;24,99;30,64;8,89;28,72;14,00;4,64;             128,12;
07009024;Ceriale;Savona;1   ;           5.321;56,61;23,95;102,76;39,07;58,94;58,69;69,41;1,85;             411,28;
07009025;Cisano sul Neva;Savona;1   ;           2.145;16,52;21,59;83,17;;2,34;15,29;3,18;;             142,09;
07009027;Dego;Savona;1   ;           1.831;13,86;5,18;58,87;12,58;1,31;19,59;11,70;2,68;             125,76;
07009028;Erli;Savona;1   ;             215;19,06;6,95;57,28;5,66;;40,38;1,73;;             131,06;
07009029;Finale Ligure;Savona;1   ;          11.146;26,32;23,18;113,31;44,52;94,20;53,71;31,45;8,45;             395,14;
07009030;Garlenda;Savona;1   ;           1.357;27,74;8,80;110,96;;11,17;24,54;9,43;;             192,65;
07009031;Giustenice;Savona;1   ;           1.003;20,54;;54,43;7,72;5,93;25,89;3,78;;             118,30;
07009033;Laigueglia;Savona;1   ;           1.705;46,66;19,70;140,82;33,17;190,18;176,35;50,37;;             657,24;
07009035;Magliolo;Savona;1   ;             958;9,53;6,70;42,18;14,25;;26,28;6,09;;             105,03;
07009036;Mallare;Savona;1   ;           1.069;14,47;21,10;46,67;;2,91;30,82;0,40;;             116,38;
07009037;Massimino;Savona;1   ;              97;27,30;28,30;109,20;;;34,87;1,29;;             200,95;
07009041;Nasino;Savona;1   ;             171;38,88;9,40;58,56;4,66;5,87;32,42;23,82;;             173,60;
07009042;Noli;Savona;1   ;           2.444;57,01;40,78;111,67;18,45;59,19;45,00;58,72;37,62;             428,44;
07009043;Onzo;Savona;1   ;             220;25,36;5,84;101,00;16,18;18,24;6,51;9,95;;             183,08;
07009044;Orco Feglino;Savona;1   ;             919;16,82;6,18;70,38;14,59;;27,79;8,79;4,14;             148,69;
07009045;Ortovero;Savona;1   ;           1.649;13,10;4,09;53,61;;2,75;15,64;15,87;;             105,05;
07009046;Osiglia;Savona;1   ;             430;17,53;7,22;52,59;6,64;;59,64;6,51;;             150,14;
07009047;Pallare;Savona;1   ;             877;8,76;5,36;48,86;20,58;;24,91;3,06;3,77;             115,31;
07009048;Piana Crixia;Savona;1   ;             726;16,10;17,36;49,22;;;35,48;16,12;;             134,29;
07009052;Quiliano;Savona;1   ;           6.849;10,14;7,56;35,75;16,88;11,79;18,52;15,30;;             115,93;
07009053;Rialto;Savona;1   ;             534;12,69;5,19;18,31;21,02;;29,00;11,08;3,94;             101,24;
07009054;Roccavignale;Savona;1   ;             747;23,01;19,74;60,49;10,36;12,12;28,47;1,70;31,08;             186,97;
07009055;Sassello;Savona;1   ;           1.683;35,16;18,76;82,66;24,16;;34,80;0,66;20,42;             216,62;
07009056;Savona;Savona;1   ;          58.194;50,80;27,77;50,03;;19,64;61,41;14,29;12,71;             236,64;
07009057;Spotorno;Savona;1   ;           3.446;40,79;35,81;123,46;53,23;58,99;65,07;80,78;29,19;             487,32;
07009058;Stella;Savona;1   ;           2.971;17,89;10,93;63,64;4,76;3,75;17,44;0,66;3,39;             122,47;
07009059;Stellanello;Savona;1   ;             840;6,24;4,23;52,50;3,36;19,16;15,77;0,47;;             101,73;
07009060;Testico;Savona;1   ;             182;9,27;6,27;77,99;13,05;51,76;45,71;3,96;;             208,02;
07009061;Toirano;Savona;1   ;           2.680;106,72;14,99;9,31;;15,12;;;;             146,16;
07009062;Tovo San Giacomo;Savona;1   ;           2.516;14,92;5,27;27,99;10,85;;9,47;4,78;;              73,28;
07009063;Urbe;Savona;1   ;             643;80,79;;154,27;23,36;;65,25;1,27;15,55;             340,48;
07009064;Vado Ligure;Savona;1   ;           8.012;29,98;3,16;91,24;11,63;35,10;25,90;37,55;6,20;             240,76;
07009065;Varazze;Savona;1   ;          12.534;34,22;32,67;69,79;25,86;52,41;56,16;53,17;16,76;             341,04;
07009066;Vendone;Savona;1   ;             357;12,67;4,15;37,35;26,96;28,41;60,08;3,52;7,24;             180,37;
07009067;Vezzi Portio;Savona;1   ;             799;18,08;39,28;22,05;4,32;1,75;20,86;9,45;;             115,78;
07009068;Villanova d'Albenga;Savona;1   ;           2.755;45,46;;59,97;1,78;23,79;20,11;15,35;;             166,46;
07009069;Zuccarello;Savona;1   ;             280;24,87;11,92;79,77;16,43;30,18;93,04;5,14;;             261,34;
09052001;Abbadia San Salvatore;Siena;1   ;           5.997;25,89;10,93;73,45;60,00;28,16;24,62;19,67;;             242,73;
09052002;Asciano;Siena;1   ;           6.781;19,79;9,29;62,34;61,87;20,22;32,62;14,49;1,26;             221,89;
09052004;Casole d'Elsa;Siena;1   ;           3.715;27,26;16,39;44,40;65,47;24,50;18,57;19,08;;             215,67;
09052006;Castelnuovo Berardenga;Siena;1   ;           8.924;19,33;5,78;46,20;40,34;19,47;26,48;24,62;0,84;             183,06;
09052008;Cetona;Siena;1   ;           2.488;37,65;13,77;33,91;58,30;21,26;21,81;23,46;;             210,17;
09052009;Chianciano Terme;Siena;1   ;           6.907;16,22;6,32;71,66;65,28;35,97;25,33;38,01;2,23;             261,02;
09052010;Chiusdino;Siena;1   ;           1.751;40,56;17,60;77,23;94,97;33,05;19,34;10,77;;             293,51;
09052011;Chiusi;Siena;1   ;           8.093;12,80;6,23;76,12;58,32;21,51;17,86;25,78;15,19;             233,80;
09052012;Colle di Val d'Elsa;Siena;1   ;          21.550;20,70;12,17;38,40;52,50;24,32;16,35;18,88;;             183,33;
09052037;Montalcino;Siena;1   ;           5.611;53,36;20,72;59,84;88,61;54,63;25,42;25,20;;             327,78;
09052015;Montepulciano;Siena;1   ;          13.274;20,99;12,08;66,45;63,83;57,35;29,15;30,47;4,01;             284,33;
09052016;Monteriggioni;Siena;1   ;           9.991;16,75;10,61;56,74;18,25;13,64;25,21;21,70;0,01;             162,92;
09052017;Monteroni d'Arbia;Siena;1   ;           9.039;18,56;4,98;40,17;38,06;22,39;23,79;28,37;2,71;             179,03;
09052018;Monticiano;Siena;1   ;           1.555;57,34;2,11;66,44;18,85;11,55;22,55;30,31;4,26;             213,40;
09052019;Murlo;Siena;1   ;           2.423;28,36;8,10;51,88;51,05;26,90;13,08;21,80;5,63;             206,79;
09052021;Pienza;Siena;1   ;           1.976;36,95;10,18;156,33;63,88;62,56;44,49;21,97;;             396,37;
09052022;Poggibonsi;Siena;1   ;          28.209;22,42;12,57;48,13;55,91;22,72;16,87;16,03;2,40;             197,05;
09052023;Radda in Chianti;Siena;1   ;           1.449;47,95;33,01;110,75;;2,99;59,80;37,98;50,04;             342,54;
09052024;Radicofani;Siena;1   ;           1.060;48,48;10,00;80,48;88,95;53,67;32,91;38,78;;             353,26;
09052025;Radicondoli;Siena;1   ;             945;31,30;14,21;78,36;61,08;37,78;29,93;37,05;;             289,70;
09052026;Rapolano Terme;Siena;1   ;           5.072;20,49;8,02;69,12;53,70;15,06;18,39;17,51;1,84;             204,15;
09052027;San Casciano dei Bagni;Siena;1   ;           1.500;34,90;13,06;66,47;68,51;73,76;34,28;55,25;;             346,23;
09052028;San Gimignano;Siena;1   ;           7.480;36,58;18,34;57,29;78,34;50,98;25,04;28,38;;             294,95;
09052030;San Quirico d'Orcia;Siena;1   ;           2.572;24,01;16,35;44,26;82,31;42,87;19,39;18,27;;             247,46;
09052031;Sarteano;Siena;1   ;           4.467;22,97;8,71;58,45;60,36;26,73;20,62;38,93;12,01;             248,78;
09052032;Siena;Siena;1   ;          52.812;36,81;11,47;57,79;54,40;47,54;27,99;17,02;0,33;             253,34;
09052033;Sinalunga;Siena;1   ;          12.068;18,95;6,47;61,25;45,67;14,33;26,29;17,08;1,55;             191,58;
09052034;Sovicille;Siena;1   ;           9.853;20,71;7,96;66,24;51,94;7,39;22,70;7,10;3,38;             187,42;
09052035;Torrita di Siena;Siena;1   ;           6.963;18,26;6,83;58,49;53,80;24,34;20,90;13,06;2,90;             198,57;
09052036;Trequanda;Siena;1   ;           1.166;25,28;6,13;91,75;39,97;58,96;29,33;33,41;2,24;             287,07;
19089001;Augusta;Siracusa;1   ;          34.658;41,42;38,41;75,69;16,39;54,61;4,46;35,57;2,76;             269,30;
19089003;Buccheri;Siracusa;1   ;           1.729;12,78;0,67;12,56;16,84;;75,89;11,70;;             130,43;
19089004;Buscemi;Siracusa;1   ;             950;31,63;10,56;36,12;17,97;1,61;9,47;13,82;2,11;             123,27;
19089005;Canicattini Bagni;Siracusa;1   ;           6.517;14,54;19,59;72,71;10,48;4,70;10,97;;;             132,99;
19089006;Carlentini;Siracusa;1   ;          17.040;13,80;17,22;68,71;13,71;10,68;10,72;9,11;;             143,94;
19089007;Cassaro;Siracusa;1   ;             724;6,22;67,43;8,01;;;93,85;;;             175,51;
19089008;Ferla;Siracusa;1   ;           2.305;17,92;8,77;56,46;17,45;0,21;23,71;;;             124,52;
19089009;Floridia;Siracusa;1   ;          21.182;7,91;19,20;35,15;19,33;17,30;4,60;29,98;12,81;             146,28;
19089010;Francofonte;Siracusa;1   ;          11.746;13,25;30,02;60,35;0,30;29,08;14,90;;19,16;             167,06;
19089011;Lentini;Siracusa;1   ;          21.646;14,67;27,38;59,70;8,64;31,99;18,57;3,48;14,55;             178,98;
19089012;Melilli;Siracusa;1   ;          13.171;19,38;13,75;85,02;18,78;27,50;44,09;96,57;11,24;             316,32;
19089015;Palazzolo Acreide;Siracusa;1   ;           8.101;10,28;49,91;40,54;31,44;11,85;54,30;15,57;;             213,90;
19089021;Priolo Gargallo;Siracusa;1   ;          11.249;200,10;93,47;22,53;8,89;70,62;87,42;;;             483,03;
19089016;Rosolini;Siracusa;1   ;          20.577;11,71;;38,53;;12,65;5,36;3,94;;              72,19;
19089017;Siracusa;Siracusa;1   ;         116.244;77,77;23,74;46,66;37,82;31,06;18,81;15,03;;             250,90;
19089018;Solarino;Siracusa;1   ;           7.513;27,63;16,92;71,59;21,63;32,97;15,44;7,50;;             193,68;
19089019;Sortino;Siracusa;1   ;           8.234;10,63;7,85;52,27;13,83;23,23;10,74;14,78;;             133,32;
03014001;Albaredo per San Marco;Sondrio;1   ;             296;9,15;14,63;53,21;26,83;5,55;21,07;31,42;4,56;             166,42;
03014002;Albosaggia;Sondrio;1   ;           2.990;17,18;24,85;20,57;22,12;;15,31;8,88;0,45;             109,36;
03014003;Andalo Valtellino;Sondrio;1   ;             590;23,66;39,96;26,62;24,40;0,28;5,11;9,33;2,29;             131,65;
03014004;Aprica;Sondrio;1   ;           1.464;63,07;57,67;104,01;58,03;14,23;27,28;43,07;0,92;             368,29;
03014005;Ardenno;Sondrio;1   ;           3.214;14,14;20,64;26,49;32,14;3,83;14,15;7,78;0,42;             119,58;
03014006;Bema;Sondrio;1   ;             116;80,93;33,43;44,54;26,10;39,30;50,95;8,71;11,65;             295,61;
03014007;Berbenno di Valtellina;Sondrio;1   ;           4.039;15,82;33,19;26,36;20,48;1,64;10,78;21,08;0,33;             129,69;
03014008;Bianzone;Sondrio;1   ;           1.257;18,35;21,77;30,52;25,36;;19,61;9,71;1,07;             126,39;
03014009;Bormio;Sondrio;1   ;           3.960;42,65;78,10;36,67;86,86;37,40;29,34;29,21;0,34;             340,57;
03014010;Buglio in Monte;Sondrio;1   ;           1.981;17,67;40,38;17,67;15,14;;18,68;1,51;;             111,06;
03014012;Campodolcino;Sondrio;1   ;             938;87,83;57,32;56,98;40,46;15,24;69,62;20,25;1,44;             349,14;
03014013;Caspoggio;Sondrio;Vedi aggregazione: Unione dei Comuni Lombarda della Valmalenco;
03014014;Castello dell'Acqua;Sondrio;1   ;             597;24,50;21,19;6,68;21,06;7,47;62,92;10,71;2,26;             156,78;
03014015;Castione Andevenno;Sondrio;1   ;           1.529;22,50;35,49;31,34;26,57;0,14;29,27;17,36;0,88;             163,55;
03014017;Cercino;Sondrio;1   ;             802;4,10;19,75;7,72;18,30;1,25;27,03;5,53;1,68;              85,37;
03014018;Chiavenna;Sondrio;1   ;           7.236;26,59;34,92;25,59;32,83;10,36;13,82;10,16;0,19;             154,46;
03014019;Chiesa in Valmalenco - Dato aggregazione Unione dei Comuni Lombarda della Valmalenco;Sondrio;3   ;           4.920;46,10;28,70;42,11;22,64;17,92;17,56;12,73;0,27;             188,05;
03014020;Chiuro;Sondrio;1   ;           2.424;23,29;30,85;46,62;43,82;6,56;15,36;25,47;0,56;             192,52;
03014021;Cino;Sondrio;1   ;             343;12,07;20,27;4,38;16,83;21,10;12,83;5,42;3,94;              96,83;
03014022;Civo;Sondrio;1   ;           1.104;47,56;33,85;65,99;21,27;6,47;53,08;12,25;1,22;             241,70;
03014023;Colorina;Sondrio;1   ;           1.372;21,80;24,87;25,16;12,96;0,24;8,10;6,72;0,98;             100,83;
03014024;Cosio Valtellino;Sondrio;1   ;           5.515;15,27;28,15;13,86;17,40;5,07;11,85;9,92;0,61;             102,13;
03014025;Dazio;Sondrio;1   ;             502;38,09;30,03;50,17;24,20;14,77;13,84;8,08;2,69;             181,87;
03014026;Delebio;Sondrio;1   ;           3.307;20,88;32,99;34,51;27,88;0,28;12,25;8,86;0,41;             138,05;
03014027;Dubino;Sondrio;1   ;           3.782;16,30;31,07;12,91;26,96;0,06;9,23;8,79;0,36;             105,68;
03014028;Faedo Valtellino;Sondrio;1   ;             512;23,79;14,61;40,19;21,61;;41,18;9,90;2,64;             153,92;
03014029;Forcola;Sondrio;1   ;             757;20,26;15,43;31,32;18,58;0,06;16,23;7,34;1,78;             111,01;
03014030;Fusine;Sondrio;1   ;             545;9,85;28,68;26,03;38,62;4,88;12,00;9,67;2,48;             132,20;
03014031;Gerola Alta;Sondrio;1   ;             165;132,24;63,74;92,81;61,35;;11,84;11,50;8,19;             381,67;
03014032;Gordona;Sondrio;1   ;           1.948;2,63;40,66;20,89;17,03;5,40;19,82;9,24;0,69;             116,37;
03014033;Grosio;Sondrio;1   ;           4.338;13,52;11,92;20,63;18,50;1,11;7,67;9,02;1,07;              83,46;
03014034;Grosotto;Sondrio;1   ;           1.619;21,89;43,91;17,07;18,11;13,28;15,28;19,33;2,38;             151,24;
03014036;Lanzada;Sondrio;Vedi aggregazione: Unione dei Comuni Lombarda della Valmalenco;
03014037;Livigno;Sondrio;1   ;           6.789;117,93;78,78;27,29;53,97;1,72;19,49;37,92;0,20;             337,31;
03014035;Madesimo;Sondrio;1   ;             507;214,71;123,33;232,74;79,46;29,05;84,61;33,76;2,66;             800,32;
03014039;Mantello;Sondrio;1   ;             742;23,20;23,75;24,71;20,06;2,00;13,66;7,85;1,82;             117,04;
03014040;Mazzo di Valtellina;Sondrio;1   ;           1.034;21,74;25,60;9,26;17,36;9,94;15,93;9,71;3,15;             112,69;
03014041;Mello;Sondrio;1   ;             932;8,33;15,58;25,04;12,90;0,18;10,69;5,47;1,45;              79,65;
03014043;Mese;Sondrio;1   ;           1.845;9,21;22,59;11,29;20,42;;3,49;6,29;0,73;              74,02;
03014044;Montagna in Valtellina;Sondrio;1   ;           2.981;13,27;24,90;34,14;25,95;1,79;20,20;9,61;0,45;             130,32;
03014045;Morbegno;Sondrio;1   ;          12.230;15,52;29,32;26,35;25,08;2,52;9,97;8,10;0,11;             116,96;
03014046;Novate Mezzola;Sondrio;1   ;           1.903;23,41;28,58;38,07;27,64;9,06;18,46;8,25;0,71;             154,18;
03014047;Pedesina;Sondrio;1   ;              37;187,38;58,19;157,35;42,27;;167,00;17,00;36,51;             665,70;
03014048;Piantedo;Sondrio;1   ;           1.417;22,14;36,23;26,32;28,02;0,08;16,33;11,93;0,95;             142,00;
03014049;Piateda;Sondrio;1   ;           2.039;28,35;31,39;18,57;27,66;0,36;14,48;8,63;0,66;             130,10;
03014050;Piuro;Sondrio;1   ;           1.905;16,58;8,77;49,09;42,29;6,89;20,81;9,95;0,71;             155,09;
03014052;Ponte in Valtellina;Sondrio;1   ;           2.241;15,43;23,64;39,27;27,01;1,06;7,24;8,65;0,60;             122,91;
03014054;Prata Camportaccio;Sondrio;1   ;           2.908;20,50;22,10;12,80;26,40;1,10;13,47;6,65;;             103,03;
03014055;Rasura;Sondrio;1   ;             288;46,73;31,38;26,22;8,95;17,41;51,85;5,53;4,69;             192,76;
03014056;Rogolo;Sondrio;1   ;             573;37,05;32,35;31,35;24,39;16,41;21,93;9,03;2,36;             174,87;
03014057;Samolaco;Sondrio;1   ;           2.875;16,14;19,47;21,68;14,90;2,06;20,89;5,07;1,48;             101,71;
03014058;San Giacomo Filippo;Sondrio;1   ;             364;72,16;43,43;69,49;33,77;14,94;28,03;11,98;3,71;             277,51;
03014059;Sernio;Sondrio;1   ;             488;22,96;22,39;10,58;16,05;5,10;13,35;5,61;2,77;              98,80;
03014060;Sondalo;Sondrio;1   ;           3.911;24,32;30,03;22,95;19,85;8,80;12,53;8,49;0,35;             127,32;
03014061;Sondrio;Sondrio;1   ;          21.066;51,64;34,95;52,43;24,57;4,39;10,32;16,49;0,06;             194,86;
03014062;Spriana;Sondrio;Vedi aggregazione: Unione comuni Spriana-Torre di Santa Maria;
03014063;Talamona;Sondrio;1   ;           4.582;11,31;33,31;22,21;29,06;0,27;11,06;8,93;0,29;             116,46;
03014064;Tartano;Sondrio;1   ;             194;83,45;58,46;130,84;33,39;;7,25;14,20;6,96;             334,56;
03014066;Tirano;Sondrio;1   ;           8.828;26,45;33,25;21,39;25,24;5,27;8,33;10,09;0,15;             130,18;
03014067;Torre di Santa Maria - Dato aggregazione Unione comuni Spriana-Torre di Santa Maria;Sondrio;2   ;             816;28,16;18,28;47,63;9,11;2,01;22,59;9,02;1,66;             138,45;
03014068;Tovo di Sant'Agata;Sondrio;1   ;             620;22,98;22,75;3,40;16,41;12,94;14,41;5,68;2,18;             100,75;
03014069;Traona;Sondrio;1   ;           2.846;14,92;20,52;23,11;18,85;4,57;15,76;5,83;1,19;             104,76;
03014070;Tresivio;Sondrio;1   ;           2.023;20,15;25,09;33,27;19,13;2,94;12,91;6,92;0,67;             121,09;
03014074;Val Masino;Sondrio;1   ;             840;39,98;33,87;51,85;17,89;4,84;26,55;9,67;1,61;             186,26;
03014071;Valdidentro;Sondrio;1   ;           4.168;39,45;41,44;53,11;31,36;4,69;25,24;11,69;0,32;             207,31;
03014072;Valdisotto;Sondrio;1   ;           3.577;42,68;27,65;32,25;16,07;1,89;8,17;12,91;0,38;             142,00;
03014073;Valfurva;Sondrio;1   ;           2.487;53,41;25,16;35,58;14,77;12,21;13,61;9,04;0,54;             164,32;
03014075;Verceia;Sondrio;1   ;           1.058;18,23;24,35;24,54;19,63;;40,19;13,30;1,28;             141,51;
03014076;Vervio;Sondrio;1   ;             200;56,63;32,67;29,11;18,40;4,06;20,60;7,54;6,76;             175,76;
03014077;Villa di Chiavenna;Sondrio;1   ;             948;31,91;39,40;30,30;24,42;;7,06;9,85;1,43;             144,36;
03014078;Villa di Tirano;Sondrio;1   ;           2.992;20,56;30,15;22,86;23,22;3,97;16,95;8,26;0,45;             126,42;
20111004;Barrali;Sud Sardegna [fino 2024];Vedi aggregazione: UNIONE DEI COMUNI DEL PARTEOLLA E BASSO CAMPIDANO;
20111005;Barumini;Sud Sardegna [fino 2024];Vedi aggregazione: UNIONE COMUNI MARMILLA;
20111007;Burcei;Sud Sardegna [fino 2024];1   ;           2.625;22,34;14,46;75,05;21,54;10,39;20,39;13,93;;             178,10;
20111008;Calasetta;Sud Sardegna [fino 2024];1   ;           2.775;13,16;5,68;94,03;35,73;30,09;47,27;9,72;;             235,69;
20111009;Carbonia;Sud Sardegna [fino 2024];1   ;          26.250;10,61;19,74;59,01;21,82;28,62;16,17;29,37;;             185,34;
20111010;Carloforte;Sud Sardegna [fino 2024];1   ;           5.925;17,25;17,77;123,03;16,08;45,71;32,97;18,27;;             271,08;
20111011;Castiadas;Sud Sardegna [fino 2024];1   ;           1.699;98,26;40,02;102,27;36,94;;7,06;;;             284,56;
20111012;Collinas;Sud Sardegna [fino 2024];Vedi aggregazione: UNIONE COMUNI MARMILLA;
20111013;Decimoputzu;Sud Sardegna [fino 2024];1   ;           4.171;10,01;14,77;36,91;10,47;4,17;13,89;23,63;;             113,86;
20111014;Dolianova;Sud Sardegna [fino 2024];Vedi aggregazione: UNIONE DEI COMUNI DEL PARTEOLLA E BASSO CAMPIDANO;
20111015;Domus de Maria;Sud Sardegna [fino 2024];1   ;           1.638;146,78;42,74;146,78;42,74;;;;;             379,02;
20111016;Domusnovas;Sud Sardegna [fino 2024];1   ;           5.865;13,39;22,37;24,54;26,02;3,36;19,56;10,29;;             119,52;
20111017;Donori;Sud Sardegna [fino 2024];Vedi aggregazione: UNIONE DEI COMUNI DEL PARTEOLLA E BASSO CAMPIDANO;
20111018;Escalaplano;Sud Sardegna [fino 2024];1   ;           2.064;13,16;9,60;106,50;11,13;;12,49;6,09;;             158,98;
20111019;Escolca;Sud Sardegna [fino 2024];1   ;             544;9,26;6,75;74,89;7,83;;12,66;5,56;;             116,94;
20111020;Esterzili;Sud Sardegna [fino 2024];1   ;             563;12,86;9,38;104,04;10,87;;26,15;5,64;;             168,94;
20111022;Furtei;Sud Sardegna [fino 2024];Vedi aggregazione: UNIONE COMUNI MARMILLA;
20111023;Genoni;Sud Sardegna [fino 2024];1   ;             764;13,95;10,17;112,83;11,79;;35,11;4,39;;             188,24;
20111024;Genuri;Sud Sardegna [fino 2024];Vedi aggregazione: UNIONE COMUNI MARMILLA;
20111025;Gergei;Sud Sardegna [fino 2024];1   ;           1.120;13,81;13,04;23,84;12,37;;11,27;9,76;;              84,08;
20111026;Gesico;Sud Sardegna [fino 2024];1   ;             739;15,90;10,11;72,44;12,76;;13,66;9,01;;             133,89;
20111027;Gesturi;Sud Sardegna [fino 2024];Vedi aggregazione: UNIONE COMUNI MARMILLA;
20111028;Giba;Sud Sardegna [fino 2024];1   ;           1.916;18,47;;50,39;;4,71;12,92;4,44;;              90,93;
20111031;Gonnosfanadiga;Sud Sardegna [fino 2024];1   ;           6.150;16,32;19,38;42,03;13,26;8,16;18,42;12,54;;             130,12;
20111033;Guasila;Sud Sardegna [fino 2024];1   ;           2.480;14,90;12,56;67,87;11,95;15,40;15,13;8,34;;             146,15;
20111034;Guspini;Sud Sardegna [fino 2024];1   ;          10.990;10,93;27,47;62,94;;29,72;15,72;10,58;;             157,37;
20111035;Iglesias;Sud Sardegna [fino 2024];1   ;          25.093;11,12;33,45;58,49;;35,06;18,86;20,83;;             177,80;
20111036;Isili;Sud Sardegna [fino 2024];1   ;           2.442;8,77;6,40;70,96;7,42;;11,48;8,15;;             113,17;
20111037;Las Plassas;Sud Sardegna [fino 2024];Vedi aggregazione: UNIONE COMUNI MARMILLA;
20111038;Lunamatrona;Sud Sardegna [fino 2024];Vedi aggregazione: UNIONE COMUNI MARMILLA;
20111039;Mandas;Sud Sardegna [fino 2024];1   ;           2.004;48,70;17,60;10,13;3,76;;15,42;1,58;;              97,19;
20111040;Masainas;Sud Sardegna [fino 2024];1   ;           1.226;25,60;20,39;64,30;12,70;6,31;19,96;75,22;;             224,48;
20111042;Muravera;Sud Sardegna [fino 2024];1   ;           5.167;101,70;25,43;200,54;8,12;9,58;26,80;4,04;;             376,20;
20111045;Nuragus;Sud Sardegna [fino 2024];1   ;             839;13,74;10,02;111,19;11,62;;18,56;8,89;;             174,02;
20111046;Nurallao;Sud Sardegna [fino 2024];1   ;           1.149;13,83;10,09;111,91;11,70;;16,31;4,20;;             168,04;
20111048;Nurri;Sud Sardegna [fino 2024];1   ;           2.025;13,39;9,77;108,36;11,33;12,80;13,84;9,79;;             179,28;
20111049;Nuxis;Sud Sardegna [fino 2024];1   ;           1.436;20,43;29,97;69,76;15,42;8,26;23,33;;;             167,16;
20111050;Orroli;Sud Sardegna [fino 2024];1   ;           1.965;9,38;6,84;75,88;7,93;;10,61;8,01;;             118,66;
20111051;Ortacesus;Sud Sardegna [fino 2024];1   ;             873;14,62;9,29;66,58;11,72;;14,63;8,31;;             125,16;
20111052;Pabillonis;Sud Sardegna [fino 2024];1   ;           2.473;4,86;44,25;21,13;29,61;8,48;17,37;16,05;;             141,76;
20111053;Pauli Arbarei;Sud Sardegna [fino 2024];Vedi aggregazione: UNIONE COMUNI MARMILLA;
20111054;Perdaxius;Sud Sardegna [fino 2024];1   ;           1.306;20,47;16,02;36,66;19,47;;12,10;14,76;;             119,47;
20111055;Pimentel;Sud Sardegna [fino 2024];1   ;           1.114;14,94;9,50;68,06;11,98;;14,85;8,14;;             127,47;
20111056;Piscinas;Sud Sardegna [fino 2024];1   ;             793;15,81;29,41;56,10;;;15,99;7,86;;             125,17;
20111057;Portoscuso;Sud Sardegna [fino 2024];1   ;           4.835;15,11;43,44;84,37;;26,44;27,58;1,76;9,65;             208,36;
20111058;Sadali;Sud Sardegna [fino 2024];1   ;             837;9,19;6,70;74,35;7,77;;15,79;7,48;;             121,28;
20111059;Samassi;Sud Sardegna [fino 2024];1   ;           4.789;9,74;13,51;42,68;16,09;5,58;18,56;11,63;;             117,79;
20111062;San Gavino Monreale;Sud Sardegna [fino 2024];1   ;           8.056;6,18;43,50;26,50;28,18;6,55;19,84;9,25;;             140,00;
20111063;San Giovanni Suergiu;Sud Sardegna [fino 2024];1   ;           5.630;9,88;12,18;56,07;21,90;21,74;10,42;1,66;;             133,85;
20111065;San Sperate;Sud Sardegna [fino 2024];1   ;           8.401;16,46;9,42;59,77;19,62;10,40;20,21;18,99;0,64;             155,50;
20111066;San Vito;Sud Sardegna [fino 2024];1   ;           3.426;81,33;2,38;27,79;;;6,78;1,43;;             119,71;
20111067;Sanluri;Sud Sardegna [fino 2024];Vedi aggregazione: UNIONE COMUNI MARMILLA;
20111068;Santadi;Sud Sardegna [fino 2024];1   ;           3.163;10,97;12,95;79,18;15,82;12,66;8,79;19,68;;             160,05;
20111070;Sant'Anna Arresi;Sud Sardegna [fino 2024];1   ;           2.612;2,76;25,01;5,03;16,28;3,13;58,68;49,43;;             160,32;
20111071;Sant'Antioco;Sud Sardegna [fino 2024];1   ;          10.645;14,14;14,77;62,84;24,51;40,85;13,36;;;             170,47;
20111072;Sardara;Sud Sardegna [fino 2024];1   ;           3.801;14,51;35,76;30,22;30,45;7,39;23,06;7,20;;             148,59;
20111073;Segariu;Sud Sardegna [fino 2024];Vedi aggregazione: UNIONE COMUNI MARMILLA;
20111074;Selegas;Sud Sardegna [fino 2024];1   ;           1.282;14,77;9,39;67,28;11,85;;13,65;8,35;;             125,30;
20111076;Serdiana - Dato aggregazione UNIONE DEI COMUNI DEL PARTEOLLA E BASSO CAMPIDANO;Sud Sardegna [fino 2024];6   ;          23.948;9,98;34,33;39,92;;5,54;9,30;0,90;;              99,97;
20111078;Serrenti;Sud Sardegna [fino 2024];1   ;           4.540;11,69;23,91;41,96;8,56;;23,35;16,27;;             125,73;
20111079;Serri;Sud Sardegna [fino 2024];1   ;             613;8,57;6,25;69,36;7,25;;16,68;8,96;;             117,08;
20111080;Setzu;Sud Sardegna [fino 2024];Vedi aggregazione: UNIONE COMUNI MARMILLA;
20111081;Seui;Sud Sardegna [fino 2024];1   ;           1.155;10,76;7,85;87,08;9,10;;12,02;4,25;;             131,06;
20111082;Seulo;Sud Sardegna [fino 2024];1   ;             783;9,68;7,06;78,35;8,19;;17,94;4,13;;             125,36;
20111083;Siddi;Sud Sardegna [fino 2024];Vedi aggregazione: UNIONE COMUNI MARMILLA;
20111086;Siurgus Donigala;Sud Sardegna [fino 2024];1   ;           1.823;14,96;9,51;68,15;12,00;;11,65;8,49;;             124,76;
20111087;Soleminis;Sud Sardegna [fino 2024];Vedi aggregazione: UNIONE DEI COMUNI DEL PARTEOLLA E BASSO CAMPIDANO;
20111088;Suelli;Sud Sardegna [fino 2024];1   ;           1.064;14,83;9,43;67,57;11,90;;16,68;8,47;;             128,88;
20111089;Teulada;Sud Sardegna [fino 2024];1   ;           3.258;22,98;0,08;79,76;41,49;22,55;43,73;18,87;;             229,46;
20111091;Tuili;Sud Sardegna [fino 2024];Vedi aggregazione: UNIONE COMUNI MARMILLA;
20111092;Turri;Sud Sardegna [fino 2024];Vedi aggregazione: UNIONE COMUNI MARMILLA;
20111094;Ussaramanna;Sud Sardegna [fino 2024];Vedi aggregazione: UNIONE COMUNI MARMILLA;
20111096;Villacidro;Sud Sardegna [fino 2024];1   ;          13.184;9,44;22,15;49,44;3,19;14,37;15,10;24,46;;             138,17;
20111097;Villamar - Dato aggregazione UNIONE COMUNI MARMILLA;Sud Sardegna [fino 2024];18  ;          23.241;9,63;11,95;47,88;20,24;1,58;12,59;7,20;;             111,08;
20111099;Villanova Tulo;Sud Sardegna [fino 2024];1   ;           1.004;13,95;10,18;112,88;11,80;;13,17;8,05;;             170,03;
20111100;Villanovaforru;Sud Sardegna [fino 2024];Vedi aggregazione: UNIONE COMUNI MARMILLA;
20111101;Villanovafranca;Sud Sardegna [fino 2024];Vedi aggregazione: UNIONE COMUNI MARMILLA;
20111102;Villaperuccio;Sud Sardegna [fino 2024];1   ;             995;40,45;28,85;43,19;17,31;3,05;4,83;6,68;;             144,36;
20111103;Villaputzu;Sud Sardegna [fino 2024];1   ;           4.440;35,07;15,06;91,58;19,66;29,39;19,25;3,83;;             213,84;
20111105;Villasimius;Sud Sardegna [fino 2024];1   ;           3.673;31,95;38,25;265,67;38,52;73,94;64,51;80,05;;             592,89;
16073001;Avetrana;Taranto;1   ;           6.277;10,39;9,23;68,61;35,47;5,60;32,19;11,23;17,79;             190,51;
16073002;Carosino;Taranto;1   ;           6.583;10,85;13,31;51,51;33,11;5,84;17,41;20,42;;             152,45;
16073003;Castellaneta;Taranto;1   ;          16.181;27,93;31,09;85,34;38,47;41,89;24,08;23,60;;             272,40;
16073004;Crispiano;Taranto;1   ;          13.139;11,09;;46,96;39,58;14,73;19,73;35,03;;             167,12;
16073007;Ginosa;Taranto;1   ;          21.820;36,80;22,00;30,45;23,04;18,09;13,54;1,92;;             145,84;
16073008;Grottaglie;Taranto;1   ;          30.587;8,85;51,27;65,38;4,35;26,03;16,88;6,76;;             179,51;
16073009;Laterza;Taranto;1   ;          14.771;9,63;10,54;57,77;8,83;28,88;16,14;1,30;;             133,08;
16073011;Lizzano;Taranto;1   ;           9.579;16,34;15,04;62,54;47,19;27,90;16,77;20,26;4,80;             210,84;
16073012;Manduria;Taranto;1   ;          29.933;19,03;35,07;71,26;145,76;28,87;14,35;1,42;;             315,76;
16073013;Martina Franca;Taranto;1   ;          46.900;28,58;1,59;62,20;41,76;24,29;17,16;13,39;;             188,98;
16073015;Massafra;Taranto;1   ;          31.960;16,63;0,39;42,39;58,48;8,88;11,11;3,62;2,97;             144,47;
16073016;Monteiasi;Taranto;1   ;           5.334;36,81;11,24;32,25;27,15;8,78;10,60;23,16;26,98;             176,98;
16073017;Montemesola;Taranto;1   ;           3.558;10,43;11,58;52,34;33,05;28,96;23,53;21,39;;             181,28;
16073020;Palagianello;Taranto;1   ;           7.583;16,76;19,12;46,91;17,97;30,30;12,61;19,67;0,95;             164,29;
16073021;Palagiano;Taranto;1   ;          15.785;13,38;37,32;49,43;22,06;7,20;16,85;21,68;;             167,93;
16073024;San Giorgio Ionico;Taranto;1   ;          14.231;5,73;;52,38;;33,75;3,25;1,23;;              96,33;
16073026;Sava;Taranto;1   ;          15.350;6,74;17,92;44,65;42,76;16,17;26,11;22,33;;             176,68;
16073029;Statte;Taranto;1   ;          12.917;21,18;35,75;38,82;16,80;38,49;10,30;37,29;7,31;             205,95;
16073027;Taranto;Taranto;1   ;         188.098;35,00;;61,82;;38,68;79,41;3,74;;             218,64;
16073028;Torricella;Taranto;1   ;           4.140;14,97;33,85;88,46;64,80;39,77;28,03;5,73;13,29;             288,90;
13067001;Alba Adriatica;Teramo;Vedi aggregazione: UNIONE DI COMUNI CITTA'-TERRITORIO VAL VIBRATA;
13067002;Ancarano;Teramo;Vedi aggregazione: UNIONE DI COMUNI CITTA'-TERRITORIO VAL VIBRATA;
13067003;Arsita;Teramo;1   ;             733;12,21;18,59;51,93;21,07;2,08;21,36;4,81;;             132,05;
13067005;Basciano;Teramo;1   ;           2.337;9,36;8,25;65,56;7,39;10,92;5,21;7,26;;             113,95;
13067006;Bellante;Teramo;1   ;           6.849;9,66;11,30;55,81;23,55;6,46;19,39;9,14;0,37;             135,67;
13067007;Bisenti;Teramo;1   ;           1.677;11,00;;46,76;36,89;4,56;21,29;2,62;;             123,13;
13067008;Campli;Teramo;1   ;           6.560;19,85;37,89;66,47;0,69;19,11;27,61;5,56;;             177,18;
13067011;Castellalto;Teramo;1   ;           7.295;6,54;17,26;23,59;40,35;5,54;18,17;28,67;;             140,12;
13067014;Castilenti;Teramo;1   ;           1.346;14,51;21,27;61,69;18,42;2,47;11,54;25,04;;             154,94;
13067016;Cermignano;Teramo;1   ;           1.440;9,84;13,30;54,28;10,30;2,71;11,81;32,51;;             134,75;
13067017;Civitella del Tronto;Teramo;Vedi aggregazione: UNIONE DI COMUNI CITTA'-TERRITORIO VAL VIBRATA;
13067018;Colledara;Teramo;1   ;           2.081;10,60;19,88;68,91;17,88;1,33;16,23;10,85;;             145,67;
13067019;Colonnella;Teramo;Vedi aggregazione: UNIONE DI COMUNI CITTA'-TERRITORIO VAL VIBRATA;
13067020;Controguerra;Teramo;Vedi aggregazione: UNIONE DI COMUNI CITTA'-TERRITORIO VAL VIBRATA;
13067021;Corropoli;Teramo;Vedi aggregazione: UNIONE DI COMUNI CITTA'-TERRITORIO VAL VIBRATA;
13067022;Cortino;Teramo;1   ;             586;20,86;18,39;106,18;8,85;;5,04;22,84;;             182,16;
13067023;Crognaleto;Teramo;1   ;           1.094;28,84;10,97;159,01;12,34;;;26,33;;             237,49;
13067024;Fano Adriano;Teramo;1   ;             249;36,44;24,08;218,65;17,22;;51,00;10,93;;             358,33;
13067025;Giulianova;Teramo;1   ;          23.369;11,77;24,47;68,07;44,37;29,48;27,56;34,84;;             240,55;
13067026;Isola del Gran Sasso d'Italia;Teramo;1   ;           4.465;9,49;14,27;53,11;16,62;7,52;21,45;7,14;0,40;             130,00;
13067047;Martinsicuro;Teramo;Vedi aggregazione: UNIONE DI COMUNI CITTA'-TERRITORIO VAL VIBRATA;
13067029;Morro d'Oro;Teramo;1   ;           3.547;7,61;16,96;32,22;24,45;9,91;17,97;17,94;;             127,05;
13067030;Mosciano Sant'Angelo;Teramo;1   ;           9.072;11,24;17,25;57,46;24,35;14,24;11,56;38,13;;             174,24;
13067031;Nereto;Teramo;Vedi aggregazione: UNIONE DI COMUNI CITTA'-TERRITORIO VAL VIBRATA;
13067034;Pietracamela;Teramo;1   ;             218;495,04;44,58;;33,72;;32,11;;;             605,44;
13067035;Pineto;Teramo;1   ;          14.571;10,30;28,91;25,81;57,80;27,45;61,72;24,78;;             236,77;
13067037;Roseto degli Abruzzi;Teramo;1   ;          25.501;16,59;22,20;82,40;28,94;25,63;13,51;35,45;;             224,73;
13067038;Sant'Egidio alla Vibrata;Teramo;Vedi aggregazione: UNIONE DI COMUNI CITTA'-TERRITORIO VAL VIBRATA;
13067039;Sant'Omero - Dato aggregazione UNIONE DI COMUNI CITTA'-TERRITORIO VAL VIBRATA;Teramo;12  ;          79.727;16,29;32,95;39,77;49,24;14,39;25,49;15,59;6,02;             199,73;
13067041;Teramo;Teramo;1   ;          51.548;17,70;18,85;86,58;24,50;13,55;32,01;10,02;6,01;             209,23;
13067042;Torano Nuovo;Teramo;Vedi aggregazione: UNIONE DI COMUNI CITTA'-TERRITORIO VAL VIBRATA;
13067043;Torricella Sicura;Teramo;1   ;           2.440;16,72;21,86;54,87;12,47;12,30;11,91;3,48;;             133,61;
13067044;Tortoreto;Teramo;Vedi aggregazione: UNIONE DI COMUNI CITTA'-TERRITORIO VAL VIBRATA;
13067045;Tossicia;Teramo;1   ;           1.241;11,46;9,28;61,20;27,22;6,10;32,11;6,87;;             154,23;
10055001;Acquasparta;Terni;1   ;           4.407;16,68;32,31;65,42;13,35;20,27;23,03;7,44;2,02;             180,53;
10055002;Allerona;Terni;1   ;           1.688;21,03;27,28;83,31;11,65;47,79;27,59;8,90;;             227,55;
10055005;Arrone;Terni;1   ;           2.555;10,22;20,98;57,48;12,25;25,24;36,21;8,14;1,86;             172,38;
10055006;Attigliano;Terni;1   ;           1.949;17,46;22,03;80,36;11,79;37,56;19,74;15,91;1,93;             206,79;
10055007;Baschi;Terni;1   ;           2.579;22,12;26,54;93,31;10,09;23,83;22,72;2,80;;             201,41;
10055008;Calvi dell'Umbria;Terni;1   ;           1.688;12,81;12,57;72,41;8,16;39,15;41,36;4,41;2,41;             193,28;
10055009;Castel Giorgio;Terni;1   ;           2.021;21,47;34,29;109,33;12,89;25,44;28,01;17,39;;             248,83;
10055010;Castel Viscardo;Terni;1   ;           2.689;25,28;22,50;103,08;16,40;16,99;33,62;7,21;;             225,08;
10055013;Ficulle;Terni;1   ;           1.558;27,61;34,62;84,04;12,43;48,56;34,49;3,93;;             245,67;
10055018;Montecchio;Terni;1   ;           1.521;26,12;25,15;100,36;9,88;22,44;23,36;9,11;;             216,42;
10055019;Montefranco;Terni;1   ;           1.254;11,14;25,27;60,36;13,21;34,72;36,47;10,18;2,14;             193,50;
10055021;Monteleone d'Orvieto;Terni;1   ;           1.369;22,62;28,47;86,81;9,23;18,20;24,43;13,05;7,53;             210,34;
10055022;Narni;Terni;1   ;          17.914;11,57;25,27;64,66;11,05;20,98;39,51;12,76;2,14;             187,92;
10055023;Orvieto;Terni;1   ;          19.461;20,83;37,57;88,14;15,66;12,02;27,87;21,63;;             223,73;
10055024;Otricoli;Terni;1   ;           1.717;14,04;6,40;80,71;21,08;36,35;41,57;4,67;;             204,82;
10055025;Parrano;Terni;1   ;             488;35,05;22,61;109,49;14,08;15,42;75,92;13,87;;             286,43;
10055030;San Venanzo;Terni;1   ;           2.177;19,02;18,53;66,70;13,00;20,63;40,74;32,71;;             211,33;
10055032;Terni;Terni;1   ;         106.370;10,64;35,87;66,13;12,15;14,79;49,16;17,36;1,99;             208,10;
01001001;Aglie';Torino;1   ;           2.558;24,84;21,71;50,21;10,74;3,45;22,91;15,01;;             148,86;
01001002;Airasca;Torino;1   ;           3.681;12,80;30,10;27,50;11,22;4,00;24,06;17,96;4,16;             131,80;
01001004;Albiano d'Ivrea;Torino;1   ;           1.628;21,84;19,08;43,06;9,44;9,53;24,60;8,52;;             136,07;
01001006;Almese;Torino;1   ;           6.280;21,75;19,53;50,14;16,24;11,98;16,52;15,14;6,69;             157,99;
01001007;Alpette;Torino;Vedi aggregazione: CONSORZIO CANAVESANO AMBIENTE CCA;
01001008;Alpignano;Torino;1   ;          16.497;19,71;0,73;42,81;33,91;27,08;8,65;28,36;3,55;             164,80;
01001009;Andezeno;Torino;1   ;           2.012;8,48;;31,41;26,48;3,36;30,70;33,22;0,52;             134,17;
01001010;Andrate;Torino;1   ;             479;26,41;23,08;52,07;11,42;;56,86;12,87;;             182,71;
01001011;Angrogna;Torino;1   ;             810;8,61;20,78;24,84;9,78;24,77;37,99;29,26;1,48;             157,51;
01001012;Arignano;Torino;1   ;           1.086;11,12;;31,14;26,04;;30,65;26,86;0,50;             126,31;
01001013;Avigliana;Torino;1   ;          12.370;24,30;21,09;54,96;17,54;15,90;27,16;60,56;2,08;             223,60;
01001014;Azeglio;Torino;1   ;           1.227;19,56;17,09;38,56;8,46;;28,92;19,60;;             132,17;
01001015;Bairo;Torino;1   ;             792;22,82;19,94;46,01;9,87;9,60;31,26;8,84;;             148,33;
01001017;Baldissero Canavese;Torino;1   ;             515;22,58;19,73;44,52;9,76;;37,87;34,11;;             168,57;
01001018;Baldissero Torinese;Torino;1   ;           3.789;7,15;;35,70;16,65;14,44;21,93;91,32;0,49;             187,67;
01001020;Banchette;Torino;1   ;           3.087;26,94;23,54;53,11;11,65;13,20;27,17;27,57;;             183,17;
01001022;Bardonecchia;Torino;1   ;           3.028;61,92;53,73;140,04;44,69;57,10;49,26;75,74;8,53;             491,01;
01001023;Barone Canavese;Torino;1   ;             554;14,72;12,86;29,02;6,37;;38,12;9,53;;             110,63;
01001024;Beinasco;Torino;1   ;          17.406;11,45;18,76;49,46;12,18;20,80;29,91;38,96;0,04;             181,57;
01001025;Bibiana;Torino;1   ;           3.358;8,76;26,42;24,75;8,35;3,20;29,38;18,27;1,30;             120,43;
01001026;Bobbio Pellice;Torino;1   ;             536;15,05;39,74;60,19;8,72;11,96;66,12;63,19;2,20;             267,16;
01001027;Bollengo;Torino;1   ;           2.109;24,67;21,56;48,75;10,67;8,33;31,94;17,27;;             163,19;
01001028;Borgaro Torinese;Torino;1   ;          11.773;31,68;20,16;58,85;13,50;17,63;14,87;37,95;4,00;             198,64;
01001029;Borgiallo;Torino;Vedi aggregazione: CONSORZIO CANAVESANO AMBIENTE CCA;
01001030;Borgofranco d'Ivrea;Torino;1   ;           3.498;25,06;21,89;49,40;10,83;;24,43;14,83;;             146,45;
01001031;Borgomasino;Torino;1   ;             760;21,52;18,80;42,43;9,30;;36,84;18,46;;             147,35;
01001032;Borgone Susa;Torino;1   ;           2.154;20,77;18,02;46,98;14,99;13,99;8,01;13,38;2,36;             138,51;
01001033;Bosconero;Torino;Vedi aggregazione: CONSORZIO CANAVESANO AMBIENTE CCA;
01001034;Brandizzo;Torino;1   ;           8.680;16,80;16,84;48,76;11,30;14,27;32,39;27,18;17,42;             184,97;
01001035;Bricherasio;Torino;1   ;           4.623;8,60;30,03;25,85;9,13;5,35;26,23;18,28;9,93;             133,41;
01001036;Brosso;Torino;Vedi aggregazione: CONSORZIO CANAVESANO AMBIENTE CCA;
01001037;Brozolo;Torino;1   ;             447;19,76;15,47;51,89;14,96;;38,54;21,46;6,23;             168,31;
01001038;Bruino;Torino;1   ;           8.452;12,22;15,76;58,79;15,12;7,25;35,56;22,86;0,04;             167,59;
01001039;Brusasco;Torino;1   ;           1.482;21,06;16,14;54,57;12,30;16,01;13,82;28,91;4,01;             166,80;
01001040;Bruzolo;Torino;1   ;           1.486;21,62;18,76;48,90;15,60;;19,27;5,36;1,92;             131,43;
01001041;Buriasco;Torino;1   ;           1.341;11,20;26,06;35,84;12,60;4,32;25,24;18,67;4,79;             138,73;
01001042;Burolo;Torino;1   ;           1.114;30,82;26,93;60,76;13,33;4,43;40,54;21,54;;             198,35;
01001043;Busano;Torino;Vedi aggregazione: CONSORZIO CANAVESANO AMBIENTE CCA;
01001044;Bussoleno;Torino;1   ;           5.608;22,26;19,32;50,34;16,07;8,40;18,20;16,31;2,15;             153,05;
01001045;Buttigliera Alta;Torino;1   ;           6.214;27,04;0,61;35,98;28,50;2,70;30,37;6,49;2,68;             134,36;
01001047;Caluso;Torino;1   ;           7.370;24,69;21,57;48,67;10,67;9,02;22,26;25,02;;             161,90;
01001048;Cambiano;Torino;1   ;           5.885;4,99;;35,63;26,33;19,15;31,44;49,99;0,50;             168,03;
01001049;Campiglione Fenile;Torino;1   ;           1.313;11,10;32,36;26,24;9,76;7,07;35,06;19,58;1,35;             142,52;
01001050;Candia Canavese;Torino;1   ;           1.201;22,57;19,72;44,49;9,76;;41,02;32,04;;             169,60;
01001051;Candiolo;Torino;1   ;           5.590;14,65;16,46;43,59;16,44;10,10;22,19;39,68;0,04;             163,15;
01001052;Canischio;Torino;Vedi aggregazione: CONSORZIO CANAVESANO AMBIENTE CCA;
01001053;Cantalupa;Torino;1   ;           2.559;8,82;27,24;32,09;12,63;7,30;32,73;18,79;1,38;             140,99;
01001055;Caprie;Torino;1   ;           2.044;17,52;15,73;40,39;13,08;8,23;16,60;3,75;1,78;             117,07;
01001056;Caravino;Torino;1   ;             902;20,04;17,50;39,50;8,66;13,45;34,18;7,79;;             141,13;
01001057;Carema;Torino;1   ;             752;24,02;20,99;47,36;10,39;;30,67;11,14;;             144,56;
01001058;Carignano;Torino;1   ;           9.076;10,92;16,34;41,17;18,80;12,94;20,09;21,82;0,04;             142,13;
01001059;Carmagnola;Torino;1   ;          28.182;7,03;;43,58;29,22;19,50;26,02;17,93;0,51;             143,79;
01001060;Casalborgone;Torino;1   ;           1.866;20,74;15,91;55,34;12,35;2,96;13,27;17,66;3,89;             142,12;
01001061;Cascinette d'Ivrea;Torino;1   ;           1.497;24,32;21,24;47,94;10,51;5,39;27,77;10,05;;             147,23;
01001062;Caselette;Torino;1   ;           3.051;20,91;18,15;47,29;15,09;6,89;12,83;4,90;1,82;             127,87;
01001063;Caselle Torinese;Torino;1   ;          13.878;28,44;16,17;60,33;12,52;12,34;14,40;33,39;3,11;             180,71;
01001064;Castagneto Po;Torino;1   ;           1.784;19,96;15,67;52,28;11,06;12,18;14,04;17,62;3,73;             146,55;
01001065;Castagnole Piemonte;Torino;1   ;           2.192;9,05;13,22;39,19;16,58;2,18;25,08;19,58;0,04;             124,92;
01001066;Castellamonte;Torino;Vedi aggregazione: CONSORZIO CANAVESANO AMBIENTE CCA;
01001067;Castelnuovo Nigra;Torino;Vedi aggregazione: CONSORZIO CANAVESANO AMBIENTE CCA;
01001068;Castiglione Torinese;Torino;1   ;           6.525;19,88;16,28;53,19;9,55;12,17;13,07;23,17;0,92;             148,21;
01001069;Cavagnolo;Torino;1   ;           2.263;18,86;14,48;48,88;9,60;2,11;12,58;14,26;4,27;             125,03;
01001070;Cavour;Torino;1   ;           5.425;8,61;24,03;34,14;13,02;3,02;26,87;18,87;13,98;             142,54;
01001071;Cercenasco;Torino;1   ;           1.757;12,68;28,46;26,54;10,77;10,08;20,90;33,03;4,56;             147,03;
01001073;Ceresole Reale;Torino;Vedi aggregazione: CONSORZIO CANAVESANO AMBIENTE CCA;
01001074;Cesana Torinese;Torino;1   ;             896;101,15;87,77;228,74;73,00;74,41;80,08;23,60;11,54;             680,28;
01001076;Chianocco;Torino;1   ;           1.528;23,32;20,23;52,74;16,83;;22,73;4,80;2,17;             142,82;
01001077;Chiaverano;Torino;1   ;           1.966;22,65;19,79;44,65;9,79;;30,07;17,53;;             144,47;
01001078;Chieri;Torino;1   ;          35.883;6,44;;36,60;25,89;21,15;27,56;25,23;0,51;             143,39;
01001079;Chiesanuova;Torino;Vedi aggregazione: CONSORZIO CANAVESANO AMBIENTE CCA;
01001080;Chiomonte;Torino;1   ;             854;40,84;35,44;92,36;29,48;14,00;22,05;9,89;5,25;             249,32;
01001081;Chiusa di San Michele;Torino;1   ;           1.522;18,69;16,22;42,27;13,49;5,91;25,88;12,92;2,00;             137,38;
01001082;Chivasso;Torino;1   ;          26.224;27,45;19,47;63,22;13,35;29,93;17,31;48,95;7,46;             227,14;
01001083;Ciconio;Torino;Vedi aggregazione: CONSORZIO CANAVESANO AMBIENTE CCA;
01001084;Cintano;Torino;Vedi aggregazione: CONSORZIO CANAVESANO AMBIENTE CCA;
01001085;Cinzano;Torino;1   ;             331;20,61;16,55;57,20;14,52;14,14;14,46;34,54;1,79;             173,81;
01001087;Claviere;Torino;1   ;             211;106,95;92,80;241,86;77,19;154,17;179,13;20,95;15,19;             888,25;
01001089;Coazze;Torino;1   ;           3.254;20,63;0,76;44,81;35,50;3,58;36,41;12,73;5,33;             159,75;
01001090;Collegno;Torino;1   ;          48.340;20,53;0,76;46,00;35,32;28,20;9,32;10,85;2,78;             153,75;
01001091;Colleretto Castelnuovo;Torino;Vedi aggregazione: CONSORZIO CANAVESANO AMBIENTE CCA;
01001092;Colleretto Giacosa;Torino;1   ;             594;25,24;22,05;49,76;10,91;8,04;39,58;15,73;;             171,31;
01001093;Condove;Torino;1   ;           4.449;20,41;17,71;46,16;14,73;15,49;15,44;10,59;2,23;             142,76;
01001095;Cossano Canavese;Torino;1   ;             435;19,67;17,19;38,78;8,51;23,06;36,83;24,16;;             168,19;
01001096;Cuceglio;Torino;1   ;             919;20,43;17,85;40,27;8,83;17,19;22,11;26,82;;             153,49;
01001097;Cumiana;Torino;1   ;           7.828;12,80;30,70;31,56;11,61;5,79;28,48;19,31;1,38;             141,64;
01001098;Cuorgne;Torino;Vedi aggregazione: CONSORZIO CANAVESANO AMBIENTE CCA;
01001099;Druento;Torino;1   ;           8.994;17,87;0,66;38,82;30,75;24,56;6,17;7,14;2,12;             128,08;
01001100;Exilles;Torino;1   ;             241;39,12;33,94;88,46;28,23;10,92;70,01;39,38;10,87;             320,93;
01001101;Favria;Torino;Vedi aggregazione: CONSORZIO CANAVESANO AMBIENTE CCA;
01001102;Feletto;Torino;Vedi aggregazione: CONSORZIO CANAVESANO AMBIENTE CCA;
01001103;Fenestrelle;Torino;1   ;             476;29,36;63,14;57,72;14,19;57,42;135,16;39,84;3,13;             399,97;
01001105;Fiorano Canavese;Torino;1   ;             744;19,88;17,37;39,20;8,60;;30,47;29,07;;             144,59;
01001106;Foglizzo;Torino;1   ;           2.258;32,19;21,82;59,47;11,24;4,13;13,76;23,38;1,74;             167,72;
01001107;Forno Canavese;Torino;Vedi aggregazione: CONSORZIO CANAVESANO AMBIENTE CCA;
01001108;Frassinetto;Torino;Vedi aggregazione: CONSORZIO CANAVESANO AMBIENTE CCA;
01001110;Frossasco;Torino;1   ;           2.812;9,40;33,55;36,06;15,71;9,29;29,29;32,61;1,43;             167,35;
01001111;Garzigliana;Torino;1   ;             546;9,46;34,74;27,97;11,70;;34,57;16,49;1,38;             136,30;
01001112;Gassino Torinese;Torino;1   ;           9.291;20,48;16,79;53,28;9,76;16,71;14,21;24,87;1,01;             157,11;
01001114;Giaglione;Torino;1   ;             589;21,65;18,79;48,97;15,63;6,68;8,77;20,16;2,14;             142,78;
01001115;Giaveno;Torino;1   ;          16.223;17,47;0,64;38,37;30,06;;37,36;31,20;2,67;             157,76;
01001117;Gravere;Torino;1   ;             669;27,50;23,86;62,18;19,84;8,79;43,08;6,27;4,12;             195,64;
01001120;Grugliasco;Torino;1   ;          36.896;21,06;0,71;41,82;33,13;26,45;11,30;10,69;2,76;             147,92;
01001121;Ingria;Torino;Vedi aggregazione: CONSORZIO CANAVESANO AMBIENTE CCA;
01001122;Inverso Pinasca;Torino;1   ;             681;7,65;32,13;26,70;9,71;4,50;36,91;22,78;5,35;             145,74;
01001123;Isolabella;Torino;1   ;             374;11,12;;47,57;20,50;;9,36;18,01;0,50;             107,07;
01001124;Issiglio;Torino;Vedi aggregazione: CONSORZIO CANAVESANO AMBIENTE CCA;
01001125;Ivrea;Torino;1   ;          22.357;32,06;32,49;63,75;13,44;25,19;36,45;24,46;;             227,84;
01001127;La Loggia;Torino;1   ;           8.785;9,25;18,94;43,82;18,76;9,13;22,86;48,78;0,04;             171,57;
01001129;Lauriano;Torino;1   ;           1.386;20,28;16,31;52,40;13,96;;11,08;11,66;3,90;             129,59;
01001130;Leini;Torino;1   ;          16.299;27,77;22,35;61,63;15,84;18,76;13,22;33,83;7,39;             200,79;
01001132;Lessolo;Torino;1   ;           1.744;21,79;19,03;42,95;9,42;12,36;25,58;14,16;;             145,29;
01001133;Levone;Torino;Vedi aggregazione: CONSORZIO CANAVESANO AMBIENTE CCA;
01001134;Locana;Torino;Vedi aggregazione: CONSORZIO CANAVESANO AMBIENTE CCA;
01001135;Lombardore;Torino;1   ;           1.694;29,18;16,49;52,63;17,10;5,01;11,21;18,92;1,12;             151,67;
01001136;Lombriasco;Torino;1   ;           1.077;9,63;13,79;31,49;8,70;3,95;17,62;21,01;0,04;             106,23;
01001137;Loranze;Torino;1   ;           1.159;19,49;17,02;38,42;8,43;;21,33;7,94;;             112,62;
01001139;Luserna San Giovanni;Torino;1   ;           7.163;10,90;33,53;28,63;12,02;6,11;22,71;20,87;1,39;             136,16;
01001140;Lusernetta;Torino;1   ;             493;6,96;26,00;21,14;5,00;;25,38;24,51;1,37;             110,35;
01001141;Lusiglie;Torino;Vedi aggregazione: CONSORZIO CANAVESANO AMBIENTE CCA;
01001142;Macello;Torino;1   ;           1.151;14,49;28,74;30,16;11,95;7,50;25,22;26,76;6,06;             150,88;
01001143;Maglione;Torino;1   ;             420;18,75;16,39;36,98;8,11;26,79;22,89;13,77;;             143,67;
01001316;Mappano;Torino;1   ;           7.359;25,77;18,96;64,71;12,12;15,42;13,54;47,83;3,85;             202,19;
01001144;Marentino;Torino;1   ;           1.282;9,82;;36,28;21,62;17,65;41,88;56,83;0,51;             184,58;
01001145;Massello;Torino;1   ;              58;22,01;36,06;44,53;13,20;;121,16;54,76;2,68;             294,40;
01001147;Mattie;Torino;1   ;             670;25,10;21,78;56,77;18,12;;32,15;5,10;3,29;             162,31;
01001148;Mazze;Torino;1   ;           4.241;24,15;21,10;47,61;10,44;4,39;27,32;18,76;;             153,77;
01001149;Meana di Susa;Torino;1   ;             807;24,93;21,63;56,37;17,99;1,84;32,20;5,48;3,59;             164,01;
01001150;Mercenasco;Torino;1   ;           1.313;22,70;19,83;44,75;9,81;;21,07;8,85;;             127,00;
01001153;Mombello di Torino;Torino;1   ;             397;8,02;;22,69;13,28;8,91;21,68;16,07;0,49;              91,14;
01001154;Mompantero;Torino;1   ;             623;22,12;19,20;50,03;15,97;;27,64;4,72;2,05;             141,73;
01001156;Moncalieri;Torino;1   ;          56.117;10,47;20,10;47,47;13,30;19,68;24,11;32,27;0,04;             167,45;
01001157;Moncenisio;Torino;1   ;              47;27,60;23,95;62,41;19,92;;75,10;8,31;3,38;             220,67;
01001158;Montaldo Torinese;Torino;1   ;             726;8,28;;34,61;20,04;10,12;30,59;33,18;0,51;             137,32;
01001159;Montalenghe;Torino;1   ;             974;20,67;18,06;40,75;8,94;6,12;38,29;13,92;;             146,75;
01001160;Montalto Dora;Torino;1   ;           3.297;25,99;22,71;51,25;11,24;1,08;28,70;12,57;;             153,54;
01001161;Montanaro;Torino;1   ;           5.058;21,49;15,12;59,37;11,63;16,15;16,45;24,17;1,87;             166,26;
01001162;Monteu da Po;Torino;1   ;             868;19,80;15,41;50,96;11,46;;5,90;52,90;4,20;             160,63;
01001163;Moriondo Torinese;Torino;1   ;             856;7,86;;37,15;22,69;12,04;19,05;21,18;0,50;             120,46;
01001164;Nichelino;Torino;1   ;          46.244;12,74;22,80;37,32;12,94;21,81;27,16;44,78;0,04;             179,59;
01001165;Noasca;Torino;Vedi aggregazione: CONSORZIO CANAVESANO AMBIENTE CCA;
01001167;Nomaglio;Torino;1   ;             284;17,10;14,94;33,72;7,39;;77,28;20,36;;             170,80;
01001168;None;Torino;1   ;           7.785;7,52;16,47;33,23;17,12;20,82;31,49;26,58;1,43;             154,66;
01001169;Novalesa;Torino;1   ;             514;18,76;16,27;42,41;13,54;;16,87;9,93;2,98;             120,77;
01001170;Oglianico;Torino;Vedi aggregazione: CONSORZIO CANAVESANO AMBIENTE CCA;
01001171;Orbassano;Torino;1   ;          23.061;12,74;22,57;47,44;13,82;14,78;23,40;51,10;0,04;             185,89;
01001172;Orio Canavese;Torino;1   ;             745;18,28;15,97;36,04;7,90;4,23;32,02;7,20;;             121,64;
01001173;Osasco;Torino;1   ;           1.150;10,02;29,96;33,78;13,19;1,79;34,97;18,35;1,38;             143,43;
01001174;Osasio;Torino;1   ;             931;9,19;14,41;32,32;8,54;4,90;15,28;34,35;0,04;             119,03;
01001175;Oulx;Torino;1   ;           3.273;39,46;34,24;89,24;28,48;29,02;20,69;25,71;4,24;             271,06;
01001176;Ozegna;Torino;Vedi aggregazione: CONSORZIO CANAVESANO AMBIENTE CCA;
01001177;Palazzo Canavese;Torino;1   ;             834;20,56;17,96;40,54;8,89;;13,63;8,04;;             109,62;
01001178;Pancalieri;Torino;1   ;           1.991;9,11;16,35;35,01;14,88;5,75;17,50;17,15;0,04;             115,79;
01001179;Parella;Torino;1   ;             412;19,98;17,46;44,27;8,64;11,17;21,51;32,04;;             155,07;
01001180;Pavarolo;Torino;1   ;           1.172;7,90;;51,60;23,75;1,89;20,58;15,48;0,49;             121,69;
01001181;Pavone Canavese;Torino;1   ;           3.606;28,34;24,76;55,91;12,26;8,34;32,63;23,46;;             185,70;
01001183;Pecetto Torinese;Torino;1   ;           4.029;7,69;;45,29;25,53;19,17;23,57;28,17;0,51;             149,93;
01001184;Perosa Argentina;Torino;1   ;           3.072;16,32;29,57;31,93;11,42;2,63;45,69;20,74;4,57;             162,88;
01001185;Perosa Canavese;Torino;1   ;             511;17,35;15,15;34,20;7,50;;36,08;9,74;;             120,02;
01001186;Perrero;Torino;1   ;             570;9,27;25,73;26,12;8,43;1,06;56,35;21,44;1,80;             150,20;
01001187;Pertusio;Torino;Vedi aggregazione: CONSORZIO CANAVESANO AMBIENTE CCA;
01001189;Pianezza;Torino;1   ;          15.454;21,56;0,76;44,98;35,63;28,45;11,42;17,30;4,99;             165,10;
01001190;Pinasca;Torino;1   ;           2.823;8,39;26,52;28,18;11,09;4,27;22,27;15,53;3,85;             120,09;
01001191;Pinerolo;Torino;1   ;          35.418;10,93;33,25;43,13;12,87;22,60;52,68;64,89;15,73;             256,09;
01001192;Pino Torinese;Torino;1   ;           8.420;7,16;;46,66;23,76;19,65;24,53;22,08;0,50;             144,33;
01001193;Piobesi Torinese;Torino;1   ;           3.804;14,07;17,45;53,51;16,34;10,27;24,85;41,43;0,04;             177,96;
01001194;Piossasco;Torino;1   ;          18.025;9,00;15,41;43,42;12,87;7,74;24,46;37,88;0,04;             150,82;
01001195;Piscina;Torino;1   ;           3.282;12,97;32,90;26,55;11,14;43,44;57,13;15,73;4,93;             204,79;
01001196;Piverone;Torino;1   ;           1.279;23,04;20,13;45,43;9,96;;29,04;10,03;;             137,63;
01001197;Poirino;Torino;1   ;          10.183;8,78;0,02;48,54;21,89;7,39;28,06;29,56;0,51;             144,75;
01001198;Pomaretto;Torino;1   ;             961;6,41;19,39;27,80;15,98;5,22;18,24;31,97;4,78;             129,79;
01001199;Pont-Canavese;Torino;Vedi aggregazione: CONSORZIO CANAVESANO AMBIENTE CCA;
01001200;Porte;Torino;1   ;           1.092;10,17;24,93;27,56;8,80;;27,18;18,58;1,27;             118,49;
01001201;Pragelato;Torino;1   ;             741;55,53;79,43;305,62;28,15;2,38;183,10;68,37;153,89;             876,47;
01001202;Prali;Torino;1   ;             255;8,81;86,83;76,10;16,08;14,18;165,44;45,96;79,53;             492,94;
01001203;Pralormo;Torino;1   ;           1.896;13,37;;37,84;23,86;;25,07;11,68;0,50;             112,31;
01001204;Pramollo;Torino;1   ;             220;8,87;30,58;21,39;7,93;;89,29;13,04;1,77;             172,87;
01001205;Prarostino;Torino;1   ;           1.246;9,37;25,69;28,89;10,11;1,77;23,75;17,86;1,31;             118,75;
01001206;Prascorsano;Torino;Vedi aggregazione: CONSORZIO CANAVESANO AMBIENTE CCA;
01001207;Pratiglione;Torino;Vedi aggregazione: CONSORZIO CANAVESANO AMBIENTE CCA;
01001208;Quagliuzzo;Torino;1   ;             331;16,35;14,29;32,24;7,07;;21,79;6,38;;              98,13;
01001209;Quassolo;Torino;1   ;             330;18,81;16,43;37,08;8,13;14,68;23,62;19,07;;             137,83;
01001210;Quincinetto;Torino;1   ;             983;17,55;15,33;34,60;7,59;6,28;22,28;10,10;;             113,73;
01001211;Reano;Torino;1   ;           1.746;16,85;0,62;36,60;28,99;3,50;8,04;20,13;1,89;             116,60;
01001212;Ribordone;Torino;Vedi aggregazione: CONSORZIO CANAVESANO AMBIENTE CCA;
01001215;Riva presso Chieri;Torino;1   ;           4.732;6,75;;34,48;20,61;6,71;35,60;23,71;0,50;             128,37;
01001213;Rivalba;Torino;1   ;           1.138;20,56;16,59;48,31;10,37;2,10;8,80;13,87;1,84;             122,44;
01001214;Rivalta di Torino;Torino;1   ;          20.199;10,34;18,17;47,68;13,37;10,89;24,16;48,54;0,04;             173,20;
01001216;Rivara;Torino;Vedi aggregazione: CONSORZIO CANAVESANO AMBIENTE CCA;
01001217;Rivarolo Canavese - Dato aggregazione CONSORZIO CANAVESANO AMBIENTE CCA;Torino;47  ;          75.614;32,41;28,66;61,33;6,34;5,94;16,85;2,93;;             154,44;
01001218;Rivarossa;Torino;Vedi aggregazione: CONSORZIO CANAVESANO AMBIENTE CCA;
01001219;Rivoli;Torino;1   ;          47.147;21,86;0,84;48,65;37,61;30,07;36,48;9,73;2,77;             188,01;
01001222;Roletto;Torino;1   ;           1.968;11,24;33,48;33,97;12,61;5,48;25,56;36,78;1,43;             160,54;
01001223;Romano Canavese;Torino;1   ;           2.639;22,20;19,70;43,78;9,60;0,59;32,19;11,49;;             139,55;
01001224;Ronco Canavese;Torino;Vedi aggregazione: CONSORZIO CANAVESANO AMBIENTE CCA;
01001225;Rondissone;Torino;1   ;           1.919;19,55;16,91;49,91;14,52;2,40;10,99;37,41;3,46;             155,16;
01001226;Rora;Torino;1   ;             225;4,19;25,09;23,36;8,38;0,11;55,75;11,93;37,16;             165,97;
01001228;Rosta;Torino;1   ;           5.086;17,54;0,65;38,11;30,19;24,11;8,06;23,42;1,98;             144,04;
01001227;Roure;Torino;1   ;             764;27,86;42,38;40,62;13,71;0,06;33,42;27,66;2,10;             187,80;
01001229;Rubiana;Torino;1   ;           2.417;25,50;22,13;57,68;18,41;7,10;14,08;10,72;2,76;             158,38;
01001230;Rueglio;Torino;Vedi aggregazione: CONSORZIO CANAVESANO AMBIENTE CCA;
01001231;Salassa;Torino;Vedi aggregazione: CONSORZIO CANAVESANO AMBIENTE CCA;
01001232;Salbertrand;Torino;1   ;             605;33,36;28,94;75,43;24,07;8,04;43,90;47,75;4,19;             265,69;
01001233;Salerano Canavese;Torino;1   ;             467;20,74;18,12;40,89;8,97;14,74;33,23;8,04;;             144,73;
01001234;Salza di Pinerolo;Torino;1   ;              67;13,05;21,77;32,75;3,85;;74,92;52,01;2,28;             200,63;
01001235;Samone;Torino;1   ;           1.491;20,64;18,04;40,70;8,93;;29,54;12,68;;             130,52;
01001236;San Benigno Canavese;Torino;1   ;           6.062;27,48;16,17;49,28;11,74;10,77;10,84;15,13;2,63;             144,04;
01001238;San Colombano Belmonte;Torino;Vedi aggregazione: CONSORZIO CANAVESANO AMBIENTE CCA;
01001239;San Didero;Torino;1   ;             508;19,02;16,50;43,01;13,72;5,50;13,20;13,87;1,77;             126,58;
01001242;San Germano Chisone;Torino;1   ;           1.708;10,47;26,60;27,71;11,47;2,89;32,60;25,36;1,37;             138,46;
01001243;San Gillio;Torino;1   ;           3.243;14,34;0,53;37,18;24,68;19,71;20,86;36,49;3,86;             157,64;
01001244;San Giorgio Canavese;Torino;1   ;           2.513;27,10;23,68;53,44;11,72;12,19;24,36;20,04;;             172,53;
01001245;San Giorio di Susa;Torino;1   ;             976;20,80;18,04;47,03;15,01;;24,75;3,84;2,24;             131,70;
01001246;San Giusto Canavese;Torino;1   ;           3.241;20,76;18,14;40,93;8,98;1,30;21,99;11,26;;             123,35;
01001247;San Martino Canavese;Torino;1   ;             795;18,36;16,04;36,19;7,94;;24,04;19,37;;             121,94;
01001249;San Mauro Torinese;Torino;1   ;          18.581;29,16;15,82;59,22;9,98;32,90;10,42;35,03;1,70;             194,24;
01001250;San Pietro Val Lemina;Torino;1   ;           1.464;9,58;27,86;25,68;8,25;2,74;38,84;14,47;1,28;             128,70;
01001251;San Ponso;Torino;Vedi aggregazione: CONSORZIO CANAVESANO AMBIENTE CCA;
01001252;San Raffaele Cimena;Torino;1   ;           3.141;20,27;16,14;53,79;9,36;4,56;20,96;19,84;1,36;             146,29;
01001253;San Sebastiano da Po;Torino;1   ;           1.866;21,13;16,22;54,85;12,10;;10,37;19,36;3,53;             137,56;
01001254;San Secondo di Pinerolo;Torino;1   ;           3.637;11,34;36,21;33,53;15,59;5,75;41,99;19,63;5,84;             169,88;
01001241;Sangano;Torino;1   ;           3.675;24,04;0,68;43,45;31,83;25,42;15,20;17,87;2,01;             160,50;
01001255;Sant'Ambrogio di Torino;Torino;1   ;           4.591;20,79;18,04;47,02;15,01;16,92;12,73;12,27;1,83;             144,61;
01001256;Sant'Antonino di Susa;Torino;1   ;           4.071;21,17;19,00;48,80;15,81;9,17;13,89;30,62;1,94;             160,39;
01001257;Santena;Torino;1   ;          10.441;5,84;;28,89;23,69;10,02;49,73;23,13;0,51;             141,81;
01001258;Sauze di Cesana;Torino;1   ;             243;55,23;49,57;127,28;41,23;46,57;94,98;10,61;25,31;             450,78;
01001259;Sauze d'Oulx;Torino;1   ;           1.025;122,10;109,59;281,41;91,15;140,14;100,56;76,37;20,48;             941,80;
01001260;Scalenghe;Torino;1   ;           3.190;10,23;33,12;32,10;11,10;4,26;26,93;27,13;5,34;             150,21;
01001261;Scarmagno;Torino;1   ;             793;22,27;19,45;43,90;9,63;;29,35;14,92;;             139,51;
01001262;Sciolze;Torino;1   ;           1.455;28,94;16,29;42,08;7,71;8,55;31,36;21,40;12,90;             169,22;
01001263;Sestriere;Torino;1   ;             929;119,92;107,64;276,40;89,53;105,73;95,04;42,25;22,98;             859,48;
01001264;Settimo Rottaro;Torino;1   ;             470;17,72;15,48;34,93;7,66;;49,60;12,74;;             138,14;
01001265;Settimo Torinese;Torino;1   ;          45.840;31,16;23,15;62,42;12,37;20,87;9,13;57,96;4,97;             222,03;
01001266;Settimo Vittone;Torino;1   ;           1.507;22,15;19,35;43,68;9,58;;25,54;36,25;;             156,56;
01001267;Sparone;Torino;Vedi aggregazione: CONSORZIO CANAVESANO AMBIENTE CCA;
01001268;Strambinello;Torino;1   ;             261;18,34;16,03;38,99;7,93;1,57;29,03;11,15;;             123,06;
01001269;Strambino;Torino;1   ;           6.050;26,13;22,83;51,51;11,30;12,54;30,49;17,31;;             172,10;
01001270;Susa;Torino;1   ;           5.911;24,48;21,97;56,43;18,28;19,02;22,26;40,84;2,24;             205,52;
01001271;Tavagnasco;Torino;1   ;             745;17,67;15,44;34,84;7,64;6,73;28,05;12,21;;             122,57;
01001272;Torino;Torino;1   ;         841.600;25,77;;47,04;53,65;31,13;42,37;39,11;0,24;             239,32;
01001273;Torrazza Piemonte;Torino;1   ;           3.017;19,29;15,40;49,39;11,38;0,89;14,74;12,08;1,87;             125,03;
01001274;Torre Canavese;Torino;1   ;             629;19,02;16,62;37,50;8,22;11,96;27,00;14,12;;             134,44;
01001275;Torre Pellice;Torino;1   ;           4.575;10,86;30,74;31,61;12,66;14,16;29,84;31,92;1,44;             163,23;
01001276;Trana;Torino;1   ;           3.794;19,76;0,67;41,63;31,12;26,58;14,79;15,62;3,87;             154,04;
01001278;Traversella;Torino;Vedi aggregazione: CONSORZIO CANAVESANO AMBIENTE CCA;
01001280;Trofarello;Torino;1   ;          10.578;11,11;17,60;51,95;15,76;9,76;21,16;38,87;0,04;             166,25;
01001281;Usseaux;Torino;1   ;             175;45,54;69,83;72,56;16,28;1,72;93,27;36,67;4,31;             340,18;
01001283;Vaie;Torino;1   ;           1.378;18,12;16,26;41,76;13,53;8,92;11,36;3,98;1,76;             115,68;
01001317;Val di Chy;Torino;Vedi aggregazione: CONSORZIO CANAVESANO AMBIENTE CCA;
01001318;Valchiusa;Torino;Vedi aggregazione: CONSORZIO CANAVESANO AMBIENTE CCA;
01001285;Valgioie;Torino;1   ;             957;19,67;0,72;42,72;33,84;;34,21;37,57;3,70;             172,43;
01001287;Valperga;Torino;Vedi aggregazione: CONSORZIO CANAVESANO AMBIENTE CCA;
01001288;Valprato Soana;Torino;Vedi aggregazione: CONSORZIO CANAVESANO AMBIENTE CCA;
01001292;Venaria Reale;Torino;1   ;          32.288;22,71;0,84;49,32;39,07;31,20;9,81;25,52;2,33;             180,80;
01001291;Venaus;Torino;1   ;             875;14,04;12,60;32,35;10,48;;15,47;7,35;2,31;              94,59;
01001293;Verolengo;Torino;1   ;           4.803;8,87;17,41;60,66;10,77;1,57;10,19;20,95;4,57;             134,98;
01001294;Verrua Savoia;Torino;1   ;           1.332;21,68;16,51;56,14;12,81;;10,28;27,36;3,14;             147,91;
01001295;Vestigne;Torino;1   ;             743;26,12;22,82;51,50;11,30;1,25;37,74;16,83;;             167,57;
01001296;Vialfre;Torino;1   ;             253;20,10;17,56;39,62;8,69;;21,86;13,09;;             120,92;
01001298;Vidracco;Torino;Vedi aggregazione: CONSORZIO CANAVESANO AMBIENTE CCA;
01001299;Vigone;Torino;1   ;           5.055;7,36;14,27;35,75;16,23;8,67;40,91;20,34;1,29;             144,81;
01001300;Villafranca Piemonte;Torino;1   ;           4.594;6,52;13,63;34,52;13,83;2,12;24,22;17,40;1,27;             113,52;
01001303;Villar Dora;Torino;1   ;           2.792;22,84;20,50;52,64;17,05;12,27;9,88;5,81;2,05;             143,03;
01001305;Villar Focchiardo;Torino;1   ;           1.953;15,10;13,55;34,80;11,27;;19,66;8,47;1,59;             104,44;
01001306;Villar Pellice;Torino;1   ;           1.059;11,85;30,76;32,62;6,76;5,22;42,81;30,09;1,49;             161,60;
01001307;Villar Perosa;Torino;1   ;           3.878;12,68;29,74;32,94;11,33;4,03;45,40;25,70;1,38;             163,19;
01001302;Villarbasse;Torino;1   ;           3.525;21,30;0,78;46,59;36,65;1,85;36,34;18,95;2,21;             164,67;
01001304;Villareggia;Torino;1   ;             994;20,76;18,14;40,94;8,98;;51,49;8,06;;             148,37;
01001308;Villastellone;Torino;1   ;           4.434;8,42;17,89;55,22;18,60;10,51;31,13;37,12;0,04;             178,93;
01001309;Vinovo;Torino;1   ;          15.216;12,06;17,03;38,14;13,27;3,14;19,59;22,32;0,04;             125,58;
01001310;Virle Piemonte;Torino;1   ;           1.160;9,45;14,42;37,68;16,68;0,40;20,78;44,55;0,04;             144,00;
01001311;Vische;Torino;1   ;           1.188;19,05;16,64;37,55;8,23;3,21;21,85;24,19;;             130,72;
01001312;Vistrorio;Torino;Vedi aggregazione: CONSORZIO CANAVESANO AMBIENTE CCA;
01001314;Volpiano;Torino;1   ;          15.247;28,50;21,41;54,49;14,49;13,58;12,62;28,36;18,80;             192,26;
01001315;Volvera;Torino;1   ;           8.477;10,89;31,18;31,92;12,74;31,64;32,38;47,19;7,68;             205,61;
19081001;Alcamo;Trapani;1   ;          44.569;33,94;40,42;;19,91;16,04;21,93;47,06;45,92;             225,22;
19081002;Buseto Palizzolo;Trapani;1   ;           2.761;21,42;49,31;80,43;12,92;4,88;21,23;6,88;;             197,08;
19081003;Calatafimi-Segesta;Trapani;1   ;           6.127;22,92;18,87;84,36;21,55;9,79;42,70;2,10;;             202,30;
19081004;Campobello di Mazara;Trapani;1   ;          11.382;34,34;34,50;48,68;17,72;39,07;36,95;18,07;12,91;             242,24;
19081005;Castellammare del Golfo;Trapani;1   ;          14.610;25,64;60,56;87,13;17,48;33,25;21,80;20,44;;             266,30;
19081007;Custonaci;Trapani;1   ;           5.274;21,52;43,15;52,58;32,51;1,48;32,58;38,77;;             222,59;
19081009;Favignana;Trapani;1   ;           4.525;21,04;29,50;177,81;45,76;51,75;53,78;47,55;33,18;             460,37;
19081010;Gibellina;Trapani;1   ;           3.724;12,23;15,91;93,70;46,52;21,21;26,28;54,44;;             270,28;
19081011;Marsala;Trapani;1   ;          79.809;15,09;19,07;62,74;20,60;16,57;33,17;17,62;8,59;             193,45;
19081012;Mazara del Vallo;Trapani;1   ;          50.039;11,71;21,17;74,01;30,43;22,07;27,11;3,49;;             189,96;
19081013;Paceco;Trapani;1   ;          10.779;5,34;11,74;58,47;42,20;14,08;28,41;8,69;2,74;             171,68;
19081014;Pantelleria;Trapani;1   ;           7.352;17,29;28,76;159,10;29,79;14,96;22,01;7,97;;             279,88;
19081015;Partanna;Trapani;1   ;           9.838;13,71;12,74;78,10;27,64;;26,65;;5,30;             164,14;
19081024;Petrosino;Trapani;1   ;           7.903;41,78;19,50;85,22;30,17;25,33;19,92;3,31;;             225,23;
19081016;Poggioreale;Trapani;1   ;           1.303;40,35;15,30;52,68;22,74;5,12;6,95;10,10;;             153,23;
19081017;Salaparuta;Trapani;1   ;           1.562;15,59;19,56;77,08;21,34;3,50;7,39;13,36;;             157,83;
19081018;Salemi;Trapani;1   ;           9.986;13,33;13,34;62,89;25,70;9,81;31,18;14,27;;             170,52;
19081020;San Vito Lo Capo;Trapani;1   ;           4.814;23,63;36,78;208,43;54,70;48,88;50,72;63,59;5,19;             491,92;
19081019;Santa Ninfa;Trapani;1   ;           4.770;13,78;14,36;73,62;21,84;3,92;13,02;33,24;;             173,78;
19081021;Trapani;Trapani;1   ;          55.559;21,28;18,59;73,03;39,43;21,73;42,61;132,94;;             349,60;
19081022;Valderice;Trapani;1   ;          11.480;11,02;14,25;90,88;34,73;18,98;34,29;21,73;;             225,88;
19081023;Vita;Trapani;1   ;           1.813;13,19;12,61;73,55;24,12;7,48;18,47;1,06;;             150,49;
04022001;Ala;Trento;1   ;           8.806;13,63;20,71;43,04;15,39;8,01;14,41;6,97;;             122,16;
04022236;Altopiano Della Vigolana;Trento;Vedi aggregazione: AMAMBIENTE SPA;
04022237;Amblar-Don;Trento;Vedi aggregazione: COMUNITA' DELLA VAL DI NON;
04022006;Arco;Trento;1   ;          17.750;15,44;17,47;45,66;0,34;9,63;13,89;5,50;37,43;             145,37;
04022007;Avio;Trento;1   ;           4.098;13,13;20,26;37,13;13,10;;8,91;;;              92,52;
04022009;Baselga di Pine;Trento;Vedi aggregazione: AMAMBIENTE SPA;
04022011;Bedollo;Trento;Vedi aggregazione: AMAMBIENTE SPA;
04022015;Bieno;Trento;Vedi aggregazione: COMUNITA' VALSUGANA E TESINO;
04022017;Bleggio Superiore;Trento;Vedi aggregazione: COMUNITA' DELLE GIUDICARIE;
04022018;Bocenago;Trento;Vedi aggregazione: COMUNITA' DELLE GIUDICARIE;
04022021;Bondone;Trento;Vedi aggregazione: COMUNITA' DELLE GIUDICARIE;
04022238;Borgo Chiese;Trento;Vedi aggregazione: COMUNITA' DELLE GIUDICARIE;
04022252;Borgo d'Anaunia;Trento;Vedi aggregazione: COMUNITA' DELLA VAL DI NON;
04022239;Borgo Lares;Trento;Vedi aggregazione: COMUNITA' DELLE GIUDICARIE;
04022022;Borgo Valsugana - Dato aggregazione COMUNITA' VALSUGANA E TESINO;Trento;18  ;          26.943;17,13;17,31;65,55;4,43;12,00;9,25;3,78;1,28;             130,72;
04022026;Bresimo;Trento;Vedi aggregazione: COMUNITA' DELLA VAL DI NON;
04022029;Caderzone Terme;Trento;Vedi aggregazione: COMUNITA' DELLE GIUDICARIE;
04022032;Calceranica al Lago;Trento;Vedi aggregazione: AMAMBIENTE SPA;
04022033;Caldes;Trento;1   ;           1.102;13,53;14,56;22,91;8,84;17,60;24,86;10,85;0,70;             113,84;
04022034;Caldonazzo;Trento;Vedi aggregazione: AMAMBIENTE SPA;
04022035;Calliano;Trento;1   ;           2.048;15,55;20,54;35,10;12,21;3,87;14,23;18,91;;             120,40;
04022036;Campitello di Fassa;Trento;1   ;             710;34,27;63,93;114,49;21,38;66,51;29,61;104,32;;             434,52;
04022037;Campodenno;Trento;Vedi aggregazione: COMUNITA' DELLA VAL DI NON;
04022038;Canal San Bovo;Trento;Vedi aggregazione: COMUNITA' DI PRIMIERO;
04022039;Canazei;Trento;1   ;           1.831;43,54;65,29;81,50;49,63;43,48;27,15;47,21;;             357,79;
04022042;Carisolo;Trento;Vedi aggregazione: COMUNITA' DELLE GIUDICARIE;
04022043;Carzano;Trento;Vedi aggregazione: COMUNITA' VALSUGANA E TESINO;
04022045;Castel Condino;Trento;Vedi aggregazione: COMUNITA' DELLE GIUDICARIE;
04022240;Castel Ivano;Trento;Vedi aggregazione: COMUNITA' VALSUGANA E TESINO;
04022048;Castello Tesino;Trento;Vedi aggregazione: COMUNITA' VALSUGANA E TESINO;
04022049;Castelnuovo;Trento;Vedi aggregazione: COMUNITA' VALSUGANA E TESINO;
04022051;Cavareno;Trento;Vedi aggregazione: COMUNITA' DELLA VAL DI NON;
04022054;Cavizzana;Trento;1   ;             236;10,96;11,79;18,05;7,16;13,05;16,28;7,81;0,56;              85,66;
04022059;Cinte Tesino;Trento;Vedi aggregazione: COMUNITA' VALSUGANA E TESINO;
04022060;Cis;Trento;Vedi aggregazione: COMUNITA' DELLA VAL DI NON;
04022061;Civezzano;Trento;Vedi aggregazione: AMAMBIENTE SPA;
04022062;Cles - Dato aggregazione COMUNITA' DELLA VAL DI NON;Trento;23  ;          39.590;15,15;5,67;35,65;21,82;17,48;28,05;12,28;4,96;             141,06;
04022228;Comano Terme;Trento;Vedi aggregazione: COMUNITA' DELLE GIUDICARIE;
04022064;Commezzadura;Trento;1   ;           1.007;24,83;26,71;38,13;16,22;14,61;31,39;22,47;1,28;             175,64;
04022242;Conta';Trento;Vedi aggregazione: COMUNITA' DELLA VAL DI NON;
04022068;Croviana;Trento;1   ;             699;15,79;16,98;26,13;10,31;10,23;22,64;21,20;0,81;             124,11;
04022071;Dambel;Trento;Vedi aggregazione: COMUNITA' DELLA VAL DI NON;
04022074;Denno;Trento;Vedi aggregazione: COMUNITA' DELLA VAL DI NON;
04022233;Dimaro Folgarida;Trento;1   ;           2.089;41,27;44,39;60,03;26,96;26,31;55,90;47,29;2,13;             304,27;
04022078;Drena;Trento;1   ;             594;23,66;17,74;39,40;0,31;4,83;10,60;13,17;3,22;             112,93;
04022079;Dro;Trento;1   ;           5.009;19,72;35,52;32,70;0,32;3,83;11,19;8,52;27,08;             138,88;
04022083;Fiave;Trento;Vedi aggregazione: COMUNITA' DELLE GIUDICARIE;
04022085;Fierozzo;Trento;Vedi aggregazione: AMAMBIENTE SPA;
04022089;Fornace;Trento;Vedi aggregazione: AMAMBIENTE SPA;
04022090;Frassilongo;Trento;Vedi aggregazione: AMAMBIENTE SPA;
04022093;Giustino;Trento;Vedi aggregazione: COMUNITA' DELLE GIUDICARIE;
04022095;Grigno;Trento;Vedi aggregazione: COMUNITA' VALSUGANA E TESINO;
04022097;Imer;Trento;Vedi aggregazione: COMUNITA' DI PRIMIERO;
04022098;Isera;Trento;1   ;           2.785;10,90;18,87;48,78;22,41;10,61;10,60;13,11;;             135,28;
04022102;Lavarone;Trento;1   ;           1.186;51,41;78,82;89,85;24,14;15,72;46,89;11,62;;             318,46;
04022229;Ledro;Trento;1   ;           5.317;33,58;55,30;41,99;0,44;8,02;20,42;10,10;21,52;             191,36;
04022104;Levico Terme;Trento;Vedi aggregazione: AMAMBIENTE SPA;
04022106;Livo;Trento;Vedi aggregazione: COMUNITA' DELLA VAL DI NON;
04022109;Luserna;Trento;1   ;             267;30,70;46,28;82,19;24,30;3,57;35,90;0,52;;             223,48;
04022110;Male;Trento;1   ;           2.268;21,42;23,04;31,41;13,99;10,31;26,92;17,66;1,10;             145,86;
04022112;Massimeno;Trento;Vedi aggregazione: COMUNITA' DELLE GIUDICARIE;
04022113;Mazzin;Trento;1   ;             592;20,78;37,12;87,23;18,35;68,80;80,03;109,64;;             421,95;
04022114;Mezzana;Trento;1   ;             880;68,58;73,77;98,22;44,80;46,43;85,31;58,58;3,56;             479,24;
04022115;Mezzano;Trento;Vedi aggregazione: COMUNITA' DI PRIMIERO;
04022118;Moena;Trento;1   ;           2.563;9,60;39,68;27,81;;13,62;17,59;8,56;;             116,85;
04022123;Mori;Trento;1   ;          10.106;17,03;21,23;46,14;13,46;5,18;10,46;4,58;;             118,08;
04022124;Nago-Torbole;Trento;1   ;           2.788;27,26;48,49;58,72;0,55;28,47;23,34;31,90;67,88;             286,60;
04022127;Nogaredo;Trento;1   ;           2.079;13,35;21,57;35,42;12,65;4,15;15,01;3,33;;             105,47;
04022128;Nomi;Trento;1   ;           1.307;22,39;32,22;44,40;14,40;4,60;17,62;6,93;;             142,56;
04022129;Novaledo;Trento;Vedi aggregazione: COMUNITA' VALSUGANA E TESINO;
04022253;Novella;Trento;Vedi aggregazione: COMUNITA' DELLA VAL DI NON;
04022130;Ospedaletto;Trento;Vedi aggregazione: COMUNITA' VALSUGANA E TESINO;
04022131;Ossana;Trento;1   ;             819;28,95;31,14;52,47;18,91;16,03;37,20;28,85;9,04;             222,59;
04022133;Palu del Fersina;Trento;Vedi aggregazione: AMAMBIENTE SPA;
04022136;Peio;Trento;1   ;           1.817;30,06;32,68;38,46;19,00;11,54;32,63;41,92;9,90;             216,19;
04022137;Pellizzano;Trento;1   ;             790;28,37;30,52;42,33;18,54;23,62;37,69;17,56;9,27;             207,90;
04022138;Pelugo;Trento;Vedi aggregazione: COMUNITA' DELLE GIUDICARIE;
04022139;Pergine Valsugana - Dato aggregazione AMAMBIENTE SPA;Trento;15  ;          55.557;7,14;11,65;19,30;17,98;21,38;40,60;12,46;3,38;             133,88;
04022234;Pieve Di Bono-Prezzo;Trento;Vedi aggregazione: COMUNITA' DELLE GIUDICARIE;
04022142;Pieve Tesino;Trento;Vedi aggregazione: COMUNITA' VALSUGANA E TESINO;
04022143;Pinzolo;Trento;Vedi aggregazione: COMUNITA' DELLE GIUDICARIE;
04022144;Pomarolo;Trento;1   ;           2.441;11,30;16,39;35,33;11,78;7,97;12,35;3,14;;              98,26;
04022244;Porte Di Rendena;Trento;Vedi aggregazione: COMUNITA' DELLE GIUDICARIE;
04022230;Predaia;Trento;Vedi aggregazione: COMUNITA' DELLA VAL DI NON;
04022245;Primiero San Martino Di Castrozza - Dato aggregazione COMUNITA' DI PRIMIERO;Trento;5   ;           9.445;11,04;15,39;52,30;29,62;44,72;28,94;6,03;;             188,05;
04022150;Rabbi;Trento;1   ;           1.350;17,18;18,48;28,71;11,22;22,61;26,51;11,14;0,89;             136,74;
04022153;Riva del Garda;Trento;1   ;          17.787;24,70;42,24;61,30;0,38;25,21;13,20;1,66;14,32;             183,01;
04022155;Romeno;Trento;Vedi aggregazione: COMUNITA' DELLA VAL DI NON;
04022156;Roncegno Terme;Trento;Vedi aggregazione: COMUNITA' VALSUGANA E TESINO;
04022157;Ronchi Valsugana;Trento;Vedi aggregazione: COMUNITA' VALSUGANA E TESINO;
04022135;Ronzo-Chienis;Trento;1   ;             998;26,73;37,46;51,59;17,09;4,49;22,69;8,39;;             168,44;
04022159;Ronzone;Trento;Vedi aggregazione: COMUNITA' DELLA VAL DI NON;
04022161;Rovereto;Trento;1   ;          39.809;10,42;10,68;44,85;24,36;12,79;32,13;17,52;;             152,75;
04022162;Ruffre-Mendola;Trento;Vedi aggregazione: COMUNITA' DELLA VAL DI NON;
04022163;Rumo;Trento;Vedi aggregazione: COMUNITA' DELLA VAL DI NON;
04022164;Sagron Mis;Trento;Vedi aggregazione: COMUNITA' DI PRIMIERO;
04022165;Samone;Trento;Vedi aggregazione: COMUNITA' VALSUGANA E TESINO;
04022231;San Lorenzo Dorsino;Trento;Vedi aggregazione: COMUNITA' DELLE GIUDICARIE;
04022168;Sant'Orsola Terme;Trento;Vedi aggregazione: AMAMBIENTE SPA;
04022169;Sanzeno;Trento;Vedi aggregazione: COMUNITA' DELLA VAL DI NON;
04022170;Sarnonico;Trento;Vedi aggregazione: COMUNITA' DELLA VAL DI NON;
04022171;Scurelle;Trento;Vedi aggregazione: COMUNITA' VALSUGANA E TESINO;
04022246;Sella Giudicarie;Trento;Vedi aggregazione: COMUNITA' DELLE GIUDICARIE;
04022250;Sen Jan di Fassa-San Giovanni di Fassa;Trento;1   ;           3.573;22,91;36,16;50,92;29,23;24,25;44,22;19,31;;             227,00;
04022173;Sfruz;Trento;Vedi aggregazione: COMUNITA' DELLA VAL DI NON;
04022176;Soraga;Trento;1   ;             700;24,32;36,26;54,86;27,82;23,54;17,86;32,87;;             217,54;
04022179;Spiazzo;Trento;Vedi aggregazione: COMUNITA' DELLE GIUDICARIE;
04022181;Sporminore;Trento;Vedi aggregazione: COMUNITA' DELLA VAL DI NON;
04022182;Stenico;Trento;Vedi aggregazione: COMUNITA' DELLE GIUDICARIE;
04022183;Storo;Trento;Vedi aggregazione: COMUNITA' DELLE GIUDICARIE;
04022184;Strembo;Trento;Vedi aggregazione: COMUNITA' DELLE GIUDICARIE;
04022188;Telve;Trento;Vedi aggregazione: COMUNITA' VALSUGANA E TESINO;
04022189;Telve di Sopra;Trento;Vedi aggregazione: COMUNITA' VALSUGANA E TESINO;
04022190;Tenna;Trento;Vedi aggregazione: AMAMBIENTE SPA;
04022191;Tenno;Trento;1   ;           2.002;18,58;48,50;23,05;0,35;6,24;14,43;12,29;59,22;             182,65;
04022193;Terragnolo;Trento;1   ;             707;23,31;34,08;29,24;7,27;11,64;19,68;7,27;;             132,48;
04022195;Terzolas;Trento;1   ;             633;15,32;16,48;24,33;10,01;10,67;23,37;28,06;0,79;             129,03;
04022199;Tione di Trento - Dato aggregazione COMUNITA' DELLE GIUDICARIE;Trento;25  ;          36.754;10,38;29,06;90,17;17,86;17,17;7,22;2,63;8,30;             182,79;
04022200;Ton;Trento;Vedi aggregazione: COMUNITA' DELLA VAL DI NON;
04022202;Torcegno;Trento;Vedi aggregazione: COMUNITA' VALSUGANA E TESINO;
04022247;Tre Ville;Trento;Vedi aggregazione: COMUNITA' DELLE GIUDICARIE;
04022205;Trento;Trento;1   ;         118.046;12,10;7,85;59,53;24,28;14,20;35,49;18,86;;             172,32;
04022232;Valdaone;Trento;Vedi aggregazione: COMUNITA' DELLE GIUDICARIE;
04022210;Vallarsa;Trento;1   ;           1.394;27,53;38,34;30,79;5,29;16,35;28,49;12,97;;             159,77;
04022213;Vermiglio;Trento;1   ;           1.777;30,49;32,80;47,20;19,92;14,01;34,02;22,90;8,02;             209,35;
04022216;Vignola-Falesina;Trento;Vedi aggregazione: AMAMBIENTE SPA;
04022249;Villa d'Anaunia;Trento;Vedi aggregazione: COMUNITA' DELLA VAL DI NON;
04022222;Villa Lagarina;Trento;1   ;           3.889;13,31;19,57;37,70;13,41;17,38;22,98;15,06;;             139,41;
04022224;Volano;Trento;1   ;           3.104;15,21;18,88;42,84;14,64;15,63;16,04;4,52;;             127,76;
05026001;Altivole;Treviso;Vedi aggregazione: Consiglio di Bacino Priula;
05026002;Arcade;Treviso;Vedi aggregazione: Consiglio di Bacino Priula;
05026003;Asolo;Treviso;Vedi aggregazione: Consiglio di Bacino Priula;
05026004;Borso del Grappa;Treviso;Vedi aggregazione: Consiglio di Bacino Priula;
05026005;Breda di Piave;Treviso;Vedi aggregazione: Consiglio di Bacino Priula;
05026006;Caerano di San Marco;Treviso;Vedi aggregazione: Consiglio di Bacino Priula;
05026007;Cappella Maggiore;Treviso;Vedi aggregazione: Consiglio di Bacino Sinistra Piave;
05026008;Carbonera;Treviso;Vedi aggregazione: Consiglio di Bacino Priula;
05026009;Casale sul Sile;Treviso;Vedi aggregazione: Consiglio di Bacino Priula;
05026010;Casier;Treviso;Vedi aggregazione: Consiglio di Bacino Priula;
05026011;Castelcucco;Treviso;Vedi aggregazione: Consiglio di Bacino Priula;
05026012;Castelfranco Veneto;Treviso;Vedi aggregazione: Consiglio di Bacino Priula;
05026013;Castello di Godego;Treviso;Vedi aggregazione: Consiglio di Bacino Priula;
05026014;Cavaso del Tomba;Treviso;Vedi aggregazione: Consiglio di Bacino Priula;
05026015;Cessalto;Treviso;Vedi aggregazione: Consiglio di Bacino Sinistra Piave;
05026016;Chiarano;Treviso;Vedi aggregazione: Consiglio di Bacino Sinistra Piave;
05026017;Cimadolmo;Treviso;Vedi aggregazione: Consiglio di Bacino Sinistra Piave;
05026018;Cison di Valmarino;Treviso;Vedi aggregazione: Consiglio di Bacino Sinistra Piave;
05026019;Codogne;Treviso;Vedi aggregazione: Consiglio di Bacino Sinistra Piave;
05026020;Colle Umberto;Treviso;Vedi aggregazione: Consiglio di Bacino Sinistra Piave;
05026021;Conegliano - Dato aggregazione Consiglio di Bacino Sinistra Piave;Treviso;44  ;         297.037;14,71;7,07;9,26;16,52;4,80;52,38;9,71;;             114,45;
05026022;Cordignano;Treviso;Vedi aggregazione: Consiglio di Bacino Sinistra Piave;
05026023;Cornuda;Treviso;Vedi aggregazione: Consiglio di Bacino Priula;
05026025;Crocetta del Montello;Treviso;Vedi aggregazione: Consiglio di Bacino Priula;
05026026;Farra di Soligo;Treviso;Vedi aggregazione: Consiglio di Bacino Sinistra Piave;
05026027;Follina;Treviso;Vedi aggregazione: Consiglio di Bacino Sinistra Piave;
05026028;Fontanelle;Treviso;Vedi aggregazione: Consiglio di Bacino Sinistra Piave;
05026029;Fonte;Treviso;Vedi aggregazione: Consiglio di Bacino Priula;
05026030;Fregona;Treviso;Vedi aggregazione: Consiglio di Bacino Sinistra Piave;
05026031;Gaiarine;Treviso;Vedi aggregazione: Consiglio di Bacino Sinistra Piave;
05026032;Giavera del Montello;Treviso;Vedi aggregazione: Consiglio di Bacino Priula;
05026033;Godega di Sant'Urbano;Treviso;Vedi aggregazione: Consiglio di Bacino Sinistra Piave;
05026034;Gorgo al Monticano;Treviso;Vedi aggregazione: Consiglio di Bacino Sinistra Piave;
05026035;Istrana;Treviso;Vedi aggregazione: Consiglio di Bacino Priula;
05026036;Loria;Treviso;Vedi aggregazione: Consiglio di Bacino Priula;
05026037;Mansue;Treviso;Vedi aggregazione: Consiglio di Bacino Sinistra Piave;
05026038;Mareno di Piave;Treviso;Vedi aggregazione: Consiglio di Bacino Sinistra Piave;
05026039;Maser;Treviso;Vedi aggregazione: Consiglio di Bacino Priula;
05026040;Maserada sul Piave;Treviso;Vedi aggregazione: Consiglio di Bacino Priula;
05026041;Meduna di Livenza;Treviso;Vedi aggregazione: Consiglio di Bacino Sinistra Piave;
05026042;Miane;Treviso;Vedi aggregazione: Consiglio di Bacino Sinistra Piave;
05026043;Mogliano Veneto;Treviso;1   ;          27.722;14,62;19,61;33,16;18,31;17,34;17,75;25,76;1,14;             147,69;
05026044;Monastier di Treviso;Treviso;Vedi aggregazione: Consiglio di Bacino Priula;
05026045;Monfumo;Treviso;Vedi aggregazione: Consiglio di Bacino Priula;
05026046;Montebelluna;Treviso;Vedi aggregazione: Consiglio di Bacino Priula;
05026047;Morgano;Treviso;Vedi aggregazione: Consiglio di Bacino Priula;
05026048;Moriago della Battaglia;Treviso;Vedi aggregazione: Consiglio di Bacino Sinistra Piave;
05026049;Motta di Livenza;Treviso;Vedi aggregazione: Consiglio di Bacino Sinistra Piave;
05026050;Nervesa della Battaglia;Treviso;Vedi aggregazione: Consiglio di Bacino Priula;
05026051;Oderzo;Treviso;Vedi aggregazione: Consiglio di Bacino Sinistra Piave;
05026052;Ormelle;Treviso;Vedi aggregazione: Consiglio di Bacino Sinistra Piave;
05026053;Orsago;Treviso;Vedi aggregazione: Consiglio di Bacino Sinistra Piave;
05026055;Paese;Treviso;Vedi aggregazione: Consiglio di Bacino Priula;
05026056;Pederobba;Treviso;Vedi aggregazione: Consiglio di Bacino Priula;
05026096;Pieve del Grappa;Treviso;Vedi aggregazione: Consiglio di Bacino Priula;
05026057;Pieve di Soligo;Treviso;Vedi aggregazione: Consiglio di Bacino Sinistra Piave;
05026058;Ponte di Piave;Treviso;Vedi aggregazione: Consiglio di Bacino Sinistra Piave;
05026059;Ponzano Veneto;Treviso;Vedi aggregazione: Consiglio di Bacino Priula;
05026060;Portobuffole;Treviso;Vedi aggregazione: Consiglio di Bacino Sinistra Piave;
05026061;Possagno;Treviso;Vedi aggregazione: Consiglio di Bacino Priula;
05026062;Povegliano;Treviso;Vedi aggregazione: Consiglio di Bacino Priula;
05026063;Preganziol;Treviso;Vedi aggregazione: Consiglio di Bacino Priula;
05026064;Quinto di Treviso;Treviso;Vedi aggregazione: Consiglio di Bacino Priula;
05026065;Refrontolo;Treviso;Vedi aggregazione: Consiglio di Bacino Sinistra Piave;
05026066;Resana;Treviso;Vedi aggregazione: Consiglio di Bacino Priula;
05026067;Revine Lago;Treviso;Vedi aggregazione: Consiglio di Bacino Sinistra Piave;
05026068;Riese Pio X;Treviso;Vedi aggregazione: Consiglio di Bacino Priula;
05026069;Roncade;Treviso;Vedi aggregazione: Consiglio di Bacino Priula;
05026070;Salgareda;Treviso;Vedi aggregazione: Consiglio di Bacino Sinistra Piave;
05026071;San Biagio di Callalta;Treviso;Vedi aggregazione: Consiglio di Bacino Priula;
05026072;San Fior;Treviso;Vedi aggregazione: Consiglio di Bacino Sinistra Piave;
05026073;San Pietro di Feletto;Treviso;Vedi aggregazione: Consiglio di Bacino Sinistra Piave;
05026074;San Polo di Piave;Treviso;Vedi aggregazione: Consiglio di Bacino Sinistra Piave;
05026076;San Vendemiano;Treviso;Vedi aggregazione: Consiglio di Bacino Sinistra Piave;
05026077;San Zenone degli Ezzelini;Treviso;Vedi aggregazione: Consiglio di Bacino Priula;
05026075;Santa Lucia di Piave;Treviso;Vedi aggregazione: Consiglio di Bacino Sinistra Piave;
05026078;Sarmede;Treviso;Vedi aggregazione: Consiglio di Bacino Sinistra Piave;
05026079;Segusino;Treviso;Vedi aggregazione: Consiglio di Bacino Sinistra Piave;
05026080;Sernaglia della Battaglia;Treviso;Vedi aggregazione: Consiglio di Bacino Sinistra Piave;
05026081;Silea;Treviso;Vedi aggregazione: Consiglio di Bacino Priula;
05026082;Spresiano;Treviso;Vedi aggregazione: Consiglio di Bacino Priula;
05026083;Susegana;Treviso;Vedi aggregazione: Consiglio di Bacino Priula;
05026084;Tarzo;Treviso;Vedi aggregazione: Consiglio di Bacino Sinistra Piave;
05026085;Trevignano;Treviso;Vedi aggregazione: Consiglio di Bacino Priula;
05026086;Treviso;Treviso;Vedi aggregazione: Consiglio di Bacino Priula;
05026087;Valdobbiadene;Treviso;Vedi aggregazione: Consiglio di Bacino Sinistra Piave;
05026088;Vazzola;Treviso;Vedi aggregazione: Consiglio di Bacino Sinistra Piave;
05026089;Vedelago;Treviso;Vedi aggregazione: Consiglio di Bacino Priula;
05026090;Vidor;Treviso;Vedi aggregazione: Consiglio di Bacino Sinistra Piave;
05026091;Villorba - Dato aggregazione Consiglio di Bacino Priula;Treviso;49  ;         551.356;5,13;8,78;59,68;13,11;10,57;20,47;22,77;0,70;             141,21;
05026092;Vittorio Veneto;Treviso;Vedi aggregazione: Consiglio di Bacino Sinistra Piave;
05026093;Volpago del Montello;Treviso;Vedi aggregazione: Consiglio di Bacino Priula;
05026094;Zenson di Piave;Treviso;Vedi aggregazione: Consiglio di Bacino Priula;
05026095;Zero Branco;Treviso;Vedi aggregazione: Consiglio di Bacino Priula;
06032001;Duino-Aurisina;Trieste;1   ;           8.262;31,39;39,65;54,25;28,29;8,50;11,33;12,84;0,78;             187,02;
06032002;Monrupino;Trieste;1   ;             854;39,20;44,57;82,93;50,62;0,82;18,88;19,76;0,61;             257,39;
06032003;Muggia;Trieste;1   ;          12.862;22,92;12,94;47,61;30,02;13,86;15,56;8,39;;             151,30;
06032004;San Dorligo della Valle-Dolina;Trieste;1   ;           5.688;15,07;15,91;0,85;56,96;2,14;23,19;3,94;5,20;             123,25;
06032005;Sgonico;Trieste;1   ;           1.997;18,77;18,22;64,80;48,57;7,63;14,55;16,78;0,71;             190,02;
06032006;Trieste;Trieste;1   ;         198.417;24,12;;35,83;49,84;33,52;17,47;24,15;1,24;             186,17;
06030001;Aiello del Friuli;Udine;1   ;           2.117;9,50;18,26;30,47;31,68;0,79;20,47;8,23;;             119,40;
06030004;Aquileia;Udine;1   ;           3.128;9,49;18,07;37,58;34,25;5,14;19,63;15,97;3,45;             143,59;
06030006;Artegna;Udine;1   ;           2.887;8,75;15,54;6,65;51,58;5,51;21,11;1,95;11,64;             122,75;
06030007;Attimis;Udine;1   ;           1.644;9,44;9,93;26,48;25,82;;15,09;21,41;;             108,16;
06030008;Bagnaria Arsa;Udine;1   ;           3.436;9,10;14,45;29,86;32,33;1,72;17,97;8,19;;             113,62;
06030009;Basiliano;Udine;1   ;           5.209;8,02;12,92;4,78;63,15;4,22;27,33;2,81;1,75;             124,99;
06030010;Bertiolo;Udine;1   ;           2.355;9,60;18,15;5,72;53,04;3,17;23,31;7,09;7,35;             127,43;
06030011;Bicinicco;Udine;1   ;           1.801;9,40;11,22;27,04;27,17;4,65;12,00;6,43;;              97,92;
06030012;Bordano;Udine;1   ;             705;9,02;19,08;10,29;55,09;6,67;25,16;2,95;10,95;             139,21;
06030013;Buja;Udine;1   ;           6.332;12,92;7,37;21,32;25,74;4,66;24,22;15,97;;             112,21;
06030014;Buttrio;Udine;1   ;           3.899;7,72;11,32;7,01;64,03;3,57;23,65;2,34;2,14;             121,79;
06030015;Camino al Tagliamento;Udine;1   ;           1.544;9,20;16,84;4,79;56,08;1,45;18,61;2,31;1,92;             111,20;
06030016;Campoformido;Udine;1   ;           7.862;7,38;9,89;5,69;57,61;1,87;24,04;2,46;1,80;             110,73;
06030138;Campolongo Tapogliano;Udine;1   ;           1.096;9,60;15,86;31,71;35,65;0,70;21,05;13,19;;             127,77;
06030018;Carlino;Udine;1   ;           2.669;9,41;11,62;26,84;22,59;0,86;17,78;13,96;;             103,06;
06030019;Cassacco;Udine;1   ;           2.772;11,04;7,48;28,18;23,61;;28,61;33,50;;             132,42;
06030020;Castions di Strada;Udine;1   ;           3.644;9,29;12,78;30,32;30,83;0,54;21,00;6,97;;             111,72;
06030023;Cervignano del Friuli;Udine;1   ;          13.573;9,18;17,96;23,26;28,18;13,16;19,19;13,90;;             124,83;
06030024;Chiopris-Viscone;Udine;1   ;             692;8,48;17,83;37,22;35,07;7,84;18,13;36,64;;             161,21;
06030025;Chiusaforte;Udine;1   ;             606;30,53;26,65;69,52;33,03;;54,27;13,05;2,70;             229,76;
06030026;Cividale del Friuli;Udine;1   ;          10.815;10,49;18,99;32,29;32,48;13,77;21,78;19,90;;             149,72;
06030027;Codroipo;Udine;1   ;          15.863;9,04;15,69;6,45;60,30;5,96;16,55;12,67;4,19;             130,85;
06030028;Colloredo di Monte Albano;Udine;1   ;           2.175;8,03;11,80;11,71;45,94;3,16;24,23;1,94;1,70;             108,52;
06030030;Corno di Rosazzo;Udine;1   ;           3.142;7,49;10,41;5,43;50,40;6,69;24,53;2,27;1,96;             109,18;
06030031;Coseano;Udine;1   ;           2.012;9,78;18,01;5,89;56,36;1,40;19,42;2,57;1,79;             115,23;
06030032;Dignano;Udine;1   ;           2.253;9,09;16,57;6,14;54,61;1,95;21,46;2,83;2,02;             114,67;
06030033;Dogna;Udine;1   ;             151;13,75;40,83;37,40;55,67;15,39;67,17;2,49;2,72;             235,41;
06030034;Drenchia;Udine;1   ;              97;32,81;16,66;37,77;21,75;;44,90;20,81;;             174,71;
06030036;Faedis;Udine;1   ;           2.765;10,35;8,96;25,06;23,18;;16,18;22,30;;             106,04;
06030037;Fagagna;Udine;1   ;           5.980;9,74;19,85;6,77;54,68;6,43;20,38;4,79;3,94;             126,58;
06030190;Fiumicello Villa Vicentina;Udine;1   ;           6.278;9,09;14,54;36,18;35,84;8,90;17,55;12,33;;             134,44;
06030039;Flaibano;Udine;1   ;           1.085;9,22;14,90;4,77;49,85;12,76;19,81;11,44;1,48;             124,25;
06030137;Forgaria nel Friuli;Udine;1   ;           1.687;8,83;15,08;11,57;63,87;5,11;41,40;9,83;2,77;             158,45;
06030043;Gemona del Friuli;Udine;1   ;          10.461;8,31;12,77;6,77;75,02;1,85;26,39;3,13;3,61;             137,86;
06030044;Gonars;Udine;1   ;           4.530;9,32;13,83;24,35;26,60;2,35;16,40;9,55;;             102,41;
06030045;Grimacco;Udine;1   ;             304;29,53;17,60;29,58;20,32;;41,49;11,18;;             149,70;
06030046;Latisana;Udine;1   ;          13.133;11,91;9,53;28,29;27,76;14,53;22,03;8,03;;             122,07;
06030048;Lestizza;Udine;1   ;           3.623;7,40;9,74;5,92;58,64;2,76;28,63;5,05;1,54;             119,69;
06030051;Lusevera;Udine;1   ;             596;9,67;18,91;4,92;63,26;;15,27;1,90;1,43;             115,35;
06030052;Magnano in Riviera;Udine;1   ;           2.256;18,91;38,39;7,33;72,98;0,58;27,66;1,75;3,73;             171,33;
06030053;Majano;Udine;1   ;           5.771;9,12;16,51;7,23;48,28;7,13;16,02;4,79;5,33;             114,39;
06030054;Malborghetto Valbruna;Udine;1   ;             909;14,42;20,60;50,51;35,15;3,91;47,07;14,90;;             186,55;
06030055;Manzano;Udine;1   ;           6.310;10,75;17,63;27,71;33,45;2,03;25,04;23,24;;             139,86;
06030056;Marano Lagunare;Udine;1   ;           1.713;9,50;21,44;26,21;29,33;13,89;28,61;11,18;;             140,16;
06030057;Martignacco;Udine;1   ;           6.871;8,11;12,37;5,96;54,69;3,87;24,06;2,33;1,69;             113,07;
06030058;Mereto di Tomba;Udine;1   ;           2.513;13,67;12,00;28,21;28,64;2,87;12,35;18,06;;             115,80;
06030059;Moggio Udinese;Udine;1   ;           1.614;12,59;30,90;13,97;49,41;10,10;25,42;2,56;2,33;             147,28;
06030060;Moimacco;Udine;1   ;           1.620;8,14;9,67;4,45;62,39;2,87;23,58;2,55;2,16;             115,80;
06030061;Montenars;Udine;1   ;             478;9,77;19,50;10,28;43,74;15,00;24,79;9,00;1,38;             133,46;
06030062;Mortegliano;Udine;1   ;           4.809;9,30;16,80;6,18;63,52;8,48;30,79;6,57;1,92;             143,57;
06030063;Moruzzo;Udine;1   ;           2.415;8,07;11,71;4,73;49,40;2,22;18,25;2,20;3,24;              99,82;
06030064;Muzzana del Turgnano;Udine;1   ;           2.332;9,62;13,86;29,75;27,33;1,40;20,57;15,55;2,08;             120,16;
06030065;Nimis;Udine;1   ;           2.587;10,01;19,94;5,38;55,20;2,28;15,21;2,41;4,92;             115,34;
06030066;Osoppo;Udine;1   ;           2.782;9,98;18,64;8,82;52,19;1,24;19,40;1,99;1,82;             114,07;
06030068;Pagnacco;Udine;1   ;           5.090;8,35;11,20;15,47;56,66;6,50;20,75;2,05;1,56;             122,53;
06030069;Palazzolo dello Stella;Udine;1   ;           2.822;9,26;15,25;31,25;31,66;3,62;18,30;16,22;;             125,55;
06030070;Palmanova;Udine;1   ;           5.280;9,21;28,76;25,60;33,78;19,50;16,80;15,26;;             148,89;
06030072;Pasian di Prato;Udine;1   ;           9.252;8,20;12,40;6,33;60,63;5,00;23,74;2,51;1,82;             120,62;
06030073;Paularo;Udine;1   ;           2.334;;;4,64;;13,58;4,56;3,86;98,30;             124,94;
06030074;Pavia di Udine;Udine;1   ;           5.486;9,49;18,07;7,37;57,33;2,05;22,11;7,08;2,46;             125,97;
06030075;Pocenia;Udine;1   ;           2.370;9,46;10,17;28,64;25,85;0,94;15,36;8,31;4,87;             103,59;
06030076;Pontebba;Udine;1   ;           1.284;26,42;17,67;50,69;23,45;4,87;47,40;17,49;;             187,98;
06030077;Porpetto;Udine;1   ;           2.467;9,33;15,23;28,23;23,94;3,73;21,62;11,63;;             113,71;
06030078;Povoletto;Udine;1   ;           5.444;9,93;9,22;23,13;25,68;3,02;19,30;25,27;;             115,55;
06030079;Pozzuolo del Friuli;Udine;1   ;           6.888;7,71;10,47;5,47;52,90;0,99;26,30;2,40;1,57;             107,81;
06030080;Pradamano;Udine;1   ;           3.505;8,83;15,76;6,61;61,31;1,54;26,21;2,62;2,29;             125,17;
06030082;Precenicco;Udine;1   ;           1.430;9,14;18,96;40,57;34,85;3,53;21,40;14,05;;             142,50;
06030083;Premariacco;Udine;1   ;           3.913;8,74;10,95;5,32;48,51;1,48;25,95;2,32;2,69;             105,97;
06030085;Prepotto;Udine;1   ;             707;31,70;26,63;33,53;28,59;;21,79;25,63;10,93;             178,80;
06030086;Pulfero;Udine;1   ;             833;26,44;17,80;24,07;25,97;;21,65;11,51;;             127,45;
06030087;Ragogna;Udine;1   ;           2.803;9,05;15,46;4,62;47,77;2,87;20,66;4,09;1,57;             106,09;
06030090;Reana del Rojale;Udine;1   ;           4.657;12,08;17,49;5,66;52,74;4,97;8,69;5,78;1,77;             109,19;
06030091;Remanzacco;Udine;1   ;           6.006;9,29;17,35;6,90;55,53;1,68;18,55;7,40;1,80;             118,50;
06030092;Resia;Udine;1   ;             916;26,13;11,77;57,21;24,08;3,58;30,07;19,97;;             172,81;
06030093;Resiutta;Udine;1   ;             266;12,16;35,11;9,75;57,51;;15,93;2,94;2,86;             136,24;
06030095;Rive d'Arcano;Udine;1   ;           2.346;9,03;13,02;5,79;45,11;1,94;20,89;1,74;2,23;              99,75;
06030188;Rivignano Teor;Udine;1   ;           6.198;9,06;15,97;13,10;49,92;6,52;18,98;4,34;1,40;             119,29;
06030097;Ronchis;Udine;1   ;           1.933;9,37;14,84;36,53;29,95;5,91;19,96;7,86;;             124,42;
06030098;Ruda;Udine;1   ;           2.774;9,40;14,49;29,18;25,90;2,98;22,28;11,83;;             116,07;
06030099;San Daniele del Friuli;Udine;1   ;           7.914;10,49;18,51;6,38;54,66;7,17;24,58;2,55;2,66;             127,01;
06030100;San Giorgio di Nogaro;Udine;1   ;           7.297;9,17;17,61;30,79;30,60;3,06;15,77;12,89;;             119,88;
06030101;San Giovanni al Natisone;Udine;1   ;           6.023;8,32;17,26;8,62;64,77;5,09;21,83;2,60;2,60;             131,08;
06030102;San Leonardo;Udine;1   ;           1.027;26,26;7,94;26,59;21,25;;18,63;8,18;;             108,85;
06030103;San Pietro al Natisone;Udine;1   ;           2.070;18,27;11,36;38,67;26,11;0,15;15,27;6,74;;             116,57;
06030105;San Vito al Torre;Udine;1   ;           1.197;9,61;20,22;51,69;35,07;2,54;17,97;19,84;;             156,96;
06030106;San Vito di Fagagna;Udine;1   ;           1.666;7,39;10,11;5,40;53,01;;25,35;2,38;1,64;             105,28;
06030104;Santa Maria la Longa;Udine;1   ;           2.322;10,03;14,49;25,54;32,50;0,88;12,05;15,54;;             111,03;
06030189;Sappada;Udine;1   ;           1.314;;;2,37;;12,60;18,66;37,89;171,24;             242,76;
06030108;Savogna;Udine;1   ;             357;28,54;23,52;28,76;29,00;;32,98;13,57;;             156,37;
06030109;Sedegliano;Udine;1   ;           3.662;9,29;17,18;5,50;46,20;1,65;14,98;1,93;2,50;              99,22;
06030111;Stregna;Udine;1   ;             288;31,75;17,33;59,92;20,55;;28,49;30,84;;             188,88;
06030113;Taipana;Udine;1   ;             566;9,52;18,42;4,43;48,98;0,89;23,01;2,57;1,54;             109,36;
06030114;Talmassons;Udine;1   ;           3.856;8,19;12,13;24,58;27,25;1,71;21,96;12,60;;             108,41;
06030116;Tarcento;Udine;1   ;           8.887;9,60;10,09;35,79;23,89;5,34;22,77;19,13;;             126,60;
06030117;Tarvisio;Udine;1   ;           3.966;37,94;23,67;45,70;35,52;37,78;36,48;25,79;;             242,88;
06030118;Tavagnacco;Udine;1   ;          14.670;12,86;10,86;40,40;26,04;0,99;31,54;11,48;;             134,17;
06030120;Terzo d'Aquileia;Udine;1   ;           2.742;9,30;13,98;23,38;28,23;1,42;19,69;12,34;;             108,35;
06030122;Torreano;Udine;1   ;           2.043;30,90;24,87;32,25;29,44;;15,87;9,48;;             142,82;
06030123;Torviscosa;Udine;1   ;           2.603;9,76;14,29;40,24;33,18;10,44;15,98;23,77;5,30;             152,95;
06030124;Trasaghis;Udine;1   ;           2.084;11,35;18,38;6,10;49,12;2,99;18,66;9,95;3,44;             119,99;
06030126;Treppo Grande;Udine;1   ;           1.714;7,89;10,68;13,45;42,28;5,93;7,45;11,71;1,44;             100,82;
06030191;Treppo Ligosullo;Udine;1   ;             680;;;1,14;;4,54;;2,69;106,10;             114,48;
06030127;Tricesimo;Udine;1   ;           7.593;10,54;6,53;22,20;26,69;2,39;26,32;12,82;;             107,50;
06030128;Trivignano Udinese;Udine;1   ;           1.555;10,99;11,91;28,63;28,03;1,21;17,87;23,97;;             122,60;
06030129;Udine;Udine;1   ;          97.808;9,38;14,53;34,40;34,21;9,84;17,40;31,49;3,13;             154,38;
06030130;Varmo;Udine;1   ;           2.641;8,19;13,29;5,78;57,92;2,07;27,10;2,54;1,76;             118,64;
06030131;Venzone;Udine;1   ;           1.939;10,88;20,14;7,21;55,31;;24,81;2,67;8,81;             129,83;
06030132;Verzegnis;Udine;1   ;             849;;;0,79;;5,82;;0,52;93,21;             100,34;
06030135;Visco;Udine;1   ;             827;8,68;13,28;27,66;28,61;1,82;13,40;10,35;;             103,78;
03012001;Agra;Varese;1   ;             391;7,03;12,91;43,17;28,09;37,55;33,57;31,11;;             193,44;
03012002;Albizzate;Varese;1   ;           5.155;9,50;12,78;36,25;11,84;13,34;21,66;3,28;0,26;             108,91;
03012004;Arcisate;Varese;1   ;           9.933;5,77;38,84;20,22;13,48;8,82;12,55;;;              99,68;
03012005;Arsago Seprio;Varese;1   ;           4.757;4,89;5,59;38,94;28,15;12,53;31,98;16,49;;             138,57;
03012006;Azzate;Varese;1   ;           4.608;9,23;12,42;35,20;11,50;9,15;26,00;11,76;0,28;             115,54;
03012007;Azzio;Varese;1   ;             756;4,90;8,99;30,06;19,56;1,14;25,98;9,57;;             100,20;
03012008;Barasso;Varese;1   ;           1.640;9,26;5,74;23,55;34,87;9,04;36,99;4,85;;             124,30;
03012009;Bardello;Varese;Vedi aggregazione: Unione Ovest Lago Varese;
03012010;Bedero Valcuvia;Varese;1   ;             677;8,15;18,71;41,51;9,02;21,44;25,80;9,62;;             134,26;
03012011;Besano;Varese;1   ;           2.515;12,03;8,77;44,79;16,57;3,18;17,91;10,44;;             113,69;
03012012;Besnate;Varese;1   ;           5.475;9,71;13,07;37,05;12,10;6,86;19,18;11,42;0,30;             109,69;
03012013;Besozzo;Varese;1   ;           8.711;4,90;3,77;32,21;24,17;8,48;20,19;9,05;;             102,77;
03012014;Biandronno;Varese;1   ;           3.162;9,13;4,81;48,68;19,74;1,61;18,19;4,69;;             106,87;
03012015;Bisuschio;Varese;1   ;           4.264;8,08;10,27;31,64;4,40;2,43;18,36;1,81;;              76,98;
03012016;Bodio Lomnago;Varese;1   ;           2.244;8,92;12,00;34,05;11,12;17,87;20,55;6,72;0,27;             111,52;
03012018;Bregano - Dato aggregazione Unione Ovest Lago Varese;Varese;3   ;           3.617;5,30;2,57;38,17;24,10;7,73;14,81;10,59;;             103,27;
03012020;Brezzo di Bedero;Varese;1   ;           1.217;6,18;11,35;37,95;24,69;13,70;44,43;28,35;2,30;             168,95;
03012021;Brinzio;Varese;1   ;             769;5,64;10,35;34,60;22,51;12,70;22,43;12,65;;             120,87;
03012022;Brissago-Valtravaglia;Varese;1   ;           1.273;13,24;10,94;36,57;23,80;18,37;22,10;43,80;;             168,81;
03012023;Brunello;Varese;1   ;             940;11,21;15,93;46,08;15,13;21,80;45,83;15,38;8,21;             179,58;
03012024;Brusimpiano;Varese;1   ;           1.177;6,01;12,60;32,71;20,71;50,82;27,18;7,31;;             157,35;
03012025;Buguggiate;Varese;1   ;           3.084;8,64;11,62;32,95;10,76;5,25;38,87;4,19;0,23;             112,51;
03012026;Busto Arsizio;Varese;1   ;          82.951;18,82;33,94;48,17;;24,00;20,93;32,09;1,21;             179,17;
03012027;Cadegliano-Viconago;Varese;1   ;           2.155;8,22;14,16;43,85;6,11;29,93;41,50;3,60;;             147,36;
03012143;Cadrezzate con Osmate;Varese;1   ;           2.665;7,60;8,78;26,85;45,50;3,61;28,55;5,71;;             126,60;
03012029;Cairate;Varese;1   ;           7.737;7,45;;29,20;28,78;1,55;30,70;13,54;3,23;             114,45;
03012030;Cantello;Varese;1   ;           4.723;12,71;;36,50;16,34;5,55;45,46;3,95;;             120,50;
03012031;Caravate;Varese;1   ;           2.535;5,61;10,29;35,16;22,39;1,68;18,07;5,06;;              98,25;
03012032;Cardano al Campo;Varese;1   ;          14.701;9,10;;35,32;21,52;7,80;18,95;19,18;;             111,87;
03012033;Carnago;Varese;1   ;           6.562;7,84;13,71;32,65;11,10;5,04;12,12;;;              82,45;
03012034;Caronno Pertusella;Varese;1   ;          18.133;6,27;12,53;28,01;14,68;25,00;28,31;2,50;;             117,30;
03012035;Caronno Varesino;Varese;1   ;           4.784;7,19;;36,23;26,96;3,06;22,34;10,20;4,20;             110,17;
03012036;Casale Litta;Varese;1   ;           2.732;9,01;12,12;34,37;11,23;19,18;18,99;4,19;0,27;             109,35;
03012037;Casalzuigno;Varese;1   ;           1.382;5,77;10,58;35,39;23,03;14,77;28,03;5,38;;             122,94;
03012038;Casciago;Varese;1   ;           3.614;11,82;4,30;31,36;33,05;8,20;47,88;33,39;;             170,00;
03012039;Casorate Sempione;Varese;1   ;           5.637;10,15;14,11;32,30;18,39;0,64;15,12;4,31;;              95,02;
03012040;Cassano Magnago;Varese;1   ;          21.408;3,98;;33,29;22,28;12,64;27,43;8,34;3,05;             111,02;
03012041;Cassano Valcuvia;Varese;1   ;             660;5,50;10,10;33,78;21,98;22,87;21,59;62,73;;             178,57;
03012042;Castellanza;Varese;1   ;          13.939;6,60;;33,86;41,89;21,68;30,00;31,58;3,22;             168,83;
03012043;Castello Cabiaglio;Varese;1   ;             567;5,45;10,00;33,43;21,76;1,27;46,86;15,90;;             134,67;
03012045;Castelveccana;Varese;1   ;           1.853;6,52;11,96;40,95;26,03;10,79;45,72;19,47;;             161,44;
03012046;Castiglione Olona;Varese;1   ;           7.512;8,20;11,04;31,30;10,22;14,12;23,02;5,42;0,22;             103,54;
03012047;Castronno;Varese;1   ;           5.043;11,46;12,49;37,91;11,57;17,66;19,55;3,20;0,25;             114,10;
03012048;Cavaria con Premezzo;Varese;1   ;           5.643;7,81;10,51;29,81;9,74;8,19;14,17;4,87;0,24;              85,33;
03012049;Cazzago Brabbia;Varese;1   ;             789;11,05;14,87;42,17;13,77;33,72;36,77;4,95;0,32;             157,62;
03012050;Cislago;Varese;1   ;          10.401;4,38;7,67;27,83;20,09;13,55;17,96;17,94;0,96;             110,38;
03012051;Cittiglio;Varese;1   ;           3.799;6,05;11,10;37,31;24,16;11,01;19,98;15,54;4,33;             129,48;
03012052;Clivio;Varese;1   ;           1.983;11,51;7,45;47,08;20,03;9,59;22,70;23,66;;             142,00;
03012053;Cocquio-Trevisago;Varese;1   ;           4.626;6,30;4,87;43,77;37,63;4,87;32,77;16,03;;             146,25;
03012055;Comerio;Varese;1   ;           2.799;8,86;5,39;24,50;32,81;9,56;35,78;10,53;;             127,43;
03012056;Cremenaga;Varese;1   ;             786;5,51;9,24;32,32;16,15;15,66;49,94;3,35;;             132,16;
03012057;Crosio della Valle;Varese;1   ;             616;11,32;15,24;43,20;14,11;27,76;26,17;5,84;0,31;             143,96;
03012058;Cuasso al Monte;Varese;1   ;           3.515;4,90;10,66;41,36;17,77;4,89;19,72;12,67;8,03;             120,01;
03012059;Cugliate-Fabiasco;Varese;1   ;           3.096;12,74;8,89;39,61;49,26;1,16;23,13;19,00;;             153,80;
03012060;Cunardo;Varese;1   ;           2.880;10,40;9,07;42,58;50,61;12,05;29,28;3,20;;             157,19;
03012061;Curiglia con Monteviasco;Varese;1   ;             152;6,39;11,73;39,21;25,51;60,88;37,23;30,89;;             211,83;
03012062;Cuveglio;Varese;1   ;           3.294;6,15;11,30;37,77;24,57;10,12;22,90;4,33;0,44;             117,59;
03012063;Cuvio;Varese;1   ;           1.652;5,89;10,81;36,14;23,51;11,06;24,62;9,19;;             121,21;
03012064;Daverio;Varese;1   ;           3.081;10,81;12,11;34,33;11,21;5,99;20,93;3,11;0,28;              98,77;
03012065;Dumenza;Varese;1   ;           1.440;6,12;11,24;37,58;24,45;29,98;27,47;18,25;1,01;             156,11;
03012066;Duno;Varese;1   ;             153;6,10;11,21;37,47;24,38;27,69;102,02;42,21;;             251,09;
03012067;Fagnano Olona;Varese;1   ;          12.447;12,30;37,79;43,31;;2,72;27,37;6,74;0,80;             131,03;
03012068;Ferno;Varese;1   ;           6.685;9,13;16,42;61,27;;5,56;15,09;2,82;1,74;             112,03;
03012069;Ferrera di Varese;Varese;1   ;             686;5,51;10,11;33,82;22,00;7,36;23,25;3,88;;             105,94;
03012070;Gallarate;Varese;1   ;          52.811;12,87;16,86;40,71;14,78;18,33;28,34;10,72;1,24;             143,85;
03012071;Galliate Lombardo;Varese;1   ;             992;9,64;12,97;36,78;12,01;16,76;38,55;9,77;0,30;             136,77;
03012072;Gavirate;Varese;1   ;           9.136;8,49;3,64;25,38;42,29;11,02;33,12;14,90;;             138,84;
03012073;Gazzada Schianno;Varese;1   ;           4.570;67,94;;;;9,51;15,31;44,21;8,75;             145,72;
03012074;Gemonio;Varese;1   ;           2.818;5,16;3,59;34,20;13,88;17,32;17,12;21,66;0,46;             113,39;
03012075;Gerenzano;Varese;1   ;          10.845;4,03;19,58;22,98;14,51;7,73;15,98;20,66;;             105,45;
03012076;Germignaga;Varese;1   ;           3.693;6,01;11,04;39,05;24,02;9,54;14,30;4,24;;             108,20;
03012077;Golasecca;Varese;1   ;           2.621;9,07;8,07;40,84;27,03;17,64;24,01;1,32;;             127,98;
03012078;Gorla Maggiore;Varese;1   ;           4.835;12,47;1,50;12,73;21,31;3,72;36,71;10,00;;              98,46;
03012079;Gorla Minore;Varese;1   ;           8.131;5,63;10,56;31,71;18,93;14,11;17,01;9,71;;             107,66;
03012080;Gornate Olona;Varese;1   ;           2.165;9,49;13,73;46,45;18,90;4,51;12,90;8,05;;             114,04;
03012081;Grantola;Varese;1   ;           1.238;6,71;10,50;35,11;22,85;1,33;19,54;4,93;;             100,98;
03012082;Inarzo;Varese;1   ;           1.064;7,92;10,65;30,28;9,87;12,74;21,07;5,20;0,24;              97,96;
03012083;Induno Olona;Varese;1   ;          10.245;9,08;14,95;30,88;26,54;16,38;9,77;1,99;;             109,59;
03012084;Ispra;Varese;1   ;           5.326;5,94;4,19;46,69;32,48;0,06;12,47;4,74;;             106,57;
03012085;Jerago con Orago;Varese;1   ;           5.227;7,56;10,81;28,84;9,42;4,19;15,01;18,44;0,23;              94,51;
03012086;Lavena Ponte Tresa;Varese;1   ;           5.603;3,63;11,52;18,18;34,57;48,56;25,79;44,37;;             186,61;
03012087;Laveno-Mombello;Varese;1   ;           8.353;7,65;13,97;46,71;30,39;7,51;24,78;27,50;9,75;             168,25;
03012088;Leggiuno;Varese;1   ;           3.547;8,32;3,90;20,95;38,52;12,60;31,48;11,24;;             127,02;
03012089;Lonate Ceppino;Varese;1   ;           5.075;8,64;;27,62;30,27;;18,11;6,25;2,79;              93,69;
03012090;Lonate Pozzolo;Varese;1   ;          11.364;15,20;10,60;73,25;;3,41;15,81;13,00;2,10;             133,37;
03012091;Lozza;Varese;1   ;           1.179;11,63;;29,68;14,94;29,33;58,97;15,42;;             159,96;
03012092;Luino;Varese;1   ;          14.128;6,49;11,92;40,14;25,98;26,63;22,35;21,22;1,62;             156,35;
03012142;Maccagno con Pino e Veddasca;Varese;1   ;           2.407;7,66;14,07;49,23;30,61;1,78;25,36;27,82;;             156,53;
03012095;Malgesso;Varese;Vedi aggregazione: Unione Ovest Lago Varese;
03012096;Malnate;Varese;1   ;          16.378;5,37;5,43;42,92;21,91;17,14;14,09;4,26;3,01;             114,13;
03012097;Marchirolo;Varese;1   ;           3.519;7,37;8,33;36,95;18,02;22,39;18,55;6,73;;             118,33;
03012099;Marzio;Varese;1   ;             307;8,75;23,36;44,44;22,72;35,91;34,98;21,04;;             191,19;
03012100;Masciago Primo;Varese;1   ;             303;5,79;10,62;35,52;23,11;12,22;52,47;9,79;;             149,51;
03012101;Mercallo;Varese;1   ;           1.787;4,09;3,48;38,01;43,05;2,29;11,01;25,51;;             127,43;
03012102;Mesenzana;Varese;1   ;           1.682;5,84;10,73;35,86;23,34;7,01;19,93;16,76;0,86;             120,33;
03012103;Montegrino Valtravaglia;Varese;1   ;           1.479;5,84;10,71;35,82;23,30;17,80;39,12;9,12;;             141,71;
03012104;Monvalle;Varese;1   ;           1.921;8,94;4,33;22,51;34,82;3,58;33,67;35,18;;             143,02;
03012105;Morazzone;Varese;1   ;           4.288;9,68;10,45;29,62;9,68;7,64;18,51;22,73;0,21;             108,51;
03012106;Mornago;Varese;1   ;           4.870;10,57;11,11;21,86;10,29;20,21;16,85;2,85;0,22;              93,97;
03012107;Oggiona con Santo Stefano;Varese;1   ;           4.331;7,04;9,47;26,84;8,77;14,04;14,10;5,30;0,22;              85,77;
03012108;Olgiate Olona;Varese;1   ;          12.671;8,03;32,72;26,60;9,93;10,50;29,40;1,11;6,09;             124,39;
03012109;Origgio;Varese;1   ;           8.001;12,62;14,85;25,40;25,99;21,80;20,49;4,79;;             125,93;
03012110;Orino;Varese;1   ;             839;5,15;9,46;31,62;20,58;1,20;36,22;10,85;;             115,08;
03012113;Porto Ceresio;Varese;1   ;           2.854;14,91;25,64;37,89;;15,68;15,32;5,40;14,12;             128,96;
03012114;Porto Valtravaglia;Varese;1   ;           2.261;6,90;14,26;42,35;27,56;21,42;30,40;16,01;1,03;             159,93;
03012115;Rancio Valcuvia;Varese;1   ;             940;5,38;9,88;33,02;21,49;20,56;34,91;47,00;;             172,24;
03012117;Saltrio;Varese;1   ;           2.965;11,90;6,32;40,16;23,78;2,53;24,10;6,52;;             115,30;
03012118;Samarate;Varese;1   ;          16.026;4,66;;16,46;26,26;15,55;37,47;;;             100,39;
03012119;Saronno;Varese;1   ;          38.442;8,30;0,04;18,41;30,08;34,04;20,24;28,98;;             140,08;
03012121;Solbiate Arno;Varese;1   ;           4.010;12,17;16,38;29,78;15,17;14,00;22,53;4,20;0,33;             114,56;
03012122;Solbiate Olona;Varese;1   ;           5.372;9,74;12,93;37,05;19,24;18,65;12,88;5,37;;             115,87;
03012123;Somma Lombardo;Varese;1   ;          17.767;13,63;4,64;28,26;20,11;17,36;19,89;12,19;;             116,08;
03012124;Sumirago;Varese;1   ;           5.985;9,91;13,33;37,92;12,34;5,67;25,80;7,33;0,27;             112,56;
03012125;Taino;Varese;1   ;           3.629;5,58;2,89;39,63;17,04;9,63;19,48;7,39;;             101,65;
03012127;Tradate;Varese;1   ;          18.835;30,64;14,12;27,63;9,31;14,62;25,07;12,05;;             133,43;
03012129;Tronzano Lago Maggiore;Varese;1   ;             233;6,01;11,04;36,92;24,02;25,96;38,79;32,86;;             175,60;
03012130;Uboldo;Varese;1   ;          10.816;4,53;7,76;40,18;25,23;9,27;28,51;3,65;7,89;             127,01;
03012132;Varano Borghi;Varese;1   ;           2.469;3,97;6,41;30,17;53,96;0,68;20,61;19,55;;             135,36;
03012133;Varese;Varese;1   ;          78.409;13,10;;50,41;26,94;30,49;29,18;25,93;;             176,05;
03012134;Vedano Olona;Varese;1   ;           7.291;8,08;11,23;32,36;10,06;22,13;19,04;8,34;0,25;             111,48;
03012136;Venegono Inferiore;Varese;1   ;           5.959;9,91;12,88;38,21;11,93;20,52;23,97;14,03;0,29;             131,74;
03012137;Venegono Superiore;Varese;1   ;           7.316;6,11;8,76;27,30;19,90;8,31;19,95;11,24;;             101,57;
03012138;Vergiate;Varese;1   ;           8.641;4,55;4,38;30,16;52,67;6,93;29,07;29,11;;             156,87;
03012139;Viggiu;Varese;1   ;           5.147;13,63;10,34;44,78;20,57;4,53;21,30;7,10;;             122,25;
03012140;Vizzola Ticino;Varese;1   ;             587;8,68;12,14;38,56;18,03;4,38;25,11;3,01;;             109,90;
05027001;Annone Veneto;Venezia;1   ;           3.797;9,45;13,95;35,88;24,31;3,46;20,51;12,07;1,26;             120,89;
05027002;Campagna Lupia;Venezia;1   ;           7.118;12,39;13,12;28,09;17,40;14,69;20,92;20,06;0,98;             127,66;
05027003;Campolongo Maggiore;Venezia;1   ;          10.716;11,83;10,51;26,83;14,43;14,03;17,56;17,53;0,95;             113,68;
05027004;Camponogara;Venezia;1   ;          12.942;12,92;13,56;29,29;15,28;15,32;19,32;18,06;0,98;             124,72;
05027005;Caorle;Venezia;1   ;          11.108;66,75;109,28;128,93;71,61;110,19;127,07;79,92;17,20;             710,95;
05027044;Cavallino-Treporti;Venezia;1   ;          13.318;44,79;62,86;101,56;51,46;53,12;56,32;23,30;1,76;             395,18;
05027006;Cavarzere;Venezia;1   ;          12.741;18,79;22,40;42,61;18,05;22,29;20,06;24,01;1,03;             169,24;
05027007;Ceggia;Venezia;1   ;           6.095;14,21;8,36;32,23;14,70;16,86;18,55;26,34;0,81;             132,06;
05027008;Chioggia;Venezia;1   ;          47.630;31,71;37,28;71,90;38,62;37,61;40,60;55,73;1,39;             314,84;
05027009;Cinto Caomaggiore;Venezia;1   ;           3.141;7,83;11,37;35,79;23,30;0,90;16,92;12,69;1,08;             109,89;
05027010;Cona;Venezia;1   ;           2.745;13,85;13,10;31,40;20,23;16,43;15,01;51,77;1,03;             162,82;
05027011;Concordia Sagittaria;Venezia;1   ;          10.229;8,83;15,29;33,88;25,37;13,89;24,97;11,57;1,48;             135,28;
05027012;Dolo;Venezia;1   ;          14.953;18,41;18,00;41,74;19,09;21,83;25,43;36,78;1,10;             182,37;
05027013;Eraclea;Venezia;1   ;          11.970;26,04;25,10;59,05;21,05;30,89;29,17;26,13;1,56;             219,00;
05027014;Fiesso d'Artico;Venezia;1   ;           8.474;15,84;15,47;35,92;16,21;18,79;22,07;23,52;1,03;             148,86;
05027015;Fossalta di Piave;Venezia;1   ;           4.137;12,62;9,32;28,08;24,00;14,69;14,41;38,34;1,00;             142,47;
05027016;Fossalta di Portogruaro;Venezia;1   ;           5.728;11,28;17,24;43,84;29,37;4,19;24,65;13,43;1,52;             145,51;
05027017;Fosso;Venezia;1   ;           7.077;14,15;14,06;32,08;18,16;16,78;22,13;19,15;1,06;             137,58;
05027018;Gruaro;Venezia;1   ;           2.724;12,96;19,88;25,83;26,42;6,31;21,68;13,01;1,29;             127,39;
05027019;Jesolo;Venezia;1   ;          26.558;51,97;65,62;117,68;32,81;61,63;63,40;60,37;3,04;             456,50;
05027020;Marcon;Venezia;1   ;          17.594;17,14;15,62;38,87;19,64;20,33;19,39;20,99;1,13;             153,11;
05027021;Martellago;Venezia;1   ;          21.108;11,41;16,73;25,87;24,87;13,53;19,17;19,02;0,98;             131,58;
05027022;Meolo;Venezia;1   ;           6.192;15,88;11,06;36,01;19,35;18,84;18,69;24,53;1,10;             145,47;
05027023;Mira;Venezia;1   ;          37.542;18,82;11,68;42,67;17,87;22,32;21,43;29,62;1,09;             165,50;
05027024;Mirano;Venezia;1   ;          27.091;10,69;20,11;27,51;24,10;13,34;15,74;22,72;1,08;             135,27;
05027025;Musile di Piave;Venezia;1   ;          11.372;11,68;17,06;26,48;16,90;13,85;12,25;18,98;0,95;             118,15;
05027026;Noale;Venezia;1   ;          16.131;12,69;16,96;28,77;23,50;15,05;22,92;14,87;1,10;             135,85;
05027027;Noventa di Piave;Venezia;1   ;           6.978;12,90;24,73;28,81;23,83;20,80;13,94;26,42;1,06;             152,47;
05027028;Pianiga;Venezia;1   ;          12.177;17,24;18,07;39,08;19,28;20,44;19,30;17,97;1,13;             152,51;
05027029;Portogruaro;Venezia;1   ;          24.314;8,67;19,86;44,38;28,34;11,24;25,23;8,51;1,66;             147,89;
05027030;Pramaggiore;Venezia;1   ;           4.761;8,86;11,65;33,31;23,57;0,86;16,59;11,18;1,15;             107,17;
05027031;Quarto d'Altino;Venezia;1   ;           8.019;20,00;16,98;45,34;20,62;23,72;20,31;25,12;1,17;             173,26;
05027032;Salzano;Venezia;1   ;          12.799;14,41;12,49;32,67;13,90;17,09;23,99;19,83;0,97;             135,33;
05027033;San Dona  di Piave;Venezia;1   ;          41.535;18,63;12,32;42,25;21,33;22,10;21,43;23,63;1,06;             162,77;
05027034;San Michele al Tagliamento;Venezia;1   ;          11.393;56,05;138,67;115,75;70,36;80,94;91,23;74,31;18,08;             645,39;
05027036;San Stino di Livenza;Venezia;1   ;          12.655;8,63;16,29;35,35;26,05;9,57;20,34;11,91;1,38;             129,53;
05027035;Santa Maria di Sala;Venezia;1   ;          17.378;10,69;13,73;24,23;24,89;12,67;23,45;17,18;0,90;             127,74;
05027037;Scorze;Venezia;1   ;          18.981;11,40;18,34;25,85;23,26;13,52;15,30;15,08;1,04;             123,79;
05027038;Spinea;Venezia;1   ;          27.694;10,71;13,70;24,28;23,79;12,70;16,01;15,23;1,06;             117,47;
05027039;Stra;Venezia;1   ;           7.523;14,33;13,03;32,50;15,26;17,00;28,67;27,59;1,00;             149,38;
05027040;Teglio Veneto;Venezia;1   ;           2.260;10,44;11,89;24,30;21,38;6,74;22,15;9,84;1,01;             107,75;
05027041;Torre di Mosto;Venezia;1   ;           4.801;13,95;16,22;31,62;16,25;16,54;17,07;12,69;0,92;             125,25;
05027042;Venezia;Venezia;1   ;         250.369;49,78;45,46;112,40;22,89;59,04;61,88;51,50;1,46;             404,41;
05027043;Vigonovo;Venezia;1   ;           9.835;15,53;15,78;35,22;16,91;18,42;23,15;20,88;1,07;             146,97;
01002133;Santhia ;Vercelli;1   ;           8.106;16,72;23,94;58,03;17,87;3,12;25,90;10,84;;             156,41;
01002158;Vercelli;Vercelli;1   ;          45.206;16,89;23,20;34,93;15,57;17,28;48,77;32,54;3,24;             192,43;
05023001;Affi;Verona;1   ;           2.428;15,27;26,56;46,43;10,82;10,96;33,03;14,84;0,44;             158,35;
05023002;Albaredo d'Adige;Verona;1   ;           5.246;7,20;11,51;30,30;21,13;6,37;14,53;12,49;;             103,52;
05023003;Angiari;Verona;1   ;           2.489;9,72;16,82;64,80;13,49;1,64;31,62;0,98;0,92;             139,98;
05023005;Badia Calavena;Verona;1   ;           2.592;13,63;14,07;56,63;14,93;0,87;21,94;4,84;0,41;             127,33;
05023006;Bardolino;Verona;1   ;           6.919;38,82;56,71;81,53;42,66;47,73;35,50;13,51;3,27;             319,74;
05023007;Belfiore;Verona;1   ;           3.293;9,08;13,83;49,62;11,38;2,81;17,85;0,86;6,73;             112,16;
05023009;Bonavigo;Verona;1   ;           2.022;6,69;11,06;35,38;22,71;2,20;15,66;6,33;;             100,03;
05023010;Boschi Sant'Anna;Verona;1   ;           1.359;6,37;11,42;42,41;20,80;1,61;16,72;15,92;;             115,24;
05023011;Bosco Chiesanuova;Verona;1   ;           3.544;31,89;57,82;36,60;12,82;8,52;15,42;8,80;31,40;             203,27;
05023012;Bovolone;Verona;1   ;          16.106;12,54;12,40;34,74;14,22;7,45;21,54;8,62;;             111,50;
05023013;Brentino Belluno;Verona;1   ;           1.363;17,62;20,94;49,28;21,66;3,81;17,07;20,80;0,42;             151,59;
05023014;Brenzone sul Garda;Verona;1   ;           2.451;51,28;29,98;88,77;13,58;30,27;37,63;27,99;3,21;             282,70;
05023015;Bussolengo;Verona;1   ;          20.684;10,10;16,38;36,40;19,61;17,91;18,60;14,04;1,05;             134,08;
05023016;Buttapietra;Verona;1   ;           6.959;8,12;15,35;30,96;15,59;7,57;14,30;9,37;0,26;             101,52;
05023017;Caldiero;Verona;1   ;           7.924;8,55;14,86;32,92;16,68;5,66;12,74;13,36;0,25;             105,04;
05023018;Caprino Veronese;Verona;1   ;           8.698;10,64;17,96;40,69;17,37;8,39;14,48;4,39;0,29;             114,23;
05023019;Casaleone;Verona;1   ;           5.554;9,09;9,11;51,09;12,79;0,91;20,08;1,27;5,54;             109,87;
05023020;Castagnaro;Verona;1   ;           3.558;13,06;7,63;40,88;22,92;4,91;25,65;2,82;4,75;             122,62;
05023021;Castel d'Azzano;Verona;1   ;          12.017;8,56;14,07;34,03;15,90;11,75;16,95;4,47;0,56;             106,29;
05023022;Castelnuovo del Garda;Verona;1   ;          13.184;5,30;21,42;48,06;20,34;9,93;22,66;2,77;;             130,48;
05023023;Cavaion Veronese;Verona;1   ;           6.055;5,99;13,10;40,65;19,59;25,08;26,53;7,32;0,26;             138,53;
05023024;Cazzano di Tramigna;Verona;1   ;           1.502;9,33;16,19;33,35;16,19;1,43;21,09;14,79;0,43;             112,80;
05023025;Cerea;Verona;1   ;          16.801;7,24;12,68;37,31;8,80;10,83;15,66;14,98;;             107,49;
05023026;Cerro Veronese;Verona;1   ;           2.622;17,03;34,12;43,42;11,97;3,74;9,24;1,60;33,05;             154,17;
05023027;Cologna Veneta;Verona;1   ;           8.360;6,93;11,94;24,55;18,23;9,80;13,17;12,52;;              97,14;
05023028;Colognola ai Colli;Verona;1   ;           8.727;5,08;14,46;46,33;19,98;4,12;18,29;2,14;;             110,40;
05023029;Concamarise;Verona;1   ;           1.053;8,20;11,80;64,34;14,38;3,94;19,26;0,97;5,03;             127,93;
05023030;Costermano;Verona;1   ;           3.974;13,37;22,38;65,39;21,97;12,17;31,59;23,45;1,26;             191,57;
05023031;Dolce;Verona;1   ;           2.487;8,30;17,69;54,29;25,92;2,72;34,78;19,46;0,44;             163,61;
05023032;Erbe;Verona;1   ;           1.878;10,26;11,94;86,13;11,86;23,56;19,01;0,83;15,18;             178,75;
05023033;Erbezzo;Verona;1   ;             801;52,06;70,50;13,90;;3,32;23,15;2,41;;             165,33;
05023034;Ferrara di Monte Baldo;Verona;1   ;             269;155,56;137,88;2,17;;2,59;112,98;41,25;;             452,43;
05023035;Fumane;Verona;1   ;           4.102;4,75;12,01;42,45;19,64;5,15;18,40;9,40;0,99;             112,79;
05023036;Garda;Verona;1   ;           4.143;24,71;35,86;83,94;34,58;60,92;51,81;17,54;1,12;             310,47;
05023037;Gazzo Veronese;Verona;1   ;           5.111;9,91;12,40;60,91;13,30;39,92;20,09;1,46;3,09;             161,10;
05023038;Grezzana;Verona;1   ;          10.722;4,35;10,64;48,62;14,70;17,22;10,54;3,39;0,31;             109,76;
05023039;Illasi;Verona;1   ;           5.145;9,89;16,82;36,95;17,42;7,47;14,94;19,64;3,28;             126,42;
05023040;Isola della Scala;Verona;1   ;          11.567;8,23;9,74;49,53;3,68;6,27;19,29;1,12;1,85;              99,71;
05023041;Isola Rizza;Verona;1   ;           3.263;10,27;9,37;59,32;13,48;18,16;16,02;0,85;7,98;             135,44;
05023042;Lavagno;Verona;1   ;           8.549;9,81;13,09;32,34;14,79;4,88;16,71;4,74;0,27;              96,62;
05023043;Lazise;Verona;1   ;           6.852;22,88;28,76;89,14;30,58;50,75;29,11;14,56;9,86;             275,62;
05023044;Legnago;Verona;1   ;          25.366;10,18;16,67;43,69;21,40;20,10;20,58;18,09;;             150,72;
05023045;Malcesine;Verona;1   ;           3.603;35,10;54,80;137,53;27,67;46,48;44,29;59,55;3,82;             409,24;
05023046;Marano di Valpolicella;Verona;1   ;           3.086;5,17;8,82;40,78;15,52;6,50;19,84;21,57;0,30;             118,49;
05023047;Mezzane di Sotto;Verona;1   ;           2.551;5,39;16,68;37,61;12,50;4,08;16,32;2,22;0,27;              95,07;
05023048;Minerbe;Verona;1   ;           4.574;6,36;11,82;29,65;26,33;5,52;14,57;12,78;;             107,04;
05023049;Montecchia di Crosara;Verona;1   ;           4.206;6,22;17,19;41,73;15,85;1,19;13,78;6,99;0,28;             103,23;
05023050;Monteforte d'Alpone;Verona;1   ;           8.932;8,34;14,23;34,33;17,30;2,66;13,93;2,47;0,54;              93,80;
05023051;Mozzecane;Verona;1   ;           8.107;7,82;16,45;35,84;16,87;7,29;13,51;4,69;0,95;             103,42;
05023052;Negrar;Verona;1   ;          16.573;6,30;10,73;43,83;17,03;9,25;17,33;7,44;0,78;             112,70;
05023053;Nogara;Verona;1   ;           8.212;12,99;12,82;55,85;14,25;25,26;21,19;1,51;1,24;             145,11;
05023054;Nogarole Rocca;Verona;1   ;           3.829;8,31;13,09;52,32;14,21;24,58;19,36;1,24;12,45;             145,56;
05023055;Oppeano;Verona;1   ;          10.279;9,89;10,21;52,88;13,61;0,04;16,28;0,94;4,63;             108,48;
05023056;Palu;Verona;1   ;           1.174;8,00;10,44;70,20;14,14;0,17;19,34;1,07;8,82;             132,18;
05023057;Pastrengo;Verona;1   ;           3.062;9,24;17,32;36,89;16,87;6,36;19,22;10,14;2,52;             118,56;
05023058;Pescantina;Verona;1   ;          17.425;5,57;12,71;31,00;19,07;8,15;14,60;5,46;1,13;              97,69;
05023059;Peschiera del Garda;Verona;1   ;          10.961;16,54;28,05;55,13;29,25;33,50;27,98;7,28;1,50;             199,22;
05023060;Povegliano Veronese;Verona;1   ;           7.333;5,15;13,47;24,95;16,05;7,61;19,19;11,40;0,23;              98,04;
05023061;Pressana;Verona;1   ;           2.474;7,53;13,35;25,25;18,08;2,18;13,17;17,84;;              97,40;
05023062;Rivoli Veronese;Verona;1   ;           2.195;7,89;11,95;33,81;16,88;8,21;20,36;8,08;3,00;             110,17;
05023063;Ronca ;Verona;1   ;           3.781;8,02;11,81;40,77;13,84;1,16;16,72;4,83;0,28;              97,43;
05023064;Ronco all'Adige;Verona;1   ;           5.982;7,84;12,19;52,55;12,61;1,01;16,02;0,93;1,07;             104,21;
05023065;Roverchiara;Verona;1   ;           2.558;7,28;11,03;64,14;16,87;1,55;21,48;1,04;5,87;             129,25;
05023067;Rovere Veronese;Verona;1   ;           2.119;18,59;43,34;13,78;11,27;0,05;15,01;7,00;31,85;             140,89;
05023066;Roveredo di Gua ;Verona;1   ;           1.638;6,13;8,25;26,84;17,29;1,01;11,82;6,97;;              78,31;
05023068;Salizzole;Verona;1   ;           3.743;6,12;9,88;48,23;12,21;0,78;18,96;1,00;5,89;             103,07;
05023069;San Bonifacio;Verona;1   ;          21.418;12,31;3,46;37,21;6,61;19,64;11,96;9,01;4,68;             104,89;
05023070;San Giovanni Ilarione;Verona;1   ;           4.886;6,22;10,10;34,08;15,17;1,21;8,95;2,32;0,23;              78,29;
05023071;San Giovanni Lupatoto;Verona;1   ;          25.341;13,90;13,58;75,04;11,71;;2,39;2,30;0,04;             118,96;
05023073;San Martino Buon Albergo;Verona;1   ;          16.233;6,44;14,16;43,09;19,61;14,56;19,98;3,45;12,86;             134,15;
05023074;San Mauro di Saline;Verona;1   ;             575;18,70;43,59;5,89;12,32;0,05;35,40;2,41;36,49;             154,85;
05023075;San Pietro di Morubio;Verona;1   ;           3.055;5,47;8,11;47,43;13,94;2,28;18,94;0,95;8,91;             106,02;
05023076;San Pietro in Cariano;Verona;1   ;          12.952;9,21;11,59;31,33;20,02;7,85;16,42;16,64;0,36;             113,42;
05023079;San Zeno di Montagna;Verona;1   ;           1.464;17,21;25,84;65,78;24,32;20,54;57,07;25,21;1,09;             237,07;
05023072;Sanguinetto;Verona;1   ;           4.148;7,18;12,82;32,40;22,28;11,66;16,44;10,96;;             113,74;
05023077;Sant'Ambrogio di Valpolicella;Verona;1   ;          11.846;4,89;8,08;29,12;18,96;11,59;13,23;5,16;0,27;              91,30;
05023078;Sant'Anna d'Alfaedo;Verona;1   ;           2.573;25,91;44,59;16,20;;3,12;19,58;4,34;8,89;             122,63;
05023080;Selva di Progno;Verona;1   ;             904;20,81;18,39;69,93;15,28;10,20;35,08;5,60;0,52;             175,83;
05023081;Soave;Verona;1   ;           7.152;8,48;15,16;36,27;17,06;4,79;10,92;6,20;0,36;              99,23;
05023082;Sommacampagna;Verona;1   ;          14.460;3,32;9,33;33,21;17,29;14,79;19,20;12,92;13,42;             123,50;
05023083;Sona;Verona;1   ;          17.537;6,20;10,82;29,94;15,21;5,71;15,83;7,59;3,87;              95,17;
05023084;Sorga ;Verona;1   ;           2.924;6,48;11,49;53,12;13,86;4,62;19,17;1,31;13,81;             123,86;
05023085;Terrazzo;Verona;1   ;           2.131;8,61;11,14;61,19;14,82;33,26;16,40;1,14;7,88;             154,44;
05023086;Torri del Benaco;Verona;1   ;           2.927;42,81;40,42;140,23;20,27;53,56;67,22;34,24;;             398,75;
05023087;Tregnago;Verona;1   ;           5.003;10,74;18,03;34,86;16,46;1,18;12,14;9,68;0,27;             103,36;
05023088;Trevenzuolo;Verona;1   ;           2.752;7,23;13,19;53,66;11,84;29,33;19,78;1,28;1,18;             137,50;
05023089;Valeggio sul Mincio;Verona;1   ;          15.943;14,49;19,95;40,67;15,79;12,88;17,58;6,92;0,50;             128,79;
05023090;Velo Veronese;Verona;1   ;             782;18,19;42,41;5,69;11,51;0,05;27,71;10,12;37,49;             153,17;
05023091;Verona;Verona;1   ;         255.588;15,21;34,94;28,67;15,22;27,55;39,66;18,26;3,07;             182,58;
05023092;Veronella;Verona;1   ;           5.122;6,30;11,81;26,70;15,77;2,01;13,03;6,20;;              81,82;
05023093;Vestenanova;Verona;1   ;           2.491;9,32;18,27;52,82;13,07;5,80;26,36;2,55;0,35;             128,53;
05023094;Vigasio;Verona;1   ;          10.229;6,45;10,14;46,52;12,66;2,57;17,92;1,07;1,11;              98,44;
05023095;Villa Bartolomea;Verona;1   ;           5.815;7,13;10,74;37,84;13,43;6,98;11,87;13,84;;             101,83;
05023096;Villafranca di Verona;Verona;1   ;          32.997;8,96;15,12;48,19;19,33;21,47;15,12;19,56;2,15;             149,91;
05023097;Zevio;Verona;1   ;          15.579;4,80;17,12;39,88;13,94;7,01;13,39;5,15;;             101,28;
05023098;Zimella;Verona;1   ;           4.855;5,91;9,90;21,39;19,29;1,52;10,46;10,81;;              79,28;
18102005;Capistrano;Vibo Valentia;1   ;             977;;72,09;;1,83;;29,48;;;             103,40;
18102007;Dasa ;Vibo Valentia;1   ;           1.105;16,21;17,70;37,15;0,70;0,68;27,52;12,66;1,33;             113,95;
18102009;Drapia;Vibo Valentia;1   ;           2.076;19,98;38,65;31,28;17,53;15,05;37,44;3,06;;             163,00;
18102011;Filadelfia;Vibo Valentia;1   ;           4.967;12,86;36,89;23,71;;13,87;24,67;5,86;;             117,85;
18102012;Filandari;Vibo Valentia;1   ;           1.764;51,50;42,27;11,80;;5,47;62,57;0,54;;             174,14;
18102013;Filogaso;Vibo Valentia;1   ;           1.344;33,14;31,34;18,49;;2,06;13,41;0,37;;              98,82;
18102016;Gerocarne;Vibo Valentia;1   ;           1.928;8,83;25,13;20,66;0,21;13,38;17,73;13,02;;              98,96;
18102017;Ionadi;Vibo Valentia;1   ;           4.556;15,41;64,68;19,15;21,57;9,89;7,24;;;             137,95;
18102019;Limbadi;Vibo Valentia;1   ;           3.210;16,59;34,59;25,59;12,22;24,47;11,00;7,61;;             132,07;
18102020;Maierato;Vibo Valentia;1   ;           2.075;29,82;86,44;33,01;4,06;3,38;15,52;21,38;10,82;             204,43;
18102021;Mileto;Vibo Valentia;1   ;           6.335;37,22;55,41;46,75;;5,16;6,33;22,17;;             173,04;
18102022;Mongiana;Vibo Valentia;1   ;             632;12,39;27,12;30,76;;0,71;4,85;7,42;;              83,26;
18102024;Nardodipace;Vibo Valentia;1   ;           1.087;78,73;;37,26;;20,24;34,04;;;             170,27;
18102025;Nicotera;Vibo Valentia;1   ;           5.859;6,67;47,93;36,43;8,56;18,47;56,06;;;             174,13;
18102026;Parghelia;Vibo Valentia;1   ;           1.274;75,44;144,19;75,44;33,31;26,62;5,59;0,69;;             361,28;
18102027;Pizzo;Vibo Valentia;1   ;           8.766;23,02;15,26;152,13;32,29;58,22;12,59;39,45;;             332,96;
18102031;Rombiolo;Vibo Valentia;1   ;           4.294;9,11;;25,46;9,57;0,85;8,86;;;              53,87;
18102032;San Calogero;Vibo Valentia;1   ;           3.890;10,82;25,78;21,19;11,79;13,82;17,52;20,35;;             121,27;
18102035;San Nicola da Crissa;Vibo Valentia;1   ;           1.220;12,75;40,98;11,48;;;6,97;;;              72,17;
18102037;Serra San Bruno;Vibo Valentia;1   ;           6.289;16,17;61,58;70,69;;20,72;14,29;2,16;;             185,62;
18102038;Simbario;Vibo Valentia;1   ;             900;33,39;47,08;17,15;;8,60;5,45;1,00;;             112,67;
18102039;Sorianello;Vibo Valentia;1   ;           1.099;56,23;42,89;5,95;0,39;5,11;6,55;8,38;;             125,51;
18102042;Spilinga;Vibo Valentia;1   ;           1.349;8,93;40,08;16,12;13,71;4,46;18,27;1,85;;             103,41;
18102044;Tropea;Vibo Valentia;1   ;           5.833;28,01;116,93;16,98;23,99;38,91;50,00;2,85;;             277,66;
18102045;Vallelonga;Vibo Valentia;1   ;             749;17,42;25,37;16,62;19,36;6,41;4,01;;;              89,19;
18102047;Vibo Valentia;Vibo Valentia;1   ;          31.092;9,56;58,07;52,74;3,07;36,25;28,84;10,87;;             199,40;
05024002;Albettone;Vicenza;1   ;           1.964;11,79;10,90;19,77;11,80;4,30;13,51;18,69;;              90,76;
05024003;Alonte;Vicenza;1   ;           1.580;18,56;;25,73;16,42;8,25;6,55;15,98;;              91,49;
05024004;Altavilla Vicentina;Vicenza;1   ;          11.868;6,81;6,45;48,26;20,55;10,22;19,17;14,02;1,13;             126,61;
05024005;Altissimo;Vicenza;1   ;           2.133;9,33;9,27;21,37;6,06;1,68;13,86;2,79;0,51;              64,87;
05024006;Arcugnano;Vicenza;1   ;           7.674;28,13;;22,90;15,92;1,58;9,66;9,85;;              88,03;
05024007;Arsiero;Vicenza;1   ;           3.021;9,71;2,19;32,17;23,81;14,76;18,40;20,60;0,20;             121,85;
05024008;Arzignano;Vicenza;1   ;          25.280;10,36;11,57;47,55;11,99;14,31;12,06;7,86;0,90;             116,61;
05024124;Barbarano Mossano;Vicenza;1   ;           6.161;11,86;1,97;20,68;23,98;7,63;19,51;4,13;1,62;              91,38;
05024013;Bolzano Vicentino;Vicenza;1   ;           6.496;11,08;8,66;39,45;18,39;4,41;14,45;3,50;0,87;             100,80;
05024014;Breganze;Vicenza;1   ;           8.352;14,09;1,86;33,55;18,02;4,83;16,16;8,33;0,17;              97,03;
05024015;Brendola;Vicenza;1   ;           6.671;12,97;11,09;36,10;10,48;7,29;20,18;21,47;0,88;             120,46;
05024016;Bressanvido;Vicenza;1   ;           3.149;8,39;6,08;41,21;17,40;3,04;18,55;6,15;0,93;             101,74;
05024017;Brogliano;Vicenza;1   ;           4.004;11,94;8,91;25,49;8,71;1,21;17,81;13,68;0,61;              88,36;
05024018;Caldogno;Vicenza;1   ;          11.297;6,78;5,72;28,42;17,30;7,84;20,55;10,95;0,87;              98,43;
05024019;Caltrano;Vicenza;1   ;           2.497;9,21;1,58;23,19;19,78;4,06;12,85;14,77;0,18;              85,62;
05024020;Calvene;Vicenza;1   ;           1.280;7,61;1,72;25,21;20,43;5,40;17,24;9,66;0,19;              87,47;
05024021;Camisano Vicentino;Vicenza;1   ;          11.124;10,14;7,26;37,50;19,04;2,90;16,49;5,93;0,91;             100,16;
05024022;Campiglia dei Berici;Vicenza;1   ;           1.663;10,88;11,86;43,66;1,73;4,94;15,28;2,21;;              90,57;
05024024;Carre;Vicenza;1   ;           3.504;12,48;2,14;31,41;25,46;5,85;15,49;15,04;0,23;             108,09;
05024027;Castegnero;Vicenza;1   ;           2.831;5,82;3,68;32,85;16,60;0,55;16,93;5,15;0,74;              82,32;
05024028;Castelgomberto;Vicenza;1   ;           6.127;10,89;10,89;34,59;10,07;6,17;12,47;7,91;0,77;              93,76;
05024029;Chiampo;Vicenza;1   ;          12.531;9,02;9,92;35,56;10,98;3,50;11,71;20,65;0,72;             102,06;
05024030;Chiuppano;Vicenza;1   ;           2.528;11,44;1,96;28,79;21,59;14,43;17,22;32,58;0,18;             128,20;
05024032;Cogollo del Cengio;Vicenza;1   ;           3.115;10,09;1,73;25,39;19,34;10,22;22,08;8,43;0,16;              97,44;
05024126;Colceresa;Vicenza;1   ;           5.901;13,89;5,06;26,05;26,74;;4,71;4,19;0,78;              81,42;
05024034;Cornedo Vicentino;Vicenza;1   ;          11.678;10,59;9,68;33,16;9,47;5,15;11,51;7,98;0,73;              88,27;
05024035;Costabissara;Vicenza;1   ;           7.647;7,29;1,85;49,81;0,27;9,89;10,67;1,80;;              81,58;
05024036;Creazzo;Vicenza;1   ;          11.160;10,63;10,40;34,10;9,83;5,03;14,38;11,40;0,75;              96,52;
05024037;Crespadoro;Vicenza;1   ;           1.260;26,88;12,87;57,38;7,33;10,49;31,04;10,14;0,88;             157,01;
05024038;Dueville;Vicenza;1   ;          13.576;8,64;9,50;48,54;17,94;6,39;22,22;14,18;1,15;             128,57;
05024040;Fara Vicentino;Vicenza;1   ;           3.700;10,28;1,77;25,88;19,19;8,25;12,28;8,63;0,18;              86,45;
05024043;Gambellara;Vicenza;1   ;           3.426;6,95;11,72;32,31;9,88;1,46;10,88;3,02;0,67;              76,89;
05024044;Gambugliano;Vicenza;1   ;             847;17,92;8,22;61,56;6,47;;11,23;5,73;10,22;             121,35;
05024046;Grisignano di Zocco;Vicenza;1   ;           4.297;7,49;5,72;43,01;19,81;1,78;15,10;5,39;0,90;              99,19;
05024047;Grumolo delle Abbadesse;Vicenza;1   ;           3.830;9,52;7,21;36,14;18,28;2,86;18,08;5,17;0,89;              98,16;
05024048;Isola Vicentina;Vicenza;1   ;          10.228;5,42;5,56;28,88;15,88;2,39;14,81;12,94;0,79;              86,67;
05024050;Lastebasse;Vicenza;1   ;             195;69,50;3,73;54,72;36,86;13,58;43,98;30,72;0,31;             253,41;
05024051;Longare;Vicenza;1   ;           5.499;5,10;5,65;32,60;15,13;1,79;27,77;4,70;0,83;              93,57;
05024052;Lonigo;Vicenza;1   ;          15.847;10,77;;31,08;19,95;17,43;6,73;1,99;0,28;              88,24;
05024053;Lugo di Vicenza;Vicenza;1   ;           3.560;11,81;2,03;29,74;20,13;8,28;20,11;8,03;0,18;             100,30;
05024055;Malo;Vicenza;1   ;          14.654;12,26;2,08;30,48;21,89;4,80;15,64;10,93;0,16;              98,23;
05024056;Marano Vicentino;Vicenza;1   ;           9.285;10,20;1,75;;;6,92;16,49;7,98;0,09;              43,44;
05024057;Marostica;Vicenza;1   ;          13.940;8,16;;31,06;27,19;10,30;4,40;2,96;0,74;              84,82;
05024063;Monte di Malo;Vicenza;1   ;           2.803;10,58;1,82;26,64;18,95;6,29;14,50;10,82;0,16;              89,75;
05024060;Montebello Vicentino;Vicenza;1   ;           6.321;10,88;12,31;35,74;11,12;6,35;13,40;22,68;0,79;             113,26;
05024061;Montecchio Maggiore;Vicenza;1   ;          23.351;8,69;11,51;45,63;11,35;19,96;12,57;11,50;1,01;             122,22;
05024062;Montecchio Precalcino;Vicenza;1   ;           4.938;4,97;7,72;31,82;15,58;2,18;16,19;18,30;0,89;              97,65;
05024064;Montegalda;Vicenza;1   ;           3.353;7,04;6,98;34,88;17,77;6,50;20,52;5,24;0,91;              99,85;
05024065;Montegaldella;Vicenza;1   ;           1.791;7,79;4,57;43,82;17,89;0,22;18,13;5,46;0,92;              98,79;
05024066;Monteviale;Vicenza;1   ;           2.792;12,44;9,49;32,20;8,75;2,37;13,48;10,73;0,73;              90,18;
05024067;Monticello Conte Otto;Vicenza;1   ;           9.029;6,08;6,85;32,13;17,20;3,13;22,09;12,64;0,89;             100,99;
05024068;Montorso Vicentino;Vicenza;1   ;           3.029;9,20;10,63;34,52;9,14;3,51;11,69;7,64;0,72;              87,06;
05024071;Nanto;Vicenza;1   ;           3.094;11,18;10,87;19,97;10,59;4,62;10,79;6,80;;              74,82;
05024072;Nogarole Vicentino;Vicenza;1   ;           1.237;15,77;9,63;11,83;6,97;7,70;28,99;3,34;0,50;              84,73;
05024074;Noventa Vicentina;Vicenza;1   ;           8.952;21,23;14,61;33,26;0,97;6,03;6,32;6,61;2,35;              91,38;
05024075;Orgiano;Vicenza;1   ;           2.997;8,60;9,84;39,48;2,23;4,78;6,45;12,14;;              83,52;
05024076;Pedemonte;Vicenza;1   ;             665;13,75;2,36;34,61;35,17;5,30;22,93;17,70;0,34;             132,16;
05024077;Pianezze;Vicenza;1   ;           2.169;13,76;8,76;38,04;17,91;;5,22;4,69;0,95;              89,33;
05024078;Piovene Rocchette;Vicenza;1   ;           8.257;11,28;1,94;28,40;20,63;5,09;22,96;18,97;0,14;             109,41;
05024080;Posina;Vicenza;1   ;             568;12,46;2,81;41,20;29,40;8,30;107,24;27,28;0,32;             229,02;
05024083;Quinto Vicentino;Vicenza;1   ;           5.832;8,05;6,35;31,82;17,89;1,71;14,99;5,00;0,79;              86,60;
05024084;Recoaro Terme;Vicenza;1   ;           5.965;15,77;11,81;31,85;8,15;3,64;13,65;7,57;0,84;              93,27;
05024090;Salcedo;Vicenza;1   ;           1.011;8,22;1,86;27,22;16,41;9,00;25,51;14,25;0,16;             102,62;
05024094;San Pietro Mussolino;Vicenza;1   ;           1.546;12,73;10,71;36,65;6,93;4,42;17,12;7,76;0,68;              97,00;
05024096;San Vito di Leguzzano;Vicenza;1   ;           3.558;11,85;2,04;29,82;20,60;7,20;16,10;8,72;0,13;              96,44;
05024091;Sandrigo;Vicenza;1   ;           8.271;9,33;7,69;35,29;13,77;2,47;25,41;5,86;0,93;             100,76;
05024095;Santorso;Vicenza;1   ;           5.574;12,04;2,07;36,44;23,99;9,30;22,06;11,38;0,20;             117,49;
05024097;Sarcedo;Vicenza;1   ;           5.299;8,75;1,57;26,48;15,76;6,22;13,28;10,55;0,10;              82,72;
05024100;Schio;Vicenza;1   ;          38.580;14,80;2,25;39,67;21,65;8,55;15,64;13,33;0,13;             116,02;
05024102;Sossano;Vicenza;1   ;           4.134;10,04;12,27;33,10;3,65;4,37;9,14;2,10;;              74,66;
05024103;Sovizzo;Vicenza;1   ;           7.440;10,93;9,20;33,30;10,62;4,11;11,20;3,59;0,73;              83,68;
05024105;Thiene;Vicenza;1   ;          23.794;16,23;2,37;34,72;29,73;7,63;17,38;16,84;0,24;             125,14;
05024106;Tonezza del Cimone;Vicenza;1   ;             500;18,77;4,24;62,16;48,98;34,40;54,06;41,76;0,49;             264,88;
05024107;Torrebelvicino;Vicenza;1   ;           5.816;11,04;1,77;25,89;19,63;5,99;18,79;14,01;0,15;              97,27;
05024108;Torri di Quartesolo;Vicenza;1   ;          11.680;11,84;9,52;51,06;22,74;6,74;14,21;6,26;1,13;             123,51;
05024110;Trissino;Vicenza;1   ;           8.619;11,93;10,14;35,86;10,87;5,46;14,02;8,64;0,82;              97,72;
05024123;Val Liona;Vicenza;1   ;           3.072;25,71;;20,28;12,19;1,15;8,55;23,00;;              90,87;
05024111;Valdagno;Vicenza;1   ;          25.601;14,14;11,09;49,31;9,20;14,98;20,48;17,39;0,85;             137,45;
05024113;Valli del Pasubio;Vicenza;1   ;           3.055;7,94;1,79;26,30;26,55;6,13;30,78;9,38;0,32;             109,20;
05024115;Velo d'Astico;Vicenza;1   ;           2.224;7,67;1,73;25,41;20,34;22,30;15,09;11,95;0,18;             104,68;
05024116;Vicenza;Vicenza;1   ;         109.823;16,67;27,71;33,46;31,79;40,31;13,33;29,16;6,34;             198,76;
05024117;Villaga;Vicenza;1   ;           1.890;11,63;;31,43;12,34;3,15;13,74;9,39;;              81,69;
05024118;Villaverla;Vicenza;1   ;           6.034;10,76;1,85;27,08;18,45;4,39;17,47;12,15;0,09;              92,23;
05024119;Zane;Vicenza;1   ;           6.603;13,39;2,30;33,71;27,38;6,28;15,21;14,00;0,20;             112,47;
05024120;Zermeghedo;Vicenza;1   ;           1.324;14,83;11,32;55,87;12,22;6,75;28,78;6,39;1,03;             137,18;
05024121;Zovencedo;Vicenza;1   ;             803;18,67;;22,80;10,86;4,17;5,46;0,97;;              62,92;
05024122;Zugliano;Vicenza;1   ;           6.852;9,55;1,64;24,05;19,35;7,89;16,11;8,76;0,14;              87,49;
12056001;Acquapendente;Viterbo;1   ;           5.266;16,57;0,20;43,30;15,49;27,03;5,70;9,50;;             117,80;
12056004;Barbarano Romano;Viterbo;1   ;           1.004;38,65;39,99;24,06;;27,67;13,29;1,23;;             144,89;
12056006;Bassano in Teverina;Viterbo;1   ;           1.260;17,27;6,42;86,31;0,87;39,76;16,48;11,86;;             178,96;
12056005;Bassano Romano;Viterbo;1   ;           4.600;25,11;25,47;52,87;10,99;12,68;17,53;16,04;;             160,69;
12056007;Blera;Viterbo;1   ;           2.959;17,07;85,48;;19,89;;5,37;1,57;2,20;             131,58;
12056008;Bolsena;Viterbo;1   ;           3.708;30,88;42,16;37,22;1,84;47,90;23,60;12,11;;             195,72;
12056009;Bomarzo;Viterbo;1   ;           1.674;4,71;31,27;51,69;;16,82;9,95;20,75;;             135,19;
12056010;Calcata;Viterbo;1   ;             905;5,10;17,94;23,81;13,22;5,68;50,28;19,92;;             135,94;
12056011;Canepina;Viterbo;1   ;           2.913;15,97;18,39;63,89;5,68;48,04;16,11;17,97;;             186,05;
12056012;Canino;Viterbo;1   ;           5.029;17,59;11,06;56,99;13,74;27,21;24,76;17,83;;             169,16;
12056014;Capranica;Viterbo;1   ;           6.302;28,67;10,00;67,25;1,46;4,78;22,38;27,80;;             162,35;
12056015;Caprarola;Viterbo;1   ;           5.155;54,32;1,65;53,85;21,57;16,64;19,53;21,26;;             188,83;
12056016;Carbognano;Viterbo;1   ;           1.940;23,97;16,15;32,72;5,18;11,14;30,52;14,36;;             134,04;
12056017;Castel Sant'Elia;Viterbo;1   ;           2.453;4,45;14,27;22,17;16,88;18,18;25,62;23,82;4,78;             130,16;
12056019;Celleno;Viterbo;1   ;           1.309;17,95;16,08;43,51;13,88;;10,93;11,42;;             113,77;
12056021;Civita Castellana;Viterbo;1   ;          15.247;13,89;20,74;79,51;20,08;16,43;13,82;11,39;12,33;             188,20;
12056023;Corchiano;Viterbo;1   ;           3.580;9,21;6,37;41,12;15,85;27,34;20,27;5,73;20,64;             146,52;
12056024;Fabrica di Roma;Viterbo;1   ;           8.217;10,35;12,74;38,22;35,31;8,68;23,79;63,62;;             192,71;
12056025;Faleria;Viterbo;1   ;           1.977;7,17;;35,95;;18,26;10,37;8,25;;              80,01;
12056027;Gallese;Viterbo;1   ;           2.577;27,51;24,28;65,00;16,91;24,94;11,74;0,43;;             170,82;
12056028;Gradoli;Viterbo;1   ;           1.249;28,63;1,52;74,29;16,63;0,01;21,33;53,60;;             196,02;
12056029;Graffignano;Viterbo;1   ;           2.097;17,48;;23,79;15,07;26,72;99,46;16,28;;             198,80;
12056030;Grotte di Castro;Viterbo;1   ;           2.361;41,27;0,73;71,74;17,34;29,37;26,29;21,39;;             208,13;
12056031;Ischia di Castro;Viterbo;1   ;           2.137;15,43;36,50;22,46;;11,76;28,98;0,65;;             115,78;
12056032;Latera;Viterbo;1   ;             766;18,60;28,89;28,01;16,30;33,22;25,61;32,81;;             183,44;
12056033;Lubriano;Viterbo;1   ;             864;31,96;31,08;46,43;8,21;;18,35;54,28;;             190,30;
12056034;Marta;Viterbo;1   ;           3.238;17,70;18,81;56,33;17,66;24,88;14,44;9,33;;             159,16;
12056035;Montalto di Castro;Viterbo;1   ;           8.725;25,35;28,07;113,91;44,62;44,50;23,63;25,04;;             305,12;
12056037;Monte Romano;Viterbo;1   ;           1.877;14,40;14,63;63,02;10,59;18,23;14,60;20,60;;             156,06;
12056038;Monterosi;Viterbo;1   ;           4.824;14,61;15,97;48,18;20,91;20,56;2,01;;;             122,24;
12056039;Nepi;Viterbo;1   ;           9.381;15,34;14,56;44,09;23,07;20,09;35,11;20,99;;             173,24;
12056040;Onano;Viterbo;1   ;             898;35,78;0,11;63,46;14,12;32,36;46,34;0,61;;             192,78;
12056043;Piansano;Viterbo;1   ;           1.927;13,94;14,27;53,87;16,00;3,92;12,57;11,12;1,70;             127,40;
12056044;Proceno;Viterbo;1   ;             519;7,71;52,76;30,39;12,97;112,90;30,08;31,35;;             278,15;
12056045;Ronciglione;Viterbo;1   ;           8.447;;21,59;;25,16;;7,65;11,74;;              66,14;
12056047;San Lorenzo Nuovo;Viterbo;1   ;           2.011;19,12;29,44;40,13;15,87;34,32;18,15;10,71;0,99;             168,74;
12056048;Soriano nel Cimino;Viterbo;1   ;           7.954;4,63;21,53;52,18;21,86;18,35;21,03;4,88;;             144,47;
12056049;Sutri;Viterbo;1   ;           6.663;11,96;66,25;72,33;;;3,68;17,36;;             171,59;
12056050;Tarquinia;Viterbo;1   ;          15.942;18,49;50,63;40,74;31,74;24,08;54,60;29,84;;             250,12;
12056052;Tuscania;Viterbo;1   ;           8.220;10,90;;19,82;59,75;18,34;12,30;25,97;;             147,09;
12056053;Valentano;Viterbo;1   ;           2.729;24,11;18,54;41,76;13,72;18,53;24,05;24,45;0,73;             165,89;
12056054;Vallerano;Viterbo;1   ;           2.403;11,31;8,40;65,84;31,28;31,57;19,39;2,55;;             170,33;
12056055;Vasanello;Viterbo;1   ;           3.987;7,97;12,88;46,38;31,05;25,89;4,38;0,39;;             128,95;
12056056;Vejano;Viterbo;1   ;           2.143;14,08;14,89;55,57;10,88;13,95;17,08;11,89;;             138,34;
12056057;Vetralla;Viterbo;1   ;          13.279;20,94;63,66;13,59;0,39;19,25;33,85;31,55;4,87;             188,09;
12056058;Vignanello;Viterbo;1   ;           4.279;6,51;32,25;35,33;21,01;40,77;6,97;2,55;;             145,39;
12056046;Villa San Giovanni in Tuscia;Viterbo;1   ;           1.196;27,80;38,07;5,54;0,84;28,47;14,95;10,67;2,51;             128,85;
12056059;Viterbo;Viterbo;1   ;          65.949;13,95;25,61;55,50;16,01;21,24;22,48;38,18;;             192,98;
12056060;Vitorchiano;Viterbo;1   ;           5.256;7,85;10,09;36,39;14,20;19,29;33,80;50,04;0,95;             172,61;

NB: i dati riportati in tabella si riferiscono esclusivamente ai costi sostenuti dagli enti locali per il servizio di gestione dei rifiuti urbani e assimilati e non tengono, pertanto, conto dei proventi ottenuti dalla vendita di materiali e di energia derivanti dai rifiuti.
		
	Legenda: codifiche delle voci di costo riportate nelle tabelle dal 2020;
	CRT ab: Costi di raccolta e trasporto dei rifiuti urbani indifferenziati (euro/abitante x anno)
	CTS ab: Costi di trattamento e smaltimento dei rifiuti urbani indifferenziati (euro/abitante x anno)
	CRD ab:	Costi di raccolta e trasporto dei rifiuti urbani differenziati (euro/abitante x anno)
	CTR ab: Costi di trattamento e riciclo dei rifiuti urbani differenziati (euro/abitante x anno)
	CSL ab: Costi di spazzamento e lavaggio delle strade (euro/abitante x anno)
	CC ab: Costi comuni (euro/abitante x anno)
	CK ab: Costi di remunerazione del capitale (euro/abitante x anno)
	Altri costi: Altri costi (euro/abitante x anno)
	CTOT ab: Costi totali di gestione del servizio di igiene urbana (euro/abitante x anno)
	CRT kg: Costi di raccolta e trasporto dei rifiuti urbani indifferenziati (eurocentesimi/kg)
	CRD kg: Costi di raccolta e trasporto dei rifiuti urbani differenziati (eurocentesimi/kg)
	CSL kg:	Costi di spazzamento e lavaggio delle strade (eurocentesimi/kg)
	CC kg: Costi comuni (eurocentesimi/kg)
	CK kg:Costi di remunerazione del capitale (eurocentesimi/kg)
	CTOT kg:Costi totali di gestione del servizio di igiene urbana (eurocentesimi/kg)
	
	Legenda: codifiche delle voci di costo riportate nelle tabelle fino al 2019;
	CRT ab: Costi di raccolta e trasporto dei rifiuti urbani indifferenziati (euro/abitante x anno)
	CTS ab: Costi di trattamento e smaltimento dei rifiuti urbani indifferenziati (euro/abitante x anno)
	CAC ab:	Altri costi di gestione dei rifiuti urbani indifferenziati (euro/abitante x anno)
	CGIND ab: Costi totale di gestione dei rifiuti urbani indifferenziati (euro/abitante x anno)
	CRD ab:	Costi di raccolta e trasporto dei rifiuti urbani differenziati (euro/abitante x anno)
	CTR ab: Costi di trattamento e riciclo dei rifiuti urbani differenziati (euro/abitante x anno)
	CGD ab:	Costi totali di gestione  dei rifiuti urbani differenziati (euro/abitante x anno)
	CSL ab: Costi di spazzamento e lavaggio delle strade (euro/abitante x anno)
	CC ab: Costi comuni (euro/abitante x anno)
	CK ab: Costi di remunerazione del capitale (euro/abitante x anno)
	CTOT ab: Costi totali di gestione del servizio di igiene urbana (euro/abitante x anno)
	CRT kg: Costi di raccolta e trasporto dei rifiuti urbani indifferenziati (eurocentesimi/kg)
	CTS kg:	Costi di trattamento e smaltimento dei rifiuti urbani indifferenziati (eurocentesimi/kg)
	CAC kg:	Altri costi di gestione dei rifiuti urbani indifferenziati (eurocentesimi/kg)
	CGIND kg: Costi totale di gestione dei rifiuti urbani indifferenziati (eurocentesimi/kg)
	CRD kg: Costi di raccolta e trasporto dei rifiuti urbani differenziati (eurocentesimi/kg)
	CTR kg:	Costi di trattamento e riciclo dei rifiuti urbani differenziati (eurocentesimi/kg)
	CGD kg:	Costi totali di gestione  dei rifiuti urbani differenziati (eurocentesimi/kg)
	CSL kg:	Costi di spazzamento e lavaggio delle strade (eurocentesimi/kg)
	CC kg: Costi comuni (eurocentesimi/kg)
	CK kg:Costi di remunerazione del capitale (eurocentesimi/kg)
	CTOT kg:Costi totali di gestione del servizio di igiene urbana (eurocentesimi/kg)

